package,seed,participant,protocol,method,eog_attenuation,preservation,mi_band_distortion,covariance,mi_kappa,erd_preservation
OPPOST,20260808,1,same_01,OPPOST-POP,0.043985420111945395,0.8489651381969452,0.03974858111331046,0.08742305621027333,0.23333333333333328,0.9737131616601271
OPPOST,20260808,1,same_01,OPPOST-MATCH,0.054000885913464344,0.8819681704044342,0.035180444944002555,0.043261912843109235,0.2666666666666667,0.9745112200230156
OPPOST,20260808,1,same_01,OPPOST-WRONG-2,0.040228722663717534,0.8316802531480789,0.04157396504337282,0.10032639452710285,0.2666666666666667,0.972749203222661
OPPOST,20260808,1,same_01,OPPOST-WRONG-3,0.03689777033840207,0.834128126502037,0.040384753757478055,0.09478095893523453,0.2666666666666667,0.9747342161906638
OPPOST,20260808,1,same_01,OPPOST-WRONG-4,0.04167240755043032,0.8462059050798416,0.03991686779586204,0.08921491092461366,0.2666666666666667,0.9741774150437867
OPPOST,20260808,1,same_01,OPPOST-WRONG-5,0.044131587125764746,0.8452145606279373,0.04014251886159846,0.09063794898463956,0.23333333333333328,0.9734189922826054
OPPOST,20260808,1,same_01,OPPOST-WRONG-6,0.04528767012868935,0.8339632302522659,0.041145875042984045,0.09261800594562353,0.30000000000000004,0.9718586139575489
OPPOST,20260808,1,same_01,OPPOST-WRONG-7,0.050053974203809845,0.8600658178329468,0.03866411162025155,0.07197139677070441,0.2666666666666667,0.9729481591624188
OPPOST,20260808,1,same_01,OPPOST-WRONG-8,0.048219487883115,0.8594710230827332,0.0388872598979687,0.0752425907255432,0.23333333333333328,0.9734231172327195
OPPOST,20260808,1,same_01,OPPOST-WRONG-9,0.047847931380790576,0.8634332716464996,0.038521101114128396,0.07102655993305579,0.33333333333333337,0.9736656507086195
OPPOST,20260808,1,same_02,OPPOST-POP,0.09988262380264015,0.791310265660286,0.044851828000864215,0.09577254621377532,0.09999999999999998,0.9685524955434199
OPPOST,20260808,1,same_02,OPPOST-MATCH,0.0986516907996904,0.7961842715740204,0.044388527118208565,0.09302592180321552,0.16666666666666663,0.9689523047393882
OPPOST,20260808,1,same_02,OPPOST-WRONG-2,0.0962132629988547,0.8017223328351974,0.044368715874569274,0.08794463248602069,0.1333333333333333,0.9680765455123066
OPPOST,20260808,1,same_02,OPPOST-WRONG-3,0.09716939865576463,0.7802799940109253,0.0454874019057841,0.10135313710587637,0.09999999999999998,0.9688748530518636
OPPOST,20260808,1,same_02,OPPOST-WRONG-4,0.10013046957898986,0.8007128238677979,0.044251420651473874,0.08628032566456373,0.09999999999999998,0.9688933524776479
OPPOST,20260808,1,same_02,OPPOST-WRONG-5,0.07438099247997512,0.7403475940227509,0.04704355646974687,0.10705159578011143,0.1333333333333333,0.9722701642704688
OPPOST,20260808,1,same_02,OPPOST-WRONG-6,-0.12600432939650122,0.48113203048706055,0.06871438453011175,0.14214302385347521,-0.10000000000000009,0.9813684514531565
OPPOST,20260808,1,same_02,OPPOST-WRONG-7,0.0998185969312477,0.7987477481365204,0.044407477578234884,0.08697622734530622,0.09999999999999998,0.9684119982571192
OPPOST,20260808,1,same_02,OPPOST-WRONG-8,0.10066146526722286,0.7888254374265671,0.0451356356250058,0.09827360479754282,0.1333333333333333,0.96816552560671
OPPOST,20260808,1,same_02,OPPOST-WRONG-9,0.10121715677096628,0.7982423007488251,0.04462233434607997,0.08917710232869444,0.09999999999999998,0.9683149119902137
OPPOST,20260808,1,same_03,OPPOST-POP,0.015658318184968156,0.6924083232879639,0.06726446423337201,0.10880561822749002,0.5,0.9562197720248446
OPPOST,20260808,1,same_03,OPPOST-MATCH,0.04490987129041363,0.770012840628624,0.0634802969325056,0.07542966798415986,0.5,0.9560368502180532
OPPOST,20260808,1,same_03,OPPOST-WRONG-2,-0.04424621873660928,0.6159262955188751,0.06894430570569711,0.1333530922134043,0.55,0.9575098865558621
OPPOST,20260808,1,same_03,OPPOST-WRONG-3,0.003048989186107881,0.664683610200882,0.06771691790822627,0.1159774572274525,0.475,0.9576108815704748
OPPOST,20260808,1,same_03,OPPOST-WRONG-4,0.025674993368556887,0.7448764145374298,0.06485032170020588,0.08587726200291194,0.525,0.9563126736686738
OPPOST,20260808,1,same_03,OPPOST-WRONG-5,-0.07178056359344837,0.4967842698097229,0.06976717465344102,0.15248327633507378,0.55,0.965981187394216
OPPOST,20260808,1,same_03,OPPOST-WRONG-6,-0.09623387279504336,0.5039949119091034,0.07262303258921773,0.1590965567095221,0.525,0.9599778474805206
OPPOST,20260808,1,same_03,OPPOST-WRONG-7,0.002173142182396587,0.7647465914487839,0.05909311747101079,0.06944825872807663,0.575,0.9594324077409802
OPPOST,20260808,1,same_03,OPPOST-WRONG-8,-0.001565637496221628,0.717938631772995,0.06538570531855455,0.09255379887793415,0.525,0.9573348599249417
OPPOST,20260808,1,same_03,OPPOST-WRONG-9,0.03894383133622087,0.7883785963058472,0.062175181863153614,0.061084487762587424,0.575,0.9568991756309001
OPPOST,20260808,2,same_01,OPPOST-POP,0.11783881820129291,0.8487705886363983,0.08458294979611349,0.1039603226900986,0.2666666666666667,0.9395828729849565
OPPOST,20260808,2,same_01,OPPOST-MATCH,0.126684267187186,0.8222807943820953,0.08887271306083697,0.12265246861269907,0.23333333333333328,0.9354398339874447
OPPOST,20260808,2,same_01,OPPOST-WRONG-1,0.08450079108127587,0.8709976375102997,0.07558673213711888,0.07506702535753355,0.16666666666666663,0.9451216303118237
OPPOST,20260808,2,same_01,OPPOST-WRONG-3,0.11802765210094446,0.8333625793457031,0.08674044866437118,0.11302486645849015,0.23333333333333328,0.937515147581256
OPPOST,20260808,2,same_01,OPPOST-WRONG-4,0.11927803085421113,0.8442882001399994,0.08542972888895803,0.10474217517506311,0.2666666666666667,0.9395798296803586
OPPOST,20260808,2,same_01,OPPOST-WRONG-5,0.11749377398385452,0.8403861075639725,0.0857508192576704,0.10825618555232229,0.23333333333333328,0.9378934496619209
OPPOST,20260808,2,same_01,OPPOST-WRONG-6,0.11386837140218833,0.8175811767578125,0.08772014282902661,0.12132561653581436,0.23333333333333328,0.93624995405948
OPPOST,20260808,2,same_01,OPPOST-WRONG-7,0.10520665187972619,0.8518217206001282,0.08216604096264256,0.09883607925159721,0.23333333333333328,0.940369878327207
OPPOST,20260808,2,same_01,OPPOST-WRONG-8,0.10461499703446017,0.8552963137626648,0.08245208832162886,0.09888768809406306,0.23333333333333328,0.9404005760106575
OPPOST,20260808,2,same_01,OPPOST-WRONG-9,0.10225572022143212,0.859385535120964,0.08158597185661381,0.09322123368592104,0.23333333333333328,0.9414089330540307
OPPOST,20260808,2,same_02,OPPOST-POP,0.07192760387398367,0.8397278785705566,0.08762362094549403,0.10663906112933151,0.19999999999999996,0.9491600023030371
OPPOST,20260808,2,same_02,OPPOST-MATCH,0.07223834984399757,0.8503921627998352,0.08537303244258876,0.09803944301618757,0.1333333333333333,0.9476035640666104
OPPOST,20260808,2,same_02,OPPOST-WRONG-1,0.06879300919027057,0.8414385616779327,0.08703961929651165,0.1031071023497816,0.19999999999999996,0.9505959584126784
OPPOST,20260808,2,same_02,OPPOST-WRONG-3,0.06977310419052729,0.8302165418863297,0.08854064719258717,0.1144689373405187,0.16666666666666663,0.9490317687728383
OPPOST,20260808,2,same_02,OPPOST-WRONG-4,0.06956597150863134,0.8456031978130341,0.08663943647595647,0.10029443240399444,0.06666666666666665,0.9496767297464759
OPPOST,20260808,2,same_02,OPPOST-WRONG-5,0.06440937360503421,0.7934955209493637,0.09357663820896545,0.12288453552255378,0.16666666666666663,0.9532108305738312
OPPOST,20260808,2,same_02,OPPOST-WRONG-6,-0.057615046213255416,0.5981822609901428,0.1162283780714297,0.16284471951948876,0.19999999999999996,0.9747258712582224
OPPOST,20260808,2,same_02,OPPOST-WRONG-7,0.0710514907072475,0.8465636074542999,0.08657269788042125,0.10016569681381705,0.09999999999999998,0.9485518429647006
OPPOST,20260808,2,same_02,OPPOST-WRONG-8,0.07034263495049717,0.8375421315431595,0.08816795225902904,0.10998903898547852,0.1333333333333333,0.9484883950487337
OPPOST,20260808,2,same_02,OPPOST-WRONG-9,0.06952503578997696,0.8450563997030258,0.08683416120756104,0.10214361133559559,0.06666666666666665,0.9491526563465786
OPPOST,20260808,2,same_03,OPPOST-POP,0.0896776609412882,0.7908937186002731,0.06878795216382565,0.0798509433741534,0.125,0.9351094997859922
OPPOST,20260808,2,same_03,OPPOST-MATCH,0.09399216318613779,0.7616359442472458,0.0716965341573654,0.0962385912133239,0.125,0.9295674892674414
OPPOST,20260808,2,same_03,OPPOST-WRONG-1,0.07981658394024232,0.8296373784542084,0.0642729811781646,0.06235709096700007,0.125,0.9389667737775954
OPPOST,20260808,2,same_03,OPPOST-WRONG-3,0.08772130228060432,0.7684467732906342,0.06997340976981371,0.08414954455492134,0.125,0.9349700803077502
OPPOST,20260808,2,same_03,OPPOST-WRONG-4,0.08404504920657827,0.81629878282547,0.06621086108425615,0.07011483756203148,0.09999999999999998,0.9374555793864088
OPPOST,20260808,2,same_03,OPPOST-WRONG-5,0.06328308158293416,0.6963016092777252,0.07402628481667459,0.0893317677763228,0.025000000000000022,0.9420066401343458
OPPOST,20260808,2,same_03,OPPOST-WRONG-6,0.0835213714877581,0.7131919860839844,0.07607447774433382,0.10677634630532186,0.125,0.9280714274120055
OPPOST,20260808,2,same_03,OPPOST-WRONG-7,0.08565850536956532,0.8395013064146042,0.06107855574102282,0.05624970445727987,0.09999999999999998,0.9398809768970208
OPPOST,20260808,2,same_03,OPPOST-WRONG-8,0.07857086905293426,0.8066133260726929,0.06737274845180925,0.07554304878853271,0.09999999999999998,0.9368303269847797
OPPOST,20260808,2,same_03,OPPOST-WRONG-9,0.06928825439107542,0.8405637741088867,0.061937728098195914,0.053766491804177495,0.17500000000000004,0.9414591914952686
OPPOST,20260808,3,same_01,OPPOST-POP,0.10723937658028967,0.8593373894691467,0.0642547429898762,0.0880206802448962,-0.03333333333333344,0.9546884704232209
OPPOST,20260808,3,same_01,OPPOST-MATCH,0.1168716429513518,0.8452408164739609,0.06537771842633629,0.10319111019085445,-0.03333333333333344,0.9497192240204717
OPPOST,20260808,3,same_01,OPPOST-WRONG-1,0.061974749958675635,0.8939648419618607,0.054711130688069334,0.04165548680656571,-0.03333333333333344,0.9655365368023019
OPPOST,20260808,3,same_01,OPPOST-WRONG-2,0.12388529236745346,0.8286791294813156,0.06683082594218864,0.0979602030545214,0.06666666666666665,0.9513783456275376
OPPOST,20260808,3,same_01,OPPOST-WRONG-4,0.10844592285440605,0.8601434826850891,0.0643295121301742,0.08903413729222068,-0.03333333333333344,0.9553960251492153
OPPOST,20260808,3,same_01,OPPOST-WRONG-5,0.10526469221594095,0.8519373089075089,0.0637476334326693,0.08547234003853194,-0.03333333333333344,0.9542967404102537
OPPOST,20260808,3,same_01,OPPOST-WRONG-6,0.1277371285514164,0.8181212544441223,0.06773755825739812,0.09810302726026175,0.0,0.9527865427278975
OPPOST,20260808,3,same_01,OPPOST-WRONG-7,0.09668035246976175,0.8639355003833771,0.06257721633590319,0.07577460644256001,-0.10000000000000009,0.9577689017699769
OPPOST,20260808,3,same_01,OPPOST-WRONG-8,0.09395245318322579,0.8696427196264267,0.06212416573316433,0.0760360954050347,-0.06666666666666665,0.9571035389204514
OPPOST,20260808,3,same_01,OPPOST-WRONG-9,0.08874540754795479,0.8767515271902084,0.06069894618078431,0.06574708698757004,-0.06666666666666665,0.9598071996515082
OPPOST,20260808,3,same_02,OPPOST-POP,0.13114627315042157,0.8373583257198334,0.07315853628350985,0.09625583961907933,0.06666666666666665,0.9525148502505906
OPPOST,20260808,3,same_02,OPPOST-MATCH,0.13449882717174697,0.8300095200538635,0.07352810764298923,0.10301074005405418,0.09999999999999998,0.948551123761455
OPPOST,20260808,3,same_02,OPPOST-WRONG-1,0.12425231549248028,0.8447997272014618,0.0722211145573778,0.09008287138621572,0.1333333333333333,0.9546995939851096
OPPOST,20260808,3,same_02,OPPOST-WRONG-2,0.11710789006121763,0.8391323834657669,0.06870324309270917,0.08768103408524475,0.09999999999999998,0.9534553772075763
OPPOST,20260808,3,same_02,OPPOST-WRONG-4,0.1185091400340618,0.8495432883501053,0.0708851327407317,0.08529121803418367,0.09999999999999998,0.9552023154256003
OPPOST,20260808,3,same_02,OPPOST-WRONG-5,0.14763418137253786,0.806421622633934,0.07938587226275703,0.10842889195087155,0.19999999999999996,0.9475869945968651
OPPOST,20260808,3,same_02,OPPOST-WRONG-6,0.10737963870156417,0.6098287403583527,0.11423631538433227,0.13901004754450955,0.19999999999999996,0.9285456833535933
OPPOST,20260808,3,same_02,OPPOST-WRONG-7,0.11949113082338483,0.8406903147697449,0.07043536786294624,0.08670968191084395,0.09999999999999998,0.9548322498135624
OPPOST,20260808,3,same_02,OPPOST-WRONG-8,0.13212658164823857,0.832367867231369,0.07336145718769978,0.09840078748309272,0.09999999999999998,0.9521804038754558
OPPOST,20260808,3,same_02,OPPOST-WRONG-9,0.1216383590032045,0.8413942456245422,0.071264056118553,0.08909176117102208,0.09999999999999998,0.9547614940285892
OPPOST,20260808,3,same_03,OPPOST-POP,0.07209750510012075,0.8235847651958466,0.06415150855573878,0.10216854586177998,-0.2749999999999999,0.9452657752964405
OPPOST,20260808,3,same_03,OPPOST-MATCH,0.0755638723663146,0.8171641826629639,0.06534183972602912,0.1050514003031402,-0.2250000000000001,0.9431647898400622
OPPOST,20260808,3,same_03,OPPOST-WRONG-1,0.059706993172373296,0.8738211989402771,0.05608146288959702,0.0651086936387119,-0.19999999999999996,0.9552687270484682
OPPOST,20260808,3,same_03,OPPOST-WRONG-2,0.06808203425959317,0.7812887281179428,0.06651412867587098,0.11095932838697975,-0.2749999999999999,0.9415021534929114
OPPOST,20260808,3,same_03,OPPOST-WRONG-4,0.06367138241729564,0.8637016266584396,0.05921604188977217,0.07185468311060676,-0.17500000000000004,0.9516257406129511
OPPOST,20260808,3,same_03,OPPOST-WRONG-5,0.06244590203049383,0.7454690039157867,0.07158806877118573,0.12371880594603192,-0.125,0.9380654803381525
OPPOST,20260808,3,same_03,OPPOST-WRONG-6,0.04648894108630533,0.7143112123012543,0.07259050956231107,0.14997266893242467,-0.2250000000000001,0.9343612559414161
OPPOST,20260808,3,same_03,OPPOST-WRONG-7,0.0372327782222682,0.8782293871045113,0.05042296654881048,0.04774494199887493,-0.07499999999999996,0.9568626013089995
OPPOST,20260808,3,same_03,OPPOST-WRONG-8,0.057088603220791234,0.8490242063999176,0.06063266346239941,0.07764343018544614,-0.2250000000000001,0.9504718755902682
OPPOST,20260808,3,same_03,OPPOST-WRONG-9,0.040644569420975246,0.8822999000549316,0.05194885094657676,0.05914125246461697,-0.19999999999999996,0.9572986252733547
OPPOST,20260808,4,same_01,OPPOST-POP,0.14551687795896281,0.8108070343732834,0.06538382054841588,0.10338311819024025,0.5666666666666667,0.9335287494776714
OPPOST,20260808,4,same_01,OPPOST-MATCH,0.14751183254253797,0.8132693618535995,0.06506189221811572,0.10195912029456777,0.5666666666666667,0.9334790006765303
OPPOST,20260808,4,same_01,OPPOST-WRONG-1,0.11089212900202525,0.8496913015842438,0.055202894770041894,0.0721645949746915,0.5666666666666667,0.9457216375149553
OPPOST,20260808,4,same_01,OPPOST-WRONG-2,0.14679633228931416,0.786280557513237,0.06852200562541315,0.11182338738797631,0.6,0.929764066320542
OPPOST,20260808,4,same_01,OPPOST-WRONG-3,0.14040698655658668,0.797495111823082,0.06756934081542093,0.10631947532767021,0.5666666666666667,0.9303002108986712
OPPOST,20260808,4,same_01,OPPOST-WRONG-5,0.1338375559950287,0.8082970976829529,0.06551063312608531,0.10375265267123096,0.5666666666666667,0.9335704037835093
OPPOST,20260808,4,same_01,OPPOST-WRONG-6,0.13753859694025541,0.7715710699558258,0.06842187513429464,0.10703514129397558,0.6,0.9295338512085547
OPPOST,20260808,4,same_01,OPPOST-WRONG-7,0.1367705823855633,0.8171841204166412,0.06278634194677171,0.09507759427475548,0.5333333333333333,0.9364670407167426
OPPOST,20260808,4,same_01,OPPOST-WRONG-8,0.13596586017112916,0.822749063372612,0.06309058571321764,0.09538730181198021,0.5666666666666667,0.9360465661867123
OPPOST,20260808,4,same_01,OPPOST-WRONG-9,0.13337201979039592,0.8289043754339218,0.06192953188050172,0.09256284831703601,0.6333333333333333,0.9378050516648226
OPPOST,20260808,4,same_02,OPPOST-POP,0.11796865338804469,0.8152580559253693,0.06174829483609162,0.08760285025336699,0.7993447993447993,0.95075681478424
OPPOST,20260808,4,same_02,OPPOST-MATCH,0.11527634152576896,0.8239552825689316,0.06030479136950526,0.08278739376350742,0.7990155865463495,0.9519243327916072
OPPOST,20260808,4,same_02,OPPOST-WRONG-1,0.11714336518683316,0.8192436695098877,0.060921452606050065,0.0855557426608245,0.7704918032786885,0.9518398896286187
OPPOST,20260808,4,same_02,OPPOST-WRONG-2,0.1031292684838552,0.8285914957523346,0.058934012648452244,0.07700653700060618,0.7704918032786885,0.9539783360019733
OPPOST,20260808,4,same_02,OPPOST-WRONG-3,0.11565513559491217,0.8094181418418884,0.06249051154909095,0.09065458188571057,0.7993447993447993,0.95057407599389
OPPOST,20260808,4,same_02,OPPOST-WRONG-5,0.12993275807470678,0.7827184051275253,0.06622368187362004,0.10244324033816926,0.7993447993447993,0.9481175082392315
OPPOST,20260808,4,same_02,OPPOST-WRONG-6,0.07030523705977851,0.582251250743866,0.096889613290572,0.12827222740703398,0.7708674304418985,0.9391068584895472
OPPOST,20260808,4,same_02,OPPOST-WRONG-7,0.11195726920812463,0.8235721588134766,0.060317829676340196,0.0815601665797802,0.7704918032786885,0.9519804006896202
OPPOST,20260808,4,same_02,OPPOST-WRONG-8,0.11871587300363842,0.8146680593490601,0.0617975770558129,0.08756579144397802,0.7704918032786885,0.9506598752449242
OPPOST,20260808,4,same_02,OPPOST-WRONG-9,0.11548980107096243,0.822057843208313,0.06057324115792311,0.08297609469790958,0.7704918032786885,0.9514954443548698
OPPOST,20260808,4,same_03,OPPOST-POP,0.026437526874572848,0.7528813481330872,0.06514801305570946,0.09107024022606118,0.85,0.9597618556781952
OPPOST,20260808,4,same_03,OPPOST-MATCH,0.039563910633036256,0.7885512560606003,0.06125791219833719,0.07729361468529046,0.875,0.9615548923833807
OPPOST,20260808,4,same_03,OPPOST-WRONG-1,0.04434553925969768,0.8079627007246017,0.05800098649224935,0.06867915045397274,0.875,0.9632336938817451
OPPOST,20260808,4,same_03,OPPOST-WRONG-2,0.01692426634710703,0.7314529418945312,0.06702964795407983,0.09673270018471396,0.875,0.958419306042988
OPPOST,20260808,4,same_03,OPPOST-WRONG-3,0.016162668824007492,0.7363083064556122,0.06609907355109604,0.09093274152939235,0.85,0.959740173311683
OPPOST,20260808,4,same_03,OPPOST-WRONG-5,-0.0558589973225834,0.6351982355117798,0.07397327042598893,0.09917223157049597,0.85,0.9608216798008713
OPPOST,20260808,4,same_03,OPPOST-WRONG-6,-0.020456575064741217,0.6702650785446167,0.07218036373930073,0.10747470154540935,0.875,0.9572965072519
OPPOST,20260808,4,same_03,OPPOST-WRONG-7,0.04097730873212034,0.823265329003334,0.05371971715179166,0.05317104138765577,0.875,0.9665706107934396
OPPOST,20260808,4,same_03,OPPOST-WRONG-8,0.03485189693888059,0.7755347341299057,0.06276533182738665,0.08261425137884165,0.85,0.9605321503999298
OPPOST,20260808,4,same_03,OPPOST-WRONG-9,0.04729322313200504,0.8268967866897583,0.05452930644107165,0.056029902682311894,0.875,0.9651873476545112
OPPOST,20260808,5,same_01,OPPOST-POP,0.11410899114201092,0.8329823315143585,0.08772362280335372,0.09649114083260583,0.4666666666666667,0.9276946339015248
OPPOST,20260808,5,same_01,OPPOST-MATCH,0.11607324249643067,0.8256765156984329,0.08899953680167355,0.10151301060985043,0.4666666666666667,0.9263639335879964
OPPOST,20260808,5,same_01,OPPOST-WRONG-1,0.07758202803863104,0.8699577748775482,0.07354657572017394,0.060724007573079636,0.5333333333333333,0.9376858227132967
OPPOST,20260808,5,same_01,OPPOST-WRONG-2,0.12350100182229651,0.8108178079128265,0.09264641854759892,0.10613755863563597,0.4,0.924229287763435
OPPOST,20260808,5,same_01,OPPOST-WRONG-3,0.12094844060610974,0.8159186244010925,0.09014595067282867,0.10121811992574467,0.43333333333333335,0.9270894556427173
OPPOST,20260808,5,same_01,OPPOST-WRONG-4,0.11585814401115146,0.8307541906833649,0.08830013270732386,0.09889155391383417,0.3666666666666667,0.9279724297243483
OPPOST,20260808,5,same_01,OPPOST-WRONG-6,0.11725159688201284,0.812801867723465,0.09026580782525932,0.09245736907606522,0.5333333333333333,0.9257054640182991
OPPOST,20260808,5,same_01,OPPOST-WRONG-7,0.10405843433049825,0.8426383435726166,0.08375632242633743,0.08121596226749023,0.5333333333333333,0.9295600091292369
OPPOST,20260808,5,same_01,OPPOST-WRONG-8,0.10653810163545399,0.8439082205295563,0.08468607839861596,0.08703884641641077,0.5333333333333333,0.9293457431871104
OPPOST,20260808,5,same_01,OPPOST-WRONG-9,0.10236129359441459,0.8471975177526474,0.08363797655357857,0.08621156928550018,0.6,0.9300240105027133
OPPOST,20260808,5,same_02,OPPOST-POP,0.1107630960071378,0.8272455781698227,0.09950689572245315,0.11636443048859088,0.6279640228945217,0.9137611262428659
OPPOST,20260808,5,same_02,OPPOST-MATCH,0.12998295538781104,0.7774181216955185,0.110801215042781,0.14845208484983846,0.6279640228945217,0.9022960149833261
OPPOST,20260808,5,same_02,OPPOST-WRONG-1,0.09918210315257359,0.8303132951259613,0.09869605354917277,0.11580770551312052,0.6279640228945217,0.9152940522896504
OPPOST,20260808,5,same_02,OPPOST-WRONG-2,0.09596865139441982,0.8341901153326035,0.09526365905898931,0.10287146393913488,0.6279640228945217,0.9176192672020841
OPPOST,20260808,5,same_02,OPPOST-WRONG-3,0.1108888677820759,0.8176959306001663,0.10131492318496932,0.12373554444207276,0.6279640228945217,0.9106825207598268
OPPOST,20260808,5,same_02,OPPOST-WRONG-4,0.09830819441753741,0.8362985402345657,0.09680292125382077,0.10908342694065894,0.6279640228945217,0.9170329347327728
OPPOST,20260808,5,same_02,OPPOST-WRONG-6,0.08187992624597903,0.5614025890827179,0.16691225216960817,0.20889783261847578,0.6267432321575062,0.8859912171222037
OPPOST,20260808,5,same_02,OPPOST-WRONG-7,0.09872518944943698,0.831459254026413,0.09657275941108083,0.10711154358507236,0.6279640228945217,0.9172895109885948
OPPOST,20260808,5,same_02,OPPOST-WRONG-8,0.10867779074720196,0.8230304718017578,0.10020412500034999,0.11718003685117184,0.6279640228945217,0.9132593951512599
OPPOST,20260808,5,same_02,OPPOST-WRONG-9,0.09540386601563244,0.8330443352460861,0.09727925312389497,0.10819062772861289,0.6279640228945217,0.9168422122772397
OPPOST,20260808,5,same_03,OPPOST-POP,0.0684164830838351,0.810444787144661,0.08872083775390736,0.12468529661390639,0.675,0.9240583329581582
OPPOST,20260808,5,same_03,OPPOST-MATCH,0.06861001446204179,0.7671701163053513,0.09875043274647917,0.15224630142267245,0.65,0.9167373410290672
OPPOST,20260808,5,same_03,OPPOST-WRONG-1,0.05576894380931463,0.8540536910295486,0.08020508849463467,0.0872025525985241,0.675,0.932750143872923
OPPOST,20260808,5,same_03,OPPOST-WRONG-2,0.04341426844117552,0.7252751290798187,0.09189624257504123,0.15888552096723255,0.625,0.9237644642705016
OPPOST,20260808,5,same_03,OPPOST-WRONG-3,0.07033053930546584,0.8062900900840759,0.09073991848242419,0.1293778045602769,0.65,0.9216737569024098
OPPOST,20260808,5,same_03,OPPOST-WRONG-4,0.055259412214607256,0.8395995050668716,0.083839346717683,0.1022192580460471,0.675,0.9298391586589929
OPPOST,20260808,5,same_03,OPPOST-WRONG-6,0.03431536741787167,0.6823844611644745,0.09828812688277362,0.17871404772448665,0.675,0.918593282087554
OPPOST,20260808,5,same_03,OPPOST-WRONG-7,0.05966342738035768,0.8595725893974304,0.07641003329810464,0.07734922528825187,0.675,0.9370530651742999
OPPOST,20260808,5,same_03,OPPOST-WRONG-8,0.04653172112414522,0.8195742070674896,0.0855839721056083,0.11512190249942321,0.675,0.9291389423939096
OPPOST,20260808,5,same_03,OPPOST-WRONG-9,0.043241723251751185,0.8713155090808868,0.07600737438893099,0.06821036877942094,0.65,0.9365628229546988
OPPOST,20260808,6,same_01,OPPOST-POP,0.08663631044416972,0.8818113207817078,0.06488951580981246,0.06146205152249256,0.16666666666666663,0.949529855761524
OPPOST,20260808,6,same_01,OPPOST-MATCH,0.0955274285920529,0.8481521755456924,0.06773983409175854,0.08571973168843544,0.16666666666666663,0.9447400901162628
OPPOST,20260808,6,same_01,OPPOST-WRONG-1,0.04395632756463275,0.901288665831089,0.04953538258369081,0.03537795632471808,0.23333333333333328,0.9595664513794647
OPPOST,20260808,6,same_01,OPPOST-WRONG-2,0.10409794151023055,0.8478130996227264,0.07100743233934445,0.09419968907338122,0.1333333333333333,0.9434592957237644
OPPOST,20260808,6,same_01,OPPOST-WRONG-3,0.10268162234695585,0.8606967628002167,0.06843655851551282,0.08629452572029823,0.16666666666666663,0.948226108257682
OPPOST,20260808,6,same_01,OPPOST-WRONG-4,0.09197223317748499,0.8761822432279587,0.06637853842735442,0.06733508483759881,0.16666666666666663,0.9490935536381393
OPPOST,20260808,6,same_01,OPPOST-WRONG-5,0.08811816435996592,0.8667081445455551,0.0667036433059309,0.07317515362758154,0.1333333333333333,0.9471187946135279
OPPOST,20260808,6,same_01,OPPOST-WRONG-7,0.07137487883058685,0.8859517946839333,0.05930731065873588,0.04810077778813524,0.23333333333333328,0.9518095618453977
OPPOST,20260808,6,same_01,OPPOST-WRONG-8,0.07250368090336212,0.8910984620451927,0.06041284257212601,0.05004789020476521,0.30000000000000004,0.9516265453876083
OPPOST,20260808,6,same_01,OPPOST-WRONG-9,0.06776297620047073,0.8920736238360405,0.05940335033038767,0.04307276674570395,0.16666666666666663,0.9526293263302871
OPPOST,20260808,6,same_02,OPPOST-POP,0.07631836455052343,0.8892089426517487,0.05413360993648668,0.06100115968006328,0.4,0.954209228369668
OPPOST,20260808,6,same_02,OPPOST-MATCH,0.21960881436945562,0.7038816511631012,0.08498015152062219,0.17988230602556152,0.30000000000000004,0.9311666995326073
OPPOST,20260808,6,same_02,OPPOST-WRONG-1,0.07263333609681233,0.889696754515171,0.05395979454663492,0.0591070745098137,0.3666666666666667,0.9539314783214244
OPPOST,20260808,6,same_02,OPPOST-WRONG-2,0.06219584104546816,0.8886630982160568,0.05044119186485833,0.052688058457247854,0.3666666666666667,0.9577779986333326
OPPOST,20260808,6,same_02,OPPOST-WRONG-3,0.08740406609269691,0.8771529123187065,0.05563734552986594,0.08151075992937734,0.4,0.953078441178286
OPPOST,20260808,6,same_02,OPPOST-WRONG-4,0.06824029850993413,0.8953826725482941,0.0522630231355595,0.04895047293723854,0.4666666666666667,0.9560023653068359
OPPOST,20260808,6,same_02,OPPOST-WRONG-5,0.11355947842342817,0.8525159806013107,0.05997478312801395,0.10308493843017771,0.30000000000000004,0.947880853554155
OPPOST,20260808,6,same_02,OPPOST-WRONG-7,0.06761898947103573,0.889963299036026,0.05208789343310029,0.04953013728374705,0.4,0.956478626070885
OPPOST,20260808,6,same_02,OPPOST-WRONG-8,0.08025233360056994,0.8817596137523651,0.055124266046905006,0.06829940918534377,0.4,0.9535109878033022
OPPOST,20260808,6,same_02,OPPOST-WRONG-9,0.06932765934187857,0.8896974474191666,0.05284799837234125,0.053334546432269044,0.43333333333333335,0.9556933602918206
OPPOST,20260808,6,same_03,OPPOST-POP,0.08418802910056106,0.8780112639069557,0.05873055029194596,0.06720738783425227,0.475,0.9458311448044782
OPPOST,20260808,6,same_03,OPPOST-MATCH,0.12147949022041254,0.809417650103569,0.06863109916082973,0.12192903368136672,0.5,0.9372009290884364
OPPOST,20260808,6,same_03,OPPOST-WRONG-1,0.05597307924500561,0.9041010364890099,0.051815042381326976,0.03356091970216997,0.55,0.952548833178732
OPPOST,20260808,6,same_03,OPPOST-WRONG-2,0.09870443243471025,0.8517267107963562,0.0626008419909223,0.09331095847129596,0.5,0.9418492223573723
OPPOST,20260808,6,same_03,OPPOST-WRONG-3,0.09378528871146352,0.8620031476020813,0.060553041606707464,0.08683452481041476,0.5,0.9443875949343657
OPPOST,20260808,6,same_03,OPPOST-WRONG-4,0.06567470709027881,0.898258626461029,0.05436329710505163,0.041493058814484125,0.525,0.9499569804978132
OPPOST,20260808,6,same_03,OPPOST-WRONG-5,0.12280930559245465,0.8080224543809891,0.06640964405512406,0.11990567939975827,0.525,0.9419986222064135
OPPOST,20260808,6,same_03,OPPOST-WRONG-7,0.049021566281953755,0.9098035395145416,0.048285245737509336,0.03223195971691092,0.5,0.9554774297629962
OPPOST,20260808,6,same_03,OPPOST-WRONG-8,0.07217735917442952,0.8902545422315598,0.056097612638606895,0.05236252787682285,0.525,0.948398982848811
OPPOST,20260808,6,same_03,OPPOST-WRONG-9,0.046348523034930644,0.9095365181565285,0.048679974873598306,0.027074344448769758,0.575,0.9555529924194075
OPPOST,20260808,7,same_01,OPPOST-POP,0.11045812322872398,0.8263812065124512,0.06460621197832353,0.10206551567155037,0.06666666666666665,0.9475971547765021
OPPOST,20260808,7,same_01,OPPOST-MATCH,0.10309437037203342,0.8416651040315628,0.061472731467316494,0.09300487633632054,0.033333333333333326,0.9482495836260738
OPPOST,20260808,7,same_01,OPPOST-WRONG-1,0.07728710434700284,0.8651205003261566,0.05604904130503488,0.06678787837129924,0.033333333333333326,0.9523939946986429
OPPOST,20260808,7,same_01,OPPOST-WRONG-2,0.11951534241137846,0.8006940633058548,0.06799371858798142,0.1253161583534848,0.06666666666666665,0.9448056151509172
OPPOST,20260808,7,same_01,OPPOST-WRONG-3,0.10598995043181747,0.8064000755548477,0.06648587367183303,0.10523090992394955,0.0,0.9480432278231318
OPPOST,20260808,7,same_01,OPPOST-WRONG-4,0.10865592894883269,0.822884276509285,0.06513920306300494,0.10177260277224504,0.033333333333333326,0.9477038690762074
OPPOST,20260808,7,same_01,OPPOST-WRONG-5,0.10778616078702422,0.8131049126386642,0.06577737613660864,0.11093566781363583,0.06666666666666665,0.9466340818698709
OPPOST,20260808,7,same_01,OPPOST-WRONG-6,0.11649924869392028,0.8106932938098907,0.06589603348905729,0.11878966168056,0.033333333333333326,0.9447921304936134
OPPOST,20260808,7,same_01,OPPOST-WRONG-8,0.10251063484329784,0.8398358821868896,0.06227031214570003,0.09384674176934303,0.0,0.94832443085144
OPPOST,20260808,7,same_01,OPPOST-WRONG-9,0.0963608948447843,0.8431327044963837,0.06173802220564421,0.09042631535775751,0.033333333333333326,0.9486893894306122
OPPOST,20260808,7,same_02,OPPOST-POP,0.1328653011274717,0.8013372421264648,0.08066612347131177,0.0961402711775668,0.033333333333333326,0.9213770664246498
OPPOST,20260808,7,same_02,OPPOST-MATCH,0.13085361423671504,0.8073978573083878,0.07952089172327603,0.09308536538598167,0.033333333333333326,0.9223997257303486
OPPOST,20260808,7,same_02,OPPOST-WRONG-1,0.12867922765774523,0.8037317246198654,0.07992609417614277,0.09245045399815276,0.06666666666666665,0.9218778190734646
OPPOST,20260808,7,same_02,OPPOST-WRONG-2,0.12528647377722774,0.8124176561832428,0.07931598941429366,0.08738438344316458,0.0,0.9236667421753059
OPPOST,20260808,7,same_02,OPPOST-WRONG-3,0.13011551469205895,0.7911926656961441,0.08231005171489415,0.10093740056083067,0.033333333333333326,0.9210310621247597
OPPOST,20260808,7,same_02,OPPOST-WRONG-4,0.12885229619208044,0.8096842169761658,0.07919404904118527,0.09076787700417017,0.033333333333333326,0.922528548218471
OPPOST,20260808,7,same_02,OPPOST-WRONG-5,0.13205878115625605,0.7416359186172485,0.08643884445847384,0.12351341272316711,0.19999999999999996,0.919378747549988
OPPOST,20260808,7,same_02,OPPOST-WRONG-6,-0.027693167021789117,0.47428739070892334,0.11080458371528908,0.18390087383956666,0.33333333333333337,0.923391751140375
OPPOST,20260808,7,same_02,OPPOST-WRONG-8,0.13457737688667193,0.8007027804851532,0.08088571458339298,0.09615236132238075,0.033333333333333326,0.9209291326766341
OPPOST,20260808,7,same_02,OPPOST-WRONG-9,0.1308758152352042,0.8088600039482117,0.07960865869775943,0.09115725140271207,0.033333333333333326,0.9219179597892526
OPPOST,20260808,7,same_03,OPPOST-POP,0.05152223590317187,0.664865255355835,0.08682984414824252,0.16851062032421749,0.44999999999999996,0.9408921631458417
OPPOST,20260808,7,same_03,OPPOST-MATCH,0.05297002692843508,0.7337508499622345,0.07854729952415515,0.14514604007088935,0.5,0.9448981861765293
OPPOST,20260808,7,same_03,OPPOST-WRONG-1,0.04722071329269967,0.7288241684436798,0.08076251042882114,0.12700194790848113,0.475,0.9438938287085464
OPPOST,20260808,7,same_03,OPPOST-WRONG-2,0.03775100305625126,0.6151891946792603,0.08998315133108405,0.1963748744933267,0.475,0.9396357194434171
OPPOST,20260808,7,same_03,OPPOST-WRONG-3,0.04695314126116096,0.6437842845916748,0.0878539130028732,0.1693710530324478,0.44999999999999996,0.9404533429391632
OPPOST,20260808,7,same_03,OPPOST-WRONG-4,0.0438354805935382,0.7112386524677277,0.08326682023292846,0.12600968479240082,0.475,0.9427048121195588
OPPOST,20260808,7,same_03,OPPOST-WRONG-5,0.0019198683061303345,0.5066516399383545,0.09194677489498773,0.24211394858525362,0.525,0.9424061500631574
OPPOST,20260808,7,same_03,OPPOST-WRONG-6,0.009396826178817708,0.4975321888923645,0.09636838948467247,0.2708301157981064,0.44999999999999996,0.938237654665232
OPPOST,20260808,7,same_03,OPPOST-WRONG-8,0.03335324532682635,0.6928760409355164,0.08416361820544495,0.13402567642983662,0.5,0.9424599122677897
OPPOST,20260808,7,same_03,OPPOST-WRONG-9,0.04157511484689974,0.7432082891464233,0.07791187046121147,0.1358802107756846,0.44999999999999996,0.9455537852503023
OPPOST,20260808,8,same_01,OPPOST-POP,0.10432298823860339,0.7843327820301056,0.06615035222138116,0.11103847510802423,-0.050000000000000044,0.9350825673420885
OPPOST,20260808,8,same_01,OPPOST-MATCH,0.09097727297707428,0.7852130085229874,0.06316185386020179,0.10443968344926587,-0.02499999999999991,0.937725132787458
OPPOST,20260808,8,same_01,OPPOST-WRONG-1,0.09462056205428426,0.7948534786701202,0.05459033864664558,0.08501525340050183,0.0,0.9474503615766938
OPPOST,20260808,8,same_01,OPPOST-WRONG-2,0.05421220210667646,0.7300416827201843,0.068786774390844,0.12408819949933995,-0.050000000000000044,0.9323047652138947
OPPOST,20260808,8,same_01,OPPOST-WRONG-3,0.031125057675376405,0.7558407187461853,0.06906780649488684,0.11195657939798155,0.0,0.9379408780735784
OPPOST,20260808,8,same_01,OPPOST-WRONG-4,0.09635427613735978,0.7933165729045868,0.06696039194849972,0.10526168526855999,-0.02499999999999991,0.9357670262540067
OPPOST,20260808,8,same_01,OPPOST-WRONG-5,0.041998570455547835,0.7641376256942749,0.06633010510421783,0.1156356745326994,0.050000000000000044,0.936845034806344
OPPOST,20260808,8,same_01,OPPOST-WRONG-6,-0.014373647384059052,0.6502438485622406,0.065943928689216,0.13107068835420752,-0.07499999999999996,0.9381930520561628
OPPOST,20260808,8,same_01,OPPOST-WRONG-7,0.07428611898573459,0.7483162879943848,0.0616961031321466,0.10424912434143548,0.025000000000000022,0.9402893558961365
OPPOST,20260808,8,same_01,OPPOST-WRONG-9,0.09335006520003741,0.7987943887710571,0.06211715019055787,0.10131212574776265,-0.050000000000000044,0.9386649969530398
OPPOST,20260808,8,same_02,OPPOST-POP,0.09888842426000877,0.8135892301797867,0.0830691324922929,0.09991870948329389,0.23333333333333328,0.9498518025653092
OPPOST,20260808,8,same_02,OPPOST-MATCH,0.09697810767287995,0.8128181546926498,0.08316394537507782,0.09994122115776771,0.19999999999999996,0.9476866011092641
OPPOST,20260808,8,same_02,OPPOST-WRONG-1,0.09224633820077643,0.8165787011384964,0.08125234035520455,0.09958054508875411,0.33333333333333337,0.9505451658655321
OPPOST,20260808,8,same_02,OPPOST-WRONG-2,0.07629368472060175,0.822763592004776,0.07968560049128764,0.08977261780970046,0.2666666666666667,0.9424418943489491
OPPOST,20260808,8,same_02,OPPOST-WRONG-3,0.09210206761892079,0.8058751672506332,0.08441145996727906,0.10351056988963275,0.1333333333333333,0.9308060173677111
OPPOST,20260808,8,same_02,OPPOST-WRONG-4,0.09493155431530423,0.8236593455076218,0.08119275521071277,0.0935467910051425,0.23333333333333328,0.9465329345296769
OPPOST,20260808,8,same_02,OPPOST-WRONG-5,0.08391089197417992,0.7613159567117691,0.0900456699508541,0.1079516708387491,0.3666666666666667,0.9137940754553173
OPPOST,20260808,8,same_02,OPPOST-WRONG-6,-0.002367602191784335,0.5405272841453552,0.12708044043289096,0.14297835927857594,0.2666666666666667,0.7537526326273525
OPPOST,20260808,8,same_02,OPPOST-WRONG-7,0.07642857655825569,0.8184964507818222,0.08119891867364722,0.09310559215628919,0.30000000000000004,0.9434413076835169
OPPOST,20260808,8,same_02,OPPOST-WRONG-9,0.0850265922798388,0.8210611492395401,0.08145014542836419,0.0948280131618189,0.30000000000000004,0.9430674107702914
OPPOST,20260808,8,same_03,OPPOST-POP,0.0743465177060797,0.8029476404190063,0.11852324364088854,0.10138232162869598,0.85,0.9199037533045968
OPPOST,20260808,8,same_03,OPPOST-MATCH,0.07113767555024425,0.8213423639535904,0.11365322260931648,0.09767495691955713,0.875,0.9222749383208646
OPPOST,20260808,8,same_03,OPPOST-WRONG-1,0.07165580794053819,0.835944876074791,0.10754128190344914,0.09005380536865311,0.85,0.9266285356019773
OPPOST,20260808,8,same_03,OPPOST-WRONG-2,0.06881254329612402,0.7892581969499588,0.12295080420842242,0.10760705715600927,0.85,0.9167584643520843
OPPOST,20260808,8,same_03,OPPOST-WRONG-3,0.07630492417151294,0.7923004776239395,0.12029177457089742,0.10052939964116135,0.85,0.9193336391273172
OPPOST,20260808,8,same_03,OPPOST-WRONG-4,0.07508639998101471,0.8273647129535675,0.1116456852707713,0.0950733306485549,0.85,0.9241207035710725
OPPOST,20260808,8,same_03,OPPOST-WRONG-5,0.05697304268228706,0.7203664779663086,0.12964533826374952,0.10398523355377776,0.85,0.9138800422412887
OPPOST,20260808,8,same_03,OPPOST-WRONG-6,0.04266043880857576,0.7289363145828247,0.1347056982987832,0.12125998607455533,0.825,0.909306694731387
OPPOST,20260808,8,same_03,OPPOST-WRONG-7,0.061760971184852076,0.8432513773441315,0.10045080931219966,0.08434604073383208,0.85,0.9322530663103774
OPPOST,20260808,8,same_03,OPPOST-WRONG-9,0.06505910017751074,0.8450492471456528,0.10302747512410126,0.08326907378866312,0.825,0.9303116966384556
OPPOST,20260808,9,same_01,OPPOST-POP,0.08861846099736324,0.8021010309457779,0.05765920535179093,0.06812472363191002,0.33333333333333337,0.9544043792955046
OPPOST,20260808,9,same_01,OPPOST-MATCH,0.08590710478389427,0.8181055337190628,0.054017993293516295,0.05331177646282554,0.30000000000000004,0.9559762301815494
OPPOST,20260808,9,same_01,OPPOST-WRONG-1,0.07549115302081866,0.8325096219778061,0.04758743468064978,0.05166255143736014,0.30000000000000004,0.9618307534069652
OPPOST,20260808,9,same_01,OPPOST-WRONG-2,0.08684795076585236,0.7753161489963531,0.060455713707789765,0.07972123076091826,0.33333333333333337,0.9509556042741034
OPPOST,20260808,9,same_01,OPPOST-WRONG-3,0.08525322332336349,0.7846641689538956,0.060498201241908266,0.07807180262128649,0.33333333333333337,0.9525128441092028
OPPOST,20260808,9,same_01,OPPOST-WRONG-4,0.08792379838374069,0.8013409674167633,0.05815010720346527,0.06888782386138118,0.33333333333333337,0.9547883668883816
OPPOST,20260808,9,same_01,OPPOST-WRONG-5,0.08766664765194206,0.7987272143363953,0.0577343324079834,0.06787693122707122,0.30000000000000004,0.9528124557511521
OPPOST,20260808,9,same_01,OPPOST-WRONG-6,0.08601811097544636,0.7614928334951401,0.05919252540786442,0.08619211259924545,0.3666666666666667,0.9516456723007389
OPPOST,20260808,9,same_01,OPPOST-WRONG-7,0.08601276206121569,0.803764745593071,0.05410471696576575,0.06347415184596676,0.3666666666666667,0.9561431307611195
OPPOST,20260808,9,same_01,OPPOST-WRONG-8,0.08721976581929186,0.8128700703382492,0.05484027684173905,0.058810817270455625,0.33333333333333337,0.9554769450323777
OPPOST,20260808,9,same_02,OPPOST-POP,0.07092163578669931,0.8170021027326584,0.04881310586463351,0.07654937441146491,0.16666666666666663,0.96498880579666
OPPOST,20260808,9,same_02,OPPOST-MATCH,0.07205981654364291,0.8238374143838882,0.047626077811046115,0.06975624557787932,0.16666666666666663,0.9656209267453146
OPPOST,20260808,9,same_02,OPPOST-WRONG-1,0.06936849413642551,0.8222395032644272,0.0478387549314434,0.07121150355975898,0.19999999999999996,0.9655940575230779
OPPOST,20260808,9,same_02,OPPOST-WRONG-2,0.07217630162412611,0.8285945057868958,0.04646040748160942,0.06551317402611295,0.16666666666666663,0.9655862702660468
OPPOST,20260808,9,same_02,OPPOST-WRONG-3,0.06887833409618907,0.810274675488472,0.04960414391325409,0.07992086104874671,0.19999999999999996,0.9638127664602253
OPPOST,20260808,9,same_02,OPPOST-WRONG-4,0.07027112079770262,0.8259017318487167,0.047441362081459944,0.0676423227285958,0.16666666666666663,0.9659771487441814
OPPOST,20260808,9,same_02,OPPOST-WRONG-5,0.04554014204000448,0.7718218266963959,0.05322967200702733,0.09145024290443424,0.19999999999999996,0.9647068426646246
OPPOST,20260808,9,same_02,OPPOST-WRONG-6,-0.1353819889750378,0.5523839592933655,0.08157648214762157,0.1624321688195433,0.16666666666666663,0.9516483039349459
OPPOST,20260808,9,same_02,OPPOST-WRONG-7,0.07209136965282395,0.8241430371999741,0.04740283148629626,0.06858717090129768,0.19999999999999996,0.9659714864195751
OPPOST,20260808,9,same_02,OPPOST-WRONG-8,0.07212054812662246,0.8168077915906906,0.04877579410906155,0.0768200394901648,0.16666666666666663,0.9648731277095305
OPPOST,20260808,9,same_03,OPPOST-POP,0.06238795581598425,0.709559291601181,0.0675835401493851,0.12148473827849471,0.675,0.9466284347937794
OPPOST,20260808,9,same_03,OPPOST-MATCH,0.0731340585711223,0.7788646966218948,0.06350621185676449,0.08376532109107761,0.625,0.9494868609579049
OPPOST,20260808,9,same_03,OPPOST-WRONG-1,0.07679031021903535,0.76132732629776,0.06495999416233611,0.09711572756259863,0.675,0.9479982868063971
OPPOST,20260808,9,same_03,OPPOST-WRONG-2,0.04317943301040891,0.6363313794136047,0.06879410318444906,0.1320699885102675,0.7,0.946747905085355
OPPOST,20260808,9,same_03,OPPOST-WRONG-3,0.050196107271853585,0.7040780186653137,0.06699280098657803,0.11819872534782054,0.675,0.9475041163920934
OPPOST,20260808,9,same_03,OPPOST-WRONG-4,0.0718024236423288,0.7470907270908356,0.06578948910793248,0.10583979250391773,0.65,0.9475140010754545
OPPOST,20260808,9,same_03,OPPOST-WRONG-5,-0.010827960055702412,0.6087044775485992,0.06586019687591398,0.11916741638857888,0.625,0.9529521751521156
OPPOST,20260808,9,same_03,OPPOST-WRONG-6,0.004541230191155904,0.5581488609313965,0.07037337327713532,0.1420370847595081,0.625,0.9474728672004312
OPPOST,20260808,9,same_03,OPPOST-WRONG-7,0.07323957740574467,0.7743806540966034,0.06279040331523195,0.0866726942731194,0.65,0.9501188076096347
OPPOST,20260808,9,same_03,OPPOST-WRONG-8,0.06890118520823309,0.7303195595741272,0.0665659447139376,0.11361999596354422,0.675,0.9470357181129014
OPPOST,20260810,1,same_01,OPPOST-POP,0.04488508921758187,0.8490617126226425,0.041951415699930356,0.08911224599994047,0.2666666666666667,0.9713966379792964
OPPOST,20260810,1,same_01,OPPOST-MATCH,0.05321968337181411,0.8831825479865074,0.035468763582650206,0.035532189503659495,0.33333333333333337,0.9735437553446266
OPPOST,20260810,1,same_01,OPPOST-WRONG-2,0.040959711624250134,0.8288001865148544,0.04391832323472915,0.10654332764151303,0.3666666666666667,0.9703968873309966
OPPOST,20260810,1,same_01,OPPOST-WRONG-3,0.03766742548203317,0.8323935568332672,0.04244954207727731,0.09878250055809443,0.2666666666666667,0.9726827225305933
OPPOST,20260810,1,same_01,OPPOST-WRONG-4,0.04206867936952255,0.8458501398563385,0.04212440342587153,0.09180753628062749,0.30000000000000004,0.9720873539054866
OPPOST,20260810,1,same_01,OPPOST-WRONG-5,0.04515058891729158,0.8445050120353699,0.04229665202513867,0.09333832397075509,0.33333333333333337,0.9709940410824144
OPPOST,20260810,1,same_01,OPPOST-WRONG-6,0.04658609664040543,0.8317777663469315,0.04340804161114836,0.09626111028538471,0.2666666666666667,0.9694917395140703
OPPOST,20260810,1,same_01,OPPOST-WRONG-7,0.05057251078415666,0.8615902811288834,0.04025259026155101,0.0664849774748299,0.33333333333333337,0.9710364173559055
OPPOST,20260810,1,same_01,OPPOST-WRONG-8,0.048989156722873975,0.8612536787986755,0.04057250320698741,0.07117842218021772,0.2666666666666667,0.9713767140507669
OPPOST,20260810,1,same_01,OPPOST-WRONG-9,0.0481601714088659,0.8654923290014267,0.04006390028329214,0.06532234358652332,0.2666666666666667,0.9718140798800926
OPPOST,20260810,1,same_02,OPPOST-POP,0.09867926794068237,0.7879952043294907,0.046092304953558906,0.09555542635165894,0.23333333333333328,0.9670635593703736
OPPOST,20260810,1,same_02,OPPOST-MATCH,0.09745111825583436,0.7934371083974838,0.04545724346965789,0.09169919763473909,0.19999999999999996,0.9675634133692576
OPPOST,20260810,1,same_02,OPPOST-WRONG-2,0.09337066154722481,0.7993580251932144,0.045139391564765034,0.08444992123925205,0.23333333333333328,0.9667538820863067
OPPOST,20260810,1,same_02,OPPOST-WRONG-3,0.09619923178773847,0.7759083062410355,0.04645302075563354,0.1032455160382052,0.1333333333333333,0.9671649788275828
OPPOST,20260810,1,same_02,OPPOST-WRONG-4,0.09763123712311629,0.7998388856649399,0.04530228138347899,0.08106983963588084,0.2666666666666667,0.967673005675508
OPPOST,20260810,1,same_02,OPPOST-WRONG-5,0.07175143739206963,0.7336135506629944,0.047770627844137124,0.10914551747818,0.1333333333333333,0.9715184266123569
OPPOST,20260810,1,same_02,OPPOST-WRONG-6,-0.13912041896845848,0.46703439950942993,0.07022560485865043,0.14723893527427573,-0.06666666666666665,0.978344557603636
OPPOST,20260810,1,same_02,OPPOST-WRONG-7,0.09703217127550523,0.7972036600112915,0.0454292641388219,0.08141103630934028,0.23333333333333328,0.9671994074505574
OPPOST,20260810,1,same_02,OPPOST-WRONG-8,0.09948972330766656,0.7846329063177109,0.046470453011900795,0.0995541336429047,0.19999999999999996,0.9666157090642662
OPPOST,20260810,1,same_02,OPPOST-WRONG-9,0.0985939668195257,0.7964727580547333,0.045708726755428405,0.0853566651222413,0.23333333333333328,0.9670474390690719
OPPOST,20260810,1,same_03,OPPOST-POP,0.013106375899577777,0.6930749416351318,0.06493258513292181,0.10763447244107831,0.525,0.959836437240559
OPPOST,20260810,1,same_03,OPPOST-MATCH,0.04237563991560414,0.7737396955490112,0.061141248992387834,0.07330660127576721,0.55,0.9600840513939295
OPPOST,20260810,1,same_03,OPPOST-WRONG-2,-0.050062101520385704,0.6056044399738312,0.06702793002905989,0.13541024631485235,0.55,0.9609340916479824
OPPOST,20260810,1,same_03,OPPOST-WRONG-3,4.850986192145301e-05,0.6612600982189178,0.0655326931145408,0.1153189821003428,0.575,0.960860256837208
OPPOST,20260810,1,same_03,OPPOST-WRONG-4,0.023300933348163105,0.7490388453006744,0.062449815177303906,0.08340873831919104,0.575,0.9605548882236263
OPPOST,20260810,1,same_03,OPPOST-WRONG-5,-0.07724055478904324,0.4859759211540222,0.0692063153284328,0.15465192206318928,0.525,0.9697805120056582
OPPOST,20260810,1,same_03,OPPOST-WRONG-6,-0.09585022395036097,0.5014283359050751,0.07146053357524858,0.16041014551754765,0.525,0.9631177677143106
OPPOST,20260810,1,same_03,OPPOST-WRONG-7,-0.004232402135716656,0.7611153870820999,0.05596624953658239,0.07326264574032437,0.575,0.9648132980228961
OPPOST,20260810,1,same_03,OPPOST-WRONG-8,-0.006783999313180772,0.718584418296814,0.06297135174022647,0.09259546489756136,0.55,0.9616063246798607
OPPOST,20260810,1,same_03,OPPOST-WRONG-9,0.034120338792274635,0.792032316327095,0.05909345347616863,0.058249707249857986,0.55,0.9615414528578408
OPPOST,20260810,2,same_01,OPPOST-POP,0.11571415517098135,0.8500850349664688,0.0841517245338699,0.10796365666746198,0.1333333333333333,0.9391300051480594
OPPOST,20260810,2,same_01,OPPOST-MATCH,0.1245196005360244,0.8231621831655502,0.0883378745557431,0.13019793495580687,0.1333333333333333,0.9353268112134405
OPPOST,20260810,2,same_01,OPPOST-WRONG-1,0.08042694921709712,0.8715128004550934,0.07286417366201986,0.0799599269568527,0.09999999999999998,0.9474143608242889
OPPOST,20260810,2,same_01,OPPOST-WRONG-3,0.1171361130030332,0.8342733979225159,0.08668190787263576,0.11913823320207606,0.1333333333333333,0.9371020563459795
OPPOST,20260810,2,same_01,OPPOST-WRONG-4,0.11729362399213372,0.846180647611618,0.08504539033163032,0.1071657857289972,0.1333333333333333,0.939217539497478
OPPOST,20260810,2,same_01,OPPOST-WRONG-5,0.11562312275312217,0.8411355465650558,0.08512591933053193,0.11496155771893217,0.16666666666666663,0.9379249755371886
OPPOST,20260810,2,same_01,OPPOST-WRONG-6,0.11186441618944998,0.8185502886772156,0.08674464121482305,0.12935298627506553,0.1333333333333333,0.9364524620725967
OPPOST,20260810,2,same_01,OPPOST-WRONG-7,0.10223337727798046,0.8522658348083496,0.08071556738454132,0.10382769679572808,0.09999999999999998,0.9410386533555747
OPPOST,20260810,2,same_01,OPPOST-WRONG-8,0.1015640550972387,0.8561560958623886,0.08129880953201986,0.10308480746219145,0.16666666666666663,0.9407093680074258
OPPOST,20260810,2,same_01,OPPOST-WRONG-9,0.09936709675775662,0.8600207418203354,0.08018324026662872,0.09652476100749224,0.16666666666666663,0.9419902683250994
OPPOST,20260810,2,same_02,OPPOST-POP,0.07263858759486926,0.8403703570365906,0.08426860154024295,0.11034451175894838,0.19999999999999996,0.9464362075892258
OPPOST,20260810,2,same_02,OPPOST-MATCH,0.07243541854717209,0.8525982350111008,0.08161711537692738,0.10016303472522166,0.19999999999999996,0.9453489796038087
OPPOST,20260810,2,same_02,OPPOST-WRONG-1,0.0693682553460315,0.8420951068401337,0.08363096689438387,0.10659820659797799,0.23333333333333328,0.9475544297491879
OPPOST,20260810,2,same_02,OPPOST-WRONG-3,0.07031180661015915,0.8300829976797104,0.08551333367209084,0.11932468516491831,0.19999999999999996,0.9462232872312447
OPPOST,20260810,2,same_02,OPPOST-WRONG-4,0.0700217093878126,0.8469648659229279,0.08311421941560401,0.10264317241417102,0.19999999999999996,0.9470379044834937
OPPOST,20260810,2,same_02,OPPOST-WRONG-5,0.06454160214820553,0.794873908162117,0.09031793083368182,0.12643832071947136,0.09999999999999998,0.9513601391634506
OPPOST,20260810,2,same_02,OPPOST-WRONG-6,-0.057706811348180065,0.5975594222545624,0.11325441468178019,0.16142560186100643,0.19999999999999996,0.9741619946553677
OPPOST,20260810,2,same_02,OPPOST-WRONG-7,0.07140602064847135,0.8480695933103561,0.08296342154942858,0.10286984253435826,0.16666666666666663,0.9460275031239518
OPPOST,20260810,2,same_02,OPPOST-WRONG-8,0.07096891393812257,0.83797387778759,0.08483081774013788,0.1148890910785853,0.23333333333333328,0.9455360213349606
OPPOST,20260810,2,same_02,OPPOST-WRONG-9,0.07007881217092896,0.8464620560407639,0.08326367687865986,0.10538805094272553,0.1333333333333333,0.9463154803846088
OPPOST,20260810,2,same_03,OPPOST-POP,0.08668005126548653,0.7946764230728149,0.07252059239188216,0.09298459768928136,0.125,0.9282947610477718
OPPOST,20260810,2,same_03,OPPOST-MATCH,0.09491564367074895,0.7639481574296951,0.07540014989921048,0.10890594733916321,0.17500000000000004,0.9221233137975633
OPPOST,20260810,2,same_03,OPPOST-WRONG-1,0.07475123250381635,0.8327578604221344,0.06779714494253922,0.07032349778512109,0.07499999999999996,0.934091498772381
OPPOST,20260810,2,same_03,OPPOST-WRONG-3,0.08511095810285446,0.7709934413433075,0.07364497932093288,0.09757771058649345,0.17500000000000004,0.928534837240495
OPPOST,20260810,2,same_03,OPPOST-WRONG-4,0.07940134560037426,0.8196284621953964,0.0697992836151882,0.07998319295976715,0.09999999999999998,0.9314639185998036
OPPOST,20260810,2,same_03,OPPOST-WRONG-5,0.05899897040354618,0.6938109397888184,0.07749459256612282,0.0962739944178771,0.125,0.9393464861474747
OPPOST,20260810,2,same_03,OPPOST-WRONG-6,0.08150221486703738,0.7148346900939941,0.0793380273642529,0.11762863920378565,0.09999999999999998,0.9223328969747435
OPPOST,20260810,2,same_03,OPPOST-WRONG-7,0.08169520608534844,0.8405174314975739,0.0644651801296621,0.0642330051561263,0.050000000000000044,0.9346740391909039
OPPOST,20260810,2,same_03,OPPOST-WRONG-8,0.07483329185590973,0.8097732067108154,0.07099252103694827,0.08675749767521555,0.07499999999999996,0.9303890574896944
OPPOST,20260810,2,same_03,OPPOST-WRONG-9,0.06361866037298872,0.8432326465845108,0.06525433761352373,0.06071938076131128,0.125,0.9380338706607952
OPPOST,20260810,3,same_01,OPPOST-POP,0.1025654104797232,0.8646696209907532,0.07027211375457061,0.08642942947478766,0.06666666666666665,0.9437566753868215
OPPOST,20260810,3,same_01,OPPOST-MATCH,0.11352388833903304,0.8480464816093445,0.07217589456487307,0.10821943101563536,0.033333333333333326,0.9375944659015494
OPPOST,20260810,3,same_01,OPPOST-WRONG-1,0.06018381036526449,0.8977159261703491,0.06066987091807948,0.040405316565176826,0.033333333333333326,0.9574065105272687
OPPOST,20260810,3,same_01,OPPOST-WRONG-2,0.12119696412707895,0.8327926397323608,0.07369797748700957,0.10289352934774262,0.033333333333333326,0.9392598782008434
OPPOST,20260810,3,same_01,OPPOST-WRONG-4,0.10434188942865014,0.8655712604522705,0.07012829826543675,0.08529512963559281,0.06666666666666665,0.9452781440285009
OPPOST,20260810,3,same_01,OPPOST-WRONG-5,0.10109013447743362,0.8551858365535736,0.0698884711307416,0.08680504220492646,0.0,0.9432810188996225
OPPOST,20260810,3,same_01,OPPOST-WRONG-6,0.12453888504392965,0.8252406120300293,0.07431764135420825,0.10385875131960674,0.033333333333333326,0.9408059768980448
OPPOST,20260810,3,same_01,OPPOST-WRONG-7,0.09323593106848957,0.8690104633569717,0.0685238296743607,0.07429410769346724,0.033333333333333326,0.9476955548363192
OPPOST,20260810,3,same_01,OPPOST-WRONG-8,0.08956460985341602,0.8747541606426239,0.0682339101919723,0.07345507010481284,0.033333333333333326,0.9468078664456265
OPPOST,20260810,3,same_01,OPPOST-WRONG-9,0.0844718596867568,0.8814667910337448,0.06651690942155161,0.06124233669728981,0.033333333333333326,0.9508351685681526
OPPOST,20260810,3,same_02,OPPOST-POP,0.1272336561168804,0.84076888859272,0.07732599628449627,0.09867275774259919,0.1333333333333333,0.9404010206905983
OPPOST,20260810,3,same_02,OPPOST-MATCH,0.13112289354453593,0.8329043239355087,0.07843159183799975,0.10845454693987058,0.09999999999999998,0.936152853603634
OPPOST,20260810,3,same_02,OPPOST-WRONG-1,0.1205160888257524,0.8484780192375183,0.07633069009590228,0.088639645579068,0.09999999999999998,0.9441555545375256
OPPOST,20260810,3,same_02,OPPOST-WRONG-2,0.11350394704134456,0.8421261757612228,0.07302375885937622,0.09137822977581124,0.2666666666666667,0.9412791691909503
OPPOST,20260810,3,same_02,OPPOST-WRONG-4,0.11473274398751396,0.8528911918401718,0.07501593249444911,0.08409007404813174,0.19999999999999996,0.9446416052676229
OPPOST,20260810,3,same_02,OPPOST-WRONG-5,0.14628966477543887,0.8065060079097748,0.0852271138113634,0.11451859208571664,0.19999999999999996,0.9350045811835443
OPPOST,20260810,3,same_02,OPPOST-WRONG-6,0.10906905319487259,0.6147348284721375,0.1209846371194719,0.1412603785952711,0.19999999999999996,0.9189658696207068
OPPOST,20260810,3,same_02,OPPOST-WRONG-7,0.11623708439186956,0.8439851254224777,0.07447968879662736,0.0880276498971872,0.2666666666666667,0.9435241597733074
OPPOST,20260810,3,same_02,OPPOST-WRONG-8,0.12890803461035563,0.8354723155498505,0.07759675272651803,0.10148045846806393,0.16666666666666663,0.939846882741629
OPPOST,20260810,3,same_02,OPPOST-WRONG-9,0.11787739775291242,0.8446923196315765,0.07525240672609296,0.08930787629084584,0.16666666666666663,0.943956184861264
OPPOST,20260810,3,same_03,OPPOST-POP,0.07135445527528647,0.8257410824298859,0.07235661434990272,0.10087693946037324,-0.19999999999999996,0.9408092556676307
OPPOST,20260810,3,same_03,OPPOST-MATCH,0.07579092742771537,0.8191759437322617,0.07336216008206115,0.10384319880857822,-0.125,0.9382299215032311
OPPOST,20260810,3,same_03,OPPOST-WRONG-1,0.059992660467155984,0.8753236681222916,0.06392340011038791,0.06327561057153629,-0.125,0.9511086277856682
OPPOST,20260810,3,same_03,OPPOST-WRONG-2,0.06842065483221077,0.7879006117582321,0.07529906141190695,0.11291488727123748,-0.2749999999999999,0.9361426965382419
OPPOST,20260810,3,same_03,OPPOST-WRONG-4,0.06439720150849301,0.8657267540693283,0.06729239352621331,0.06983628660165202,-0.10000000000000009,0.9475571665296547
OPPOST,20260810,3,same_03,OPPOST-WRONG-5,0.06376660307570195,0.7481639981269836,0.07859735599717947,0.12302189111437593,-0.1499999999999999,0.9324759095860756
OPPOST,20260810,3,same_03,OPPOST-WRONG-6,0.04701437660803803,0.7208927571773529,0.08024715914994442,0.15176462313680814,-0.19999999999999996,0.9284747249559274
OPPOST,20260810,3,same_03,OPPOST-WRONG-7,0.0389617552906,0.8793396353721619,0.05791654280266407,0.05028232731988607,-0.07499999999999996,0.9527348034806423
OPPOST,20260810,3,same_03,OPPOST-WRONG-8,0.05911486957816631,0.8512133210897446,0.06897375697822677,0.07700117179352932,-0.10000000000000009,0.9464008726725626
OPPOST,20260810,3,same_03,OPPOST-WRONG-9,0.043044083851600606,0.8847856894135475,0.05992467512337171,0.057801975019337,-0.17500000000000004,0.9526530759346169
OPPOST,20260810,4,same_01,OPPOST-POP,0.1479773784263536,0.8049414157867432,0.06938425508162474,0.1105504229227393,0.6,0.9314704273429424
OPPOST,20260810,4,same_01,OPPOST-MATCH,0.1495339603296021,0.80758997797966,0.06935465708855527,0.10907956648136007,0.6,0.9313208320708157
OPPOST,20260810,4,same_01,OPPOST-WRONG-1,0.11295036728910485,0.8445223718881607,0.060229067903382796,0.07829868104107625,0.5666666666666667,0.941907600619684
OPPOST,20260810,4,same_01,OPPOST-WRONG-2,0.14836019633500352,0.7795093059539795,0.07281377595930973,0.11943941539327782,0.5666666666666667,0.9274770019996859
OPPOST,20260810,4,same_01,OPPOST-WRONG-3,0.1433844939372311,0.7902598679065704,0.07208551351911047,0.11469481351279771,0.5666666666666667,0.92734695985207
OPPOST,20260810,4,same_01,OPPOST-WRONG-5,0.13737351243109044,0.8020139783620834,0.0698171511289193,0.11170146655513613,0.6,0.9310483819619169
OPPOST,20260810,4,same_01,OPPOST-WRONG-6,0.13887434874386936,0.7671191692352295,0.07263807367642912,0.11516204870040897,0.5666666666666667,0.9268373697408036
OPPOST,20260810,4,same_01,OPPOST-WRONG-7,0.1386973703823228,0.8131643980741501,0.06694101847484188,0.10065467949757531,0.5333333333333333,0.9336912680205675
OPPOST,20260810,4,same_01,OPPOST-WRONG-8,0.1384488448050063,0.8181337118148804,0.06718106468285484,0.1015185383497621,0.6,0.9334949348843435
OPPOST,20260810,4,same_01,OPPOST-WRONG-9,0.13446408929808565,0.8239796757698059,0.06618882729401473,0.09834872833722433,0.6,0.9351666213347671
OPPOST,20260810,4,same_02,OPPOST-POP,0.11927101413093624,0.8127675652503967,0.06803228601811277,0.09488082602709029,0.7704918032786885,0.9457459127156015
OPPOST,20260810,4,same_02,OPPOST-MATCH,0.11622400664292934,0.8220608532428741,0.06649970383879186,0.08930385475774943,0.8278688524590163,0.9468962490531146
OPPOST,20260810,4,same_02,OPPOST-WRONG-1,0.11816790759562754,0.8172257989645004,0.06711636824182575,0.09238638754106027,0.7704918032786885,0.9467282275106009
OPPOST,20260810,4,same_02,OPPOST-WRONG-2,0.10442872261440259,0.8261626362800598,0.06528008032510416,0.08301204458159839,0.7704918032786885,0.9488256607339407
OPPOST,20260810,4,same_02,OPPOST-WRONG-3,0.11805986835411567,0.8056427091360092,0.06862230226764397,0.09867075697610776,0.7704918032786885,0.9454557093098983
OPPOST,20260810,4,same_02,OPPOST-WRONG-5,0.13139530072539135,0.7785892635583878,0.07208912943464159,0.11020798158265345,0.7993447993447993,0.943304927709277
OPPOST,20260810,4,same_02,OPPOST-WRONG-6,0.06757410049301274,0.5797054767608643,0.098985311376672,0.13354635350218497,0.7424366312346689,0.9359146962516647
OPPOST,20260810,4,same_02,OPPOST-WRONG-7,0.11261888811489965,0.8213236033916473,0.06658320050429979,0.0877320509460698,0.7993447993447993,0.9470263621659419
OPPOST,20260810,4,same_02,OPPOST-WRONG-8,0.11977598590053118,0.8121302127838135,0.06807665407396624,0.09480832459775208,0.7704918032786885,0.9457215753492658
OPPOST,20260810,4,same_02,OPPOST-WRONG-9,0.11603481487169148,0.8203255534172058,0.06679045785766005,0.08918078772082312,0.7704918032786885,0.9465623648754967
OPPOST,20260810,4,same_03,OPPOST-POP,0.027319274054543208,0.7501597106456757,0.07148282675473366,0.09457539789792545,0.9,0.9573177614972974
OPPOST,20260810,4,same_03,OPPOST-MATCH,0.04001900325634375,0.7887468934059143,0.0678076391483123,0.07566343231122019,0.875,0.9583682373014222
OPPOST,20260810,4,same_03,OPPOST-WRONG-1,0.04423487628181545,0.8076789677143097,0.06523654284027078,0.06628661259492934,0.825,0.9593116048753799
OPPOST,20260810,4,same_03,OPPOST-WRONG-2,0.01719751625141977,0.7278206646442413,0.07369262957214147,0.10156770059330639,0.9,0.9558900931923404
OPPOST,20260810,4,same_03,OPPOST-WRONG-3,0.0161495651576489,0.7326826453208923,0.07258978107035002,0.09539896334659548,0.875,0.957376684314081
OPPOST,20260810,4,same_03,OPPOST-WRONG-5,-0.05695160191458451,0.6378891468048096,0.08048353738084797,0.10046041510602848,0.9,0.9589797482647064
OPPOST,20260810,4,same_03,OPPOST-WRONG-6,-0.020690951410435643,0.6698696911334991,0.07933525626646815,0.11217957224954096,0.9,0.9545493338595075
OPPOST,20260810,4,same_03,OPPOST-WRONG-7,0.04052664903596097,0.8189408034086227,0.062163176617807646,0.05670898237413732,0.85,0.9615353507260026
OPPOST,20260810,4,same_03,OPPOST-WRONG-8,0.03626229708553283,0.7759367078542709,0.06906242994034485,0.08184898648462662,0.875,0.9576362048081041
OPPOST,20260810,4,same_03,OPPOST-WRONG-9,0.04669188160388936,0.8243561685085297,0.06241212860368249,0.054815498705335385,0.85,0.9606832232225272
OPPOST,20260810,5,same_01,OPPOST-POP,0.11628402062225612,0.8286941051483154,0.09055901595198738,0.10160449387551201,0.5333333333333333,0.931211188007469
OPPOST,20260810,5,same_01,OPPOST-MATCH,0.11842996639999773,0.8213998377323151,0.09161047304197922,0.10766053782896122,0.43333333333333335,0.9299742646209136
OPPOST,20260810,5,same_01,OPPOST-WRONG-1,0.08026254857660894,0.866925373673439,0.07734939340830352,0.06127422164171111,0.6333333333333333,0.9414300551026795
OPPOST,20260810,5,same_01,OPPOST-WRONG-2,0.1244000638713327,0.8099187463521957,0.09433461237160605,0.11097964237933233,0.4,0.9283299302439205
OPPOST,20260810,5,same_01,OPPOST-WRONG-3,0.12217128162500793,0.8133097738027573,0.0925464981017249,0.10579451279754998,0.5333333333333333,0.9303023446575152
OPPOST,20260810,5,same_01,OPPOST-WRONG-4,0.1176878211161137,0.82712621986866,0.09098357489786703,0.10321736232455832,0.3666666666666667,0.9314664410842868
OPPOST,20260810,5,same_01,OPPOST-WRONG-6,0.11953884725077873,0.8107976317405701,0.09277737181631843,0.09866981989539743,0.4666666666666667,0.9292771957378845
OPPOST,20260810,5,same_01,OPPOST-WRONG-7,0.10680840818078852,0.8390199095010757,0.08710689458861286,0.08442826132775308,0.43333333333333335,0.9332976354381659
OPPOST,20260810,5,same_01,OPPOST-WRONG-8,0.1096130748923719,0.8393013775348663,0.08791427707926808,0.09166133300583523,0.5333333333333333,0.9328730078387829
OPPOST,20260810,5,same_01,OPPOST-WRONG-9,0.10585466781189162,0.8428115993738174,0.08705742826138367,0.09038766314148879,0.4,0.9335998710284275
OPPOST,20260810,5,same_02,OPPOST-POP,0.11157635310146793,0.8241685777902603,0.09875182618802364,0.11836736983495522,0.5693191140278917,0.91834105370065
OPPOST,20260810,5,same_02,OPPOST-MATCH,0.13063361770360238,0.7782643884420395,0.10927477724897498,0.14890215256525827,0.5693191140278917,0.9066393473092085
OPPOST,20260810,5,same_02,OPPOST-WRONG-1,0.10051017548402458,0.8274519443511963,0.0978886425935445,0.11690232256851527,0.5693191140278917,0.9199451214836484
OPPOST,20260810,5,same_02,OPPOST-WRONG-2,0.09757293492620525,0.8313706964254379,0.0948469153073556,0.10563292549626813,0.5693191140278917,0.9213580722420397
OPPOST,20260810,5,same_02,OPPOST-WRONG-3,0.1120122221844097,0.8157130032777786,0.10024139115539674,0.12457639686183801,0.5693191140278917,0.9155299850702738
OPPOST,20260810,5,same_02,OPPOST-WRONG-4,0.09972477808785496,0.8332964479923248,0.09659236129141856,0.1107082992246835,0.5693191140278917,0.9210473485048059
OPPOST,20260810,5,same_02,OPPOST-WRONG-6,0.0799438378915453,0.5562726557254791,0.16615238240305374,0.21468237490583825,0.6267432321575062,0.887893641783416
OPPOST,20260810,5,same_02,OPPOST-WRONG-7,0.09981110313221997,0.8289111852645874,0.09636599356020258,0.10826697758343293,0.5973705834018077,0.9211661317323719
OPPOST,20260810,5,same_02,OPPOST-WRONG-8,0.10939963226701366,0.8201816082000732,0.0992701701280396,0.11911570654050176,0.5693191140278917,0.9179711049048663
OPPOST,20260810,5,same_02,OPPOST-WRONG-9,0.09754759745904715,0.8299665451049805,0.0968807898741276,0.11011073398476351,0.5973705834018077,0.9211038507607074
OPPOST,20260810,5,same_03,OPPOST-POP,0.06828226589722769,0.8037594109773636,0.08661882661640057,0.12785585422896895,0.625,0.9280577246460012
OPPOST,20260810,5,same_03,OPPOST-MATCH,0.06811881727822869,0.7631228715181351,0.09552889475649615,0.15556028211097261,0.675,0.9206895079530635
OPPOST,20260810,5,same_03,OPPOST-WRONG-1,0.056208827420358765,0.8507108837366104,0.07970049236619108,0.09233137958017863,0.675,0.93661631264648
OPPOST,20260810,5,same_03,OPPOST-WRONG-2,0.04436154565168082,0.7163527309894562,0.09014936397449791,0.16242621017719117,0.675,0.9264684468712391
OPPOST,20260810,5,same_03,OPPOST-WRONG-3,0.07111797948492093,0.7999957501888275,0.08788556405519533,0.13291873040169286,0.675,0.9257193300663541
OPPOST,20260810,5,same_03,OPPOST-WRONG-4,0.05689705923831148,0.8356528431177139,0.08254172445918079,0.10650620794565864,0.65,0.9338785800598739
OPPOST,20260810,5,same_03,OPPOST-WRONG-6,0.03537437334351934,0.6742331087589264,0.09614720189561961,0.182768019063321,0.675,0.9213043817589723
OPPOST,20260810,5,same_03,OPPOST-WRONG-7,0.06157387546608739,0.8562809228897095,0.07617442566531962,0.08269695494960187,0.625,0.9402916261653992
OPPOST,20260810,5,same_03,OPPOST-WRONG-8,0.04932884953085098,0.8148548752069473,0.08423872960121939,0.11895149213002953,0.65,0.932904895616427
OPPOST,20260810,5,same_03,OPPOST-WRONG-9,0.043189366050283895,0.8698112070560455,0.07531073914571804,0.07273960149571057,0.65,0.9405807143570555
OPPOST,20260810,6,same_01,OPPOST-POP,0.09469789674190837,0.8787053823471069,0.0630754739987246,0.09213673917785431,0.1333333333333333,0.9503839824933947
OPPOST,20260810,6,same_01,OPPOST-MATCH,0.10105568913221993,0.8531918823719025,0.06462805829443737,0.10807410626403834,0.16666666666666663,0.9473108778743669
OPPOST,20260810,6,same_01,OPPOST-WRONG-1,0.053761341225752546,0.909213125705719,0.05026545266357315,0.04378572114841488,0.16666666666666663,0.9595628771054203
OPPOST,20260810,6,same_01,OPPOST-WRONG-2,0.10714665541066398,0.8540412485599518,0.06693773869500617,0.11624130588813562,0.23333333333333328,0.9463083462213402
OPPOST,20260810,6,same_01,OPPOST-WRONG-3,0.10589119548288484,0.8593942821025848,0.06443911208999129,0.10351343603892604,0.09999999999999998,0.9508281113559708
OPPOST,20260810,6,same_01,OPPOST-WRONG-4,0.09809457700841986,0.874656155705452,0.06375641916799996,0.09514553378552143,0.16666666666666663,0.9503823907103665
OPPOST,20260810,6,same_01,OPPOST-WRONG-5,0.09475284696594893,0.8693301379680634,0.06411269594595043,0.09843453740751469,0.1333333333333333,0.9489911879135897
OPPOST,20260810,6,same_01,OPPOST-WRONG-7,0.08172323733135808,0.8867550790309906,0.05924300216502248,0.07660272551512508,0.1333333333333333,0.9522306012567121
OPPOST,20260810,6,same_01,OPPOST-WRONG-8,0.08287938521593954,0.8897649347782135,0.05998947149194764,0.07882185623464376,0.1333333333333333,0.9520082108727885
OPPOST,20260810,6,same_01,OPPOST-WRONG-9,0.07844686212237892,0.8934899270534515,0.059028012939536585,0.07288845152000638,0.1333333333333333,0.9530017296531312
OPPOST,20260810,6,same_02,OPPOST-POP,0.08574520826083182,0.8852435201406479,0.04806598423249689,0.09356411479004517,0.43333333333333335,0.9566262427803491
OPPOST,20260810,6,same_02,OPPOST-MATCH,0.21964933093660405,0.7072643637657166,0.0772931099979435,0.19269467151619712,0.4666666666666667,0.9376409758757133
OPPOST,20260810,6,same_02,OPPOST-WRONG-1,0.08245536025712719,0.88752231746912,0.0477749810830109,0.0910562279008583,0.4,0.9566553943568921
OPPOST,20260810,6,same_02,OPPOST-WRONG-2,0.073756948091937,0.8904357999563217,0.045646868156212134,0.08099222879453179,0.43333333333333335,0.9596470830323669
OPPOST,20260810,6,same_02,OPPOST-WRONG-3,0.09269312712178229,0.876641646027565,0.048831824580448664,0.10178688777929917,0.4666666666666667,0.9565617838021259
OPPOST,20260810,6,same_02,OPPOST-WRONG-4,0.07901922179185528,0.8915632292628288,0.04675408394970489,0.08450136050826892,0.4666666666666667,0.9580171465866956
OPPOST,20260810,6,same_02,OPPOST-WRONG-5,0.11522013626451588,0.8554637283086777,0.051891472719964984,0.11617282386197043,0.5,0.9532194598669429
OPPOST,20260810,6,same_02,OPPOST-WRONG-7,0.07908458575060384,0.8886354714632034,0.04674290041946889,0.08404812249283122,0.43333333333333335,0.9583305189401463
OPPOST,20260810,6,same_02,OPPOST-WRONG-8,0.08894259481662803,0.8807502463459969,0.04866678545511854,0.09763346976483774,0.4666666666666667,0.9562118563597118
OPPOST,20260810,6,same_02,OPPOST-WRONG-9,0.0804705954037706,0.8882690668106079,0.0471308056187399,0.08732369691746678,0.43333333333333335,0.9578446743699618
OPPOST,20260810,6,same_03,OPPOST-POP,0.08956692219559148,0.8743229359388351,0.054510712545054095,0.09794414429572447,0.525,0.9481367028340967
OPPOST,20260810,6,same_03,OPPOST-MATCH,0.12050632937008335,0.8197031468153,0.06154969560105913,0.13348973473255973,0.55,0.942389433871475
OPPOST,20260810,6,same_03,OPPOST-WRONG-1,0.06406353701758136,0.9056256413459778,0.04826420071079766,0.054878594663603675,0.5,0.9545671514140565
OPPOST,20260810,6,same_03,OPPOST-WRONG-2,0.10101877876174212,0.8536445498466492,0.057170852310503326,0.11314830363286733,0.525,0.9453831352542934
OPPOST,20260810,6,same_03,OPPOST-WRONG-3,0.0973169703297016,0.8610828071832657,0.05578573447398574,0.10902896258291639,0.5,0.9471913118049095
OPPOST,20260810,6,same_03,OPPOST-WRONG-4,0.07297444641677028,0.8962495774030685,0.050767592340289824,0.07112781885820087,0.5,0.9519453594161246
OPPOST,20260810,6,same_03,OPPOST-WRONG-5,0.12314187505142199,0.8153557777404785,0.06017618892480325,0.13210530713325944,0.525,0.9466348895548173
OPPOST,20260810,6,same_03,OPPOST-WRONG-7,0.053808429101971145,0.9121035411953926,0.0443367085588482,0.03951850184886003,0.575,0.9581556078574474
OPPOST,20260810,6,same_03,OPPOST-WRONG-8,0.0784527217339524,0.8877122029662132,0.052192290183854,0.08187496731887732,0.525,0.9507299098564124
OPPOST,20260810,6,same_03,OPPOST-WRONG-9,0.05400097131425813,0.9145572856068611,0.045328681178302264,0.03805950545634534,0.5,0.957373065742072
OPPOST,20260810,7,same_01,OPPOST-POP,0.10992555335130116,0.8246632367372513,0.06459464589412665,0.10455585942045274,-0.03333333333333344,0.9475481612598856
OPPOST,20260810,7,same_01,OPPOST-MATCH,0.10282818525690043,0.839944064617157,0.0614927848764875,0.09383184430488073,-0.03333333333333344,0.9482635424859368
OPPOST,20260810,7,same_01,OPPOST-WRONG-1,0.0781646665595071,0.8637096136808395,0.05608591984889086,0.06617007138195347,0.06666666666666665,0.9522737203296388
OPPOST,20260810,7,same_01,OPPOST-WRONG-2,0.11891374969565091,0.7993526458740234,0.06816537231216831,0.12550208194314158,0.0,0.9444253888385559
OPPOST,20260810,7,same_01,OPPOST-WRONG-3,0.10762034200367149,0.806623637676239,0.0667403878054945,0.10662451864858233,-0.03333333333333344,0.947295566316043
OPPOST,20260810,7,same_01,OPPOST-WRONG-4,0.108467729276715,0.8213961869478226,0.06529753546264637,0.10373369616462864,-0.06666666666666665,0.9477812167046029
OPPOST,20260810,7,same_01,OPPOST-WRONG-5,0.10699144348757356,0.8118036389350891,0.06559796409092893,0.11183217968960132,-0.06666666666666665,0.9462594018752131
OPPOST,20260810,7,same_01,OPPOST-WRONG-6,0.11637342007019874,0.8106543272733688,0.06614327657636511,0.11916949428681306,0.0,0.9446300328258779
OPPOST,20260810,7,same_01,OPPOST-WRONG-8,0.10210123630617832,0.8382142335176468,0.06213775104036375,0.09461816433519757,-0.03333333333333344,0.9482380909905468
OPPOST,20260810,7,same_01,OPPOST-WRONG-9,0.096026064014027,0.8412468433380127,0.061612500653796996,0.09061709692948385,0.0,0.9486981447497037
OPPOST,20260810,7,same_02,OPPOST-POP,0.1342387244699273,0.7954490929841995,0.0764917796212108,0.09629167261378115,0.06666666666666665,0.9232535752975388
OPPOST,20260810,7,same_02,OPPOST-MATCH,0.13310366689738995,0.8014559298753738,0.07504296602411617,0.0934690450356597,0.0,0.9245838064446641
OPPOST,20260810,7,same_02,OPPOST-WRONG-1,0.1295678471442847,0.7983407527208328,0.07571407759793727,0.09080717069536837,0.06666666666666665,0.9237944030693108
OPPOST,20260810,7,same_02,OPPOST-WRONG-2,0.1275790305631408,0.8063645213842392,0.074661072907995,0.08758353254209389,0.033333333333333326,0.9256835361896207
OPPOST,20260810,7,same_02,OPPOST-WRONG-3,0.13101555847973,0.7857673317193985,0.07802204911620635,0.10115511917101458,0.06666666666666665,0.9225648953059695
OPPOST,20260810,7,same_02,OPPOST-WRONG-4,0.13069148521251717,0.8033423125743866,0.07482146512823697,0.09097879641648804,0.033333333333333326,0.9246141768247969
OPPOST,20260810,7,same_02,OPPOST-WRONG-5,0.13069959168041587,0.7405177652835846,0.08329797867417342,0.11602827989189828,0.09999999999999998,0.9205171720416534
OPPOST,20260810,7,same_02,OPPOST-WRONG-6,-0.03302520408944001,0.4697784185409546,0.1058811839667328,0.18639407371228706,0.2666666666666667,0.9237257027623776
OPPOST,20260810,7,same_02,OPPOST-WRONG-8,0.13576927218313678,0.7947314828634262,0.07681514037653343,0.09651971170362349,0.06666666666666665,0.9228257947206729
OPPOST,20260810,7,same_02,OPPOST-WRONG-9,0.13269948341173102,0.8027566969394684,0.07529162565852675,0.09099075443366626,0.0,0.9238746045626682
OPPOST,20260810,7,same_03,OPPOST-POP,0.051725014976313516,0.6522416472434998,0.088263018384054,0.1683559866702572,0.4,0.9410196648950366
OPPOST,20260810,7,same_03,OPPOST-MATCH,0.05602493413450954,0.7241728007793427,0.07883330516169422,0.1446929979141187,0.35,0.9455812926562105
OPPOST,20260810,7,same_03,OPPOST-WRONG-1,0.04876229035780599,0.7150543034076691,0.08188516670079324,0.127214589509597,0.42500000000000004,0.9443764495449696
OPPOST,20260810,7,same_03,OPPOST-WRONG-2,0.03854244591770517,0.6071044206619263,0.0912960021020137,0.19343934619124936,0.5,0.9399899100217918
OPPOST,20260810,7,same_03,OPPOST-WRONG-3,0.04644605180197284,0.6333030760288239,0.08928414131631919,0.17233914160307892,0.44999999999999996,0.9403655047152936
OPPOST,20260810,7,same_03,OPPOST-WRONG-4,0.044034796973664914,0.6926976144313812,0.08453874094718652,0.13434397305581341,0.475,0.9430932668584375
OPPOST,20260810,7,same_03,OPPOST-WRONG-5,-0.005900701000326913,0.4947575330734253,0.09118653203870464,0.24730421757671692,0.4,0.9420389012186048
OPPOST,20260810,7,same_03,OPPOST-WRONG-6,0.004272981392589109,0.488161563873291,0.09612273618169968,0.2734308668737877,0.55,0.9376810503048909
OPPOST,20260810,7,same_03,OPPOST-WRONG-8,0.03359611925952524,0.6781034171581268,0.08546165174236657,0.13667096811186538,0.475,0.9428039849747447
OPPOST,20260810,7,same_03,OPPOST-WRONG-9,0.04399884692851022,0.7341210246086121,0.07892400955773096,0.13189210246506386,0.4,0.9462192857127131
OPPOST,20260810,8,same_01,OPPOST-POP,0.10382568683223023,0.7858535796403885,0.06228585694311953,0.10939558067282411,0.0,0.9397070201784264
OPPOST,20260810,8,same_01,OPPOST-MATCH,0.08490003912734714,0.7855050414800644,0.05912183044679269,0.10163549840820844,0.0,0.9416288030412789
OPPOST,20260810,8,same_01,OPPOST-WRONG-1,0.09040379156022027,0.7928299605846405,0.05095033656168608,0.08063144263142176,-0.02499999999999991,0.9513356073823065
OPPOST,20260810,8,same_01,OPPOST-WRONG-2,0.051464486861500014,0.7234691977500916,0.0657212991590081,0.12301057018658419,0.0,0.9340394064613398
OPPOST,20260810,8,same_01,OPPOST-WRONG-3,0.0275535814452193,0.7574447095394135,0.06621527918910404,0.1127727063843081,0.025000000000000022,0.9394545710662003
OPPOST,20260810,8,same_01,OPPOST-WRONG-4,0.09312470430714812,0.7934027016162872,0.06374370326808304,0.10413900891249682,-0.02499999999999991,0.9393611031832276
OPPOST,20260810,8,same_01,OPPOST-WRONG-5,0.038610950215681644,0.7623164802789688,0.06251321908177476,0.11108583785075983,0.025000000000000022,0.9393292048615722
OPPOST,20260810,8,same_01,OPPOST-WRONG-6,-0.014455677148913548,0.6448445022106171,0.0641441320217374,0.1343481504128949,0.0,0.937805022978832
OPPOST,20260810,8,same_01,OPPOST-WRONG-7,0.06696002198924461,0.7400476634502411,0.05785144148280249,0.10554195817100183,-0.02499999999999991,0.9429315698182413
OPPOST,20260810,8,same_01,OPPOST-WRONG-9,0.08743744487720226,0.7963482588529587,0.057959932965550576,0.09786426988247394,-0.02499999999999991,0.9423390954120089
OPPOST,20260810,8,same_02,OPPOST-POP,0.09533843577128545,0.8139640241861343,0.07965259009055597,0.10087796890081797,0.3666666666666667,0.9476964243815297
OPPOST,20260810,8,same_02,OPPOST-MATCH,0.09003355806559771,0.8128515332937241,0.07986665489988214,0.1004796064305279,0.33333333333333337,0.9453045122475477
OPPOST,20260810,8,same_02,OPPOST-WRONG-1,0.08599289569852031,0.8172705173492432,0.07773267337787848,0.09833156113802065,0.33333333333333337,0.9475700289330032
OPPOST,20260810,8,same_02,OPPOST-WRONG-2,0.0717926678123191,0.8234788626432419,0.07622271252234265,0.08866574521431796,0.30000000000000004,0.940445781898815
OPPOST,20260810,8,same_02,OPPOST-WRONG-3,0.08898102281849854,0.8072260618209839,0.08139434510760053,0.10422348768488032,0.4,0.9307020864549344
OPPOST,20260810,8,same_02,OPPOST-WRONG-4,0.09199974627489507,0.8250899165868759,0.07768967798157723,0.09450573085924045,0.23333333333333328,0.9455408279802548
OPPOST,20260810,8,same_02,OPPOST-WRONG-5,0.08187441409326884,0.7595822513103485,0.08802220057952494,0.10953410846434414,0.43333333333333335,0.9131468480677527
OPPOST,20260810,8,same_02,OPPOST-WRONG-6,-0.008640660855329524,0.5282740294933319,0.132088722403935,0.15130559734323396,0.19999999999999996,0.7534033729742082
OPPOST,20260810,8,same_02,OPPOST-WRONG-7,0.07037549838414969,0.8189466148614883,0.0777634619298735,0.09236610226930825,0.30000000000000004,0.940769508344354
OPPOST,20260810,8,same_02,OPPOST-WRONG-9,0.0783014685285808,0.8217415064573288,0.07828458177925979,0.09529993980287724,0.30000000000000004,0.9409107662826132
OPPOST,20260810,8,same_03,OPPOST-POP,0.07202941875716534,0.8044036626815796,0.1144052242902643,0.10240629182393202,0.875,0.9167416172075897
OPPOST,20260810,8,same_03,OPPOST-MATCH,0.0697300248558482,0.824349895119667,0.10994856747351757,0.09929281159147062,0.825,0.9193821569543088
OPPOST,20260810,8,same_03,OPPOST-WRONG-1,0.06775116373698642,0.838317796587944,0.10360423187515083,0.08847638552164154,0.875,0.924322069677639
OPPOST,20260810,8,same_03,OPPOST-WRONG-2,0.06747503733300972,0.7898585349321365,0.11944245420995896,0.11058031735529746,0.825,0.9130833290492832
OPPOST,20260810,8,same_03,OPPOST-WRONG-3,0.07442854749168268,0.7936406880617142,0.11637978846144434,0.10063425345110112,0.9,0.9162329824376259
OPPOST,20260810,8,same_03,OPPOST-WRONG-4,0.07246058884610043,0.8304192274808884,0.10778168800003764,0.09596551032260803,0.85,0.9213665765729411
OPPOST,20260810,8,same_03,OPPOST-WRONG-5,0.05492067987946839,0.7163428664207458,0.12787520581810552,0.1050165612920511,0.9,0.9106928078657521
OPPOST,20260810,8,same_03,OPPOST-WRONG-6,0.040367906249487856,0.7256300449371338,0.1329555593406911,0.12285131865044831,0.85,0.9051492052787086
OPPOST,20260810,8,same_03,OPPOST-WRONG-7,0.05907615734127933,0.8454843759536743,0.09811862773807364,0.08489131575876548,0.875,0.9292462142501073
OPPOST,20260810,8,same_03,OPPOST-WRONG-9,0.05964120032379269,0.8458966165781021,0.09918552193288588,0.07998695478552587,0.875,0.9284559221157472
OPPOST,20260810,9,same_01,OPPOST-POP,0.08835454338567852,0.8053390681743622,0.05547309810434676,0.06718264927347549,0.3666666666666667,0.955576928650609
OPPOST,20260810,9,same_01,OPPOST-MATCH,0.0859725382774303,0.8221371471881866,0.05165308341285279,0.053329218874607405,0.30000000000000004,0.9573343619916455
OPPOST,20260810,9,same_01,OPPOST-WRONG-1,0.0766675385197434,0.8388329893350601,0.04520537869132847,0.04415050566120256,0.33333333333333337,0.9634181306133174
OPPOST,20260810,9,same_01,OPPOST-WRONG-2,0.08744782077470452,0.7804540544748306,0.05803514359974265,0.07676157022671962,0.33333333333333337,0.952367753598708
OPPOST,20260810,9,same_01,OPPOST-WRONG-3,0.08567238357917194,0.7869835942983627,0.05851919583495802,0.0753903940575707,0.3666666666666667,0.95421460947096
OPPOST,20260810,9,same_01,OPPOST-WRONG-4,0.08766236188393023,0.8047953993082047,0.05599703100462802,0.06735764899975744,0.3666666666666667,0.9558738765844577
OPPOST,20260810,9,same_01,OPPOST-WRONG-5,0.08781530629843878,0.8015876114368439,0.05542566351791501,0.06637395450816984,0.30000000000000004,0.9540423645002755
OPPOST,20260810,9,same_01,OPPOST-WRONG-6,0.08689538263849197,0.7686700373888016,0.05657346933894561,0.08432235006837294,0.4,0.9532537232366505
OPPOST,20260810,9,same_01,OPPOST-WRONG-7,0.08638381894855196,0.8102421015501022,0.051836688205349535,0.061967194414062544,0.30000000000000004,0.9575989541140582
OPPOST,20260810,9,same_01,OPPOST-WRONG-8,0.08717017077462381,0.8165862560272217,0.05255934521407223,0.058601204498435165,0.30000000000000004,0.9567934435591483
OPPOST,20260810,9,same_02,OPPOST-POP,0.07193290957539931,0.8225003331899643,0.04361832628447636,0.0702105260237325,0.2666666666666667,0.9667418744421811
OPPOST,20260810,9,same_02,OPPOST-MATCH,0.07273634901727549,0.8287580013275146,0.0425280259741636,0.06495558453101742,0.30000000000000004,0.9673274472211304
OPPOST,20260810,9,same_02,OPPOST-WRONG-1,0.06996257056223976,0.8272394835948944,0.04259792114040665,0.06541189863298663,0.30000000000000004,0.9673369155903992
OPPOST,20260810,9,same_02,OPPOST-WRONG-2,0.07331274879668652,0.8334542661905289,0.04174938557173607,0.06096704448293541,0.33333333333333337,0.9672135768713211
OPPOST,20260810,9,same_02,OPPOST-WRONG-3,0.07012055874775225,0.8149714916944504,0.04491557983842447,0.07382110552816915,0.2666666666666667,0.9653788918372832
OPPOST,20260810,9,same_02,OPPOST-WRONG-4,0.07096228731225657,0.8305304944515228,0.04242125649902629,0.06335590479050866,0.33333333333333337,0.9675557353571352
OPPOST,20260810,9,same_02,OPPOST-WRONG-5,0.0481228301421113,0.7784844785928726,0.04943756511869162,0.08513365105490099,0.23333333333333328,0.9659075259077735
OPPOST,20260810,9,same_02,OPPOST-WRONG-6,-0.1281948699950994,0.5652505159378052,0.0804578784625186,0.1516084768611113,0.033333333333333326,0.9552376905153888
OPPOST,20260810,9,same_02,OPPOST-WRONG-7,0.07283565730195497,0.8292044103145599,0.0424209598601105,0.06372962909203789,0.2666666666666667,0.9676311711025187
OPPOST,20260810,9,same_02,OPPOST-WRONG-8,0.07291562282275496,0.8223897963762283,0.04350664748819653,0.0702976654760548,0.2666666666666667,0.9666864955524779
OPPOST,20260810,9,same_03,OPPOST-POP,0.06425594465114653,0.7069864273071289,0.06101749546969964,0.11343205490904236,0.7,0.9528735165171303
OPPOST,20260810,9,same_03,OPPOST-MATCH,0.07542115809587308,0.7818512618541718,0.05612123148119019,0.07814044889719611,0.675,0.9553449437660514
OPPOST,20260810,9,same_03,OPPOST-WRONG-1,0.07806191060577578,0.762904480099678,0.057718288629831305,0.09160014002247914,0.65,0.9540128653907128
OPPOST,20260810,9,same_03,OPPOST-WRONG-2,0.04765316329315081,0.6468318104743958,0.06302828070178594,0.12221617460159866,0.7,0.9527065098434259
OPPOST,20260810,9,same_03,OPPOST-WRONG-3,0.05287731030503551,0.7029937505722046,0.06095639053671939,0.10988560278836068,0.7,0.9538440631013522
OPPOST,20260810,9,same_03,OPPOST-WRONG-4,0.07318982771002994,0.7470495402812958,0.05882001672154174,0.09966943429888837,0.7,0.9536816290734633
OPPOST,20260810,9,same_03,OPPOST-WRONG-5,-0.0042881784311500915,0.620766669511795,0.06126899241769208,0.10944539472996188,0.65,0.9592624492192233
OPPOST,20260810,9,same_03,OPPOST-WRONG-6,0.011154525672974258,0.5767821669578552,0.06557291918880892,0.13014086085280674,0.7,0.9535007624236469
OPPOST,20260810,9,same_03,OPPOST-WRONG-7,0.07565020001386025,0.7758694738149643,0.05605036932191903,0.08150657680746552,0.675,0.9562370030367363
OPPOST,20260810,9,same_03,OPPOST-WRONG-8,0.06971743197528012,0.7292607426643372,0.05970380295361766,0.10616847687475182,0.7,0.9531899851546294
OPPOST,20260811,1,same_01,OPPOST-POP,0.04339734835779112,0.846844881772995,0.03995354563993266,0.08995207916046154,0.33333333333333337,0.9730467119066907
OPPOST,20260811,1,same_01,OPPOST-MATCH,0.054918564168177975,0.880729578435421,0.034306897546267,0.04351145353512962,0.2666666666666667,0.9754769798525799
OPPOST,20260811,1,same_01,OPPOST-WRONG-2,0.039235391480367435,0.8303372263908386,0.041837024749507096,0.10172523249289635,0.2666666666666667,0.972115440024869
OPPOST,20260811,1,same_01,OPPOST-WRONG-3,0.036307405871182835,0.8329788595438004,0.040575642175505904,0.09603074360537095,0.23333333333333328,0.9742055969978248
OPPOST,20260811,1,same_01,OPPOST-WRONG-4,0.04089352166229218,0.8438293486833572,0.040103545637074245,0.09158398500619438,0.33333333333333337,0.973758881346573
OPPOST,20260811,1,same_01,OPPOST-WRONG-5,0.04356023123190324,0.8439644426107407,0.04032992888358383,0.09212348618921157,0.23333333333333328,0.9727528329917225
OPPOST,20260811,1,same_01,OPPOST-WRONG-6,0.0446383738476908,0.832384005188942,0.04129685500452903,0.09438170343769146,0.23333333333333328,0.9713522640214304
OPPOST,20260811,1,same_01,OPPOST-WRONG-7,0.049987459153699954,0.8579457551240921,0.03857530591109394,0.07482815206617636,0.23333333333333328,0.9728505427242299
OPPOST,20260811,1,same_01,OPPOST-WRONG-8,0.04781642164514238,0.8573076725006104,0.03882617702426854,0.07807845583480771,0.19999999999999996,0.97307999175235
OPPOST,20260811,1,same_01,OPPOST-WRONG-9,0.04745638305235102,0.8607176244258881,0.0384016987693992,0.07421722734469519,0.16666666666666663,0.973543233981684
OPPOST,20260811,1,same_02,OPPOST-POP,0.09895848903808521,0.7884471416473389,0.041884697547165395,0.09688157652738046,0.1333333333333333,0.9706332189001613
OPPOST,20260811,1,same_02,OPPOST-MATCH,0.09834888225256389,0.7921082079410553,0.04148004843385499,0.09496325032002356,0.09999999999999998,0.9709989928964038
OPPOST,20260811,1,same_02,OPPOST-WRONG-2,0.09652766156433684,0.7991777211427689,0.04095967194305063,0.08802181190533417,0.06666666666666665,0.9703483992512048
OPPOST,20260811,1,same_02,OPPOST-WRONG-3,0.09703422515600257,0.7794829308986664,0.04220375913923016,0.10042205279526353,0.1333333333333333,0.9710338964988888
OPPOST,20260811,1,same_02,OPPOST-WRONG-4,0.10007403409558889,0.7962400019168854,0.04124550084623696,0.08957665925535113,0.1333333333333333,0.9709612969025067
OPPOST,20260811,1,same_02,OPPOST-WRONG-5,0.07013644266553457,0.7360199987888336,0.044049799629578654,0.10609129560486409,0.1333333333333333,0.9751648201198168
OPPOST,20260811,1,same_02,OPPOST-WRONG-6,-0.13933858027780335,0.4607808589935303,0.07006299399334118,0.1506158596873331,-0.10000000000000009,0.9763339964353746
OPPOST,20260811,1,same_02,OPPOST-WRONG-7,0.09961671375193773,0.7953580617904663,0.04132081457118676,0.08936828368635655,0.1333333333333333,0.9705508317750096
OPPOST,20260811,1,same_02,OPPOST-WRONG-8,0.10003519277007501,0.7862001210451126,0.04222682502794221,0.0992364462149074,0.1333333333333333,0.9701690315794079
OPPOST,20260811,1,same_02,OPPOST-WRONG-9,0.10136645345064482,0.7941605150699615,0.04161753285020162,0.09210800286140815,0.1333333333333333,0.9703575754117238
OPPOST,20260811,1,same_03,OPPOST-POP,0.0065074225987675205,0.6909793615341187,0.06692404586548226,0.10930989956815573,0.55,0.9548764981400599
OPPOST,20260811,1,same_03,OPPOST-MATCH,0.03624986767325583,0.7680258452892303,0.0629480870909559,0.07675218921300926,0.575,0.954509080818749
OPPOST,20260811,1,same_03,OPPOST-WRONG-2,-0.04709083123264768,0.6140356063842773,0.0688329478409431,0.13548006185158723,0.5,0.9567858611071112
OPPOST,20260811,1,same_03,OPPOST-WRONG-3,-0.0076174630244521535,0.6540800929069519,0.06678861655912009,0.11973210447257678,0.5,0.9573243410555308
OPPOST,20260811,1,same_03,OPPOST-WRONG-4,0.021432849454165792,0.7432084083557129,0.06484529950014223,0.08846573324353457,0.525,0.954405629994241
OPPOST,20260811,1,same_03,OPPOST-WRONG-5,-0.08155489022697615,0.47139376401901245,0.06822093591880596,0.16090874066969033,0.525,0.9692485362131564
OPPOST,20260811,1,same_03,OPPOST-WRONG-6,-0.09819750906124103,0.48855626583099365,0.0713889880988901,0.1647379961897457,0.625,0.9613311720894613
OPPOST,20260811,1,same_03,OPPOST-WRONG-7,-0.0004770033725435552,0.7673557251691818,0.05870015150178144,0.07252957478497557,0.6,0.957813598413198
OPPOST,20260811,1,same_03,OPPOST-WRONG-8,-0.006473429764810135,0.7181780338287354,0.06555225134575478,0.09619968366778096,0.575,0.9554644495332557
OPPOST,20260811,1,same_03,OPPOST-WRONG-9,0.027435715210716194,0.7863428443670273,0.06046117834373353,0.06299886565748582,0.625,0.9562449713965171
OPPOST,20260811,2,same_01,OPPOST-POP,0.11660483999681942,0.8517201691865921,0.09137721373618479,0.11491154588923218,0.1333333333333333,0.9301709651386073
OPPOST,20260811,2,same_01,OPPOST-MATCH,0.12552517428269278,0.8246168494224548,0.09544110021283139,0.13392436229839777,0.1333333333333333,0.9264916485604381
OPPOST,20260811,2,same_01,OPPOST-WRONG-1,0.08259236786055865,0.8741733878850937,0.07951350119470726,0.08364316124364331,0.09999999999999998,0.9391179903046075
OPPOST,20260811,2,same_01,OPPOST-WRONG-3,0.11681891030216823,0.835859939455986,0.09312322623649642,0.12274610871097973,0.1333333333333333,0.9285910277752478
OPPOST,20260811,2,same_01,OPPOST-WRONG-4,0.11796697507021167,0.8477714955806732,0.09189382071067438,0.11416359235646441,0.1333333333333333,0.9304875140277298
OPPOST,20260811,2,same_01,OPPOST-WRONG-5,0.11588271105040601,0.8435901999473572,0.09213789076420792,0.11917471718852396,0.06666666666666665,0.9292477292561647
OPPOST,20260811,2,same_01,OPPOST-WRONG-6,0.11226117809191807,0.8185981214046478,0.09379065354294311,0.1334321228587299,0.2666666666666667,0.9277229224930612
OPPOST,20260811,2,same_01,OPPOST-WRONG-7,0.10340516362610422,0.8539481610059738,0.08794902933517161,0.10984778087061148,0.06666666666666665,0.932284816043927
OPPOST,20260811,2,same_01,OPPOST-WRONG-8,0.10292138387855831,0.8581063449382782,0.08871768484038361,0.10940007350348332,0.16666666666666663,0.9316497997368456
OPPOST,20260811,2,same_01,OPPOST-WRONG-9,0.10111096499701186,0.8617786467075348,0.08756596695861757,0.10345680816932151,0.1333333333333333,0.9329054198510587
OPPOST,20260811,2,same_02,OPPOST-POP,0.07332308336044831,0.8416764587163925,0.09243082449576383,0.11371797966582488,0.06666666666666665,0.9368424302509366
OPPOST,20260811,2,same_02,OPPOST-MATCH,0.07312100148812062,0.8519776165485382,0.08964634881479104,0.10464091695692589,0.09999999999999998,0.936285300953074
OPPOST,20260811,2,same_02,OPPOST-WRONG-1,0.0697060551896761,0.843454048037529,0.0915531331349449,0.11028899349388144,0.06666666666666665,0.9382304192013982
OPPOST,20260811,2,same_02,OPPOST-WRONG-3,0.0706818067064483,0.8309994339942932,0.09278410538285152,0.11971842583205215,0.06666666666666665,0.9372297516932746
OPPOST,20260811,2,same_02,OPPOST-WRONG-4,0.07068839382476552,0.8476741909980774,0.09112952594026547,0.10727629987196849,0.06666666666666665,0.9376126199389372
OPPOST,20260811,2,same_02,OPPOST-WRONG-5,0.06315259809729198,0.790305033326149,0.09664410978285157,0.12652207586557054,0.06666666666666665,0.9441132355421312
OPPOST,20260811,2,same_02,OPPOST-WRONG-6,-0.07490300454629945,0.5773419141769409,0.11552368459827281,0.16246259480973618,0.1333333333333333,0.9605194076288707
OPPOST,20260811,2,same_02,OPPOST-WRONG-7,0.0723795942085282,0.8481985479593277,0.0911104479280807,0.10761119358729115,0.06666666666666665,0.9367027811488431
OPPOST,20260811,2,same_02,OPPOST-WRONG-8,0.0715411801850779,0.8390594869852066,0.09311296344391683,0.11745515206516223,0.06666666666666665,0.935956211975569
OPPOST,20260811,2,same_02,OPPOST-WRONG-9,0.07041272564093998,0.8469519913196564,0.09145416366373167,0.10948709813915486,0.06666666666666665,0.936903577961584
OPPOST,20260811,2,same_03,OPPOST-POP,0.09436807427580587,0.7938545197248459,0.07536248072004686,0.09405858305209747,0.19999999999999996,0.9258076508841184
OPPOST,20260811,2,same_03,OPPOST-MATCH,0.09932357694435472,0.7656254023313522,0.07781923284141257,0.10479658107698624,0.15000000000000002,0.9213457736659358
OPPOST,20260811,2,same_03,OPPOST-WRONG-1,0.08393948218888203,0.8325888514518738,0.07029030766976965,0.07074832952491511,0.09999999999999998,0.9308557529682993
OPPOST,20260811,2,same_03,OPPOST-WRONG-3,0.09191503363148917,0.7707908004522324,0.07558295561725044,0.09707245317117998,0.15000000000000002,0.9268013414477879
OPPOST,20260811,2,same_03,OPPOST-WRONG-4,0.08919781571569022,0.8185564279556274,0.07271036869506758,0.08219137612480988,0.125,0.9282930795094255
OPPOST,20260811,2,same_03,OPPOST-WRONG-5,0.06419002122693201,0.6895376741886139,0.07662012861228819,0.0929462149150412,0.07499999999999996,0.9400480004402878
OPPOST,20260811,2,same_03,OPPOST-WRONG-6,0.08293887848592729,0.7141266465187073,0.0805037300695519,0.11166223527919224,0.15000000000000002,0.9222293194641318
OPPOST,20260811,2,same_03,OPPOST-WRONG-7,0.08978353386850257,0.8411778658628464,0.06732416883584014,0.0662932464390489,0.15000000000000002,0.9314507249666022
OPPOST,20260811,2,same_03,OPPOST-WRONG-8,0.08233551157661245,0.8088655918836594,0.07391290275569931,0.08802059178920969,0.07499999999999996,0.9277760146866723
OPPOST,20260811,2,same_03,OPPOST-WRONG-9,0.0725696612080507,0.8447045236825943,0.06767358376906638,0.061271170418515715,0.15000000000000002,0.9342813754004566
OPPOST,20260811,3,same_01,OPPOST-POP,0.1049115729016463,0.8625831753015518,0.05747684826779552,0.07869734335481218,-0.03333333333333344,0.9555007745323016
OPPOST,20260811,3,same_01,OPPOST-MATCH,0.11502982518016289,0.8458857089281082,0.05990108522571078,0.09979970069037936,0.0,0.9493705526869378
OPPOST,20260811,3,same_01,OPPOST-WRONG-1,0.05986938381244761,0.8964092954993248,0.050071110576565186,0.035986247628699175,0.0,0.9654279153104834
OPPOST,20260811,3,same_01,OPPOST-WRONG-2,0.1223787266888259,0.8319865316152573,0.061451175752047914,0.09314822053773547,0.033333333333333326,0.9514833689524879
OPPOST,20260811,3,same_01,OPPOST-WRONG-4,0.10550937439975985,0.8644906133413315,0.0577560550574358,0.0767654717495933,0.0,0.9564738556916945
OPPOST,20260811,3,same_01,OPPOST-WRONG-5,0.10299385818669313,0.8522141426801682,0.05797374043259787,0.08071946483114585,-0.03333333333333344,0.9543461981752247
OPPOST,20260811,3,same_01,OPPOST-WRONG-6,0.1259770097214237,0.8237928152084351,0.062177314482053776,0.09424544568086221,0.0,0.9525101363446457
OPPOST,20260811,3,same_01,OPPOST-WRONG-7,0.09514299089636619,0.8668243736028671,0.056305956454917636,0.06660622132079914,-0.06666666666666665,0.9582521852481809
OPPOST,20260811,3,same_01,OPPOST-WRONG-8,0.09102559325587611,0.8734547942876816,0.05578141623327369,0.06529844352735704,0.033333333333333326,0.9576027681020661
OPPOST,20260811,3,same_01,OPPOST-WRONG-9,0.0857002914682164,0.8796371892094612,0.05480635929034108,0.055155555806944825,0.0,0.9605345187476009
OPPOST,20260811,3,same_02,OPPOST-POP,0.12826068190703088,0.8411916047334671,0.06455067238982266,0.08884223771898513,0.09999999999999998,0.952308745688626
OPPOST,20260811,3,same_02,OPPOST-MATCH,0.1316049387379651,0.8318524062633514,0.06642711788342333,0.0997236333649634,0.06666666666666665,0.9478884496707857
OPPOST,20260811,3,same_02,OPPOST-WRONG-1,0.12043469822927838,0.8489196598529816,0.06417691663140178,0.07884569928739905,0.06666666666666665,0.9549970039075815
OPPOST,20260811,3,same_02,OPPOST-WRONG-2,0.11362452911378368,0.842214435338974,0.061475818464045186,0.08182251451759204,0.06666666666666665,0.9523475918825132
OPPOST,20260811,3,same_02,OPPOST-WRONG-4,0.11496899380527559,0.8539925515651703,0.06290118588472057,0.07448931228497026,0.06666666666666665,0.9551922031387371
OPPOST,20260811,3,same_02,OPPOST-WRONG-5,0.1465928729572894,0.8064340651035309,0.07378914675203246,0.10635724891293127,0.06666666666666665,0.9452441088953071
OPPOST,20260811,3,same_02,OPPOST-WRONG-6,0.10790393030152973,0.6103549599647522,0.11516932641273682,0.13919662291244025,0.2666666666666667,0.924416177265999
OPPOST,20260811,3,same_02,OPPOST-WRONG-7,0.11661077775133893,0.8442501276731491,0.062457702540237844,0.07816307967493279,0.06666666666666665,0.9546439932727139
OPPOST,20260811,3,same_02,OPPOST-WRONG-8,0.12984543234383134,0.8350516259670258,0.06482654726281162,0.09158534209336587,0.09999999999999998,0.9519101652242711
OPPOST,20260811,3,same_02,OPPOST-WRONG-9,0.11843724909749992,0.8452234417200089,0.06319736396790647,0.07931403894687948,0.1333333333333333,0.9546730661015767
OPPOST,20260811,3,same_03,OPPOST-POP,0.07115403651647892,0.8256186544895172,0.06225917979125898,0.09668226418093506,-0.1499999999999999,0.9440794233920262
OPPOST,20260811,3,same_03,OPPOST-MATCH,0.07521583191978104,0.8175320327281952,0.06392121602317331,0.1015541567692126,-0.30000000000000004,0.9410051474651984
OPPOST,20260811,3,same_03,OPPOST-WRONG-1,0.05816287282334798,0.8773563429713249,0.0554775287726941,0.05929733495927736,-0.2749999999999999,0.9543179933544983
OPPOST,20260811,3,same_03,OPPOST-WRONG-2,0.06792693816997195,0.7873059660196304,0.06508068852779661,0.10811633461760765,-0.30000000000000004,0.9396596971315899
OPPOST,20260811,3,same_03,OPPOST-WRONG-4,0.06279342049989889,0.868136078119278,0.0581057089201569,0.06646857449128747,-0.2749999999999999,0.9505569199244436
OPPOST,20260811,3,same_03,OPPOST-WRONG-5,0.06302568060244895,0.7452753782272339,0.07131137499470136,0.12289162485416594,-0.17500000000000004,0.9350766881884881
OPPOST,20260811,3,same_03,OPPOST-WRONG-6,0.04458999267542621,0.7154636383056641,0.07165392021311108,0.15040906589390426,-0.2749999999999999,0.9311035648695605
OPPOST,20260811,3,same_03,OPPOST-WRONG-7,0.038612493095691536,0.8806934282183647,0.05117707863777781,0.050132295953995876,-0.125,0.9543444646113732
OPPOST,20260811,3,same_03,OPPOST-WRONG-8,0.056390753730405196,0.852459043264389,0.05976887452505145,0.07343457951224173,-0.30000000000000004,0.9491477149052461
OPPOST,20260811,3,same_03,OPPOST-WRONG-9,0.039457952296233,0.8850874304771423,0.05228772505580961,0.055619130639912556,-0.2749999999999999,0.9552664643890857
OPPOST,20260811,4,same_01,OPPOST-POP,0.14929720039285882,0.8088621199131012,0.0705681516171822,0.1066571801461007,0.6,0.9278491742559781
OPPOST,20260811,4,same_01,OPPOST-MATCH,0.15020067925888053,0.8115393072366714,0.0703867169342037,0.10571244993442624,0.6,0.9279342144450418
OPPOST,20260811,4,same_01,OPPOST-WRONG-1,0.11706671110979289,0.8442233949899673,0.06143303742557087,0.0834568467674533,0.6,0.9392353464307835
OPPOST,20260811,4,same_01,OPPOST-WRONG-2,0.1477574074792722,0.7874227166175842,0.07335068243373916,0.11327270308729515,0.6333333333333333,0.9242508336441347
OPPOST,20260811,4,same_01,OPPOST-WRONG-3,0.1428112532239572,0.7969662696123123,0.07282346021205212,0.10985713789311262,0.5666666666666667,0.9246885602610854
OPPOST,20260811,4,same_01,OPPOST-WRONG-5,0.13734604531978725,0.806927427649498,0.07074669125475472,0.10738833037688826,0.5666666666666667,0.9277857725231066
OPPOST,20260811,4,same_01,OPPOST-WRONG-6,0.13864686824986333,0.7696616351604462,0.07356337830521847,0.11046690830104491,0.6,0.9233053390553294
OPPOST,20260811,4,same_01,OPPOST-WRONG-7,0.14157037618750581,0.8151615560054779,0.0684071836217671,0.10100587627147867,0.6,0.9299770467245824
OPPOST,20260811,4,same_01,OPPOST-WRONG-8,0.14190438836560337,0.8181212544441223,0.06864952436423027,0.10192692853914946,0.5666666666666667,0.9300328771140671
OPPOST,20260811,4,same_01,OPPOST-WRONG-9,0.13839329038311446,0.8243769258260727,0.0676885405558487,0.09929016829517262,0.5666666666666667,0.9316942247913238
OPPOST,20260811,4,same_02,OPPOST-POP,0.11978018575272661,0.8153683394193649,0.06521545166662579,0.09053681215028732,0.7704918032786885,0.9457215929235196
OPPOST,20260811,4,same_02,OPPOST-MATCH,0.11879339093341384,0.8219981342554092,0.06417658783015359,0.0873994796350641,0.7990155865463495,0.9465427198257397
OPPOST,20260811,4,same_02,OPPOST-WRONG-1,0.11927571670724624,0.8187637776136398,0.06443398638859743,0.08901101180543469,0.7704918032786885,0.9468732295598711
OPPOST,20260811,4,same_02,OPPOST-WRONG-2,0.10846449614087644,0.8254241943359375,0.06301453767663368,0.08411904022030299,0.7704918032786885,0.9484150118554983
OPPOST,20260811,4,same_02,OPPOST-WRONG-3,0.11766162118358245,0.8098395466804504,0.06575111663262997,0.09303680907180983,0.7704918032786885,0.9457234635020342
OPPOST,20260811,4,same_02,OPPOST-WRONG-5,0.13131097720154988,0.7845803499221802,0.06841348156302372,0.10440825798419603,0.7993447993447993,0.9442235557638722
OPPOST,20260811,4,same_02,OPPOST-WRONG-6,0.061119453267597185,0.5721160173416138,0.09871694258296876,0.13225624296794175,0.7415914684167351,0.9370176413811848
OPPOST,20260811,4,same_02,OPPOST-WRONG-7,0.11565294559104444,0.8216266930103302,0.06421099343893687,0.08688506420430729,0.7704918032786885,0.9464832653214296
OPPOST,20260811,4,same_02,OPPOST-WRONG-8,0.12006172152458541,0.8150705248117447,0.06526307852667813,0.0904650168758493,0.7704918032786885,0.9456353588850372
OPPOST,20260811,4,same_02,OPPOST-WRONG-9,0.11852853395157292,0.8207661211490631,0.06440984711287547,0.0874763078349783,0.7704918032786885,0.9461340328864892
OPPOST,20260811,4,same_03,OPPOST-POP,0.026401155259089953,0.7523188591003418,0.06790095955981253,0.09466343662752585,0.875,0.9562184464607036
OPPOST,20260811,4,same_03,OPPOST-MATCH,0.03786176947443083,0.7826443463563919,0.06491462410727551,0.08465677353688288,0.925,0.957293894606329
OPPOST,20260811,4,same_03,OPPOST-WRONG-1,0.04347193447563123,0.8029187917709351,0.062189872180358825,0.0764436954380945,0.925,0.9586332561555929
OPPOST,20260811,4,same_03,OPPOST-WRONG-2,0.01766908558303032,0.733780026435852,0.06963498935530112,0.09932560648032207,0.875,0.9549705007739994
OPPOST,20260811,4,same_03,OPPOST-WRONG-3,0.016752579206346735,0.7370198965072632,0.06860931415324358,0.09449147205154972,0.9,0.9564510200828491
OPPOST,20260811,4,same_03,OPPOST-WRONG-5,-0.058525550514913344,0.6321588456630707,0.07609850864052599,0.1025927569514532,0.9,0.9578252802233921
OPPOST,20260811,4,same_03,OPPOST-WRONG-6,-0.02080930187641772,0.6693403124809265,0.075150818771781,0.11128820879616101,0.875,0.953845667401186
OPPOST,20260811,4,same_03,OPPOST-WRONG-7,0.041699804853846625,0.8177455961704254,0.05919710810392541,0.06354674738278326,0.875,0.961078290075898
OPPOST,20260811,4,same_03,OPPOST-WRONG-8,0.03374714331311755,0.7713152915239334,0.06596767325964052,0.08836062174417665,0.925,0.956648053391686
OPPOST,20260811,4,same_03,OPPOST-WRONG-9,0.04736846884501472,0.8216519504785538,0.05941016180806619,0.06536119122060989,0.9,0.9601485569417495
OPPOST,20260811,5,same_01,OPPOST-POP,0.11434239912096353,0.8331631571054459,0.09674840982677387,0.10451579015196549,0.4,0.9221163568200208
OPPOST,20260811,5,same_01,OPPOST-MATCH,0.11667706241747103,0.8243338465690613,0.09805499417129801,0.1110496103565316,0.43333333333333335,0.9207982870991853
OPPOST,20260811,5,same_01,OPPOST-WRONG-1,0.07571109795218808,0.8703178316354752,0.07978056629147005,0.05513616972439527,0.5,0.9359752884488485
OPPOST,20260811,5,same_01,OPPOST-WRONG-2,0.12376525773610475,0.8110343813896179,0.10120020295207581,0.11425457518979076,0.43333333333333335,0.9190763732313674
OPPOST,20260811,5,same_01,OPPOST-WRONG-3,0.12059958410948604,0.8155464977025986,0.09838313564372451,0.1062782728022998,0.5333333333333333,0.9219829014448107
OPPOST,20260811,5,same_01,OPPOST-WRONG-4,0.11607893863083854,0.8310181051492691,0.09696690682998191,0.10668829258546236,0.4,0.9225980856649066
OPPOST,20260811,5,same_01,OPPOST-WRONG-6,0.11788087897431168,0.8112541735172272,0.09836924587640387,0.09733876243526215,0.4666666666666667,0.9210117007352084
OPPOST,20260811,5,same_01,OPPOST-WRONG-7,0.10325109584279102,0.8435672223567963,0.09177164602463261,0.08197672190510229,0.43333333333333335,0.9257712419399584
OPPOST,20260811,5,same_01,OPPOST-WRONG-8,0.1062867726205392,0.8446926772594452,0.0930867850141569,0.09074087190916523,0.5,0.9248354758679161
OPPOST,20260811,5,same_01,OPPOST-WRONG-9,0.10183319478580699,0.8485253155231476,0.09191985564362427,0.08879188840464586,0.4,0.9259156902059705
OPPOST,20260811,5,same_02,OPPOST-POP,0.11062333228897292,0.8283284455537796,0.10598417303713391,0.12299099758878217,0.5986895986895987,0.9083831737613159
OPPOST,20260811,5,same_02,OPPOST-MATCH,0.1303159563827764,0.7801631838083267,0.11474417885921452,0.15087343989743154,0.6548890714872637,0.8986100522123559
OPPOST,20260811,5,same_02,OPPOST-WRONG-1,0.09837956755237673,0.8316769450902939,0.10470516504147152,0.12055002518380456,0.6279640228945217,0.9108283497319525
OPPOST,20260811,5,same_02,OPPOST-WRONG-2,0.09525754729887315,0.8344526886940002,0.10090276236326493,0.1051884115828207,0.6267432321575062,0.9135764295575999
OPPOST,20260811,5,same_02,OPPOST-WRONG-3,0.11112264319240311,0.8172956109046936,0.10785010595469231,0.1319391570281011,0.5986895986895987,0.9056473160988621
OPPOST,20260811,5,same_02,OPPOST-WRONG-4,0.09732531243060669,0.8383012413978577,0.10268096069185305,0.1113535076728942,0.5986895986895987,0.9127390790199112
OPPOST,20260811,5,same_02,OPPOST-WRONG-6,0.08341431377241587,0.5623964965343475,0.16690539358738507,0.20883541099739714,0.6831275720164609,0.8849041123501413
OPPOST,20260811,5,same_02,OPPOST-WRONG-7,0.09759568439855237,0.8327910751104355,0.10213350220091552,0.1078678634536521,0.6267432321575062,0.9132215255429175
OPPOST,20260811,5,same_02,OPPOST-WRONG-8,0.10842576844060248,0.823996290564537,0.10662597536951374,0.12481104580928133,0.5986895986895987,0.9078366039913112
OPPOST,20260811,5,same_02,OPPOST-WRONG-9,0.09458559040686662,0.834886834025383,0.1030743007406621,0.11128083563972564,0.5986895986895987,0.9127335131652192
OPPOST,20260811,5,same_03,OPPOST-POP,0.06631972638685715,0.8105812072753906,0.09576295815249568,0.1268240886427632,0.65,0.9139204047194972
OPPOST,20260811,5,same_03,OPPOST-MATCH,0.06754481544724314,0.7718231379985809,0.10364414045889962,0.15096801996028322,0.7,0.9083363897574852
OPPOST,20260811,5,same_03,OPPOST-WRONG-1,0.05402468833369517,0.8555884808301926,0.08571198086243698,0.0845054917163605,0.65,0.9248984437666616
OPPOST,20260811,5,same_03,OPPOST-WRONG-2,0.04427159118750351,0.7265320420265198,0.09885385415860025,0.16027260613864114,0.625,0.9145750462752172
OPPOST,20260811,5,same_03,OPPOST-WRONG-3,0.0693714077043246,0.8065045326948166,0.09746293600500475,0.13085769262997968,0.625,0.9119244715920913
OPPOST,20260811,5,same_03,OPPOST-WRONG-4,0.05405993592759542,0.8404313623905182,0.08987604036253784,0.10139360903710505,0.65,0.9212096566317415
OPPOST,20260811,5,same_03,OPPOST-WRONG-6,0.03572782510142236,0.6830750703811646,0.1042270115096224,0.18011355406283225,0.65,0.9097013322440152
OPPOST,20260811,5,same_03,OPPOST-WRONG-7,0.05888148825856662,0.8622480034828186,0.08073608273925312,0.06864590267693897,0.65,0.9291688020707466
OPPOST,20260811,5,same_03,OPPOST-WRONG-8,0.04542853954398601,0.8189170658588409,0.09188613883383136,0.11666833394690505,0.65,0.9203821209804243
OPPOST,20260811,5,same_03,OPPOST-WRONG-9,0.04105109919755201,0.8731369078159332,0.080296730886196,0.06220691023384284,0.625,0.9296589990972166
OPPOST,20260811,6,same_01,OPPOST-POP,0.09267498402176122,0.8815366178750992,0.05688905624351474,0.0751905813512917,0.16666666666666663,0.9572950624622598
OPPOST,20260811,6,same_01,OPPOST-MATCH,0.10070388344551987,0.8518314808607101,0.059668921694728164,0.09732635829547226,0.09999999999999998,0.9532658277499726
OPPOST,20260811,6,same_01,OPPOST-WRONG-1,0.050067116181243265,0.9083540812134743,0.04200857802580084,0.03129984148656356,0.09999999999999998,0.9668272769705731
OPPOST,20260811,6,same_01,OPPOST-WRONG-2,0.10755492357153948,0.8525390326976776,0.06225388874272961,0.10681340365229018,0.1333333333333333,0.9522613387626714
OPPOST,20260811,6,same_01,OPPOST-WRONG-3,0.10634096840531801,0.8595678508281708,0.059794611128264834,0.0960215265339808,0.1333333333333333,0.9563584911782446
OPPOST,20260811,6,same_01,OPPOST-WRONG-4,0.09753613563729971,0.8756206333637238,0.058189593478532406,0.08103263378632043,0.16666666666666663,0.9570041993021804
OPPOST,20260811,6,same_01,OPPOST-WRONG-5,0.09327205480131279,0.870388075709343,0.05836707613312513,0.08495166125170668,0.09999999999999998,0.9553525023216861
OPPOST,20260811,6,same_01,OPPOST-WRONG-7,0.07826509393635206,0.8888694569468498,0.051921019617090475,0.05717553511904791,0.09999999999999998,0.9593469418710275
OPPOST,20260811,6,same_01,OPPOST-WRONG-8,0.07983945601520609,0.8927589803934097,0.052785718464804704,0.05997691818814816,0.09999999999999998,0.9591941844711855
OPPOST,20260811,6,same_01,OPPOST-WRONG-9,0.07526497459680453,0.8961543589830399,0.05181082676664652,0.05197762083800464,0.06666666666666665,0.9600803873424457
OPPOST,20260811,6,same_02,OPPOST-POP,0.08475821757397678,0.8856283947825432,0.047426565934308086,0.08664614135540884,0.4666666666666667,0.9640124158618194
OPPOST,20260811,6,same_02,OPPOST-MATCH,0.2231759243002873,0.6989140808582306,0.0816257193871788,0.19059150703657887,0.4,0.9396886954956474
OPPOST,20260811,6,same_02,OPPOST-WRONG-1,0.08156854721299306,0.8870176300406456,0.047303970167324766,0.08464327812294718,0.5,0.9638582342125289
OPPOST,20260811,6,same_02,OPPOST-WRONG-2,0.07121468461993774,0.8910192251205444,0.04450409807652008,0.07249626172665247,0.4,0.9673706954469322
OPPOST,20260811,6,same_02,OPPOST-WRONG-3,0.09235643371574515,0.8758840337395668,0.04850891787828603,0.09849640108681043,0.5,0.9633980302088228
OPPOST,20260811,6,same_02,OPPOST-WRONG-4,0.07765407033940497,0.892122820019722,0.045961339168255275,0.07529819366530598,0.5,0.9653975718432702
OPPOST,20260811,6,same_02,OPPOST-WRONG-5,0.11688622746291072,0.8526585102081299,0.05215731147382153,0.1159928911093864,0.5333333333333333,0.9592253050278216
OPPOST,20260811,6,same_02,OPPOST-WRONG-7,0.0770850596794238,0.88906130194664,0.04582259275559907,0.0743863948701903,0.4666666666666667,0.9659288058931745
OPPOST,20260811,6,same_02,OPPOST-WRONG-8,0.08841447672349645,0.8799019455909729,0.048235647607999386,0.09213125666596857,0.4666666666666667,0.9635477126761616
OPPOST,20260811,6,same_02,OPPOST-WRONG-9,0.07907026647535531,0.8880912512540817,0.04654491506836943,0.07902969292780547,0.5,0.965181380914482
OPPOST,20260811,6,same_03,OPPOST-POP,0.08752133057490585,0.876701831817627,0.0511883751616102,0.08772968650511231,0.5,0.9525922090433847
OPPOST,20260811,6,same_03,OPPOST-MATCH,0.12141507568313603,0.8160928189754486,0.05950987358295475,0.13410861111893327,0.475,0.9450263929493444
OPPOST,20260811,6,same_03,OPPOST-WRONG-1,0.060294890255641415,0.90772595256567,0.04387355778105513,0.03925755349562396,0.55,0.9599987983985471
OPPOST,20260811,6,same_03,OPPOST-WRONG-2,0.10094907124140368,0.8521546721458435,0.05461320952094036,0.11195367219226937,0.525,0.9489221781168231
OPPOST,20260811,6,same_03,OPPOST-WRONG-3,0.09619651166208823,0.8610175400972366,0.0527305907336565,0.10402673110246953,0.5,0.951227436870158
OPPOST,20260811,6,same_03,OPPOST-WRONG-4,0.06964763098548149,0.8992216363549232,0.04654532859610278,0.05529100357512338,0.5,0.957233668833373
OPPOST,20260811,6,same_03,OPPOST-WRONG-5,0.12393016156948991,0.8103041499853134,0.05823555507879154,0.13071664546944828,0.44999999999999996,0.9490992297525305
OPPOST,20260811,6,same_03,OPPOST-WRONG-7,0.05094871507395615,0.9115414097905159,0.04006149438188537,0.033451731320677976,0.525,0.9622829923740869
OPPOST,20260811,6,same_03,OPPOST-WRONG-8,0.07594050456565232,0.890247754752636,0.04841153901883233,0.06841897525394916,0.5,0.9556247402457582
OPPOST,20260811,6,same_03,OPPOST-WRONG-9,0.050264104737733684,0.915312759578228,0.04040255916997282,0.02548725346431689,0.575,0.9630900376329401
OPPOST,20260811,7,same_01,OPPOST-POP,0.10938880831776326,0.8284585475921631,0.06259480088716307,0.10479441098927009,-0.06666666666666665,0.9475604565549537
OPPOST,20260811,7,same_01,OPPOST-MATCH,0.10138865181702217,0.8452607095241547,0.059325965973376166,0.09507223957785566,0.0,0.9482499189781812
OPPOST,20260811,7,same_01,OPPOST-WRONG-1,0.07393329740091303,0.8704244494438171,0.053693924532428924,0.06493069946432423,0.033333333333333326,0.953035943667172
OPPOST,20260811,7,same_01,OPPOST-WRONG-2,0.11874721527363835,0.8041004687547684,0.06657616489310467,0.12457991510678686,0.0,0.9441583433911469
OPPOST,20260811,7,same_01,OPPOST-WRONG-3,0.10591236232560025,0.8094272911548615,0.06548696015254202,0.10621053989345469,0.0,0.9475856423300354
OPPOST,20260811,7,same_01,OPPOST-WRONG-4,0.10786782575131315,0.824767217040062,0.06341698148021246,0.10430054038791053,-0.03333333333333344,0.9477198639813799
OPPOST,20260811,7,same_01,OPPOST-WRONG-5,0.1070220648086467,0.8138838708400726,0.06402143788506891,0.1132733547916273,0.0,0.9462196304176914
OPPOST,20260811,7,same_01,OPPOST-WRONG-6,0.11629961066262492,0.8148082047700882,0.06447534421904279,0.11911650988844727,0.0,0.9442013696026713
OPPOST,20260811,7,same_01,OPPOST-WRONG-8,0.10140791487059417,0.842797264456749,0.06008044097729902,0.0961094861466627,0.0,0.9482580757731089
OPPOST,20260811,7,same_01,OPPOST-WRONG-9,0.09491972374380567,0.8465017527341843,0.059543504265984266,0.0924449685830219,-0.03333333333333344,0.948669723048949
OPPOST,20260811,7,same_02,OPPOST-POP,0.1327958304971263,0.8008301556110382,0.08080519174400896,0.0995732192984182,0.09999999999999998,0.9188381954058698
OPPOST,20260811,7,same_02,OPPOST-MATCH,0.13058937048806035,0.8081407994031906,0.07943050113330198,0.0965901795076912,0.09999999999999998,0.9201573711226176
OPPOST,20260811,7,same_02,OPPOST-WRONG-1,0.1278690764236638,0.8033357560634613,0.07994832049434165,0.09586727960197287,0.06666666666666665,0.9195018212982653
OPPOST,20260811,7,same_02,OPPOST-WRONG-2,0.12436525591231962,0.8134485483169556,0.07911681652905043,0.0917604833742332,0.06666666666666665,0.9216849476276399
OPPOST,20260811,7,same_02,OPPOST-WRONG-3,0.129916690433095,0.7912726104259491,0.08238652112305135,0.10376651179591212,0.09999999999999998,0.9183543982649282
OPPOST,20260811,7,same_02,OPPOST-WRONG-4,0.1287449752684282,0.8093618303537369,0.07912991631711534,0.0948671443248896,0.1333333333333333,0.9202430676550847
OPPOST,20260811,7,same_02,OPPOST-WRONG-5,0.1318932374306685,0.7429183721542358,0.08742103923875094,0.1232330071151076,0.23333333333333328,0.9167979614698927
OPPOST,20260811,7,same_02,OPPOST-WRONG-6,-0.02699575057248929,0.47477132081985474,0.11028359477473684,0.18041157373230604,0.30000000000000004,0.9224594104873147
OPPOST,20260811,7,same_02,OPPOST-WRONG-8,0.13439807340442644,0.8000723868608475,0.0811479573801544,0.10003627814391397,0.1333333333333333,0.918323817576037
OPPOST,20260811,7,same_02,OPPOST-WRONG-9,0.1308675527630772,0.808618888258934,0.07968200599992208,0.09533160322843352,0.1333333333333333,0.9194906991253275
OPPOST,20260811,7,same_03,OPPOST-POP,0.05361244574033763,0.6633155643939972,0.08832464829636902,0.16477416394163205,0.44999999999999996,0.9353436809974878
OPPOST,20260811,7,same_03,OPPOST-MATCH,0.05672512079050243,0.7320654094219208,0.07952539752517906,0.1392389852684696,0.475,0.9408844716598219
OPPOST,20260811,7,same_03,OPPOST-WRONG-1,0.05160779318889075,0.7283103466033936,0.08201186189353102,0.11430079033883633,0.475,0.9391385478071268
OPPOST,20260811,7,same_03,OPPOST-WRONG-2,0.04069819113881043,0.6185958683490753,0.0913257552881389,0.19007079802383542,0.475,0.9341585756402224
OPPOST,20260811,7,same_03,OPPOST-WRONG-3,0.04927542517094077,0.6452528238296509,0.08923327551102987,0.16717623034816176,0.525,0.9351341421356826
OPPOST,20260811,7,same_03,OPPOST-WRONG-4,0.04746826146659816,0.7052163481712341,0.08474943361195014,0.13248324653134616,0.475,0.9373676632973863
OPPOST,20260811,7,same_03,OPPOST-WRONG-5,-0.0015486466189031378,0.5060483813285828,0.09152495064311629,0.2357705338936266,0.5,0.9386252855897845
OPPOST,20260811,7,same_03,OPPOST-WRONG-6,0.005835272095368466,0.4963456988334656,0.09624340211777829,0.2647326210508102,0.475,0.9333716750451905
OPPOST,20260811,7,same_03,OPPOST-WRONG-8,0.038586615332165924,0.6886901259422302,0.08598711924568306,0.1405268795723408,0.44999999999999996,0.9367876804074735
OPPOST,20260811,7,same_03,OPPOST-WRONG-9,0.04455778861405027,0.7462592124938965,0.07894708527251487,0.1199565797145744,0.5,0.9416016671562915
OPPOST,20260811,8,same_01,OPPOST-POP,0.10427296545191589,0.7847284823656082,0.06865946905318873,0.10902111580734608,0.0,0.9367758952654555
OPPOST,20260811,8,same_01,OPPOST-MATCH,0.08844850490934025,0.7834798693656921,0.06585523018412455,0.10260597655573712,0.0,0.9390459700908791
OPPOST,20260811,8,same_01,OPPOST-WRONG-1,0.09344013428906489,0.7935476154088974,0.057769061818955435,0.08316262553787172,0.07499999999999996,0.9475242156911363
OPPOST,20260811,8,same_01,OPPOST-WRONG-2,0.051995181692968295,0.7274404168128967,0.07156753483234607,0.12192057307710373,0.07499999999999996,0.931838112565159
OPPOST,20260811,8,same_01,OPPOST-WRONG-3,0.03135644990970832,0.7550277262926102,0.07210982524493871,0.10969447399083691,-0.02499999999999991,0.9365868206523931
OPPOST,20260811,8,same_01,OPPOST-WRONG-4,0.09395220343137806,0.7948664873838425,0.06974736749250793,0.10319550646844729,-0.050000000000000044,0.936301528396594
OPPOST,20260811,8,same_01,OPPOST-WRONG-5,0.042930471160075784,0.7660094648599625,0.06912903046029409,0.11446109807580736,0.050000000000000044,0.9363364472042268
OPPOST,20260811,8,same_01,OPPOST-WRONG-6,-0.015485713388680877,0.647399514913559,0.06972616450853016,0.1288085232396303,-0.02499999999999991,0.9361896718731884
OPPOST,20260811,8,same_01,OPPOST-WRONG-7,0.06616854928411661,0.743049144744873,0.06443319678395477,0.10235886533021289,-0.02499999999999991,0.9416299562553754
OPPOST,20260811,8,same_01,OPPOST-WRONG-9,0.09074373049285592,0.7983411103487015,0.06470935096891312,0.10008610383553106,-0.02499999999999991,0.9395903667197721
OPPOST,20260811,8,same_02,OPPOST-POP,0.09652942923499655,0.8149375319480896,0.08349346089940123,0.1011696830076187,0.30000000000000004,0.9486943681969744
OPPOST,20260811,8,same_02,OPPOST-MATCH,0.09173325839004029,0.8136908411979675,0.08368566662991199,0.1013107350749009,0.23333333333333328,0.9467671698437401
OPPOST,20260811,8,same_02,OPPOST-WRONG-1,0.09087570329364905,0.8182949721813202,0.08211391929450869,0.10058562512070877,0.30000000000000004,0.949282469178184
OPPOST,20260811,8,same_02,OPPOST-WRONG-2,0.07438511774828468,0.82438063621521,0.0804524206263115,0.08940826144872564,0.33333333333333337,0.9417263336572517
OPPOST,20260811,8,same_02,OPPOST-WRONG-3,0.09258552597220168,0.8081586211919785,0.08545485048794219,0.10407314023953398,0.30000000000000004,0.9306566048795107
OPPOST,20260811,8,same_02,OPPOST-WRONG-4,0.09377625575272455,0.8248604983091354,0.08171041902669908,0.09429982196091295,0.2666666666666667,0.94594943749777
OPPOST,20260811,8,same_02,OPPOST-WRONG-5,0.0842815654621383,0.7599239647388458,0.09165309476546947,0.1075279774154533,0.43333333333333335,0.9137984415052245
OPPOST,20260811,8,same_02,OPPOST-WRONG-6,-0.008054710408921723,0.5293252170085907,0.1308738218808556,0.1448238606565876,0.23333333333333328,0.7527264248392096
OPPOST,20260811,8,same_02,OPPOST-WRONG-7,0.07094952850260328,0.8193700760602951,0.0816757285568194,0.09234481044436207,0.2666666666666667,0.9423557845090326
OPPOST,20260811,8,same_02,OPPOST-WRONG-9,0.08130855085384811,0.8216725289821625,0.08215739359824158,0.09519619882709243,0.30000000000000004,0.942226249939584
OPPOST,20260811,8,same_03,OPPOST-POP,0.07515270800663837,0.8065505027770996,0.11705048636901354,0.0992838709255508,0.875,0.9197370244408458
OPPOST,20260811,8,same_03,OPPOST-MATCH,0.07230282378839092,0.8238862007856369,0.11273670578345252,0.09591391365236135,0.85,0.9219189043697338
OPPOST,20260811,8,same_03,OPPOST-WRONG-1,0.07281714121154942,0.8387926518917084,0.10725312706131605,0.0885243222140738,0.85,0.9260138503241225
OPPOST,20260811,8,same_03,OPPOST-WRONG-2,0.06907642849745976,0.7919948250055313,0.12152844306518477,0.10476982606339436,0.875,0.9164678687967052
OPPOST,20260811,8,same_03,OPPOST-WRONG-3,0.07714183264162483,0.795577734708786,0.118616626753409,0.09782224758687369,0.875,0.919452591562245
OPPOST,20260811,8,same_03,OPPOST-WRONG-4,0.07564668602793873,0.8302582949399948,0.11076922836941439,0.09301957377121835,0.85,0.9237952042453474
OPPOST,20260811,8,same_03,OPPOST-WRONG-5,0.058044666346273116,0.7206618785858154,0.12835469529737195,0.0973195867311308,0.875,0.9142522824652283
OPPOST,20260811,8,same_03,OPPOST-WRONG-6,0.04530623199978423,0.7350233197212219,0.13347980621624642,0.11193536858883524,0.875,0.9090738232412141
OPPOST,20260811,8,same_03,OPPOST-WRONG-7,0.06129523553537791,0.8458604514598846,0.10103553849190804,0.08154608621905156,0.85,0.9314133047825497
OPPOST,20260811,8,same_03,OPPOST-WRONG-9,0.06701341492289178,0.8485715538263321,0.10327008073367404,0.08075181429342708,0.85,0.9294102488176713
OPPOST,20260811,9,same_01,OPPOST-POP,0.08871771758596744,0.8051292449235916,0.058304715068840024,0.07151663072380358,0.33333333333333337,0.9511815046692147
OPPOST,20260811,9,same_01,OPPOST-MATCH,0.08582825969505294,0.8214198350906372,0.05429017886125456,0.056605888518231576,0.30000000000000004,0.9536660957621532
OPPOST,20260811,9,same_01,OPPOST-WRONG-1,0.07623901893624256,0.8371247351169586,0.04784044146262239,0.04737892518676176,0.33333333333333337,0.9604004258299901
OPPOST,20260811,9,same_01,OPPOST-WRONG-2,0.08748571506143049,0.7806827872991562,0.06089711271846098,0.07974016566298048,0.33333333333333337,0.9477201898318471
OPPOST,20260811,9,same_01,OPPOST-WRONG-3,0.08560615056709073,0.7876377254724503,0.06152741038158683,0.08011963475764292,0.3666666666666667,0.9499334857293182
OPPOST,20260811,9,same_01,OPPOST-WRONG-4,0.0880026362242023,0.8050832748413086,0.05885237456324208,0.0720755585852981,0.33333333333333337,0.9516707519852223
OPPOST,20260811,9,same_01,OPPOST-WRONG-5,0.08771208760743962,0.8010288625955582,0.05803217600728718,0.07129077096952323,0.33333333333333337,0.9497334008642213
OPPOST,20260811,9,same_01,OPPOST-WRONG-6,0.08682047591796113,0.7667823731899261,0.059380034543568355,0.0890351117161893,0.33333333333333337,0.9486964706048732
OPPOST,20260811,9,same_01,OPPOST-WRONG-7,0.0863549507122419,0.810263603925705,0.05461953799380682,0.0656191402141602,0.30000000000000004,0.9537297825594173
OPPOST,20260811,9,same_01,OPPOST-WRONG-8,0.08725969120370995,0.8167108595371246,0.05539780717802951,0.061439592361675684,0.30000000000000004,0.9527308113569395
OPPOST,20260811,9,same_02,OPPOST-POP,0.07164179435238584,0.8225182890892029,0.04900060443779366,0.0740253530022226,0.23333333333333328,0.9620490945951574
OPPOST,20260811,9,same_02,OPPOST-MATCH,0.07271853526931578,0.8282063454389572,0.04813458426704624,0.06982125116503411,0.23333333333333328,0.9626017467892178
OPPOST,20260811,9,same_02,OPPOST-WRONG-1,0.06967476602357811,0.8270117938518524,0.048107408400941847,0.07058195007798859,0.2666666666666667,0.9629112158671159
OPPOST,20260811,9,same_02,OPPOST-WRONG-2,0.0727485521086675,0.8323673009872437,0.04753378361893878,0.06635876530504203,0.2666666666666667,0.9625292270373264
OPPOST,20260811,9,same_02,OPPOST-WRONG-3,0.0697038539862492,0.8155743479728699,0.049768584368840074,0.07743411486740105,0.23333333333333328,0.9611068243529852
OPPOST,20260811,9,same_02,OPPOST-WRONG-4,0.07071822570280886,0.8299359977245331,0.04796316445330074,0.06853080054800759,0.19999999999999996,0.9629304518503313
OPPOST,20260811,9,same_02,OPPOST-WRONG-5,0.04922571892048265,0.7808572947978973,0.053089967763306704,0.08787160534993929,0.23333333333333328,0.9622707649480451
OPPOST,20260811,9,same_02,OPPOST-WRONG-6,-0.1191955213830456,0.5724868476390839,0.08153107116960666,0.14859949727193328,0.1333333333333333,0.9548587753938274
OPPOST,20260811,9,same_02,OPPOST-WRONG-7,0.07274866694937777,0.8284276723861694,0.04802719947366669,0.06909217691785581,0.23333333333333328,0.9628199383002152
OPPOST,20260811,9,same_02,OPPOST-WRONG-8,0.07263241411887808,0.8222835958003998,0.04900428882596663,0.07420060538602416,0.23333333333333328,0.961948575761062
OPPOST,20260811,9,same_03,OPPOST-POP,0.06619567159860051,0.7066496908664703,0.06515919344763826,0.11791111263041067,0.65,0.9477739402301539
OPPOST,20260811,9,same_03,OPPOST-MATCH,0.07437380248213939,0.7785980999469757,0.06066390093437606,0.08482206527002382,0.65,0.9501930007626481
OPPOST,20260811,9,same_03,OPPOST-WRONG-1,0.07844577914460414,0.7608534395694733,0.06205578611605264,0.09763495934216455,0.675,0.9490494860786287
OPPOST,20260811,9,same_03,OPPOST-WRONG-2,0.04878325237376405,0.6367814242839813,0.06772663902981879,0.1301123893159638,0.675,0.9476293080317331
OPPOST,20260811,9,same_03,OPPOST-WRONG-3,0.05389254070191782,0.7031007707118988,0.06453053734076172,0.11619263140939494,0.65,0.9481775489114204
OPPOST,20260811,9,same_03,OPPOST-WRONG-4,0.07531052506457046,0.747564285993576,0.06298842564967916,0.10549597230906539,0.65,0.9486622545940124
OPPOST,20260811,9,same_03,OPPOST-WRONG-5,-0.003003440127907986,0.6193311214447021,0.06390216561105087,0.11387320110665107,0.675,0.9526798843134553
OPPOST,20260811,9,same_03,OPPOST-WRONG-6,0.010024944801539787,0.5653380453586578,0.06986387005673428,0.13913880588816005,0.725,0.9476178189929674
OPPOST,20260811,9,same_03,OPPOST-WRONG-7,0.07613817543005502,0.7724573612213135,0.06052370676991749,0.08957811889514215,0.7,0.9508242198371581
OPPOST,20260811,9,same_03,OPPOST-WRONG-8,0.07189105123915675,0.730108380317688,0.06384024211439167,0.1116540528282119,0.625,0.9482012865614682
CURRENT,20260808,1,same_01,RAW,0.0,1.0,0.0,0.0,0.43333333333333335,1.0
CURRENT,20260808,1,same_01,DIFF-POP,0.04469479849633359,0.8424984812736511,0.04027053360493633,0.09784702498607714,0.2666666666666667,0.9730879675976423
CURRENT,20260808,1,same_01,LINEAR-MATCH,0.03388838045588802,0.8433037251234055,0.036823165344200964,0.07237539268457711,0.3666666666666667,0.9783928770518499
CURRENT,20260808,1,same_01,DET-MATCH,0.04013198107438963,0.8424289524555206,0.040963847032188506,0.09417173281227516,0.2666666666666667,0.9725336910005721
CURRENT,20260808,1,same_01,DIFF-MATCH,0.04342508253126584,0.8459232300519943,0.039151217032407405,0.09507361744302531,0.30000000000000004,0.9748711309669671
CURRENT,20260808,1,same_02,RAW,0.0,1.0,0.0,0.0,-0.10000000000000009,1.0
CURRENT,20260808,1,same_02,DIFF-POP,0.10190265422388368,0.7804791331291199,0.04556689560135195,0.10756724458565271,0.09999999999999998,0.9675482657403829
CURRENT,20260808,1,same_02,LINEAR-MATCH,0.09262833901774246,0.7858864068984985,0.03919504408415815,0.07815421188654847,0.1333333333333333,0.9743126149225944
CURRENT,20260808,1,same_02,DET-MATCH,0.094693936941426,0.784095287322998,0.04424412561508916,0.10480630499905536,0.09999999999999998,0.9674299688053436
CURRENT,20260808,1,same_02,DIFF-MATCH,0.0949615433932599,0.7913976609706879,0.04102491392181738,0.10663052403029677,0.16666666666666663,0.9699774983446825
CURRENT,20260808,1,same_03,RAW,0.0,1.0,0.0,0.0,0.675,1.0
CURRENT,20260808,1,same_03,DIFF-POP,0.052673142463123046,0.6816162765026093,0.06786643532516515,0.12159035195182698,0.525,0.9550331522513466
CURRENT,20260808,1,same_03,LINEAR-MATCH,0.04446896255847402,0.7988534718751907,0.04991799718006491,0.08174275854049473,0.625,0.9631706126054903
CURRENT,20260808,1,same_03,DET-MATCH,0.056463045141835116,0.7850784361362457,0.05493641853340552,0.10484277110071565,0.625,0.9583640356345179
CURRENT,20260808,1,same_03,DIFF-MATCH,0.05579297963303259,0.7903980910778046,0.053033820766745995,0.10358251539710667,0.6,0.9600262174161127
CURRENT,20260808,1,same_01,RAW,0.0,1.0,0.0,0.0,0.43333333333333335,1.0
CURRENT,20260808,1,same_01,DIFF-POP,0.04464154138908337,0.8435744494199753,0.040492880099238036,0.09757186917273199,0.23333333333333328,0.9729117614356281
CURRENT,20260808,1,same_01,LINEAR-MATCH,0.03388838045588802,0.8433037251234055,0.036823165344200964,0.07237539268457711,0.3666666666666667,0.9783928770518499
CURRENT,20260808,1,same_01,DET-MATCH,0.04013198107438963,0.8424289524555206,0.040963847032188506,0.09417173281227516,0.2666666666666667,0.9725336910005721
CURRENT,20260808,1,same_01,DIFF-MATCH,0.04336240278954155,0.8469724655151367,0.039361923893307844,0.0948002847215001,0.30000000000000004,0.9746957821002643
CURRENT,20260808,1,same_02,RAW,0.0,1.0,0.0,0.0,-0.10000000000000009,1.0
CURRENT,20260808,1,same_02,DIFF-POP,0.10199730965075476,0.7818890362977982,0.045295105053546086,0.10873465287325988,0.1333333333333333,0.967567253356579
CURRENT,20260808,1,same_02,LINEAR-MATCH,0.09262833901774246,0.7858864068984985,0.03919504408415815,0.07815421188654847,0.1333333333333333,0.9743126149225944
CURRENT,20260808,1,same_02,DET-MATCH,0.094693936941426,0.784095287322998,0.04424412561508916,0.10480630499905536,0.09999999999999998,0.9674299688053436
CURRENT,20260808,1,same_02,DIFF-MATCH,0.0950216894213992,0.7928363531827927,0.04081120765752614,0.10768560014614816,0.1333333333333333,0.9699757928387212
CURRENT,20260808,1,same_03,RAW,0.0,1.0,0.0,0.0,0.675,1.0
CURRENT,20260808,1,same_03,DIFF-POP,0.052543062342656155,0.6823742985725403,0.06782256217346107,0.12180779246286767,0.525,0.9548749275200235
CURRENT,20260808,1,same_03,LINEAR-MATCH,0.04446896255847402,0.7988534718751907,0.04991799718006491,0.08174275854049473,0.625,0.9631706126054903
CURRENT,20260808,1,same_03,DET-MATCH,0.056463045141835116,0.7850784361362457,0.05493641853340552,0.10484277110071565,0.625,0.9583640356345179
CURRENT,20260808,1,same_03,DIFF-MATCH,0.05566737601447028,0.7915809005498886,0.05298374336860878,0.10406252429385039,0.625,0.959876817047589
CURRENT,20260808,2,same_01,RAW,0.0,1.0,0.0,0.0,0.09999999999999998,1.0
CURRENT,20260808,2,same_01,DIFF-POP,0.12066974060887364,0.821920782327652,0.08475611231723529,0.15482293534579183,0.30000000000000004,0.9391590898674177
CURRENT,20260808,2,same_01,LINEAR-MATCH,0.14147711834923904,0.8052847385406494,0.09805748335382844,0.11671770223094967,0.19999999999999996,0.9284977339290928
CURRENT,20260808,2,same_01,DET-MATCH,0.14161613626042874,0.7730150371789932,0.10313361445614173,0.18098641315190483,0.19999999999999996,0.9250826532205285
CURRENT,20260808,2,same_01,DIFF-MATCH,0.14037684813739798,0.7845298647880554,0.0983415749988984,0.1736038852044533,0.30000000000000004,0.9290782456047413
CURRENT,20260808,2,same_02,RAW,0.0,1.0,0.0,0.0,0.033333333333333326,1.0
CURRENT,20260808,2,same_02,DIFF-POP,0.07382382241259654,0.8234610706567764,0.08868405510349572,0.1430518829493982,0.23333333333333328,0.9487505744447274
CURRENT,20260808,2,same_02,LINEAR-MATCH,0.0630213651426958,0.7867536246776581,0.10127742325135773,0.11235820609423681,0.19999999999999996,0.9386507522194455
CURRENT,20260808,2,same_02,DET-MATCH,0.06626653623298573,0.7714662700891495,0.10897172164832039,0.16913998803524616,0.06666666666666665,0.9361377814210049
CURRENT,20260808,2,same_02,DIFF-MATCH,0.06806908819896679,0.7791857868432999,0.1055107333068344,0.16370753098972246,0.16666666666666663,0.9396199324710115
CURRENT,20260808,2,same_03,RAW,0.0,1.0,0.0,0.0,0.19999999999999996,1.0
CURRENT,20260808,2,same_03,DIFF-POP,0.11570027686268279,0.7741626352071762,0.069894881208379,0.11555122188803417,0.125,0.9333235996869294
CURRENT,20260808,2,same_03,LINEAR-MATCH,0.10612895951275493,0.8214719593524933,0.06817659728579449,0.07341573860534913,0.050000000000000044,0.9228918304960688
CURRENT,20260808,2,same_03,DET-MATCH,0.11432680963842978,0.7884620130062103,0.0756775107747954,0.13254445141510637,0.09999999999999998,0.9157004260015086
CURRENT,20260808,2,same_03,DIFF-MATCH,0.11439411667904,0.8050298094749451,0.07116447267610768,0.12684487546955422,0.125,0.920347393408911
CURRENT,20260808,2,same_01,RAW,0.0,1.0,0.0,0.0,0.09999999999999998,1.0
CURRENT,20260808,2,same_01,DIFF-POP,0.12054456454861792,0.8231670707464218,0.08516697838235397,0.1554909448040458,0.2666666666666667,0.9392382323514658
CURRENT,20260808,2,same_01,LINEAR-MATCH,0.14147711834923904,0.8052847385406494,0.09805748335382844,0.11671770223094967,0.19999999999999996,0.9284977339290928
CURRENT,20260808,2,same_01,DET-MATCH,0.14161613626042874,0.7730150371789932,0.10313361445614173,0.18098641315190483,0.19999999999999996,0.9250826532205285
CURRENT,20260808,2,same_01,DIFF-MATCH,0.14047630549748982,0.7853244990110397,0.09881457690932294,0.17431620629162034,0.2666666666666667,0.9291490768172448
CURRENT,20260808,2,same_02,RAW,0.0,1.0,0.0,0.0,0.033333333333333326,1.0
CURRENT,20260808,2,same_02,DIFF-POP,0.0737662257409452,0.8248912394046783,0.08882883011972147,0.14305128419021948,0.1333333333333333,0.9482163153295211
CURRENT,20260808,2,same_02,LINEAR-MATCH,0.0630213651426958,0.7867536246776581,0.10127742325135773,0.11235820609423681,0.19999999999999996,0.9386507522194455
CURRENT,20260808,2,same_02,DET-MATCH,0.06626653623298573,0.7714662700891495,0.10897172164832039,0.16913998803524616,0.06666666666666665,0.9361377814210049
CURRENT,20260808,2,same_02,DIFF-MATCH,0.06799916516131446,0.7803734242916107,0.10552097726437186,0.1636253810228247,0.09999999999999998,0.9391281963780117
CURRENT,20260808,2,same_03,RAW,0.0,1.0,0.0,0.0,0.19999999999999996,1.0
CURRENT,20260808,2,same_03,DIFF-POP,0.11549951891543567,0.7737791687250137,0.07022116215393975,0.11534010488080933,0.15000000000000002,0.9329594828382892
CURRENT,20260808,2,same_03,LINEAR-MATCH,0.10612895951275493,0.8214719593524933,0.06817659728579449,0.07341573860534913,0.050000000000000044,0.9228918304960688
CURRENT,20260808,2,same_03,DET-MATCH,0.11432680963842978,0.7884620130062103,0.0756775107747954,0.13254445141510637,0.09999999999999998,0.9157004260015086
CURRENT,20260808,2,same_03,DIFF-MATCH,0.11437611811073463,0.8052164614200592,0.07171060597645952,0.12661259531363786,0.09999999999999998,0.9199557966589964
CURRENT,20260808,3,same_01,RAW,0.0,1.0,0.0,0.0,-0.1333333333333333,1.0
CURRENT,20260808,3,same_01,DIFF-POP,0.11844542971624225,0.8419412672519684,0.06872304385302187,0.11222821832505898,-0.06666666666666665,0.9492555220844534
CURRENT,20260808,3,same_01,LINEAR-MATCH,0.11718148336130305,0.8422967344522476,0.05846248177835679,0.09248742517854001,-0.1333333333333333,0.9493429436152869
CURRENT,20260808,3,same_01,DET-MATCH,0.12679428261043438,0.8228956460952759,0.07532132977562506,0.12965072305959258,0.033333333333333326,0.9324429877735383
CURRENT,20260808,3,same_01,DIFF-MATCH,0.1303137998047271,0.8199168890714645,0.07199224521321713,0.12899036662673416,-0.06666666666666665,0.9401499143034815
CURRENT,20260808,3,same_02,RAW,0.0,1.0,0.0,0.0,0.23333333333333328,1.0
CURRENT,20260808,3,same_02,DIFF-POP,0.14389181074980623,0.8139699548482895,0.07618668551387724,0.11774755020583662,0.09999999999999998,0.9480518229585982
CURRENT,20260808,3,same_02,LINEAR-MATCH,0.1483983325234847,0.8141343891620636,0.07336087088559301,0.09147921756161811,0.09999999999999998,0.9494425348409767
CURRENT,20260808,3,same_02,DET-MATCH,0.15670436558739986,0.7936991602182388,0.08935703253538405,0.12529541068486025,0.1333333333333333,0.9329909824294752
CURRENT,20260808,3,same_02,DIFF-MATCH,0.15763472646415858,0.7920792251825333,0.083947116167845,0.12370296168644362,0.19999999999999996,0.9409109897291644
CURRENT,20260808,3,same_03,RAW,0.0,1.0,0.0,0.0,-0.25,1.0
CURRENT,20260808,3,same_03,DIFF-POP,0.08838154349597163,0.8033236563205719,0.06713909077282253,0.1315371455612044,-0.17500000000000004,0.9417567972673488
CURRENT,20260808,3,same_03,LINEAR-MATCH,0.06906421016411238,0.8582292348146439,0.0511222562813241,0.0799496732579738,-0.07499999999999996,0.9555490137357723
CURRENT,20260808,3,same_03,DET-MATCH,0.07676059532922308,0.8262270092964172,0.06271700903917483,0.12554490131485185,-0.125,0.9403963307501688
CURRENT,20260808,3,same_03,DIFF-MATCH,0.07692636735448308,0.8263906389474869,0.05715919944509282,0.12330572807022926,-0.17500000000000004,0.9475696962976596
CURRENT,20260808,3,same_01,RAW,0.0,1.0,0.0,0.0,-0.1333333333333333,1.0
CURRENT,20260808,3,same_01,DIFF-POP,0.11833664032606908,0.8428504467010498,0.06861315256296069,0.11174290379876764,-0.10000000000000009,0.9493106165271501
CURRENT,20260808,3,same_01,LINEAR-MATCH,0.11718148336130305,0.8422967344522476,0.05846248177835679,0.09248742517854001,-0.1333333333333333,0.9493429436152869
CURRENT,20260808,3,same_01,DET-MATCH,0.12679428261043438,0.8228956460952759,0.07532132977562506,0.12965072305959258,0.033333333333333326,0.9324429877735383
CURRENT,20260808,3,same_01,DIFF-MATCH,0.130231896568633,0.8208818733692169,0.07175703088616249,0.1285075871485678,0.0,0.9402364233785866
CURRENT,20260808,3,same_02,RAW,0.0,1.0,0.0,0.0,0.23333333333333328,1.0
CURRENT,20260808,3,same_02,DIFF-POP,0.1440172362443668,0.814747765660286,0.076336259741338,0.11757319385363621,0.06666666666666665,0.9478319628404784
CURRENT,20260808,3,same_02,LINEAR-MATCH,0.1483983325234847,0.8141343891620636,0.07336087088559301,0.09147921756161811,0.09999999999999998,0.9494425348409767
CURRENT,20260808,3,same_02,DET-MATCH,0.15670436558739986,0.7936991602182388,0.08935703253538405,0.12529541068486025,0.1333333333333333,0.9329909824294752
CURRENT,20260808,3,same_02,DIFF-MATCH,0.1578314480168855,0.7928149104118347,0.08417357442057626,0.1235445426072058,0.16666666666666663,0.9406928353226537
CURRENT,20260808,3,same_03,RAW,0.0,1.0,0.0,0.0,-0.25,1.0
CURRENT,20260808,3,same_03,DIFF-POP,0.0882164652109067,0.8036852031946182,0.06650877726176696,0.13168414000815923,-0.2250000000000001,0.9419684054907608
CURRENT,20260808,3,same_03,LINEAR-MATCH,0.06906421016411238,0.8582292348146439,0.0511222562813241,0.0799496732579738,-0.07499999999999996,0.9555490137357723
CURRENT,20260808,3,same_03,DET-MATCH,0.07676059532922308,0.8262270092964172,0.06271700903917483,0.12554490131485185,-0.125,0.9403963307501688
CURRENT,20260808,3,same_03,DIFF-MATCH,0.07679030639547921,0.8267990499734879,0.056475031418332086,0.12344978479060771,-0.1499999999999999,0.9477856328556467
CURRENT,20260808,4,same_01,RAW,0.0,1.0,0.0,0.0,0.7,1.0
CURRENT,20260808,4,same_01,DIFF-POP,0.15819030252449146,0.7974991500377655,0.06551695492629017,0.11133234250380854,0.5333333333333333,0.933128060735721
CURRENT,20260808,4,same_01,LINEAR-MATCH,0.1574816678000018,0.7943274676799774,0.0728024238462749,0.09800246381352368,0.5666666666666667,0.9231980964090583
CURRENT,20260808,4,same_01,DET-MATCH,0.16322487927710527,0.782823845744133,0.07210809032613535,0.11594464076832828,0.5666666666666667,0.9229007992171118
CURRENT,20260808,4,same_01,DIFF-MATCH,0.16280111151389537,0.7837125957012177,0.06799481097378837,0.11014761848181417,0.5333333333333333,0.9295827422654451
CURRENT,20260808,4,same_02,RAW,0.0,1.0,0.0,0.0,0.7990155865463495,1.0
CURRENT,20260808,4,same_02,DIFF-POP,0.12637323251441385,0.8039500415325165,0.0616749948434228,0.09467160964012342,0.7704918032786885,0.950682216906517
CURRENT,20260808,4,same_02,LINEAR-MATCH,0.13320859085690737,0.7994478046894073,0.0662119333469055,0.08714652067282286,0.7704918032786885,0.9426693518771437
CURRENT,20260808,4,same_02,DET-MATCH,0.1382266313875984,0.7893122583627701,0.06713473554648666,0.10307891503914898,0.7704918032786885,0.9433667670521803
CURRENT,20260808,4,same_02,DIFF-MATCH,0.137575530387403,0.7889771163463593,0.06459102578606933,0.09643037271784574,0.7704918032786885,0.9481913619447356
CURRENT,20260808,4,same_03,RAW,0.0,1.0,0.0,0.0,0.825,1.0
CURRENT,20260808,4,same_03,DIFF-POP,0.02805546265490194,0.7438243329524994,0.06470678326922623,0.09975977395932649,0.85,0.9602523543126751
CURRENT,20260808,4,same_03,LINEAR-MATCH,0.05227433516529345,0.828842282295227,0.05293931800781422,0.07372529277321772,0.875,0.9600888134784512
CURRENT,20260808,4,same_03,DET-MATCH,0.0575112792458943,0.8210312575101852,0.050281565934682276,0.08987028824015109,0.85,0.9645863616851612
CURRENT,20260808,4,same_03,DIFF-MATCH,0.05764635407555639,0.8242316246032715,0.045974947478087405,0.08422984567468046,0.85,0.9698831078024182
CURRENT,20260808,4,same_01,RAW,0.0,1.0,0.0,0.0,0.7,1.0
CURRENT,20260808,4,same_01,DIFF-POP,0.15844326340993914,0.7987930923700333,0.06539996002689209,0.11091456126895544,0.5,0.9332095342173998
CURRENT,20260808,4,same_01,LINEAR-MATCH,0.1574816678000018,0.7943274676799774,0.0728024238462749,0.09800246381352368,0.5666666666666667,0.9231980964090583
CURRENT,20260808,4,same_01,DET-MATCH,0.16322487927710527,0.782823845744133,0.07210809032613535,0.11594464076832828,0.5666666666666667,0.9229007992171118
CURRENT,20260808,4,same_01,DIFF-MATCH,0.16299674003308207,0.7850868999958038,0.06791367686470191,0.10971072939435138,0.6,0.9296564793497301
CURRENT,20260808,4,same_02,RAW,0.0,1.0,0.0,0.0,0.7990155865463495,1.0
CURRENT,20260808,4,same_02,DIFF-POP,0.1264887379412372,0.8056813329458237,0.06174761188750798,0.09507649092874408,0.7704918032786885,0.9505928888115477
CURRENT,20260808,4,same_02,LINEAR-MATCH,0.13320859085690737,0.7994478046894073,0.0662119333469055,0.08714652067282286,0.7704918032786885,0.9426693518771437
CURRENT,20260808,4,same_02,DET-MATCH,0.1382266313875984,0.7893122583627701,0.06713473554648666,0.10307891503914898,0.7704918032786885,0.9433667670521803
CURRENT,20260808,4,same_02,DIFF-MATCH,0.13766034550083403,0.790515661239624,0.06462026155916517,0.09685685682440985,0.7704918032786885,0.9481230212060723
CURRENT,20260808,4,same_03,RAW,0.0,1.0,0.0,0.0,0.825,1.0
CURRENT,20260808,4,same_03,DIFF-POP,0.027932533206512733,0.745871901512146,0.06509960719131364,0.09927358912828606,0.825,0.9598965731774899
CURRENT,20260808,4,same_03,LINEAR-MATCH,0.05227433516529345,0.828842282295227,0.05293931800781422,0.07372529277321772,0.875,0.9600888134784512
CURRENT,20260808,4,same_03,DET-MATCH,0.0575112792458943,0.8210312575101852,0.050281565934682276,0.08987028824015109,0.85,0.9645863616851612
CURRENT,20260808,4,same_03,DIFF-MATCH,0.057641322673559134,0.8270653933286667,0.046556852864821856,0.08360048449128821,0.875,0.9695444431435241
CURRENT,20260808,5,same_01,RAW,0.0,1.0,0.0,0.0,0.5,1.0
CURRENT,20260808,5,same_01,DIFF-POP,0.11924591470291218,0.8206992745399475,0.08963153021976807,0.09958820264619526,0.5,0.9217797670774387
CURRENT,20260808,5,same_01,LINEAR-MATCH,0.12523788516145604,0.8178631216287613,0.08331240544825845,0.08899584892220405,0.43333333333333335,0.9368086926456914
CURRENT,20260808,5,same_01,DET-MATCH,0.12996367666203662,0.8066635429859161,0.0921640004161267,0.10331657108145227,0.4666666666666667,0.9212592823739806
CURRENT,20260808,5,same_01,DIFF-MATCH,0.1299221375195042,0.8033920228481293,0.09400223323808726,0.10568183745642563,0.43333333333333335,0.9196199516150887
CURRENT,20260808,5,same_02,RAW,0.0,1.0,0.0,0.0,0.6862265688671556,1.0
CURRENT,20260808,5,same_02,DIFF-POP,0.11475158584863596,0.8114723116159439,0.1010418023380565,0.12493809782053734,0.6279640228945217,0.9119604027150465
CURRENT,20260808,5,same_02,LINEAR-MATCH,0.12154846357844576,0.8146737217903137,0.09605017714468829,0.11435562485070065,0.6279640228945217,0.9175731780782211
CURRENT,20260808,5,same_02,DET-MATCH,0.12676539031750828,0.7974562644958496,0.10656872934071925,0.13152276042258637,0.6279640228945217,0.9058175769448366
CURRENT,20260808,5,same_02,DIFF-MATCH,0.12713098810278417,0.7950014770030975,0.10705465290412983,0.13451426949543904,0.6279640228945217,0.9056615703848061
CURRENT,20260808,5,same_03,RAW,0.0,1.0,0.0,0.0,0.65,1.0
CURRENT,20260808,5,same_03,DIFF-POP,0.0747353305896114,0.7599315792322159,0.09003152707522284,0.1540993704794571,0.625,0.9102782780721186
CURRENT,20260808,5,same_03,LINEAR-MATCH,0.06062629601123162,0.8719510436058044,0.058323235807117985,0.08659969428863863,0.55,0.9456835527001868
CURRENT,20260808,5,same_03,DET-MATCH,0.06529991322074441,0.8313721418380737,0.06531048800264255,0.11959959443708539,0.55,0.9243207399733463
CURRENT,20260808,5,same_03,DIFF-MATCH,0.06700437543899826,0.8273931741714478,0.0667045302631646,0.12287093509549733,0.55,0.9253822000516456
CURRENT,20260808,5,same_01,RAW,0.0,1.0,0.0,0.0,0.5,1.0
CURRENT,20260808,5,same_01,DIFF-POP,0.11924538431149914,0.8232184052467346,0.08974560858897616,0.09989125948333177,0.4666666666666667,0.9217968903018066
CURRENT,20260808,5,same_01,LINEAR-MATCH,0.12523788516145604,0.8178631216287613,0.08331240544825845,0.08899584892220405,0.43333333333333335,0.9368086926456914
CURRENT,20260808,5,same_01,DET-MATCH,0.12996367666203662,0.8066635429859161,0.0921640004161267,0.10331657108145227,0.4666666666666667,0.9212592823739806
CURRENT,20260808,5,same_01,DIFF-MATCH,0.1298918661702407,0.8056273758411407,0.09420771532473594,0.10596678275772316,0.5,0.919622621514756
CURRENT,20260808,5,same_02,RAW,0.0,1.0,0.0,0.0,0.6862265688671556,1.0
CURRENT,20260808,5,same_02,DIFF-POP,0.11440267134376986,0.8133227974176407,0.10182040837543188,0.12437056733676015,0.6279640228945217,0.9116050760605734
CURRENT,20260808,5,same_02,LINEAR-MATCH,0.12154846357844576,0.8146737217903137,0.09605017714468829,0.11435562485070065,0.6279640228945217,0.9175731780782211
CURRENT,20260808,5,same_02,DET-MATCH,0.12676539031750828,0.7974562644958496,0.10656872934071925,0.13152276042258637,0.6279640228945217,0.9058175769448366
CURRENT,20260808,5,same_02,DIFF-MATCH,0.12680816485185678,0.7967663258314133,0.10788713542899085,0.13395858828474566,0.6279640228945217,0.905309124404517
CURRENT,20260808,5,same_03,RAW,0.0,1.0,0.0,0.0,0.65,1.0
CURRENT,20260808,5,same_03,DIFF-POP,0.0745062841092426,0.7620946317911148,0.09078982721941606,0.1531672468057973,0.6,0.9097893929726788
CURRENT,20260808,5,same_03,LINEAR-MATCH,0.06062629601123162,0.8719510436058044,0.058323235807117985,0.08659969428863863,0.55,0.9456835527001868
CURRENT,20260808,5,same_03,DET-MATCH,0.06529991322074441,0.8313721418380737,0.06531048800264255,0.11959959443708539,0.55,0.9243207399733463
CURRENT,20260808,5,same_03,DIFF-MATCH,0.06675457670259877,0.8302755355834961,0.06766140456389931,0.12170497251453927,0.55,0.9249014138739465
CURRENT,20260808,6,same_01,RAW,0.0,1.0,0.0,0.0,0.19999999999999996,1.0
CURRENT,20260808,6,same_01,DIFF-POP,0.11257863938323379,0.8211298286914825,0.07176368888179194,0.17539642255188503,0.16666666666666663,0.9435157607013935
CURRENT,20260808,6,same_01,LINEAR-MATCH,0.11871846992524096,0.8414136916399002,0.07042853349684525,0.1132782504151901,0.23333333333333328,0.9471192805424262
CURRENT,20260808,6,same_01,DET-MATCH,0.12967060064834693,0.8010627627372742,0.08732678147284523,0.18819801973204212,0.19999999999999996,0.9286681415366752
CURRENT,20260808,6,same_01,DIFF-MATCH,0.12899290500596786,0.8045521974563599,0.07962928018424743,0.17859585566854508,0.19999999999999996,0.9390444732408612
CURRENT,20260808,6,same_02,RAW,0.0,1.0,0.0,0.0,0.33333333333333337,1.0
CURRENT,20260808,6,same_02,DIFF-POP,0.11039326767915758,0.8278155475854874,0.0596289527673903,0.17411188062481625,0.3666666666666667,0.9467299353147349
CURRENT,20260808,6,same_02,LINEAR-MATCH,0.1127284383721956,0.8557544499635696,0.05552845190799391,0.10686018509394032,0.4666666666666667,0.9541686720066921
CURRENT,20260808,6,same_02,DET-MATCH,0.13147195199910333,0.8098287135362625,0.0731937047659854,0.1898495283986564,0.4,0.9342158905799516
CURRENT,20260808,6,same_02,DIFF-MATCH,0.12956599151150808,0.8136278241872787,0.06636077482516199,0.180200881654908,0.33333333333333337,0.9426735057048958
CURRENT,20260808,6,same_03,RAW,0.0,1.0,0.0,0.0,0.475,1.0
CURRENT,20260808,6,same_03,DIFF-POP,0.10269362625670056,0.8339838832616806,0.06452295262714831,0.1736960715630158,0.525,0.9407333033603948
CURRENT,20260808,6,same_03,LINEAR-MATCH,0.08642665141248926,0.8673945516347885,0.051350202257433065,0.09085759289870121,0.525,0.9503206314371162
CURRENT,20260808,6,same_03,DET-MATCH,0.0951227662285242,0.8280032575130463,0.0731607503017361,0.17844795669862745,0.5,0.9298798184593797
CURRENT,20260808,6,same_03,DIFF-MATCH,0.09519088451860777,0.8302931934595108,0.06533857846588262,0.1702088113492625,0.475,0.938226777099149
CURRENT,20260808,6,same_01,RAW,0.0,1.0,0.0,0.0,0.19999999999999996,1.0
CURRENT,20260808,6,same_01,DIFF-POP,0.11260851348687775,0.8215580731630325,0.07192553342061253,0.17571138548646806,0.19999999999999996,0.9431323325806421
CURRENT,20260808,6,same_01,LINEAR-MATCH,0.11871846992524096,0.8414136916399002,0.07042853349684525,0.1132782504151901,0.23333333333333328,0.9471192805424262
CURRENT,20260808,6,same_01,DET-MATCH,0.12967060064834693,0.8010627627372742,0.08732678147284523,0.18819801973204212,0.19999999999999996,0.9286681415366752
CURRENT,20260808,6,same_01,DIFF-MATCH,0.1288896330788972,0.8049838840961456,0.07975280153008442,0.17892565344180575,0.19999999999999996,0.9386527249853663
CURRENT,20260808,6,same_02,RAW,0.0,1.0,0.0,0.0,0.33333333333333337,1.0
CURRENT,20260808,6,same_02,DIFF-POP,0.11037784287182151,0.8284710049629211,0.0598500539771485,0.17447177018802745,0.3666666666666667,0.9465663567735719
CURRENT,20260808,6,same_02,LINEAR-MATCH,0.1127284383721956,0.8557544499635696,0.05552845190799391,0.10686018509394032,0.4666666666666667,0.9541686720066921
CURRENT,20260808,6,same_02,DET-MATCH,0.13147195199910333,0.8098287135362625,0.0731937047659854,0.1898495283986564,0.4,0.9342158905799516
CURRENT,20260808,6,same_02,DIFF-MATCH,0.12956035656378073,0.8143327534198761,0.06657269090568382,0.18058810746468537,0.33333333333333337,0.9425111331458762
CURRENT,20260808,6,same_03,RAW,0.0,1.0,0.0,0.0,0.475,1.0
CURRENT,20260808,6,same_03,DIFF-POP,0.10254829567025656,0.8351004868745804,0.06420408442553313,0.1734949149121714,0.5,0.940775751338926
CURRENT,20260808,6,same_03,LINEAR-MATCH,0.08642665141248926,0.8673945516347885,0.051350202257433065,0.09085759289870121,0.525,0.9503206314371162
CURRENT,20260808,6,same_03,DET-MATCH,0.0951227662285242,0.8280032575130463,0.0731607503017361,0.17844795669862745,0.5,0.9298798184593797
CURRENT,20260808,6,same_03,DIFF-MATCH,0.09508014028922893,0.8316330760717392,0.06507296950438063,0.17003328644003193,0.475,0.9382700131634688
CURRENT,20260808,7,same_01,RAW,0.0,1.0,0.0,0.0,0.1333333333333333,1.0
CURRENT,20260808,7,same_01,DIFF-POP,0.11079601432758393,0.8234241306781769,0.06455340964370332,0.09822451734679026,0.0,0.9481326119143827
CURRENT,20260808,7,same_01,LINEAR-MATCH,0.12218860313552324,0.785199835896492,0.07824348612599608,0.09981898736202512,-0.06666666666666665,0.9372655434895469
CURRENT,20260808,7,same_01,DET-MATCH,0.12227039606917027,0.7924129068851471,0.07828483234625587,0.10471194198757267,-0.10000000000000009,0.9378336216862951
CURRENT,20260808,7,same_01,DIFF-MATCH,0.1226043622334449,0.7916697859764099,0.07669433717431133,0.10496416875118098,-0.03333333333333344,0.9442708391726287
CURRENT,20260808,7,same_02,RAW,0.0,1.0,0.0,0.0,0.09999999999999998,1.0
CURRENT,20260808,7,same_02,DIFF-POP,0.13479597278198727,0.7978220582008362,0.07878268053369364,0.08674563752008413,0.16666666666666663,0.9223229360386438
CURRENT,20260808,7,same_02,LINEAR-MATCH,0.134756884651223,0.7516837269067764,0.09071704314443631,0.08433811817213262,0.1333333333333333,0.9146791872012296
CURRENT,20260808,7,same_02,DET-MATCH,0.13907654787905846,0.7628712505102158,0.08722162876107546,0.08448575426256177,0.16666666666666663,0.9172179263303933
CURRENT,20260808,7,same_02,DIFF-MATCH,0.13959315939100633,0.7658236175775528,0.08246171453311071,0.08562858335499784,0.1333333333333333,0.9215303598831754
CURRENT,20260808,7,same_03,RAW,0.0,1.0,0.0,0.0,0.4,1.0
CURRENT,20260808,7,same_03,DIFF-POP,0.06923760926844502,0.6444860100746155,0.08656316595801788,0.1832828081164862,0.525,0.9416132520323867
CURRENT,20260808,7,same_03,LINEAR-MATCH,0.06706120509224495,0.7405480742454529,0.07156481538334569,0.13909565098899437,0.42500000000000004,0.9439008235189732
CURRENT,20260808,7,same_03,DET-MATCH,0.08168061117142111,0.7232787013053894,0.07260731262141294,0.17567151820482851,0.475,0.9465360959591794
CURRENT,20260808,7,same_03,DIFF-MATCH,0.08173638170200723,0.7246861755847931,0.06648503500882937,0.1730888516242893,0.475,0.9545703389562464
CURRENT,20260808,7,same_01,RAW,0.0,1.0,0.0,0.0,0.1333333333333333,1.0
CURRENT,20260808,7,same_01,DIFF-POP,0.11084848014617349,0.8252591043710709,0.06465326560143446,0.09878906008960231,-0.03333333333333344,0.9476548700453581
CURRENT,20260808,7,same_01,LINEAR-MATCH,0.12218860313552324,0.785199835896492,0.07824348612599608,0.09981898736202512,-0.06666666666666665,0.9372655434895469
CURRENT,20260808,7,same_01,DET-MATCH,0.12227039606917027,0.7924129068851471,0.07828483234625587,0.10471194198757267,-0.10000000000000009,0.9378336216862951
CURRENT,20260808,7,same_01,DIFF-MATCH,0.12269623171775526,0.7932537496089935,0.07662894156501061,0.10551112717765149,0.06666666666666665,0.9437985025111694
CURRENT,20260808,7,same_02,RAW,0.0,1.0,0.0,0.0,0.09999999999999998,1.0
CURRENT,20260808,7,same_02,DIFF-POP,0.13488398785962932,0.7993894517421722,0.07998400542231039,0.08759465649043882,0.09999999999999998,0.9221793583796194
CURRENT,20260808,7,same_02,LINEAR-MATCH,0.134756884651223,0.7516837269067764,0.09071704314443631,0.08433811817213262,0.1333333333333333,0.9146791872012296
CURRENT,20260808,7,same_02,DET-MATCH,0.13907654787905846,0.7628712505102158,0.08722162876107546,0.08448575426256177,0.16666666666666663,0.9172179263303933
CURRENT,20260808,7,same_02,DIFF-MATCH,0.13954946735606494,0.7671771794557571,0.08391023410819509,0.08629033764827543,0.06666666666666665,0.921379740697343
CURRENT,20260808,7,same_03,RAW,0.0,1.0,0.0,0.0,0.4,1.0
CURRENT,20260808,7,same_03,DIFF-POP,0.06915248003166297,0.6467028558254242,0.08641408880799017,0.18314886501486558,0.5,0.9415263419143476
CURRENT,20260808,7,same_03,LINEAR-MATCH,0.06706120509224495,0.7405480742454529,0.07156481538334569,0.13909565098899437,0.42500000000000004,0.9439008235189732
CURRENT,20260808,7,same_03,DET-MATCH,0.08168061117142111,0.7232787013053894,0.07260731262141294,0.17567151820482851,0.475,0.9465360959591794
CURRENT,20260808,7,same_03,DIFF-MATCH,0.08162192468532917,0.7275067269802094,0.06618733455640513,0.17299613489082197,0.475,0.9544810894623075
CURRENT,20260808,8,same_01,RAW,0.0,1.0,0.0,0.0,0.025000000000000022,1.0
CURRENT,20260808,8,same_01,DIFF-POP,0.12230752287293602,0.7657746225595474,0.06802306896374015,0.11945623263511536,-0.02499999999999991,0.9313435530965497
CURRENT,20260808,8,same_01,LINEAR-MATCH,0.11361194176077227,0.7748442888259888,0.07032610835536614,0.10273669724130119,-0.050000000000000044,0.9356567251877176
CURRENT,20260808,8,same_01,DET-MATCH,0.12089689332841419,0.7644867151975632,0.07457680707516838,0.12001298028372909,-0.050000000000000044,0.9251338508038884
CURRENT,20260808,8,same_01,DIFF-MATCH,0.12414646305732933,0.7641934007406235,0.07138760061726457,0.11903643571514777,-0.07499999999999996,0.9292308038007439
CURRENT,20260808,8,same_02,RAW,0.0,1.0,0.0,0.0,0.33333333333333337,1.0
CURRENT,20260808,8,same_02,DIFF-POP,0.11698777123599063,0.8052608370780945,0.08450781699784872,0.10652969228885367,0.2666666666666667,0.9300923324747089
CURRENT,20260808,8,same_02,LINEAR-MATCH,0.11969652325696423,0.7930761277675629,0.08576164071456274,0.08763596540281632,0.3666666666666667,0.9567083401238928
CURRENT,20260808,8,same_02,DET-MATCH,0.12488533392804836,0.7914775460958481,0.09181759175569179,0.10783282479629455,0.30000000000000004,0.9263300665040055
CURRENT,20260808,8,same_02,DIFF-MATCH,0.12582258451617168,0.789091631770134,0.08916035915926829,0.10508931410671665,0.2666666666666667,0.9301452739786296
CURRENT,20260808,8,same_03,RAW,0.0,1.0,0.0,0.0,0.85,1.0
CURRENT,20260808,8,same_03,DIFF-POP,0.08419614138480382,0.7987699657678604,0.12191600711590435,0.11178261431330434,0.85,0.917043462618746
CURRENT,20260808,8,same_03,LINEAR-MATCH,0.06951788600698716,0.8750302344560623,0.07646075106913466,0.06849636001114379,0.85,0.9432847089023527
CURRENT,20260808,8,same_03,DET-MATCH,0.0753913637403043,0.8653527051210403,0.09058007429018611,0.0991420972255647,0.875,0.9335377970521586
CURRENT,20260808,8,same_03,DIFF-MATCH,0.07561998287545874,0.8600723147392273,0.08589498768661033,0.09495242507608807,0.85,0.9374660878166519
CURRENT,20260808,8,same_01,RAW,0.0,1.0,0.0,0.0,0.025000000000000022,1.0
CURRENT,20260808,8,same_01,DIFF-POP,0.12240647945347721,0.7665709257125854,0.06812048905407767,0.11894814072762604,-0.050000000000000044,0.9311872912829361
CURRENT,20260808,8,same_01,LINEAR-MATCH,0.11361194176077227,0.7748442888259888,0.07032610835536614,0.10273669724130119,-0.050000000000000044,0.9356567251877176
CURRENT,20260808,8,same_01,DET-MATCH,0.12089689332841419,0.7644867151975632,0.07457680707516838,0.12001298028372909,-0.050000000000000044,0.9251338508038884
CURRENT,20260808,8,same_01,DIFF-MATCH,0.12406532304734287,0.7650102823972702,0.07144326425555006,0.11831826496483239,-0.07499999999999996,0.9290717480951504
CURRENT,20260808,8,same_02,RAW,0.0,1.0,0.0,0.0,0.33333333333333337,1.0
CURRENT,20260808,8,same_02,DIFF-POP,0.11717487829705026,0.8077766448259354,0.08458266343294471,0.10630110820866949,0.30000000000000004,0.9298390504730156
CURRENT,20260808,8,same_02,LINEAR-MATCH,0.11969652325696423,0.7930761277675629,0.08576164071456274,0.08763596540281632,0.3666666666666667,0.9567083401238928
CURRENT,20260808,8,same_02,DET-MATCH,0.12488533392804836,0.7914775460958481,0.09181759175569179,0.10783282479629455,0.30000000000000004,0.9263300665040055
CURRENT,20260808,8,same_02,DIFF-MATCH,0.12598998246801246,0.7911940813064575,0.08923195234367902,0.1047894860186129,0.2666666666666667,0.9298718306290656
CURRENT,20260808,8,same_03,RAW,0.0,1.0,0.0,0.0,0.85,1.0
CURRENT,20260808,8,same_03,DIFF-POP,0.08439478563459488,0.8008698672056198,0.12208420229617846,0.11163601798952509,0.875,0.9170172525085258
CURRENT,20260808,8,same_03,LINEAR-MATCH,0.06951788600698716,0.8750302344560623,0.07646075106913466,0.06849636001114379,0.85,0.9432847089023527
CURRENT,20260808,8,same_03,DET-MATCH,0.0753913637403043,0.8653527051210403,0.09058007429018611,0.0991420972255647,0.875,0.9335377970521586
CURRENT,20260808,8,same_03,DIFF-MATCH,0.07585230990951256,0.8628668934106827,0.08604441317418295,0.09494050023598133,0.875,0.9374320682161543
CURRENT,20260808,9,same_01,RAW,0.0,1.0,0.0,0.0,0.3666666666666667,1.0
CURRENT,20260808,9,same_01,DIFF-POP,0.09103455588935033,0.7926478832960129,0.05795559161918438,0.10069545585752208,0.3666666666666667,0.9535208853146007
CURRENT,20260808,9,same_01,LINEAR-MATCH,0.078430301163206,0.7706219851970673,0.0599030191635631,0.05397099154644654,0.33333333333333337,0.9536938332268418
CURRENT,20260808,9,same_01,DET-MATCH,0.08417409906399338,0.7726193964481354,0.0633182625126217,0.0906289817362588,0.33333333333333337,0.9491700608947299
CURRENT,20260808,9,same_01,DIFF-MATCH,0.08541573116529402,0.7751887738704681,0.060783134521853695,0.09103751958229128,0.2666666666666667,0.9524585300390275
CURRENT,20260808,9,same_02,RAW,0.0,1.0,0.0,0.0,0.33333333333333337,1.0
CURRENT,20260808,9,same_02,DIFF-POP,0.07604780062422463,0.8052418678998947,0.05088582106173068,0.11212576310443335,0.23333333333333328,0.9640552656449246
CURRENT,20260808,9,same_02,LINEAR-MATCH,0.053363733040397945,0.7885668575763702,0.049331570823833194,0.06678011961360093,0.2666666666666667,0.965402995743275
CURRENT,20260808,9,same_02,DET-MATCH,0.06390571931284492,0.7846491932868958,0.05583560322665382,0.10979191820341674,0.30000000000000004,0.9613837980606856
CURRENT,20260808,9,same_02,DIFF-MATCH,0.06581921942242502,0.7863026559352875,0.05347218440076144,0.10835324403495386,0.16666666666666663,0.9638416881101789
CURRENT,20260808,9,same_03,RAW,0.0,1.0,0.0,0.0,0.625,1.0
CURRENT,20260808,9,same_03,DIFF-POP,0.06637179009301236,0.703149288892746,0.07029706720370801,0.1416998275432693,0.625,0.9441594878848559
CURRENT,20260808,9,same_03,LINEAR-MATCH,0.08308022233373878,0.8036750704050064,0.0478312358059452,0.09379187958903729,0.65,0.9588930876148758
CURRENT,20260808,9,same_03,DET-MATCH,0.08651837102898854,0.7819484025239944,0.06124776917635138,0.13166307677082711,0.65,0.9483622898942516
CURRENT,20260808,9,same_03,DIFF-MATCH,0.08754017852990426,0.7818690687417984,0.05972439000459354,0.1329313872619962,0.65,0.9511470542757886
CURRENT,20260808,9,same_01,RAW,0.0,1.0,0.0,0.0,0.3666666666666667,1.0
CURRENT,20260808,9,same_01,DIFF-POP,0.09096683038180885,0.7948585450649261,0.05819468898234295,0.10092341689194231,0.3666666666666667,0.9534243719407414
CURRENT,20260808,9,same_01,LINEAR-MATCH,0.078430301163206,0.7706219851970673,0.0599030191635631,0.05397099154644654,0.33333333333333337,0.9536938332268418
CURRENT,20260808,9,same_01,DET-MATCH,0.08417409906399338,0.7726193964481354,0.0633182625126217,0.0906289817362588,0.33333333333333337,0.9491700608947299
CURRENT,20260808,9,same_01,DIFF-MATCH,0.08532818179666249,0.7772155106067657,0.06090842874530414,0.09128576624363444,0.23333333333333328,0.9523627862296987
CURRENT,20260808,9,same_02,RAW,0.0,1.0,0.0,0.0,0.33333333333333337,1.0
CURRENT,20260808,9,same_02,DIFF-POP,0.0760360477114234,0.8068989664316177,0.0512595847068048,0.11353110634944685,0.16666666666666663,0.964197852888301
CURRENT,20260808,9,same_02,LINEAR-MATCH,0.053363733040397945,0.7885668575763702,0.049331570823833194,0.06678011961360093,0.2666666666666667,0.965402995743275
CURRENT,20260808,9,same_02,DET-MATCH,0.06390571931284492,0.7846491932868958,0.05583560322665382,0.10979191820341674,0.30000000000000004,0.9613837980606856
CURRENT,20260808,9,same_02,DIFF-MATCH,0.06574557366688237,0.7878220826387405,0.053870630799048864,0.10983124092161588,0.19999999999999996,0.9639773427500353
CURRENT,20260808,9,same_03,RAW,0.0,1.0,0.0,0.0,0.625,1.0
CURRENT,20260808,9,same_03,DIFF-POP,0.06649917725053962,0.7048424482345581,0.0701603937384962,0.14161490533611742,0.625,0.9441332507205089
CURRENT,20260808,9,same_03,LINEAR-MATCH,0.08308022233373878,0.8036750704050064,0.0478312358059452,0.09379187958903729,0.65,0.9588930876148758
CURRENT,20260808,9,same_03,DET-MATCH,0.08651837102898854,0.7819484025239944,0.06124776917635138,0.13166307677082711,0.65,0.9483622898942516
CURRENT,20260808,9,same_03,DIFF-MATCH,0.08762344441518811,0.7844376862049103,0.05963415554582755,0.13302243684616066,0.65,0.9511114008118162
CURRENT,20260810,1,same_01,RAW,0.0,1.0,0.0,0.0,0.43333333333333335,1.0
CURRENT,20260810,1,same_01,DIFF-POP,0.045669674067431956,0.8324674218893051,0.04359593208508542,0.11327366032706888,0.30000000000000004,0.9696999943738321
CURRENT,20260810,1,same_01,LINEAR-MATCH,0.03388838070264448,0.8433037251234055,0.036823165344200964,0.07237539268457713,0.3666666666666667,0.9783928770518499
CURRENT,20260810,1,same_01,DET-MATCH,0.0404027855858658,0.8320992738008499,0.045766932184414716,0.11392161345424144,0.30000000000000004,0.966768262841938
CURRENT,20260810,1,same_01,DIFF-MATCH,0.04413793654786989,0.8350766748189926,0.04264926460152365,0.1102083851784639,0.33333333333333337,0.9715329280638632
CURRENT,20260810,1,same_02,RAW,0.0,1.0,0.0,0.0,-0.10000000000000009,1.0
CURRENT,20260810,1,same_02,DIFF-POP,0.10130779472572075,0.7633235305547714,0.04760076405149972,0.12513628309975205,0.19999999999999996,0.9648234477142233
CURRENT,20260810,1,same_02,LINEAR-MATCH,0.09262833860236613,0.7858864068984985,0.03919504408415815,0.07815421188654846,0.1333333333333333,0.9743126149225944
CURRENT,20260810,1,same_02,DET-MATCH,0.09453789911312252,0.7641260474920273,0.04850010420845271,0.12286425681722135,0.09999999999999998,0.9608345973199844
CURRENT,20260810,1,same_02,DIFF-MATCH,0.09689793071725626,0.7717835456132889,0.04440882807215448,0.1189111917230611,0.1333333333333333,0.9672577643873231
CURRENT,20260810,1,same_03,RAW,0.0,1.0,0.0,0.0,0.675,1.0
CURRENT,20260810,1,same_03,DIFF-POP,0.046632886710721605,0.6741853654384613,0.06606946886915092,0.11919804241559051,0.525,0.959320916916401
CURRENT,20260810,1,same_03,LINEAR-MATCH,0.04446896453701912,0.7988534718751907,0.04991799718006491,0.08174275854049473,0.625,0.9631706126054903
CURRENT,20260810,1,same_03,DET-MATCH,0.05627533947927077,0.7652774304151535,0.05958671705312832,0.1136070237260804,0.6,0.9542727115677203
CURRENT,20260810,1,same_03,DIFF-MATCH,0.0570623969197489,0.7700796574354172,0.054125014278390754,0.1087584608107589,0.525,0.9597471442860995
CURRENT,20260810,2,same_01,RAW,0.0,1.0,0.0,0.0,0.09999999999999998,1.0
CURRENT,20260810,2,same_01,DIFF-POP,0.12262294215114608,0.820420041680336,0.0872122307616817,0.17003250435671033,0.1333333333333333,0.9354742556131828
CURRENT,20260810,2,same_01,LINEAR-MATCH,0.14147711841016847,0.8052847385406494,0.09805748335382844,0.11671770223094967,0.19999999999999996,0.9284977339290928
CURRENT,20260810,2,same_01,DET-MATCH,0.14122516933814583,0.787206158041954,0.1006748213551214,0.17810133013426258,0.33333333333333337,0.925242006302038
CURRENT,20260810,2,same_01,DIFF-MATCH,0.14182100845745382,0.7831782549619675,0.1023354260751569,0.18558159905324179,0.1333333333333333,0.9235893070109499
CURRENT,20260810,2,same_02,RAW,0.0,1.0,0.0,0.0,0.033333333333333326,1.0
CURRENT,20260810,2,same_02,DIFF-POP,0.07576503956302245,0.8216789811849594,0.08592895615826637,0.15955517770054997,0.1333333333333333,0.9430388676766609
CURRENT,20260810,2,same_02,LINEAR-MATCH,0.06302136451398568,0.7867536246776581,0.10127742325135773,0.11235820609423681,0.19999999999999996,0.9386507522194455
CURRENT,20260810,2,same_02,DET-MATCH,0.06905143027243968,0.7792140990495682,0.1010313962531791,0.1685222681958565,0.1333333333333333,0.9338390258903377
CURRENT,20260810,2,same_02,DIFF-MATCH,0.06918727958702087,0.7767757475376129,0.10388774548918557,0.1770440634473892,0.09999999999999998,0.9322018632549806
CURRENT,20260810,2,same_03,RAW,0.0,1.0,0.0,0.0,0.19999999999999996,1.0
CURRENT,20260810,2,same_03,DIFF-POP,0.11610777380996702,0.7785473614931107,0.07574424694343058,0.15271144236259282,0.09999999999999998,0.9205222721587789
CURRENT,20260810,2,same_03,LINEAR-MATCH,0.10612895963273371,0.8214719593524933,0.06817659728579449,0.07341573860534913,0.050000000000000044,0.9228918304960688
CURRENT,20260810,2,same_03,DET-MATCH,0.11678015847202107,0.8112514466047287,0.07474359018957501,0.15008529785847977,0.09999999999999998,0.913925942917826
CURRENT,20260810,2,same_03,DIFF-MATCH,0.11600114006608163,0.8062677681446075,0.07505855034829788,0.15544501435287936,0.07499999999999996,0.9130898579655878
CURRENT,20260810,3,same_01,RAW,0.0,1.0,0.0,0.0,-0.1333333333333333,1.0
CURRENT,20260810,3,same_01,DIFF-POP,0.12182155240169087,0.8351182043552399,0.07539171662100522,0.12989313718079756,0.06666666666666665,0.9339904589616227
CURRENT,20260810,3,same_01,LINEAR-MATCH,0.1171814818159301,0.8422967344522476,0.05846248177835679,0.09248742517854003,-0.1333333333333333,0.9493429436152869
CURRENT,20260810,3,same_01,DET-MATCH,0.12617746225689727,0.8203814625740051,0.0801582515008516,0.1393867864796912,-0.10000000000000009,0.9211124140327531
CURRENT,20260810,3,same_01,DIFF-MATCH,0.12895684212880615,0.8192610889673233,0.07650936644741135,0.13344607757924593,-0.03333333333333344,0.9281085642635143
CURRENT,20260810,3,same_02,RAW,0.0,1.0,0.0,0.0,0.23333333333333328,1.0
CURRENT,20260810,3,same_02,DIFF-POP,0.14440103105749855,0.8131687492132187,0.0815214348942061,0.12844847116857608,0.1333333333333333,0.9312668194936493
CURRENT,20260810,3,same_02,LINEAR-MATCH,0.14839833446727022,0.8141343891620636,0.07336087088559301,0.09147921756161811,0.09999999999999998,0.9494425348409767
CURRENT,20260810,3,same_02,DET-MATCH,0.1565173824783145,0.7875889390707016,0.09253830574826806,0.14298595419048224,0.19999999999999996,0.9178041675841401
CURRENT,20260810,3,same_02,DIFF-MATCH,0.1575150829818422,0.7866062819957733,0.08985325751152441,0.13736315515230874,0.09999999999999998,0.9241181955866445
CURRENT,20260810,3,same_03,RAW,0.0,1.0,0.0,0.0,-0.25,1.0
CURRENT,20260810,3,same_03,DIFF-POP,0.08335066578387745,0.8023672699928284,0.07775607801856328,0.1335916595818798,-0.17500000000000004,0.9361653171765263
CURRENT,20260810,3,same_03,LINEAR-MATCH,0.06906421036294055,0.8582292348146439,0.0511222562813241,0.0799496732579738,-0.07499999999999996,0.9555490137357723
CURRENT,20260810,3,same_03,DET-MATCH,0.07565544727108825,0.8246665596961975,0.07241002904801044,0.13183111184183235,-0.050000000000000044,0.9346709190532807
CURRENT,20260810,3,same_03,DIFF-MATCH,0.07638096693000182,0.8238958418369293,0.06805596325765355,0.1255782316860815,-0.050000000000000044,0.9410250383964045
CURRENT,20260810,4,same_01,RAW,0.0,1.0,0.0,0.0,0.7,1.0
CURRENT,20260810,4,same_01,DIFF-POP,0.15881904246604828,0.7860344499349594,0.06999549623891729,0.12077220966757923,0.5666666666666667,0.9309236239746724
CURRENT,20260810,4,same_01,LINEAR-MATCH,0.15748166715008363,0.7943274676799774,0.0728024238462749,0.09800246381352368,0.5666666666666667,0.9231980964090583
CURRENT,20260810,4,same_01,DET-MATCH,0.1630134894650298,0.7748677134513855,0.0758293960479299,0.1228406809710319,0.5666666666666667,0.9235913824658113
CURRENT,20260810,4,same_01,DIFF-MATCH,0.16349985211542878,0.7731016278266907,0.07211654515037025,0.11897065327966068,0.6,0.9277042532615197
CURRENT,20260810,4,same_02,RAW,0.0,1.0,0.0,0.0,0.7990155865463495,1.0
CURRENT,20260810,4,same_02,DIFF-POP,0.13204404231436787,0.7990959733724594,0.0684407813479895,0.1022616287703227,0.8278688524590163,0.9450323812392214
CURRENT,20260810,4,same_02,LINEAR-MATCH,0.13320858988536488,0.7994478046894073,0.0662119333469055,0.08714652067282286,0.7704918032786885,0.9426693518771437
CURRENT,20260810,4,same_02,DET-MATCH,0.1432681832392561,0.7872169315814972,0.0731781629458205,0.10637264867687507,0.7990155865463495,0.9403216944777105
CURRENT,20260810,4,same_02,DIFF-MATCH,0.14254791094299724,0.7846744954586029,0.07055351863954042,0.10375361836217945,0.7990155865463495,0.9431967477649807
CURRENT,20260810,4,same_03,RAW,0.0,1.0,0.0,0.0,0.825,1.0
CURRENT,20260810,4,same_03,DIFF-POP,0.0274052274045668,0.7338078022003174,0.0727022162760442,0.10946746519108168,0.875,0.957530429787363
CURRENT,20260810,4,same_03,LINEAR-MATCH,0.052274334321383426,0.828842282295227,0.05293931800781423,0.07372529277321772,0.875,0.9600888134784512
CURRENT,20260810,4,same_03,DET-MATCH,0.058030865362585865,0.8099663257598877,0.059926408818502135,0.10833316195246052,0.85,0.9579470155705022
CURRENT,20260810,4,same_03,DIFF-MATCH,0.057782800553777894,0.8042519390583038,0.056317785836772175,0.10068617976907758,0.9,0.9632384573945462
CURRENT,20260810,5,same_01,RAW,0.0,1.0,0.0,0.0,0.5,1.0
CURRENT,20260810,5,same_01,DIFF-POP,0.12061949959889481,0.816969484090805,0.09283245590786064,0.10964064086405147,0.43333333333333335,0.9267381229188414
CURRENT,20260810,5,same_01,LINEAR-MATCH,0.12523788516145604,0.8178631216287613,0.08331240544825845,0.08899584892220405,0.43333333333333335,0.9368086926456914
CURRENT,20260810,5,same_01,DET-MATCH,0.13059059341607349,0.8008858412504196,0.10295865829219743,0.11764677519326588,0.43333333333333335,0.9184368589626015
CURRENT,20260810,5,same_01,DIFF-MATCH,0.13046704994538028,0.7990512102842331,0.09681906317604673,0.11445092044869007,0.5,0.9249865534210258
CURRENT,20260810,5,same_02,RAW,0.0,1.0,0.0,0.0,0.6862265688671556,1.0
CURRENT,20260810,5,same_02,DIFF-POP,0.11558764457973408,0.8097876310348511,0.10034533702747886,0.12587528864555514,0.5973705834018077,0.9172177188298806
CURRENT,20260810,5,same_02,LINEAR-MATCH,0.12154846357844576,0.8146737217903137,0.09605017714468829,0.11435562485070065,0.6279640228945217,0.9175731780782211
CURRENT,20260810,5,same_02,DET-MATCH,0.12790579038469407,0.7951571196317673,0.11269123293386585,0.13872814848228124,0.6548890714872637,0.9041748839182071
CURRENT,20260810,5,same_02,DIFF-MATCH,0.12753979700218124,0.7928666472434998,0.10717587142761091,0.13570781871466212,0.5973705834018077,0.9114814161584789
CURRENT,20260810,5,same_03,RAW,0.0,1.0,0.0,0.0,0.65,1.0
CURRENT,20260810,5,same_03,DIFF-POP,0.07763344572084255,0.7743658721446991,0.08840376021218635,0.1415805926052726,0.675,0.917869218073029
CURRENT,20260810,5,same_03,LINEAR-MATCH,0.06062629601123162,0.8719510436058044,0.058323235807117985,0.08659969428863863,0.55,0.9456835527001868
CURRENT,20260810,5,same_03,DET-MATCH,0.07020178228366503,0.8417484909296036,0.0755149997821434,0.11177777897109571,0.625,0.9224611463301653
CURRENT,20260810,5,same_03,DIFF-MATCH,0.07037445416311938,0.8386974930763245,0.06780318164214255,0.11126463311049568,0.65,0.9316572473780487
CURRENT,20260810,6,same_01,RAW,0.0,1.0,0.0,0.0,0.19999999999999996,1.0
CURRENT,20260810,6,same_01,DIFF-POP,0.10363323876194114,0.8544748425483704,0.06649755430228488,0.1361270972794281,0.19999999999999996,0.9453852989071836
CURRENT,20260810,6,same_01,LINEAR-MATCH,0.11871847120947443,0.8414136916399002,0.07042853349684525,0.11327825041519007,0.23333333333333328,0.9471192805424262
CURRENT,20260810,6,same_01,DET-MATCH,0.1257604586621946,0.8161814361810684,0.07991400679615811,0.15949951536356938,0.2666666666666667,0.93454384539335
CURRENT,20260810,6,same_01,DIFF-MATCH,0.12391400939261615,0.8209260404109955,0.07940588392756887,0.1550613263209846,0.23333333333333328,0.9362287488271105
CURRENT,20260810,6,same_02,RAW,0.0,1.0,0.0,0.0,0.33333333333333337,1.0
CURRENT,20260810,6,same_02,DIFF-POP,0.09676858073755823,0.8691739141941071,0.0492422548781776,0.11433850496548402,0.3666666666666667,0.9526950513172716
CURRENT,20260810,6,same_02,LINEAR-MATCH,0.11272843846365704,0.8557544499635696,0.05552845190799391,0.10686018509394032,0.4666666666666667,0.9541686720066921
CURRENT,20260810,6,same_02,DET-MATCH,0.12323859693090156,0.8361498266458511,0.060155491868041755,0.13755137329306374,0.3666666666666667,0.9435425433204588
CURRENT,20260810,6,same_02,DIFF-MATCH,0.12012697255100918,0.8400920927524567,0.05943789755909922,0.13254936026190528,0.33333333333333337,0.9444185973641714
CURRENT,20260810,6,same_03,RAW,0.0,1.0,0.0,0.0,0.475,1.0
CURRENT,20260810,6,same_03,DIFF-POP,0.10222265288787943,0.8534241020679474,0.057176103764884564,0.12875227574925327,0.5,0.9448764499029538
CURRENT,20260810,6,same_03,LINEAR-MATCH,0.08642665138752112,0.8673945516347885,0.051350202257433065,0.0908575928987012,0.525,0.9503206314371162
CURRENT,20260810,6,same_03,DET-MATCH,0.09499375800971596,0.8410549163818359,0.05971086612675511,0.13202234420398076,0.575,0.9394089474193958
CURRENT,20260810,6,same_03,DIFF-MATCH,0.09318140287547927,0.846718356013298,0.05968897719397839,0.1278339870450371,0.525,0.9407711068451865
CURRENT,20260810,7,same_01,RAW,0.0,1.0,0.0,0.0,0.1333333333333333,1.0
CURRENT,20260810,7,same_01,DIFF-POP,0.11110414530951152,0.8162516504526138,0.0647254909093009,0.10928711207816616,-0.03333333333333344,0.9477730134006644
CURRENT,20260810,7,same_01,LINEAR-MATCH,0.12218860313552324,0.785199835896492,0.07824348612599608,0.09981898736202512,-0.06666666666666665,0.9372655434895469
CURRENT,20260810,7,same_01,DET-MATCH,0.12168300591535322,0.7894174307584763,0.0764066913236958,0.11469024007300445,-0.03333333333333344,0.939751485322789
CURRENT,20260810,7,same_01,DIFF-MATCH,0.12223970186772662,0.7854995280504227,0.07565079797308176,0.11581478590643103,-0.03333333333333344,0.9438996227689372
CURRENT,20260810,7,same_02,RAW,0.0,1.0,0.0,0.0,0.09999999999999998,1.0
CURRENT,20260810,7,same_02,DIFF-POP,0.13766178438796084,0.7855209410190582,0.07516385784303131,0.10021125196391643,0.0,0.9244237852485049
CURRENT,20260810,7,same_02,LINEAR-MATCH,0.134756884651223,0.7516837269067764,0.09071704314443631,0.08433811817213262,0.1333333333333333,0.9146791872012296
CURRENT,20260810,7,same_02,DET-MATCH,0.14022972857670807,0.7544344812631607,0.08213751503103585,0.09724919572395027,0.1333333333333333,0.9189169038404608
CURRENT,20260810,7,same_02,DIFF-MATCH,0.140468649141645,0.7533333897590637,0.0797434214566162,0.09815309012759547,0.0,0.9231084315880127
CURRENT,20260810,7,same_03,RAW,0.0,1.0,0.0,0.0,0.4,1.0
CURRENT,20260810,7,same_03,DIFF-POP,0.06098506707623727,0.6444256901741028,0.08923599951528934,0.1667586541375015,0.42500000000000004,0.9411485154513153
CURRENT,20260810,7,same_03,LINEAR-MATCH,0.06706120509224495,0.7405480742454529,0.07156481538334569,0.13909565098899437,0.42500000000000004,0.9439008235189732
CURRENT,20260810,7,same_03,DET-MATCH,0.07578030350013146,0.7331832945346832,0.07390591526089128,0.15320675720519403,0.44999999999999996,0.9466608358342548
CURRENT,20260810,7,same_03,DIFF-MATCH,0.07633361766904473,0.7294653654098511,0.07145042822806125,0.15375764407846446,0.4,0.9513773070344662
CURRENT,20260810,8,same_01,RAW,0.0,1.0,0.0,0.0,0.025000000000000022,1.0
CURRENT,20260810,8,same_01,DIFF-POP,0.12227986655913002,0.7589783072471619,0.06318919609600833,0.12454758885531779,0.0,0.9378833201945795
CURRENT,20260810,8,same_01,LINEAR-MATCH,0.11361194176077227,0.7748442888259888,0.07032610835536614,0.10273669724130119,-0.050000000000000044,0.9356567251877176
CURRENT,20260810,8,same_01,DET-MATCH,0.12094003690760172,0.7618432193994522,0.07424168966896899,0.1270615108345485,-0.050000000000000044,0.9260123812994163
CURRENT,20260810,8,same_01,DIFF-MATCH,0.12437272451522101,0.7614226341247559,0.06725533051396648,0.12441469841348685,-0.050000000000000044,0.9348390087743202
CURRENT,20260810,8,same_02,RAW,0.0,1.0,0.0,0.0,0.33333333333333337,1.0
CURRENT,20260810,8,same_02,DIFF-POP,0.12195523246904215,0.7963905185461044,0.08136115452758538,0.11976804675913955,0.3666666666666667,0.9264333565337577
CURRENT,20260810,8,same_02,LINEAR-MATCH,0.11969652325696423,0.7930761277675629,0.08576164071456274,0.08763596540281632,0.3666666666666667,0.9567083401238928
CURRENT,20260810,8,same_02,DET-MATCH,0.12687127426036532,0.7813053727149963,0.09154373370201035,0.12259177341199784,0.33333333333333337,0.9200101302049735
CURRENT,20260810,8,same_02,DIFF-MATCH,0.12788418988881556,0.7821488529443741,0.08523004291841449,0.11784247297605607,0.33333333333333337,0.9281247462302211
CURRENT,20260810,8,same_03,RAW,0.0,1.0,0.0,0.0,0.85,1.0
CURRENT,20260810,8,same_03,DIFF-POP,0.08382310955348657,0.793992891907692,0.11682857781728131,0.11714933580660568,0.9,0.9132684656197954
CURRENT,20260810,8,same_03,LINEAR-MATCH,0.06951788600698716,0.8750302344560623,0.07646075106913466,0.06849636001114379,0.85,0.9432847089023527
CURRENT,20260810,8,same_03,DET-MATCH,0.07448325630339239,0.858687624335289,0.08958819841600274,0.10285464013366885,0.9,0.9243970311817281
CURRENT,20260810,8,same_03,DIFF-MATCH,0.07490742329733216,0.8563176840543747,0.08180917939693495,0.0992750805817074,0.9,0.9322367534711251
CURRENT,20260810,9,same_01,RAW,0.0,1.0,0.0,0.0,0.3666666666666667,1.0
CURRENT,20260810,9,same_01,DIFF-POP,0.09156473378457627,0.7984096258878708,0.05579751754213137,0.07866133045735706,0.33333333333333337,0.955213887294205
CURRENT,20260810,9,same_01,LINEAR-MATCH,0.0784303012311284,0.7706219851970673,0.0599030191635631,0.05397099154644654,0.33333333333333337,0.9536938332268418
CURRENT,20260810,9,same_01,DET-MATCH,0.0849697992332545,0.7796201258897781,0.05864467429395789,0.0720359935749395,0.43333333333333335,0.9542788559035115
CURRENT,20260810,9,same_01,DIFF-MATCH,0.08664426612185708,0.7822948396205902,0.05807636123024359,0.07315093978263926,0.3666666666666667,0.9549907018646244
CURRENT,20260810,9,same_02,RAW,0.0,1.0,0.0,0.0,0.33333333333333337,1.0
CURRENT,20260810,9,same_02,DIFF-POP,0.07489596366979608,0.8153557777404785,0.0440543848095892,0.08377111386354298,0.2666666666666667,0.9664505941831877
CURRENT,20260810,9,same_02,LINEAR-MATCH,0.05336373225969443,0.7885668575763702,0.049331570823833194,0.06678011961360093,0.2666666666666667,0.965402995743275
CURRENT,20260810,9,same_02,DET-MATCH,0.06454083724850164,0.7955345213413239,0.04648126547118573,0.08502956933968644,0.30000000000000004,0.9657826301688132
CURRENT,20260810,9,same_02,DIFF-MATCH,0.06625913313662211,0.7979990094900131,0.046761271399995454,0.0839834622216551,0.2666666666666667,0.9665524062210544
CURRENT,20260810,9,same_03,RAW,0.0,1.0,0.0,0.0,0.625,1.0
CURRENT,20260810,9,same_03,DIFF-POP,0.06775021347001106,0.6892078816890717,0.06137914474160685,0.11960390567609509,0.675,0.9519694725825445
CURRENT,20260810,9,same_03,LINEAR-MATCH,0.08308022311160435,0.8036750704050064,0.0478312358059452,0.09379187958903729,0.65,0.9588930876148758
CURRENT,20260810,9,same_03,DET-MATCH,0.0896826134489465,0.7771717756986618,0.047245275228992197,0.11365791371858976,0.6,0.9599312385578174
CURRENT,20260810,9,same_03,DIFF-MATCH,0.08924843520658216,0.7733417302370071,0.04648547898124048,0.11002970931409066,0.65,0.9601301507623088
CURRENT,20260811,1,same_01,RAW,0.0,1.0,0.0,0.0,0.43333333333333335,1.0
CURRENT,20260811,1,same_01,DIFF-POP,0.0442182126590389,0.8426131010055542,0.04112361404257242,0.09885805659803099,0.33333333333333337,0.9714970489770135
CURRENT,20260811,1,same_01,LINEAR-MATCH,0.03388838070264448,0.8433037251234055,0.036823165344200964,0.07237539268457713,0.3666666666666667,0.9783928770518499
CURRENT,20260811,1,same_01,DET-MATCH,0.04122471659041671,0.8449470549821854,0.040372249729113234,0.0940415151185793,0.33333333333333337,0.9719781837477701
CURRENT,20260811,1,same_01,DIFF-MATCH,0.04261100001114285,0.8450973778963089,0.04016732856215962,0.09579168254262332,0.33333333333333337,0.9733528124137953
CURRENT,20260811,1,same_02,RAW,0.0,1.0,0.0,0.0,-0.10000000000000009,1.0
CURRENT,20260811,1,same_02,DIFF-POP,0.10161868971139215,0.7810568660497665,0.042350193080837366,0.10606754339200976,0.1333333333333333,0.9689237047019688
CURRENT,20260811,1,same_02,LINEAR-MATCH,0.09262833860236613,0.7858864068984985,0.03919504408415815,0.07815421188654846,0.1333333333333333,0.9743126149225944
CURRENT,20260811,1,same_02,DET-MATCH,0.09488492690372234,0.786262646317482,0.041525765197837954,0.10338819395914121,0.1333333333333333,0.9685429398571771
CURRENT,20260811,1,same_02,DIFF-MATCH,0.09576688211514181,0.7860279828310013,0.03918260284149669,0.10366095607221018,0.09999999999999998,0.971957361837599
CURRENT,20260811,1,same_03,RAW,0.0,1.0,0.0,0.0,0.675,1.0
CURRENT,20260811,1,same_03,DIFF-POP,0.05933305582326384,0.6820248067378998,0.06890945144041716,0.12882137597131274,0.575,0.9496896310545383
CURRENT,20260811,1,same_03,LINEAR-MATCH,0.04446896453701912,0.7988534718751907,0.04991799718006491,0.08174275854049473,0.625,0.9631706126054903
CURRENT,20260811,1,same_03,DET-MATCH,0.05675254427826276,0.7807614356279373,0.05705283901423508,0.11291324011550496,0.65,0.9548829386206505
CURRENT,20260811,1,same_03,DIFF-MATCH,0.05690054709669615,0.7788623422384262,0.05623782247648961,0.11166351719762757,0.6,0.9574741915765071
CURRENT,20260811,2,same_01,RAW,0.0,1.0,0.0,0.0,0.09999999999999998,1.0
CURRENT,20260811,2,same_01,DIFF-POP,0.11733964441904124,0.8264349848031998,0.0952064033818004,0.17308995067372743,0.033333333333333326,0.9274396959025425
CURRENT,20260811,2,same_01,LINEAR-MATCH,0.14147711841016847,0.8052847385406494,0.09805748335382844,0.11671770223094967,0.19999999999999996,0.9284977339290928
CURRENT,20260811,2,same_01,DET-MATCH,0.13730189292209616,0.7918712943792343,0.11599310383011409,0.18103123454939513,0.16666666666666663,0.9084086326308944
CURRENT,20260811,2,same_01,DIFF-MATCH,0.13684988027769546,0.7914313077926636,0.11003756387095408,0.1895228092561556,0.09999999999999998,0.915780495852022
CURRENT,20260811,2,same_02,RAW,0.0,1.0,0.0,0.0,0.033333333333333326,1.0
CURRENT,20260811,2,same_02,DIFF-POP,0.07371761329228253,0.8246191740036011,0.09587596386299697,0.16290585657669907,0.033333333333333326,0.9337713341457812
CURRENT,20260811,2,same_02,LINEAR-MATCH,0.06302136451398568,0.7867536246776581,0.10127742325135773,0.11235820609423681,0.19999999999999996,0.9386507522194455
CURRENT,20260811,2,same_02,DET-MATCH,0.06969697407874736,0.779625192284584,0.11811005313881945,0.17256436235528555,0.06666666666666665,0.917174954458462
CURRENT,20260811,2,same_02,DIFF-MATCH,0.06953300516508398,0.7841015309095383,0.11292606518842384,0.1812378832496345,0.033333333333333326,0.9226487788398203
CURRENT,20260811,2,same_03,RAW,0.0,1.0,0.0,0.0,0.19999999999999996,1.0
CURRENT,20260811,2,same_03,DIFF-POP,0.1052072416362661,0.7828162610530853,0.07776632096126493,0.13247495712005544,0.125,0.9222020528404248
CURRENT,20260811,2,same_03,LINEAR-MATCH,0.10612895963273371,0.8214719593524933,0.06817659728579449,0.07341573860534913,0.050000000000000044,0.9228918304960688
CURRENT,20260811,2,same_03,DET-MATCH,0.10861343376981394,0.8249123245477676,0.08494237719358198,0.13245783290438395,0.19999999999999996,0.9050133464040327
CURRENT,20260811,2,same_03,DIFF-MATCH,0.10872108104695145,0.8119223117828369,0.07882282514647021,0.14076555431021479,0.22499999999999998,0.9123978776793114
CURRENT,20260811,3,same_01,RAW,0.0,1.0,0.0,0.0,-0.1333333333333333,1.0
CURRENT,20260811,3,same_01,DIFF-POP,0.12523459021137603,0.8402678817510605,0.05963964303283054,0.11112906633569916,-0.03333333333333344,0.9525574835319461
CURRENT,20260811,3,same_01,LINEAR-MATCH,0.1171814818159301,0.8422967344522476,0.05846248177835679,0.09248742517854003,-0.1333333333333333,0.9493429436152869
CURRENT,20260811,3,same_01,DET-MATCH,0.1377557377108638,0.8122081607580185,0.06680313819533701,0.12556804612393274,-0.10000000000000009,0.9354327899538935
CURRENT,20260811,3,same_01,DIFF-MATCH,0.137435458706265,0.8161173015832901,0.06424973232336281,0.12533005522462634,-0.10000000000000009,0.9403683294288944
CURRENT,20260811,3,same_02,RAW,0.0,1.0,0.0,0.0,0.23333333333333328,1.0
CURRENT,20260811,3,same_02,DIFF-POP,0.1456941578129772,0.8129053264856339,0.0650898073075757,0.11459086486406916,0.1333333333333333,0.9482300712391251
CURRENT,20260811,3,same_02,LINEAR-MATCH,0.14839833446727022,0.8141343891620636,0.07336087088559301,0.09147921756161811,0.09999999999999998,0.9494425348409767
CURRENT,20260811,3,same_02,DET-MATCH,0.1582781677383924,0.7765608131885529,0.07741112211836887,0.12339815083389843,0.1333333333333333,0.9346646782131792
CURRENT,20260811,3,same_02,DIFF-MATCH,0.15883533082879794,0.7815674990415573,0.0745921421454374,0.12417828247608215,0.06666666666666665,0.9390050083379453
CURRENT,20260811,3,same_03,RAW,0.0,1.0,0.0,0.0,-0.25,1.0
CURRENT,20260811,3,same_03,DIFF-POP,0.08780425607833928,0.7972203940153122,0.06363835581804701,0.12777488566865258,-0.30000000000000004,0.9407190264969725
CURRENT,20260811,3,same_03,LINEAR-MATCH,0.06906421036294055,0.8582292348146439,0.0511222562813241,0.0799496732579738,-0.07499999999999996,0.9555490137357723
CURRENT,20260811,3,same_03,DET-MATCH,0.07645654345976963,0.8214758485555649,0.05766910243656609,0.1127034669882363,-0.07499999999999996,0.943754652221871
CURRENT,20260811,3,same_03,DIFF-MATCH,0.0773843036683603,0.8244274109601974,0.05403053486862378,0.11406645887987295,0.0,0.9476552366709308
CURRENT,20260811,4,same_01,RAW,0.0,1.0,0.0,0.0,0.7,1.0
CURRENT,20260811,4,same_01,DIFF-POP,0.15324219107885628,0.8012296557426453,0.07093733493921214,0.10761780355717702,0.6,0.9275839298587529
CURRENT,20260811,4,same_01,LINEAR-MATCH,0.15748166715008363,0.7943274676799774,0.0728024238462749,0.09800246381352368,0.5666666666666667,0.9231980964090583
CURRENT,20260811,4,same_01,DET-MATCH,0.15886019131451545,0.7922973781824112,0.0763437051315404,0.1056872591257596,0.6,0.9202649694471559
CURRENT,20260811,4,same_01,DIFF-MATCH,0.15985767382158816,0.7868689447641373,0.07313653570796044,0.10552864531256899,0.6333333333333333,0.9240579654274317
CURRENT,20260811,4,same_02,RAW,0.0,1.0,0.0,0.0,0.7990155865463495,1.0
CURRENT,20260811,4,same_02,DIFF-POP,0.12389601219333668,0.8109524995088577,0.06490875469312189,0.08928617180347506,0.7990155865463495,0.9456275644461319
CURRENT,20260811,4,same_02,LINEAR-MATCH,0.13320858988536488,0.7994478046894073,0.0662119333469055,0.08714652067282286,0.7704918032786885,0.9426693518771437
CURRENT,20260811,4,same_02,DET-MATCH,0.13566279488109606,0.79860058426857,0.0695692194852133,0.09164203397151763,0.7704918032786885,0.9394211954923503
CURRENT,20260811,4,same_02,DIFF-MATCH,0.1358859381054196,0.7953297644853592,0.06731988626768319,0.09086399964423013,0.7990155865463495,0.9428862010078521
CURRENT,20260811,4,same_03,RAW,0.0,1.0,0.0,0.0,0.825,1.0
CURRENT,20260811,4,same_03,DIFF-POP,0.028564952758647955,0.7466578185558319,0.06764209208886311,0.09789439484718714,0.925,0.9565140835703314
CURRENT,20260811,4,same_03,LINEAR-MATCH,0.052274334321383426,0.828842282295227,0.05293931800781423,0.07372529277321772,0.875,0.9600888134784512
CURRENT,20260811,4,same_03,DET-MATCH,0.05707869725837454,0.8307050615549088,0.05668616649223374,0.08657298814910586,0.85,0.9579275185584385
CURRENT,20260811,4,same_03,DIFF-MATCH,0.05805523830239408,0.820771113038063,0.05271100278608646,0.08752775919837082,0.85,0.9625804491222222
CURRENT,20260811,5,same_01,RAW,0.0,1.0,0.0,0.0,0.5,1.0
CURRENT,20260811,5,same_01,DIFF-POP,0.12036212855865852,0.8196781724691391,0.10097171785239693,0.12466636312128826,0.4,0.9135269781847013
CURRENT,20260811,5,same_01,LINEAR-MATCH,0.12523788516145604,0.8178631216287613,0.08331240544825845,0.08899584892220405,0.43333333333333335,0.9368086926456914
CURRENT,20260811,5,same_01,DET-MATCH,0.13047204592260606,0.8039403259754181,0.10266410446376337,0.12666510213227364,0.33333333333333337,0.9141706611699902
CURRENT,20260811,5,same_01,DIFF-MATCH,0.13020101812365587,0.8019252270460129,0.10513421024766308,0.12887764349359412,0.33333333333333337,0.9119922137785021
CURRENT,20260811,5,same_02,RAW,0.0,1.0,0.0,0.0,0.6862265688671556,1.0
CURRENT,20260811,5,same_02,DIFF-POP,0.11316662763883151,0.8132782280445099,0.11020840952881265,0.14484876890385112,0.6841673502871206,0.9037133551637815
CURRENT,20260811,5,same_02,LINEAR-MATCH,0.12154846357844576,0.8146737217903137,0.09605017714468829,0.11435562485070065,0.6279640228945217,0.9175731780782211
CURRENT,20260811,5,same_02,DET-MATCH,0.12598311447008678,0.7976788282394409,0.11196790425412442,0.15123415127068632,0.6279640228945217,0.9015226402682871
CURRENT,20260811,5,same_02,DIFF-MATCH,0.1258626254988947,0.7970772087574005,0.11546576280287489,0.15343422070457122,0.7124075595727197,0.898425709902678
CURRENT,20260811,5,same_03,RAW,0.0,1.0,0.0,0.0,0.65,1.0
CURRENT,20260811,5,same_03,DIFF-POP,0.0759614909565395,0.7593680322170258,0.10032190663663607,0.16483890379960575,0.625,0.8909356674786888
CURRENT,20260811,5,same_03,LINEAR-MATCH,0.06062629601123162,0.8719510436058044,0.058323235807117985,0.08659969428863863,0.55,0.9456835527001868
CURRENT,20260811,5,same_03,DET-MATCH,0.06872792310917267,0.8240350633859634,0.07669397475939091,0.13283978327149054,0.575,0.9054204404466366
CURRENT,20260811,5,same_03,DIFF-MATCH,0.06817616742108737,0.8240815699100494,0.07768590896925769,0.1331493294367807,0.625,0.9065742090899425
CURRENT,20260811,6,same_01,RAW,0.0,1.0,0.0,0.0,0.19999999999999996,1.0
CURRENT,20260811,6,same_01,DIFF-POP,0.10783193583233194,0.8405067175626755,0.06147933395213058,0.15869869923470248,0.1333333333333333,0.9524870142364609
CURRENT,20260811,6,same_01,LINEAR-MATCH,0.11871847120947443,0.8414136916399002,0.07042853349684525,0.11327825041519007,0.23333333333333328,0.9471192805424262
CURRENT,20260811,6,same_01,DET-MATCH,0.1289715751847123,0.8029924929141998,0.07934164739428515,0.18739994686658443,0.23333333333333328,0.9400421276534718
CURRENT,20260811,6,same_01,DIFF-MATCH,0.12837449150778144,0.8048941493034363,0.07557309901844285,0.18135022003166865,0.19999999999999996,0.9430406410435759
CURRENT,20260811,6,same_02,RAW,0.0,1.0,0.0,0.0,0.33333333333333337,1.0
CURRENT,20260811,6,same_02,DIFF-POP,0.1008303578858667,0.8570181429386139,0.050989853987546595,0.13428870268547424,0.3666666666666667,0.9605204745166066
CURRENT,20260811,6,same_02,LINEAR-MATCH,0.11272843846365704,0.8557544499635696,0.05552845190799391,0.10686018509394032,0.4666666666666667,0.9541686720066921
CURRENT,20260811,6,same_02,DET-MATCH,0.12658783716415872,0.8262094259262085,0.06378310730768433,0.159142289993327,0.4,0.9481200198472429
CURRENT,20260811,6,same_02,DIFF-MATCH,0.12571538262687948,0.826746478676796,0.06157948955077098,0.15413462063935085,0.43333333333333335,0.9517451651873404
CURRENT,20260811,6,same_03,RAW,0.0,1.0,0.0,0.0,0.475,1.0
CURRENT,20260811,6,same_03,DIFF-POP,0.10506234328123457,0.843949168920517,0.05489531808629387,0.15025967944254895,0.55,0.9484405418628264
CURRENT,20260811,6,same_03,LINEAR-MATCH,0.08642665138752112,0.8673945516347885,0.051350202257433065,0.0908575928987012,0.525,0.9503206314371162
CURRENT,20260811,6,same_03,DET-MATCH,0.09826401295853834,0.8353922665119171,0.06037910843064408,0.15659798031103317,0.5,0.9413208094077612
CURRENT,20260811,6,same_03,DIFF-MATCH,0.09736884716948124,0.8352732360363007,0.057296681124237865,0.1513697750541633,0.5,0.9441350894675924
CURRENT,20260811,7,same_01,RAW,0.0,1.0,0.0,0.0,0.1333333333333333,1.0
CURRENT,20260811,7,same_01,DIFF-POP,0.10996938772270234,0.8245894312858582,0.062320646450562685,0.1077271505825588,-0.06666666666666665,0.9475571617282675
CURRENT,20260811,7,same_01,LINEAR-MATCH,0.12218860313552324,0.785199835896492,0.07824348612599608,0.09981898736202512,-0.06666666666666665,0.9372655434895469
CURRENT,20260811,7,same_01,DET-MATCH,0.1227975815329248,0.7886013835668564,0.07546323922901824,0.11463488763652774,0.033333333333333326,0.9394488380268338
CURRENT,20260811,7,same_01,DIFF-MATCH,0.12192452096337716,0.7915347814559937,0.07392250995260549,0.11622710329010293,0.033333333333333326,0.9433498841212976
CURRENT,20260811,7,same_02,RAW,0.0,1.0,0.0,0.0,0.09999999999999998,1.0
CURRENT,20260811,7,same_02,DIFF-POP,0.13562858133103603,0.7941862195730209,0.0802477860051895,0.09893342404634275,0.06666666666666665,0.9185841035835606
CURRENT,20260811,7,same_02,LINEAR-MATCH,0.134756884651223,0.7516837269067764,0.09071704314443631,0.08433811817213262,0.1333333333333333,0.9146791872012296
CURRENT,20260811,7,same_02,DET-MATCH,0.139188024473535,0.7594117969274521,0.08680271574925816,0.09481386064076554,0.06666666666666665,0.9155731661888737
CURRENT,20260811,7,same_02,DIFF-MATCH,0.13945279537166005,0.7626238018274307,0.08468689589505206,0.09978037054722771,0.09999999999999998,0.9172696119573754
CURRENT,20260811,7,same_03,RAW,0.0,1.0,0.0,0.0,0.4,1.0
CURRENT,20260811,7,same_03,DIFF-POP,0.06058924608895619,0.6595420837402344,0.08786283129496608,0.1671764273208729,0.5,0.9352717936848807
CURRENT,20260811,7,same_03,LINEAR-MATCH,0.06706120509224495,0.7405480742454529,0.07156481538334569,0.13909565098899437,0.42500000000000004,0.9439008235189732
CURRENT,20260811,7,same_03,DET-MATCH,0.07134529433528261,0.7513779252767563,0.07245097558616914,0.14917804518862354,0.5,0.9435704265855356
CURRENT,20260811,7,same_03,DIFF-MATCH,0.07177206078379941,0.7489081919193268,0.06862124686202536,0.14937602002256933,0.475,0.9471126021748528
CURRENT,20260811,8,same_01,RAW,0.0,1.0,0.0,0.0,0.025000000000000022,1.0
CURRENT,20260811,8,same_01,DIFF-POP,0.1213383132003249,0.77157361805439,0.06941138705908939,0.11857725745035565,-0.02499999999999991,0.9354355225841926
CURRENT,20260811,8,same_01,LINEAR-MATCH,0.11361194176077227,0.7748442888259888,0.07032610835536614,0.10273669724130119,-0.050000000000000044,0.9356567251877176
CURRENT,20260811,8,same_01,DET-MATCH,0.11861193242630685,0.774565726518631,0.0707698006121625,0.11754631640644193,0.025000000000000022,0.9332810362314455
CURRENT,20260811,8,same_01,DIFF-MATCH,0.11909928231847922,0.7716132253408432,0.07297004074015279,0.11832327316603197,-0.02499999999999991,0.9325927882792263
CURRENT,20260811,8,same_02,RAW,0.0,1.0,0.0,0.0,0.33333333333333337,1.0
CURRENT,20260811,8,same_02,DIFF-POP,0.11884683653860417,0.8066658079624176,0.08494329676745851,0.11137882505407298,0.3666666666666667,0.928538458025668
CURRENT,20260811,8,same_02,LINEAR-MATCH,0.11969652325696423,0.7930761277675629,0.08576164071456274,0.08763596540281632,0.3666666666666667,0.9567083401238928
CURRENT,20260811,8,same_02,DET-MATCH,0.12474018809797317,0.7918562591075897,0.0869634129021582,0.10946482258477257,0.30000000000000004,0.9281464558244938
CURRENT,20260811,8,same_02,DIFF-MATCH,0.1242538583584839,0.7899954169988632,0.08955415264378702,0.11071215381287752,0.30000000000000004,0.9285228505312499
CURRENT,20260811,8,same_03,RAW,0.0,1.0,0.0,0.0,0.85,1.0
CURRENT,20260811,8,same_03,DIFF-POP,0.07852060319206783,0.802462249994278,0.1186838305661036,0.10306322192762968,0.85,0.9179661182893267
CURRENT,20260811,8,same_03,LINEAR-MATCH,0.06951788600698716,0.8750302344560623,0.07646075106913466,0.06849636001114379,0.85,0.9432847089023527
CURRENT,20260811,8,same_03,DET-MATCH,0.06769524239249827,0.8708824813365936,0.07977546912715605,0.08381634134585797,0.875,0.9375260050230748
CURRENT,20260811,8,same_03,DIFF-MATCH,0.06856791058677722,0.8678964674472809,0.08442785152576997,0.08697139444446057,0.875,0.9370242792827475
CURRENT,20260811,9,same_01,RAW,0.0,1.0,0.0,0.0,0.3666666666666667,1.0
CURRENT,20260811,9,same_01,DIFF-POP,0.09011068338333172,0.795873686671257,0.05901864368003897,0.09050775663561632,0.3666666666666667,0.9496283804442069
CURRENT,20260811,9,same_01,LINEAR-MATCH,0.0784303012311284,0.7706219851970673,0.0599030191635631,0.05397099154644654,0.33333333333333337,0.9536938332268418
CURRENT,20260811,9,same_01,DET-MATCH,0.08321908749154926,0.7777452915906906,0.06317787230581196,0.08180914235212239,0.4,0.9496871813833347
CURRENT,20260811,9,same_01,DIFF-MATCH,0.08462160145380175,0.7792154401540756,0.062209710787913756,0.08589385608063375,0.30000000000000004,0.9496135743207368
CURRENT,20260811,9,same_02,RAW,0.0,1.0,0.0,0.0,0.33333333333333337,1.0
CURRENT,20260811,9,same_02,DIFF-POP,0.07403737795658782,0.8125803023576736,0.0501175496389683,0.09522701686559364,0.19999999999999996,0.9607346088006878
CURRENT,20260811,9,same_02,LINEAR-MATCH,0.05336373225969443,0.7885668575763702,0.049331570823833194,0.06678011961360093,0.2666666666666667,0.965402995743275
CURRENT,20260811,9,same_02,DET-MATCH,0.06292548340543701,0.793386235833168,0.05232139775009816,0.09261036085367319,0.23333333333333328,0.9612489770754061
CURRENT,20260811,9,same_02,DIFF-MATCH,0.06527584943304883,0.7937088906764984,0.052410245528978286,0.09506501137512254,0.23333333333333328,0.9606996053454256
CURRENT,20260811,9,same_03,RAW,0.0,1.0,0.0,0.0,0.625,1.0
CURRENT,20260811,9,same_03,DIFF-POP,0.06994809947849617,0.709022045135498,0.06613624072239005,0.12021051470763007,0.65,0.9468271488573655
CURRENT,20260811,9,same_03,LINEAR-MATCH,0.08308022311160435,0.8036750704050064,0.0478312358059452,0.09379187958903729,0.65,0.9588930876148758
CURRENT,20260811,9,same_03,DET-MATCH,0.08851810255998015,0.7883052229881287,0.05176126301538301,0.11263027502798179,0.625,0.9541384771403749
CURRENT,20260811,9,same_03,DIFF-MATCH,0.08870014768440848,0.7792972177267075,0.05215112315390052,0.11421776891817849,0.625,0.9547622978342272
