aggregate_across_seeds,artifact_attenuation,artifact_normalized_parallel_error,calibration_duration_axis_complete,calibration_id,calibration_seconds,clean_interval_preservation,correlation,d_perp_y,delta_snr_db,e_parallel,e_perp,failure_reason,fallback_method_id,fallback_used,function_evaluations,latency_seconds,method_id,network_calls_total,operator_source,overlap_fraction,p0_bootstrap_median_distance,p0_bootstrap_q90_distance,p0_bootstrap_success_rate,p0_eligible,p0_movement_coverage,p0_rank,p0_reference_condition,p0_reference_rank,p0_ridge_lambda,p0_singular_ratio,p0_singular_values,partition,peak_memory_mb,projector_distance,projector_max_angle_degrees,projector_overlap_fraction,psd_distortion,query_clean_target_used_by_method,records_are_participants,rrmse,sampler_candidate,seed,source_record,status,time_rrmse,trust_radius
True,0.0,1.0,False,,10.0,1.0,0.9248670262257171,0.0,0.0,1.251155195054067,5.192990591338063e-08,,,False,0,0.0004270270001143217,corrupted_identity,0,corrupted_identity,0.38768689961529723,,,,,,,,,,,,development,0.0,,,,0.4854450011026136,False,False,0.7790256305026307,deterministic,-1,31,success,0.7790256305026307,0.1
True,9.644395657703228,0.7992613577860632,False,,10.0,0.2448684514391729,0.9280943165312145,5.701274302662195e-16,1.9462236706902833,1.0000000000000002,5.1929905913853294e-08,,,False,0,0.0001537060015834868,oracle_orthogonal_subtraction,0,oracle_orthogonal_subtraction,0.38768689961529723,,,,,,,,,,,,development,0.0,0.0,1.9090959104164224e-06,1.0,0.4462465196851288,True,False,0.6226450831856772,deterministic,-1,31,success,0.6226450831856772,0.1
False,1.457953391505956,2.035952252747022,False,population_projector_Pi0,10.0,-2.0346221969960157,0.00046791642364934236,4.039681802996758,-13.140822404792495,2.547292237906467,4.039681802388609,,,False,100,6.285886261990527,population_only__M0__trust_0p1,200,population_only,0.38768689961529723,,,,,,,,,,,,development,1306.6484375,0.025188247321354815,1.872808775362896,0.9993655521968784,3.708699484054955,False,False,3.536656386079661,M0,20260801,31,success,3.536656386079661,0.1
False,0.3327092496289732,2.0892891730429164,False,population_projector_Pi0,10.0,-1.7106124272189125,0.01788080532774777,3.513364377965771,-12.258091237131453,2.61402500282286,3.513364377494188,,,False,100,5.692994157987414,population_only__M0__trust_0p1,200,population_only,0.38768689961529723,,,,,,,,,,,,development,1314.7734375,0.025188247321354815,1.872808775362896,0.9993655521968784,3.162507746370931,False,False,3.1948929305623803,M0,20260802,31,success,3.1948929305623803,0.1
False,-0.7211088699866366,2.258441951058678,False,population_projector_Pi0,10.0,-1.8068571131898459,0.018132661349682742,3.5463744904552414,-12.501736597352899,2.825661379795108,3.5463744900575733,,,False,100,5.712930404988583,population_only__M0__trust_0p1,200,population_only,0.38768689961529723,,,,,,,,,,,,development,1314.7734375,0.025188247321354815,1.872808775362896,0.9993655521968784,3.534650280252034,False,False,3.28578071549253,M0,20260803,31,success,3.28578071549253,0.1
False,-0.06427290917587977,2.5685071037921774,False,population_projector_Pi0,10.0,-2.224310911704503,0.014813720369785297,4.111362311662169,-13.738647408770802,3.213601006442858,4.111362310851097,,,False,100,5.7137972339987755,population_only__M0__trust_0p1,200,population_only,0.38768689961529723,,,,,,,,,,,,development,1314.7734375,0.025188247321354815,1.872808775362896,0.9993655521968784,3.775099575137797,False,False,3.788646776248953,M0,20260804,31,success,3.788646776248953,0.1
False,1.0446462394243163,2.160392689659612,False,population_projector_Pi0,10.0,-1.8812554732428302,0.039599620810434624,3.752901964870968,-12.759476423236327,2.702986537024452,3.7529019643301207,,,False,100,5.73613441499765,population_only__M0__trust_0p1,200,population_only,0.38768689961529723,,,,,,,,,,,,development,1314.7734375,0.025188247321354815,1.872808775362896,0.9993655521968784,3.45950827849642,False,False,3.384741978431166,M0,20260805,31,success,3.384741978431166,0.1
True,4.294450170703051,1.210292255132861,False,population_projector_Pi0,10.0,-0.7821285069680273,0.03719697287062527,2.30448542879319,-8.339751090177137,1.5142634425431811,2.3044854283723133,,,False,500,29.14174247396295,population_only__M0__trust_0p1,1000,population_only,0.38768689961529723,,,,,,,,,,,,development,1314.7734375,0.025188247321354815,1.872808775362896,0.9993655521968784,0.8466230904402419,False,False,2.034882332029046,M0,-1,31,success,2.034882332029046,0.1
False,1.4560080224991332,2.036033455201115,False,sim31_paired_query_upper_bound,10.0,-2.034676039337065,0.0004683236489325549,4.039759027348411,-13.141024725296324,2.547393834778757,4.039759026740224,,,False,100,5.704679718997795,oracle_projector__M0__trust_0p1,200,oracle_projector,0.38768689961529723,,,,,,2,,,,,,development,1332.59375,0.0,1.9090959104164224e-06,1.0,3.7088233646991076,True,False,3.5367387664074466,M0,20260801,31,success,3.5367387664074466,0.1
False,0.3315462044492087,2.089339132604167,False,sim31_paired_query_upper_bound,10.0,-1.7106238181169053,0.017883052983987666,3.5133631229293623,-12.258142844142423,2.6140875099874616,3.5133631224577786,,,False,100,5.653343592013698,oracle_projector__M0__trust_0p1,200,oracle_projector,0.38768689961529723,,,,,,2,,,,,,development,1332.59375,0.0,1.9090959104164224e-06,1.0,3.162656219153101,True,False,3.194911913000703,M0,20260802,31,success,3.194911913000703,0.1
False,-0.7213998262586245,2.2584528185761883,False,sim31_paired_query_upper_bound,10.0,-1.8068838753578942,0.01813377165223756,3.5463921422420377,-12.501779418485368,2.825674976746098,3.54639214184434,,,False,100,5.642803897993872,oracle_projector__M0__trust_0p1,200,oracle_projector,0.38768689961529723,,,,,,2,,,,,,development,1332.59375,0.0,1.9090959104164224e-06,1.0,3.5348190960776207,True,False,3.2857969143165957,M0,20260803,31,success,3.2857969143165957,0.1
False,-0.06440586243191908,2.5686281850450285,False,sim31_paired_query_upper_bound,10.0,-2.2243788046148945,0.014814323783715026,4.111383878161911,-13.738794473634051,3.2137524978813863,4.11138387735078,,,False,100,5.638256759004435,oracle_projector__M0__trust_0p1,200,oracle_projector,0.38768689961529723,,,,,,2,,,,,,development,1332.59375,0.0,1.9090959104164224e-06,1.0,3.7750343958271015,True,False,3.7887109241440102,M0,20260804,31,success,3.7887109241440102,0.1
False,1.0455699330760149,2.1603696546380258,False,sim31_paired_query_upper_bound,10.0,-1.8812760148810161,0.03960062146877739,3.7529225951903142,-12.759489468575234,2.7029577166375263,3.7529225946494695,,,False,100,5.605306886980543,oracle_projector__M0__trust_0p1,200,oracle_projector,0.38768689961529723,,,,,,2,,,,,,development,1332.59375,0.0,1.9090959104164224e-06,1.0,3.459415630967587,True,False,3.3847470619794513,M0,20260805,31,success,3.3847470619794513,0.1
True,4.295106722121557,1.2102632239214766,False,sim31_paired_query_upper_bound,10.0,-0.7821518990165506,0.037199075726659626,2.304509538825785,-8.33977772574837,1.514227119992239,2.304509538404869,,,False,500,28.244390854990343,oracle_projector__M0__trust_0p1,1000,oracle_projector,0.38768689961529723,,,,,,2,,,,,,development,1332.59375,0.0,1.9090959104164224e-06,1.0,0.8466307058027418,True,False,2.034888572073379,M0,-1,31,success,2.034888572073379,0.1
False,0.5805666458481862,0.9697979385974094,False,population_projector_Pi0,10.0,0.7272818726126962,0.8444385237623966,0.3801724840126162,-0.3596291316108196,1.2133677290288736,0.38017248393474506,,,False,50,2.842177673999686,population_only__M1__trust_0p1,100,population_only,0.38768689961529723,,,,,,,,,,,,development,1314.7734375,0.025188247321354815,1.872808775362896,0.9993655521968784,0.5060693089896201,False,False,0.8119573230844691,M1,20260801,31,success,0.8119573230844691,0.1
False,0.6448186864111155,0.9696685754988567,False,population_projector_Pi0,10.0,0.727407875839768,0.8449123725909033,0.3788985369532591,-0.3547227857797035,1.2132058757160713,0.3788985367254481,,,False,50,2.845466614002362,population_only__M1__trust_0p1,100,population_only,0.38768689961529723,,,,,,,,,,,,development,1314.7734375,0.025188247321354815,1.872808775362896,0.9993655521968784,0.5000675788194641,False,False,0.8114988071847247,M1,20260802,31,success,0.8114988071847247,0.1
False,0.7028097197934097,0.9668659776059342,False,population_projector_Pi0,10.0,0.7273840515436658,0.843878823041048,0.3797842682868886,-0.33567274426122906,1.2096993908026936,0.37978426834020357,,,False,50,2.8334723619918805,population_only__M1__trust_0p1,100,population_only,0.38768689961529723,,,,,,,,,,,,development,1314.7734375,0.025188247321354815,1.872808775362896,0.9993655521968784,0.49696278922028053,False,False,0.8097209644497162,M1,20260803,31,success,0.8097209644497162,0.1
False,0.5695317109790156,0.9723928909413794,False,population_projector_Pi0,10.0,0.7283668335876845,0.8440155587266507,0.3772240415538267,-0.370755799126271,1.2166144171349496,0.37722404148266725,,,False,50,2.8348122509778477,population_only__M1__trust_0p1,100,population_only,0.38768689961529723,,,,,,,,,,,,development,1314.7734375,0.025188247321354815,1.872808775362896,0.9993655521968784,0.50859656927507,False,False,0.8129981109094603,M1,20260804,31,success,0.8129981109094603,0.1
False,0.6636074775741168,0.973693655967436,False,population_projector_Pi0,10.0,0.7262327642187749,0.843865898946903,0.3802932352543029,-0.3901604959328148,1.2182418760548448,0.380293235294397,,,False,50,2.839663099992322,population_only__M1__trust_0p1,100,population_only,0.38768689961529723,,,,,,,,,,,,development,1314.7734375,0.025188247321354815,1.872808775362896,0.9993655521968784,0.5068833030030128,False,False,0.8148164182777784,M1,20260805,31,success,0.8148164182777784,0.1
True,0.6461646572662595,0.9614115850966123,False,population_projector_Pi0,10.0,0.822705575194564,0.8845893770306248,0.2506699536914494,0.05370505674003705,1.2028750992787915,0.2506699536485941,,,False,250,14.195592000964098,population_only__M1__trust_0p1,500,population_only,0.38768689961529723,,,,,,,,,,,,development,1314.7734375,0.025188247321354815,1.872808775362896,0.9993655521968784,0.4989987686781239,False,False,0.7742237573364915,M1,-1,31,success,0.7742237573364915,0.1
False,0.5805670116221001,0.9697979280670158,False,sim31_paired_query_upper_bound,10.0,0.7272818736193719,0.8444385252630501,0.38017248146868937,-0.35962904215484565,1.213367715853717,0.3801724813908182,,,False,50,2.8390679040167015,oracle_projector__M1__trust_0p1,100,oracle_projector,0.38768689961529723,,,,,,2,,,,,,development,1332.59375,0.0,1.9090959104164224e-06,1.0,0.5060693031919956,True,False,0.811957314722121,M1,20260801,31,success,0.811957314722121,0.1
False,0.6448186838965696,0.9696685737674632,False,sim31_paired_query_upper_bound,10.0,0.7274078733274237,0.844912372629184,0.3788985374859154,-0.35472277397086216,1.2132058735498292,0.3788985372581048,,,False,50,2.853600551985437,oracle_projector__M1__trust_0p1,100,oracle_projector,0.38768689961529723,,,,,,2,,,,,,development,1332.59375,0.0,1.9090959104164224e-06,1.0,0.500067580926481,True,False,0.8114988060814571,M1,20260802,31,success,0.8114988060814571,0.1
False,0.7028096515884137,0.9668659814366811,False,sim31_paired_query_upper_bound,10.0,0.7273840497968318,0.8438788218797821,0.3797842705730641,-0.33567278108241,1.2096993955955526,0.3797842706263789,,,False,50,2.8388772379839793,oracle_projector__M1__trust_0p1,100,oracle_projector,0.38768689961529723,,,,,,2,,,,,,development,1332.59375,0.0,1.9090959104164224e-06,1.0,0.4969627923809121,True,False,0.8097209678822814,M1,20260803,31,success,0.8097209678822814,0.1
False,0.569531940806332,0.9723928946727911,False,sim31_paired_query_upper_bound,10.0,0.7283668332587152,0.844015558756194,0.37722404235329077,-0.37075583048993027,1.2166144218035246,0.37722404228213113,,,False,50,2.819741610001074,oracle_projector__M1__trust_0p1,100,oracle_projector,0.38768689961529723,,,,,,2,,,,,,development,1332.59375,0.0,1.9090959104164224e-06,1.0,0.5085965787543295,True,False,0.8129981138450946,M1,20260804,31,success,0.8129981138450946,0.1
False,0.6636074910233497,0.9736936555667859,False,sim31_paired_query_upper_bound,10.0,0.7262327661307625,0.8438658989296604,0.3802932322225926,-0.3901604835996935,1.2182418755535696,0.38029323226268663,,,False,50,2.8802095630089752,oracle_projector__M1__trust_0p1,100,oracle_projector,0.38768689961529723,,,,,,2,,,,,,development,1332.59375,0.0,1.9090959104164224e-06,1.0,0.5068832981839896,True,False,0.8148164171208181,M1,20260805,31,success,0.8148164171208181,0.1
True,0.6461647783002622,0.9614115843701858,False,sim31_paired_query_upper_bound,10.0,0.8227055756368409,0.8845893776309064,0.25066995256707797,0.053705065382429966,1.2028750983699192,0.25066995252422253,,,False,250,14.231496866996167,oracle_projector__M1__trust_0p1,500,oracle_projector,0.38768689961529723,,,,,,2,,,,,,development,1332.59375,0.0,1.9090959104164224e-06,1.0,0.4989987712572739,True,False,0.7742237565661447,M1,-1,31,success,0.7742237565661447,0.1
False,1.5166349798810421,2.0302597861778517,False,population_projector_Pi0,10.0,-0.49220914618271916,0.7056772934364421,0.041154442445180815,-6.152832342220585,2.540170078785778,0.04115444236994645,,,False,100,5.67686604798655,population_only__M2__trust_0p1,200,population_only,0.38768689961529723,,,,,,,,,,,,development,1314.7734375,0.025188247321354815,1.872808775362896,0.9993655521968784,0.9070776886141535,False,False,1.5819522248701758,M2,20260801,31,success,1.5819522248701758,0.1
False,0.34691034355090344,2.090012196105579,False,population_projector_Pi0,10.0,-0.44189378611442987,0.697652065819471,0.04031354075616987,-6.404606368822783,2.6149296168838547,0.04031354045669347,,,False,100,5.7294147569919005,population_only__M2__trust_0p1,200,population_only,0.38768689961529723,,,,,,,,,,,,development,1314.7734375,0.025188247321354815,1.872808775362896,0.9993655521968784,1.0383677541470007,False,False,1.6284786341893227,M2,20260802,31,success,1.6284786341893227,0.1
False,-0.7049959546752705,2.2561081218005996,False,population_projector_Pi0,10.0,-0.5534281476910639,0.6828568710671227,0.042751697245505475,-7.068771301807102,2.8227413971944935,0.04275169698582542,,,False,100,5.671633806981845,population_only__M2__trust_0p1,200,population_only,0.38768689961529723,,,,,,,,,,,,development,1314.7734375,0.025188247321354815,1.872808775362896,0.9993655521968784,1.053186733429363,False,False,1.7578843979868082,M2,20260803,31,success,1.7578843979868082,0.1
False,-0.0770118953536538,2.559804451600943,False,population_projector_Pi0,10.0,-0.7392434548908349,0.6509548905818073,0.0448290241703624,-8.165479468329501,3.202712637943047,0.04482902400999932,,,False,100,5.6545484100061,population_only__M2__trust_0p1,200,population_only,0.38768689961529723,,,,,,,,,,,,development,1314.7734375,0.025188247321354815,1.872808775362896,0.9993655521968784,0.9583314287882506,False,False,1.994461787403113,M2,20260804,31,success,1.994461787403113,0.1
False,1.0400870802607856,2.158102400358763,False,population_projector_Pi0,10.0,-0.4693740054236606,0.7000112730257633,0.04016728505024532,-6.6829586327046675,2.700121029667518,0.04016728496838096,,,False,100,5.636972034000792,population_only__M2__trust_0p1,200,population_only,0.38768689961529723,,,,,,,,,,,,development,1314.7734375,0.025188247321354815,1.872808775362896,0.9993655521968784,1.0992278403511972,False,False,1.681510866203906,M2,20260805,31,success,1.681510866203906,0.1
True,4.282681155126648,1.2117715690173951,False,population_projector_Pi0,10.0,0.07103319012155451,0.841900678718836,0.027785044083374063,-1.670718311882147,1.5161142937949315,0.027785043823528807,,,False,500,28.369435055967188,population_only__M2__trust_0p1,1000,population_only,0.38768689961529723,,,,,,,,,,,,development,1314.7734375,0.025188247321354815,1.872808775362896,0.9993655521968784,0.3437418868696403,False,False,0.9442514536872918,M2,-1,31,success,0.9442514536872918,0.1
False,1.4560079127880852,2.0360334779115012,False,sim31_paired_query_upper_bound,10.0,-0.49571634678215637,0.6968842770153507,2.2576204894322206e-07,-6.17569829404788,2.547393863192974,2.316645455332441e-07,,,False,100,5.640589211980114,oracle_projector__M2__trust_0p1,200,oracle_projector,0.38768689961529723,,,,,,2,,,,,,development,1332.59375,0.0,1.9090959104164224e-06,1.0,0.90630053879068,True,False,1.5861222638544794,M2,20260801,31,success,1.5861222638544794,0.1
False,0.3315460762712958,2.0893391464433293,False,sim31_paired_query_upper_bound,10.0,-0.44053480896454333,0.6895387314199948,2.1768870997352444e-07,-6.400178828079789,2.6140875273024013,2.239765198420619e-07,,,False,100,5.615525022003567,oracle_projector__M2__trust_0p1,200,oracle_projector,0.38768689961529723,,,,,,2,,,,,,development,1332.59375,0.0,1.9090959104164224e-06,1.0,1.0407007893185884,True,False,1.6276487458918507,M2,20260802,31,success,1.6276487458918507,0.1
False,-0.7213998728333454,2.258452822341311,False,sim31_paired_query_upper_bound,10.0,-0.5552597369456964,0.6753553348343838,2.3350501440920998e-07,-7.076220457073052,2.8256749814568507,2.3945015416806676e-07,,,False,100,5.6132976499793585,oracle_projector__M2__trust_0p1,200,oracle_projector,0.38768689961529723,,,,,,2,,,,,,development,1332.59375,0.0,1.9090959104164224e-06,1.0,1.0533459104234504,True,False,1.7593926338848935,M2,20260803,31,success,1.7593926338848935,0.1
False,-0.06440595794789004,2.568628204732035,False,sim31_paired_query_upper_bound,10.0,-0.7452861773385744,0.6425985954466109,2.481016613770959e-07,-8.19402493998967,3.2137525225128867,2.5339397164414947e-07,,,False,100,5.617004904983332,oracle_projector__M2__trust_0p1,200,oracle_projector,0.38768689961529723,,,,,,2,,,,,,development,1332.59375,0.0,1.9090959104164224e-06,1.0,0.9590431970807056,True,False,2.001027206718221,M2,20260804,31,success,2.001027206718221,0.1
False,1.0455698456099836,2.160369673573813,False,sim31_paired_query_upper_bound,10.0,-0.47041998348013525,0.6928015008983486,2.2314169467680238e-07,-6.690561443910704,2.7029577403291345,2.293863506255899e-07,,,False,100,5.613479598017875,oracle_projector__M2__trust_0p1,200,oracle_projector,0.38768689961529723,,,,,,2,,,,,,development,1332.59375,0.0,1.9090959104164224e-06,1.0,1.102598152040332,True,False,1.6829833470746094,M2,20260805,31,success,1.6829833470746094,0.1
True,4.2951066214329305,1.2102632337100627,False,sim31_paired_query_upper_bound,10.0,0.07174559407734626,0.8384756016103465,1.2564959532691676e-07,-1.6575968032605828,1.514227132239279,1.361939585843747e-07,,,False,500,28.099896386964247,oracle_projector__M2__trust_0p1,1000,oracle_projector,0.38768689961529723,,,,,,2,,,,,,development,1332.59375,0.0,1.9090959104164224e-06,1.0,0.3463483579977772,True,False,0.9428260787151393,M2,-1,31,success,0.9428260787151393,0.1
False,-8.586228811954648,5.543313408190733,False,population_projector_Pi0,10.0,-2.670540513721802,0.7146766036848448,0.08247121618721188,-14.876358445942707,6.935545368470701,0.08247121650236243,,,False,100,5.74502741600736,population_only__M3__trust_0p1,200,population_only,0.38768689961529723,,,,,,,,,,,,development,1314.7734375,0.025188247321354815,1.872808775362896,0.9993655521968784,18.296619202799345,False,False,4.3188653959385475,M3,20260801,31,success,4.3188653959385475,0.1
False,-10.733510480816053,5.877007575118906,False,population_projector_Pi0,10.0,-2.8059251630821658,0.687431828989095,0.08729630074578239,-15.384091695421624,7.353048558982124,0.08729630077483427,,,False,100,5.773236289009219,population_only__M3__trust_0p1,200,population_only,0.38768689961529723,,,,,,,,,,,,development,1314.7734375,0.025188247321354815,1.872808775362896,0.9993655521968784,20.557083554573786,False,False,4.578849100760839,M3,20260802,31,success,4.578849100760839,0.1
False,-10.777915473323185,5.674253512859247,False,population_projector_Pi0,10.0,-2.679227110202893,0.7141272591021299,0.08470093644009356,-15.079150961628384,7.099371760667634,0.0847009366900545,,,False,100,5.727088727988303,population_only__M3__trust_0p1,200,population_only,0.38768689961529723,,,,,,,,,,,,development,1314.7734375,0.025188247321354815,1.872808775362896,0.9993655521968784,19.272582338930007,False,False,4.420885781697319,M3,20260803,31,success,4.420885781697319,0.1
False,-10.432585285136414,5.79404084517714,False,population_projector_Pi0,10.0,-2.750632476527029,0.698610901662279,0.08584272596630876,-15.260592772272364,7.249244303798835,0.08584272615463791,,,False,100,5.744255951984087,population_only__M3__trust_0p1,200,population_only,0.38768689961529723,,,,,,,,,,,,development,1314.7734375,0.025188247321354815,1.872808775362896,0.9993655521968784,21.195969755327198,False,False,4.514206119077832,M3,20260804,31,success,4.514206119077832,0.1
False,-10.735903190732689,6.219743781698379,False,population_projector_Pi0,10.0,-3.0321138713119637,0.7042768987441227,0.09133488266525729,-15.876394682053956,7.781864744377155,0.09133488287980134,,,False,100,5.764026457007276,population_only__M3__trust_0p1,200,population_only,0.38768689961529723,,,,,,,,,,,,development,1314.7734375,0.025188247321354815,1.872808775362896,0.9993655521968784,22.620099734833104,False,False,4.845866892011312,M3,20260805,31,success,4.845866892011312,0.1
True,-9.624953042633173,5.097066940921053,False,population_projector_Pi0,10.0,-2.3081803786136166,0.7760729612527769,0.07623381171219769,-14.147386822727018,6.3772217826717155,0.076233811939266,,,False,500,28.753634841996245,population_only__M3__trust_0p1,1000,population_only,0.38768689961529723,,,,,,,,,,,,development,1314.7734375,0.025188247321354815,1.872808775362896,0.9993655521968784,18.60313799644941,False,False,3.971193853624998,M3,-1,31,success,3.971193853624998,0.1
False,-8.566541305679074,5.554584300719706,False,sim31_paired_query_upper_bound,10.0,-2.683881890539227,0.7087791989839586,4.5161864045124156e-07,-14.893031246963657,6.949647004211222,4.5492364799531305e-07,,,False,100,5.646086545981234,oracle_projector__M3__trust_0p1,200,oracle_projector,0.38768689961529723,,,,,,2,,,,,,development,1332.59375,0.0,1.9090959104164224e-06,1.0,18.28363161031086,True,False,4.327163537048192,M3,20260801,31,success,4.327163537048192,0.1
False,-10.75899431553174,5.891679681512324,False,sim31_paired_query_upper_bound,10.0,-2.8196846661019888,0.6818096722797542,4.7588110523513755e-07,-15.404782542321552,7.371405641118633,4.78894302523926e-07,,,False,100,5.678081171005033,oracle_projector__M3__trust_0p1,200,oracle_projector,0.38768689961529723,,,,,,2,,,,,,development,1332.59375,0.0,1.9090959104164224e-06,1.0,20.581840577949208,True,False,4.589769478609686,M3,20260802,31,success,4.589769478609686,0.1
False,-10.814911447730909,5.688652915771494,False,sim31_paired_query_upper_bound,10.0,-2.692236854555185,0.7086294728938562,4.5849598353027007e-07,-15.100188735599481,7.117387648426969,4.619031293435003e-07,,,False,100,5.685034547990654,oracle_projector__M3__trust_0p1,200,oracle_projector,0.38768689961529723,,,,,,2,,,,,,development,1332.59375,0.0,1.9090959104164224e-06,1.0,19.270305044295462,True,False,4.431606424419527,M3,20260803,31,success,4.431606424419527,0.1
False,-10.443280916799058,5.805911894064798,False,sim31_paired_query_upper_bound,10.0,-2.763284120136437,0.6932582532345808,4.706801325427279e-07,-15.277408820709496,7.2640968282853695,4.733375173504255e-07,,,False,100,5.6693610359798186,oracle_projector__M3__trust_0p1,200,oracle_projector,0.38768689961529723,,,,,,2,,,,,,development,1332.59375,0.0,1.9090959104164224e-06,1.0,21.229123258528443,True,False,4.5229541739165615,M3,20260804,31,success,4.5229541739165615,0.1
False,-10.740864514701293,6.228088197932781,False,sim31_paired_query_upper_bound,10.0,-3.0420446259390292,0.6996941283348018,4.936816523989848e-07,-15.887095082431317,7.79230490409852,4.965031829251276e-07,,,False,100,5.68043261099956,oracle_projector__M3__trust_0p1,200,oracle_projector,0.38768689961529723,,,,,,2,,,,,,development,1332.59375,0.0,1.9090959104164224e-06,1.0,22.615812559434985,True,False,4.8518403352205866,M3,20260805,31,success,4.8518403352205866,0.1
True,-9.631002994734605,5.097367481643186,False,sim31_paired_query_upper_bound,10.0,-2.313610286123696,0.7725794585228108,3.1558094400205226e-07,-14.146918881296997,6.377597805757539,3.2031798545463614e-07,,,False,500,28.3589959119563,oracle_projector__M3__trust_0p1,1000,oracle_projector,0.38768689961529723,,,,,,2,,,,,,development,1332.59375,0.0,1.9090959104164224e-06,1.0,18.577879997060972,True,False,3.9709799162906925,M3,-1,31,success,3.9709799162906925,0.1
False,-8.405739232868934,5.424789948248781,False,population_projector_Pi0,10.0,-2.5945678775159555,0.7187958165071049,0.07784763467482614,-14.688560798340717,6.787254125828545,0.0778476349150573,,,False,100,5.7535546790168155,population_only__M4__trust_0p1,200,population_only,0.38768689961529723,,,,,,,,,,,,development,1314.7734375,0.025188247321354815,1.872808775362896,0.9993655521968784,17.660465706003862,False,False,4.226489422566684,M4,20260801,31,success,4.226489422566684,0.1
False,-10.500849780038887,5.758114596871291,False,population_projector_Pi0,10.0,-2.732839016277584,0.6916129291445963,0.08259630835368824,-15.206507586216878,7.204294991592169,0.0825963083673048,,,False,100,5.689621219004039,population_only__M4__trust_0p1,200,population_only,0.38768689961529723,,,,,,,,,,,,development,1314.7734375,0.025188247321354815,1.872808775362896,0.9993655521968784,19.850514634164185,False,False,4.486184451406481,M4,20260802,31,success,4.486184451406481,0.1
False,-10.59792377098047,5.564463540597055,False,population_projector_Pi0,10.0,-2.609909524048888,0.7175881182400053,0.08029104768250861,-14.909378236906544,6.962007466506952,0.08029104791404622,,,False,100,5.659723168995697,population_only__M4__trust_0p1,200,population_only,0.38768689961529723,,,,,,,,,,,,development,1314.7734375,0.025188247321354815,1.872808775362896,0.9993655521968784,18.627169749589985,False,False,4.335314999570867,M4,20260803,31,success,4.335314999570867,0.1
False,-10.210056269490446,5.68562923767316,False,population_projector_Pi0,10.0,-2.6844071095500532,0.7019985979986357,0.08089923032260199,-15.09645775193941,7.1136045578660685,0.08089923044779224,,,False,100,5.687701871996978,population_only__M4__trust_0p1,200,population_only,0.38768689961529723,,,,,,,,,,,,development,1314.7734375,0.025188247321354815,1.872808775362896,0.9993655521968784,20.52076271291199,False,False,4.429703257185184,M4,20260804,31,success,4.429703257185184,0.1
False,-10.531738784035111,6.085956143230132,False,population_projector_Pi0,10.0,-2.9471572514755096,0.7080679689442801,0.08620411912235022,-15.687455408558291,7.614475645473592,0.08620411929365429,,,False,100,5.715649422985734,population_only__M4__trust_0p1,200,population_only,0.38768689961529723,,,,,,,,,,,,development,1314.7734375,0.025188247321354815,1.872808775362896,0.9993655521968784,21.800245646022383,False,False,4.741595662358694,M4,20260805,31,success,4.741595662358694,0.1
True,-9.426481719564876,4.998830305508004,False,population_projector_Pi0,10.0,-2.2473871307741127,0.7786567588573204,0.0721111336682249,-13.978279633377163,6.254312505930047,0.0721111338464978,,,False,500,28.506250361999264,population_only__M4__trust_0p1,1000,population_only,0.38768689961529723,,,,,,,,,,,,development,1314.7734375,0.025188247321354815,1.872808775362896,0.9993655521968784,18.003253917395966,False,False,3.8946257252358834,M4,-1,31,success,3.8946257252358834,0.1
False,-8.385401033078873,5.434499880192723,False,sim31_paired_query_upper_bound,10.0,-2.6069514253911255,0.7130122836529013,0.017951491568738643,-14.70323948198375,6.799402757623829,0.017951491244531107,,,False,100,5.602261499007,oracle_projector__M4__trust_0p1,200,oracle_projector,0.38768689961529723,,,,,,2,,,,,,development,1332.59375,0.0,1.9090959104164224e-06,1.0,17.63674358839267,True,False,4.233637999720627,M4,20260801,31,success,4.233637999720627,0.1
False,-10.524057710605636,5.770699596263006,False,sim31_paired_query_upper_bound,10.0,-2.7453311654325154,0.6861154082826842,0.01843167830691229,-15.224614040745887,7.220040778960866,0.018431678271937542,,,False,100,5.626595053996425,oracle_projector__M4__trust_0p1,200,oracle_projector,0.38768689961529723,,,,,,2,,,,,,development,1332.59375,0.0,1.9090959104164224e-06,1.0,19.860420134128706,True,False,4.495546027617765,M4,20260802,31,success,4.495546027617765,0.1
False,-10.63312701450572,5.577052690777266,False,sim31_paired_query_upper_bound,10.0,-2.6218699876538576,0.7122077710809204,0.01796033716480795,-14.928140396088148,6.977758447156239,0.01796033709036894,,,False,100,5.642262038018089,oracle_projector__M4__trust_0p1,200,oracle_projector,0.38768689961529723,,,,,,2,,,,,,development,1332.59375,0.0,1.9090959104164224e-06,1.0,18.612027069622993,True,False,4.3446897195881276,M4,20260803,31,success,4.3446897195881276,0.1
False,-10.21575411325292,5.695453460468905,False,sim31_paired_query_upper_bound,10.0,-2.69591471210484,0.6967667711325887,0.018411511484985082,-15.110611939164018,7.125896185254334,0.018411511223245934,,,False,100,5.61552584299352,oracle_projector__M4__trust_0p1,200,oracle_projector,0.38768689961529723,,,,,,2,,,,,,development,1332.59375,0.0,1.9090959104164224e-06,1.0,20.537930805943024,True,False,4.4369276136331015,M4,20260804,31,success,4.4369276136331015,0.1
False,-10.533644488310143,6.09255389752984,False,sim31_paired_query_upper_bound,10.0,-2.9560913886213003,0.7035903811814819,0.019016479702898145,-15.696030285621173,7.622730460041363,0.019016479516985357,,,False,100,5.639647231000708,oracle_projector__M4__trust_0p1,200,oracle_projector,0.38768689961529723,,,,,,2,,,,,,development,1332.59375,0.0,1.9090959104164224e-06,1.0,21.783067884173207,True,False,4.746278968003016,M4,20260805,31,success,4.746278968003016,0.1
True,-9.429940931963557,4.99770160593151,False,sim31_paired_query_upper_bound,10.0,-2.2520093006844153,0.7752639756705698,0.016371496094617896,-13.975453469902913,6.252900327591261,0.01637149589781057,,,False,500,28.126291665015742,oracle_projector__M4__trust_0p1,1000,oracle_projector,0.38768689961529723,,,,,,2,,,,,,development,1332.59375,0.0,1.9090959104164224e-06,1.0,17.966727534256986,True,False,3.8933587210542107,M4,-1,31,success,3.8933587210542107,0.1
False,0.6254636371641811,0.9636944507677665,False,population_projector_Pi0,10.0,0.7311625761283724,0.8430506281609857,0.37440065899567176,-0.2943960588921125,1.2057313185228669,0.3744006590180708,,,False,1,0.09966101599275135,population_only__M5__trust_0p1,2,population_only,0.38768689961529723,,,,,,,,,,,,development,1314.7734375,0.025188247321354815,1.872808775362896,0.9993655521968784,0.5204935089679745,False,False,0.8058821741981886,M5,20260801,31,success,0.8058821741981886,0.1
False,0.6860483116493206,0.963806717509371,False,population_projector_Pi0,10.0,0.7312305819260898,0.8431353420350486,0.3732500998991554,-0.2917511786840189,1.205871781639857,0.3732500997899119,,,False,1,0.08090303599601611,population_only__M5__trust_0p1,2,population_only,0.38768689961529723,,,,,,,,,,,,development,1314.7734375,0.025188247321354815,1.872808775362896,0.9993655521968784,0.511457935522573,False,False,0.8056368179461545,M5,20260802,31,success,0.8056368179461545,0.1
False,0.7550008904966631,0.9604951760099558,False,population_projector_Pi0,10.0,0.7311379533453597,0.8425467115119287,0.3746227015953541,-0.27002583697679,1.2017285292892266,0.3746227017219704,,,False,1,0.07996703800745308,population_only__M5__trust_0p1,2,population_only,0.38768689961529723,,,,,,,,,,,,development,1314.7734375,0.025188247321354815,1.872808775362896,0.9993655521968784,0.5108260031316286,False,False,0.803624259070546,M5,20260803,31,success,0.803624259070546,0.1
False,0.6173226875631822,0.9662810023258086,False,population_projector_Pi0,10.0,0.7310580614675499,0.8421221935323028,0.37314097080038605,-0.31076835323589375,1.2089674959419863,0.3731409707439156,,,False,1,0.08007293799892068,population_only__M5__trust_0p1,2,population_only,0.38768689961529723,,,,,,,,,,,,development,1314.7734375,0.025188247321354815,1.872808775362896,0.9993655521968784,0.5205308073742816,False,False,0.8074026382548392,M5,20260804,31,success,0.8074026382548392,0.1
False,0.708703340681577,0.9675573818014499,False,population_projector_Pi0,10.0,0.729531964248991,0.8417496543848142,0.37590244749782936,-0.3291466177543883,1.2105644447537953,0.37590244754282987,,,False,1,0.07986110300407745,population_only__M5__trust_0p1,2,population_only,0.38768689961529723,,,,,,,,,,,,development,1314.7734375,0.025188247321354815,1.872808775362896,0.9993655521968784,0.5168326051727994,False,False,0.8091128106535542,M5,20260805,31,success,0.8091128106535542,0.1
True,0.690614703955523,0.9569213783524269,False,population_projector_Pi0,10.0,0.7948195626263515,0.8727504961276106,0.29044117328029956,-0.0035149181626758213,1.1972571537839372,0.2904411733131614,,,False,5,0.4204651309992187,population_only__M5__trust_0p1,10,population_only,0.38768689961529723,,,,,,,,,,,,development,1314.7734375,0.025188247321354815,1.872808775362896,0.9993655521968784,0.5146571955040408,False,False,0.7793409425273711,M5,-1,31,success,0.7793409425273711,0.1
False,0.6254636566697881,0.9636944479643412,False,sim31_paired_query_upper_bound,10.0,0.7311625753584534,0.8430506287535573,0.37440066030503955,-0.29439604097851496,1.2057313150153466,0.3744006603274384,,,False,1,0.09214570399490185,oracle_projector__M5__trust_0p1,2,oracle_projector,0.38768689961529723,,,,,,2,,,,,,development,1332.59375,0.0,1.9090959104164224e-06,1.0,0.5204935072927391,True,False,0.8058821725361541,M5,20260801,31,success,0.8058821725361541,0.1
False,0.686048341097537,0.9638067150269223,False,sim31_paired_query_upper_bound,10.0,0.7312305811561947,0.8431353425630148,0.37325010024467925,-0.29175116030916753,1.2058717785339284,0.3732501001354358,,,False,1,0.0922384719888214,oracle_projector__M5__trust_0p1,2,oracle_projector,0.38768689961529723,,,,,,2,,,,,,development,1332.59375,0.0,1.9090959104164224e-06,1.0,0.5114579342051688,True,False,0.8056368162418436,M5,20260802,31,success,0.8056368162418436,0.1
False,0.755000910600522,0.9604951741266741,False,sim31_paired_query_upper_bound,10.0,0.7311379527094324,0.8425467117748024,0.37462270200362346,-0.2700258234717433,1.2017285269329487,0.37462270213023974,,,False,1,0.0940001730050426,oracle_projector__M5__trust_0p1,2,oracle_projector,0.38768689961529723,,,,,,2,,,,,,development,1332.59375,0.0,1.9090959104164224e-06,1.0,0.5108260044349047,True,False,0.8036242578210501,M5,20260803,31,success,0.8036242578210501,0.1
False,0.6173227225074697,0.9662809992039509,False,sim31_paired_query_upper_bound,10.0,0.7310580609668571,0.8421221942111441,0.3731409713619242,-0.31076833055298686,1.2089674920360578,0.37314097130545376,,,False,1,0.09216227300930768,oracle_projector__M5__trust_0p1,2,oracle_projector,0.38768689961529723,,,,,,2,,,,,,development,1332.59375,0.0,1.9090959104164224e-06,1.0,0.52053080445007,True,False,0.8074026361463345,M5,20260804,31,success,0.8074026361463345,0.1
False,0.7087033692204926,0.9675573784200711,False,sim31_paired_query_upper_bound,10.0,0.7295319641959686,0.8417496548199936,0.375902447868981,-0.3291465925445194,1.2105644405231655,0.3759024479139815,,,False,1,0.09583769697928801,oracle_projector__M5__trust_0p1,2,oracle_projector,0.38768689961529723,,,,,,2,,,,,,development,1332.59375,0.0,1.9090959104164224e-06,1.0,0.516832604057455,True,False,0.8091128083051905,M5,20260805,31,success,0.8091128083051905,0.1
True,0.6906147386405298,0.9569213759777553,False,sim31_paired_query_upper_bound,10.0,0.7948195618832403,0.8727504965235306,0.2904411745634564,-0.003514901704455453,1.1972571508128544,0.290441174596318,,,False,5,0.46638431897736154,oracle_projector__M5__trust_0p1,10,oracle_projector,0.38768689961529723,,,,,,2,,,,,,development,1332.59375,0.0,1.9090959104164224e-06,1.0,0.5146571940572815,True,False,0.7793409410506583,M5,-1,31,success,0.7793409410506583,0.1
False,1.457953391505956,2.035952252747022,False,population_projector_Pi0,10.0,-2.0346221969960157,0.00046791642364934236,4.039681802996758,-13.140822404792495,2.547292237906467,4.039681802388609,,,False,100,5.638470959995175,population_only__M0__trust_0p25,200,population_only,0.38768689961529723,,,,,,,,,,,,development,1314.7734375,0.025188247321354815,1.872808775362896,0.9993655521968784,3.708699484054955,False,False,3.536656386079661,M0,20260801,31,success,3.536656386079661,0.25
False,0.3327092496289732,2.0892891730429164,False,population_projector_Pi0,10.0,-1.7106124272189125,0.01788080532774777,3.513364377965771,-12.258091237131453,2.61402500282286,3.513364377494188,,,False,100,5.640709214989329,population_only__M0__trust_0p25,200,population_only,0.38768689961529723,,,,,,,,,,,,development,1314.7734375,0.025188247321354815,1.872808775362896,0.9993655521968784,3.162507746370931,False,False,3.1948929305623803,M0,20260802,31,success,3.1948929305623803,0.25
False,-0.7211088699866366,2.258441951058678,False,population_projector_Pi0,10.0,-1.8068571131898459,0.018132661349682742,3.5463744904552414,-12.501736597352899,2.825661379795108,3.5463744900575733,,,False,100,5.739714391995221,population_only__M0__trust_0p25,200,population_only,0.38768689961529723,,,,,,,,,,,,development,1314.7734375,0.025188247321354815,1.872808775362896,0.9993655521968784,3.534650280252034,False,False,3.28578071549253,M0,20260803,31,success,3.28578071549253,0.25
False,-0.06427290917587977,2.5685071037921774,False,population_projector_Pi0,10.0,-2.224310911704503,0.014813720369785297,4.111362311662169,-13.738647408770802,3.213601006442858,4.111362310851097,,,False,100,5.65183865299332,population_only__M0__trust_0p25,200,population_only,0.38768689961529723,,,,,,,,,,,,development,1314.7734375,0.025188247321354815,1.872808775362896,0.9993655521968784,3.775099575137797,False,False,3.788646776248953,M0,20260804,31,success,3.788646776248953,0.25
False,1.0446462394243163,2.160392689659612,False,population_projector_Pi0,10.0,-1.8812554732428302,0.039599620810434624,3.752901964870968,-12.759476423236327,2.702986537024452,3.7529019643301207,,,False,100,5.700432068988448,population_only__M0__trust_0p25,200,population_only,0.38768689961529723,,,,,,,,,,,,development,1314.7734375,0.025188247321354815,1.872808775362896,0.9993655521968784,3.45950827849642,False,False,3.384741978431166,M0,20260805,31,success,3.384741978431166,0.25
True,4.294450170703051,1.210292255132861,False,population_projector_Pi0,10.0,-0.7821285069680273,0.03719697287062527,2.30448542879319,-8.339751090177137,1.5142634425431811,2.3044854283723133,,,False,500,28.371165288961492,population_only__M0__trust_0p25,1000,population_only,0.38768689961529723,,,,,,,,,,,,development,1314.7734375,0.025188247321354815,1.872808775362896,0.9993655521968784,0.8466230904402419,False,False,2.034882332029046,M0,-1,31,success,2.034882332029046,0.25
False,1.4560080224991332,2.036033455201115,False,sim31_paired_query_upper_bound,10.0,-2.034676039337065,0.0004683236489325549,4.039759027348411,-13.141024725296324,2.547393834778757,4.039759026740224,,,False,100,5.637432868999895,oracle_projector__M0__trust_0p25,200,oracle_projector,0.38768689961529723,,,,,,2,,,,,,development,1332.59375,0.0,1.9090959104164224e-06,1.0,3.7088233646991076,True,False,3.5367387664074466,M0,20260801,31,success,3.5367387664074466,0.25
False,0.3315462044492087,2.089339132604167,False,sim31_paired_query_upper_bound,10.0,-1.7106238181169053,0.017883052983987666,3.5133631229293623,-12.258142844142423,2.6140875099874616,3.5133631224577786,,,False,100,5.648031130986055,oracle_projector__M0__trust_0p25,200,oracle_projector,0.38768689961529723,,,,,,2,,,,,,development,1332.59375,0.0,1.9090959104164224e-06,1.0,3.162656219153101,True,False,3.194911913000703,M0,20260802,31,success,3.194911913000703,0.25
False,-0.7213998262586245,2.2584528185761883,False,sim31_paired_query_upper_bound,10.0,-1.8068838753578942,0.01813377165223756,3.5463921422420377,-12.501779418485368,2.825674976746098,3.54639214184434,,,False,100,5.662013733002823,oracle_projector__M0__trust_0p25,200,oracle_projector,0.38768689961529723,,,,,,2,,,,,,development,1332.59375,0.0,1.9090959104164224e-06,1.0,3.5348190960776207,True,False,3.2857969143165957,M0,20260803,31,success,3.2857969143165957,0.25
False,-0.06440586243191908,2.5686281850450285,False,sim31_paired_query_upper_bound,10.0,-2.2243788046148945,0.014814323783715026,4.111383878161911,-13.738794473634051,3.2137524978813863,4.11138387735078,,,False,100,5.627645575004863,oracle_projector__M0__trust_0p25,200,oracle_projector,0.38768689961529723,,,,,,2,,,,,,development,1332.59375,0.0,1.9090959104164224e-06,1.0,3.7750343958271015,True,False,3.7887109241440102,M0,20260804,31,success,3.7887109241440102,0.25
False,1.0455699330760149,2.1603696546380258,False,sim31_paired_query_upper_bound,10.0,-1.8812760148810161,0.03960062146877739,3.7529225951903142,-12.759489468575234,2.7029577166375263,3.7529225946494695,,,False,100,5.608399491989985,oracle_projector__M0__trust_0p25,200,oracle_projector,0.38768689961529723,,,,,,2,,,,,,development,1332.59375,0.0,1.9090959104164224e-06,1.0,3.459415630967587,True,False,3.3847470619794513,M0,20260805,31,success,3.3847470619794513,0.25
True,4.295106722121557,1.2102632239214766,False,sim31_paired_query_upper_bound,10.0,-0.7821518990165506,0.037199075726659626,2.304509538825785,-8.33977772574837,1.514227119992239,2.304509538404869,,,False,500,28.18352279998362,oracle_projector__M0__trust_0p25,1000,oracle_projector,0.38768689961529723,,,,,,2,,,,,,development,1332.59375,0.0,1.9090959104164224e-06,1.0,0.8466307058027418,True,False,2.034888572073379,M0,-1,31,success,2.034888572073379,0.25
False,0.5805666458481862,0.9697979385974094,False,population_projector_Pi0,10.0,0.7272818726126962,0.8444385237623966,0.3801724840126162,-0.3596291316108196,1.2133677290288736,0.38017248393474506,,,False,50,2.847070875024656,population_only__M1__trust_0p25,100,population_only,0.38768689961529723,,,,,,,,,,,,development,1314.7734375,0.025188247321354815,1.872808775362896,0.9993655521968784,0.5060693089896201,False,False,0.8119573230844691,M1,20260801,31,success,0.8119573230844691,0.25
False,0.6448186864111155,0.9696685754988567,False,population_projector_Pi0,10.0,0.727407875839768,0.8449123725909033,0.3788985369532591,-0.3547227857797035,1.2132058757160713,0.3788985367254481,,,False,50,2.860653834999539,population_only__M1__trust_0p25,100,population_only,0.38768689961529723,,,,,,,,,,,,development,1314.7734375,0.025188247321354815,1.872808775362896,0.9993655521968784,0.5000675788194641,False,False,0.8114988071847247,M1,20260802,31,success,0.8114988071847247,0.25
False,0.7028097197934097,0.9668659776059342,False,population_projector_Pi0,10.0,0.7273840515436658,0.843878823041048,0.3797842682868886,-0.33567274426122906,1.2096993908026936,0.37978426834020357,,,False,50,2.8449841309920885,population_only__M1__trust_0p25,100,population_only,0.38768689961529723,,,,,,,,,,,,development,1314.7734375,0.025188247321354815,1.872808775362896,0.9993655521968784,0.49696278922028053,False,False,0.8097209644497162,M1,20260803,31,success,0.8097209644497162,0.25
False,0.5695317109790156,0.9723928909413794,False,population_projector_Pi0,10.0,0.7283668335876845,0.8440155587266507,0.3772240415538267,-0.370755799126271,1.2166144171349496,0.37722404148266725,,,False,50,2.8455766149854753,population_only__M1__trust_0p25,100,population_only,0.38768689961529723,,,,,,,,,,,,development,1314.7734375,0.025188247321354815,1.872808775362896,0.9993655521968784,0.50859656927507,False,False,0.8129981109094603,M1,20260804,31,success,0.8129981109094603,0.25
False,0.6636074775741168,0.973693655967436,False,population_projector_Pi0,10.0,0.7262327642187749,0.843865898946903,0.3802932352543029,-0.3901604959328148,1.2182418760548448,0.380293235294397,,,False,50,2.8406787410203833,population_only__M1__trust_0p25,100,population_only,0.38768689961529723,,,,,,,,,,,,development,1314.7734375,0.025188247321354815,1.872808775362896,0.9993655521968784,0.5068833030030128,False,False,0.8148164182777784,M1,20260805,31,success,0.8148164182777784,0.25
True,0.6461646572662595,0.9614115850966123,False,population_projector_Pi0,10.0,0.822705575194564,0.8845893770306248,0.2506699536914494,0.05370505674003705,1.2028750992787915,0.2506699536485941,,,False,250,14.238964197022142,population_only__M1__trust_0p25,500,population_only,0.38768689961529723,,,,,,,,,,,,development,1314.7734375,0.025188247321354815,1.872808775362896,0.9993655521968784,0.4989987686781239,False,False,0.7742237573364915,M1,-1,31,success,0.7742237573364915,0.25
False,0.5805670116221001,0.9697979280670158,False,sim31_paired_query_upper_bound,10.0,0.7272818736193719,0.8444385252630501,0.38017248146868937,-0.35962904215484565,1.213367715853717,0.3801724813908182,,,False,50,2.832796759001212,oracle_projector__M1__trust_0p25,100,oracle_projector,0.38768689961529723,,,,,,2,,,,,,development,1332.59375,0.0,1.9090959104164224e-06,1.0,0.5060693031919956,True,False,0.811957314722121,M1,20260801,31,success,0.811957314722121,0.25
False,0.6448186838965696,0.9696685737674632,False,sim31_paired_query_upper_bound,10.0,0.7274078733274237,0.844912372629184,0.3788985374859154,-0.35472277397086216,1.2132058735498292,0.3788985372581048,,,False,50,2.832968284987146,oracle_projector__M1__trust_0p25,100,oracle_projector,0.38768689961529723,,,,,,2,,,,,,development,1332.59375,0.0,1.9090959104164224e-06,1.0,0.500067580926481,True,False,0.8114988060814571,M1,20260802,31,success,0.8114988060814571,0.25
False,0.7028096515884137,0.9668659814366811,False,sim31_paired_query_upper_bound,10.0,0.7273840497968318,0.8438788218797821,0.3797842705730641,-0.33567278108241,1.2096993955955526,0.3797842706263789,,,False,50,2.829290801018942,oracle_projector__M1__trust_0p25,100,oracle_projector,0.38768689961529723,,,,,,2,,,,,,development,1332.59375,0.0,1.9090959104164224e-06,1.0,0.4969627923809121,True,False,0.8097209678822814,M1,20260803,31,success,0.8097209678822814,0.25
False,0.569531940806332,0.9723928946727911,False,sim31_paired_query_upper_bound,10.0,0.7283668332587152,0.844015558756194,0.37722404235329077,-0.37075583048993027,1.2166144218035246,0.37722404228213113,,,False,50,2.8314948840125,oracle_projector__M1__trust_0p25,100,oracle_projector,0.38768689961529723,,,,,,2,,,,,,development,1332.59375,0.0,1.9090959104164224e-06,1.0,0.5085965787543295,True,False,0.8129981138450946,M1,20260804,31,success,0.8129981138450946,0.25
False,0.6636074910233497,0.9736936555667859,False,sim31_paired_query_upper_bound,10.0,0.7262327661307625,0.8438658989296604,0.3802932322225926,-0.3901604835996935,1.2182418755535696,0.38029323226268663,,,False,50,2.930188973987242,oracle_projector__M1__trust_0p25,100,oracle_projector,0.38768689961529723,,,,,,2,,,,,,development,1332.59375,0.0,1.9090959104164224e-06,1.0,0.5068832981839896,True,False,0.8148164171208181,M1,20260805,31,success,0.8148164171208181,0.25
True,0.6461647783002622,0.9614115843701858,False,sim31_paired_query_upper_bound,10.0,0.8227055756368409,0.8845893776309064,0.25066995256707797,0.053705065382429966,1.2028750983699192,0.25066995252422253,,,False,250,14.256739703007042,oracle_projector__M1__trust_0p25,500,oracle_projector,0.38768689961529723,,,,,,2,,,,,,development,1332.59375,0.0,1.9090959104164224e-06,1.0,0.4989987712572739,True,False,0.7742237565661447,M1,-1,31,success,0.7742237565661447,0.25
False,1.5166349798810421,2.0302597861778517,False,population_projector_Pi0,10.0,-0.49220914618271916,0.7056772934364421,0.041154442445180815,-6.152832342220585,2.540170078785778,0.04115444236994645,,,False,100,5.817620816989802,population_only__M2__trust_0p25,200,population_only,0.38768689961529723,,,,,,,,,,,,development,1314.7734375,0.025188247321354815,1.872808775362896,0.9993655521968784,0.9070776886141535,False,False,1.5819522248701758,M2,20260801,31,success,1.5819522248701758,0.25
False,0.34691034355090344,2.090012196105579,False,population_projector_Pi0,10.0,-0.44189378611442987,0.697652065819471,0.04031354075616987,-6.404606368822783,2.6149296168838547,0.04031354045669347,,,False,100,5.670734784012893,population_only__M2__trust_0p25,200,population_only,0.38768689961529723,,,,,,,,,,,,development,1314.7734375,0.025188247321354815,1.872808775362896,0.9993655521968784,1.0383677541470007,False,False,1.6284786341893227,M2,20260802,31,success,1.6284786341893227,0.25
False,-0.7049959546752705,2.2561081218005996,False,population_projector_Pi0,10.0,-0.5534281476910639,0.6828568710671227,0.042751697245505475,-7.068771301807102,2.8227413971944935,0.04275169698582542,,,False,100,5.672025122010382,population_only__M2__trust_0p25,200,population_only,0.38768689961529723,,,,,,,,,,,,development,1314.7734375,0.025188247321354815,1.872808775362896,0.9993655521968784,1.053186733429363,False,False,1.7578843979868082,M2,20260803,31,success,1.7578843979868082,0.25
False,-0.0770118953536538,2.559804451600943,False,population_projector_Pi0,10.0,-0.7392434548908349,0.6509548905818073,0.0448290241703624,-8.165479468329501,3.202712637943047,0.04482902400999932,,,False,100,5.698842356010573,population_only__M2__trust_0p25,200,population_only,0.38768689961529723,,,,,,,,,,,,development,1314.7734375,0.025188247321354815,1.872808775362896,0.9993655521968784,0.9583314287882506,False,False,1.994461787403113,M2,20260804,31,success,1.994461787403113,0.25
False,1.0400870802607856,2.158102400358763,False,population_projector_Pi0,10.0,-0.4693740054236606,0.7000112730257633,0.04016728505024532,-6.6829586327046675,2.700121029667518,0.04016728496838096,,,False,100,5.730962872999953,population_only__M2__trust_0p25,200,population_only,0.38768689961529723,,,,,,,,,,,,development,1314.7734375,0.025188247321354815,1.872808775362896,0.9993655521968784,1.0992278403511972,False,False,1.681510866203906,M2,20260805,31,success,1.681510866203906,0.25
True,4.282681155126648,1.2117715690173951,False,population_projector_Pi0,10.0,0.07103319012155451,0.841900678718836,0.027785044083374063,-1.670718311882147,1.5161142937949315,0.027785043823528807,,,False,500,28.590185952023603,population_only__M2__trust_0p25,1000,population_only,0.38768689961529723,,,,,,,,,,,,development,1314.7734375,0.025188247321354815,1.872808775362896,0.9993655521968784,0.3437418868696403,False,False,0.9442514536872918,M2,-1,31,success,0.9442514536872918,0.25
False,1.4560079127880852,2.0360334779115012,False,sim31_paired_query_upper_bound,10.0,-0.49571634678215637,0.6968842770153507,2.2576204894322206e-07,-6.17569829404788,2.547393863192974,2.316645455332441e-07,,,False,100,5.693699925992405,oracle_projector__M2__trust_0p25,200,oracle_projector,0.38768689961529723,,,,,,2,,,,,,development,1332.59375,0.0,1.9090959104164224e-06,1.0,0.90630053879068,True,False,1.5861222638544794,M2,20260801,31,success,1.5861222638544794,0.25
False,0.3315460762712958,2.0893391464433293,False,sim31_paired_query_upper_bound,10.0,-0.44053480896454333,0.6895387314199948,2.1768870997352444e-07,-6.400178828079789,2.6140875273024013,2.239765198420619e-07,,,False,100,5.638196624000557,oracle_projector__M2__trust_0p25,200,oracle_projector,0.38768689961529723,,,,,,2,,,,,,development,1332.59375,0.0,1.9090959104164224e-06,1.0,1.0407007893185884,True,False,1.6276487458918507,M2,20260802,31,success,1.6276487458918507,0.25
False,-0.7213998728333454,2.258452822341311,False,sim31_paired_query_upper_bound,10.0,-0.5552597369456964,0.6753553348343838,2.3350501440920998e-07,-7.076220457073052,2.8256749814568507,2.3945015416806676e-07,,,False,100,5.648342795000644,oracle_projector__M2__trust_0p25,200,oracle_projector,0.38768689961529723,,,,,,2,,,,,,development,1332.59375,0.0,1.9090959104164224e-06,1.0,1.0533459104234504,True,False,1.7593926338848935,M2,20260803,31,success,1.7593926338848935,0.25
False,-0.06440595794789004,2.568628204732035,False,sim31_paired_query_upper_bound,10.0,-0.7452861773385744,0.6425985954466109,2.481016613770959e-07,-8.19402493998967,3.2137525225128867,2.5339397164414947e-07,,,False,100,5.603178140998352,oracle_projector__M2__trust_0p25,200,oracle_projector,0.38768689961529723,,,,,,2,,,,,,development,1332.59375,0.0,1.9090959104164224e-06,1.0,0.9590431970807056,True,False,2.001027206718221,M2,20260804,31,success,2.001027206718221,0.25
False,1.0455698456099836,2.160369673573813,False,sim31_paired_query_upper_bound,10.0,-0.47041998348013525,0.6928015008983486,2.2314169467680238e-07,-6.690561443910704,2.7029577403291345,2.293863506255899e-07,,,False,100,5.644849232019624,oracle_projector__M2__trust_0p25,200,oracle_projector,0.38768689961529723,,,,,,2,,,,,,development,1332.59375,0.0,1.9090959104164224e-06,1.0,1.102598152040332,True,False,1.6829833470746094,M2,20260805,31,success,1.6829833470746094,0.25
True,4.2951066214329305,1.2102632337100627,False,sim31_paired_query_upper_bound,10.0,0.07174559407734626,0.8384756016103465,1.2564959532691676e-07,-1.6575968032605828,1.514227132239279,1.361939585843747e-07,,,False,500,28.228266718011582,oracle_projector__M2__trust_0p25,1000,oracle_projector,0.38768689961529723,,,,,,2,,,,,,development,1332.59375,0.0,1.9090959104164224e-06,1.0,0.3463483579977772,True,False,0.9428260787151393,M2,-1,31,success,0.9428260787151393,0.25
False,-8.383098144629171,5.400603645048729,False,population_projector_Pi0,10.0,-2.5772189454403356,0.7188985531733416,0.0805066953058711,-14.649819714218676,6.756993306930648,0.08050669562024627,,,False,100,5.809878938016482,population_only__M3__trust_0p25,200,population_only,0.38768689961529723,,,,,,,,,,,,development,1314.7734375,0.025188247321354815,1.872808775362896,0.9993655521968784,17.414075264850702,False,False,4.20768027636887,M3,20260801,31,success,4.20768027636887,0.25
False,-10.530453214382709,5.728525226931283,False,population_projector_Pi0,10.0,-2.710108967785506,0.6914905024460934,0.08524981641258637,-15.161826901441717,7.167274097673352,0.08524981644118543,,,False,100,5.7548081149870995,population_only__M3__trust_0p25,200,population_only,0.38768689961529723,,,,,,,,,,,,development,1314.7734375,0.025188247321354815,1.872808775362896,0.9993655521968784,19.572294284295353,False,False,4.463166530095604,M3,20260802,31,success,4.463166530095604,0.25
False,-10.585473928529055,5.529694225924513,False,population_projector_Pi0,10.0,-2.5862274604603313,0.7182913241716261,0.08272765313767604,-14.85500296648147,6.918505657825931,0.08272765338587569,,,False,100,5.654428188019665,population_only__M3__trust_0p25,200,population_only,0.38768689961529723,,,,,,,,,,,,development,1314.7734375,0.025188247321354815,1.872808775362896,0.9993655521968784,18.338214536032933,False,False,4.308259901742014,M3,20260803,31,success,4.308259901742014,0.25
False,-10.219548274971505,5.640905724256972,False,population_projector_Pi0,10.0,-2.6511627820269323,0.7029911574323269,0.08372364568831286,-15.027942001496017,7.0576485017143336,0.08372364587620172,,,False,100,5.674167691002367,population_only__M3__trust_0p25,200,population_only,0.38768689961529723,,,,,,,,,,,,development,1314.7734375,0.025188247321354815,1.872808775362896,0.9993655521968784,20.15929096674392,False,False,4.394898470352572,M3,20260804,31,success,4.394898470352572,0.25
False,-10.530824869680044,6.061329426672204,False,population_projector_Pi0,10.0,-2.9291564676358908,0.7082728685893279,0.08913784008026764,-15.652305297068715,7.583663801115016,0.08913784029436171,,,False,100,5.675435581011698,population_only__M3__trust_0p25,200,population_only,0.38768689961529723,,,,,,,,,,,,development,1314.7734375,0.025188247321354815,1.872808775362896,0.9993655521968784,21.527972815924223,False,False,4.722446117316708,M3,20260805,31,success,4.722446117316708,0.25
True,-9.413196262735603,4.962205003424322,False,population_projector_Pi0,10.0,-2.2212818172474504,0.7799132586993656,0.07439078739638078,-13.914478723597629,6.208488568957624,0.07439078762258201,,,False,500,28.56871851303731,population_only__M3__trust_0p25,1000,population_only,0.38768689961529723,,,,,,,,,,,,development,1314.7734375,0.025188247321354815,1.872808775362896,0.9993655521968784,17.703224442941853,False,False,3.866123140435009,M3,-1,31,success,3.866123140435009,0.25
False,-8.363064119293707,5.412286165871496,False,sim31_paired_query_upper_bound,10.0,-2.590796317747921,0.7129998774615,4.3935098760314655e-07,-14.667615023010185,6.77160995354938,4.425620122815623e-07,,,False,100,5.63084986701142,oracle_projector__M3__trust_0p25,200,oracle_projector,0.38768689961529723,,,,,,2,,,,,,development,1332.59375,0.0,1.9090959104164224e-06,1.0,17.40615970144199,True,False,4.216309642828717,M3,20260801,31,success,4.216309642828717,0.25
False,-10.556626491248252,5.743420752963572,False,sim31_paired_query_upper_bound,10.0,-2.7239772760933145,0.6858574912305081,4.658741998489588e-07,-15.183412662022079,7.185910712451713,4.690936614882831e-07,,,False,100,5.670435070001986,oracle_projector__M3__trust_0p25,200,oracle_projector,0.38768689961529723,,,,,,2,,,,,,development,1332.59375,0.0,1.9090959104164224e-06,1.0,19.600616018094797,True,False,4.47427197331935,M3,20260802,31,success,4.47427197331935,0.25
False,-10.623315907497012,5.544506475325806,False,sim31_paired_query_upper_bound,10.0,-2.599477404696866,0.7127721256663089,4.52099547452826e-07,-14.877257900302187,6.937038080614797,4.553516241608006e-07,,,False,100,5.619594755000435,oracle_projector__M3__trust_0p25,200,oracle_projector,0.38768689961529723,,,,,,2,,,,,,development,1332.59375,0.0,1.9090959104164224e-06,1.0,18.34061087579475,True,False,4.319312652766615,M3,20260803,31,success,4.319312652766615,0.25
False,-10.230167448430684,5.653139365141251,False,sim31_paired_query_upper_bound,10.0,-2.6640465720248936,0.697636679940892,4.591107136406774e-07,-15.045793842461725,7.072954685061125,4.6214739766145377e-07,,,False,100,5.653556473989738,oracle_projector__M3__trust_0p25,200,oracle_projector,0.38768689961529723,,,,,,2,,,,,,development,1332.59375,0.0,1.9090959104164224e-06,1.0,20.196882812948065,True,False,4.403940458248414,M3,20260804,31,success,4.403940458248414,0.25
False,-10.535771723702092,6.070134467422494,False,sim31_paired_query_upper_bound,10.0,-2.939380193227475,0.7036873691767404,4.803276313997234e-07,-15.663966236044708,7.594680273592404,4.835585849595438e-07,,,False,100,5.6327954519947525,oracle_projector__M3__trust_0p25,200,oracle_projector,0.38768689961529723,,,,,,2,,,,,,development,1332.59375,0.0,1.9090959104164224e-06,1.0,21.529006453371437,True,False,4.728790330719567,M3,20260805,31,success,4.728790330719567,0.25
True,-9.419534107444305,4.963058226908998,False,sim31_paired_query_upper_bound,10.0,-2.227049746348748,0.7764390511302648,3.122261071523717e-07,-13.914987407943805,6.209556083953018,3.1643543814792834e-07,,,False,500,28.207231617998332,oracle_projector__M3__trust_0p25,1000,oracle_projector,0.38768689961529723,,,,,,2,,,,,,development,1332.59375,0.0,1.9090959104164224e-06,1.0,17.683974576425523,True,False,3.866349564439053,M3,-1,31,success,3.866349564439053,0.25
False,-8.351081983580123,5.393755756983306,False,population_projector_Pi0,10.0,-2.574580781771036,0.7197725746152722,0.07744311573778206,-14.638728749400807,6.7484255362024435,0.07744311597807267,,,False,100,5.723247595014982,population_only__M4__trust_0p25,200,population_only,0.38768689961529723,,,,,,,,,,,,development,1314.7734375,0.025188247321354815,1.872808775362896,0.9993655521968784,17.483421728035253,False,False,4.202310941279039,M4,20260801,31,success,4.202310941279039,0.25
False,-10.44656477065259,5.725238804319779,False,population_projector_Pi0,10.0,-2.7120236362540426,0.692549621266236,0.08216293851439783,-15.156774471047665,7.163162272949825,0.08216293852833635,,,False,100,5.764473495975835,population_only__M4__trust_0p25,200,population_only,0.38768689961529723,,,,,,,,,,,,development,1314.7734375,0.025188247321354815,1.872808775362896,0.9993655521968784,19.648008747052632,False,False,4.4605711389477145,M4,20260802,31,success,4.4605711389477145,0.25
False,-10.54664266198075,5.531779935456048,False,population_projector_Pi0,10.0,-2.589501992847872,0.718545552568117,0.07987634250950656,-14.858211408779383,6.921115204141685,0.07987634274081688,,,False,100,5.723639127012575,population_only__M4__trust_0p25,200,population_only,0.38768689961529723,,,,,,,,,,,,development,1314.7734375,0.025188247321354815,1.872808775362896,0.9993655521968784,18.427981558020356,False,False,4.309851604740977,M4,20260803,31,success,4.309851604740977,0.25
False,-10.150578888327356,5.651314204937524,False,population_projector_Pi0,10.0,-2.662270282939765,0.7030787138309852,0.08044768680067856,-15.043876929470272,7.070671126390427,0.08044768692683137,,,False,100,5.740802904998418,population_only__M4__trust_0p25,200,population_only,0.38768689961529723,,,,,,,,,,,,development,1314.7734375,0.025188247321354815,1.872808775362896,0.9993655521968784,20.29976073301141,False,False,4.402968647696204,M4,20260804,31,success,4.402968647696204,0.25
False,-10.47412571716038,6.052560908180735,False,population_projector_Pi0,10.0,-2.9260116621865624,0.7089751623703888,0.08576615661375624,-15.639663130086186,7.572693023651487,0.0857661567858055,,,False,100,5.723284560983302,population_only__M4__trust_0p25,200,population_only,0.38768689961529723,,,,,,,,,,,,development,1314.7734375,0.025188247321354815,1.872808775362896,0.9993655521968784,21.57954734182904,False,False,4.715577675701368,M4,20260805,31,success,4.715577675701368,0.25
True,-9.368723612660709,4.970093118109608,False,population_projector_Pi0,10.0,-2.2293400095785336,0.779454214333392,0.07174027167603793,-13.92820337552407,6.2183578246253015,0.07174027185470987,,,False,500,28.675447683985112,population_only__M4__trust_0p25,1000,population_only,0.38768689961529723,,,,,,,,,,,,development,1314.7734375,0.025188247321354815,1.872808775362896,0.9993655521968784,17.821508300619126,False,False,3.8722368651014243,M4,-1,31,success,3.8722368651014243,0.25
False,-8.331093152187886,5.403955868400409,False,sim31_paired_query_upper_bound,10.0,-2.5872538404289838,0.7139797162367861,0.017895708546434692,-14.654283927285533,6.761187458592083,0.0178957082260969,,,False,100,5.654873916995712,oracle_projector__M4__trust_0p25,200,oracle_projector,0.38768689961529723,,,,,,2,,,,,,development,1332.59375,0.0,1.9090959104164224e-06,1.0,17.463364038917454,True,False,4.209843417970103,M4,20260801,31,success,4.209843417970103,0.25
False,-10.470349781328473,5.738222367767241,False,sim31_paired_query_upper_bound,10.0,-2.724748406323579,0.6870457037219568,0.018376751133820975,-15.175592420763785,7.179406725807432,0.018376751101583686,,,False,100,5.701903582987143,oracle_projector__M4__trust_0p25,200,oracle_projector,0.38768689961529723,,,,,,2,,,,,,development,1332.59375,0.0,1.9090959104164224e-06,1.0,19.661532686366453,True,False,4.470245426690467,M4,20260802,31,success,4.470245426690467,0.25
False,-10.58267990387909,5.544973091041065,False,sim31_paired_query_upper_bound,10.0,-2.601826230178497,0.7131382484514374,0.017900215249694505,-14.878034521982876,6.9376218892910355,0.017900215177121426,,,False,100,5.653817625017837,oracle_projector__M4__trust_0p25,200,oracle_projector,0.38768689961529723,,,,,,2,,,,,,development,1332.59375,0.0,1.9090959104164224e-06,1.0,18.417090414880935,True,False,4.319698867876509,M4,20260803,31,success,4.319698867876509,0.25
False,-10.156552911003809,5.661558410429296,False,sim31_paired_query_upper_bound,10.0,-2.674029693396231,0.6978486857683737,0.018353979045843,-15.058765897152927,7.083488217310658,0.01835397878772578,,,False,100,5.615263767016586,oracle_projector__M4__trust_0p25,200,oracle_projector,0.38768689961529723,,,,,,2,,,,,,development,1332.59375,0.0,1.9090959104164224e-06,1.0,20.32090391298433,True,False,4.410522494113682,M4,20260804,31,success,4.410522494113682,0.25
False,-10.476595924163716,6.059510570772041,False,sim31_paired_query_upper_bound,10.0,-2.9351370781427075,0.7044980279824765,0.01896179437387821,-15.648793856456694,7.581388130106472,0.018961794192220893,,,False,100,5.623629281995818,oracle_projector__M4__trust_0p25,200,oracle_projector,0.38768689961529723,,,,,,2,,,,,,development,1332.59375,0.0,1.9090959104164224e-06,1.0,21.565060636286518,True,False,4.72053736204706,M4,20260805,31,success,4.72053736204706,0.25
True,-9.372782558480486,4.969442028638388,False,sim31_paired_query_upper_bound,10.0,-2.2342380613621375,0.7760574663815448,0.016320740825538665,-13.926199835988198,6.217543210650939,0.016320740632405326,,,False,500,28.249488174013095,oracle_projector__M4__trust_0p25,1000,oracle_projector,0.38768689961529723,,,,,,2,,,,,,development,1332.59375,0.0,1.9090959104164224e-06,1.0,17.788853868767635,True,False,3.871343774667474,M4,-1,31,success,3.871343774667474,0.25
False,0.6254636371641811,0.9636944507677665,False,population_projector_Pi0,10.0,0.7311625761283724,0.8430506281609857,0.37440065899567176,-0.2943960588921125,1.2057313185228669,0.3744006590180708,,,False,1,0.06829774600919336,population_only__M5__trust_0p25,2,population_only,0.38768689961529723,,,,,,,,,,,,development,1314.7734375,0.025188247321354815,1.872808775362896,0.9993655521968784,0.5204935089679745,False,False,0.8058821741981886,M5,20260801,31,success,0.8058821741981886,0.25
False,0.6860483116493206,0.963806717509371,False,population_projector_Pi0,10.0,0.7312305819260898,0.8431353420350486,0.3732500998991554,-0.2917511786840189,1.205871781639857,0.3732500997899119,,,False,1,0.07298696899670176,population_only__M5__trust_0p25,2,population_only,0.38768689961529723,,,,,,,,,,,,development,1314.7734375,0.025188247321354815,1.872808775362896,0.9993655521968784,0.511457935522573,False,False,0.8056368179461545,M5,20260802,31,success,0.8056368179461545,0.25
False,0.7550008904966631,0.9604951760099558,False,population_projector_Pi0,10.0,0.7311379533453597,0.8425467115119287,0.3746227015953541,-0.27002583697679,1.2017285292892266,0.3746227017219704,,,False,1,0.07267471399973147,population_only__M5__trust_0p25,2,population_only,0.38768689961529723,,,,,,,,,,,,development,1314.7734375,0.025188247321354815,1.872808775362896,0.9993655521968784,0.5108260031316286,False,False,0.803624259070546,M5,20260803,31,success,0.803624259070546,0.25
False,0.6173226875631822,0.9662810023258086,False,population_projector_Pi0,10.0,0.7310580614675499,0.8421221935323028,0.37314097080038605,-0.31076835323589375,1.2089674959419863,0.3731409707439156,,,False,1,0.07275115401716903,population_only__M5__trust_0p25,2,population_only,0.38768689961529723,,,,,,,,,,,,development,1314.7734375,0.025188247321354815,1.872808775362896,0.9993655521968784,0.5205308073742816,False,False,0.8074026382548392,M5,20260804,31,success,0.8074026382548392,0.25
False,0.708703340681577,0.9675573818014499,False,population_projector_Pi0,10.0,0.729531964248991,0.8417496543848142,0.37590244749782936,-0.3291466177543883,1.2105644447537953,0.37590244754282987,,,False,1,0.07231013500131667,population_only__M5__trust_0p25,2,population_only,0.38768689961529723,,,,,,,,,,,,development,1314.7734375,0.025188247321354815,1.872808775362896,0.9993655521968784,0.5168326051727994,False,False,0.8091128106535542,M5,20260805,31,success,0.8091128106535542,0.25
True,0.690614703955523,0.9569213783524269,False,population_projector_Pi0,10.0,0.7948195626263515,0.8727504961276106,0.29044117328029956,-0.0035149181626758213,1.1972571537839372,0.2904411733131614,,,False,5,0.3590207180241123,population_only__M5__trust_0p25,10,population_only,0.38768689961529723,,,,,,,,,,,,development,1314.7734375,0.025188247321354815,1.872808775362896,0.9993655521968784,0.5146571955040408,False,False,0.7793409425273711,M5,-1,31,success,0.7793409425273711,0.25
False,0.6254636566697881,0.9636944479643412,False,sim31_paired_query_upper_bound,10.0,0.7311625753584534,0.8430506287535573,0.37440066030503955,-0.29439604097851496,1.2057313150153466,0.3744006603274384,,,False,1,0.0822766600176692,oracle_projector__M5__trust_0p25,2,oracle_projector,0.38768689961529723,,,,,,2,,,,,,development,1332.59375,0.0,1.9090959104164224e-06,1.0,0.5204935072927391,True,False,0.8058821725361541,M5,20260801,31,success,0.8058821725361541,0.25
False,0.686048341097537,0.9638067150269223,False,sim31_paired_query_upper_bound,10.0,0.7312305811561947,0.8431353425630148,0.37325010024467925,-0.29175116030916753,1.2058717785339284,0.3732501001354358,,,False,1,0.08991967301699333,oracle_projector__M5__trust_0p25,2,oracle_projector,0.38768689961529723,,,,,,2,,,,,,development,1332.59375,0.0,1.9090959104164224e-06,1.0,0.5114579342051688,True,False,0.8056368162418436,M5,20260802,31,success,0.8056368162418436,0.25
False,0.755000910600522,0.9604951741266741,False,sim31_paired_query_upper_bound,10.0,0.7311379527094324,0.8425467117748024,0.37462270200362346,-0.2700258234717433,1.2017285269329487,0.37462270213023974,,,False,1,0.08461376800551079,oracle_projector__M5__trust_0p25,2,oracle_projector,0.38768689961529723,,,,,,2,,,,,,development,1332.59375,0.0,1.9090959104164224e-06,1.0,0.5108260044349047,True,False,0.8036242578210501,M5,20260803,31,success,0.8036242578210501,0.25
False,0.6173227225074697,0.9662809992039509,False,sim31_paired_query_upper_bound,10.0,0.7310580609668571,0.8421221942111441,0.3731409713619242,-0.31076833055298686,1.2089674920360578,0.37314097130545376,,,False,1,0.08499778300756589,oracle_projector__M5__trust_0p25,2,oracle_projector,0.38768689961529723,,,,,,2,,,,,,development,1332.59375,0.0,1.9090959104164224e-06,1.0,0.52053080445007,True,False,0.8074026361463345,M5,20260804,31,success,0.8074026361463345,0.25
False,0.7087033692204926,0.9675573784200711,False,sim31_paired_query_upper_bound,10.0,0.7295319641959686,0.8417496548199936,0.375902447868981,-0.3291465925445194,1.2105644405231655,0.3759024479139815,,,False,1,0.08754139702068642,oracle_projector__M5__trust_0p25,2,oracle_projector,0.38768689961529723,,,,,,2,,,,,,development,1332.59375,0.0,1.9090959104164224e-06,1.0,0.516832604057455,True,False,0.8091128083051905,M5,20260805,31,success,0.8091128083051905,0.25
True,0.6906147386405298,0.9569213759777553,False,sim31_paired_query_upper_bound,10.0,0.7948195618832403,0.8727504965235306,0.2904411745634564,-0.003514901704455453,1.1972571508128544,0.290441174596318,,,False,5,0.4293492810684256,oracle_projector__M5__trust_0p25,10,oracle_projector,0.38768689961529723,,,,,,2,,,,,,development,1332.59375,0.0,1.9090959104164224e-06,1.0,0.5146571940572815,True,False,0.7793409410506583,M5,-1,31,success,0.7793409410506583,0.25
False,1.457953391505956,2.035952252747022,False,population_projector_Pi0,10.0,-2.0346221969960157,0.00046791642364934236,4.039681802996758,-13.140822404792495,2.547292237906467,4.039681802388609,,,False,100,5.653413877997082,population_only__M0__trust_0p5,200,population_only,0.38768689961529723,,,,,,,,,,,,development,1314.7734375,0.025188247321354815,1.872808775362896,0.9993655521968784,3.708699484054955,False,False,3.536656386079661,M0,20260801,31,success,3.536656386079661,0.5
False,0.3327092496289732,2.0892891730429164,False,population_projector_Pi0,10.0,-1.7106124272189125,0.01788080532774777,3.513364377965771,-12.258091237131453,2.61402500282286,3.513364377494188,,,False,100,5.660657643020386,population_only__M0__trust_0p5,200,population_only,0.38768689961529723,,,,,,,,,,,,development,1314.7734375,0.025188247321354815,1.872808775362896,0.9993655521968784,3.162507746370931,False,False,3.1948929305623803,M0,20260802,31,success,3.1948929305623803,0.5
False,-0.7211088699866366,2.258441951058678,False,population_projector_Pi0,10.0,-1.8068571131898459,0.018132661349682742,3.5463744904552414,-12.501736597352899,2.825661379795108,3.5463744900575733,,,False,100,5.637163619976491,population_only__M0__trust_0p5,200,population_only,0.38768689961529723,,,,,,,,,,,,development,1314.7734375,0.025188247321354815,1.872808775362896,0.9993655521968784,3.534650280252034,False,False,3.28578071549253,M0,20260803,31,success,3.28578071549253,0.5
False,-0.06427290917587977,2.5685071037921774,False,population_projector_Pi0,10.0,-2.224310911704503,0.014813720369785297,4.111362311662169,-13.738647408770802,3.213601006442858,4.111362310851097,,,False,100,5.640175612992607,population_only__M0__trust_0p5,200,population_only,0.38768689961529723,,,,,,,,,,,,development,1314.7734375,0.025188247321354815,1.872808775362896,0.9993655521968784,3.775099575137797,False,False,3.788646776248953,M0,20260804,31,success,3.788646776248953,0.5
False,1.0446462394243163,2.160392689659612,False,population_projector_Pi0,10.0,-1.8812554732428302,0.039599620810434624,3.752901964870968,-12.759476423236327,2.702986537024452,3.7529019643301207,,,False,100,5.656266245001461,population_only__M0__trust_0p5,200,population_only,0.38768689961529723,,,,,,,,,,,,development,1314.7734375,0.025188247321354815,1.872808775362896,0.9993655521968784,3.45950827849642,False,False,3.384741978431166,M0,20260805,31,success,3.384741978431166,0.5
True,4.294450170703051,1.210292255132861,False,population_projector_Pi0,10.0,-0.7821285069680273,0.03719697287062527,2.30448542879319,-8.339751090177137,1.5142634425431811,2.3044854283723133,,,False,500,28.247676998988027,population_only__M0__trust_0p5,1000,population_only,0.38768689961529723,,,,,,,,,,,,development,1314.7734375,0.025188247321354815,1.872808775362896,0.9993655521968784,0.8466230904402419,False,False,2.034882332029046,M0,-1,31,success,2.034882332029046,0.5
False,1.4560080224991332,2.036033455201115,False,sim31_paired_query_upper_bound,10.0,-2.034676039337065,0.0004683236489325549,4.039759027348411,-13.141024725296324,2.547393834778757,4.039759026740224,,,False,100,5.632213493983727,oracle_projector__M0__trust_0p5,200,oracle_projector,0.38768689961529723,,,,,,2,,,,,,development,1332.59375,0.0,1.9090959104164224e-06,1.0,3.7088233646991076,True,False,3.5367387664074466,M0,20260801,31,success,3.5367387664074466,0.5
False,0.3315462044492087,2.089339132604167,False,sim31_paired_query_upper_bound,10.0,-1.7106238181169053,0.017883052983987666,3.5133631229293623,-12.258142844142423,2.6140875099874616,3.5133631224577786,,,False,100,5.624626178003382,oracle_projector__M0__trust_0p5,200,oracle_projector,0.38768689961529723,,,,,,2,,,,,,development,1332.59375,0.0,1.9090959104164224e-06,1.0,3.162656219153101,True,False,3.194911913000703,M0,20260802,31,success,3.194911913000703,0.5
False,-0.7213998262586245,2.2584528185761883,False,sim31_paired_query_upper_bound,10.0,-1.8068838753578942,0.01813377165223756,3.5463921422420377,-12.501779418485368,2.825674976746098,3.54639214184434,,,False,100,5.662392869999167,oracle_projector__M0__trust_0p5,200,oracle_projector,0.38768689961529723,,,,,,2,,,,,,development,1332.59375,0.0,1.9090959104164224e-06,1.0,3.5348190960776207,True,False,3.2857969143165957,M0,20260803,31,success,3.2857969143165957,0.5
False,-0.06440586243191908,2.5686281850450285,False,sim31_paired_query_upper_bound,10.0,-2.2243788046148945,0.014814323783715026,4.111383878161911,-13.738794473634051,3.2137524978813863,4.11138387735078,,,False,100,5.6475700460141525,oracle_projector__M0__trust_0p5,200,oracle_projector,0.38768689961529723,,,,,,2,,,,,,development,1332.59375,0.0,1.9090959104164224e-06,1.0,3.7750343958271015,True,False,3.7887109241440102,M0,20260804,31,success,3.7887109241440102,0.5
False,1.0455699330760149,2.1603696546380258,False,sim31_paired_query_upper_bound,10.0,-1.8812760148810161,0.03960062146877739,3.7529225951903142,-12.759489468575234,2.7029577166375263,3.7529225946494695,,,False,100,5.6944663179747295,oracle_projector__M0__trust_0p5,200,oracle_projector,0.38768689961529723,,,,,,2,,,,,,development,1332.59375,0.0,1.9090959104164224e-06,1.0,3.459415630967587,True,False,3.3847470619794513,M0,20260805,31,success,3.3847470619794513,0.5
True,4.295106722121557,1.2102632239214766,False,sim31_paired_query_upper_bound,10.0,-0.7821518990165506,0.037199075726659626,2.304509538825785,-8.33977772574837,1.514227119992239,2.304509538404869,,,False,500,28.261268905975157,oracle_projector__M0__trust_0p5,1000,oracle_projector,0.38768689961529723,,,,,,2,,,,,,development,1332.59375,0.0,1.9090959104164224e-06,1.0,0.8466307058027418,True,False,2.034888572073379,M0,-1,31,success,2.034888572073379,0.5
False,0.5805666458481862,0.9697979385974094,False,population_projector_Pi0,10.0,0.7272818726126962,0.8444385237623966,0.3801724840126162,-0.3596291316108196,1.2133677290288736,0.38017248393474506,,,False,50,2.8938904269889463,population_only__M1__trust_0p5,100,population_only,0.38768689961529723,,,,,,,,,,,,development,1314.7734375,0.025188247321354815,1.872808775362896,0.9993655521968784,0.5060693089896201,False,False,0.8119573230844691,M1,20260801,31,success,0.8119573230844691,0.5
False,0.6448186864111155,0.9696685754988567,False,population_projector_Pi0,10.0,0.727407875839768,0.8449123725909033,0.3788985369532591,-0.3547227857797035,1.2132058757160713,0.3788985367254481,,,False,50,2.863702425995143,population_only__M1__trust_0p5,100,population_only,0.38768689961529723,,,,,,,,,,,,development,1314.7734375,0.025188247321354815,1.872808775362896,0.9993655521968784,0.5000675788194641,False,False,0.8114988071847247,M1,20260802,31,success,0.8114988071847247,0.5
False,0.7028097197934097,0.9668659776059342,False,population_projector_Pi0,10.0,0.7273840515436658,0.843878823041048,0.3797842682868886,-0.33567274426122906,1.2096993908026936,0.37978426834020357,,,False,50,2.8743200250028167,population_only__M1__trust_0p5,100,population_only,0.38768689961529723,,,,,,,,,,,,development,1314.7734375,0.025188247321354815,1.872808775362896,0.9993655521968784,0.49696278922028053,False,False,0.8097209644497162,M1,20260803,31,success,0.8097209644497162,0.5
False,0.5695317109790156,0.9723928909413794,False,population_projector_Pi0,10.0,0.7283668335876845,0.8440155587266507,0.3772240415538267,-0.370755799126271,1.2166144171349496,0.37722404148266725,,,False,50,2.865876787021989,population_only__M1__trust_0p5,100,population_only,0.38768689961529723,,,,,,,,,,,,development,1314.7734375,0.025188247321354815,1.872808775362896,0.9993655521968784,0.50859656927507,False,False,0.8129981109094603,M1,20260804,31,success,0.8129981109094603,0.5
False,0.6636074775741168,0.973693655967436,False,population_projector_Pi0,10.0,0.7262327642187749,0.843865898946903,0.3802932352543029,-0.3901604959328148,1.2182418760548448,0.380293235294397,,,False,50,2.8768694509926718,population_only__M1__trust_0p5,100,population_only,0.38768689961529723,,,,,,,,,,,,development,1314.7734375,0.025188247321354815,1.872808775362896,0.9993655521968784,0.5068833030030128,False,False,0.8148164182777784,M1,20260805,31,success,0.8148164182777784,0.5
True,0.6461646572662595,0.9614115850966123,False,population_projector_Pi0,10.0,0.822705575194564,0.8845893770306248,0.2506699536914494,0.05370505674003705,1.2028750992787915,0.2506699536485941,,,False,250,14.374659116001567,population_only__M1__trust_0p5,500,population_only,0.38768689961529723,,,,,,,,,,,,development,1314.7734375,0.025188247321354815,1.872808775362896,0.9993655521968784,0.4989987686781239,False,False,0.7742237573364915,M1,-1,31,success,0.7742237573364915,0.5
False,0.5805670116221001,0.9697979280670158,False,sim31_paired_query_upper_bound,10.0,0.7272818736193719,0.8444385252630501,0.38017248146868937,-0.35962904215484565,1.213367715853717,0.3801724813908182,,,False,50,2.8723095180175733,oracle_projector__M1__trust_0p5,100,oracle_projector,0.38768689961529723,,,,,,2,,,,,,development,1332.59375,0.0,1.9090959104164224e-06,1.0,0.5060693031919956,True,False,0.811957314722121,M1,20260801,31,success,0.811957314722121,0.5
False,0.6448186838965696,0.9696685737674632,False,sim31_paired_query_upper_bound,10.0,0.7274078733274237,0.844912372629184,0.3788985374859154,-0.35472277397086216,1.2132058735498292,0.3788985372581048,,,False,50,2.856419482995989,oracle_projector__M1__trust_0p5,100,oracle_projector,0.38768689961529723,,,,,,2,,,,,,development,1332.59375,0.0,1.9090959104164224e-06,1.0,0.500067580926481,True,False,0.8114988060814571,M1,20260802,31,success,0.8114988060814571,0.5
False,0.7028096515884137,0.9668659814366811,False,sim31_paired_query_upper_bound,10.0,0.7273840497968318,0.8438788218797821,0.3797842705730641,-0.33567278108241,1.2096993955955526,0.3797842706263789,,,False,50,2.880608594015939,oracle_projector__M1__trust_0p5,100,oracle_projector,0.38768689961529723,,,,,,2,,,,,,development,1332.59375,0.0,1.9090959104164224e-06,1.0,0.4969627923809121,True,False,0.8097209678822814,M1,20260803,31,success,0.8097209678822814,0.5
False,0.569531940806332,0.9723928946727911,False,sim31_paired_query_upper_bound,10.0,0.7283668332587152,0.844015558756194,0.37722404235329077,-0.37075583048993027,1.2166144218035246,0.37722404228213113,,,False,50,2.842588170984527,oracle_projector__M1__trust_0p5,100,oracle_projector,0.38768689961529723,,,,,,2,,,,,,development,1332.59375,0.0,1.9090959104164224e-06,1.0,0.5085965787543295,True,False,0.8129981138450946,M1,20260804,31,success,0.8129981138450946,0.5
False,0.6636074910233497,0.9736936555667859,False,sim31_paired_query_upper_bound,10.0,0.7262327661307625,0.8438658989296604,0.3802932322225926,-0.3901604835996935,1.2182418755535696,0.38029323226268663,,,False,50,2.8649431279918645,oracle_projector__M1__trust_0p5,100,oracle_projector,0.38768689961529723,,,,,,2,,,,,,development,1332.59375,0.0,1.9090959104164224e-06,1.0,0.5068832981839896,True,False,0.8148164171208181,M1,20260805,31,success,0.8148164171208181,0.5
True,0.6461647783002622,0.9614115843701858,False,sim31_paired_query_upper_bound,10.0,0.8227055756368409,0.8845893776309064,0.25066995256707797,0.053705065382429966,1.2028750983699192,0.25066995252422253,,,False,250,14.316868894005893,oracle_projector__M1__trust_0p5,500,oracle_projector,0.38768689961529723,,,,,,2,,,,,,development,1332.59375,0.0,1.9090959104164224e-06,1.0,0.4989987712572739,True,False,0.7742237565661447,M1,-1,31,success,0.7742237565661447,0.5
False,1.5166349798810421,2.0302597861778517,False,population_projector_Pi0,10.0,-0.49220914618271916,0.7056772934364421,0.041154442445180815,-6.152832342220585,2.540170078785778,0.04115444236994645,,,False,100,5.6700945259945,population_only__M2__trust_0p5,200,population_only,0.38768689961529723,,,,,,,,,,,,development,1314.7734375,0.025188247321354815,1.872808775362896,0.9993655521968784,0.9070776886141535,False,False,1.5819522248701758,M2,20260801,31,success,1.5819522248701758,0.5
False,0.34691034355090344,2.090012196105579,False,population_projector_Pi0,10.0,-0.44189378611442987,0.697652065819471,0.04031354075616987,-6.404606368822783,2.6149296168838547,0.04031354045669347,,,False,100,5.670392384985462,population_only__M2__trust_0p5,200,population_only,0.38768689961529723,,,,,,,,,,,,development,1314.7734375,0.025188247321354815,1.872808775362896,0.9993655521968784,1.0383677541470007,False,False,1.6284786341893227,M2,20260802,31,success,1.6284786341893227,0.5
False,-0.7049959546752705,2.2561081218005996,False,population_projector_Pi0,10.0,-0.5534281476910639,0.6828568710671227,0.042751697245505475,-7.068771301807102,2.8227413971944935,0.04275169698582542,,,False,100,5.7922611240064725,population_only__M2__trust_0p5,200,population_only,0.38768689961529723,,,,,,,,,,,,development,1314.7734375,0.025188247321354815,1.872808775362896,0.9993655521968784,1.053186733429363,False,False,1.7578843979868082,M2,20260803,31,success,1.7578843979868082,0.5
False,-0.0770118953536538,2.559804451600943,False,population_projector_Pi0,10.0,-0.7392434548908349,0.6509548905818073,0.0448290241703624,-8.165479468329501,3.202712637943047,0.04482902400999932,,,False,100,5.687304320017574,population_only__M2__trust_0p5,200,population_only,0.38768689961529723,,,,,,,,,,,,development,1314.7734375,0.025188247321354815,1.872808775362896,0.9993655521968784,0.9583314287882506,False,False,1.994461787403113,M2,20260804,31,success,1.994461787403113,0.5
False,1.0400870802607856,2.158102400358763,False,population_projector_Pi0,10.0,-0.4693740054236606,0.7000112730257633,0.04016728505024532,-6.6829586327046675,2.700121029667518,0.04016728496838096,,,False,100,5.704906408995157,population_only__M2__trust_0p5,200,population_only,0.38768689961529723,,,,,,,,,,,,development,1314.7734375,0.025188247321354815,1.872808775362896,0.9993655521968784,1.0992278403511972,False,False,1.681510866203906,M2,20260805,31,success,1.681510866203906,0.5
True,4.282681155126648,1.2117715690173951,False,population_projector_Pi0,10.0,0.07103319012155451,0.841900678718836,0.027785044083374063,-1.670718311882147,1.5161142937949315,0.027785043823528807,,,False,500,28.524958763999166,population_only__M2__trust_0p5,1000,population_only,0.38768689961529723,,,,,,,,,,,,development,1314.7734375,0.025188247321354815,1.872808775362896,0.9993655521968784,0.3437418868696403,False,False,0.9442514536872918,M2,-1,31,success,0.9442514536872918,0.5
False,1.4560079127880852,2.0360334779115012,False,sim31_paired_query_upper_bound,10.0,-0.49571634678215637,0.6968842770153507,2.2576204894322206e-07,-6.17569829404788,2.547393863192974,2.316645455332441e-07,,,False,100,5.6650636680133175,oracle_projector__M2__trust_0p5,200,oracle_projector,0.38768689961529723,,,,,,2,,,,,,development,1332.59375,0.0,1.9090959104164224e-06,1.0,0.90630053879068,True,False,1.5861222638544794,M2,20260801,31,success,1.5861222638544794,0.5
False,0.3315460762712958,2.0893391464433293,False,sim31_paired_query_upper_bound,10.0,-0.44053480896454333,0.6895387314199948,2.1768870997352444e-07,-6.400178828079789,2.6140875273024013,2.239765198420619e-07,,,False,100,5.62196898800903,oracle_projector__M2__trust_0p5,200,oracle_projector,0.38768689961529723,,,,,,2,,,,,,development,1332.59375,0.0,1.9090959104164224e-06,1.0,1.0407007893185884,True,False,1.6276487458918507,M2,20260802,31,success,1.6276487458918507,0.5
False,-0.7213998728333454,2.258452822341311,False,sim31_paired_query_upper_bound,10.0,-0.5552597369456964,0.6753553348343838,2.3350501440920998e-07,-7.076220457073052,2.8256749814568507,2.3945015416806676e-07,,,False,100,5.6261687299993355,oracle_projector__M2__trust_0p5,200,oracle_projector,0.38768689961529723,,,,,,2,,,,,,development,1332.59375,0.0,1.9090959104164224e-06,1.0,1.0533459104234504,True,False,1.7593926338848935,M2,20260803,31,success,1.7593926338848935,0.5
False,-0.06440595794789004,2.568628204732035,False,sim31_paired_query_upper_bound,10.0,-0.7452861773385744,0.6425985954466109,2.481016613770959e-07,-8.19402493998967,3.2137525225128867,2.5339397164414947e-07,,,False,100,5.645014124980662,oracle_projector__M2__trust_0p5,200,oracle_projector,0.38768689961529723,,,,,,2,,,,,,development,1332.59375,0.0,1.9090959104164224e-06,1.0,0.9590431970807056,True,False,2.001027206718221,M2,20260804,31,success,2.001027206718221,0.5
False,1.0455698456099836,2.160369673573813,False,sim31_paired_query_upper_bound,10.0,-0.47041998348013525,0.6928015008983486,2.2314169467680238e-07,-6.690561443910704,2.7029577403291345,2.293863506255899e-07,,,False,100,5.607003231009003,oracle_projector__M2__trust_0p5,200,oracle_projector,0.38768689961529723,,,,,,2,,,,,,development,1332.59375,0.0,1.9090959104164224e-06,1.0,1.102598152040332,True,False,1.6829833470746094,M2,20260805,31,success,1.6829833470746094,0.5
True,4.2951066214329305,1.2102632337100627,False,sim31_paired_query_upper_bound,10.0,0.07174559407734626,0.8384756016103465,1.2564959532691676e-07,-1.6575968032605828,1.514227132239279,1.361939585843747e-07,,,False,500,28.165218742011348,oracle_projector__M2__trust_0p5,1000,oracle_projector,0.38768689961529723,,,,,,2,,,,,,development,1332.59375,0.0,1.9090959104164224e-06,1.0,0.3463483579977772,True,False,0.9428260787151393,M2,-1,31,success,0.9428260787151393,0.5
False,-8.383098144629171,5.39996165862131,False,population_projector_Pi0,10.0,-2.5767749830404063,0.7188980577486203,0.08049805552787363,-14.64878715683065,6.756190082276827,0.0804980558424207,,,False,100,5.6897675190120935,population_only__M3__trust_0p5,200,population_only,0.38768689961529723,,,,,,,,,,,,development,1314.7734375,0.025188247321354815,1.872808775362896,0.9993655521968784,17.4108387936089,False,False,4.207180107324004,M3,20260801,31,success,4.207180107324004,0.5
False,-10.530453214382709,5.727928244870771,False,population_projector_Pi0,10.0,-2.709687066562665,0.6914943338751081,0.0852414194102163,-15.160921689929307,7.166527180466988,0.0852414194390024,,,False,100,5.712847490009153,population_only__M3__trust_0p5,200,population_only,0.38768689961529723,,,,,,,,,,,,development,1314.7734375,0.025188247321354815,1.872808775362896,0.9993655521968784,19.569621111121553,False,False,4.462701419510759,M3,20260802,31,success,4.462701419510759,0.5
False,-10.585473928529055,5.528055240525373,False,population_projector_Pi0,10.0,-2.5851905116893596,0.7183308111949104,0.08270867463433305,-14.85242824367714,6.91645503272918,0.08270867488284049,,,False,100,5.720247802993981,population_only__M3__trust_0p5,200,population_only,0.38768689961529723,,,,,,,,,,,,development,1314.7734375,0.025188247321354815,1.872808775362896,0.9993655521968784,18.331572075583985,False,False,4.306983011109366,M3,20260803,31,success,4.306983011109366,0.5
False,-10.219548274971505,5.639974528267943,False,population_projector_Pi0,10.0,-2.6504103959265404,0.7030105139446815,0.08370915101488795,-15.026508008219073,7.056483431015047,0.08370915120294953,,,False,100,5.701625134999631,population_only__M3__trust_0p5,200,population_only,0.38768689961529723,,,,,,,,,,,,development,1314.7734375,0.025188247321354815,1.872808775362896,0.9993655521968784,20.152246473802577,False,False,4.394172956338867,M3,20260804,31,success,4.394172956338867,0.5
False,-10.530824869680044,6.060584542160901,False,population_projector_Pi0,10.0,-2.9286361120139195,0.7082645840913254,0.0891278442490596,-15.651237831785421,7.5827318349889845,0.08912784446324758,,,False,100,5.768018586008111,population_only__M3__trust_0p5,200,population_only,0.38768689961529723,,,,,,,,,,,,development,1314.7734375,0.025188247321354815,1.872808775362896,0.9993655521968784,21.52325733066146,False,False,4.721865780961804,M3,20260805,31,success,4.721865780961804,0.5
True,-9.413196262735603,4.961581379058242,False,population_projector_Pi0,10.0,-2.2208463568875287,0.7798947117362489,0.07438279228575674,-13.913387092971023,6.207708318092241,0.07438279251215715,,,False,500,28.59250653302297,population_only__M3__trust_0p5,1000,population_only,0.38768689961529723,,,,,,,,,,,,development,1314.7734375,0.025188247321354815,1.872808775362896,0.9993655521968784,17.699195715168802,False,False,3.8656372819440983,M3,-1,31,success,3.8656372819440983,0.5
False,-8.363064119293707,5.411637305529027,False,sim31_paired_query_upper_bound,10.0,-2.590334787913247,0.7129998678295779,4.423728578460234e-07,-14.666573639200173,6.770798128561034,4.454802172984512e-07,,,False,100,5.37675298700924,oracle_projector__M3__trust_0p5,200,oracle_projector,0.38768689961529723,,,,,,2,,,,,,development,1332.59375,0.0,1.9090959104164224e-06,1.0,17.402900434461998,True,False,4.215804163991316,M3,20260801,31,success,4.215804163991316,0.5
False,-10.556626491248252,5.742805111929996,False,sim31_paired_query_upper_bound,10.0,-2.723532136776677,0.685862176221722,4.6595258268952676e-07,-15.182481565917518,7.185140449974266,4.69142624911029e-07,,,False,100,5.649719645996811,oracle_projector__M3__trust_0p5,200,oracle_projector,0.38768689961529723,,,,,,2,,,,,,development,1332.59375,0.0,1.9090959104164224e-06,1.0,19.597863436979377,True,False,4.473792373175005,M3,20260802,31,success,4.473792373175005,0.5
False,-10.623315907497012,5.542896562271208,False,sim31_paired_query_upper_bound,10.0,-2.5984482116051475,0.7128073964182668,4.5121098915593883e-07,-14.874735483254664,6.93502382953295,4.545209323466782e-07,,,False,100,5.607544842001516,oracle_projector__M3__trust_0p5,200,oracle_projector,0.38768689961529723,,,,,,2,,,,,,development,1332.59375,0.0,1.9090959104164224e-06,1.0,18.334090909618777,True,False,4.318058489234201,M3,20260803,31,success,4.318058489234201,0.5
False,-10.230167448430684,5.652175099133274,False,sim31_paired_query_upper_bound,10.0,-2.663259649634519,0.6976591838624885,4.584066843594075e-07,-15.044312148489603,7.0717482386358315,4.613562424582387e-07,,,False,100,5.696795074996771,oracle_projector__M3__trust_0p5,200,oracle_projector,0.38768689961529723,,,,,,2,,,,,,development,1332.59375,0.0,1.9090959104164224e-06,1.0,20.189778340899768,True,False,4.403189270313577,M3,20260804,31,success,4.403189270313577,0.5
False,-10.535771723702092,6.069373561087594,False,sim31_paired_query_upper_bound,10.0,-2.9388383462615955,0.7036792329080408,4.801682633702075e-07,-15.662877370096766,7.593728261678544,4.833268844608156e-07,,,False,100,5.66496047200053,oracle_projector__M3__trust_0p5,200,oracle_projector,0.38768689961529723,,,,,,2,,,,,,development,1332.59375,0.0,1.9090959104164224e-06,1.0,21.52418836217072,True,False,4.728197565182269,M3,20260805,31,success,4.728197565182269,0.5
True,-9.419534107444305,4.962432748773772,False,sim31_paired_query_upper_bound,10.0,-2.2265996546568902,0.7764198926817518,3.1297619058176296e-07,-13.913892684453735,6.208773513734737,3.17192221974724e-07,,,False,500,27.99577302200487,oracle_projector__M3__trust_0p5,1000,oracle_projector,0.38768689961529723,,,,,,2,,,,,,development,1332.59375,0.0,1.9090959104164224e-06,1.0,17.679939914862572,True,False,3.865862300940394,M3,-1,31,success,3.865862300940394,0.5
False,-8.351081983580123,5.393755756983306,False,population_projector_Pi0,10.0,-2.574580781771036,0.7197725746152722,0.07744311573778206,-14.638728749400807,6.7484255362024435,0.07744311597807267,,,False,100,5.731409354979405,population_only__M4__trust_0p5,200,population_only,0.38768689961529723,,,,,,,,,,,,development,1314.7734375,0.025188247321354815,1.872808775362896,0.9993655521968784,17.483421728035253,False,False,4.202310941279039,M4,20260801,31,success,4.202310941279039,0.5
False,-10.44656477065259,5.725238804319779,False,population_projector_Pi0,10.0,-2.7120236362540426,0.692549621266236,0.08216293851439783,-15.156774471047665,7.163162272949825,0.08216293852833635,,,False,100,5.6962219279957935,population_only__M4__trust_0p5,200,population_only,0.38768689961529723,,,,,,,,,,,,development,1314.7734375,0.025188247321354815,1.872808775362896,0.9993655521968784,19.648008747052632,False,False,4.4605711389477145,M4,20260802,31,success,4.4605711389477145,0.5
False,-10.54664266198075,5.531779935456048,False,population_projector_Pi0,10.0,-2.589501992847872,0.718545552568117,0.07987634250950656,-14.858211408779383,6.921115204141685,0.07987634274081688,,,False,100,5.702254697011085,population_only__M4__trust_0p5,200,population_only,0.38768689961529723,,,,,,,,,,,,development,1314.7734375,0.025188247321354815,1.872808775362896,0.9993655521968784,18.427981558020356,False,False,4.309851604740977,M4,20260803,31,success,4.309851604740977,0.5
False,-10.150578888327356,5.651314204937524,False,population_projector_Pi0,10.0,-2.662270282939765,0.7030787138309852,0.08044768680067856,-15.043876929470272,7.070671126390427,0.08044768692683137,,,False,100,5.754892262979411,population_only__M4__trust_0p5,200,population_only,0.38768689961529723,,,,,,,,,,,,development,1314.7734375,0.025188247321354815,1.872808775362896,0.9993655521968784,20.29976073301141,False,False,4.402968647696204,M4,20260804,31,success,4.402968647696204,0.5
False,-10.47412571716038,6.052560908180735,False,population_projector_Pi0,10.0,-2.9260116621865624,0.7089751623703888,0.08576615661375624,-15.639663130086186,7.572693023651487,0.0857661567858055,,,False,100,5.720555916021112,population_only__M4__trust_0p5,200,population_only,0.38768689961529723,,,,,,,,,,,,development,1314.7734375,0.025188247321354815,1.872808775362896,0.9993655521968784,21.57954734182904,False,False,4.715577675701368,M4,20260805,31,success,4.715577675701368,0.5
True,-9.368723612660709,4.970093118109608,False,population_projector_Pi0,10.0,-2.2293400095785336,0.779454214333392,0.07174027167603793,-13.92820337552407,6.2183578246253015,0.07174027185470987,,,False,500,28.605334158986807,population_only__M4__trust_0p5,1000,population_only,0.38768689961529723,,,,,,,,,,,,development,1314.7734375,0.025188247321354815,1.872808775362896,0.9993655521968784,17.821508300619126,False,False,3.8722368651014243,M4,-1,31,success,3.8722368651014243,0.5
False,-8.331093152187886,5.403955868400409,False,sim31_paired_query_upper_bound,10.0,-2.5872538404289838,0.7139797162367861,0.017895708546434692,-14.654283927285533,6.761187458592083,0.0178957082260969,,,False,100,5.651454829989234,oracle_projector__M4__trust_0p5,200,oracle_projector,0.38768689961529723,,,,,,2,,,,,,development,1332.59375,0.0,1.9090959104164224e-06,1.0,17.463364038917454,True,False,4.209843417970103,M4,20260801,31,success,4.209843417970103,0.5
False,-10.470349781328473,5.738222367767241,False,sim31_paired_query_upper_bound,10.0,-2.724748406323579,0.6870457037219568,0.018376751133820975,-15.175592420763785,7.179406725807432,0.018376751101583686,,,False,100,5.651051656983327,oracle_projector__M4__trust_0p5,200,oracle_projector,0.38768689961529723,,,,,,2,,,,,,development,1332.59375,0.0,1.9090959104164224e-06,1.0,19.661532686366453,True,False,4.470245426690467,M4,20260802,31,success,4.470245426690467,0.5
False,-10.58267990387909,5.544973091041065,False,sim31_paired_query_upper_bound,10.0,-2.601826230178497,0.7131382484514374,0.017900215249694505,-14.878034521982876,6.9376218892910355,0.017900215177121426,,,False,100,5.72831284700078,oracle_projector__M4__trust_0p5,200,oracle_projector,0.38768689961529723,,,,,,2,,,,,,development,1332.59375,0.0,1.9090959104164224e-06,1.0,18.417090414880935,True,False,4.319698867876509,M4,20260803,31,success,4.319698867876509,0.5
False,-10.156552911003809,5.661558410429296,False,sim31_paired_query_upper_bound,10.0,-2.674029693396231,0.6978486857683737,0.018353979045843,-15.058765897152927,7.083488217310658,0.01835397878772578,,,False,100,5.714120552001987,oracle_projector__M4__trust_0p5,200,oracle_projector,0.38768689961529723,,,,,,2,,,,,,development,1332.59375,0.0,1.9090959104164224e-06,1.0,20.32090391298433,True,False,4.410522494113682,M4,20260804,31,success,4.410522494113682,0.5
False,-10.476595924163716,6.059510570772041,False,sim31_paired_query_upper_bound,10.0,-2.9351370781427075,0.7044980279824765,0.01896179437387821,-15.648793856456694,7.581388130106472,0.018961794192220893,,,False,100,5.727828559989575,oracle_projector__M4__trust_0p5,200,oracle_projector,0.38768689961529723,,,,,,2,,,,,,development,1332.59375,0.0,1.9090959104164224e-06,1.0,21.565060636286518,True,False,4.72053736204706,M4,20260805,31,success,4.72053736204706,0.5
True,-9.372782558480486,4.969442028638388,False,sim31_paired_query_upper_bound,10.0,-2.2342380613621375,0.7760574663815448,0.016320740825538665,-13.926199835988198,6.217543210650939,0.016320740632405326,,,False,500,28.472768445964903,oracle_projector__M4__trust_0p5,1000,oracle_projector,0.38768689961529723,,,,,,2,,,,,,development,1332.59375,0.0,1.9090959104164224e-06,1.0,17.788853868767635,True,False,3.871343774667474,M4,-1,31,success,3.871343774667474,0.5
False,0.6254636371641811,0.9636944507677665,False,population_projector_Pi0,10.0,0.7311625761283724,0.8430506281609857,0.37440065899567176,-0.2943960588921125,1.2057313185228669,0.3744006590180708,,,False,1,0.06660000400734134,population_only__M5__trust_0p5,2,population_only,0.38768689961529723,,,,,,,,,,,,development,1314.7734375,0.025188247321354815,1.872808775362896,0.9993655521968784,0.5204935089679745,False,False,0.8058821741981886,M5,20260801,31,success,0.8058821741981886,0.5
False,0.6860483116493206,0.963806717509371,False,population_projector_Pi0,10.0,0.7312305819260898,0.8431353420350486,0.3732500998991554,-0.2917511786840189,1.205871781639857,0.3732500997899119,,,False,1,0.07291246097884141,population_only__M5__trust_0p5,2,population_only,0.38768689961529723,,,,,,,,,,,,development,1314.7734375,0.025188247321354815,1.872808775362896,0.9993655521968784,0.511457935522573,False,False,0.8056368179461545,M5,20260802,31,success,0.8056368179461545,0.5
False,0.7550008904966631,0.9604951760099558,False,population_projector_Pi0,10.0,0.7311379533453597,0.8425467115119287,0.3746227015953541,-0.27002583697679,1.2017285292892266,0.3746227017219704,,,False,1,0.07280828899820335,population_only__M5__trust_0p5,2,population_only,0.38768689961529723,,,,,,,,,,,,development,1314.7734375,0.025188247321354815,1.872808775362896,0.9993655521968784,0.5108260031316286,False,False,0.803624259070546,M5,20260803,31,success,0.803624259070546,0.5
False,0.6173226875631822,0.9662810023258086,False,population_projector_Pi0,10.0,0.7310580614675499,0.8421221935323028,0.37314097080038605,-0.31076835323589375,1.2089674959419863,0.3731409707439156,,,False,1,0.07289013199624605,population_only__M5__trust_0p5,2,population_only,0.38768689961529723,,,,,,,,,,,,development,1314.7734375,0.025188247321354815,1.872808775362896,0.9993655521968784,0.5205308073742816,False,False,0.8074026382548392,M5,20260804,31,success,0.8074026382548392,0.5
False,0.708703340681577,0.9675573818014499,False,population_projector_Pi0,10.0,0.729531964248991,0.8417496543848142,0.37590244749782936,-0.3291466177543883,1.2105644447537953,0.37590244754282987,,,False,1,0.07218772600754164,population_only__M5__trust_0p5,2,population_only,0.38768689961529723,,,,,,,,,,,,development,1314.7734375,0.025188247321354815,1.872808775362896,0.9993655521968784,0.5168326051727994,False,False,0.8091128106535542,M5,20260805,31,success,0.8091128106535542,0.5
True,0.690614703955523,0.9569213783524269,False,population_projector_Pi0,10.0,0.7948195626263515,0.8727504961276106,0.29044117328029956,-0.0035149181626758213,1.1972571537839372,0.2904411733131614,,,False,5,0.3573986119881738,population_only__M5__trust_0p5,10,population_only,0.38768689961529723,,,,,,,,,,,,development,1314.7734375,0.025188247321354815,1.872808775362896,0.9993655521968784,0.5146571955040408,False,False,0.7793409425273711,M5,-1,31,success,0.7793409425273711,0.5
False,0.6254636566697881,0.9636944479643412,False,sim31_paired_query_upper_bound,10.0,0.7311625753584534,0.8430506287535573,0.37440066030503955,-0.29439604097851496,1.2057313150153466,0.3744006603274384,,,False,1,0.07993481599260122,oracle_projector__M5__trust_0p5,2,oracle_projector,0.38768689961529723,,,,,,2,,,,,,development,1332.59375,0.0,1.9090959104164224e-06,1.0,0.5204935072927391,True,False,0.8058821725361541,M5,20260801,31,success,0.8058821725361541,0.5
False,0.686048341097537,0.9638067150269223,False,sim31_paired_query_upper_bound,10.0,0.7312305811561947,0.8431353425630148,0.37325010024467925,-0.29175116030916753,1.2058717785339284,0.3732501001354358,,,False,1,0.08885113100404851,oracle_projector__M5__trust_0p5,2,oracle_projector,0.38768689961529723,,,,,,2,,,,,,development,1332.59375,0.0,1.9090959104164224e-06,1.0,0.5114579342051688,True,False,0.8056368162418436,M5,20260802,31,success,0.8056368162418436,0.5
False,0.755000910600522,0.9604951741266741,False,sim31_paired_query_upper_bound,10.0,0.7311379527094324,0.8425467117748024,0.37462270200362346,-0.2700258234717433,1.2017285269329487,0.37462270213023974,,,False,1,0.08823758500511758,oracle_projector__M5__trust_0p5,2,oracle_projector,0.38768689961529723,,,,,,2,,,,,,development,1332.59375,0.0,1.9090959104164224e-06,1.0,0.5108260044349047,True,False,0.8036242578210501,M5,20260803,31,success,0.8036242578210501,0.5
False,0.6173227225074697,0.9662809992039509,False,sim31_paired_query_upper_bound,10.0,0.7310580609668571,0.8421221942111441,0.3731409713619242,-0.31076833055298686,1.2089674920360578,0.37314097130545376,,,False,1,0.08828612201614305,oracle_projector__M5__trust_0p5,2,oracle_projector,0.38768689961529723,,,,,,2,,,,,,development,1332.59375,0.0,1.9090959104164224e-06,1.0,0.52053080445007,True,False,0.8074026361463345,M5,20260804,31,success,0.8074026361463345,0.5
False,0.7087033692204926,0.9675573784200711,False,sim31_paired_query_upper_bound,10.0,0.7295319641959686,0.8417496548199936,0.375902447868981,-0.3291465925445194,1.2105644405231655,0.3759024479139815,,,False,1,0.08828382100909948,oracle_projector__M5__trust_0p5,2,oracle_projector,0.38768689961529723,,,,,,2,,,,,,development,1332.59375,0.0,1.9090959104164224e-06,1.0,0.516832604057455,True,False,0.8091128083051905,M5,20260805,31,success,0.8091128083051905,0.5
True,0.6906147386405298,0.9569213759777553,False,sim31_paired_query_upper_bound,10.0,0.7948195618832403,0.8727504965235306,0.2904411745634564,-0.003514901704455453,1.1972571508128544,0.290441174596318,,,False,5,0.43359347502700984,oracle_projector__M5__trust_0p5,10,oracle_projector,0.38768689961529723,,,,,,2,,,,,,development,1332.59375,0.0,1.9090959104164224e-06,1.0,0.5146571940572815,True,False,0.7793409410506583,M5,-1,31,success,0.7793409410506583,0.5
False,1.457953391505956,2.035952252747022,False,population_projector_Pi0,10.0,-2.0346221969960157,0.00046791642364934236,4.039681802996758,-13.140822404792495,2.547292237906467,4.039681802388609,,,False,100,5.705642574001104,population_only__M0__trust_1,200,population_only,0.38768689961529723,,,,,,,,,,,,development,1314.7734375,0.025188247321354815,1.872808775362896,0.9993655521968784,3.708699484054955,False,False,3.536656386079661,M0,20260801,31,success,3.536656386079661,1.0
False,0.3327092496289732,2.0892891730429164,False,population_projector_Pi0,10.0,-1.7106124272189125,0.01788080532774777,3.513364377965771,-12.258091237131453,2.61402500282286,3.513364377494188,,,False,100,5.73150692100171,population_only__M0__trust_1,200,population_only,0.38768689961529723,,,,,,,,,,,,development,1314.7734375,0.025188247321354815,1.872808775362896,0.9993655521968784,3.162507746370931,False,False,3.1948929305623803,M0,20260802,31,success,3.1948929305623803,1.0
False,-0.7211088699866366,2.258441951058678,False,population_projector_Pi0,10.0,-1.8068571131898459,0.018132661349682742,3.5463744904552414,-12.501736597352899,2.825661379795108,3.5463744900575733,,,False,100,5.673822234995896,population_only__M0__trust_1,200,population_only,0.38768689961529723,,,,,,,,,,,,development,1314.7734375,0.025188247321354815,1.872808775362896,0.9993655521968784,3.534650280252034,False,False,3.28578071549253,M0,20260803,31,success,3.28578071549253,1.0
False,-0.06427290917587977,2.5685071037921774,False,population_projector_Pi0,10.0,-2.224310911704503,0.014813720369785297,4.111362311662169,-13.738647408770802,3.213601006442858,4.111362310851097,,,False,100,5.356571110023651,population_only__M0__trust_1,200,population_only,0.38768689961529723,,,,,,,,,,,,development,1314.7734375,0.025188247321354815,1.872808775362896,0.9993655521968784,3.775099575137797,False,False,3.788646776248953,M0,20260804,31,success,3.788646776248953,1.0
False,1.0446462394243163,2.160392689659612,False,population_projector_Pi0,10.0,-1.8812554732428302,0.039599620810434624,3.752901964870968,-12.759476423236327,2.702986537024452,3.7529019643301207,,,False,100,5.6404857369780075,population_only__M0__trust_1,200,population_only,0.38768689961529723,,,,,,,,,,,,development,1314.7734375,0.025188247321354815,1.872808775362896,0.9993655521968784,3.45950827849642,False,False,3.384741978431166,M0,20260805,31,success,3.384741978431166,1.0
True,4.294450170703051,1.210292255132861,False,population_projector_Pi0,10.0,-0.7821285069680273,0.03719697287062527,2.30448542879319,-8.339751090177137,1.5142634425431811,2.3044854283723133,,,False,500,28.10802857700037,population_only__M0__trust_1,1000,population_only,0.38768689961529723,,,,,,,,,,,,development,1314.7734375,0.025188247321354815,1.872808775362896,0.9993655521968784,0.8466230904402419,False,False,2.034882332029046,M0,-1,31,success,2.034882332029046,1.0
False,1.4560080224991332,2.036033455201115,False,sim31_paired_query_upper_bound,10.0,-2.034676039337065,0.0004683236489325549,4.039759027348411,-13.141024725296324,2.547393834778757,4.039759026740224,,,False,100,5.593467225990025,oracle_projector__M0__trust_1,200,oracle_projector,0.38768689961529723,,,,,,2,,,,,,development,1332.59375,0.0,1.9090959104164224e-06,1.0,3.7088233646991076,True,False,3.5367387664074466,M0,20260801,31,success,3.5367387664074466,1.0
False,0.3315462044492087,2.089339132604167,False,sim31_paired_query_upper_bound,10.0,-1.7106238181169053,0.017883052983987666,3.5133631229293623,-12.258142844142423,2.6140875099874616,3.5133631224577786,,,False,100,5.636330964014633,oracle_projector__M0__trust_1,200,oracle_projector,0.38768689961529723,,,,,,2,,,,,,development,1332.59375,0.0,1.9090959104164224e-06,1.0,3.162656219153101,True,False,3.194911913000703,M0,20260802,31,success,3.194911913000703,1.0
False,-0.7213998262586245,2.2584528185761883,False,sim31_paired_query_upper_bound,10.0,-1.8068838753578942,0.01813377165223756,3.5463921422420377,-12.501779418485368,2.825674976746098,3.54639214184434,,,False,100,5.654669991985429,oracle_projector__M0__trust_1,200,oracle_projector,0.38768689961529723,,,,,,2,,,,,,development,1332.59375,0.0,1.9090959104164224e-06,1.0,3.5348190960776207,True,False,3.2857969143165957,M0,20260803,31,success,3.2857969143165957,1.0
False,-0.06440586243191908,2.5686281850450285,False,sim31_paired_query_upper_bound,10.0,-2.2243788046148945,0.014814323783715026,4.111383878161911,-13.738794473634051,3.2137524978813863,4.11138387735078,,,False,100,5.594085899996571,oracle_projector__M0__trust_1,200,oracle_projector,0.38768689961529723,,,,,,2,,,,,,development,1332.59375,0.0,1.9090959104164224e-06,1.0,3.7750343958271015,True,False,3.7887109241440102,M0,20260804,31,success,3.7887109241440102,1.0
False,1.0455699330760149,2.1603696546380258,False,sim31_paired_query_upper_bound,10.0,-1.8812760148810161,0.03960062146877739,3.7529225951903142,-12.759489468575234,2.7029577166375263,3.7529225946494695,,,False,100,5.6341423130070325,oracle_projector__M0__trust_1,200,oracle_projector,0.38768689961529723,,,,,,2,,,,,,development,1332.59375,0.0,1.9090959104164224e-06,1.0,3.459415630967587,True,False,3.3847470619794513,M0,20260805,31,success,3.3847470619794513,1.0
True,4.295106722121557,1.2102632239214766,False,sim31_paired_query_upper_bound,10.0,-0.7821518990165506,0.037199075726659626,2.304509538825785,-8.33977772574837,1.514227119992239,2.304509538404869,,,False,500,28.11269639499369,oracle_projector__M0__trust_1,1000,oracle_projector,0.38768689961529723,,,,,,2,,,,,,development,1332.59375,0.0,1.9090959104164224e-06,1.0,0.8466307058027418,True,False,2.034888572073379,M0,-1,31,success,2.034888572073379,1.0
False,0.5805666458481862,0.9697979385974094,False,population_projector_Pi0,10.0,0.7272818726126962,0.8444385237623966,0.3801724840126162,-0.3596291316108196,1.2133677290288736,0.38017248393474506,,,False,50,2.8876835370028857,population_only__M1__trust_1,100,population_only,0.38768689961529723,,,,,,,,,,,,development,1314.7734375,0.025188247321354815,1.872808775362896,0.9993655521968784,0.5060693089896201,False,False,0.8119573230844691,M1,20260801,31,success,0.8119573230844691,1.0
False,0.6448186864111155,0.9696685754988567,False,population_projector_Pi0,10.0,0.727407875839768,0.8449123725909033,0.3788985369532591,-0.3547227857797035,1.2132058757160713,0.3788985367254481,,,False,50,2.871557145001134,population_only__M1__trust_1,100,population_only,0.38768689961529723,,,,,,,,,,,,development,1314.7734375,0.025188247321354815,1.872808775362896,0.9993655521968784,0.5000675788194641,False,False,0.8114988071847247,M1,20260802,31,success,0.8114988071847247,1.0
False,0.7028097197934097,0.9668659776059342,False,population_projector_Pi0,10.0,0.7273840515436658,0.843878823041048,0.3797842682868886,-0.33567274426122906,1.2096993908026936,0.37978426834020357,,,False,50,2.8747247489809524,population_only__M1__trust_1,100,population_only,0.38768689961529723,,,,,,,,,,,,development,1314.7734375,0.025188247321354815,1.872808775362896,0.9993655521968784,0.49696278922028053,False,False,0.8097209644497162,M1,20260803,31,success,0.8097209644497162,1.0
False,0.5695317109790156,0.9723928909413794,False,population_projector_Pi0,10.0,0.7283668335876845,0.8440155587266507,0.3772240415538267,-0.370755799126271,1.2166144171349496,0.37722404148266725,,,False,50,2.8764362380024977,population_only__M1__trust_1,100,population_only,0.38768689961529723,,,,,,,,,,,,development,1314.7734375,0.025188247321354815,1.872808775362896,0.9993655521968784,0.50859656927507,False,False,0.8129981109094603,M1,20260804,31,success,0.8129981109094603,1.0
False,0.6636074775741168,0.973693655967436,False,population_projector_Pi0,10.0,0.7262327642187749,0.843865898946903,0.3802932352543029,-0.3901604959328148,1.2182418760548448,0.380293235294397,,,False,50,2.853071885998361,population_only__M1__trust_1,100,population_only,0.38768689961529723,,,,,,,,,,,,development,1314.7734375,0.025188247321354815,1.872808775362896,0.9993655521968784,0.5068833030030128,False,False,0.8148164182777784,M1,20260805,31,success,0.8148164182777784,1.0
True,0.6461646572662595,0.9614115850966123,False,population_projector_Pi0,10.0,0.822705575194564,0.8845893770306248,0.2506699536914494,0.05370505674003705,1.2028750992787915,0.2506699536485941,,,False,250,14.36347355498583,population_only__M1__trust_1,500,population_only,0.38768689961529723,,,,,,,,,,,,development,1314.7734375,0.025188247321354815,1.872808775362896,0.9993655521968784,0.4989987686781239,False,False,0.7742237573364915,M1,-1,31,success,0.7742237573364915,1.0
False,0.5805670116221001,0.9697979280670158,False,sim31_paired_query_upper_bound,10.0,0.7272818736193719,0.8444385252630501,0.38017248146868937,-0.35962904215484565,1.213367715853717,0.3801724813908182,,,False,50,2.8350330629909877,oracle_projector__M1__trust_1,100,oracle_projector,0.38768689961529723,,,,,,2,,,,,,development,1332.59375,0.0,1.9090959104164224e-06,1.0,0.5060693031919956,True,False,0.811957314722121,M1,20260801,31,success,0.811957314722121,1.0
False,0.6448186838965696,0.9696685737674632,False,sim31_paired_query_upper_bound,10.0,0.7274078733274237,0.844912372629184,0.3788985374859154,-0.35472277397086216,1.2132058735498292,0.3788985372581048,,,False,50,2.8670204599911813,oracle_projector__M1__trust_1,100,oracle_projector,0.38768689961529723,,,,,,2,,,,,,development,1332.59375,0.0,1.9090959104164224e-06,1.0,0.500067580926481,True,False,0.8114988060814571,M1,20260802,31,success,0.8114988060814571,1.0
False,0.7028096515884137,0.9668659814366811,False,sim31_paired_query_upper_bound,10.0,0.7273840497968318,0.8438788218797821,0.3797842705730641,-0.33567278108241,1.2096993955955526,0.3797842706263789,,,False,50,2.880704749986762,oracle_projector__M1__trust_1,100,oracle_projector,0.38768689961529723,,,,,,2,,,,,,development,1332.59375,0.0,1.9090959104164224e-06,1.0,0.4969627923809121,True,False,0.8097209678822814,M1,20260803,31,success,0.8097209678822814,1.0
False,0.569531940806332,0.9723928946727911,False,sim31_paired_query_upper_bound,10.0,0.7283668332587152,0.844015558756194,0.37722404235329077,-0.37075583048993027,1.2166144218035246,0.37722404228213113,,,False,50,2.853951495984802,oracle_projector__M1__trust_1,100,oracle_projector,0.38768689961529723,,,,,,2,,,,,,development,1332.59375,0.0,1.9090959104164224e-06,1.0,0.5085965787543295,True,False,0.8129981138450946,M1,20260804,31,success,0.8129981138450946,1.0
False,0.6636074910233497,0.9736936555667859,False,sim31_paired_query_upper_bound,10.0,0.7262327661307625,0.8438658989296604,0.3802932322225926,-0.3901604835996935,1.2182418755535696,0.38029323226268663,,,False,50,2.9285007180005778,oracle_projector__M1__trust_1,100,oracle_projector,0.38768689961529723,,,,,,2,,,,,,development,1332.59375,0.0,1.9090959104164224e-06,1.0,0.5068832981839896,True,False,0.8148164171208181,M1,20260805,31,success,0.8148164171208181,1.0
True,0.6461647783002622,0.9614115843701858,False,sim31_paired_query_upper_bound,10.0,0.8227055756368409,0.8845893776309064,0.25066995256707797,0.053705065382429966,1.2028750983699192,0.25066995252422253,,,False,250,14.365210486954311,oracle_projector__M1__trust_1,500,oracle_projector,0.38768689961529723,,,,,,2,,,,,,development,1332.59375,0.0,1.9090959104164224e-06,1.0,0.4989987712572739,True,False,0.7742237565661447,M1,-1,31,success,0.7742237565661447,1.0
False,1.5166349798810421,2.0302597861778517,False,population_projector_Pi0,10.0,-0.49220914618271916,0.7056772934364421,0.041154442445180815,-6.152832342220585,2.540170078785778,0.04115444236994645,,,False,100,4.725583138002548,population_only__M2__trust_1,200,population_only,0.38768689961529723,,,,,,,,,,,,development,1314.7734375,0.025188247321354815,1.872808775362896,0.9993655521968784,0.9070776886141535,False,False,1.5819522248701758,M2,20260801,31,success,1.5819522248701758,1.0
False,0.34691034355090344,2.090012196105579,False,population_projector_Pi0,10.0,-0.44189378611442987,0.697652065819471,0.04031354075616987,-6.404606368822783,2.6149296168838547,0.04031354045669347,,,False,100,5.701886975992238,population_only__M2__trust_1,200,population_only,0.38768689961529723,,,,,,,,,,,,development,1314.7734375,0.025188247321354815,1.872808775362896,0.9993655521968784,1.0383677541470007,False,False,1.6284786341893227,M2,20260802,31,success,1.6284786341893227,1.0
False,-0.7049959546752705,2.2561081218005996,False,population_projector_Pi0,10.0,-0.5534281476910639,0.6828568710671227,0.042751697245505475,-7.068771301807102,2.8227413971944935,0.04275169698582542,,,False,100,5.711261322983773,population_only__M2__trust_1,200,population_only,0.38768689961529723,,,,,,,,,,,,development,1314.7734375,0.025188247321354815,1.872808775362896,0.9993655521968784,1.053186733429363,False,False,1.7578843979868082,M2,20260803,31,success,1.7578843979868082,1.0
False,-0.0770118953536538,2.559804451600943,False,population_projector_Pi0,10.0,-0.7392434548908349,0.6509548905818073,0.0448290241703624,-8.165479468329501,3.202712637943047,0.04482902400999932,,,False,100,5.728614889987512,population_only__M2__trust_1,200,population_only,0.38768689961529723,,,,,,,,,,,,development,1314.7734375,0.025188247321354815,1.872808775362896,0.9993655521968784,0.9583314287882506,False,False,1.994461787403113,M2,20260804,31,success,1.994461787403113,1.0
False,1.0400870802607856,2.158102400358763,False,population_projector_Pi0,10.0,-0.4693740054236606,0.7000112730257633,0.04016728505024532,-6.6829586327046675,2.700121029667518,0.04016728496838096,,,False,100,5.743211511988193,population_only__M2__trust_1,200,population_only,0.38768689961529723,,,,,,,,,,,,development,1314.7734375,0.025188247321354815,1.872808775362896,0.9993655521968784,1.0992278403511972,False,False,1.681510866203906,M2,20260805,31,success,1.681510866203906,1.0
True,4.282681155126648,1.2117715690173951,False,population_projector_Pi0,10.0,0.07103319012155451,0.841900678718836,0.027785044083374063,-1.670718311882147,1.5161142937949315,0.027785043823528807,,,False,500,27.610557838954264,population_only__M2__trust_1,1000,population_only,0.38768689961529723,,,,,,,,,,,,development,1314.7734375,0.025188247321354815,1.872808775362896,0.9993655521968784,0.3437418868696403,False,False,0.9442514536872918,M2,-1,31,success,0.9442514536872918,1.0
False,1.4560079127880852,2.0360334779115012,False,sim31_paired_query_upper_bound,10.0,-0.49571634678215637,0.6968842770153507,2.2576204894322206e-07,-6.17569829404788,2.547393863192974,2.316645455332441e-07,,,False,100,5.6220426879881416,oracle_projector__M2__trust_1,200,oracle_projector,0.38768689961529723,,,,,,2,,,,,,development,1332.59375,0.0,1.9090959104164224e-06,1.0,0.90630053879068,True,False,1.5861222638544794,M2,20260801,31,success,1.5861222638544794,1.0
False,0.3315460762712958,2.0893391464433293,False,sim31_paired_query_upper_bound,10.0,-0.44053480896454333,0.6895387314199948,2.1768870997352444e-07,-6.400178828079789,2.6140875273024013,2.239765198420619e-07,,,False,100,5.662666379997972,oracle_projector__M2__trust_1,200,oracle_projector,0.38768689961529723,,,,,,2,,,,,,development,1332.59375,0.0,1.9090959104164224e-06,1.0,1.0407007893185884,True,False,1.6276487458918507,M2,20260802,31,success,1.6276487458918507,1.0
False,-0.7213998728333454,2.258452822341311,False,sim31_paired_query_upper_bound,10.0,-0.5552597369456964,0.6753553348343838,2.3350501440920998e-07,-7.076220457073052,2.8256749814568507,2.3945015416806676e-07,,,False,100,5.634412482002517,oracle_projector__M2__trust_1,200,oracle_projector,0.38768689961529723,,,,,,2,,,,,,development,1332.59375,0.0,1.9090959104164224e-06,1.0,1.0533459104234504,True,False,1.7593926338848935,M2,20260803,31,success,1.7593926338848935,1.0
False,-0.06440595794789004,2.568628204732035,False,sim31_paired_query_upper_bound,10.0,-0.7452861773385744,0.6425985954466109,2.481016613770959e-07,-8.19402493998967,3.2137525225128867,2.5339397164414947e-07,,,False,100,5.6587482869799715,oracle_projector__M2__trust_1,200,oracle_projector,0.38768689961529723,,,,,,2,,,,,,development,1332.59375,0.0,1.9090959104164224e-06,1.0,0.9590431970807056,True,False,2.001027206718221,M2,20260804,31,success,2.001027206718221,1.0
False,1.0455698456099836,2.160369673573813,False,sim31_paired_query_upper_bound,10.0,-0.47041998348013525,0.6928015008983486,2.2314169467680238e-07,-6.690561443910704,2.7029577403291345,2.293863506255899e-07,,,False,100,5.626964360009879,oracle_projector__M2__trust_1,200,oracle_projector,0.38768689961529723,,,,,,2,,,,,,development,1332.59375,0.0,1.9090959104164224e-06,1.0,1.102598152040332,True,False,1.6829833470746094,M2,20260805,31,success,1.6829833470746094,1.0
True,4.2951066214329305,1.2102632337100627,False,sim31_paired_query_upper_bound,10.0,0.07174559407734626,0.8384756016103465,1.2564959532691676e-07,-1.6575968032605828,1.514227132239279,1.361939585843747e-07,,,False,500,28.20483419697848,oracle_projector__M2__trust_1,1000,oracle_projector,0.38768689961529723,,,,,,2,,,,,,development,1332.59375,0.0,1.9090959104164224e-06,1.0,0.3463483579977772,True,False,0.9428260787151393,M2,-1,31,success,0.9428260787151393,1.0
False,-8.383098144629171,5.39996165862131,False,population_projector_Pi0,10.0,-2.5767749830404063,0.7188980577486203,0.08049805552787363,-14.64878715683065,6.756190082276827,0.0804980558424207,,,False,100,5.73716125098872,population_only__M3__trust_1,200,population_only,0.38768689961529723,,,,,,,,,,,,development,1314.7734375,0.025188247321354815,1.872808775362896,0.9993655521968784,17.4108387936089,False,False,4.207180107324004,M3,20260801,31,success,4.207180107324004,1.0
False,-10.530453214382709,5.727928244870771,False,population_projector_Pi0,10.0,-2.709687066562665,0.6914943338751081,0.0852414194102163,-15.160921689929307,7.166527180466988,0.0852414194390024,,,False,100,5.7192000780196395,population_only__M3__trust_1,200,population_only,0.38768689961529723,,,,,,,,,,,,development,1314.7734375,0.025188247321354815,1.872808775362896,0.9993655521968784,19.569621111121553,False,False,4.462701419510759,M3,20260802,31,success,4.462701419510759,1.0
False,-10.585473928529055,5.528055240525373,False,population_projector_Pi0,10.0,-2.5851905116893596,0.7183308111949104,0.08270867463433305,-14.85242824367714,6.91645503272918,0.08270867488284049,,,False,100,5.756980321020819,population_only__M3__trust_1,200,population_only,0.38768689961529723,,,,,,,,,,,,development,1314.7734375,0.025188247321354815,1.872808775362896,0.9993655521968784,18.331572075583985,False,False,4.306983011109366,M3,20260803,31,success,4.306983011109366,1.0
False,-10.219548274971505,5.639974528267943,False,population_projector_Pi0,10.0,-2.6504103959265404,0.7030105139446815,0.08370915101488795,-15.026508008219073,7.056483431015047,0.08370915120294953,,,False,100,5.779212213004939,population_only__M3__trust_1,200,population_only,0.38768689961529723,,,,,,,,,,,,development,1314.7734375,0.025188247321354815,1.872808775362896,0.9993655521968784,20.152246473802577,False,False,4.394172956338867,M3,20260804,31,success,4.394172956338867,1.0
False,-10.530824869680044,6.060584542160901,False,population_projector_Pi0,10.0,-2.9286361120139195,0.7082645840913254,0.0891278442490596,-15.651237831785421,7.5827318349889845,0.08912784446324758,,,False,100,5.789949165016878,population_only__M3__trust_1,200,population_only,0.38768689961529723,,,,,,,,,,,,development,1314.7734375,0.025188247321354815,1.872808775362896,0.9993655521968784,21.52325733066146,False,False,4.721865780961804,M3,20260805,31,success,4.721865780961804,1.0
True,-9.413196262735603,4.961581379058242,False,population_projector_Pi0,10.0,-2.2208463568875287,0.7798947117362489,0.07438279228575674,-13.913387092971023,6.207708318092241,0.07438279251215715,,,False,500,28.782503028050996,population_only__M3__trust_1,1000,population_only,0.38768689961529723,,,,,,,,,,,,development,1314.7734375,0.025188247321354815,1.872808775362896,0.9993655521968784,17.699195715168802,False,False,3.8656372819440983,M3,-1,31,success,3.8656372819440983,1.0
False,-8.363064119293707,5.411637305529027,False,sim31_paired_query_upper_bound,10.0,-2.590334787913247,0.7129998678295779,4.423728578460234e-07,-14.666573639200173,6.770798128561034,4.454802172984512e-07,,,False,100,5.691260619001696,oracle_projector__M3__trust_1,200,oracle_projector,0.38768689961529723,,,,,,2,,,,,,development,1332.59375,0.0,1.9090959104164224e-06,1.0,17.402900434461998,True,False,4.215804163991316,M3,20260801,31,success,4.215804163991316,1.0
False,-10.556626491248252,5.742805111929996,False,sim31_paired_query_upper_bound,10.0,-2.723532136776677,0.685862176221722,4.6595258268952676e-07,-15.182481565917518,7.185140449974266,4.69142624911029e-07,,,False,100,5.699749844992766,oracle_projector__M3__trust_1,200,oracle_projector,0.38768689961529723,,,,,,2,,,,,,development,1332.59375,0.0,1.9090959104164224e-06,1.0,19.597863436979377,True,False,4.473792373175005,M3,20260802,31,success,4.473792373175005,1.0
False,-10.623315907497012,5.542896562271208,False,sim31_paired_query_upper_bound,10.0,-2.5984482116051475,0.7128073964182668,4.5121098915593883e-07,-14.874735483254664,6.93502382953295,4.545209323466782e-07,,,False,100,5.630224149004789,oracle_projector__M3__trust_1,200,oracle_projector,0.38768689961529723,,,,,,2,,,,,,development,1332.59375,0.0,1.9090959104164224e-06,1.0,18.334090909618777,True,False,4.318058489234201,M3,20260803,31,success,4.318058489234201,1.0
False,-10.230167448430684,5.652175099133274,False,sim31_paired_query_upper_bound,10.0,-2.663259649634519,0.6976591838624885,4.584066843594075e-07,-15.044312148489603,7.0717482386358315,4.613562424582387e-07,,,False,100,5.687150074983947,oracle_projector__M3__trust_1,200,oracle_projector,0.38768689961529723,,,,,,2,,,,,,development,1332.59375,0.0,1.9090959104164224e-06,1.0,20.189778340899768,True,False,4.403189270313577,M3,20260804,31,success,4.403189270313577,1.0
False,-10.535771723702092,6.069373561087594,False,sim31_paired_query_upper_bound,10.0,-2.9388383462615955,0.7036792329080408,4.801682633702075e-07,-15.662877370096766,7.593728261678544,4.833268844608156e-07,,,False,100,5.640744850010378,oracle_projector__M3__trust_1,200,oracle_projector,0.38768689961529723,,,,,,2,,,,,,development,1332.59375,0.0,1.9090959104164224e-06,1.0,21.52418836217072,True,False,4.728197565182269,M3,20260805,31,success,4.728197565182269,1.0
True,-9.419534107444305,4.962432748773772,False,sim31_paired_query_upper_bound,10.0,-2.2265996546568902,0.7764198926817518,3.1297619058176296e-07,-13.913892684453735,6.208773513734737,3.17192221974724e-07,,,False,500,28.349129537993576,oracle_projector__M3__trust_1,1000,oracle_projector,0.38768689961529723,,,,,,2,,,,,,development,1332.59375,0.0,1.9090959104164224e-06,1.0,17.679939914862572,True,False,3.865862300940394,M3,-1,31,success,3.865862300940394,1.0
False,-8.351081983580123,5.393755756983306,False,population_projector_Pi0,10.0,-2.574580781771036,0.7197725746152722,0.07744311573778206,-14.638728749400807,6.7484255362024435,0.07744311597807267,,,False,100,5.0647477410093416,population_only__M4__trust_1,200,population_only,0.38768689961529723,,,,,,,,,,,,development,1314.7734375,0.025188247321354815,1.872808775362896,0.9993655521968784,17.483421728035253,False,False,4.202310941279039,M4,20260801,31,success,4.202310941279039,1.0
False,-10.44656477065259,5.725238804319779,False,population_projector_Pi0,10.0,-2.7120236362540426,0.692549621266236,0.08216293851439783,-15.156774471047665,7.163162272949825,0.08216293852833635,,,False,100,5.690639345004456,population_only__M4__trust_1,200,population_only,0.38768689961529723,,,,,,,,,,,,development,1314.7734375,0.025188247321354815,1.872808775362896,0.9993655521968784,19.648008747052632,False,False,4.4605711389477145,M4,20260802,31,success,4.4605711389477145,1.0
False,-10.54664266198075,5.531779935456048,False,population_projector_Pi0,10.0,-2.589501992847872,0.718545552568117,0.07987634250950656,-14.858211408779383,6.921115204141685,0.07987634274081688,,,False,100,5.711559798975941,population_only__M4__trust_1,200,population_only,0.38768689961529723,,,,,,,,,,,,development,1314.7734375,0.025188247321354815,1.872808775362896,0.9993655521968784,18.427981558020356,False,False,4.309851604740977,M4,20260803,31,success,4.309851604740977,1.0
False,-10.150578888327356,5.651314204937524,False,population_projector_Pi0,10.0,-2.662270282939765,0.7030787138309852,0.08044768680067856,-15.043876929470272,7.070671126390427,0.08044768692683137,,,False,100,5.6911302439984865,population_only__M4__trust_1,200,population_only,0.38768689961529723,,,,,,,,,,,,development,1314.7734375,0.025188247321354815,1.872808775362896,0.9993655521968784,20.29976073301141,False,False,4.402968647696204,M4,20260804,31,success,4.402968647696204,1.0
False,-10.47412571716038,6.052560908180735,False,population_projector_Pi0,10.0,-2.9260116621865624,0.7089751623703888,0.08576615661375624,-15.639663130086186,7.572693023651487,0.0857661567858055,,,False,100,5.704601131990785,population_only__M4__trust_1,200,population_only,0.38768689961529723,,,,,,,,,,,,development,1314.7734375,0.025188247321354815,1.872808775362896,0.9993655521968784,21.57954734182904,False,False,4.715577675701368,M4,20260805,31,success,4.715577675701368,1.0
True,-9.368723612660709,4.970093118109608,False,population_projector_Pi0,10.0,-2.2293400095785336,0.779454214333392,0.07174027167603793,-13.92820337552407,6.2183578246253015,0.07174027185470987,,,False,500,27.86267826097901,population_only__M4__trust_1,1000,population_only,0.38768689961529723,,,,,,,,,,,,development,1314.7734375,0.025188247321354815,1.872808775362896,0.9993655521968784,17.821508300619126,False,False,3.8722368651014243,M4,-1,31,success,3.8722368651014243,1.0
False,-8.331093152187886,5.403955868400409,False,sim31_paired_query_upper_bound,10.0,-2.5872538404289838,0.7139797162367861,0.017895708546434692,-14.654283927285533,6.761187458592083,0.0178957082260969,,,False,100,5.632632583001396,oracle_projector__M4__trust_1,200,oracle_projector,0.38768689961529723,,,,,,2,,,,,,development,1332.59375,0.0,1.9090959104164224e-06,1.0,17.463364038917454,True,False,4.209843417970103,M4,20260801,31,success,4.209843417970103,1.0
False,-10.470349781328473,5.738222367767241,False,sim31_paired_query_upper_bound,10.0,-2.724748406323579,0.6870457037219568,0.018376751133820975,-15.175592420763785,7.179406725807432,0.018376751101583686,,,False,100,5.636008628993295,oracle_projector__M4__trust_1,200,oracle_projector,0.38768689961529723,,,,,,2,,,,,,development,1332.59375,0.0,1.9090959104164224e-06,1.0,19.661532686366453,True,False,4.470245426690467,M4,20260802,31,success,4.470245426690467,1.0
False,-10.58267990387909,5.544973091041065,False,sim31_paired_query_upper_bound,10.0,-2.601826230178497,0.7131382484514374,0.017900215249694505,-14.878034521982876,6.9376218892910355,0.017900215177121426,,,False,100,5.647530618007295,oracle_projector__M4__trust_1,200,oracle_projector,0.38768689961529723,,,,,,2,,,,,,development,1332.59375,0.0,1.9090959104164224e-06,1.0,18.417090414880935,True,False,4.319698867876509,M4,20260803,31,success,4.319698867876509,1.0
False,-10.156552911003809,5.661558410429296,False,sim31_paired_query_upper_bound,10.0,-2.674029693396231,0.6978486857683737,0.018353979045843,-15.058765897152927,7.083488217310658,0.01835397878772578,,,False,100,5.719323101977352,oracle_projector__M4__trust_1,200,oracle_projector,0.38768689961529723,,,,,,2,,,,,,development,1332.59375,0.0,1.9090959104164224e-06,1.0,20.32090391298433,True,False,4.410522494113682,M4,20260804,31,success,4.410522494113682,1.0
False,-10.476595924163716,6.059510570772041,False,sim31_paired_query_upper_bound,10.0,-2.9351370781427075,0.7044980279824765,0.01896179437387821,-15.648793856456694,7.581388130106472,0.018961794192220893,,,False,100,5.6935803839878645,oracle_projector__M4__trust_1,200,oracle_projector,0.38768689961529723,,,,,,2,,,,,,development,1332.59375,0.0,1.9090959104164224e-06,1.0,21.565060636286518,True,False,4.72053736204706,M4,20260805,31,success,4.72053736204706,1.0
True,-9.372782558480486,4.969442028638388,False,sim31_paired_query_upper_bound,10.0,-2.2342380613621375,0.7760574663815448,0.016320740825538665,-13.926199835988198,6.217543210650939,0.016320740632405326,,,False,500,28.329075315967202,oracle_projector__M4__trust_1,1000,oracle_projector,0.38768689961529723,,,,,,2,,,,,,development,1332.59375,0.0,1.9090959104164224e-06,1.0,17.788853868767635,True,False,3.871343774667474,M4,-1,31,success,3.871343774667474,1.0
False,0.6254636371641811,0.9636944507677665,False,population_projector_Pi0,10.0,0.7311625761283724,0.8430506281609857,0.37440065899567176,-0.2943960588921125,1.2057313185228669,0.3744006590180708,,,False,1,0.06301496701780707,population_only__M5__trust_1,2,population_only,0.38768689961529723,,,,,,,,,,,,development,1314.7734375,0.025188247321354815,1.872808775362896,0.9993655521968784,0.5204935089679745,False,False,0.8058821741981886,M5,20260801,31,success,0.8058821741981886,1.0
False,0.6860483116493206,0.963806717509371,False,population_projector_Pi0,10.0,0.7312305819260898,0.8431353420350486,0.3732500998991554,-0.2917511786840189,1.205871781639857,0.3732500997899119,,,False,1,0.06950970701291226,population_only__M5__trust_1,2,population_only,0.38768689961529723,,,,,,,,,,,,development,1314.7734375,0.025188247321354815,1.872808775362896,0.9993655521968784,0.511457935522573,False,False,0.8056368179461545,M5,20260802,31,success,0.8056368179461545,1.0
False,0.7550008904966631,0.9604951760099558,False,population_projector_Pi0,10.0,0.7311379533453597,0.8425467115119287,0.3746227015953541,-0.27002583697679,1.2017285292892266,0.3746227017219704,,,False,1,0.06932698501623236,population_only__M5__trust_1,2,population_only,0.38768689961529723,,,,,,,,,,,,development,1314.7734375,0.025188247321354815,1.872808775362896,0.9993655521968784,0.5108260031316286,False,False,0.803624259070546,M5,20260803,31,success,0.803624259070546,1.0
False,0.6173226875631822,0.9662810023258086,False,population_projector_Pi0,10.0,0.7310580614675499,0.8421221935323028,0.37314097080038605,-0.31076835323589375,1.2089674959419863,0.3731409707439156,,,False,1,0.06930619198828936,population_only__M5__trust_1,2,population_only,0.38768689961529723,,,,,,,,,,,,development,1314.7734375,0.025188247321354815,1.872808775362896,0.9993655521968784,0.5205308073742816,False,False,0.8074026382548392,M5,20260804,31,success,0.8074026382548392,1.0
False,0.708703340681577,0.9675573818014499,False,population_projector_Pi0,10.0,0.729531964248991,0.8417496543848142,0.37590244749782936,-0.3291466177543883,1.2105644447537953,0.37590244754282987,,,False,1,0.06936108600348234,population_only__M5__trust_1,2,population_only,0.38768689961529723,,,,,,,,,,,,development,1314.7734375,0.025188247321354815,1.872808775362896,0.9993655521968784,0.5168326051727994,False,False,0.8091128106535542,M5,20260805,31,success,0.8091128106535542,1.0
True,0.690614703955523,0.9569213783524269,False,population_projector_Pi0,10.0,0.7948195626263515,0.8727504961276106,0.29044117328029956,-0.0035149181626758213,1.1972571537839372,0.2904411733131614,,,False,5,0.3405189370387234,population_only__M5__trust_1,10,population_only,0.38768689961529723,,,,,,,,,,,,development,1314.7734375,0.025188247321354815,1.872808775362896,0.9993655521968784,0.5146571955040408,False,False,0.7793409425273711,M5,-1,31,success,0.7793409425273711,1.0
False,0.6254636566697881,0.9636944479643412,False,sim31_paired_query_upper_bound,10.0,0.7311625753584534,0.8430506287535573,0.37440066030503955,-0.29439604097851496,1.2057313150153466,0.3744006603274384,,,False,1,0.07631475300877355,oracle_projector__M5__trust_1,2,oracle_projector,0.38768689961529723,,,,,,2,,,,,,development,1332.59375,0.0,1.9090959104164224e-06,1.0,0.5204935072927391,True,False,0.8058821725361541,M5,20260801,31,success,0.8058821725361541,1.0
False,0.686048341097537,0.9638067150269223,False,sim31_paired_query_upper_bound,10.0,0.7312305811561947,0.8431353425630148,0.37325010024467925,-0.29175116030916753,1.2058717785339284,0.3732501001354358,,,False,1,0.08504230997641571,oracle_projector__M5__trust_1,2,oracle_projector,0.38768689961529723,,,,,,2,,,,,,development,1332.59375,0.0,1.9090959104164224e-06,1.0,0.5114579342051688,True,False,0.8056368162418436,M5,20260802,31,success,0.8056368162418436,1.0
False,0.755000910600522,0.9604951741266741,False,sim31_paired_query_upper_bound,10.0,0.7311379527094324,0.8425467117748024,0.37462270200362346,-0.2700258234717433,1.2017285269329487,0.37462270213023974,,,False,1,0.08471261098748073,oracle_projector__M5__trust_1,2,oracle_projector,0.38768689961529723,,,,,,2,,,,,,development,1332.59375,0.0,1.9090959104164224e-06,1.0,0.5108260044349047,True,False,0.8036242578210501,M5,20260803,31,success,0.8036242578210501,1.0
False,0.6173227225074697,0.9662809992039509,False,sim31_paired_query_upper_bound,10.0,0.7310580609668571,0.8421221942111441,0.3731409713619242,-0.31076833055298686,1.2089674920360578,0.37314097130545376,,,False,1,0.08469098102068529,oracle_projector__M5__trust_1,2,oracle_projector,0.38768689961529723,,,,,,2,,,,,,development,1332.59375,0.0,1.9090959104164224e-06,1.0,0.52053080445007,True,False,0.8074026361463345,M5,20260804,31,success,0.8074026361463345,1.0
False,0.7087033692204926,0.9675573784200711,False,sim31_paired_query_upper_bound,10.0,0.7295319641959686,0.8417496548199936,0.375902447868981,-0.3291465925445194,1.2105644405231655,0.3759024479139815,,,False,1,0.08519051497569308,oracle_projector__M5__trust_1,2,oracle_projector,0.38768689961529723,,,,,,2,,,,,,development,1332.59375,0.0,1.9090959104164224e-06,1.0,0.516832604057455,True,False,0.8091128083051905,M5,20260805,31,success,0.8091128083051905,1.0
True,0.6906147386405298,0.9569213759777553,False,sim31_paired_query_upper_bound,10.0,0.7948195618832403,0.8727504965235306,0.2904411745634564,-0.003514901704455453,1.1972571508128544,0.290441174596318,,,False,5,0.41595116996904835,oracle_projector__M5__trust_1,10,oracle_projector,0.38768689961529723,,,,,,2,,,,,,development,1332.59375,0.0,1.9090959104164224e-06,1.0,0.5146571940572815,True,False,0.7793409410506583,M5,-1,31,success,0.7793409410506583,1.0
