artifact_reconstruction_relative_error,artifact_sample_fraction,clean_waveform_RRMSE,clean_waveform_correlation,clipping_fraction,condition_erp_observation_relative_preservation,dataset,delta_SNR_db,eog_coherence_output,eog_coherence_raw,eog_coherence_reduction,exact_cell,function_evaluations_per_window,latency_seconds_per_window,matching_projector_attenuation_db,method,nonartifact_observation_preservation,observation_change_ratio,output_input_RMS_ratio,peak_memory_mb,population_projector_attenuation_db,reference_free_covariance_distortion,reference_free_psd_distortion,rest_sample_fraction,seed_count,training_seed,unit_id
0.9999999998929755,,0.8946235246870499,0.757720065383109,0.0,,klados,9.296010700557468e-10,,,,19ch_native_linked_mastoid_256hz,0.0,0.0,,RAW,,2.5996206127298576e-08,0.9999999999838464,0.0,,,,,3,20260812.0,sim37
0.3236323564960228,,0.2895291195022344,0.9581366730656159,0.0,,klados,9.869088206011325,,,,19ch_native_linked_mastoid_256hz,1.0,0.08916515063593221,,POP,,0.6610941913186856,0.7353579666141856,43.34033203125,,,,,3,20260812.0,sim37
0.3224176529869846,,0.28844241716741265,0.9586986556685545,0.0011868271152100836,,klados,9.898600406054534,,,,19ch_native_linked_mastoid_256hz,2.0,0.10021780890934735,,ONE-STEP-MATCH,,0.6545360647513186,0.7358397302687204,43.34033203125,,,,,3,20260812.0,sim37
0.31990804061913186,,0.2861972589050457,0.9592452226003593,0.00044233449928772944,,klados,9.965291815904918,,,,19ch_native_linked_mastoid_256hz,401.0,0.965215142000075,,DIFF-POP,,0.6588394554684739,0.7346073155121594,43.34033203125,,,,,3,20260812.0,sim37
0.31979803658515005,,0.2860988467084246,0.9592566774153538,0.00044233449928772944,,klados,9.968959421230956,,,,19ch_native_linked_mastoid_256hz,401.0,0.9868174768485143,,DIFF-MATCH,,0.6589569456085878,0.7345884022914236,43.34033203125,,,,,3,20260812.0,sim37
0.3199457324258879,,0.2862309788820612,0.95925238593698,0.0004423345089890063,,klados,9.964247112908888,,,,19ch_native_linked_mastoid_256hz,401.0,0.986471613211589,,DIFF-SHUFFLED,,0.658833963396441,0.7346120013717088,43.34033203125,,,,,3,20260812.0,sim37
1.000000000017382,,1.235039329338653,0.6169158701411066,0.0,,klados,-1.5097848331233987e-10,,,,19ch_native_linked_mastoid_256hz,0.0,0.0,,RAW,,2.5195257349614627e-08,1.000000000089846,0.0,,,,,3,20260812.0,sim38
0.26541195304974624,,0.3277942004873229,0.946158531474099,0.0,,klados,11.525575131034095,,,,19ch_native_linked_mastoid_256hz,1.0,0.00832361618598009,,POP,,0.7793133659809879,0.6362694681969753,38.54345703125,,,,,3,20260812.0,sim38
0.2666556488758407,,0.3293302137462572,0.9457754043431411,0.0007462232024408877,,klados,11.484890933738733,,,,19ch_native_linked_mastoid_256hz,2.0,0.011959306703863184,,ONE-STEP-MATCH,,0.7715760780241592,0.6364442723161203,38.54345703125,,,,,3,20260812.0,sim38
0.2630441129253393,,0.32486982480814514,0.9471775513560506,0.0004911366947150478,,klados,11.603971249542022,,,,19ch_native_linked_mastoid_256hz,401.0,1.120623238260224,,DIFF-POP,,0.7733513699245022,0.6359276457297794,38.54345703125,,,,,3,20260812.0,sim38
0.26287502190511125,,0.324660990747929,0.9472354563315154,0.00048732942862746614,,klados,11.609717219943951,,,,19ch_native_linked_mastoid_256hz,401.0,1.113498376704498,,DIFF-MATCH,,0.7732590791487889,0.6358842392791925,38.54345703125,,,,,3,20260812.0,sim38
0.2631757253269972,,0.3250323713004184,0.947128617490276,0.0004911367044163247,,klados,11.599480616674901,,,,19ch_native_linked_mastoid_256hz,401.0,1.113861148334561,,DIFF-SHUFFLED,,0.7732737493585004,0.6359524582266122,38.54345703125,,,,,3,20260812.0,sim38
0.9999999998311213,,1.2139872989978597,0.644197444059803,0.0,,klados,1.4668626173131469e-09,,,,19ch_native_linked_mastoid_256hz,0.0,0.0,,RAW,,2.5258834349062858e-08,0.9999999998589217,0.0,,,,,3,20260812.0,sim39
0.22109263073324928,,0.2684036456575162,0.9648499081940889,0.0,,klados,13.12489018335721,,,,19ch_native_linked_mastoid_256hz,1.0,0.004484721296143511,,POP,,0.7061821644589749,0.6428114872107863,38.54345703125,,,,,3,20260812.0,sim39
0.22364183714477967,,0.2714983498641606,0.9641242550970576,0.001583820713373522,,klados,13.019341415315262,,,,19ch_native_linked_mastoid_256hz,2.0,0.008935137406633995,,ONE-STEP-MATCH,,0.6971218209504974,0.6439357900048112,38.54345703125,,,,,3,20260812.0,sim39
0.21854384413958758,,0.26530945110443227,0.9656318914392484,0.0004987512171889344,,klados,13.22522116250954,,,,19ch_native_linked_mastoid_256hz,401.0,1.118635547962859,,DIFF-POP,,0.7002274500911495,0.6427847238841576,38.54345703125,,,,,3,20260812.0,sim39
0.2185440193683534,,0.2653096638299285,0.9656320502931192,0.0004987512171889344,,klados,13.225164593207614,,,,19ch_native_linked_mastoid_256hz,401.0,1.1189320812959018,,DIFF-MATCH,,0.7003441867081248,0.6427754129088167,38.54345703125,,,,,3,20260812.0,sim39
0.21858791237981912,,0.26536294938837157,0.9656199663074734,0.0004987512171889344,,klados,13.223437715054445,,,,19ch_native_linked_mastoid_256hz,401.0,1.118400473222546,,DIFF-SHUFFLED,,0.7000856256506082,0.6428172469861341,38.54345703125,,,,,3,20260812.0,sim39
1.000000000083088,,1.0412809581555724,0.6978661874345761,0.0,,klados,-7.216930327537784e-10,,,,19ch_native_linked_mastoid_256hz,0.0,0.0,,RAW,,2.5374272585562344e-08,0.9999999999756323,0.0,,,,,3,20260812.0,sim40
0.24196155208678014,,0.25194995677279786,0.9689374713861549,0.0,,klados,12.344667162828907,,,,19ch_native_linked_mastoid_256hz,1.0,0.0075068304669306,,POP,,0.6742976812411287,0.7013407181776213,41.146484375,,,,,3,20260812.0,sim40
0.245653209582425,,0.2557940094267258,0.9681553559704476,0.000969709469548737,,klados,12.210573546893485,,,,19ch_native_linked_mastoid_256hz,2.0,0.010813409267090415,,ONE-STEP-MATCH,,0.6709857102145017,0.7027685909362753,41.146484375,,,,,3,20260812.0,sim40
0.24178993218264452,,0.25177125223459584,0.9690516499015365,0.00047971493525741,,klados,12.348604920352097,,,,19ch_native_linked_mastoid_256hz,401.0,1.019269865900181,,DIFF-POP,,0.6716011109859702,0.7016153844485391,41.146484375,,,,,3,20260812.0,sim40
0.24176916279536007,,0.2517496254671057,0.9690583760254389,0.0004762884054798633,,klados,12.349345338334352,,,,19ch_native_linked_mastoid_256hz,401.0,0.9602377451000695,,DIFF-MATCH,,0.6716597995792285,0.7016129445272873,41.146484375,,,,,3,20260812.0,sim40
0.24167199224762523,,0.2516484436260643,0.9690911783591502,0.0004762884054798633,,klados,12.352800482779557,,,,19ch_native_linked_mastoid_256hz,401.0,0.9671542316005798,,DIFF-SHUFFLED,,0.671568957677013,0.7015897342809948,41.146484375,,,,,3,20260812.0,sim40
1.0000000005672254,,0.8295341261576038,0.7650207808920012,0.0,,klados,-4.9268560697641685e-09,,,,19ch_native_linked_mastoid_256hz,0.0,0.0,,RAW,,2.5237222657892268e-08,1.0000000001819425,0.0,,,,,3,20260812.0,sim41
0.3993689611680908,,0.331290182029126,0.9477182956106858,0.0,,klados,7.983536674256478,,,,19ch_native_linked_mastoid_256hz,1.0,0.0041453654664413385,,POP,,0.5978861249813123,0.7899308916622992,41.146484375,,,,,3,20260812.0,sim41
0.40253169699873453,,0.33391377933117833,0.9471811749604541,0.0001781798346200958,,klados,7.913971086536665,,,,19ch_native_linked_mastoid_256hz,2.0,0.008132655932665026,,ONE-STEP-MATCH,,0.5907634348773897,0.7914976549705642,41.146484375,,,,,3,20260812.0,sim41
0.39770570718383197,,0.32991045608949837,0.948079528945418,0.0004694353265222162,,klados,8.020826307660132,,,,19ch_native_linked_mastoid_256hz,401.0,1.0151370093337997,,DIFF-POP,,0.5937164880303033,0.7902914433607218,41.146484375,,,,,3,20260812.0,sim41
0.3973470059822293,,0.329612901201844,0.9481841194935803,0.0005002741527277976,,klados,8.028157116358239,,,,19ch_native_linked_mastoid_256hz,401.0,1.0096770882999409,,DIFF-MATCH,,0.5929078329789795,0.7898920422642176,41.146484375,,,,,3,20260812.0,sim41
0.3972834622283538,,0.32956018948953,0.9481290667851091,0.0004728618757023166,,klados,8.030526254553351,,,,19ch_native_linked_mastoid_256hz,401.0,1.009685298433275,,DIFF-SHUFFLED,,0.5935887851533249,0.7902554257370648,41.146484375,,,,,3,20260812.0,sim41
1.0000000001936244,,0.6477383365603215,0.8426453381888922,0.0,,klados,-1.6817986739241686e-09,,,,19ch_native_linked_mastoid_256hz,0.0,0.0,,RAW,,2.5337121977440998e-08,1.0000000002679554,0.0,,,,,3,20260812.0,sim42
0.4542063417182987,,0.2942068601827941,0.9592009120307331,0.0,,klados,6.8781628428682735,,,,19ch_native_linked_mastoid_256hz,1.0,0.004047580399977354,,POP,,0.47515557712825474,0.8673433277454557,41.146484375,,,,,3,20260812.0,sim42
0.46742241304276666,,0.30276741623671,0.9570444141151769,0.00018503290872710446,,klados,6.63192047334627,,,,19ch_native_linked_mastoid_256hz,2.0,0.00800965326682975,,ONE-STEP-MATCH,,0.4736935157406475,0.8695196818292592,41.146484375,,,,,3,20260812.0,sim42
0.4553829228672108,,0.29496897689887114,0.9590876941847153,0.0005139802815392613,,klados,6.855598480940798,,,,19ch_native_linked_mastoid_256hz,401.0,1.007817420566668,,DIFF-POP,,0.472843747961246,0.8678482995380752,41.146484375,,,,,3,20260812.0,sim42
0.4554161091915647,,0.29499047295340053,0.9590910562655125,0.0005174068210180849,,klados,6.854937414081153,,,,19ch_native_linked_mastoid_256hz,401.0,1.0131544963995112,,DIFF-MATCH,,0.4728206528101881,0.8678617161647041,41.146484375,,,,,3,20260812.0,sim42
0.45603623247545144,,0.2953921505776899,0.958965682522693,0.0005037006922066212,,klados,6.8425618170392495,,,,19ch_native_linked_mastoid_256hz,401.0,1.009901765199902,,DIFF-SHUFFLED,,0.47270300973574075,0.8678958134384142,41.146484375,,,,,3,20260812.0,sim42
1.0000000003101117,,0.9458006361147381,0.7460065786005922,0.0,,klados,-2.69359805351062e-09,,,,19ch_native_linked_mastoid_256hz,0.0,0.0,,RAW,,2.56631132441275e-08,1.000000000190601,0.0,,,,,3,20260812.0,sim43
0.2907283538805333,,0.2749710619515273,0.9630282720550757,0.0,,klados,10.75564051572214,,,,19ch_native_linked_mastoid_256hz,1.0,0.004462205999987891,,POP,,0.6726782706774377,0.7175587745886692,38.54345703125,,,,,3,20260812.0,sim43
0.2895662080187253,,0.27387190365651204,0.9633819353357409,0.0024518762171889343,,klados,10.784683399891515,,,,19ch_native_linked_mastoid_256hz,2.0,0.00888142785266542,,ONE-STEP-MATCH,,0.6679849994287048,0.7175202652964731,38.54345703125,,,,,3,20260812.0,sim43
0.28565464178983424,,0.27017234183016925,0.9643121112363019,0.0004911366947150478,,klados,10.906360926133646,,,,19ch_native_linked_mastoid_256hz,401.0,1.1181503919624782,,DIFF-POP,,0.666835705405809,0.718058677460704,38.54345703125,,,,,3,20260812.0,sim43
0.2859377413734208,,0.27044009759632626,0.9642828629743206,0.0004987512268902113,,klados,10.896959353098902,,,,19ch_native_linked_mastoid_256hz,401.0,1.113109491444279,,DIFF-MATCH,,0.6667994105198076,0.7181213023773064,38.54345703125,,,,,3,20260812.0,sim43
0.28566992399082164,,0.2701867957455799,0.9643125161542666,0.00047971491585485637,,klados,10.905369008386094,,,,19ch_native_linked_mastoid_256hz,401.0,1.1135414635921028,,DIFF-SHUFFLED,,0.6667622896259081,0.718119927033427,38.54345703125,,,,,3,20260812.0,sim43
1.0000000000364417,,0.860775073130721,0.767235276708578,0.0,,klados,-3.1652988330551927e-10,,,,19ch_native_linked_mastoid_256hz,0.0,0.0,,RAW,,2.551351328021194e-08,0.9999999996905341,0.0,,,,,3,20260812.0,sim46
0.32958303689440255,,0.2836968626750861,0.9566953981992627,0.0,,klados,10.077014246176645,,,,19ch_native_linked_mastoid_256hz,1.0,0.003997378599888179,,POP,,0.7071963869623813,0.7574385205013563,41.146484375,,,,,3,20260812.0,sim46
0.33491355497891434,,0.28828523976893905,0.9545899082191598,0.0020045230630785227,,klados,10.045897997825199,,,,19ch_native_linked_mastoid_256hz,2.0,0.007940872800342428,,ONE-STEP-MATCH,,0.7062158043131291,0.759871688957995,41.146484375,,,,,3,20260812.0,sim46
0.3310150093427421,,0.28492946886398174,0.9557121702283847,0.00039405154529958963,,klados,10.111911551809508,,,,19ch_native_linked_mastoid_256hz,401.0,0.9661804665995685,,DIFF-POP,,0.7060838730102663,0.7574053325960689,41.146484375,,,,,3,20260812.0,sim46
0.3309116511880011,,0.28484050074077916,0.9556931655814562,0.00040090463395851356,,klados,10.118271314438564,,,,19ch_native_linked_mastoid_256hz,401.0,0.9056796072996803,,DIFF-MATCH,,0.7062310287304493,0.7573865245712103,41.146484375,,,,,3,20260812.0,sim46
0.3307052590440767,,0.2846628435280056,0.9557559829884904,0.00039062501552204293,,klados,10.122280168581705,,,,19ch_native_linked_mastoid_256hz,401.0,0.9091439932667224,,DIFF-SHUFFLED,,0.7059522885910531,0.7573309682086732,41.146484375,,,,,3,20260812.0,sim46
1.000000000197845,,2.1983744320074496,0.4294214469185271,0.0,,klados,-1.71846143988941e-09,,,,19ch_native_linked_mastoid_256hz,0.0,0.0,,RAW,,2.5545218118769055e-08,1.000000000159857,0.0,,,,,3,20260812.0,sim47
0.3925749848859465,,0.8630268092482303,0.7397721418287485,0.0,,klados,8.440446584181743,,,,19ch_native_linked_mastoid_256hz,1.0,0.0037467409662591913,,POP,,0.9053335302628202,0.5234419755734449,41.146484375,,,,,3,20260812.0,sim47
0.3938210895471997,,0.8657662138745928,0.7403108688626939,0.0022066886691997447,,klados,8.412230376121409,,,,19ch_native_linked_mastoid_256hz,2.0,0.007347856232566604,,ONE-STEP-MATCH,,0.8958190628722704,0.5257417836506874,41.146484375,,,,,3,20260812.0,sim47
0.3949658991556903,,0.8682829340469168,0.7382942274661869,0.0005174068210180849,,klados,8.405620921934103,,,,19ch_native_linked_mastoid_256hz,401.0,0.914984628666328,,DIFF-POP,,0.9016841335521734,0.5257058264738109,41.146484375,,,,,3,20260812.0,sim47
0.3949765340510303,,0.8683063135289147,0.7382552163391344,0.0005174068307193617,,klados,8.40523753593986,,,,19ch_native_linked_mastoid_256hz,401.0,0.9872235220662938,,DIFF-MATCH,,0.9016872246057636,0.5257120196985623,41.146484375,,,,,3,20260812.0,sim47
0.3948796561702245,,0.8680933396727665,0.7383843373098141,0.0005174068210180849,,klados,8.406910443424477,,,,19ch_native_linked_mastoid_256hz,401.0,0.9875361193665109,,DIFF-SHUFFLED,,0.9015328384128471,0.5256666887391441,41.146484375,,,,,3,20260812.0,sim47
0.9999999999652255,,1.781563346988951,0.49119618157259076,0.0,,klados,3.0204954204571653e-10,,,,19ch_native_linked_mastoid_256hz,0.0,0.0,,RAW,,2.546217294204013e-08,0.9999999998885919,0.0,,,,,3,20260812.0,sim48
0.23732622085352792,,0.42281169636675325,0.9185761452879694,0.0,,klados,12.502341911508843,,,,19ch_native_linked_mastoid_256hz,1.0,0.0039535397668563135,,POP,,0.8352190817278858,0.5223804165578129,41.146484375,,,,,3,20260812.0,sim48
0.2422510736842872,,0.4315856336596538,0.9160086124724184,0.0010690789689154674,,klados,12.322446719742267,,,,19ch_native_linked_mastoid_256hz,2.0,0.007895444433476466,,ONE-STEP-MATCH,,0.8241708055050245,0.5250295051743107,41.146484375,,,,,3,20260812.0,sim48
0.2395826320901947,,0.4268316359218726,0.9172100308718639,0.0004934210640688738,,klados,12.417119350169012,,,,19ch_native_linked_mastoid_256hz,401.0,1.006853268533208,,DIFF-POP,,0.8281024539702022,0.5228970498845834,41.146484375,,,,,3,20260812.0,sim48
0.23953726715857418,,0.42675081542245596,0.917227321264265,0.0004968475938464204,,klados,12.418743467023793,,,,19ch_native_linked_mastoid_256hz,401.0,0.9917113329002555,,DIFF-MATCH,,0.8281775343883995,0.5228779949835412,41.146484375,,,,,3,20260812.0,sim48
0.23991748803022847,,0.42742820299117906,0.9170076976533285,0.00047971493525741,,klados,12.405311454405185,,,,19ch_native_linked_mastoid_256hz,401.0,0.9911175465337388,,DIFF-SHUFFLED,,0.8277582720160742,0.5230454128326657,41.146484375,,,,,3,20260812.0,sim48
1.0000000006908916,,1.658985696400366,0.5287172283241289,0.0,,klados,-6.001007417688484e-09,,,,19ch_native_linked_mastoid_256hz,0.0,0.0,,RAW,,2.4944256405112652e-08,1.00000000057594,0.0,,,,,3,20260812.0,sim49
0.3759810612482046,,0.6237472022972596,0.8424271262108426,0.0,,klados,8.66534216816432,,,,19ch_native_linked_mastoid_256hz,1.0,0.0059937798889425015,,POP,,0.9017370476821736,0.5967312587043402,44.361328125,,,,,3,20260812.0,sim49
0.374887456139509,,0.6219329270656769,0.8431866031360714,0.003326594519118468,,klados,8.734280563796366,,,,19ch_native_linked_mastoid_256hz,2.0,0.00878605061087809,,ONE-STEP-MATCH,,0.8924427957603954,0.5972819414520371,44.361328125,,,,,3,20260812.0,sim49
0.3731398773739721,,0.6190337188923212,0.8442465103918702,0.0005739446302565435,,klados,8.75561025040219,,,,19ch_native_linked_mastoid_256hz,401.0,0.8293431175281715,,DIFF-POP,,0.8950088345293166,0.5957579088537921,44.361328125,,,,,3,20260812.0,sim49
0.3731102941402038,,0.6189846407306802,0.8442639996828644,0.0005682337408264478,,klados,8.756296007676076,,,,19ch_native_linked_mastoid_256hz,401.0,0.8299556047774482,,DIFF-MATCH,,0.8950677967282262,0.5957408491766909,44.361328125,,,,,3,20260812.0,sim49
0.3732342338682246,,0.6191902549665402,0.8441531761753729,0.0005768000652703146,,klados,8.753378319808611,,,,19ch_native_linked_mastoid_256hz,401.0,0.8308934699723776,,DIFF-SHUFFLED,,0.8948102818137348,0.595801467613173,44.361328125,,,,,3,20260812.0,sim49
1.000000001325606,,1.629389391434921,0.5256337037601879,0.0,,klados,-1.1514068519418168e-08,,,,19ch_native_linked_mastoid_256hz,0.0,0.0,,RAW,,2.583813680936648e-08,1.0000000010100103,0.0,,,,,3,20260812.0,sim50
0.25631101552988983,,0.4176304490587002,0.9171454494439973,0.0,,klados,11.882974245591562,,,,19ch_native_linked_mastoid_256hz,1.0,0.003971794600268671,,POP,,0.8861154779592096,0.5459895350373055,41.146484375,,,,,3,20260812.0,sim50
0.2599569926258489,,0.4235711654523957,0.9151225586151647,0.002878289553336799,,klados,11.774641054531601,,,,19ch_native_linked_mastoid_256hz,2.0,0.007928969966693936,,ONE-STEP-MATCH,,0.8845035474338486,0.5480435115205452,41.146484375,,,,,3,20260812.0,sim50
0.2562510857596422,,0.41753280012695715,0.9172234145345116,0.0004557291977107525,,klados,11.894797368315833,,,,19ch_native_linked_mastoid_256hz,401.0,0.9219318300335241,,DIFF-POP,,0.8808617119048932,0.5464314028838225,41.146484375,,,,,3,20260812.0,sim50
0.25643302732987144,,0.4178292537909567,0.9171260282865763,0.0004591557274882992,,klados,11.888335071915646,,,,19ch_native_linked_mastoid_256hz,401.0,0.8961384087999855,,DIFF-MATCH,,0.8810177041671988,0.5465096720280047,41.146484375,,,,,3,20260812.0,sim50
0.256333355225224,,0.4176668491212374,0.9171884718397676,0.0004488761187531054,,klados,11.891796912089106,,,,19ch_native_linked_mastoid_256hz,401.0,0.9478237439335012,,DIFF-SHUFFLED,,0.8807939620313195,0.5464484147999756,41.146484375,,,,,3,20260812.0,sim50
0.9999999996889936,,1.3105202230089374,0.5798828984268645,0.0,,klados,2.7013657095782486e-09,,,,19ch_native_linked_mastoid_256hz,0.0,0.0,,RAW,,2.563434489328737e-08,0.9999999997337365,0.0,,,,,3,20260812.0,sim51
0.2784774825274939,,0.36495037261840063,0.936672248194354,0.0,,klados,11.113986664089074,,,,19ch_native_linked_mastoid_256hz,1.0,0.003985584899783135,,POP,,0.8105064269490921,0.6264321148522374,41.146484375,,,,,3,20260812.0,sim51
0.2795942043539421,,0.36641385915589164,0.9364241355579721,0.001473410113248974,,klados,11.085365039680662,,,,19ch_native_linked_mastoid_256hz,2.0,0.007951656133324528,,ONE-STEP-MATCH,,0.8034208741521233,0.6271999914573579,41.146484375,,,,,3,20260812.0,sim51
0.28038118653404637,,0.3674452152183867,0.9358572158589725,0.00047628839577858645,,klados,11.062404318460636,,,,19ch_native_linked_mastoid_256hz,401.0,1.0039953973998006,,DIFF-POP,,0.8081666893712613,0.6272213851499023,41.146484375,,,,,3,20260812.0,sim51
0.28052104400015665,,0.36762850125612,0.9358509542552401,0.0004797149255561332,,klados,11.057972602579333,,,,19ch_native_linked_mastoid_256hz,401.0,0.9172627997996945,,DIFF-MATCH,,0.808110431807958,0.6272090950522317,41.146484375,,,,,3,20260812.0,sim51
0.2808437784384801,,0.36805145126433586,0.9356927331050139,0.0004797149255561332,,klados,11.047387502928771,,,,19ch_native_linked_mastoid_256hz,401.0,0.9054495310663091,,DIFF-SHUFFLED,,0.8081854158098825,0.6273162440278821,41.146484375,,,,,3,20260812.0,sim51
1.0000000003629528,,1.3536473185918452,0.5882411267866455,0.0,,klados,-3.152570193689309e-09,,,,19ch_native_linked_mastoid_256hz,0.0,0.0,,RAW,,2.5381270444527573e-08,1.000000000174038,0.0,,,,,3,20260812.0,sim52
0.28137543481822286,,0.38088310272105935,0.9283506752755804,0.0,,klados,11.040433814344127,,,,19ch_native_linked_mastoid_256hz,1.0,0.003661924566646728,,POP,,0.8272255439530857,0.603710261962767,41.146484375,,,,,3,20260812.0,sim52
0.28063000998657023,,0.3798740603968472,0.9286186292454484,0.002021655850209451,,klados,11.062912293824022,,,,19ch_native_linked_mastoid_256hz,2.0,0.007266567133774515,,ONE-STEP-MATCH,,0.823895713380795,0.6030991603985888,41.146484375,,,,,3,20260812.0,sim52
0.2780399725244023,,0.37636806313240373,0.9299434551145961,0.0003974780847784132,,klados,11.147295817698712,,,,19ch_native_linked_mastoid_256hz,401.0,0.9151278576668119,,DIFF-POP,,0.8224505915651704,0.6036356622654195,41.146484375,,,,,3,20260812.0,sim52
0.27795107093130356,,0.3762477217293307,0.9299633312287353,0.0004009046242572367,,klados,11.149994082812276,,,,19ch_native_linked_mastoid_256hz,401.0,0.912974447166683,,DIFF-MATCH,,0.8225167476824554,0.6036496416319062,41.146484375,,,,,3,20260812.0,sim52
0.27825175422404463,,0.3766547408621474,0.9298555265600532,0.0003974780847784132,,klados,11.140552443842365,,,,19ch_native_linked_mastoid_256hz,401.0,0.9093503056666425,,DIFF-SHUFFLED,,0.8223387320814526,0.6036832502414353,41.146484375,,,,,3,20260812.0,sim52
1.0000000009428074,,1.6182544899942597,0.5453031620161697,0.0,,klados,-8.189120927374472e-09,,,,19ch_native_linked_mastoid_256hz,0.0,0.0,,RAW,,2.557628993611176e-08,1.0000000007299779,0.0,,,,,3,20260812.0,sim53
0.36313088853183834,,0.587638190268223,0.851920419646702,0.0,,klados,8.806047094474023,,,,19ch_native_linked_mastoid_256hz,1.0,0.004083979852213007,,POP,,0.7392487696069255,0.5641249101393919,38.54345703125,,,,,3,20260812.0,sim53
0.37554499746139164,,0.6077273777638101,0.8440300739046748,0.005170260944093267,,klados,8.515378686066565,,,,19ch_native_linked_mastoid_256hz,2.0,0.008092954741355412,,ONE-STEP-MATCH,,0.7320398206864999,0.5706972291329411,38.54345703125,,,,,3,20260812.0,sim53
0.36535521243530683,,0.5912377124088186,0.850582522821146,0.0005101730057504028,,klados,8.755315624777344,,,,19ch_native_linked_mastoid_256hz,401.0,1.0120329600004307,,DIFF-POP,,0.7342336816754823,0.5658305934294174,38.54345703125,,,,,3,20260812.0,sim53
0.3651560016407121,,0.5909153386463144,0.8506132036101873,0.0005139802718379846,,klados,8.759843118993976,,,,19ch_native_linked_mastoid_256hz,401.0,1.009878155926277,,DIFF-MATCH,,0.7340148309635496,0.5658042303297125,38.54345703125,,,,,3,20260812.0,sim53
0.3656985602217036,,0.5917933365052609,0.8504002415794235,0.000502558492977793,,klados,8.747490407533999,,,,19ch_native_linked_mastoid_256hz,401.0,1.0007913414452492,,DIFF-SHUFFLED,,0.7340557568829501,0.5659871192103351,38.54345703125,,,,,3,20260812.0,sim53
0.9999999999147048,,1.4974052547541117,0.556593616781454,0.0,,klados,7.408638626657018e-10,,,,19ch_native_linked_mastoid_256hz,0.0,0.0,,RAW,,2.5543219903366177e-08,0.9999999999203385,0.0,,,,,3,20260812.0,sim54
0.2683496594152694,,0.4018281901541744,0.9273168448276952,0.0,,klados,11.429555814237817,,,,19ch_native_linked_mastoid_256hz,1.0,0.0036300554667832332,,POP,,0.7561969503481786,0.57085654886362,41.146484375,,,,,3,20260812.0,sim54
0.2715690834098093,,0.4066489725612912,0.926076131635456,0.0011478892993181944,,klados,11.325668095943529,,,,19ch_native_linked_mastoid_256hz,2.0,0.007247847567001978,,ONE-STEP-MATCH,,0.7481547437365323,0.5725890461647345,41.146484375,,,,,3,20260812.0,sim54
0.2675176894170285,,0.4005823939069046,0.9276638356670502,0.0006510416860692203,,klados,11.454769948915896,,,,19ch_native_linked_mastoid_256hz,401.0,0.909754777433409,,DIFF-POP,,0.7509031405484118,0.5712419022747159,41.146484375,,,,,3,20260812.0,sim54
0.26775936155123153,,0.4009442750306187,0.9276209459852027,0.0006544682158467671,,klados,11.44684107565019,,,,19ch_native_linked_mastoid_256hz,401.0,0.9074821404666484,,DIFF-MATCH,,0.7509581087482019,0.5712963019514764,41.146484375,,,,,3,20260812.0,sim54
0.2675779798801113,,0.40067267316314403,0.9276184527178511,0.0006373355475564798,,klados,11.45283734820328,,,,19ch_native_linked_mastoid_256hz,401.0,0.9006476687999868,,DIFF-SHUFFLED,,0.7508839514952411,0.5712698165576006,41.146484375,,,,,3,20260812.0,sim54
,0.35782407407407407,,,0.0,1.0,sgeyesub,,0.45402014081221426,0.45402014081221426,0.0,study01|layout_01|200,0.0,0.0,0.0,RAW,1.0,0.0,1.0,0.0,0.0,0.0,0.0,0.31090277777777775,3,20260812.0,study01/study01_p01
,0.35782407407407407,,,0.0,-0.03784146766050019,sgeyesub,,0.25893318900566653,0.45402014081221426,0.19508695180654775,study01|layout_01|200,1.0,0.004540364009351182,5.978596951072494,POP,0.7179135436132867,0.8409584832424707,0.6941351890563965,71.125,7.150434356173815,0.22435060100981466,0.4630543879414892,0.31090277777777775,3,20260812.0,study01/study01_p01
,0.35782407407407407,,,0.0026839166873417392,-0.02860485964617306,sgeyesub,,0.25723977258462755,0.45402014081221426,0.1967803682275867,study01|layout_01|200,2.0,0.00636354706489609,5.9874623911809906,ONE-STEP-MATCH,0.7209655136319743,0.8331129843402113,0.6971765557924906,71.125,7.175273280292022,0.21047682909719942,0.4649330056441309,0.31090277777777775,3,20260812.0,study01/study01_p01
,0.35782407407407407,,,0.41092438073385334,-0.04113703006994859,sgeyesub,,0.25366383622146066,0.45402014081221426,0.20035630459075357,study01|layout_01|200,401.0,0.5983664594198301,5.966725470988403,DIFF-POP,0.6538339035026243,0.8523026198510958,0.7080312569936117,71.125,7.138822844846654,0.22233093177144192,0.5972528102428933,0.31090277777777775,3,20260812.0,study01/study01_p01
,0.35782407407407407,,,0.41101572201365516,-0.041141771161351835,sgeyesub,,0.2536648188578451,0.45402014081221426,0.20035532195436914,study01|layout_01|200,401.0,0.59517607217914,5.966710825793302,DIFF-MATCH,0.6538219751020848,0.8523049708604021,0.708033819993337,71.125,7.1388277934678195,0.22233225475845245,0.5978970174181728,0.31090277777777775,3,20260812.0,study01/study01_p01
,0.35782407407407407,,,0.4111886506988889,-0.04115113882504259,sgeyesub,,0.25366631234779063,0.45402014081221426,0.20035382846442362,study01|layout_01|200,401.0,0.5920550503120287,5.966739068430546,DIFF-SHUFFLED,0.6538008259241043,0.8523092853500084,0.7080394426981608,71.125,7.138846172071137,0.222332805777387,0.5992229626144863,0.31090277777777775,3,20260812.0,study01/study01_p01
,0.373125,,,0.0,1.0,sgeyesub,,0.3801818562855696,0.3801818562855696,0.0,study01|layout_01|200,0.0,0.0,0.0,RAW,1.0,0.0,1.0,0.0,0.0,0.0,0.0,0.34979999999999994,3,20260812.0,study01/study01_p02
,0.373125,,,0.0,-0.2330204419616173,sgeyesub,,0.2741243221455694,0.3801818562855696,0.10605753414000009,study01|layout_01|200,1.0,0.004785303965957913,4.235369995867416,POP,0.6879245356398579,0.8353216694896242,0.840228001276652,71.125,3.073221801264102,0.31390679955973094,0.559966706499665,0.34979999999999994,3,20260812.0,study01/study01_p02
,0.373125,,,0.000922619071280635,-0.22548700412773445,sgeyesub,,0.27563817507011007,0.3801818562855696,0.10454368121545948,study01|layout_01|200,2.0,0.006646415689028799,4.27769122673431,ONE-STEP-MATCH,0.689065393729351,0.8309128180078376,0.8377605080604553,71.125,3.1224658581677964,0.3165191009742629,0.5566132817991428,0.34979999999999994,3,20260812.0,study01/study01_p02
,0.373125,,,0.2953203348886399,-0.24059573533988696,sgeyesub,,0.2656008827656304,0.3801818562855696,0.11458097351993912,study01|layout_01|200,401.0,0.6083125429595627,4.216434250346091,DIFF-POP,0.6122206693821707,0.8576920252022296,0.8625034689903259,71.125,3.0602340336654685,0.311760051278916,0.7759630142942281,0.34979999999999994,3,20260812.0,study01/study01_p02
,0.373125,,,0.29522026968853815,-0.24060570372752976,sgeyesub,,0.265603711683035,0.3801818562855696,0.11457814460253453,study01|layout_01|200,401.0,0.6133508441896023,4.216444580667924,DIFF-MATCH,0.6122133692034388,0.8576958481492408,0.8625081777572632,71.125,3.0602846878850207,0.3117566073325324,0.7751202983055897,0.34979999999999994,3,20260812.0,study01/study01_p02
,0.373125,,,0.29518011957407,-0.2405925703043874,sgeyesub,,0.26559942335225556,0.3801818562855696,0.11458243293331394,study01|layout_01|200,401.0,0.6093444955524077,4.216429212186288,DIFF-SHUFFLED,0.612230786202472,0.8576900049818339,0.8625019192695618,71.125,3.0602441278559955,0.31175859065097616,0.7745242715811024,0.34979999999999994,3,20260812.0,study01/study01_p02
,0.36786057692307694,,,0.0,1.0,sgeyesub,,0.4493397181165757,0.4493397181165757,0.0,study01|layout_01|200,0.0,0.0,0.0,RAW,1.0,0.0,1.0,0.0,0.0,0.0,0.0,0.31802884615384613,3,20260812.0,study01/study01_p03
,0.36786057692307694,,,0.0,-0.15091487779914425,sgeyesub,,0.27785018825605073,0.4493397181165757,0.17148952986052493,study01|layout_01|200,1.0,0.003918751166892411,3.29813239016096,POP,0.6996075934908227,0.9481555343958409,0.7612671653429667,71.125,5.285804075108563,0.1476114560728877,0.5042464242900766,0.31802884615384613,3,20260812.0,study01/study01_p03
,0.36786057692307694,,,0.0017051519243977964,-0.14088492088970303,sgeyesub,,0.2735146784023912,0.4493397181165757,0.1758250397141845,study01|layout_01|200,2.0,0.00568457554534409,3.346629152983482,ONE-STEP-MATCH,0.6990448261028966,0.9403860919706885,0.7601088484128317,71.125,5.342640018724268,0.1354241243248453,0.47693506987664397,0.31802884615384613,3,20260812.0,study01/study01_p03
,0.36786057692307694,,,0.4353114863236745,-0.15615880722614986,sgeyesub,,0.2700443872362411,0.4493397181165757,0.17929533088033459,study01|layout_01|200,401.0,0.61626555339745,3.2792692380042774,DIFF-POP,0.5928644489104457,0.9645461411752737,0.7814207077026367,71.125,5.265054506737073,0.14543119938271665,0.8100669288332659,0.31802884615384613,3,20260812.0,study01/study01_p03
,0.36786057692307694,,,0.43528172089940026,-0.15615524294208916,sgeyesub,,0.2700439928331022,0.4493397181165757,0.17929572528347348,study01|layout_01|200,401.0,0.6167851306766421,3.2792799194230304,DIFF-MATCH,0.592873742006048,0.9645449018276246,0.7814193964004517,71.125,5.265041059642834,0.14543148502827655,0.8093918578729232,0.31802884615384613,3,20260812.0,study01/study01_p03
,0.36786057692307694,,,0.43528313721929274,-0.1561554908922734,sgeyesub,,0.27004402295143465,0.4493397181165757,0.17929569516514107,study01|layout_01|200,401.0,0.616356341304662,3.2792785141902687,DIFF-SHUFFLED,0.5928760799644578,0.9645445919931621,0.7814184029897054,71.125,5.26506357180195,0.14543182685377057,0.8089677650714092,0.31802884615384613,3,20260812.0,study01/study01_p03
,0.35888586956521734,,,0.0,1.0,sgeyesub,,0.5894396808251108,0.5894396808251108,0.0,study01|layout_01|200,0.0,0.0,0.0,RAW,1.0,0.0,1.0,0.0,0.0,0.0,0.0,0.38464673913043484,3,20260812.0,study01/study01_p04
,0.35888586956521734,,,0.0,0.3008018528924013,sgeyesub,,0.25291207639183305,0.5894396808251108,0.3365276044332777,study01|layout_01|200,1.0,0.0015213043695004433,4.383921886411284,POP,0.8528779926807329,0.5507869771909301,0.82508917649587,71.125,5.2607094598289414,0.07162868960225079,0.18034010369775721,0.38464673913043484,3,20260812.0,study01/study01_p04
,0.35888586956521734,,,0.003894376688145308,0.2942802886691064,sgeyesub,,0.2515661078368372,0.5894396808251108,0.3378735729882736,study01|layout_01|200,2.0,0.0030258413548901867,4.330207727615673,ONE-STEP-MATCH,0.8449190358022091,0.5559947475587742,0.8277285297711691,71.125,5.217299810866193,0.07955245746928917,0.17761125942236455,0.38464673913043484,3,20260812.0,study01/study01_p04
,0.35888586956521734,,,0.3982052803039551,0.29280428742493947,sgeyesub,,0.2480509734490289,0.5894396808251108,0.3413887073760819,study01|layout_01|200,401.0,0.5882597348840056,4.366950378203759,DIFF-POP,0.7808107685493567,0.5680247160497125,0.8362816572189331,71.125,5.240802069169646,0.07270685918263765,0.21353184926050553,0.38464673913043484,3,20260812.0,study01/study01_p04
,0.35888586956521734,,,0.39807541833983523,0.2928131048476886,sgeyesub,,0.2480495290020872,0.5894396808251108,0.34139015182302357,study01|layout_01|200,401.0,0.5841428710253609,4.366956588086981,DIFF-MATCH,0.7808209329553675,0.5680219509084,0.8362797697385153,71.125,5.240817623394018,0.07270696481226215,0.21306149359839263,0.38464673913043484,3,20260812.0,study01/study01_p04
,0.35888586956521734,,,0.3983064062065549,0.29279455972896357,sgeyesub,,0.24805224201020015,0.5894396808251108,0.34138743881491057,study01|layout_01|200,401.0,0.5987817453150575,4.366953709244361,DIFF-SHUFFLED,0.7808006633534782,0.5680274535396118,0.836283266544342,71.125,5.240789877036178,0.07270613892845057,0.21415378996661028,0.38464673913043484,3,20260812.0,study01/study01_p04
,0.35055288461538464,,,0.0,1.0,sgeyesub,,0.41072325158242445,0.41072325158242445,0.0,study01|layout_01|200,0.0,0.0,0.0,RAW,1.0,0.0,1.0,0.0,0.0,0.0,0.0,0.33495192307692306,3,20260812.0,study01/study01_p05
,0.35055288461538464,,,0.0,-0.19064039746166883,sgeyesub,,0.28082104319275886,0.41072325158242445,0.12990220838966562,study01|layout_01|200,1.0,0.0014720801053231414,5.169601129971329,POP,0.778946387115559,0.9211856835648377,0.8164886236190796,71.125,3.8122614362068616,0.12978922270957524,0.3070246712656308,0.33495192307692306,3,20260812.0,study01/study01_p05
,0.35055288461538464,,,0.0005481578548261452,-0.181033550855759,sgeyesub,,0.2759218491655167,0.41072325158242445,0.1348014024169077,study01|layout_01|200,2.0,0.002905972169873377,5.254973071412377,ONE-STEP-MATCH,0.7776756763061515,0.9142220446142666,0.8133358558019003,71.125,3.902480325351038,0.1293841631269079,0.31130716186907126,0.33495192307692306,3,20260812.0,study01/study01_p05
,0.35055288461538464,,,0.4020392100016276,-0.19809362177808007,sgeyesub,,0.27422302871911697,0.41072325158242445,0.13650022286330746,study01|layout_01|200,401.0,0.5717966484392094,5.152813540026617,DIFF-POP,0.6814587269866696,0.9366494573633135,0.833773692448934,71.125,3.7987243350887745,0.12775685768981662,0.6848116050175505,0.33495192307692306,3,20260812.0,study01/study01_p05
,0.35055288461538464,,,0.4019623781953539,-0.19808668369859142,sgeyesub,,0.2742237785541232,0.41072325158242445,0.13649947302830123,study01|layout_01|200,401.0,0.5725621276464946,5.152773312410287,DIFF-MATCH,0.6814710992572318,0.9366467705553795,0.8337711095809937,71.125,3.7987162487309227,0.12775630149688108,0.6843732731765867,0.33495192307692306,3,20260812.0,study01/study01_p05
,0.35055288461538464,,,0.40204909443855286,-0.19809377326453181,sgeyesub,,0.27422342527267013,0.41072325158242445,0.1364998263097543,study01|layout_01|200,401.0,0.5713778700064256,5.152806817073855,DIFF-SHUFFLED,0.6814570681347507,0.9366496961906855,0.8337737123171488,71.125,3.7987246237699384,0.12775687328156884,0.6850734013619544,0.33495192307692306,3,20260812.0,study01/study01_p05
,0.42634375,,,0.0,1.0,sgeyesub,,0.6034912234909893,0.6034912234909893,0.0,study03|layout_03|200,0.0,0.0,0.0,RAW,1.0,0.0,1.0,0.0,0.0,0.0,0.0,0.24984375,3,20260812.0,study03/study03_p03
,0.42634375,,,0.0,0.004270508867732318,sgeyesub,,0.2226699095772596,0.6034912234909893,0.3808213139137297,study03|layout_03|200,1.0,0.001477522312476746,6.04460078853985,POP,0.5147327483936022,0.8220531264777563,0.7613356709480286,74.2568359375,5.5423371886497295,0.08760449122860224,2.6456610338781226,0.24984375,3,20260812.0,study03/study03_p03
,0.42634375,,,0.0022036132262049555,0.012708526285130564,sgeyesub,,0.215862942306567,0.6034912234909893,0.3876282811844223,study03|layout_03|200,2.0,0.002988257625050513,6.084634462098372,ONE-STEP-MATCH,0.5204626802310713,0.8171929836970214,0.7592057585716248,74.2568359375,5.586472831668908,0.07790709937960971,2.3254255179058982,0.24984375,3,20260812.0,study03/study03_p03
,0.42634375,,,0.49192626277605694,-0.0023645024420029617,sgeyesub,,0.21210296436867737,0.6034912234909893,0.3913882591223119,study03|layout_03|200,401.0,0.598404950562508,6.029481671534174,DIFF-POP,0.4448043556480907,0.8371154296961835,0.777321477731069,74.2568359375,5.529968844361133,0.08849350824330308,2.738648723659443,0.24984375,3,20260812.0,study03/study03_p03
,0.42634375,,,0.491990069548289,-0.0023726223374876954,sgeyesub,,0.21210600946415561,0.6034912234909893,0.3913852140268336,study03|layout_03|200,401.0,0.6016008027291415,6.02959199672078,DIFF-MATCH,0.44478818520014635,0.8371186967586698,0.7773250738779703,74.2568359375,5.5300557088668585,0.08849811487820534,2.739810903806859,0.24984375,3,20260812.0,study03/study03_p03
,0.42634375,,,0.4920387208461761,-0.0023734565733251798,sgeyesub,,0.2121037857348278,0.6034912234909893,0.39138743775616147,study03|layout_03|200,401.0,0.6013148166957762,6.029487475755498,DIFF-SHUFFLED,0.44478090334488535,0.8371188988450093,0.777325451374054,74.2568359375,5.529984616829693,0.08849457801156362,2.7387836996711137,0.24984375,3,20260812.0,study03/study03_p03
,0.42091346153846154,,,0.0,1.0,sgeyesub,,0.45380297019659205,0.45380297019659205,0.0,study03|layout_03|200,0.0,0.0,0.0,RAW,1.0,0.0,1.0,0.0,0.0,0.0,0.0,0.3459375,3,20260812.0,study03/study03_p19
,0.42091346153846154,,,0.0,0.14515654534916878,sgeyesub,,0.13858231384858924,0.45380297019659205,0.31522065634800284,study03|layout_03|200,1.0,0.0018350095576282071,6.615644211054069,POP,0.593164230564846,0.6255612687990012,0.8212032516797384,74.2568359375,6.3277930298087,0.10154119641525083,1.2290387305781731,0.3459375,3,20260812.0,study03/study03_p19
,0.42091346153846154,,,0.0025154621952900753,0.15478430055034087,sgeyesub,,0.13596117055790866,0.45380297019659205,0.3178417996386834,study03|layout_03|200,2.0,0.003613416628071811,6.631158409973115,ONE-STEP-MATCH,0.5985008245610923,0.6194621464385501,0.8182133634885153,74.2568359375,6.346659387163034,0.10573873935011287,1.1172087766099863,0.3459375,3,20260812.0,study03/study03_p19
,0.42091346153846154,,,0.4920825135140192,0.14067410543582115,sgeyesub,,0.13334976118680875,0.45380297019659205,0.3204532090097833,study03|layout_03|200,401.0,0.6782681418204355,6.603154184511084,DIFF-POP,0.5733997854011785,0.6358648370400403,0.828821063041687,74.2568359375,6.315274345162833,0.10123767122224074,1.297639144304654,0.3459375,3,20260812.0,study03/study03_p19
,0.42091346153846154,,,0.491325672183718,0.14069868609933212,sgeyesub,,0.1333457629262473,0.45380297019659205,0.32045720727034477,study03|layout_03|200,401.0,0.6774561431953678,6.603169556798261,DIFF-MATCH,0.5733737441001013,0.6358600103781699,0.8288195133209229,74.2568359375,6.315304347723553,0.10123614809964514,1.3023966844828552,0.3459375,3,20260812.0,study03/study03_p19
,0.42091346153846154,,,0.4921750483058747,0.14066646983792078,sgeyesub,,0.13335027541992758,0.45380297019659205,0.32045269477666444,study03|layout_03|200,401.0,0.6743914956602963,6.603161116703919,DIFF-SHUFFLED,0.5733909387046086,0.6358676737623677,0.8288234869639078,74.2568359375,6.3152825190788215,0.10123802799098623,1.2976869797940072,0.3459375,3,20260812.0,study03/study03_p19
,0.5232552083333334,,,0.0,1.0,sgeyesub,,0.510143870674487,0.510143870674487,0.0,study03|layout_03|200,0.0,0.0,0.0,RAW,1.0,0.0,1.0,0.0,0.0,0.0,0.0,0.23317708333333334,3,20260812.0,study03/study03_p20
,0.5232552083333334,,,0.0,0.23890112144188666,sgeyesub,,0.21753300385906751,0.510143870674487,0.2926108668154194,study03|layout_03|200,1.0,0.0013148718159957046,8.969895434809954,POP,0.5411134032389703,0.7282722516453674,0.5381168127059937,74.2568359375,8.603519352501797,0.15583666486702807,1.2124237609404835,0.23317708333333334,3,20260812.0,study03/study03_p20
,0.5232552083333334,,,0.0052602808249907354,0.22906454000335078,sgeyesub,,0.20872294884454048,0.510143870674487,0.30142092182994645,study03|layout_03|200,2.0,0.0026584263059703517,9.087167263704524,ONE-STEP-MATCH,0.5340217762891775,0.7392529518710105,0.5365058581034342,74.2568359375,8.69991515563556,0.1636657364524853,1.201527098707655,0.23317708333333334,3,20260812.0,study03/study03_p20
,0.5232552083333334,,,0.5179334663682513,0.2333392249803892,sgeyesub,,0.21241675410259261,0.510143870674487,0.2977271165718944,study03|layout_03|200,401.0,0.533624624305503,8.950505298824597,DIFF-POP,0.46954011937635665,0.737117390158402,0.5496093233426412,74.2568359375,8.58438198650993,0.15782266253615954,1.4288813416513753,0.23317708333333334,3,20260812.0,study03/study03_p20
,0.5232552083333334,,,0.5181613349252278,0.233331837442574,sgeyesub,,0.21241676907620544,0.510143870674487,0.2977271015982815,study03|layout_03|200,401.0,0.5331547235173275,8.950507343756614,DIFF-MATCH,0.46952816210736076,0.7371200833053506,0.5496127605438232,74.2568359375,8.58437424969558,0.1578248915634344,1.4301575267837103,0.23317708333333334,3,20260812.0,study03/study03_p20
,0.5232552083333334,,,0.5181518395741781,0.23332987021912507,sgeyesub,,0.2124172211730325,0.510143870674487,0.2977266495014545,study03|layout_03|200,401.0,0.5316815148332555,8.950534151798058,DIFF-SHUFFLED,0.4695237706922253,0.7371195362700457,0.5496124029159546,74.2568359375,8.584411641404165,0.15782221061941087,1.4293322971537032,0.23317708333333334,3,20260812.0,study03/study03_p20
,0.4019270833333333,,,0.0,1.0,sgeyesub,,0.4326081043358065,0.4326081043358065,0.0,study03|layout_03|200,0.0,0.0,0.0,RAW,1.0,0.0,1.0,0.0,0.0,0.0,0.0,0.291484375,3,20260812.0,study03/study03_p21
,0.4019270833333333,,,0.0,0.1841119881141482,sgeyesub,,0.134454168086275,0.4326081043358065,0.29815393624953146,study03|layout_03|200,1.0,0.0013512562567383512,5.7418307963185,POP,0.6472979517109991,0.6632626708999564,0.7125493288040161,74.2568359375,5.799765521036886,0.080251117140593,2.753973483728245,0.291484375,3,20260812.0,study03/study03_p21
,0.4019270833333333,,,0.0046557615698677385,0.1820772408624192,sgeyesub,,0.13331513218319094,0.4326081043358065,0.2992929721526156,study03|layout_03|200,2.0,0.002681605833458889,5.701141237084349,ONE-STEP-MATCH,0.6475184382227475,0.6650140679609361,0.7143889466921488,74.2568359375,5.757678388788264,0.0796570939924197,2.7332202635571843,0.291484375,3,20260812.0,study03/study03_p21
,0.4019270833333333,,,0.517997490035163,0.17919143396473,sgeyesub,,0.13096124234885673,0.4326081043358065,0.3016468619869498,study03|layout_03|200,401.0,0.5196461005551908,5.732506763494442,DIFF-POP,0.6002828090718989,0.6732907583282924,0.7217367887496948,74.2568359375,5.788850095816433,0.07992887047741627,2.958860538142623,0.291484375,3,20260812.0,study03/study03_p21
,0.4019270833333333,,,0.5181007021003299,0.1791894757897472,sgeyesub,,0.13096055221275968,0.4326081043358065,0.3016475521230468,study03|layout_03|200,401.0,0.5161743731839831,5.732491905983622,DIFF-MATCH,0.6002844184158983,0.6732916144371882,0.7217382589975992,74.2568359375,5.788836527861267,0.07992782688990785,2.960275123497693,0.291484375,3,20260812.0,study03/study03_p21
,0.4019270833333333,,,0.5181953873899248,0.17918307638589573,sgeyesub,,0.1309615858937989,0.4326081043358065,0.3016465184420076,study03|layout_03|200,401.0,0.5108448039717991,5.732516569821267,DIFF-SHUFFLED,0.6002727727602717,0.6732934336869842,0.7217392722765604,74.2568359375,5.788856316193076,0.0799294250804633,2.958166397890326,0.291484375,3,20260812.0,study03/study03_p21
,0.516875,,,0.0,1.0,sgeyesub,,0.5353027738127477,0.5353027738127477,0.0,study03|layout_03|200,0.0,0.0,0.0,RAW,1.0,0.0,1.0,0.0,0.0,0.0,0.0,0.21039473684210527,3,20260812.0,study03/study03_p22
,0.516875,,,0.0,0.04684729661528756,sgeyesub,,0.16345214335511357,0.5353027738127477,0.37185063045763406,study03|layout_03|200,1.0,0.0016523583030344494,7.803144546023511,POP,0.7414564432786276,0.8404655207468122,0.6516939997673035,74.2568359375,7.737749893529201,0.0466350444317162,1.6164422536374587,0.21039473684210527,3,20260812.0,study03/study03_p22
,0.516875,,,0.0025125868021859785,0.044283558665385435,sgeyesub,,0.16319555699813007,0.5353027738127477,0.37210721681461756,study03|layout_03|200,2.0,0.003138969452393531,7.743347521144436,ONE-STEP-MATCH,0.7348487184077189,0.8434513457965004,0.6542583306630453,74.2568359375,7.675337478986072,0.04863546911704291,1.7016453847966273,0.21039473684210527,3,20260812.0,study03/study03_p22
,0.516875,,,0.6061527132987976,0.041346586540586684,sgeyesub,,0.15504453208474214,0.5353027738127477,0.38025824172800543,study03|layout_03|200,401.0,0.5855332395267238,7.77760768294042,DIFF-POP,0.6536518197532417,0.8521397041082129,0.6663858691851298,74.2568359375,7.710851082921862,0.04980872762424848,1.8582078896831833,0.21039473684210527,3,20260812.0,study03/study03_p22
,0.516875,,,0.606202793121338,0.04134444853950096,sgeyesub,,0.15504624362949268,0.5353027738127477,0.38025653018325495,study03|layout_03|200,401.0,0.5858348514651114,7.777614778102205,DIFF-MATCH,0.6536499045662637,0.8521402156599027,0.6663872003555298,74.2568359375,7.710857447061048,0.04980706129091963,1.8576271811806997,0.21039473684210527,3,20260812.0,study03/study03_p22
,0.516875,,,0.6062196095784506,0.041343287910457126,sgeyesub,,0.1550462424892822,0.5353027738127477,0.38025653132346543,study03|layout_03|200,401.0,0.5849980816582453,7.777610071481807,DIFF-SHUFFLED,0.6536490998659911,0.8521403293369381,0.6663872003555298,74.2568359375,7.710852277771629,0.04980808679168211,1.8583688788373518,0.21039473684210527,3,20260812.0,study03/study03_p22
,0.34158088235294115,,,0.0,1.0,sgeyesub,,0.37861115844039367,0.37861115844039367,0.0,study03|layout_03|200,0.0,0.0,0.0,RAW,1.0,0.0,1.0,0.0,0.0,0.0,0.0,0.4115073529411764,3,20260812.0,study03/study03_p23
,0.34158088235294115,,,0.0,0.5329617358529498,sgeyesub,,0.11806537963661157,0.37861115844039367,0.2605457788037821,study03|layout_03|200,1.0,0.0018553490833665802,1.7083480658838297,POP,0.8267408120687909,0.36451936695054465,0.9206195672353109,74.2568359375,2.363012827337721,0.05515682317535348,0.34721076658272737,0.4115073529411764,3,20260812.0,study03/study03_p23
,0.34158088235294115,,,0.0018640949856489897,0.5306067579640902,sgeyesub,,0.11544849403628572,0.37861115844039367,0.2631626644041079,study03|layout_03|200,2.0,0.0035861175386469094,1.6704601590826014,ONE-STEP-MATCH,0.8235753838216239,0.3672736191452435,0.9232476949691772,74.2568359375,2.3106083697712507,0.046978350665654846,0.34395690382428984,0.4115073529411764,3,20260812.0,study03/study03_p23
,0.34158088235294115,,,0.605721668402354,0.5232415417234947,sgeyesub,,0.11622285209760641,0.37861115844039367,0.26238830634278726,study03|layout_03|200,401.0,0.6530992498333302,1.7036387144766312,DIFF-POP,0.7914137841667541,0.37882777643301563,0.926360289255778,74.2568359375,2.3554876660690423,0.05517753707510286,0.38378064553039687,0.4115073529411764,3,20260812.0,study03/study03_p23
,0.34158088235294115,,,0.6056223789850871,0.5232525804161202,sgeyesub,,0.11622195670457673,0.37861115844039367,0.2623892017358169,study03|layout_03|200,401.0,0.6529772184413541,1.7036477555394314,DIFF-MATCH,0.7914200060813658,0.37882515764305413,0.9263591170310974,74.2568359375,2.3554920413735814,0.05517768070778231,0.3832402963543189,0.4115073529411764,3,20260812.0,study03/study03_p23
,0.34158088235294115,,,0.6057981530825297,0.5232359312557138,sgeyesub,,0.11622246690617445,0.37861115844039367,0.26238869153421923,study03|layout_03|200,401.0,0.653775752470977,1.7036459134868587,DIFF-SHUFFLED,0.7914109125139218,0.3788292967858143,0.9263605872790018,74.2568359375,2.3554950298607094,0.055177959911208024,0.3837845915665982,0.4115073529411764,3,20260812.0,study03/study03_p23
,0.34177083333333336,,,0.0,1.0,sgeyesub,,0.4355253404683117,0.4355253404683117,0.0,study03|layout_03|200,0.0,0.0,0.0,RAW,1.0,0.0,1.0,0.0,0.0,0.0,0.0,0.3420486111111111,3,20260812.0,study03/study03_p24
,0.34177083333333336,,,0.0,0.3053965783860701,sgeyesub,,0.12522652613515442,0.4355253404683117,0.31029881433315726,study03|layout_03|200,1.0,0.001702942685234895,3.469348430418268,POP,0.6419734328315253,0.5198351132538082,0.8579420646031698,74.2568359375,3.3918079759629935,0.1319335169988947,0.5496255128004318,0.3420486111111111,3,20260812.0,study03/study03_p24
,0.34177083333333336,,,0.0009707030903276367,0.30285466969468683,sgeyesub,,0.11867166958323838,0.4355253404683117,0.31685367088507327,study03|layout_03|200,2.0,0.0033536921620435783,3.492812020987811,ONE-STEP-MATCH,0.6443445268190872,0.520799983405614,0.8567398190498352,74.2568359375,3.4156581042153937,0.13644345579820794,0.5546871598802618,0.3420486111111111,3,20260812.0,study03/study03_p24
,0.34177083333333336,,,0.5062659323215485,0.2907691971652941,sgeyesub,,0.11998385647384065,0.4355253404683117,0.3155414839944711,study03|layout_03|200,401.0,0.6390236774816542,3.4574885348720303,DIFF-POP,0.6066953352814471,0.5421877410462307,0.8716925779978434,74.2568359375,3.3802387256534305,0.1308769779377899,0.6252037176897635,0.3420486111111111,3,20260812.0,study03/study03_p24
,0.34177083333333336,,,0.5063896318276723,0.29075742051294273,sgeyesub,,0.11998426298748366,0.4355253404683117,0.31554107748082805,study03|layout_03|200,401.0,0.6386923289119969,3.4574920477516677,DIFF-MATCH,0.6066880489451956,0.5421920385320019,0.871695359547933,74.2568359375,3.380240905552769,0.1308777855659584,0.6255656532563227,0.3420486111111111,3,20260812.0,study03/study03_p24
,0.34177083333333336,,,0.5063976148764292,0.29075551119835913,sgeyesub,,0.11998371667352405,0.4355253404683117,0.3155416237947877,study03|layout_03|200,401.0,0.6451483016712531,3.45749279959627,DIFF-SHUFFLED,0.6066883835994702,0.542193155201533,0.871695895989736,74.2568359375,3.380242242935195,0.1308777944201244,0.6253103387427306,0.3420486111111111,3,20260812.0,study03/study03_p24
,0.36678571428571427,,,0.0,1.0,sgeyesub,,0.5074898273836228,0.5074898273836228,0.0,study03|layout_03|200,0.0,0.0,0.0,RAW,1.0,0.0,1.0,0.0,0.0,0.0,0.0,0.333125,3,20260812.0,study03/study03_p25
,0.36678571428571427,,,0.0,0.2988337621638775,sgeyesub,,0.15897058579963305,0.5074898273836228,0.3485192415839897,study03|layout_03|200,1.0,0.0018831837618823297,6.048959796937285,POP,0.734390821466854,0.6321469682702846,0.7797591884930929,74.2568359375,5.690285618326064,0.05930280282294806,0.6726082342681782,0.333125,3,20260812.0,study03/study03_p25
,0.36678571428571427,,,0.0023231336279220865,0.2899393755351833,sgeyesub,,0.1538225844100269,0.5074898273836228,0.3536672429735959,study03|layout_03|200,2.0,0.003622957297747711,6.08035507350986,ONE-STEP-MATCH,0.7323189243162384,0.6385194204944447,0.7795404593149821,74.2568359375,5.709127037066739,0.058571407600614446,0.6587027006858233,0.333125,3,20260812.0,study03/study03_p25
,0.36678571428571427,,,0.506529258357154,0.2831820799444093,sgeyesub,,0.15239803241071911,0.5074898273836228,0.3550917949729037,study03|layout_03|200,401.0,0.6954606204443922,6.0204842829186935,DIFF-POP,0.6268239905120309,0.6597924214095129,0.8025717337926229,74.2568359375,5.664191190645616,0.05933498964245006,0.861410708940341,0.333125,3,20260812.0,study03/study03_p25
,0.36678571428571427,,,0.5065976232290267,0.2831714104763234,sgeyesub,,0.1523976454487279,0.5074898273836228,0.35509218193489495,study03|layout_03|200,401.0,0.6852271570553836,6.020490345397846,DIFF-MATCH,0.6268179557946727,0.6597956912966492,0.8025746544202169,74.2568359375,5.664193093114748,0.0593357859168984,0.8618629091865762,0.333125,3,20260812.0,study03/study03_p25
,0.36678571428571427,,,0.5066765579912398,0.2831640581185077,sgeyesub,,0.15239772561383494,0.5074898273836228,0.35509210176978784,study03|layout_03|200,401.0,0.6807572086149271,6.020491321301836,DIFF-SHUFFLED,0.6268058301707818,0.6597998075075148,0.8025779922803243,74.2568359375,5.6641997474299,0.05933636629191122,0.8624913751200868,0.333125,3,20260812.0,study03/study03_p25
,0.38674479166666664,,,0.0,1.0,sgeyesub,,0.44592109918927836,0.44592109918927836,0.0,study03|layout_03|200,0.0,0.0,0.0,RAW,1.0,0.0,1.0,0.0,0.0,0.0,0.0,0.27479166666666666,3,20260812.0,study03/study03_p26
,0.38674479166666664,,,0.0,0.1829873369686836,sgeyesub,,0.15046704491299556,0.44592109918927836,0.29545405427628274,study03|layout_03|200,1.0,0.001313516889240418,4.451205657610738,POP,0.704673175569508,0.609741057543944,0.83419797817866,74.2568359375,4.241511839324112,0.12813870780674916,0.4908806264865855,0.27479166666666666,3,20260812.0,study03/study03_p26
,0.38674479166666664,,,0.0014562988087871217,0.1809348687381922,sgeyesub,,0.14785926413796469,0.44592109918927836,0.2980618350513136,study03|layout_03|200,2.0,0.002681076961986643,4.414628226818764,ONE-STEP-MATCH,0.7114928017696552,0.6100738205446555,0.8374649087587992,74.2568359375,4.2030558526868464,0.11659764549634177,0.46006333524772103,0.27479166666666666,3,20260812.0,study03/study03_p26
,0.38674479166666664,,,0.48017048007912105,0.1763597293755413,sgeyesub,,0.14499388394412827,0.44592109918927836,0.3009272152451501,study03|layout_03|200,401.0,0.5382545211878096,4.433988231398451,DIFF-POP,0.6552605182145064,0.6272792680162111,0.8471337159474691,74.2568359375,4.225441565046137,0.12752780459767307,0.5300493754399875,0.27479166666666666,3,20260812.0,study03/study03_p26
,0.38674479166666664,,,0.4801497277286318,0.17636196583373573,sgeyesub,,0.14499417484090718,0.44592109918927836,0.30092692434837115,study03|layout_03|200,401.0,0.5428766522469334,4.4339859269231985,DIFF-MATCH,0.6552622237960289,0.6272783258244087,0.8471331795056661,74.2568359375,4.225441813037168,0.12752735085124456,0.5298346111237083,0.27479166666666666,3,20260812.0,study03/study03_p26
,0.38674479166666664,,,0.4802080525292291,0.1763545746120514,sgeyesub,,0.1449939952840474,0.44592109918927836,0.3009271039052309,study03|layout_03|200,401.0,0.5469815406918821,4.433989094588817,DIFF-SHUFFLED,0.6552568341578666,0.6272815403618358,0.847135861714681,74.2568359375,4.225442246481876,0.12752742624655086,0.5303869350097216,0.27479166666666666,3,20260812.0,study03/study03_p26
,0.36585,,,0.0,1.0,sgeyesub,,0.433444981953165,0.433444981953165,0.0,study03|layout_03|200,0.0,0.0,0.0,RAW,1.0,0.0,1.0,0.0,0.0,0.0,0.0,0.2457,3,20260812.0,study03/study03_p27
,0.36585,,,0.0,0.2689085771059712,sgeyesub,,0.11445462256352851,0.433444981953165,0.31899035938963655,study03|layout_03|200,1.0,0.0015293676636065356,6.686094650674945,POP,0.7667788075362774,0.6559745909270581,0.7466372648874918,74.2568359375,6.3948802615689635,0.07463314907801662,0.38389958437291255,0.2457,3,20260812.0,study03/study03_p27
,0.36585,,,0.0017728096766707797,0.26275140708288897,sgeyesub,,0.11187796995629436,0.433444981953165,0.3215670119968707,study03|layout_03|200,2.0,0.003101504020596622,6.661398811153922,ONE-STEP-MATCH,0.7702123121330592,0.6606643652066998,0.7479903300603231,74.2568359375,6.3660173164533695,0.06854871695916977,0.3673288533856076,0.2457,3,20260812.0,study03/study03_p27
,0.36585,,,0.480252966994331,0.26179698947550584,sgeyesub,,0.11084819820092523,0.433444981953165,0.3225967837522398,study03|layout_03|200,401.0,0.6213055685196013,6.6704378142828,DIFF-POP,0.7261464743739876,0.665549434148688,0.755057692527771,74.2568359375,6.380538308608526,0.07407298719315349,0.4114619450328741,0.2457,3,20260812.0,study03/study03_p27
,0.36585,,,0.4802759885787964,0.2617953031787642,sgeyesub,,0.11084766256777039,0.433444981953165,0.32259731938539465,study03|layout_03|200,401.0,0.6242177871166982,6.670433879818447,DIFF-MATCH,0.7261452069669833,0.6655499511259205,0.7550579309463501,74.2568359375,6.380539666194029,0.0740736036894521,0.4114117413479172,0.2457,3,20260812.0,study03/study03_p27
,0.36585,,,0.4803172562803541,0.26179432828846044,sgeyesub,,0.11084817898144182,0.433444981953165,0.3225968029717232,study03|layout_03|200,401.0,0.620967592746844,6.670422097561956,DIFF-SHUFFLED,0.7261425079827695,0.6655501165590505,0.755058487256368,74.2568359375,6.380529066539313,0.07407231371811161,0.4116806455323457,0.2457,3,20260812.0,study03/study03_p27
,0.34067307692307686,,,0.0,1.0,sgeyesub,,0.4018679904915532,0.4018679904915532,0.0,study02|layout_02|200,0.0,0.0,0.0,RAW,1.0,0.0,1.0,0.0,0.0,0.0,0.0,0.3223076923076923,3,20260812.0,study02/study02_p02
,0.34067307692307686,,,0.0,0.22503824923911234,sgeyesub,,0.1162835436299635,0.4018679904915532,0.28558444686158974,study02|layout_02|200,1.0,0.0015106773333126253,4.996726689860768,POP,0.845935687348195,0.5670282585714137,0.8188549478848776,74.2568359375,4.88795743408535,0.05089599248611998,0.24773810037777855,0.3223076923076923,3,20260812.0,study02/study02_p02
,0.34067307692307686,,,0.002274693028517677,0.2184269951803038,sgeyesub,,0.11963631743403313,0.4018679904915532,0.2822316730575201,study02|layout_02|200,2.0,0.00307053747434484,5.0288570937041035,ONE-STEP-MATCH,0.8230705341156654,0.5726883723970414,0.8178458213806152,74.2568359375,4.921354524897382,0.060425307078581375,0.2783088926283315,0.3223076923076923,3,20260812.0,study02/study02_p02
,0.34067307692307686,,,0.3475555607250758,0.20373986512860084,sgeyesub,,0.10872038677484742,0.4018679904915532,0.2931476037167058,study02|layout_02|200,401.0,0.6147584617118786,4.969418412864351,DIFF-POP,0.6969867050813675,0.6097948634214817,0.8490134874979655,74.2568359375,4.859304563172336,0.049859270170910915,0.5393201492484146,0.3223076923076923,3,20260812.0,study02/study02_p02
,0.34067307692307686,,,0.34790956832113723,0.20368474655925586,sgeyesub,,0.10871961492461636,0.4018679904915532,0.2931483755669369,study02|layout_02|200,401.0,0.6143081740837937,4.969412504563082,DIFF-MATCH,0.6969161897175503,0.6098236744751936,0.8490351438522339,74.2568359375,4.859310352598709,0.049867246443805295,0.5422543139447255,0.3223076923076923,3,20260812.0,study02/study02_p02
,0.34067307692307686,,,0.34798269470532733,0.2036776952217846,sgeyesub,,0.10871981149764483,0.4018679904915532,0.2931481789939084,study02|layout_02|200,401.0,0.614496350326963,4.969411341030771,DIFF-SHUFFLED,0.6969069257717407,0.6098274900807529,0.8490378260612488,74.2568359375,4.859304650248718,0.04986727724348955,0.5426113300097316,0.3223076923076923,3,20260812.0,study02/study02_p02
,0.370546875,,,0.0,1.0,sgeyesub,,0.4291566757640519,0.4291566757640519,0.0,study02|layout_02|200,0.0,0.0,0.0,RAW,1.0,0.0,1.0,0.0,0.0,0.0,0.0,0.3218229166666667,3,20260812.0,study02/study02_p03
,0.370546875,,,0.0,-0.10432439811452432,sgeyesub,,0.2236615703844238,0.4291566757640519,0.20549510537962812,study02|layout_02|200,1.0,0.0013876633889695871,5.9090695915339735,POP,0.83885957538179,0.8548866784648465,0.8026706377665201,74.2568359375,4.463978529089784,0.05728308425032413,0.2814522652121081,0.3218229166666667,3,20260812.0,study02/study02_p03
,0.370546875,,,0.004464653781926447,-0.09765385711863657,sgeyesub,,0.2186045349898872,0.4291566757640519,0.21055214077416473,study02|layout_02|200,2.0,0.002831954954874365,5.982008020466242,ONE-STEP-MATCH,0.8185495662786441,0.8506407541998667,0.8004656036694845,74.2568359375,4.527898176209242,0.058753765132993185,0.28885295483423806,0.3218229166666667,3,20260812.0,study02/study02_p03
,0.370546875,,,0.3475272556145986,-0.11453705538156404,sgeyesub,,0.21421740451392232,0.4291566757640519,0.2149392712501296,study02|layout_02|200,401.0,0.567914019392851,5.877004009660566,DIFF-POP,0.6688966975193216,0.8810657604211545,0.8303947647412618,74.2568359375,4.440018566000487,0.05816400822118769,0.7063654447627301,0.3218229166666667,3,20260812.0,study02/study02_p03
,0.370546875,,,0.3477945857577854,-0.11455572085830952,sgeyesub,,0.21421564904815896,0.4291566757640519,0.21494102671589296,study02|layout_02|200,401.0,0.5679657087158477,5.877044038511209,DIFF-MATCH,0.6688412098636913,0.8810779892968408,0.830408533414205,74.2568359375,4.440041605958722,0.05816960218932393,0.709617739748165,0.3218229166666667,3,20260812.0,study02/study02_p03
,0.370546875,,,0.34767699241638184,-0.11454800859563814,sgeyesub,,0.21421614450393198,0.4291566757640519,0.21494053126011994,study02|layout_02|200,401.0,0.568140270291628,5.877062015329007,DIFF-SHUFFLED,0.6688649930212125,0.8810727392030543,0.830402672290802,74.2568359375,4.440054255319747,0.05816704822507193,0.7085864266953571,0.3218229166666667,3,20260812.0,study02/study02_p03
,0.34880208333333335,,,0.0,1.0,sgeyesub,,0.5005927267861254,0.5005927267861254,0.0,study02|layout_02|200,0.0,0.0,0.0,RAW,1.0,0.0,1.0,0.0,0.0,0.0,0.0,0.2746354166666667,3,20260812.0,study02/study02_p06
,0.34880208333333335,,,0.0,-0.02144270538875988,sgeyesub,,0.17310577989897968,0.5005927267861254,0.32748694688714575,study02|layout_02|200,1.0,0.0013893546394885762,8.642918949738268,POP,0.8242347257330271,0.8559310410118832,0.6638288299242655,74.2568359375,7.963029425731879,0.09242709949536417,0.27823273809757737,0.2746354166666667,3,20260812.0,study02/study02_p06
,0.34880208333333335,,,0.0014469400728861122,-0.024260438700079028,sgeyesub,,0.1710712945851636,0.5005927267861254,0.3295214322009618,study02|layout_02|200,2.0,0.0028293391604974102,8.591939169175534,ONE-STEP-MATCH,0.8088716653367318,0.8586334275242606,0.664733091990153,74.2568359375,7.9127945610872885,0.09435133690341589,0.2832687037674905,0.2746354166666667,3,20260812.0,study02/study02_p06
,0.34880208333333335,,,0.3475475956996282,-0.027170916487363955,sgeyesub,,0.1635866094457145,0.5005927267861254,0.33700611734041086,study02|layout_02|200,401.0,0.5673088662192135,8.606800051999047,DIFF-POP,0.6738344634296464,0.8737301206474078,0.6867358485857645,74.2568359375,7.931274384119052,0.0919523896688653,0.4904664840595556,0.2746354166666667,3,20260812.0,study02/study02_p06
,0.34880208333333335,,,0.34793618818124133,-0.02718698160406452,sgeyesub,,0.1635849878154294,0.5005927267861254,0.337007738970696,study02|layout_02|200,401.0,0.5669080489381284,8.606844284782317,DIFF-MATCH,0.6737551182348801,0.873743227363012,0.6867533326148987,74.2568359375,7.931312122714231,0.09195832006675954,0.4933349930596162,0.2746354166666667,3,20260812.0,study02/study02_p06
,0.34880208333333335,,,0.3477449466784795,-0.027178797488173718,sgeyesub,,0.16358685874557494,0.5005927267861254,0.33700586804055055,study02|layout_02|200,401.0,0.5666560494936573,8.606822669474056,DIFF-SHUFFLED,0.6737977333768012,0.8737364498463743,0.6867443919181824,74.2568359375,7.931296482447856,0.0919543955153254,0.49188714217417706,0.2746354166666667,3,20260812.0,study02/study02_p06
,0.22053977272727274,,,0.0,1.0,sgeyesub,,0.49037049782397607,0.49037049782397607,0.0,study02|layout_02|200,0.0,0.0,0.0,RAW,1.0,0.0,1.0,0.0,0.0,0.0,0.0,0.3283806818181818,3,20260812.0,study02/study02_p07
,0.22053977272727274,,,0.0,0.20661329079510612,sgeyesub,,0.10136157502459305,0.49037049782397607,0.3890089227993831,study02|layout_02|200,1.0,0.001542484677966885,7.262890886994085,POP,0.8499437996976064,0.5934603457187793,0.8012690345446268,74.2568359375,7.362150496109442,0.08206262686937373,0.24015895005559137,0.3283806818181818,3,20260812.0,study02/study02_p07
,0.22053977272727274,,,0.0007926432093275556,0.1977215647049059,sgeyesub,,0.09798928232488191,0.49037049782397607,0.39238121549909416,study02|layout_02|200,2.0,0.00307690953768818,7.2753921367249355,ONE-STEP-MATCH,0.8422334890506575,0.6005874484754905,0.8016821146011353,74.2568359375,7.366494571281479,0.08319059217595239,0.24311972082489122,0.3283806818181818,3,20260812.0,study02/study02_p07
,0.22053977272727274,,,0.2832975172334247,0.19867872214759186,sgeyesub,,0.09767969650008022,0.49037049782397607,0.3926908013238959,study02|layout_02|200,401.0,0.6130317712044361,7.244413054390044,DIFF-POP,0.7786780063400357,0.6096196841394287,0.8130176663398743,74.2568359375,7.342093597508014,0.08150282638484872,0.2937263482083941,0.3283806818181818,3,20260812.0,study02/study02_p07
,0.22053977272727274,,,0.2832752772503429,0.19867702258053396,sgeyesub,,0.09767883537095283,0.49037049782397607,0.3926916624530232,study02|layout_02|200,401.0,0.6086019679734652,7.244414761980523,DIFF-MATCH,0.7786745099636802,0.6096210500629934,0.8130180637041727,74.2568359375,7.342092641331642,0.08150341614605196,0.29357864173894793,0.3283806818181818,3,20260812.0,study02/study02_p07
,0.22053977272727274,,,0.2832949401603804,0.19867889425564836,sgeyesub,,0.0976796432984689,0.49037049782397607,0.3926908545255072,study02|layout_02|200,401.0,0.6148598818787528,7.244413526414307,DIFF-SHUFFLED,0.7786793879726277,0.6096195299222521,0.8130172491073608,74.2568359375,7.342093681530698,0.08150272523259695,0.2939390569176375,0.3283806818181818,3,20260812.0,study02/study02_p07
,0.28502403846153845,,,0.0,1.0,sgeyesub,,0.6621104144632941,0.6621104144632941,0.0,study02|layout_02|200,0.0,0.0,0.0,RAW,1.0,0.0,1.0,0.0,0.0,0.0,0.0,0.2731971153846154,3,20260812.0,study02/study02_p08
,0.28502403846153845,,,0.0,0.1069414444651811,sgeyesub,,0.17925254981775054,0.6621104144632941,0.48285786464554353,study02|layout_02|200,1.0,0.0015218245802642715,9.506524472200814,POP,0.8414477449070121,0.7362790076139114,0.6430005629857382,74.2568359375,9.9862499385284,0.07143959610157878,0.17919518117581776,0.2731971153846154,3,20260812.0,study02/study02_p08
,0.28502403846153845,,,0.002728213361219137,0.09781487360867043,sgeyesub,,0.1818928319272993,0.6621104144632941,0.48021758253599484,study02|layout_02|200,2.0,0.003092263317413222,9.524528347119066,ONE-STEP-MATCH,0.8338390030048629,0.744290674095283,0.6440149545669556,74.2568359375,9.999942412887266,0.06900754038335956,0.18381848890908334,0.2731971153846154,3,20260812.0,study02/study02_p08
,0.28502403846153845,,,0.2836354772249858,0.10331844515525494,sgeyesub,,0.17312302883697903,0.6621104144632941,0.488987385626315,study02|layout_02|200,401.0,0.6105327347116448,9.48361681981037,DIFF-POP,0.752599767737188,0.7473597168468871,0.6555745800336202,74.2568359375,9.959567935204019,0.0704292351883216,0.24575355460048556,0.2731971153846154,3,20260812.0,study02/study02_p08
,0.28502403846153845,,,0.28361816136609946,0.10331937161313169,sgeyesub,,0.17312395976406658,0.6621104144632941,0.4889864546992275,study02|layout_02|200,401.0,0.6193484746955409,9.483618447756285,DIFF-MATCH,0.7526034154476138,0.7473591911876382,0.6555741826693217,74.2568359375,9.959568937251966,0.0704293334612762,0.2458537583669853,0.2731971153846154,3,20260812.0,study02/study02_p08
,0.28502403846153845,,,0.28359607003983994,0.10331944023964101,sgeyesub,,0.1731238620186616,0.6621104144632941,0.48898655244463246,study02|layout_02|200,401.0,0.613345190798263,9.483618055898717,DIFF-SHUFFLED,0.7526039669229604,0.7473588344902905,0.6555742025375366,74.2568359375,9.959568286158712,0.07042793362896108,0.24600434020852413,0.2731971153846154,3,20260812.0,study02/study02_p08
,0.3408173076923077,,,0.0,1.0,sgeyesub,,0.4490737612843043,0.4490737612843043,0.0,study02|layout_02|200,0.0,0.0,0.0,RAW,1.0,0.0,1.0,0.0,0.0,0.0,0.0,0.31901442307692307,3,20260812.0,study02/study02_p09
,0.3408173076923077,,,0.0,0.1336006969529446,sgeyesub,,0.11074457272045202,0.4490737612843043,0.33832918856385236,study02|layout_02|200,1.0,0.0015399224359078708,4.422492427792135,POP,0.8204274972123278,0.6336260310177291,0.7783416509628296,74.2568359375,5.231827104182187,0.09590177558702595,0.26695677004473245,0.31901442307692307,3,20260812.0,study02/study02_p09
,0.3408173076923077,,,0.00113188240813889,0.12514882468781227,sgeyesub,,0.11047176059641395,0.4490737612843043,0.3386020006878903,study02|layout_02|200,2.0,0.0031311403108236105,4.400763796672468,ONE-STEP-MATCH,0.8127777524630767,0.6405813995529824,0.779443085193634,74.2568359375,5.217587844901106,0.0952714735721157,0.2700096239259693,0.31901442307692307,3,20260812.0,study02/study02_p09
,0.3408173076923077,,,0.2836189731245949,0.12728879050385522,sgeyesub,,0.10775490296477126,0.4490737612843043,0.341318858319533,study02|layout_02|200,401.0,0.6295905723174002,4.41024979503404,DIFF-POP,0.7583505150319567,0.6481540194084641,0.7902181148529053,74.2568359375,5.216868790564423,0.09457436922449773,0.3426316568227234,0.31901442307692307,3,20260812.0,study02/study02_p09
,0.3408173076923077,,,0.28360443952537717,0.12729029098289943,sgeyesub,,0.10775433465521837,0.4490737612843043,0.34131942662908593,study02|layout_02|200,401.0,0.6387344515674042,4.41024945656945,DIFF-MATCH,0.758353107606509,0.6481533432301966,0.7902177174886068,74.2568359375,5.21686839619498,0.09457430123940223,0.34253957572370913,0.31901442307692307,3,20260812.0,study02/study02_p09
,0.3408173076923077,,,0.2835885123127983,0.12728948637819457,sgeyesub,,0.1077551776182432,0.4490737612843043,0.3413185836660611,study02|layout_02|200,401.0,0.6389266775607748,4.4102456055919275,DIFF-SHUFFLED,0.7583535685086517,0.648153601768946,0.7902177572250366,74.2568359375,5.2168657905747216,0.0945740828797092,0.34283011909926947,0.31901442307692307,3,20260812.0,study02/study02_p09
,0.406025,,,0.0,1.0,sgeyesub,,0.4007805296256704,0.4007805296256704,0.0,study02|layout_02|200,0.0,0.0,0.0,RAW,1.0,0.0,1.0,0.0,0.0,0.0,0.0,0.290075,3,20260812.0,study02/study02_p10
,0.406025,,,0.0,0.38309004045578265,sgeyesub,,0.0915789171336504,0.4007805296256704,0.30920161249202005,study02|layout_02|200,1.0,0.0014387847799419734,4.770313566706707,POP,0.8329028732836242,0.5495253796275716,0.8205699324607849,74.2568359375,5.050845799556666,0.05251226814632909,0.22309048529722317,0.290075,3,20260812.0,study02/study02_p10
,0.406025,,,0.0021492512747673096,0.3846475918322534,sgeyesub,,0.09021978952978409,0.4007805296256704,0.31056074009588636,study02|layout_02|200,2.0,0.002929641706480955,4.757660903126617,ONE-STEP-MATCH,0.8351365469078161,0.5466693933397346,0.8206496834754944,74.2568359375,5.042627725757843,0.04362822040779757,0.2124668931068824,0.290075,3,20260812.0,study02/study02_p10
,0.406025,,,0.3059591211023785,0.36554408508646424,sgeyesub,,0.0881141328154421,0.4007805296256704,0.31266639681022834,study02|layout_02|200,401.0,0.5936124687558428,4.753399275699186,DIFF-POP,0.7634691911184407,0.5695207780236654,0.8340767025947571,74.2568359375,5.031932555093809,0.05201866223747157,0.33152708994305474,0.290075,3,20260812.0,study02/study02_p10
,0.406025,,,0.30604212340854464,0.3655310666090397,sgeyesub,,0.08811313981226171,0.4007805296256704,0.31266738981340875,study02|layout_02|200,401.0,0.5942459727356133,4.753403346817369,DIFF-MATCH,0.7634592672681476,0.5695248952704384,0.8340792854626974,74.2568359375,5.0319329324680995,0.05201916171180168,0.33161532573589103,0.290075,3,20260812.0,study02/study02_p10
,0.406025,,,0.305890529638245,0.3655547130027688,sgeyesub,,0.08811486326802737,0.4007805296256704,0.3126656663576431,study02|layout_02|200,401.0,0.5936437346534028,4.753388818914705,DIFF-SHUFFLED,0.7634786206983817,0.569517463112161,0.8340743581453959,74.2568359375,5.031925697687984,0.052017721990552136,0.3313744186959285,0.290075,3,20260812.0,study02/study02_p10
,0.30480769230769234,,,0.0,1.0,sgeyesub,,0.3552375850537943,0.3552375850537943,0.0,study02|layout_02|200,0.0,0.0,0.0,RAW,1.0,0.0,1.0,0.0,0.0,0.0,0.0,0.30002403846153847,3,20260812.0,study02/study02_p11
,0.30480769230769234,,,0.0,0.48558945570025047,sgeyesub,,0.08119521676175251,0.3552375850537943,0.2740423682920418,study02|layout_02|200,1.0,0.0014067745608208962,2.2312712410972857,POP,0.8319114912426825,0.3740425235415512,0.9290162126223246,74.2568359375,2.718122818391515,0.07370865524178945,0.1772301204321539,0.30002403846153847,3,20260812.0,study02/study02_p11
,0.30480769230769234,,,0.0014700752996889476,0.4993056227640828,sgeyesub,,0.07648709715961077,0.3552375850537943,0.2787504878941835,study02|layout_02|200,2.0,0.0028543733204013477,2.225154256318166,ONE-STEP-MATCH,0.8355104306074536,0.36763103257142316,0.927719513575236,74.2568359375,2.723349569745188,0.07763730151613106,0.1694362586420466,0.30002403846153847,3,20260812.0,study02/study02_p11
,0.30480769230769234,,,0.3060480540706998,0.46039011875313235,sgeyesub,,0.07756373902650959,0.3552375850537943,0.27767384602728473,study02|layout_02|200,401.0,0.570854346679437,2.215134476131412,DIFF-POP,0.7730988697729803,0.4073194886778213,0.9431540767351786,74.2568359375,2.69884559250078,0.07267125101088297,0.26320299980701506,0.30002403846153847,3,20260812.0,study02/study02_p11
,0.30480769230769234,,,0.306030612616312,0.4603895461855581,sgeyesub,,0.07756382625841832,0.3552375850537943,0.277673758795376,study02|layout_02|200,401.0,0.5700088535192592,2.2151301086300355,DIFF-MATCH,0.7730983440240756,0.40731999196529506,0.9431542158126831,74.2568359375,2.698847730658532,0.07267095883899506,0.2632021522867604,0.30002403846153847,3,20260812.0,study02/study02_p11
,0.30480769230769234,,,0.30597248389607384,0.46040245349458936,sgeyesub,,0.07756384368870022,0.3552375850537943,0.2776737413650941,study02|layout_02|200,401.0,0.5707038493361697,2.2151217744079807,DIFF-SHUFFLED,0.7731068476508556,0.40731419856726364,0.9431519110997518,74.2568359375,2.6988459135086096,0.0726706284116224,0.26316932342225346,0.30002403846153847,3,20260812.0,study02/study02_p11
,0.3402083333333333,,,0.0,1.0,sgeyesub,,0.40280984890835575,0.40280984890835575,0.0,study02|layout_02|200,0.0,0.0,0.0,RAW,1.0,0.0,1.0,0.0,0.0,0.0,0.0,0.2870138888888889,3,20260812.0,study02/study02_p12
,0.3402083333333333,,,0.0,0.12950817311583376,sgeyesub,,0.10152260569950793,0.40280984890835575,0.30128724320884787,study02|layout_02|200,1.0,0.001375824762407667,6.120625100510618,POP,0.8479689308165431,0.6739637697646916,0.7653976281483968,74.2568359375,5.763376373507156,0.03417987043716949,0.2547346845209018,0.2870138888888889,3,20260812.0,study02/study02_p12
,0.3402083333333333,,,0.0015265764253681046,0.1351946361814876,sgeyesub,,0.09845504645573205,0.40280984890835575,0.3043548024526237,study02|layout_02|200,2.0,0.002757359015465036,6.123040216168892,ONE-STEP-MATCH,0.8450103830432618,0.6705211052777941,0.7660287618637085,74.2568359375,5.765674180644574,0.030899411619941614,0.24637622255289493,0.2870138888888889,3,20260812.0,study02/study02_p12
,0.3402083333333333,,,0.3059933774528049,0.1213957638650821,sgeyesub,,0.09740688611051107,0.40280984890835575,0.3054029627978447,study02|layout_02|200,401.0,0.5477110102656297,6.0993534480666876,DIFF-POP,0.7333410313553159,0.6939166350656318,0.7830852071444193,74.2568359375,5.743401086067135,0.034684368849936184,0.4433192320807398,0.2870138888888889,3,20260812.0,study02/study02_p12
,0.3402083333333333,,,0.30607820408684866,0.1213906330652715,sgeyesub,,0.09740560146241588,0.40280984890835575,0.30540424744593986,study02|layout_02|200,401.0,0.5481546395934362,6.099354733324259,DIFF-MATCH,0.7333268591776472,0.6939201856174563,0.7830877105394999,74.2568359375,5.743401311558592,0.03468525546728977,0.44322615624046197,0.2870138888888889,3,20260812.0,study02/study02_p12
,0.3402083333333333,,,0.30590238457634333,0.12140091830913147,sgeyesub,,0.0974075764054478,0.40280984890835575,0.30540227250290797,study02|layout_02|200,401.0,0.5478342371702807,6.099347424201639,DIFF-SHUFFLED,0.7333557440854825,0.6939135339507473,0.7830820480982462,74.2568359375,5.74339998851143,0.03468282989958726,0.4431044565339543,0.2870138888888889,3,20260812.0,study02/study02_p12
,0.3015,,,0.0,1.0,sgeyesub,,0.5107877279290747,0.5107877279290747,0.0,study02|layout_02|200,0.0,0.0,0.0,RAW,1.0,0.0,1.0,0.0,0.0,0.0,0.0,0.308175,3,20260812.0,study02/study02_p13
,0.3015,,,0.0,0.04937766930601484,sgeyesub,,0.13920203010983448,0.5107877279290747,0.3715856978192402,study02|layout_02|200,1.0,0.0017006419399209942,8.675475185892653,POP,0.8208807778401396,0.760007164964868,0.7058906157811483,74.2568359375,8.330106662519974,0.07835215170288484,0.23327848000864226,0.308175,3,20260812.0,study02/study02_p13
,0.3015,,,0.007302943647941686,0.059228625860661056,sgeyesub,,0.13447402263656774,0.5107877279290747,0.3763137052925069,study02|layout_02|200,2.0,0.0034560478232742754,8.708562035017806,ONE-STEP-MATCH,0.8147797738568733,0.752312428779539,0.7047474980354309,74.2568359375,8.400175363429298,0.07889735460012148,0.23353022612560556,0.308175,3,20260812.0,study02/study02_p13
,0.3015,,,0.43198939022563754,0.0445307502838728,sgeyesub,,0.1347651446520691,0.5107877279290747,0.3760225832770056,study02|layout_02|200,401.0,0.6956858809966556,8.65346682829439,DIFF-POP,0.731229112238586,0.771631946926096,0.7181950807571411,74.2568359375,8.309920958042822,0.07690330693217468,0.394880082850335,0.308175,3,20260812.0,study02/study02_p13
,0.3015,,,0.4312674303849538,0.044557560110706364,sgeyesub,,0.13476552416848847,0.5107877279290747,0.3760222037605862,study02|layout_02|200,401.0,0.6797788567865307,8.653416967412545,DIFF-MATCH,0.7313126330043639,0.7716159630083497,0.7181784709294637,74.2568359375,8.309810597575577,0.07689988974617788,0.39180397535663164,0.308175,3,20260812.0,study02/study02_p13
,0.3015,,,0.43208611721084234,0.04452569773798306,sgeyesub,,0.13476478698579933,0.5107877279290747,0.3760229409432753,study02|layout_02|200,401.0,0.6912487785032134,8.653462991029283,DIFF-SHUFFLED,0.7312157669362817,0.7716346615860394,0.718197743097941,74.2568359375,8.30990462278284,0.07690382429700322,0.39505720109399967,0.308175,3,20260812.0,study02/study02_p13
,0.259921875,,,0.0,1.0,sgeyesub,,0.4339362324161493,0.4339362324161493,0.0,study02|layout_02|200,0.0,0.0,0.0,RAW,1.0,0.0,1.0,0.0,0.0,0.0,0.0,0.24445312500000002,3,20260812.0,study02/study02_p14
,0.259921875,,,0.0,0.13536864933829887,sgeyesub,,0.13902972907885752,0.4339362324161493,0.2949065033372918,study02|layout_02|200,1.0,0.001528567145770568,3.9791624696574046,POP,0.8382029801936132,0.6019032617969416,0.8314905762672424,74.2568359375,5.200755145211883,0.09646563920341596,0.1936160981488014,0.24445312500000002,3,20260812.0,study02/study02_p14
,0.259921875,,,0.005869004823681381,0.13801015441970918,sgeyesub,,0.13731962245179777,0.4339362324161493,0.2966166099643516,study02|layout_02|200,2.0,0.0031147603021458455,3.9872761359863063,ONE-STEP-MATCH,0.8324419515082097,0.6006817566250965,0.8317292928695679,74.2568359375,5.218676130023726,0.09478897701902407,0.19322014906206297,0.24445312500000002,3,20260812.0,study02/study02_p14
,0.259921875,,,0.4317232171694438,0.12823082529874308,sgeyesub,,0.13685956237004832,0.4339362324161493,0.297076670046101,study02|layout_02|200,401.0,0.6269674758367628,3.9741597381740648,DIFF-POP,0.7853908141529824,0.6141713658966452,0.8402669827143351,74.2568359375,5.1932018075549395,0.09562867393973824,0.28005623855240896,0.24445312500000002,3,20260812.0,study02/study02_p14
,0.259921875,,,0.4314032577806049,0.12825348512967896,sgeyesub,,0.13685991324920274,0.4339362324161493,0.29707631916694655,study02|layout_02|200,401.0,0.6282678453817931,3.974162041652272,DIFF-MATCH,0.7854183232551556,0.6141627100887505,0.8402610619862875,74.2568359375,5.193180278114753,0.09562842819760053,0.279471405365947,0.24445312500000002,3,20260812.0,study02/study02_p14
,0.259921875,,,0.43148979047934216,0.12824238226662518,sgeyesub,,0.1368591299864731,0.4339362324161493,0.2970771024296762,study02|layout_02|200,401.0,0.6316467063609504,3.9741478702594737,DIFF-SHUFFLED,0.7854054348746741,0.6141664893851552,0.8402639428774515,74.2568359375,5.193176648512223,0.09562637760970401,0.2795483166279462,0.24445312500000002,3,20260812.0,study02/study02_p14
,0.37137019230769236,,,0.0,1.0,sgeyesub,,0.4089393269057844,0.4089393269057844,0.0,study02|layout_02|200,0.0,0.0,0.0,RAW,1.0,0.0,1.0,0.0,0.0,0.0,0.0,0.3256490384615385,3,20260812.0,study02/study02_p15
,0.37137019230769236,,,0.0,0.1642328238552642,sgeyesub,,0.0852340616678759,0.4089393269057844,0.3237052652379085,study02|layout_02|200,1.0,0.0016549671217944706,5.845708968829251,POP,0.8524165242070595,0.6227368669444563,0.7837169369061788,74.2568359375,5.592776730044562,0.04387820200695122,0.21625558592291827,0.3256490384615385,3,20260812.0,study02/study02_p15
,0.37137019230769236,,,0.0016205124427090467,0.16475494638288993,sgeyesub,,0.08381114948471151,0.4089393269057844,0.32512817742107286,study02|layout_02|200,2.0,0.0033241374967474258,5.869164578004394,ONE-STEP-MATCH,0.8412002988072187,0.623006966996167,0.7828284502029419,74.2568359375,5.618158648551351,0.03946474402948611,0.21820082578938368,0.3256490384615385,3,20260812.0,study02/study02_p15
,0.37137019230769236,,,0.4317705900896163,0.1521725066680574,sgeyesub,,0.08028678375279007,0.4089393269057844,0.3286525431529943,study02|layout_02|200,401.0,0.6557093758044338,5.8146285838711185,DIFF-POP,0.7086855589371565,0.6524055548857447,0.8073881268501282,74.2568359375,5.56484347243259,0.0452151414131396,0.5363054525304722,0.3256490384615385,3,20260812.0,study02/study02_p15
,0.37137019230769236,,,0.43175024361837483,0.15217226893440794,sgeyesub,,0.08028631197375694,0.4089393269057844,0.3286530149320275,study02|layout_02|200,401.0,0.658963474605769,5.8146280413842435,DIFF-MATCH,0.708684359871271,0.6524056170491628,0.8073881069819132,74.2568359375,5.5648450593224,0.045215064964791794,0.5361366100788393,0.3256490384615385,3,20260812.0,study02/study02_p15
,0.37137019230769236,,,0.4315594675995054,0.15219354609603455,sgeyesub,,0.08028618405919086,0.4089393269057844,0.3286531428465935,study02|layout_02|200,401.0,0.6558615467467276,5.8146252203034905,DIFF-SHUFFLED,0.7087228798628381,0.6523939924899752,0.8073790272076925,74.2568359375,5.5648445204907695,0.04521136112922691,0.5345047376410991,0.3256490384615385,3,20260812.0,study02/study02_p15
,0.3652403846153846,,,0.0,1.0,sgeyesub,,0.43418990954003456,0.43418990954003456,0.0,study02|layout_02|200,0.0,0.0,0.0,RAW,1.0,0.0,1.0,0.0,0.0,0.0,0.0,0.2932932692307692,3,20260812.0,study02/study02_p16
,0.3652403846153846,,,0.0,0.31278778538345187,sgeyesub,,0.18836474283572366,0.43418990954003456,0.2458251667043109,study02|layout_02|200,1.0,0.0014619761731386788,3.8765185809259166,POP,0.869092134149381,0.5073462685098707,0.7959345579147339,74.2568359375,4.863876810118245,0.04667801894134585,0.22379549453310776,0.2932932692307692,3,20260812.0,study02/study02_p16
,0.3652403846153846,,,0.0012875511265736436,0.31992375110978594,sgeyesub,,0.19074897178495384,0.43418990954003456,0.24344093775508072,study02|layout_02|200,2.0,0.0029699585994911524,3.8382663802467234,ONE-STEP-MATCH,0.8591670398584519,0.5038869304001602,0.7988650600115458,74.2568359375,4.821024911591163,0.03904361951800683,0.2222446251996331,0.2932932692307692,3,20260812.0,study02/study02_p16
,0.3652403846153846,,,0.4231061580635253,0.2970822615243867,sgeyesub,,0.1803735834641743,0.43418990954003456,0.2538163260758603,study02|layout_02|200,401.0,0.596450950378102,3.8567916437944345,DIFF-POP,0.7050505805359838,0.5499195842211373,0.823588232199351,74.2568359375,4.83655822117733,0.04548180806618048,0.47469620567532855,0.2932932692307692,3,20260812.0,study02/study02_p16
,0.3652403846153846,,,0.4229865216073536,0.2970992374388733,sgeyesub,,0.1803736700091618,0.43418990954003456,0.2538162395308728,study02|layout_02|200,401.0,0.5937472976187191,3.856745548052283,DIFF-MATCH,0.7050676867232223,0.5499131828434621,0.8235835433006287,74.2568359375,4.836542927858925,0.045482071155261296,0.4738509802137603,0.2932932692307692,3,20260812.0,study02/study02_p16
,0.3652403846153846,,,0.4229731559753418,0.297097853428035,sgeyesub,,0.1803736186247744,0.43418990954003456,0.25381629091526015,study02|layout_02|200,401.0,0.5887018661540844,3.8569129449434025,DIFF-SHUFFLED,0.7050774909731609,0.5499093776032377,0.8235810200373331,74.2568359375,4.836591835500737,0.045474959619475834,0.47359510780531733,0.2932932692307692,3,20260812.0,study02/study02_p16
,0.32853365384615385,,,0.0,1.0,sgeyesub,,0.41896520841434476,0.41896520841434476,0.0,study02|layout_02|200,0.0,0.0,0.0,RAW,1.0,0.0,1.0,0.0,0.0,0.0,0.0,0.3444951923076924,3,20260812.0,study02/study02_p17
,0.32853365384615385,,,0.0,0.2230662482483521,sgeyesub,,0.13309209639226505,0.41896520841434476,0.2858731120220797,study02|layout_02|200,1.0,0.001444327759600128,6.037655400459127,POP,0.8689013546429636,0.5448561203310587,0.8121965924898783,74.2568359375,5.396878639215672,0.04192237818926111,0.21724500973540492,0.3444951923076924,3,20260812.0,study02/study02_p17
,0.32853365384615385,,,0.001434965563367725,0.23007131003075987,sgeyesub,,0.13453989190212265,0.41896520841434476,0.2844253165122221,study02|layout_02|200,2.0,0.002931657147294176,6.0322405180431184,ONE-STEP-MATCH,0.8582644141608231,0.5414178295048858,0.8135600288709005,74.2568359375,5.394393160802579,0.03703333001278861,0.21592816078732713,0.3444951923076924,3,20260812.0,study02/study02_p17
,0.32853365384615385,,,0.4231219660668146,0.20602413811574882,sgeyesub,,0.12474028610031802,0.41896520841434476,0.29422492231402675,study02|layout_02|200,401.0,0.5808498556665048,5.988136032688909,DIFF-POP,0.6869806315258646,0.5925971885805449,0.8448649446169535,74.2568359375,5.3564059012444245,0.041994750108074075,0.4883248328940162,0.3444951923076924,3,20260812.0,study02/study02_p17
,0.32853365384615385,,,0.4231842827229273,0.20601330405760376,sgeyesub,,0.12474029735415944,0.41896520841434476,0.2942249110601853,study02|layout_02|200,401.0,0.5779471830066587,5.988131595563435,DIFF-MATCH,0.6869689750489877,0.5926012982784236,0.8448677460352579,74.2568359375,5.356401364418793,0.0419949682392406,0.4888507102527633,0.3444951923076924,3,20260812.0,study02/study02_p17
,0.32853365384615385,,,0.42295641558510916,0.20604377846104713,sgeyesub,,0.12474136728467604,0.41896520841434476,0.2942238411296687,study02|layout_02|200,401.0,0.5807248493107554,5.988165053610882,DIFF-SHUFFLED,0.6870110401585823,0.5925842919695892,0.8448573350906372,74.2568359375,5.356396798973511,0.041986532392039734,0.48716352821294406,0.3444951923076924,3,20260812.0,study02/study02_p17
,0.26358796296296294,,,0.0,1.0,sgeyesub,,0.39063543069743306,0.39063543069743306,0.0,study02|layout_02|200,0.0,0.0,0.0,RAW,1.0,0.0,1.0,0.0,0.0,0.0,0.0,0.225,3,20260812.0,study02/study02_p18
,0.26358796296296294,,,0.0,0.2089737390714587,sgeyesub,,0.09131928186110844,0.39063543069743306,0.29931614883632457,study02|layout_02|200,1.0,0.0014019850061658087,6.783343133254722,POP,0.8478742459331806,0.6392424416531478,0.7536184191703796,74.2568359375,5.840465098353526,0.027151930196055874,0.23629912884399795,0.225,3,20260812.0,study02/study02_p18
,0.26358796296296294,,,0.0018925936102667559,0.21698756881083922,sgeyesub,,0.090728790513526,0.39063543069743306,0.299906640183907,study02|layout_02|200,2.0,0.0028485019013456668,6.750724973277651,ONE-STEP-MATCH,0.838397819020858,0.6329946066526956,0.7549693981806437,74.2568359375,5.817479054339485,0.02199187338761847,0.23802629072568804,0.225,3,20260812.0,study02/study02_p18
,0.26358796296296294,,,0.42303989472843356,0.19842098535257868,sgeyesub,,0.08784111750185593,0.39063543069743306,0.3027943131955771,study02|layout_02|200,401.0,0.5672661653364309,6.7617694267452775,DIFF-POP,0.7231976974900629,0.6612557389224488,0.7722569505373637,74.2568359375,5.82436014416252,0.027056977231768222,0.4408792276489007,0.225,3,20260812.0,study02/study02_p18
,0.26358796296296294,,,0.42305221869831994,0.198420057903022,sgeyesub,,0.08784113153306716,0.39063543069743306,0.30279429916436584,study02|layout_02|200,401.0,0.5624520177621933,6.7617614769677745,DIFF-MATCH,0.7231953829377895,0.6612559894812203,0.7722574472427368,74.2568359375,5.8243479786841545,0.027057044213635178,0.44095696605818047,0.225,3,20260812.0,study02/study02_p18
,0.26358796296296294,,,0.4229129425116948,0.19843145007478338,sgeyesub,,0.08784186482724017,0.39063543069743306,0.30279356587019285,study02|layout_02|200,401.0,0.5634894973359392,6.7618683808168525,DIFF-SHUFFLED,0.7232192026975577,0.6612500874211329,0.7722521821657816,74.2568359375,5.824378819897643,0.027054148363184132,0.4398768983674139,0.225,3,20260812.0,study02/study02_p18
,0.3636979166666667,,,0.0,1.0,sgeyesub,,0.4533414749098326,0.4533414749098326,0.0,study04|layout_04|100,0.0,0.0,0.0,RAW,1.0,0.0,1.0,0.0,0.0,0.0,0.0,0.358125,3,20260812.0,study04/study04_p03
,0.3636979166666667,,,0.0,0.19260875318173598,sgeyesub,,0.08958673236361255,0.4533414749098326,0.36375474254622003,study04|layout_04|100,1.0,0.0014867641873226806,5.811303201681831,POP,0.8625401430874692,0.684914369923355,0.7503870328267416,46.88525390625,6.065656629657885,0.05260442804655099,0.26258138985360135,0.358125,3,20260812.0,study04/study04_p03
,0.3636979166666667,,,0.0035251593641684544,0.18851676344644044,sgeyesub,,0.09663066430053864,0.4533414749098326,0.356710810609294,study04|layout_04|100,2.0,0.002878478579380802,5.721152797817744,ONE-STEP-MATCH,0.852491124859716,0.6919971614714475,0.7532551685969034,46.88525390625,5.969574446092391,0.047076751990128195,0.253009942847043,0.358125,3,20260812.0,study04/study04_p03
,0.3636979166666667,,,0.5076992263396581,0.18025242004300498,sgeyesub,,0.08187828990677466,0.4533414749098326,0.3714631850030579,study04|layout_04|100,401.0,0.5499914748334049,5.784963976079303,DIFF-POP,0.7052737392496725,0.7086596571230194,0.7717584768931071,46.88525390625,6.033980159773388,0.05308965521561987,0.8952948442804529,0.358125,3,20260812.0,study04/study04_p03
,0.3636979166666667,,,0.5078842275672488,0.1802346813801929,sgeyesub,,0.0818790305411699,0.4533414749098326,0.3714624443686627,study04|layout_04|100,401.0,0.5499707307178849,5.784978123632617,DIFF-MATCH,0.7052476093048284,0.7086652576553408,0.7717628677686056,46.88525390625,6.03398164536561,0.053091898017961714,0.89501880722721,0.358125,3,20260812.0,study04/study04_p03
,0.3636979166666667,,,0.5071445190244251,0.1803365286468256,sgeyesub,,0.08187618548264783,0.4533414749098326,0.3714652894271848,study04|layout_04|100,401.0,0.5499014542985302,5.784922865210871,DIFF-SHUFFLED,0.7054037186944342,0.7086307039596814,0.7717298666636149,46.88525390625,6.03392508158998,0.05308546089790909,0.8785181101021552,0.358125,3,20260812.0,study04/study04_p03
,0.2789473684210526,,,0.0,1.0,sgeyesub,,0.5722776596637753,0.5722776596637753,0.0,study04|layout_04|100,0.0,0.0,0.0,RAW,1.0,0.0,1.0,0.0,0.0,0.0,0.0,0.4098684210526316,3,20260812.0,study04/study04_p08
,0.2789473684210526,,,0.0,0.3545925423056551,sgeyesub,,0.23133057791486164,0.5722776596637753,0.3409470817489137,study04|layout_04|100,1.0,0.0016626018864611212,7.240888045893942,POP,0.9070980001169446,0.5291050421584093,0.7616192499796549,46.88525390625,7.020623193000077,0.06095941350232801,0.1668884003751466,0.4098684210526316,3,20260812.0,study04/study04_p08
,0.2789473684210526,,,0.0050190119043691086,0.3487551204199004,sgeyesub,,0.2221424437132987,0.5722776596637753,0.35013521595047664,study04|layout_04|100,2.0,0.0031716647462050325,7.318672626824266,ONE-STEP-MATCH,0.9053531195462344,0.5346846594488711,0.7608098983764648,46.88525390625,7.094137791984063,0.062353002298367426,0.1667585255035213,0.4098684210526316,3,20260812.0,study04/study04_p08
,0.2789473684210526,,,0.5078395982583364,0.3483099435335917,sgeyesub,,0.2232573834902433,0.5722776596637753,0.349020276173532,study04|layout_04|100,401.0,0.5762899037159642,7.231004475882169,DIFF-POP,0.8560945893100227,0.5372442384029412,0.7672291795412699,46.88525390625,7.013198309259206,0.06061353421029184,0.2667215337555797,0.4098684210526316,3,20260812.0,study04/study04_p08
,0.2789473684210526,,,0.5080507854620616,0.3482949247421505,sgeyesub,,0.22325852744491026,0.5722776596637753,0.3490191322188651,study04|layout_04|100,401.0,0.5765389216015918,7.231003330339448,DIFF-MATCH,0.8560718674103268,0.5372494631102775,0.7672329346338908,46.88525390625,7.0131967609480625,0.060613042836711616,0.26824641574526714,0.4098684210526316,3,20260812.0,study04/study04_p08
,0.2789473684210526,,,0.5075450837612153,0.3483257769923583,sgeyesub,,0.22325521027365103,0.5722776596637753,0.3490224493901242,study04|layout_04|100,401.0,0.5766920575135149,7.23101184408694,DIFF-SHUFFLED,0.8561184290705457,0.5372393393158005,0.767225424448649,46.88525390625,7.013207466242611,0.0606141590571261,0.2649811341541634,0.4098684210526316,3,20260812.0,study04/study04_p08
,0.33646739130434783,,,0.0,1.0,sgeyesub,,0.3352045278718982,0.3352045278718982,0.0,study04|layout_04|100,0.0,0.0,0.0,RAW,1.0,0.0,1.0,0.0,0.0,0.0,0.0,0.3039673913043478,3,20260812.0,study04/study04_p24
,0.33646739130434783,,,0.0,0.5302251250292875,sgeyesub,,0.08679159487230957,0.3352045278718982,0.24841293299958864,study04|layout_04|100,1.0,0.0014519441593501658,1.513190109010339,POP,0.8202120416588272,0.30291810836983346,0.9356164137522379,46.88525390625,1.6081366415360625,0.11145517210499918,0.30865742353477116,0.3039673913043478,3,20260812.0,study04/study04_p24
,0.33646739130434783,,,0.0005917956838301405,0.52936721724257,sgeyesub,,0.08447661424013701,0.3352045278718982,0.2507279136317611,study04|layout_04|100,2.0,0.0029505762931480804,1.5226223017598206,ONE-STEP-MATCH,0.8187518706875435,0.3063147128270156,0.9357723593711853,46.88525390625,1.6188817707428644,0.11160898360028394,0.30906096326103877,0.3039673913043478,3,20260812.0,study04/study04_p24
,0.33646739130434783,,,0.507792106933064,0.4978442647766425,sgeyesub,,0.08112551335028148,0.3352045278718982,0.2540790145216167,study04|layout_04|100,401.0,0.5720924060400833,1.5008072817068687,DIFF-POP,0.7560190133428936,0.3439948898800557,0.9495353897412618,46.88525390625,1.5945547707749768,0.11077701404065153,0.4178117494189219,0.3039673913043478,3,20260812.0,study04/study04_p24
,0.33646739130434783,,,0.5074823564953275,0.49793199328328236,sgeyesub,,0.08112412730320136,0.3352045278718982,0.2540804005686968,study04|layout_04|100,401.0,0.5725681861119444,1.5008048453158496,DIFF-MATCH,0.7560426719006177,0.3439766241273385,0.9495286146799723,46.88525390625,1.5945555398304367,0.11077665177891238,0.41638781677294584,0.3039673913043478,3,20260812.0,study04/study04_p24
,0.33646739130434783,,,0.5076034135288663,0.4978988728344739,sgeyesub,,0.08112434897522885,0.3352045278718982,0.2540801788966693,study04|layout_04|100,401.0,0.5728652893876774,1.5008004579430139,DIFF-SHUFFLED,0.7560334337461286,0.34398362678222494,0.9495311776796976,46.88525390625,1.5945517115091665,0.11077759974279845,0.4167039503713146,0.3039673913043478,3,20260812.0,study04/study04_p24
,0.3244375,,,0.0,1.0,sgeyesub,,0.39192079607759084,0.39192079607759084,0.0,study04|layout_04|100,0.0,0.0,0.0,RAW,1.0,0.0,1.0,0.0,0.0,0.0,0.0,0.38943749999999994,3,20260812.0,study04/study04_p28
,0.3244375,,,0.0,0.23900119544794932,sgeyesub,,0.09975034587411158,0.39192079607759084,0.29217045020347926,study04|layout_04|100,1.0,0.0016656333042192274,5.150415327697298,POP,0.8587053411039537,0.5505698582202143,0.8351649244626363,46.88525390625,5.056415752903755,0.057208191128004814,0.23227684350176517,0.38943749999999994,3,20260812.0,study04/study04_p28
,0.3244375,,,0.0029562841693405065,0.22893219155763891,sgeyesub,,0.09506080222015519,0.39192079607759084,0.2968599938574356,study04|layout_04|100,2.0,0.003184839487585123,5.1273046041785,ONE-STEP-MATCH,0.854282936289846,0.5608405984664601,0.8366597096125284,46.88525390625,5.029394560992226,0.052087631890392116,0.22809987604533574,0.38943749999999994,3,20260812.0,study04/study04_p28
,0.3244375,,,0.4834702889124552,0.2163760506996377,sgeyesub,,0.09301374885511227,0.39192079607759084,0.2989070472224786,study04|layout_04|100,401.0,0.5982127664707756,5.1236864343192,DIFF-POP,0.7435436786676274,0.5835401175314843,0.8569774627685547,46.88525390625,5.028655196747599,0.05517056031518524,0.859100702665749,0.38943749999999994,3,20260812.0,study04/study04_p28
,0.3244375,,,0.4832964440186818,0.21640670609569335,sgeyesub,,0.09301265240773166,0.39192079607759084,0.2989081436698592,study04|layout_04|100,401.0,0.5962594020459316,5.123695966117569,DIFF-MATCH,0.7435703100674328,0.5835310513042808,0.8569717407226562,46.88525390625,5.028652661503116,0.055168976072761715,0.8570289284017111,0.38943749999999994,3,20260812.0,study04/study04_p28
,0.3244375,,,0.48396994670232135,0.21628388764195491,sgeyesub,,0.09301744089524072,0.39192079607759084,0.2989033551823501,study04|layout_04|100,401.0,0.5944859599750999,5.123694933891632,DIFF-SHUFFLED,0.7434655516952757,0.5835689169915738,0.8569977283477783,46.88525390625,5.028673411276892,0.05517220573995552,0.8649451086953869,0.38943749999999994,3,20260812.0,study04/study04_p28
,0.37777173913043477,,,0.0,1.0,sgeyesub,,0.4029948560159991,0.4029948560159991,0.0,study04|layout_04|100,0.0,0.0,0.0,RAW,1.0,0.0,1.0,0.0,0.0,0.0,0.0,0.3473913043478261,3,20260812.0,study04/study04_p29
,0.37777173913043477,,,0.0,0.3080909624807605,sgeyesub,,0.09588803513184015,0.4029948560159991,0.3071068208841589,study04|layout_04|100,1.0,0.0018426206447327495,3.9276906060633596,POP,0.874655741363305,0.5547896093273901,0.8202399412790934,46.88525390625,4.161579551689337,0.04403656022805522,0.2620348558499887,0.3473913043478261,3,20260812.0,study04/study04_p29
,0.37777173913043477,,,0.0035364488826922346,0.30343605284200464,sgeyesub,,0.09369048115146117,0.4029948560159991,0.30930437486453793,study04|layout_04|100,2.0,0.0034878856194141467,3.895896465676769,ONE-STEP-MATCH,0.8740979832090612,0.5601116879370643,0.822534461816152,46.88525390625,4.129549232647552,0.034859570376133915,0.24675036477730092,0.3473913043478261,3,20260812.0,study04/study04_p29
,0.37777173913043477,,,0.48371166984240216,0.29327390430125994,sgeyesub,,0.09131574896783916,0.4029948560159991,0.31167910704815993,study04|layout_04|100,401.0,0.6198122616918135,3.9126905382571118,DIFF-POP,0.7674940484792336,0.5762301169126444,0.8347144524256388,46.88525390625,4.144377252990545,0.044050283955207443,0.9644779387766474,0.3473913043478261,3,20260812.0,study04/study04_p29
,0.37777173913043477,,,0.4835960252417458,0.29329040129564427,sgeyesub,,0.09131735857469697,0.4029948560159991,0.31167749744130213,study04|layout_04|100,401.0,0.6038628776229904,3.9126914261254804,DIFF-MATCH,0.7675139736227741,0.5762253260115239,0.8347105781237284,46.88525390625,4.144377617404657,0.044048565909871634,0.9644130585799836,0.3473913043478261,3,20260812.0,study04/study04_p29
,0.37777173913043477,,,0.48407673339049023,0.2932258266841989,sgeyesub,,0.09131744590597857,0.4029948560159991,0.31167741011002054,study04|layout_04|100,401.0,0.6056719755503855,3.9126909454845227,DIFF-SHUFFLED,0.7674432116488772,0.5762429801540093,0.8347242673238119,46.88525390625,4.1443784302713835,0.044052311626255024,0.9685644169522031,0.3473913043478261,3,20260812.0,study04/study04_p29
,0.3735,,,0.0,1.0,sgeyesub,,0.3722045480622221,0.3722045480622221,0.0,study04|layout_04|100,0.0,0.0,0.0,RAW,1.0,0.0,1.0,0.0,0.0,0.0,0.0,0.35955,3,20260812.0,study04/study04_p30
,0.3735,,,0.0,0.4170861275151096,sgeyesub,,0.12942166455421802,0.3722045480622221,0.24278288350800403,study04|layout_04|100,1.0,0.0019241317767591682,2.688875559100578,POP,0.8334664818146363,0.39686561974755996,0.8803627490997314,46.88525390625,2.67297649594695,0.14533882899072104,0.3030233983275322,0.35955,3,20260812.0,study04/study04_p30
,0.3735,,,0.000618657298868389,0.41275061151760345,sgeyesub,,0.12484326000698392,0.3722045480622221,0.24736128805523816,study04|layout_04|100,2.0,0.0036678460702144846,2.687480292044135,ONE-STEP-MATCH,0.8325876531207536,0.4014950772780264,0.8809733986854553,46.88525390625,2.6709634537165106,0.14192671479022145,0.2994921312784188,0.35955,3,20260812.0,study04/study04_p30
,0.3735,,,0.48407787226495286,0.3981904856084319,sgeyesub,,0.1240105725708498,0.3722045480622221,0.24819397549137226,study04|layout_04|100,401.0,0.6549117950301055,2.678417032919093,DIFF-POP,0.7517295412960966,0.4301644886829794,0.8957799474398295,46.88525390625,2.6600610055308036,0.14335041002717966,0.5937890080513452,0.35955,3,20260812.0,study04/study04_p30
,0.3735,,,0.4842210667473929,0.39816079680931526,sgeyesub,,0.1240125942397135,0.3722045480622221,0.24819195382250858,study04|layout_04|100,401.0,0.663597610520228,2.6784323574938873,DIFF-MATCH,0.751710842151628,0.4301734515327067,0.895783801873525,46.88525390625,2.6600740042469826,0.1433513076375251,0.596141190212424,0.35955,3,20260812.0,study04/study04_p30
,0.3735,,,0.48460334113665987,0.3980951799919585,sgeyesub,,0.124012412323044,0.3722045480622221,0.2481921357391781,study04|layout_04|100,401.0,0.668051143183499,2.678460203734172,DIFF-SHUFFLED,0.7516685928651237,0.43019402127283085,0.8957938154538473,46.88525390625,2.6601033180263607,0.14335278838193,0.5963719185683806,0.35955,3,20260812.0,study04/study04_p30
,0.4555681818181818,,,0.0,1.0,sgeyesub,,0.36546366302346406,0.36546366302346406,0.0,study04|layout_04|100,0.0,0.0,0.0,RAW,1.0,0.0,1.0,0.0,0.0,0.0,0.0,0.16198863636363636,3,20260812.0,study04/study04_p31
,0.4555681818181818,,,0.0,0.35009401722126104,sgeyesub,,0.05990565464384388,0.36546366302346406,0.30555800837962027,study04|layout_04|100,1.0,0.0016716453673959195,2.934923438923825,POP,0.7503709042840919,0.5095683422859849,0.8406868974367777,46.88525390625,2.7918899692881314,0.1215141011429857,0.3830088377402013,0.16198863636363636,3,20260812.0,study04/study04_p31
,0.4555681818181818,,,0.0018880919976961904,0.34046250536228967,sgeyesub,,0.052917339555273994,0.36546366302346406,0.31254632346819017,study04|layout_04|100,2.0,0.0031535462611359294,2.9484857786097485,ONE-STEP-MATCH,0.7444018644378873,0.5174310224609441,0.8400510946909586,46.88525390625,2.803740853769471,0.12505341680748602,0.3873043115069845,0.16198863636363636,3,20260812.0,study04/study04_p31
,0.4555681818181818,,,0.4816125912798776,0.33262264684659504,sgeyesub,,0.05746863932782076,0.36546366302346406,0.3079950236956433,study04|layout_04|100,401.0,0.5870003526594122,2.9228909234300886,DIFF-POP,0.7069569691664387,0.527681240029708,0.8518136541048685,46.88525390625,2.780926673470469,0.1206761528876386,0.4782156642350636,0.16198863636363636,3,20260812.0,study04/study04_p31
,0.4555681818181818,,,0.48151126835081315,0.33263933173290317,sgeyesub,,0.05746824767040204,0.36546366302346406,0.3079954153530621,study04|layout_04|100,401.0,0.6006391382502029,2.922892177668406,DIFF-MATCH,0.706965418532309,0.5276775899764297,0.8518113096555074,46.88525390625,2.780928884035705,0.12067575848938972,0.4779483111228902,0.16198863636363636,3,20260812.0,study04/study04_p31
,0.4555681818181818,,,0.4822669078906377,0.3325189131758879,sgeyesub,,0.057470933170232476,0.36546366302346406,0.3079927298532317,study04|layout_04|100,401.0,0.5968623683296976,2.9229013579545264,DIFF-SHUFFLED,0.7069042667285363,0.5277042335135512,0.8518287142117819,46.88525390625,2.7809370887099902,0.12067657654804188,0.4795531924650285,0.16198863636363636,3,20260812.0,study04/study04_p31
,0.3597395833333333,,,0.0,1.0,sgeyesub,,0.42716041867459204,0.42716041867459204,0.0,study04|layout_04|100,0.0,0.0,0.0,RAW,1.0,0.0,1.0,0.0,0.0,0.0,0.0,0.3246354166666667,3,20260812.0,study04/study04_p32
,0.3597395833333333,,,0.0,-0.035069347015846596,sgeyesub,,0.20316403965776983,0.42716041867459204,0.2239963790168222,study04|layout_04|100,1.0,0.0014318220309077233,7.782554031833635,POP,0.8139000513231132,0.8564986222258003,0.6811843911806742,46.88525390625,7.1514250898589395,0.07071442687438076,0.3338219976346721,0.3246354166666667,3,20260812.0,study04/study04_p32
,0.3597395833333333,,,0.007757855183929981,-0.04728760686781778,sgeyesub,,0.20310547362962453,0.42716041867459204,0.22405494504496748,study04|layout_04|100,2.0,0.0028399498430391958,7.784907765746514,ONE-STEP-MATCH,0.8081805610950252,0.8663998871688893,0.682508647441864,46.88525390625,7.137289275807988,0.06690304724799673,0.3718912169919568,0.3246354166666667,3,20260812.0,study04/study04_p32
,0.3597395833333333,,,0.48178193304273814,-0.04209174947729825,sgeyesub,,0.1962926393750716,0.42716041867459204,0.2308677792995204,study04|layout_04|100,401.0,0.5431721087597907,7.758020590691236,DIFF-POP,0.710497664210032,0.8695410556046603,0.6974061330159506,46.88525390625,7.1310879041077255,0.06879686341428827,0.9151668346852438,0.3246354166666667,3,20260812.0,study04/study04_p32
,0.3597395833333333,,,0.48029684523741406,-0.04199922150549377,sgeyesub,,0.19628297972388972,0.42716041867459204,0.2308774389507023,study04|layout_04|100,401.0,0.5461608412531153,7.7577684760028225,DIFF-MATCH,0.7107414954526123,0.8695066277406931,0.6973585287729899,46.88525390625,7.13112496983327,0.0687920669653963,0.8987368993593045,0.3246354166666667,3,20260812.0,study04/study04_p32
,0.3597395833333333,,,0.4823178533050749,-0.042127113571234,sgeyesub,,0.19629531036053294,0.42716041867459204,0.23086510831405907,study04|layout_04|100,401.0,0.5528699571067489,7.758023543934956,DIFF-SHUFFLED,0.7104087624750232,0.8695540917718628,0.6974241336186727,46.88525390625,7.131085027406788,0.06879931287291641,0.920797135073986,0.3246354166666667,3,20260812.0,study04/study04_p32
,0.288,,,0.0,1.0,sgeyesub,,0.5037992990372824,0.5037992990372824,0.0,study04|layout_04|100,0.0,0.0,0.0,RAW,1.0,0.0,1.0,0.0,0.0,0.0,0.0,0.29585,3,20260812.0,study04/study04_p33
,0.288,,,0.0,0.07653482818036672,sgeyesub,,0.14328637647410733,0.5037992990372824,0.36051292256317513,study04|layout_04|100,1.0,0.0016946906728844623,9.6983511577992,POP,0.8638524336796974,0.7524585807616657,0.6768709421157837,46.88525390625,9.156458972849117,0.026189423017988957,0.2658830003101112,0.29585,3,20260812.0,study04/study04_p33
,0.288,,,0.004405981629610151,0.06519830192377551,sgeyesub,,0.1457796778275284,0.5037992990372824,0.3580196212097541,study04|layout_04|100,2.0,0.0033155104256002237,9.759181077766975,ONE-STEP-MATCH,0.8604252670234219,0.7617178224887423,0.6772964199384054,46.88525390625,9.195496297282974,0.02351454113849107,0.28397987862933327,0.29585,3,20260812.0,study04/study04_p33
,0.288,,,0.4821094373861949,0.07154621712888572,sgeyesub,,0.13913001586359525,0.5037992990372824,0.36466928317368713,study04|layout_04|100,401.0,0.6324728725658012,9.680641316615032,DIFF-POP,0.7859206873187689,0.7618772677091528,0.6871273914972941,46.88525390625,9.142196547924305,0.026113460048801346,0.6231229088260181,0.29585,3,20260812.0,study04/study04_p33
,0.288,,,0.48141515680721825,0.07157909413801418,sgeyesub,,0.13912142646706205,0.5037992990372824,0.3646778725702204,study04|layout_04|100,401.0,0.633137826238817,9.68063023685132,DIFF-MATCH,0.786013008429431,0.7618631766890092,0.6871101458867391,46.88525390625,9.142194202311723,0.026108570816963952,0.6177596619077762,0.29585,3,20260812.0,study04/study04_p33
,0.288,,,0.48211602228028433,0.07154646557291063,sgeyesub,,0.13912976933918042,0.5037992990372824,0.364669529698102,study04|layout_04|100,401.0,0.6322710265032947,9.680624505895032,DIFF-SHUFFLED,0.7859186240644004,0.7618774033403913,0.687127927939097,46.88525390625,9.142191828707501,0.026114470279030372,0.6228853937090529,0.29585,3,20260812.0,study04/study04_p33
,0.2745,,,0.0,1.0,sgeyesub,,0.508211333364682,0.508211333364682,0.0,study04|layout_04|100,0.0,0.0,0.0,RAW,1.0,0.0,1.0,0.0,0.0,0.0,0.0,0.22365,3,20260812.0,study04/study04_p34
,0.2745,,,0.0,0.2261047465539859,sgeyesub,,0.15872365030321448,0.508211333364682,0.34948768306146755,study04|layout_04|100,1.0,0.0016394263569479031,8.193942413890609,POP,0.8933593374620056,0.7106547977430854,0.7367286284764608,46.88525390625,8.080071656735146,0.040595423313592754,0.2454396831744234,0.22365,3,20260812.0,study04/study04_p34
,0.2745,,,0.006833040661322662,0.22706108886701995,sgeyesub,,0.163780758992114,0.508211333364682,0.344430574372568,study04|layout_04|100,2.0,0.00323466414338327,8.14079282933946,ONE-STEP-MATCH,0.8873212823801792,0.7141061683439996,0.7378180821736654,46.88525390625,8.03295283666694,0.03581684573588059,0.23448039535775708,0.22365,3,20260812.0,study04/study04_p34
,0.2745,,,0.4107664937064761,0.21279365474560896,sgeyesub,,0.1531579810194678,0.508211333364682,0.3550533523452142,study04|layout_04|100,401.0,0.6323702393004108,8.185128794724115,DIFF-POP,0.8060559289055966,0.7218873667722979,0.7473677595456442,46.88525390625,8.071055509386673,0.04030574343871418,0.691500971032606,0.22365,3,20260812.0,study04/study04_p34
,0.2745,,,0.4110938764753796,0.21274674376083894,sgeyesub,,0.15315789447792424,0.508211333364682,0.3550534388867577,study04|layout_04|100,401.0,0.6327704148370927,8.185147572045615,DIFF-MATCH,0.8059993046272341,0.7218974375222847,0.7473779718081156,46.88525390625,8.071073540000938,0.04030955913233812,0.6935109374340621,0.22365,3,20260812.0,study04/study04_p34
,0.2745,,,0.4115459095864069,0.21268608332910713,sgeyesub,,0.1531583562495497,0.508211333364682,0.35505297711513234,study04|layout_04|100,401.0,0.6327650927969565,8.185175259109135,DIFF-SHUFFLED,0.8059293360450569,0.7219096994003312,0.7473904490470886,46.88525390625,8.071099750994764,0.04031343279855728,0.6973131480267019,0.22365,3,20260812.0,study04/study04_p34
,0.23671296296296296,,,0.0,1.0,sgeyesub,,0.5975100847662185,0.5975100847662185,0.0,study04|layout_04|100,0.0,0.0,0.0,RAW,1.0,0.0,1.0,0.0,0.0,0.0,0.0,0.17555555555555555,3,20260812.0,study04/study04_p35
,0.23671296296296296,,,0.0,0.3226723742666938,sgeyesub,,0.24095343930197508,0.5975100847662185,0.3565566454642434,study04|layout_04|100,1.0,0.0014866629349898526,5.213588184417762,POP,0.7812372246303241,0.5317801004808411,0.7516365249951681,46.88525390625,5.388737957815259,0.06243950283145192,0.4835466924387332,0.17555555555555555,3,20260812.0,study04/study04_p35
,0.23671296296296296,,,0.00016515417761790255,0.30687135896340695,sgeyesub,,0.22150283873261703,0.5975100847662185,0.37600724603360147,study04|layout_04|100,2.0,0.0030158592930496927,5.231183834658534,ONE-STEP-MATCH,0.7710494222140514,0.5452377583815918,0.7512855927149454,46.88525390625,5.403816025233838,0.05655711900510507,0.4219492261795741,0.17555555555555555,3,20260812.0,study04/study04_p35
,0.23671296296296296,,,0.4100286251022702,0.25879200637908234,sgeyesub,,0.21949538976604013,0.5975100847662185,0.37801469500017837,study04|layout_04|100,401.0,0.5840652347375267,5.162425287007719,DIFF-POP,0.5218224755422289,0.6128232000065755,0.81075519323349,46.88525390625,5.340389631176053,0.07327086610603162,1.8941395258691702,0.17555555555555555,3,20260812.0,study04/study04_p35
,0.23671296296296296,,,0.41023744997524075,0.25874482219249184,sgeyesub,,0.21949726326792443,0.5975100847662185,0.37801282149829407,study04|layout_04|100,401.0,0.5844446995802116,5.162431727255024,DIFF-MATCH,0.5217837204833208,0.6128373412177724,0.8107629219690958,46.88525390625,5.340396274767781,0.07327796401429859,1.896271347980944,0.17555555555555555,3,20260812.0,study04/study04_p35
,0.23671296296296296,,,0.4109879178660256,0.25818543659884774,sgeyesub,,0.21950502723922818,0.5975100847662185,0.3780050575269904,study04|layout_04|100,401.0,0.5844602500984802,5.162465584675459,DIFF-SHUFFLED,0.5213708353438401,0.6130161950895622,0.8109055757522583,46.88525390625,5.3404425812669745,0.0733326199804347,1.921785334705861,0.17555555555555555,3,20260812.0,study04/study04_p35
,0.4419565217391304,,,0.0,1.0,sgeyesub,,0.399985808346905,0.399985808346905,0.0,study04|layout_04|100,0.0,0.0,0.0,RAW,1.0,0.0,1.0,0.0,0.0,0.0,0.0,0.2985326086956522,3,20260812.0,study04/study04_p36
,0.4419565217391304,,,0.0,0.25271786699693094,sgeyesub,,0.07098718965505284,0.399985808346905,0.32899861869185215,study04|layout_04|100,1.0,0.0014957844059740571,3.190448161882214,POP,0.8645155146625912,0.4689974911374804,0.8579861124356588,46.88525390625,3.339766014755476,0.050232734056783655,0.25104201616023875,0.2985326086956522,3,20260812.0,study04/study04_p36
,0.4419565217391304,,,0.00039702868485215324,0.24407122325964903,sgeyesub,,0.0677965622859915,0.399985808346905,0.3321892460609135,study04|layout_04|100,2.0,0.003040252192305701,3.162553423792824,ONE-STEP-MATCH,0.8583838937991889,0.4749500376809886,0.8598208824793497,46.88525390625,3.3101877182927235,0.04683564188188494,0.2467441770704919,0.2985326086956522,3,20260812.0,study04/study04_p36
,0.4419565217391304,,,0.4101658331023323,0.23146162636912906,sgeyesub,,0.06610621603996562,0.399985808346905,0.33387959230693937,study04|layout_04|100,401.0,0.5840432986924893,3.164415266278096,DIFF-POP,0.7206292956748008,0.5139634889313965,0.883681058883667,46.88525390625,3.3121621576231397,0.048549795367146896,0.734987025509143,0.2985326086956522,3,20260812.0,study04/study04_p36
,0.4419565217391304,,,0.4106724378135469,0.23134192585376315,sgeyesub,,0.06610835939367095,0.399985808346905,0.33387744895323407,study04|layout_04|100,401.0,0.5842058106163809,3.16443469186207,DIFF-MATCH,0.7204700423706702,0.5140342403802184,0.8837231000264486,46.88525390625,3.312192145755212,0.04855565061687656,0.740557681280147,0.2985326086956522,3,20260812.0,study04/study04_p36
,0.4419565217391304,,,0.41143101784918046,0.2311650298620845,sgeyesub,,0.06611162615043573,0.399985808346905,0.33387418219646925,study04|layout_04|100,401.0,0.5844651321850255,3.1644494130909635,DIFF-SHUFFLED,0.7202432814751288,0.5141342898998593,0.883783241113027,46.88525390625,3.312220146246078,0.048564463460552494,0.7488784215540193,0.2985326086956522,3,20260812.0,study04/study04_p36
,0.2944078947368421,,,0.0,1.0,sgeyesub,,0.4109588505050937,0.4109588505050937,0.0,study04|layout_04|100,0.0,0.0,0.0,RAW,1.0,0.0,1.0,0.0,0.0,0.0,0.0,0.36796052631578946,3,20260812.0,study04/study04_p37
,0.2944078947368421,,,0.0,0.41399408683871525,sgeyesub,,0.09694021478656022,0.4109588505050937,0.3140186357185335,study04|layout_04|100,1.0,0.0015047264034939488,3.2841651838591237,POP,0.8406238779779919,0.45562088889402125,0.8767331838607788,46.88525390625,3.409553510613924,0.08368412050331468,0.32925006817344854,0.36796052631578946,3,20260812.0,study04/study04_p37
,0.2944078947368421,,,0.00040619308501845805,0.4110522147952425,sgeyesub,,0.09585617779632184,0.4109588505050937,0.31510267270877185,study04|layout_04|100,2.0,0.0029862979737165576,3.2797023470941937,ONE-STEP-MATCH,0.8325216726034025,0.45756832819114807,0.8771977225939432,46.88525390625,3.409564344327729,0.08348916086340392,0.32108795569385756,0.36796052631578946,3,20260812.0,study04/study04_p37
,0.2944078947368421,,,0.5517636617024739,0.36441493243758877,sgeyesub,,0.08886958036995884,0.4109588505050937,0.3220892701351349,study04|layout_04|100,401.0,0.600027003355264,3.2535017272535853,DIFF-POP,0.6853340498320795,0.5135015029470403,0.9080958763758341,46.88525390625,3.377597495203936,0.08266235217017659,1.6613225302812282,0.36796052631578946,3,20260812.0,study04/study04_p37
,0.2944078947368421,,,0.5521187484264374,0.3643199812753141,sgeyesub,,0.08887170087190117,0.4109588505050937,0.32208714963319257,study04|layout_04|100,401.0,0.5869444554298656,3.253535232767186,DIFF-MATCH,0.685266176125385,0.5135314531621518,0.9081137577692667,46.88525390625,3.377633112342963,0.08266441585628914,1.667310829783629,0.36796052631578946,3,20260812.0,study04/study04_p37
,0.2944078947368421,,,0.552994312842687,0.36409554571855834,sgeyesub,,0.0888782201904091,0.4109588505050937,0.32208063031468465,study04|layout_04|100,401.0,0.5798357049736073,3.253600433873281,DIFF-SHUFFLED,0.6851048155409778,0.5136082871130944,0.9081573088963827,46.88525390625,3.37769552406421,0.08267225060754206,1.6829026887729028,0.36796052631578946,3,20260812.0,study04/study04_p37
,0.29525,,,0.0,1.0,sgeyesub,,0.44156576905008144,0.44156576905008144,0.0,study04|layout_04|100,0.0,0.0,0.0,RAW,1.0,0.0,1.0,0.0,0.0,0.0,0.0,0.3495625,3,20260812.0,study04/study04_p38
,0.29525,,,0.0,0.42264642273945235,sgeyesub,,0.09831850827216271,0.44156576905008144,0.34324726077791873,study04|layout_04|100,1.0,0.0016472000166080157,3.8462105083728186,POP,0.8439590578709696,0.4645343648863885,0.8667514522870382,46.88525390625,3.986767789656001,0.11523341992172546,0.26408264725219727,0.3495625,3,20260812.0,study04/study04_p38
,0.29525,,,0.0016178278703591787,0.41954580488138876,sgeyesub,,0.09281057505308878,0.44156576905008144,0.3487551939969927,study04|layout_04|100,2.0,0.0031473458041849276,3.862191164321614,ONE-STEP-MATCH,0.8396644828503931,0.4660350041306862,0.8667142788569132,46.88525390625,4.003340510215279,0.11612299021260797,0.2599280064247311,0.3495625,3,20260812.0,study04/study04_p38
,0.29525,,,0.5518657763799032,0.4012259468521912,sgeyesub,,0.09364222986185156,0.44156576905008144,0.3479235391882299,study04|layout_04|100,401.0,0.5800572742247823,3.834527537630415,DIFF-POP,0.7820515330867145,0.4850226245342093,0.8777379790941874,46.88525390625,3.975776709511011,0.11431513592509461,0.4410300392469925,0.3495625,3,20260812.0,study04/study04_p38
,0.29525,,,0.5513210395971934,0.4012827011322333,sgeyesub,,0.09364102103372306,0.44156576905008144,0.3479247480163585,study04|layout_04|100,401.0,0.5907248883250457,3.83451723278856,DIFF-MATCH,0.7820941510992862,0.4850060212888438,0.8777280449867249,46.88525390625,3.975764065524938,0.11431511646789007,0.43949934949449604,0.3495625,3,20260812.0,study04/study04_p38
,0.29525,,,0.5531311472256979,0.40108644129563437,sgeyesub,,0.09364479001101633,0.44156576905008144,0.34792097903906516,study04|layout_04|100,401.0,0.5840931076791094,3.8345447247595903,DIFF-SHUFFLED,0.7819461596690709,0.4850625652083754,0.8777612447738647,46.88525390625,3.9758001521743878,0.11431765353402053,0.4441660941257561,0.3495625,3,20260812.0,study04/study04_p38
,0.39163043478260867,,,0.0,1.0,sgeyesub,,0.4608728189669611,0.4608728189669611,0.0,study04|layout_04|100,0.0,0.0,0.0,RAW,1.0,0.0,1.0,0.0,0.0,0.0,0.0,0.3473913043478261,3,20260812.0,study04/study04_p39
,0.39163043478260867,,,0.0,0.16649574910035916,sgeyesub,,0.10668999031979191,0.4608728189669611,0.35418282864716916,study04|layout_04|100,1.0,0.0017062533405660888,6.300831047149206,POP,0.8968597277427723,0.6684802043996378,0.7439059019088745,46.88525390625,6.372884314456811,0.03688153968453089,0.20603649555375061,0.3473913043478261,3,20260812.0,study04/study04_p39
,0.39163043478260867,,,0.0017308932973113162,0.1636349530263318,sgeyesub,,0.10107832234946786,0.4608728189669611,0.35979449661749313,study04|layout_04|100,2.0,0.0032715583586558346,6.301073231862567,ONE-STEP-MATCH,0.8924955517993598,0.6700938453655055,0.7443956335385641,46.88525390625,6.378046580592806,0.03363805813958587,0.2110470563831903,0.3473913043478261,3,20260812.0,study04/study04_p39
,0.39163043478260867,,,0.5522256427341038,0.154767850607992,sgeyesub,,0.0989882548347778,0.4608728189669611,0.3618845641321833,study04|layout_04|100,401.0,0.6049287061558563,6.29151972793196,DIFF-POP,0.7841098442972799,0.6839508217645488,0.7576104998588562,46.88525390625,6.363877066883055,0.037328569595128216,0.8900171701653775,0.3473913043478261,3,20260812.0,study04/study04_p39
,0.39163043478260867,,,0.5522263050079346,0.15476751667591845,sgeyesub,,0.09898879540437133,0.4608728189669611,0.3618840235625897,study04|layout_04|100,401.0,0.5982121704455231,6.291520540580408,DIFF-MATCH,0.7841077842932315,0.6839510650618031,0.7576104799906412,46.88525390625,6.363878276278538,0.03732844893065819,0.8904708663632288,0.3473913043478261,3,20260812.0,study04/study04_p39
,0.39163043478260867,,,0.5530505345927345,0.15470332751067106,sgeyesub,,0.0989913858225062,0.4608728189669611,0.36188143314445487,study04|layout_04|100,401.0,0.5912754074057718,6.291536143923079,DIFF-SHUFFLED,0.7839954384522003,0.6839716704677183,0.7576295336087545,46.88525390625,6.363893534066334,0.03733002674738308,0.8970912522284995,0.3473913043478261,3,20260812.0,study04/study04_p39
,0.328759765625,,,0.0,1.0,sgeyesub,,0.5424304368590553,0.5424304368590553,0.0,study05|layout_05|256,0.0,0.0,0.0,RAW,1.0,0.0,1.0,0.0,0.0,0.0,0.0,0.55,3,20260812.0,study05/study05_p06
,0.328759765625,,,0.0,0.14772133395200202,sgeyesub,,0.07374776960032692,0.5424304368590553,0.46868266725872837,study05|layout_05|256,1.0,0.0014870054580872723,6.2006942499493265,POP,0.7734217283224769,0.6475463161570928,0.7428255875905355,85.01171875,6.31490527371924,0.11708818264667793,0.3416649103542777,0.55,3,20260812.0,study05/study05_p06
,0.328759765625,,,0.0001238943539040823,0.15328504926672645,sgeyesub,,0.0789445093802699,0.5424304368590553,0.4634859274787854,study05|layout_05|256,2.0,0.002837697854071545,6.250634510460805,ONE-STEP-MATCH,0.7678185504451452,0.6463191528007487,0.7380648454030355,85.01171875,6.369269610416989,0.14114148169116983,0.34247840737346397,0.55,3,20260812.0,study05/study05_p06
,0.328759765625,,,0.12585392991701763,0.1348770977461621,sgeyesub,,0.06815353052307146,0.5424304368590553,0.4742769063359839,study05|layout_05|256,401.0,0.5328252957369841,6.164967919478284,DIFF-POP,0.642897501255404,0.6843700114365555,0.7748000820477804,85.01171875,6.276891570891087,0.1149878427356728,0.3490342519387009,0.55,3,20260812.0,study05/study05_p06
,0.328759765625,,,0.12585224757591884,0.13487809784966118,sgeyesub,,0.0681535903447748,0.5424304368590553,0.4742768465142806,study05|layout_05|256,401.0,0.5326547576126662,6.1649700602057225,DIFF-MATCH,0.6428985099702889,0.6843696851067174,0.7747998436292013,85.01171875,6.276887326776243,0.11498737616001471,0.3490191864564478,0.55,3,20260812.0,study05/study05_p06
,0.328759765625,,,0.1258615066607793,0.13487653954886028,sgeyesub,,0.06815341514549117,0.5424304368590553,0.4742770217135641,study05|layout_05|256,401.0,0.5324866271250357,6.164965897031538,DIFF-SHUFFLED,0.6428976247715124,0.684370272500426,0.7748004794120789,85.01171875,6.276883877892298,0.11498762830186436,0.34905317155057203,0.55,3,20260812.0,study05/study05_p06
,0.2964895148026316,,,0.0,1.0,sgeyesub,,0.5134601367113838,0.5134601367113838,0.0,study05|layout_05|256,0.0,0.0,0.0,RAW,1.0,0.0,1.0,0.0,0.0,0.0,0.0,0.5789473684210527,3,20260812.0,study05/study05_p10
,0.2964895148026316,,,0.0,0.1564289424808949,sgeyesub,,0.08498238142813663,0.5134601367113838,0.4284777552832472,study05|layout_05|256,1.0,0.0015608264034279017,6.469811096236036,POP,0.8322117861993932,0.6148386554579343,0.7825087308883667,85.01171875,6.667609990551841,0.08385253443553031,0.23565358478919554,0.5789473684210527,3,20260812.0,study05/study05_p10
,0.2964895148026316,,,0.0012707940185161229,0.16367940933920078,sgeyesub,,0.08020471125024725,0.5134601367113838,0.43325542546113655,study05|layout_05|256,2.0,0.002977490964807211,6.4557091931413995,ONE-STEP-MATCH,0.8319966129122823,0.6097703927985964,0.7826146284739176,85.01171875,6.653600354948968,0.08602162692968245,0.22849702632882754,0.5789473684210527,3,20260812.0,study05/study05_p10
,0.2964895148026316,,,0.1263074611624082,0.14963338032118326,sgeyesub,,0.08240903194880249,0.5134601367113838,0.4310511047625813,study05|layout_05|256,401.0,0.557976312758687,6.456801525662304,DIFF-POP,0.7707829824658171,0.6298030768498516,0.7940757870674133,85.01171875,6.654321922960134,0.08235608990715455,0.24115442147448007,0.5789473684210527,3,20260812.0,study05/study05_p10
,0.2964895148026316,,,0.12631232490142186,0.14963338032118326,sgeyesub,,0.08240880246596055,0.5134601367113838,0.43105133424542325,study05|layout_05|256,401.0,0.5585967605482183,6.4568014081712874,DIFF-MATCH,0.7707830989288876,0.6298030768498516,0.7940757870674133,85.01171875,6.654325044521177,0.0823559352629449,0.24124590530851245,0.5789473684210527,3,20260812.0,study05/study05_p10
,0.2964895148026316,,,0.12629029701153438,0.14963309419760454,sgeyesub,,0.08240902419760648,0.5134601367113838,0.4310511125137773,study05|layout_05|256,401.0,0.5580954594647903,6.4568010049288995,DIFF-SHUFFLED,0.7707835414885559,0.6298031597706228,0.7940758069356283,85.01171875,6.654318474758219,0.08235587731494155,0.24117042120564447,0.5789473684210527,3,20260812.0,study05/study05_p10
,0.2708875868055556,,,0.0,1.0,sgeyesub,,0.4684842373439022,0.4684842373439022,0.0,study05|layout_05|256,0.0,0.0,0.0,RAW,1.0,0.0,1.0,0.0,0.0,0.0,0.0,0.4917805989583333,3,20260812.0,study05/study05_p24
,0.2708875868055556,,,0.0,0.23471736748647024,sgeyesub,,0.09539565941354416,0.4684842373439022,0.37308857793035805,study05|layout_05|256,1.0,0.0016877418052495662,4.039524946943438,POP,0.5417815104273337,0.6080552001710203,0.8727696935335795,85.01171875,4.078174580706868,0.3183152659472461,1.459480694903487,0.4917805989583333,3,20260812.0,study05/study05_p24
,0.2708875868055556,,,6.370105969229674e-05,0.23708910164638328,sgeyesub,,0.09068867761437731,0.4684842373439022,0.3777955597295249,study05|layout_05|256,2.0,0.0031867036981296864,4.09051826129945,ONE-STEP-MATCH,0.5257420832996788,0.615090064689392,0.8706887563069662,85.01171875,4.129238248305828,0.3228790088639919,1.533985156079239,0.4917805989583333,3,20260812.0,study05/study05_p24
,0.2708875868055556,,,0.12623136689265568,0.21443994802317157,sgeyesub,,0.09131910525711136,0.4684842373439022,0.37716513208679087,study05|layout_05|256,401.0,0.5893735007641091,4.016428045529464,DIFF-POP,0.4794395328373782,0.6439277333179924,0.897276242574056,85.01171875,4.054863049731545,0.3182601477459797,1.4538909323680365,0.4917805989583333,3,20260812.0,study05/study05_p24
,0.2708875868055556,,,0.12624834328889847,0.2144425780119121,sgeyesub,,0.09131859860710713,0.4684842373439022,0.37716563873679504,study05|layout_05|256,401.0,0.5897710879392064,4.0164353392282,DIFF-MATCH,0.4794400263468243,0.6439270897147011,0.8972762227058411,85.01171875,4.054867218539845,0.3182610587241055,1.4538866659623608,0.4917805989583333,3,20260812.0,study05/study05_p24
,0.2708875868055556,,,0.12624076753854752,0.21443894243924133,sgeyesub,,0.0913187471455722,0.4684842373439022,0.37716549019833007,study05|layout_05|256,401.0,0.5897850224395774,4.016425924922772,DIFF-SHUFFLED,0.47944035535312163,0.6439280468683138,0.897276242574056,85.01171875,4.054857861456424,0.31826004982963213,1.4538878330934073,0.4917805989583333,3,20260812.0,study05/study05_p24
,0.29180908203125,,,0.0,1.0,sgeyesub,,0.44998973345389115,0.44998973345389115,0.0,study05|layout_05|256,0.0,0.0,0.0,RAW,1.0,0.0,1.0,0.0,0.0,0.0,0.0,0.5625,3,20260812.0,study05/study05_p40
,0.29180908203125,,,0.0,0.22412210062478113,sgeyesub,,0.07101102675247208,0.44998973345389115,0.37897870670141903,study05|layout_05|256,1.0,0.0018289153489755943,5.596476089606675,POP,0.757995238477862,0.5929102780021699,0.7914155522982279,85.01171875,5.543544896133805,0.13489773915672562,0.3679787945264901,0.5625,3,20260812.0,study05/study05_p40
,0.29180908203125,,,0.00023642353842963834,0.23365821443957446,sgeyesub,,0.06568757193809623,0.44998973345389115,0.3843021615157949,study05|layout_05|256,2.0,0.003425646114768218,5.560743996922343,ONE-STEP-MATCH,0.7775916345897639,0.5827234980510433,0.7948582967122396,85.01171875,5.508985288206475,0.11912652470478226,0.3288040472340796,0.5625,3,20260812.0,study05/study05_p40
,0.29180908203125,,,0.12690278763572374,0.2192631493432555,sgeyesub,,0.06531821709664869,0.44998973345389115,0.38467151635724245,study05|layout_05|256,401.0,0.6265447906250756,5.581044580945185,DIFF-POP,0.6904362186925708,0.6108115682730627,0.810265858968099,85.01171875,5.5276045753539345,0.13026497518249044,0.3623513601707892,0.5625,3,20260812.0,study05/study05_p40
,0.29180908203125,,,0.12686911535759768,0.2192214811778407,sgeyesub,,0.06532141165597445,0.44998973345389115,0.3846683217979167,study05|layout_05|256,401.0,0.636235584000057,5.581049385504245,DIFF-MATCH,0.6903833755298744,0.6108517708361352,0.8102662364641825,85.01171875,5.5276155370279225,0.1302820375212179,0.3623702672207016,0.5625,3,20260812.0,study05/study05_p40
,0.29180908203125,,,0.12689033523201942,0.21924320560596297,sgeyesub,,0.06531966306776452,0.44998973345389115,0.3846700703861267,study05|layout_05|256,401.0,0.6231992262552618,5.581055220121759,DIFF-SHUFFLED,0.6904100812142477,0.6108309609482715,0.8102663159370422,85.01171875,5.52761672205946,0.13027310688705973,0.3623561689701955,0.5625,3,20260812.0,study05/study05_p40
,0.3183336759868421,,,0.0,1.0,sgeyesub,,0.37534715698551274,0.37534715698551274,0.0,study05|layout_05|256,0.0,0.0,0.0,RAW,1.0,0.0,1.0,0.0,0.0,0.0,0.0,0.5789473684210527,3,20260812.0,study05/study05_p41
,0.3183336759868421,,,0.0,0.2112020731659391,sgeyesub,,0.04577447507317676,0.37534715698551274,0.32957268191233596,study05|layout_05|256,1.0,0.0018588114693110374,4.528966038543929,POP,0.4165629428407475,0.6473928316447889,0.8385652303695679,85.01171875,4.275034984869744,0.35914997645943364,1.2680524939768507,0.5789473684210527,3,20260812.0,study05/study05_p41
,0.3183336759868421,,,0.0002686950006742942,0.22799192611009791,sgeyesub,,0.04127500802144914,0.37534715698551274,0.3340721489640636,study05|layout_05|256,2.0,0.0035153098903895606,4.445932140346616,ONE-STEP-MATCH,0.4470405032531941,0.6254353568134278,0.8416492740313212,85.01171875,4.197171207881322,0.3435953881389553,1.1552487622295726,0.5789473684210527,3,20260812.0,study05/study05_p41
,0.3183336759868421,,,0.12793861776590348,0.21259976792057267,sgeyesub,,0.03822623684846252,0.37534715698551274,0.3371209201370502,study05|layout_05|256,401.0,0.6436618856318282,4.520011821663676,DIFF-POP,0.3968656516897302,0.6597145078520597,0.8549185395240784,85.01171875,4.26941559282166,0.35356195447544875,1.2158803525740962,0.5789473684210527,3,20260812.0,study05/study05_p41
,0.3183336759868421,,,0.12795288513104122,0.2125106441535073,sgeyesub,,0.03822784774801431,0.37534715698551274,0.33711930923749844,study05|layout_05|256,401.0,0.6543586501580297,4.520006801207125,DIFF-MATCH,0.3967674912146573,0.6598016574681812,0.8549373944600424,85.01171875,4.269378682885155,0.35358961429663766,1.216242197582287,0.5789473684210527,3,20260812.0,study05/study05_p41
,0.3183336759868421,,,0.12788698524236677,0.2125070881436495,sgeyesub,,0.03822865989738028,0.37534715698551274,0.33711849708813246,study05|layout_05|256,401.0,0.646217934877138,4.519985551982145,DIFF-SHUFFLED,0.39675891850676964,0.6598084531613098,0.8549382090568542,85.01171875,4.269370473029374,0.35359073500715704,1.2162685108488958,0.5789473684210527,3,20260812.0,study05/study05_p41
,0.2969482421875,,,0.0,1.0,sgeyesub,,0.5411416650365153,0.5411416650365153,0.0,study05|layout_05|256,0.0,0.0,0.0,RAW,1.0,0.0,1.0,0.0,0.0,0.0,0.0,0.5309814453125,3,20260812.0,study05/study05_p43
,0.2969482421875,,,0.0,0.14438287190830126,sgeyesub,,0.073636298667673,0.5411416650365153,0.46750536636884227,study05|layout_05|256,1.0,0.0014410189124343257,6.5780415700961266,POP,0.7333359757835486,0.687214182639699,0.7361766298611959,85.01171875,6.813215698714903,0.0642506547985798,0.33264692706524757,0.5309814453125,3,20260812.0,study05/study05_p43
,0.2969482421875,,,0.0004832300717377317,0.15666548590187432,sgeyesub,,0.061318931884478754,0.5411416650365153,0.47982273315203655,study05|layout_05|256,2.0,0.0029201700124758642,6.53679536576837,ONE-STEP-MATCH,0.757329056567338,0.6742855112858912,0.738286296526591,85.01171875,6.768473897691391,0.051849534570938716,0.294628202053415,0.5309814453125,3,20260812.0,study05/study05_p43
,0.2969482421875,,,0.1269479329387347,0.14956244769795488,sgeyesub,,0.06661945557810084,0.5411416650365153,0.4745222094584145,study05|layout_05|256,401.0,0.5797972976289506,6.572477732081431,DIFF-POP,0.6509394567870913,0.6998401823082553,0.7567213177680969,85.01171875,6.808816520924528,0.061959872630421714,0.3299316164131137,0.5309814453125,3,20260812.0,study05/study05_p43
,0.2969482421875,,,0.12691832880179088,0.14951938754004815,sgeyesub,,0.06662050718989097,0.5411416650365153,0.47452115784662435,study05|layout_05|256,401.0,0.5803639986749355,6.5724221876751585,DIFF-MATCH,0.650901638124888,0.6998790968638469,0.756723165512085,85.01171875,6.808758148005755,0.06196616841587806,0.3300537041794789,0.5309814453125,3,20260812.0,study05/study05_p43
,0.2969482421875,,,0.1269263247648875,0.1495484776028827,sgeyesub,,0.0666198326866107,0.5411416650365153,0.4745218323499046,study05|layout_05|256,401.0,0.5868270827040155,6.572457684632194,DIFF-SHUFFLED,0.6509259543521049,0.699852873550896,0.7567220528920492,85.01171875,6.808795777529061,0.06196255524827309,0.32988878790190695,0.5309814453125,3,20260812.0,study05/study05_p43
,0.30646829044117646,,,0.0,,sgeyesub,,0.5737550583280635,0.5737550583280635,0.0,study05|layout_05|256,0.0,0.0,0.0,RAW,1.0,0.0,1.0,0.0,0.0,0.0,0.0,0.5761144301470589,3,20260812.0,study05/study05_p44
,0.30646829044117646,,,0.0,,sgeyesub,,0.13867108199256228,0.5737550583280635,0.4350839763355013,study05|layout_05|256,1.0,0.0018589517791292118,9.28535124761136,POP,0.699242445921867,0.8383725316146244,0.5888912081718445,85.01171875,8.89763491312628,0.0552228731407449,0.4088940978344994,0.5761144301470589,3,20260812.0,study05/study05_p44
,0.30646829044117646,,,0.0015386471859528683,,sgeyesub,,0.1369127443321461,0.5737550583280635,0.4368423139959174,study05|layout_05|256,2.0,0.003397532602570672,9.202185791485967,ONE-STEP-MATCH,0.6979782606632279,0.8303226829425796,0.5899452964464823,85.01171875,8.836100430491948,0.049516343759172333,0.38858828055141803,0.5761144301470589,3,20260812.0,study05/study05_p44
,0.30646829044117646,,,0.12251509577035906,,sgeyesub,,0.13141810487796324,0.5737550583280635,0.44233695345010027,study05|layout_05|256,401.0,0.5971743198718412,9.232076286235243,DIFF-POP,0.5441534976214925,0.8595784793909691,0.6196945707003275,85.01171875,8.853680548224348,0.059268101923603156,0.4158956131972098,0.5761144301470589,3,20260812.0,study05/study05_p44
,0.30646829044117646,,,0.12253726671139399,,sgeyesub,,0.13142274717726024,0.5737550583280635,0.4423323111508033,study05|layout_05|256,401.0,0.5879183271027418,9.232055679999275,DIFF-MATCH,0.5441443412279777,0.8595779287758081,0.619696299235026,85.01171875,8.85368315511508,0.059258932073476676,0.4160151497528613,0.5761144301470589,3,20260812.0,study05/study05_p44
,0.30646829044117646,,,0.12251537690560023,,sgeyesub,,0.1314231793353413,0.5737550583280635,0.4423318789927222,study05|layout_05|256,401.0,0.6014348613825146,9.23204995494484,DIFF-SHUFFLED,0.5441460019885743,0.8595771946207105,0.6196962396303812,85.01171875,8.853683814356474,0.05925638484594111,0.4158669536455053,0.5761144301470589,3,20260812.0,study05/study05_p44
,0.32102864583333335,,,0.0,,sgeyesub,,0.5270657517923051,0.5270657517923051,0.0,study05|layout_05|256,0.0,0.0,0.0,RAW,1.0,0.0,1.0,0.0,0.0,0.0,0.0,0.49225260416666666,3,20260812.0,study05/study05_p45
,0.32102864583333335,,,0.0,,sgeyesub,,0.21621615826622118,0.5270657517923051,0.31084959352608393,study05|layout_05|256,1.0,0.001531767627845208,6.2618484822238365,POP,0.7003953085498376,0.8998677265630929,0.6645688613255819,85.01171875,6.665902802365338,0.08331758862386411,0.3948549401525138,0.49225260416666666,3,20260812.0,study05/study05_p45
,0.32102864583333335,,,0.0038967204735248138,,sgeyesub,,0.21962018733224284,0.5270657517923051,0.30744556446006227,study05|layout_05|256,2.0,0.0029338353052379613,6.181961703482409,ONE-STEP-MATCH,0.7125748753695711,0.8975426806927601,0.6658904353777567,85.01171875,6.5740965179501645,0.08720831059244605,0.37944327863405225,0.49225260416666666,3,20260812.0,study05/study05_p45
,0.32102864583333335,,,0.1232116799801588,,sgeyesub,,0.21226458232403203,0.5270657517923051,0.314801169468273,study05|layout_05|256,401.0,0.5431875363779707,6.193697940331716,DIFF-POP,0.5987238728473568,0.9151542927477921,0.6829314629236857,85.01171875,6.599287612772042,0.081840585071423,0.39827904438943945,0.49225260416666666,3,20260812.0,study05/study05_p45
,0.32102864583333335,,,0.12322548093895118,,sgeyesub,,0.21227396729457682,0.5270657517923051,0.31479178449772827,study05|layout_05|256,401.0,0.5328246335666336,6.193693424441559,DIFF-MATCH,0.5987171620202633,0.9151600170842159,0.6829344232877096,85.01171875,6.599278792371589,0.08183864443967442,0.39832609134515334,0.49225260416666666,3,20260812.0,study05/study05_p45
,0.32102864583333335,,,0.12320887607832749,,sgeyesub,,0.21227757876039377,0.5270657517923051,0.3147881730319113,study05|layout_05|256,401.0,0.5330694614495668,6.193738963421141,DIFF-SHUFFLED,0.5987156742814541,0.915162432859793,0.6829356749852499,85.01171875,6.599304302388781,0.08183798348259785,0.39827815691927065,0.49225260416666666,3,20260812.0,study05/study05_p45
,0.3144287109375,,,0.0,1.0,sgeyesub,,0.5195430672502525,0.5195430672502525,0.0,study05|layout_05|256,0.0,0.0,0.0,RAW,1.0,0.0,1.0,0.0,0.0,0.0,0.0,0.55,3,20260812.0,study05/study05_p46
,0.3144287109375,,,0.0,0.05872369963267687,sgeyesub,,0.12166469781501515,0.5195430672502525,0.3978783694352373,study05|layout_05|256,1.0,0.0012543036877104897,7.186622752126276,POP,0.72467500509255,0.8149665017689226,0.6599035064379374,85.01171875,7.0238706612656,0.05924350218241034,0.35736529012926327,0.55,3,20260812.0,study05/study05_p46
,0.3144287109375,,,0.0004971208224105794,0.059651152045459344,sgeyesub,,0.11746977900440041,0.5195430672502525,0.40207328824585203,study05|layout_05|256,2.0,0.0025502170874460717,7.175765569029804,ONE-STEP-MATCH,0.7335778228764817,0.8150424502727942,0.658090074857076,85.01171875,7.011331377867539,0.053697559246493165,0.3204177665296161,0.55,3,20260812.0,study05/study05_p46
,0.3144287109375,,,0.12244017124176027,0.053878977662580874,sgeyesub,,0.11398684090392404,0.5195430672502525,0.40555622634632843,study05|layout_05|256,401.0,0.5143243197671229,7.157460404589629,DIFF-POP,0.5569730180653503,0.838777401667686,0.6908172766367594,85.01171875,6.995775497526,0.06456733874512786,0.3792830411374884,0.55,3,20260812.0,study05/study05_p46
,0.3144287109375,,,0.12242192973693211,0.053888686669312715,sgeyesub,,0.11398351963814211,0.5195430672502525,0.4055595476121103,study05|layout_05|256,401.0,0.5193315012084593,7.157490492735431,DIFF-MATCH,0.55697128183497,0.8387719015099897,0.6908172369003296,85.01171875,6.995809549622443,0.0645571511270768,0.37908814006662156,0.55,3,20260812.0,study05/study05_p46
,0.3144287109375,,,0.12243245542049408,0.053887574950832774,sgeyesub,,0.11398419482293314,0.5195430672502525,0.40555887242731936,study05|layout_05|256,401.0,0.5194187527580653,7.157492738277902,DIFF-SHUFFLED,0.5569680973361278,0.8387725890304597,0.6908177733421326,85.01171875,6.995810127194122,0.06455755759409908,0.37924094549652937,0.55,3,20260812.0,study05/study05_p46
,0.3072916666666667,,,0.0,1.0,sgeyesub,,0.40827784216353114,0.40827784216353114,0.0,study05|layout_05|256,0.0,0.0,0.0,RAW,1.0,0.0,1.0,0.0,0.0,0.0,0.0,0.5,3,20260812.0,study05/study05_p47
,0.3072916666666667,,,0.0,0.11567457794934144,sgeyesub,,0.1758691081444127,0.40827784216353114,0.23240873401911843,study05|layout_05|256,1.0,0.0015826434215274207,4.764056795770923,POP,0.7353698244414447,0.708602260286117,0.7619514862696329,85.01171875,4.74299295278829,0.12127640122390826,0.35968548671705697,0.5,3,20260812.0,study05/study05_p47
,0.3072916666666667,,,0.00013301454919201205,0.11305871130868246,sgeyesub,,0.17074347236469292,0.40827784216353114,0.2375343697988382,study05|layout_05|256,2.0,0.0031358774359196775,4.69212659659642,ONE-STEP-MATCH,0.7298695580056505,0.7138304715301665,0.7641719182332357,85.01171875,4.667154070464672,0.13181791917710892,0.370390656814541,0.5,3,20260812.0,study05/study05_p47
,0.3072916666666667,,,0.12480889658133187,0.09606706637121003,sgeyesub,,0.1662013928572309,0.40827784216353114,0.24207644930630026,study05|layout_05|256,401.0,0.6108103740781964,4.730274534364926,DIFF-POP,0.5573496440970281,0.7520161576084788,0.8025384147961935,85.01171875,4.709128872730869,0.11824915397821933,0.37156945316111584,0.5,3,20260812.0,study05/study05_p47
,0.3072916666666667,,,0.12485337406396864,0.09606245634766115,sgeyesub,,0.16620008507353604,0.40827784216353114,0.2420777570899951,study05|layout_05|256,401.0,0.6113641043519035,4.730251481963978,DIFF-MATCH,0.5573456933279369,0.7520171574027078,0.8025391697883606,85.01171875,4.709122943506533,0.1182485374049402,0.37150904351578423,0.5,3,20260812.0,study05/study05_p47
,0.3072916666666667,,,0.12482152432203292,0.09606881701325798,sgeyesub,,0.16620114610738593,0.40827784216353114,0.2420766960561452,study05|layout_05|256,401.0,0.6106505419403322,4.730271592902954,DIFF-SHUFFLED,0.557354980078176,0.7520149617720745,0.8025370836257935,85.01171875,4.709123499141683,0.11824884616827946,0.37155591692844947,0.5,3,20260812.0,study05/study05_p47
,0.271484375,,,0.0,1.0,sgeyesub,,0.5892946396037838,0.5892946396037838,0.0,study05|layout_05|256,0.0,0.0,0.0,RAW,1.0,0.0,1.0,0.0,0.0,0.0,0.0,0.5473920036764706,3,20260812.0,study05/study05_p48
,0.271484375,,,0.0,0.2167378329538311,sgeyesub,,0.10327682738050399,0.5892946396037838,0.48601781222327983,study05|layout_05|256,1.0,0.0018966825540273399,6.350519167002987,POP,0.789850751139299,0.6350836173254465,0.7539629340171814,85.01171875,6.541442131268738,0.04420962003316777,0.28241086562093914,0.5473920036764706,3,20260812.0,study05/study05_p48
,0.271484375,,,0.00015546425966022072,0.2148977959736574,sgeyesub,,0.10896587253296942,0.5892946396037838,0.48032876707081434,study05|layout_05|256,2.0,0.003549004377418896,6.303459692981382,ONE-STEP-MATCH,0.7805156232421768,0.638692207654226,0.756118098894755,85.01171875,6.4856837318377005,0.050146645261322766,0.3013793989824299,0.5473920036764706,3,20260812.0,study05/study05_p48
,0.271484375,,,0.12552939057350157,0.2039811780945616,sgeyesub,,0.09835180584828862,0.5892946396037838,0.49094283375549513,study05|layout_05|256,401.0,0.6487394580294409,6.32552720004529,DIFF-POP,0.6797727178813032,0.6621784568809875,0.7764994303385416,85.01171875,6.515592176170885,0.046064575039535836,0.29591022674060735,0.5473920036764706,3,20260812.0,study05/study05_p48
,0.271484375,,,0.1255420203010241,0.20398036103507997,sgeyesub,,0.09835199870108703,0.5892946396037838,0.49094264090269674,study05|layout_05|256,401.0,0.6489542220633131,6.325529992463989,DIFF-MATCH,0.6797701098367178,0.6621788611092646,0.7764992713928223,85.01171875,6.5155938823958435,0.046063806170653886,0.2959687885392838,0.5473920036764706,3,20260812.0,study05/study05_p48
,0.271484375,,,0.12554791172345478,0.2039824814991541,sgeyesub,,0.09835116574111306,0.5892946396037838,0.49094347386267073,study05|layout_05|256,401.0,0.6478430166621276,6.325524638427346,DIFF-SHUFFLED,0.6797770776951143,0.6621773939093639,0.7764982978502909,85.01171875,6.515591202624872,0.046064081579813176,0.29593930933686435,0.5473920036764706,3,20260812.0,study05/study05_p48
,0.25146484375,,,0.0,1.0,sgeyesub,,0.5723389076165152,0.5723389076165152,0.0,study05|layout_05|256,0.0,0.0,0.0,RAW,1.0,0.0,1.0,0.0,0.0,0.0,0.0,0.45692661830357145,3,20260812.0,study05/study05_p49
,0.25146484375,,,0.0,0.22910460105458355,sgeyesub,,0.12261744986259897,0.5723389076165152,0.4497214577539162,study05|layout_05|256,1.0,0.0019724081965770373,6.56900131384243,POP,0.743594174237411,0.7362708684346315,0.7026401162147522,85.01171875,6.627778770131932,0.10526079522905513,0.35052315892000335,0.45692661830357145,3,20260812.0,study05/study05_p49
,0.25146484375,,,0.0004854750371994972,0.22939224133117408,sgeyesub,,0.11978218909017035,0.5723389076165152,0.4525567185263448,study05|layout_05|256,2.0,0.0037009761665450194,6.479302820206862,ONE-STEP-MATCH,0.7277552211099,0.7359086361004579,0.7068196932474772,85.01171875,6.541950184351452,0.0995056238379494,0.3668570114822969,0.45692661830357145,3,20260812.0,study05/study05_p49
,0.25146484375,,,0.08846221429606278,0.2098497394143525,sgeyesub,,0.11686347159149847,0.5723389076165152,0.45547543602501667,study05|layout_05|256,401.0,0.6730396175835699,6.536351236373455,DIFF-POP,0.5978967193324108,0.7646584045634142,0.7324904004732767,85.01171875,6.5945123372080845,0.10222200490320686,0.3581682176602201,0.45692661830357145,3,20260812.0,study05/study05_p49
,0.25146484375,,,0.08846624940633774,0.20984606255174584,sgeyesub,,0.11686060770281996,0.5723389076165152,0.4554782999136952,study05|layout_05|256,401.0,0.6675578723454584,6.5363533342233895,DIFF-MATCH,0.5978905770559851,0.7646597992585308,0.7324917316436768,85.01171875,6.594511544653986,0.10222185761914478,0.3581406007482623,0.45692661830357145,3,20260812.0,study05/study05_p49
,0.25146484375,,,0.08847414205471675,0.20984763835000583,sgeyesub,,0.11686162677664702,0.5723389076165152,0.45547728083986816,study05|layout_05|256,401.0,0.657211400321709,6.536353679894783,DIFF-SHUFFLED,0.5978869908218063,0.7646597286410564,0.7324922283490499,85.01171875,6.594515328606725,0.10222263222332388,0.3581840225291095,0.45692661830357145,3,20260812.0,study05/study05_p49
,0.43505859375,,,0.0,1.0,sgeyesub,,0.501801594291137,0.501801594291137,0.0,study05|layout_05|256,0.0,0.0,0.0,RAW,1.0,0.0,1.0,0.0,0.0,0.0,0.0,0.3861328124999999,3,20260812.0,study05/study05_p50
,0.43505859375,,,0.0,0.08567767012167644,sgeyesub,,0.11925787790322057,0.501801594291137,0.38254371638791645,study05|layout_05|256,1.0,0.0015937026000756305,6.4336046966485325,POP,0.785490183417104,0.8116950507265562,0.6264679034550985,85.01171875,6.537064099728949,0.06282237361015282,0.25458668691381375,0.3861328124999999,3,20260812.0,study05/study05_p50
,0.43505859375,,,0.0018378948302597564,0.09293722773020881,sgeyesub,,0.11886829972016504,0.501801594291137,0.382933294570972,study05|layout_05|256,2.0,0.003228417161315318,6.2570278915566,ONE-STEP-MATCH,0.7764185329635375,0.8064399704719379,0.6330987811088562,85.01171875,6.356883170942076,0.05123742652432183,0.2575858389300049,0.3861328124999999,3,20260812.0,study05/study05_p50
,0.43505859375,,,0.08855645669003327,0.07974293976265585,sgeyesub,,0.11474027913913802,0.501801594291137,0.387061315151999,study05|layout_05|256,401.0,0.6373158939943501,6.417151593589452,DIFF-POP,0.6677575300362052,0.8248844049472894,0.6436687310536703,85.01171875,6.519920426219072,0.06059057893100192,0.26136140809505376,0.3861328124999999,3,20260812.0,study05/study05_p50
,0.43505859375,,,0.08855382725596428,0.07974253292273796,sgeyesub,,0.114739766015716,0.501801594291137,0.387061828275421,study05|layout_05|256,401.0,0.6302027276555439,6.417147681234124,DIFF-MATCH,0.6677568861481893,0.8248843805132382,0.6436689297358195,85.01171875,6.519920300043864,0.060590709477294134,0.26135184072111967,0.3861328124999999,3,20260812.0,study05/study05_p50
,0.43505859375,,,0.08856101644535859,0.07974256421811628,sgeyesub,,0.1147386152737011,0.501801594291137,0.38706297901743586,study05|layout_05|256,401.0,0.6270204920556152,6.417151361983467,DIFF-SHUFFLED,0.6677563760550859,0.8248843560791871,0.6436687707901001,85.01171875,6.519920768012476,0.06059054635075523,0.2613339033489474,0.3861328124999999,3,20260812.0,study05/study05_p50
