basis,column_norm_max,column_norm_min,deviation_energy_ratio,effective_rank,fold,gram_condition,minimum_singular_value,participant,population_projector_distance,sample
POP,1.0000000218963878,0.0,0.0,4,0,inf,0.0,sub-03,0.0,0
MATCH,1.0000000218963878,0.9999999843847721,1.1402613383503588,8,0,182.6606537891457,0.13987399203236697,sub-03,1.9999999999999996,0
WRONG,1.0000000218963878,0.9999999905416309,1.5854476929260595,8,0,78.18807045648619,0.1921801680113339,sub-03,2.0000000000000004,0
POP,1.0000000049555406,0.0,0.0,4,0,inf,0.0,sub-05,0.0,1
MATCH,1.0000000049555406,0.9999999912684012,0.43204937857596,8,0,368.38533632079316,0.1004678512695645,sub-05,2.0,1
WRONG,1.0000000049555406,0.9999999912684012,0.39879290442162363,8,0,146.4493734462549,0.14310559087151858,sub-05,2.0000000000000013,1
POP,1.0000000162873848,0.0,0.0,4,0,inf,0.0,sub-02,0.0,2
MATCH,1.0000000162873848,0.9999999915080833,0.5462669285954422,8,0,122.12345637697273,0.16764973786647636,sub-02,1.9999999999999996,2
WRONG,1.0000000162873848,0.9999999921651362,0.5407524178038324,8,0,103.3779207680251,0.17561161370221798,sub-02,1.9999999999999996,2
POP,1.0000000218963878,0.0,0.0,4,0,inf,0.0,sub-05,0.0,3
MATCH,1.0000000218963878,0.9999999844225683,0.9950924502289801,8,0,62.38821858557844,0.22278538197621195,sub-05,1.9999999999999991,3
WRONG,1.0000000218963878,0.9999999916463927,1.08839094419335,8,0,36.11899045543135,0.28730191274012656,sub-05,1.9999999999999993,3
POP,1.0000000049555406,0.0,0.0,4,0,inf,0.0,sub-02,0.0,4
MATCH,1.0000000051839955,0.9999999912684012,0.6608396485261291,8,0,1010.4638776612076,0.055792772870079145,sub-02,2.0000000000000013,4
WRONG,1.0000000072076154,0.9999999912684012,1.6818203299162333,8,0,308.2788262789046,0.11196755393148064,sub-02,2.0,4
POP,1.0000000056676233,0.0,0.0,4,0,inf,0.0,sub-05,0.0,5
MATCH,1.000000007154422,0.9999999904477422,0.5465113375948416,8,0,52.81155793181407,0.2241927090951616,sub-05,2.0,5
WRONG,1.0000000056676233,0.9999999856169465,0.6174502333907748,8,0,93.06699837994206,0.16933765873712275,sub-05,1.9999999999999993,5
POP,1.0000000056676233,0.0,0.0,4,0,inf,0.0,sub-02,0.0,6
MATCH,1.0000000056676233,0.9999999764177279,23.119023493954927,8,0,42613.59562349442,0.009957933870278199,sub-02,2.0,6
WRONG,1.0000000101926856,0.9999999914078469,0.560500344848308,8,0,319.7094876139476,0.09311668276420734,sub-02,2.0,6
POP,1.0000000162873848,0.0,0.0,4,0,inf,0.0,sub-02,0.0,7
MATCH,1.0000000162873848,0.9999999915080833,0.5462669285954422,8,0,122.12345637697273,0.16764973786647636,sub-02,1.9999999999999996,7
WRONG,1.0000000162873848,0.9999999753741167,0.49169022631929504,8,0,182.94664917151957,0.13406380601851678,sub-02,2.0000000000000004,7
POP,1.0000000033140626,0.0,0.0,4,0,inf,0.0,sub-03,0.0,8
MATCH,1.00000001758342,0.9999999913113515,0.773266948533059,8,0,125.97005967820935,0.15216162515988652,sub-03,2.0000000000000004,8
WRONG,1.0000000092553059,0.9999999901646374,0.6685733089426836,8,0,166.07250946040685,0.15197649827662527,sub-03,1.9999999999999996,8
POP,1.0000000033140626,0.0,0.0,4,0,inf,0.0,sub-05,0.0,9
MATCH,1.0000000092553059,0.9999999901646374,0.6685733089426836,8,0,166.07250946040685,0.15197649827662527,sub-05,1.9999999999999996,9
WRONG,1.0000000033140626,0.9999999894532442,1.2047993702054256,8,0,190.78923810140327,0.12637401404977772,sub-05,2.0,9
POP,1.0000000218963878,0.0,0.0,4,0,inf,0.0,sub-03,0.0,10
MATCH,1.0000000218963878,0.9999999843847721,1.1402613383503588,8,0,182.6606537891457,0.13987399203236697,sub-03,1.9999999999999996,10
WRONG,1.0000000233639161,0.9999999761087436,5.773636804927116,8,0,1450.9024536408288,0.05319568562763217,sub-03,2.0,10
POP,1.0000000033140626,0.0,0.0,4,0,inf,0.0,sub-05,0.0,11
MATCH,1.0000000092553059,0.9999999901646374,0.6685733089426836,8,0,166.07250946040685,0.15197649827662527,sub-05,1.9999999999999996,11
WRONG,1.000000007938381,0.9999999909090919,2.0885078244184876,8,0,830.476513297075,0.06037201526803587,sub-05,2.0,11
POP,1.0000000049555406,0.0,0.0,4,0,inf,0.0,sub-03,0.0,12
MATCH,1.0000000049555406,0.9999999912684012,0.6477426192031057,8,0,162.51375760737344,0.13992556207171053,sub-03,2.0,12
WRONG,1.0000000049555406,0.9999999842562199,0.777418268918034,8,0,205.89221401707618,0.15481598417202344,sub-03,2.0,12
POP,1.0000000139642775,0.0,0.0,4,0,inf,0.0,sub-05,0.0,13
MATCH,1.0000000163930096,0.9999999936089646,1.4701843654926738,8,0,201.22277852746967,0.128553916121917,sub-05,1.9999999999999984,13
WRONG,1.0000000139642775,0.9999999936089646,0.9053686012921878,8,0,128.83085594050212,0.15881970982573254,sub-05,1.9999999999999996,13
POP,1.0000000033140626,0.0,0.0,4,0,inf,0.0,sub-03,0.0,14
MATCH,1.00000001758342,0.9999999913113515,0.773266948533059,8,0,125.97005967820935,0.15216162515988652,sub-03,2.0000000000000004,14
WRONG,1.000000007938381,0.9999999909090919,2.0885078244184876,8,0,830.476513297075,0.06037201526803587,sub-03,2.0,14
POP,1.0000000218963878,0.0,0.0,4,0,inf,0.0,sub-02,0.0,15
MATCH,1.0000000218963878,0.9999999851995511,1.356770259866796,8,0,108.31833899961352,0.15942311408366275,sub-02,1.9999999999999993,15
WRONG,1.0000000218963878,0.9999999745794652,1.009148267872007,8,0,244.99921215534906,0.11736732298681624,sub-02,1.9999999999999993,15
POP,1.0000000033140626,0.0,0.0,4,0,inf,0.0,sub-02,0.0,16
MATCH,1.0000000033140626,0.9999999913113515,0.9541027480779618,8,0,396.5047863756588,0.10003602764204957,sub-02,2.0,16
WRONG,1.000000004794356,0.9999999913113515,0.6171290993439941,8,0,1476.3207075947678,0.05002559557410812,sub-02,2.0000000000000004,16
POP,1.0000000218963878,0.0,0.0,4,0,inf,0.0,sub-05,0.0,17
MATCH,1.0000000218963878,0.9999999844225683,0.9950924502289801,8,0,62.38821858557844,0.22278538197621195,sub-05,1.9999999999999991,17
WRONG,1.0000000233639161,0.9999999761087436,5.773636804927116,8,0,1450.9024536408288,0.05319568562763217,sub-05,2.0,17
POP,1.0000000049555406,0.0,0.0,4,0,inf,0.0,sub-02,0.0,18
MATCH,1.0000000051839955,0.9999999912684012,0.6608396485261291,8,0,1010.4638776612076,0.055792772870079145,sub-02,2.0000000000000013,18
WRONG,1.0000000072076154,0.9999999912684012,1.6818203299162333,8,0,308.2788262789046,0.11196755393148064,sub-02,2.0,18
POP,1.0000000056676233,0.0,0.0,4,0,inf,0.0,sub-05,0.0,19
MATCH,1.000000007154422,0.9999999904477422,0.5465113375948416,8,0,52.81155793181407,0.2241927090951616,sub-05,2.0,19
WRONG,1.0000000143746075,0.9999999881701714,1.0824818783245396,8,0,170.00090517965867,0.1509662511140394,sub-05,1.9999999999999998,19
POP,1.0000000049555406,0.0,0.0,4,0,inf,0.0,sub-02,0.0,20
MATCH,1.0000000051839955,0.9999999912684012,0.6608396485261291,8,0,1010.4638776612076,0.055792772870079145,sub-02,2.0000000000000013,20
WRONG,1.0000000049555406,0.9999999912684012,0.43204937857596,8,0,368.38533632079316,0.1004678512695645,sub-02,2.0,20
POP,1.0000000049555406,0.0,0.0,4,0,inf,0.0,sub-05,0.0,21
MATCH,1.0000000049555406,0.9999999912684012,0.43204937857596,8,0,368.38533632079316,0.1004678512695645,sub-05,2.0,21
WRONG,1.0000000072076154,0.9999999912684012,1.6818203299162333,8,0,308.2788262789046,0.11196755393148064,sub-05,2.0,21
POP,1.0000000162873848,0.0,0.0,4,0,inf,0.0,sub-03,0.0,22
MATCH,1.0000000162873848,0.9999999875828055,0.5203731573495723,8,0,140.17222841043707,0.14838309747036235,sub-03,2.000000000000001,22
WRONG,1.0000000162873848,0.9999999921651362,0.8797359883731921,8,0,95.76152426922754,0.16630701852586421,sub-03,1.9999999999999987,22
POP,1.0000000139642775,0.0,0.0,4,0,inf,0.0,sub-02,0.0,23
MATCH,1.0000000139642775,0.9999999936089646,2.000277253095887,8,0,431.9174235456616,0.09110254393446103,sub-02,2.0,23
WRONG,1.0000000139642775,0.9999999774608632,2.6947522543024953,8,0,197.4850502554612,0.11783603539760314,sub-02,2.0000000000000004,23
POP,1.0000000162873848,0.0,0.0,4,0,inf,0.0,sub-03,0.0,24
MATCH,1.0000000162873848,0.9999999875828055,0.5203731573495723,8,0,140.17222841043707,0.14838309747036235,sub-03,2.000000000000001,24
WRONG,1.0000000162873848,0.9999999915080833,0.5462669285954422,8,0,122.12345637697273,0.16764973786647636,sub-03,1.9999999999999996,24
POP,1.0000000033140626,0.0,0.0,4,0,inf,0.0,sub-05,0.0,25
MATCH,1.0000000092553059,0.9999999901646374,0.6685733089426836,8,0,166.07250946040685,0.15197649827662527,sub-05,1.9999999999999996,25
WRONG,1.0000000033140626,0.9999999894532442,1.2047993702054256,8,0,190.78923810140327,0.12637401404977772,sub-05,2.0,25
POP,1.0000000056676233,0.0,0.0,4,0,inf,0.0,sub-02,0.0,26
MATCH,1.0000000056676233,0.9999999764177279,23.119023493954927,8,0,42613.59562349442,0.009957933870278199,sub-02,2.0,26
WRONG,1.0000000056676233,0.9999999892784711,2.777015962196618,8,0,263.03739763045127,0.09912802814647004,sub-02,2.0,26
POP,1.0000000056676233,0.0,0.0,4,0,inf,0.0,sub-05,0.0,27
MATCH,1.000000007154422,0.9999999904477422,0.5465113375948416,8,0,52.81155793181407,0.2241927090951616,sub-05,2.0,27
WRONG,1.0000000056676233,0.9999999838871831,0.4550124937813457,8,0,44.534506890706915,0.23312867618261923,sub-05,2.000000000000001,27
POP,1.0000000139642775,0.0,0.0,4,0,inf,0.0,sub-03,0.0,28
MATCH,1.0000000159295153,0.9999999936089646,1.1256074861346648,8,0,255.475648965702,0.11341331473671643,sub-03,2.0000000000000004,28
WRONG,1.0000000139642775,0.9999999936089646,2.000277253095887,8,0,431.9174235456616,0.09110254393446103,sub-03,2.0,28
POP,1.0000000049555406,0.0,0.0,4,0,inf,0.0,sub-03,0.0,29
MATCH,1.0000000049555406,0.9999999912684012,0.6477426192031057,8,0,162.51375760737344,0.13992556207171053,sub-03,2.0,29
WRONG,1.0000000049555406,0.9999999912684012,0.43204937857596,8,0,368.38533632079316,0.1004678512695645,sub-03,2.0,29
POP,1.0000000139642775,0.0,0.0,4,0,inf,0.0,sub-05,0.0,30
MATCH,1.0000000163930096,0.9999999936089646,1.4701843654926738,8,0,201.22277852746967,0.128553916121917,sub-05,1.9999999999999984,30
WRONG,1.0000000139642775,0.9999999879064223,1.5366507749864766,8,0,599.305591319621,0.07687286792450777,sub-05,2.0,30
POP,1.0000000056676233,0.0,0.0,4,0,inf,0.0,sub-03,0.0,31
MATCH,1.0000000056676233,0.9999999856169465,0.6174502333907748,8,0,93.06699837994206,0.16933765873712275,sub-03,1.9999999999999993,31
WRONG,1.0000000114806107,0.9999999914078469,0.452413634408112,8,0,153.56634303006481,0.13073140011288636,sub-03,2.0000000000000013,31
POP,1.0000000049555406,0.0,0.0,4,0,inf,0.0,sub-05,0.0,32
MATCH,1.0000000049555406,0.9999999912684012,0.43204937857596,8,0,368.38533632079316,0.1004678512695645,sub-05,2.0,32
WRONG,1.0000000111272034,0.9999999912684012,0.5065829049829629,8,0,241.23813048223704,0.11685208539492115,sub-05,2.0000000000000004,32
POP,1.0000000139642775,0.0,0.0,4,0,inf,0.0,sub-03,0.0,33
MATCH,1.0000000159295153,0.9999999936089646,1.1256074861346648,8,0,255.475648965702,0.11341331473671643,sub-03,2.0000000000000004,33
WRONG,1.0000000174497332,0.9999999936089646,0.9171477251893243,8,0,528.9822402344753,0.07522093050375503,sub-03,2.0,33
POP,1.0000000049555406,0.0,0.0,4,0,inf,0.0,sub-05,0.0,34
MATCH,1.0000000049555406,0.9999999912684012,0.43204937857596,8,0,368.38533632079316,0.1004678512695645,sub-05,2.0,34
WRONG,1.0000000049555406,0.9999999912684012,0.9049411874775697,8,0,623.9274096003297,0.08137607931413474,sub-05,2.0,34
POP,1.0000000139642775,0.0,0.0,4,0,inf,0.0,sub-03,0.0,35
MATCH,1.0000000159295153,0.9999999936089646,1.1256074861346648,8,0,255.475648965702,0.11341331473671643,sub-03,2.0000000000000004,35
WRONG,1.000000016413789,0.9999999936089646,1.1495249434822863,8,0,114.89838123517195,0.14376516057394514,sub-03,1.9999999999999982,35
POP,1.0000000033140626,0.0,0.0,4,0,inf,0.0,sub-02,0.0,36
MATCH,1.0000000033140626,0.9999999913113515,0.9541027480779618,8,0,396.5047863756588,0.10003602764204957,sub-02,2.0,36
WRONG,1.0000000086861764,0.9999999842562495,1.1474205273151663,8,0,1473.0645877091497,0.05516945705587207,sub-02,1.9999999999999996,36
POP,1.0000000139642775,0.0,0.0,4,0,inf,0.0,sub-02,0.0,37
MATCH,1.0000000139642775,0.9999999936089646,2.000277253095887,8,0,431.9174235456616,0.09110254393446103,sub-02,2.0,37
WRONG,1.0000000159295153,0.9999999936089646,1.1256074861346648,8,0,255.475648965702,0.11341331473671643,sub-02,2.0000000000000004,37
POP,1.0000000139642775,0.0,0.0,4,0,inf,0.0,sub-03,0.0,38
MATCH,1.0000000159295153,0.9999999936089646,1.1256074861346648,8,0,255.475648965702,0.11341331473671643,sub-03,2.0000000000000004,38
WRONG,1.0000000139642775,0.9999999936089646,2.000277253095887,8,0,431.9174235456616,0.09110254393446103,sub-03,2.0,38
POP,1.0000000033140626,0.0,0.0,4,0,inf,0.0,sub-05,0.0,39
MATCH,1.0000000092553059,0.9999999901646374,0.6685733089426836,8,0,166.07250946040685,0.15197649827662527,sub-05,1.9999999999999996,39
WRONG,1.0000000033140626,0.9999999894532442,1.2047993702054256,8,0,190.78923810140327,0.12637401404977772,sub-05,2.0,39
POP,1.0000000162873848,0.0,0.0,4,0,inf,0.0,sub-05,0.0,40
MATCH,1.0000000162873848,0.9999999921651362,0.5407524178038324,8,0,103.3779207680251,0.17561161370221798,sub-05,1.9999999999999996,40
WRONG,1.0000000165193903,0.9999999909103675,0.5091397208462008,8,0,87.71041871068648,0.18949105292906696,sub-05,2.000000000000001,40
POP,1.0000000049555406,0.0,0.0,4,0,inf,0.0,sub-05,0.0,41
MATCH,1.0000000049555406,0.9999999912684012,0.43204937857596,8,0,368.38533632079316,0.1004678512695645,sub-05,2.0,41
WRONG,1.0000000049555406,0.9999999912684012,0.39879290442162363,8,0,146.4493734462549,0.14310559087151858,sub-05,2.0000000000000013,41
POP,1.0000000162873848,0.0,0.0,4,0,inf,0.0,sub-02,0.0,42
MATCH,1.0000000162873848,0.9999999915080833,0.5462669285954422,8,0,122.12345637697273,0.16764973786647636,sub-02,1.9999999999999996,42
WRONG,1.0000000162873848,0.9999999778246144,1.0624307558169346,8,0,388.92434162839913,0.09243115259845261,sub-02,1.9999999999999998,42
POP,1.0000000049555406,0.0,0.0,4,0,inf,0.0,sub-02,0.0,43
MATCH,1.0000000051839955,0.9999999912684012,0.6608396485261291,8,0,1010.4638776612076,0.055792772870079145,sub-02,2.0000000000000013,43
WRONG,1.0000000072076154,0.9999999912684012,1.6818203299162333,8,0,308.2788262789046,0.11196755393148064,sub-02,2.0,43
POP,1.0000000033140626,0.0,0.0,4,0,inf,0.0,sub-02,0.0,44
MATCH,1.0000000033140626,0.9999999913113515,0.9541027480779618,8,0,396.5047863756588,0.10003602764204957,sub-02,2.0,44
WRONG,1.0000000136988263,0.9999999913113515,1.060229137310435,8,0,238.12468257657713,0.12683484570239126,sub-02,2.0000000000000004,44
POP,1.0000000139642775,0.0,0.0,4,0,inf,0.0,sub-03,0.0,45
MATCH,1.0000000159295153,0.9999999936089646,1.1256074861346648,8,0,255.475648965702,0.11341331473671643,sub-03,2.0000000000000004,45
WRONG,1.0000000139642775,0.9999999836133375,1.454785290880529,8,0,132.8998733350674,0.14920490885903498,sub-03,1.9999999999999996,45
POP,1.0000000162873848,0.0,0.0,4,0,inf,0.0,sub-03,0.0,46
MATCH,1.0000000162873848,0.9999999875828055,0.5203731573495723,8,0,140.17222841043707,0.14838309747036235,sub-03,2.000000000000001,46
WRONG,1.0000000238153854,0.9999999921651362,1.0411957022409066,8,0,104.74982033431307,0.17399242602741752,sub-03,2.0000000000000004,46
POP,1.0000000033140626,0.0,0.0,4,0,inf,0.0,sub-05,0.0,47
MATCH,1.0000000092553059,0.9999999901646374,0.6685733089426836,8,0,166.07250946040685,0.15197649827662527,sub-05,1.9999999999999996,47
WRONG,1.0000000097979482,0.9999999913113515,0.5036717024669053,8,0,69.99757875971171,0.17965755978397419,sub-05,2.0000000000000004,47
POP,1.0000000049555406,0.0,0.0,4,0,inf,0.0,sub-03,0.0,48
MATCH,1.0000000049555406,0.9999999912684012,0.6477426192031057,8,0,162.51375760737344,0.13992556207171053,sub-03,2.0,48
WRONG,1.0000000104198612,0.9999999912684012,0.5758191783503831,8,0,181.97375115828828,0.14478700687034474,sub-03,2.0000000000000004,48
POP,1.0000000056676233,0.0,0.0,4,0,inf,0.0,sub-05,0.0,49
MATCH,1.000000007154422,0.9999999904477422,0.5465113375948416,8,0,52.81155793181407,0.2241927090951616,sub-05,2.0,49
WRONG,1.0000000056676233,0.9999999912719534,0.9368273681994879,8,0,80.72643352974539,0.18161024232740652,sub-05,2.0,49
POP,1.0000000162873848,0.0,0.0,4,0,inf,0.0,sub-05,0.0,50
MATCH,1.0000000162873848,0.9999999921651362,0.5407524178038324,8,0,103.3779207680251,0.17561161370221798,sub-05,1.9999999999999996,50
WRONG,1.0000000238153854,0.9999999921651362,1.0411957022409066,8,0,104.74982033431307,0.17399242602741752,sub-05,2.0000000000000004,50
POP,1.0000000049555406,0.0,0.0,4,0,inf,0.0,sub-03,0.0,51
MATCH,1.0000000049555406,0.9999999912684012,0.6477426192031057,8,0,162.51375760737344,0.13992556207171053,sub-03,2.0,51
WRONG,1.0000000072076154,0.9999999912684012,1.6818203299162333,8,0,308.2788262789046,0.11196755393148064,sub-03,2.0,51
POP,1.0000000033140626,0.0,0.0,4,0,inf,0.0,sub-05,0.0,52
MATCH,1.0000000092553059,0.9999999901646374,0.6685733089426836,8,0,166.07250946040685,0.15197649827662527,sub-05,1.9999999999999996,52
WRONG,1.000000007938381,0.9999999909090919,2.0885078244184876,8,0,830.476513297075,0.06037201526803587,sub-05,2.0,52
POP,1.0000000218963878,0.0,0.0,4,0,inf,0.0,sub-05,0.0,53
MATCH,1.0000000218963878,0.9999999844225683,0.9950924502289801,8,0,62.38821858557844,0.22278538197621195,sub-05,1.9999999999999991,53
WRONG,1.0000000218963878,0.9999999843472078,0.9710060635971342,8,0,141.10252388471773,0.1451007471630098,sub-05,2.0000000000000004,53
POP,1.0000000056676233,0.0,0.0,4,0,inf,0.0,sub-03,0.0,54
MATCH,1.0000000056676233,0.9999999856169465,0.6174502333907748,8,0,93.06699837994206,0.16933765873712275,sub-03,1.9999999999999993,54
WRONG,1.0000000056676233,0.9999999914078469,0.7717195598660057,8,0,226.01570311632818,0.11837118962909668,sub-03,2.0,54
POP,1.0000000218963878,0.0,0.0,4,0,inf,0.0,sub-03,0.0,55
MATCH,1.0000000218963878,0.9999999843847721,1.1402613383503588,8,0,182.6606537891457,0.13987399203236697,sub-03,1.9999999999999996,55
WRONG,1.0000000233639161,0.9999999761087436,5.773636804927116,8,0,1450.9024536408288,0.05319568562763217,sub-03,2.0,55
POP,1.0000000162873848,0.0,0.0,4,0,inf,0.0,sub-03,0.0,56
MATCH,1.0000000162873848,0.9999999875828055,0.5203731573495723,8,0,140.17222841043707,0.14838309747036235,sub-03,2.000000000000001,56
WRONG,1.0000000162873848,0.9999999921651362,0.5407524178038324,8,0,103.3779207680251,0.17561161370221798,sub-03,1.9999999999999996,56
POP,1.0000000162873848,0.0,0.0,4,0,inf,0.0,sub-02,0.0,57
MATCH,1.0000000162873848,0.9999999915080833,0.5462669285954422,8,0,122.12345637697273,0.16764973786647636,sub-02,1.9999999999999996,57
WRONG,1.0000000162873848,0.9999999897567544,0.8698703903173091,8,0,236.64174894435553,0.12666186050479208,sub-02,2.000000000000001,57
POP,1.0000000033140626,0.0,0.0,4,0,inf,0.0,sub-03,0.0,58
MATCH,1.00000001758342,0.9999999913113515,0.773266948533059,8,0,125.97005967820935,0.15216162515988652,sub-03,2.0000000000000004,58
WRONG,1.0000000097979482,0.9999999913113515,0.5036717024669053,8,0,69.99757875971171,0.17965755978397419,sub-03,2.0000000000000004,58
POP,1.0000000033140626,0.0,0.0,4,0,inf,0.0,sub-03,0.0,59
MATCH,1.00000001758342,0.9999999913113515,0.773266948533059,8,0,125.97005967820935,0.15216162515988652,sub-03,2.0000000000000004,59
WRONG,1.0000000136988263,0.9999999913113515,1.060229137310435,8,0,238.12468257657713,0.12683484570239126,sub-03,2.0000000000000004,59
POP,1.0000000139642775,0.0,0.0,4,0,inf,0.0,sub-05,0.0,60
MATCH,1.0000000163930096,0.9999999936089646,1.4701843654926738,8,0,201.22277852746967,0.128553916121917,sub-05,1.9999999999999984,60
WRONG,1.0000000139642775,0.9999999936089646,1.030366067115536,8,0,95.35989786051213,0.20273921929654154,sub-05,2.0,60
POP,1.0000000056676233,0.0,0.0,4,0,inf,0.0,sub-03,0.0,61
MATCH,1.0000000056676233,0.9999999856169465,0.6174502333907748,8,0,93.06699837994206,0.16933765873712275,sub-03,1.9999999999999993,61
WRONG,1.0000000056676233,0.9999999892784711,2.777015962196618,8,0,263.03739763045127,0.09912802814647004,sub-03,2.0,61
POP,1.0000000056676233,0.0,0.0,4,0,inf,0.0,sub-02,0.0,62
MATCH,1.0000000056676233,0.9999999764177279,23.119023493954927,8,0,42613.59562349442,0.009957933870278199,sub-02,2.0,62
WRONG,1.0000000114806107,0.9999999914078469,0.452413634408112,8,0,153.56634303006481,0.13073140011288636,sub-02,2.0000000000000013,62
POP,1.0000000033140626,0.0,0.0,4,0,inf,0.0,sub-02,0.0,63
MATCH,1.0000000033140626,0.9999999913113515,0.9541027480779618,8,0,396.5047863756588,0.10003602764204957,sub-02,2.0,63
WRONG,1.000000007827821,0.9999999911914411,0.5428132558878888,8,0,172.84096090107275,0.14181989696033015,sub-02,2.000000000000001,63
POP,1.0000000049555406,0.0,0.0,4,0,inf,0.0,sub-02,0.0,64
MATCH,1.0000000051839955,0.9999999912684012,0.6608396485261291,8,0,1010.4638776612076,0.055792772870079145,sub-02,2.0000000000000013,64
WRONG,1.0000000192646568,0.9999999912684012,0.561791819017718,8,0,2161.127177156649,0.03974351711834052,sub-02,2.000000000000001,64
POP,1.0000000056676233,0.0,0.0,4,0,inf,0.0,sub-05,0.0,65
MATCH,1.000000007154422,0.9999999904477422,0.5465113375948416,8,0,52.81155793181407,0.2241927090951616,sub-05,2.0,65
WRONG,1.0000000056676233,0.9999999914078469,0.7717195598660057,8,0,226.01570311632818,0.11837118962909668,sub-05,2.0,65
POP,1.0000000162873848,0.0,0.0,4,0,inf,0.0,sub-02,0.0,66
MATCH,1.0000000162873848,0.9999999915080833,0.5462669285954422,8,0,122.12345637697273,0.16764973786647636,sub-02,1.9999999999999996,66
WRONG,1.0000000162873848,0.9999999921651362,0.8797359883731921,8,0,95.76152426922754,0.16630701852586421,sub-02,1.9999999999999987,66
POP,1.0000000033140626,0.0,0.0,4,0,inf,0.0,sub-03,0.0,67
MATCH,1.00000001758342,0.9999999913113515,0.773266948533059,8,0,125.97005967820935,0.15216162515988652,sub-03,2.0000000000000004,67
WRONG,1.000000004794356,0.9999999913113515,0.6171290993439941,8,0,1476.3207075947678,0.05002559557410812,sub-03,2.0000000000000004,67
POP,1.0000000218963878,0.0,0.0,4,0,inf,0.0,sub-03,0.0,68
MATCH,1.0000000218963878,0.9999999843847721,1.1402613383503588,8,0,182.6606537891457,0.13987399203236697,sub-03,1.9999999999999996,68
WRONG,1.0000000218963878,0.9999999745794652,1.009148267872007,8,0,244.99921215534906,0.11736732298681624,sub-03,1.9999999999999993,68
POP,1.0000000139642775,0.0,0.0,4,0,inf,0.0,sub-03,0.0,69
MATCH,1.0000000159295153,0.9999999936089646,1.1256074861346648,8,0,255.475648965702,0.11341331473671643,sub-03,2.0000000000000004,69
WRONG,1.0000000139642775,0.9999999936089646,0.9053686012921878,8,0,128.83085594050212,0.15881970982573254,sub-03,1.9999999999999996,69
POP,1.0000000139642775,0.0,0.0,4,0,inf,0.0,sub-03,0.0,70
MATCH,1.0000000159295153,0.9999999936089646,1.1256074861346648,8,0,255.475648965702,0.11341331473671643,sub-03,2.0000000000000004,70
WRONG,1.0000000139642775,0.9999999895924071,0.7438684089775103,8,0,84.1435757265684,0.18335995183716183,sub-03,2.0,70
POP,1.0000000218963878,0.0,0.0,4,0,inf,0.0,sub-02,0.0,71
MATCH,1.0000000218963878,0.9999999851995511,1.356770259866796,8,0,108.31833899961352,0.15942311408366275,sub-02,1.9999999999999993,71
WRONG,1.000000025716105,0.9999999807086208,1.3988521198190556,8,0,275.6965626854324,0.10532606908600291,sub-02,2.0000000000000004,71
POP,1.0000000162873848,0.0,0.0,4,0,inf,0.0,sub-02,0.0,72
MATCH,1.0000000162873848,0.9999999915080833,0.5462669285954422,8,0,122.12345637697273,0.16764973786647636,sub-02,1.9999999999999996,72
WRONG,1.0000000162873848,0.9999999766402683,2.307457748010947,8,0,1949.681821866159,0.0487051021973206,sub-02,2.000000000000001,72
POP,1.0000000162873848,0.0,0.0,4,0,inf,0.0,sub-05,0.0,73
MATCH,1.0000000162873848,0.9999999921651362,0.5407524178038324,8,0,103.3779207680251,0.17561161370221798,sub-05,1.9999999999999996,73
WRONG,1.0000000181946422,0.9999999921651362,1.2120656295250012,8,0,870.8105041797529,0.06495339024767224,sub-05,1.9999999999999998,73
POP,1.0000000056676233,0.0,0.0,4,0,inf,0.0,sub-05,0.0,74
MATCH,1.000000007154422,0.9999999904477422,0.5465113375948416,8,0,52.81155793181407,0.2241927090951616,sub-05,2.0,74
WRONG,1.0000000143746075,0.9999999881701714,1.0824818783245396,8,0,170.00090517965867,0.1509662511140394,sub-05,1.9999999999999998,74
POP,1.0000000049555406,0.0,0.0,4,0,inf,0.0,sub-05,0.0,75
MATCH,1.0000000049555406,0.9999999912684012,0.43204937857596,8,0,368.38533632079316,0.1004678512695645,sub-05,2.0,75
WRONG,1.0000000104198612,0.9999999912684012,0.5758191783503831,8,0,181.97375115828828,0.14478700687034474,sub-05,2.0000000000000004,75
POP,1.0000000033140626,0.0,0.0,4,0,inf,0.0,sub-03,0.0,76
MATCH,1.00000001758342,0.9999999913113515,0.773266948533059,8,0,125.97005967820935,0.15216162515988652,sub-03,2.0000000000000004,76
WRONG,1.0000000092553059,0.9999999901646374,0.6685733089426836,8,0,166.07250946040685,0.15197649827662527,sub-03,1.9999999999999996,76
POP,1.0000000162873848,0.0,0.0,4,0,inf,0.0,sub-03,0.0,77
MATCH,1.0000000162873848,0.9999999875828055,0.5203731573495723,8,0,140.17222841043707,0.14838309747036235,sub-03,2.000000000000001,77
WRONG,1.0000000162873848,0.9999999766402683,2.307457748010947,8,0,1949.681821866159,0.0487051021973206,sub-03,2.000000000000001,77
POP,1.0000000056676233,0.0,0.0,4,0,inf,0.0,sub-02,0.0,78
MATCH,1.0000000056676233,0.9999999764177279,23.119023493954927,8,0,42613.59562349442,0.009957933870278199,sub-02,2.0,78
WRONG,1.0000000101926856,0.9999999914078469,0.560500344848308,8,0,319.7094876139476,0.09311668276420734,sub-02,2.0,78
POP,1.0000000049555406,0.0,0.0,4,0,inf,0.0,sub-02,0.0,79
MATCH,1.0000000051839955,0.9999999912684012,0.6608396485261291,8,0,1010.4638776612076,0.055792772870079145,sub-02,2.0000000000000013,79
WRONG,1.0000000049555406,0.9999999912684012,0.43204937857596,8,0,368.38533632079316,0.1004678512695645,sub-02,2.0,79
POP,1.0000000139642775,0.0,0.0,4,0,inf,0.0,sub-03,0.0,80
MATCH,1.0000000159295153,0.9999999936089646,1.1256074861346648,8,0,255.475648965702,0.11341331473671643,sub-03,2.0000000000000004,80
WRONG,1.000000016413789,0.9999999936089646,1.1495249434822863,8,0,114.89838123517195,0.14376516057394514,sub-03,1.9999999999999982,80
POP,1.0000000162873848,0.0,0.0,4,0,inf,0.0,sub-05,0.0,81
MATCH,1.0000000162873848,0.9999999921651362,0.5407524178038324,8,0,103.3779207680251,0.17561161370221798,sub-05,1.9999999999999996,81
WRONG,1.0000000222071481,0.9999999851360845,0.5952383102297151,8,0,1124.7950722064154,0.0563510385359874,sub-05,2.0000000000000004,81
POP,1.0000000162873848,0.0,0.0,4,0,inf,0.0,sub-03,0.0,82
MATCH,1.0000000162873848,0.9999999875828055,0.5203731573495723,8,0,140.17222841043707,0.14838309747036235,sub-03,2.000000000000001,82
WRONG,1.0000000162873848,0.9999999915080833,0.5462669285954422,8,0,122.12345637697273,0.16764973786647636,sub-03,1.9999999999999996,82
POP,1.0000000033140626,0.0,0.0,4,0,inf,0.0,sub-02,0.0,83
MATCH,1.0000000033140626,0.9999999913113515,0.9541027480779618,8,0,396.5047863756588,0.10003602764204957,sub-02,2.0,83
WRONG,1.0000000134249603,0.9999999913113515,1.2393060066661588,8,0,348.06298509627925,0.09853418033261768,sub-02,2.0,83
POP,1.0000000049555406,0.0,0.0,4,0,inf,0.0,sub-05,0.0,84
MATCH,1.0000000049555406,0.9999999912684012,0.43204937857596,8,0,368.38533632079316,0.1004678512695645,sub-05,2.0,84
WRONG,1.0000000049555406,0.9999999912684012,0.6477426192031057,8,0,162.51375760737344,0.13992556207171053,sub-05,2.0,84
POP,1.0000000218963878,0.0,0.0,4,0,inf,0.0,sub-05,0.0,85
MATCH,1.0000000218963878,0.9999999844225683,0.9950924502289801,8,0,62.38821858557844,0.22278538197621195,sub-05,1.9999999999999991,85
WRONG,1.0000000218963878,0.9999999916463927,1.08839094419335,8,0,36.11899045543135,0.28730191274012656,sub-05,1.9999999999999993,85
POP,1.0000000056676233,0.0,0.0,4,0,inf,0.0,sub-03,0.0,86
MATCH,1.0000000056676233,0.9999999856169465,0.6174502333907748,8,0,93.06699837994206,0.16933765873712275,sub-03,1.9999999999999993,86
WRONG,1.0000000080193365,0.9999999914078469,0.633481327264672,8,0,74.19095368701885,0.21005890025803153,sub-03,1.9999999999999996,86
POP,1.0000000033140626,0.0,0.0,4,0,inf,0.0,sub-05,0.0,87
MATCH,1.0000000092553059,0.9999999901646374,0.6685733089426836,8,0,166.07250946040685,0.15197649827662527,sub-05,1.9999999999999996,87
WRONG,1.0000000134249603,0.9999999913113515,1.2393060066661588,8,0,348.06298509627925,0.09853418033261768,sub-05,2.0,87
POP,1.0000000162873848,0.0,0.0,4,0,inf,0.0,sub-05,0.0,88
MATCH,1.0000000162873848,0.9999999921651362,0.5407524178038324,8,0,103.3779207680251,0.17561161370221798,sub-05,1.9999999999999996,88
WRONG,1.0000000162873848,0.9999999778246144,1.0624307558169346,8,0,388.92434162839913,0.09243115259845261,sub-05,1.9999999999999998,88
POP,1.0000000056676233,0.0,0.0,4,0,inf,0.0,sub-03,0.0,89
MATCH,1.0000000056676233,0.9999999856169465,0.6174502333907748,8,0,93.06699837994206,0.16933765873712275,sub-03,1.9999999999999993,89
WRONG,1.0000000056676233,0.9999999914078469,0.7717195598660057,8,0,226.01570311632818,0.11837118962909668,sub-03,2.0,89
POP,1.0000000049555406,0.0,0.0,4,0,inf,0.0,sub-03,0.0,90
MATCH,1.0000000049555406,0.9999999912684012,0.6477426192031057,8,0,162.51375760737344,0.13992556207171053,sub-03,2.0,90
WRONG,1.000000022010709,0.9999999912684012,0.4964025507779533,8,0,670.8334526533249,0.06715883007752359,sub-03,1.9999999999999998,90
POP,1.0000000162873848,0.0,0.0,4,0,inf,0.0,sub-02,0.0,91
MATCH,1.0000000162873848,0.9999999915080833,0.5462669285954422,8,0,122.12345637697273,0.16764973786647636,sub-02,1.9999999999999996,91
WRONG,1.0000000238153854,0.9999999921651362,1.0411957022409066,8,0,104.74982033431307,0.17399242602741752,sub-02,2.0000000000000004,91
POP,1.0000000162873848,0.0,0.0,4,0,inf,0.0,sub-03,0.0,92
MATCH,1.0000000162873848,0.9999999875828055,0.5203731573495723,8,0,140.17222841043707,0.14838309747036235,sub-03,2.000000000000001,92
WRONG,1.0000000238153854,0.9999999921651362,1.0411957022409066,8,0,104.74982033431307,0.17399242602741752,sub-03,2.0000000000000004,92
POP,1.0000000049555406,0.0,0.0,4,0,inf,0.0,sub-05,0.0,93
MATCH,1.0000000049555406,0.9999999912684012,0.43204937857596,8,0,368.38533632079316,0.1004678512695645,sub-05,2.0,93
WRONG,1.0000000049555406,0.9999999842562199,0.777418268918034,8,0,205.89221401707618,0.15481598417202344,sub-05,2.0,93
POP,1.0000000139642775,0.0,0.0,4,0,inf,0.0,sub-05,0.0,94
MATCH,1.0000000163930096,0.9999999936089646,1.4701843654926738,8,0,201.22277852746967,0.128553916121917,sub-05,1.9999999999999984,94
WRONG,1.0000000139642775,0.9999999895924071,0.7438684089775103,8,0,84.1435757265684,0.18335995183716183,sub-05,2.0,94
POP,1.0000000139642775,0.0,0.0,4,0,inf,0.0,sub-02,0.0,95
MATCH,1.0000000139642775,0.9999999936089646,2.000277253095887,8,0,431.9174235456616,0.09110254393446103,sub-02,2.0,95
WRONG,1.0000000139642775,0.9999999895924071,0.7438684089775103,8,0,84.1435757265684,0.18335995183716183,sub-02,2.0,95
POP,1.0000000162873848,0.0,0.0,4,0,inf,0.0,sub-05,0.0,96
MATCH,1.0000000162873848,0.9999999921651362,0.5407524178038324,8,0,103.3779207680251,0.17561161370221798,sub-05,1.9999999999999996,96
WRONG,1.0000000165193903,0.9999999909103675,0.5091397208462008,8,0,87.71041871068648,0.18949105292906696,sub-05,2.000000000000001,96
POP,1.0000000056676233,0.0,0.0,4,0,inf,0.0,sub-03,0.0,97
MATCH,1.0000000056676233,0.9999999856169465,0.6174502333907748,8,0,93.06699837994206,0.16933765873712275,sub-03,1.9999999999999993,97
WRONG,1.0000000056676233,0.9999999838871831,0.4550124937813457,8,0,44.534506890706915,0.23312867618261923,sub-03,2.000000000000001,97
POP,1.0000000056676233,0.0,0.0,4,0,inf,0.0,sub-03,0.0,98
MATCH,1.0000000056676233,0.9999999856169465,0.6174502333907748,8,0,93.06699837994206,0.16933765873712275,sub-03,1.9999999999999993,98
WRONG,1.0000000056676233,0.9999999912719534,0.9368273681994879,8,0,80.72643352974539,0.18161024232740652,sub-03,2.0,98
POP,1.0000000049555406,0.0,0.0,4,0,inf,0.0,sub-03,0.0,99
MATCH,1.0000000049555406,0.9999999912684012,0.6477426192031057,8,0,162.51375760737344,0.13992556207171053,sub-03,2.0,99
WRONG,1.0000000049555406,0.9999999868247132,0.6946400766888386,8,0,388.91947474572993,0.0953012062725268,sub-03,2.0000000000000004,99
POP,1.0000000033140626,0.0,0.0,4,0,inf,0.0,sub-03,0.0,100
MATCH,1.00000001758342,0.9999999913113515,0.773266948533059,8,0,125.97005967820935,0.15216162515988652,sub-03,2.0000000000000004,100
WRONG,1.0000000033140626,0.9999999895315288,0.47407308604102005,8,0,103.88686663983037,0.18560884343405934,sub-03,1.9999999999999996,100
POP,1.0000000139642775,0.0,0.0,4,0,inf,0.0,sub-03,0.0,101
MATCH,1.0000000159295153,0.9999999936089646,1.1256074861346648,8,0,255.475648965702,0.11341331473671643,sub-03,2.0000000000000004,101
WRONG,1.0000000139642775,0.9999999879064223,1.5366507749864766,8,0,599.305591319621,0.07687286792450777,sub-03,2.0,101
POP,1.0000000162873848,0.0,0.0,4,0,inf,0.0,sub-05,0.0,102
MATCH,1.0000000162873848,0.9999999921651362,0.5407524178038324,8,0,103.3779207680251,0.17561161370221798,sub-05,1.9999999999999996,102
WRONG,1.0000000162873848,0.9999999915080833,0.5462669285954422,8,0,122.12345637697273,0.16764973786647636,sub-05,1.9999999999999996,102
POP,1.0000000218963878,0.0,0.0,4,0,inf,0.0,sub-02,0.0,103
MATCH,1.0000000218963878,0.9999999851995511,1.356770259866796,8,0,108.31833899961352,0.15942311408366275,sub-02,1.9999999999999993,103
WRONG,1.0000000218963878,0.9999999843847721,1.1402613383503588,8,0,182.6606537891457,0.13987399203236697,sub-02,1.9999999999999996,103
POP,1.0000000139642775,0.0,0.0,4,0,inf,0.0,sub-05,0.0,104
MATCH,1.0000000163930096,0.9999999936089646,1.4701843654926738,8,0,201.22277852746967,0.128553916121917,sub-05,1.9999999999999984,104
WRONG,1.0000000139642775,0.9999999895924071,0.7438684089775103,8,0,84.1435757265684,0.18335995183716183,sub-05,2.0,104
POP,1.0000000056676233,0.0,0.0,4,0,inf,0.0,sub-03,0.0,105
MATCH,1.0000000056676233,0.9999999856169465,0.6174502333907748,8,0,93.06699837994206,0.16933765873712275,sub-03,1.9999999999999993,105
WRONG,1.0000000056676233,0.9999999914078469,0.7925767574309687,8,0,211.72038163693995,0.12767275215434137,sub-03,1.9999999999999998,105
POP,1.0000000162873848,0.0,0.0,4,0,inf,0.0,sub-02,0.0,106
MATCH,1.0000000162873848,0.9999999915080833,0.5462669285954422,8,0,122.12345637697273,0.16764973786647636,sub-02,1.9999999999999996,106
WRONG,1.0000000222071481,0.9999999851360845,0.5952383102297151,8,0,1124.7950722064154,0.0563510385359874,sub-02,2.0000000000000004,106
POP,1.0000000162873848,0.0,0.0,4,0,inf,0.0,sub-05,0.0,107
MATCH,1.0000000162873848,0.9999999921651362,0.5407524178038324,8,0,103.3779207680251,0.17561161370221798,sub-05,1.9999999999999996,107
WRONG,1.0000000165193903,0.9999999909103675,0.5091397208462008,8,0,87.71041871068648,0.18949105292906696,sub-05,2.000000000000001,107
POP,1.0000000139642775,0.0,0.0,4,0,inf,0.0,sub-03,0.0,108
MATCH,1.0000000159295153,0.9999999936089646,1.1256074861346648,8,0,255.475648965702,0.11341331473671643,sub-03,2.0000000000000004,108
WRONG,1.0000000139642775,0.9999999936089646,2.000277253095887,8,0,431.9174235456616,0.09110254393446103,sub-03,2.0,108
POP,1.0000000049555406,0.0,0.0,4,0,inf,0.0,sub-03,0.0,109
MATCH,1.0000000049555406,0.9999999912684012,0.6477426192031057,8,0,162.51375760737344,0.13992556207171053,sub-03,2.0,109
WRONG,1.0000000054237543,0.999999988974893,0.6832607369632787,8,0,360.0836536958348,0.11411043742417008,sub-03,2.000000000000001,109
POP,1.0000000049555406,0.0,0.0,4,0,inf,0.0,sub-05,0.0,110
MATCH,1.0000000049555406,0.9999999912684012,0.43204937857596,8,0,368.38533632079316,0.1004678512695645,sub-05,2.0,110
WRONG,1.000000022010709,0.9999999912684012,0.4964025507779533,8,0,670.8334526533249,0.06715883007752359,sub-05,1.9999999999999998,110
POP,1.0000000049555406,0.0,0.0,4,0,inf,0.0,sub-03,0.0,111
MATCH,1.0000000049555406,0.9999999912684012,0.6477426192031057,8,0,162.51375760737344,0.13992556207171053,sub-03,2.0,111
WRONG,1.0000000192646568,0.9999999912684012,0.561791819017718,8,0,2161.127177156649,0.03974351711834052,sub-03,2.000000000000001,111
POP,1.0000000056676233,0.0,0.0,4,0,inf,0.0,sub-05,0.0,112
MATCH,1.000000007154422,0.9999999904477422,0.5465113375948416,8,0,52.81155793181407,0.2241927090951616,sub-05,2.0,112
WRONG,1.0000000080193365,0.9999999914078469,0.633481327264672,8,0,74.19095368701885,0.21005890025803153,sub-05,1.9999999999999996,112
POP,1.0000000162873848,0.0,0.0,4,0,inf,0.0,sub-03,0.0,113
MATCH,1.0000000162873848,0.9999999875828055,0.5203731573495723,8,0,140.17222841043707,0.14838309747036235,sub-03,2.000000000000001,113
WRONG,1.0000000162873848,0.9999999915080833,0.5462669285954422,8,0,122.12345637697273,0.16764973786647636,sub-03,1.9999999999999996,113
POP,1.0000000162873848,0.0,0.0,4,0,inf,0.0,sub-03,0.0,114
MATCH,1.0000000162873848,0.9999999875828055,0.5203731573495723,8,0,140.17222841043707,0.14838309747036235,sub-03,2.000000000000001,114
WRONG,1.0000000162873848,0.9999999921651362,0.8797359883731921,8,0,95.76152426922754,0.16630701852586421,sub-03,1.9999999999999987,114
POP,1.0000000218963878,0.0,0.0,4,0,inf,0.0,sub-03,0.0,115
MATCH,1.0000000218963878,0.9999999843847721,1.1402613383503588,8,0,182.6606537891457,0.13987399203236697,sub-03,1.9999999999999996,115
WRONG,1.0000000233639161,0.9999999761087436,5.773636804927116,8,0,1450.9024536408288,0.05319568562763217,sub-03,2.0,115
POP,1.0000000139642775,0.0,0.0,4,0,inf,0.0,sub-05,0.0,116
MATCH,1.0000000163930096,0.9999999936089646,1.4701843654926738,8,0,201.22277852746967,0.128553916121917,sub-05,1.9999999999999984,116
WRONG,1.0000000139642775,0.9999999936089646,1.030366067115536,8,0,95.35989786051213,0.20273921929654154,sub-05,2.0,116
POP,1.0000000056676233,0.0,0.0,4,0,inf,0.0,sub-05,0.0,117
MATCH,1.000000007154422,0.9999999904477422,0.5465113375948416,8,0,52.81155793181407,0.2241927090951616,sub-05,2.0,117
WRONG,1.0000000056676233,0.9999999838871831,0.4550124937813457,8,0,44.534506890706915,0.23312867618261923,sub-05,2.000000000000001,117
POP,1.0000000033140626,0.0,0.0,4,0,inf,0.0,sub-03,0.0,118
MATCH,1.00000001758342,0.9999999913113515,0.773266948533059,8,0,125.97005967820935,0.15216162515988652,sub-03,2.0000000000000004,118
WRONG,1.000000004794356,0.9999999913113515,0.6171290993439941,8,0,1476.3207075947678,0.05002559557410812,sub-03,2.0000000000000004,118
POP,1.0000000056676233,0.0,0.0,4,0,inf,0.0,sub-05,0.0,119
MATCH,1.000000007154422,0.9999999904477422,0.5465113375948416,8,0,52.81155793181407,0.2241927090951616,sub-05,2.0,119
WRONG,1.0000000056676233,0.9999999914078469,1.0897086990115759,8,0,140.90901144661808,0.14617451472827317,sub-05,1.9999999999999998,119
POP,1.0000000049555406,0.0,0.0,4,0,inf,0.0,sub-05,0.0,120
MATCH,1.0000000049555406,0.9999999912684012,0.43204937857596,8,0,368.38533632079316,0.1004678512695645,sub-05,2.0,120
WRONG,1.0000000049555406,0.9999999912684012,0.6477426192031057,8,0,162.51375760737344,0.13992556207171053,sub-05,2.0,120
POP,1.0000000056676233,0.0,0.0,4,0,inf,0.0,sub-03,0.0,121
MATCH,1.0000000056676233,0.9999999856169465,0.6174502333907748,8,0,93.06699837994206,0.16933765873712275,sub-03,1.9999999999999993,121
WRONG,1.0000000056676233,0.9999999764177279,23.119023493954927,8,0,42613.59562349442,0.009957933870278199,sub-03,2.0,121
POP,1.0000000049555406,0.0,0.0,4,0,inf,0.0,sub-05,0.0,122
MATCH,1.0000000049555406,0.9999999912684012,0.43204937857596,8,0,368.38533632079316,0.1004678512695645,sub-05,2.0,122
WRONG,1.000000022010709,0.9999999912684012,0.4964025507779533,8,0,670.8334526533249,0.06715883007752359,sub-05,1.9999999999999998,122
POP,1.0000000049555406,0.0,0.0,4,0,inf,0.0,sub-05,0.0,123
MATCH,1.0000000049555406,0.9999999912684012,0.43204937857596,8,0,368.38533632079316,0.1004678512695645,sub-05,2.0,123
WRONG,1.0000000049555406,0.9999999842562199,0.777418268918034,8,0,205.89221401707618,0.15481598417202344,sub-05,2.0,123
POP,1.0000000139642775,0.0,0.0,4,0,inf,0.0,sub-02,0.0,124
MATCH,1.0000000139642775,0.9999999936089646,2.000277253095887,8,0,431.9174235456616,0.09110254393446103,sub-02,2.0,124
WRONG,1.0000000139642775,0.9999999836133375,1.454785290880529,8,0,132.8998733350674,0.14920490885903498,sub-02,1.9999999999999996,124
POP,1.0000000049555406,0.0,0.0,4,0,inf,0.0,sub-05,0.0,125
MATCH,1.0000000049555406,0.9999999912684012,0.43204937857596,8,0,368.38533632079316,0.1004678512695645,sub-05,2.0,125
WRONG,1.0000000049555406,0.9999999912684012,0.6477426192031057,8,0,162.51375760737344,0.13992556207171053,sub-05,2.0,125
POP,1.0000000056676233,0.0,0.0,4,0,inf,0.0,sub-02,0.0,126
MATCH,1.0000000056676233,0.9999999764177279,23.119023493954927,8,0,42613.59562349442,0.009957933870278199,sub-02,2.0,126
WRONG,1.0000000056676233,0.9999999914078469,1.0897086990115759,8,0,140.90901144661808,0.14617451472827317,sub-02,1.9999999999999998,126
POP,1.0000000139642775,0.0,0.0,4,0,inf,0.0,sub-03,0.0,127
MATCH,1.0000000159295153,0.9999999936089646,1.1256074861346648,8,0,255.475648965702,0.11341331473671643,sub-03,2.0000000000000004,127
WRONG,1.0000000139642775,0.9999999879064223,1.5366507749864766,8,0,599.305591319621,0.07687286792450777,sub-03,2.0,127
POP,1.0000000049555406,0.0,0.0,4,0,inf,0.0,sub-03,0.0,128
MATCH,1.0000000049555406,0.9999999912684012,0.6477426192031057,8,0,162.51375760737344,0.13992556207171053,sub-03,2.0,128
WRONG,1.0000000192646568,0.9999999912684012,0.561791819017718,8,0,2161.127177156649,0.03974351711834052,sub-03,2.000000000000001,128
POP,1.0000000162873848,0.0,0.0,4,0,inf,0.0,sub-05,0.0,129
MATCH,1.0000000162873848,0.9999999921651362,0.5407524178038324,8,0,103.3779207680251,0.17561161370221798,sub-05,1.9999999999999996,129
WRONG,1.0000000165193903,0.9999999909103675,0.5091397208462008,8,0,87.71041871068648,0.18949105292906696,sub-05,2.000000000000001,129
POP,1.0000000056676233,0.0,0.0,4,0,inf,0.0,sub-02,0.0,130
MATCH,1.0000000056676233,0.9999999764177279,23.119023493954927,8,0,42613.59562349442,0.009957933870278199,sub-02,2.0,130
WRONG,1.000000007154422,0.9999999904477422,0.5465113375948416,8,0,52.81155793181407,0.2241927090951616,sub-02,2.0,130
POP,1.0000000033140626,0.0,0.0,4,0,inf,0.0,sub-05,0.0,131
MATCH,1.0000000092553059,0.9999999901646374,0.6685733089426836,8,0,166.07250946040685,0.15197649827662527,sub-05,1.9999999999999996,131
WRONG,1.000000007827821,0.9999999911914411,0.5428132558878888,8,0,172.84096090107275,0.14181989696033015,sub-05,2.000000000000001,131
POP,1.0000000033140626,0.0,0.0,4,0,inf,0.0,sub-05,0.0,132
MATCH,1.0000000092553059,0.9999999901646374,0.6685733089426836,8,0,166.07250946040685,0.15197649827662527,sub-05,1.9999999999999996,132
WRONG,1.0000000033140626,0.9999999878762591,0.8754374381208562,8,0,243.5087929808658,0.12593952145010054,sub-05,1.9999999999999998,132
POP,1.0000000218963878,0.0,0.0,4,0,inf,0.0,sub-05,0.0,133
MATCH,1.0000000218963878,0.9999999844225683,0.9950924502289801,8,0,62.38821858557844,0.22278538197621195,sub-05,1.9999999999999991,133
WRONG,1.0000000218963878,0.9999999843847721,1.1402613383503588,8,0,182.6606537891457,0.13987399203236697,sub-05,1.9999999999999996,133
POP,1.0000000056676233,0.0,0.0,4,0,inf,0.0,sub-03,0.0,134
MATCH,1.0000000056676233,0.9999999856169465,0.6174502333907748,8,0,93.06699837994206,0.16933765873712275,sub-03,1.9999999999999993,134
WRONG,1.0000000056676233,0.9999999914078469,0.7717195598660057,8,0,226.01570311632818,0.11837118962909668,sub-03,2.0,134
POP,1.0000000218963878,0.0,0.0,4,0,inf,0.0,sub-02,0.0,135
MATCH,1.0000000218963878,0.9999999851995511,1.356770259866796,8,0,108.31833899961352,0.15942311408366275,sub-02,1.9999999999999993,135
WRONG,1.0000000218963878,0.9999999905416309,1.5854476929260595,8,0,78.18807045648619,0.1921801680113339,sub-02,2.0000000000000004,135
POP,1.0000000139642775,0.0,0.0,4,0,inf,0.0,sub-02,0.0,136
MATCH,1.0000000139642775,0.9999999936089646,2.000277253095887,8,0,431.9174235456616,0.09110254393446103,sub-02,2.0,136
WRONG,1.0000000159295153,0.9999999936089646,1.1256074861346648,8,0,255.475648965702,0.11341331473671643,sub-02,2.0000000000000004,136
POP,1.0000000033140626,0.0,0.0,4,0,inf,0.0,sub-02,0.0,137
MATCH,1.0000000033140626,0.9999999913113515,0.9541027480779618,8,0,396.5047863756588,0.10003602764204957,sub-02,2.0,137
WRONG,1.0000000092553059,0.9999999901646374,0.6685733089426836,8,0,166.07250946040685,0.15197649827662527,sub-02,1.9999999999999996,137
POP,1.0000000218963878,0.0,0.0,4,0,inf,0.0,sub-03,0.0,138
MATCH,1.0000000218963878,0.9999999843847721,1.1402613383503588,8,0,182.6606537891457,0.13987399203236697,sub-03,1.9999999999999996,138
WRONG,1.0000000218963878,0.9999999851995511,1.356770259866796,8,0,108.31833899961352,0.15942311408366275,sub-03,1.9999999999999993,138
POP,1.0000000218963878,0.0,0.0,4,0,inf,0.0,sub-02,0.0,139
MATCH,1.0000000218963878,0.9999999851995511,1.356770259866796,8,0,108.31833899961352,0.15942311408366275,sub-02,1.9999999999999993,139
WRONG,1.0000000218963878,0.999999994588483,0.9618067503678822,8,0,46.73176938560177,0.2618074084085834,sub-02,2.0,139
POP,1.0000000056676233,0.0,0.0,4,0,inf,0.0,sub-03,0.0,140
MATCH,1.0000000056676233,0.9999999856169465,0.6174502333907748,8,0,93.06699837994206,0.16933765873712275,sub-03,1.9999999999999993,140
WRONG,1.0000000101926856,0.9999999914078469,0.560500344848308,8,0,319.7094876139476,0.09311668276420734,sub-03,2.0,140
POP,1.0000000162873848,0.0,0.0,4,0,inf,0.0,sub-05,0.0,141
MATCH,1.0000000162873848,0.9999999921651362,0.5407524178038324,8,0,103.3779207680251,0.17561161370221798,sub-05,1.9999999999999996,141
WRONG,1.0000000162873848,0.9999999778246144,1.0624307558169346,8,0,388.92434162839913,0.09243115259845261,sub-05,1.9999999999999998,141
POP,1.0000000033140626,0.0,0.0,4,0,inf,0.0,sub-05,0.0,142
MATCH,1.0000000092553059,0.9999999901646374,0.6685733089426836,8,0,166.07250946040685,0.15197649827662527,sub-05,1.9999999999999996,142
WRONG,1.0000000033140626,0.9999999895315288,0.47407308604102005,8,0,103.88686663983037,0.18560884343405934,sub-05,1.9999999999999996,142
POP,1.0000000162873848,0.0,0.0,4,0,inf,0.0,sub-02,0.0,143
MATCH,1.0000000162873848,0.9999999915080833,0.5462669285954422,8,0,122.12345637697273,0.16764973786647636,sub-02,1.9999999999999996,143
WRONG,1.0000000162873848,0.9999999875828055,0.5203731573495723,8,0,140.17222841043707,0.14838309747036235,sub-02,2.000000000000001,143
POP,1.0000000162873848,0.0,0.0,4,0,inf,0.0,sub-05,0.0,144
MATCH,1.0000000162873848,0.9999999921651362,0.5407524178038324,8,0,103.3779207680251,0.17561161370221798,sub-05,1.9999999999999996,144
WRONG,1.0000000162873848,0.9999999810154647,0.495212597790569,8,0,131.59038262239469,0.15600112928341986,sub-05,2.0,144
POP,1.0000000162873848,0.0,0.0,4,0,inf,0.0,sub-05,0.0,145
MATCH,1.0000000162873848,0.9999999921651362,0.5407524178038324,8,0,103.3779207680251,0.17561161370221798,sub-05,1.9999999999999996,145
WRONG,1.0000000222071481,0.9999999851360845,0.5952383102297151,8,0,1124.7950722064154,0.0563510385359874,sub-05,2.0000000000000004,145
POP,1.0000000162873848,0.0,0.0,4,0,inf,0.0,sub-03,0.0,146
MATCH,1.0000000162873848,0.9999999875828055,0.5203731573495723,8,0,140.17222841043707,0.14838309747036235,sub-03,2.000000000000001,146
WRONG,1.0000000162873848,0.9999999897567544,0.8698703903173091,8,0,236.64174894435553,0.12666186050479208,sub-03,2.000000000000001,146
POP,1.0000000049555406,0.0,0.0,4,0,inf,0.0,sub-05,0.0,147
MATCH,1.0000000049555406,0.9999999912684012,0.43204937857596,8,0,368.38533632079316,0.1004678512695645,sub-05,2.0,147
WRONG,1.0000000054237543,0.999999988974893,0.6832607369632787,8,0,360.0836536958348,0.11411043742417008,sub-05,2.000000000000001,147
POP,1.0000000139642775,0.0,0.0,4,0,inf,0.0,sub-03,0.0,148
MATCH,1.0000000159295153,0.9999999936089646,1.1256074861346648,8,0,255.475648965702,0.11341331473671643,sub-03,2.0000000000000004,148
WRONG,1.0000000139642775,0.9999999874309182,0.6493785067393941,8,0,107.76472090528179,0.1775100932033457,sub-03,2.0,148
POP,1.0000000139642775,0.0,0.0,4,0,inf,0.0,sub-05,0.0,149
MATCH,1.0000000163930096,0.9999999936089646,1.4701843654926738,8,0,201.22277852746967,0.128553916121917,sub-05,1.9999999999999984,149
WRONG,1.0000000139642775,0.9999999936089646,1.030366067115536,8,0,95.35989786051213,0.20273921929654154,sub-05,2.0,149
POP,1.0000000162873848,0.0,0.0,4,0,inf,0.0,sub-03,0.0,150
MATCH,1.0000000162873848,0.9999999875828055,0.5203731573495723,8,0,140.17222841043707,0.14838309747036235,sub-03,2.000000000000001,150
WRONG,1.0000000162873848,0.9999999810154647,0.495212597790569,8,0,131.59038262239469,0.15600112928341986,sub-03,2.0,150
POP,1.0000000218963878,0.0,0.0,4,0,inf,0.0,sub-05,0.0,151
MATCH,1.0000000218963878,0.9999999844225683,0.9950924502289801,8,0,62.38821858557844,0.22278538197621195,sub-05,1.9999999999999991,151
WRONG,1.0000000233639161,0.9999999761087436,5.773636804927116,8,0,1450.9024536408288,0.05319568562763217,sub-05,2.0,151
POP,1.0000000139642775,0.0,0.0,4,0,inf,0.0,sub-02,0.0,152
MATCH,1.0000000139642775,0.9999999936089646,2.000277253095887,8,0,431.9174235456616,0.09110254393446103,sub-02,2.0,152
WRONG,1.0000000139642775,0.9999999836133375,1.454785290880529,8,0,132.8998733350674,0.14920490885903498,sub-02,1.9999999999999996,152
POP,1.0000000162873848,0.0,0.0,4,0,inf,0.0,sub-02,0.0,153
MATCH,1.0000000162873848,0.9999999915080833,0.5462669285954422,8,0,122.12345637697273,0.16764973786647636,sub-02,1.9999999999999996,153
WRONG,1.0000000162873848,0.9999999897567544,0.8698703903173091,8,0,236.64174894435553,0.12666186050479208,sub-02,2.000000000000001,153
POP,1.0000000162873848,0.0,0.0,4,0,inf,0.0,sub-03,0.0,154
MATCH,1.0000000162873848,0.9999999875828055,0.5203731573495723,8,0,140.17222841043707,0.14838309747036235,sub-03,2.000000000000001,154
WRONG,1.0000000162873848,0.9999999915080833,0.5462669285954422,8,0,122.12345637697273,0.16764973786647636,sub-03,1.9999999999999996,154
POP,1.0000000162873848,0.0,0.0,4,0,inf,0.0,sub-03,0.0,155
MATCH,1.0000000162873848,0.9999999875828055,0.5203731573495723,8,0,140.17222841043707,0.14838309747036235,sub-03,2.000000000000001,155
WRONG,1.0000000162873848,0.9999999810154647,0.495212597790569,8,0,131.59038262239469,0.15600112928341986,sub-03,2.0,155
POP,1.0000000162873848,0.0,0.0,4,0,inf,0.0,sub-03,0.0,156
MATCH,1.0000000162873848,0.9999999875828055,0.5203731573495723,8,0,140.17222841043707,0.14838309747036235,sub-03,2.000000000000001,156
WRONG,1.0000000238153854,0.9999999921651362,1.0411957022409066,8,0,104.74982033431307,0.17399242602741752,sub-03,2.0000000000000004,156
POP,1.0000000056676233,0.0,0.0,4,0,inf,0.0,sub-03,0.0,157
MATCH,1.0000000056676233,0.9999999856169465,0.6174502333907748,8,0,93.06699837994206,0.16933765873712275,sub-03,1.9999999999999993,157
WRONG,1.0000000080193365,0.9999999914078469,0.633481327264672,8,0,74.19095368701885,0.21005890025803153,sub-03,1.9999999999999996,157
POP,1.0000000049555406,0.0,0.0,4,0,inf,0.0,sub-02,0.0,158
MATCH,1.0000000051839955,0.9999999912684012,0.6608396485261291,8,0,1010.4638776612076,0.055792772870079145,sub-02,2.0000000000000013,158
WRONG,1.0000000049555406,0.9999999912684012,0.39879290442162363,8,0,146.4493734462549,0.14310559087151858,sub-02,2.0000000000000013,158
POP,1.0000000218963878,0.0,0.0,4,0,inf,0.0,sub-03,0.0,159
MATCH,1.0000000218963878,0.9999999843847721,1.1402613383503588,8,0,182.6606537891457,0.13987399203236697,sub-03,1.9999999999999996,159
WRONG,1.0000000218963878,0.9999999916463927,1.08839094419335,8,0,36.11899045543135,0.28730191274012656,sub-03,1.9999999999999993,159
POP,1.0000000049555406,0.0,0.0,4,0,inf,0.0,sub-05,0.0,160
MATCH,1.0000000049555406,0.9999999912684012,0.43204937857596,8,0,368.38533632079316,0.1004678512695645,sub-05,2.0,160
WRONG,1.0000000072076154,0.9999999912684012,1.6818203299162333,8,0,308.2788262789046,0.11196755393148064,sub-05,2.0,160
POP,1.0000000162873848,0.0,0.0,4,0,inf,0.0,sub-05,0.0,161
MATCH,1.0000000162873848,0.9999999921651362,0.5407524178038324,8,0,103.3779207680251,0.17561161370221798,sub-05,1.9999999999999996,161
WRONG,1.0000000162873848,0.9999999766402683,2.307457748010947,8,0,1949.681821866159,0.0487051021973206,sub-05,2.000000000000001,161
POP,1.0000000056676233,0.0,0.0,4,0,inf,0.0,sub-03,0.0,162
MATCH,1.0000000056676233,0.9999999856169465,0.6174502333907748,8,0,93.06699837994206,0.16933765873712275,sub-03,1.9999999999999993,162
WRONG,1.0000000056676233,0.9999999914078469,0.7717195598660057,8,0,226.01570311632818,0.11837118962909668,sub-03,2.0,162
POP,1.0000000033140626,0.0,0.0,4,0,inf,0.0,sub-03,0.0,163
MATCH,1.00000001758342,0.9999999913113515,0.773266948533059,8,0,125.97005967820935,0.15216162515988652,sub-03,2.0000000000000004,163
WRONG,1.000000007827821,0.9999999911914411,0.5428132558878888,8,0,172.84096090107275,0.14181989696033015,sub-03,2.000000000000001,163
POP,1.0000000139642775,0.0,0.0,4,0,inf,0.0,sub-05,0.0,164
MATCH,1.0000000163930096,0.9999999936089646,1.4701843654926738,8,0,201.22277852746967,0.128553916121917,sub-05,1.9999999999999984,164
WRONG,1.0000000139642775,0.9999999879064223,1.5366507749864766,8,0,599.305591319621,0.07687286792450777,sub-05,2.0,164
POP,1.0000000056676233,0.0,0.0,4,0,inf,0.0,sub-05,0.0,165
MATCH,1.000000007154422,0.9999999904477422,0.5465113375948416,8,0,52.81155793181407,0.2241927090951616,sub-05,2.0,165
WRONG,1.0000000056676233,0.9999999914078469,1.0897086990115759,8,0,140.90901144661808,0.14617451472827317,sub-05,1.9999999999999998,165
POP,1.0000000049555406,0.0,0.0,4,0,inf,0.0,sub-03,0.0,166
MATCH,1.0000000049555406,0.9999999912684012,0.6477426192031057,8,0,162.51375760737344,0.13992556207171053,sub-03,2.0,166
WRONG,1.0000000049555406,0.9999999912684012,0.39879290442162363,8,0,146.4493734462549,0.14310559087151858,sub-03,2.0000000000000013,166
POP,1.0000000162873848,0.0,0.0,4,0,inf,0.0,sub-02,0.0,167
MATCH,1.0000000162873848,0.9999999915080833,0.5462669285954422,8,0,122.12345637697273,0.16764973786647636,sub-02,1.9999999999999996,167
WRONG,1.0000000222071481,0.9999999851360845,0.5952383102297151,8,0,1124.7950722064154,0.0563510385359874,sub-02,2.0000000000000004,167
POP,1.0000000218963878,0.0,0.0,4,0,inf,0.0,sub-03,0.0,168
MATCH,1.0000000218963878,0.9999999843847721,1.1402613383503588,8,0,182.6606537891457,0.13987399203236697,sub-03,1.9999999999999996,168
WRONG,1.0000000266489415,0.9999999898816014,1.0445262034015996,8,0,51.044779070151826,0.24751508714334466,sub-03,2.0,168
POP,1.0000000033140626,0.0,0.0,4,0,inf,0.0,sub-02,0.0,169
MATCH,1.0000000033140626,0.9999999913113515,0.9541027480779618,8,0,396.5047863756588,0.10003602764204957,sub-02,2.0,169
WRONG,1.0000000033140626,0.9999999894532442,1.2047993702054256,8,0,190.78923810140327,0.12637401404977772,sub-02,2.0,169
POP,1.0000000139642775,0.0,0.0,4,0,inf,0.0,sub-03,0.0,170
MATCH,1.0000000159295153,0.9999999936089646,1.1256074861346648,8,0,255.475648965702,0.11341331473671643,sub-03,2.0000000000000004,170
WRONG,1.000000026594253,0.9999999890465172,1.6657289606810486,8,0,380.8990948810066,0.09327630440623003,sub-03,1.9999999999999998,170
POP,1.0000000049555406,0.0,0.0,4,0,inf,0.0,sub-02,0.0,171
MATCH,1.0000000051839955,0.9999999912684012,0.6608396485261291,8,0,1010.4638776612076,0.055792772870079145,sub-02,2.0000000000000013,171
WRONG,1.0000000104198612,0.9999999912684012,0.5758191783503831,8,0,181.97375115828828,0.14478700687034474,sub-02,2.0000000000000004,171
POP,1.0000000218963878,0.0,0.0,4,0,inf,0.0,sub-03,0.0,172
MATCH,1.0000000218963878,0.9999999843847721,1.1402613383503588,8,0,182.6606537891457,0.13987399203236697,sub-03,1.9999999999999996,172
WRONG,1.0000000218963878,0.9999999851995511,1.356770259866796,8,0,108.31833899961352,0.15942311408366275,sub-03,1.9999999999999993,172
POP,1.0000000033140626,0.0,0.0,4,0,inf,0.0,sub-05,0.0,173
MATCH,1.0000000092553059,0.9999999901646374,0.6685733089426836,8,0,166.07250946040685,0.15197649827662527,sub-05,1.9999999999999996,173
WRONG,1.0000000097979482,0.9999999913113515,0.5036717024669053,8,0,69.99757875971171,0.17965755978397419,sub-05,2.0000000000000004,173
POP,1.0000000162873848,0.0,0.0,4,0,inf,0.0,sub-05,0.0,174
MATCH,1.0000000162873848,0.9999999921651362,0.5407524178038324,8,0,103.3779207680251,0.17561161370221798,sub-05,1.9999999999999996,174
WRONG,1.0000000162873848,0.9999999753741167,0.49169022631929504,8,0,182.94664917151957,0.13406380601851678,sub-05,2.0000000000000004,174
POP,1.0000000139642775,0.0,0.0,4,0,inf,0.0,sub-05,0.0,175
MATCH,1.0000000163930096,0.9999999936089646,1.4701843654926738,8,0,201.22277852746967,0.128553916121917,sub-05,1.9999999999999984,175
WRONG,1.0000000174497332,0.9999999936089646,0.9171477251893243,8,0,528.9822402344753,0.07522093050375503,sub-05,2.0,175
POP,1.0000000049555406,0.0,0.0,4,0,inf,0.0,sub-05,0.0,176
MATCH,1.0000000049555406,0.9999999912684012,0.43204937857596,8,0,368.38533632079316,0.1004678512695645,sub-05,2.0,176
WRONG,1.0000000111272034,0.9999999912684012,0.5065829049829629,8,0,241.23813048223704,0.11685208539492115,sub-05,2.0000000000000004,176
POP,1.0000000033140626,0.0,0.0,4,0,inf,0.0,sub-03,0.0,177
MATCH,1.00000001758342,0.9999999913113515,0.773266948533059,8,0,125.97005967820935,0.15216162515988652,sub-03,2.0000000000000004,177
WRONG,1.000000007827821,0.9999999911914411,0.5428132558878888,8,0,172.84096090107275,0.14181989696033015,sub-03,2.000000000000001,177
POP,1.0000000218963878,0.0,0.0,4,0,inf,0.0,sub-02,0.0,178
MATCH,1.0000000218963878,0.9999999851995511,1.356770259866796,8,0,108.31833899961352,0.15942311408366275,sub-02,1.9999999999999993,178
WRONG,1.0000000218963878,0.9999999843472078,0.9710060635971342,8,0,141.10252388471773,0.1451007471630098,sub-02,2.0000000000000004,178
POP,1.0000000139642775,0.0,0.0,4,0,inf,0.0,sub-03,0.0,179
MATCH,1.0000000159295153,0.9999999936089646,1.1256074861346648,8,0,255.475648965702,0.11341331473671643,sub-03,2.0000000000000004,179
WRONG,1.0000000163930096,0.9999999936089646,1.4701843654926738,8,0,201.22277852746967,0.128553916121917,sub-03,1.9999999999999984,179
POP,1.0000000162873848,0.0,0.0,4,0,inf,0.0,sub-05,0.0,180
MATCH,1.0000000162873848,0.9999999921651362,0.5407524178038324,8,0,103.3779207680251,0.17561161370221798,sub-05,1.9999999999999996,180
WRONG,1.0000000162873848,0.9999999921651362,0.8797359883731921,8,0,95.76152426922754,0.16630701852586421,sub-05,1.9999999999999987,180
POP,1.0000000056676233,0.0,0.0,4,0,inf,0.0,sub-05,0.0,181
MATCH,1.000000007154422,0.9999999904477422,0.5465113375948416,8,0,52.81155793181407,0.2241927090951616,sub-05,2.0,181
WRONG,1.0000000056676233,0.9999999856169465,0.6174502333907748,8,0,93.06699837994206,0.16933765873712275,sub-05,1.9999999999999993,181
POP,1.0000000162873848,0.0,0.0,4,0,inf,0.0,sub-02,0.0,182
MATCH,1.0000000162873848,0.9999999915080833,0.5462669285954422,8,0,122.12345637697273,0.16764973786647636,sub-02,1.9999999999999996,182
WRONG,1.0000000222071481,0.9999999851360845,0.5952383102297151,8,0,1124.7950722064154,0.0563510385359874,sub-02,2.0000000000000004,182
POP,1.0000000162873848,0.0,0.0,4,0,inf,0.0,sub-05,0.0,183
MATCH,1.0000000162873848,0.9999999921651362,0.5407524178038324,8,0,103.3779207680251,0.17561161370221798,sub-05,1.9999999999999996,183
WRONG,1.0000000162873848,0.9999999766402683,2.307457748010947,8,0,1949.681821866159,0.0487051021973206,sub-05,2.000000000000001,183
POP,1.0000000218963878,0.0,0.0,4,0,inf,0.0,sub-02,0.0,184
MATCH,1.0000000218963878,0.9999999851995511,1.356770259866796,8,0,108.31833899961352,0.15942311408366275,sub-02,1.9999999999999993,184
WRONG,1.0000000266489415,0.9999999898816014,1.0445262034015996,8,0,51.044779070151826,0.24751508714334466,sub-02,2.0,184
POP,1.0000000139642775,0.0,0.0,4,0,inf,0.0,sub-03,0.0,185
MATCH,1.0000000159295153,0.9999999936089646,1.1256074861346648,8,0,255.475648965702,0.11341331473671643,sub-03,2.0000000000000004,185
WRONG,1.0000000139642775,0.9999999879064223,1.5366507749864766,8,0,599.305591319621,0.07687286792450777,sub-03,2.0,185
POP,1.0000000162873848,0.0,0.0,4,0,inf,0.0,sub-05,0.0,186
MATCH,1.0000000162873848,0.9999999921651362,0.5407524178038324,8,0,103.3779207680251,0.17561161370221798,sub-05,1.9999999999999996,186
WRONG,1.0000000162873848,0.9999999810154647,0.495212597790569,8,0,131.59038262239469,0.15600112928341986,sub-05,2.0,186
POP,1.0000000162873848,0.0,0.0,4,0,inf,0.0,sub-02,0.0,187
MATCH,1.0000000162873848,0.9999999915080833,0.5462669285954422,8,0,122.12345637697273,0.16764973786647636,sub-02,1.9999999999999996,187
WRONG,1.0000000162873848,0.9999999921651362,0.8797359883731921,8,0,95.76152426922754,0.16630701852586421,sub-02,1.9999999999999987,187
POP,1.0000000056676233,0.0,0.0,4,0,inf,0.0,sub-05,0.0,188
MATCH,1.000000007154422,0.9999999904477422,0.5465113375948416,8,0,52.81155793181407,0.2241927090951616,sub-05,2.0,188
WRONG,1.0000000056676233,0.9999999856169465,0.6174502333907748,8,0,93.06699837994206,0.16933765873712275,sub-05,1.9999999999999993,188
POP,1.0000000033140626,0.0,0.0,4,0,inf,0.0,sub-02,0.0,189
MATCH,1.0000000033140626,0.9999999913113515,0.9541027480779618,8,0,396.5047863756588,0.10003602764204957,sub-02,2.0,189
WRONG,1.0000000097979482,0.9999999913113515,0.5036717024669053,8,0,69.99757875971171,0.17965755978397419,sub-02,2.0000000000000004,189
POP,1.0000000218963878,0.0,0.0,4,0,inf,0.0,sub-03,0.0,190
MATCH,1.0000000218963878,0.9999999843847721,1.1402613383503588,8,0,182.6606537891457,0.13987399203236697,sub-03,1.9999999999999996,190
WRONG,1.0000000218963878,0.9999999822774356,2.8266479637509763,8,0,76.46789109838642,0.19281907827255398,sub-03,1.9999999999999996,190
POP,1.0000000162873848,0.0,0.0,4,0,inf,0.0,sub-05,0.0,191
MATCH,1.0000000162873848,0.9999999921651362,0.5407524178038324,8,0,103.3779207680251,0.17561161370221798,sub-05,1.9999999999999996,191
WRONG,1.0000000162873848,0.9999999753741167,0.49169022631929504,8,0,182.94664917151957,0.13406380601851678,sub-05,2.0000000000000004,191
POP,1.0000000033140626,0.0,0.0,4,0,inf,0.0,sub-02,0.0,192
MATCH,1.0000000033140626,0.9999999913113515,0.9541027480779618,8,0,396.5047863756588,0.10003602764204957,sub-02,2.0,192
WRONG,1.0000000033140626,0.9999999878762591,0.8754374381208562,8,0,243.5087929808658,0.12593952145010054,sub-02,1.9999999999999998,192
POP,1.0000000162873848,0.0,0.0,4,0,inf,0.0,sub-02,0.0,193
MATCH,1.0000000162873848,0.9999999915080833,0.5462669285954422,8,0,122.12345637697273,0.16764973786647636,sub-02,1.9999999999999996,193
WRONG,1.0000000162873848,0.9999999921651362,0.5407524178038324,8,0,103.3779207680251,0.17561161370221798,sub-02,1.9999999999999996,193
POP,1.0000000033140626,0.0,0.0,4,0,inf,0.0,sub-02,0.0,194
MATCH,1.0000000033140626,0.9999999913113515,0.9541027480779618,8,0,396.5047863756588,0.10003602764204957,sub-02,2.0,194
WRONG,1.0000000033140626,0.9999999894532442,1.2047993702054256,8,0,190.78923810140327,0.12637401404977772,sub-02,2.0,194
POP,1.0000000218963878,0.0,0.0,4,0,inf,0.0,sub-02,0.0,195
MATCH,1.0000000218963878,0.9999999851995511,1.356770259866796,8,0,108.31833899961352,0.15942311408366275,sub-02,1.9999999999999993,195
WRONG,1.0000000266489415,0.9999999898816014,1.0445262034015996,8,0,51.044779070151826,0.24751508714334466,sub-02,2.0,195
POP,1.0000000218963878,0.0,0.0,4,0,inf,0.0,sub-02,0.0,196
MATCH,1.0000000218963878,0.9999999851995511,1.356770259866796,8,0,108.31833899961352,0.15942311408366275,sub-02,1.9999999999999993,196
WRONG,1.0000000218963878,0.9999999905416309,1.5854476929260595,8,0,78.18807045648619,0.1921801680113339,sub-02,2.0000000000000004,196
POP,1.0000000049555406,0.0,0.0,4,0,inf,0.0,sub-05,0.0,197
MATCH,1.0000000049555406,0.9999999912684012,0.43204937857596,8,0,368.38533632079316,0.1004678512695645,sub-05,2.0,197
WRONG,1.0000000049555406,0.9999999868247132,0.6946400766888386,8,0,388.91947474572993,0.0953012062725268,sub-05,2.0000000000000004,197
POP,1.0000000049555406,0.0,0.0,4,0,inf,0.0,sub-02,0.0,198
MATCH,1.0000000051839955,0.9999999912684012,0.6608396485261291,8,0,1010.4638776612076,0.055792772870079145,sub-02,2.0000000000000013,198
WRONG,1.0000000054237543,0.999999988974893,0.6832607369632787,8,0,360.0836536958348,0.11411043742417008,sub-02,2.000000000000001,198
POP,1.0000000218963878,0.0,0.0,4,0,inf,0.0,sub-03,0.0,199
MATCH,1.0000000218963878,0.9999999843847721,1.1402613383503588,8,0,182.6606537891457,0.13987399203236697,sub-03,1.9999999999999996,199
WRONG,1.0000000218963878,0.9999999905416309,1.5854476929260595,8,0,78.18807045648619,0.1921801680113339,sub-03,2.0000000000000004,199
POP,1.0000000049555406,0.0,0.0,4,0,inf,0.0,sub-03,0.0,200
MATCH,1.0000000049555406,0.9999999912684012,0.6477426192031057,8,0,162.51375760737344,0.13992556207171053,sub-03,2.0,200
WRONG,1.0000000104198612,0.9999999912684012,0.5758191783503831,8,0,181.97375115828828,0.14478700687034474,sub-03,2.0000000000000004,200
POP,1.0000000056676233,0.0,0.0,4,0,inf,0.0,sub-05,0.0,201
MATCH,1.000000007154422,0.9999999904477422,0.5465113375948416,8,0,52.81155793181407,0.2241927090951616,sub-05,2.0,201
WRONG,1.0000000056676233,0.9999999914078469,1.0897086990115759,8,0,140.90901144661808,0.14617451472827317,sub-05,1.9999999999999998,201
POP,1.0000000056676233,0.0,0.0,4,0,inf,0.0,sub-05,0.0,202
MATCH,1.000000007154422,0.9999999904477422,0.5465113375948416,8,0,52.81155793181407,0.2241927090951616,sub-05,2.0,202
WRONG,1.0000000101926856,0.9999999914078469,0.560500344848308,8,0,319.7094876139476,0.09311668276420734,sub-05,2.0,202
POP,1.0000000056676233,0.0,0.0,4,0,inf,0.0,sub-02,0.0,203
MATCH,1.0000000056676233,0.9999999764177279,23.119023493954927,8,0,42613.59562349442,0.009957933870278199,sub-02,2.0,203
WRONG,1.0000000114806107,0.9999999914078469,0.452413634408112,8,0,153.56634303006481,0.13073140011288636,sub-02,2.0000000000000013,203
POP,1.0000000218963878,0.0,0.0,4,0,inf,0.0,sub-02,0.0,204
MATCH,1.0000000218963878,0.9999999851995511,1.356770259866796,8,0,108.31833899961352,0.15942311408366275,sub-02,1.9999999999999993,204
WRONG,1.0000000233639161,0.9999999761087436,5.773636804927116,8,0,1450.9024536408288,0.05319568562763217,sub-02,2.0,204
POP,1.0000000049555406,0.0,0.0,4,0,inf,0.0,sub-05,0.0,205
MATCH,1.0000000049555406,0.9999999912684012,0.43204937857596,8,0,368.38533632079316,0.1004678512695645,sub-05,2.0,205
WRONG,1.0000000049555406,0.9999999842562199,0.777418268918034,8,0,205.89221401707618,0.15481598417202344,sub-05,2.0,205
POP,1.0000000049555406,0.0,0.0,4,0,inf,0.0,sub-05,0.0,206
MATCH,1.0000000049555406,0.9999999912684012,0.43204937857596,8,0,368.38533632079316,0.1004678512695645,sub-05,2.0,206
WRONG,1.0000000049555406,0.9999999842562199,0.777418268918034,8,0,205.89221401707618,0.15481598417202344,sub-05,2.0,206
POP,1.0000000218963878,0.0,0.0,4,0,inf,0.0,sub-02,0.0,207
MATCH,1.0000000218963878,0.9999999851995511,1.356770259866796,8,0,108.31833899961352,0.15942311408366275,sub-02,1.9999999999999993,207
WRONG,1.0000000218963878,0.9999999905416309,1.5854476929260595,8,0,78.18807045648619,0.1921801680113339,sub-02,2.0000000000000004,207
POP,1.0000000218963878,0.0,0.0,4,0,inf,0.0,sub-05,0.0,208
MATCH,1.0000000218963878,0.9999999844225683,0.9950924502289801,8,0,62.38821858557844,0.22278538197621195,sub-05,1.9999999999999991,208
WRONG,1.0000000218963878,0.9999999843472078,0.9710060635971342,8,0,141.10252388471773,0.1451007471630098,sub-05,2.0000000000000004,208
POP,1.0000000049555406,0.0,0.0,4,0,inf,0.0,sub-05,0.0,209
MATCH,1.0000000049555406,0.9999999912684012,0.43204937857596,8,0,368.38533632079316,0.1004678512695645,sub-05,2.0,209
WRONG,1.000000022010709,0.9999999912684012,0.4964025507779533,8,0,670.8334526533249,0.06715883007752359,sub-05,1.9999999999999998,209
POP,1.0000000139642775,0.0,0.0,4,0,inf,0.0,sub-02,0.0,210
MATCH,1.0000000139642775,0.9999999936089646,2.000277253095887,8,0,431.9174235456616,0.09110254393446103,sub-02,2.0,210
WRONG,1.0000000139642775,0.9999999936089646,0.9053686012921878,8,0,128.83085594050212,0.15881970982573254,sub-02,1.9999999999999996,210
POP,1.0000000033140626,0.0,0.0,4,0,inf,0.0,sub-02,0.0,211
MATCH,1.0000000033140626,0.9999999913113515,0.9541027480779618,8,0,396.5047863756588,0.10003602764204957,sub-02,2.0,211
WRONG,1.000000007938381,0.9999999909090919,2.0885078244184876,8,0,830.476513297075,0.06037201526803587,sub-02,2.0,211
POP,1.0000000033140626,0.0,0.0,4,0,inf,0.0,sub-03,0.0,212
MATCH,1.00000001758342,0.9999999913113515,0.773266948533059,8,0,125.97005967820935,0.15216162515988652,sub-03,2.0000000000000004,212
WRONG,1.000000007827821,0.9999999911914411,0.5428132558878888,8,0,172.84096090107275,0.14181989696033015,sub-03,2.000000000000001,212
POP,1.0000000033140626,0.0,0.0,4,0,inf,0.0,sub-05,0.0,213
MATCH,1.0000000092553059,0.9999999901646374,0.6685733089426836,8,0,166.07250946040685,0.15197649827662527,sub-05,1.9999999999999996,213
WRONG,1.0000000134249603,0.9999999913113515,1.2393060066661588,8,0,348.06298509627925,0.09853418033261768,sub-05,2.0,213
POP,1.0000000218963878,0.0,0.0,4,0,inf,0.0,sub-03,0.0,214
MATCH,1.0000000218963878,0.9999999843847721,1.1402613383503588,8,0,182.6606537891457,0.13987399203236697,sub-03,1.9999999999999996,214
WRONG,1.0000000218963878,0.9999999874298283,1.8360106543804577,8,0,330.26220925231934,0.11151318526845753,sub-03,2.0,214
POP,1.0000000139642775,0.0,0.0,4,0,inf,0.0,sub-03,0.0,215
MATCH,1.0000000159295153,0.9999999936089646,1.1256074861346648,8,0,255.475648965702,0.11341331473671643,sub-03,2.0000000000000004,215
WRONG,1.0000000139642775,0.9999999836133375,1.454785290880529,8,0,132.8998733350674,0.14920490885903498,sub-03,1.9999999999999996,215
POP,1.0000000033140626,0.0,0.0,4,0,inf,0.0,sub-03,0.0,216
MATCH,1.00000001758342,0.9999999913113515,0.773266948533059,8,0,125.97005967820935,0.15216162515988652,sub-03,2.0000000000000004,216
WRONG,1.0000000033140626,0.9999999895315288,0.47407308604102005,8,0,103.88686663983037,0.18560884343405934,sub-03,1.9999999999999996,216
POP,1.0000000139642775,0.0,0.0,4,0,inf,0.0,sub-05,0.0,217
MATCH,1.0000000163930096,0.9999999936089646,1.4701843654926738,8,0,201.22277852746967,0.128553916121917,sub-05,1.9999999999999984,217
WRONG,1.0000000139642775,0.9999999936089646,0.9053686012921878,8,0,128.83085594050212,0.15881970982573254,sub-05,1.9999999999999996,217
POP,1.0000000049555406,0.0,0.0,4,0,inf,0.0,sub-05,0.0,218
MATCH,1.0000000049555406,0.9999999912684012,0.43204937857596,8,0,368.38533632079316,0.1004678512695645,sub-05,2.0,218
WRONG,1.0000000049555406,0.9999999912684012,0.6477426192031057,8,0,162.51375760737344,0.13992556207171053,sub-05,2.0,218
POP,1.0000000218963878,0.0,0.0,4,0,inf,0.0,sub-02,0.0,219
MATCH,1.0000000218963878,0.9999999851995511,1.356770259866796,8,0,108.31833899961352,0.15942311408366275,sub-02,1.9999999999999993,219
WRONG,1.0000000218963878,0.9999999874298283,1.8360106543804577,8,0,330.26220925231934,0.11151318526845753,sub-02,2.0,219
POP,1.0000000162873848,0.0,0.0,4,0,inf,0.0,sub-05,0.0,220
MATCH,1.0000000162873848,0.9999999921651362,0.5407524178038324,8,0,103.3779207680251,0.17561161370221798,sub-05,1.9999999999999996,220
WRONG,1.0000000162873848,0.9999999897567544,0.8698703903173091,8,0,236.64174894435553,0.12666186050479208,sub-05,2.000000000000001,220
POP,1.0000000049555406,0.0,0.0,4,0,inf,0.0,sub-03,0.0,221
MATCH,1.0000000049555406,0.9999999912684012,0.6477426192031057,8,0,162.51375760737344,0.13992556207171053,sub-03,2.0,221
WRONG,1.0000000111272034,0.9999999912684012,0.5065829049829629,8,0,241.23813048223704,0.11685208539492115,sub-03,2.0000000000000004,221
POP,1.0000000162873848,0.0,0.0,4,0,inf,0.0,sub-05,0.0,222
MATCH,1.0000000162873848,0.9999999921651362,0.5407524178038324,8,0,103.3779207680251,0.17561161370221798,sub-05,1.9999999999999996,222
WRONG,1.0000000162873848,0.9999999810154647,0.495212597790569,8,0,131.59038262239469,0.15600112928341986,sub-05,2.0,222
POP,1.0000000139642775,0.0,0.0,4,0,inf,0.0,sub-03,0.0,223
MATCH,1.0000000159295153,0.9999999936089646,1.1256074861346648,8,0,255.475648965702,0.11341331473671643,sub-03,2.0000000000000004,223
WRONG,1.0000000139642775,0.9999999774608632,2.6947522543024953,8,0,197.4850502554612,0.11783603539760314,sub-03,2.0000000000000004,223
POP,1.0000000162873848,0.0,0.0,4,0,inf,0.0,sub-03,0.0,224
MATCH,1.0000000162873848,0.9999999875828055,0.5203731573495723,8,0,140.17222841043707,0.14838309747036235,sub-03,2.000000000000001,224
WRONG,1.0000000162873848,0.9999999921651362,0.8797359883731921,8,0,95.76152426922754,0.16630701852586421,sub-03,1.9999999999999987,224
POP,1.0000000218963878,0.0,0.0,4,0,inf,0.0,sub-05,0.0,225
MATCH,1.0000000218963878,0.9999999844225683,0.9950924502289801,8,0,62.38821858557844,0.22278538197621195,sub-05,1.9999999999999991,225
WRONG,1.0000000218963878,0.9999999916463927,1.08839094419335,8,0,36.11899045543135,0.28730191274012656,sub-05,1.9999999999999993,225
POP,1.0000000218963878,0.0,0.0,4,0,inf,0.0,sub-02,0.0,226
MATCH,1.0000000218963878,0.9999999851995511,1.356770259866796,8,0,108.31833899961352,0.15942311408366275,sub-02,1.9999999999999993,226
WRONG,1.0000000218963878,0.9999999844225683,0.9950924502289801,8,0,62.38821858557844,0.22278538197621195,sub-02,1.9999999999999991,226
POP,1.0000000218963878,0.0,0.0,4,0,inf,0.0,sub-03,0.0,227
MATCH,1.0000000218963878,0.9999999843847721,1.1402613383503588,8,0,182.6606537891457,0.13987399203236697,sub-03,1.9999999999999996,227
WRONG,1.0000000218963878,0.999999994588483,0.9618067503678822,8,0,46.73176938560177,0.2618074084085834,sub-03,2.0,227
POP,1.0000000162873848,0.0,0.0,4,0,inf,0.0,sub-05,0.0,228
MATCH,1.0000000162873848,0.9999999921651362,0.5407524178038324,8,0,103.3779207680251,0.17561161370221798,sub-05,1.9999999999999996,228
WRONG,1.0000000162873848,0.9999999766402683,2.307457748010947,8,0,1949.681821866159,0.0487051021973206,sub-05,2.000000000000001,228
POP,1.0000000049555406,0.0,0.0,4,0,inf,0.0,sub-03,0.0,229
MATCH,1.0000000049555406,0.9999999912684012,0.6477426192031057,8,0,162.51375760737344,0.13992556207171053,sub-03,2.0,229
WRONG,1.0000000051839955,0.9999999912684012,0.6608396485261291,8,0,1010.4638776612076,0.055792772870079145,sub-03,2.0000000000000013,229
POP,1.0000000033140626,0.0,0.0,4,0,inf,0.0,sub-05,0.0,230
MATCH,1.0000000092553059,0.9999999901646374,0.6685733089426836,8,0,166.07250946040685,0.15197649827662527,sub-05,1.9999999999999996,230
WRONG,1.0000000136988263,0.9999999913113515,1.060229137310435,8,0,238.12468257657713,0.12683484570239126,sub-05,2.0000000000000004,230
POP,1.0000000033140626,0.0,0.0,4,0,inf,0.0,sub-02,0.0,231
MATCH,1.0000000033140626,0.9999999913113515,0.9541027480779618,8,0,396.5047863756588,0.10003602764204957,sub-02,2.0,231
WRONG,1.0000000092553059,0.9999999901646374,0.6685733089426836,8,0,166.07250946040685,0.15197649827662527,sub-02,1.9999999999999996,231
POP,1.0000000162873848,0.0,0.0,4,0,inf,0.0,sub-02,0.0,232
MATCH,1.0000000162873848,0.9999999915080833,0.5462669285954422,8,0,122.12345637697273,0.16764973786647636,sub-02,1.9999999999999996,232
WRONG,1.0000000162873848,0.9999999766402683,2.307457748010947,8,0,1949.681821866159,0.0487051021973206,sub-02,2.000000000000001,232
POP,1.0000000139642775,0.0,0.0,4,0,inf,0.0,sub-05,0.0,233
MATCH,1.0000000163930096,0.9999999936089646,1.4701843654926738,8,0,201.22277852746967,0.128553916121917,sub-05,1.9999999999999984,233
WRONG,1.0000000139642775,0.9999999774608632,2.6947522543024953,8,0,197.4850502554612,0.11783603539760314,sub-05,2.0000000000000004,233
POP,1.0000000033140626,0.0,0.0,4,0,inf,0.0,sub-02,0.0,234
MATCH,1.0000000033140626,0.9999999913113515,0.9541027480779618,8,0,396.5047863756588,0.10003602764204957,sub-02,2.0,234
WRONG,1.0000000134249603,0.9999999913113515,1.2393060066661588,8,0,348.06298509627925,0.09853418033261768,sub-02,2.0,234
POP,1.0000000162873848,0.0,0.0,4,0,inf,0.0,sub-05,0.0,235
MATCH,1.0000000162873848,0.9999999921651362,0.5407524178038324,8,0,103.3779207680251,0.17561161370221798,sub-05,1.9999999999999996,235
WRONG,1.0000000162873848,0.9999999897567544,0.8698703903173091,8,0,236.64174894435553,0.12666186050479208,sub-05,2.000000000000001,235
POP,1.0000000056676233,0.0,0.0,4,0,inf,0.0,sub-05,0.0,236
MATCH,1.000000007154422,0.9999999904477422,0.5465113375948416,8,0,52.81155793181407,0.2241927090951616,sub-05,2.0,236
WRONG,1.0000000056676233,0.9999999914078469,0.7717195598660057,8,0,226.01570311632818,0.11837118962909668,sub-05,2.0,236
POP,1.0000000139642775,0.0,0.0,4,0,inf,0.0,sub-02,0.0,237
MATCH,1.0000000139642775,0.9999999936089646,2.000277253095887,8,0,431.9174235456616,0.09110254393446103,sub-02,2.0,237
WRONG,1.0000000139642775,0.9999999895924071,0.7438684089775103,8,0,84.1435757265684,0.18335995183716183,sub-02,2.0,237
POP,1.0000000162873848,0.0,0.0,4,0,inf,0.0,sub-03,0.0,238
MATCH,1.0000000162873848,0.9999999875828055,0.5203731573495723,8,0,140.17222841043707,0.14838309747036235,sub-03,2.000000000000001,238
WRONG,1.0000000162873848,0.9999999778246144,1.0624307558169346,8,0,388.92434162839913,0.09243115259845261,sub-03,1.9999999999999998,238
POP,1.0000000056676233,0.0,0.0,4,0,inf,0.0,sub-03,0.0,239
MATCH,1.0000000056676233,0.9999999856169465,0.6174502333907748,8,0,93.06699837994206,0.16933765873712275,sub-03,1.9999999999999993,239
WRONG,1.0000000143746075,0.9999999881701714,1.0824818783245396,8,0,170.00090517965867,0.1509662511140394,sub-03,1.9999999999999998,239
POP,1.0000000033140626,0.0,0.0,4,0,inf,0.0,sub-03,0.0,240
MATCH,1.00000001758342,0.9999999913113515,0.773266948533059,8,0,125.97005967820935,0.15216162515988652,sub-03,2.0000000000000004,240
WRONG,1.000000007827821,0.9999999911914411,0.5428132558878888,8,0,172.84096090107275,0.14181989696033015,sub-03,2.000000000000001,240
POP,1.0000000049555406,0.0,0.0,4,0,inf,0.0,sub-05,0.0,241
MATCH,1.0000000049555406,0.9999999912684012,0.43204937857596,8,0,368.38533632079316,0.1004678512695645,sub-05,2.0,241
WRONG,1.0000000104198612,0.9999999912684012,0.5758191783503831,8,0,181.97375115828828,0.14478700687034474,sub-05,2.0000000000000004,241
POP,1.0000000218963878,0.0,0.0,4,0,inf,0.0,sub-02,0.0,242
MATCH,1.0000000218963878,0.9999999851995511,1.356770259866796,8,0,108.31833899961352,0.15942311408366275,sub-02,1.9999999999999993,242
WRONG,1.0000000218963878,0.9999999843472078,0.9710060635971342,8,0,141.10252388471773,0.1451007471630098,sub-02,2.0000000000000004,242
POP,1.0000000033140626,0.0,0.0,4,0,inf,0.0,sub-05,0.0,243
MATCH,1.0000000092553059,0.9999999901646374,0.6685733089426836,8,0,166.07250946040685,0.15197649827662527,sub-05,1.9999999999999996,243
WRONG,1.0000000033140626,0.9999999895315288,0.47407308604102005,8,0,103.88686663983037,0.18560884343405934,sub-05,1.9999999999999996,243
POP,1.0000000162873848,0.0,0.0,4,0,inf,0.0,sub-03,0.0,244
MATCH,1.0000000162873848,0.9999999875828055,0.5203731573495723,8,0,140.17222841043707,0.14838309747036235,sub-03,2.000000000000001,244
WRONG,1.0000000162873848,0.9999999778246144,1.0624307558169346,8,0,388.92434162839913,0.09243115259845261,sub-03,1.9999999999999998,244
POP,1.0000000049555406,0.0,0.0,4,0,inf,0.0,sub-05,0.0,245
MATCH,1.0000000049555406,0.9999999912684012,0.43204937857596,8,0,368.38533632079316,0.1004678512695645,sub-05,2.0,245
WRONG,1.0000000072076154,0.9999999912684012,1.6818203299162333,8,0,308.2788262789046,0.11196755393148064,sub-05,2.0,245
POP,1.0000000056676233,0.0,0.0,4,0,inf,0.0,sub-02,0.0,246
MATCH,1.0000000056676233,0.9999999764177279,23.119023493954927,8,0,42613.59562349442,0.009957933870278199,sub-02,2.0,246
WRONG,1.0000000056676233,0.9999999912719534,0.9368273681994879,8,0,80.72643352974539,0.18161024232740652,sub-02,2.0,246
POP,1.0000000139642775,0.0,0.0,4,0,inf,0.0,sub-03,0.0,247
MATCH,1.0000000159295153,0.9999999936089646,1.1256074861346648,8,0,255.475648965702,0.11341331473671643,sub-03,2.0000000000000004,247
WRONG,1.0000000139642775,0.9999999879064223,1.5366507749864766,8,0,599.305591319621,0.07687286792450777,sub-03,2.0,247
POP,1.0000000218963878,0.0,0.0,4,0,inf,0.0,sub-02,0.0,248
MATCH,1.0000000218963878,0.9999999851995511,1.356770259866796,8,0,108.31833899961352,0.15942311408366275,sub-02,1.9999999999999993,248
WRONG,1.0000000218963878,0.9999999916463927,1.08839094419335,8,0,36.11899045543135,0.28730191274012656,sub-02,1.9999999999999993,248
POP,1.0000000162873848,0.0,0.0,4,0,inf,0.0,sub-03,0.0,249
MATCH,1.0000000162873848,0.9999999875828055,0.5203731573495723,8,0,140.17222841043707,0.14838309747036235,sub-03,2.000000000000001,249
WRONG,1.0000000222071481,0.9999999851360845,0.5952383102297151,8,0,1124.7950722064154,0.0563510385359874,sub-03,2.0000000000000004,249
POP,1.0000000218963878,0.0,0.0,4,0,inf,0.0,sub-05,0.0,250
MATCH,1.0000000218963878,0.9999999844225683,0.9950924502289801,8,0,62.38821858557844,0.22278538197621195,sub-05,1.9999999999999991,250
WRONG,1.0000000266489415,0.9999999898816014,1.0445262034015996,8,0,51.044779070151826,0.24751508714334466,sub-05,2.0,250
POP,1.0000000056676233,0.0,0.0,4,0,inf,0.0,sub-05,0.0,251
MATCH,1.000000007154422,0.9999999904477422,0.5465113375948416,8,0,52.81155793181407,0.2241927090951616,sub-05,2.0,251
WRONG,1.0000000080193365,0.9999999914078469,0.633481327264672,8,0,74.19095368701885,0.21005890025803153,sub-05,1.9999999999999996,251
POP,1.0000000049555406,0.0,0.0,4,0,inf,0.0,sub-03,0.0,252
MATCH,1.0000000049555406,0.9999999912684012,0.6477426192031057,8,0,162.51375760737344,0.13992556207171053,sub-03,2.0,252
WRONG,1.0000000111272034,0.9999999912684012,0.5065829049829629,8,0,241.23813048223704,0.11685208539492115,sub-03,2.0000000000000004,252
POP,1.0000000162873848,0.0,0.0,4,0,inf,0.0,sub-02,0.0,253
MATCH,1.0000000162873848,0.9999999915080833,0.5462669285954422,8,0,122.12345637697273,0.16764973786647636,sub-02,1.9999999999999996,253
WRONG,1.0000000162873848,0.9999999753741167,0.49169022631929504,8,0,182.94664917151957,0.13406380601851678,sub-02,2.0000000000000004,253
POP,1.0000000218963878,0.0,0.0,4,0,inf,0.0,sub-03,0.0,254
MATCH,1.0000000218963878,0.9999999843847721,1.1402613383503588,8,0,182.6606537891457,0.13987399203236697,sub-03,1.9999999999999996,254
WRONG,1.0000000218963878,0.9999999844225683,0.9950924502289801,8,0,62.38821858557844,0.22278538197621195,sub-03,1.9999999999999991,254
POP,1.0000000056676233,0.0,0.0,4,0,inf,0.0,sub-03,0.0,255
MATCH,1.0000000056676233,0.9999999856169465,0.6174502333907748,8,0,93.06699837994206,0.16933765873712275,sub-03,1.9999999999999993,255
WRONG,1.0000000056676233,0.9999999892784711,2.777015962196618,8,0,263.03739763045127,0.09912802814647004,sub-03,2.0,255
POP,1.0000000218963878,0.0,0.0,4,0,inf,0.0,sub-05,0.0,256
MATCH,1.0000000218963878,0.9999999844225683,0.9950924502289801,8,0,62.38821858557844,0.22278538197621195,sub-05,1.9999999999999991,256
WRONG,1.0000000233639161,0.9999999761087436,5.773636804927116,8,0,1450.9024536408288,0.05319568562763217,sub-05,2.0,256
POP,1.0000000139642775,0.0,0.0,4,0,inf,0.0,sub-03,0.0,257
MATCH,1.0000000159295153,0.9999999936089646,1.1256074861346648,8,0,255.475648965702,0.11341331473671643,sub-03,2.0000000000000004,257
WRONG,1.0000000139642775,0.9999999936089646,0.9053686012921878,8,0,128.83085594050212,0.15881970982573254,sub-03,1.9999999999999996,257
POP,1.0000000056676233,0.0,0.0,4,0,inf,0.0,sub-05,0.0,258
MATCH,1.000000007154422,0.9999999904477422,0.5465113375948416,8,0,52.81155793181407,0.2241927090951616,sub-05,2.0,258
WRONG,1.0000000056676233,0.9999999912719534,0.9368273681994879,8,0,80.72643352974539,0.18161024232740652,sub-05,2.0,258
POP,1.0000000056676233,0.0,0.0,4,0,inf,0.0,sub-03,0.0,259
MATCH,1.0000000056676233,0.9999999856169465,0.6174502333907748,8,0,93.06699837994206,0.16933765873712275,sub-03,1.9999999999999993,259
WRONG,1.0000000056676233,0.9999999912719534,0.9368273681994879,8,0,80.72643352974539,0.18161024232740652,sub-03,2.0,259
POP,1.0000000056676233,0.0,0.0,4,0,inf,0.0,sub-03,0.0,260
MATCH,1.0000000056676233,0.9999999856169465,0.6174502333907748,8,0,93.06699837994206,0.16933765873712275,sub-03,1.9999999999999993,260
WRONG,1.0000000143746075,0.9999999881701714,1.0824818783245396,8,0,170.00090517965867,0.1509662511140394,sub-03,1.9999999999999998,260
POP,1.0000000218963878,0.0,0.0,4,0,inf,0.0,sub-02,0.0,261
MATCH,1.0000000218963878,0.9999999851995511,1.356770259866796,8,0,108.31833899961352,0.15942311408366275,sub-02,1.9999999999999993,261
WRONG,1.0000000218963878,0.9999999843472078,0.9710060635971342,8,0,141.10252388471773,0.1451007471630098,sub-02,2.0000000000000004,261
POP,1.0000000162873848,0.0,0.0,4,0,inf,0.0,sub-02,0.0,262
MATCH,1.0000000162873848,0.9999999915080833,0.5462669285954422,8,0,122.12345637697273,0.16764973786647636,sub-02,1.9999999999999996,262
WRONG,1.0000000162873848,0.9999999875828055,0.5203731573495723,8,0,140.17222841043707,0.14838309747036235,sub-02,2.000000000000001,262
POP,1.0000000162873848,0.0,0.0,4,0,inf,0.0,sub-02,0.0,263
MATCH,1.0000000162873848,0.9999999915080833,0.5462669285954422,8,0,122.12345637697273,0.16764973786647636,sub-02,1.9999999999999996,263
WRONG,1.0000000162873848,0.9999999921651362,0.8797359883731921,8,0,95.76152426922754,0.16630701852586421,sub-02,1.9999999999999987,263
POP,1.0000000049555406,0.0,0.0,4,0,inf,0.0,sub-03,0.0,264
MATCH,1.0000000049555406,0.9999999912684012,0.6477426192031057,8,0,162.51375760737344,0.13992556207171053,sub-03,2.0,264
WRONG,1.0000000049555406,0.9999999912684012,0.43204937857596,8,0,368.38533632079316,0.1004678512695645,sub-03,2.0,264
POP,1.0000000033140626,0.0,0.0,4,0,inf,0.0,sub-03,0.0,265
MATCH,1.00000001758342,0.9999999913113515,0.773266948533059,8,0,125.97005967820935,0.15216162515988652,sub-03,2.0000000000000004,265
WRONG,1.0000000136988263,0.9999999913113515,1.060229137310435,8,0,238.12468257657713,0.12683484570239126,sub-03,2.0000000000000004,265
POP,1.0000000139642775,0.0,0.0,4,0,inf,0.0,sub-03,0.0,266
MATCH,1.0000000159295153,0.9999999936089646,1.1256074861346648,8,0,255.475648965702,0.11341331473671643,sub-03,2.0000000000000004,266
WRONG,1.0000000174497332,0.9999999936089646,0.9171477251893243,8,0,528.9822402344753,0.07522093050375503,sub-03,2.0,266
POP,1.0000000162873848,0.0,0.0,4,0,inf,0.0,sub-05,0.0,267
MATCH,1.0000000162873848,0.9999999921651362,0.5407524178038324,8,0,103.3779207680251,0.17561161370221798,sub-05,1.9999999999999996,267
WRONG,1.0000000165193903,0.9999999909103675,0.5091397208462008,8,0,87.71041871068648,0.18949105292906696,sub-05,2.000000000000001,267
POP,1.0000000056676233,0.0,0.0,4,0,inf,0.0,sub-03,0.0,268
MATCH,1.0000000056676233,0.9999999856169465,0.6174502333907748,8,0,93.06699837994206,0.16933765873712275,sub-03,1.9999999999999993,268
WRONG,1.0000000056676233,0.9999999914078469,1.0897086990115759,8,0,140.90901144661808,0.14617451472827317,sub-03,1.9999999999999998,268
POP,1.0000000033140626,0.0,0.0,4,0,inf,0.0,sub-05,0.0,269
MATCH,1.0000000092553059,0.9999999901646374,0.6685733089426836,8,0,166.07250946040685,0.15197649827662527,sub-05,1.9999999999999996,269
WRONG,1.0000000097979482,0.9999999913113515,0.5036717024669053,8,0,69.99757875971171,0.17965755978397419,sub-05,2.0000000000000004,269
POP,1.0000000033140626,0.0,0.0,4,0,inf,0.0,sub-03,0.0,270
MATCH,1.00000001758342,0.9999999913113515,0.773266948533059,8,0,125.97005967820935,0.15216162515988652,sub-03,2.0000000000000004,270
WRONG,1.0000000134249603,0.9999999913113515,1.2393060066661588,8,0,348.06298509627925,0.09853418033261768,sub-03,2.0,270
POP,1.0000000162873848,0.0,0.0,4,0,inf,0.0,sub-05,0.0,271
MATCH,1.0000000162873848,0.9999999921651362,0.5407524178038324,8,0,103.3779207680251,0.17561161370221798,sub-05,1.9999999999999996,271
WRONG,1.0000000162873848,0.9999999915080833,0.5462669285954422,8,0,122.12345637697273,0.16764973786647636,sub-05,1.9999999999999996,271
POP,1.0000000218963878,0.0,0.0,4,0,inf,0.0,sub-05,0.0,272
MATCH,1.0000000218963878,0.9999999844225683,0.9950924502289801,8,0,62.38821858557844,0.22278538197621195,sub-05,1.9999999999999991,272
WRONG,1.0000000218963878,0.9999999905416309,1.5854476929260595,8,0,78.18807045648619,0.1921801680113339,sub-05,2.0000000000000004,272
POP,1.0000000162873848,0.0,0.0,4,0,inf,0.0,sub-03,0.0,273
MATCH,1.0000000162873848,0.9999999875828055,0.5203731573495723,8,0,140.17222841043707,0.14838309747036235,sub-03,2.000000000000001,273
WRONG,1.0000000162873848,0.9999999921651362,0.8797359883731921,8,0,95.76152426922754,0.16630701852586421,sub-03,1.9999999999999987,273
POP,1.0000000049555406,0.0,0.0,4,0,inf,0.0,sub-02,0.0,274
MATCH,1.0000000051839955,0.9999999912684012,0.6608396485261291,8,0,1010.4638776612076,0.055792772870079145,sub-02,2.0000000000000013,274
WRONG,1.0000000049555406,0.9999999912684012,0.6477426192031057,8,0,162.51375760737344,0.13992556207171053,sub-02,2.0,274
POP,1.0000000162873848,0.0,0.0,4,0,inf,0.0,sub-02,0.0,275
MATCH,1.0000000162873848,0.9999999915080833,0.5462669285954422,8,0,122.12345637697273,0.16764973786647636,sub-02,1.9999999999999996,275
WRONG,1.0000000162873848,0.9999999921651362,0.8797359883731921,8,0,95.76152426922754,0.16630701852586421,sub-02,1.9999999999999987,275
POP,1.0000000049555406,0.0,0.0,4,0,inf,0.0,sub-03,0.0,276
MATCH,1.0000000049555406,0.9999999912684012,0.6477426192031057,8,0,162.51375760737344,0.13992556207171053,sub-03,2.0,276
WRONG,1.0000000111272034,0.9999999912684012,0.5065829049829629,8,0,241.23813048223704,0.11685208539492115,sub-03,2.0000000000000004,276
POP,1.0000000218963878,0.0,0.0,4,0,inf,0.0,sub-05,0.0,277
MATCH,1.0000000218963878,0.9999999844225683,0.9950924502289801,8,0,62.38821858557844,0.22278538197621195,sub-05,1.9999999999999991,277
WRONG,1.0000000218963878,0.9999999905416309,1.5854476929260595,8,0,78.18807045648619,0.1921801680113339,sub-05,2.0000000000000004,277
POP,1.0000000139642775,0.0,0.0,4,0,inf,0.0,sub-03,0.0,278
MATCH,1.0000000159295153,0.9999999936089646,1.1256074861346648,8,0,255.475648965702,0.11341331473671643,sub-03,2.0000000000000004,278
WRONG,1.0000000139642775,0.9999999936089646,1.030366067115536,8,0,95.35989786051213,0.20273921929654154,sub-03,2.0,278
POP,1.0000000033140626,0.0,0.0,4,0,inf,0.0,sub-05,0.0,279
MATCH,1.0000000092553059,0.9999999901646374,0.6685733089426836,8,0,166.07250946040685,0.15197649827662527,sub-05,1.9999999999999996,279
WRONG,1.0000000033140626,0.9999999894532442,1.2047993702054256,8,0,190.78923810140327,0.12637401404977772,sub-05,2.0,279
POP,1.0000000049555406,0.0,0.0,4,0,inf,0.0,sub-05,0.0,280
MATCH,1.0000000049555406,0.9999999912684012,0.43204937857596,8,0,368.38533632079316,0.1004678512695645,sub-05,2.0,280
WRONG,1.0000000049555406,0.9999999912684012,0.9049411874775697,8,0,623.9274096003297,0.08137607931413474,sub-05,2.0,280
POP,1.0000000056676233,0.0,0.0,4,0,inf,0.0,sub-02,0.0,281
MATCH,1.0000000056676233,0.9999999764177279,23.119023493954927,8,0,42613.59562349442,0.009957933870278199,sub-02,2.0,281
WRONG,1.0000000114806107,0.9999999914078469,0.452413634408112,8,0,153.56634303006481,0.13073140011288636,sub-02,2.0000000000000013,281
POP,1.0000000218963878,0.0,0.0,4,0,inf,0.0,sub-03,0.0,282
MATCH,1.0000000218963878,0.9999999843847721,1.1402613383503588,8,0,182.6606537891457,0.13987399203236697,sub-03,1.9999999999999996,282
WRONG,1.0000000218963878,0.9999999822774356,2.8266479637509763,8,0,76.46789109838642,0.19281907827255398,sub-03,1.9999999999999996,282
POP,1.0000000033140626,0.0,0.0,4,0,inf,0.0,sub-02,0.0,283
MATCH,1.0000000033140626,0.9999999913113515,0.9541027480779618,8,0,396.5047863756588,0.10003602764204957,sub-02,2.0,283
WRONG,1.0000000092553059,0.9999999901646374,0.6685733089426836,8,0,166.07250946040685,0.15197649827662527,sub-02,1.9999999999999996,283
POP,1.0000000139642775,0.0,0.0,4,0,inf,0.0,sub-05,0.0,284
MATCH,1.0000000163930096,0.9999999936089646,1.4701843654926738,8,0,201.22277852746967,0.128553916121917,sub-05,1.9999999999999984,284
WRONG,1.0000000139642775,0.9999999836133375,1.454785290880529,8,0,132.8998733350674,0.14920490885903498,sub-05,1.9999999999999996,284
POP,1.0000000056676233,0.0,0.0,4,0,inf,0.0,sub-02,0.0,285
MATCH,1.0000000056676233,0.9999999764177279,23.119023493954927,8,0,42613.59562349442,0.009957933870278199,sub-02,2.0,285
WRONG,1.0000000056676233,0.9999999914078469,0.7717195598660057,8,0,226.01570311632818,0.11837118962909668,sub-02,2.0,285
POP,1.0000000033140626,0.0,0.0,4,0,inf,0.0,sub-02,0.0,286
MATCH,1.0000000033140626,0.9999999913113515,0.9541027480779618,8,0,396.5047863756588,0.10003602764204957,sub-02,2.0,286
WRONG,1.00000001758342,0.9999999913113515,0.773266948533059,8,0,125.97005967820935,0.15216162515988652,sub-02,2.0000000000000004,286
POP,1.0000000162873848,0.0,0.0,4,0,inf,0.0,sub-05,0.0,287
MATCH,1.0000000162873848,0.9999999921651362,0.5407524178038324,8,0,103.3779207680251,0.17561161370221798,sub-05,1.9999999999999996,287
WRONG,1.0000000165193903,0.9999999909103675,0.5091397208462008,8,0,87.71041871068648,0.18949105292906696,sub-05,2.000000000000001,287
POP,1.0000000033140626,0.0,0.0,4,0,inf,0.0,sub-03,0.0,288
MATCH,1.00000001758342,0.9999999913113515,0.773266948533059,8,0,125.97005967820935,0.15216162515988652,sub-03,2.0000000000000004,288
WRONG,1.0000000086861764,0.9999999842562495,1.1474205273151663,8,0,1473.0645877091497,0.05516945705587207,sub-03,1.9999999999999996,288
POP,1.0000000056676233,0.0,0.0,4,0,inf,0.0,sub-02,0.0,289
MATCH,1.0000000056676233,0.9999999764177279,23.119023493954927,8,0,42613.59562349442,0.009957933870278199,sub-02,2.0,289
WRONG,1.0000000101926856,0.9999999914078469,0.560500344848308,8,0,319.7094876139476,0.09311668276420734,sub-02,2.0,289
POP,1.0000000049555406,0.0,0.0,4,0,inf,0.0,sub-03,0.0,290
MATCH,1.0000000049555406,0.9999999912684012,0.6477426192031057,8,0,162.51375760737344,0.13992556207171053,sub-03,2.0,290
WRONG,1.0000000054237543,0.999999988974893,0.6832607369632787,8,0,360.0836536958348,0.11411043742417008,sub-03,2.000000000000001,290
POP,1.0000000139642775,0.0,0.0,4,0,inf,0.0,sub-03,0.0,291
MATCH,1.0000000159295153,0.9999999936089646,1.1256074861346648,8,0,255.475648965702,0.11341331473671643,sub-03,2.0000000000000004,291
WRONG,1.0000000139642775,0.9999999874309182,0.6493785067393941,8,0,107.76472090528179,0.1775100932033457,sub-03,2.0,291
POP,1.0000000218963878,0.0,0.0,4,0,inf,0.0,sub-02,0.0,292
MATCH,1.0000000218963878,0.9999999851995511,1.356770259866796,8,0,108.31833899961352,0.15942311408366275,sub-02,1.9999999999999993,292
WRONG,1.0000000233639161,0.9999999761087436,5.773636804927116,8,0,1450.9024536408288,0.05319568562763217,sub-02,2.0,292
POP,1.0000000049555406,0.0,0.0,4,0,inf,0.0,sub-03,0.0,293
MATCH,1.0000000049555406,0.9999999912684012,0.6477426192031057,8,0,162.51375760737344,0.13992556207171053,sub-03,2.0,293
WRONG,1.0000000051839955,0.9999999912684012,0.6608396485261291,8,0,1010.4638776612076,0.055792772870079145,sub-03,2.0000000000000013,293
POP,1.0000000033140626,0.0,0.0,4,0,inf,0.0,sub-02,0.0,294
MATCH,1.0000000033140626,0.9999999913113515,0.9541027480779618,8,0,396.5047863756588,0.10003602764204957,sub-02,2.0,294
WRONG,1.0000000092553059,0.9999999901646374,0.6685733089426836,8,0,166.07250946040685,0.15197649827662527,sub-02,1.9999999999999996,294
POP,1.0000000139642775,0.0,0.0,4,0,inf,0.0,sub-05,0.0,295
MATCH,1.0000000163930096,0.9999999936089646,1.4701843654926738,8,0,201.22277852746967,0.128553916121917,sub-05,1.9999999999999984,295
WRONG,1.0000000159295153,0.9999999936089646,1.1256074861346648,8,0,255.475648965702,0.11341331473671643,sub-05,2.0000000000000004,295
POP,1.0000000033140626,0.0,0.0,4,0,inf,0.0,sub-02,0.0,296
MATCH,1.0000000033140626,0.9999999913113515,0.9541027480779618,8,0,396.5047863756588,0.10003602764204957,sub-02,2.0,296
WRONG,1.0000000086861764,0.9999999842562495,1.1474205273151663,8,0,1473.0645877091497,0.05516945705587207,sub-02,1.9999999999999996,296
POP,1.0000000218963878,0.0,0.0,4,0,inf,0.0,sub-02,0.0,297
MATCH,1.0000000218963878,0.9999999851995511,1.356770259866796,8,0,108.31833899961352,0.15942311408366275,sub-02,1.9999999999999993,297
WRONG,1.0000000218963878,0.9999999822774356,2.8266479637509763,8,0,76.46789109838642,0.19281907827255398,sub-02,1.9999999999999996,297
POP,1.0000000049555406,0.0,0.0,4,0,inf,0.0,sub-05,0.0,298
MATCH,1.0000000049555406,0.9999999912684012,0.43204937857596,8,0,368.38533632079316,0.1004678512695645,sub-05,2.0,298
WRONG,1.0000000072076154,0.9999999912684012,1.6818203299162333,8,0,308.2788262789046,0.11196755393148064,sub-05,2.0,298
POP,1.0000000049555406,0.0,0.0,4,0,inf,0.0,sub-02,0.0,299
MATCH,1.0000000051839955,0.9999999912684012,0.6608396485261291,8,0,1010.4638776612076,0.055792772870079145,sub-02,2.0000000000000013,299
WRONG,1.0000000054237543,0.999999988974893,0.6832607369632787,8,0,360.0836536958348,0.11411043742417008,sub-02,2.000000000000001,299
POP,1.0000000162873848,0.0,0.0,4,0,inf,0.0,sub-05,0.0,300
MATCH,1.0000000162873848,0.9999999921651362,0.5407524178038324,8,0,103.3779207680251,0.17561161370221798,sub-05,1.9999999999999996,300
WRONG,1.0000000222071481,0.9999999851360845,0.5952383102297151,8,0,1124.7950722064154,0.0563510385359874,sub-05,2.0000000000000004,300
POP,1.0000000033140626,0.0,0.0,4,0,inf,0.0,sub-02,0.0,301
MATCH,1.0000000033140626,0.9999999913113515,0.9541027480779618,8,0,396.5047863756588,0.10003602764204957,sub-02,2.0,301
WRONG,1.000000007827821,0.9999999911914411,0.5428132558878888,8,0,172.84096090107275,0.14181989696033015,sub-02,2.000000000000001,301
POP,1.0000000162873848,0.0,0.0,4,0,inf,0.0,sub-05,0.0,302
MATCH,1.0000000162873848,0.9999999921651362,0.5407524178038324,8,0,103.3779207680251,0.17561161370221798,sub-05,1.9999999999999996,302
WRONG,1.0000000162873848,0.9999999921651362,0.8797359883731921,8,0,95.76152426922754,0.16630701852586421,sub-05,1.9999999999999987,302
POP,1.0000000162873848,0.0,0.0,4,0,inf,0.0,sub-03,0.0,303
MATCH,1.0000000162873848,0.9999999875828055,0.5203731573495723,8,0,140.17222841043707,0.14838309747036235,sub-03,2.000000000000001,303
WRONG,1.0000000222071481,0.9999999851360845,0.5952383102297151,8,0,1124.7950722064154,0.0563510385359874,sub-03,2.0000000000000004,303
POP,1.0000000139642775,0.0,0.0,4,0,inf,0.0,sub-03,0.0,304
MATCH,1.0000000159295153,0.9999999936089646,1.1256074861346648,8,0,255.475648965702,0.11341331473671643,sub-03,2.0000000000000004,304
WRONG,1.0000000139642775,0.9999999895924071,0.7438684089775103,8,0,84.1435757265684,0.18335995183716183,sub-03,2.0,304
POP,1.0000000162873848,0.0,0.0,4,0,inf,0.0,sub-02,0.0,305
MATCH,1.0000000162873848,0.9999999915080833,0.5462669285954422,8,0,122.12345637697273,0.16764973786647636,sub-02,1.9999999999999996,305
WRONG,1.0000000162873848,0.9999999753741167,0.49169022631929504,8,0,182.94664917151957,0.13406380601851678,sub-02,2.0000000000000004,305
POP,1.0000000049555406,0.0,0.0,4,0,inf,0.0,sub-03,0.0,306
MATCH,1.0000000049555406,0.9999999912684012,0.6477426192031057,8,0,162.51375760737344,0.13992556207171053,sub-03,2.0,306
WRONG,1.000000022010709,0.9999999912684012,0.4964025507779533,8,0,670.8334526533249,0.06715883007752359,sub-03,1.9999999999999998,306
POP,1.0000000049555406,0.0,0.0,4,0,inf,0.0,sub-02,0.0,307
MATCH,1.0000000051839955,0.9999999912684012,0.6608396485261291,8,0,1010.4638776612076,0.055792772870079145,sub-02,2.0000000000000013,307
WRONG,1.0000000049555406,0.9999999912684012,0.9049411874775697,8,0,623.9274096003297,0.08137607931413474,sub-02,2.0,307
POP,1.0000000218963878,0.0,0.0,4,0,inf,0.0,sub-02,0.0,308
MATCH,1.0000000218963878,0.9999999851995511,1.356770259866796,8,0,108.31833899961352,0.15942311408366275,sub-02,1.9999999999999993,308
WRONG,1.0000000218963878,0.9999999916463927,1.08839094419335,8,0,36.11899045543135,0.28730191274012656,sub-02,1.9999999999999993,308
POP,1.0000000139642775,0.0,0.0,4,0,inf,0.0,sub-02,0.0,309
MATCH,1.0000000139642775,0.9999999936089646,2.000277253095887,8,0,431.9174235456616,0.09110254393446103,sub-02,2.0,309
WRONG,1.0000000174497332,0.9999999936089646,0.9171477251893243,8,0,528.9822402344753,0.07522093050375503,sub-02,2.0,309
POP,1.0000000049555406,0.0,0.0,4,0,inf,0.0,sub-02,0.0,310
MATCH,1.0000000051839955,0.9999999912684012,0.6608396485261291,8,0,1010.4638776612076,0.055792772870079145,sub-02,2.0000000000000013,310
WRONG,1.0000000104198612,0.9999999912684012,0.5758191783503831,8,0,181.97375115828828,0.14478700687034474,sub-02,2.0000000000000004,310
POP,1.0000000162873848,0.0,0.0,4,0,inf,0.0,sub-05,0.0,311
MATCH,1.0000000162873848,0.9999999921651362,0.5407524178038324,8,0,103.3779207680251,0.17561161370221798,sub-05,1.9999999999999996,311
WRONG,1.0000000222071481,0.9999999851360845,0.5952383102297151,8,0,1124.7950722064154,0.0563510385359874,sub-05,2.0000000000000004,311
POP,1.0000000049555406,0.0,0.0,4,0,inf,0.0,sub-05,0.0,312
MATCH,1.0000000049555406,0.9999999912684012,0.43204937857596,8,0,368.38533632079316,0.1004678512695645,sub-05,2.0,312
WRONG,1.0000000072076154,0.9999999912684012,1.6818203299162333,8,0,308.2788262789046,0.11196755393148064,sub-05,2.0,312
POP,1.0000000162873848,0.0,0.0,4,0,inf,0.0,sub-03,0.0,313
MATCH,1.0000000162873848,0.9999999875828055,0.5203731573495723,8,0,140.17222841043707,0.14838309747036235,sub-03,2.000000000000001,313
WRONG,1.0000000162873848,0.9999999778246144,1.0624307558169346,8,0,388.92434162839913,0.09243115259845261,sub-03,1.9999999999999998,313
POP,1.0000000049555406,0.0,0.0,4,0,inf,0.0,sub-02,0.0,314
MATCH,1.0000000051839955,0.9999999912684012,0.6608396485261291,8,0,1010.4638776612076,0.055792772870079145,sub-02,2.0000000000000013,314
WRONG,1.0000000054237543,0.999999988974893,0.6832607369632787,8,0,360.0836536958348,0.11411043742417008,sub-02,2.000000000000001,314
POP,1.0000000033140626,0.0,0.0,4,0,inf,0.0,sub-02,0.0,315
MATCH,1.0000000033140626,0.9999999913113515,0.9541027480779618,8,0,396.5047863756588,0.10003602764204957,sub-02,2.0,315
WRONG,1.0000000134249603,0.9999999913113515,1.2393060066661588,8,0,348.06298509627925,0.09853418033261768,sub-02,2.0,315
POP,1.0000000162873848,0.0,0.0,4,0,inf,0.0,sub-02,0.0,316
MATCH,1.0000000162873848,0.9999999915080833,0.5462669285954422,8,0,122.12345637697273,0.16764973786647636,sub-02,1.9999999999999996,316
WRONG,1.0000000222071481,0.9999999851360845,0.5952383102297151,8,0,1124.7950722064154,0.0563510385359874,sub-02,2.0000000000000004,316
POP,1.0000000056676233,0.0,0.0,4,0,inf,0.0,sub-03,0.0,317
MATCH,1.0000000056676233,0.9999999856169465,0.6174502333907748,8,0,93.06699837994206,0.16933765873712275,sub-03,1.9999999999999993,317
WRONG,1.0000000056676233,0.9999999912719534,0.9368273681994879,8,0,80.72643352974539,0.18161024232740652,sub-03,2.0,317
POP,1.0000000162873848,0.0,0.0,4,0,inf,0.0,sub-05,0.0,318
MATCH,1.0000000162873848,0.9999999921651362,0.5407524178038324,8,0,103.3779207680251,0.17561161370221798,sub-05,1.9999999999999996,318
WRONG,1.0000000165193903,0.9999999909103675,0.5091397208462008,8,0,87.71041871068648,0.18949105292906696,sub-05,2.000000000000001,318
POP,1.0000000049555406,0.0,0.0,4,0,inf,0.0,sub-05,0.0,319
MATCH,1.0000000049555406,0.9999999912684012,0.43204937857596,8,0,368.38533632079316,0.1004678512695645,sub-05,2.0,319
WRONG,1.0000000051839955,0.9999999912684012,0.6608396485261291,8,0,1010.4638776612076,0.055792772870079145,sub-05,2.0000000000000013,319
POP,1.0000000162873848,0.0,0.0,4,0,inf,0.0,sub-05,0.0,320
MATCH,1.0000000162873848,0.9999999921651362,0.5407524178038324,8,0,103.3779207680251,0.17561161370221798,sub-05,1.9999999999999996,320
WRONG,1.0000000162873848,0.9999999810154647,0.495212597790569,8,0,131.59038262239469,0.15600112928341986,sub-05,2.0,320
POP,1.0000000049555406,0.0,0.0,4,0,inf,0.0,sub-05,0.0,321
MATCH,1.0000000049555406,0.9999999912684012,0.43204937857596,8,0,368.38533632079316,0.1004678512695645,sub-05,2.0,321
WRONG,1.0000000192646568,0.9999999912684012,0.561791819017718,8,0,2161.127177156649,0.03974351711834052,sub-05,2.000000000000001,321
POP,1.0000000033140626,0.0,0.0,4,0,inf,0.0,sub-03,0.0,322
MATCH,1.00000001758342,0.9999999913113515,0.773266948533059,8,0,125.97005967820935,0.15216162515988652,sub-03,2.0000000000000004,322
WRONG,1.0000000033140626,0.9999999894532442,1.2047993702054256,8,0,190.78923810140327,0.12637401404977772,sub-03,2.0,322
POP,1.0000000162873848,0.0,0.0,4,0,inf,0.0,sub-02,0.0,323
MATCH,1.0000000162873848,0.9999999915080833,0.5462669285954422,8,0,122.12345637697273,0.16764973786647636,sub-02,1.9999999999999996,323
WRONG,1.0000000162873848,0.9999999753741167,0.49169022631929504,8,0,182.94664917151957,0.13406380601851678,sub-02,2.0000000000000004,323
POP,1.0000000056676233,0.0,0.0,4,0,inf,0.0,sub-02,0.0,324
MATCH,1.0000000056676233,0.9999999764177279,23.119023493954927,8,0,42613.59562349442,0.009957933870278199,sub-02,2.0,324
WRONG,1.0000000056676233,0.9999999856169465,0.6174502333907748,8,0,93.06699837994206,0.16933765873712275,sub-02,1.9999999999999993,324
POP,1.0000000033140626,0.0,0.0,4,0,inf,0.0,sub-02,0.0,325
MATCH,1.0000000033140626,0.9999999913113515,0.9541027480779618,8,0,396.5047863756588,0.10003602764204957,sub-02,2.0,325
WRONG,1.00000001758342,0.9999999913113515,0.773266948533059,8,0,125.97005967820935,0.15216162515988652,sub-02,2.0000000000000004,325
POP,1.0000000139642775,0.0,0.0,4,0,inf,0.0,sub-05,0.0,326
MATCH,1.0000000163930096,0.9999999936089646,1.4701843654926738,8,0,201.22277852746967,0.128553916121917,sub-05,1.9999999999999984,326
WRONG,1.0000000139642775,0.9999999936089646,1.030366067115536,8,0,95.35989786051213,0.20273921929654154,sub-05,2.0,326
POP,1.0000000139642775,0.0,0.0,4,0,inf,0.0,sub-05,0.0,327
MATCH,1.0000000163930096,0.9999999936089646,1.4701843654926738,8,0,201.22277852746967,0.128553916121917,sub-05,1.9999999999999984,327
WRONG,1.0000000139642775,0.9999999895924071,0.7438684089775103,8,0,84.1435757265684,0.18335995183716183,sub-05,2.0,327
POP,1.0000000218963878,0.0,0.0,4,0,inf,0.0,sub-05,0.0,328
MATCH,1.0000000218963878,0.9999999844225683,0.9950924502289801,8,0,62.38821858557844,0.22278538197621195,sub-05,1.9999999999999991,328
WRONG,1.0000000218963878,0.9999999905416309,1.5854476929260595,8,0,78.18807045648619,0.1921801680113339,sub-05,2.0000000000000004,328
POP,1.0000000162873848,0.0,0.0,4,0,inf,0.0,sub-02,0.0,329
MATCH,1.0000000162873848,0.9999999915080833,0.5462669285954422,8,0,122.12345637697273,0.16764973786647636,sub-02,1.9999999999999996,329
WRONG,1.0000000162873848,0.9999999766402683,2.307457748010947,8,0,1949.681821866159,0.0487051021973206,sub-02,2.000000000000001,329
POP,1.0000000056676233,0.0,0.0,4,0,inf,0.0,sub-03,0.0,330
MATCH,1.0000000056676233,0.9999999856169465,0.6174502333907748,8,0,93.06699837994206,0.16933765873712275,sub-03,1.9999999999999993,330
WRONG,1.0000000101926856,0.9999999914078469,0.560500344848308,8,0,319.7094876139476,0.09311668276420734,sub-03,2.0,330
POP,1.0000000033140626,0.0,0.0,4,0,inf,0.0,sub-05,0.0,331
MATCH,1.0000000092553059,0.9999999901646374,0.6685733089426836,8,0,166.07250946040685,0.15197649827662527,sub-05,1.9999999999999996,331
WRONG,1.0000000033140626,0.9999999878762591,0.8754374381208562,8,0,243.5087929808658,0.12593952145010054,sub-05,1.9999999999999998,331
POP,1.0000000218963878,0.0,0.0,4,0,inf,0.0,sub-02,0.0,332
MATCH,1.0000000218963878,0.9999999851995511,1.356770259866796,8,0,108.31833899961352,0.15942311408366275,sub-02,1.9999999999999993,332
WRONG,1.0000000218963878,0.9999999843472078,0.9710060635971342,8,0,141.10252388471773,0.1451007471630098,sub-02,2.0000000000000004,332
POP,1.0000000139642775,0.0,0.0,4,0,inf,0.0,sub-02,0.0,333
MATCH,1.0000000139642775,0.9999999936089646,2.000277253095887,8,0,431.9174235456616,0.09110254393446103,sub-02,2.0,333
WRONG,1.0000000174497332,0.9999999936089646,0.9171477251893243,8,0,528.9822402344753,0.07522093050375503,sub-02,2.0,333
POP,1.0000000056676233,0.0,0.0,4,0,inf,0.0,sub-05,0.0,334
MATCH,1.000000007154422,0.9999999904477422,0.5465113375948416,8,0,52.81155793181407,0.2241927090951616,sub-05,2.0,334
WRONG,1.0000000056676233,0.9999999892784711,2.777015962196618,8,0,263.03739763045127,0.09912802814647004,sub-05,2.0,334
POP,1.0000000049555406,0.0,0.0,4,0,inf,0.0,sub-03,0.0,335
MATCH,1.0000000049555406,0.9999999912684012,0.6477426192031057,8,0,162.51375760737344,0.13992556207171053,sub-03,2.0,335
WRONG,1.0000000049555406,0.9999999912684012,0.39879290442162363,8,0,146.4493734462549,0.14310559087151858,sub-03,2.0000000000000013,335
POP,1.0000000162873848,0.0,0.0,4,0,inf,0.0,sub-02,0.0,336
MATCH,1.0000000162873848,0.9999999915080833,0.5462669285954422,8,0,122.12345637697273,0.16764973786647636,sub-02,1.9999999999999996,336
WRONG,1.0000000162873848,0.9999999921651362,0.8797359883731921,8,0,95.76152426922754,0.16630701852586421,sub-02,1.9999999999999987,336
POP,1.0000000139642775,0.0,0.0,4,0,inf,0.0,sub-05,0.0,337
MATCH,1.0000000163930096,0.9999999936089646,1.4701843654926738,8,0,201.22277852746967,0.128553916121917,sub-05,1.9999999999999984,337
WRONG,1.0000000139642775,0.9999999936089646,2.000277253095887,8,0,431.9174235456616,0.09110254393446103,sub-05,2.0,337
POP,1.0000000162873848,0.0,0.0,4,0,inf,0.0,sub-02,0.0,338
MATCH,1.0000000162873848,0.9999999915080833,0.5462669285954422,8,0,122.12345637697273,0.16764973786647636,sub-02,1.9999999999999996,338
WRONG,1.0000000162873848,0.9999999778246144,1.0624307558169346,8,0,388.92434162839913,0.09243115259845261,sub-02,1.9999999999999998,338
POP,1.0000000139642775,0.0,0.0,4,0,inf,0.0,sub-03,0.0,339
MATCH,1.0000000159295153,0.9999999936089646,1.1256074861346648,8,0,255.475648965702,0.11341331473671643,sub-03,2.0000000000000004,339
WRONG,1.0000000139642775,0.9999999936089646,2.000277253095887,8,0,431.9174235456616,0.09110254393446103,sub-03,2.0,339
POP,1.0000000033140626,0.0,0.0,4,0,inf,0.0,sub-05,0.0,340
MATCH,1.0000000092553059,0.9999999901646374,0.6685733089426836,8,0,166.07250946040685,0.15197649827662527,sub-05,1.9999999999999996,340
WRONG,1.0000000134249603,0.9999999913113515,1.2393060066661588,8,0,348.06298509627925,0.09853418033261768,sub-05,2.0,340
POP,1.0000000033140626,0.0,0.0,4,0,inf,0.0,sub-05,0.0,341
MATCH,1.0000000092553059,0.9999999901646374,0.6685733089426836,8,0,166.07250946040685,0.15197649827662527,sub-05,1.9999999999999996,341
WRONG,1.000000007938381,0.9999999909090919,2.0885078244184876,8,0,830.476513297075,0.06037201526803587,sub-05,2.0,341
POP,1.0000000139642775,0.0,0.0,4,0,inf,0.0,sub-03,0.0,342
MATCH,1.0000000159295153,0.9999999936089646,1.1256074861346648,8,0,255.475648965702,0.11341331473671643,sub-03,2.0000000000000004,342
WRONG,1.0000000139642775,0.9999999936089646,2.000277253095887,8,0,431.9174235456616,0.09110254393446103,sub-03,2.0,342
POP,1.0000000033140626,0.0,0.0,4,0,inf,0.0,sub-05,0.0,343
MATCH,1.0000000092553059,0.9999999901646374,0.6685733089426836,8,0,166.07250946040685,0.15197649827662527,sub-05,1.9999999999999996,343
WRONG,1.000000007938381,0.9999999909090919,2.0885078244184876,8,0,830.476513297075,0.06037201526803587,sub-05,2.0,343
POP,1.0000000162873848,0.0,0.0,4,0,inf,0.0,sub-02,0.0,344
MATCH,1.0000000162873848,0.9999999915080833,0.5462669285954422,8,0,122.12345637697273,0.16764973786647636,sub-02,1.9999999999999996,344
WRONG,1.0000000162873848,0.9999999753741167,0.49169022631929504,8,0,182.94664917151957,0.13406380601851678,sub-02,2.0000000000000004,344
POP,1.0000000049555406,0.0,0.0,4,0,inf,0.0,sub-05,0.0,345
MATCH,1.0000000049555406,0.9999999912684012,0.43204937857596,8,0,368.38533632079316,0.1004678512695645,sub-05,2.0,345
WRONG,1.0000000049555406,0.9999999842562199,0.777418268918034,8,0,205.89221401707618,0.15481598417202344,sub-05,2.0,345
POP,1.0000000049555406,0.0,0.0,4,0,inf,0.0,sub-03,0.0,346
MATCH,1.0000000049555406,0.9999999912684012,0.6477426192031057,8,0,162.51375760737344,0.13992556207171053,sub-03,2.0,346
WRONG,1.0000000111272034,0.9999999912684012,0.5065829049829629,8,0,241.23813048223704,0.11685208539492115,sub-03,2.0000000000000004,346
POP,1.0000000056676233,0.0,0.0,4,0,inf,0.0,sub-03,0.0,347
MATCH,1.0000000056676233,0.9999999856169465,0.6174502333907748,8,0,93.06699837994206,0.16933765873712275,sub-03,1.9999999999999993,347
WRONG,1.0000000114806107,0.9999999914078469,0.452413634408112,8,0,153.56634303006481,0.13073140011288636,sub-03,2.0000000000000013,347
POP,1.0000000218963878,0.0,0.0,4,0,inf,0.0,sub-02,0.0,348
MATCH,1.0000000218963878,0.9999999851995511,1.356770259866796,8,0,108.31833899961352,0.15942311408366275,sub-02,1.9999999999999993,348
WRONG,1.0000000218963878,0.9999999844225683,0.9950924502289801,8,0,62.38821858557844,0.22278538197621195,sub-02,1.9999999999999991,348
POP,1.0000000033140626,0.0,0.0,4,0,inf,0.0,sub-02,0.0,349
MATCH,1.0000000033140626,0.9999999913113515,0.9541027480779618,8,0,396.5047863756588,0.10003602764204957,sub-02,2.0,349
WRONG,1.00000001758342,0.9999999913113515,0.773266948533059,8,0,125.97005967820935,0.15216162515988652,sub-02,2.0000000000000004,349
POP,1.0000000056676233,0.0,0.0,4,0,inf,0.0,sub-03,0.0,350
MATCH,1.0000000056676233,0.9999999856169465,0.6174502333907748,8,0,93.06699837994206,0.16933765873712275,sub-03,1.9999999999999993,350
WRONG,1.0000000056676233,0.9999999914078469,0.7717195598660057,8,0,226.01570311632818,0.11837118962909668,sub-03,2.0,350
POP,1.0000000033140626,0.0,0.0,4,0,inf,0.0,sub-02,0.0,351
MATCH,1.0000000033140626,0.9999999913113515,0.9541027480779618,8,0,396.5047863756588,0.10003602764204957,sub-02,2.0,351
WRONG,1.0000000097979482,0.9999999913113515,0.5036717024669053,8,0,69.99757875971171,0.17965755978397419,sub-02,2.0000000000000004,351
POP,1.0000000218963878,0.0,0.0,4,0,inf,0.0,sub-05,0.0,352
MATCH,1.0000000218963878,0.9999999844225683,0.9950924502289801,8,0,62.38821858557844,0.22278538197621195,sub-05,1.9999999999999991,352
WRONG,1.0000000218963878,0.9999999745794652,1.009148267872007,8,0,244.99921215534906,0.11736732298681624,sub-05,1.9999999999999993,352
POP,1.0000000033140626,0.0,0.0,4,0,inf,0.0,sub-02,0.0,353
MATCH,1.0000000033140626,0.9999999913113515,0.9541027480779618,8,0,396.5047863756588,0.10003602764204957,sub-02,2.0,353
WRONG,1.0000000136988263,0.9999999913113515,1.060229137310435,8,0,238.12468257657713,0.12683484570239126,sub-02,2.0000000000000004,353
POP,1.0000000162873848,0.0,0.0,4,0,inf,0.0,sub-05,0.0,354
MATCH,1.0000000162873848,0.9999999921651362,0.5407524178038324,8,0,103.3779207680251,0.17561161370221798,sub-05,1.9999999999999996,354
WRONG,1.0000000238153854,0.9999999921651362,1.0411957022409066,8,0,104.74982033431307,0.17399242602741752,sub-05,2.0000000000000004,354
POP,1.0000000033140626,0.0,0.0,4,0,inf,0.0,sub-02,0.0,355
MATCH,1.0000000033140626,0.9999999913113515,0.9541027480779618,8,0,396.5047863756588,0.10003602764204957,sub-02,2.0,355
WRONG,1.0000000033140626,0.9999999878762591,0.8754374381208562,8,0,243.5087929808658,0.12593952145010054,sub-02,1.9999999999999998,355
POP,1.0000000162873848,0.0,0.0,4,0,inf,0.0,sub-05,0.0,356
MATCH,1.0000000162873848,0.9999999921651362,0.5407524178038324,8,0,103.3779207680251,0.17561161370221798,sub-05,1.9999999999999996,356
WRONG,1.0000000162873848,0.9999999875828055,0.5203731573495723,8,0,140.17222841043707,0.14838309747036235,sub-05,2.000000000000001,356
POP,1.0000000218963878,0.0,0.0,4,0,inf,0.0,sub-02,0.0,357
MATCH,1.0000000218963878,0.9999999851995511,1.356770259866796,8,0,108.31833899961352,0.15942311408366275,sub-02,1.9999999999999993,357
WRONG,1.0000000218963878,0.9999999916463927,1.08839094419335,8,0,36.11899045543135,0.28730191274012656,sub-02,1.9999999999999993,357
POP,1.0000000139642775,0.0,0.0,4,0,inf,0.0,sub-05,0.0,358
MATCH,1.0000000163930096,0.9999999936089646,1.4701843654926738,8,0,201.22277852746967,0.128553916121917,sub-05,1.9999999999999984,358
WRONG,1.0000000139642775,0.9999999895924071,0.7438684089775103,8,0,84.1435757265684,0.18335995183716183,sub-05,2.0,358
POP,1.0000000139642775,0.0,0.0,4,0,inf,0.0,sub-03,0.0,359
MATCH,1.0000000159295153,0.9999999936089646,1.1256074861346648,8,0,255.475648965702,0.11341331473671643,sub-03,2.0000000000000004,359
WRONG,1.0000000139642775,0.9999999774608632,2.6947522543024953,8,0,197.4850502554612,0.11783603539760314,sub-03,2.0000000000000004,359
POP,1.0000000056676233,0.0,0.0,4,0,inf,0.0,sub-05,0.0,360
MATCH,1.000000007154422,0.9999999904477422,0.5465113375948416,8,0,52.81155793181407,0.2241927090951616,sub-05,2.0,360
WRONG,1.0000000101926856,0.9999999914078469,0.560500344848308,8,0,319.7094876139476,0.09311668276420734,sub-05,2.0,360
POP,1.0000000139642775,0.0,0.0,4,0,inf,0.0,sub-03,0.0,361
MATCH,1.0000000159295153,0.9999999936089646,1.1256074861346648,8,0,255.475648965702,0.11341331473671643,sub-03,2.0000000000000004,361
WRONG,1.0000000174497332,0.9999999936089646,0.9171477251893243,8,0,528.9822402344753,0.07522093050375503,sub-03,2.0,361
POP,1.0000000162873848,0.0,0.0,4,0,inf,0.0,sub-03,0.0,362
MATCH,1.0000000162873848,0.9999999875828055,0.5203731573495723,8,0,140.17222841043707,0.14838309747036235,sub-03,2.000000000000001,362
WRONG,1.0000000162873848,0.9999999897567544,0.8698703903173091,8,0,236.64174894435553,0.12666186050479208,sub-03,2.000000000000001,362
POP,1.0000000033140626,0.0,0.0,4,0,inf,0.0,sub-02,0.0,363
MATCH,1.0000000033140626,0.9999999913113515,0.9541027480779618,8,0,396.5047863756588,0.10003602764204957,sub-02,2.0,363
WRONG,1.000000004794356,0.9999999913113515,0.6171290993439941,8,0,1476.3207075947678,0.05002559557410812,sub-02,2.0000000000000004,363
POP,1.0000000162873848,0.0,0.0,4,0,inf,0.0,sub-03,0.0,364
MATCH,1.0000000162873848,0.9999999875828055,0.5203731573495723,8,0,140.17222841043707,0.14838309747036235,sub-03,2.000000000000001,364
WRONG,1.0000000162873848,0.9999999921651362,0.5407524178038324,8,0,103.3779207680251,0.17561161370221798,sub-03,1.9999999999999996,364
POP,1.0000000218963878,0.0,0.0,4,0,inf,0.0,sub-05,0.0,365
MATCH,1.0000000218963878,0.9999999844225683,0.9950924502289801,8,0,62.38821858557844,0.22278538197621195,sub-05,1.9999999999999991,365
WRONG,1.0000000218963878,0.9999999851995511,1.356770259866796,8,0,108.31833899961352,0.15942311408366275,sub-05,1.9999999999999993,365
POP,1.0000000049555406,0.0,0.0,4,0,inf,0.0,sub-03,0.0,366
MATCH,1.0000000049555406,0.9999999912684012,0.6477426192031057,8,0,162.51375760737344,0.13992556207171053,sub-03,2.0,366
WRONG,1.0000000049555406,0.9999999912684012,0.43204937857596,8,0,368.38533632079316,0.1004678512695645,sub-03,2.0,366
POP,1.0000000162873848,0.0,0.0,4,0,inf,0.0,sub-05,0.0,367
MATCH,1.0000000162873848,0.9999999921651362,0.5407524178038324,8,0,103.3779207680251,0.17561161370221798,sub-05,1.9999999999999996,367
WRONG,1.0000000162873848,0.9999999753741167,0.49169022631929504,8,0,182.94664917151957,0.13406380601851678,sub-05,2.0000000000000004,367
POP,1.0000000162873848,0.0,0.0,4,0,inf,0.0,sub-02,0.0,368
MATCH,1.0000000162873848,0.9999999915080833,0.5462669285954422,8,0,122.12345637697273,0.16764973786647636,sub-02,1.9999999999999996,368
WRONG,1.0000000181946422,0.9999999921651362,1.2120656295250012,8,0,870.8105041797529,0.06495339024767224,sub-02,1.9999999999999998,368
POP,1.0000000139642775,0.0,0.0,4,0,inf,0.0,sub-03,0.0,369
MATCH,1.0000000159295153,0.9999999936089646,1.1256074861346648,8,0,255.475648965702,0.11341331473671643,sub-03,2.0000000000000004,369
WRONG,1.0000000163930096,0.9999999936089646,1.4701843654926738,8,0,201.22277852746967,0.128553916121917,sub-03,1.9999999999999984,369
POP,1.0000000162873848,0.0,0.0,4,0,inf,0.0,sub-03,0.0,370
MATCH,1.0000000162873848,0.9999999875828055,0.5203731573495723,8,0,140.17222841043707,0.14838309747036235,sub-03,2.000000000000001,370
WRONG,1.0000000162873848,0.9999999766402683,2.307457748010947,8,0,1949.681821866159,0.0487051021973206,sub-03,2.000000000000001,370
POP,1.0000000049555406,0.0,0.0,4,0,inf,0.0,sub-02,0.0,371
MATCH,1.0000000051839955,0.9999999912684012,0.6608396485261291,8,0,1010.4638776612076,0.055792772870079145,sub-02,2.0000000000000013,371
WRONG,1.0000000104198612,0.9999999912684012,0.5758191783503831,8,0,181.97375115828828,0.14478700687034474,sub-02,2.0000000000000004,371
POP,1.0000000162873848,0.0,0.0,4,0,inf,0.0,sub-02,0.0,372
MATCH,1.0000000162873848,0.9999999915080833,0.5462669285954422,8,0,122.12345637697273,0.16764973786647636,sub-02,1.9999999999999996,372
WRONG,1.0000000162873848,0.9999999810154647,0.495212597790569,8,0,131.59038262239469,0.15600112928341986,sub-02,2.0,372
POP,1.0000000049555406,0.0,0.0,4,0,inf,0.0,sub-03,0.0,373
MATCH,1.0000000049555406,0.9999999912684012,0.6477426192031057,8,0,162.51375760737344,0.13992556207171053,sub-03,2.0,373
WRONG,1.0000000049555406,0.9999999912684012,0.9049411874775697,8,0,623.9274096003297,0.08137607931413474,sub-03,2.0,373
POP,1.0000000033140626,0.0,0.0,4,0,inf,0.0,sub-03,0.0,374
MATCH,1.00000001758342,0.9999999913113515,0.773266948533059,8,0,125.97005967820935,0.15216162515988652,sub-03,2.0000000000000004,374
WRONG,1.0000000086861764,0.9999999842562495,1.1474205273151663,8,0,1473.0645877091497,0.05516945705587207,sub-03,1.9999999999999996,374
POP,1.0000000218963878,0.0,0.0,4,0,inf,0.0,sub-03,0.0,375
MATCH,1.0000000218963878,0.9999999843847721,1.1402613383503588,8,0,182.6606537891457,0.13987399203236697,sub-03,1.9999999999999996,375
WRONG,1.0000000218963878,0.9999999874298283,1.8360106543804577,8,0,330.26220925231934,0.11151318526845753,sub-03,2.0,375
POP,1.0000000139642775,0.0,0.0,4,0,inf,0.0,sub-05,0.0,376
MATCH,1.0000000163930096,0.9999999936089646,1.4701843654926738,8,0,201.22277852746967,0.128553916121917,sub-05,1.9999999999999984,376
WRONG,1.0000000139642775,0.9999999936089646,0.9053686012921878,8,0,128.83085594050212,0.15881970982573254,sub-05,1.9999999999999996,376
POP,1.0000000056676233,0.0,0.0,4,0,inf,0.0,sub-02,0.0,377
MATCH,1.0000000056676233,0.9999999764177279,23.119023493954927,8,0,42613.59562349442,0.009957933870278199,sub-02,2.0,377
WRONG,1.0000000056676233,0.9999999838871831,0.4550124937813457,8,0,44.534506890706915,0.23312867618261923,sub-02,2.000000000000001,377
POP,1.0000000056676233,0.0,0.0,4,0,inf,0.0,sub-05,0.0,378
MATCH,1.000000007154422,0.9999999904477422,0.5465113375948416,8,0,52.81155793181407,0.2241927090951616,sub-05,2.0,378
WRONG,1.0000000101926856,0.9999999914078469,0.560500344848308,8,0,319.7094876139476,0.09311668276420734,sub-05,2.0,378
POP,1.0000000056676233,0.0,0.0,4,0,inf,0.0,sub-03,0.0,379
MATCH,1.0000000056676233,0.9999999856169465,0.6174502333907748,8,0,93.06699837994206,0.16933765873712275,sub-03,1.9999999999999993,379
WRONG,1.0000000056676233,0.9999999914078469,0.7717195598660057,8,0,226.01570311632818,0.11837118962909668,sub-03,2.0,379
POP,1.0000000218963878,0.0,0.0,4,0,inf,0.0,sub-02,0.0,380
MATCH,1.0000000218963878,0.9999999851995511,1.356770259866796,8,0,108.31833899961352,0.15942311408366275,sub-02,1.9999999999999993,380
WRONG,1.0000000233639161,0.9999999761087436,5.773636804927116,8,0,1450.9024536408288,0.05319568562763217,sub-02,2.0,380
POP,1.0000000033140626,0.0,0.0,4,0,inf,0.0,sub-03,0.0,381
MATCH,1.00000001758342,0.9999999913113515,0.773266948533059,8,0,125.97005967820935,0.15216162515988652,sub-03,2.0000000000000004,381
WRONG,1.000000004794356,0.9999999913113515,0.6171290993439941,8,0,1476.3207075947678,0.05002559557410812,sub-03,2.0000000000000004,381
POP,1.0000000139642775,0.0,0.0,4,0,inf,0.0,sub-03,0.0,382
MATCH,1.0000000159295153,0.9999999936089646,1.1256074861346648,8,0,255.475648965702,0.11341331473671643,sub-03,2.0000000000000004,382
WRONG,1.0000000139642775,0.9999999879064223,1.5366507749864766,8,0,599.305591319621,0.07687286792450777,sub-03,2.0,382
POP,1.0000000056676233,0.0,0.0,4,0,inf,0.0,sub-05,0.0,383
MATCH,1.000000007154422,0.9999999904477422,0.5465113375948416,8,0,52.81155793181407,0.2241927090951616,sub-05,2.0,383
WRONG,1.0000000056676233,0.9999999764177279,23.119023493954927,8,0,42613.59562349442,0.009957933870278199,sub-05,2.0,383
POP,1.0000000218963878,0.0,0.0,4,0,inf,0.0,sub-03,0.0,384
MATCH,1.0000000218963878,0.9999999843847721,1.1402613383503588,8,0,182.6606537891457,0.13987399203236697,sub-03,1.9999999999999996,384
WRONG,1.0000000218963878,0.9999999844225683,0.9950924502289801,8,0,62.38821858557844,0.22278538197621195,sub-03,1.9999999999999991,384
POP,1.0000000033140626,0.0,0.0,4,0,inf,0.0,sub-03,0.0,385
MATCH,1.00000001758342,0.9999999913113515,0.773266948533059,8,0,125.97005967820935,0.15216162515988652,sub-03,2.0000000000000004,385
WRONG,1.0000000033140626,0.9999999895315288,0.47407308604102005,8,0,103.88686663983037,0.18560884343405934,sub-03,1.9999999999999996,385
POP,1.0000000218963878,0.0,0.0,4,0,inf,0.0,sub-05,0.0,386
MATCH,1.0000000218963878,0.9999999844225683,0.9950924502289801,8,0,62.38821858557844,0.22278538197621195,sub-05,1.9999999999999991,386
WRONG,1.0000000218963878,0.9999999916463927,1.08839094419335,8,0,36.11899045543135,0.28730191274012656,sub-05,1.9999999999999993,386
POP,1.0000000056676233,0.0,0.0,4,0,inf,0.0,sub-03,0.0,387
MATCH,1.0000000056676233,0.9999999856169465,0.6174502333907748,8,0,93.06699837994206,0.16933765873712275,sub-03,1.9999999999999993,387
WRONG,1.0000000143746075,0.9999999881701714,1.0824818783245396,8,0,170.00090517965867,0.1509662511140394,sub-03,1.9999999999999998,387
POP,1.0000000218963878,0.0,0.0,4,0,inf,0.0,sub-05,0.0,388
MATCH,1.0000000218963878,0.9999999844225683,0.9950924502289801,8,0,62.38821858557844,0.22278538197621195,sub-05,1.9999999999999991,388
WRONG,1.0000000218963878,0.9999999874298283,1.8360106543804577,8,0,330.26220925231934,0.11151318526845753,sub-05,2.0,388
POP,1.0000000162873848,0.0,0.0,4,0,inf,0.0,sub-05,0.0,389
MATCH,1.0000000162873848,0.9999999921651362,0.5407524178038324,8,0,103.3779207680251,0.17561161370221798,sub-05,1.9999999999999996,389
WRONG,1.0000000162873848,0.9999999875828055,0.5203731573495723,8,0,140.17222841043707,0.14838309747036235,sub-05,2.000000000000001,389
POP,1.0000000162873848,0.0,0.0,4,0,inf,0.0,sub-05,0.0,390
MATCH,1.0000000162873848,0.9999999921651362,0.5407524178038324,8,0,103.3779207680251,0.17561161370221798,sub-05,1.9999999999999996,390
WRONG,1.0000000222071481,0.9999999851360845,0.5952383102297151,8,0,1124.7950722064154,0.0563510385359874,sub-05,2.0000000000000004,390
POP,1.0000000049555406,0.0,0.0,4,0,inf,0.0,sub-05,0.0,391
MATCH,1.0000000049555406,0.9999999912684012,0.43204937857596,8,0,368.38533632079316,0.1004678512695645,sub-05,2.0,391
WRONG,1.000000022010709,0.9999999912684012,0.4964025507779533,8,0,670.8334526533249,0.06715883007752359,sub-05,1.9999999999999998,391
POP,1.0000000218963878,0.0,0.0,4,0,inf,0.0,sub-03,0.0,392
MATCH,1.0000000218963878,0.9999999843847721,1.1402613383503588,8,0,182.6606537891457,0.13987399203236697,sub-03,1.9999999999999996,392
WRONG,1.0000000218963878,0.9999999874298283,1.8360106543804577,8,0,330.26220925231934,0.11151318526845753,sub-03,2.0,392
POP,1.0000000056676233,0.0,0.0,4,0,inf,0.0,sub-03,0.0,393
MATCH,1.0000000056676233,0.9999999856169465,0.6174502333907748,8,0,93.06699837994206,0.16933765873712275,sub-03,1.9999999999999993,393
WRONG,1.0000000056676233,0.9999999914078469,0.7925767574309687,8,0,211.72038163693995,0.12767275215434137,sub-03,1.9999999999999998,393
POP,1.0000000218963878,0.0,0.0,4,0,inf,0.0,sub-05,0.0,394
MATCH,1.0000000218963878,0.9999999844225683,0.9950924502289801,8,0,62.38821858557844,0.22278538197621195,sub-05,1.9999999999999991,394
WRONG,1.0000000218963878,0.9999999843472078,0.9710060635971342,8,0,141.10252388471773,0.1451007471630098,sub-05,2.0000000000000004,394
POP,1.0000000049555406,0.0,0.0,4,0,inf,0.0,sub-02,0.0,395
MATCH,1.0000000051839955,0.9999999912684012,0.6608396485261291,8,0,1010.4638776612076,0.055792772870079145,sub-02,2.0000000000000013,395
WRONG,1.0000000104198612,0.9999999912684012,0.5758191783503831,8,0,181.97375115828828,0.14478700687034474,sub-02,2.0000000000000004,395
POP,1.0000000139642775,0.0,0.0,4,0,inf,0.0,sub-05,0.0,396
MATCH,1.0000000163930096,0.9999999936089646,1.4701843654926738,8,0,201.22277852746967,0.128553916121917,sub-05,1.9999999999999984,396
WRONG,1.0000000139642775,0.9999999874309182,0.6493785067393941,8,0,107.76472090528179,0.1775100932033457,sub-05,2.0,396
POP,1.0000000162873848,0.0,0.0,4,0,inf,0.0,sub-05,0.0,397
MATCH,1.0000000162873848,0.9999999921651362,0.5407524178038324,8,0,103.3779207680251,0.17561161370221798,sub-05,1.9999999999999996,397
WRONG,1.0000000162873848,0.9999999897567544,0.8698703903173091,8,0,236.64174894435553,0.12666186050479208,sub-05,2.000000000000001,397
POP,1.0000000139642775,0.0,0.0,4,0,inf,0.0,sub-05,0.0,398
MATCH,1.0000000163930096,0.9999999936089646,1.4701843654926738,8,0,201.22277852746967,0.128553916121917,sub-05,1.9999999999999984,398
WRONG,1.0000000139642775,0.9999999836133375,1.454785290880529,8,0,132.8998733350674,0.14920490885903498,sub-05,1.9999999999999996,398
POP,1.0000000056676233,0.0,0.0,4,0,inf,0.0,sub-02,0.0,399
MATCH,1.0000000056676233,0.9999999764177279,23.119023493954927,8,0,42613.59562349442,0.009957933870278199,sub-02,2.0,399
WRONG,1.0000000056676233,0.9999999914078469,0.7925767574309687,8,0,211.72038163693995,0.12767275215434137,sub-02,1.9999999999999998,399
POP,1.0000000139642775,0.0,0.0,4,0,inf,0.0,sub-02,0.0,400
MATCH,1.0000000139642775,0.9999999936089646,2.000277253095887,8,0,431.9174235456616,0.09110254393446103,sub-02,2.0,400
WRONG,1.0000000163930096,0.9999999936089646,1.4701843654926738,8,0,201.22277852746967,0.128553916121917,sub-02,1.9999999999999984,400
POP,1.0000000162873848,0.0,0.0,4,0,inf,0.0,sub-02,0.0,401
MATCH,1.0000000162873848,0.9999999915080833,0.5462669285954422,8,0,122.12345637697273,0.16764973786647636,sub-02,1.9999999999999996,401
WRONG,1.0000000162873848,0.9999999810154647,0.495212597790569,8,0,131.59038262239469,0.15600112928341986,sub-02,2.0,401
POP,1.0000000162873848,0.0,0.0,4,0,inf,0.0,sub-05,0.0,402
MATCH,1.0000000162873848,0.9999999921651362,0.5407524178038324,8,0,103.3779207680251,0.17561161370221798,sub-05,1.9999999999999996,402
WRONG,1.0000000162873848,0.9999999915080833,0.5462669285954422,8,0,122.12345637697273,0.16764973786647636,sub-05,1.9999999999999996,402
POP,1.0000000218963878,0.0,0.0,4,0,inf,0.0,sub-02,0.0,403
MATCH,1.0000000218963878,0.9999999851995511,1.356770259866796,8,0,108.31833899961352,0.15942311408366275,sub-02,1.9999999999999993,403
WRONG,1.0000000218963878,0.9999999916463927,1.08839094419335,8,0,36.11899045543135,0.28730191274012656,sub-02,1.9999999999999993,403
POP,1.0000000033140626,0.0,0.0,4,0,inf,0.0,sub-02,0.0,404
MATCH,1.0000000033140626,0.9999999913113515,0.9541027480779618,8,0,396.5047863756588,0.10003602764204957,sub-02,2.0,404
WRONG,1.0000000086861764,0.9999999842562495,1.1474205273151663,8,0,1473.0645877091497,0.05516945705587207,sub-02,1.9999999999999996,404
POP,1.0000000139642775,0.0,0.0,4,0,inf,0.0,sub-05,0.0,405
MATCH,1.0000000163930096,0.9999999936089646,1.4701843654926738,8,0,201.22277852746967,0.128553916121917,sub-05,1.9999999999999984,405
WRONG,1.0000000139642775,0.9999999879064223,1.5366507749864766,8,0,599.305591319621,0.07687286792450777,sub-05,2.0,405
POP,1.0000000056676233,0.0,0.0,4,0,inf,0.0,sub-02,0.0,406
MATCH,1.0000000056676233,0.9999999764177279,23.119023493954927,8,0,42613.59562349442,0.009957933870278199,sub-02,2.0,406
WRONG,1.0000000056676233,0.9999999856169465,0.6174502333907748,8,0,93.06699837994206,0.16933765873712275,sub-02,1.9999999999999993,406
POP,1.0000000139642775,0.0,0.0,4,0,inf,0.0,sub-03,0.0,407
MATCH,1.0000000159295153,0.9999999936089646,1.1256074861346648,8,0,255.475648965702,0.11341331473671643,sub-03,2.0000000000000004,407
WRONG,1.0000000174497332,0.9999999936089646,0.9171477251893243,8,0,528.9822402344753,0.07522093050375503,sub-03,2.0,407
POP,1.0000000049555406,0.0,0.0,4,0,inf,0.0,sub-05,0.0,408
MATCH,1.0000000049555406,0.9999999912684012,0.43204937857596,8,0,368.38533632079316,0.1004678512695645,sub-05,2.0,408
WRONG,1.0000000104198612,0.9999999912684012,0.5758191783503831,8,0,181.97375115828828,0.14478700687034474,sub-05,2.0000000000000004,408
POP,1.0000000049555406,0.0,0.0,4,0,inf,0.0,sub-02,0.0,409
MATCH,1.0000000051839955,0.9999999912684012,0.6608396485261291,8,0,1010.4638776612076,0.055792772870079145,sub-02,2.0000000000000013,409
WRONG,1.0000000072076154,0.9999999912684012,1.6818203299162333,8,0,308.2788262789046,0.11196755393148064,sub-02,2.0,409
POP,1.0000000049555406,0.0,0.0,4,0,inf,0.0,sub-03,0.0,410
MATCH,1.0000000049555406,0.9999999912684012,0.6477426192031057,8,0,162.51375760737344,0.13992556207171053,sub-03,2.0,410
WRONG,1.0000000051839955,0.9999999912684012,0.6608396485261291,8,0,1010.4638776612076,0.055792772870079145,sub-03,2.0000000000000013,410
POP,1.0000000218963878,0.0,0.0,4,0,inf,0.0,sub-03,0.0,411
MATCH,1.0000000218963878,0.9999999843847721,1.1402613383503588,8,0,182.6606537891457,0.13987399203236697,sub-03,1.9999999999999996,411
WRONG,1.0000000218963878,0.9999999851995511,1.356770259866796,8,0,108.31833899961352,0.15942311408366275,sub-03,1.9999999999999993,411
POP,1.0000000139642775,0.0,0.0,4,0,inf,0.0,sub-02,0.0,412
MATCH,1.0000000139642775,0.9999999936089646,2.000277253095887,8,0,431.9174235456616,0.09110254393446103,sub-02,2.0,412
WRONG,1.000000026594253,0.9999999890465172,1.6657289606810486,8,0,380.8990948810066,0.09327630440623003,sub-02,1.9999999999999998,412
POP,1.0000000139642775,0.0,0.0,4,0,inf,0.0,sub-05,0.0,413
MATCH,1.0000000163930096,0.9999999936089646,1.4701843654926738,8,0,201.22277852746967,0.128553916121917,sub-05,1.9999999999999984,413
WRONG,1.0000000159295153,0.9999999936089646,1.1256074861346648,8,0,255.475648965702,0.11341331473671643,sub-05,2.0000000000000004,413
POP,1.0000000139642775,0.0,0.0,4,0,inf,0.0,sub-02,0.0,414
MATCH,1.0000000139642775,0.9999999936089646,2.000277253095887,8,0,431.9174235456616,0.09110254393446103,sub-02,2.0,414
WRONG,1.0000000139642775,0.9999999874309182,0.6493785067393941,8,0,107.76472090528179,0.1775100932033457,sub-02,2.0,414
POP,1.0000000033140626,0.0,0.0,4,0,inf,0.0,sub-05,0.0,415
MATCH,1.0000000092553059,0.9999999901646374,0.6685733089426836,8,0,166.07250946040685,0.15197649827662527,sub-05,1.9999999999999996,415
WRONG,1.00000001758342,0.9999999913113515,0.773266948533059,8,0,125.97005967820935,0.15216162515988652,sub-05,2.0000000000000004,415
POP,1.0000000033140626,0.0,0.0,4,0,inf,0.0,sub-03,0.0,416
MATCH,1.00000001758342,0.9999999913113515,0.773266948533059,8,0,125.97005967820935,0.15216162515988652,sub-03,2.0000000000000004,416
WRONG,1.0000000033140626,0.9999999894532442,1.2047993702054256,8,0,190.78923810140327,0.12637401404977772,sub-03,2.0,416
POP,1.0000000139642775,0.0,0.0,4,0,inf,0.0,sub-02,0.0,417
MATCH,1.0000000139642775,0.9999999936089646,2.000277253095887,8,0,431.9174235456616,0.09110254393446103,sub-02,2.0,417
WRONG,1.0000000163930096,0.9999999936089646,1.4701843654926738,8,0,201.22277852746967,0.128553916121917,sub-02,1.9999999999999984,417
POP,1.0000000033140626,0.0,0.0,4,0,inf,0.0,sub-03,0.0,418
MATCH,1.00000001758342,0.9999999913113515,0.773266948533059,8,0,125.97005967820935,0.15216162515988652,sub-03,2.0000000000000004,418
WRONG,1.0000000097979482,0.9999999913113515,0.5036717024669053,8,0,69.99757875971171,0.17965755978397419,sub-03,2.0000000000000004,418
POP,1.0000000218963878,0.0,0.0,4,0,inf,0.0,sub-05,0.0,419
MATCH,1.0000000218963878,0.9999999844225683,0.9950924502289801,8,0,62.38821858557844,0.22278538197621195,sub-05,1.9999999999999991,419
WRONG,1.0000000218963878,0.9999999851995511,1.356770259866796,8,0,108.31833899961352,0.15942311408366275,sub-05,1.9999999999999993,419
POP,1.0000000162873848,0.0,0.0,4,0,inf,0.0,sub-02,0.0,420
MATCH,1.0000000162873848,0.9999999915080833,0.5462669285954422,8,0,122.12345637697273,0.16764973786647636,sub-02,1.9999999999999996,420
WRONG,1.0000000238153854,0.9999999921651362,1.0411957022409066,8,0,104.74982033431307,0.17399242602741752,sub-02,2.0000000000000004,420
POP,1.0000000033140626,0.0,0.0,4,0,inf,0.0,sub-02,0.0,421
MATCH,1.0000000033140626,0.9999999913113515,0.9541027480779618,8,0,396.5047863756588,0.10003602764204957,sub-02,2.0,421
WRONG,1.0000000097979482,0.9999999913113515,0.5036717024669053,8,0,69.99757875971171,0.17965755978397419,sub-02,2.0000000000000004,421
POP,1.0000000139642775,0.0,0.0,4,0,inf,0.0,sub-03,0.0,422
MATCH,1.0000000159295153,0.9999999936089646,1.1256074861346648,8,0,255.475648965702,0.11341331473671643,sub-03,2.0000000000000004,422
WRONG,1.0000000139642775,0.9999999836133375,1.454785290880529,8,0,132.8998733350674,0.14920490885903498,sub-03,1.9999999999999996,422
POP,1.0000000218963878,0.0,0.0,4,0,inf,0.0,sub-02,0.0,423
MATCH,1.0000000218963878,0.9999999851995511,1.356770259866796,8,0,108.31833899961352,0.15942311408366275,sub-02,1.9999999999999993,423
WRONG,1.0000000218963878,0.9999999844225683,0.9950924502289801,8,0,62.38821858557844,0.22278538197621195,sub-02,1.9999999999999991,423
POP,1.0000000056676233,0.0,0.0,4,0,inf,0.0,sub-03,0.0,424
MATCH,1.0000000056676233,0.9999999856169465,0.6174502333907748,8,0,93.06699837994206,0.16933765873712275,sub-03,1.9999999999999993,424
WRONG,1.0000000080193365,0.9999999914078469,0.633481327264672,8,0,74.19095368701885,0.21005890025803153,sub-03,1.9999999999999996,424
POP,1.0000000033140626,0.0,0.0,4,0,inf,0.0,sub-02,0.0,425
MATCH,1.0000000033140626,0.9999999913113515,0.9541027480779618,8,0,396.5047863756588,0.10003602764204957,sub-02,2.0,425
WRONG,1.0000000134249603,0.9999999913113515,1.2393060066661588,8,0,348.06298509627925,0.09853418033261768,sub-02,2.0,425
POP,1.0000000049555406,0.0,0.0,4,0,inf,0.0,sub-02,0.0,426
MATCH,1.0000000051839955,0.9999999912684012,0.6608396485261291,8,0,1010.4638776612076,0.055792772870079145,sub-02,2.0000000000000013,426
WRONG,1.0000000104198612,0.9999999912684012,0.5758191783503831,8,0,181.97375115828828,0.14478700687034474,sub-02,2.0000000000000004,426
POP,1.0000000218963878,0.0,0.0,4,0,inf,0.0,sub-03,0.0,427
MATCH,1.0000000218963878,0.9999999843847721,1.1402613383503588,8,0,182.6606537891457,0.13987399203236697,sub-03,1.9999999999999996,427
WRONG,1.0000000218963878,0.9999999745794652,1.009148267872007,8,0,244.99921215534906,0.11736732298681624,sub-03,1.9999999999999993,427
POP,1.0000000049555406,0.0,0.0,4,0,inf,0.0,sub-05,0.0,428
MATCH,1.0000000049555406,0.9999999912684012,0.43204937857596,8,0,368.38533632079316,0.1004678512695645,sub-05,2.0,428
WRONG,1.0000000051839955,0.9999999912684012,0.6608396485261291,8,0,1010.4638776612076,0.055792772870079145,sub-05,2.0000000000000013,428
POP,1.0000000162873848,0.0,0.0,4,0,inf,0.0,sub-03,0.0,429
MATCH,1.0000000162873848,0.9999999875828055,0.5203731573495723,8,0,140.17222841043707,0.14838309747036235,sub-03,2.000000000000001,429
WRONG,1.0000000222071481,0.9999999851360845,0.5952383102297151,8,0,1124.7950722064154,0.0563510385359874,sub-03,2.0000000000000004,429
POP,1.0000000139642775,0.0,0.0,4,0,inf,0.0,sub-02,0.0,430
MATCH,1.0000000139642775,0.9999999936089646,2.000277253095887,8,0,431.9174235456616,0.09110254393446103,sub-02,2.0,430
WRONG,1.0000000139642775,0.9999999936089646,0.9053686012921878,8,0,128.83085594050212,0.15881970982573254,sub-02,1.9999999999999996,430
POP,1.0000000049555406,0.0,0.0,4,0,inf,0.0,sub-02,0.0,431
MATCH,1.0000000051839955,0.9999999912684012,0.6608396485261291,8,0,1010.4638776612076,0.055792772870079145,sub-02,2.0000000000000013,431
WRONG,1.0000000104198612,0.9999999912684012,0.5758191783503831,8,0,181.97375115828828,0.14478700687034474,sub-02,2.0000000000000004,431
POP,1.000000006152532,0.0,0.0,4,1,inf,0.0,sub-07,0.0,0
MATCH,1.000000006152532,0.9999999971031397,0.4993377386868778,8,1,59.17469185928686,0.21846370662469347,sub-07,1.999999999999999,0
WRONG,1.0000000073651252,0.9999999893200063,0.7943179118714829,8,1,520.0689840450117,0.08844504668191733,sub-07,2.0,0
POP,1.0000000175890311,0.0,0.0,4,1,inf,0.0,sub-07,0.0,1
MATCH,1.000000021409448,0.9999999899781957,0.9123745530924275,8,1,1267.4677751842773,0.05516080276074625,sub-07,2.0000000000000004,1
WRONG,1.0000000175890311,0.9999999762348686,1.943163470735656,8,1,354.3316770603612,0.1105585099754517,sub-07,1.9999999999999998,1
POP,1.0000000175890311,0.0,0.0,4,1,inf,0.0,sub-06,0.0,2
MATCH,1.0000000175890311,0.9999999919634923,1.412562552480792,8,1,121.66020688468262,0.15765646887689413,sub-06,2.0,2
WRONG,1.0000000175890311,0.9999999948074074,6.2064612517432,8,1,3416.6554464434403,0.03624296493088146,sub-06,2.0000000000000004,2
POP,1.0000000181970523,0.0,0.0,4,1,inf,0.0,sub-07,0.0,3
MATCH,1.0000000181970523,0.9999999794771057,1.1205757660738505,8,1,3927.9721805232634,0.038593213966234455,sub-07,1.9999999999999984,3
WRONG,1.0000000209348403,0.9999999868624684,0.9732449701089739,8,1,7791.466928609658,0.026538429142199855,sub-07,2.000000000000001,3
POP,1.0000000175890311,0.0,0.0,4,1,inf,0.0,sub-07,0.0,4
MATCH,1.000000021409448,0.9999999899781957,0.9123745530924275,8,1,1267.4677751842773,0.05516080276074625,sub-07,2.0000000000000004,4
WRONG,1.0000000175890311,0.9999999919634923,1.412562552480792,8,1,121.66020688468262,0.15765646887689413,sub-07,2.0,4
POP,1.000000003377974,0.0,0.0,4,1,inf,0.0,sub-06,0.0,5
MATCH,1.0000000222451124,0.9999999870968975,0.6301515185722493,8,1,209.45916643226167,0.12992103194763138,sub-06,1.999999999999999,5
WRONG,1.0000000214064901,0.9999999870968975,1.3701836587520038,8,1,892.7819747250608,0.06194321904563471,sub-06,2.0,5
POP,1.0000000181970523,0.0,0.0,4,1,inf,0.0,sub-06,0.0,6
MATCH,1.0000000181970523,0.9999999881048259,0.9863669805039379,8,1,8749.777687322176,0.02490503942206302,sub-06,1.9999999999999993,6
WRONG,1.0000000181970523,0.9999999748339781,8.255599132991184,8,1,124987.21753907627,0.00711734843235767,sub-06,1.9999999999999978,6
POP,1.0000000175890311,0.0,0.0,4,1,inf,0.0,sub-09,0.0,7
MATCH,1.0000000175890311,0.9999999846280925,1.7178676640703854,8,1,1133.2957289512974,0.06507674428562661,sub-09,2.0,7
WRONG,1.000000021409448,0.9999999899781957,0.9123745530924275,8,1,1267.4677751842773,0.05516080276074625,sub-09,2.0000000000000004,7
POP,1.0000000181970523,0.0,0.0,4,1,inf,0.0,sub-06,0.0,8
MATCH,1.0000000181970523,0.9999999881048259,0.9863669805039379,8,1,8749.777687322176,0.02490503942206302,sub-06,1.9999999999999993,8
WRONG,1.0000000181970523,0.9999999748339781,8.255599132991184,8,1,124987.21753907627,0.00711734843235767,sub-06,1.9999999999999978,8
POP,1.000000003377974,0.0,0.0,4,1,inf,0.0,sub-06,0.0,9
MATCH,1.0000000222451124,0.9999999870968975,0.6301515185722493,8,1,209.45916643226167,0.12992103194763138,sub-06,1.999999999999999,9
WRONG,1.0000000213373397,0.9999999812804237,0.6173047346521174,8,1,103.03997866531381,0.17221154423542698,sub-06,1.9999999999999998,9
POP,1.0000000175890311,0.0,0.0,4,1,inf,0.0,sub-09,0.0,10
MATCH,1.0000000175890311,0.9999999846280925,1.7178676640703854,8,1,1133.2957289512974,0.06507674428562661,sub-09,2.0,10
WRONG,1.0000000175890311,0.9999999919634923,1.412562552480792,8,1,121.66020688468262,0.15765646887689413,sub-09,2.0,10
POP,1.000000003377974,0.0,0.0,4,1,inf,0.0,sub-07,0.0,11
MATCH,1.0000000117611814,0.9999999845750417,0.6055213605896211,8,1,80.6856039848096,0.19109478074556055,sub-07,2.0000000000000013,11
WRONG,1.0000000199937138,0.9999999870968975,0.9122400591296543,8,1,180.18707199761386,0.14102315355075282,sub-07,1.9999999999999991,11
POP,1.0000000181970523,0.0,0.0,4,1,inf,0.0,sub-09,0.0,12
MATCH,1.0000000181970523,0.9999999922308244,0.9757786072589663,8,1,10953.754299662722,0.02249361013408205,sub-09,2.0000000000000004,12
WRONG,1.0000000212688225,0.9999999922308244,0.9706170042755085,8,1,6614.481580270067,0.0301964046551931,sub-09,2.0,12
POP,1.0000000175890311,0.0,0.0,4,1,inf,0.0,sub-09,0.0,13
MATCH,1.0000000175890311,0.9999999846280925,1.7178676640703854,8,1,1133.2957289512974,0.06507674428562661,sub-09,2.0,13
WRONG,1.0000000227906942,0.9999999868769696,0.9814205951230285,8,1,52.75617449591909,0.2494319499208104,sub-09,2.0000000000000004,13
POP,1.000000006152532,0.0,0.0,4,1,inf,0.0,sub-07,0.0,14
MATCH,1.000000006152532,0.9999999971031397,0.4993377386868778,8,1,59.17469185928686,0.21846370662469347,sub-07,1.999999999999999,14
WRONG,1.0000000073651252,0.9999999893200063,0.7943179118714829,8,1,520.0689840450117,0.08844504668191733,sub-07,2.0,14
POP,1.0000000181970523,0.0,0.0,4,1,inf,0.0,sub-06,0.0,15
MATCH,1.0000000181970523,0.9999999881048259,0.9863669805039379,8,1,8749.777687322176,0.02490503942206302,sub-06,1.9999999999999993,15
WRONG,1.0000000212688225,0.9999999922308244,0.9706170042755085,8,1,6614.481580270067,0.0301964046551931,sub-06,2.0,15
POP,1.000000003377974,0.0,0.0,4,1,inf,0.0,sub-09,0.0,16
MATCH,1.000000003377974,0.9999999851804878,3.548020279237457,8,1,4112.319336091601,0.033176599131634746,sub-09,1.9999999999999996,16
WRONG,1.0000000214064901,0.9999999870968975,1.3701836587520038,8,1,892.7819747250608,0.06194321904563471,sub-09,2.0,16
POP,1.0000000150144468,0.0,0.0,4,1,inf,0.0,sub-07,0.0,17
MATCH,1.00000002165304,0.9999999786207296,1.466765979320854,8,1,376.3194165979449,0.09022369044078185,sub-07,1.9999999999999996,17
WRONG,1.0000000150144468,0.9999999809649799,2.062334671643351,8,1,440.19645736533533,0.09170951671257146,sub-07,1.9999999999999998,17
POP,1.0000000175890311,0.0,0.0,4,1,inf,0.0,sub-09,0.0,18
MATCH,1.0000000175890311,0.9999999846280925,1.7178676640703854,8,1,1133.2957289512974,0.06507674428562661,sub-09,2.0,18
WRONG,1.0000000175890311,0.9999999764971396,1.23084751967,8,1,144.33346308296228,0.14639270922006992,sub-09,1.9999999999999996,18
POP,1.000000004889503,0.0,0.0,4,1,inf,0.0,sub-07,0.0,19
MATCH,1.0000000054890252,0.9999999906633116,0.5630917054970915,8,1,263.33662387210893,0.1051878303849236,sub-07,1.9999999999999998,19
WRONG,1.000000004889503,0.9999999906633116,0.7673332502324042,8,1,344.48612285958984,0.10593711021014607,sub-07,1.9999999999999993,19
POP,1.0000000175890311,0.0,0.0,4,1,inf,0.0,sub-07,0.0,20
MATCH,1.000000021409448,0.9999999899781957,0.9123745530924275,8,1,1267.4677751842773,0.05516080276074625,sub-07,2.0000000000000004,20
WRONG,1.0000000175890311,0.9999999919634923,1.412562552480792,8,1,121.66020688468262,0.15765646887689413,sub-07,2.0,20
POP,1.000000003377974,0.0,0.0,4,1,inf,0.0,sub-07,0.0,21
MATCH,1.0000000117611814,0.9999999845750417,0.6055213605896211,8,1,80.6856039848096,0.19109478074556055,sub-07,2.0000000000000013,21
WRONG,1.000000003377974,0.9999999851804878,3.548020279237457,8,1,4112.319336091601,0.033176599131634746,sub-07,1.9999999999999996,21
POP,1.0000000175890311,0.0,0.0,4,1,inf,0.0,sub-06,0.0,22
MATCH,1.0000000175890311,0.9999999919634923,1.412562552480792,8,1,121.66020688468262,0.15765646887689413,sub-06,2.0,22
WRONG,1.0000000175890311,0.9999999948074074,6.2064612517432,8,1,3416.6554464434403,0.03624296493088146,sub-06,2.0000000000000004,22
POP,1.0000000181970523,0.0,0.0,4,1,inf,0.0,sub-06,0.0,23
MATCH,1.0000000181970523,0.9999999881048259,0.9863669805039379,8,1,8749.777687322176,0.02490503942206302,sub-06,1.9999999999999993,23
WRONG,1.0000000212688225,0.9999999922308244,0.9706170042755085,8,1,6614.481580270067,0.0301964046551931,sub-06,2.0,23
POP,1.0000000181970523,0.0,0.0,4,1,inf,0.0,sub-07,0.0,24
MATCH,1.0000000181970523,0.9999999794771057,1.1205757660738505,8,1,3927.9721805232634,0.038593213966234455,sub-07,1.9999999999999984,24
WRONG,1.0000000181970523,0.9999999922308244,0.9916945708416539,8,1,2351.8891522843105,0.04755819863837753,sub-07,2.0,24
POP,1.000000006152532,0.0,0.0,4,1,inf,0.0,sub-06,0.0,25
MATCH,1.000000006152532,0.999999996959373,0.39871901536951804,8,1,305.6940703733763,0.108200895070902,sub-06,2.000000000000001,25
WRONG,1.00000001773818,0.9999999767564718,16.099284186477973,8,1,126546.3392687318,0.005590919657530944,sub-06,2.0000000000000018,25
POP,1.000000004889503,0.0,0.0,4,1,inf,0.0,sub-07,0.0,26
MATCH,1.0000000054890252,0.9999999906633116,0.5630917054970915,8,1,263.33662387210893,0.1051878303849236,sub-07,1.9999999999999998,26
WRONG,1.00000000907426,0.9999999893078435,0.7415551545106132,8,1,320.1445783881818,0.10641520072783456,sub-07,1.9999999999999993,26
POP,1.0000000181970523,0.0,0.0,4,1,inf,0.0,sub-07,0.0,27
MATCH,1.0000000181970523,0.9999999794771057,1.1205757660738505,8,1,3927.9721805232634,0.038593213966234455,sub-07,1.9999999999999984,27
WRONG,1.0000000236528808,0.9999999922308244,0.9831445508495996,8,1,4752.460559037965,0.033614610009166254,sub-07,1.9999999999999993,27
POP,1.0000000175890311,0.0,0.0,4,1,inf,0.0,sub-07,0.0,28
MATCH,1.000000021409448,0.9999999899781957,0.9123745530924275,8,1,1267.4677751842773,0.05516080276074625,sub-07,2.0000000000000004,28
WRONG,1.0000000175890311,0.9999999919634923,1.412562552480792,8,1,121.66020688468262,0.15765646887689413,sub-07,2.0,28
POP,1.0000000150144468,0.0,0.0,4,1,inf,0.0,sub-06,0.0,29
MATCH,1.0000000150144468,0.999999987914271,1.4345428378680967,8,1,1457.6626507531023,0.05170730355846269,sub-06,2.0000000000000004,29
WRONG,1.0000000150144468,0.9999999928158536,1.3613358313638466,8,1,496.84879070083906,0.09193037513104553,sub-06,2.0000000000000004,29
POP,1.0000000175890311,0.0,0.0,4,1,inf,0.0,sub-06,0.0,30
MATCH,1.0000000175890311,0.9999999919634923,1.412562552480792,8,1,121.66020688468262,0.15765646887689413,sub-06,2.0,30
WRONG,1.000000028854051,0.9999999882167265,0.9423405101435403,8,1,103.953248565738,0.17589031487417778,sub-06,2.0,30
POP,1.000000006152532,0.0,0.0,4,1,inf,0.0,sub-06,0.0,31
MATCH,1.000000006152532,0.999999996959373,0.39871901536951804,8,1,305.6940703733763,0.108200895070902,sub-06,2.000000000000001,31
WRONG,1.0000000102328737,0.9999999847656014,0.3040300528088279,8,1,49.117438796189816,0.2231747029955767,sub-06,2.0,31
POP,1.0000000181970523,0.0,0.0,4,1,inf,0.0,sub-06,0.0,32
MATCH,1.0000000181970523,0.9999999881048259,0.9863669805039379,8,1,8749.777687322176,0.02490503942206302,sub-06,1.9999999999999993,32
WRONG,1.0000000181970523,0.999999989324467,1.0087896765615223,8,1,4377.30698184761,0.03667205737891683,sub-06,1.9999999999999991,32
POP,1.000000004889503,0.0,0.0,4,1,inf,0.0,sub-07,0.0,33
MATCH,1.0000000054890252,0.9999999906633116,0.5630917054970915,8,1,263.33662387210893,0.1051878303849236,sub-07,1.9999999999999998,33
WRONG,1.000000004889503,0.9999999906633116,0.7673332502324042,8,1,344.48612285958984,0.10593711021014607,sub-07,1.9999999999999993,33
POP,1.0000000181970523,0.0,0.0,4,1,inf,0.0,sub-06,0.0,34
MATCH,1.0000000181970523,0.9999999881048259,0.9863669805039379,8,1,8749.777687322176,0.02490503942206302,sub-06,1.9999999999999993,34
WRONG,1.0000000212688225,0.9999999922308244,0.9706170042755085,8,1,6614.481580270067,0.0301964046551931,sub-06,2.0,34
POP,1.000000006152532,0.0,0.0,4,1,inf,0.0,sub-07,0.0,35
MATCH,1.000000006152532,0.9999999971031397,0.4993377386868778,8,1,59.17469185928686,0.21846370662469347,sub-07,1.999999999999999,35
WRONG,1.000000006152532,0.999999996959373,0.39871901536951804,8,1,305.6940703733763,0.108200895070902,sub-07,2.000000000000001,35
POP,1.0000000181970523,0.0,0.0,4,1,inf,0.0,sub-06,0.0,36
MATCH,1.0000000181970523,0.9999999881048259,0.9863669805039379,8,1,8749.777687322176,0.02490503942206302,sub-06,1.9999999999999993,36
WRONG,1.0000000181970523,0.9999999748339781,8.255599132991184,8,1,124987.21753907627,0.00711734843235767,sub-06,1.9999999999999978,36
POP,1.0000000150144468,0.0,0.0,4,1,inf,0.0,sub-07,0.0,37
MATCH,1.00000002165304,0.9999999786207296,1.466765979320854,8,1,376.3194165979449,0.09022369044078185,sub-07,1.9999999999999996,37
WRONG,1.0000000150144468,0.9999999772677091,0.6945554503461004,8,1,51.56752704839369,0.22740756790245217,sub-07,1.9999999999999993,37
POP,1.0000000181970523,0.0,0.0,4,1,inf,0.0,sub-07,0.0,38
MATCH,1.0000000181970523,0.9999999794771057,1.1205757660738505,8,1,3927.9721805232634,0.038593213966234455,sub-07,1.9999999999999984,38
WRONG,1.0000000181970523,0.9999999881048259,0.9863669805039379,8,1,8749.777687322176,0.02490503942206302,sub-07,1.9999999999999993,38
POP,1.0000000150144468,0.0,0.0,4,1,inf,0.0,sub-06,0.0,39
MATCH,1.0000000150144468,0.999999987914271,1.4345428378680967,8,1,1457.6626507531023,0.05170730355846269,sub-06,2.0000000000000004,39
WRONG,1.0000000150144468,0.9999999927315207,1.0440506150764068,8,1,653.9497905097357,0.08086602172816183,sub-06,2.0,39
POP,1.000000004889503,0.0,0.0,4,1,inf,0.0,sub-06,0.0,40
MATCH,1.000000004889503,0.9999999882438723,0.7170651606826395,8,1,632.6186005435503,0.07697336748245906,sub-06,2.0000000000000004,40
WRONG,1.000000009293648,0.9999999906633116,0.42467845187340597,8,1,998.1409972026024,0.057485019610103896,sub-06,2.0,40
POP,1.0000000150144468,0.0,0.0,4,1,inf,0.0,sub-09,0.0,41
MATCH,1.0000000150144468,0.9999999928158536,0.8194578825710673,8,1,607.5962643816576,0.08780126242023407,sub-09,2.0000000000000004,41
WRONG,1.0000000150144468,0.999999987914271,1.4345428378680967,8,1,1457.6626507531023,0.05170730355846269,sub-09,2.0000000000000004,41
POP,1.000000004889503,0.0,0.0,4,1,inf,0.0,sub-09,0.0,42
MATCH,1.0000000173707753,0.9999999906633116,1.113157645003173,8,1,767.8426107209143,0.06699853383086128,sub-09,1.9999999999999998,42
WRONG,1.000000004889503,0.9999999906633116,0.7673332502324042,8,1,344.48612285958984,0.10593711021014607,sub-09,1.9999999999999993,42
POP,1.000000004889503,0.0,0.0,4,1,inf,0.0,sub-09,0.0,43
MATCH,1.0000000173707753,0.9999999906633116,1.113157645003173,8,1,767.8426107209143,0.06699853383086128,sub-09,1.9999999999999998,43
WRONG,1.00000000907426,0.9999999893078435,0.7415551545106132,8,1,320.1445783881818,0.10641520072783456,sub-09,1.9999999999999993,43
POP,1.0000000181970523,0.0,0.0,4,1,inf,0.0,sub-06,0.0,44
MATCH,1.0000000181970523,0.9999999881048259,0.9863669805039379,8,1,8749.777687322176,0.02490503942206302,sub-06,1.9999999999999993,44
WRONG,1.0000000181970523,0.999999989324467,1.0087896765615223,8,1,4377.30698184761,0.03667205737891683,sub-06,1.9999999999999991,44
POP,1.0000000150144468,0.0,0.0,4,1,inf,0.0,sub-07,0.0,45
MATCH,1.00000002165304,0.9999999786207296,1.466765979320854,8,1,376.3194165979449,0.09022369044078185,sub-07,1.9999999999999996,45
WRONG,1.0000000150144468,0.9999999903401544,0.7844878750133952,8,1,80.91849876706517,0.20029663135070036,sub-07,2.0,45
POP,1.000000004889503,0.0,0.0,4,1,inf,0.0,sub-07,0.0,46
MATCH,1.0000000054890252,0.9999999906633116,0.5630917054970915,8,1,263.33662387210893,0.1051878303849236,sub-07,1.9999999999999998,46
WRONG,1.0000000061533678,0.9999999906633116,0.4510334804314455,8,1,301.2831393210191,0.11364915764415141,sub-07,2.000000000000001,46
POP,1.000000004889503,0.0,0.0,4,1,inf,0.0,sub-07,0.0,47
MATCH,1.0000000054890252,0.9999999906633116,0.5630917054970915,8,1,263.33662387210893,0.1051878303849236,sub-07,1.9999999999999998,47
WRONG,1.000000004889503,0.9999999906633116,0.7673332502324042,8,1,344.48612285958984,0.10593711021014607,sub-07,1.9999999999999993,47
POP,1.0000000181970523,0.0,0.0,4,1,inf,0.0,sub-07,0.0,48
MATCH,1.0000000181970523,0.9999999794771057,1.1205757660738505,8,1,3927.9721805232634,0.038593213966234455,sub-07,1.9999999999999984,48
WRONG,1.0000000181970523,0.9999999922308244,0.9916945708416539,8,1,2351.8891522843105,0.04755819863837753,sub-07,2.0,48
POP,1.000000004889503,0.0,0.0,4,1,inf,0.0,sub-07,0.0,49
MATCH,1.0000000054890252,0.9999999906633116,0.5630917054970915,8,1,263.33662387210893,0.1051878303849236,sub-07,1.9999999999999998,49
WRONG,1.000000009293648,0.9999999906633116,0.42467845187340597,8,1,998.1409972026024,0.057485019610103896,sub-07,2.0,49
POP,1.0000000150144468,0.0,0.0,4,1,inf,0.0,sub-09,0.0,50
MATCH,1.0000000150144468,0.9999999928158536,0.8194578825710673,8,1,607.5962643816576,0.08780126242023407,sub-09,2.0000000000000004,50
WRONG,1.0000000150144468,0.999999987914271,1.4345428378680967,8,1,1457.6626507531023,0.05170730355846269,sub-09,2.0000000000000004,50
POP,1.0000000181970523,0.0,0.0,4,1,inf,0.0,sub-07,0.0,51
MATCH,1.0000000181970523,0.9999999794771057,1.1205757660738505,8,1,3927.9721805232634,0.038593213966234455,sub-07,1.9999999999999984,51
WRONG,1.0000000181970523,0.9999999721962384,0.9815295445678525,8,1,3592.6806078196923,0.03913648800389709,sub-07,1.9999999999999991,51
POP,1.0000000150144468,0.0,0.0,4,1,inf,0.0,sub-06,0.0,52
MATCH,1.0000000150144468,0.999999987914271,1.4345428378680967,8,1,1457.6626507531023,0.05170730355846269,sub-06,2.0000000000000004,52
WRONG,1.0000000150144468,0.9999999909188698,0.5122624804952756,8,1,39.0277138195483,0.3064291800023724,sub-06,2.0000000000000004,52
POP,1.000000003377974,0.0,0.0,4,1,inf,0.0,sub-07,0.0,53
MATCH,1.0000000117611814,0.9999999845750417,0.6055213605896211,8,1,80.6856039848096,0.19109478074556055,sub-07,2.0000000000000013,53
WRONG,1.0000000199937138,0.9999999870968975,0.9122400591296543,8,1,180.18707199761386,0.14102315355075282,sub-07,1.9999999999999991,53
POP,1.0000000181970523,0.0,0.0,4,1,inf,0.0,sub-06,0.0,54
MATCH,1.0000000181970523,0.9999999881048259,0.9863669805039379,8,1,8749.777687322176,0.02490503942206302,sub-06,1.9999999999999993,54
WRONG,1.0000000181970523,0.9999999726263217,1.0483059773946715,8,1,2321.502409619514,0.04642927424102213,sub-06,2.0000000000000004,54
POP,1.000000004889503,0.0,0.0,4,1,inf,0.0,sub-06,0.0,55
MATCH,1.000000004889503,0.9999999882438723,0.7170651606826395,8,1,632.6186005435503,0.07697336748245906,sub-06,2.0000000000000004,55
WRONG,1.0000000103381583,0.9999999906633116,0.5381465957555293,8,1,160.64425903562665,0.15189290527552618,sub-06,1.9999999999999987,55
POP,1.000000006152532,0.0,0.0,4,1,inf,0.0,sub-06,0.0,56
MATCH,1.000000006152532,0.999999996959373,0.39871901536951804,8,1,305.6940703733763,0.108200895070902,sub-06,2.000000000000001,56
WRONG,1.0000000062502823,0.9999999934533599,0.5084029757446556,8,1,1109.1161830811627,0.05843463570138612,sub-06,2.0,56
POP,1.000000004889503,0.0,0.0,4,1,inf,0.0,sub-06,0.0,57
MATCH,1.000000004889503,0.9999999882438723,0.7170651606826395,8,1,632.6186005435503,0.07697336748245906,sub-06,2.0000000000000004,57
WRONG,1.000000004889503,0.9999999830463998,0.505528022232242,8,1,599.1472540070098,0.07298464997379092,sub-06,1.9999999999999991,57
POP,1.0000000181970523,0.0,0.0,4,1,inf,0.0,sub-09,0.0,58
MATCH,1.0000000181970523,0.9999999922308244,0.9757786072589663,8,1,10953.754299662722,0.02249361013408205,sub-09,2.0000000000000004,58
WRONG,1.0000000181970523,0.9999999794771057,1.1205757660738505,8,1,3927.9721805232634,0.038593213966234455,sub-09,1.9999999999999984,58
POP,1.0000000150144468,0.0,0.0,4,1,inf,0.0,sub-07,0.0,59
MATCH,1.00000002165304,0.9999999786207296,1.466765979320854,8,1,376.3194165979449,0.09022369044078185,sub-07,1.9999999999999996,59
WRONG,1.0000000150144468,0.9999999928158536,0.8194578825710673,8,1,607.5962643816576,0.08780126242023407,sub-07,2.0000000000000004,59
POP,1.0000000181970523,0.0,0.0,4,1,inf,0.0,sub-06,0.0,60
MATCH,1.0000000181970523,0.9999999881048259,0.9863669805039379,8,1,8749.777687322176,0.02490503942206302,sub-06,1.9999999999999993,60
WRONG,1.0000000181970523,0.9999999726263217,1.0483059773946715,8,1,2321.502409619514,0.04642927424102213,sub-06,2.0000000000000004,60
POP,1.000000006152532,0.0,0.0,4,1,inf,0.0,sub-07,0.0,61
MATCH,1.000000006152532,0.9999999971031397,0.4993377386868778,8,1,59.17469185928686,0.21846370662469347,sub-07,1.999999999999999,61
WRONG,1.0000000112321572,0.9999999962823086,1.0931883710316033,8,1,417.5397034709826,0.09945375263032735,sub-07,1.9999999999999998,61
POP,1.0000000181970523,0.0,0.0,4,1,inf,0.0,sub-07,0.0,62
MATCH,1.0000000181970523,0.9999999794771057,1.1205757660738505,8,1,3927.9721805232634,0.038593213966234455,sub-07,1.9999999999999984,62
WRONG,1.0000000181970523,0.9999999828819583,1.346117603083663,8,1,10676.83731707821,0.02358151594787533,sub-07,2.0,62
POP,1.000000003377974,0.0,0.0,4,1,inf,0.0,sub-07,0.0,63
MATCH,1.0000000117611814,0.9999999845750417,0.6055213605896211,8,1,80.6856039848096,0.19109478074556055,sub-07,2.0000000000000013,63
WRONG,1.000000003377974,0.9999999828949949,1.2005728117957568,8,1,330.72611114094684,0.09465569312322668,sub-07,2.0000000000000004,63
POP,1.0000000181970523,0.0,0.0,4,1,inf,0.0,sub-07,0.0,64
MATCH,1.0000000181970523,0.9999999794771057,1.1205757660738505,8,1,3927.9721805232634,0.038593213966234455,sub-07,1.9999999999999984,64
WRONG,1.0000000181970523,0.9999999922308244,0.9757786072589663,8,1,10953.754299662722,0.02249361013408205,sub-07,2.0000000000000004,64
POP,1.0000000181970523,0.0,0.0,4,1,inf,0.0,sub-09,0.0,65
MATCH,1.0000000181970523,0.9999999922308244,0.9757786072589663,8,1,10953.754299662722,0.02249361013408205,sub-09,2.0000000000000004,65
WRONG,1.0000000244546787,0.9999999767276473,1.1225496981710432,8,1,6962.428230624226,0.02889355584739918,sub-09,1.9999999999999993,65
POP,1.0000000181970523,0.0,0.0,4,1,inf,0.0,sub-06,0.0,66
MATCH,1.0000000181970523,0.9999999881048259,0.9863669805039379,8,1,8749.777687322176,0.02490503942206302,sub-06,1.9999999999999993,66
WRONG,1.0000000244546787,0.9999999767276473,1.1225496981710432,8,1,6962.428230624226,0.02889355584739918,sub-06,1.9999999999999993,66
POP,1.000000006152532,0.0,0.0,4,1,inf,0.0,sub-09,0.0,67
MATCH,1.00000001773818,0.9999999767564718,16.099284186477973,8,1,126546.3392687318,0.005590919657530944,sub-09,2.0000000000000018,67
WRONG,1.000000006152532,0.9999999971031397,0.4993377386868778,8,1,59.17469185928686,0.21846370662469347,sub-09,1.999999999999999,67
POP,1.000000004889503,0.0,0.0,4,1,inf,0.0,sub-07,0.0,68
MATCH,1.0000000054890252,0.9999999906633116,0.5630917054970915,8,1,263.33662387210893,0.1051878303849236,sub-07,1.9999999999999998,68
WRONG,1.000000013625863,0.9999999906633116,0.6959990979894412,8,1,502.2789878070713,0.08204555118930959,sub-07,2.0,68
POP,1.0000000150144468,0.0,0.0,4,1,inf,0.0,sub-06,0.0,69
MATCH,1.0000000150144468,0.999999987914271,1.4345428378680967,8,1,1457.6626507531023,0.05170730355846269,sub-06,2.0000000000000004,69
WRONG,1.0000000150144468,0.9999999909188698,0.5122624804952756,8,1,39.0277138195483,0.3064291800023724,sub-06,2.0000000000000004,69
POP,1.000000006152532,0.0,0.0,4,1,inf,0.0,sub-07,0.0,70
MATCH,1.000000006152532,0.9999999971031397,0.4993377386868778,8,1,59.17469185928686,0.21846370662469347,sub-07,1.999999999999999,70
WRONG,1.0000000209178945,0.9999999826822867,0.8400844897394343,8,1,182.68012690344725,0.14029995924001493,sub-07,1.9999999999999998,70
POP,1.000000006152532,0.0,0.0,4,1,inf,0.0,sub-06,0.0,71
MATCH,1.000000006152532,0.999999996959373,0.39871901536951804,8,1,305.6940703733763,0.108200895070902,sub-06,2.000000000000001,71
WRONG,1.0000000108706637,0.9999999925358697,0.4586922009795791,8,1,180.57349406518156,0.13329706167255398,sub-06,2.0,71
POP,1.0000000181970523,0.0,0.0,4,1,inf,0.0,sub-06,0.0,72
MATCH,1.0000000181970523,0.9999999881048259,0.9863669805039379,8,1,8749.777687322176,0.02490503942206302,sub-06,1.9999999999999993,72
WRONG,1.0000000181970523,0.9999999922308244,0.9757786072589663,8,1,10953.754299662722,0.02249361013408205,sub-06,2.0000000000000004,72
POP,1.0000000150144468,0.0,0.0,4,1,inf,0.0,sub-06,0.0,73
MATCH,1.0000000150144468,0.999999987914271,1.4345428378680967,8,1,1457.6626507531023,0.05170730355846269,sub-06,2.0000000000000004,73
WRONG,1.0000000150144468,0.9999999903401544,0.7844878750133952,8,1,80.91849876706517,0.20029663135070036,sub-06,2.0,73
POP,1.000000003377974,0.0,0.0,4,1,inf,0.0,sub-09,0.0,74
MATCH,1.000000003377974,0.9999999851804878,3.548020279237457,8,1,4112.319336091601,0.033176599131634746,sub-09,1.9999999999999996,74
WRONG,1.0000000214064901,0.9999999870968975,1.3701836587520038,8,1,892.7819747250608,0.06194321904563471,sub-09,2.0,74
POP,1.000000006152532,0.0,0.0,4,1,inf,0.0,sub-07,0.0,75
MATCH,1.000000006152532,0.9999999971031397,0.4993377386868778,8,1,59.17469185928686,0.21846370662469347,sub-07,1.999999999999999,75
WRONG,1.0000000073651252,0.9999999893200063,0.7943179118714829,8,1,520.0689840450117,0.08844504668191733,sub-07,2.0,75
POP,1.0000000181970523,0.0,0.0,4,1,inf,0.0,sub-09,0.0,76
MATCH,1.0000000181970523,0.9999999922308244,0.9757786072589663,8,1,10953.754299662722,0.02249361013408205,sub-09,2.0000000000000004,76
WRONG,1.0000000181970523,0.9999999828819583,1.346117603083663,8,1,10676.83731707821,0.02358151594787533,sub-09,2.0,76
POP,1.0000000175890311,0.0,0.0,4,1,inf,0.0,sub-06,0.0,77
MATCH,1.0000000175890311,0.9999999919634923,1.412562552480792,8,1,121.66020688468262,0.15765646887689413,sub-06,2.0,77
WRONG,1.0000000175890311,0.9999999948074074,6.2064612517432,8,1,3416.6554464434403,0.03624296493088146,sub-06,2.0000000000000004,77
POP,1.0000000150144468,0.0,0.0,4,1,inf,0.0,sub-06,0.0,78
MATCH,1.0000000150144468,0.999999987914271,1.4345428378680967,8,1,1457.6626507531023,0.05170730355846269,sub-06,2.0000000000000004,78
WRONG,1.0000000150144468,0.9999999903401544,0.7844878750133952,8,1,80.91849876706517,0.20029663135070036,sub-06,2.0,78
POP,1.000000003377974,0.0,0.0,4,1,inf,0.0,sub-06,0.0,79
MATCH,1.0000000222451124,0.9999999870968975,0.6301515185722493,8,1,209.45916643226167,0.12992103194763138,sub-06,1.999999999999999,79
WRONG,1.0000000326380587,0.9999999870968975,0.5322965196020512,8,1,88.26323765823352,0.1913959682902264,sub-06,1.9999999999999993,79
POP,1.0000000150144468,0.0,0.0,4,1,inf,0.0,sub-06,0.0,80
MATCH,1.0000000150144468,0.999999987914271,1.4345428378680967,8,1,1457.6626507531023,0.05170730355846269,sub-06,2.0000000000000004,80
WRONG,1.0000000150144468,0.9999999925603869,1.8284679584878667,8,1,364.90291123437163,0.10597388921566016,sub-06,2.0,80
POP,1.0000000150144468,0.0,0.0,4,1,inf,0.0,sub-06,0.0,81
MATCH,1.0000000150144468,0.999999987914271,1.4345428378680967,8,1,1457.6626507531023,0.05170730355846269,sub-06,2.0000000000000004,81
WRONG,1.0000000150144468,0.9999999928158536,1.3543428568786697,8,1,745.6379331781682,0.07635273028467085,sub-06,2.0,81
POP,1.0000000175890311,0.0,0.0,4,1,inf,0.0,sub-07,0.0,82
MATCH,1.000000021409448,0.9999999899781957,0.9123745530924275,8,1,1267.4677751842773,0.05516080276074625,sub-07,2.0000000000000004,82
WRONG,1.0000000175890311,0.9999999846280925,1.7178676640703854,8,1,1133.2957289512974,0.06507674428562661,sub-07,2.0,82
POP,1.0000000175890311,0.0,0.0,4,1,inf,0.0,sub-07,0.0,83
MATCH,1.000000021409448,0.9999999899781957,0.9123745530924275,8,1,1267.4677751842773,0.05516080276074625,sub-07,2.0000000000000004,83
WRONG,1.0000000175890311,0.9999999937897848,0.9817674339267917,8,1,302.3318398656576,0.1135936817514307,sub-07,2.000000000000001,83
POP,1.0000000150144468,0.0,0.0,4,1,inf,0.0,sub-07,0.0,84
MATCH,1.00000002165304,0.9999999786207296,1.466765979320854,8,1,376.3194165979449,0.09022369044078185,sub-07,1.9999999999999996,84
WRONG,1.0000000150144468,0.9999999925603869,1.8284679584878667,8,1,364.90291123437163,0.10597388921566016,sub-07,2.0,84
POP,1.000000004889503,0.0,0.0,4,1,inf,0.0,sub-09,0.0,85
MATCH,1.0000000173707753,0.9999999906633116,1.113157645003173,8,1,767.8426107209143,0.06699853383086128,sub-09,1.9999999999999998,85
WRONG,1.0000000085411052,0.9999999906633116,0.7063334207338979,8,1,243.8205942966164,0.12262128908521296,sub-09,1.9999999999999971,85
POP,1.0000000150144468,0.0,0.0,4,1,inf,0.0,sub-07,0.0,86
MATCH,1.00000002165304,0.9999999786207296,1.466765979320854,8,1,376.3194165979449,0.09022369044078185,sub-07,1.9999999999999996,86
WRONG,1.0000000150144468,0.9999999909188698,0.5122624804952756,8,1,39.0277138195483,0.3064291800023724,sub-07,2.0000000000000004,86
POP,1.000000006152532,0.0,0.0,4,1,inf,0.0,sub-07,0.0,87
MATCH,1.000000006152532,0.9999999971031397,0.4993377386868778,8,1,59.17469185928686,0.21846370662469347,sub-07,1.999999999999999,87
WRONG,1.0000000217876426,0.9999999971031397,1.1378803029302846,8,1,2063.615622158747,0.047927250826413595,sub-07,2.0,87
POP,1.000000004889503,0.0,0.0,4,1,inf,0.0,sub-09,0.0,88
MATCH,1.0000000173707753,0.9999999906633116,1.113157645003173,8,1,767.8426107209143,0.06699853383086128,sub-09,1.9999999999999998,88
WRONG,1.0000000061533678,0.9999999906633116,0.4510334804314455,8,1,301.2831393210191,0.11364915764415141,sub-09,2.000000000000001,88
POP,1.0000000150144468,0.0,0.0,4,1,inf,0.0,sub-09,0.0,89
MATCH,1.0000000150144468,0.9999999928158536,0.8194578825710673,8,1,607.5962643816576,0.08780126242023407,sub-09,2.0000000000000004,89
WRONG,1.0000000150144468,0.9999999928158536,1.003252061015479,8,1,75.78600338911608,0.20556687036131158,sub-09,2.0,89
POP,1.000000003377974,0.0,0.0,4,1,inf,0.0,sub-06,0.0,90
MATCH,1.0000000222451124,0.9999999870968975,0.6301515185722493,8,1,209.45916643226167,0.12992103194763138,sub-06,1.999999999999999,90
WRONG,1.0000000199937138,0.9999999870968975,0.9122400591296543,8,1,180.18707199761386,0.14102315355075282,sub-06,1.9999999999999991,90
POP,1.0000000150144468,0.0,0.0,4,1,inf,0.0,sub-09,0.0,91
MATCH,1.0000000150144468,0.9999999928158536,0.8194578825710673,8,1,607.5962643816576,0.08780126242023407,sub-09,2.0000000000000004,91
WRONG,1.0000000150144468,0.9999999809649799,2.062334671643351,8,1,440.19645736533533,0.09170951671257146,sub-09,1.9999999999999998,91
POP,1.000000004889503,0.0,0.0,4,1,inf,0.0,sub-06,0.0,92
MATCH,1.000000004889503,0.9999999882438723,0.7170651606826395,8,1,632.6186005435503,0.07697336748245906,sub-06,2.0000000000000004,92
WRONG,1.000000009293648,0.9999999906633116,0.42467845187340597,8,1,998.1409972026024,0.057485019610103896,sub-06,2.0,92
POP,1.0000000181970523,0.0,0.0,4,1,inf,0.0,sub-07,0.0,93
MATCH,1.0000000181970523,0.9999999794771057,1.1205757660738505,8,1,3927.9721805232634,0.038593213966234455,sub-07,1.9999999999999984,93
WRONG,1.0000000181970523,0.9999999721962384,0.9815295445678525,8,1,3592.6806078196923,0.03913648800389709,sub-07,1.9999999999999991,93
POP,1.000000004889503,0.0,0.0,4,1,inf,0.0,sub-09,0.0,94
MATCH,1.0000000173707753,0.9999999906633116,1.113157645003173,8,1,767.8426107209143,0.06699853383086128,sub-09,1.9999999999999998,94
WRONG,1.000000009293648,0.9999999906633116,0.42467845187340597,8,1,998.1409972026024,0.057485019610103896,sub-09,2.0,94
POP,1.0000000150144468,0.0,0.0,4,1,inf,0.0,sub-09,0.0,95
MATCH,1.0000000150144468,0.9999999928158536,0.8194578825710673,8,1,607.5962643816576,0.08780126242023407,sub-09,2.0000000000000004,95
WRONG,1.0000000150144468,0.9999999809649799,2.062334671643351,8,1,440.19645736533533,0.09170951671257146,sub-09,1.9999999999999998,95
POP,1.000000004889503,0.0,0.0,4,1,inf,0.0,sub-07,0.0,96
MATCH,1.0000000054890252,0.9999999906633116,0.5630917054970915,8,1,263.33662387210893,0.1051878303849236,sub-07,1.9999999999999998,96
WRONG,1.000000009293648,0.9999999906633116,0.42467845187340597,8,1,998.1409972026024,0.057485019610103896,sub-07,2.0,96
POP,1.0000000175890311,0.0,0.0,4,1,inf,0.0,sub-07,0.0,97
MATCH,1.000000021409448,0.9999999899781957,0.9123745530924275,8,1,1267.4677751842773,0.05516080276074625,sub-07,2.0000000000000004,97
WRONG,1.0000000175890311,0.9999999763068661,1.2017126111194638,8,1,160.6466785923972,0.15475174459276864,sub-07,2.0,97
POP,1.000000003377974,0.0,0.0,4,1,inf,0.0,sub-06,0.0,98
MATCH,1.0000000222451124,0.9999999870968975,0.6301515185722493,8,1,209.45916643226167,0.12992103194763138,sub-06,1.999999999999999,98
WRONG,1.000000007984941,0.9999999870968975,0.48109096247296257,8,1,75.05414866503118,0.20999234034239778,sub-06,1.999999999999999,98
POP,1.000000004889503,0.0,0.0,4,1,inf,0.0,sub-09,0.0,99
MATCH,1.0000000173707753,0.9999999906633116,1.113157645003173,8,1,767.8426107209143,0.06699853383086128,sub-09,1.9999999999999998,99
WRONG,1.000000012601267,0.9999999906633116,0.7686924239918113,8,1,214.21683618695855,0.15104929793453944,sub-09,1.9999999999999998,99
POP,1.0000000175890311,0.0,0.0,4,1,inf,0.0,sub-09,0.0,100
MATCH,1.0000000175890311,0.9999999846280925,1.7178676640703854,8,1,1133.2957289512974,0.06507674428562661,sub-09,2.0,100
WRONG,1.0000000175890311,0.9999999762348686,1.943163470735656,8,1,354.3316770603612,0.1105585099754517,sub-09,1.9999999999999998,100
POP,1.0000000181970523,0.0,0.0,4,1,inf,0.0,sub-09,0.0,101
MATCH,1.0000000181970523,0.9999999922308244,0.9757786072589663,8,1,10953.754299662722,0.02249361013408205,sub-09,2.0000000000000004,101
WRONG,1.0000000244546787,0.9999999767276473,1.1225496981710432,8,1,6962.428230624226,0.02889355584739918,sub-09,1.9999999999999993,101
POP,1.0000000175890311,0.0,0.0,4,1,inf,0.0,sub-06,0.0,102
MATCH,1.0000000175890311,0.9999999919634923,1.412562552480792,8,1,121.66020688468262,0.15765646887689413,sub-06,2.0,102
WRONG,1.0000000175890311,0.9999999762348686,1.943163470735656,8,1,354.3316770603612,0.1105585099754517,sub-06,1.9999999999999998,102
POP,1.0000000175890311,0.0,0.0,4,1,inf,0.0,sub-09,0.0,103
MATCH,1.0000000175890311,0.9999999846280925,1.7178676640703854,8,1,1133.2957289512974,0.06507674428562661,sub-09,2.0,103
WRONG,1.0000000175890311,0.9999999833214621,0.9550759199483272,8,1,36.66019558358517,0.30730647621251045,sub-09,1.9999999999999998,103
POP,1.000000004889503,0.0,0.0,4,1,inf,0.0,sub-07,0.0,104
MATCH,1.0000000054890252,0.9999999906633116,0.5630917054970915,8,1,263.33662387210893,0.1051878303849236,sub-07,1.9999999999999998,104
WRONG,1.000000012601267,0.9999999906633116,0.7686924239918113,8,1,214.21683618695855,0.15104929793453944,sub-07,1.9999999999999998,104
POP,1.0000000150144468,0.0,0.0,4,1,inf,0.0,sub-07,0.0,105
MATCH,1.00000002165304,0.9999999786207296,1.466765979320854,8,1,376.3194165979449,0.09022369044078185,sub-07,1.9999999999999996,105
WRONG,1.0000000150144468,0.9999999903401544,0.7844878750133952,8,1,80.91849876706517,0.20029663135070036,sub-07,2.0,105
POP,1.0000000181970523,0.0,0.0,4,1,inf,0.0,sub-07,0.0,106
MATCH,1.0000000181970523,0.9999999794771057,1.1205757660738505,8,1,3927.9721805232634,0.038593213966234455,sub-07,1.9999999999999984,106
WRONG,1.0000000181970523,0.9999999881048259,0.9863669805039379,8,1,8749.777687322176,0.02490503942206302,sub-07,1.9999999999999993,106
POP,1.000000003377974,0.0,0.0,4,1,inf,0.0,sub-07,0.0,107
MATCH,1.0000000117611814,0.9999999845750417,0.6055213605896211,8,1,80.6856039848096,0.19109478074556055,sub-07,2.0000000000000013,107
WRONG,1.0000000213373397,0.9999999812804237,0.6173047346521174,8,1,103.03997866531381,0.17221154423542698,sub-07,1.9999999999999998,107
POP,1.000000003377974,0.0,0.0,4,1,inf,0.0,sub-07,0.0,108
MATCH,1.0000000117611814,0.9999999845750417,0.6055213605896211,8,1,80.6856039848096,0.19109478074556055,sub-07,2.0000000000000013,108
WRONG,1.0000000199937138,0.9999999870968975,0.9122400591296543,8,1,180.18707199761386,0.14102315355075282,sub-07,1.9999999999999991,108
POP,1.0000000150144468,0.0,0.0,4,1,inf,0.0,sub-06,0.0,109
MATCH,1.0000000150144468,0.999999987914271,1.4345428378680967,8,1,1457.6626507531023,0.05170730355846269,sub-06,2.0000000000000004,109
WRONG,1.00000002165304,0.9999999786207296,1.466765979320854,8,1,376.3194165979449,0.09022369044078185,sub-06,1.9999999999999996,109
POP,1.000000003377974,0.0,0.0,4,1,inf,0.0,sub-06,0.0,110
MATCH,1.0000000222451124,0.9999999870968975,0.6301515185722493,8,1,209.45916643226167,0.12992103194763138,sub-06,1.999999999999999,110
WRONG,1.000000003377974,0.9999999851804878,3.548020279237457,8,1,4112.319336091601,0.033176599131634746,sub-06,1.9999999999999996,110
POP,1.000000006152532,0.0,0.0,4,1,inf,0.0,sub-07,0.0,111
MATCH,1.000000006152532,0.9999999971031397,0.4993377386868778,8,1,59.17469185928686,0.21846370662469347,sub-07,1.999999999999999,111
WRONG,1.000000006152532,0.999999994346596,0.485559163124009,8,1,180.41764659274352,0.14692292022957879,sub-07,2.000000000000001,111
POP,1.0000000175890311,0.0,0.0,4,1,inf,0.0,sub-06,0.0,112
MATCH,1.0000000175890311,0.9999999919634923,1.412562552480792,8,1,121.66020688468262,0.15765646887689413,sub-06,2.0,112
WRONG,1.000000028854051,0.9999999882167265,0.9423405101435403,8,1,103.953248565738,0.17589031487417778,sub-06,2.0,112
POP,1.0000000175890311,0.0,0.0,4,1,inf,0.0,sub-07,0.0,113
MATCH,1.000000021409448,0.9999999899781957,0.9123745530924275,8,1,1267.4677751842773,0.05516080276074625,sub-07,2.0000000000000004,113
WRONG,1.0000000175890311,0.9999999846280925,1.7178676640703854,8,1,1133.2957289512974,0.06507674428562661,sub-07,2.0,113
POP,1.000000003377974,0.0,0.0,4,1,inf,0.0,sub-07,0.0,114
MATCH,1.0000000117611814,0.9999999845750417,0.6055213605896211,8,1,80.6856039848096,0.19109478074556055,sub-07,2.0000000000000013,114
WRONG,1.0000000199937138,0.9999999870968975,0.9122400591296543,8,1,180.18707199761386,0.14102315355075282,sub-07,1.9999999999999991,114
POP,1.0000000150144468,0.0,0.0,4,1,inf,0.0,sub-07,0.0,115
MATCH,1.00000002165304,0.9999999786207296,1.466765979320854,8,1,376.3194165979449,0.09022369044078185,sub-07,1.9999999999999996,115
WRONG,1.0000000150144468,0.9999999903401544,0.7844878750133952,8,1,80.91849876706517,0.20029663135070036,sub-07,2.0,115
POP,1.0000000150144468,0.0,0.0,4,1,inf,0.0,sub-07,0.0,116
MATCH,1.00000002165304,0.9999999786207296,1.466765979320854,8,1,376.3194165979449,0.09022369044078185,sub-07,1.9999999999999996,116
WRONG,1.0000000150144468,0.9999999772677091,0.6945554503461004,8,1,51.56752704839369,0.22740756790245217,sub-07,1.9999999999999993,116
POP,1.000000006152532,0.0,0.0,4,1,inf,0.0,sub-06,0.0,117
MATCH,1.000000006152532,0.999999996959373,0.39871901536951804,8,1,305.6940703733763,0.108200895070902,sub-06,2.000000000000001,117
WRONG,1.0000000209178945,0.9999999826822867,0.8400844897394343,8,1,182.68012690344725,0.14029995924001493,sub-06,1.9999999999999998,117
POP,1.000000003377974,0.0,0.0,4,1,inf,0.0,sub-09,0.0,118
MATCH,1.000000003377974,0.9999999851804878,3.548020279237457,8,1,4112.319336091601,0.033176599131634746,sub-09,1.9999999999999996,118
WRONG,1.0000000199937138,0.9999999870968975,0.9122400591296543,8,1,180.18707199761386,0.14102315355075282,sub-09,1.9999999999999991,118
POP,1.000000003377974,0.0,0.0,4,1,inf,0.0,sub-09,0.0,119
MATCH,1.000000003377974,0.9999999851804878,3.548020279237457,8,1,4112.319336091601,0.033176599131634746,sub-09,1.9999999999999996,119
WRONG,1.0000000117611814,0.9999999845750417,0.6055213605896211,8,1,80.6856039848096,0.19109478074556055,sub-09,2.0000000000000013,119
POP,1.0000000175890311,0.0,0.0,4,1,inf,0.0,sub-06,0.0,120
MATCH,1.0000000175890311,0.9999999919634923,1.412562552480792,8,1,121.66020688468262,0.15765646887689413,sub-06,2.0,120
WRONG,1.0000000175890311,0.9999999833214621,0.9550759199483272,8,1,36.66019558358517,0.30730647621251045,sub-06,1.9999999999999998,120
POP,1.000000003377974,0.0,0.0,4,1,inf,0.0,sub-07,0.0,121
MATCH,1.0000000117611814,0.9999999845750417,0.6055213605896211,8,1,80.6856039848096,0.19109478074556055,sub-07,2.0000000000000013,121
WRONG,1.0000000076009898,0.9999999870968975,2.7679995017413503,8,1,2367.4720717733626,0.04589284222325646,sub-07,2.0000000000000004,121
POP,1.0000000175890311,0.0,0.0,4,1,inf,0.0,sub-06,0.0,122
MATCH,1.0000000175890311,0.9999999919634923,1.412562552480792,8,1,121.66020688468262,0.15765646887689413,sub-06,2.0,122
WRONG,1.0000000175890311,0.9999999846280925,1.7178676640703854,8,1,1133.2957289512974,0.06507674428562661,sub-06,2.0,122
POP,1.000000006152532,0.0,0.0,4,1,inf,0.0,sub-06,0.0,123
MATCH,1.000000006152532,0.999999996959373,0.39871901536951804,8,1,305.6940703733763,0.108200895070902,sub-06,2.000000000000001,123
WRONG,1.00000001773818,0.9999999767564718,16.099284186477973,8,1,126546.3392687318,0.005590919657530944,sub-06,2.0000000000000018,123
POP,1.0000000175890311,0.0,0.0,4,1,inf,0.0,sub-07,0.0,124
MATCH,1.000000021409448,0.9999999899781957,0.9123745530924275,8,1,1267.4677751842773,0.05516080276074625,sub-07,2.0000000000000004,124
WRONG,1.0000000175890311,0.9999999864581076,1.0530281842711475,8,1,46.46264120954153,0.2779631343384813,sub-07,2.0,124
POP,1.0000000175890311,0.0,0.0,4,1,inf,0.0,sub-09,0.0,125
MATCH,1.0000000175890311,0.9999999846280925,1.7178676640703854,8,1,1133.2957289512974,0.06507674428562661,sub-09,2.0,125
WRONG,1.0000000175890311,0.9999999764971396,1.23084751967,8,1,144.33346308296228,0.14639270922006992,sub-09,1.9999999999999996,125
POP,1.000000006152532,0.0,0.0,4,1,inf,0.0,sub-07,0.0,126
MATCH,1.000000006152532,0.9999999971031397,0.4993377386868778,8,1,59.17469185928686,0.21846370662469347,sub-07,1.999999999999999,126
WRONG,1.0000000217876426,0.9999999971031397,1.1378803029302846,8,1,2063.615622158747,0.047927250826413595,sub-07,2.0,126
POP,1.0000000181970523,0.0,0.0,4,1,inf,0.0,sub-06,0.0,127
MATCH,1.0000000181970523,0.9999999881048259,0.9863669805039379,8,1,8749.777687322176,0.02490503942206302,sub-06,1.9999999999999993,127
WRONG,1.0000000209348403,0.9999999868624684,0.9732449701089739,8,1,7791.466928609658,0.026538429142199855,sub-06,2.000000000000001,127
POP,1.000000004889503,0.0,0.0,4,1,inf,0.0,sub-09,0.0,128
MATCH,1.0000000173707753,0.9999999906633116,1.113157645003173,8,1,767.8426107209143,0.06699853383086128,sub-09,1.9999999999999998,128
WRONG,1.0000000061533678,0.9999999906633116,0.4510334804314455,8,1,301.2831393210191,0.11364915764415141,sub-09,2.000000000000001,128
POP,1.0000000175890311,0.0,0.0,4,1,inf,0.0,sub-07,0.0,129
MATCH,1.000000021409448,0.9999999899781957,0.9123745530924275,8,1,1267.4677751842773,0.05516080276074625,sub-07,2.0000000000000004,129
WRONG,1.0000000175890311,0.9999999846280925,1.7178676640703854,8,1,1133.2957289512974,0.06507674428562661,sub-07,2.0,129
POP,1.0000000175890311,0.0,0.0,4,1,inf,0.0,sub-06,0.0,130
MATCH,1.0000000175890311,0.9999999919634923,1.412562552480792,8,1,121.66020688468262,0.15765646887689413,sub-06,2.0,130
WRONG,1.0000000175890311,0.9999999846280925,1.7178676640703854,8,1,1133.2957289512974,0.06507674428562661,sub-06,2.0,130
POP,1.000000003377974,0.0,0.0,4,1,inf,0.0,sub-09,0.0,131
MATCH,1.000000003377974,0.9999999851804878,3.548020279237457,8,1,4112.319336091601,0.033176599131634746,sub-09,1.9999999999999996,131
WRONG,1.0000000093152426,0.9999999769975202,0.5336800024864712,8,1,139.54768737382034,0.15365631856712367,sub-09,1.9999999999999993,131
POP,1.000000003377974,0.0,0.0,4,1,inf,0.0,sub-07,0.0,132
MATCH,1.0000000117611814,0.9999999845750417,0.6055213605896211,8,1,80.6856039848096,0.19109478074556055,sub-07,2.0000000000000013,132
WRONG,1.0000000326380587,0.9999999870968975,0.5322965196020512,8,1,88.26323765823352,0.1913959682902264,sub-07,1.9999999999999993,132
POP,1.0000000150144468,0.0,0.0,4,1,inf,0.0,sub-06,0.0,133
MATCH,1.0000000150144468,0.999999987914271,1.4345428378680967,8,1,1457.6626507531023,0.05170730355846269,sub-06,2.0000000000000004,133
WRONG,1.0000000150144468,0.9999999809649799,2.062334671643351,8,1,440.19645736533533,0.09170951671257146,sub-06,1.9999999999999998,133
POP,1.0000000181970523,0.0,0.0,4,1,inf,0.0,sub-06,0.0,134
MATCH,1.0000000181970523,0.9999999881048259,0.9863669805039379,8,1,8749.777687322176,0.02490503942206302,sub-06,1.9999999999999993,134
WRONG,1.0000000181970523,0.9999999726263217,1.0483059773946715,8,1,2321.502409619514,0.04642927424102213,sub-06,2.0000000000000004,134
POP,1.000000006152532,0.0,0.0,4,1,inf,0.0,sub-07,0.0,135
MATCH,1.000000006152532,0.9999999971031397,0.4993377386868778,8,1,59.17469185928686,0.21846370662469347,sub-07,1.999999999999999,135
WRONG,1.000000006152532,0.999999996959373,0.39871901536951804,8,1,305.6940703733763,0.108200895070902,sub-07,2.000000000000001,135
POP,1.000000006152532,0.0,0.0,4,1,inf,0.0,sub-09,0.0,136
MATCH,1.00000001773818,0.9999999767564718,16.099284186477973,8,1,126546.3392687318,0.005590919657530944,sub-09,2.0000000000000018,136
WRONG,1.0000000112321572,0.9999999962823086,1.0931883710316033,8,1,417.5397034709826,0.09945375263032735,sub-09,1.9999999999999998,136
POP,1.000000004889503,0.0,0.0,4,1,inf,0.0,sub-06,0.0,137
MATCH,1.000000004889503,0.9999999882438723,0.7170651606826395,8,1,632.6186005435503,0.07697336748245906,sub-06,2.0000000000000004,137
WRONG,1.000000009293648,0.9999999906633116,0.42467845187340597,8,1,998.1409972026024,0.057485019610103896,sub-06,2.0,137
POP,1.0000000181970523,0.0,0.0,4,1,inf,0.0,sub-07,0.0,138
MATCH,1.0000000181970523,0.9999999794771057,1.1205757660738505,8,1,3927.9721805232634,0.038593213966234455,sub-07,1.9999999999999984,138
WRONG,1.0000000212688225,0.9999999922308244,0.9706170042755085,8,1,6614.481580270067,0.0301964046551931,sub-07,2.0,138
POP,1.0000000150144468,0.0,0.0,4,1,inf,0.0,sub-09,0.0,139
MATCH,1.0000000150144468,0.9999999928158536,0.8194578825710673,8,1,607.5962643816576,0.08780126242023407,sub-09,2.0000000000000004,139
WRONG,1.0000000150144468,0.9999999925603869,1.8284679584878667,8,1,364.90291123437163,0.10597388921566016,sub-09,2.0,139
POP,1.0000000175890311,0.0,0.0,4,1,inf,0.0,sub-07,0.0,140
MATCH,1.000000021409448,0.9999999899781957,0.9123745530924275,8,1,1267.4677751842773,0.05516080276074625,sub-07,2.0000000000000004,140
WRONG,1.000000028854051,0.9999999882167265,0.9423405101435403,8,1,103.953248565738,0.17589031487417778,sub-07,2.0,140
POP,1.0000000150144468,0.0,0.0,4,1,inf,0.0,sub-09,0.0,141
MATCH,1.0000000150144468,0.9999999928158536,0.8194578825710673,8,1,607.5962643816576,0.08780126242023407,sub-09,2.0000000000000004,141
WRONG,1.0000000150144468,0.9999999928158536,1.3543428568786697,8,1,745.6379331781682,0.07635273028467085,sub-09,2.0,141
POP,1.000000003377974,0.0,0.0,4,1,inf,0.0,sub-06,0.0,142
MATCH,1.0000000222451124,0.9999999870968975,0.6301515185722493,8,1,209.45916643226167,0.12992103194763138,sub-06,1.999999999999999,142
WRONG,1.000000003377974,0.9999999798586121,0.6145722400507533,8,1,927.4224011014538,0.06314103475399278,sub-06,2.000000000000001,142
POP,1.000000003377974,0.0,0.0,4,1,inf,0.0,sub-07,0.0,143
MATCH,1.0000000117611814,0.9999999845750417,0.6055213605896211,8,1,80.6856039848096,0.19109478074556055,sub-07,2.0000000000000013,143
WRONG,1.000000003377974,0.9999999851760564,0.5971062510643296,8,1,87.33590908695605,0.1955068861479469,sub-07,1.999999999999999,143
POP,1.000000003377974,0.0,0.0,4,1,inf,0.0,sub-06,0.0,144
MATCH,1.0000000222451124,0.9999999870968975,0.6301515185722493,8,1,209.45916643226167,0.12992103194763138,sub-06,1.999999999999999,144
WRONG,1.000000003377974,0.9999999851804878,3.548020279237457,8,1,4112.319336091601,0.033176599131634746,sub-06,1.9999999999999996,144
POP,1.000000004889503,0.0,0.0,4,1,inf,0.0,sub-06,0.0,145
MATCH,1.000000004889503,0.9999999882438723,0.7170651606826395,8,1,632.6186005435503,0.07697336748245906,sub-06,2.0000000000000004,145
WRONG,1.000000004889503,0.9999999906633116,0.7673332502324042,8,1,344.48612285958984,0.10593711021014607,sub-06,1.9999999999999993,145
POP,1.000000003377974,0.0,0.0,4,1,inf,0.0,sub-09,0.0,146
MATCH,1.000000003377974,0.9999999851804878,3.548020279237457,8,1,4112.319336091601,0.033176599131634746,sub-09,1.9999999999999996,146
WRONG,1.0000000213373397,0.9999999812804237,0.6173047346521174,8,1,103.03997866531381,0.17221154423542698,sub-09,1.9999999999999998,146
POP,1.000000004889503,0.0,0.0,4,1,inf,0.0,sub-07,0.0,147
MATCH,1.0000000054890252,0.9999999906633116,0.5630917054970915,8,1,263.33662387210893,0.1051878303849236,sub-07,1.9999999999999998,147
WRONG,1.000000004889503,0.9999999830463998,0.505528022232242,8,1,599.1472540070098,0.07298464997379092,sub-07,1.9999999999999991,147
POP,1.000000004889503,0.0,0.0,4,1,inf,0.0,sub-06,0.0,148
MATCH,1.000000004889503,0.9999999882438723,0.7170651606826395,8,1,632.6186005435503,0.07697336748245906,sub-06,2.0000000000000004,148
WRONG,1.000000004889503,0.9999999830463998,0.505528022232242,8,1,599.1472540070098,0.07298464997379092,sub-06,1.9999999999999991,148
POP,1.0000000175890311,0.0,0.0,4,1,inf,0.0,sub-09,0.0,149
MATCH,1.0000000175890311,0.9999999846280925,1.7178676640703854,8,1,1133.2957289512974,0.06507674428562661,sub-09,2.0,149
WRONG,1.0000000175890311,0.9999999762348686,1.943163470735656,8,1,354.3316770603612,0.1105585099754517,sub-09,1.9999999999999998,149
POP,1.0000000175890311,0.0,0.0,4,1,inf,0.0,sub-06,0.0,150
MATCH,1.0000000175890311,0.9999999919634923,1.412562552480792,8,1,121.66020688468262,0.15765646887689413,sub-06,2.0,150
WRONG,1.0000000175890311,0.9999999856343076,1.408435271606045,8,1,620.6561935768016,0.07091751523315258,sub-06,1.9999999999999993,150
POP,1.000000003377974,0.0,0.0,4,1,inf,0.0,sub-07,0.0,151
MATCH,1.0000000117611814,0.9999999845750417,0.6055213605896211,8,1,80.6856039848096,0.19109478074556055,sub-07,2.0000000000000013,151
WRONG,1.0000000076009898,0.9999999870968975,2.7679995017413503,8,1,2367.4720717733626,0.04589284222325646,sub-07,2.0000000000000004,151
POP,1.000000003377974,0.0,0.0,4,1,inf,0.0,sub-06,0.0,152
MATCH,1.0000000222451124,0.9999999870968975,0.6301515185722493,8,1,209.45916643226167,0.12992103194763138,sub-06,1.999999999999999,152
WRONG,1.000000003377974,0.9999999851760564,0.5971062510643296,8,1,87.33590908695605,0.1955068861479469,sub-06,1.999999999999999,152
POP,1.000000006152532,0.0,0.0,4,1,inf,0.0,sub-07,0.0,153
MATCH,1.000000006152532,0.9999999971031397,0.4993377386868778,8,1,59.17469185928686,0.21846370662469347,sub-07,1.999999999999999,153
WRONG,1.00000001773818,0.9999999767564718,16.099284186477973,8,1,126546.3392687318,0.005590919657530944,sub-07,2.0000000000000018,153
POP,1.0000000175890311,0.0,0.0,4,1,inf,0.0,sub-07,0.0,154
MATCH,1.000000021409448,0.9999999899781957,0.9123745530924275,8,1,1267.4677751842773,0.05516080276074625,sub-07,2.0000000000000004,154
WRONG,1.0000000175890311,0.9999999937897848,0.9817674339267917,8,1,302.3318398656576,0.1135936817514307,sub-07,2.000000000000001,154
POP,1.000000006152532,0.0,0.0,4,1,inf,0.0,sub-07,0.0,155
MATCH,1.000000006152532,0.9999999971031397,0.4993377386868778,8,1,59.17469185928686,0.21846370662469347,sub-07,1.999999999999999,155
WRONG,1.0000000217876426,0.9999999971031397,1.1378803029302846,8,1,2063.615622158747,0.047927250826413595,sub-07,2.0,155
POP,1.000000006152532,0.0,0.0,4,1,inf,0.0,sub-09,0.0,156
MATCH,1.00000001773818,0.9999999767564718,16.099284186477973,8,1,126546.3392687318,0.005590919657530944,sub-09,2.0000000000000018,156
WRONG,1.0000000209178945,0.9999999826822867,0.8400844897394343,8,1,182.68012690344725,0.14029995924001493,sub-09,1.9999999999999998,156
POP,1.0000000181970523,0.0,0.0,4,1,inf,0.0,sub-09,0.0,157
MATCH,1.0000000181970523,0.9999999922308244,0.9757786072589663,8,1,10953.754299662722,0.02249361013408205,sub-09,2.0000000000000004,157
WRONG,1.0000000181970523,0.9999999828819583,1.346117603083663,8,1,10676.83731707821,0.02358151594787533,sub-09,2.0,157
POP,1.0000000175890311,0.0,0.0,4,1,inf,0.0,sub-09,0.0,158
MATCH,1.0000000175890311,0.9999999846280925,1.7178676640703854,8,1,1133.2957289512974,0.06507674428562661,sub-09,2.0,158
WRONG,1.0000000175890311,0.9999999762348686,1.943163470735656,8,1,354.3316770603612,0.1105585099754517,sub-09,1.9999999999999998,158
POP,1.0000000175890311,0.0,0.0,4,1,inf,0.0,sub-06,0.0,159
MATCH,1.0000000175890311,0.9999999919634923,1.412562552480792,8,1,121.66020688468262,0.15765646887689413,sub-06,2.0,159
WRONG,1.0000000175890311,0.9999999856343076,1.408435271606045,8,1,620.6561935768016,0.07091751523315258,sub-06,1.9999999999999993,159
POP,1.000000004889503,0.0,0.0,4,1,inf,0.0,sub-07,0.0,160
MATCH,1.0000000054890252,0.9999999906633116,0.5630917054970915,8,1,263.33662387210893,0.1051878303849236,sub-07,1.9999999999999998,160
WRONG,1.000000013625863,0.9999999906633116,0.6959990979894412,8,1,502.2789878070713,0.08204555118930959,sub-07,2.0,160
POP,1.000000003377974,0.0,0.0,4,1,inf,0.0,sub-07,0.0,161
MATCH,1.0000000117611814,0.9999999845750417,0.6055213605896211,8,1,80.6856039848096,0.19109478074556055,sub-07,2.0000000000000013,161
WRONG,1.000000003377974,0.9999999851760564,0.5971062510643296,8,1,87.33590908695605,0.1955068861479469,sub-07,1.999999999999999,161
POP,1.000000003377974,0.0,0.0,4,1,inf,0.0,sub-09,0.0,162
MATCH,1.000000003377974,0.9999999851804878,3.548020279237457,8,1,4112.319336091601,0.033176599131634746,sub-09,1.9999999999999996,162
WRONG,1.000000007984941,0.9999999870968975,0.48109096247296257,8,1,75.05414866503118,0.20999234034239778,sub-09,1.999999999999999,162
POP,1.0000000150144468,0.0,0.0,4,1,inf,0.0,sub-09,0.0,163
MATCH,1.0000000150144468,0.9999999928158536,0.8194578825710673,8,1,607.5962643816576,0.08780126242023407,sub-09,2.0000000000000004,163
WRONG,1.0000000150144468,0.9999999928158536,1.3613358313638466,8,1,496.84879070083906,0.09193037513104553,sub-09,2.0000000000000004,163
POP,1.000000004889503,0.0,0.0,4,1,inf,0.0,sub-07,0.0,164
MATCH,1.0000000054890252,0.9999999906633116,0.5630917054970915,8,1,263.33662387210893,0.1051878303849236,sub-07,1.9999999999999998,164
WRONG,1.000000004889503,0.9999999882438723,0.7170651606826395,8,1,632.6186005435503,0.07697336748245906,sub-07,2.0000000000000004,164
POP,1.0000000175890311,0.0,0.0,4,1,inf,0.0,sub-09,0.0,165
MATCH,1.0000000175890311,0.9999999846280925,1.7178676640703854,8,1,1133.2957289512974,0.06507674428562661,sub-09,2.0,165
WRONG,1.0000000227906942,0.9999999868769696,0.9814205951230285,8,1,52.75617449591909,0.2494319499208104,sub-09,2.0000000000000004,165
POP,1.000000004889503,0.0,0.0,4,1,inf,0.0,sub-09,0.0,166
MATCH,1.0000000173707753,0.9999999906633116,1.113157645003173,8,1,767.8426107209143,0.06699853383086128,sub-09,1.9999999999999998,166
WRONG,1.000000004889503,0.9999999882438723,0.7170651606826395,8,1,632.6186005435503,0.07697336748245906,sub-09,2.0000000000000004,166
POP,1.000000004889503,0.0,0.0,4,1,inf,0.0,sub-09,0.0,167
MATCH,1.0000000173707753,0.9999999906633116,1.113157645003173,8,1,767.8426107209143,0.06699853383086128,sub-09,1.9999999999999998,167
WRONG,1.00000000907426,0.9999999893078435,0.7415551545106132,8,1,320.1445783881818,0.10641520072783456,sub-09,1.9999999999999993,167
POP,1.000000006152532,0.0,0.0,4,1,inf,0.0,sub-06,0.0,168
MATCH,1.000000006152532,0.999999996959373,0.39871901536951804,8,1,305.6940703733763,0.108200895070902,sub-06,2.000000000000001,168
WRONG,1.0000000073651252,0.9999999893200063,0.7943179118714829,8,1,520.0689840450117,0.08844504668191733,sub-06,2.0,168
POP,1.0000000150144468,0.0,0.0,4,1,inf,0.0,sub-09,0.0,169
MATCH,1.0000000150144468,0.9999999928158536,0.8194578825710673,8,1,607.5962643816576,0.08780126242023407,sub-09,2.0000000000000004,169
WRONG,1.00000002165304,0.9999999786207296,1.466765979320854,8,1,376.3194165979449,0.09022369044078185,sub-09,1.9999999999999996,169
POP,1.0000000175890311,0.0,0.0,4,1,inf,0.0,sub-06,0.0,170
MATCH,1.0000000175890311,0.9999999919634923,1.412562552480792,8,1,121.66020688468262,0.15765646887689413,sub-06,2.0,170
WRONG,1.0000000175890311,0.9999999763068661,1.2017126111194638,8,1,160.6466785923972,0.15475174459276864,sub-06,2.0,170
POP,1.000000004889503,0.0,0.0,4,1,inf,0.0,sub-06,0.0,171
MATCH,1.000000004889503,0.9999999882438723,0.7170651606826395,8,1,632.6186005435503,0.07697336748245906,sub-06,2.0000000000000004,171
WRONG,1.000000013625863,0.9999999906633116,0.6959990979894412,8,1,502.2789878070713,0.08204555118930959,sub-06,2.0,171
POP,1.000000006152532,0.0,0.0,4,1,inf,0.0,sub-09,0.0,172
MATCH,1.00000001773818,0.9999999767564718,16.099284186477973,8,1,126546.3392687318,0.005590919657530944,sub-09,2.0000000000000018,172
WRONG,1.000000006152532,0.999999996959373,0.39871901536951804,8,1,305.6940703733763,0.108200895070902,sub-09,2.000000000000001,172
POP,1.000000003377974,0.0,0.0,4,1,inf,0.0,sub-09,0.0,173
MATCH,1.000000003377974,0.9999999851804878,3.548020279237457,8,1,4112.319336091601,0.033176599131634746,sub-09,1.9999999999999996,173
WRONG,1.000000007984941,0.9999999870968975,0.48109096247296257,8,1,75.05414866503118,0.20999234034239778,sub-09,1.999999999999999,173
POP,1.000000006152532,0.0,0.0,4,1,inf,0.0,sub-09,0.0,174
MATCH,1.00000001773818,0.9999999767564718,16.099284186477973,8,1,126546.3392687318,0.005590919657530944,sub-09,2.0000000000000018,174
WRONG,1.000000006152532,0.999999994346596,0.485559163124009,8,1,180.41764659274352,0.14692292022957879,sub-09,2.000000000000001,174
POP,1.000000004889503,0.0,0.0,4,1,inf,0.0,sub-06,0.0,175
MATCH,1.000000004889503,0.9999999882438723,0.7170651606826395,8,1,632.6186005435503,0.07697336748245906,sub-06,2.0000000000000004,175
WRONG,1.000000004889503,0.9999999906633116,0.7673332502324042,8,1,344.48612285958984,0.10593711021014607,sub-06,1.9999999999999993,175
POP,1.0000000175890311,0.0,0.0,4,1,inf,0.0,sub-09,0.0,176
MATCH,1.0000000175890311,0.9999999846280925,1.7178676640703854,8,1,1133.2957289512974,0.06507674428562661,sub-09,2.0,176
WRONG,1.0000000175890311,0.9999999919634923,1.412562552480792,8,1,121.66020688468262,0.15765646887689413,sub-09,2.0,176
POP,1.0000000181970523,0.0,0.0,4,1,inf,0.0,sub-07,0.0,177
MATCH,1.0000000181970523,0.9999999794771057,1.1205757660738505,8,1,3927.9721805232634,0.038593213966234455,sub-07,1.9999999999999984,177
WRONG,1.0000000244546787,0.9999999767276473,1.1225496981710432,8,1,6962.428230624226,0.02889355584739918,sub-07,1.9999999999999993,177
POP,1.0000000175890311,0.0,0.0,4,1,inf,0.0,sub-09,0.0,178
MATCH,1.0000000175890311,0.9999999846280925,1.7178676640703854,8,1,1133.2957289512974,0.06507674428562661,sub-09,2.0,178
WRONG,1.0000000175890311,0.9999999762348686,1.943163470735656,8,1,354.3316770603612,0.1105585099754517,sub-09,1.9999999999999998,178
POP,1.000000006152532,0.0,0.0,4,1,inf,0.0,sub-09,0.0,179
MATCH,1.00000001773818,0.9999999767564718,16.099284186477973,8,1,126546.3392687318,0.005590919657530944,sub-09,2.0000000000000018,179
WRONG,1.0000000078833455,0.9999999848020725,1.4716401907851357,8,1,495.5291051934002,0.08110924188147756,sub-09,1.9999999999999998,179
POP,1.000000004889503,0.0,0.0,4,1,inf,0.0,sub-07,0.0,180
MATCH,1.0000000054890252,0.9999999906633116,0.5630917054970915,8,1,263.33662387210893,0.1051878303849236,sub-07,1.9999999999999998,180
WRONG,1.00000000907426,0.9999999893078435,0.7415551545106132,8,1,320.1445783881818,0.10641520072783456,sub-07,1.9999999999999993,180
POP,1.000000003377974,0.0,0.0,4,1,inf,0.0,sub-06,0.0,181
MATCH,1.0000000222451124,0.9999999870968975,0.6301515185722493,8,1,209.45916643226167,0.12992103194763138,sub-06,1.999999999999999,181
WRONG,1.000000003377974,0.9999999798586121,0.6145722400507533,8,1,927.4224011014538,0.06314103475399278,sub-06,2.000000000000001,181
POP,1.0000000175890311,0.0,0.0,4,1,inf,0.0,sub-09,0.0,182
MATCH,1.0000000175890311,0.9999999846280925,1.7178676640703854,8,1,1133.2957289512974,0.06507674428562661,sub-09,2.0,182
WRONG,1.0000000175890311,0.9999999763068661,1.2017126111194638,8,1,160.6466785923972,0.15475174459276864,sub-09,2.0,182
POP,1.0000000181970523,0.0,0.0,4,1,inf,0.0,sub-06,0.0,183
MATCH,1.0000000181970523,0.9999999881048259,0.9863669805039379,8,1,8749.777687322176,0.02490503942206302,sub-06,1.9999999999999993,183
WRONG,1.0000000244546787,0.9999999767276473,1.1225496981710432,8,1,6962.428230624226,0.02889355584739918,sub-06,1.9999999999999993,183
POP,1.0000000181970523,0.0,0.0,4,1,inf,0.0,sub-06,0.0,184
MATCH,1.0000000181970523,0.9999999881048259,0.9863669805039379,8,1,8749.777687322176,0.02490503942206302,sub-06,1.9999999999999993,184
WRONG,1.0000000181970523,0.999999989324467,1.0087896765615223,8,1,4377.30698184761,0.03667205737891683,sub-06,1.9999999999999991,184
POP,1.0000000175890311,0.0,0.0,4,1,inf,0.0,sub-07,0.0,185
MATCH,1.000000021409448,0.9999999899781957,0.9123745530924275,8,1,1267.4677751842773,0.05516080276074625,sub-07,2.0000000000000004,185
WRONG,1.0000000175890311,0.9999999919634923,1.412562552480792,8,1,121.66020688468262,0.15765646887689413,sub-07,2.0,185
POP,1.0000000181970523,0.0,0.0,4,1,inf,0.0,sub-07,0.0,186
MATCH,1.0000000181970523,0.9999999794771057,1.1205757660738505,8,1,3927.9721805232634,0.038593213966234455,sub-07,1.9999999999999984,186
WRONG,1.0000000181970523,0.9999999721962384,0.9815295445678525,8,1,3592.6806078196923,0.03913648800389709,sub-07,1.9999999999999991,186
POP,1.0000000150144468,0.0,0.0,4,1,inf,0.0,sub-06,0.0,187
MATCH,1.0000000150144468,0.999999987914271,1.4345428378680967,8,1,1457.6626507531023,0.05170730355846269,sub-06,2.0000000000000004,187
WRONG,1.0000000150144468,0.9999999928158536,1.3613358313638466,8,1,496.84879070083906,0.09193037513104553,sub-06,2.0000000000000004,187
POP,1.000000004889503,0.0,0.0,4,1,inf,0.0,sub-06,0.0,188
MATCH,1.000000004889503,0.9999999882438723,0.7170651606826395,8,1,632.6186005435503,0.07697336748245906,sub-06,2.0000000000000004,188
WRONG,1.000000009293648,0.9999999906633116,0.42467845187340597,8,1,998.1409972026024,0.057485019610103896,sub-06,2.0,188
POP,1.000000003377974,0.0,0.0,4,1,inf,0.0,sub-09,0.0,189
MATCH,1.000000003377974,0.9999999851804878,3.548020279237457,8,1,4112.319336091601,0.033176599131634746,sub-09,1.9999999999999996,189
WRONG,1.0000000222451124,0.9999999870968975,0.6301515185722493,8,1,209.45916643226167,0.12992103194763138,sub-09,1.999999999999999,189
POP,1.0000000150144468,0.0,0.0,4,1,inf,0.0,sub-07,0.0,190
MATCH,1.00000002165304,0.9999999786207296,1.466765979320854,8,1,376.3194165979449,0.09022369044078185,sub-07,1.9999999999999996,190
WRONG,1.0000000150144468,0.9999999928158536,0.8194578825710673,8,1,607.5962643816576,0.08780126242023407,sub-07,2.0000000000000004,190
POP,1.0000000150144468,0.0,0.0,4,1,inf,0.0,sub-09,0.0,191
MATCH,1.0000000150144468,0.9999999928158536,0.8194578825710673,8,1,607.5962643816576,0.08780126242023407,sub-09,2.0000000000000004,191
WRONG,1.0000000150144468,0.9999999909188698,0.5122624804952756,8,1,39.0277138195483,0.3064291800023724,sub-09,2.0000000000000004,191
POP,1.000000004889503,0.0,0.0,4,1,inf,0.0,sub-07,0.0,192
MATCH,1.0000000054890252,0.9999999906633116,0.5630917054970915,8,1,263.33662387210893,0.1051878303849236,sub-07,1.9999999999999998,192
WRONG,1.00000000907426,0.9999999893078435,0.7415551545106132,8,1,320.1445783881818,0.10641520072783456,sub-07,1.9999999999999993,192
POP,1.0000000181970523,0.0,0.0,4,1,inf,0.0,sub-07,0.0,193
MATCH,1.0000000181970523,0.9999999794771057,1.1205757660738505,8,1,3927.9721805232634,0.038593213966234455,sub-07,1.9999999999999984,193
WRONG,1.0000000181970523,0.9999999828819583,1.346117603083663,8,1,10676.83731707821,0.02358151594787533,sub-07,2.0,193
POP,1.000000006152532,0.0,0.0,4,1,inf,0.0,sub-06,0.0,194
MATCH,1.000000006152532,0.999999996959373,0.39871901536951804,8,1,305.6940703733763,0.108200895070902,sub-06,2.000000000000001,194
WRONG,1.0000000217876426,0.9999999971031397,1.1378803029302846,8,1,2063.615622158747,0.047927250826413595,sub-06,2.0,194
POP,1.0000000181970523,0.0,0.0,4,1,inf,0.0,sub-09,0.0,195
MATCH,1.0000000181970523,0.9999999922308244,0.9757786072589663,8,1,10953.754299662722,0.02249361013408205,sub-09,2.0000000000000004,195
WRONG,1.0000000181970523,0.9999999721962384,0.9815295445678525,8,1,3592.6806078196923,0.03913648800389709,sub-09,1.9999999999999991,195
POP,1.0000000181970523,0.0,0.0,4,1,inf,0.0,sub-07,0.0,196
MATCH,1.0000000181970523,0.9999999794771057,1.1205757660738505,8,1,3927.9721805232634,0.038593213966234455,sub-07,1.9999999999999984,196
WRONG,1.0000000212688225,0.9999999922308244,0.9706170042755085,8,1,6614.481580270067,0.0301964046551931,sub-07,2.0,196
POP,1.0000000150144468,0.0,0.0,4,1,inf,0.0,sub-06,0.0,197
MATCH,1.0000000150144468,0.999999987914271,1.4345428378680967,8,1,1457.6626507531023,0.05170730355846269,sub-06,2.0000000000000004,197
WRONG,1.0000000150144468,0.9999999909188698,0.5122624804952756,8,1,39.0277138195483,0.3064291800023724,sub-06,2.0000000000000004,197
POP,1.0000000175890311,0.0,0.0,4,1,inf,0.0,sub-06,0.0,198
MATCH,1.0000000175890311,0.9999999919634923,1.412562552480792,8,1,121.66020688468262,0.15765646887689413,sub-06,2.0,198
WRONG,1.0000000175890311,0.9999999833214621,0.9550759199483272,8,1,36.66019558358517,0.30730647621251045,sub-06,1.9999999999999998,198
POP,1.000000006152532,0.0,0.0,4,1,inf,0.0,sub-09,0.0,199
MATCH,1.00000001773818,0.9999999767564718,16.099284186477973,8,1,126546.3392687318,0.005590919657530944,sub-09,2.0000000000000018,199
WRONG,1.000000006152532,0.9999999971031397,0.4993377386868778,8,1,59.17469185928686,0.21846370662469347,sub-09,1.999999999999999,199
POP,1.0000000181970523,0.0,0.0,4,1,inf,0.0,sub-07,0.0,200
MATCH,1.0000000181970523,0.9999999794771057,1.1205757660738505,8,1,3927.9721805232634,0.038593213966234455,sub-07,1.9999999999999984,200
WRONG,1.0000000212688225,0.9999999922308244,0.9706170042755085,8,1,6614.481580270067,0.0301964046551931,sub-07,2.0,200
POP,1.0000000175890311,0.0,0.0,4,1,inf,0.0,sub-07,0.0,201
MATCH,1.000000021409448,0.9999999899781957,0.9123745530924275,8,1,1267.4677751842773,0.05516080276074625,sub-07,2.0000000000000004,201
WRONG,1.0000000175890311,0.9999999846280925,1.7178676640703854,8,1,1133.2957289512974,0.06507674428562661,sub-07,2.0,201
POP,1.000000004889503,0.0,0.0,4,1,inf,0.0,sub-07,0.0,202
MATCH,1.0000000054890252,0.9999999906633116,0.5630917054970915,8,1,263.33662387210893,0.1051878303849236,sub-07,1.9999999999999998,202
WRONG,1.000000004889503,0.9999999830463998,0.505528022232242,8,1,599.1472540070098,0.07298464997379092,sub-07,1.9999999999999991,202
POP,1.000000006152532,0.0,0.0,4,1,inf,0.0,sub-06,0.0,203
MATCH,1.000000006152532,0.999999996959373,0.39871901536951804,8,1,305.6940703733763,0.108200895070902,sub-06,2.000000000000001,203
WRONG,1.000000006152532,0.999999994346596,0.485559163124009,8,1,180.41764659274352,0.14692292022957879,sub-06,2.000000000000001,203
POP,1.0000000175890311,0.0,0.0,4,1,inf,0.0,sub-09,0.0,204
MATCH,1.0000000175890311,0.9999999846280925,1.7178676640703854,8,1,1133.2957289512974,0.06507674428562661,sub-09,2.0,204
WRONG,1.0000000175890311,0.9999999864581076,1.0530281842711475,8,1,46.46264120954153,0.2779631343384813,sub-09,2.0,204
POP,1.0000000150144468,0.0,0.0,4,1,inf,0.0,sub-06,0.0,205
MATCH,1.0000000150144468,0.999999987914271,1.4345428378680967,8,1,1457.6626507531023,0.05170730355846269,sub-06,2.0000000000000004,205
WRONG,1.0000000150144468,0.9999999903401544,0.7844878750133952,8,1,80.91849876706517,0.20029663135070036,sub-06,2.0,205
POP,1.0000000150144468,0.0,0.0,4,1,inf,0.0,sub-06,0.0,206
MATCH,1.0000000150144468,0.999999987914271,1.4345428378680967,8,1,1457.6626507531023,0.05170730355846269,sub-06,2.0000000000000004,206
WRONG,1.0000000150144468,0.9999999928158536,0.8194578825710673,8,1,607.5962643816576,0.08780126242023407,sub-06,2.0000000000000004,206
POP,1.0000000175890311,0.0,0.0,4,1,inf,0.0,sub-09,0.0,207
MATCH,1.0000000175890311,0.9999999846280925,1.7178676640703854,8,1,1133.2957289512974,0.06507674428562661,sub-09,2.0,207
WRONG,1.0000000175890311,0.9999999762348686,1.943163470735656,8,1,354.3316770603612,0.1105585099754517,sub-09,1.9999999999999998,207
POP,1.000000003377974,0.0,0.0,4,1,inf,0.0,sub-09,0.0,208
MATCH,1.000000003377974,0.9999999851804878,3.548020279237457,8,1,4112.319336091601,0.033176599131634746,sub-09,1.9999999999999996,208
WRONG,1.0000000117611814,0.9999999845750417,0.6055213605896211,8,1,80.6856039848096,0.19109478074556055,sub-09,2.0000000000000013,208
POP,1.000000003377974,0.0,0.0,4,1,inf,0.0,sub-09,0.0,209
MATCH,1.000000003377974,0.9999999851804878,3.548020279237457,8,1,4112.319336091601,0.033176599131634746,sub-09,1.9999999999999996,209
WRONG,1.0000000213373397,0.9999999812804237,0.6173047346521174,8,1,103.03997866531381,0.17221154423542698,sub-09,1.9999999999999998,209
POP,1.0000000175890311,0.0,0.0,4,1,inf,0.0,sub-06,0.0,210
MATCH,1.0000000175890311,0.9999999919634923,1.412562552480792,8,1,121.66020688468262,0.15765646887689413,sub-06,2.0,210
WRONG,1.0000000175890311,0.9999999764971396,1.23084751967,8,1,144.33346308296228,0.14639270922006992,sub-06,1.9999999999999996,210
POP,1.000000003377974,0.0,0.0,4,1,inf,0.0,sub-06,0.0,211
MATCH,1.0000000222451124,0.9999999870968975,0.6301515185722493,8,1,209.45916643226167,0.12992103194763138,sub-06,1.999999999999999,211
WRONG,1.0000000093152426,0.9999999769975202,0.5336800024864712,8,1,139.54768737382034,0.15365631856712367,sub-06,1.9999999999999993,211
POP,1.0000000181970523,0.0,0.0,4,1,inf,0.0,sub-06,0.0,212
MATCH,1.0000000181970523,0.9999999881048259,0.9863669805039379,8,1,8749.777687322176,0.02490503942206302,sub-06,1.9999999999999993,212
WRONG,1.0000000181970523,0.999999989324467,1.0087896765615223,8,1,4377.30698184761,0.03667205737891683,sub-06,1.9999999999999991,212
POP,1.000000006152532,0.0,0.0,4,1,inf,0.0,sub-09,0.0,213
MATCH,1.00000001773818,0.9999999767564718,16.099284186477973,8,1,126546.3392687318,0.005590919657530944,sub-09,2.0000000000000018,213
WRONG,1.0000000209178945,0.9999999826822867,0.8400844897394343,8,1,182.68012690344725,0.14029995924001493,sub-09,1.9999999999999998,213
POP,1.0000000181970523,0.0,0.0,4,1,inf,0.0,sub-09,0.0,214
MATCH,1.0000000181970523,0.9999999922308244,0.9757786072589663,8,1,10953.754299662722,0.02249361013408205,sub-09,2.0000000000000004,214
WRONG,1.0000000181970523,0.9999999748339781,8.255599132991184,8,1,124987.21753907627,0.00711734843235767,sub-09,1.9999999999999978,214
POP,1.000000006152532,0.0,0.0,4,1,inf,0.0,sub-09,0.0,215
MATCH,1.00000001773818,0.9999999767564718,16.099284186477973,8,1,126546.3392687318,0.005590919657530944,sub-09,2.0000000000000018,215
WRONG,1.0000000078833455,0.9999999848020725,1.4716401907851357,8,1,495.5291051934002,0.08110924188147756,sub-09,1.9999999999999998,215
POP,1.0000000181970523,0.0,0.0,4,1,inf,0.0,sub-09,0.0,216
MATCH,1.0000000181970523,0.9999999922308244,0.9757786072589663,8,1,10953.754299662722,0.02249361013408205,sub-09,2.0000000000000004,216
WRONG,1.0000000181970523,0.9999999726263217,1.0483059773946715,8,1,2321.502409619514,0.04642927424102213,sub-09,2.0000000000000004,216
POP,1.0000000150144468,0.0,0.0,4,1,inf,0.0,sub-06,0.0,217
MATCH,1.0000000150144468,0.999999987914271,1.4345428378680967,8,1,1457.6626507531023,0.05170730355846269,sub-06,2.0000000000000004,217
WRONG,1.0000000150144468,0.9999999927315207,1.0440506150764068,8,1,653.9497905097357,0.08086602172816183,sub-06,2.0,217
POP,1.000000006152532,0.0,0.0,4,1,inf,0.0,sub-07,0.0,218
MATCH,1.000000006152532,0.9999999971031397,0.4993377386868778,8,1,59.17469185928686,0.21846370662469347,sub-07,1.999999999999999,218
WRONG,1.000000006152532,0.999999996959373,0.39871901536951804,8,1,305.6940703733763,0.108200895070902,sub-07,2.000000000000001,218
POP,1.0000000150144468,0.0,0.0,4,1,inf,0.0,sub-06,0.0,219
MATCH,1.0000000150144468,0.999999987914271,1.4345428378680967,8,1,1457.6626507531023,0.05170730355846269,sub-06,2.0000000000000004,219
WRONG,1.0000000150144468,0.9999999928158536,1.3543428568786697,8,1,745.6379331781682,0.07635273028467085,sub-06,2.0,219
POP,1.0000000150144468,0.0,0.0,4,1,inf,0.0,sub-09,0.0,220
MATCH,1.0000000150144468,0.9999999928158536,0.8194578825710673,8,1,607.5962643816576,0.08780126242023407,sub-09,2.0000000000000004,220
WRONG,1.0000000150144468,0.9999999909188698,0.5122624804952756,8,1,39.0277138195483,0.3064291800023724,sub-09,2.0000000000000004,220
POP,1.000000003377974,0.0,0.0,4,1,inf,0.0,sub-07,0.0,221
MATCH,1.0000000117611814,0.9999999845750417,0.6055213605896211,8,1,80.6856039848096,0.19109478074556055,sub-07,2.0000000000000013,221
WRONG,1.0000000093152426,0.9999999769975202,0.5336800024864712,8,1,139.54768737382034,0.15365631856712367,sub-07,1.9999999999999993,221
POP,1.000000004889503,0.0,0.0,4,1,inf,0.0,sub-07,0.0,222
MATCH,1.0000000054890252,0.9999999906633116,0.5630917054970915,8,1,263.33662387210893,0.1051878303849236,sub-07,1.9999999999999998,222
WRONG,1.00000000907426,0.9999999893078435,0.7415551545106132,8,1,320.1445783881818,0.10641520072783456,sub-07,1.9999999999999993,222
POP,1.000000003377974,0.0,0.0,4,1,inf,0.0,sub-09,0.0,223
MATCH,1.000000003377974,0.9999999851804878,3.548020279237457,8,1,4112.319336091601,0.033176599131634746,sub-09,1.9999999999999996,223
WRONG,1.0000000117611814,0.9999999845750417,0.6055213605896211,8,1,80.6856039848096,0.19109478074556055,sub-09,2.0000000000000013,223
POP,1.000000006152532,0.0,0.0,4,1,inf,0.0,sub-06,0.0,224
MATCH,1.000000006152532,0.999999996959373,0.39871901536951804,8,1,305.6940703733763,0.108200895070902,sub-06,2.000000000000001,224
WRONG,1.0000000112321572,0.9999999962823086,1.0931883710316033,8,1,417.5397034709826,0.09945375263032735,sub-06,1.9999999999999998,224
POP,1.000000003377974,0.0,0.0,4,1,inf,0.0,sub-07,0.0,225
MATCH,1.0000000117611814,0.9999999845750417,0.6055213605896211,8,1,80.6856039848096,0.19109478074556055,sub-07,2.0000000000000013,225
WRONG,1.0000000213373397,0.9999999812804237,0.6173047346521174,8,1,103.03997866531381,0.17221154423542698,sub-07,1.9999999999999998,225
POP,1.000000003377974,0.0,0.0,4,1,inf,0.0,sub-09,0.0,226
MATCH,1.000000003377974,0.9999999851804878,3.548020279237457,8,1,4112.319336091601,0.033176599131634746,sub-09,1.9999999999999996,226
WRONG,1.0000000093152426,0.9999999769975202,0.5336800024864712,8,1,139.54768737382034,0.15365631856712367,sub-09,1.9999999999999993,226
POP,1.0000000175890311,0.0,0.0,4,1,inf,0.0,sub-06,0.0,227
MATCH,1.0000000175890311,0.9999999919634923,1.412562552480792,8,1,121.66020688468262,0.15765646887689413,sub-06,2.0,227
WRONG,1.000000021409448,0.9999999899781957,0.9123745530924275,8,1,1267.4677751842773,0.05516080276074625,sub-06,2.0000000000000004,227
POP,1.0000000150144468,0.0,0.0,4,1,inf,0.0,sub-06,0.0,228
MATCH,1.0000000150144468,0.999999987914271,1.4345428378680967,8,1,1457.6626507531023,0.05170730355846269,sub-06,2.0000000000000004,228
WRONG,1.0000000150144468,0.9999999809649799,2.062334671643351,8,1,440.19645736533533,0.09170951671257146,sub-06,1.9999999999999998,228
POP,1.000000004889503,0.0,0.0,4,1,inf,0.0,sub-07,0.0,229
MATCH,1.0000000054890252,0.9999999906633116,0.5630917054970915,8,1,263.33662387210893,0.1051878303849236,sub-07,1.9999999999999998,229
WRONG,1.000000004889503,0.9999999830463998,0.505528022232242,8,1,599.1472540070098,0.07298464997379092,sub-07,1.9999999999999991,229
POP,1.0000000181970523,0.0,0.0,4,1,inf,0.0,sub-07,0.0,230
MATCH,1.0000000181970523,0.9999999794771057,1.1205757660738505,8,1,3927.9721805232634,0.038593213966234455,sub-07,1.9999999999999984,230
WRONG,1.0000000181970523,0.9999999922308244,0.9757786072589663,8,1,10953.754299662722,0.02249361013408205,sub-07,2.0000000000000004,230
POP,1.0000000150144468,0.0,0.0,4,1,inf,0.0,sub-07,0.0,231
MATCH,1.00000002165304,0.9999999786207296,1.466765979320854,8,1,376.3194165979449,0.09022369044078185,sub-07,1.9999999999999996,231
WRONG,1.0000000150144468,0.9999999927315207,1.0440506150764068,8,1,653.9497905097357,0.08086602172816183,sub-07,2.0,231
POP,1.000000003377974,0.0,0.0,4,1,inf,0.0,sub-06,0.0,232
MATCH,1.0000000222451124,0.9999999870968975,0.6301515185722493,8,1,209.45916643226167,0.12992103194763138,sub-06,1.999999999999999,232
WRONG,1.000000003377974,0.9999999851804878,3.548020279237457,8,1,4112.319336091601,0.033176599131634746,sub-06,1.9999999999999996,232
POP,1.0000000181970523,0.0,0.0,4,1,inf,0.0,sub-06,0.0,233
MATCH,1.0000000181970523,0.9999999881048259,0.9863669805039379,8,1,8749.777687322176,0.02490503942206302,sub-06,1.9999999999999993,233
WRONG,1.0000000181970523,0.999999989324467,1.0087896765615223,8,1,4377.30698184761,0.03667205737891683,sub-06,1.9999999999999991,233
POP,1.0000000181970523,0.0,0.0,4,1,inf,0.0,sub-06,0.0,234
MATCH,1.0000000181970523,0.9999999881048259,0.9863669805039379,8,1,8749.777687322176,0.02490503942206302,sub-06,1.9999999999999993,234
WRONG,1.0000000181970523,0.9999999726263217,1.0483059773946715,8,1,2321.502409619514,0.04642927424102213,sub-06,2.0000000000000004,234
POP,1.0000000175890311,0.0,0.0,4,1,inf,0.0,sub-09,0.0,235
MATCH,1.0000000175890311,0.9999999846280925,1.7178676640703854,8,1,1133.2957289512974,0.06507674428562661,sub-09,2.0,235
WRONG,1.0000000175890311,0.9999999763068661,1.2017126111194638,8,1,160.6466785923972,0.15475174459276864,sub-09,2.0,235
POP,1.000000003377974,0.0,0.0,4,1,inf,0.0,sub-09,0.0,236
MATCH,1.000000003377974,0.9999999851804878,3.548020279237457,8,1,4112.319336091601,0.033176599131634746,sub-09,1.9999999999999996,236
WRONG,1.000000003377974,0.9999999828949949,1.2005728117957568,8,1,330.72611114094684,0.09465569312322668,sub-09,2.0000000000000004,236
POP,1.0000000175890311,0.0,0.0,4,1,inf,0.0,sub-07,0.0,237
MATCH,1.000000021409448,0.9999999899781957,0.9123745530924275,8,1,1267.4677751842773,0.05516080276074625,sub-07,2.0000000000000004,237
WRONG,1.0000000175890311,0.9999999856343076,1.408435271606045,8,1,620.6561935768016,0.07091751523315258,sub-07,1.9999999999999993,237
POP,1.000000006152532,0.0,0.0,4,1,inf,0.0,sub-09,0.0,238
MATCH,1.00000001773818,0.9999999767564718,16.099284186477973,8,1,126546.3392687318,0.005590919657530944,sub-09,2.0000000000000018,238
WRONG,1.0000000112321572,0.9999999962823086,1.0931883710316033,8,1,417.5397034709826,0.09945375263032735,sub-09,1.9999999999999998,238
POP,1.0000000181970523,0.0,0.0,4,1,inf,0.0,sub-07,0.0,239
MATCH,1.0000000181970523,0.9999999794771057,1.1205757660738505,8,1,3927.9721805232634,0.038593213966234455,sub-07,1.9999999999999984,239
WRONG,1.0000000209348403,0.9999999868624684,0.9732449701089739,8,1,7791.466928609658,0.026538429142199855,sub-07,2.000000000000001,239
POP,1.0000000181970523,0.0,0.0,4,1,inf,0.0,sub-06,0.0,240
MATCH,1.0000000181970523,0.9999999881048259,0.9863669805039379,8,1,8749.777687322176,0.02490503942206302,sub-06,1.9999999999999993,240
WRONG,1.0000000181970523,0.9999999794771057,1.1205757660738505,8,1,3927.9721805232634,0.038593213966234455,sub-06,1.9999999999999984,240
POP,1.0000000181970523,0.0,0.0,4,1,inf,0.0,sub-09,0.0,241
MATCH,1.0000000181970523,0.9999999922308244,0.9757786072589663,8,1,10953.754299662722,0.02249361013408205,sub-09,2.0000000000000004,241
WRONG,1.0000000209348403,0.9999999868624684,0.9732449701089739,8,1,7791.466928609658,0.026538429142199855,sub-09,2.000000000000001,241
POP,1.0000000181970523,0.0,0.0,4,1,inf,0.0,sub-07,0.0,242
MATCH,1.0000000181970523,0.9999999794771057,1.1205757660738505,8,1,3927.9721805232634,0.038593213966234455,sub-07,1.9999999999999984,242
WRONG,1.0000000181970523,0.999999989324467,1.0087896765615223,8,1,4377.30698184761,0.03667205737891683,sub-07,1.9999999999999991,242
POP,1.0000000150144468,0.0,0.0,4,1,inf,0.0,sub-09,0.0,243
MATCH,1.0000000150144468,0.9999999928158536,0.8194578825710673,8,1,607.5962643816576,0.08780126242023407,sub-09,2.0000000000000004,243
WRONG,1.0000000150144468,0.9999999809649799,2.062334671643351,8,1,440.19645736533533,0.09170951671257146,sub-09,1.9999999999999998,243
POP,1.000000004889503,0.0,0.0,4,1,inf,0.0,sub-07,0.0,244
MATCH,1.0000000054890252,0.9999999906633116,0.5630917054970915,8,1,263.33662387210893,0.1051878303849236,sub-07,1.9999999999999998,244
WRONG,1.000000004889503,0.9999999830463998,0.505528022232242,8,1,599.1472540070098,0.07298464997379092,sub-07,1.9999999999999991,244
POP,1.000000003377974,0.0,0.0,4,1,inf,0.0,sub-06,0.0,245
MATCH,1.0000000222451124,0.9999999870968975,0.6301515185722493,8,1,209.45916643226167,0.12992103194763138,sub-06,1.999999999999999,245
WRONG,1.000000003377974,0.9999999851804878,3.548020279237457,8,1,4112.319336091601,0.033176599131634746,sub-06,1.9999999999999996,245
POP,1.0000000150144468,0.0,0.0,4,1,inf,0.0,sub-06,0.0,246
MATCH,1.0000000150144468,0.999999987914271,1.4345428378680967,8,1,1457.6626507531023,0.05170730355846269,sub-06,2.0000000000000004,246
WRONG,1.0000000150144468,0.9999999928158536,1.3613358313638466,8,1,496.84879070083906,0.09193037513104553,sub-06,2.0000000000000004,246
POP,1.0000000150144468,0.0,0.0,4,1,inf,0.0,sub-07,0.0,247
MATCH,1.00000002165304,0.9999999786207296,1.466765979320854,8,1,376.3194165979449,0.09022369044078185,sub-07,1.9999999999999996,247
WRONG,1.0000000150144468,0.9999999927315207,1.0440506150764068,8,1,653.9497905097357,0.08086602172816183,sub-07,2.0,247
POP,1.0000000175890311,0.0,0.0,4,1,inf,0.0,sub-07,0.0,248
MATCH,1.000000021409448,0.9999999899781957,0.9123745530924275,8,1,1267.4677751842773,0.05516080276074625,sub-07,2.0000000000000004,248
WRONG,1.0000000175890311,0.9999999948074074,6.2064612517432,8,1,3416.6554464434403,0.03624296493088146,sub-07,2.0000000000000004,248
POP,1.000000004889503,0.0,0.0,4,1,inf,0.0,sub-06,0.0,249
MATCH,1.000000004889503,0.9999999882438723,0.7170651606826395,8,1,632.6186005435503,0.07697336748245906,sub-06,2.0000000000000004,249
WRONG,1.000000013625863,0.9999999906633116,0.6959990979894412,8,1,502.2789878070713,0.08204555118930959,sub-06,2.0,249
POP,1.0000000150144468,0.0,0.0,4,1,inf,0.0,sub-06,0.0,250
MATCH,1.0000000150144468,0.999999987914271,1.4345428378680967,8,1,1457.6626507531023,0.05170730355846269,sub-06,2.0000000000000004,250
WRONG,1.0000000150144468,0.9999999928158536,1.3613358313638466,8,1,496.84879070083906,0.09193037513104553,sub-06,2.0000000000000004,250
POP,1.0000000150144468,0.0,0.0,4,1,inf,0.0,sub-09,0.0,251
MATCH,1.0000000150144468,0.9999999928158536,0.8194578825710673,8,1,607.5962643816576,0.08780126242023407,sub-09,2.0000000000000004,251
WRONG,1.000000022698789,0.9999999928158536,1.360221358588283,8,1,156.59290385248272,0.143983675444764,sub-09,2.0000000000000013,251
POP,1.000000004889503,0.0,0.0,4,1,inf,0.0,sub-09,0.0,252
MATCH,1.0000000173707753,0.9999999906633116,1.113157645003173,8,1,767.8426107209143,0.06699853383086128,sub-09,1.9999999999999998,252
WRONG,1.0000000103381583,0.9999999906633116,0.5381465957555293,8,1,160.64425903562665,0.15189290527552618,sub-09,1.9999999999999987,252
POP,1.000000004889503,0.0,0.0,4,1,inf,0.0,sub-06,0.0,253
MATCH,1.000000004889503,0.9999999882438723,0.7170651606826395,8,1,632.6186005435503,0.07697336748245906,sub-06,2.0000000000000004,253
WRONG,1.000000009823773,0.9999999906633116,0.8729452620822281,8,1,319.63373600053797,0.11413695778601925,sub-06,2.0000000000000013,253
POP,1.000000006152532,0.0,0.0,4,1,inf,0.0,sub-07,0.0,254
MATCH,1.000000006152532,0.9999999971031397,0.4993377386868778,8,1,59.17469185928686,0.21846370662469347,sub-07,1.999999999999999,254
WRONG,1.0000000209178945,0.9999999826822867,0.8400844897394343,8,1,182.68012690344725,0.14029995924001493,sub-07,1.9999999999999998,254
POP,1.000000004889503,0.0,0.0,4,1,inf,0.0,sub-09,0.0,255
MATCH,1.0000000173707753,0.9999999906633116,1.113157645003173,8,1,767.8426107209143,0.06699853383086128,sub-09,1.9999999999999998,255
WRONG,1.000000004889503,0.9999999882438723,0.7170651606826395,8,1,632.6186005435503,0.07697336748245906,sub-09,2.0000000000000004,255
POP,1.000000006152532,0.0,0.0,4,1,inf,0.0,sub-09,0.0,256
MATCH,1.00000001773818,0.9999999767564718,16.099284186477973,8,1,126546.3392687318,0.005590919657530944,sub-09,2.0000000000000018,256
WRONG,1.0000000102328737,0.9999999847656014,0.3040300528088279,8,1,49.117438796189816,0.2231747029955767,sub-09,2.0,256
POP,1.0000000150144468,0.0,0.0,4,1,inf,0.0,sub-07,0.0,257
MATCH,1.00000002165304,0.9999999786207296,1.466765979320854,8,1,376.3194165979449,0.09022369044078185,sub-07,1.9999999999999996,257
WRONG,1.0000000150144468,0.9999999927315207,1.0440506150764068,8,1,653.9497905097357,0.08086602172816183,sub-07,2.0,257
POP,1.000000003377974,0.0,0.0,4,1,inf,0.0,sub-06,0.0,258
MATCH,1.0000000222451124,0.9999999870968975,0.6301515185722493,8,1,209.45916643226167,0.12992103194763138,sub-06,1.999999999999999,258
WRONG,1.0000000117611814,0.9999999845750417,0.6055213605896211,8,1,80.6856039848096,0.19109478074556055,sub-06,2.0000000000000013,258
POP,1.0000000181970523,0.0,0.0,4,1,inf,0.0,sub-06,0.0,259
MATCH,1.0000000181970523,0.9999999881048259,0.9863669805039379,8,1,8749.777687322176,0.02490503942206302,sub-06,1.9999999999999993,259
WRONG,1.0000000181970523,0.9999999922308244,0.9916945708416539,8,1,2351.8891522843105,0.04755819863837753,sub-06,2.0,259
POP,1.0000000175890311,0.0,0.0,4,1,inf,0.0,sub-06,0.0,260
MATCH,1.0000000175890311,0.9999999919634923,1.412562552480792,8,1,121.66020688468262,0.15765646887689413,sub-06,2.0,260
WRONG,1.0000000175890311,0.9999999937897848,0.9817674339267917,8,1,302.3318398656576,0.1135936817514307,sub-06,2.000000000000001,260
POP,1.0000000150144468,0.0,0.0,4,1,inf,0.0,sub-06,0.0,261
MATCH,1.0000000150144468,0.999999987914271,1.4345428378680967,8,1,1457.6626507531023,0.05170730355846269,sub-06,2.0000000000000004,261
WRONG,1.0000000150144468,0.9999999809649799,2.062334671643351,8,1,440.19645736533533,0.09170951671257146,sub-06,1.9999999999999998,261
POP,1.000000004889503,0.0,0.0,4,1,inf,0.0,sub-09,0.0,262
MATCH,1.0000000173707753,0.9999999906633116,1.113157645003173,8,1,767.8426107209143,0.06699853383086128,sub-09,1.9999999999999998,262
WRONG,1.000000012601267,0.9999999906633116,0.7686924239918113,8,1,214.21683618695855,0.15104929793453944,sub-09,1.9999999999999998,262
POP,1.0000000181970523,0.0,0.0,4,1,inf,0.0,sub-07,0.0,263
MATCH,1.0000000181970523,0.9999999794771057,1.1205757660738505,8,1,3927.9721805232634,0.038593213966234455,sub-07,1.9999999999999984,263
WRONG,1.0000000209348403,0.9999999868624684,0.9732449701089739,8,1,7791.466928609658,0.026538429142199855,sub-07,2.000000000000001,263
POP,1.000000004889503,0.0,0.0,4,1,inf,0.0,sub-07,0.0,264
MATCH,1.0000000054890252,0.9999999906633116,0.5630917054970915,8,1,263.33662387210893,0.1051878303849236,sub-07,1.9999999999999998,264
WRONG,1.000000012601267,0.9999999906633116,0.7686924239918113,8,1,214.21683618695855,0.15104929793453944,sub-07,1.9999999999999998,264
POP,1.000000006152532,0.0,0.0,4,1,inf,0.0,sub-09,0.0,265
MATCH,1.00000001773818,0.9999999767564718,16.099284186477973,8,1,126546.3392687318,0.005590919657530944,sub-09,2.0000000000000018,265
WRONG,1.0000000102328737,0.9999999847656014,0.3040300528088279,8,1,49.117438796189816,0.2231747029955767,sub-09,2.0,265
POP,1.0000000181970523,0.0,0.0,4,1,inf,0.0,sub-09,0.0,266
MATCH,1.0000000181970523,0.9999999922308244,0.9757786072589663,8,1,10953.754299662722,0.02249361013408205,sub-09,2.0000000000000004,266
WRONG,1.0000000209348403,0.9999999868624684,0.9732449701089739,8,1,7791.466928609658,0.026538429142199855,sub-09,2.000000000000001,266
POP,1.0000000175890311,0.0,0.0,4,1,inf,0.0,sub-09,0.0,267
MATCH,1.0000000175890311,0.9999999846280925,1.7178676640703854,8,1,1133.2957289512974,0.06507674428562661,sub-09,2.0,267
WRONG,1.0000000175890311,0.9999999856343076,1.408435271606045,8,1,620.6561935768016,0.07091751523315258,sub-09,1.9999999999999993,267
POP,1.0000000150144468,0.0,0.0,4,1,inf,0.0,sub-09,0.0,268
MATCH,1.0000000150144468,0.9999999928158536,0.8194578825710673,8,1,607.5962643816576,0.08780126242023407,sub-09,2.0000000000000004,268
WRONG,1.0000000150144468,0.9999999909188698,0.5122624804952756,8,1,39.0277138195483,0.3064291800023724,sub-09,2.0000000000000004,268
POP,1.0000000181970523,0.0,0.0,4,1,inf,0.0,sub-09,0.0,269
MATCH,1.0000000181970523,0.9999999922308244,0.9757786072589663,8,1,10953.754299662722,0.02249361013408205,sub-09,2.0000000000000004,269
WRONG,1.0000000181970523,0.9999999828819583,1.346117603083663,8,1,10676.83731707821,0.02358151594787533,sub-09,2.0,269
POP,1.000000003377974,0.0,0.0,4,1,inf,0.0,sub-07,0.0,270
MATCH,1.0000000117611814,0.9999999845750417,0.6055213605896211,8,1,80.6856039848096,0.19109478074556055,sub-07,2.0000000000000013,270
WRONG,1.0000000076009898,0.9999999870968975,2.7679995017413503,8,1,2367.4720717733626,0.04589284222325646,sub-07,2.0000000000000004,270
POP,1.0000000150144468,0.0,0.0,4,1,inf,0.0,sub-07,0.0,271
MATCH,1.00000002165304,0.9999999786207296,1.466765979320854,8,1,376.3194165979449,0.09022369044078185,sub-07,1.9999999999999996,271
WRONG,1.0000000150144468,0.999999987914271,1.4345428378680967,8,1,1457.6626507531023,0.05170730355846269,sub-07,2.0000000000000004,271
POP,1.000000006152532,0.0,0.0,4,1,inf,0.0,sub-09,0.0,272
MATCH,1.00000001773818,0.9999999767564718,16.099284186477973,8,1,126546.3392687318,0.005590919657530944,sub-09,2.0000000000000018,272
WRONG,1.0000000217876426,0.9999999971031397,1.1378803029302846,8,1,2063.615622158747,0.047927250826413595,sub-09,2.0,272
POP,1.0000000175890311,0.0,0.0,4,1,inf,0.0,sub-09,0.0,273
MATCH,1.0000000175890311,0.9999999846280925,1.7178676640703854,8,1,1133.2957289512974,0.06507674428562661,sub-09,2.0,273
WRONG,1.0000000175890311,0.9999999764971396,1.23084751967,8,1,144.33346308296228,0.14639270922006992,sub-09,1.9999999999999996,273
POP,1.0000000175890311,0.0,0.0,4,1,inf,0.0,sub-09,0.0,274
MATCH,1.0000000175890311,0.9999999846280925,1.7178676640703854,8,1,1133.2957289512974,0.06507674428562661,sub-09,2.0,274
WRONG,1.0000000175890311,0.9999999864581076,1.0530281842711475,8,1,46.46264120954153,0.2779631343384813,sub-09,2.0,274
POP,1.0000000150144468,0.0,0.0,4,1,inf,0.0,sub-09,0.0,275
MATCH,1.0000000150144468,0.9999999928158536,0.8194578825710673,8,1,607.5962643816576,0.08780126242023407,sub-09,2.0000000000000004,275
WRONG,1.000000022698789,0.9999999928158536,1.360221358588283,8,1,156.59290385248272,0.143983675444764,sub-09,2.0000000000000013,275
POP,1.0000000175890311,0.0,0.0,4,1,inf,0.0,sub-07,0.0,276
MATCH,1.000000021409448,0.9999999899781957,0.9123745530924275,8,1,1267.4677751842773,0.05516080276074625,sub-07,2.0000000000000004,276
WRONG,1.000000028854051,0.9999999882167265,0.9423405101435403,8,1,103.953248565738,0.17589031487417778,sub-07,2.0,276
POP,1.0000000175890311,0.0,0.0,4,1,inf,0.0,sub-07,0.0,277
MATCH,1.000000021409448,0.9999999899781957,0.9123745530924275,8,1,1267.4677751842773,0.05516080276074625,sub-07,2.0000000000000004,277
WRONG,1.0000000175890311,0.9999999763068661,1.2017126111194638,8,1,160.6466785923972,0.15475174459276864,sub-07,2.0,277
POP,1.0000000181970523,0.0,0.0,4,1,inf,0.0,sub-06,0.0,278
MATCH,1.0000000181970523,0.9999999881048259,0.9863669805039379,8,1,8749.777687322176,0.02490503942206302,sub-06,1.9999999999999993,278
WRONG,1.0000000212688225,0.9999999922308244,0.9706170042755085,8,1,6614.481580270067,0.0301964046551931,sub-06,2.0,278
POP,1.000000006152532,0.0,0.0,4,1,inf,0.0,sub-09,0.0,279
MATCH,1.00000001773818,0.9999999767564718,16.099284186477973,8,1,126546.3392687318,0.005590919657530944,sub-09,2.0000000000000018,279
WRONG,1.000000006152532,0.999999994346596,0.485559163124009,8,1,180.41764659274352,0.14692292022957879,sub-09,2.000000000000001,279
POP,1.0000000150144468,0.0,0.0,4,1,inf,0.0,sub-06,0.0,280
MATCH,1.0000000150144468,0.999999987914271,1.4345428378680967,8,1,1457.6626507531023,0.05170730355846269,sub-06,2.0000000000000004,280
WRONG,1.0000000150144468,0.9999999903401544,0.7844878750133952,8,1,80.91849876706517,0.20029663135070036,sub-06,2.0,280
POP,1.000000003377974,0.0,0.0,4,1,inf,0.0,sub-09,0.0,281
MATCH,1.000000003377974,0.9999999851804878,3.548020279237457,8,1,4112.319336091601,0.033176599131634746,sub-09,1.9999999999999996,281
WRONG,1.0000000222451124,0.9999999870968975,0.6301515185722493,8,1,209.45916643226167,0.12992103194763138,sub-09,1.999999999999999,281
POP,1.000000003377974,0.0,0.0,4,1,inf,0.0,sub-06,0.0,282
MATCH,1.0000000222451124,0.9999999870968975,0.6301515185722493,8,1,209.45916643226167,0.12992103194763138,sub-06,1.999999999999999,282
WRONG,1.0000000199937138,0.9999999870968975,0.9122400591296543,8,1,180.18707199761386,0.14102315355075282,sub-06,1.9999999999999991,282
POP,1.000000006152532,0.0,0.0,4,1,inf,0.0,sub-09,0.0,283
MATCH,1.00000001773818,0.9999999767564718,16.099284186477973,8,1,126546.3392687318,0.005590919657530944,sub-09,2.0000000000000018,283
WRONG,1.0000000062502823,0.9999999934533599,0.5084029757446556,8,1,1109.1161830811627,0.05843463570138612,sub-09,2.0,283
POP,1.0000000181970523,0.0,0.0,4,1,inf,0.0,sub-09,0.0,284
MATCH,1.0000000181970523,0.9999999922308244,0.9757786072589663,8,1,10953.754299662722,0.02249361013408205,sub-09,2.0000000000000004,284
WRONG,1.0000000181970523,0.9999999828819583,1.346117603083663,8,1,10676.83731707821,0.02358151594787533,sub-09,2.0,284
POP,1.000000003377974,0.0,0.0,4,1,inf,0.0,sub-06,0.0,285
MATCH,1.0000000222451124,0.9999999870968975,0.6301515185722493,8,1,209.45916643226167,0.12992103194763138,sub-06,1.999999999999999,285
WRONG,1.0000000093152426,0.9999999769975202,0.5336800024864712,8,1,139.54768737382034,0.15365631856712367,sub-06,1.9999999999999993,285
POP,1.0000000175890311,0.0,0.0,4,1,inf,0.0,sub-07,0.0,286
MATCH,1.000000021409448,0.9999999899781957,0.9123745530924275,8,1,1267.4677751842773,0.05516080276074625,sub-07,2.0000000000000004,286
WRONG,1.0000000175890311,0.9999999856343076,1.408435271606045,8,1,620.6561935768016,0.07091751523315258,sub-07,1.9999999999999993,286
POP,1.0000000175890311,0.0,0.0,4,1,inf,0.0,sub-07,0.0,287
MATCH,1.000000021409448,0.9999999899781957,0.9123745530924275,8,1,1267.4677751842773,0.05516080276074625,sub-07,2.0000000000000004,287
WRONG,1.0000000175890311,0.9999999846280925,1.7178676640703854,8,1,1133.2957289512974,0.06507674428562661,sub-07,2.0,287
POP,1.000000004889503,0.0,0.0,4,1,inf,0.0,sub-09,0.0,288
MATCH,1.0000000173707753,0.9999999906633116,1.113157645003173,8,1,767.8426107209143,0.06699853383086128,sub-09,1.9999999999999998,288
WRONG,1.00000000907426,0.9999999893078435,0.7415551545106132,8,1,320.1445783881818,0.10641520072783456,sub-09,1.9999999999999993,288
POP,1.0000000181970523,0.0,0.0,4,1,inf,0.0,sub-06,0.0,289
MATCH,1.0000000181970523,0.9999999881048259,0.9863669805039379,8,1,8749.777687322176,0.02490503942206302,sub-06,1.9999999999999993,289
WRONG,1.0000000181970523,0.9999999794771057,1.1205757660738505,8,1,3927.9721805232634,0.038593213966234455,sub-06,1.9999999999999984,289
POP,1.0000000181970523,0.0,0.0,4,1,inf,0.0,sub-06,0.0,290
MATCH,1.0000000181970523,0.9999999881048259,0.9863669805039379,8,1,8749.777687322176,0.02490503942206302,sub-06,1.9999999999999993,290
WRONG,1.0000000244546787,0.9999999767276473,1.1225496981710432,8,1,6962.428230624226,0.02889355584739918,sub-06,1.9999999999999993,290
POP,1.000000006152532,0.0,0.0,4,1,inf,0.0,sub-09,0.0,291
MATCH,1.00000001773818,0.9999999767564718,16.099284186477973,8,1,126546.3392687318,0.005590919657530944,sub-09,2.0000000000000018,291
WRONG,1.0000000112321572,0.9999999962823086,1.0931883710316033,8,1,417.5397034709826,0.09945375263032735,sub-09,1.9999999999999998,291
POP,1.0000000175890311,0.0,0.0,4,1,inf,0.0,sub-09,0.0,292
MATCH,1.0000000175890311,0.9999999846280925,1.7178676640703854,8,1,1133.2957289512974,0.06507674428562661,sub-09,2.0,292
WRONG,1.0000000175890311,0.9999999948074074,6.2064612517432,8,1,3416.6554464434403,0.03624296493088146,sub-09,2.0000000000000004,292
POP,1.000000003377974,0.0,0.0,4,1,inf,0.0,sub-07,0.0,293
MATCH,1.0000000117611814,0.9999999845750417,0.6055213605896211,8,1,80.6856039848096,0.19109478074556055,sub-07,2.0000000000000013,293
WRONG,1.000000003377974,0.9999999851760564,0.5971062510643296,8,1,87.33590908695605,0.1955068861479469,sub-07,1.999999999999999,293
POP,1.000000006152532,0.0,0.0,4,1,inf,0.0,sub-07,0.0,294
MATCH,1.000000006152532,0.9999999971031397,0.4993377386868778,8,1,59.17469185928686,0.21846370662469347,sub-07,1.999999999999999,294
WRONG,1.0000000062502823,0.9999999934533599,0.5084029757446556,8,1,1109.1161830811627,0.05843463570138612,sub-07,2.0,294
POP,1.0000000181970523,0.0,0.0,4,1,inf,0.0,sub-09,0.0,295
MATCH,1.0000000181970523,0.9999999922308244,0.9757786072589663,8,1,10953.754299662722,0.02249361013408205,sub-09,2.0000000000000004,295
WRONG,1.0000000181970523,0.9999999881048259,0.9863669805039379,8,1,8749.777687322176,0.02490503942206302,sub-09,1.9999999999999993,295
POP,1.0000000150144468,0.0,0.0,4,1,inf,0.0,sub-09,0.0,296
MATCH,1.0000000150144468,0.9999999928158536,0.8194578825710673,8,1,607.5962643816576,0.08780126242023407,sub-09,2.0000000000000004,296
WRONG,1.000000022698789,0.9999999928158536,1.360221358588283,8,1,156.59290385248272,0.143983675444764,sub-09,2.0000000000000013,296
POP,1.000000004889503,0.0,0.0,4,1,inf,0.0,sub-09,0.0,297
MATCH,1.0000000173707753,0.9999999906633116,1.113157645003173,8,1,767.8426107209143,0.06699853383086128,sub-09,1.9999999999999998,297
WRONG,1.000000004889503,0.9999999830463998,0.505528022232242,8,1,599.1472540070098,0.07298464997379092,sub-09,1.9999999999999991,297
POP,1.0000000181970523,0.0,0.0,4,1,inf,0.0,sub-09,0.0,298
MATCH,1.0000000181970523,0.9999999922308244,0.9757786072589663,8,1,10953.754299662722,0.02249361013408205,sub-09,2.0000000000000004,298
WRONG,1.0000000212688225,0.9999999922308244,0.9706170042755085,8,1,6614.481580270067,0.0301964046551931,sub-09,2.0,298
POP,1.000000006152532,0.0,0.0,4,1,inf,0.0,sub-09,0.0,299
MATCH,1.00000001773818,0.9999999767564718,16.099284186477973,8,1,126546.3392687318,0.005590919657530944,sub-09,2.0000000000000018,299
WRONG,1.000000006152532,0.999999996959373,0.39871901536951804,8,1,305.6940703733763,0.108200895070902,sub-09,2.000000000000001,299
POP,1.0000000150144468,0.0,0.0,4,1,inf,0.0,sub-07,0.0,300
MATCH,1.00000002165304,0.9999999786207296,1.466765979320854,8,1,376.3194165979449,0.09022369044078185,sub-07,1.9999999999999996,300
WRONG,1.0000000150144468,0.9999999925603869,1.8284679584878667,8,1,364.90291123437163,0.10597388921566016,sub-07,2.0,300
POP,1.0000000175890311,0.0,0.0,4,1,inf,0.0,sub-09,0.0,301
MATCH,1.0000000175890311,0.9999999846280925,1.7178676640703854,8,1,1133.2957289512974,0.06507674428562661,sub-09,2.0,301
WRONG,1.0000000175890311,0.9999999762348686,1.943163470735656,8,1,354.3316770603612,0.1105585099754517,sub-09,1.9999999999999998,301
POP,1.000000003377974,0.0,0.0,4,1,inf,0.0,sub-06,0.0,302
MATCH,1.0000000222451124,0.9999999870968975,0.6301515185722493,8,1,209.45916643226167,0.12992103194763138,sub-06,1.999999999999999,302
WRONG,1.0000000213373397,0.9999999812804237,0.6173047346521174,8,1,103.03997866531381,0.17221154423542698,sub-06,1.9999999999999998,302
POP,1.0000000175890311,0.0,0.0,4,1,inf,0.0,sub-06,0.0,303
MATCH,1.0000000175890311,0.9999999919634923,1.412562552480792,8,1,121.66020688468262,0.15765646887689413,sub-06,2.0,303
WRONG,1.000000021409448,0.9999999899781957,0.9123745530924275,8,1,1267.4677751842773,0.05516080276074625,sub-06,2.0000000000000004,303
POP,1.000000003377974,0.0,0.0,4,1,inf,0.0,sub-09,0.0,304
MATCH,1.000000003377974,0.9999999851804878,3.548020279237457,8,1,4112.319336091601,0.033176599131634746,sub-09,1.9999999999999996,304
WRONG,1.000000003377974,0.9999999798586121,0.6145722400507533,8,1,927.4224011014538,0.06314103475399278,sub-09,2.000000000000001,304
POP,1.0000000181970523,0.0,0.0,4,1,inf,0.0,sub-07,0.0,305
MATCH,1.0000000181970523,0.9999999794771057,1.1205757660738505,8,1,3927.9721805232634,0.038593213966234455,sub-07,1.9999999999999984,305
WRONG,1.0000000212688225,0.9999999922308244,0.9706170042755085,8,1,6614.481580270067,0.0301964046551931,sub-07,2.0,305
POP,1.000000004889503,0.0,0.0,4,1,inf,0.0,sub-07,0.0,306
MATCH,1.0000000054890252,0.9999999906633116,0.5630917054970915,8,1,263.33662387210893,0.1051878303849236,sub-07,1.9999999999999998,306
WRONG,1.0000000173707753,0.9999999906633116,1.113157645003173,8,1,767.8426107209143,0.06699853383086128,sub-07,1.9999999999999998,306
POP,1.0000000181970523,0.0,0.0,4,1,inf,0.0,sub-07,0.0,307
MATCH,1.0000000181970523,0.9999999794771057,1.1205757660738505,8,1,3927.9721805232634,0.038593213966234455,sub-07,1.9999999999999984,307
WRONG,1.0000000181970523,0.9999999881048259,0.9863669805039379,8,1,8749.777687322176,0.02490503942206302,sub-07,1.9999999999999993,307
POP,1.0000000181970523,0.0,0.0,4,1,inf,0.0,sub-07,0.0,308
MATCH,1.0000000181970523,0.9999999794771057,1.1205757660738505,8,1,3927.9721805232634,0.038593213966234455,sub-07,1.9999999999999984,308
WRONG,1.0000000212688225,0.9999999922308244,0.9706170042755085,8,1,6614.481580270067,0.0301964046551931,sub-07,2.0,308
POP,1.0000000150144468,0.0,0.0,4,1,inf,0.0,sub-09,0.0,309
MATCH,1.0000000150144468,0.9999999928158536,0.8194578825710673,8,1,607.5962643816576,0.08780126242023407,sub-09,2.0000000000000004,309
WRONG,1.0000000150144468,0.9999999772677091,0.6945554503461004,8,1,51.56752704839369,0.22740756790245217,sub-09,1.9999999999999993,309
POP,1.0000000181970523,0.0,0.0,4,1,inf,0.0,sub-09,0.0,310
MATCH,1.0000000181970523,0.9999999922308244,0.9757786072589663,8,1,10953.754299662722,0.02249361013408205,sub-09,2.0000000000000004,310
WRONG,1.0000000181970523,0.9999999726263217,1.0483059773946715,8,1,2321.502409619514,0.04642927424102213,sub-09,2.0000000000000004,310
POP,1.0000000175890311,0.0,0.0,4,1,inf,0.0,sub-06,0.0,311
MATCH,1.0000000175890311,0.9999999919634923,1.412562552480792,8,1,121.66020688468262,0.15765646887689413,sub-06,2.0,311
WRONG,1.0000000227906942,0.9999999868769696,0.9814205951230285,8,1,52.75617449591909,0.2494319499208104,sub-06,2.0000000000000004,311
POP,1.0000000175890311,0.0,0.0,4,1,inf,0.0,sub-06,0.0,312
MATCH,1.0000000175890311,0.9999999919634923,1.412562552480792,8,1,121.66020688468262,0.15765646887689413,sub-06,2.0,312
WRONG,1.000000028854051,0.9999999882167265,0.9423405101435403,8,1,103.953248565738,0.17589031487417778,sub-06,2.0,312
POP,1.0000000150144468,0.0,0.0,4,1,inf,0.0,sub-09,0.0,313
MATCH,1.0000000150144468,0.9999999928158536,0.8194578825710673,8,1,607.5962643816576,0.08780126242023407,sub-09,2.0000000000000004,313
WRONG,1.0000000150144468,0.9999999928158536,1.003252061015479,8,1,75.78600338911608,0.20556687036131158,sub-09,2.0,313
POP,1.000000004889503,0.0,0.0,4,1,inf,0.0,sub-07,0.0,314
MATCH,1.0000000054890252,0.9999999906633116,0.5630917054970915,8,1,263.33662387210893,0.1051878303849236,sub-07,1.9999999999999998,314
WRONG,1.0000000103381583,0.9999999906633116,0.5381465957555293,8,1,160.64425903562665,0.15189290527552618,sub-07,1.9999999999999987,314
POP,1.0000000150144468,0.0,0.0,4,1,inf,0.0,sub-07,0.0,315
MATCH,1.00000002165304,0.9999999786207296,1.466765979320854,8,1,376.3194165979449,0.09022369044078185,sub-07,1.9999999999999996,315
WRONG,1.0000000150144468,0.9999999928158536,1.3613358313638466,8,1,496.84879070083906,0.09193037513104553,sub-07,2.0000000000000004,315
POP,1.0000000175890311,0.0,0.0,4,1,inf,0.0,sub-09,0.0,316
MATCH,1.0000000175890311,0.9999999846280925,1.7178676640703854,8,1,1133.2957289512974,0.06507674428562661,sub-09,2.0,316
WRONG,1.0000000175890311,0.9999999764971396,1.23084751967,8,1,144.33346308296228,0.14639270922006992,sub-09,1.9999999999999996,316
POP,1.000000003377974,0.0,0.0,4,1,inf,0.0,sub-06,0.0,317
MATCH,1.0000000222451124,0.9999999870968975,0.6301515185722493,8,1,209.45916643226167,0.12992103194763138,sub-06,1.999999999999999,317
WRONG,1.000000003377974,0.9999999798586121,0.6145722400507533,8,1,927.4224011014538,0.06314103475399278,sub-06,2.000000000000001,317
POP,1.0000000150144468,0.0,0.0,4,1,inf,0.0,sub-07,0.0,318
MATCH,1.00000002165304,0.9999999786207296,1.466765979320854,8,1,376.3194165979449,0.09022369044078185,sub-07,1.9999999999999996,318
WRONG,1.0000000150144468,0.9999999928158536,1.003252061015479,8,1,75.78600338911608,0.20556687036131158,sub-07,2.0,318
POP,1.0000000181970523,0.0,0.0,4,1,inf,0.0,sub-09,0.0,319
MATCH,1.0000000181970523,0.9999999922308244,0.9757786072589663,8,1,10953.754299662722,0.02249361013408205,sub-09,2.0000000000000004,319
WRONG,1.0000000181970523,0.9999999726263217,1.0483059773946715,8,1,2321.502409619514,0.04642927424102213,sub-09,2.0000000000000004,319
POP,1.000000006152532,0.0,0.0,4,1,inf,0.0,sub-07,0.0,320
MATCH,1.000000006152532,0.9999999971031397,0.4993377386868778,8,1,59.17469185928686,0.21846370662469347,sub-07,1.999999999999999,320
WRONG,1.0000000078833455,0.9999999848020725,1.4716401907851357,8,1,495.5291051934002,0.08110924188147756,sub-07,1.9999999999999998,320
POP,1.000000006152532,0.0,0.0,4,1,inf,0.0,sub-09,0.0,321
MATCH,1.00000001773818,0.9999999767564718,16.099284186477973,8,1,126546.3392687318,0.005590919657530944,sub-09,2.0000000000000018,321
WRONG,1.0000000209178945,0.9999999826822867,0.8400844897394343,8,1,182.68012690344725,0.14029995924001493,sub-09,1.9999999999999998,321
POP,1.000000003377974,0.0,0.0,4,1,inf,0.0,sub-07,0.0,322
MATCH,1.0000000117611814,0.9999999845750417,0.6055213605896211,8,1,80.6856039848096,0.19109478074556055,sub-07,2.0000000000000013,322
WRONG,1.0000000222451124,0.9999999870968975,0.6301515185722493,8,1,209.45916643226167,0.12992103194763138,sub-07,1.999999999999999,322
POP,1.000000004889503,0.0,0.0,4,1,inf,0.0,sub-07,0.0,323
MATCH,1.0000000054890252,0.9999999906633116,0.5630917054970915,8,1,263.33662387210893,0.1051878303849236,sub-07,1.9999999999999998,323
WRONG,1.000000004889503,0.9999999906633116,0.7673332502324042,8,1,344.48612285958984,0.10593711021014607,sub-07,1.9999999999999993,323
POP,1.0000000175890311,0.0,0.0,4,1,inf,0.0,sub-09,0.0,324
MATCH,1.0000000175890311,0.9999999846280925,1.7178676640703854,8,1,1133.2957289512974,0.06507674428562661,sub-09,2.0,324
WRONG,1.000000028854051,0.9999999882167265,0.9423405101435403,8,1,103.953248565738,0.17589031487417778,sub-09,2.0,324
POP,1.000000003377974,0.0,0.0,4,1,inf,0.0,sub-06,0.0,325
MATCH,1.0000000222451124,0.9999999870968975,0.6301515185722493,8,1,209.45916643226167,0.12992103194763138,sub-06,1.999999999999999,325
WRONG,1.000000007984941,0.9999999870968975,0.48109096247296257,8,1,75.05414866503118,0.20999234034239778,sub-06,1.999999999999999,325
POP,1.0000000150144468,0.0,0.0,4,1,inf,0.0,sub-09,0.0,326
MATCH,1.0000000150144468,0.9999999928158536,0.8194578825710673,8,1,607.5962643816576,0.08780126242023407,sub-09,2.0000000000000004,326
WRONG,1.0000000150144468,0.9999999928158536,1.003252061015479,8,1,75.78600338911608,0.20556687036131158,sub-09,2.0,326
POP,1.0000000181970523,0.0,0.0,4,1,inf,0.0,sub-09,0.0,327
MATCH,1.0000000181970523,0.9999999922308244,0.9757786072589663,8,1,10953.754299662722,0.02249361013408205,sub-09,2.0000000000000004,327
WRONG,1.0000000181970523,0.9999999881048259,0.9863669805039379,8,1,8749.777687322176,0.02490503942206302,sub-09,1.9999999999999993,327
POP,1.0000000150144468,0.0,0.0,4,1,inf,0.0,sub-07,0.0,328
MATCH,1.00000002165304,0.9999999786207296,1.466765979320854,8,1,376.3194165979449,0.09022369044078185,sub-07,1.9999999999999996,328
WRONG,1.0000000150144468,0.999999987914271,1.4345428378680967,8,1,1457.6626507531023,0.05170730355846269,sub-07,2.0000000000000004,328
POP,1.0000000150144468,0.0,0.0,4,1,inf,0.0,sub-09,0.0,329
MATCH,1.0000000150144468,0.9999999928158536,0.8194578825710673,8,1,607.5962643816576,0.08780126242023407,sub-09,2.0000000000000004,329
WRONG,1.0000000150144468,0.9999999909188698,0.5122624804952756,8,1,39.0277138195483,0.3064291800023724,sub-09,2.0000000000000004,329
POP,1.000000006152532,0.0,0.0,4,1,inf,0.0,sub-07,0.0,330
MATCH,1.000000006152532,0.9999999971031397,0.4993377386868778,8,1,59.17469185928686,0.21846370662469347,sub-07,1.999999999999999,330
WRONG,1.000000006152532,0.999999994346596,0.485559163124009,8,1,180.41764659274352,0.14692292022957879,sub-07,2.000000000000001,330
POP,1.000000003377974,0.0,0.0,4,1,inf,0.0,sub-09,0.0,331
MATCH,1.000000003377974,0.9999999851804878,3.548020279237457,8,1,4112.319336091601,0.033176599131634746,sub-09,1.9999999999999996,331
WRONG,1.000000003377974,0.9999999798586121,0.6145722400507533,8,1,927.4224011014538,0.06314103475399278,sub-09,2.000000000000001,331
POP,1.0000000175890311,0.0,0.0,4,1,inf,0.0,sub-09,0.0,332
MATCH,1.0000000175890311,0.9999999846280925,1.7178676640703854,8,1,1133.2957289512974,0.06507674428562661,sub-09,2.0,332
WRONG,1.0000000175890311,0.9999999856343076,1.408435271606045,8,1,620.6561935768016,0.07091751523315258,sub-09,1.9999999999999993,332
POP,1.0000000150144468,0.0,0.0,4,1,inf,0.0,sub-07,0.0,333
MATCH,1.00000002165304,0.9999999786207296,1.466765979320854,8,1,376.3194165979449,0.09022369044078185,sub-07,1.9999999999999996,333
WRONG,1.0000000150144468,0.9999999903401544,0.7844878750133952,8,1,80.91849876706517,0.20029663135070036,sub-07,2.0,333
POP,1.0000000150144468,0.0,0.0,4,1,inf,0.0,sub-09,0.0,334
MATCH,1.0000000150144468,0.9999999928158536,0.8194578825710673,8,1,607.5962643816576,0.08780126242023407,sub-09,2.0000000000000004,334
WRONG,1.0000000150144468,0.9999999925603869,1.8284679584878667,8,1,364.90291123437163,0.10597388921566016,sub-09,2.0,334
POP,1.000000003377974,0.0,0.0,4,1,inf,0.0,sub-09,0.0,335
MATCH,1.000000003377974,0.9999999851804878,3.548020279237457,8,1,4112.319336091601,0.033176599131634746,sub-09,1.9999999999999996,335
WRONG,1.0000000117611814,0.9999999845750417,0.6055213605896211,8,1,80.6856039848096,0.19109478074556055,sub-09,2.0000000000000013,335
POP,1.0000000181970523,0.0,0.0,4,1,inf,0.0,sub-07,0.0,336
MATCH,1.0000000181970523,0.9999999794771057,1.1205757660738505,8,1,3927.9721805232634,0.038593213966234455,sub-07,1.9999999999999984,336
WRONG,1.0000000181970523,0.9999999922308244,0.9757786072589663,8,1,10953.754299662722,0.02249361013408205,sub-07,2.0000000000000004,336
POP,1.000000006152532,0.0,0.0,4,1,inf,0.0,sub-07,0.0,337
MATCH,1.000000006152532,0.9999999971031397,0.4993377386868778,8,1,59.17469185928686,0.21846370662469347,sub-07,1.999999999999999,337
WRONG,1.0000000217876426,0.9999999971031397,1.1378803029302846,8,1,2063.615622158747,0.047927250826413595,sub-07,2.0,337
POP,1.0000000175890311,0.0,0.0,4,1,inf,0.0,sub-06,0.0,338
MATCH,1.0000000175890311,0.9999999919634923,1.412562552480792,8,1,121.66020688468262,0.15765646887689413,sub-06,2.0,338
WRONG,1.0000000175890311,0.9999999764971396,1.23084751967,8,1,144.33346308296228,0.14639270922006992,sub-06,1.9999999999999996,338
POP,1.000000003377974,0.0,0.0,4,1,inf,0.0,sub-06,0.0,339
MATCH,1.0000000222451124,0.9999999870968975,0.6301515185722493,8,1,209.45916643226167,0.12992103194763138,sub-06,1.999999999999999,339
WRONG,1.0000000076009898,0.9999999870968975,2.7679995017413503,8,1,2367.4720717733626,0.04589284222325646,sub-06,2.0000000000000004,339
POP,1.000000003377974,0.0,0.0,4,1,inf,0.0,sub-07,0.0,340
MATCH,1.0000000117611814,0.9999999845750417,0.6055213605896211,8,1,80.6856039848096,0.19109478074556055,sub-07,2.0000000000000013,340
WRONG,1.000000003377974,0.9999999828949949,1.2005728117957568,8,1,330.72611114094684,0.09465569312322668,sub-07,2.0000000000000004,340
POP,1.000000004889503,0.0,0.0,4,1,inf,0.0,sub-07,0.0,341
MATCH,1.0000000054890252,0.9999999906633116,0.5630917054970915,8,1,263.33662387210893,0.1051878303849236,sub-07,1.9999999999999998,341
WRONG,1.000000012601267,0.9999999906633116,0.7686924239918113,8,1,214.21683618695855,0.15104929793453944,sub-07,1.9999999999999998,341
POP,1.0000000175890311,0.0,0.0,4,1,inf,0.0,sub-07,0.0,342
MATCH,1.000000021409448,0.9999999899781957,0.9123745530924275,8,1,1267.4677751842773,0.05516080276074625,sub-07,2.0000000000000004,342
WRONG,1.0000000175890311,0.9999999948074074,6.2064612517432,8,1,3416.6554464434403,0.03624296493088146,sub-07,2.0000000000000004,342
POP,1.000000003377974,0.0,0.0,4,1,inf,0.0,sub-07,0.0,343
MATCH,1.0000000117611814,0.9999999845750417,0.6055213605896211,8,1,80.6856039848096,0.19109478074556055,sub-07,2.0000000000000013,343
WRONG,1.000000003377974,0.9999999798586121,0.6145722400507533,8,1,927.4224011014538,0.06314103475399278,sub-07,2.000000000000001,343
POP,1.000000004889503,0.0,0.0,4,1,inf,0.0,sub-07,0.0,344
MATCH,1.0000000054890252,0.9999999906633116,0.5630917054970915,8,1,263.33662387210893,0.1051878303849236,sub-07,1.9999999999999998,344
WRONG,1.000000004889503,0.9999999882438723,0.7170651606826395,8,1,632.6186005435503,0.07697336748245906,sub-07,2.0000000000000004,344
POP,1.0000000181970523,0.0,0.0,4,1,inf,0.0,sub-09,0.0,345
MATCH,1.0000000181970523,0.9999999922308244,0.9757786072589663,8,1,10953.754299662722,0.02249361013408205,sub-09,2.0000000000000004,345
WRONG,1.0000000209348403,0.9999999868624684,0.9732449701089739,8,1,7791.466928609658,0.026538429142199855,sub-09,2.000000000000001,345
POP,1.000000006152532,0.0,0.0,4,1,inf,0.0,sub-09,0.0,346
MATCH,1.00000001773818,0.9999999767564718,16.099284186477973,8,1,126546.3392687318,0.005590919657530944,sub-09,2.0000000000000018,346
WRONG,1.0000000078833455,0.9999999848020725,1.4716401907851357,8,1,495.5291051934002,0.08110924188147756,sub-09,1.9999999999999998,346
POP,1.000000006152532,0.0,0.0,4,1,inf,0.0,sub-07,0.0,347
MATCH,1.000000006152532,0.9999999971031397,0.4993377386868778,8,1,59.17469185928686,0.21846370662469347,sub-07,1.999999999999999,347
WRONG,1.0000000102328737,0.9999999847656014,0.3040300528088279,8,1,49.117438796189816,0.2231747029955767,sub-07,2.0,347
POP,1.0000000175890311,0.0,0.0,4,1,inf,0.0,sub-06,0.0,348
MATCH,1.0000000175890311,0.9999999919634923,1.412562552480792,8,1,121.66020688468262,0.15765646887689413,sub-06,2.0,348
WRONG,1.000000028854051,0.9999999882167265,0.9423405101435403,8,1,103.953248565738,0.17589031487417778,sub-06,2.0,348
POP,1.0000000150144468,0.0,0.0,4,1,inf,0.0,sub-06,0.0,349
MATCH,1.0000000150144468,0.999999987914271,1.4345428378680967,8,1,1457.6626507531023,0.05170730355846269,sub-06,2.0000000000000004,349
WRONG,1.0000000150144468,0.9999999925603869,1.8284679584878667,8,1,364.90291123437163,0.10597388921566016,sub-06,2.0,349
POP,1.000000004889503,0.0,0.0,4,1,inf,0.0,sub-09,0.0,350
MATCH,1.0000000173707753,0.9999999906633116,1.113157645003173,8,1,767.8426107209143,0.06699853383086128,sub-09,1.9999999999999998,350
WRONG,1.0000000085411052,0.9999999906633116,0.7063334207338979,8,1,243.8205942966164,0.12262128908521296,sub-09,1.9999999999999971,350
POP,1.000000006152532,0.0,0.0,4,1,inf,0.0,sub-06,0.0,351
MATCH,1.000000006152532,0.999999996959373,0.39871901536951804,8,1,305.6940703733763,0.108200895070902,sub-06,2.000000000000001,351
WRONG,1.0000000209178945,0.9999999826822867,0.8400844897394343,8,1,182.68012690344725,0.14029995924001493,sub-06,1.9999999999999998,351
POP,1.0000000150144468,0.0,0.0,4,1,inf,0.0,sub-09,0.0,352
MATCH,1.0000000150144468,0.9999999928158536,0.8194578825710673,8,1,607.5962643816576,0.08780126242023407,sub-09,2.0000000000000004,352
WRONG,1.0000000150144468,0.9999999809649799,2.062334671643351,8,1,440.19645736533533,0.09170951671257146,sub-09,1.9999999999999998,352
POP,1.0000000150144468,0.0,0.0,4,1,inf,0.0,sub-07,0.0,353
MATCH,1.00000002165304,0.9999999786207296,1.466765979320854,8,1,376.3194165979449,0.09022369044078185,sub-07,1.9999999999999996,353
WRONG,1.0000000150144468,0.9999999909188698,0.5122624804952756,8,1,39.0277138195483,0.3064291800023724,sub-07,2.0000000000000004,353
POP,1.000000006152532,0.0,0.0,4,1,inf,0.0,sub-07,0.0,354
MATCH,1.000000006152532,0.9999999971031397,0.4993377386868778,8,1,59.17469185928686,0.21846370662469347,sub-07,1.999999999999999,354
WRONG,1.0000000217876426,0.9999999971031397,1.1378803029302846,8,1,2063.615622158747,0.047927250826413595,sub-07,2.0,354
POP,1.0000000175890311,0.0,0.0,4,1,inf,0.0,sub-07,0.0,355
MATCH,1.000000021409448,0.9999999899781957,0.9123745530924275,8,1,1267.4677751842773,0.05516080276074625,sub-07,2.0000000000000004,355
WRONG,1.0000000227906942,0.9999999868769696,0.9814205951230285,8,1,52.75617449591909,0.2494319499208104,sub-07,2.0000000000000004,355
POP,1.0000000150144468,0.0,0.0,4,1,inf,0.0,sub-06,0.0,356
MATCH,1.0000000150144468,0.999999987914271,1.4345428378680967,8,1,1457.6626507531023,0.05170730355846269,sub-06,2.0000000000000004,356
WRONG,1.0000000150144468,0.9999999925603869,1.8284679584878667,8,1,364.90291123437163,0.10597388921566016,sub-06,2.0,356
POP,1.0000000181970523,0.0,0.0,4,1,inf,0.0,sub-06,0.0,357
MATCH,1.0000000181970523,0.9999999881048259,0.9863669805039379,8,1,8749.777687322176,0.02490503942206302,sub-06,1.9999999999999993,357
WRONG,1.0000000209348403,0.9999999868624684,0.9732449701089739,8,1,7791.466928609658,0.026538429142199855,sub-06,2.000000000000001,357
POP,1.0000000150144468,0.0,0.0,4,1,inf,0.0,sub-07,0.0,358
MATCH,1.00000002165304,0.9999999786207296,1.466765979320854,8,1,376.3194165979449,0.09022369044078185,sub-07,1.9999999999999996,358
WRONG,1.0000000150144468,0.9999999928158536,1.3543428568786697,8,1,745.6379331781682,0.07635273028467085,sub-07,2.0,358
POP,1.0000000150144468,0.0,0.0,4,1,inf,0.0,sub-09,0.0,359
MATCH,1.0000000150144468,0.9999999928158536,0.8194578825710673,8,1,607.5962643816576,0.08780126242023407,sub-09,2.0000000000000004,359
WRONG,1.0000000150144468,0.9999999903401544,0.7844878750133952,8,1,80.91849876706517,0.20029663135070036,sub-09,2.0,359
POP,1.0000000175890311,0.0,0.0,4,1,inf,0.0,sub-06,0.0,360
MATCH,1.0000000175890311,0.9999999919634923,1.412562552480792,8,1,121.66020688468262,0.15765646887689413,sub-06,2.0,360
WRONG,1.0000000175890311,0.9999999762348686,1.943163470735656,8,1,354.3316770603612,0.1105585099754517,sub-06,1.9999999999999998,360
POP,1.0000000150144468,0.0,0.0,4,1,inf,0.0,sub-06,0.0,361
MATCH,1.0000000150144468,0.999999987914271,1.4345428378680967,8,1,1457.6626507531023,0.05170730355846269,sub-06,2.0000000000000004,361
WRONG,1.0000000150144468,0.9999999928158536,1.3613358313638466,8,1,496.84879070083906,0.09193037513104553,sub-06,2.0000000000000004,361
POP,1.0000000175890311,0.0,0.0,4,1,inf,0.0,sub-06,0.0,362
MATCH,1.0000000175890311,0.9999999919634923,1.412562552480792,8,1,121.66020688468262,0.15765646887689413,sub-06,2.0,362
WRONG,1.0000000175890311,0.9999999856343076,1.408435271606045,8,1,620.6561935768016,0.07091751523315258,sub-06,1.9999999999999993,362
POP,1.000000006152532,0.0,0.0,4,1,inf,0.0,sub-07,0.0,363
MATCH,1.000000006152532,0.9999999971031397,0.4993377386868778,8,1,59.17469185928686,0.21846370662469347,sub-07,1.999999999999999,363
WRONG,1.0000000062502823,0.9999999934533599,0.5084029757446556,8,1,1109.1161830811627,0.05843463570138612,sub-07,2.0,363
POP,1.0000000181970523,0.0,0.0,4,1,inf,0.0,sub-06,0.0,364
MATCH,1.0000000181970523,0.9999999881048259,0.9863669805039379,8,1,8749.777687322176,0.02490503942206302,sub-06,1.9999999999999993,364
WRONG,1.0000000181970523,0.999999989324467,1.0087896765615223,8,1,4377.30698184761,0.03667205737891683,sub-06,1.9999999999999991,364
POP,1.000000003377974,0.0,0.0,4,1,inf,0.0,sub-09,0.0,365
MATCH,1.000000003377974,0.9999999851804878,3.548020279237457,8,1,4112.319336091601,0.033176599131634746,sub-09,1.9999999999999996,365
WRONG,1.0000000093152426,0.9999999769975202,0.5336800024864712,8,1,139.54768737382034,0.15365631856712367,sub-09,1.9999999999999993,365
POP,1.0000000175890311,0.0,0.0,4,1,inf,0.0,sub-07,0.0,366
MATCH,1.000000021409448,0.9999999899781957,0.9123745530924275,8,1,1267.4677751842773,0.05516080276074625,sub-07,2.0000000000000004,366
WRONG,1.0000000175890311,0.9999999762348686,1.943163470735656,8,1,354.3316770603612,0.1105585099754517,sub-07,1.9999999999999998,366
POP,1.000000006152532,0.0,0.0,4,1,inf,0.0,sub-09,0.0,367
MATCH,1.00000001773818,0.9999999767564718,16.099284186477973,8,1,126546.3392687318,0.005590919657530944,sub-09,2.0000000000000018,367
WRONG,1.000000006152532,0.999999996959373,0.39871901536951804,8,1,305.6940703733763,0.108200895070902,sub-09,2.000000000000001,367
POP,1.000000003377974,0.0,0.0,4,1,inf,0.0,sub-09,0.0,368
MATCH,1.000000003377974,0.9999999851804878,3.548020279237457,8,1,4112.319336091601,0.033176599131634746,sub-09,1.9999999999999996,368
WRONG,1.0000000222451124,0.9999999870968975,0.6301515185722493,8,1,209.45916643226167,0.12992103194763138,sub-09,1.999999999999999,368
POP,1.000000004889503,0.0,0.0,4,1,inf,0.0,sub-07,0.0,369
MATCH,1.0000000054890252,0.9999999906633116,0.5630917054970915,8,1,263.33662387210893,0.1051878303849236,sub-07,1.9999999999999998,369
WRONG,1.000000004889503,0.9999999882438723,0.7170651606826395,8,1,632.6186005435503,0.07697336748245906,sub-07,2.0000000000000004,369
POP,1.0000000175890311,0.0,0.0,4,1,inf,0.0,sub-07,0.0,370
MATCH,1.000000021409448,0.9999999899781957,0.9123745530924275,8,1,1267.4677751842773,0.05516080276074625,sub-07,2.0000000000000004,370
WRONG,1.0000000175890311,0.9999999864581076,1.0530281842711475,8,1,46.46264120954153,0.2779631343384813,sub-07,2.0,370
POP,1.0000000150144468,0.0,0.0,4,1,inf,0.0,sub-09,0.0,371
MATCH,1.0000000150144468,0.9999999928158536,0.8194578825710673,8,1,607.5962643816576,0.08780126242023407,sub-09,2.0000000000000004,371
WRONG,1.0000000150144468,0.9999999928158536,1.3543428568786697,8,1,745.6379331781682,0.07635273028467085,sub-09,2.0,371
POP,1.000000006152532,0.0,0.0,4,1,inf,0.0,sub-09,0.0,372
MATCH,1.00000001773818,0.9999999767564718,16.099284186477973,8,1,126546.3392687318,0.005590919657530944,sub-09,2.0000000000000018,372
WRONG,1.0000000217876426,0.9999999971031397,1.1378803029302846,8,1,2063.615622158747,0.047927250826413595,sub-09,2.0,372
POP,1.0000000150144468,0.0,0.0,4,1,inf,0.0,sub-09,0.0,373
MATCH,1.0000000150144468,0.9999999928158536,0.8194578825710673,8,1,607.5962643816576,0.08780126242023407,sub-09,2.0000000000000004,373
WRONG,1.0000000150144468,0.9999999928158536,1.3613358313638466,8,1,496.84879070083906,0.09193037513104553,sub-09,2.0000000000000004,373
POP,1.000000003377974,0.0,0.0,4,1,inf,0.0,sub-09,0.0,374
MATCH,1.000000003377974,0.9999999851804878,3.548020279237457,8,1,4112.319336091601,0.033176599131634746,sub-09,1.9999999999999996,374
WRONG,1.0000000199937138,0.9999999870968975,0.9122400591296543,8,1,180.18707199761386,0.14102315355075282,sub-09,1.9999999999999991,374
POP,1.0000000175890311,0.0,0.0,4,1,inf,0.0,sub-06,0.0,375
MATCH,1.0000000175890311,0.9999999919634923,1.412562552480792,8,1,121.66020688468262,0.15765646887689413,sub-06,2.0,375
WRONG,1.0000000175890311,0.9999999856343076,1.408435271606045,8,1,620.6561935768016,0.07091751523315258,sub-06,1.9999999999999993,375
POP,1.000000006152532,0.0,0.0,4,1,inf,0.0,sub-07,0.0,376
MATCH,1.000000006152532,0.9999999971031397,0.4993377386868778,8,1,59.17469185928686,0.21846370662469347,sub-07,1.999999999999999,376
WRONG,1.0000000062502823,0.9999999934533599,0.5084029757446556,8,1,1109.1161830811627,0.05843463570138612,sub-07,2.0,376
POP,1.0000000150144468,0.0,0.0,4,1,inf,0.0,sub-09,0.0,377
MATCH,1.0000000150144468,0.9999999928158536,0.8194578825710673,8,1,607.5962643816576,0.08780126242023407,sub-09,2.0000000000000004,377
WRONG,1.0000000150144468,0.9999999925603869,1.8284679584878667,8,1,364.90291123437163,0.10597388921566016,sub-09,2.0,377
POP,1.000000004889503,0.0,0.0,4,1,inf,0.0,sub-09,0.0,378
MATCH,1.0000000173707753,0.9999999906633116,1.113157645003173,8,1,767.8426107209143,0.06699853383086128,sub-09,1.9999999999999998,378
WRONG,1.0000000085411052,0.9999999906633116,0.7063334207338979,8,1,243.8205942966164,0.12262128908521296,sub-09,1.9999999999999971,378
POP,1.0000000175890311,0.0,0.0,4,1,inf,0.0,sub-09,0.0,379
MATCH,1.0000000175890311,0.9999999846280925,1.7178676640703854,8,1,1133.2957289512974,0.06507674428562661,sub-09,2.0,379
WRONG,1.0000000175890311,0.9999999764971396,1.23084751967,8,1,144.33346308296228,0.14639270922006992,sub-09,1.9999999999999996,379
POP,1.0000000150144468,0.0,0.0,4,1,inf,0.0,sub-07,0.0,380
MATCH,1.00000002165304,0.9999999786207296,1.466765979320854,8,1,376.3194165979449,0.09022369044078185,sub-07,1.9999999999999996,380
WRONG,1.0000000150144468,0.9999999925603869,1.8284679584878667,8,1,364.90291123437163,0.10597388921566016,sub-07,2.0,380
POP,1.0000000181970523,0.0,0.0,4,1,inf,0.0,sub-07,0.0,381
MATCH,1.0000000181970523,0.9999999794771057,1.1205757660738505,8,1,3927.9721805232634,0.038593213966234455,sub-07,1.9999999999999984,381
WRONG,1.0000000181970523,0.9999999881048259,0.9863669805039379,8,1,8749.777687322176,0.02490503942206302,sub-07,1.9999999999999993,381
POP,1.000000003377974,0.0,0.0,4,1,inf,0.0,sub-09,0.0,382
MATCH,1.000000003377974,0.9999999851804878,3.548020279237457,8,1,4112.319336091601,0.033176599131634746,sub-09,1.9999999999999996,382
WRONG,1.000000003377974,0.9999999798586121,0.6145722400507533,8,1,927.4224011014538,0.06314103475399278,sub-09,2.000000000000001,382
POP,1.0000000181970523,0.0,0.0,4,1,inf,0.0,sub-09,0.0,383
MATCH,1.0000000181970523,0.9999999922308244,0.9757786072589663,8,1,10953.754299662722,0.02249361013408205,sub-09,2.0000000000000004,383
WRONG,1.0000000236528808,0.9999999922308244,0.9831445508495996,8,1,4752.460559037965,0.033614610009166254,sub-09,1.9999999999999993,383
POP,1.0000000150144468,0.0,0.0,4,1,inf,0.0,sub-06,0.0,384
MATCH,1.0000000150144468,0.999999987914271,1.4345428378680967,8,1,1457.6626507531023,0.05170730355846269,sub-06,2.0000000000000004,384
WRONG,1.0000000150144468,0.9999999903401544,0.7844878750133952,8,1,80.91849876706517,0.20029663135070036,sub-06,2.0,384
POP,1.000000006152532,0.0,0.0,4,1,inf,0.0,sub-07,0.0,385
MATCH,1.000000006152532,0.9999999971031397,0.4993377386868778,8,1,59.17469185928686,0.21846370662469347,sub-07,1.999999999999999,385
WRONG,1.0000000108706637,0.9999999925358697,0.4586922009795791,8,1,180.57349406518156,0.13329706167255398,sub-07,2.0,385
POP,1.000000004889503,0.0,0.0,4,1,inf,0.0,sub-09,0.0,386
MATCH,1.0000000173707753,0.9999999906633116,1.113157645003173,8,1,767.8426107209143,0.06699853383086128,sub-09,1.9999999999999998,386
WRONG,1.0000000054890252,0.9999999906633116,0.5630917054970915,8,1,263.33662387210893,0.1051878303849236,sub-09,1.9999999999999998,386
POP,1.000000004889503,0.0,0.0,4,1,inf,0.0,sub-09,0.0,387
MATCH,1.0000000173707753,0.9999999906633116,1.113157645003173,8,1,767.8426107209143,0.06699853383086128,sub-09,1.9999999999999998,387
WRONG,1.0000000061533678,0.9999999906633116,0.4510334804314455,8,1,301.2831393210191,0.11364915764415141,sub-09,2.000000000000001,387
POP,1.000000003377974,0.0,0.0,4,1,inf,0.0,sub-09,0.0,388
MATCH,1.000000003377974,0.9999999851804878,3.548020279237457,8,1,4112.319336091601,0.033176599131634746,sub-09,1.9999999999999996,388
WRONG,1.000000007984941,0.9999999870968975,0.48109096247296257,8,1,75.05414866503118,0.20999234034239778,sub-09,1.999999999999999,388
POP,1.000000003377974,0.0,0.0,4,1,inf,0.0,sub-09,0.0,389
MATCH,1.000000003377974,0.9999999851804878,3.548020279237457,8,1,4112.319336091601,0.033176599131634746,sub-09,1.9999999999999996,389
WRONG,1.000000003377974,0.9999999851760564,0.5971062510643296,8,1,87.33590908695605,0.1955068861479469,sub-09,1.999999999999999,389
POP,1.0000000150144468,0.0,0.0,4,1,inf,0.0,sub-09,0.0,390
MATCH,1.0000000150144468,0.9999999928158536,0.8194578825710673,8,1,607.5962643816576,0.08780126242023407,sub-09,2.0000000000000004,390
WRONG,1.0000000150144468,0.9999999909188698,0.5122624804952756,8,1,39.0277138195483,0.3064291800023724,sub-09,2.0000000000000004,390
POP,1.0000000175890311,0.0,0.0,4,1,inf,0.0,sub-07,0.0,391
MATCH,1.000000021409448,0.9999999899781957,0.9123745530924275,8,1,1267.4677751842773,0.05516080276074625,sub-07,2.0000000000000004,391
WRONG,1.0000000175890311,0.9999999856343076,1.408435271606045,8,1,620.6561935768016,0.07091751523315258,sub-07,1.9999999999999993,391
POP,1.0000000150144468,0.0,0.0,4,1,inf,0.0,sub-09,0.0,392
MATCH,1.0000000150144468,0.9999999928158536,0.8194578825710673,8,1,607.5962643816576,0.08780126242023407,sub-09,2.0000000000000004,392
WRONG,1.000000022698789,0.9999999928158536,1.360221358588283,8,1,156.59290385248272,0.143983675444764,sub-09,2.0000000000000013,392
POP,1.000000004889503,0.0,0.0,4,1,inf,0.0,sub-09,0.0,393
MATCH,1.0000000173707753,0.9999999906633116,1.113157645003173,8,1,767.8426107209143,0.06699853383086128,sub-09,1.9999999999999998,393
WRONG,1.000000004889503,0.9999999830463998,0.505528022232242,8,1,599.1472540070098,0.07298464997379092,sub-09,1.9999999999999991,393
POP,1.000000006152532,0.0,0.0,4,1,inf,0.0,sub-07,0.0,394
MATCH,1.000000006152532,0.9999999971031397,0.4993377386868778,8,1,59.17469185928686,0.21846370662469347,sub-07,1.999999999999999,394
WRONG,1.000000006152532,0.9999999971031397,0.7709712085356405,8,1,281.78828210288674,0.11820050656951771,sub-07,2.0000000000000004,394
POP,1.0000000150144468,0.0,0.0,4,1,inf,0.0,sub-07,0.0,395
MATCH,1.00000002165304,0.9999999786207296,1.466765979320854,8,1,376.3194165979449,0.09022369044078185,sub-07,1.9999999999999996,395
WRONG,1.0000000150144468,0.9999999928158536,1.003252061015479,8,1,75.78600338911608,0.20556687036131158,sub-07,2.0,395
POP,1.0000000175890311,0.0,0.0,4,1,inf,0.0,sub-07,0.0,396
MATCH,1.000000021409448,0.9999999899781957,0.9123745530924275,8,1,1267.4677751842773,0.05516080276074625,sub-07,2.0000000000000004,396
WRONG,1.0000000175890311,0.9999999864581076,1.0530281842711475,8,1,46.46264120954153,0.2779631343384813,sub-07,2.0,396
POP,1.0000000175890311,0.0,0.0,4,1,inf,0.0,sub-09,0.0,397
MATCH,1.0000000175890311,0.9999999846280925,1.7178676640703854,8,1,1133.2957289512974,0.06507674428562661,sub-09,2.0,397
WRONG,1.0000000175890311,0.9999999764971396,1.23084751967,8,1,144.33346308296228,0.14639270922006992,sub-09,1.9999999999999996,397
POP,1.0000000175890311,0.0,0.0,4,1,inf,0.0,sub-07,0.0,398
MATCH,1.000000021409448,0.9999999899781957,0.9123745530924275,8,1,1267.4677751842773,0.05516080276074625,sub-07,2.0000000000000004,398
WRONG,1.0000000175890311,0.9999999764971396,1.23084751967,8,1,144.33346308296228,0.14639270922006992,sub-07,1.9999999999999996,398
POP,1.000000006152532,0.0,0.0,4,1,inf,0.0,sub-06,0.0,399
MATCH,1.000000006152532,0.999999996959373,0.39871901536951804,8,1,305.6940703733763,0.108200895070902,sub-06,2.000000000000001,399
WRONG,1.00000001773818,0.9999999767564718,16.099284186477973,8,1,126546.3392687318,0.005590919657530944,sub-06,2.0000000000000018,399
POP,1.000000004889503,0.0,0.0,4,1,inf,0.0,sub-06,0.0,400
MATCH,1.000000004889503,0.9999999882438723,0.7170651606826395,8,1,632.6186005435503,0.07697336748245906,sub-06,2.0000000000000004,400
WRONG,1.0000000103381583,0.9999999906633116,0.5381465957555293,8,1,160.64425903562665,0.15189290527552618,sub-06,1.9999999999999987,400
POP,1.000000004889503,0.0,0.0,4,1,inf,0.0,sub-06,0.0,401
MATCH,1.000000004889503,0.9999999882438723,0.7170651606826395,8,1,632.6186005435503,0.07697336748245906,sub-06,2.0000000000000004,401
WRONG,1.0000000085411052,0.9999999906633116,0.7063334207338979,8,1,243.8205942966164,0.12262128908521296,sub-06,1.9999999999999971,401
POP,1.000000003377974,0.0,0.0,4,1,inf,0.0,sub-09,0.0,402
MATCH,1.000000003377974,0.9999999851804878,3.548020279237457,8,1,4112.319336091601,0.033176599131634746,sub-09,1.9999999999999996,402
WRONG,1.0000000076009898,0.9999999870968975,2.7679995017413503,8,1,2367.4720717733626,0.04589284222325646,sub-09,2.0000000000000004,402
POP,1.0000000150144468,0.0,0.0,4,1,inf,0.0,sub-09,0.0,403
MATCH,1.0000000150144468,0.9999999928158536,0.8194578825710673,8,1,607.5962643816576,0.08780126242023407,sub-09,2.0000000000000004,403
WRONG,1.0000000150144468,0.9999999928158536,1.003252061015479,8,1,75.78600338911608,0.20556687036131158,sub-09,2.0,403
POP,1.000000004889503,0.0,0.0,4,1,inf,0.0,sub-09,0.0,404
MATCH,1.0000000173707753,0.9999999906633116,1.113157645003173,8,1,767.8426107209143,0.06699853383086128,sub-09,1.9999999999999998,404
WRONG,1.000000009293648,0.9999999906633116,0.42467845187340597,8,1,998.1409972026024,0.057485019610103896,sub-09,2.0,404
POP,1.0000000150144468,0.0,0.0,4,1,inf,0.0,sub-09,0.0,405
MATCH,1.0000000150144468,0.9999999928158536,0.8194578825710673,8,1,607.5962643816576,0.08780126242023407,sub-09,2.0000000000000004,405
WRONG,1.0000000150144468,0.9999999928158536,1.3613358313638466,8,1,496.84879070083906,0.09193037513104553,sub-09,2.0000000000000004,405
POP,1.000000003377974,0.0,0.0,4,1,inf,0.0,sub-09,0.0,406
MATCH,1.000000003377974,0.9999999851804878,3.548020279237457,8,1,4112.319336091601,0.033176599131634746,sub-09,1.9999999999999996,406
WRONG,1.0000000214064901,0.9999999870968975,1.3701836587520038,8,1,892.7819747250608,0.06194321904563471,sub-09,2.0,406
POP,1.0000000150144468,0.0,0.0,4,1,inf,0.0,sub-06,0.0,407
MATCH,1.0000000150144468,0.999999987914271,1.4345428378680967,8,1,1457.6626507531023,0.05170730355846269,sub-06,2.0000000000000004,407
WRONG,1.0000000150144468,0.9999999928158536,0.8194578825710673,8,1,607.5962643816576,0.08780126242023407,sub-06,2.0000000000000004,407
POP,1.0000000175890311,0.0,0.0,4,1,inf,0.0,sub-06,0.0,408
MATCH,1.0000000175890311,0.9999999919634923,1.412562552480792,8,1,121.66020688468262,0.15765646887689413,sub-06,2.0,408
WRONG,1.0000000175890311,0.9999999937897848,0.9817674339267917,8,1,302.3318398656576,0.1135936817514307,sub-06,2.000000000000001,408
POP,1.0000000175890311,0.0,0.0,4,1,inf,0.0,sub-06,0.0,409
MATCH,1.0000000175890311,0.9999999919634923,1.412562552480792,8,1,121.66020688468262,0.15765646887689413,sub-06,2.0,409
WRONG,1.0000000175890311,0.9999999948074074,6.2064612517432,8,1,3416.6554464434403,0.03624296493088146,sub-06,2.0000000000000004,409
POP,1.000000003377974,0.0,0.0,4,1,inf,0.0,sub-09,0.0,410
MATCH,1.000000003377974,0.9999999851804878,3.548020279237457,8,1,4112.319336091601,0.033176599131634746,sub-09,1.9999999999999996,410
WRONG,1.000000003377974,0.9999999851760564,0.5971062510643296,8,1,87.33590908695605,0.1955068861479469,sub-09,1.999999999999999,410
POP,1.000000003377974,0.0,0.0,4,1,inf,0.0,sub-09,0.0,411
MATCH,1.000000003377974,0.9999999851804878,3.548020279237457,8,1,4112.319336091601,0.033176599131634746,sub-09,1.9999999999999996,411
WRONG,1.0000000214064901,0.9999999870968975,1.3701836587520038,8,1,892.7819747250608,0.06194321904563471,sub-09,2.0,411
POP,1.000000004889503,0.0,0.0,4,1,inf,0.0,sub-06,0.0,412
MATCH,1.000000004889503,0.9999999882438723,0.7170651606826395,8,1,632.6186005435503,0.07697336748245906,sub-06,2.0000000000000004,412
WRONG,1.00000000907426,0.9999999893078435,0.7415551545106132,8,1,320.1445783881818,0.10641520072783456,sub-06,1.9999999999999993,412
POP,1.000000006152532,0.0,0.0,4,1,inf,0.0,sub-07,0.0,413
MATCH,1.000000006152532,0.9999999971031397,0.4993377386868778,8,1,59.17469185928686,0.21846370662469347,sub-07,1.999999999999999,413
WRONG,1.000000006152532,0.9999999971031397,0.7709712085356405,8,1,281.78828210288674,0.11820050656951771,sub-07,2.0000000000000004,413
POP,1.000000003377974,0.0,0.0,4,1,inf,0.0,sub-07,0.0,414
MATCH,1.0000000117611814,0.9999999845750417,0.6055213605896211,8,1,80.6856039848096,0.19109478074556055,sub-07,2.0000000000000013,414
WRONG,1.0000000093152426,0.9999999769975202,0.5336800024864712,8,1,139.54768737382034,0.15365631856712367,sub-07,1.9999999999999993,414
POP,1.000000004889503,0.0,0.0,4,1,inf,0.0,sub-09,0.0,415
MATCH,1.0000000173707753,0.9999999906633116,1.113157645003173,8,1,767.8426107209143,0.06699853383086128,sub-09,1.9999999999999998,415
WRONG,1.000000009823773,0.9999999906633116,0.8729452620822281,8,1,319.63373600053797,0.11413695778601925,sub-09,2.0000000000000013,415
POP,1.0000000175890311,0.0,0.0,4,1,inf,0.0,sub-09,0.0,416
MATCH,1.0000000175890311,0.9999999846280925,1.7178676640703854,8,1,1133.2957289512974,0.06507674428562661,sub-09,2.0,416
WRONG,1.0000000175890311,0.9999999856343076,1.408435271606045,8,1,620.6561935768016,0.07091751523315258,sub-09,1.9999999999999993,416
POP,1.000000003377974,0.0,0.0,4,1,inf,0.0,sub-09,0.0,417
MATCH,1.000000003377974,0.9999999851804878,3.548020279237457,8,1,4112.319336091601,0.033176599131634746,sub-09,1.9999999999999996,417
WRONG,1.000000003377974,0.9999999798586121,0.6145722400507533,8,1,927.4224011014538,0.06314103475399278,sub-09,2.000000000000001,417
POP,1.0000000181970523,0.0,0.0,4,1,inf,0.0,sub-07,0.0,418
MATCH,1.0000000181970523,0.9999999794771057,1.1205757660738505,8,1,3927.9721805232634,0.038593213966234455,sub-07,1.9999999999999984,418
WRONG,1.0000000209348403,0.9999999868624684,0.9732449701089739,8,1,7791.466928609658,0.026538429142199855,sub-07,2.000000000000001,418
POP,1.000000003377974,0.0,0.0,4,1,inf,0.0,sub-09,0.0,419
MATCH,1.000000003377974,0.9999999851804878,3.548020279237457,8,1,4112.319336091601,0.033176599131634746,sub-09,1.9999999999999996,419
WRONG,1.000000007984941,0.9999999870968975,0.48109096247296257,8,1,75.05414866503118,0.20999234034239778,sub-09,1.999999999999999,419
POP,1.0000000175890311,0.0,0.0,4,1,inf,0.0,sub-09,0.0,420
MATCH,1.0000000175890311,0.9999999846280925,1.7178676640703854,8,1,1133.2957289512974,0.06507674428562661,sub-09,2.0,420
WRONG,1.0000000175890311,0.9999999937897848,0.9817674339267917,8,1,302.3318398656576,0.1135936817514307,sub-09,2.000000000000001,420
POP,1.000000006152532,0.0,0.0,4,1,inf,0.0,sub-07,0.0,421
MATCH,1.000000006152532,0.9999999971031397,0.4993377386868778,8,1,59.17469185928686,0.21846370662469347,sub-07,1.999999999999999,421
WRONG,1.0000000209178945,0.9999999826822867,0.8400844897394343,8,1,182.68012690344725,0.14029995924001493,sub-07,1.9999999999999998,421
POP,1.000000003377974,0.0,0.0,4,1,inf,0.0,sub-06,0.0,422
MATCH,1.0000000222451124,0.9999999870968975,0.6301515185722493,8,1,209.45916643226167,0.12992103194763138,sub-06,1.999999999999999,422
WRONG,1.0000000117611814,0.9999999845750417,0.6055213605896211,8,1,80.6856039848096,0.19109478074556055,sub-06,2.0000000000000013,422
POP,1.0000000181970523,0.0,0.0,4,1,inf,0.0,sub-09,0.0,423
MATCH,1.0000000181970523,0.9999999922308244,0.9757786072589663,8,1,10953.754299662722,0.02249361013408205,sub-09,2.0000000000000004,423
WRONG,1.0000000244546787,0.9999999767276473,1.1225496981710432,8,1,6962.428230624226,0.02889355584739918,sub-09,1.9999999999999993,423
POP,1.0000000150144468,0.0,0.0,4,1,inf,0.0,sub-09,0.0,424
MATCH,1.0000000150144468,0.9999999928158536,0.8194578825710673,8,1,607.5962643816576,0.08780126242023407,sub-09,2.0000000000000004,424
WRONG,1.0000000150144468,0.9999999809649799,2.062334671643351,8,1,440.19645736533533,0.09170951671257146,sub-09,1.9999999999999998,424
POP,1.000000006152532,0.0,0.0,4,1,inf,0.0,sub-09,0.0,425
MATCH,1.00000001773818,0.9999999767564718,16.099284186477973,8,1,126546.3392687318,0.005590919657530944,sub-09,2.0000000000000018,425
WRONG,1.0000000102328737,0.9999999847656014,0.3040300528088279,8,1,49.117438796189816,0.2231747029955767,sub-09,2.0,425
POP,1.0000000181970523,0.0,0.0,4,1,inf,0.0,sub-07,0.0,426
MATCH,1.0000000181970523,0.9999999794771057,1.1205757660738505,8,1,3927.9721805232634,0.038593213966234455,sub-07,1.9999999999999984,426
WRONG,1.0000000236528808,0.9999999922308244,0.9831445508495996,8,1,4752.460559037965,0.033614610009166254,sub-07,1.9999999999999993,426
POP,1.0000000181970523,0.0,0.0,4,1,inf,0.0,sub-07,0.0,427
MATCH,1.0000000181970523,0.9999999794771057,1.1205757660738505,8,1,3927.9721805232634,0.038593213966234455,sub-07,1.9999999999999984,427
WRONG,1.0000000181970523,0.9999999828819583,1.346117603083663,8,1,10676.83731707821,0.02358151594787533,sub-07,2.0,427
POP,1.0000000181970523,0.0,0.0,4,1,inf,0.0,sub-06,0.0,428
MATCH,1.0000000181970523,0.9999999881048259,0.9863669805039379,8,1,8749.777687322176,0.02490503942206302,sub-06,1.9999999999999993,428
WRONG,1.0000000181970523,0.9999999922308244,0.9757786072589663,8,1,10953.754299662722,0.02249361013408205,sub-06,2.0000000000000004,428
POP,1.000000006152532,0.0,0.0,4,1,inf,0.0,sub-07,0.0,429
MATCH,1.000000006152532,0.9999999971031397,0.4993377386868778,8,1,59.17469185928686,0.21846370662469347,sub-07,1.999999999999999,429
WRONG,1.00000001773818,0.9999999767564718,16.099284186477973,8,1,126546.3392687318,0.005590919657530944,sub-07,2.0000000000000018,429
POP,1.000000006152532,0.0,0.0,4,1,inf,0.0,sub-09,0.0,430
MATCH,1.00000001773818,0.9999999767564718,16.099284186477973,8,1,126546.3392687318,0.005590919657530944,sub-09,2.0000000000000018,430
WRONG,1.000000006152532,0.999999994346596,0.485559163124009,8,1,180.41764659274352,0.14692292022957879,sub-09,2.000000000000001,430
POP,1.0000000181970523,0.0,0.0,4,1,inf,0.0,sub-06,0.0,431
MATCH,1.0000000181970523,0.9999999881048259,0.9863669805039379,8,1,8749.777687322176,0.02490503942206302,sub-06,1.9999999999999993,431
WRONG,1.0000000181970523,0.9999999748339781,8.255599132991184,8,1,124987.21753907627,0.00711734843235767,sub-06,1.9999999999999978,431
POP,1.0000000103215554,0.0,0.0,4,2,inf,0.0,sub-14,0.0,0
MATCH,1.0000000176591206,0.9999999988265396,2.2084575722708566,8,2,113.23601944805954,0.16305895215222477,sub-14,2.0,0
WRONG,1.0000000103215554,0.99999999578828,0.6367724082800571,8,2,29.53828106495434,0.3104408479625611,sub-14,2.0,0
POP,1.0000000233204223,0.0,0.0,4,2,inf,0.0,sub-11,0.0,1
MATCH,1.0000000233204223,0.9999999805537817,1.6526980448057722,8,2,1908.2915159588053,0.04561293396112131,sub-11,1.9999999999999993,1
WRONG,1.0000000247058096,0.9999999805537817,0.972424222874299,8,2,2875.545933643535,0.038475837099546134,sub-11,1.9999999999999998,1
POP,1.0000000060961225,0.0,0.0,4,2,inf,0.0,sub-14,0.0,2
MATCH,1.0000000122163495,0.9999999836548271,1.143152090630978,8,2,50.5256967969463,0.23631532333502864,sub-14,1.9999999999999998,2
WRONG,1.0000000123688555,0.9999999715629238,1.0261794086673417,8,2,41.407451437038404,0.26790042322872004,sub-14,2.0,2
POP,1.000000004354818,0.0,0.0,4,2,inf,0.0,sub-11,0.0,3
MATCH,1.000000018068623,0.9999999964430838,0.41957722187473556,8,2,161.28745659639577,0.1480847531323249,sub-11,2.0,3
WRONG,1.000000004354818,0.9999999959405452,0.403108759276981,8,2,280.90704375045095,0.10335987560827202,sub-11,2.0000000000000004,3
POP,1.000000004354818,0.0,0.0,4,2,inf,0.0,sub-11,0.0,4
MATCH,1.000000018068623,0.9999999964430838,0.41957722187473556,8,2,161.28745659639577,0.1480847531323249,sub-11,2.0,4
WRONG,1.000000004354818,0.9999999934402659,0.5152563082741416,8,2,253.18834101559264,0.11520913803293409,sub-11,2.0,4
POP,1.0000000018204587,0.0,0.0,4,2,inf,0.0,sub-12,0.0,5
MATCH,1.000000011492889,0.9999999742684148,1.3345029467235623,8,2,164.78752918285767,0.13702488710067612,sub-12,1.9999999999999993,5
WRONG,1.0000000158515707,0.9999999742684148,1.1098382420981001,8,2,101.68512015798,0.17244394075893615,sub-12,2.0,5
POP,1.000000004354818,0.0,0.0,4,2,inf,0.0,sub-11,0.0,6
MATCH,1.000000018068623,0.9999999964430838,0.41957722187473556,8,2,161.28745659639577,0.1480847531323249,sub-11,2.0,6
WRONG,1.0000000078512228,0.9999999964430838,0.7875126271971018,8,2,278.3331127374646,0.13314931913229552,sub-11,2.0,6
POP,1.0000000103215554,0.0,0.0,4,2,inf,0.0,sub-12,0.0,7
MATCH,1.0000000103215554,0.999999984896943,3.781184549304428,8,2,168.62536995895115,0.13249033828586726,sub-12,2.0000000000000004,7
WRONG,1.0000000247425587,0.9999999841396281,1.6993317145925582,8,2,63.46204608298041,0.18441838610071798,sub-12,2.0000000000000004,7
POP,1.000000004354818,0.0,0.0,4,2,inf,0.0,sub-12,0.0,8
MATCH,1.0000000109385163,0.9999999954681511,1.9298580293964938,8,2,351.4364964935716,0.10766668055820187,sub-12,2.0,8
WRONG,1.000000004354818,0.9999999858450551,0.6064116779926466,8,2,239.76646178259222,0.11742019221157786,sub-12,2.000000000000001,8
POP,1.000000004354818,0.0,0.0,4,2,inf,0.0,sub-14,0.0,9
MATCH,1.0000000167569287,0.9999999964430838,0.7824076309332935,8,2,491.0053362399257,0.088158511039579,sub-14,1.9999999999999998,9
WRONG,1.000000004354818,0.9999999896402961,0.6371506602482898,8,2,258.2393093792754,0.12048543029016358,sub-14,2.0000000000000004,9
POP,1.0000000060961225,0.0,0.0,4,2,inf,0.0,sub-11,0.0,10
MATCH,1.0000000194148997,0.9999999902864378,1.8112574136878945,8,2,59.39881779666956,0.2330912676504252,sub-11,2.0000000000000004,10
WRONG,1.0000000124236608,0.9999999902864378,1.4629330304996135,8,2,765.589714457537,0.06353492328660947,sub-11,1.9999999999999998,10
POP,1.0000000174964006,0.0,0.0,4,2,inf,0.0,sub-12,0.0,11
MATCH,1.0000000174964006,0.9999999897928592,1.010512315687331,8,2,2085.471373163927,0.048327451740504464,sub-12,1.9999999999999996,11
WRONG,1.0000000174964006,0.9999999736165011,8.329149742710893,8,2,119736.465490477,0.007376108717924523,sub-12,2.0000000000000004,11
POP,1.000000004354818,0.0,0.0,4,2,inf,0.0,sub-14,0.0,12
MATCH,1.0000000167569287,0.9999999964430838,0.7824076309332935,8,2,491.0053362399257,0.088158511039579,sub-14,1.9999999999999998,12
WRONG,1.0000000109385163,0.9999999954681511,1.9298580293964938,8,2,351.4364964935716,0.10766668055820187,sub-14,2.0,12
POP,1.0000000060961225,0.0,0.0,4,2,inf,0.0,sub-11,0.0,13
MATCH,1.0000000194148997,0.9999999902864378,1.8112574136878945,8,2,59.39881779666956,0.2330912676504252,sub-11,2.0000000000000004,13
WRONG,1.0000000247828456,0.9999999856415209,0.8795773473525674,8,2,1286.744009330767,0.05387195574594787,sub-11,2.0,13
POP,1.0000000233204223,0.0,0.0,4,2,inf,0.0,sub-14,0.0,14
MATCH,1.0000000258124113,0.9999999805537817,0.9433088869144939,8,2,1461.706561013608,0.058133577965204665,sub-14,1.9999999999999996,14
WRONG,1.0000000233204223,0.9999999757307335,6.96101665676673,8,2,128001.80630799758,0.006784183843712461,sub-14,1.999999999999999,14
POP,1.0000000060961225,0.0,0.0,4,2,inf,0.0,sub-14,0.0,15
MATCH,1.0000000122163495,0.9999999836548271,1.143152090630978,8,2,50.5256967969463,0.23631532333502864,sub-14,1.9999999999999998,15
WRONG,1.0000000149299593,0.9999999809479769,0.9246242531150798,8,2,55.39869500999163,0.22558161913952368,sub-14,2.0,15
POP,1.0000000060961225,0.0,0.0,4,2,inf,0.0,sub-11,0.0,16
MATCH,1.0000000194148997,0.9999999902864378,1.8112574136878945,8,2,59.39881779666956,0.2330912676504252,sub-11,2.0000000000000004,16
WRONG,1.0000000060961225,0.999999973351001,1.352760038160029,8,2,101.75611527094372,0.17319563613222103,sub-11,1.9999999999999984,16
POP,1.0000000233204223,0.0,0.0,4,2,inf,0.0,sub-11,0.0,17
MATCH,1.0000000233204223,0.9999999805537817,1.6526980448057722,8,2,1908.2915159588053,0.04561293396112131,sub-11,1.9999999999999993,17
WRONG,1.0000000233204223,0.9999999805537817,1.2053265907047384,8,2,970.825268060741,0.067734175419166,sub-11,1.9999999999999996,17
POP,1.0000000018204587,0.0,0.0,4,2,inf,0.0,sub-11,0.0,18
MATCH,1.0000000051173579,0.9999999742684148,0.6742960061837499,8,2,234.41322478751627,0.12329989295669865,sub-11,2.0,18
WRONG,1.000000020884034,0.9999999742684148,0.9426519161644451,8,2,213.80969501478253,0.12894399072974597,sub-11,2.0000000000000004,18
POP,1.0000000233204223,0.0,0.0,4,2,inf,0.0,sub-11,0.0,19
MATCH,1.0000000233204223,0.9999999805537817,1.6526980448057722,8,2,1908.2915159588053,0.04561293396112131,sub-11,1.9999999999999993,19
WRONG,1.0000000258124113,0.9999999805537817,0.9433088869144939,8,2,1461.706561013608,0.058133577965204665,sub-11,1.9999999999999996,19
POP,1.000000004354818,0.0,0.0,4,2,inf,0.0,sub-11,0.0,20
MATCH,1.000000018068623,0.9999999964430838,0.41957722187473556,8,2,161.28745659639577,0.1480847531323249,sub-11,2.0,20
WRONG,1.0000000078512228,0.9999999964430838,0.7875126271971018,8,2,278.3331127374646,0.13314931913229552,sub-11,2.0,20
POP,1.0000000060961225,0.0,0.0,4,2,inf,0.0,sub-11,0.0,21
MATCH,1.0000000194148997,0.9999999902864378,1.8112574136878945,8,2,59.39881779666956,0.2330912676504252,sub-11,2.0000000000000004,21
WRONG,1.0000000124236608,0.9999999902864378,1.4629330304996135,8,2,765.589714457537,0.06353492328660947,sub-11,1.9999999999999998,21
POP,1.0000000060961225,0.0,0.0,4,2,inf,0.0,sub-12,0.0,22
MATCH,1.000000018592823,0.9999999771156967,3.2512586131835004,8,2,73.84992116628716,0.19708001650142018,sub-12,2.0000000000000004,22
WRONG,1.0000000060961225,0.999999973351001,1.352760038160029,8,2,101.75611527094372,0.17319563613222103,sub-12,1.9999999999999984,22
POP,1.0000000018204587,0.0,0.0,4,2,inf,0.0,sub-12,0.0,23
MATCH,1.000000011492889,0.9999999742684148,1.3345029467235623,8,2,164.78752918285767,0.13702488710067612,sub-12,1.9999999999999993,23
WRONG,1.0000000178125878,0.9999999742684148,0.5830557965164241,8,2,239.57730691740187,0.1302309564087188,sub-12,2.0,23
POP,1.0000000174964006,0.0,0.0,4,2,inf,0.0,sub-12,0.0,24
MATCH,1.0000000174964006,0.9999999897928592,1.010512315687331,8,2,2085.471373163927,0.048327451740504464,sub-12,1.9999999999999996,24
WRONG,1.0000000174964006,0.9999999819313377,1.3666816700603495,8,2,11840.877214493921,0.022622511167450142,sub-12,2.0000000000000004,24
POP,1.0000000060961225,0.0,0.0,4,2,inf,0.0,sub-14,0.0,25
MATCH,1.0000000122163495,0.9999999836548271,1.143152090630978,8,2,50.5256967969463,0.23631532333502864,sub-14,1.9999999999999998,25
WRONG,1.0000000194148997,0.9999999902864378,1.8112574136878945,8,2,59.39881779666956,0.2330912676504252,sub-14,2.0000000000000004,25
POP,1.000000004354818,0.0,0.0,4,2,inf,0.0,sub-14,0.0,26
MATCH,1.0000000167569287,0.9999999964430838,0.7824076309332935,8,2,491.0053362399257,0.088158511039579,sub-14,1.9999999999999998,26
WRONG,1.0000000104374653,0.9999999964430838,0.46163511284953884,8,2,268.5251194185745,0.1094633642759194,sub-14,2.000000000000001,26
POP,1.0000000174964006,0.0,0.0,4,2,inf,0.0,sub-11,0.0,27
MATCH,1.0000000189520106,0.9999999897928592,1.462948463531971,8,2,894.6497446669198,0.06973045885269291,sub-11,1.9999999999999996,27
WRONG,1.0000000174964006,0.9999999833585861,1.0666811710908528,8,2,3174.3783106913447,0.03966506972799127,sub-11,1.9999999999999998,27
POP,1.0000000103215554,0.0,0.0,4,2,inf,0.0,sub-12,0.0,28
MATCH,1.0000000103215554,0.999999984896943,3.781184549304428,8,2,168.62536995895115,0.13249033828586726,sub-12,2.0000000000000004,28
WRONG,1.0000000103215554,0.9999999938734473,1.3386146824092569,8,2,82.59377889188036,0.20504574699759756,sub-12,2.000000000000001,28
POP,1.0000000233204223,0.0,0.0,4,2,inf,0.0,sub-11,0.0,29
MATCH,1.0000000233204223,0.9999999805537817,1.6526980448057722,8,2,1908.2915159588053,0.04561293396112131,sub-11,1.9999999999999993,29
WRONG,1.0000000233204223,0.9999999649844805,0.8805437067225433,8,2,1591.5808946141867,0.053854397651432295,sub-11,1.9999999999999993,29
POP,1.000000004354818,0.0,0.0,4,2,inf,0.0,sub-12,0.0,30
MATCH,1.0000000109385163,0.9999999954681511,1.9298580293964938,8,2,351.4364964935716,0.10766668055820187,sub-12,2.0,30
WRONG,1.0000000144829717,0.9999999905964804,0.6509340983727503,8,2,261.28282793401416,0.11551824871413804,sub-12,1.9999999999999991,30
POP,1.0000000174964006,0.0,0.0,4,2,inf,0.0,sub-12,0.0,31
MATCH,1.0000000174964006,0.9999999897928592,1.010512315687331,8,2,2085.471373163927,0.048327451740504464,sub-12,1.9999999999999996,31
WRONG,1.0000000174964006,0.9999999736165011,8.329149742710893,8,2,119736.465490477,0.007376108717924523,sub-12,2.0000000000000004,31
POP,1.0000000103215554,0.0,0.0,4,2,inf,0.0,sub-14,0.0,32
MATCH,1.0000000176591206,0.9999999988265396,2.2084575722708566,8,2,113.23601944805954,0.16305895215222477,sub-14,2.0,32
WRONG,1.0000000103215554,0.9999999877869518,1.4212303274008147,8,2,352.38266993894126,0.08910225981226615,sub-14,1.9999999999999993,32
POP,1.0000000018204587,0.0,0.0,4,2,inf,0.0,sub-14,0.0,33
MATCH,1.0000000158515707,0.9999999742684148,1.1098382420981001,8,2,101.68512015798,0.17244394075893615,sub-14,2.0,33
WRONG,1.0000000018204587,0.9999999742684148,0.6199474515567622,8,2,226.90162967851035,0.12737792810122248,sub-14,2.0,33
POP,1.0000000233204223,0.0,0.0,4,2,inf,0.0,sub-14,0.0,34
MATCH,1.0000000258124113,0.9999999805537817,0.9433088869144939,8,2,1461.706561013608,0.058133577965204665,sub-14,1.9999999999999996,34
WRONG,1.0000000233204223,0.9999999805537817,0.919045110137321,8,2,3939.763670881944,0.036162519892608845,sub-14,1.9999999999999996,34
POP,1.0000000060961225,0.0,0.0,4,2,inf,0.0,sub-11,0.0,35
MATCH,1.0000000194148997,0.9999999902864378,1.8112574136878945,8,2,59.39881779666956,0.2330912676504252,sub-11,2.0000000000000004,35
WRONG,1.000000018592823,0.9999999771156967,3.2512586131835004,8,2,73.84992116628716,0.19708001650142018,sub-11,2.0000000000000004,35
POP,1.0000000060961225,0.0,0.0,4,2,inf,0.0,sub-14,0.0,36
MATCH,1.0000000122163495,0.9999999836548271,1.143152090630978,8,2,50.5256967969463,0.23631532333502864,sub-14,1.9999999999999998,36
WRONG,1.0000000194148997,0.9999999902864378,1.8112574136878945,8,2,59.39881779666956,0.2330912676504252,sub-14,2.0000000000000004,36
POP,1.0000000018204587,0.0,0.0,4,2,inf,0.0,sub-14,0.0,37
MATCH,1.0000000158515707,0.9999999742684148,1.1098382420981001,8,2,101.68512015798,0.17244394075893615,sub-14,2.0,37
WRONG,1.000000021666259,0.9999999742684148,2.812889656743397,8,2,3997.1247524850546,0.03420423137373298,sub-14,1.9999999999999998,37
POP,1.0000000018204587,0.0,0.0,4,2,inf,0.0,sub-12,0.0,38
MATCH,1.000000011492889,0.9999999742684148,1.3345029467235623,8,2,164.78752918285767,0.13702488710067612,sub-12,1.9999999999999993,38
WRONG,1.0000000187150149,0.9999999742684148,2.4306365024845933,8,2,2129.285909697887,0.04807725471070611,sub-12,1.9999999999999993,38
POP,1.0000000174964006,0.0,0.0,4,2,inf,0.0,sub-14,0.0,39
MATCH,1.0000000174964006,0.9999999833585861,1.0666811710908528,8,2,3174.3783106913447,0.03966506972799127,sub-14,1.9999999999999998,39
WRONG,1.0000000243905645,0.9999999859787851,0.9838746246686981,8,2,11911.822909623825,0.022159465300408195,sub-14,2.0,39
POP,1.0000000233204223,0.0,0.0,4,2,inf,0.0,sub-14,0.0,40
MATCH,1.0000000258124113,0.9999999805537817,0.9433088869144939,8,2,1461.706561013608,0.058133577965204665,sub-14,1.9999999999999996,40
WRONG,1.0000000233204223,0.9999999757307335,6.96101665676673,8,2,128001.80630799758,0.006784183843712461,sub-14,1.999999999999999,40
POP,1.0000000233204223,0.0,0.0,4,2,inf,0.0,sub-12,0.0,41
MATCH,1.0000000233204223,0.9999999805537817,1.2053265907047384,8,2,970.825268060741,0.067734175419166,sub-12,1.9999999999999996,41
WRONG,1.0000000258124113,0.9999999805537817,0.9433088869144939,8,2,1461.706561013608,0.058133577965204665,sub-12,1.9999999999999996,41
POP,1.0000000174964006,0.0,0.0,4,2,inf,0.0,sub-14,0.0,42
MATCH,1.0000000174964006,0.9999999833585861,1.0666811710908528,8,2,3174.3783106913447,0.03966506972799127,sub-14,1.9999999999999998,42
WRONG,1.0000000174964006,0.9999999767736032,0.9818091231749132,8,2,5718.4147719113,0.033194843626722904,sub-14,1.9999999999999998,42
POP,1.0000000060961225,0.0,0.0,4,2,inf,0.0,sub-12,0.0,43
MATCH,1.000000018592823,0.9999999771156967,3.2512586131835004,8,2,73.84992116628716,0.19708001650142018,sub-12,2.0000000000000004,43
WRONG,1.0000000194148997,0.9999999902864378,1.8112574136878945,8,2,59.39881779666956,0.2330912676504252,sub-12,2.0000000000000004,43
POP,1.0000000233204223,0.0,0.0,4,2,inf,0.0,sub-11,0.0,44
MATCH,1.0000000233204223,0.9999999805537817,1.6526980448057722,8,2,1908.2915159588053,0.04561293396112131,sub-11,1.9999999999999993,44
WRONG,1.0000000233204223,0.9999999805537817,0.919045110137321,8,2,3939.763670881944,0.036162519892608845,sub-11,1.9999999999999996,44
POP,1.000000004354818,0.0,0.0,4,2,inf,0.0,sub-14,0.0,45
MATCH,1.0000000167569287,0.9999999964430838,0.7824076309332935,8,2,491.0053362399257,0.088158511039579,sub-14,1.9999999999999998,45
WRONG,1.000000004354818,0.9999999959405452,0.403108759276981,8,2,280.90704375045095,0.10335987560827202,sub-14,2.0000000000000004,45
POP,1.000000004354818,0.0,0.0,4,2,inf,0.0,sub-14,0.0,46
MATCH,1.0000000167569287,0.9999999964430838,0.7824076309332935,8,2,491.0053362399257,0.088158511039579,sub-14,1.9999999999999998,46
WRONG,1.0000000109385163,0.9999999954681511,1.9298580293964938,8,2,351.4364964935716,0.10766668055820187,sub-14,2.0,46
POP,1.0000000103215554,0.0,0.0,4,2,inf,0.0,sub-12,0.0,47
MATCH,1.0000000103215554,0.999999984896943,3.781184549304428,8,2,168.62536995895115,0.13249033828586726,sub-12,2.0000000000000004,47
WRONG,1.0000000103215554,0.9999999907105943,1.03946323939786,8,2,301.04445985353465,0.11065120067498756,sub-12,1.9999999999999996,47
POP,1.0000000174964006,0.0,0.0,4,2,inf,0.0,sub-14,0.0,48
MATCH,1.0000000174964006,0.9999999833585861,1.0666811710908528,8,2,3174.3783106913447,0.03966506972799127,sub-14,1.9999999999999998,48
WRONG,1.0000000174964006,0.9999999736165011,8.329149742710893,8,2,119736.465490477,0.007376108717924523,sub-14,2.0000000000000004,48
POP,1.0000000233204223,0.0,0.0,4,2,inf,0.0,sub-12,0.0,49
MATCH,1.0000000233204223,0.9999999805537817,1.2053265907047384,8,2,970.825268060741,0.067734175419166,sub-12,1.9999999999999996,49
WRONG,1.0000000258124113,0.9999999805537817,0.9433088869144939,8,2,1461.706561013608,0.058133577965204665,sub-12,1.9999999999999996,49
POP,1.0000000018204587,0.0,0.0,4,2,inf,0.0,sub-12,0.0,50
MATCH,1.000000011492889,0.9999999742684148,1.3345029467235623,8,2,164.78752918285767,0.13702488710067612,sub-12,1.9999999999999993,50
WRONG,1.0000000158515707,0.9999999742684148,1.1098382420981001,8,2,101.68512015798,0.17244394075893615,sub-12,2.0,50
POP,1.0000000060961225,0.0,0.0,4,2,inf,0.0,sub-12,0.0,51
MATCH,1.000000018592823,0.9999999771156967,3.2512586131835004,8,2,73.84992116628716,0.19708001650142018,sub-12,2.0000000000000004,51
WRONG,1.0000000060961225,0.9999999902864378,1.149171580566843,8,2,135.03816795899291,0.16478558935802334,sub-12,2.0000000000000004,51
POP,1.000000004354818,0.0,0.0,4,2,inf,0.0,sub-12,0.0,52
MATCH,1.0000000109385163,0.9999999954681511,1.9298580293964938,8,2,351.4364964935716,0.10766668055820187,sub-12,2.0,52
WRONG,1.0000000144829717,0.9999999905964804,0.6509340983727503,8,2,261.28282793401416,0.11551824871413804,sub-12,1.9999999999999991,52
POP,1.0000000060961225,0.0,0.0,4,2,inf,0.0,sub-14,0.0,53
MATCH,1.0000000122163495,0.9999999836548271,1.143152090630978,8,2,50.5256967969463,0.23631532333502864,sub-14,1.9999999999999998,53
WRONG,1.0000000060961225,0.999999973351001,1.352760038160029,8,2,101.75611527094372,0.17319563613222103,sub-14,1.9999999999999984,53
POP,1.0000000060961225,0.0,0.0,4,2,inf,0.0,sub-12,0.0,54
MATCH,1.000000018592823,0.9999999771156967,3.2512586131835004,8,2,73.84992116628716,0.19708001650142018,sub-12,2.0000000000000004,54
WRONG,1.0000000084246086,0.999999982496611,1.3367361159162414,8,2,167.30390537422923,0.13285489561948638,sub-12,2.0000000000000004,54
POP,1.0000000233204223,0.0,0.0,4,2,inf,0.0,sub-11,0.0,55
MATCH,1.0000000233204223,0.9999999805537817,1.6526980448057722,8,2,1908.2915159588053,0.04561293396112131,sub-11,1.9999999999999993,55
WRONG,1.0000000233204223,0.9999999649844805,0.8805437067225433,8,2,1591.5808946141867,0.053854397651432295,sub-11,1.9999999999999993,55
POP,1.0000000103215554,0.0,0.0,4,2,inf,0.0,sub-11,0.0,56
MATCH,1.0000000247425587,0.9999999841396281,1.6993317145925582,8,2,63.46204608298041,0.18441838610071798,sub-11,2.0000000000000004,56
WRONG,1.0000000103215554,0.99999999578828,0.6367724082800571,8,2,29.53828106495434,0.3104408479625611,sub-11,2.0,56
POP,1.0000000103215554,0.0,0.0,4,2,inf,0.0,sub-14,0.0,57
MATCH,1.0000000176591206,0.9999999988265396,2.2084575722708566,8,2,113.23601944805954,0.16305895215222477,sub-14,2.0,57
WRONG,1.0000000103215554,0.9999999988265396,0.6902557914331889,8,2,141.77418608563414,0.1531475206358362,sub-14,2.0000000000000004,57
POP,1.0000000060961225,0.0,0.0,4,2,inf,0.0,sub-14,0.0,58
MATCH,1.0000000122163495,0.9999999836548271,1.143152090630978,8,2,50.5256967969463,0.23631532333502864,sub-14,1.9999999999999998,58
WRONG,1.0000000084246086,0.999999982496611,1.3367361159162414,8,2,167.30390537422923,0.13285489561948638,sub-14,2.0000000000000004,58
POP,1.0000000174964006,0.0,0.0,4,2,inf,0.0,sub-14,0.0,59
MATCH,1.0000000174964006,0.9999999833585861,1.0666811710908528,8,2,3174.3783106913447,0.03966506972799127,sub-14,1.9999999999999998,59
WRONG,1.0000000174964006,0.9999999767736032,0.9818091231749132,8,2,5718.4147719113,0.033194843626722904,sub-14,1.9999999999999998,59
POP,1.0000000174964006,0.0,0.0,4,2,inf,0.0,sub-11,0.0,60
MATCH,1.0000000189520106,0.9999999897928592,1.462948463531971,8,2,894.6497446669198,0.06973045885269291,sub-11,1.9999999999999996,60
WRONG,1.0000000174964006,0.9999999781725377,0.9858314229571387,8,2,9677.816499664013,0.024137667703990413,sub-11,2.0000000000000013,60
POP,1.0000000060961225,0.0,0.0,4,2,inf,0.0,sub-14,0.0,61
MATCH,1.0000000122163495,0.9999999836548271,1.143152090630978,8,2,50.5256967969463,0.23631532333502864,sub-14,1.9999999999999998,61
WRONG,1.0000000060961225,0.9999999902864378,1.149171580566843,8,2,135.03816795899291,0.16478558935802334,sub-14,2.0000000000000004,61
POP,1.0000000018204587,0.0,0.0,4,2,inf,0.0,sub-11,0.0,62
MATCH,1.0000000051173579,0.9999999742684148,0.6742960061837499,8,2,234.41322478751627,0.12329989295669865,sub-11,2.0,62
WRONG,1.000000017431495,0.9999999742684148,0.6756203471712,8,2,240.01452563716333,0.12123212081972673,sub-11,2.0,62
POP,1.0000000103215554,0.0,0.0,4,2,inf,0.0,sub-11,0.0,63
MATCH,1.0000000247425587,0.9999999841396281,1.6993317145925582,8,2,63.46204608298041,0.18441838610071798,sub-11,2.0000000000000004,63
WRONG,1.000000017460474,0.9999999780103294,1.4830157135682143,8,2,346.1169489534504,0.09441760103481803,sub-11,2.000000000000001,63
POP,1.0000000233204223,0.0,0.0,4,2,inf,0.0,sub-11,0.0,64
MATCH,1.0000000233204223,0.9999999805537817,1.6526980448057722,8,2,1908.2915159588053,0.04561293396112131,sub-11,1.9999999999999993,64
WRONG,1.0000000233204223,0.9999999793355456,1.0410195103720374,8,2,852.8842516523283,0.07324293991647117,sub-11,2.000000000000001,64
POP,1.0000000103215554,0.0,0.0,4,2,inf,0.0,sub-14,0.0,65
MATCH,1.0000000176591206,0.9999999988265396,2.2084575722708566,8,2,113.23601944805954,0.16305895215222477,sub-14,2.0,65
WRONG,1.000000017460474,0.9999999780103294,1.4830157135682143,8,2,346.1169489534504,0.09441760103481803,sub-14,2.000000000000001,65
POP,1.0000000060961225,0.0,0.0,4,2,inf,0.0,sub-14,0.0,66
MATCH,1.0000000122163495,0.9999999836548271,1.143152090630978,8,2,50.5256967969463,0.23631532333502864,sub-14,1.9999999999999998,66
WRONG,1.0000000124236608,0.9999999902864378,1.4629330304996135,8,2,765.589714457537,0.06353492328660947,sub-14,1.9999999999999998,66
POP,1.0000000174964006,0.0,0.0,4,2,inf,0.0,sub-11,0.0,67
MATCH,1.0000000189520106,0.9999999897928592,1.462948463531971,8,2,894.6497446669198,0.06973045885269291,sub-11,1.9999999999999996,67
WRONG,1.0000000215926634,0.9999999879705377,1.0201685592663101,8,2,4729.305350942559,0.03599033470781696,sub-11,1.9999999999999996,67
POP,1.0000000233204223,0.0,0.0,4,2,inf,0.0,sub-14,0.0,68
MATCH,1.0000000258124113,0.9999999805537817,0.9433088869144939,8,2,1461.706561013608,0.058133577965204665,sub-14,1.9999999999999996,68
WRONG,1.0000000233204223,0.9999999805537817,0.919045110137321,8,2,3939.763670881944,0.036162519892608845,sub-14,1.9999999999999996,68
POP,1.0000000060961225,0.0,0.0,4,2,inf,0.0,sub-12,0.0,69
MATCH,1.000000018592823,0.9999999771156967,3.2512586131835004,8,2,73.84992116628716,0.19708001650142018,sub-12,2.0000000000000004,69
WRONG,1.0000000060961225,0.9999999902864378,1.149171580566843,8,2,135.03816795899291,0.16478558935802334,sub-12,2.0000000000000004,69
POP,1.000000004354818,0.0,0.0,4,2,inf,0.0,sub-11,0.0,70
MATCH,1.000000018068623,0.9999999964430838,0.41957722187473556,8,2,161.28745659639577,0.1480847531323249,sub-11,2.0,70
WRONG,1.000000004424508,0.9999999964430838,0.580767230267267,8,2,291.8109316383232,0.10279239726666482,sub-11,1.9999999999999993,70
POP,1.0000000018204587,0.0,0.0,4,2,inf,0.0,sub-14,0.0,71
MATCH,1.0000000158515707,0.9999999742684148,1.1098382420981001,8,2,101.68512015798,0.17244394075893615,sub-14,2.0,71
WRONG,1.0000000190947966,0.9999999742684148,0.6985499066726801,8,2,251.58392721904494,0.11919546104556371,sub-14,2.0000000000000004,71
POP,1.000000004354818,0.0,0.0,4,2,inf,0.0,sub-11,0.0,72
MATCH,1.000000018068623,0.9999999964430838,0.41957722187473556,8,2,161.28745659639577,0.1480847531323249,sub-11,2.0,72
WRONG,1.000000004354818,0.9999999896402961,0.6371506602482898,8,2,258.2393093792754,0.12048543029016358,sub-11,2.0000000000000004,72
POP,1.0000000174964006,0.0,0.0,4,2,inf,0.0,sub-11,0.0,73
MATCH,1.0000000189520106,0.9999999897928592,1.462948463531971,8,2,894.6497446669198,0.06973045885269291,sub-11,1.9999999999999996,73
WRONG,1.0000000174964006,0.9999999819313377,1.3666816700603495,8,2,11840.877214493921,0.022622511167450142,sub-11,2.0000000000000004,73
POP,1.0000000233204223,0.0,0.0,4,2,inf,0.0,sub-11,0.0,74
MATCH,1.0000000233204223,0.9999999805537817,1.6526980448057722,8,2,1908.2915159588053,0.04561293396112131,sub-11,1.9999999999999993,74
WRONG,1.0000000233204223,0.9999999805537817,0.9618419300482565,8,2,951.3568947704009,0.0707559569764008,sub-11,2.0,74
POP,1.0000000233204223,0.0,0.0,4,2,inf,0.0,sub-11,0.0,75
MATCH,1.0000000233204223,0.9999999805537817,1.6526980448057722,8,2,1908.2915159588053,0.04561293396112131,sub-11,1.9999999999999993,75
WRONG,1.0000000233204223,0.9999999793355456,1.0410195103720374,8,2,852.8842516523283,0.07324293991647117,sub-11,2.000000000000001,75
POP,1.0000000018204587,0.0,0.0,4,2,inf,0.0,sub-11,0.0,76
MATCH,1.0000000051173579,0.9999999742684148,0.6742960061837499,8,2,234.41322478751627,0.12329989295669865,sub-11,2.0,76
WRONG,1.0000000158515707,0.9999999742684148,1.1098382420981001,8,2,101.68512015798,0.17244394075893615,sub-11,2.0,76
POP,1.0000000174964006,0.0,0.0,4,2,inf,0.0,sub-12,0.0,77
MATCH,1.0000000174964006,0.9999999897928592,1.010512315687331,8,2,2085.471373163927,0.048327451740504464,sub-12,1.9999999999999996,77
WRONG,1.0000000243905645,0.9999999859787851,0.9838746246686981,8,2,11911.822909623825,0.022159465300408195,sub-12,2.0,77
POP,1.0000000103215554,0.0,0.0,4,2,inf,0.0,sub-11,0.0,78
MATCH,1.0000000247425587,0.9999999841396281,1.6993317145925582,8,2,63.46204608298041,0.18441838610071798,sub-11,2.0000000000000004,78
WRONG,1.0000000103215554,0.9999999877869518,1.4212303274008147,8,2,352.38266993894126,0.08910225981226615,sub-11,1.9999999999999993,78
POP,1.0000000233204223,0.0,0.0,4,2,inf,0.0,sub-12,0.0,79
MATCH,1.0000000233204223,0.9999999805537817,1.2053265907047384,8,2,970.825268060741,0.067734175419166,sub-12,1.9999999999999996,79
WRONG,1.0000000233204223,0.9999999805537817,1.6526980448057722,8,2,1908.2915159588053,0.04561293396112131,sub-12,1.9999999999999993,79
POP,1.0000000060961225,0.0,0.0,4,2,inf,0.0,sub-12,0.0,80
MATCH,1.000000018592823,0.9999999771156967,3.2512586131835004,8,2,73.84992116628716,0.19708001650142018,sub-12,2.0000000000000004,80
WRONG,1.0000000124236608,0.9999999902864378,1.4629330304996135,8,2,765.589714457537,0.06353492328660947,sub-12,1.9999999999999998,80
POP,1.0000000174964006,0.0,0.0,4,2,inf,0.0,sub-14,0.0,81
MATCH,1.0000000174964006,0.9999999833585861,1.0666811710908528,8,2,3174.3783106913447,0.03966506972799127,sub-14,1.9999999999999998,81
WRONG,1.0000000174964006,0.9999999897928592,1.1282276088759728,8,2,5383.869172197686,0.03384455550455056,sub-14,1.9999999999999996,81
POP,1.0000000060961225,0.0,0.0,4,2,inf,0.0,sub-11,0.0,82
MATCH,1.0000000194148997,0.9999999902864378,1.8112574136878945,8,2,59.39881779666956,0.2330912676504252,sub-11,2.0000000000000004,82
WRONG,1.0000000247828456,0.9999999856415209,0.8795773473525674,8,2,1286.744009330767,0.05387195574594787,sub-11,2.0,82
POP,1.0000000103215554,0.0,0.0,4,2,inf,0.0,sub-14,0.0,83
MATCH,1.0000000176591206,0.9999999988265396,2.2084575722708566,8,2,113.23601944805954,0.16305895215222477,sub-14,2.0,83
WRONG,1.0000000103215554,0.9999999938734473,1.3386146824092569,8,2,82.59377889188036,0.20504574699759756,sub-14,2.000000000000001,83
POP,1.0000000233204223,0.0,0.0,4,2,inf,0.0,sub-11,0.0,84
MATCH,1.0000000233204223,0.9999999805537817,1.6526980448057722,8,2,1908.2915159588053,0.04561293396112131,sub-11,1.9999999999999993,84
WRONG,1.0000000247058096,0.9999999805537817,0.972424222874299,8,2,2875.545933643535,0.038475837099546134,sub-11,1.9999999999999998,84
POP,1.0000000060961225,0.0,0.0,4,2,inf,0.0,sub-11,0.0,85
MATCH,1.0000000194148997,0.9999999902864378,1.8112574136878945,8,2,59.39881779666956,0.2330912676504252,sub-11,2.0000000000000004,85
WRONG,1.0000000060961225,0.9999999902864378,1.149171580566843,8,2,135.03816795899291,0.16478558935802334,sub-11,2.0000000000000004,85
POP,1.000000004354818,0.0,0.0,4,2,inf,0.0,sub-14,0.0,86
MATCH,1.0000000167569287,0.9999999964430838,0.7824076309332935,8,2,491.0053362399257,0.088158511039579,sub-14,1.9999999999999998,86
WRONG,1.000000018068623,0.9999999964430838,0.41957722187473556,8,2,161.28745659639577,0.1480847531323249,sub-14,2.0,86
POP,1.0000000018204587,0.0,0.0,4,2,inf,0.0,sub-14,0.0,87
MATCH,1.0000000158515707,0.9999999742684148,1.1098382420981001,8,2,101.68512015798,0.17244394075893615,sub-14,2.0,87
WRONG,1.0000000018204587,0.9999999742684148,0.633848716283112,8,2,83.33837571758468,0.21105276222688762,sub-14,1.9999999999999991,87
POP,1.000000004354818,0.0,0.0,4,2,inf,0.0,sub-14,0.0,88
MATCH,1.0000000167569287,0.9999999964430838,0.7824076309332935,8,2,491.0053362399257,0.088158511039579,sub-14,1.9999999999999998,88
WRONG,1.0000000109385163,0.9999999954681511,1.9298580293964938,8,2,351.4364964935716,0.10766668055820187,sub-14,2.0,88
POP,1.000000004354818,0.0,0.0,4,2,inf,0.0,sub-12,0.0,89
MATCH,1.0000000109385163,0.9999999954681511,1.9298580293964938,8,2,351.4364964935716,0.10766668055820187,sub-12,2.0,89
WRONG,1.000000018068623,0.9999999964430838,0.41957722187473556,8,2,161.28745659639577,0.1480847531323249,sub-12,2.0,89
POP,1.0000000060961225,0.0,0.0,4,2,inf,0.0,sub-12,0.0,90
MATCH,1.000000018592823,0.9999999771156967,3.2512586131835004,8,2,73.84992116628716,0.19708001650142018,sub-12,2.0000000000000004,90
WRONG,1.0000000284058692,0.9999999902864378,0.9702742971817989,8,2,54.656913351992685,0.23420935904876664,sub-12,2.0,90
POP,1.0000000018204587,0.0,0.0,4,2,inf,0.0,sub-11,0.0,91
MATCH,1.0000000051173579,0.9999999742684148,0.6742960061837499,8,2,234.41322478751627,0.12329989295669865,sub-11,2.0,91
WRONG,1.0000000018204587,0.9999999742684148,0.6199474515567622,8,2,226.90162967851035,0.12737792810122248,sub-11,2.0,91
POP,1.000000004354818,0.0,0.0,4,2,inf,0.0,sub-11,0.0,92
MATCH,1.000000018068623,0.9999999964430838,0.41957722187473556,8,2,161.28745659639577,0.1480847531323249,sub-11,2.0,92
WRONG,1.000000004354818,0.9999999858450551,0.6064116779926466,8,2,239.76646178259222,0.11742019221157786,sub-11,2.000000000000001,92
POP,1.0000000233204223,0.0,0.0,4,2,inf,0.0,sub-11,0.0,93
MATCH,1.0000000233204223,0.9999999805537817,1.6526980448057722,8,2,1908.2915159588053,0.04561293396112131,sub-11,1.9999999999999993,93
WRONG,1.0000000247058096,0.9999999805537817,0.972424222874299,8,2,2875.545933643535,0.038475837099546134,sub-11,1.9999999999999998,93
POP,1.000000004354818,0.0,0.0,4,2,inf,0.0,sub-12,0.0,94
MATCH,1.0000000109385163,0.9999999954681511,1.9298580293964938,8,2,351.4364964935716,0.10766668055820187,sub-12,2.0,94
WRONG,1.000000004354818,0.9999999858450551,0.6064116779926466,8,2,239.76646178259222,0.11742019221157786,sub-12,2.000000000000001,94
POP,1.0000000103215554,0.0,0.0,4,2,inf,0.0,sub-14,0.0,95
MATCH,1.0000000176591206,0.9999999988265396,2.2084575722708566,8,2,113.23601944805954,0.16305895215222477,sub-14,2.0,95
WRONG,1.0000000103215554,0.99999999578828,0.6367724082800571,8,2,29.53828106495434,0.3104408479625611,sub-14,2.0,95
POP,1.0000000018204587,0.0,0.0,4,2,inf,0.0,sub-11,0.0,96
MATCH,1.0000000051173579,0.9999999742684148,0.6742960061837499,8,2,234.41322478751627,0.12329989295669865,sub-11,2.0,96
WRONG,1.0000000190947966,0.9999999742684148,0.6985499066726801,8,2,251.58392721904494,0.11919546104556371,sub-11,2.0000000000000004,96
POP,1.0000000103215554,0.0,0.0,4,2,inf,0.0,sub-14,0.0,97
MATCH,1.0000000176591206,0.9999999988265396,2.2084575722708566,8,2,113.23601944805954,0.16305895215222477,sub-14,2.0,97
WRONG,1.0000000103215554,0.9999999938734473,1.3386146824092569,8,2,82.59377889188036,0.20504574699759756,sub-14,2.000000000000001,97
POP,1.0000000060961225,0.0,0.0,4,2,inf,0.0,sub-11,0.0,98
MATCH,1.0000000194148997,0.9999999902864378,1.8112574136878945,8,2,59.39881779666956,0.2330912676504252,sub-11,2.0000000000000004,98
WRONG,1.0000000060961225,0.999999973351001,1.352760038160029,8,2,101.75611527094372,0.17319563613222103,sub-11,1.9999999999999984,98
POP,1.0000000233204223,0.0,0.0,4,2,inf,0.0,sub-11,0.0,99
MATCH,1.0000000233204223,0.9999999805537817,1.6526980448057722,8,2,1908.2915159588053,0.04561293396112131,sub-11,1.9999999999999993,99
WRONG,1.0000000276691068,0.9999999805537817,0.9054825836549286,8,2,2103.0712118789775,0.048538091218847224,sub-11,1.9999999999999996,99
POP,1.0000000103215554,0.0,0.0,4,2,inf,0.0,sub-12,0.0,100
MATCH,1.0000000103215554,0.999999984896943,3.781184549304428,8,2,168.62536995895115,0.13249033828586726,sub-12,2.0000000000000004,100
WRONG,1.0000000111326555,0.9999999914230503,1.7461603604783573,8,2,134.71883857211355,0.16039589896863043,sub-12,2.0000000000000004,100
POP,1.0000000060961225,0.0,0.0,4,2,inf,0.0,sub-14,0.0,101
MATCH,1.0000000122163495,0.9999999836548271,1.143152090630978,8,2,50.5256967969463,0.23631532333502864,sub-14,1.9999999999999998,101
WRONG,1.0000000060961225,0.999999973351001,1.352760038160029,8,2,101.75611527094372,0.17319563613222103,sub-14,1.9999999999999984,101
POP,1.0000000233204223,0.0,0.0,4,2,inf,0.0,sub-12,0.0,102
MATCH,1.0000000233204223,0.9999999805537817,1.2053265907047384,8,2,970.825268060741,0.067734175419166,sub-12,1.9999999999999996,102
WRONG,1.0000000233204223,0.9999999793268107,0.8979858307400537,8,2,1720.5049244506374,0.054612524771619,sub-12,1.9999999999999998,102
POP,1.0000000060961225,0.0,0.0,4,2,inf,0.0,sub-14,0.0,103
MATCH,1.0000000122163495,0.9999999836548271,1.143152090630978,8,2,50.5256967969463,0.23631532333502864,sub-14,1.9999999999999998,103
WRONG,1.0000000284058692,0.9999999902864378,0.9702742971817989,8,2,54.656913351992685,0.23420935904876664,sub-14,2.0,103
POP,1.0000000018204587,0.0,0.0,4,2,inf,0.0,sub-14,0.0,104
MATCH,1.0000000158515707,0.9999999742684148,1.1098382420981001,8,2,101.68512015798,0.17244394075893615,sub-14,2.0,104
WRONG,1.0000000018204587,0.9999999742684148,0.633848716283112,8,2,83.33837571758468,0.21105276222688762,sub-14,1.9999999999999991,104
POP,1.0000000233204223,0.0,0.0,4,2,inf,0.0,sub-14,0.0,105
MATCH,1.0000000258124113,0.9999999805537817,0.9433088869144939,8,2,1461.706561013608,0.058133577965204665,sub-14,1.9999999999999996,105
WRONG,1.0000000233204223,0.9999999805537817,0.9618419300482565,8,2,951.3568947704009,0.0707559569764008,sub-14,2.0,105
POP,1.0000000174964006,0.0,0.0,4,2,inf,0.0,sub-11,0.0,106
MATCH,1.0000000189520106,0.9999999897928592,1.462948463531971,8,2,894.6497446669198,0.06973045885269291,sub-11,1.9999999999999996,106
WRONG,1.0000000174964006,0.9999999897928592,1.1282276088759728,8,2,5383.869172197686,0.03384455550455056,sub-11,1.9999999999999996,106
POP,1.0000000060961225,0.0,0.0,4,2,inf,0.0,sub-14,0.0,107
MATCH,1.0000000122163495,0.9999999836548271,1.143152090630978,8,2,50.5256967969463,0.23631532333502864,sub-14,1.9999999999999998,107
WRONG,1.0000000232481534,0.9999999902864378,1.5289136096576255,8,2,1381.0103827886687,0.0566526119397476,sub-14,2.000000000000001,107
POP,1.0000000018204587,0.0,0.0,4,2,inf,0.0,sub-11,0.0,108
MATCH,1.0000000051173579,0.9999999742684148,0.6742960061837499,8,2,234.41322478751627,0.12329989295669865,sub-11,2.0,108
WRONG,1.0000000187150149,0.9999999742684148,2.4306365024845933,8,2,2129.285909697887,0.04807725471070611,sub-11,1.9999999999999993,108
POP,1.0000000103215554,0.0,0.0,4,2,inf,0.0,sub-11,0.0,109
MATCH,1.0000000247425587,0.9999999841396281,1.6993317145925582,8,2,63.46204608298041,0.18441838610071798,sub-11,2.0000000000000004,109
WRONG,1.000000010991176,0.9999999864291944,2.2096434489364136,8,2,237.8418748445868,0.12100664668850673,sub-11,2.0,109
POP,1.000000004354818,0.0,0.0,4,2,inf,0.0,sub-14,0.0,110
MATCH,1.0000000167569287,0.9999999964430838,0.7824076309332935,8,2,491.0053362399257,0.088158511039579,sub-14,1.9999999999999998,110
WRONG,1.0000000044129798,0.9999999844041719,0.8967228663442623,8,2,500.42003319350914,0.08298060704129058,sub-14,1.9999999999999996,110
POP,1.0000000060961225,0.0,0.0,4,2,inf,0.0,sub-11,0.0,111
MATCH,1.0000000194148997,0.9999999902864378,1.8112574136878945,8,2,59.39881779666956,0.2330912676504252,sub-11,2.0000000000000004,111
WRONG,1.0000000227730244,0.9999999765020712,6.159076913944802,8,2,3040.542912517989,0.036929340258347806,sub-11,1.9999999999999991,111
POP,1.0000000174964006,0.0,0.0,4,2,inf,0.0,sub-14,0.0,112
MATCH,1.0000000174964006,0.9999999833585861,1.0666811710908528,8,2,3174.3783106913447,0.03966506972799127,sub-14,1.9999999999999998,112
WRONG,1.0000000174964006,0.9999999819313377,1.3666816700603495,8,2,11840.877214493921,0.022622511167450142,sub-14,2.0000000000000004,112
POP,1.000000004354818,0.0,0.0,4,2,inf,0.0,sub-14,0.0,113
MATCH,1.0000000167569287,0.9999999964430838,0.7824076309332935,8,2,491.0053362399257,0.088158511039579,sub-14,1.9999999999999998,113
WRONG,1.000000004354818,0.9999999934402659,0.5152563082741416,8,2,253.18834101559264,0.11520913803293409,sub-14,2.0,113
POP,1.000000004354818,0.0,0.0,4,2,inf,0.0,sub-12,0.0,114
MATCH,1.0000000109385163,0.9999999954681511,1.9298580293964938,8,2,351.4364964935716,0.10766668055820187,sub-12,2.0,114
WRONG,1.000000018068623,0.9999999964430838,0.41957722187473556,8,2,161.28745659639577,0.1480847531323249,sub-12,2.0,114
POP,1.0000000060961225,0.0,0.0,4,2,inf,0.0,sub-14,0.0,115
MATCH,1.0000000122163495,0.9999999836548271,1.143152090630978,8,2,50.5256967969463,0.23631532333502864,sub-14,1.9999999999999998,115
WRONG,1.0000000123688555,0.9999999715629238,1.0261794086673417,8,2,41.407451437038404,0.26790042322872004,sub-14,2.0,115
POP,1.0000000233204223,0.0,0.0,4,2,inf,0.0,sub-14,0.0,116
MATCH,1.0000000258124113,0.9999999805537817,0.9433088869144939,8,2,1461.706561013608,0.058133577965204665,sub-14,1.9999999999999996,116
WRONG,1.0000000233204223,0.9999999767847761,0.9278145365020578,8,2,4656.545967063095,0.032374597748140194,sub-14,2.0000000000000004,116
POP,1.0000000060961225,0.0,0.0,4,2,inf,0.0,sub-11,0.0,117
MATCH,1.0000000194148997,0.9999999902864378,1.8112574136878945,8,2,59.39881779666956,0.2330912676504252,sub-11,2.0000000000000004,117
WRONG,1.0000000084246086,0.999999982496611,1.3367361159162414,8,2,167.30390537422923,0.13285489561948638,sub-11,2.0000000000000004,117
POP,1.0000000018204587,0.0,0.0,4,2,inf,0.0,sub-12,0.0,118
MATCH,1.000000011492889,0.9999999742684148,1.3345029467235623,8,2,164.78752918285767,0.13702488710067612,sub-12,1.9999999999999993,118
WRONG,1.000000020884034,0.9999999742684148,0.9426519161644451,8,2,213.80969501478253,0.12894399072974597,sub-12,2.0000000000000004,118
POP,1.000000004354818,0.0,0.0,4,2,inf,0.0,sub-11,0.0,119
MATCH,1.000000018068623,0.9999999964430838,0.41957722187473556,8,2,161.28745659639577,0.1480847531323249,sub-11,2.0,119
WRONG,1.0000000109385163,0.9999999954681511,1.9298580293964938,8,2,351.4364964935716,0.10766668055820187,sub-11,2.0,119
POP,1.0000000103215554,0.0,0.0,4,2,inf,0.0,sub-12,0.0,120
MATCH,1.0000000103215554,0.999999984896943,3.781184549304428,8,2,168.62536995895115,0.13249033828586726,sub-12,2.0000000000000004,120
WRONG,1.0000000103215554,0.9999999938734473,1.3386146824092569,8,2,82.59377889188036,0.20504574699759756,sub-12,2.000000000000001,120
POP,1.000000004354818,0.0,0.0,4,2,inf,0.0,sub-12,0.0,121
MATCH,1.0000000109385163,0.9999999954681511,1.9298580293964938,8,2,351.4364964935716,0.10766668055820187,sub-12,2.0,121
WRONG,1.0000000078512228,0.9999999964430838,0.7875126271971018,8,2,278.3331127374646,0.13314931913229552,sub-12,2.0,121
POP,1.0000000103215554,0.0,0.0,4,2,inf,0.0,sub-14,0.0,122
MATCH,1.0000000176591206,0.9999999988265396,2.2084575722708566,8,2,113.23601944805954,0.16305895215222477,sub-14,2.0,122
WRONG,1.0000000103215554,0.99999999578828,0.6367724082800571,8,2,29.53828106495434,0.3104408479625611,sub-14,2.0,122
POP,1.0000000103215554,0.0,0.0,4,2,inf,0.0,sub-12,0.0,123
MATCH,1.0000000103215554,0.999999984896943,3.781184549304428,8,2,168.62536995895115,0.13249033828586726,sub-12,2.0000000000000004,123
WRONG,1.000000017460474,0.9999999780103294,1.4830157135682143,8,2,346.1169489534504,0.09441760103481803,sub-12,2.000000000000001,123
POP,1.0000000103215554,0.0,0.0,4,2,inf,0.0,sub-12,0.0,124
MATCH,1.0000000103215554,0.999999984896943,3.781184549304428,8,2,168.62536995895115,0.13249033828586726,sub-12,2.0000000000000004,124
WRONG,1.0000000103215554,0.9999999877869518,1.4212303274008147,8,2,352.38266993894126,0.08910225981226615,sub-12,1.9999999999999993,124
POP,1.0000000174964006,0.0,0.0,4,2,inf,0.0,sub-14,0.0,125
MATCH,1.0000000174964006,0.9999999833585861,1.0666811710908528,8,2,3174.3783106913447,0.03966506972799127,sub-14,1.9999999999999998,125
WRONG,1.0000000189520106,0.9999999897928592,1.462948463531971,8,2,894.6497446669198,0.06973045885269291,sub-14,1.9999999999999996,125
POP,1.0000000174964006,0.0,0.0,4,2,inf,0.0,sub-11,0.0,126
MATCH,1.0000000189520106,0.9999999897928592,1.462948463531971,8,2,894.6497446669198,0.06973045885269291,sub-11,1.9999999999999996,126
WRONG,1.0000000174964006,0.9999999781725377,0.9858314229571387,8,2,9677.816499664013,0.024137667703990413,sub-11,2.0000000000000013,126
POP,1.0000000233204223,0.0,0.0,4,2,inf,0.0,sub-14,0.0,127
MATCH,1.0000000258124113,0.9999999805537817,0.9433088869144939,8,2,1461.706561013608,0.058133577965204665,sub-14,1.9999999999999996,127
WRONG,1.0000000276691068,0.9999999805537817,0.9054825836549286,8,2,2103.0712118789775,0.048538091218847224,sub-14,1.9999999999999996,127
POP,1.0000000103215554,0.0,0.0,4,2,inf,0.0,sub-11,0.0,128
MATCH,1.0000000247425587,0.9999999841396281,1.6993317145925582,8,2,63.46204608298041,0.18441838610071798,sub-11,2.0000000000000004,128
WRONG,1.0000000103215554,0.9999999877869518,1.4212303274008147,8,2,352.38266993894126,0.08910225981226615,sub-11,1.9999999999999993,128
POP,1.0000000233204223,0.0,0.0,4,2,inf,0.0,sub-14,0.0,129
MATCH,1.0000000258124113,0.9999999805537817,0.9433088869144939,8,2,1461.706561013608,0.058133577965204665,sub-14,1.9999999999999996,129
WRONG,1.0000000233204223,0.9999999805537817,1.6526980448057722,8,2,1908.2915159588053,0.04561293396112131,sub-14,1.9999999999999993,129
POP,1.000000004354818,0.0,0.0,4,2,inf,0.0,sub-14,0.0,130
MATCH,1.0000000167569287,0.9999999964430838,0.7824076309332935,8,2,491.0053362399257,0.088158511039579,sub-14,1.9999999999999998,130
WRONG,1.0000000109385163,0.9999999954681511,1.9298580293964938,8,2,351.4364964935716,0.10766668055820187,sub-14,2.0,130
POP,1.0000000174964006,0.0,0.0,4,2,inf,0.0,sub-12,0.0,131
MATCH,1.0000000174964006,0.9999999897928592,1.010512315687331,8,2,2085.471373163927,0.048327451740504464,sub-12,1.9999999999999996,131
WRONG,1.0000000174964006,0.9999999897928592,1.1282276088759728,8,2,5383.869172197686,0.03384455550455056,sub-12,1.9999999999999996,131
POP,1.0000000018204587,0.0,0.0,4,2,inf,0.0,sub-11,0.0,132
MATCH,1.0000000051173579,0.9999999742684148,0.6742960061837499,8,2,234.41322478751627,0.12329989295669865,sub-11,2.0,132
WRONG,1.0000000190947966,0.9999999742684148,0.6985499066726801,8,2,251.58392721904494,0.11919546104556371,sub-11,2.0000000000000004,132
POP,1.0000000018204587,0.0,0.0,4,2,inf,0.0,sub-11,0.0,133
MATCH,1.0000000051173579,0.9999999742684148,0.6742960061837499,8,2,234.41322478751627,0.12329989295669865,sub-11,2.0,133
WRONG,1.0000000190947966,0.9999999742684148,0.6985499066726801,8,2,251.58392721904494,0.11919546104556371,sub-11,2.0000000000000004,133
POP,1.0000000060961225,0.0,0.0,4,2,inf,0.0,sub-14,0.0,134
MATCH,1.0000000122163495,0.9999999836548271,1.143152090630978,8,2,50.5256967969463,0.23631532333502864,sub-14,1.9999999999999998,134
WRONG,1.000000018592823,0.9999999771156967,3.2512586131835004,8,2,73.84992116628716,0.19708001650142018,sub-14,2.0000000000000004,134
POP,1.000000004354818,0.0,0.0,4,2,inf,0.0,sub-14,0.0,135
MATCH,1.0000000167569287,0.9999999964430838,0.7824076309332935,8,2,491.0053362399257,0.088158511039579,sub-14,1.9999999999999998,135
WRONG,1.0000000044129798,0.9999999844041719,0.8967228663442623,8,2,500.42003319350914,0.08298060704129058,sub-14,1.9999999999999996,135
POP,1.0000000018204587,0.0,0.0,4,2,inf,0.0,sub-12,0.0,136
MATCH,1.000000011492889,0.9999999742684148,1.3345029467235623,8,2,164.78752918285767,0.13702488710067612,sub-12,1.9999999999999993,136
WRONG,1.000000020884034,0.9999999742684148,0.9426519161644451,8,2,213.80969501478253,0.12894399072974597,sub-12,2.0000000000000004,136
POP,1.0000000103215554,0.0,0.0,4,2,inf,0.0,sub-14,0.0,137
MATCH,1.0000000176591206,0.9999999988265396,2.2084575722708566,8,2,113.23601944805954,0.16305895215222477,sub-14,2.0,137
WRONG,1.0000000103215554,0.9999999938734473,1.3386146824092569,8,2,82.59377889188036,0.20504574699759756,sub-14,2.000000000000001,137
POP,1.0000000018204587,0.0,0.0,4,2,inf,0.0,sub-14,0.0,138
MATCH,1.0000000158515707,0.9999999742684148,1.1098382420981001,8,2,101.68512015798,0.17244394075893615,sub-14,2.0,138
WRONG,1.000000017431495,0.9999999742684148,0.6756203471712,8,2,240.01452563716333,0.12123212081972673,sub-14,2.0,138
POP,1.0000000018204587,0.0,0.0,4,2,inf,0.0,sub-11,0.0,139
MATCH,1.0000000051173579,0.9999999742684148,0.6742960061837499,8,2,234.41322478751627,0.12329989295669865,sub-11,2.0,139
WRONG,1.0000000187150149,0.9999999742684148,2.4306365024845933,8,2,2129.285909697887,0.04807725471070611,sub-11,1.9999999999999993,139
POP,1.0000000103215554,0.0,0.0,4,2,inf,0.0,sub-11,0.0,140
MATCH,1.0000000247425587,0.9999999841396281,1.6993317145925582,8,2,63.46204608298041,0.18441838610071798,sub-11,2.0000000000000004,140
WRONG,1.000000017460474,0.9999999780103294,1.4830157135682143,8,2,346.1169489534504,0.09441760103481803,sub-11,2.000000000000001,140
POP,1.0000000233204223,0.0,0.0,4,2,inf,0.0,sub-14,0.0,141
MATCH,1.0000000258124113,0.9999999805537817,0.9433088869144939,8,2,1461.706561013608,0.058133577965204665,sub-14,1.9999999999999996,141
WRONG,1.0000000233204223,0.9999999805537817,1.2053265907047384,8,2,970.825268060741,0.067734175419166,sub-14,1.9999999999999996,141
POP,1.000000004354818,0.0,0.0,4,2,inf,0.0,sub-14,0.0,142
MATCH,1.0000000167569287,0.9999999964430838,0.7824076309332935,8,2,491.0053362399257,0.088158511039579,sub-14,1.9999999999999998,142
WRONG,1.0000000109385163,0.9999999954681511,1.9298580293964938,8,2,351.4364964935716,0.10766668055820187,sub-14,2.0,142
POP,1.0000000060961225,0.0,0.0,4,2,inf,0.0,sub-14,0.0,143
MATCH,1.0000000122163495,0.9999999836548271,1.143152090630978,8,2,50.5256967969463,0.23631532333502864,sub-14,1.9999999999999998,143
WRONG,1.0000000232481534,0.9999999902864378,1.5289136096576255,8,2,1381.0103827886687,0.0566526119397476,sub-14,2.000000000000001,143
POP,1.0000000018204587,0.0,0.0,4,2,inf,0.0,sub-14,0.0,144
MATCH,1.0000000158515707,0.9999999742684148,1.1098382420981001,8,2,101.68512015798,0.17244394075893615,sub-14,2.0,144
WRONG,1.0000000092401675,0.9999999742684148,0.7751428811066953,8,2,326.73441520730046,0.09877880618186244,sub-14,1.9999999999999996,144
POP,1.0000000174964006,0.0,0.0,4,2,inf,0.0,sub-14,0.0,145
MATCH,1.0000000174964006,0.9999999833585861,1.0666811710908528,8,2,3174.3783106913447,0.03966506972799127,sub-14,1.9999999999999998,145
WRONG,1.0000000174964006,0.9999999819313377,1.3666816700603495,8,2,11840.877214493921,0.022622511167450142,sub-14,2.0000000000000004,145
POP,1.0000000103215554,0.0,0.0,4,2,inf,0.0,sub-12,0.0,146
MATCH,1.0000000103215554,0.999999984896943,3.781184549304428,8,2,168.62536995895115,0.13249033828586726,sub-12,2.0000000000000004,146
WRONG,1.0000000103215554,0.9999999938734473,1.3386146824092569,8,2,82.59377889188036,0.20504574699759756,sub-12,2.000000000000001,146
POP,1.000000004354818,0.0,0.0,4,2,inf,0.0,sub-11,0.0,147
MATCH,1.000000018068623,0.9999999964430838,0.41957722187473556,8,2,161.28745659639577,0.1480847531323249,sub-11,2.0,147
WRONG,1.000000004354818,0.9999999959405452,0.403108759276981,8,2,280.90704375045095,0.10335987560827202,sub-11,2.0000000000000004,147
POP,1.0000000103215554,0.0,0.0,4,2,inf,0.0,sub-11,0.0,148
MATCH,1.0000000247425587,0.9999999841396281,1.6993317145925582,8,2,63.46204608298041,0.18441838610071798,sub-11,2.0000000000000004,148
WRONG,1.0000000103215554,0.9999999988265396,0.6902557914331889,8,2,141.77418608563414,0.1531475206358362,sub-11,2.0000000000000004,148
POP,1.0000000103215554,0.0,0.0,4,2,inf,0.0,sub-14,0.0,149
MATCH,1.0000000176591206,0.9999999988265396,2.2084575722708566,8,2,113.23601944805954,0.16305895215222477,sub-14,2.0,149
WRONG,1.0000000111326555,0.9999999914230503,1.7461603604783573,8,2,134.71883857211355,0.16039589896863043,sub-14,2.0000000000000004,149
POP,1.0000000233204223,0.0,0.0,4,2,inf,0.0,sub-11,0.0,150
MATCH,1.0000000233204223,0.9999999805537817,1.6526980448057722,8,2,1908.2915159588053,0.04561293396112131,sub-11,1.9999999999999993,150
WRONG,1.0000000233204223,0.9999999793355456,1.0410195103720374,8,2,852.8842516523283,0.07324293991647117,sub-11,2.000000000000001,150
POP,1.0000000060961225,0.0,0.0,4,2,inf,0.0,sub-14,0.0,151
MATCH,1.0000000122163495,0.9999999836548271,1.143152090630978,8,2,50.5256967969463,0.23631532333502864,sub-14,1.9999999999999998,151
WRONG,1.0000000060961225,0.9999999902864378,1.149171580566843,8,2,135.03816795899291,0.16478558935802334,sub-14,2.0000000000000004,151
POP,1.0000000233204223,0.0,0.0,4,2,inf,0.0,sub-12,0.0,152
MATCH,1.0000000233204223,0.9999999805537817,1.2053265907047384,8,2,970.825268060741,0.067734175419166,sub-12,1.9999999999999996,152
WRONG,1.0000000276691068,0.9999999805537817,0.9054825836549286,8,2,2103.0712118789775,0.048538091218847224,sub-12,1.9999999999999996,152
POP,1.0000000018204587,0.0,0.0,4,2,inf,0.0,sub-11,0.0,153
MATCH,1.0000000051173579,0.9999999742684148,0.6742960061837499,8,2,234.41322478751627,0.12329989295669865,sub-11,2.0,153
WRONG,1.0000000178125878,0.9999999742684148,0.5830557965164241,8,2,239.57730691740187,0.1302309564087188,sub-11,2.0,153
POP,1.0000000018204587,0.0,0.0,4,2,inf,0.0,sub-12,0.0,154
MATCH,1.000000011492889,0.9999999742684148,1.3345029467235623,8,2,164.78752918285767,0.13702488710067612,sub-12,1.9999999999999993,154
WRONG,1.000000021666259,0.9999999742684148,2.812889656743397,8,2,3997.1247524850546,0.03420423137373298,sub-12,1.9999999999999998,154
POP,1.0000000103215554,0.0,0.0,4,2,inf,0.0,sub-11,0.0,155
MATCH,1.0000000247425587,0.9999999841396281,1.6993317145925582,8,2,63.46204608298041,0.18441838610071798,sub-11,2.0000000000000004,155
WRONG,1.000000010991176,0.9999999864291944,2.2096434489364136,8,2,237.8418748445868,0.12100664668850673,sub-11,2.0,155
POP,1.0000000018204587,0.0,0.0,4,2,inf,0.0,sub-14,0.0,156
MATCH,1.0000000158515707,0.9999999742684148,1.1098382420981001,8,2,101.68512015798,0.17244394075893615,sub-14,2.0,156
WRONG,1.000000021666259,0.9999999742684148,2.812889656743397,8,2,3997.1247524850546,0.03420423137373298,sub-14,1.9999999999999998,156
POP,1.0000000174964006,0.0,0.0,4,2,inf,0.0,sub-11,0.0,157
MATCH,1.0000000189520106,0.9999999897928592,1.462948463531971,8,2,894.6497446669198,0.06973045885269291,sub-11,1.9999999999999996,157
WRONG,1.0000000174964006,0.9999999833585861,1.0666811710908528,8,2,3174.3783106913447,0.03966506972799127,sub-11,1.9999999999999998,157
POP,1.0000000233204223,0.0,0.0,4,2,inf,0.0,sub-12,0.0,158
MATCH,1.0000000233204223,0.9999999805537817,1.2053265907047384,8,2,970.825268060741,0.067734175419166,sub-12,1.9999999999999996,158
WRONG,1.0000000233204223,0.9999999805537817,0.918389714825204,8,2,2237.452920846803,0.047546127963936764,sub-12,2.0000000000000004,158
POP,1.000000004354818,0.0,0.0,4,2,inf,0.0,sub-12,0.0,159
MATCH,1.0000000109385163,0.9999999954681511,1.9298580293964938,8,2,351.4364964935716,0.10766668055820187,sub-12,2.0,159
WRONG,1.0000000173392904,0.9999999964430838,0.6467863345129475,8,2,583.9372676312928,0.07566312121546301,sub-12,2.0000000000000004,159
POP,1.0000000233204223,0.0,0.0,4,2,inf,0.0,sub-14,0.0,160
MATCH,1.0000000258124113,0.9999999805537817,0.9433088869144939,8,2,1461.706561013608,0.058133577965204665,sub-14,1.9999999999999996,160
WRONG,1.0000000233204223,0.9999999649844805,0.8805437067225433,8,2,1591.5808946141867,0.053854397651432295,sub-14,1.9999999999999993,160
POP,1.0000000018204587,0.0,0.0,4,2,inf,0.0,sub-11,0.0,161
MATCH,1.0000000051173579,0.9999999742684148,0.6742960061837499,8,2,234.41322478751627,0.12329989295669865,sub-11,2.0,161
WRONG,1.000000020884034,0.9999999742684148,0.9426519161644451,8,2,213.80969501478253,0.12894399072974597,sub-11,2.0000000000000004,161
POP,1.0000000060961225,0.0,0.0,4,2,inf,0.0,sub-14,0.0,162
MATCH,1.0000000122163495,0.9999999836548271,1.143152090630978,8,2,50.5256967969463,0.23631532333502864,sub-14,1.9999999999999998,162
WRONG,1.0000000060961225,0.999999973351001,1.352760038160029,8,2,101.75611527094372,0.17319563613222103,sub-14,1.9999999999999984,162
POP,1.0000000233204223,0.0,0.0,4,2,inf,0.0,sub-14,0.0,163
MATCH,1.0000000258124113,0.9999999805537817,0.9433088869144939,8,2,1461.706561013608,0.058133577965204665,sub-14,1.9999999999999996,163
WRONG,1.0000000233204223,0.9999999805537817,0.918389714825204,8,2,2237.452920846803,0.047546127963936764,sub-14,2.0000000000000004,163
POP,1.000000004354818,0.0,0.0,4,2,inf,0.0,sub-11,0.0,164
MATCH,1.000000018068623,0.9999999964430838,0.41957722187473556,8,2,161.28745659639577,0.1480847531323249,sub-11,2.0,164
WRONG,1.0000000109385163,0.9999999954681511,1.9298580293964938,8,2,351.4364964935716,0.10766668055820187,sub-11,2.0,164
POP,1.000000004354818,0.0,0.0,4,2,inf,0.0,sub-11,0.0,165
MATCH,1.000000018068623,0.9999999964430838,0.41957722187473556,8,2,161.28745659639577,0.1480847531323249,sub-11,2.0,165
WRONG,1.000000004354818,0.9999999896402961,0.6371506602482898,8,2,258.2393093792754,0.12048543029016358,sub-11,2.0000000000000004,165
POP,1.0000000060961225,0.0,0.0,4,2,inf,0.0,sub-12,0.0,166
MATCH,1.000000018592823,0.9999999771156967,3.2512586131835004,8,2,73.84992116628716,0.19708001650142018,sub-12,2.0000000000000004,166
WRONG,1.0000000227730244,0.9999999765020712,6.159076913944802,8,2,3040.542912517989,0.036929340258347806,sub-12,1.9999999999999991,166
POP,1.0000000018204587,0.0,0.0,4,2,inf,0.0,sub-11,0.0,167
MATCH,1.0000000051173579,0.9999999742684148,0.6742960061837499,8,2,234.41322478751627,0.12329989295669865,sub-11,2.0,167
WRONG,1.000000011492889,0.9999999742684148,1.3345029467235623,8,2,164.78752918285767,0.13702488710067612,sub-11,1.9999999999999993,167
POP,1.0000000233204223,0.0,0.0,4,2,inf,0.0,sub-14,0.0,168
MATCH,1.0000000258124113,0.9999999805537817,0.9433088869144939,8,2,1461.706561013608,0.058133577965204665,sub-14,1.9999999999999996,168
WRONG,1.0000000233204223,0.9999999767847761,0.9278145365020578,8,2,4656.545967063095,0.032374597748140194,sub-14,2.0000000000000004,168
POP,1.0000000018204587,0.0,0.0,4,2,inf,0.0,sub-11,0.0,169
MATCH,1.0000000051173579,0.9999999742684148,0.6742960061837499,8,2,234.41322478751627,0.12329989295669865,sub-11,2.0,169
WRONG,1.0000000190947966,0.9999999742684148,0.6985499066726801,8,2,251.58392721904494,0.11919546104556371,sub-11,2.0000000000000004,169
POP,1.0000000060961225,0.0,0.0,4,2,inf,0.0,sub-11,0.0,170
MATCH,1.0000000194148997,0.9999999902864378,1.8112574136878945,8,2,59.39881779666956,0.2330912676504252,sub-11,2.0000000000000004,170
WRONG,1.0000000084246086,0.999999982496611,1.3367361159162414,8,2,167.30390537422923,0.13285489561948638,sub-11,2.0000000000000004,170
POP,1.0000000060961225,0.0,0.0,4,2,inf,0.0,sub-14,0.0,171
MATCH,1.0000000122163495,0.9999999836548271,1.143152090630978,8,2,50.5256967969463,0.23631532333502864,sub-14,1.9999999999999998,171
WRONG,1.0000000149299593,0.9999999809479769,0.9246242531150798,8,2,55.39869500999163,0.22558161913952368,sub-14,2.0,171
POP,1.0000000103215554,0.0,0.0,4,2,inf,0.0,sub-12,0.0,172
MATCH,1.0000000103215554,0.999999984896943,3.781184549304428,8,2,168.62536995895115,0.13249033828586726,sub-12,2.0000000000000004,172
WRONG,1.0000000103215554,0.99999999578828,0.6367724082800571,8,2,29.53828106495434,0.3104408479625611,sub-12,2.0,172
POP,1.000000004354818,0.0,0.0,4,2,inf,0.0,sub-12,0.0,173
MATCH,1.0000000109385163,0.9999999954681511,1.9298580293964938,8,2,351.4364964935716,0.10766668055820187,sub-12,2.0,173
WRONG,1.0000000078512228,0.9999999964430838,0.7875126271971018,8,2,278.3331127374646,0.13314931913229552,sub-12,2.0,173
POP,1.0000000233204223,0.0,0.0,4,2,inf,0.0,sub-11,0.0,174
MATCH,1.0000000233204223,0.9999999805537817,1.6526980448057722,8,2,1908.2915159588053,0.04561293396112131,sub-11,1.9999999999999993,174
WRONG,1.0000000233204223,0.9999999805537817,0.9618419300482565,8,2,951.3568947704009,0.0707559569764008,sub-11,2.0,174
POP,1.0000000018204587,0.0,0.0,4,2,inf,0.0,sub-14,0.0,175
MATCH,1.0000000158515707,0.9999999742684148,1.1098382420981001,8,2,101.68512015798,0.17244394075893615,sub-14,2.0,175
WRONG,1.0000000092401675,0.9999999742684148,0.7751428811066953,8,2,326.73441520730046,0.09877880618186244,sub-14,1.9999999999999996,175
POP,1.0000000018204587,0.0,0.0,4,2,inf,0.0,sub-14,0.0,176
MATCH,1.0000000158515707,0.9999999742684148,1.1098382420981001,8,2,101.68512015798,0.17244394075893615,sub-14,2.0,176
WRONG,1.0000000092401675,0.9999999742684148,0.7751428811066953,8,2,326.73441520730046,0.09877880618186244,sub-14,1.9999999999999996,176
POP,1.0000000060961225,0.0,0.0,4,2,inf,0.0,sub-14,0.0,177
MATCH,1.0000000122163495,0.9999999836548271,1.143152090630978,8,2,50.5256967969463,0.23631532333502864,sub-14,1.9999999999999998,177
WRONG,1.0000000060961225,0.999999973351001,1.352760038160029,8,2,101.75611527094372,0.17319563613222103,sub-14,1.9999999999999984,177
POP,1.0000000103215554,0.0,0.0,4,2,inf,0.0,sub-12,0.0,178
MATCH,1.0000000103215554,0.999999984896943,3.781184549304428,8,2,168.62536995895115,0.13249033828586726,sub-12,2.0000000000000004,178
WRONG,1.0000000111326555,0.9999999914230503,1.7461603604783573,8,2,134.71883857211355,0.16039589896863043,sub-12,2.0000000000000004,178
POP,1.0000000060961225,0.0,0.0,4,2,inf,0.0,sub-11,0.0,179
MATCH,1.0000000194148997,0.9999999902864378,1.8112574136878945,8,2,59.39881779666956,0.2330912676504252,sub-11,2.0000000000000004,179
WRONG,1.0000000124236608,0.9999999902864378,1.4629330304996135,8,2,765.589714457537,0.06353492328660947,sub-11,1.9999999999999998,179
POP,1.0000000103215554,0.0,0.0,4,2,inf,0.0,sub-14,0.0,180
MATCH,1.0000000176591206,0.9999999988265396,2.2084575722708566,8,2,113.23601944805954,0.16305895215222477,sub-14,2.0,180
WRONG,1.0000000103215554,0.99999999578828,0.6367724082800571,8,2,29.53828106495434,0.3104408479625611,sub-14,2.0,180
POP,1.000000004354818,0.0,0.0,4,2,inf,0.0,sub-11,0.0,181
MATCH,1.000000018068623,0.9999999964430838,0.41957722187473556,8,2,161.28745659639577,0.1480847531323249,sub-11,2.0,181
WRONG,1.0000000044129798,0.9999999844041719,0.8967228663442623,8,2,500.42003319350914,0.08298060704129058,sub-11,1.9999999999999996,181
POP,1.0000000060961225,0.0,0.0,4,2,inf,0.0,sub-11,0.0,182
MATCH,1.0000000194148997,0.9999999902864378,1.8112574136878945,8,2,59.39881779666956,0.2330912676504252,sub-11,2.0000000000000004,182
WRONG,1.0000000060961225,0.999999973351001,1.352760038160029,8,2,101.75611527094372,0.17319563613222103,sub-11,1.9999999999999984,182
POP,1.000000004354818,0.0,0.0,4,2,inf,0.0,sub-12,0.0,183
MATCH,1.0000000109385163,0.9999999954681511,1.9298580293964938,8,2,351.4364964935716,0.10766668055820187,sub-12,2.0,183
WRONG,1.0000000167569287,0.9999999964430838,0.7824076309332935,8,2,491.0053362399257,0.088158511039579,sub-12,1.9999999999999998,183
POP,1.0000000174964006,0.0,0.0,4,2,inf,0.0,sub-12,0.0,184
MATCH,1.0000000174964006,0.9999999897928592,1.010512315687331,8,2,2085.471373163927,0.048327451740504464,sub-12,1.9999999999999996,184
WRONG,1.0000000243905645,0.9999999859787851,0.9838746246686981,8,2,11911.822909623825,0.022159465300408195,sub-12,2.0,184
POP,1.000000004354818,0.0,0.0,4,2,inf,0.0,sub-11,0.0,185
MATCH,1.000000018068623,0.9999999964430838,0.41957722187473556,8,2,161.28745659639577,0.1480847531323249,sub-11,2.0,185
WRONG,1.0000000044129798,0.9999999844041719,0.8967228663442623,8,2,500.42003319350914,0.08298060704129058,sub-11,1.9999999999999996,185
POP,1.0000000018204587,0.0,0.0,4,2,inf,0.0,sub-12,0.0,186
MATCH,1.000000011492889,0.9999999742684148,1.3345029467235623,8,2,164.78752918285767,0.13702488710067612,sub-12,1.9999999999999993,186
WRONG,1.0000000178125878,0.9999999742684148,0.5830557965164241,8,2,239.57730691740187,0.1302309564087188,sub-12,2.0,186
POP,1.0000000233204223,0.0,0.0,4,2,inf,0.0,sub-11,0.0,187
MATCH,1.0000000233204223,0.9999999805537817,1.6526980448057722,8,2,1908.2915159588053,0.04561293396112131,sub-11,1.9999999999999993,187
WRONG,1.0000000276691068,0.9999999805537817,0.9054825836549286,8,2,2103.0712118789775,0.048538091218847224,sub-11,1.9999999999999996,187
POP,1.0000000174964006,0.0,0.0,4,2,inf,0.0,sub-11,0.0,188
MATCH,1.0000000189520106,0.9999999897928592,1.462948463531971,8,2,894.6497446669198,0.06973045885269291,sub-11,1.9999999999999996,188
WRONG,1.0000000174964006,0.9999999897928592,1.1282276088759728,8,2,5383.869172197686,0.03384455550455056,sub-11,1.9999999999999996,188
POP,1.0000000174964006,0.0,0.0,4,2,inf,0.0,sub-11,0.0,189
MATCH,1.0000000189520106,0.9999999897928592,1.462948463531971,8,2,894.6497446669198,0.06973045885269291,sub-11,1.9999999999999996,189
WRONG,1.0000000194999894,0.9999999788893223,0.9995202715918321,8,2,2396.595038980205,0.04810308529818618,sub-11,1.9999999999999993,189
POP,1.0000000174964006,0.0,0.0,4,2,inf,0.0,sub-12,0.0,190
MATCH,1.0000000174964006,0.9999999897928592,1.010512315687331,8,2,2085.471373163927,0.048327451740504464,sub-12,1.9999999999999996,190
WRONG,1.0000000174964006,0.9999999838195057,0.9954031703243614,8,2,8198.269231689692,0.026240074603909643,sub-12,2.0000000000000004,190
POP,1.0000000103215554,0.0,0.0,4,2,inf,0.0,sub-11,0.0,191
MATCH,1.0000000247425587,0.9999999841396281,1.6993317145925582,8,2,63.46204608298041,0.18441838610071798,sub-11,2.0000000000000004,191
WRONG,1.0000000103215554,0.999999984896943,3.781184549304428,8,2,168.62536995895115,0.13249033828586726,sub-11,2.0000000000000004,191
POP,1.0000000233204223,0.0,0.0,4,2,inf,0.0,sub-11,0.0,192
MATCH,1.0000000233204223,0.9999999805537817,1.6526980448057722,8,2,1908.2915159588053,0.04561293396112131,sub-11,1.9999999999999993,192
WRONG,1.0000000233204223,0.9999999757307335,6.96101665676673,8,2,128001.80630799758,0.006784183843712461,sub-11,1.999999999999999,192
POP,1.0000000174964006,0.0,0.0,4,2,inf,0.0,sub-11,0.0,193
MATCH,1.0000000189520106,0.9999999897928592,1.462948463531971,8,2,894.6497446669198,0.06973045885269291,sub-11,1.9999999999999996,193
WRONG,1.0000000174964006,0.9999999781725377,0.9858314229571387,8,2,9677.816499664013,0.024137667703990413,sub-11,2.0000000000000013,193
POP,1.0000000018204587,0.0,0.0,4,2,inf,0.0,sub-11,0.0,194
MATCH,1.0000000051173579,0.9999999742684148,0.6742960061837499,8,2,234.41322478751627,0.12329989295669865,sub-11,2.0,194
WRONG,1.0000000187150149,0.9999999742684148,2.4306365024845933,8,2,2129.285909697887,0.04807725471070611,sub-11,1.9999999999999993,194
POP,1.000000004354818,0.0,0.0,4,2,inf,0.0,sub-11,0.0,195
MATCH,1.000000018068623,0.9999999964430838,0.41957722187473556,8,2,161.28745659639577,0.1480847531323249,sub-11,2.0,195
WRONG,1.0000000144829717,0.9999999905964804,0.6509340983727503,8,2,261.28282793401416,0.11551824871413804,sub-11,1.9999999999999991,195
POP,1.000000004354818,0.0,0.0,4,2,inf,0.0,sub-12,0.0,196
MATCH,1.0000000109385163,0.9999999954681511,1.9298580293964938,8,2,351.4364964935716,0.10766668055820187,sub-12,2.0,196
WRONG,1.0000000044129798,0.9999999844041719,0.8967228663442623,8,2,500.42003319350914,0.08298060704129058,sub-12,1.9999999999999996,196
POP,1.000000004354818,0.0,0.0,4,2,inf,0.0,sub-14,0.0,197
MATCH,1.0000000167569287,0.9999999964430838,0.7824076309332935,8,2,491.0053362399257,0.088158511039579,sub-14,1.9999999999999998,197
WRONG,1.0000000144829717,0.9999999905964804,0.6509340983727503,8,2,261.28282793401416,0.11551824871413804,sub-14,1.9999999999999991,197
POP,1.0000000018204587,0.0,0.0,4,2,inf,0.0,sub-11,0.0,198
MATCH,1.0000000051173579,0.9999999742684148,0.6742960061837499,8,2,234.41322478751627,0.12329989295669865,sub-11,2.0,198
WRONG,1.0000000187150149,0.9999999742684148,2.4306365024845933,8,2,2129.285909697887,0.04807725471070611,sub-11,1.9999999999999993,198
POP,1.0000000103215554,0.0,0.0,4,2,inf,0.0,sub-14,0.0,199
MATCH,1.0000000176591206,0.9999999988265396,2.2084575722708566,8,2,113.23601944805954,0.16305895215222477,sub-14,2.0,199
WRONG,1.000000010991176,0.9999999864291944,2.2096434489364136,8,2,237.8418748445868,0.12100664668850673,sub-14,2.0,199
POP,1.000000004354818,0.0,0.0,4,2,inf,0.0,sub-14,0.0,200
MATCH,1.0000000167569287,0.9999999964430838,0.7824076309332935,8,2,491.0053362399257,0.088158511039579,sub-14,1.9999999999999998,200
WRONG,1.000000018068623,0.9999999964430838,0.41957722187473556,8,2,161.28745659639577,0.1480847531323249,sub-14,2.0,200
POP,1.0000000233204223,0.0,0.0,4,2,inf,0.0,sub-14,0.0,201
MATCH,1.0000000258124113,0.9999999805537817,0.9433088869144939,8,2,1461.706561013608,0.058133577965204665,sub-14,1.9999999999999996,201
WRONG,1.0000000233204223,0.9999999805537817,0.9618419300482565,8,2,951.3568947704009,0.0707559569764008,sub-14,2.0,201
POP,1.0000000060961225,0.0,0.0,4,2,inf,0.0,sub-14,0.0,202
MATCH,1.0000000122163495,0.9999999836548271,1.143152090630978,8,2,50.5256967969463,0.23631532333502864,sub-14,1.9999999999999998,202
WRONG,1.0000000084246086,0.999999982496611,1.3367361159162414,8,2,167.30390537422923,0.13285489561948638,sub-14,2.0000000000000004,202
POP,1.000000004354818,0.0,0.0,4,2,inf,0.0,sub-11,0.0,203
MATCH,1.000000018068623,0.9999999964430838,0.41957722187473556,8,2,161.28745659639577,0.1480847531323249,sub-11,2.0,203
WRONG,1.0000000104374653,0.9999999964430838,0.46163511284953884,8,2,268.5251194185745,0.1094633642759194,sub-11,2.000000000000001,203
POP,1.0000000174964006,0.0,0.0,4,2,inf,0.0,sub-11,0.0,204
MATCH,1.0000000189520106,0.9999999897928592,1.462948463531971,8,2,894.6497446669198,0.06973045885269291,sub-11,1.9999999999999996,204
WRONG,1.000000025614892,0.9999999897928592,0.9927019203181305,8,2,4457.866679583794,0.03592753457504569,sub-11,1.9999999999999984,204
POP,1.0000000018204587,0.0,0.0,4,2,inf,0.0,sub-11,0.0,205
MATCH,1.0000000051173579,0.9999999742684148,0.6742960061837499,8,2,234.41322478751627,0.12329989295669865,sub-11,2.0,205
WRONG,1.000000017431495,0.9999999742684148,0.6756203471712,8,2,240.01452563716333,0.12123212081972673,sub-11,2.0,205
POP,1.0000000060961225,0.0,0.0,4,2,inf,0.0,sub-12,0.0,206
MATCH,1.000000018592823,0.9999999771156967,3.2512586131835004,8,2,73.84992116628716,0.19708001650142018,sub-12,2.0000000000000004,206
WRONG,1.0000000060961225,0.999999973351001,1.352760038160029,8,2,101.75611527094372,0.17319563613222103,sub-12,1.9999999999999984,206
POP,1.000000004354818,0.0,0.0,4,2,inf,0.0,sub-14,0.0,207
MATCH,1.0000000167569287,0.9999999964430838,0.7824076309332935,8,2,491.0053362399257,0.088158511039579,sub-14,1.9999999999999998,207
WRONG,1.0000000173392904,0.9999999964430838,0.6467863345129475,8,2,583.9372676312928,0.07566312121546301,sub-14,2.0000000000000004,207
POP,1.0000000018204587,0.0,0.0,4,2,inf,0.0,sub-12,0.0,208
MATCH,1.000000011492889,0.9999999742684148,1.3345029467235623,8,2,164.78752918285767,0.13702488710067612,sub-12,1.9999999999999993,208
WRONG,1.0000000018204587,0.9999999742684148,0.633848716283112,8,2,83.33837571758468,0.21105276222688762,sub-12,1.9999999999999991,208
POP,1.0000000103215554,0.0,0.0,4,2,inf,0.0,sub-12,0.0,209
MATCH,1.0000000103215554,0.999999984896943,3.781184549304428,8,2,168.62536995895115,0.13249033828586726,sub-12,2.0000000000000004,209
WRONG,1.0000000103215554,0.9999999938734473,1.3386146824092569,8,2,82.59377889188036,0.20504574699759756,sub-12,2.000000000000001,209
POP,1.0000000174964006,0.0,0.0,4,2,inf,0.0,sub-11,0.0,210
MATCH,1.0000000189520106,0.9999999897928592,1.462948463531971,8,2,894.6497446669198,0.06973045885269291,sub-11,1.9999999999999996,210
WRONG,1.0000000243905645,0.9999999859787851,0.9838746246686981,8,2,11911.822909623825,0.022159465300408195,sub-11,2.0,210
POP,1.0000000233204223,0.0,0.0,4,2,inf,0.0,sub-12,0.0,211
MATCH,1.0000000233204223,0.9999999805537817,1.2053265907047384,8,2,970.825268060741,0.067734175419166,sub-12,1.9999999999999996,211
WRONG,1.0000000233204223,0.9999999649844805,0.8805437067225433,8,2,1591.5808946141867,0.053854397651432295,sub-12,1.9999999999999993,211
POP,1.0000000018204587,0.0,0.0,4,2,inf,0.0,sub-12,0.0,212
MATCH,1.000000011492889,0.9999999742684148,1.3345029467235623,8,2,164.78752918285767,0.13702488710067612,sub-12,1.9999999999999993,212
WRONG,1.0000000187150149,0.9999999742684148,2.4306365024845933,8,2,2129.285909697887,0.04807725471070611,sub-12,1.9999999999999993,212
POP,1.0000000233204223,0.0,0.0,4,2,inf,0.0,sub-14,0.0,213
MATCH,1.0000000258124113,0.9999999805537817,0.9433088869144939,8,2,1461.706561013608,0.058133577965204665,sub-14,1.9999999999999996,213
WRONG,1.0000000233204223,0.9999999767847761,0.9278145365020578,8,2,4656.545967063095,0.032374597748140194,sub-14,2.0000000000000004,213
POP,1.0000000018204587,0.0,0.0,4,2,inf,0.0,sub-11,0.0,214
MATCH,1.0000000051173579,0.9999999742684148,0.6742960061837499,8,2,234.41322478751627,0.12329989295669865,sub-11,2.0,214
WRONG,1.0000000187150149,0.9999999742684148,2.4306365024845933,8,2,2129.285909697887,0.04807725471070611,sub-11,1.9999999999999993,214
POP,1.000000004354818,0.0,0.0,4,2,inf,0.0,sub-11,0.0,215
MATCH,1.000000018068623,0.9999999964430838,0.41957722187473556,8,2,161.28745659639577,0.1480847531323249,sub-11,2.0,215
WRONG,1.000000004354818,0.9999999934402659,0.5152563082741416,8,2,253.18834101559264,0.11520913803293409,sub-11,2.0,215
POP,1.000000004354818,0.0,0.0,4,2,inf,0.0,sub-14,0.0,216
MATCH,1.0000000167569287,0.9999999964430838,0.7824076309332935,8,2,491.0053362399257,0.088158511039579,sub-14,1.9999999999999998,216
WRONG,1.000000004424508,0.9999999964430838,0.580767230267267,8,2,291.8109316383232,0.10279239726666482,sub-14,1.9999999999999993,216
POP,1.0000000233204223,0.0,0.0,4,2,inf,0.0,sub-12,0.0,217
MATCH,1.0000000233204223,0.9999999805537817,1.2053265907047384,8,2,970.825268060741,0.067734175419166,sub-12,1.9999999999999996,217
WRONG,1.0000000233204223,0.9999999649844805,0.8805437067225433,8,2,1591.5808946141867,0.053854397651432295,sub-12,1.9999999999999993,217
POP,1.000000004354818,0.0,0.0,4,2,inf,0.0,sub-11,0.0,218
MATCH,1.000000018068623,0.9999999964430838,0.41957722187473556,8,2,161.28745659639577,0.1480847531323249,sub-11,2.0,218
WRONG,1.000000004424508,0.9999999964430838,0.580767230267267,8,2,291.8109316383232,0.10279239726666482,sub-11,1.9999999999999993,218
POP,1.0000000018204587,0.0,0.0,4,2,inf,0.0,sub-12,0.0,219
MATCH,1.000000011492889,0.9999999742684148,1.3345029467235623,8,2,164.78752918285767,0.13702488710067612,sub-12,1.9999999999999993,219
WRONG,1.0000000018204587,0.9999999742684148,0.6199474515567622,8,2,226.90162967851035,0.12737792810122248,sub-12,2.0,219
POP,1.0000000233204223,0.0,0.0,4,2,inf,0.0,sub-11,0.0,220
MATCH,1.0000000233204223,0.9999999805537817,1.6526980448057722,8,2,1908.2915159588053,0.04561293396112131,sub-11,1.9999999999999993,220
WRONG,1.0000000247058096,0.9999999805537817,0.972424222874299,8,2,2875.545933643535,0.038475837099546134,sub-11,1.9999999999999998,220
POP,1.0000000103215554,0.0,0.0,4,2,inf,0.0,sub-14,0.0,221
MATCH,1.0000000176591206,0.9999999988265396,2.2084575722708566,8,2,113.23601944805954,0.16305895215222477,sub-14,2.0,221
WRONG,1.0000000103215554,0.9999999938734473,1.3386146824092569,8,2,82.59377889188036,0.20504574699759756,sub-14,2.000000000000001,221
POP,1.0000000018204587,0.0,0.0,4,2,inf,0.0,sub-14,0.0,222
MATCH,1.0000000158515707,0.9999999742684148,1.1098382420981001,8,2,101.68512015798,0.17244394075893615,sub-14,2.0,222
WRONG,1.000000011492889,0.9999999742684148,1.3345029467235623,8,2,164.78752918285767,0.13702488710067612,sub-14,1.9999999999999993,222
POP,1.0000000060961225,0.0,0.0,4,2,inf,0.0,sub-11,0.0,223
MATCH,1.0000000194148997,0.9999999902864378,1.8112574136878945,8,2,59.39881779666956,0.2330912676504252,sub-11,2.0000000000000004,223
WRONG,1.0000000232481534,0.9999999902864378,1.5289136096576255,8,2,1381.0103827886687,0.0566526119397476,sub-11,2.000000000000001,223
POP,1.0000000060961225,0.0,0.0,4,2,inf,0.0,sub-12,0.0,224
MATCH,1.000000018592823,0.9999999771156967,3.2512586131835004,8,2,73.84992116628716,0.19708001650142018,sub-12,2.0000000000000004,224
WRONG,1.0000000247828456,0.9999999856415209,0.8795773473525674,8,2,1286.744009330767,0.05387195574594787,sub-12,2.0,224
POP,1.0000000233204223,0.0,0.0,4,2,inf,0.0,sub-14,0.0,225
MATCH,1.0000000258124113,0.9999999805537817,0.9433088869144939,8,2,1461.706561013608,0.058133577965204665,sub-14,1.9999999999999996,225
WRONG,1.0000000233204223,0.9999999805537817,0.9618419300482565,8,2,951.3568947704009,0.0707559569764008,sub-14,2.0,225
POP,1.0000000018204587,0.0,0.0,4,2,inf,0.0,sub-14,0.0,226
MATCH,1.0000000158515707,0.9999999742684148,1.1098382420981001,8,2,101.68512015798,0.17244394075893615,sub-14,2.0,226
WRONG,1.0000000018204587,0.9999999742684148,0.633848716283112,8,2,83.33837571758468,0.21105276222688762,sub-14,1.9999999999999991,226
POP,1.0000000174964006,0.0,0.0,4,2,inf,0.0,sub-11,0.0,227
MATCH,1.0000000189520106,0.9999999897928592,1.462948463531971,8,2,894.6497446669198,0.06973045885269291,sub-11,1.9999999999999996,227
WRONG,1.0000000174964006,0.9999999897928592,1.010512315687331,8,2,2085.471373163927,0.048327451740504464,sub-11,1.9999999999999996,227
POP,1.0000000174964006,0.0,0.0,4,2,inf,0.0,sub-11,0.0,228
MATCH,1.0000000189520106,0.9999999897928592,1.462948463531971,8,2,894.6497446669198,0.06973045885269291,sub-11,1.9999999999999996,228
WRONG,1.0000000174964006,0.9999999838195057,0.9954031703243614,8,2,8198.269231689692,0.026240074603909643,sub-11,2.0000000000000004,228
POP,1.0000000233204223,0.0,0.0,4,2,inf,0.0,sub-14,0.0,229
MATCH,1.0000000258124113,0.9999999805537817,0.9433088869144939,8,2,1461.706561013608,0.058133577965204665,sub-14,1.9999999999999996,229
WRONG,1.0000000233204223,0.9999999757307335,6.96101665676673,8,2,128001.80630799758,0.006784183843712461,sub-14,1.999999999999999,229
POP,1.0000000018204587,0.0,0.0,4,2,inf,0.0,sub-11,0.0,230
MATCH,1.0000000051173579,0.9999999742684148,0.6742960061837499,8,2,234.41322478751627,0.12329989295669865,sub-11,2.0,230
WRONG,1.000000020884034,0.9999999742684148,0.9426519161644451,8,2,213.80969501478253,0.12894399072974597,sub-11,2.0000000000000004,230
POP,1.0000000018204587,0.0,0.0,4,2,inf,0.0,sub-14,0.0,231
MATCH,1.0000000158515707,0.9999999742684148,1.1098382420981001,8,2,101.68512015798,0.17244394075893615,sub-14,2.0,231
WRONG,1.000000011492889,0.9999999742684148,1.3345029467235623,8,2,164.78752918285767,0.13702488710067612,sub-14,1.9999999999999993,231
POP,1.0000000103215554,0.0,0.0,4,2,inf,0.0,sub-14,0.0,232
MATCH,1.0000000176591206,0.9999999988265396,2.2084575722708566,8,2,113.23601944805954,0.16305895215222477,sub-14,2.0,232
WRONG,1.000000010991176,0.9999999864291944,2.2096434489364136,8,2,237.8418748445868,0.12100664668850673,sub-14,2.0,232
POP,1.0000000233204223,0.0,0.0,4,2,inf,0.0,sub-11,0.0,233
MATCH,1.0000000233204223,0.9999999805537817,1.6526980448057722,8,2,1908.2915159588053,0.04561293396112131,sub-11,1.9999999999999993,233
WRONG,1.0000000233204223,0.9999999767847761,0.9278145365020578,8,2,4656.545967063095,0.032374597748140194,sub-11,2.0000000000000004,233
POP,1.0000000060961225,0.0,0.0,4,2,inf,0.0,sub-14,0.0,234
MATCH,1.0000000122163495,0.9999999836548271,1.143152090630978,8,2,50.5256967969463,0.23631532333502864,sub-14,1.9999999999999998,234
WRONG,1.0000000060961225,0.999999973351001,1.352760038160029,8,2,101.75611527094372,0.17319563613222103,sub-14,1.9999999999999984,234
POP,1.0000000233204223,0.0,0.0,4,2,inf,0.0,sub-11,0.0,235
MATCH,1.0000000233204223,0.9999999805537817,1.6526980448057722,8,2,1908.2915159588053,0.04561293396112131,sub-11,1.9999999999999993,235
WRONG,1.0000000233204223,0.9999999805537817,0.9618419300482565,8,2,951.3568947704009,0.0707559569764008,sub-11,2.0,235
POP,1.0000000060961225,0.0,0.0,4,2,inf,0.0,sub-11,0.0,236
MATCH,1.0000000194148997,0.9999999902864378,1.8112574136878945,8,2,59.39881779666956,0.2330912676504252,sub-11,2.0000000000000004,236
WRONG,1.0000000247828456,0.9999999856415209,0.8795773473525674,8,2,1286.744009330767,0.05387195574594787,sub-11,2.0,236
POP,1.0000000174964006,0.0,0.0,4,2,inf,0.0,sub-11,0.0,237
MATCH,1.0000000189520106,0.9999999897928592,1.462948463531971,8,2,894.6497446669198,0.06973045885269291,sub-11,1.9999999999999996,237
WRONG,1.000000025614892,0.9999999897928592,0.9927019203181305,8,2,4457.866679583794,0.03592753457504569,sub-11,1.9999999999999984,237
POP,1.0000000233204223,0.0,0.0,4,2,inf,0.0,sub-12,0.0,238
MATCH,1.0000000233204223,0.9999999805537817,1.2053265907047384,8,2,970.825268060741,0.067734175419166,sub-12,1.9999999999999996,238
WRONG,1.0000000258124113,0.9999999805537817,0.9433088869144939,8,2,1461.706561013608,0.058133577965204665,sub-12,1.9999999999999996,238
POP,1.0000000018204587,0.0,0.0,4,2,inf,0.0,sub-12,0.0,239
MATCH,1.000000011492889,0.9999999742684148,1.3345029467235623,8,2,164.78752918285767,0.13702488710067612,sub-12,1.9999999999999993,239
WRONG,1.0000000178125878,0.9999999742684148,0.5830557965164241,8,2,239.57730691740187,0.1302309564087188,sub-12,2.0,239
POP,1.0000000018204587,0.0,0.0,4,2,inf,0.0,sub-12,0.0,240
MATCH,1.000000011492889,0.9999999742684148,1.3345029467235623,8,2,164.78752918285767,0.13702488710067612,sub-12,1.9999999999999993,240
WRONG,1.0000000158515707,0.9999999742684148,1.1098382420981001,8,2,101.68512015798,0.17244394075893615,sub-12,2.0,240
POP,1.0000000103215554,0.0,0.0,4,2,inf,0.0,sub-11,0.0,241
MATCH,1.0000000247425587,0.9999999841396281,1.6993317145925582,8,2,63.46204608298041,0.18441838610071798,sub-11,2.0000000000000004,241
WRONG,1.0000000103215554,0.99999999578828,0.6367724082800571,8,2,29.53828106495434,0.3104408479625611,sub-11,2.0,241
POP,1.0000000060961225,0.0,0.0,4,2,inf,0.0,sub-11,0.0,242
MATCH,1.0000000194148997,0.9999999902864378,1.8112574136878945,8,2,59.39881779666956,0.2330912676504252,sub-11,2.0000000000000004,242
WRONG,1.0000000284058692,0.9999999902864378,0.9702742971817989,8,2,54.656913351992685,0.23420935904876664,sub-11,2.0,242
POP,1.0000000103215554,0.0,0.0,4,2,inf,0.0,sub-12,0.0,243
MATCH,1.0000000103215554,0.999999984896943,3.781184549304428,8,2,168.62536995895115,0.13249033828586726,sub-12,2.0000000000000004,243
WRONG,1.0000000103215554,0.99999999578828,0.6367724082800571,8,2,29.53828106495434,0.3104408479625611,sub-12,2.0,243
POP,1.0000000233204223,0.0,0.0,4,2,inf,0.0,sub-14,0.0,244
MATCH,1.0000000258124113,0.9999999805537817,0.9433088869144939,8,2,1461.706561013608,0.058133577965204665,sub-14,1.9999999999999996,244
WRONG,1.0000000233204223,0.9999999793355456,1.0410195103720374,8,2,852.8842516523283,0.07324293991647117,sub-14,2.000000000000001,244
POP,1.0000000018204587,0.0,0.0,4,2,inf,0.0,sub-11,0.0,245
MATCH,1.0000000051173579,0.9999999742684148,0.6742960061837499,8,2,234.41322478751627,0.12329989295669865,sub-11,2.0,245
WRONG,1.0000000018204587,0.9999999742684148,0.6199474515567622,8,2,226.90162967851035,0.12737792810122248,sub-11,2.0,245
POP,1.0000000233204223,0.0,0.0,4,2,inf,0.0,sub-11,0.0,246
MATCH,1.0000000233204223,0.9999999805537817,1.6526980448057722,8,2,1908.2915159588053,0.04561293396112131,sub-11,1.9999999999999993,246
WRONG,1.0000000247058096,0.9999999805537817,0.972424222874299,8,2,2875.545933643535,0.038475837099546134,sub-11,1.9999999999999998,246
POP,1.000000004354818,0.0,0.0,4,2,inf,0.0,sub-11,0.0,247
MATCH,1.000000018068623,0.9999999964430838,0.41957722187473556,8,2,161.28745659639577,0.1480847531323249,sub-11,2.0,247
WRONG,1.0000000104374653,0.9999999964430838,0.46163511284953884,8,2,268.5251194185745,0.1094633642759194,sub-11,2.000000000000001,247
POP,1.0000000174964006,0.0,0.0,4,2,inf,0.0,sub-12,0.0,248
MATCH,1.0000000174964006,0.9999999897928592,1.010512315687331,8,2,2085.471373163927,0.048327451740504464,sub-12,1.9999999999999996,248
WRONG,1.0000000174964006,0.9999999736165011,8.329149742710893,8,2,119736.465490477,0.007376108717924523,sub-12,2.0000000000000004,248
POP,1.0000000233204223,0.0,0.0,4,2,inf,0.0,sub-11,0.0,249
MATCH,1.0000000233204223,0.9999999805537817,1.6526980448057722,8,2,1908.2915159588053,0.04561293396112131,sub-11,1.9999999999999993,249
WRONG,1.0000000258124113,0.9999999805537817,0.9433088869144939,8,2,1461.706561013608,0.058133577965204665,sub-11,1.9999999999999996,249
POP,1.0000000060961225,0.0,0.0,4,2,inf,0.0,sub-12,0.0,250
MATCH,1.000000018592823,0.9999999771156967,3.2512586131835004,8,2,73.84992116628716,0.19708001650142018,sub-12,2.0000000000000004,250
WRONG,1.0000000060961225,0.999999973351001,1.352760038160029,8,2,101.75611527094372,0.17319563613222103,sub-12,1.9999999999999984,250
POP,1.000000004354818,0.0,0.0,4,2,inf,0.0,sub-12,0.0,251
MATCH,1.0000000109385163,0.9999999954681511,1.9298580293964938,8,2,351.4364964935716,0.10766668055820187,sub-12,2.0,251
WRONG,1.0000000078512228,0.9999999964430838,0.7875126271971018,8,2,278.3331127374646,0.13314931913229552,sub-12,2.0,251
POP,1.0000000018204587,0.0,0.0,4,2,inf,0.0,sub-12,0.0,252
MATCH,1.000000011492889,0.9999999742684148,1.3345029467235623,8,2,164.78752918285767,0.13702488710067612,sub-12,1.9999999999999993,252
WRONG,1.0000000190947966,0.9999999742684148,0.6985499066726801,8,2,251.58392721904494,0.11919546104556371,sub-12,2.0000000000000004,252
POP,1.0000000233204223,0.0,0.0,4,2,inf,0.0,sub-11,0.0,253
MATCH,1.0000000233204223,0.9999999805537817,1.6526980448057722,8,2,1908.2915159588053,0.04561293396112131,sub-11,1.9999999999999993,253
WRONG,1.0000000233204223,0.9999999757307335,6.96101665676673,8,2,128001.80630799758,0.006784183843712461,sub-11,1.999999999999999,253
POP,1.0000000233204223,0.0,0.0,4,2,inf,0.0,sub-12,0.0,254
MATCH,1.0000000233204223,0.9999999805537817,1.2053265907047384,8,2,970.825268060741,0.067734175419166,sub-12,1.9999999999999996,254
WRONG,1.0000000233204223,0.9999999757307335,6.96101665676673,8,2,128001.80630799758,0.006784183843712461,sub-12,1.999999999999999,254
POP,1.0000000174964006,0.0,0.0,4,2,inf,0.0,sub-12,0.0,255
MATCH,1.0000000174964006,0.9999999897928592,1.010512315687331,8,2,2085.471373163927,0.048327451740504464,sub-12,1.9999999999999996,255
WRONG,1.0000000189520106,0.9999999897928592,1.462948463531971,8,2,894.6497446669198,0.06973045885269291,sub-12,1.9999999999999996,255
POP,1.0000000174964006,0.0,0.0,4,2,inf,0.0,sub-11,0.0,256
MATCH,1.0000000189520106,0.9999999897928592,1.462948463531971,8,2,894.6497446669198,0.06973045885269291,sub-11,1.9999999999999996,256
WRONG,1.000000025614892,0.9999999897928592,0.9927019203181305,8,2,4457.866679583794,0.03592753457504569,sub-11,1.9999999999999984,256
POP,1.0000000233204223,0.0,0.0,4,2,inf,0.0,sub-14,0.0,257
MATCH,1.0000000258124113,0.9999999805537817,0.9433088869144939,8,2,1461.706561013608,0.058133577965204665,sub-14,1.9999999999999996,257
WRONG,1.0000000233204223,0.9999999805537817,0.918389714825204,8,2,2237.452920846803,0.047546127963936764,sub-14,2.0000000000000004,257
POP,1.0000000174964006,0.0,0.0,4,2,inf,0.0,sub-11,0.0,258
MATCH,1.0000000189520106,0.9999999897928592,1.462948463531971,8,2,894.6497446669198,0.06973045885269291,sub-11,1.9999999999999996,258
WRONG,1.0000000174964006,0.9999999736165011,8.329149742710893,8,2,119736.465490477,0.007376108717924523,sub-11,2.0000000000000004,258
POP,1.000000004354818,0.0,0.0,4,2,inf,0.0,sub-14,0.0,259
MATCH,1.0000000167569287,0.9999999964430838,0.7824076309332935,8,2,491.0053362399257,0.088158511039579,sub-14,1.9999999999999998,259
WRONG,1.000000018068623,0.9999999964430838,0.41957722187473556,8,2,161.28745659639577,0.1480847531323249,sub-14,2.0,259
POP,1.0000000233204223,0.0,0.0,4,2,inf,0.0,sub-11,0.0,260
MATCH,1.0000000233204223,0.9999999805537817,1.6526980448057722,8,2,1908.2915159588053,0.04561293396112131,sub-11,1.9999999999999993,260
WRONG,1.0000000233204223,0.9999999793355456,1.0410195103720374,8,2,852.8842516523283,0.07324293991647117,sub-11,2.000000000000001,260
POP,1.0000000103215554,0.0,0.0,4,2,inf,0.0,sub-14,0.0,261
MATCH,1.0000000176591206,0.9999999988265396,2.2084575722708566,8,2,113.23601944805954,0.16305895215222477,sub-14,2.0,261
WRONG,1.0000000103215554,0.9999999907105943,1.03946323939786,8,2,301.04445985353465,0.11065120067498756,sub-14,1.9999999999999996,261
POP,1.000000004354818,0.0,0.0,4,2,inf,0.0,sub-11,0.0,262
MATCH,1.000000018068623,0.9999999964430838,0.41957722187473556,8,2,161.28745659639577,0.1480847531323249,sub-11,2.0,262
WRONG,1.000000004424508,0.9999999964430838,0.580767230267267,8,2,291.8109316383232,0.10279239726666482,sub-11,1.9999999999999993,262
POP,1.0000000060961225,0.0,0.0,4,2,inf,0.0,sub-11,0.0,263
MATCH,1.0000000194148997,0.9999999902864378,1.8112574136878945,8,2,59.39881779666956,0.2330912676504252,sub-11,2.0000000000000004,263
WRONG,1.0000000060961225,0.999999973351001,1.352760038160029,8,2,101.75611527094372,0.17319563613222103,sub-11,1.9999999999999984,263
POP,1.0000000060961225,0.0,0.0,4,2,inf,0.0,sub-12,0.0,264
MATCH,1.000000018592823,0.9999999771156967,3.2512586131835004,8,2,73.84992116628716,0.19708001650142018,sub-12,2.0000000000000004,264
WRONG,1.0000000124236608,0.9999999902864378,1.4629330304996135,8,2,765.589714457537,0.06353492328660947,sub-12,1.9999999999999998,264
POP,1.0000000174964006,0.0,0.0,4,2,inf,0.0,sub-12,0.0,265
MATCH,1.0000000174964006,0.9999999897928592,1.010512315687331,8,2,2085.471373163927,0.048327451740504464,sub-12,1.9999999999999996,265
WRONG,1.0000000174964006,0.9999999897928592,1.1282276088759728,8,2,5383.869172197686,0.03384455550455056,sub-12,1.9999999999999996,265
POP,1.000000004354818,0.0,0.0,4,2,inf,0.0,sub-12,0.0,266
MATCH,1.0000000109385163,0.9999999954681511,1.9298580293964938,8,2,351.4364964935716,0.10766668055820187,sub-12,2.0,266
WRONG,1.0000000104374653,0.9999999964430838,0.46163511284953884,8,2,268.5251194185745,0.1094633642759194,sub-12,2.000000000000001,266
POP,1.000000004354818,0.0,0.0,4,2,inf,0.0,sub-12,0.0,267
MATCH,1.0000000109385163,0.9999999954681511,1.9298580293964938,8,2,351.4364964935716,0.10766668055820187,sub-12,2.0,267
WRONG,1.0000000044129798,0.9999999844041719,0.8967228663442623,8,2,500.42003319350914,0.08298060704129058,sub-12,1.9999999999999996,267
POP,1.0000000060961225,0.0,0.0,4,2,inf,0.0,sub-11,0.0,268
MATCH,1.0000000194148997,0.9999999902864378,1.8112574136878945,8,2,59.39881779666956,0.2330912676504252,sub-11,2.0000000000000004,268
WRONG,1.0000000227730244,0.9999999765020712,6.159076913944802,8,2,3040.542912517989,0.036929340258347806,sub-11,1.9999999999999991,268
POP,1.0000000233204223,0.0,0.0,4,2,inf,0.0,sub-14,0.0,269
MATCH,1.0000000258124113,0.9999999805537817,0.9433088869144939,8,2,1461.706561013608,0.058133577965204665,sub-14,1.9999999999999996,269
WRONG,1.0000000233204223,0.9999999805537817,0.919045110137321,8,2,3939.763670881944,0.036162519892608845,sub-14,1.9999999999999996,269
POP,1.0000000103215554,0.0,0.0,4,2,inf,0.0,sub-11,0.0,270
MATCH,1.0000000247425587,0.9999999841396281,1.6993317145925582,8,2,63.46204608298041,0.18441838610071798,sub-11,2.0000000000000004,270
WRONG,1.0000000103215554,0.9999999907105943,1.03946323939786,8,2,301.04445985353465,0.11065120067498756,sub-11,1.9999999999999996,270
POP,1.0000000174964006,0.0,0.0,4,2,inf,0.0,sub-11,0.0,271
MATCH,1.0000000189520106,0.9999999897928592,1.462948463531971,8,2,894.6497446669198,0.06973045885269291,sub-11,1.9999999999999996,271
WRONG,1.0000000174964006,0.9999999736165011,8.329149742710893,8,2,119736.465490477,0.007376108717924523,sub-11,2.0000000000000004,271
POP,1.000000004354818,0.0,0.0,4,2,inf,0.0,sub-14,0.0,272
MATCH,1.0000000167569287,0.9999999964430838,0.7824076309332935,8,2,491.0053362399257,0.088158511039579,sub-14,1.9999999999999998,272
WRONG,1.0000000144829717,0.9999999905964804,0.6509340983727503,8,2,261.28282793401416,0.11551824871413804,sub-14,1.9999999999999991,272
POP,1.000000004354818,0.0,0.0,4,2,inf,0.0,sub-14,0.0,273
MATCH,1.0000000167569287,0.9999999964430838,0.7824076309332935,8,2,491.0053362399257,0.088158511039579,sub-14,1.9999999999999998,273
WRONG,1.000000018068623,0.9999999964430838,0.41957722187473556,8,2,161.28745659639577,0.1480847531323249,sub-14,2.0,273
POP,1.0000000174964006,0.0,0.0,4,2,inf,0.0,sub-11,0.0,274
MATCH,1.0000000189520106,0.9999999897928592,1.462948463531971,8,2,894.6497446669198,0.06973045885269291,sub-11,1.9999999999999996,274
WRONG,1.0000000174964006,0.9999999833585861,1.0666811710908528,8,2,3174.3783106913447,0.03966506972799127,sub-11,1.9999999999999998,274
POP,1.0000000060961225,0.0,0.0,4,2,inf,0.0,sub-12,0.0,275
MATCH,1.000000018592823,0.9999999771156967,3.2512586131835004,8,2,73.84992116628716,0.19708001650142018,sub-12,2.0000000000000004,275
WRONG,1.0000000247828456,0.9999999856415209,0.8795773473525674,8,2,1286.744009330767,0.05387195574594787,sub-12,2.0,275
POP,1.0000000233204223,0.0,0.0,4,2,inf,0.0,sub-11,0.0,276
MATCH,1.0000000233204223,0.9999999805537817,1.6526980448057722,8,2,1908.2915159588053,0.04561293396112131,sub-11,1.9999999999999993,276
WRONG,1.0000000233204223,0.9999999767847761,0.9278145365020578,8,2,4656.545967063095,0.032374597748140194,sub-11,2.0000000000000004,276
POP,1.0000000233204223,0.0,0.0,4,2,inf,0.0,sub-14,0.0,277
MATCH,1.0000000258124113,0.9999999805537817,0.9433088869144939,8,2,1461.706561013608,0.058133577965204665,sub-14,1.9999999999999996,277
WRONG,1.0000000233204223,0.9999999793268107,0.8979858307400537,8,2,1720.5049244506374,0.054612524771619,sub-14,1.9999999999999998,277
POP,1.0000000018204587,0.0,0.0,4,2,inf,0.0,sub-11,0.0,278
MATCH,1.0000000051173579,0.9999999742684148,0.6742960061837499,8,2,234.41322478751627,0.12329989295669865,sub-11,2.0,278
WRONG,1.0000000018204587,0.9999999742684148,0.633848716283112,8,2,83.33837571758468,0.21105276222688762,sub-11,1.9999999999999991,278
POP,1.0000000103215554,0.0,0.0,4,2,inf,0.0,sub-11,0.0,279
MATCH,1.0000000247425587,0.9999999841396281,1.6993317145925582,8,2,63.46204608298041,0.18441838610071798,sub-11,2.0000000000000004,279
WRONG,1.0000000103215554,0.999999984896943,3.781184549304428,8,2,168.62536995895115,0.13249033828586726,sub-11,2.0000000000000004,279
POP,1.0000000103215554,0.0,0.0,4,2,inf,0.0,sub-11,0.0,280
MATCH,1.0000000247425587,0.9999999841396281,1.6993317145925582,8,2,63.46204608298041,0.18441838610071798,sub-11,2.0000000000000004,280
WRONG,1.0000000176591206,0.9999999988265396,2.2084575722708566,8,2,113.23601944805954,0.16305895215222477,sub-11,2.0,280
POP,1.000000004354818,0.0,0.0,4,2,inf,0.0,sub-12,0.0,281
MATCH,1.0000000109385163,0.9999999954681511,1.9298580293964938,8,2,351.4364964935716,0.10766668055820187,sub-12,2.0,281
WRONG,1.000000004354818,0.9999999896402961,0.6371506602482898,8,2,258.2393093792754,0.12048543029016358,sub-12,2.0000000000000004,281
POP,1.0000000174964006,0.0,0.0,4,2,inf,0.0,sub-14,0.0,282
MATCH,1.0000000174964006,0.9999999833585861,1.0666811710908528,8,2,3174.3783106913447,0.03966506972799127,sub-14,1.9999999999999998,282
WRONG,1.0000000174964006,0.9999999736165011,8.329149742710893,8,2,119736.465490477,0.007376108717924523,sub-14,2.0000000000000004,282
POP,1.0000000233204223,0.0,0.0,4,2,inf,0.0,sub-14,0.0,283
MATCH,1.0000000258124113,0.9999999805537817,0.9433088869144939,8,2,1461.706561013608,0.058133577965204665,sub-14,1.9999999999999996,283
WRONG,1.0000000233204223,0.9999999805537817,1.2053265907047384,8,2,970.825268060741,0.067734175419166,sub-14,1.9999999999999996,283
POP,1.0000000060961225,0.0,0.0,4,2,inf,0.0,sub-14,0.0,284
MATCH,1.0000000122163495,0.9999999836548271,1.143152090630978,8,2,50.5256967969463,0.23631532333502864,sub-14,1.9999999999999998,284
WRONG,1.0000000124236608,0.9999999902864378,1.4629330304996135,8,2,765.589714457537,0.06353492328660947,sub-14,1.9999999999999998,284
POP,1.0000000174964006,0.0,0.0,4,2,inf,0.0,sub-14,0.0,285
MATCH,1.0000000174964006,0.9999999833585861,1.0666811710908528,8,2,3174.3783106913447,0.03966506972799127,sub-14,1.9999999999999998,285
WRONG,1.0000000174964006,0.9999999897928592,1.1282276088759728,8,2,5383.869172197686,0.03384455550455056,sub-14,1.9999999999999996,285
POP,1.0000000174964006,0.0,0.0,4,2,inf,0.0,sub-14,0.0,286
MATCH,1.0000000174964006,0.9999999833585861,1.0666811710908528,8,2,3174.3783106913447,0.03966506972799127,sub-14,1.9999999999999998,286
WRONG,1.0000000174964006,0.9999999897928592,1.010512315687331,8,2,2085.471373163927,0.048327451740504464,sub-14,1.9999999999999996,286
POP,1.000000004354818,0.0,0.0,4,2,inf,0.0,sub-11,0.0,287
MATCH,1.000000018068623,0.9999999964430838,0.41957722187473556,8,2,161.28745659639577,0.1480847531323249,sub-11,2.0,287
WRONG,1.000000004424508,0.9999999964430838,0.580767230267267,8,2,291.8109316383232,0.10279239726666482,sub-11,1.9999999999999993,287
POP,1.000000004354818,0.0,0.0,4,2,inf,0.0,sub-14,0.0,288
MATCH,1.0000000167569287,0.9999999964430838,0.7824076309332935,8,2,491.0053362399257,0.088158511039579,sub-14,1.9999999999999998,288
WRONG,1.000000004424508,0.9999999964430838,0.580767230267267,8,2,291.8109316383232,0.10279239726666482,sub-14,1.9999999999999993,288
POP,1.0000000174964006,0.0,0.0,4,2,inf,0.0,sub-14,0.0,289
MATCH,1.0000000174964006,0.9999999833585861,1.0666811710908528,8,2,3174.3783106913447,0.03966506972799127,sub-14,1.9999999999999998,289
WRONG,1.0000000174964006,0.9999999819313377,1.3666816700603495,8,2,11840.877214493921,0.022622511167450142,sub-14,2.0000000000000004,289
POP,1.0000000060961225,0.0,0.0,4,2,inf,0.0,sub-11,0.0,290
MATCH,1.0000000194148997,0.9999999902864378,1.8112574136878945,8,2,59.39881779666956,0.2330912676504252,sub-11,2.0000000000000004,290
WRONG,1.0000000084246086,0.999999982496611,1.3367361159162414,8,2,167.30390537422923,0.13285489561948638,sub-11,2.0000000000000004,290
POP,1.0000000103215554,0.0,0.0,4,2,inf,0.0,sub-12,0.0,291
MATCH,1.0000000103215554,0.999999984896943,3.781184549304428,8,2,168.62536995895115,0.13249033828586726,sub-12,2.0000000000000004,291
WRONG,1.0000000247425587,0.9999999841396281,1.6993317145925582,8,2,63.46204608298041,0.18441838610071798,sub-12,2.0000000000000004,291
POP,1.0000000018204587,0.0,0.0,4,2,inf,0.0,sub-14,0.0,292
MATCH,1.0000000158515707,0.9999999742684148,1.1098382420981001,8,2,101.68512015798,0.17244394075893615,sub-14,2.0,292
WRONG,1.0000000190947966,0.9999999742684148,0.6985499066726801,8,2,251.58392721904494,0.11919546104556371,sub-14,2.0000000000000004,292
POP,1.0000000174964006,0.0,0.0,4,2,inf,0.0,sub-12,0.0,293
MATCH,1.0000000174964006,0.9999999897928592,1.010512315687331,8,2,2085.471373163927,0.048327451740504464,sub-12,1.9999999999999996,293
WRONG,1.0000000174964006,0.9999999833585861,1.0666811710908528,8,2,3174.3783106913447,0.03966506972799127,sub-12,1.9999999999999998,293
POP,1.000000004354818,0.0,0.0,4,2,inf,0.0,sub-14,0.0,294
MATCH,1.0000000167569287,0.9999999964430838,0.7824076309332935,8,2,491.0053362399257,0.088158511039579,sub-14,1.9999999999999998,294
WRONG,1.0000000173392904,0.9999999964430838,0.6467863345129475,8,2,583.9372676312928,0.07566312121546301,sub-14,2.0000000000000004,294
POP,1.000000004354818,0.0,0.0,4,2,inf,0.0,sub-14,0.0,295
MATCH,1.0000000167569287,0.9999999964430838,0.7824076309332935,8,2,491.0053362399257,0.088158511039579,sub-14,1.9999999999999998,295
WRONG,1.000000004354818,0.9999999934402659,0.5152563082741416,8,2,253.18834101559264,0.11520913803293409,sub-14,2.0,295
POP,1.0000000233204223,0.0,0.0,4,2,inf,0.0,sub-14,0.0,296
MATCH,1.0000000258124113,0.9999999805537817,0.9433088869144939,8,2,1461.706561013608,0.058133577965204665,sub-14,1.9999999999999996,296
WRONG,1.0000000233204223,0.9999999805537817,0.9618419300482565,8,2,951.3568947704009,0.0707559569764008,sub-14,2.0,296
POP,1.0000000060961225,0.0,0.0,4,2,inf,0.0,sub-14,0.0,297
MATCH,1.0000000122163495,0.9999999836548271,1.143152090630978,8,2,50.5256967969463,0.23631532333502864,sub-14,1.9999999999999998,297
WRONG,1.0000000084246086,0.999999982496611,1.3367361159162414,8,2,167.30390537422923,0.13285489561948638,sub-14,2.0000000000000004,297
POP,1.0000000233204223,0.0,0.0,4,2,inf,0.0,sub-11,0.0,298
MATCH,1.0000000233204223,0.9999999805537817,1.6526980448057722,8,2,1908.2915159588053,0.04561293396112131,sub-11,1.9999999999999993,298
WRONG,1.0000000233204223,0.9999999793268107,0.8979858307400537,8,2,1720.5049244506374,0.054612524771619,sub-11,1.9999999999999998,298
POP,1.0000000103215554,0.0,0.0,4,2,inf,0.0,sub-12,0.0,299
MATCH,1.0000000103215554,0.999999984896943,3.781184549304428,8,2,168.62536995895115,0.13249033828586726,sub-12,2.0000000000000004,299
WRONG,1.000000010991176,0.9999999864291944,2.2096434489364136,8,2,237.8418748445868,0.12100664668850673,sub-12,2.0,299
POP,1.0000000060961225,0.0,0.0,4,2,inf,0.0,sub-14,0.0,300
MATCH,1.0000000122163495,0.9999999836548271,1.143152090630978,8,2,50.5256967969463,0.23631532333502864,sub-14,1.9999999999999998,300
WRONG,1.0000000084246086,0.999999982496611,1.3367361159162414,8,2,167.30390537422923,0.13285489561948638,sub-14,2.0000000000000004,300
POP,1.0000000018204587,0.0,0.0,4,2,inf,0.0,sub-14,0.0,301
MATCH,1.0000000158515707,0.9999999742684148,1.1098382420981001,8,2,101.68512015798,0.17244394075893615,sub-14,2.0,301
WRONG,1.0000000051173579,0.9999999742684148,0.6742960061837499,8,2,234.41322478751627,0.12329989295669865,sub-14,2.0,301
POP,1.000000004354818,0.0,0.0,4,2,inf,0.0,sub-14,0.0,302
MATCH,1.0000000167569287,0.9999999964430838,0.7824076309332935,8,2,491.0053362399257,0.088158511039579,sub-14,1.9999999999999998,302
WRONG,1.0000000144829717,0.9999999905964804,0.6509340983727503,8,2,261.28282793401416,0.11551824871413804,sub-14,1.9999999999999991,302
POP,1.0000000018204587,0.0,0.0,4,2,inf,0.0,sub-14,0.0,303
MATCH,1.0000000158515707,0.9999999742684148,1.1098382420981001,8,2,101.68512015798,0.17244394075893615,sub-14,2.0,303
WRONG,1.000000020884034,0.9999999742684148,0.9426519161644451,8,2,213.80969501478253,0.12894399072974597,sub-14,2.0000000000000004,303
POP,1.0000000018204587,0.0,0.0,4,2,inf,0.0,sub-14,0.0,304
MATCH,1.0000000158515707,0.9999999742684148,1.1098382420981001,8,2,101.68512015798,0.17244394075893615,sub-14,2.0,304
WRONG,1.0000000193102792,0.9999999742684148,0.6111766616600058,8,2,366.6645415970314,0.10352241501980412,sub-14,1.9999999999999993,304
POP,1.0000000174964006,0.0,0.0,4,2,inf,0.0,sub-12,0.0,305
MATCH,1.0000000174964006,0.9999999897928592,1.010512315687331,8,2,2085.471373163927,0.048327451740504464,sub-12,1.9999999999999996,305
WRONG,1.0000000174964006,0.9999999819313377,1.3666816700603495,8,2,11840.877214493921,0.022622511167450142,sub-12,2.0000000000000004,305
POP,1.0000000060961225,0.0,0.0,4,2,inf,0.0,sub-14,0.0,306
MATCH,1.0000000122163495,0.9999999836548271,1.143152090630978,8,2,50.5256967969463,0.23631532333502864,sub-14,1.9999999999999998,306
WRONG,1.0000000149299593,0.9999999809479769,0.9246242531150798,8,2,55.39869500999163,0.22558161913952368,sub-14,2.0,306
POP,1.000000004354818,0.0,0.0,4,2,inf,0.0,sub-14,0.0,307
MATCH,1.0000000167569287,0.9999999964430838,0.7824076309332935,8,2,491.0053362399257,0.088158511039579,sub-14,1.9999999999999998,307
WRONG,1.0000000104374653,0.9999999964430838,0.46163511284953884,8,2,268.5251194185745,0.1094633642759194,sub-14,2.000000000000001,307
POP,1.000000004354818,0.0,0.0,4,2,inf,0.0,sub-14,0.0,308
MATCH,1.0000000167569287,0.9999999964430838,0.7824076309332935,8,2,491.0053362399257,0.088158511039579,sub-14,1.9999999999999998,308
WRONG,1.000000004354818,0.9999999959405452,0.403108759276981,8,2,280.90704375045095,0.10335987560827202,sub-14,2.0000000000000004,308
POP,1.0000000174964006,0.0,0.0,4,2,inf,0.0,sub-12,0.0,309
MATCH,1.0000000174964006,0.9999999897928592,1.010512315687331,8,2,2085.471373163927,0.048327451740504464,sub-12,1.9999999999999996,309
WRONG,1.0000000174964006,0.9999999819313377,1.3666816700603495,8,2,11840.877214493921,0.022622511167450142,sub-12,2.0000000000000004,309
POP,1.0000000018204587,0.0,0.0,4,2,inf,0.0,sub-11,0.0,310
MATCH,1.0000000051173579,0.9999999742684148,0.6742960061837499,8,2,234.41322478751627,0.12329989295669865,sub-11,2.0,310
WRONG,1.0000000158515707,0.9999999742684148,1.1098382420981001,8,2,101.68512015798,0.17244394075893615,sub-11,2.0,310
POP,1.0000000060961225,0.0,0.0,4,2,inf,0.0,sub-14,0.0,311
MATCH,1.0000000122163495,0.9999999836548271,1.143152090630978,8,2,50.5256967969463,0.23631532333502864,sub-14,1.9999999999999998,311
WRONG,1.0000000284058692,0.9999999902864378,0.9702742971817989,8,2,54.656913351992685,0.23420935904876664,sub-14,2.0,311
POP,1.000000004354818,0.0,0.0,4,2,inf,0.0,sub-12,0.0,312
MATCH,1.0000000109385163,0.9999999954681511,1.9298580293964938,8,2,351.4364964935716,0.10766668055820187,sub-12,2.0,312
WRONG,1.000000004354818,0.9999999896402961,0.6371506602482898,8,2,258.2393093792754,0.12048543029016358,sub-12,2.0000000000000004,312
POP,1.0000000103215554,0.0,0.0,4,2,inf,0.0,sub-14,0.0,313
MATCH,1.0000000176591206,0.9999999988265396,2.2084575722708566,8,2,113.23601944805954,0.16305895215222477,sub-14,2.0,313
WRONG,1.0000000103215554,0.9999999907105943,1.03946323939786,8,2,301.04445985353465,0.11065120067498756,sub-14,1.9999999999999996,313
POP,1.0000000103215554,0.0,0.0,4,2,inf,0.0,sub-11,0.0,314
MATCH,1.0000000247425587,0.9999999841396281,1.6993317145925582,8,2,63.46204608298041,0.18441838610071798,sub-11,2.0000000000000004,314
WRONG,1.0000000103215554,0.9999999988265396,0.6902557914331889,8,2,141.77418608563414,0.1531475206358362,sub-11,2.0000000000000004,314
POP,1.0000000174964006,0.0,0.0,4,2,inf,0.0,sub-14,0.0,315
MATCH,1.0000000174964006,0.9999999833585861,1.0666811710908528,8,2,3174.3783106913447,0.03966506972799127,sub-14,1.9999999999999998,315
WRONG,1.0000000243905645,0.9999999859787851,0.9838746246686981,8,2,11911.822909623825,0.022159465300408195,sub-14,2.0,315
POP,1.000000004354818,0.0,0.0,4,2,inf,0.0,sub-11,0.0,316
MATCH,1.000000018068623,0.9999999964430838,0.41957722187473556,8,2,161.28745659639577,0.1480847531323249,sub-11,2.0,316
WRONG,1.0000000167569287,0.9999999964430838,0.7824076309332935,8,2,491.0053362399257,0.088158511039579,sub-11,1.9999999999999998,316
POP,1.0000000174964006,0.0,0.0,4,2,inf,0.0,sub-11,0.0,317
MATCH,1.0000000189520106,0.9999999897928592,1.462948463531971,8,2,894.6497446669198,0.06973045885269291,sub-11,1.9999999999999996,317
WRONG,1.0000000174964006,0.9999999833585861,1.0666811710908528,8,2,3174.3783106913447,0.03966506972799127,sub-11,1.9999999999999998,317
POP,1.0000000103215554,0.0,0.0,4,2,inf,0.0,sub-11,0.0,318
MATCH,1.0000000247425587,0.9999999841396281,1.6993317145925582,8,2,63.46204608298041,0.18441838610071798,sub-11,2.0000000000000004,318
WRONG,1.0000000103215554,0.999999984896943,3.781184549304428,8,2,168.62536995895115,0.13249033828586726,sub-11,2.0000000000000004,318
POP,1.0000000233204223,0.0,0.0,4,2,inf,0.0,sub-12,0.0,319
MATCH,1.0000000233204223,0.9999999805537817,1.2053265907047384,8,2,970.825268060741,0.067734175419166,sub-12,1.9999999999999996,319
WRONG,1.0000000233204223,0.9999999805537817,0.919045110137321,8,2,3939.763670881944,0.036162519892608845,sub-12,1.9999999999999996,319
POP,1.0000000233204223,0.0,0.0,4,2,inf,0.0,sub-14,0.0,320
MATCH,1.0000000258124113,0.9999999805537817,0.9433088869144939,8,2,1461.706561013608,0.058133577965204665,sub-14,1.9999999999999996,320
WRONG,1.0000000233204223,0.9999999805537817,0.918389714825204,8,2,2237.452920846803,0.047546127963936764,sub-14,2.0000000000000004,320
POP,1.000000004354818,0.0,0.0,4,2,inf,0.0,sub-14,0.0,321
MATCH,1.0000000167569287,0.9999999964430838,0.7824076309332935,8,2,491.0053362399257,0.088158511039579,sub-14,1.9999999999999998,321
WRONG,1.0000000109385163,0.9999999954681511,1.9298580293964938,8,2,351.4364964935716,0.10766668055820187,sub-14,2.0,321
POP,1.000000004354818,0.0,0.0,4,2,inf,0.0,sub-12,0.0,322
MATCH,1.0000000109385163,0.9999999954681511,1.9298580293964938,8,2,351.4364964935716,0.10766668055820187,sub-12,2.0,322
WRONG,1.0000000044129798,0.9999999844041719,0.8967228663442623,8,2,500.42003319350914,0.08298060704129058,sub-12,1.9999999999999996,322
POP,1.0000000103215554,0.0,0.0,4,2,inf,0.0,sub-12,0.0,323
MATCH,1.0000000103215554,0.999999984896943,3.781184549304428,8,2,168.62536995895115,0.13249033828586726,sub-12,2.0000000000000004,323
WRONG,1.000000010991176,0.9999999864291944,2.2096434489364136,8,2,237.8418748445868,0.12100664668850673,sub-12,2.0,323
POP,1.000000004354818,0.0,0.0,4,2,inf,0.0,sub-14,0.0,324
MATCH,1.0000000167569287,0.9999999964430838,0.7824076309332935,8,2,491.0053362399257,0.088158511039579,sub-14,1.9999999999999998,324
WRONG,1.000000004354818,0.9999999959405452,0.403108759276981,8,2,280.90704375045095,0.10335987560827202,sub-14,2.0000000000000004,324
POP,1.000000004354818,0.0,0.0,4,2,inf,0.0,sub-11,0.0,325
MATCH,1.000000018068623,0.9999999964430838,0.41957722187473556,8,2,161.28745659639577,0.1480847531323249,sub-11,2.0,325
WRONG,1.0000000104374653,0.9999999964430838,0.46163511284953884,8,2,268.5251194185745,0.1094633642759194,sub-11,2.000000000000001,325
POP,1.0000000018204587,0.0,0.0,4,2,inf,0.0,sub-11,0.0,326
MATCH,1.0000000051173579,0.9999999742684148,0.6742960061837499,8,2,234.41322478751627,0.12329989295669865,sub-11,2.0,326
WRONG,1.000000020884034,0.9999999742684148,0.9426519161644451,8,2,213.80969501478253,0.12894399072974597,sub-11,2.0000000000000004,326
POP,1.0000000233204223,0.0,0.0,4,2,inf,0.0,sub-14,0.0,327
MATCH,1.0000000258124113,0.9999999805537817,0.9433088869144939,8,2,1461.706561013608,0.058133577965204665,sub-14,1.9999999999999996,327
WRONG,1.0000000276691068,0.9999999805537817,0.9054825836549286,8,2,2103.0712118789775,0.048538091218847224,sub-14,1.9999999999999996,327
POP,1.0000000103215554,0.0,0.0,4,2,inf,0.0,sub-12,0.0,328
MATCH,1.0000000103215554,0.999999984896943,3.781184549304428,8,2,168.62536995895115,0.13249033828586726,sub-12,2.0000000000000004,328
WRONG,1.0000000176591206,0.9999999988265396,2.2084575722708566,8,2,113.23601944805954,0.16305895215222477,sub-12,2.0,328
POP,1.000000004354818,0.0,0.0,4,2,inf,0.0,sub-11,0.0,329
MATCH,1.000000018068623,0.9999999964430838,0.41957722187473556,8,2,161.28745659639577,0.1480847531323249,sub-11,2.0,329
WRONG,1.000000004354818,0.9999999934402659,0.5152563082741416,8,2,253.18834101559264,0.11520913803293409,sub-11,2.0,329
POP,1.0000000103215554,0.0,0.0,4,2,inf,0.0,sub-12,0.0,330
MATCH,1.0000000103215554,0.999999984896943,3.781184549304428,8,2,168.62536995895115,0.13249033828586726,sub-12,2.0000000000000004,330
WRONG,1.0000000111326555,0.9999999914230503,1.7461603604783573,8,2,134.71883857211355,0.16039589896863043,sub-12,2.0000000000000004,330
POP,1.000000004354818,0.0,0.0,4,2,inf,0.0,sub-11,0.0,331
MATCH,1.000000018068623,0.9999999964430838,0.41957722187473556,8,2,161.28745659639577,0.1480847531323249,sub-11,2.0,331
WRONG,1.000000004354818,0.9999999934402659,0.5152563082741416,8,2,253.18834101559264,0.11520913803293409,sub-11,2.0,331
POP,1.0000000174964006,0.0,0.0,4,2,inf,0.0,sub-14,0.0,332
MATCH,1.0000000174964006,0.9999999833585861,1.0666811710908528,8,2,3174.3783106913447,0.03966506972799127,sub-14,1.9999999999999998,332
WRONG,1.0000000174964006,0.9999999897928592,1.1282276088759728,8,2,5383.869172197686,0.03384455550455056,sub-14,1.9999999999999996,332
POP,1.0000000233204223,0.0,0.0,4,2,inf,0.0,sub-11,0.0,333
MATCH,1.0000000233204223,0.9999999805537817,1.6526980448057722,8,2,1908.2915159588053,0.04561293396112131,sub-11,1.9999999999999993,333
WRONG,1.0000000233204223,0.9999999805537817,0.919045110137321,8,2,3939.763670881944,0.036162519892608845,sub-11,1.9999999999999996,333
POP,1.0000000174964006,0.0,0.0,4,2,inf,0.0,sub-12,0.0,334
MATCH,1.0000000174964006,0.9999999897928592,1.010512315687331,8,2,2085.471373163927,0.048327451740504464,sub-12,1.9999999999999996,334
WRONG,1.0000000174964006,0.9999999781725377,0.9858314229571387,8,2,9677.816499664013,0.024137667703990413,sub-12,2.0000000000000013,334
POP,1.0000000233204223,0.0,0.0,4,2,inf,0.0,sub-14,0.0,335
MATCH,1.0000000258124113,0.9999999805537817,0.9433088869144939,8,2,1461.706561013608,0.058133577965204665,sub-14,1.9999999999999996,335
WRONG,1.0000000233204223,0.9999999805537817,0.918389714825204,8,2,2237.452920846803,0.047546127963936764,sub-14,2.0000000000000004,335
POP,1.0000000060961225,0.0,0.0,4,2,inf,0.0,sub-12,0.0,336
MATCH,1.000000018592823,0.9999999771156967,3.2512586131835004,8,2,73.84992116628716,0.19708001650142018,sub-12,2.0000000000000004,336
WRONG,1.0000000149299593,0.9999999809479769,0.9246242531150798,8,2,55.39869500999163,0.22558161913952368,sub-12,2.0,336
POP,1.000000004354818,0.0,0.0,4,2,inf,0.0,sub-14,0.0,337
MATCH,1.0000000167569287,0.9999999964430838,0.7824076309332935,8,2,491.0053362399257,0.088158511039579,sub-14,1.9999999999999998,337
WRONG,1.0000000044129798,0.9999999844041719,0.8967228663442623,8,2,500.42003319350914,0.08298060704129058,sub-14,1.9999999999999996,337
POP,1.0000000103215554,0.0,0.0,4,2,inf,0.0,sub-12,0.0,338
MATCH,1.0000000103215554,0.999999984896943,3.781184549304428,8,2,168.62536995895115,0.13249033828586726,sub-12,2.0000000000000004,338
WRONG,1.0000000176591206,0.9999999988265396,2.2084575722708566,8,2,113.23601944805954,0.16305895215222477,sub-12,2.0,338
POP,1.0000000233204223,0.0,0.0,4,2,inf,0.0,sub-11,0.0,339
MATCH,1.0000000233204223,0.9999999805537817,1.6526980448057722,8,2,1908.2915159588053,0.04561293396112131,sub-11,1.9999999999999993,339
WRONG,1.0000000233204223,0.9999999805537817,0.918389714825204,8,2,2237.452920846803,0.047546127963936764,sub-11,2.0000000000000004,339
POP,1.0000000103215554,0.0,0.0,4,2,inf,0.0,sub-14,0.0,340
MATCH,1.0000000176591206,0.9999999988265396,2.2084575722708566,8,2,113.23601944805954,0.16305895215222477,sub-14,2.0,340
WRONG,1.0000000103215554,0.9999999988265396,1.3407597420968074,8,2,157.46819571894346,0.15397433200491434,sub-14,2.0,340
POP,1.0000000060961225,0.0,0.0,4,2,inf,0.0,sub-12,0.0,341
MATCH,1.000000018592823,0.9999999771156967,3.2512586131835004,8,2,73.84992116628716,0.19708001650142018,sub-12,2.0000000000000004,341
WRONG,1.0000000122163495,0.9999999836548271,1.143152090630978,8,2,50.5256967969463,0.23631532333502864,sub-12,1.9999999999999998,341
POP,1.0000000060961225,0.0,0.0,4,2,inf,0.0,sub-12,0.0,342
MATCH,1.000000018592823,0.9999999771156967,3.2512586131835004,8,2,73.84992116628716,0.19708001650142018,sub-12,2.0000000000000004,342
WRONG,1.0000000194148997,0.9999999902864378,1.8112574136878945,8,2,59.39881779666956,0.2330912676504252,sub-12,2.0000000000000004,342
POP,1.000000004354818,0.0,0.0,4,2,inf,0.0,sub-11,0.0,343
MATCH,1.000000018068623,0.9999999964430838,0.41957722187473556,8,2,161.28745659639577,0.1480847531323249,sub-11,2.0,343
WRONG,1.000000004354818,0.9999999896402961,0.6371506602482898,8,2,258.2393093792754,0.12048543029016358,sub-11,2.0000000000000004,343
POP,1.000000004354818,0.0,0.0,4,2,inf,0.0,sub-11,0.0,344
MATCH,1.000000018068623,0.9999999964430838,0.41957722187473556,8,2,161.28745659639577,0.1480847531323249,sub-11,2.0,344
WRONG,1.0000000104374653,0.9999999964430838,0.46163511284953884,8,2,268.5251194185745,0.1094633642759194,sub-11,2.000000000000001,344
POP,1.0000000103215554,0.0,0.0,4,2,inf,0.0,sub-12,0.0,345
MATCH,1.0000000103215554,0.999999984896943,3.781184549304428,8,2,168.62536995895115,0.13249033828586726,sub-12,2.0000000000000004,345
WRONG,1.0000000103215554,0.9999999988265396,1.3407597420968074,8,2,157.46819571894346,0.15397433200491434,sub-12,2.0,345
POP,1.0000000233204223,0.0,0.0,4,2,inf,0.0,sub-12,0.0,346
MATCH,1.0000000233204223,0.9999999805537817,1.2053265907047384,8,2,970.825268060741,0.067734175419166,sub-12,1.9999999999999996,346
WRONG,1.0000000233204223,0.9999999757307335,6.96101665676673,8,2,128001.80630799758,0.006784183843712461,sub-12,1.999999999999999,346
POP,1.0000000103215554,0.0,0.0,4,2,inf,0.0,sub-11,0.0,347
MATCH,1.0000000247425587,0.9999999841396281,1.6993317145925582,8,2,63.46204608298041,0.18441838610071798,sub-11,2.0000000000000004,347
WRONG,1.000000010991176,0.9999999864291944,2.2096434489364136,8,2,237.8418748445868,0.12100664668850673,sub-11,2.0,347
POP,1.0000000233204223,0.0,0.0,4,2,inf,0.0,sub-14,0.0,348
MATCH,1.0000000258124113,0.9999999805537817,0.9433088869144939,8,2,1461.706561013608,0.058133577965204665,sub-14,1.9999999999999996,348
WRONG,1.0000000233204223,0.9999999793268107,0.8979858307400537,8,2,1720.5049244506374,0.054612524771619,sub-14,1.9999999999999998,348
POP,1.0000000174964006,0.0,0.0,4,2,inf,0.0,sub-14,0.0,349
MATCH,1.0000000174964006,0.9999999833585861,1.0666811710908528,8,2,3174.3783106913447,0.03966506972799127,sub-14,1.9999999999999998,349
WRONG,1.0000000174964006,0.9999999897928592,1.1282276088759728,8,2,5383.869172197686,0.03384455550455056,sub-14,1.9999999999999996,349
POP,1.0000000103215554,0.0,0.0,4,2,inf,0.0,sub-14,0.0,350
MATCH,1.0000000176591206,0.9999999988265396,2.2084575722708566,8,2,113.23601944805954,0.16305895215222477,sub-14,2.0,350
WRONG,1.0000000103215554,0.9999999988265396,1.3407597420968074,8,2,157.46819571894346,0.15397433200491434,sub-14,2.0,350
POP,1.000000004354818,0.0,0.0,4,2,inf,0.0,sub-12,0.0,351
MATCH,1.0000000109385163,0.9999999954681511,1.9298580293964938,8,2,351.4364964935716,0.10766668055820187,sub-12,2.0,351
WRONG,1.0000000173392904,0.9999999964430838,0.6467863345129475,8,2,583.9372676312928,0.07566312121546301,sub-12,2.0000000000000004,351
POP,1.0000000060961225,0.0,0.0,4,2,inf,0.0,sub-14,0.0,352
MATCH,1.0000000122163495,0.9999999836548271,1.143152090630978,8,2,50.5256967969463,0.23631532333502864,sub-14,1.9999999999999998,352
WRONG,1.0000000284058692,0.9999999902864378,0.9702742971817989,8,2,54.656913351992685,0.23420935904876664,sub-14,2.0,352
POP,1.0000000174964006,0.0,0.0,4,2,inf,0.0,sub-11,0.0,353
MATCH,1.0000000189520106,0.9999999897928592,1.462948463531971,8,2,894.6497446669198,0.06973045885269291,sub-11,1.9999999999999996,353
WRONG,1.0000000194999894,0.9999999788893223,0.9995202715918321,8,2,2396.595038980205,0.04810308529818618,sub-11,1.9999999999999993,353
POP,1.0000000103215554,0.0,0.0,4,2,inf,0.0,sub-12,0.0,354
MATCH,1.0000000103215554,0.999999984896943,3.781184549304428,8,2,168.62536995895115,0.13249033828586726,sub-12,2.0000000000000004,354
WRONG,1.0000000111326555,0.9999999914230503,1.7461603604783573,8,2,134.71883857211355,0.16039589896863043,sub-12,2.0000000000000004,354
POP,1.0000000060961225,0.0,0.0,4,2,inf,0.0,sub-12,0.0,355
MATCH,1.000000018592823,0.9999999771156967,3.2512586131835004,8,2,73.84992116628716,0.19708001650142018,sub-12,2.0000000000000004,355
WRONG,1.0000000084246086,0.999999982496611,1.3367361159162414,8,2,167.30390537422923,0.13285489561948638,sub-12,2.0000000000000004,355
POP,1.0000000018204587,0.0,0.0,4,2,inf,0.0,sub-14,0.0,356
MATCH,1.0000000158515707,0.9999999742684148,1.1098382420981001,8,2,101.68512015798,0.17244394075893615,sub-14,2.0,356
WRONG,1.0000000178125878,0.9999999742684148,0.5830557965164241,8,2,239.57730691740187,0.1302309564087188,sub-14,2.0,356
POP,1.0000000060961225,0.0,0.0,4,2,inf,0.0,sub-14,0.0,357
MATCH,1.0000000122163495,0.9999999836548271,1.143152090630978,8,2,50.5256967969463,0.23631532333502864,sub-14,1.9999999999999998,357
WRONG,1.0000000232481534,0.9999999902864378,1.5289136096576255,8,2,1381.0103827886687,0.0566526119397476,sub-14,2.000000000000001,357
POP,1.000000004354818,0.0,0.0,4,2,inf,0.0,sub-12,0.0,358
MATCH,1.0000000109385163,0.9999999954681511,1.9298580293964938,8,2,351.4364964935716,0.10766668055820187,sub-12,2.0,358
WRONG,1.0000000078512228,0.9999999964430838,0.7875126271971018,8,2,278.3331127374646,0.13314931913229552,sub-12,2.0,358
POP,1.000000004354818,0.0,0.0,4,2,inf,0.0,sub-12,0.0,359
MATCH,1.0000000109385163,0.9999999954681511,1.9298580293964938,8,2,351.4364964935716,0.10766668055820187,sub-12,2.0,359
WRONG,1.000000004354818,0.9999999896402961,0.6371506602482898,8,2,258.2393093792754,0.12048543029016358,sub-12,2.0000000000000004,359
POP,1.0000000174964006,0.0,0.0,4,2,inf,0.0,sub-12,0.0,360
MATCH,1.0000000174964006,0.9999999897928592,1.010512315687331,8,2,2085.471373163927,0.048327451740504464,sub-12,1.9999999999999996,360
WRONG,1.0000000215926634,0.9999999879705377,1.0201685592663101,8,2,4729.305350942559,0.03599033470781696,sub-12,1.9999999999999996,360
POP,1.0000000233204223,0.0,0.0,4,2,inf,0.0,sub-14,0.0,361
MATCH,1.0000000258124113,0.9999999805537817,0.9433088869144939,8,2,1461.706561013608,0.058133577965204665,sub-14,1.9999999999999996,361
WRONG,1.0000000233204223,0.9999999805537817,1.2053265907047384,8,2,970.825268060741,0.067734175419166,sub-14,1.9999999999999996,361
POP,1.0000000233204223,0.0,0.0,4,2,inf,0.0,sub-14,0.0,362
MATCH,1.0000000258124113,0.9999999805537817,0.9433088869144939,8,2,1461.706561013608,0.058133577965204665,sub-14,1.9999999999999996,362
WRONG,1.0000000233204223,0.9999999805537817,0.918389714825204,8,2,2237.452920846803,0.047546127963936764,sub-14,2.0000000000000004,362
POP,1.000000004354818,0.0,0.0,4,2,inf,0.0,sub-12,0.0,363
MATCH,1.0000000109385163,0.9999999954681511,1.9298580293964938,8,2,351.4364964935716,0.10766668055820187,sub-12,2.0,363
WRONG,1.000000004354818,0.9999999858450551,0.6064116779926466,8,2,239.76646178259222,0.11742019221157786,sub-12,2.000000000000001,363
POP,1.0000000018204587,0.0,0.0,4,2,inf,0.0,sub-12,0.0,364
MATCH,1.000000011492889,0.9999999742684148,1.3345029467235623,8,2,164.78752918285767,0.13702488710067612,sub-12,1.9999999999999993,364
WRONG,1.000000020884034,0.9999999742684148,0.9426519161644451,8,2,213.80969501478253,0.12894399072974597,sub-12,2.0000000000000004,364
POP,1.0000000018204587,0.0,0.0,4,2,inf,0.0,sub-12,0.0,365
MATCH,1.000000011492889,0.9999999742684148,1.3345029467235623,8,2,164.78752918285767,0.13702488710067612,sub-12,1.9999999999999993,365
WRONG,1.0000000187150149,0.9999999742684148,2.4306365024845933,8,2,2129.285909697887,0.04807725471070611,sub-12,1.9999999999999993,365
POP,1.0000000060961225,0.0,0.0,4,2,inf,0.0,sub-12,0.0,366
MATCH,1.000000018592823,0.9999999771156967,3.2512586131835004,8,2,73.84992116628716,0.19708001650142018,sub-12,2.0000000000000004,366
WRONG,1.0000000123688555,0.9999999715629238,1.0261794086673417,8,2,41.407451437038404,0.26790042322872004,sub-12,2.0,366
POP,1.000000004354818,0.0,0.0,4,2,inf,0.0,sub-14,0.0,367
MATCH,1.0000000167569287,0.9999999964430838,0.7824076309332935,8,2,491.0053362399257,0.088158511039579,sub-14,1.9999999999999998,367
WRONG,1.0000000144829717,0.9999999905964804,0.6509340983727503,8,2,261.28282793401416,0.11551824871413804,sub-14,1.9999999999999991,367
POP,1.000000004354818,0.0,0.0,4,2,inf,0.0,sub-11,0.0,368
MATCH,1.000000018068623,0.9999999964430838,0.41957722187473556,8,2,161.28745659639577,0.1480847531323249,sub-11,2.0,368
WRONG,1.000000004354818,0.9999999934402659,0.5152563082741416,8,2,253.18834101559264,0.11520913803293409,sub-11,2.0,368
POP,1.0000000233204223,0.0,0.0,4,2,inf,0.0,sub-14,0.0,369
MATCH,1.0000000258124113,0.9999999805537817,0.9433088869144939,8,2,1461.706561013608,0.058133577965204665,sub-14,1.9999999999999996,369
WRONG,1.0000000233204223,0.9999999805537817,1.2053265907047384,8,2,970.825268060741,0.067734175419166,sub-14,1.9999999999999996,369
POP,1.0000000174964006,0.0,0.0,4,2,inf,0.0,sub-11,0.0,370
MATCH,1.0000000189520106,0.9999999897928592,1.462948463531971,8,2,894.6497446669198,0.06973045885269291,sub-11,1.9999999999999996,370
WRONG,1.0000000174964006,0.9999999781725377,0.9858314229571387,8,2,9677.816499664013,0.024137667703990413,sub-11,2.0000000000000013,370
POP,1.0000000103215554,0.0,0.0,4,2,inf,0.0,sub-11,0.0,371
MATCH,1.0000000247425587,0.9999999841396281,1.6993317145925582,8,2,63.46204608298041,0.18441838610071798,sub-11,2.0000000000000004,371
WRONG,1.0000000103215554,0.999999984896943,3.781184549304428,8,2,168.62536995895115,0.13249033828586726,sub-11,2.0000000000000004,371
POP,1.0000000174964006,0.0,0.0,4,2,inf,0.0,sub-14,0.0,372
MATCH,1.0000000174964006,0.9999999833585861,1.0666811710908528,8,2,3174.3783106913447,0.03966506972799127,sub-14,1.9999999999999998,372
WRONG,1.0000000174964006,0.9999999897928592,1.010512315687331,8,2,2085.471373163927,0.048327451740504464,sub-14,1.9999999999999996,372
POP,1.0000000060961225,0.0,0.0,4,2,inf,0.0,sub-11,0.0,373
MATCH,1.0000000194148997,0.9999999902864378,1.8112574136878945,8,2,59.39881779666956,0.2330912676504252,sub-11,2.0000000000000004,373
WRONG,1.0000000247828456,0.9999999856415209,0.8795773473525674,8,2,1286.744009330767,0.05387195574594787,sub-11,2.0,373
POP,1.000000004354818,0.0,0.0,4,2,inf,0.0,sub-14,0.0,374
MATCH,1.0000000167569287,0.9999999964430838,0.7824076309332935,8,2,491.0053362399257,0.088158511039579,sub-14,1.9999999999999998,374
WRONG,1.000000004424508,0.9999999964430838,0.580767230267267,8,2,291.8109316383232,0.10279239726666482,sub-14,1.9999999999999993,374
POP,1.0000000103215554,0.0,0.0,4,2,inf,0.0,sub-14,0.0,375
MATCH,1.0000000176591206,0.9999999988265396,2.2084575722708566,8,2,113.23601944805954,0.16305895215222477,sub-14,2.0,375
WRONG,1.0000000103215554,0.9999999960493973,2.3962464058400696,8,2,396.490320653339,0.10221790635539908,sub-14,1.9999999999999998,375
POP,1.0000000174964006,0.0,0.0,4,2,inf,0.0,sub-14,0.0,376
MATCH,1.0000000174964006,0.9999999833585861,1.0666811710908528,8,2,3174.3783106913447,0.03966506972799127,sub-14,1.9999999999999998,376
WRONG,1.0000000174964006,0.9999999736165011,8.329149742710893,8,2,119736.465490477,0.007376108717924523,sub-14,2.0000000000000004,376
POP,1.0000000233204223,0.0,0.0,4,2,inf,0.0,sub-14,0.0,377
MATCH,1.0000000258124113,0.9999999805537817,0.9433088869144939,8,2,1461.706561013608,0.058133577965204665,sub-14,1.9999999999999996,377
WRONG,1.0000000233204223,0.9999999649844805,0.8805437067225433,8,2,1591.5808946141867,0.053854397651432295,sub-14,1.9999999999999993,377
POP,1.0000000174964006,0.0,0.0,4,2,inf,0.0,sub-12,0.0,378
MATCH,1.0000000174964006,0.9999999897928592,1.010512315687331,8,2,2085.471373163927,0.048327451740504464,sub-12,1.9999999999999996,378
WRONG,1.0000000174964006,0.9999999736165011,8.329149742710893,8,2,119736.465490477,0.007376108717924523,sub-12,2.0000000000000004,378
POP,1.0000000174964006,0.0,0.0,4,2,inf,0.0,sub-11,0.0,379
MATCH,1.0000000189520106,0.9999999897928592,1.462948463531971,8,2,894.6497446669198,0.06973045885269291,sub-11,1.9999999999999996,379
WRONG,1.0000000243905645,0.9999999859787851,0.9838746246686981,8,2,11911.822909623825,0.022159465300408195,sub-11,2.0,379
POP,1.0000000060961225,0.0,0.0,4,2,inf,0.0,sub-11,0.0,380
MATCH,1.0000000194148997,0.9999999902864378,1.8112574136878945,8,2,59.39881779666956,0.2330912676504252,sub-11,2.0000000000000004,380
WRONG,1.0000000247828456,0.9999999856415209,0.8795773473525674,8,2,1286.744009330767,0.05387195574594787,sub-11,2.0,380
POP,1.0000000018204587,0.0,0.0,4,2,inf,0.0,sub-14,0.0,381
MATCH,1.0000000158515707,0.9999999742684148,1.1098382420981001,8,2,101.68512015798,0.17244394075893615,sub-14,2.0,381
WRONG,1.0000000190947966,0.9999999742684148,0.6985499066726801,8,2,251.58392721904494,0.11919546104556371,sub-14,2.0000000000000004,381
POP,1.0000000060961225,0.0,0.0,4,2,inf,0.0,sub-12,0.0,382
MATCH,1.000000018592823,0.9999999771156967,3.2512586131835004,8,2,73.84992116628716,0.19708001650142018,sub-12,2.0000000000000004,382
WRONG,1.0000000232481534,0.9999999902864378,1.5289136096576255,8,2,1381.0103827886687,0.0566526119397476,sub-12,2.000000000000001,382
POP,1.0000000018204587,0.0,0.0,4,2,inf,0.0,sub-14,0.0,383
MATCH,1.0000000158515707,0.9999999742684148,1.1098382420981001,8,2,101.68512015798,0.17244394075893615,sub-14,2.0,383
WRONG,1.0000000193102792,0.9999999742684148,0.6111766616600058,8,2,366.6645415970314,0.10352241501980412,sub-14,1.9999999999999993,383
POP,1.0000000103215554,0.0,0.0,4,2,inf,0.0,sub-14,0.0,384
MATCH,1.0000000176591206,0.9999999988265396,2.2084575722708566,8,2,113.23601944805954,0.16305895215222477,sub-14,2.0,384
WRONG,1.0000000103215554,0.9999999877869518,1.4212303274008147,8,2,352.38266993894126,0.08910225981226615,sub-14,1.9999999999999993,384
POP,1.0000000018204587,0.0,0.0,4,2,inf,0.0,sub-14,0.0,385
MATCH,1.0000000158515707,0.9999999742684148,1.1098382420981001,8,2,101.68512015798,0.17244394075893615,sub-14,2.0,385
WRONG,1.0000000193102792,0.9999999742684148,0.6111766616600058,8,2,366.6645415970314,0.10352241501980412,sub-14,1.9999999999999993,385
POP,1.0000000174964006,0.0,0.0,4,2,inf,0.0,sub-12,0.0,386
MATCH,1.0000000174964006,0.9999999897928592,1.010512315687331,8,2,2085.471373163927,0.048327451740504464,sub-12,1.9999999999999996,386
WRONG,1.000000025614892,0.9999999897928592,0.9927019203181305,8,2,4457.866679583794,0.03592753457504569,sub-12,1.9999999999999984,386
POP,1.0000000233204223,0.0,0.0,4,2,inf,0.0,sub-11,0.0,387
MATCH,1.0000000233204223,0.9999999805537817,1.6526980448057722,8,2,1908.2915159588053,0.04561293396112131,sub-11,1.9999999999999993,387
WRONG,1.0000000247058096,0.9999999805537817,0.972424222874299,8,2,2875.545933643535,0.038475837099546134,sub-11,1.9999999999999998,387
POP,1.0000000233204223,0.0,0.0,4,2,inf,0.0,sub-11,0.0,388
MATCH,1.0000000233204223,0.9999999805537817,1.6526980448057722,8,2,1908.2915159588053,0.04561293396112131,sub-11,1.9999999999999993,388
WRONG,1.0000000247058096,0.9999999805537817,0.972424222874299,8,2,2875.545933643535,0.038475837099546134,sub-11,1.9999999999999998,388
POP,1.0000000018204587,0.0,0.0,4,2,inf,0.0,sub-11,0.0,389
MATCH,1.0000000051173579,0.9999999742684148,0.6742960061837499,8,2,234.41322478751627,0.12329989295669865,sub-11,2.0,389
WRONG,1.0000000193102792,0.9999999742684148,0.6111766616600058,8,2,366.6645415970314,0.10352241501980412,sub-11,1.9999999999999993,389
POP,1.0000000060961225,0.0,0.0,4,2,inf,0.0,sub-12,0.0,390
MATCH,1.000000018592823,0.9999999771156967,3.2512586131835004,8,2,73.84992116628716,0.19708001650142018,sub-12,2.0000000000000004,390
WRONG,1.0000000124236608,0.9999999902864378,1.4629330304996135,8,2,765.589714457537,0.06353492328660947,sub-12,1.9999999999999998,390
POP,1.0000000174964006,0.0,0.0,4,2,inf,0.0,sub-14,0.0,391
MATCH,1.0000000174964006,0.9999999833585861,1.0666811710908528,8,2,3174.3783106913447,0.03966506972799127,sub-14,1.9999999999999998,391
WRONG,1.000000025614892,0.9999999897928592,0.9927019203181305,8,2,4457.866679583794,0.03592753457504569,sub-14,1.9999999999999984,391
POP,1.0000000174964006,0.0,0.0,4,2,inf,0.0,sub-11,0.0,392
MATCH,1.0000000189520106,0.9999999897928592,1.462948463531971,8,2,894.6497446669198,0.06973045885269291,sub-11,1.9999999999999996,392
WRONG,1.0000000174964006,0.9999999897928592,1.010512315687331,8,2,2085.471373163927,0.048327451740504464,sub-11,1.9999999999999996,392
POP,1.0000000018204587,0.0,0.0,4,2,inf,0.0,sub-14,0.0,393
MATCH,1.0000000158515707,0.9999999742684148,1.1098382420981001,8,2,101.68512015798,0.17244394075893615,sub-14,2.0,393
WRONG,1.0000000190947966,0.9999999742684148,0.6985499066726801,8,2,251.58392721904494,0.11919546104556371,sub-14,2.0000000000000004,393
POP,1.0000000103215554,0.0,0.0,4,2,inf,0.0,sub-14,0.0,394
MATCH,1.0000000176591206,0.9999999988265396,2.2084575722708566,8,2,113.23601944805954,0.16305895215222477,sub-14,2.0,394
WRONG,1.000000017460474,0.9999999780103294,1.4830157135682143,8,2,346.1169489534504,0.09441760103481803,sub-14,2.000000000000001,394
POP,1.0000000233204223,0.0,0.0,4,2,inf,0.0,sub-14,0.0,395
MATCH,1.0000000258124113,0.9999999805537817,0.9433088869144939,8,2,1461.706561013608,0.058133577965204665,sub-14,1.9999999999999996,395
WRONG,1.0000000276691068,0.9999999805537817,0.9054825836549286,8,2,2103.0712118789775,0.048538091218847224,sub-14,1.9999999999999996,395
POP,1.000000004354818,0.0,0.0,4,2,inf,0.0,sub-12,0.0,396
MATCH,1.0000000109385163,0.9999999954681511,1.9298580293964938,8,2,351.4364964935716,0.10766668055820187,sub-12,2.0,396
WRONG,1.000000004354818,0.9999999858450551,0.6064116779926466,8,2,239.76646178259222,0.11742019221157786,sub-12,2.000000000000001,396
POP,1.0000000018204587,0.0,0.0,4,2,inf,0.0,sub-14,0.0,397
MATCH,1.0000000158515707,0.9999999742684148,1.1098382420981001,8,2,101.68512015798,0.17244394075893615,sub-14,2.0,397
WRONG,1.0000000193102792,0.9999999742684148,0.6111766616600058,8,2,366.6645415970314,0.10352241501980412,sub-14,1.9999999999999993,397
POP,1.0000000174964006,0.0,0.0,4,2,inf,0.0,sub-12,0.0,398
MATCH,1.0000000174964006,0.9999999897928592,1.010512315687331,8,2,2085.471373163927,0.048327451740504464,sub-12,1.9999999999999996,398
WRONG,1.0000000189520106,0.9999999897928592,1.462948463531971,8,2,894.6497446669198,0.06973045885269291,sub-12,1.9999999999999996,398
POP,1.0000000174964006,0.0,0.0,4,2,inf,0.0,sub-14,0.0,399
MATCH,1.0000000174964006,0.9999999833585861,1.0666811710908528,8,2,3174.3783106913447,0.03966506972799127,sub-14,1.9999999999999998,399
WRONG,1.000000025614892,0.9999999897928592,0.9927019203181305,8,2,4457.866679583794,0.03592753457504569,sub-14,1.9999999999999984,399
POP,1.0000000233204223,0.0,0.0,4,2,inf,0.0,sub-12,0.0,400
MATCH,1.0000000233204223,0.9999999805537817,1.2053265907047384,8,2,970.825268060741,0.067734175419166,sub-12,1.9999999999999996,400
WRONG,1.0000000276691068,0.9999999805537817,0.9054825836549286,8,2,2103.0712118789775,0.048538091218847224,sub-12,1.9999999999999996,400
POP,1.0000000018204587,0.0,0.0,4,2,inf,0.0,sub-14,0.0,401
MATCH,1.0000000158515707,0.9999999742684148,1.1098382420981001,8,2,101.68512015798,0.17244394075893615,sub-14,2.0,401
WRONG,1.0000000190947966,0.9999999742684148,0.6985499066726801,8,2,251.58392721904494,0.11919546104556371,sub-14,2.0000000000000004,401
POP,1.0000000018204587,0.0,0.0,4,2,inf,0.0,sub-14,0.0,402
MATCH,1.0000000158515707,0.9999999742684148,1.1098382420981001,8,2,101.68512015798,0.17244394075893615,sub-14,2.0,402
WRONG,1.000000020884034,0.9999999742684148,0.9426519161644451,8,2,213.80969501478253,0.12894399072974597,sub-14,2.0000000000000004,402
POP,1.0000000233204223,0.0,0.0,4,2,inf,0.0,sub-12,0.0,403
MATCH,1.0000000233204223,0.9999999805537817,1.2053265907047384,8,2,970.825268060741,0.067734175419166,sub-12,1.9999999999999996,403
WRONG,1.0000000233204223,0.9999999805537817,0.919045110137321,8,2,3939.763670881944,0.036162519892608845,sub-12,1.9999999999999996,403
POP,1.0000000103215554,0.0,0.0,4,2,inf,0.0,sub-12,0.0,404
MATCH,1.0000000103215554,0.999999984896943,3.781184549304428,8,2,168.62536995895115,0.13249033828586726,sub-12,2.0000000000000004,404
WRONG,1.0000000176591206,0.9999999988265396,2.2084575722708566,8,2,113.23601944805954,0.16305895215222477,sub-12,2.0,404
POP,1.0000000233204223,0.0,0.0,4,2,inf,0.0,sub-12,0.0,405
MATCH,1.0000000233204223,0.9999999805537817,1.2053265907047384,8,2,970.825268060741,0.067734175419166,sub-12,1.9999999999999996,405
WRONG,1.0000000233204223,0.9999999793355456,1.0410195103720374,8,2,852.8842516523283,0.07324293991647117,sub-12,2.000000000000001,405
POP,1.0000000174964006,0.0,0.0,4,2,inf,0.0,sub-14,0.0,406
MATCH,1.0000000174964006,0.9999999833585861,1.0666811710908528,8,2,3174.3783106913447,0.03966506972799127,sub-14,1.9999999999999998,406
WRONG,1.0000000174964006,0.9999999781725377,0.9858314229571387,8,2,9677.816499664013,0.024137667703990413,sub-14,2.0000000000000013,406
POP,1.000000004354818,0.0,0.0,4,2,inf,0.0,sub-11,0.0,407
MATCH,1.000000018068623,0.9999999964430838,0.41957722187473556,8,2,161.28745659639577,0.1480847531323249,sub-11,2.0,407
WRONG,1.000000004424508,0.9999999964430838,0.580767230267267,8,2,291.8109316383232,0.10279239726666482,sub-11,1.9999999999999993,407
POP,1.0000000174964006,0.0,0.0,4,2,inf,0.0,sub-11,0.0,408
MATCH,1.0000000189520106,0.9999999897928592,1.462948463531971,8,2,894.6497446669198,0.06973045885269291,sub-11,1.9999999999999996,408
WRONG,1.0000000174964006,0.9999999833585861,1.0666811710908528,8,2,3174.3783106913447,0.03966506972799127,sub-11,1.9999999999999998,408
POP,1.0000000060961225,0.0,0.0,4,2,inf,0.0,sub-12,0.0,409
MATCH,1.000000018592823,0.9999999771156967,3.2512586131835004,8,2,73.84992116628716,0.19708001650142018,sub-12,2.0000000000000004,409
WRONG,1.0000000247828456,0.9999999856415209,0.8795773473525674,8,2,1286.744009330767,0.05387195574594787,sub-12,2.0,409
POP,1.0000000174964006,0.0,0.0,4,2,inf,0.0,sub-14,0.0,410
MATCH,1.0000000174964006,0.9999999833585861,1.0666811710908528,8,2,3174.3783106913447,0.03966506972799127,sub-14,1.9999999999999998,410
WRONG,1.0000000189520106,0.9999999897928592,1.462948463531971,8,2,894.6497446669198,0.06973045885269291,sub-14,1.9999999999999996,410
POP,1.000000004354818,0.0,0.0,4,2,inf,0.0,sub-12,0.0,411
MATCH,1.0000000109385163,0.9999999954681511,1.9298580293964938,8,2,351.4364964935716,0.10766668055820187,sub-12,2.0,411
WRONG,1.000000004354818,0.9999999858450551,0.6064116779926466,8,2,239.76646178259222,0.11742019221157786,sub-12,2.000000000000001,411
POP,1.0000000060961225,0.0,0.0,4,2,inf,0.0,sub-14,0.0,412
MATCH,1.0000000122163495,0.9999999836548271,1.143152090630978,8,2,50.5256967969463,0.23631532333502864,sub-14,1.9999999999999998,412
WRONG,1.0000000084246086,0.999999982496611,1.3367361159162414,8,2,167.30390537422923,0.13285489561948638,sub-14,2.0000000000000004,412
POP,1.0000000103215554,0.0,0.0,4,2,inf,0.0,sub-14,0.0,413
MATCH,1.0000000176591206,0.9999999988265396,2.2084575722708566,8,2,113.23601944805954,0.16305895215222477,sub-14,2.0,413
WRONG,1.0000000103215554,0.9999999877869518,1.4212303274008147,8,2,352.38266993894126,0.08910225981226615,sub-14,1.9999999999999993,413
POP,1.0000000233204223,0.0,0.0,4,2,inf,0.0,sub-14,0.0,414
MATCH,1.0000000258124113,0.9999999805537817,0.9433088869144939,8,2,1461.706561013608,0.058133577965204665,sub-14,1.9999999999999996,414
WRONG,1.0000000247058096,0.9999999805537817,0.972424222874299,8,2,2875.545933643535,0.038475837099546134,sub-14,1.9999999999999998,414
POP,1.0000000174964006,0.0,0.0,4,2,inf,0.0,sub-11,0.0,415
MATCH,1.0000000189520106,0.9999999897928592,1.462948463531971,8,2,894.6497446669198,0.06973045885269291,sub-11,1.9999999999999996,415
WRONG,1.0000000243905645,0.9999999859787851,0.9838746246686981,8,2,11911.822909623825,0.022159465300408195,sub-11,2.0,415
POP,1.0000000018204587,0.0,0.0,4,2,inf,0.0,sub-12,0.0,416
MATCH,1.000000011492889,0.9999999742684148,1.3345029467235623,8,2,164.78752918285767,0.13702488710067612,sub-12,1.9999999999999993,416
WRONG,1.0000000178125878,0.9999999742684148,0.5830557965164241,8,2,239.57730691740187,0.1302309564087188,sub-12,2.0,416
POP,1.0000000174964006,0.0,0.0,4,2,inf,0.0,sub-12,0.0,417
MATCH,1.0000000174964006,0.9999999897928592,1.010512315687331,8,2,2085.471373163927,0.048327451740504464,sub-12,1.9999999999999996,417
WRONG,1.0000000174964006,0.9999999897928592,1.1282276088759728,8,2,5383.869172197686,0.03384455550455056,sub-12,1.9999999999999996,417
POP,1.0000000018204587,0.0,0.0,4,2,inf,0.0,sub-14,0.0,418
MATCH,1.0000000158515707,0.9999999742684148,1.1098382420981001,8,2,101.68512015798,0.17244394075893615,sub-14,2.0,418
WRONG,1.000000011492889,0.9999999742684148,1.3345029467235623,8,2,164.78752918285767,0.13702488710067612,sub-14,1.9999999999999993,418
POP,1.000000004354818,0.0,0.0,4,2,inf,0.0,sub-14,0.0,419
MATCH,1.0000000167569287,0.9999999964430838,0.7824076309332935,8,2,491.0053362399257,0.088158511039579,sub-14,1.9999999999999998,419
WRONG,1.0000000104374653,0.9999999964430838,0.46163511284953884,8,2,268.5251194185745,0.1094633642759194,sub-14,2.000000000000001,419
POP,1.000000004354818,0.0,0.0,4,2,inf,0.0,sub-14,0.0,420
MATCH,1.0000000167569287,0.9999999964430838,0.7824076309332935,8,2,491.0053362399257,0.088158511039579,sub-14,1.9999999999999998,420
WRONG,1.0000000173392904,0.9999999964430838,0.6467863345129475,8,2,583.9372676312928,0.07566312121546301,sub-14,2.0000000000000004,420
POP,1.0000000103215554,0.0,0.0,4,2,inf,0.0,sub-11,0.0,421
MATCH,1.0000000247425587,0.9999999841396281,1.6993317145925582,8,2,63.46204608298041,0.18441838610071798,sub-11,2.0000000000000004,421
WRONG,1.0000000103215554,0.9999999907105943,1.03946323939786,8,2,301.04445985353465,0.11065120067498756,sub-11,1.9999999999999996,421
POP,1.0000000060961225,0.0,0.0,4,2,inf,0.0,sub-14,0.0,422
MATCH,1.0000000122163495,0.9999999836548271,1.143152090630978,8,2,50.5256967969463,0.23631532333502864,sub-14,1.9999999999999998,422
WRONG,1.0000000247828456,0.9999999856415209,0.8795773473525674,8,2,1286.744009330767,0.05387195574594787,sub-14,2.0,422
POP,1.0000000018204587,0.0,0.0,4,2,inf,0.0,sub-12,0.0,423
MATCH,1.000000011492889,0.9999999742684148,1.3345029467235623,8,2,164.78752918285767,0.13702488710067612,sub-12,1.9999999999999993,423
WRONG,1.0000000190947966,0.9999999742684148,0.6985499066726801,8,2,251.58392721904494,0.11919546104556371,sub-12,2.0000000000000004,423
POP,1.0000000018204587,0.0,0.0,4,2,inf,0.0,sub-12,0.0,424
MATCH,1.000000011492889,0.9999999742684148,1.3345029467235623,8,2,164.78752918285767,0.13702488710067612,sub-12,1.9999999999999993,424
WRONG,1.000000021666259,0.9999999742684148,2.812889656743397,8,2,3997.1247524850546,0.03420423137373298,sub-12,1.9999999999999998,424
POP,1.0000000103215554,0.0,0.0,4,2,inf,0.0,sub-12,0.0,425
MATCH,1.0000000103215554,0.999999984896943,3.781184549304428,8,2,168.62536995895115,0.13249033828586726,sub-12,2.0000000000000004,425
WRONG,1.0000000176591206,0.9999999988265396,2.2084575722708566,8,2,113.23601944805954,0.16305895215222477,sub-12,2.0,425
POP,1.0000000060961225,0.0,0.0,4,2,inf,0.0,sub-12,0.0,426
MATCH,1.000000018592823,0.9999999771156967,3.2512586131835004,8,2,73.84992116628716,0.19708001650142018,sub-12,2.0000000000000004,426
WRONG,1.0000000149299593,0.9999999809479769,0.9246242531150798,8,2,55.39869500999163,0.22558161913952368,sub-12,2.0,426
POP,1.000000004354818,0.0,0.0,4,2,inf,0.0,sub-14,0.0,427
MATCH,1.0000000167569287,0.9999999964430838,0.7824076309332935,8,2,491.0053362399257,0.088158511039579,sub-14,1.9999999999999998,427
WRONG,1.0000000044129798,0.9999999844041719,0.8967228663442623,8,2,500.42003319350914,0.08298060704129058,sub-14,1.9999999999999996,427
POP,1.0000000174964006,0.0,0.0,4,2,inf,0.0,sub-12,0.0,428
MATCH,1.0000000174964006,0.9999999897928592,1.010512315687331,8,2,2085.471373163927,0.048327451740504464,sub-12,1.9999999999999996,428
WRONG,1.0000000174964006,0.9999999838195057,0.9954031703243614,8,2,8198.269231689692,0.026240074603909643,sub-12,2.0000000000000004,428
POP,1.0000000174964006,0.0,0.0,4,2,inf,0.0,sub-12,0.0,429
MATCH,1.0000000174964006,0.9999999897928592,1.010512315687331,8,2,2085.471373163927,0.048327451740504464,sub-12,1.9999999999999996,429
WRONG,1.0000000215926634,0.9999999879705377,1.0201685592663101,8,2,4729.305350942559,0.03599033470781696,sub-12,1.9999999999999996,429
POP,1.0000000174964006,0.0,0.0,4,2,inf,0.0,sub-14,0.0,430
MATCH,1.0000000174964006,0.9999999833585861,1.0666811710908528,8,2,3174.3783106913447,0.03966506972799127,sub-14,1.9999999999999998,430
WRONG,1.0000000174964006,0.9999999897928592,1.1282276088759728,8,2,5383.869172197686,0.03384455550455056,sub-14,1.9999999999999996,430
POP,1.0000000018204587,0.0,0.0,4,2,inf,0.0,sub-11,0.0,431
MATCH,1.0000000051173579,0.9999999742684148,0.6742960061837499,8,2,234.41322478751627,0.12329989295669865,sub-11,2.0,431
WRONG,1.0000000187150149,0.9999999742684148,2.4306365024845933,8,2,2129.285909697887,0.04807725471070611,sub-11,1.9999999999999993,431
POP,1.0000000221208047,0.0,0.0,4,3,inf,0.0,sub-18,0.0,0
MATCH,1.0000000285077386,0.9999999824669757,1.2672900548298986,8,3,652.6620621800334,0.0793592127601425,sub-18,2.0000000000000004,0
WRONG,1.0000000221208047,0.9999999760138117,1.0120257234203671,8,3,804.334395623176,0.07617504556526017,sub-18,2.0000000000000004,0
POP,1.0000000124116188,0.0,0.0,4,3,inf,0.0,sub-15,0.0,1
MATCH,1.0000000124116188,0.999999985868047,1.021941352606332,8,3,175.07439938667582,0.14037093466977776,sub-15,1.9999999999999998,1
WRONG,1.0000000124116188,0.9999999865148189,3.942631509236322,8,3,184.5017267422543,0.12211478622663438,sub-15,2.0,1
POP,1.0000000221208047,0.0,0.0,4,3,inf,0.0,sub-15,0.0,2
MATCH,1.0000000221208047,0.9999999824669757,0.9265018518682658,8,3,2382.749700279163,0.04572989242918645,sub-15,1.9999999999999998,2
WRONG,1.0000000221208047,0.9999999785922263,0.9187436609537941,8,3,920.9325734871106,0.0723183707164014,sub-15,1.9999999999999987,2
POP,1.000000009214969,0.0,0.0,4,3,inf,0.0,sub-17,0.0,3
MATCH,1.000000011703924,0.9999999754577107,0.862130917486889,8,3,88.56368630142236,0.18249388895758015,sub-17,2.0,3
WRONG,1.0000000128422377,0.9999999856625085,1.4437293801719568,8,3,248.88132370888275,0.1154937062899288,sub-17,2.0000000000000004,3
POP,1.0000000221208047,0.0,0.0,4,3,inf,0.0,sub-17,0.0,4
MATCH,1.0000000291961055,0.9999999824669757,1.1193474372973422,8,3,1124.54827742082,0.06040072165187479,sub-17,1.9999999999999984,4
WRONG,1.0000000221208047,0.9999999774941938,0.92722725545324,8,3,1450.4368656954032,0.057118405684627914,sub-17,2.0,4
POP,1.0000000124116188,0.0,0.0,4,3,inf,0.0,sub-17,0.0,5
MATCH,1.00000002032687,0.999999988780087,1.1343555341082332,8,3,131.98111583362095,0.1422208429956299,sub-17,1.9999999999999998,5
WRONG,1.0000000147367627,0.999999988780087,1.4542086797783267,8,3,245.4641689411578,0.12396512381108485,sub-17,2.0000000000000004,5
POP,1.000000009214969,0.0,0.0,4,3,inf,0.0,sub-17,0.0,6
MATCH,1.000000011703924,0.9999999754577107,0.862130917486889,8,3,88.56368630142236,0.18249388895758015,sub-17,2.0,6
WRONG,1.000000009214969,0.9999999851557541,1.1230231428054658,8,3,105.69648938123679,0.14328525220017269,sub-17,1.9999999999999991,6
POP,1.000000000148458,0.0,0.0,4,3,inf,0.0,sub-15,0.0,7
MATCH,1.0000000081725238,0.999999979792708,0.5964086849703629,8,3,1003.8897155750161,0.055708954691248175,sub-15,2.0,7
WRONG,1.00000001549909,0.999999979792708,0.4585554236767905,8,3,84.84279327525073,0.1930138266058397,sub-15,1.9999999999999998,7
POP,1.0000000008512724,0.0,0.0,4,3,inf,0.0,sub-15,0.0,8
MATCH,1.000000014578469,0.9999999725218636,0.9821259363271507,8,3,3318.0579714057085,0.04181152951673158,sub-15,1.9999999999999991,8
WRONG,1.0000000107915725,0.9999999725218636,0.9777910697749738,8,3,2651.5280733857307,0.04631584049262772,sub-15,2.0000000000000004,8
POP,1.0000000124116188,0.0,0.0,4,3,inf,0.0,sub-17,0.0,9
MATCH,1.00000002032687,0.999999988780087,1.1343555341082332,8,3,131.98111583362095,0.1422208429956299,sub-17,1.9999999999999998,9
WRONG,1.000000018115513,0.999999988780087,2.720345955249461,8,3,548.6851922836662,0.08390267377295957,sub-17,1.9999999999999998,9
POP,1.0000000008512724,0.0,0.0,4,3,inf,0.0,sub-17,0.0,10
MATCH,1.000000011996973,0.9999999725218636,1.1558852697351873,8,3,5371.948189502753,0.03331438430713652,sub-17,1.9999999999999991,10
WRONG,1.0000000061986156,0.9999999725218636,0.9855685156861148,8,3,1343.5529946741076,0.06201353758234517,sub-17,2.0000000000000004,10
POP,1.000000009214969,0.0,0.0,4,3,inf,0.0,sub-17,0.0,11
MATCH,1.000000011703924,0.9999999754577107,0.862130917486889,8,3,88.56368630142236,0.18249388895758015,sub-17,2.0,11
WRONG,1.000000028627441,0.9999999891618297,2.5002569302820903,8,3,167.6905058096939,0.12717573419025585,sub-17,2.0000000000000004,11
POP,1.0000000008512724,0.0,0.0,4,3,inf,0.0,sub-18,0.0,12
MATCH,1.0000000049467777,0.9999999725218636,1.0492629688973303,8,3,1717.4789078748522,0.056121833729086704,sub-18,1.9999999999999993,12
WRONG,1.000000011996973,0.9999999725218636,1.1558852697351873,8,3,5371.948189502753,0.03331438430713652,sub-18,1.9999999999999991,12
POP,1.000000009214969,0.0,0.0,4,3,inf,0.0,sub-17,0.0,13
MATCH,1.000000011703924,0.9999999754577107,0.862130917486889,8,3,88.56368630142236,0.18249388895758015,sub-17,2.0,13
WRONG,1.0000000120138626,0.9999999905247922,1.5812119875430628,8,3,459.0137846896379,0.08872037649541056,sub-17,1.9999999999999996,13
POP,1.000000009214969,0.0,0.0,4,3,inf,0.0,sub-15,0.0,14
MATCH,1.0000000120138626,0.9999999905247922,1.5812119875430628,8,3,459.0137846896379,0.08872037649541056,sub-15,1.9999999999999996,14
WRONG,1.000000009214969,0.9999999851557541,1.1230231428054658,8,3,105.69648938123679,0.14328525220017269,sub-15,1.9999999999999991,14
POP,1.0000000008512724,0.0,0.0,4,3,inf,0.0,sub-18,0.0,15
MATCH,1.0000000049467777,0.9999999725218636,1.0492629688973303,8,3,1717.4789078748522,0.056121833729086704,sub-18,1.9999999999999993,15
WRONG,1.0000000107915725,0.9999999725218636,0.9777910697749738,8,3,2651.5280733857307,0.04631584049262772,sub-18,2.0000000000000004,15
POP,1.0000000124116188,0.0,0.0,4,3,inf,0.0,sub-18,0.0,16
MATCH,1.000000018115513,0.999999988780087,2.720345955249461,8,3,548.6851922836662,0.08390267377295957,sub-18,1.9999999999999998,16
WRONG,1.00000002032687,0.999999988780087,1.1343555341082332,8,3,131.98111583362095,0.1422208429956299,sub-18,1.9999999999999998,16
POP,1.000000000148458,0.0,0.0,4,3,inf,0.0,sub-17,0.0,17
MATCH,1.0000000101382318,0.9999999739211859,1.4196484428442382,8,3,867.8582701869751,0.05741226443641406,sub-17,1.9999999999999996,17
WRONG,1.0000000019232078,0.999999979792708,1.0331058117027099,8,3,104.82159862303766,0.18539801846469667,sub-17,2.0000000000000004,17
POP,1.0000000124116188,0.0,0.0,4,3,inf,0.0,sub-18,0.0,18
MATCH,1.000000018115513,0.999999988780087,2.720345955249461,8,3,548.6851922836662,0.08390267377295957,sub-18,1.9999999999999998,18
WRONG,1.0000000216530591,0.999999988780087,1.9273271954526696,8,3,68.07666025620237,0.24101427785612536,sub-18,2.0,18
POP,1.0000000124116188,0.0,0.0,4,3,inf,0.0,sub-17,0.0,19
MATCH,1.00000002032687,0.999999988780087,1.1343555341082332,8,3,131.98111583362095,0.1422208429956299,sub-17,1.9999999999999998,19
WRONG,1.0000000124116188,0.9999999865148189,3.942631509236322,8,3,184.5017267422543,0.12211478622663438,sub-17,2.0,19
POP,1.0000000124116188,0.0,0.0,4,3,inf,0.0,sub-15,0.0,20
MATCH,1.0000000124116188,0.999999985868047,1.021941352606332,8,3,175.07439938667582,0.14037093466977776,sub-15,1.9999999999999998,20
WRONG,1.0000000124116188,0.999999988780087,1.6418427291154472,8,3,156.80730594755482,0.1449679642592033,sub-15,1.9999999999999991,20
POP,1.000000009214969,0.0,0.0,4,3,inf,0.0,sub-17,0.0,21
MATCH,1.000000011703924,0.9999999754577107,0.862130917486889,8,3,88.56368630142236,0.18249388895758015,sub-17,2.0,21
WRONG,1.000000028627441,0.9999999891618297,2.5002569302820903,8,3,167.6905058096939,0.12717573419025585,sub-17,2.0000000000000004,21
POP,1.000000000148458,0.0,0.0,4,3,inf,0.0,sub-15,0.0,22
MATCH,1.0000000081725238,0.999999979792708,0.5964086849703629,8,3,1003.8897155750161,0.055708954691248175,sub-15,2.0,22
WRONG,1.0000000141354919,0.999999979792708,0.600217847248956,8,3,504.4310378281133,0.07583653107543034,sub-15,2.0,22
POP,1.0000000124116188,0.0,0.0,4,3,inf,0.0,sub-17,0.0,23
MATCH,1.00000002032687,0.999999988780087,1.1343555341082332,8,3,131.98111583362095,0.1422208429956299,sub-17,1.9999999999999998,23
WRONG,1.0000000124116188,0.9999999865148189,3.942631509236322,8,3,184.5017267422543,0.12211478622663438,sub-17,2.0,23
POP,1.000000009214969,0.0,0.0,4,3,inf,0.0,sub-18,0.0,24
MATCH,1.000000009214969,0.9999999889283517,0.9669485908611628,8,3,116.2031870500075,0.1697218212276241,sub-18,2.0000000000000004,24
WRONG,1.000000009214969,0.9999999914801291,1.47919649785345,8,3,70.34746247745478,0.20161220382505596,sub-18,2.0000000000000004,24
POP,1.000000000148458,0.0,0.0,4,3,inf,0.0,sub-15,0.0,25
MATCH,1.0000000081725238,0.999999979792708,0.5964086849703629,8,3,1003.8897155750161,0.055708954691248175,sub-15,2.0,25
WRONG,1.0000000124833568,0.999999979792708,0.5410926448226734,8,3,233.67329148592268,0.11342961679099693,sub-15,2.0,25
POP,1.000000000148458,0.0,0.0,4,3,inf,0.0,sub-17,0.0,26
MATCH,1.0000000101382318,0.9999999739211859,1.4196484428442382,8,3,867.8582701869751,0.05741226443641406,sub-17,1.9999999999999996,26
WRONG,1.0000000070863286,0.999999979792708,0.8448884511908635,8,3,82.57074672050778,0.18143918349974636,sub-17,1.9999999999999991,26
POP,1.0000000124116188,0.0,0.0,4,3,inf,0.0,sub-15,0.0,27
MATCH,1.0000000124116188,0.999999985868047,1.021941352606332,8,3,175.07439938667582,0.14037093466977776,sub-15,1.9999999999999998,27
WRONG,1.0000000124116188,0.9999999774315146,0.9678317061292039,8,3,38.669542279904476,0.26506467273002576,sub-15,2.0,27
POP,1.0000000124116188,0.0,0.0,4,3,inf,0.0,sub-15,0.0,28
MATCH,1.0000000124116188,0.999999985868047,1.021941352606332,8,3,175.07439938667582,0.14037093466977776,sub-15,1.9999999999999998,28
WRONG,1.0000000216530591,0.999999988780087,1.9273271954526696,8,3,68.07666025620237,0.24101427785612536,sub-15,2.0,28
POP,1.000000000148458,0.0,0.0,4,3,inf,0.0,sub-17,0.0,29
MATCH,1.0000000101382318,0.9999999739211859,1.4196484428442382,8,3,867.8582701869751,0.05741226443641406,sub-17,1.9999999999999996,29
WRONG,1.000000000148458,0.999999979792708,0.49546956059017455,8,3,232.75971981031168,0.11763056436786912,sub-17,2.0,29
POP,1.0000000124116188,0.0,0.0,4,3,inf,0.0,sub-15,0.0,30
MATCH,1.0000000124116188,0.999999985868047,1.021941352606332,8,3,175.07439938667582,0.14037093466977776,sub-15,1.9999999999999998,30
WRONG,1.0000000124116188,0.9999999865148189,3.942631509236322,8,3,184.5017267422543,0.12211478622663438,sub-15,2.0,30
POP,1.0000000124116188,0.0,0.0,4,3,inf,0.0,sub-15,0.0,31
MATCH,1.0000000124116188,0.999999985868047,1.021941352606332,8,3,175.07439938667582,0.14037093466977776,sub-15,1.9999999999999998,31
WRONG,1.0000000221616563,0.999999988780087,1.9002112464896883,8,3,906.7757387302898,0.06251440763272748,sub-15,1.9999999999999993,31
POP,1.000000000148458,0.0,0.0,4,3,inf,0.0,sub-17,0.0,32
MATCH,1.0000000101382318,0.9999999739211859,1.4196484428442382,8,3,867.8582701869751,0.05741226443641406,sub-17,1.9999999999999996,32
WRONG,1.0000000203567811,0.999999979792708,0.5101957866453657,8,3,235.9539845062275,0.11902898364806462,sub-17,2.0,32
POP,1.000000009214969,0.0,0.0,4,3,inf,0.0,sub-15,0.0,33
MATCH,1.0000000120138626,0.9999999905247922,1.5812119875430628,8,3,459.0137846896379,0.08872037649541056,sub-15,1.9999999999999996,33
WRONG,1.0000000144821255,0.9999999957458252,1.1469173168140554,8,3,193.35478976547458,0.11346952919221069,sub-15,2.0000000000000004,33
POP,1.0000000124116188,0.0,0.0,4,3,inf,0.0,sub-18,0.0,34
MATCH,1.000000018115513,0.999999988780087,2.720345955249461,8,3,548.6851922836662,0.08390267377295957,sub-18,1.9999999999999998,34
WRONG,1.0000000124116188,0.9999999774315146,0.9678317061292039,8,3,38.669542279904476,0.26506467273002576,sub-18,2.0,34
POP,1.0000000059673106,0.0,0.0,4,3,inf,0.0,sub-18,0.0,35
MATCH,1.0000000059673106,0.999999991154364,0.9942681249103729,8,3,711.5153246204577,0.07472396411393561,sub-18,1.9999999999999996,35
WRONG,1.0000000059673106,0.9999999953156659,0.47307308071194715,8,3,294.3809715002848,0.1040527858218537,sub-18,1.9999999999999996,35
POP,1.0000000124116188,0.0,0.0,4,3,inf,0.0,sub-15,0.0,36
MATCH,1.0000000124116188,0.999999985868047,1.021941352606332,8,3,175.07439938667582,0.14037093466977776,sub-15,1.9999999999999998,36
WRONG,1.0000000124116188,0.9999999774315146,0.9678317061292039,8,3,38.669542279904476,0.26506467273002576,sub-15,2.0,36
POP,1.0000000008512724,0.0,0.0,4,3,inf,0.0,sub-17,0.0,37
MATCH,1.000000011996973,0.9999999725218636,1.1558852697351873,8,3,5371.948189502753,0.03331438430713652,sub-17,1.9999999999999991,37
WRONG,1.0000000161104234,0.9999999725218636,7.810597339190832,8,3,66580.14473087943,0.009869161484708457,sub-17,1.9999999999999993,37
POP,1.0000000221208047,0.0,0.0,4,3,inf,0.0,sub-17,0.0,38
MATCH,1.0000000291961055,0.9999999824669757,1.1193474372973422,8,3,1124.54827742082,0.06040072165187479,sub-17,1.9999999999999984,38
WRONG,1.0000000221208047,0.9999999774941938,0.92722725545324,8,3,1450.4368656954032,0.057118405684627914,sub-17,2.0,38
POP,1.000000000148458,0.0,0.0,4,3,inf,0.0,sub-15,0.0,39
MATCH,1.0000000081725238,0.999999979792708,0.5964086849703629,8,3,1003.8897155750161,0.055708954691248175,sub-15,2.0,39
WRONG,1.000000003433209,0.999999979792708,2.6600325393932023,8,3,3121.308561808883,0.034574365084278184,sub-15,1.9999999999999984,39
POP,1.0000000008512724,0.0,0.0,4,3,inf,0.0,sub-17,0.0,40
MATCH,1.000000011996973,0.9999999725218636,1.1558852697351873,8,3,5371.948189502753,0.03331438430713652,sub-17,1.9999999999999991,40
WRONG,1.0000000049467777,0.9999999725218636,1.0492629688973303,8,3,1717.4789078748522,0.056121833729086704,sub-17,1.9999999999999993,40
POP,1.000000000148458,0.0,0.0,4,3,inf,0.0,sub-17,0.0,41
MATCH,1.0000000101382318,0.9999999739211859,1.4196484428442382,8,3,867.8582701869751,0.05741226443641406,sub-17,1.9999999999999996,41
WRONG,1.0000000019232078,0.999999979792708,1.0331058117027099,8,3,104.82159862303766,0.18539801846469667,sub-17,2.0000000000000004,41
POP,1.0000000008512724,0.0,0.0,4,3,inf,0.0,sub-18,0.0,42
MATCH,1.0000000049467777,0.9999999725218636,1.0492629688973303,8,3,1717.4789078748522,0.056121833729086704,sub-18,1.9999999999999993,42
WRONG,1.0000000229193973,0.9999999725218636,0.9784366144882527,8,3,10164.844123404058,0.023850137661914367,sub-18,1.999999999999999,42
POP,1.0000000124116188,0.0,0.0,4,3,inf,0.0,sub-15,0.0,43
MATCH,1.0000000124116188,0.999999985868047,1.021941352606332,8,3,175.07439938667582,0.14037093466977776,sub-15,1.9999999999999998,43
WRONG,1.0000000195061143,0.999999988780087,0.8811105071582882,8,3,2813.448073789631,0.03316931305858423,sub-15,1.9999999999999991,43
POP,1.0000000008512724,0.0,0.0,4,3,inf,0.0,sub-18,0.0,44
MATCH,1.0000000049467777,0.9999999725218636,1.0492629688973303,8,3,1717.4789078748522,0.056121833729086704,sub-18,1.9999999999999993,44
WRONG,1.000000009797307,0.9999999725218636,0.9801966623442444,8,3,4734.087620896799,0.03450070366983734,sub-18,1.9999999999999993,44
POP,1.0000000221208047,0.0,0.0,4,3,inf,0.0,sub-15,0.0,45
MATCH,1.0000000221208047,0.9999999824669757,0.9265018518682658,8,3,2382.749700279163,0.04572989242918645,sub-15,1.9999999999999998,45
WRONG,1.0000000285077386,0.9999999824669757,1.2672900548298986,8,3,652.6620621800334,0.0793592127601425,sub-15,2.0000000000000004,45
POP,1.0000000059673106,0.0,0.0,4,3,inf,0.0,sub-17,0.0,46
MATCH,1.0000000059673106,0.9999999735194555,0.5884650588589792,8,3,680.6546446280587,0.06843152356815307,sub-17,2.000000000000001,46
WRONG,1.0000000112006302,0.9999999947122876,0.5918870591225607,8,3,461.287696480079,0.09439715696014411,sub-17,2.0000000000000004,46
POP,1.0000000059673106,0.0,0.0,4,3,inf,0.0,sub-18,0.0,47
MATCH,1.0000000059673106,0.999999991154364,0.9942681249103729,8,3,711.5153246204577,0.07472396411393561,sub-18,1.9999999999999996,47
WRONG,1.0000000059673106,0.9999999920702839,0.5692066341817861,8,3,184.3782538646647,0.13240362733185473,sub-18,1.9999999999999998,47
POP,1.0000000059673106,0.0,0.0,4,3,inf,0.0,sub-15,0.0,48
MATCH,1.0000000103698854,0.9999999953156659,0.6414944384795059,8,3,2860.82013526348,0.03263085492605591,sub-15,2.0000000000000004,48
WRONG,1.000000008220885,0.9999999910529686,0.6768920814374872,8,3,1291.5889959709516,0.05437553481719684,sub-15,1.9999999999999996,48
POP,1.000000000148458,0.0,0.0,4,3,inf,0.0,sub-17,0.0,49
MATCH,1.0000000101382318,0.9999999739211859,1.4196484428442382,8,3,867.8582701869751,0.05741226443641406,sub-17,1.9999999999999996,49
WRONG,1.0000000124833568,0.999999979792708,0.5410926448226734,8,3,233.67329148592268,0.11342961679099693,sub-17,2.0,49
POP,1.0000000124116188,0.0,0.0,4,3,inf,0.0,sub-15,0.0,50
MATCH,1.0000000124116188,0.999999985868047,1.021941352606332,8,3,175.07439938667582,0.14037093466977776,sub-15,1.9999999999999998,50
WRONG,1.00000002032687,0.999999988780087,1.1343555341082332,8,3,131.98111583362095,0.1422208429956299,sub-15,1.9999999999999998,50
POP,1.0000000008512724,0.0,0.0,4,3,inf,0.0,sub-15,0.0,51
MATCH,1.000000014578469,0.9999999725218636,0.9821259363271507,8,3,3318.0579714057085,0.04181152951673158,sub-15,1.9999999999999991,51
WRONG,1.0000000229193973,0.9999999725218636,0.9784366144882527,8,3,10164.844123404058,0.023850137661914367,sub-15,1.999999999999999,51
POP,1.0000000059673106,0.0,0.0,4,3,inf,0.0,sub-15,0.0,52
MATCH,1.0000000103698854,0.9999999953156659,0.6414944384795059,8,3,2860.82013526348,0.03263085492605591,sub-15,2.0000000000000004,52
WRONG,1.0000000059673106,0.9999999939214539,0.38272202646455633,8,3,82.51714052409176,0.1937448636279589,sub-15,1.9999999999999982,52
POP,1.0000000059673106,0.0,0.0,4,3,inf,0.0,sub-18,0.0,53
MATCH,1.0000000059673106,0.999999991154364,0.9942681249103729,8,3,711.5153246204577,0.07472396411393561,sub-18,1.9999999999999996,53
WRONG,1.000000008220885,0.9999999910529686,0.6768920814374872,8,3,1291.5889959709516,0.05437553481719684,sub-18,1.9999999999999996,53
POP,1.0000000008512724,0.0,0.0,4,3,inf,0.0,sub-15,0.0,54
MATCH,1.000000014578469,0.9999999725218636,0.9821259363271507,8,3,3318.0579714057085,0.04181152951673158,sub-15,1.9999999999999991,54
WRONG,1.0000000161104234,0.9999999725218636,7.810597339190832,8,3,66580.14473087943,0.009869161484708457,sub-15,1.9999999999999993,54
POP,1.0000000059673106,0.0,0.0,4,3,inf,0.0,sub-15,0.0,55
MATCH,1.0000000103698854,0.9999999953156659,0.6414944384795059,8,3,2860.82013526348,0.03263085492605591,sub-15,2.0000000000000004,55
WRONG,1.0000000167764338,0.9999999914540565,0.7699841496132498,8,3,408.03843651910904,0.09003295420656789,sub-15,2.0000000000000004,55
POP,1.0000000008512724,0.0,0.0,4,3,inf,0.0,sub-17,0.0,56
MATCH,1.000000011996973,0.9999999725218636,1.1558852697351873,8,3,5371.948189502753,0.03331438430713652,sub-17,1.9999999999999991,56
WRONG,1.0000000049467777,0.9999999725218636,1.0492629688973303,8,3,1717.4789078748522,0.056121833729086704,sub-17,1.9999999999999993,56
POP,1.0000000059673106,0.0,0.0,4,3,inf,0.0,sub-18,0.0,57
MATCH,1.0000000059673106,0.999999991154364,0.9942681249103729,8,3,711.5153246204577,0.07472396411393561,sub-18,1.9999999999999996,57
WRONG,1.0000000059673106,0.9999999953156659,0.47307308071194715,8,3,294.3809715002848,0.1040527858218537,sub-18,1.9999999999999996,57
POP,1.0000000008512724,0.0,0.0,4,3,inf,0.0,sub-18,0.0,58
MATCH,1.0000000049467777,0.9999999725218636,1.0492629688973303,8,3,1717.4789078748522,0.056121833729086704,sub-18,1.9999999999999993,58
WRONG,1.0000000161104234,0.9999999725218636,7.810597339190832,8,3,66580.14473087943,0.009869161484708457,sub-18,1.9999999999999993,58
POP,1.0000000008512724,0.0,0.0,4,3,inf,0.0,sub-15,0.0,59
MATCH,1.000000014578469,0.9999999725218636,0.9821259363271507,8,3,3318.0579714057085,0.04181152951673158,sub-15,1.9999999999999991,59
WRONG,1.000000011996973,0.9999999725218636,1.1558852697351873,8,3,5371.948189502753,0.03331438430713652,sub-15,1.9999999999999991,59
POP,1.0000000059673106,0.0,0.0,4,3,inf,0.0,sub-17,0.0,60
MATCH,1.0000000059673106,0.9999999735194555,0.5884650588589792,8,3,680.6546446280587,0.06843152356815307,sub-17,2.000000000000001,60
WRONG,1.0000000059673106,0.9999999934198078,0.4318085848632347,8,3,325.37264094789106,0.1001717444078054,sub-17,1.9999999999999996,60
POP,1.0000000124116188,0.0,0.0,4,3,inf,0.0,sub-17,0.0,61
MATCH,1.00000002032687,0.999999988780087,1.1343555341082332,8,3,131.98111583362095,0.1422208429956299,sub-17,1.9999999999999998,61
WRONG,1.0000000221616563,0.999999988780087,1.9002112464896883,8,3,906.7757387302898,0.06251440763272748,sub-17,1.9999999999999993,61
POP,1.000000000148458,0.0,0.0,4,3,inf,0.0,sub-17,0.0,62
MATCH,1.0000000101382318,0.9999999739211859,1.4196484428442382,8,3,867.8582701869751,0.05741226443641406,sub-17,1.9999999999999996,62
WRONG,1.000000000148458,0.999999979792708,0.49546956059017455,8,3,232.75971981031168,0.11763056436786912,sub-17,2.0,62
POP,1.0000000008512724,0.0,0.0,4,3,inf,0.0,sub-15,0.0,63
MATCH,1.000000014578469,0.9999999725218636,0.9821259363271507,8,3,3318.0579714057085,0.04181152951673158,sub-15,1.9999999999999991,63
WRONG,1.000000011996973,0.9999999725218636,1.1558852697351873,8,3,5371.948189502753,0.03331438430713652,sub-15,1.9999999999999991,63
POP,1.000000000148458,0.0,0.0,4,3,inf,0.0,sub-15,0.0,64
MATCH,1.0000000081725238,0.999999979792708,0.5964086849703629,8,3,1003.8897155750161,0.055708954691248175,sub-15,2.0,64
WRONG,1.000000000148458,0.999999979792708,0.49546956059017455,8,3,232.75971981031168,0.11763056436786912,sub-15,2.0,64
POP,1.0000000008512724,0.0,0.0,4,3,inf,0.0,sub-17,0.0,65
MATCH,1.000000011996973,0.9999999725218636,1.1558852697351873,8,3,5371.948189502753,0.03331438430713652,sub-17,1.9999999999999991,65
WRONG,1.000000014651207,0.9999999725218636,1.111938961634041,8,3,5985.272120722867,0.03195952824475671,sub-17,1.9999999999999991,65
POP,1.000000009214969,0.0,0.0,4,3,inf,0.0,sub-15,0.0,66
MATCH,1.0000000120138626,0.9999999905247922,1.5812119875430628,8,3,459.0137846896379,0.08872037649541056,sub-15,1.9999999999999996,66
WRONG,1.000000011703924,0.9999999754577107,0.862130917486889,8,3,88.56368630142236,0.18249388895758015,sub-15,2.0,66
POP,1.000000009214969,0.0,0.0,4,3,inf,0.0,sub-18,0.0,67
MATCH,1.000000009214969,0.9999999889283517,0.9669485908611628,8,3,116.2031870500075,0.1697218212276241,sub-18,2.0000000000000004,67
WRONG,1.000000009283643,0.9999999935375822,1.0472452823000344,8,3,92.85594059058803,0.19812812845321748,sub-18,2.0000000000000004,67
POP,1.000000000148458,0.0,0.0,4,3,inf,0.0,sub-15,0.0,68
MATCH,1.0000000081725238,0.999999979792708,0.5964086849703629,8,3,1003.8897155750161,0.055708954691248175,sub-15,2.0,68
WRONG,1.0000000019232078,0.999999979792708,1.0331058117027099,8,3,104.82159862303766,0.18539801846469667,sub-15,2.0000000000000004,68
POP,1.0000000221208047,0.0,0.0,4,3,inf,0.0,sub-15,0.0,69
MATCH,1.0000000221208047,0.9999999824669757,0.9265018518682658,8,3,2382.749700279163,0.04572989242918645,sub-15,1.9999999999999998,69
WRONG,1.0000000221208047,0.9999999785922263,0.9187436609537941,8,3,920.9325734871106,0.0723183707164014,sub-15,1.9999999999999987,69
POP,1.000000000148458,0.0,0.0,4,3,inf,0.0,sub-15,0.0,70
MATCH,1.0000000081725238,0.999999979792708,0.5964086849703629,8,3,1003.8897155750161,0.055708954691248175,sub-15,2.0,70
WRONG,1.0000000019232078,0.999999979792708,1.0331058117027099,8,3,104.82159862303766,0.18539801846469667,sub-15,2.0000000000000004,70
POP,1.000000009214969,0.0,0.0,4,3,inf,0.0,sub-15,0.0,71
MATCH,1.0000000120138626,0.9999999905247922,1.5812119875430628,8,3,459.0137846896379,0.08872037649541056,sub-15,1.9999999999999996,71
WRONG,1.000000011703924,0.9999999754577107,0.862130917486889,8,3,88.56368630142236,0.18249388895758015,sub-15,2.0,71
POP,1.0000000008512724,0.0,0.0,4,3,inf,0.0,sub-17,0.0,72
MATCH,1.000000011996973,0.9999999725218636,1.1558852697351873,8,3,5371.948189502753,0.03331438430713652,sub-17,1.9999999999999991,72
WRONG,1.0000000061986156,0.9999999725218636,0.9855685156861148,8,3,1343.5529946741076,0.06201353758234517,sub-17,2.0000000000000004,72
POP,1.0000000124116188,0.0,0.0,4,3,inf,0.0,sub-18,0.0,73
MATCH,1.000000018115513,0.999999988780087,2.720345955249461,8,3,548.6851922836662,0.08390267377295957,sub-18,1.9999999999999998,73
WRONG,1.0000000124116188,0.999999988780087,0.9661230382601,8,3,110.19020382510426,0.19378593376891395,sub-18,1.9999999999999996,73
POP,1.0000000221208047,0.0,0.0,4,3,inf,0.0,sub-17,0.0,74
MATCH,1.0000000291961055,0.9999999824669757,1.1193474372973422,8,3,1124.54827742082,0.06040072165187479,sub-17,1.9999999999999984,74
WRONG,1.0000000221208047,0.9999999824669757,1.4773282751955532,8,3,1611.5557897825342,0.04703455251391868,sub-17,2.0000000000000004,74
POP,1.0000000008512724,0.0,0.0,4,3,inf,0.0,sub-17,0.0,75
MATCH,1.000000011996973,0.9999999725218636,1.1558852697351873,8,3,5371.948189502753,0.03331438430713652,sub-17,1.9999999999999991,75
WRONG,1.0000000220270213,0.9999999725218636,1.0410965642727121,8,3,1603.029482077022,0.056804365379956194,sub-17,2.000000000000001,75
POP,1.000000000148458,0.0,0.0,4,3,inf,0.0,sub-18,0.0,76
MATCH,1.0000000159186002,0.999999979792708,1.176204743638987,8,3,177.56581956051778,0.12930880910405518,sub-18,2.0000000000000004,76
WRONG,1.0000000124833568,0.999999979792708,0.5410926448226734,8,3,233.67329148592268,0.11342961679099693,sub-18,2.0,76
POP,1.000000000148458,0.0,0.0,4,3,inf,0.0,sub-17,0.0,77
MATCH,1.0000000101382318,0.9999999739211859,1.4196484428442382,8,3,867.8582701869751,0.05741226443641406,sub-17,1.9999999999999996,77
WRONG,1.0000000081725238,0.999999979792708,0.5964086849703629,8,3,1003.8897155750161,0.055708954691248175,sub-17,2.0,77
POP,1.0000000221208047,0.0,0.0,4,3,inf,0.0,sub-17,0.0,78
MATCH,1.0000000291961055,0.9999999824669757,1.1193474372973422,8,3,1124.54827742082,0.06040072165187479,sub-17,1.9999999999999984,78
WRONG,1.0000000221208047,0.9999999824669757,0.9265018518682658,8,3,2382.749700279163,0.04572989242918645,sub-17,1.9999999999999998,78
POP,1.0000000059673106,0.0,0.0,4,3,inf,0.0,sub-17,0.0,79
MATCH,1.0000000059673106,0.9999999735194555,0.5884650588589792,8,3,680.6546446280587,0.06843152356815307,sub-17,2.000000000000001,79
WRONG,1.0000000167764338,0.9999999914540565,0.7699841496132498,8,3,408.03843651910904,0.09003295420656789,sub-17,2.0000000000000004,79
POP,1.0000000008512724,0.0,0.0,4,3,inf,0.0,sub-17,0.0,80
MATCH,1.000000011996973,0.9999999725218636,1.1558852697351873,8,3,5371.948189502753,0.03331438430713652,sub-17,1.9999999999999991,80
WRONG,1.000000014651207,0.9999999725218636,1.111938961634041,8,3,5985.272120722867,0.03195952824475671,sub-17,1.9999999999999991,80
POP,1.0000000124116188,0.0,0.0,4,3,inf,0.0,sub-15,0.0,81
MATCH,1.0000000124116188,0.999999985868047,1.021941352606332,8,3,175.07439938667582,0.14037093466977776,sub-15,1.9999999999999998,81
WRONG,1.0000000124116188,0.999999988780087,1.6418427291154472,8,3,156.80730594755482,0.1449679642592033,sub-15,1.9999999999999991,81
POP,1.0000000059673106,0.0,0.0,4,3,inf,0.0,sub-17,0.0,82
MATCH,1.0000000059673106,0.9999999735194555,0.5884650588589792,8,3,680.6546446280587,0.06843152356815307,sub-17,2.000000000000001,82
WRONG,1.0000000066511747,0.9999999902593656,1.462281250481125,8,3,359.5608423063109,0.10368942763520293,sub-17,1.9999999999999996,82
POP,1.0000000008512724,0.0,0.0,4,3,inf,0.0,sub-17,0.0,83
MATCH,1.000000011996973,0.9999999725218636,1.1558852697351873,8,3,5371.948189502753,0.03331438430713652,sub-17,1.9999999999999991,83
WRONG,1.0000000220270213,0.9999999725218636,1.0410965642727121,8,3,1603.029482077022,0.056804365379956194,sub-17,2.000000000000001,83
POP,1.0000000124116188,0.0,0.0,4,3,inf,0.0,sub-18,0.0,84
MATCH,1.000000018115513,0.999999988780087,2.720345955249461,8,3,548.6851922836662,0.08390267377295957,sub-18,1.9999999999999998,84
WRONG,1.0000000124116188,0.9999999865148189,3.942631509236322,8,3,184.5017267422543,0.12211478622663438,sub-18,2.0,84
POP,1.000000009214969,0.0,0.0,4,3,inf,0.0,sub-17,0.0,85
MATCH,1.000000011703924,0.9999999754577107,0.862130917486889,8,3,88.56368630142236,0.18249388895758015,sub-17,2.0,85
WRONG,1.000000009214969,0.9999999949581602,1.9133839807828785,8,3,433.4224614389855,0.09037634459686715,sub-17,2.000000000000001,85
POP,1.000000000148458,0.0,0.0,4,3,inf,0.0,sub-17,0.0,86
MATCH,1.0000000101382318,0.9999999739211859,1.4196484428442382,8,3,867.8582701869751,0.05741226443641406,sub-17,1.9999999999999996,86
WRONG,1.000000000148458,0.999999979792708,0.49546956059017455,8,3,232.75971981031168,0.11763056436786912,sub-17,2.0,86
POP,1.000000009214969,0.0,0.0,4,3,inf,0.0,sub-18,0.0,87
MATCH,1.000000009214969,0.9999999889283517,0.9669485908611628,8,3,116.2031870500075,0.1697218212276241,sub-18,2.0000000000000004,87
WRONG,1.000000009214969,0.9999999954986594,0.6707154383421348,8,3,193.5312419838298,0.11666988496418691,sub-18,2.0,87
POP,1.000000009214969,0.0,0.0,4,3,inf,0.0,sub-17,0.0,88
MATCH,1.000000011703924,0.9999999754577107,0.862130917486889,8,3,88.56368630142236,0.18249388895758015,sub-17,2.0,88
WRONG,1.000000009214969,0.9999999851557541,1.1230231428054658,8,3,105.69648938123679,0.14328525220017269,sub-17,1.9999999999999991,88
POP,1.0000000124116188,0.0,0.0,4,3,inf,0.0,sub-18,0.0,89
MATCH,1.000000018115513,0.999999988780087,2.720345955249461,8,3,548.6851922836662,0.08390267377295957,sub-18,1.9999999999999998,89
WRONG,1.0000000147367627,0.999999988780087,1.4542086797783267,8,3,245.4641689411578,0.12396512381108485,sub-18,2.0000000000000004,89
POP,1.0000000124116188,0.0,0.0,4,3,inf,0.0,sub-15,0.0,90
MATCH,1.0000000124116188,0.999999985868047,1.021941352606332,8,3,175.07439938667582,0.14037093466977776,sub-15,1.9999999999999998,90
WRONG,1.0000000124116188,0.9999999865148189,3.942631509236322,8,3,184.5017267422543,0.12211478622663438,sub-15,2.0,90
POP,1.0000000059673106,0.0,0.0,4,3,inf,0.0,sub-18,0.0,91
MATCH,1.0000000059673106,0.999999991154364,0.9942681249103729,8,3,711.5153246204577,0.07472396411393561,sub-18,1.9999999999999996,91
WRONG,1.0000000066511747,0.9999999902593656,1.462281250481125,8,3,359.5608423063109,0.10368942763520293,sub-18,1.9999999999999996,91
POP,1.000000009214969,0.0,0.0,4,3,inf,0.0,sub-17,0.0,92
MATCH,1.000000011703924,0.9999999754577107,0.862130917486889,8,3,88.56368630142236,0.18249388895758015,sub-17,2.0,92
WRONG,1.000000026579607,0.9999999846628611,1.1874535446673242,8,3,307.8686321165191,0.09468722847626311,sub-17,1.9999999999999993,92
POP,1.0000000124116188,0.0,0.0,4,3,inf,0.0,sub-15,0.0,93
MATCH,1.0000000124116188,0.999999985868047,1.021941352606332,8,3,175.07439938667582,0.14037093466977776,sub-15,1.9999999999999998,93
WRONG,1.000000018115513,0.999999988780087,2.720345955249461,8,3,548.6851922836662,0.08390267377295957,sub-15,1.9999999999999998,93
POP,1.0000000008512724,0.0,0.0,4,3,inf,0.0,sub-15,0.0,94
MATCH,1.000000014578469,0.9999999725218636,0.9821259363271507,8,3,3318.0579714057085,0.04181152951673158,sub-15,1.9999999999999991,94
WRONG,1.0000000161104234,0.9999999725218636,7.810597339190832,8,3,66580.14473087943,0.009869161484708457,sub-15,1.9999999999999993,94
POP,1.0000000221208047,0.0,0.0,4,3,inf,0.0,sub-15,0.0,95
MATCH,1.0000000221208047,0.9999999824669757,0.9265018518682658,8,3,2382.749700279163,0.04572989242918645,sub-15,1.9999999999999998,95
WRONG,1.0000000221208047,0.9999999824669757,0.9112033967299719,8,3,1848.665081868345,0.052381127124977236,sub-15,1.9999999999999998,95
POP,1.000000009214969,0.0,0.0,4,3,inf,0.0,sub-17,0.0,96
MATCH,1.000000011703924,0.9999999754577107,0.862130917486889,8,3,88.56368630142236,0.18249388895758015,sub-17,2.0,96
WRONG,1.000000026579607,0.9999999846628611,1.1874535446673242,8,3,307.8686321165191,0.09468722847626311,sub-17,1.9999999999999993,96
POP,1.0000000124116188,0.0,0.0,4,3,inf,0.0,sub-15,0.0,97
MATCH,1.0000000124116188,0.999999985868047,1.021941352606332,8,3,175.07439938667582,0.14037093466977776,sub-15,1.9999999999999998,97
WRONG,1.00000002032687,0.999999988780087,1.1343555341082332,8,3,131.98111583362095,0.1422208429956299,sub-15,1.9999999999999998,97
POP,1.0000000221208047,0.0,0.0,4,3,inf,0.0,sub-18,0.0,98
MATCH,1.0000000285077386,0.9999999824669757,1.2672900548298986,8,3,652.6620621800334,0.0793592127601425,sub-18,2.0000000000000004,98
WRONG,1.0000000291961055,0.9999999824669757,1.1193474372973422,8,3,1124.54827742082,0.06040072165187479,sub-18,1.9999999999999984,98
POP,1.0000000008512724,0.0,0.0,4,3,inf,0.0,sub-17,0.0,99
MATCH,1.000000011996973,0.9999999725218636,1.1558852697351873,8,3,5371.948189502753,0.03331438430713652,sub-17,1.9999999999999991,99
WRONG,1.000000014578469,0.9999999725218636,0.9821259363271507,8,3,3318.0579714057085,0.04181152951673158,sub-17,1.9999999999999991,99
POP,1.0000000124116188,0.0,0.0,4,3,inf,0.0,sub-17,0.0,100
MATCH,1.00000002032687,0.999999988780087,1.1343555341082332,8,3,131.98111583362095,0.1422208429956299,sub-17,1.9999999999999998,100
WRONG,1.0000000124116188,0.999999988780087,0.9661230382601,8,3,110.19020382510426,0.19378593376891395,sub-17,1.9999999999999996,100
POP,1.0000000008512724,0.0,0.0,4,3,inf,0.0,sub-15,0.0,101
MATCH,1.000000014578469,0.9999999725218636,0.9821259363271507,8,3,3318.0579714057085,0.04181152951673158,sub-15,1.9999999999999991,101
WRONG,1.0000000061986156,0.9999999725218636,0.9855685156861148,8,3,1343.5529946741076,0.06201353758234517,sub-15,2.0000000000000004,101
POP,1.0000000221208047,0.0,0.0,4,3,inf,0.0,sub-18,0.0,102
MATCH,1.0000000285077386,0.9999999824669757,1.2672900548298986,8,3,652.6620621800334,0.0793592127601425,sub-18,2.0000000000000004,102
WRONG,1.0000000221208047,0.9999999824669757,0.9265018518682658,8,3,2382.749700279163,0.04572989242918645,sub-18,1.9999999999999998,102
POP,1.0000000221208047,0.0,0.0,4,3,inf,0.0,sub-17,0.0,103
MATCH,1.0000000291961055,0.9999999824669757,1.1193474372973422,8,3,1124.54827742082,0.06040072165187479,sub-17,1.9999999999999984,103
WRONG,1.0000000221208047,0.9999999824669757,6.881082858576922,8,3,213141.7899205554,0.005259115083481725,sub-17,2.0000000000000036,103
POP,1.0000000008512724,0.0,0.0,4,3,inf,0.0,sub-18,0.0,104
MATCH,1.0000000049467777,0.9999999725218636,1.0492629688973303,8,3,1717.4789078748522,0.056121833729086704,sub-18,1.9999999999999993,104
WRONG,1.000000011996973,0.9999999725218636,1.1558852697351873,8,3,5371.948189502753,0.03331438430713652,sub-18,1.9999999999999991,104
POP,1.000000009214969,0.0,0.0,4,3,inf,0.0,sub-17,0.0,105
MATCH,1.000000011703924,0.9999999754577107,0.862130917486889,8,3,88.56368630142236,0.18249388895758015,sub-17,2.0,105
WRONG,1.000000009214969,0.9999999889283517,0.9669485908611628,8,3,116.2031870500075,0.1697218212276241,sub-17,2.0000000000000004,105
POP,1.0000000221208047,0.0,0.0,4,3,inf,0.0,sub-18,0.0,106
MATCH,1.0000000285077386,0.9999999824669757,1.2672900548298986,8,3,652.6620621800334,0.0793592127601425,sub-18,2.0000000000000004,106
WRONG,1.0000000221208047,0.9999999824669757,6.881082858576922,8,3,213141.7899205554,0.005259115083481725,sub-18,2.0000000000000036,106
POP,1.0000000059673106,0.0,0.0,4,3,inf,0.0,sub-15,0.0,107
MATCH,1.0000000103698854,0.9999999953156659,0.6414944384795059,8,3,2860.82013526348,0.03263085492605591,sub-15,2.0000000000000004,107
WRONG,1.0000000059673106,0.9999999920702839,0.5692066341817861,8,3,184.3782538646647,0.13240362733185473,sub-15,1.9999999999999998,107
POP,1.0000000059673106,0.0,0.0,4,3,inf,0.0,sub-15,0.0,108
MATCH,1.0000000103698854,0.9999999953156659,0.6414944384795059,8,3,2860.82013526348,0.03263085492605591,sub-15,2.0000000000000004,108
WRONG,1.0000000059673106,0.9999999920702839,0.5692066341817861,8,3,184.3782538646647,0.13240362733185473,sub-15,1.9999999999999998,108
POP,1.0000000008512724,0.0,0.0,4,3,inf,0.0,sub-17,0.0,109
MATCH,1.000000011996973,0.9999999725218636,1.1558852697351873,8,3,5371.948189502753,0.03331438430713652,sub-17,1.9999999999999991,109
WRONG,1.0000000161104234,0.9999999725218636,7.810597339190832,8,3,66580.14473087943,0.009869161484708457,sub-17,1.9999999999999993,109
POP,1.000000009214969,0.0,0.0,4,3,inf,0.0,sub-15,0.0,110
MATCH,1.0000000120138626,0.9999999905247922,1.5812119875430628,8,3,459.0137846896379,0.08872037649541056,sub-15,1.9999999999999996,110
WRONG,1.000000026579607,0.9999999846628611,1.1874535446673242,8,3,307.8686321165191,0.09468722847626311,sub-15,1.9999999999999993,110
POP,1.000000009214969,0.0,0.0,4,3,inf,0.0,sub-17,0.0,111
MATCH,1.000000011703924,0.9999999754577107,0.862130917486889,8,3,88.56368630142236,0.18249388895758015,sub-17,2.0,111
WRONG,1.0000000120138626,0.9999999905247922,1.5812119875430628,8,3,459.0137846896379,0.08872037649541056,sub-17,1.9999999999999996,111
POP,1.000000000148458,0.0,0.0,4,3,inf,0.0,sub-18,0.0,112
MATCH,1.0000000159186002,0.999999979792708,1.176204743638987,8,3,177.56581956051778,0.12930880910405518,sub-18,2.0000000000000004,112
WRONG,1.000000000148458,0.999999979792708,0.49546956059017455,8,3,232.75971981031168,0.11763056436786912,sub-18,2.0,112
POP,1.0000000124116188,0.0,0.0,4,3,inf,0.0,sub-15,0.0,113
MATCH,1.0000000124116188,0.999999985868047,1.021941352606332,8,3,175.07439938667582,0.14037093466977776,sub-15,1.9999999999999998,113
WRONG,1.0000000124116188,0.999999988780087,1.6418427291154472,8,3,156.80730594755482,0.1449679642592033,sub-15,1.9999999999999991,113
POP,1.0000000008512724,0.0,0.0,4,3,inf,0.0,sub-18,0.0,114
MATCH,1.0000000049467777,0.9999999725218636,1.0492629688973303,8,3,1717.4789078748522,0.056121833729086704,sub-18,1.9999999999999993,114
WRONG,1.0000000220270213,0.9999999725218636,1.0410965642727121,8,3,1603.029482077022,0.056804365379956194,sub-18,2.000000000000001,114
POP,1.0000000059673106,0.0,0.0,4,3,inf,0.0,sub-18,0.0,115
MATCH,1.0000000059673106,0.999999991154364,0.9942681249103729,8,3,711.5153246204577,0.07472396411393561,sub-18,1.9999999999999996,115
WRONG,1.0000000059673106,0.9999999939214539,0.38272202646455633,8,3,82.51714052409176,0.1937448636279589,sub-18,1.9999999999999982,115
POP,1.0000000124116188,0.0,0.0,4,3,inf,0.0,sub-15,0.0,116
MATCH,1.0000000124116188,0.999999985868047,1.021941352606332,8,3,175.07439938667582,0.14037093466977776,sub-15,1.9999999999999998,116
WRONG,1.00000002032687,0.999999988780087,1.1343555341082332,8,3,131.98111583362095,0.1422208429956299,sub-15,1.9999999999999998,116
POP,1.0000000124116188,0.0,0.0,4,3,inf,0.0,sub-17,0.0,117
MATCH,1.00000002032687,0.999999988780087,1.1343555341082332,8,3,131.98111583362095,0.1422208429956299,sub-17,1.9999999999999998,117
WRONG,1.0000000124116188,0.999999985868047,1.021941352606332,8,3,175.07439938667582,0.14037093466977776,sub-17,1.9999999999999998,117
POP,1.0000000008512724,0.0,0.0,4,3,inf,0.0,sub-15,0.0,118
MATCH,1.000000014578469,0.9999999725218636,0.9821259363271507,8,3,3318.0579714057085,0.04181152951673158,sub-15,1.9999999999999991,118
WRONG,1.0000000161104234,0.9999999725218636,7.810597339190832,8,3,66580.14473087943,0.009869161484708457,sub-15,1.9999999999999993,118
POP,1.0000000008512724,0.0,0.0,4,3,inf,0.0,sub-15,0.0,119
MATCH,1.000000014578469,0.9999999725218636,0.9821259363271507,8,3,3318.0579714057085,0.04181152951673158,sub-15,1.9999999999999991,119
WRONG,1.0000000161104234,0.9999999725218636,7.810597339190832,8,3,66580.14473087943,0.009869161484708457,sub-15,1.9999999999999993,119
POP,1.0000000124116188,0.0,0.0,4,3,inf,0.0,sub-18,0.0,120
MATCH,1.000000018115513,0.999999988780087,2.720345955249461,8,3,548.6851922836662,0.08390267377295957,sub-18,1.9999999999999998,120
WRONG,1.0000000124116188,0.999999988780087,0.9661230382601,8,3,110.19020382510426,0.19378593376891395,sub-18,1.9999999999999996,120
POP,1.0000000221208047,0.0,0.0,4,3,inf,0.0,sub-17,0.0,121
MATCH,1.0000000291961055,0.9999999824669757,1.1193474372973422,8,3,1124.54827742082,0.06040072165187479,sub-17,1.9999999999999984,121
WRONG,1.0000000221208047,0.9999999785922263,0.9187436609537941,8,3,920.9325734871106,0.0723183707164014,sub-17,1.9999999999999987,121
POP,1.0000000124116188,0.0,0.0,4,3,inf,0.0,sub-17,0.0,122
MATCH,1.00000002032687,0.999999988780087,1.1343555341082332,8,3,131.98111583362095,0.1422208429956299,sub-17,1.9999999999999998,122
WRONG,1.0000000195061143,0.999999988780087,0.8811105071582882,8,3,2813.448073789631,0.03316931305858423,sub-17,1.9999999999999991,122
POP,1.0000000059673106,0.0,0.0,4,3,inf,0.0,sub-17,0.0,123
MATCH,1.0000000059673106,0.9999999735194555,0.5884650588589792,8,3,680.6546446280587,0.06843152356815307,sub-17,2.000000000000001,123
WRONG,1.0000000059673106,0.9999999934198078,0.4318085848632347,8,3,325.37264094789106,0.1001717444078054,sub-17,1.9999999999999996,123
POP,1.000000000148458,0.0,0.0,4,3,inf,0.0,sub-17,0.0,124
MATCH,1.0000000101382318,0.9999999739211859,1.4196484428442382,8,3,867.8582701869751,0.05741226443641406,sub-17,1.9999999999999996,124
WRONG,1.0000000019232078,0.999999979792708,1.0331058117027099,8,3,104.82159862303766,0.18539801846469667,sub-17,2.0000000000000004,124
POP,1.0000000221208047,0.0,0.0,4,3,inf,0.0,sub-18,0.0,125
MATCH,1.0000000285077386,0.9999999824669757,1.2672900548298986,8,3,652.6620621800334,0.0793592127601425,sub-18,2.0000000000000004,125
WRONG,1.0000000221208047,0.9999999800865145,0.9197810299071452,8,3,899.0972314301163,0.07266064378708403,sub-18,1.9999999999999996,125
POP,1.0000000124116188,0.0,0.0,4,3,inf,0.0,sub-18,0.0,126
MATCH,1.000000018115513,0.999999988780087,2.720345955249461,8,3,548.6851922836662,0.08390267377295957,sub-18,1.9999999999999998,126
WRONG,1.0000000216530591,0.999999988780087,1.9273271954526696,8,3,68.07666025620237,0.24101427785612536,sub-18,2.0,126
POP,1.0000000059673106,0.0,0.0,4,3,inf,0.0,sub-18,0.0,127
MATCH,1.0000000059673106,0.999999991154364,0.9942681249103729,8,3,711.5153246204577,0.07472396411393561,sub-18,1.9999999999999996,127
WRONG,1.0000000112006302,0.9999999947122876,0.5918870591225607,8,3,461.287696480079,0.09439715696014411,sub-18,2.0000000000000004,127
POP,1.0000000008512724,0.0,0.0,4,3,inf,0.0,sub-15,0.0,128
MATCH,1.000000014578469,0.9999999725218636,0.9821259363271507,8,3,3318.0579714057085,0.04181152951673158,sub-15,1.9999999999999991,128
WRONG,1.0000000008512724,0.9999999725218636,1.3340183193191413,8,3,863.2554017784753,0.06997568890897288,sub-15,2.0000000000000004,128
POP,1.000000009214969,0.0,0.0,4,3,inf,0.0,sub-18,0.0,129
MATCH,1.000000009214969,0.9999999889283517,0.9669485908611628,8,3,116.2031870500075,0.1697218212276241,sub-18,2.0000000000000004,129
WRONG,1.0000000120138626,0.9999999905247922,1.5812119875430628,8,3,459.0137846896379,0.08872037649541056,sub-18,1.9999999999999996,129
POP,1.0000000059673106,0.0,0.0,4,3,inf,0.0,sub-15,0.0,130
MATCH,1.0000000103698854,0.9999999953156659,0.6414944384795059,8,3,2860.82013526348,0.03263085492605591,sub-15,2.0000000000000004,130
WRONG,1.0000000167764338,0.9999999914540565,0.7699841496132498,8,3,408.03843651910904,0.09003295420656789,sub-15,2.0000000000000004,130
POP,1.0000000221208047,0.0,0.0,4,3,inf,0.0,sub-17,0.0,131
MATCH,1.0000000291961055,0.9999999824669757,1.1193474372973422,8,3,1124.54827742082,0.06040072165187479,sub-17,1.9999999999999984,131
WRONG,1.0000000221208047,0.9999999824669757,0.9265018518682658,8,3,2382.749700279163,0.04572989242918645,sub-17,1.9999999999999998,131
POP,1.000000009214969,0.0,0.0,4,3,inf,0.0,sub-17,0.0,132
MATCH,1.000000011703924,0.9999999754577107,0.862130917486889,8,3,88.56368630142236,0.18249388895758015,sub-17,2.0,132
WRONG,1.000000009214969,0.9999999914801291,1.47919649785345,8,3,70.34746247745478,0.20161220382505596,sub-17,2.0000000000000004,132
POP,1.0000000059673106,0.0,0.0,4,3,inf,0.0,sub-15,0.0,133
MATCH,1.0000000103698854,0.9999999953156659,0.6414944384795059,8,3,2860.82013526348,0.03263085492605591,sub-15,2.0000000000000004,133
WRONG,1.0000000167764338,0.9999999914540565,0.7699841496132498,8,3,408.03843651910904,0.09003295420656789,sub-15,2.0000000000000004,133
POP,1.000000000148458,0.0,0.0,4,3,inf,0.0,sub-18,0.0,134
MATCH,1.0000000159186002,0.999999979792708,1.176204743638987,8,3,177.56581956051778,0.12930880910405518,sub-18,2.0000000000000004,134
WRONG,1.000000017216101,0.999999979792708,0.5832929886781353,8,3,313.04520831907087,0.10005537197049696,sub-18,2.000000000000001,134
POP,1.0000000221208047,0.0,0.0,4,3,inf,0.0,sub-17,0.0,135
MATCH,1.0000000291961055,0.9999999824669757,1.1193474372973422,8,3,1124.54827742082,0.06040072165187479,sub-17,1.9999999999999984,135
WRONG,1.0000000221208047,0.9999999824669757,0.9112033967299719,8,3,1848.665081868345,0.052381127124977236,sub-17,1.9999999999999998,135
POP,1.000000000148458,0.0,0.0,4,3,inf,0.0,sub-15,0.0,136
MATCH,1.0000000081725238,0.999999979792708,0.5964086849703629,8,3,1003.8897155750161,0.055708954691248175,sub-15,2.0,136
WRONG,1.0000000124833568,0.999999979792708,0.5410926448226734,8,3,233.67329148592268,0.11342961679099693,sub-15,2.0,136
POP,1.000000000148458,0.0,0.0,4,3,inf,0.0,sub-17,0.0,137
MATCH,1.0000000101382318,0.9999999739211859,1.4196484428442382,8,3,867.8582701869751,0.05741226443641406,sub-17,1.9999999999999996,137
WRONG,1.000000003433209,0.999999979792708,2.6600325393932023,8,3,3121.308561808883,0.034574365084278184,sub-17,1.9999999999999984,137
POP,1.0000000221208047,0.0,0.0,4,3,inf,0.0,sub-18,0.0,138
MATCH,1.0000000285077386,0.9999999824669757,1.2672900548298986,8,3,652.6620621800334,0.0793592127601425,sub-18,2.0000000000000004,138
WRONG,1.0000000291961055,0.9999999824669757,1.1193474372973422,8,3,1124.54827742082,0.06040072165187479,sub-18,1.9999999999999984,138
POP,1.0000000124116188,0.0,0.0,4,3,inf,0.0,sub-18,0.0,139
MATCH,1.000000018115513,0.999999988780087,2.720345955249461,8,3,548.6851922836662,0.08390267377295957,sub-18,1.9999999999999998,139
WRONG,1.0000000124116188,0.9999999774315146,0.9678317061292039,8,3,38.669542279904476,0.26506467273002576,sub-18,2.0,139
POP,1.000000009214969,0.0,0.0,4,3,inf,0.0,sub-18,0.0,140
MATCH,1.000000009214969,0.9999999889283517,0.9669485908611628,8,3,116.2031870500075,0.1697218212276241,sub-18,2.0000000000000004,140
WRONG,1.0000000120138626,0.9999999905247922,1.5812119875430628,8,3,459.0137846896379,0.08872037649541056,sub-18,1.9999999999999996,140
POP,1.0000000059673106,0.0,0.0,4,3,inf,0.0,sub-15,0.0,141
MATCH,1.0000000103698854,0.9999999953156659,0.6414944384795059,8,3,2860.82013526348,0.03263085492605591,sub-15,2.0000000000000004,141
WRONG,1.0000000059673106,0.999999991154364,0.9942681249103729,8,3,711.5153246204577,0.07472396411393561,sub-15,1.9999999999999996,141
POP,1.0000000059673106,0.0,0.0,4,3,inf,0.0,sub-17,0.0,142
MATCH,1.0000000059673106,0.9999999735194555,0.5884650588589792,8,3,680.6546446280587,0.06843152356815307,sub-17,2.000000000000001,142
WRONG,1.0000000112006302,0.9999999947122876,0.5918870591225607,8,3,461.287696480079,0.09439715696014411,sub-17,2.0000000000000004,142
POP,1.0000000124116188,0.0,0.0,4,3,inf,0.0,sub-17,0.0,143
MATCH,1.00000002032687,0.999999988780087,1.1343555341082332,8,3,131.98111583362095,0.1422208429956299,sub-17,1.9999999999999998,143
WRONG,1.0000000221616563,0.999999988780087,1.9002112464896883,8,3,906.7757387302898,0.06251440763272748,sub-17,1.9999999999999993,143
POP,1.0000000008512724,0.0,0.0,4,3,inf,0.0,sub-15,0.0,144
MATCH,1.000000014578469,0.9999999725218636,0.9821259363271507,8,3,3318.0579714057085,0.04181152951673158,sub-15,1.9999999999999991,144
WRONG,1.0000000161104234,0.9999999725218636,7.810597339190832,8,3,66580.14473087943,0.009869161484708457,sub-15,1.9999999999999993,144
POP,1.0000000124116188,0.0,0.0,4,3,inf,0.0,sub-17,0.0,145
MATCH,1.00000002032687,0.999999988780087,1.1343555341082332,8,3,131.98111583362095,0.1422208429956299,sub-17,1.9999999999999998,145
WRONG,1.0000000124116188,0.999999988780087,1.6418427291154472,8,3,156.80730594755482,0.1449679642592033,sub-17,1.9999999999999991,145
POP,1.0000000008512724,0.0,0.0,4,3,inf,0.0,sub-17,0.0,146
MATCH,1.000000011996973,0.9999999725218636,1.1558852697351873,8,3,5371.948189502753,0.03331438430713652,sub-17,1.9999999999999991,146
WRONG,1.000000014651207,0.9999999725218636,1.111938961634041,8,3,5985.272120722867,0.03195952824475671,sub-17,1.9999999999999991,146
POP,1.000000000148458,0.0,0.0,4,3,inf,0.0,sub-15,0.0,147
MATCH,1.0000000081725238,0.999999979792708,0.5964086849703629,8,3,1003.8897155750161,0.055708954691248175,sub-15,2.0,147
WRONG,1.0000000174618415,0.999999979792708,0.4729637641886236,8,3,210.5517091857345,0.11879578395808899,sub-15,2.0000000000000004,147
POP,1.0000000221208047,0.0,0.0,4,3,inf,0.0,sub-15,0.0,148
MATCH,1.0000000221208047,0.9999999824669757,0.9265018518682658,8,3,2382.749700279163,0.04572989242918645,sub-15,1.9999999999999998,148
WRONG,1.0000000221208047,0.9999999760138117,1.0120257234203671,8,3,804.334395623176,0.07617504556526017,sub-15,2.0000000000000004,148
POP,1.0000000008512724,0.0,0.0,4,3,inf,0.0,sub-18,0.0,149
MATCH,1.0000000049467777,0.9999999725218636,1.0492629688973303,8,3,1717.4789078748522,0.056121833729086704,sub-18,1.9999999999999993,149
WRONG,1.0000000229193973,0.9999999725218636,0.9784366144882527,8,3,10164.844123404058,0.023850137661914367,sub-18,1.999999999999999,149
POP,1.0000000221208047,0.0,0.0,4,3,inf,0.0,sub-17,0.0,150
MATCH,1.0000000291961055,0.9999999824669757,1.1193474372973422,8,3,1124.54827742082,0.06040072165187479,sub-17,1.9999999999999984,150
WRONG,1.0000000221208047,0.9999999824669757,0.9265018518682658,8,3,2382.749700279163,0.04572989242918645,sub-17,1.9999999999999998,150
POP,1.0000000059673106,0.0,0.0,4,3,inf,0.0,sub-15,0.0,151
MATCH,1.0000000103698854,0.9999999953156659,0.6414944384795059,8,3,2860.82013526348,0.03263085492605591,sub-15,2.0000000000000004,151
WRONG,1.0000000066511747,0.9999999902593656,1.462281250481125,8,3,359.5608423063109,0.10368942763520293,sub-15,1.9999999999999996,151
POP,1.0000000059673106,0.0,0.0,4,3,inf,0.0,sub-17,0.0,152
MATCH,1.0000000059673106,0.9999999735194555,0.5884650588589792,8,3,680.6546446280587,0.06843152356815307,sub-17,2.000000000000001,152
WRONG,1.0000000167764338,0.9999999914540565,0.7699841496132498,8,3,408.03843651910904,0.09003295420656789,sub-17,2.0000000000000004,152
POP,1.000000009214969,0.0,0.0,4,3,inf,0.0,sub-17,0.0,153
MATCH,1.000000011703924,0.9999999754577107,0.862130917486889,8,3,88.56368630142236,0.18249388895758015,sub-17,2.0,153
WRONG,1.0000000120138626,0.9999999905247922,1.5812119875430628,8,3,459.0137846896379,0.08872037649541056,sub-17,1.9999999999999996,153
POP,1.0000000221208047,0.0,0.0,4,3,inf,0.0,sub-18,0.0,154
MATCH,1.0000000285077386,0.9999999824669757,1.2672900548298986,8,3,652.6620621800334,0.0793592127601425,sub-18,2.0000000000000004,154
WRONG,1.0000000221208047,0.9999999824669757,1.4773282751955532,8,3,1611.5557897825342,0.04703455251391868,sub-18,2.0000000000000004,154
POP,1.000000000148458,0.0,0.0,4,3,inf,0.0,sub-17,0.0,155
MATCH,1.0000000101382318,0.9999999739211859,1.4196484428442382,8,3,867.8582701869751,0.05741226443641406,sub-17,1.9999999999999996,155
WRONG,1.0000000203567811,0.999999979792708,0.5101957866453657,8,3,235.9539845062275,0.11902898364806462,sub-17,2.0,155
POP,1.000000009214969,0.0,0.0,4,3,inf,0.0,sub-17,0.0,156
MATCH,1.000000011703924,0.9999999754577107,0.862130917486889,8,3,88.56368630142236,0.18249388895758015,sub-17,2.0,156
WRONG,1.000000026579607,0.9999999846628611,1.1874535446673242,8,3,307.8686321165191,0.09468722847626311,sub-17,1.9999999999999993,156
POP,1.0000000059673106,0.0,0.0,4,3,inf,0.0,sub-15,0.0,157
MATCH,1.0000000103698854,0.9999999953156659,0.6414944384795059,8,3,2860.82013526348,0.03263085492605591,sub-15,2.0000000000000004,157
WRONG,1.000000008220885,0.9999999910529686,0.6768920814374872,8,3,1291.5889959709516,0.05437553481719684,sub-15,1.9999999999999996,157
POP,1.000000009214969,0.0,0.0,4,3,inf,0.0,sub-17,0.0,158
MATCH,1.000000011703924,0.9999999754577107,0.862130917486889,8,3,88.56368630142236,0.18249388895758015,sub-17,2.0,158
WRONG,1.000000009214969,0.9999999889283517,0.9669485908611628,8,3,116.2031870500075,0.1697218212276241,sub-17,2.0000000000000004,158
POP,1.000000000148458,0.0,0.0,4,3,inf,0.0,sub-15,0.0,159
MATCH,1.0000000081725238,0.999999979792708,0.5964086849703629,8,3,1003.8897155750161,0.055708954691248175,sub-15,2.0,159
WRONG,1.0000000019232078,0.999999979792708,1.0331058117027099,8,3,104.82159862303766,0.18539801846469667,sub-15,2.0000000000000004,159
POP,1.000000000148458,0.0,0.0,4,3,inf,0.0,sub-18,0.0,160
MATCH,1.0000000159186002,0.999999979792708,1.176204743638987,8,3,177.56581956051778,0.12930880910405518,sub-18,2.0000000000000004,160
WRONG,1.000000000148458,0.999999979792708,0.49546956059017455,8,3,232.75971981031168,0.11763056436786912,sub-18,2.0,160
POP,1.000000009214969,0.0,0.0,4,3,inf,0.0,sub-15,0.0,161
MATCH,1.0000000120138626,0.9999999905247922,1.5812119875430628,8,3,459.0137846896379,0.08872037649541056,sub-15,1.9999999999999996,161
WRONG,1.000000011703924,0.9999999754577107,0.862130917486889,8,3,88.56368630142236,0.18249388895758015,sub-15,2.0,161
POP,1.000000000148458,0.0,0.0,4,3,inf,0.0,sub-18,0.0,162
MATCH,1.0000000159186002,0.999999979792708,1.176204743638987,8,3,177.56581956051778,0.12930880910405518,sub-18,2.0000000000000004,162
WRONG,1.0000000101382318,0.9999999739211859,1.4196484428442382,8,3,867.8582701869751,0.05741226443641406,sub-18,1.9999999999999996,162
POP,1.0000000059673106,0.0,0.0,4,3,inf,0.0,sub-15,0.0,163
MATCH,1.0000000103698854,0.9999999953156659,0.6414944384795059,8,3,2860.82013526348,0.03263085492605591,sub-15,2.0000000000000004,163
WRONG,1.0000000059673106,0.999999991154364,0.9942681249103729,8,3,711.5153246204577,0.07472396411393561,sub-15,1.9999999999999996,163
POP,1.0000000221208047,0.0,0.0,4,3,inf,0.0,sub-18,0.0,164
MATCH,1.0000000285077386,0.9999999824669757,1.2672900548298986,8,3,652.6620621800334,0.0793592127601425,sub-18,2.0000000000000004,164
WRONG,1.0000000221208047,0.9999999824669757,1.1079579096634737,8,3,427.6468058710345,0.1001084834243189,sub-18,1.9999999999999993,164
POP,1.0000000124116188,0.0,0.0,4,3,inf,0.0,sub-17,0.0,165
MATCH,1.00000002032687,0.999999988780087,1.1343555341082332,8,3,131.98111583362095,0.1422208429956299,sub-17,1.9999999999999998,165
WRONG,1.0000000216530591,0.999999988780087,1.9273271954526696,8,3,68.07666025620237,0.24101427785612536,sub-17,2.0,165
POP,1.0000000124116188,0.0,0.0,4,3,inf,0.0,sub-18,0.0,166
MATCH,1.000000018115513,0.999999988780087,2.720345955249461,8,3,548.6851922836662,0.08390267377295957,sub-18,1.9999999999999998,166
WRONG,1.0000000130166062,0.999999988780087,1.0232912358776591,8,3,131.33635518351096,0.17022360364880457,sub-18,2.0,166
POP,1.0000000059673106,0.0,0.0,4,3,inf,0.0,sub-18,0.0,167
MATCH,1.0000000059673106,0.999999991154364,0.9942681249103729,8,3,711.5153246204577,0.07472396411393561,sub-18,1.9999999999999996,167
WRONG,1.0000000103698854,0.9999999953156659,0.6414944384795059,8,3,2860.82013526348,0.03263085492605591,sub-18,2.0000000000000004,167
POP,1.0000000221208047,0.0,0.0,4,3,inf,0.0,sub-15,0.0,168
MATCH,1.0000000221208047,0.9999999824669757,0.9265018518682658,8,3,2382.749700279163,0.04572989242918645,sub-15,1.9999999999999998,168
WRONG,1.0000000285077386,0.9999999824669757,1.2672900548298986,8,3,652.6620621800334,0.0793592127601425,sub-15,2.0000000000000004,168
POP,1.000000009214969,0.0,0.0,4,3,inf,0.0,sub-17,0.0,169
MATCH,1.000000011703924,0.9999999754577107,0.862130917486889,8,3,88.56368630142236,0.18249388895758015,sub-17,2.0,169
WRONG,1.000000026579607,0.9999999846628611,1.1874535446673242,8,3,307.8686321165191,0.09468722847626311,sub-17,1.9999999999999993,169
POP,1.000000000148458,0.0,0.0,4,3,inf,0.0,sub-17,0.0,170
MATCH,1.0000000101382318,0.9999999739211859,1.4196484428442382,8,3,867.8582701869751,0.05741226443641406,sub-17,1.9999999999999996,170
WRONG,1.000000017216101,0.999999979792708,0.5832929886781353,8,3,313.04520831907087,0.10005537197049696,sub-17,2.000000000000001,170
POP,1.000000000148458,0.0,0.0,4,3,inf,0.0,sub-15,0.0,171
MATCH,1.0000000081725238,0.999999979792708,0.5964086849703629,8,3,1003.8897155750161,0.055708954691248175,sub-15,2.0,171
WRONG,1.0000000101382318,0.9999999739211859,1.4196484428442382,8,3,867.8582701869751,0.05741226443641406,sub-15,1.9999999999999996,171
POP,1.0000000221208047,0.0,0.0,4,3,inf,0.0,sub-17,0.0,172
MATCH,1.0000000291961055,0.9999999824669757,1.1193474372973422,8,3,1124.54827742082,0.06040072165187479,sub-17,1.9999999999999984,172
WRONG,1.0000000221208047,0.9999999800865145,0.9197810299071452,8,3,899.0972314301163,0.07266064378708403,sub-17,1.9999999999999996,172
POP,1.0000000124116188,0.0,0.0,4,3,inf,0.0,sub-17,0.0,173
MATCH,1.00000002032687,0.999999988780087,1.1343555341082332,8,3,131.98111583362095,0.1422208429956299,sub-17,1.9999999999999998,173
WRONG,1.0000000124116188,0.9999999774315146,0.9678317061292039,8,3,38.669542279904476,0.26506467273002576,sub-17,2.0,173
POP,1.0000000124116188,0.0,0.0,4,3,inf,0.0,sub-18,0.0,174
MATCH,1.000000018115513,0.999999988780087,2.720345955249461,8,3,548.6851922836662,0.08390267377295957,sub-18,1.9999999999999998,174
WRONG,1.0000000124116188,0.9999999865148189,3.942631509236322,8,3,184.5017267422543,0.12211478622663438,sub-18,2.0,174
POP,1.0000000221208047,0.0,0.0,4,3,inf,0.0,sub-17,0.0,175
MATCH,1.0000000291961055,0.9999999824669757,1.1193474372973422,8,3,1124.54827742082,0.06040072165187479,sub-17,1.9999999999999984,175
WRONG,1.0000000221208047,0.9999999785922263,0.9187436609537941,8,3,920.9325734871106,0.0723183707164014,sub-17,1.9999999999999987,175
POP,1.0000000008512724,0.0,0.0,4,3,inf,0.0,sub-17,0.0,176
MATCH,1.000000011996973,0.9999999725218636,1.1558852697351873,8,3,5371.948189502753,0.03331438430713652,sub-17,1.9999999999999991,176
WRONG,1.0000000008512724,0.9999999725218636,1.3340183193191413,8,3,863.2554017784753,0.06997568890897288,sub-17,2.0000000000000004,176
POP,1.0000000008512724,0.0,0.0,4,3,inf,0.0,sub-15,0.0,177
MATCH,1.000000014578469,0.9999999725218636,0.9821259363271507,8,3,3318.0579714057085,0.04181152951673158,sub-15,1.9999999999999991,177
WRONG,1.0000000008512724,0.9999999725218636,1.3340183193191413,8,3,863.2554017784753,0.06997568890897288,sub-15,2.0000000000000004,177
POP,1.000000009214969,0.0,0.0,4,3,inf,0.0,sub-17,0.0,178
MATCH,1.000000011703924,0.9999999754577107,0.862130917486889,8,3,88.56368630142236,0.18249388895758015,sub-17,2.0,178
WRONG,1.000000009214969,0.9999999949581602,1.9133839807828785,8,3,433.4224614389855,0.09037634459686715,sub-17,2.000000000000001,178
POP,1.0000000008512724,0.0,0.0,4,3,inf,0.0,sub-18,0.0,179
MATCH,1.0000000049467777,0.9999999725218636,1.0492629688973303,8,3,1717.4789078748522,0.056121833729086704,sub-18,1.9999999999999993,179
WRONG,1.0000000008512724,0.9999999725218636,1.3340183193191413,8,3,863.2554017784753,0.06997568890897288,sub-18,2.0000000000000004,179
POP,1.0000000124116188,0.0,0.0,4,3,inf,0.0,sub-15,0.0,180
MATCH,1.0000000124116188,0.999999985868047,1.021941352606332,8,3,175.07439938667582,0.14037093466977776,sub-15,1.9999999999999998,180
WRONG,1.0000000124116188,0.9999999774315146,0.9678317061292039,8,3,38.669542279904476,0.26506467273002576,sub-15,2.0,180
POP,1.0000000008512724,0.0,0.0,4,3,inf,0.0,sub-15,0.0,181
MATCH,1.000000014578469,0.9999999725218636,0.9821259363271507,8,3,3318.0579714057085,0.04181152951673158,sub-15,1.9999999999999991,181
WRONG,1.0000000049467777,0.9999999725218636,1.0492629688973303,8,3,1717.4789078748522,0.056121833729086704,sub-15,1.9999999999999993,181
POP,1.0000000221208047,0.0,0.0,4,3,inf,0.0,sub-17,0.0,182
MATCH,1.0000000291961055,0.9999999824669757,1.1193474372973422,8,3,1124.54827742082,0.06040072165187479,sub-17,1.9999999999999984,182
WRONG,1.0000000285077386,0.9999999824669757,1.2672900548298986,8,3,652.6620621800334,0.0793592127601425,sub-17,2.0000000000000004,182
POP,1.0000000221208047,0.0,0.0,4,3,inf,0.0,sub-18,0.0,183
MATCH,1.0000000285077386,0.9999999824669757,1.2672900548298986,8,3,652.6620621800334,0.0793592127601425,sub-18,2.0000000000000004,183
WRONG,1.0000000221208047,0.9999999824669757,6.881082858576922,8,3,213141.7899205554,0.005259115083481725,sub-18,2.0000000000000036,183
POP,1.000000000148458,0.0,0.0,4,3,inf,0.0,sub-18,0.0,184
MATCH,1.0000000159186002,0.999999979792708,1.176204743638987,8,3,177.56581956051778,0.12930880910405518,sub-18,2.0000000000000004,184
WRONG,1.00000001549909,0.999999979792708,0.4585554236767905,8,3,84.84279327525073,0.1930138266058397,sub-18,1.9999999999999998,184
POP,1.0000000221208047,0.0,0.0,4,3,inf,0.0,sub-18,0.0,185
MATCH,1.0000000285077386,0.9999999824669757,1.2672900548298986,8,3,652.6620621800334,0.0793592127601425,sub-18,2.0000000000000004,185
WRONG,1.0000000221208047,0.9999999824669757,6.881082858576922,8,3,213141.7899205554,0.005259115083481725,sub-18,2.0000000000000036,185
POP,1.0000000059673106,0.0,0.0,4,3,inf,0.0,sub-15,0.0,186
MATCH,1.0000000103698854,0.9999999953156659,0.6414944384795059,8,3,2860.82013526348,0.03263085492605591,sub-15,2.0000000000000004,186
WRONG,1.0000000059673106,0.9999999953156659,0.47307308071194715,8,3,294.3809715002848,0.1040527858218537,sub-15,1.9999999999999996,186
POP,1.000000009214969,0.0,0.0,4,3,inf,0.0,sub-17,0.0,187
MATCH,1.000000011703924,0.9999999754577107,0.862130917486889,8,3,88.56368630142236,0.18249388895758015,sub-17,2.0,187
WRONG,1.000000009283643,0.9999999935375822,1.0472452823000344,8,3,92.85594059058803,0.19812812845321748,sub-17,2.0000000000000004,187
POP,1.0000000008512724,0.0,0.0,4,3,inf,0.0,sub-17,0.0,188
MATCH,1.000000011996973,0.9999999725218636,1.1558852697351873,8,3,5371.948189502753,0.03331438430713652,sub-17,1.9999999999999991,188
WRONG,1.0000000107915725,0.9999999725218636,0.9777910697749738,8,3,2651.5280733857307,0.04631584049262772,sub-17,2.0000000000000004,188
POP,1.0000000221208047,0.0,0.0,4,3,inf,0.0,sub-15,0.0,189
MATCH,1.0000000221208047,0.9999999824669757,0.9265018518682658,8,3,2382.749700279163,0.04572989242918645,sub-15,1.9999999999999998,189
WRONG,1.0000000221208047,0.9999999824669757,0.8463067170305122,8,3,262.7210223817997,0.13111917653627073,sub-15,2.000000000000001,189
POP,1.0000000059673106,0.0,0.0,4,3,inf,0.0,sub-15,0.0,190
MATCH,1.0000000103698854,0.9999999953156659,0.6414944384795059,8,3,2860.82013526348,0.03263085492605591,sub-15,2.0000000000000004,190
WRONG,1.0000000078055182,0.9999999915486862,0.6649159884255913,8,3,344.9607936235887,0.09736952461141976,sub-15,2.0,190
POP,1.0000000124116188,0.0,0.0,4,3,inf,0.0,sub-15,0.0,191
MATCH,1.0000000124116188,0.999999985868047,1.021941352606332,8,3,175.07439938667582,0.14037093466977776,sub-15,1.9999999999999998,191
WRONG,1.0000000124116188,0.9999999865148189,3.942631509236322,8,3,184.5017267422543,0.12211478622663438,sub-15,2.0,191
POP,1.000000009214969,0.0,0.0,4,3,inf,0.0,sub-17,0.0,192
MATCH,1.000000011703924,0.9999999754577107,0.862130917486889,8,3,88.56368630142236,0.18249388895758015,sub-17,2.0,192
WRONG,1.0000000120138626,0.9999999905247922,1.5812119875430628,8,3,459.0137846896379,0.08872037649541056,sub-17,1.9999999999999996,192
POP,1.0000000221208047,0.0,0.0,4,3,inf,0.0,sub-18,0.0,193
MATCH,1.0000000285077386,0.9999999824669757,1.2672900548298986,8,3,652.6620621800334,0.0793592127601425,sub-18,2.0000000000000004,193
WRONG,1.0000000221208047,0.9999999774941938,0.92722725545324,8,3,1450.4368656954032,0.057118405684627914,sub-18,2.0,193
POP,1.0000000124116188,0.0,0.0,4,3,inf,0.0,sub-17,0.0,194
MATCH,1.00000002032687,0.999999988780087,1.1343555341082332,8,3,131.98111583362095,0.1422208429956299,sub-17,1.9999999999999998,194
WRONG,1.0000000124116188,0.999999985868047,1.021941352606332,8,3,175.07439938667582,0.14037093466977776,sub-17,1.9999999999999998,194
POP,1.0000000221208047,0.0,0.0,4,3,inf,0.0,sub-18,0.0,195
MATCH,1.0000000285077386,0.9999999824669757,1.2672900548298986,8,3,652.6620621800334,0.0793592127601425,sub-18,2.0000000000000004,195
WRONG,1.0000000221208047,0.9999999760138117,1.0120257234203671,8,3,804.334395623176,0.07617504556526017,sub-18,2.0000000000000004,195
POP,1.000000000148458,0.0,0.0,4,3,inf,0.0,sub-15,0.0,196
MATCH,1.0000000081725238,0.999999979792708,0.5964086849703629,8,3,1003.8897155750161,0.055708954691248175,sub-15,2.0,196
WRONG,1.000000017216101,0.999999979792708,0.5832929886781353,8,3,313.04520831907087,0.10005537197049696,sub-15,2.000000000000001,196
POP,1.000000000148458,0.0,0.0,4,3,inf,0.0,sub-17,0.0,197
MATCH,1.0000000101382318,0.9999999739211859,1.4196484428442382,8,3,867.8582701869751,0.05741226443641406,sub-17,1.9999999999999996,197
WRONG,1.0000000124833568,0.999999979792708,0.5410926448226734,8,3,233.67329148592268,0.11342961679099693,sub-17,2.0,197
POP,1.000000009214969,0.0,0.0,4,3,inf,0.0,sub-15,0.0,198
MATCH,1.0000000120138626,0.9999999905247922,1.5812119875430628,8,3,459.0137846896379,0.08872037649541056,sub-15,1.9999999999999996,198
WRONG,1.000000028627441,0.9999999891618297,2.5002569302820903,8,3,167.6905058096939,0.12717573419025585,sub-15,2.0000000000000004,198
POP,1.0000000221208047,0.0,0.0,4,3,inf,0.0,sub-18,0.0,199
MATCH,1.0000000285077386,0.9999999824669757,1.2672900548298986,8,3,652.6620621800334,0.0793592127601425,sub-18,2.0000000000000004,199
WRONG,1.0000000221208047,0.9999999760138117,1.0120257234203671,8,3,804.334395623176,0.07617504556526017,sub-18,2.0000000000000004,199
POP,1.000000000148458,0.0,0.0,4,3,inf,0.0,sub-18,0.0,200
MATCH,1.0000000159186002,0.999999979792708,1.176204743638987,8,3,177.56581956051778,0.12930880910405518,sub-18,2.0000000000000004,200
WRONG,1.000000017216101,0.999999979792708,0.5832929886781353,8,3,313.04520831907087,0.10005537197049696,sub-18,2.000000000000001,200
POP,1.0000000124116188,0.0,0.0,4,3,inf,0.0,sub-15,0.0,201
MATCH,1.0000000124116188,0.999999985868047,1.021941352606332,8,3,175.07439938667582,0.14037093466977776,sub-15,1.9999999999999998,201
WRONG,1.000000018115513,0.999999988780087,2.720345955249461,8,3,548.6851922836662,0.08390267377295957,sub-15,1.9999999999999998,201
POP,1.0000000059673106,0.0,0.0,4,3,inf,0.0,sub-17,0.0,202
MATCH,1.0000000059673106,0.9999999735194555,0.5884650588589792,8,3,680.6546446280587,0.06843152356815307,sub-17,2.000000000000001,202
WRONG,1.0000000078055182,0.9999999915486862,0.6649159884255913,8,3,344.9607936235887,0.09736952461141976,sub-17,2.0,202
POP,1.0000000059673106,0.0,0.0,4,3,inf,0.0,sub-17,0.0,203
MATCH,1.0000000059673106,0.9999999735194555,0.5884650588589792,8,3,680.6546446280587,0.06843152356815307,sub-17,2.000000000000001,203
WRONG,1.0000000059673106,0.999999991154364,0.9942681249103729,8,3,711.5153246204577,0.07472396411393561,sub-17,1.9999999999999996,203
POP,1.0000000059673106,0.0,0.0,4,3,inf,0.0,sub-18,0.0,204
MATCH,1.0000000059673106,0.999999991154364,0.9942681249103729,8,3,711.5153246204577,0.07472396411393561,sub-18,1.9999999999999996,204
WRONG,1.0000000103698854,0.9999999953156659,0.6414944384795059,8,3,2860.82013526348,0.03263085492605591,sub-18,2.0000000000000004,204
POP,1.000000000148458,0.0,0.0,4,3,inf,0.0,sub-15,0.0,205
MATCH,1.0000000081725238,0.999999979792708,0.5964086849703629,8,3,1003.8897155750161,0.055708954691248175,sub-15,2.0,205
WRONG,1.0000000101382318,0.9999999739211859,1.4196484428442382,8,3,867.8582701869751,0.05741226443641406,sub-15,1.9999999999999996,205
POP,1.0000000124116188,0.0,0.0,4,3,inf,0.0,sub-18,0.0,206
MATCH,1.000000018115513,0.999999988780087,2.720345955249461,8,3,548.6851922836662,0.08390267377295957,sub-18,1.9999999999999998,206
WRONG,1.0000000124116188,0.999999988780087,1.6418427291154472,8,3,156.80730594755482,0.1449679642592033,sub-18,1.9999999999999991,206
POP,1.000000000148458,0.0,0.0,4,3,inf,0.0,sub-18,0.0,207
MATCH,1.0000000159186002,0.999999979792708,1.176204743638987,8,3,177.56581956051778,0.12930880910405518,sub-18,2.0000000000000004,207
WRONG,1.000000000148458,0.999999979792708,0.49546956059017455,8,3,232.75971981031168,0.11763056436786912,sub-18,2.0,207
POP,1.0000000008512724,0.0,0.0,4,3,inf,0.0,sub-17,0.0,208
MATCH,1.000000011996973,0.9999999725218636,1.1558852697351873,8,3,5371.948189502753,0.03331438430713652,sub-17,1.9999999999999991,208
WRONG,1.0000000061986156,0.9999999725218636,0.9855685156861148,8,3,1343.5529946741076,0.06201353758234517,sub-17,2.0000000000000004,208
POP,1.000000000148458,0.0,0.0,4,3,inf,0.0,sub-18,0.0,209
MATCH,1.0000000159186002,0.999999979792708,1.176204743638987,8,3,177.56581956051778,0.12930880910405518,sub-18,2.0000000000000004,209
WRONG,1.0000000070863286,0.999999979792708,0.8448884511908635,8,3,82.57074672050778,0.18143918349974636,sub-18,1.9999999999999991,209
POP,1.0000000008512724,0.0,0.0,4,3,inf,0.0,sub-17,0.0,210
MATCH,1.000000011996973,0.9999999725218636,1.1558852697351873,8,3,5371.948189502753,0.03331438430713652,sub-17,1.9999999999999991,210
WRONG,1.000000014578469,0.9999999725218636,0.9821259363271507,8,3,3318.0579714057085,0.04181152951673158,sub-17,1.9999999999999991,210
POP,1.0000000059673106,0.0,0.0,4,3,inf,0.0,sub-18,0.0,211
MATCH,1.0000000059673106,0.999999991154364,0.9942681249103729,8,3,711.5153246204577,0.07472396411393561,sub-18,1.9999999999999996,211
WRONG,1.0000000059673106,0.9999999735194555,0.5884650588589792,8,3,680.6546446280587,0.06843152356815307,sub-18,2.000000000000001,211
POP,1.0000000059673106,0.0,0.0,4,3,inf,0.0,sub-15,0.0,212
MATCH,1.0000000103698854,0.9999999953156659,0.6414944384795059,8,3,2860.82013526348,0.03263085492605591,sub-15,2.0000000000000004,212
WRONG,1.0000000078055182,0.9999999915486862,0.6649159884255913,8,3,344.9607936235887,0.09736952461141976,sub-15,2.0,212
POP,1.0000000124116188,0.0,0.0,4,3,inf,0.0,sub-15,0.0,213
MATCH,1.0000000124116188,0.999999985868047,1.021941352606332,8,3,175.07439938667582,0.14037093466977776,sub-15,1.9999999999999998,213
WRONG,1.00000002032687,0.999999988780087,1.1343555341082332,8,3,131.98111583362095,0.1422208429956299,sub-15,1.9999999999999998,213
POP,1.0000000059673106,0.0,0.0,4,3,inf,0.0,sub-18,0.0,214
MATCH,1.0000000059673106,0.999999991154364,0.9942681249103729,8,3,711.5153246204577,0.07472396411393561,sub-18,1.9999999999999996,214
WRONG,1.0000000112006302,0.9999999947122876,0.5918870591225607,8,3,461.287696480079,0.09439715696014411,sub-18,2.0000000000000004,214
POP,1.0000000221208047,0.0,0.0,4,3,inf,0.0,sub-15,0.0,215
MATCH,1.0000000221208047,0.9999999824669757,0.9265018518682658,8,3,2382.749700279163,0.04572989242918645,sub-15,1.9999999999999998,215
WRONG,1.0000000221208047,0.9999999800865145,0.9197810299071452,8,3,899.0972314301163,0.07266064378708403,sub-15,1.9999999999999996,215
POP,1.0000000124116188,0.0,0.0,4,3,inf,0.0,sub-18,0.0,216
MATCH,1.000000018115513,0.999999988780087,2.720345955249461,8,3,548.6851922836662,0.08390267377295957,sub-18,1.9999999999999998,216
WRONG,1.0000000124116188,0.999999988780087,0.9661230382601,8,3,110.19020382510426,0.19378593376891395,sub-18,1.9999999999999996,216
POP,1.0000000008512724,0.0,0.0,4,3,inf,0.0,sub-18,0.0,217
MATCH,1.0000000049467777,0.9999999725218636,1.0492629688973303,8,3,1717.4789078748522,0.056121833729086704,sub-18,1.9999999999999993,217
WRONG,1.0000000008512724,0.9999999725218636,1.3340183193191413,8,3,863.2554017784753,0.06997568890897288,sub-18,2.0000000000000004,217
POP,1.0000000124116188,0.0,0.0,4,3,inf,0.0,sub-18,0.0,218
MATCH,1.000000018115513,0.999999988780087,2.720345955249461,8,3,548.6851922836662,0.08390267377295957,sub-18,1.9999999999999998,218
WRONG,1.0000000124116188,0.9999999865148189,3.942631509236322,8,3,184.5017267422543,0.12211478622663438,sub-18,2.0,218
POP,1.0000000059673106,0.0,0.0,4,3,inf,0.0,sub-17,0.0,219
MATCH,1.0000000059673106,0.9999999735194555,0.5884650588589792,8,3,680.6546446280587,0.06843152356815307,sub-17,2.000000000000001,219
WRONG,1.0000000103698854,0.9999999953156659,0.6414944384795059,8,3,2860.82013526348,0.03263085492605591,sub-17,2.0000000000000004,219
POP,1.0000000008512724,0.0,0.0,4,3,inf,0.0,sub-17,0.0,220
MATCH,1.000000011996973,0.9999999725218636,1.1558852697351873,8,3,5371.948189502753,0.03331438430713652,sub-17,1.9999999999999991,220
WRONG,1.0000000229193973,0.9999999725218636,0.9784366144882527,8,3,10164.844123404058,0.023850137661914367,sub-17,1.999999999999999,220
POP,1.000000000148458,0.0,0.0,4,3,inf,0.0,sub-17,0.0,221
MATCH,1.0000000101382318,0.9999999739211859,1.4196484428442382,8,3,867.8582701869751,0.05741226443641406,sub-17,1.9999999999999996,221
WRONG,1.00000001549909,0.999999979792708,0.4585554236767905,8,3,84.84279327525073,0.1930138266058397,sub-17,1.9999999999999998,221
POP,1.000000009214969,0.0,0.0,4,3,inf,0.0,sub-15,0.0,222
MATCH,1.0000000120138626,0.9999999905247922,1.5812119875430628,8,3,459.0137846896379,0.08872037649541056,sub-15,1.9999999999999996,222
WRONG,1.000000009214969,0.9999999954986594,0.6707154383421348,8,3,193.5312419838298,0.11666988496418691,sub-15,2.0,222
POP,1.0000000124116188,0.0,0.0,4,3,inf,0.0,sub-15,0.0,223
MATCH,1.0000000124116188,0.999999985868047,1.021941352606332,8,3,175.07439938667582,0.14037093466977776,sub-15,1.9999999999999998,223
WRONG,1.00000002032687,0.999999988780087,1.1343555341082332,8,3,131.98111583362095,0.1422208429956299,sub-15,1.9999999999999998,223
POP,1.0000000059673106,0.0,0.0,4,3,inf,0.0,sub-18,0.0,224
MATCH,1.0000000059673106,0.999999991154364,0.9942681249103729,8,3,711.5153246204577,0.07472396411393561,sub-18,1.9999999999999996,224
WRONG,1.0000000078055182,0.9999999915486862,0.6649159884255913,8,3,344.9607936235887,0.09736952461141976,sub-18,2.0,224
POP,1.0000000221208047,0.0,0.0,4,3,inf,0.0,sub-15,0.0,225
MATCH,1.0000000221208047,0.9999999824669757,0.9265018518682658,8,3,2382.749700279163,0.04572989242918645,sub-15,1.9999999999999998,225
WRONG,1.0000000221208047,0.9999999824669757,0.9112033967299719,8,3,1848.665081868345,0.052381127124977236,sub-15,1.9999999999999998,225
POP,1.0000000221208047,0.0,0.0,4,3,inf,0.0,sub-17,0.0,226
MATCH,1.0000000291961055,0.9999999824669757,1.1193474372973422,8,3,1124.54827742082,0.06040072165187479,sub-17,1.9999999999999984,226
WRONG,1.0000000221208047,0.9999999824669757,0.9112033967299719,8,3,1848.665081868345,0.052381127124977236,sub-17,1.9999999999999998,226
POP,1.0000000008512724,0.0,0.0,4,3,inf,0.0,sub-15,0.0,227
MATCH,1.000000014578469,0.9999999725218636,0.9821259363271507,8,3,3318.0579714057085,0.04181152951673158,sub-15,1.9999999999999991,227
WRONG,1.0000000220270213,0.9999999725218636,1.0410965642727121,8,3,1603.029482077022,0.056804365379956194,sub-15,2.000000000000001,227
POP,1.0000000008512724,0.0,0.0,4,3,inf,0.0,sub-17,0.0,228
MATCH,1.000000011996973,0.9999999725218636,1.1558852697351873,8,3,5371.948189502753,0.03331438430713652,sub-17,1.9999999999999991,228
WRONG,1.0000000140718035,0.9999999725218636,1.016954250447106,8,3,4384.527558562791,0.03699577189414972,sub-17,1.9999999999999998,228
POP,1.000000000148458,0.0,0.0,4,3,inf,0.0,sub-17,0.0,229
MATCH,1.0000000101382318,0.9999999739211859,1.4196484428442382,8,3,867.8582701869751,0.05741226443641406,sub-17,1.9999999999999996,229
WRONG,1.0000000070863286,0.999999979792708,0.8448884511908635,8,3,82.57074672050778,0.18143918349974636,sub-17,1.9999999999999991,229
POP,1.0000000221208047,0.0,0.0,4,3,inf,0.0,sub-17,0.0,230
MATCH,1.0000000291961055,0.9999999824669757,1.1193474372973422,8,3,1124.54827742082,0.06040072165187479,sub-17,1.9999999999999984,230
WRONG,1.0000000221208047,0.9999999824669757,0.9265018518682658,8,3,2382.749700279163,0.04572989242918645,sub-17,1.9999999999999998,230
POP,1.0000000221208047,0.0,0.0,4,3,inf,0.0,sub-15,0.0,231
MATCH,1.0000000221208047,0.9999999824669757,0.9265018518682658,8,3,2382.749700279163,0.04572989242918645,sub-15,1.9999999999999998,231
WRONG,1.0000000221208047,0.9999999824669757,0.8463067170305122,8,3,262.7210223817997,0.13111917653627073,sub-15,2.000000000000001,231
POP,1.000000009214969,0.0,0.0,4,3,inf,0.0,sub-15,0.0,232
MATCH,1.0000000120138626,0.9999999905247922,1.5812119875430628,8,3,459.0137846896379,0.08872037649541056,sub-15,1.9999999999999996,232
WRONG,1.000000009283643,0.9999999935375822,1.0472452823000344,8,3,92.85594059058803,0.19812812845321748,sub-15,2.0000000000000004,232
POP,1.000000009214969,0.0,0.0,4,3,inf,0.0,sub-17,0.0,233
MATCH,1.000000011703924,0.9999999754577107,0.862130917486889,8,3,88.56368630142236,0.18249388895758015,sub-17,2.0,233
WRONG,1.000000009214969,0.9999999914801291,1.47919649785345,8,3,70.34746247745478,0.20161220382505596,sub-17,2.0000000000000004,233
POP,1.0000000059673106,0.0,0.0,4,3,inf,0.0,sub-17,0.0,234
MATCH,1.0000000059673106,0.9999999735194555,0.5884650588589792,8,3,680.6546446280587,0.06843152356815307,sub-17,2.000000000000001,234
WRONG,1.0000000112006302,0.9999999947122876,0.5918870591225607,8,3,461.287696480079,0.09439715696014411,sub-17,2.0000000000000004,234
POP,1.0000000059673106,0.0,0.0,4,3,inf,0.0,sub-15,0.0,235
MATCH,1.0000000103698854,0.9999999953156659,0.6414944384795059,8,3,2860.82013526348,0.03263085492605591,sub-15,2.0000000000000004,235
WRONG,1.0000000117560202,0.9999999907411108,0.3956036064534025,8,3,173.2513439992612,0.1470103104741,sub-15,1.9999999999999998,235
POP,1.0000000008512724,0.0,0.0,4,3,inf,0.0,sub-17,0.0,236
MATCH,1.000000011996973,0.9999999725218636,1.1558852697351873,8,3,5371.948189502753,0.03331438430713652,sub-17,1.9999999999999991,236
WRONG,1.000000009797307,0.9999999725218636,0.9801966623442444,8,3,4734.087620896799,0.03450070366983734,sub-17,1.9999999999999993,236
POP,1.0000000221208047,0.0,0.0,4,3,inf,0.0,sub-17,0.0,237
MATCH,1.0000000291961055,0.9999999824669757,1.1193474372973422,8,3,1124.54827742082,0.06040072165187479,sub-17,1.9999999999999984,237
WRONG,1.0000000221208047,0.9999999785922263,0.9187436609537941,8,3,920.9325734871106,0.0723183707164014,sub-17,1.9999999999999987,237
POP,1.0000000124116188,0.0,0.0,4,3,inf,0.0,sub-15,0.0,238
MATCH,1.0000000124116188,0.999999985868047,1.021941352606332,8,3,175.07439938667582,0.14037093466977776,sub-15,1.9999999999999998,238
WRONG,1.0000000216530591,0.999999988780087,1.9273271954526696,8,3,68.07666025620237,0.24101427785612536,sub-15,2.0,238
POP,1.0000000124116188,0.0,0.0,4,3,inf,0.0,sub-15,0.0,239
MATCH,1.0000000124116188,0.999999985868047,1.021941352606332,8,3,175.07439938667582,0.14037093466977776,sub-15,1.9999999999999998,239
WRONG,1.00000002032687,0.999999988780087,1.1343555341082332,8,3,131.98111583362095,0.1422208429956299,sub-15,1.9999999999999998,239
POP,1.0000000008512724,0.0,0.0,4,3,inf,0.0,sub-15,0.0,240
MATCH,1.000000014578469,0.9999999725218636,0.9821259363271507,8,3,3318.0579714057085,0.04181152951673158,sub-15,1.9999999999999991,240
WRONG,1.0000000107915725,0.9999999725218636,0.9777910697749738,8,3,2651.5280733857307,0.04631584049262772,sub-15,2.0000000000000004,240
POP,1.0000000221208047,0.0,0.0,4,3,inf,0.0,sub-15,0.0,241
MATCH,1.0000000221208047,0.9999999824669757,0.9265018518682658,8,3,2382.749700279163,0.04572989242918645,sub-15,1.9999999999999998,241
WRONG,1.0000000291961055,0.9999999824669757,1.1193474372973422,8,3,1124.54827742082,0.06040072165187479,sub-15,1.9999999999999984,241
POP,1.0000000059673106,0.0,0.0,4,3,inf,0.0,sub-17,0.0,242
MATCH,1.0000000059673106,0.9999999735194555,0.5884650588589792,8,3,680.6546446280587,0.06843152356815307,sub-17,2.000000000000001,242
WRONG,1.0000000112006302,0.9999999947122876,0.5918870591225607,8,3,461.287696480079,0.09439715696014411,sub-17,2.0000000000000004,242
POP,1.0000000124116188,0.0,0.0,4,3,inf,0.0,sub-17,0.0,243
MATCH,1.00000002032687,0.999999988780087,1.1343555341082332,8,3,131.98111583362095,0.1422208429956299,sub-17,1.9999999999999998,243
WRONG,1.0000000216530591,0.999999988780087,1.9273271954526696,8,3,68.07666025620237,0.24101427785612536,sub-17,2.0,243
POP,1.0000000221208047,0.0,0.0,4,3,inf,0.0,sub-18,0.0,244
MATCH,1.0000000285077386,0.9999999824669757,1.2672900548298986,8,3,652.6620621800334,0.0793592127601425,sub-18,2.0000000000000004,244
WRONG,1.0000000221208047,0.9999999824669757,1.1079579096634737,8,3,427.6468058710345,0.1001084834243189,sub-18,1.9999999999999993,244
POP,1.0000000008512724,0.0,0.0,4,3,inf,0.0,sub-17,0.0,245
MATCH,1.000000011996973,0.9999999725218636,1.1558852697351873,8,3,5371.948189502753,0.03331438430713652,sub-17,1.9999999999999991,245
WRONG,1.0000000161104234,0.9999999725218636,7.810597339190832,8,3,66580.14473087943,0.009869161484708457,sub-17,1.9999999999999993,245
POP,1.000000009214969,0.0,0.0,4,3,inf,0.0,sub-17,0.0,246
MATCH,1.000000011703924,0.9999999754577107,0.862130917486889,8,3,88.56368630142236,0.18249388895758015,sub-17,2.0,246
WRONG,1.000000026579607,0.9999999846628611,1.1874535446673242,8,3,307.8686321165191,0.09468722847626311,sub-17,1.9999999999999993,246
POP,1.000000009214969,0.0,0.0,4,3,inf,0.0,sub-18,0.0,247
MATCH,1.000000009214969,0.9999999889283517,0.9669485908611628,8,3,116.2031870500075,0.1697218212276241,sub-18,2.0000000000000004,247
WRONG,1.000000009283643,0.9999999935375822,1.0472452823000344,8,3,92.85594059058803,0.19812812845321748,sub-18,2.0000000000000004,247
POP,1.0000000124116188,0.0,0.0,4,3,inf,0.0,sub-18,0.0,248
MATCH,1.000000018115513,0.999999988780087,2.720345955249461,8,3,548.6851922836662,0.08390267377295957,sub-18,1.9999999999999998,248
WRONG,1.0000000147367627,0.999999988780087,1.4542086797783267,8,3,245.4641689411578,0.12396512381108485,sub-18,2.0000000000000004,248
POP,1.000000009214969,0.0,0.0,4,3,inf,0.0,sub-15,0.0,249
MATCH,1.0000000120138626,0.9999999905247922,1.5812119875430628,8,3,459.0137846896379,0.08872037649541056,sub-15,1.9999999999999996,249
WRONG,1.000000009214969,0.9999999851557541,1.1230231428054658,8,3,105.69648938123679,0.14328525220017269,sub-15,1.9999999999999991,249
POP,1.0000000059673106,0.0,0.0,4,3,inf,0.0,sub-17,0.0,250
MATCH,1.0000000059673106,0.9999999735194555,0.5884650588589792,8,3,680.6546446280587,0.06843152356815307,sub-17,2.000000000000001,250
WRONG,1.0000000066511747,0.9999999902593656,1.462281250481125,8,3,359.5608423063109,0.10368942763520293,sub-17,1.9999999999999996,250
POP,1.0000000124116188,0.0,0.0,4,3,inf,0.0,sub-18,0.0,251
MATCH,1.000000018115513,0.999999988780087,2.720345955249461,8,3,548.6851922836662,0.08390267377295957,sub-18,1.9999999999999998,251
WRONG,1.0000000124116188,0.999999985868047,1.021941352606332,8,3,175.07439938667582,0.14037093466977776,sub-18,1.9999999999999998,251
POP,1.0000000221208047,0.0,0.0,4,3,inf,0.0,sub-18,0.0,252
MATCH,1.0000000285077386,0.9999999824669757,1.2672900548298986,8,3,652.6620621800334,0.0793592127601425,sub-18,2.0000000000000004,252
WRONG,1.0000000221208047,0.9999999824669757,6.881082858576922,8,3,213141.7899205554,0.005259115083481725,sub-18,2.0000000000000036,252
POP,1.0000000008512724,0.0,0.0,4,3,inf,0.0,sub-17,0.0,253
MATCH,1.000000011996973,0.9999999725218636,1.1558852697351873,8,3,5371.948189502753,0.03331438430713652,sub-17,1.9999999999999991,253
WRONG,1.0000000220270213,0.9999999725218636,1.0410965642727121,8,3,1603.029482077022,0.056804365379956194,sub-17,2.000000000000001,253
POP,1.0000000221208047,0.0,0.0,4,3,inf,0.0,sub-15,0.0,254
MATCH,1.0000000221208047,0.9999999824669757,0.9265018518682658,8,3,2382.749700279163,0.04572989242918645,sub-15,1.9999999999999998,254
WRONG,1.0000000247072165,0.9999999824669757,0.9236369786177065,8,3,882.7897137587671,0.07347007910439844,sub-15,2.0000000000000004,254
POP,1.0000000008512724,0.0,0.0,4,3,inf,0.0,sub-17,0.0,255
MATCH,1.000000011996973,0.9999999725218636,1.1558852697351873,8,3,5371.948189502753,0.03331438430713652,sub-17,1.9999999999999991,255
WRONG,1.0000000140718035,0.9999999725218636,1.016954250447106,8,3,4384.527558562791,0.03699577189414972,sub-17,1.9999999999999998,255
POP,1.0000000221208047,0.0,0.0,4,3,inf,0.0,sub-17,0.0,256
MATCH,1.0000000291961055,0.9999999824669757,1.1193474372973422,8,3,1124.54827742082,0.06040072165187479,sub-17,1.9999999999999984,256
WRONG,1.0000000285077386,0.9999999824669757,1.2672900548298986,8,3,652.6620621800334,0.0793592127601425,sub-17,2.0000000000000004,256
POP,1.000000000148458,0.0,0.0,4,3,inf,0.0,sub-17,0.0,257
MATCH,1.0000000101382318,0.9999999739211859,1.4196484428442382,8,3,867.8582701869751,0.05741226443641406,sub-17,1.9999999999999996,257
WRONG,1.000000000148458,0.999999979792708,0.49546956059017455,8,3,232.75971981031168,0.11763056436786912,sub-17,2.0,257
POP,1.0000000221208047,0.0,0.0,4,3,inf,0.0,sub-18,0.0,258
MATCH,1.0000000285077386,0.9999999824669757,1.2672900548298986,8,3,652.6620621800334,0.0793592127601425,sub-18,2.0000000000000004,258
WRONG,1.0000000221208047,0.9999999824669757,0.8463067170305122,8,3,262.7210223817997,0.13111917653627073,sub-18,2.000000000000001,258
POP,1.0000000008512724,0.0,0.0,4,3,inf,0.0,sub-17,0.0,259
MATCH,1.000000011996973,0.9999999725218636,1.1558852697351873,8,3,5371.948189502753,0.03331438430713652,sub-17,1.9999999999999991,259
WRONG,1.000000014578469,0.9999999725218636,0.9821259363271507,8,3,3318.0579714057085,0.04181152951673158,sub-17,1.9999999999999991,259
POP,1.0000000124116188,0.0,0.0,4,3,inf,0.0,sub-15,0.0,260
MATCH,1.0000000124116188,0.999999985868047,1.021941352606332,8,3,175.07439938667582,0.14037093466977776,sub-15,1.9999999999999998,260
WRONG,1.0000000124116188,0.9999999774315146,0.9678317061292039,8,3,38.669542279904476,0.26506467273002576,sub-15,2.0,260
POP,1.000000009214969,0.0,0.0,4,3,inf,0.0,sub-17,0.0,261
MATCH,1.000000011703924,0.9999999754577107,0.862130917486889,8,3,88.56368630142236,0.18249388895758015,sub-17,2.0,261
WRONG,1.0000000128422377,0.9999999856625085,1.4437293801719568,8,3,248.88132370888275,0.1154937062899288,sub-17,2.0000000000000004,261
POP,1.000000009214969,0.0,0.0,4,3,inf,0.0,sub-18,0.0,262
MATCH,1.000000009214969,0.9999999889283517,0.9669485908611628,8,3,116.2031870500075,0.1697218212276241,sub-18,2.0000000000000004,262
WRONG,1.000000028627441,0.9999999891618297,2.5002569302820903,8,3,167.6905058096939,0.12717573419025585,sub-18,2.0000000000000004,262
POP,1.0000000124116188,0.0,0.0,4,3,inf,0.0,sub-17,0.0,263
MATCH,1.00000002032687,0.999999988780087,1.1343555341082332,8,3,131.98111583362095,0.1422208429956299,sub-17,1.9999999999999998,263
WRONG,1.0000000124116188,0.999999988780087,1.6418427291154472,8,3,156.80730594755482,0.1449679642592033,sub-17,1.9999999999999991,263
POP,1.0000000008512724,0.0,0.0,4,3,inf,0.0,sub-15,0.0,264
MATCH,1.000000014578469,0.9999999725218636,0.9821259363271507,8,3,3318.0579714057085,0.04181152951673158,sub-15,1.9999999999999991,264
WRONG,1.0000000229193973,0.9999999725218636,0.9784366144882527,8,3,10164.844123404058,0.023850137661914367,sub-15,1.999999999999999,264
POP,1.000000000148458,0.0,0.0,4,3,inf,0.0,sub-17,0.0,265
MATCH,1.0000000101382318,0.9999999739211859,1.4196484428442382,8,3,867.8582701869751,0.05741226443641406,sub-17,1.9999999999999996,265
WRONG,1.0000000159186002,0.999999979792708,1.176204743638987,8,3,177.56581956051778,0.12930880910405518,sub-17,2.0000000000000004,265
POP,1.0000000008512724,0.0,0.0,4,3,inf,0.0,sub-17,0.0,266
MATCH,1.000000011996973,0.9999999725218636,1.1558852697351873,8,3,5371.948189502753,0.03331438430713652,sub-17,1.9999999999999991,266
WRONG,1.0000000259429704,0.9999999725218636,0.9749982233025752,8,3,1827.1135621908093,0.05692983585025113,sub-17,1.9999999999999991,266
POP,1.000000000148458,0.0,0.0,4,3,inf,0.0,sub-18,0.0,267
MATCH,1.0000000159186002,0.999999979792708,1.176204743638987,8,3,177.56581956051778,0.12930880910405518,sub-18,2.0000000000000004,267
WRONG,1.0000000174618415,0.999999979792708,0.4729637641886236,8,3,210.5517091857345,0.11879578395808899,sub-18,2.0000000000000004,267
POP,1.000000009214969,0.0,0.0,4,3,inf,0.0,sub-15,0.0,268
MATCH,1.0000000120138626,0.9999999905247922,1.5812119875430628,8,3,459.0137846896379,0.08872037649541056,sub-15,1.9999999999999996,268
WRONG,1.0000000144821255,0.9999999957458252,1.1469173168140554,8,3,193.35478976547458,0.11346952919221069,sub-15,2.0000000000000004,268
POP,1.0000000221208047,0.0,0.0,4,3,inf,0.0,sub-17,0.0,269
MATCH,1.0000000291961055,0.9999999824669757,1.1193474372973422,8,3,1124.54827742082,0.06040072165187479,sub-17,1.9999999999999984,269
WRONG,1.0000000221208047,0.9999999785922263,0.9187436609537941,8,3,920.9325734871106,0.0723183707164014,sub-17,1.9999999999999987,269
POP,1.0000000221208047,0.0,0.0,4,3,inf,0.0,sub-18,0.0,270
MATCH,1.0000000285077386,0.9999999824669757,1.2672900548298986,8,3,652.6620621800334,0.0793592127601425,sub-18,2.0000000000000004,270
WRONG,1.0000000221208047,0.9999999824669757,1.4773282751955532,8,3,1611.5557897825342,0.04703455251391868,sub-18,2.0000000000000004,270
POP,1.0000000008512724,0.0,0.0,4,3,inf,0.0,sub-15,0.0,271
MATCH,1.000000014578469,0.9999999725218636,0.9821259363271507,8,3,3318.0579714057085,0.04181152951673158,sub-15,1.9999999999999991,271
WRONG,1.0000000107915725,0.9999999725218636,0.9777910697749738,8,3,2651.5280733857307,0.04631584049262772,sub-15,2.0000000000000004,271
POP,1.000000009214969,0.0,0.0,4,3,inf,0.0,sub-17,0.0,272
MATCH,1.000000011703924,0.9999999754577107,0.862130917486889,8,3,88.56368630142236,0.18249388895758015,sub-17,2.0,272
WRONG,1.000000009214969,0.9999999906908856,0.9149508796695883,8,3,91.85235194040688,0.1914958898186032,sub-17,2.0000000000000004,272
POP,1.000000000148458,0.0,0.0,4,3,inf,0.0,sub-17,0.0,273
MATCH,1.0000000101382318,0.9999999739211859,1.4196484428442382,8,3,867.8582701869751,0.05741226443641406,sub-17,1.9999999999999996,273
WRONG,1.0000000124833568,0.999999979792708,0.5410926448226734,8,3,233.67329148592268,0.11342961679099693,sub-17,2.0,273
POP,1.0000000008512724,0.0,0.0,4,3,inf,0.0,sub-18,0.0,274
MATCH,1.0000000049467777,0.9999999725218636,1.0492629688973303,8,3,1717.4789078748522,0.056121833729086704,sub-18,1.9999999999999993,274
WRONG,1.000000009797307,0.9999999725218636,0.9801966623442444,8,3,4734.087620896799,0.03450070366983734,sub-18,1.9999999999999993,274
POP,1.0000000008512724,0.0,0.0,4,3,inf,0.0,sub-17,0.0,275
MATCH,1.000000011996973,0.9999999725218636,1.1558852697351873,8,3,5371.948189502753,0.03331438430713652,sub-17,1.9999999999999991,275
WRONG,1.0000000229193973,0.9999999725218636,0.9784366144882527,8,3,10164.844123404058,0.023850137661914367,sub-17,1.999999999999999,275
POP,1.000000000148458,0.0,0.0,4,3,inf,0.0,sub-17,0.0,276
MATCH,1.0000000101382318,0.9999999739211859,1.4196484428442382,8,3,867.8582701869751,0.05741226443641406,sub-17,1.9999999999999996,276
WRONG,1.0000000203567811,0.999999979792708,0.5101957866453657,8,3,235.9539845062275,0.11902898364806462,sub-17,2.0,276
POP,1.0000000059673106,0.0,0.0,4,3,inf,0.0,sub-17,0.0,277
MATCH,1.0000000059673106,0.9999999735194555,0.5884650588589792,8,3,680.6546446280587,0.06843152356815307,sub-17,2.000000000000001,277
WRONG,1.0000000078055182,0.9999999915486862,0.6649159884255913,8,3,344.9607936235887,0.09736952461141976,sub-17,2.0,277
POP,1.0000000221208047,0.0,0.0,4,3,inf,0.0,sub-15,0.0,278
MATCH,1.0000000221208047,0.9999999824669757,0.9265018518682658,8,3,2382.749700279163,0.04572989242918645,sub-15,1.9999999999999998,278
WRONG,1.0000000247072165,0.9999999824669757,0.9236369786177065,8,3,882.7897137587671,0.07347007910439844,sub-15,2.0000000000000004,278
POP,1.0000000059673106,0.0,0.0,4,3,inf,0.0,sub-18,0.0,279
MATCH,1.0000000059673106,0.999999991154364,0.9942681249103729,8,3,711.5153246204577,0.07472396411393561,sub-18,1.9999999999999996,279
WRONG,1.0000000066511747,0.9999999902593656,1.462281250481125,8,3,359.5608423063109,0.10368942763520293,sub-18,1.9999999999999996,279
POP,1.000000000148458,0.0,0.0,4,3,inf,0.0,sub-18,0.0,280
MATCH,1.0000000159186002,0.999999979792708,1.176204743638987,8,3,177.56581956051778,0.12930880910405518,sub-18,2.0000000000000004,280
WRONG,1.0000000070863286,0.999999979792708,0.8448884511908635,8,3,82.57074672050778,0.18143918349974636,sub-18,1.9999999999999991,280
POP,1.0000000008512724,0.0,0.0,4,3,inf,0.0,sub-17,0.0,281
MATCH,1.000000011996973,0.9999999725218636,1.1558852697351873,8,3,5371.948189502753,0.03331438430713652,sub-17,1.9999999999999991,281
WRONG,1.0000000008512724,0.9999999725218636,1.3340183193191413,8,3,863.2554017784753,0.06997568890897288,sub-17,2.0000000000000004,281
POP,1.0000000124116188,0.0,0.0,4,3,inf,0.0,sub-17,0.0,282
MATCH,1.00000002032687,0.999999988780087,1.1343555341082332,8,3,131.98111583362095,0.1422208429956299,sub-17,1.9999999999999998,282
WRONG,1.0000000124116188,0.999999988780087,1.6418427291154472,8,3,156.80730594755482,0.1449679642592033,sub-17,1.9999999999999991,282
POP,1.0000000221208047,0.0,0.0,4,3,inf,0.0,sub-18,0.0,283
MATCH,1.0000000285077386,0.9999999824669757,1.2672900548298986,8,3,652.6620621800334,0.0793592127601425,sub-18,2.0000000000000004,283
WRONG,1.0000000221208047,0.9999999824669757,1.4773282751955532,8,3,1611.5557897825342,0.04703455251391868,sub-18,2.0000000000000004,283
POP,1.0000000008512724,0.0,0.0,4,3,inf,0.0,sub-18,0.0,284
MATCH,1.0000000049467777,0.9999999725218636,1.0492629688973303,8,3,1717.4789078748522,0.056121833729086704,sub-18,1.9999999999999993,284
WRONG,1.0000000107915725,0.9999999725218636,0.9777910697749738,8,3,2651.5280733857307,0.04631584049262772,sub-18,2.0000000000000004,284
POP,1.0000000008512724,0.0,0.0,4,3,inf,0.0,sub-18,0.0,285
MATCH,1.0000000049467777,0.9999999725218636,1.0492629688973303,8,3,1717.4789078748522,0.056121833729086704,sub-18,1.9999999999999993,285
WRONG,1.0000000107915725,0.9999999725218636,0.9777910697749738,8,3,2651.5280733857307,0.04631584049262772,sub-18,2.0000000000000004,285
POP,1.0000000221208047,0.0,0.0,4,3,inf,0.0,sub-17,0.0,286
MATCH,1.0000000291961055,0.9999999824669757,1.1193474372973422,8,3,1124.54827742082,0.06040072165187479,sub-17,1.9999999999999984,286
WRONG,1.0000000247072165,0.9999999824669757,0.9236369786177065,8,3,882.7897137587671,0.07347007910439844,sub-17,2.0000000000000004,286
POP,1.0000000008512724,0.0,0.0,4,3,inf,0.0,sub-15,0.0,287
MATCH,1.000000014578469,0.9999999725218636,0.9821259363271507,8,3,3318.0579714057085,0.04181152951673158,sub-15,1.9999999999999991,287
WRONG,1.000000009797307,0.9999999725218636,0.9801966623442444,8,3,4734.087620896799,0.03450070366983734,sub-15,1.9999999999999993,287
POP,1.0000000124116188,0.0,0.0,4,3,inf,0.0,sub-15,0.0,288
MATCH,1.0000000124116188,0.999999985868047,1.021941352606332,8,3,175.07439938667582,0.14037093466977776,sub-15,1.9999999999999998,288
WRONG,1.0000000216530591,0.999999988780087,1.9273271954526696,8,3,68.07666025620237,0.24101427785612536,sub-15,2.0,288
POP,1.0000000059673106,0.0,0.0,4,3,inf,0.0,sub-17,0.0,289
MATCH,1.0000000059673106,0.9999999735194555,0.5884650588589792,8,3,680.6546446280587,0.06843152356815307,sub-17,2.000000000000001,289
WRONG,1.0000000059673106,0.999999991154364,0.9942681249103729,8,3,711.5153246204577,0.07472396411393561,sub-17,1.9999999999999996,289
POP,1.0000000059673106,0.0,0.0,4,3,inf,0.0,sub-18,0.0,290
MATCH,1.0000000059673106,0.999999991154364,0.9942681249103729,8,3,711.5153246204577,0.07472396411393561,sub-18,1.9999999999999996,290
WRONG,1.0000000117560202,0.9999999907411108,0.3956036064534025,8,3,173.2513439992612,0.1470103104741,sub-18,1.9999999999999998,290
POP,1.000000000148458,0.0,0.0,4,3,inf,0.0,sub-18,0.0,291
MATCH,1.0000000159186002,0.999999979792708,1.176204743638987,8,3,177.56581956051778,0.12930880910405518,sub-18,2.0000000000000004,291
WRONG,1.000000017216101,0.999999979792708,0.5832929886781353,8,3,313.04520831907087,0.10005537197049696,sub-18,2.000000000000001,291
POP,1.0000000124116188,0.0,0.0,4,3,inf,0.0,sub-18,0.0,292
MATCH,1.000000018115513,0.999999988780087,2.720345955249461,8,3,548.6851922836662,0.08390267377295957,sub-18,1.9999999999999998,292
WRONG,1.00000002032687,0.999999988780087,1.1343555341082332,8,3,131.98111583362095,0.1422208429956299,sub-18,1.9999999999999998,292
POP,1.0000000221208047,0.0,0.0,4,3,inf,0.0,sub-17,0.0,293
MATCH,1.0000000291961055,0.9999999824669757,1.1193474372973422,8,3,1124.54827742082,0.06040072165187479,sub-17,1.9999999999999984,293
WRONG,1.0000000221208047,0.9999999824669757,0.8463067170305122,8,3,262.7210223817997,0.13111917653627073,sub-17,2.000000000000001,293
POP,1.0000000008512724,0.0,0.0,4,3,inf,0.0,sub-15,0.0,294
MATCH,1.000000014578469,0.9999999725218636,0.9821259363271507,8,3,3318.0579714057085,0.04181152951673158,sub-15,1.9999999999999991,294
WRONG,1.0000000008512724,0.9999999725218636,1.3340183193191413,8,3,863.2554017784753,0.06997568890897288,sub-15,2.0000000000000004,294
POP,1.0000000008512724,0.0,0.0,4,3,inf,0.0,sub-15,0.0,295
MATCH,1.000000014578469,0.9999999725218636,0.9821259363271507,8,3,3318.0579714057085,0.04181152951673158,sub-15,1.9999999999999991,295
WRONG,1.0000000049467777,0.9999999725218636,1.0492629688973303,8,3,1717.4789078748522,0.056121833729086704,sub-15,1.9999999999999993,295
POP,1.0000000124116188,0.0,0.0,4,3,inf,0.0,sub-15,0.0,296
MATCH,1.0000000124116188,0.999999985868047,1.021941352606332,8,3,175.07439938667582,0.14037093466977776,sub-15,1.9999999999999998,296
WRONG,1.0000000221616563,0.999999988780087,1.9002112464896883,8,3,906.7757387302898,0.06251440763272748,sub-15,1.9999999999999993,296
POP,1.0000000124116188,0.0,0.0,4,3,inf,0.0,sub-17,0.0,297
MATCH,1.00000002032687,0.999999988780087,1.1343555341082332,8,3,131.98111583362095,0.1422208429956299,sub-17,1.9999999999999998,297
WRONG,1.0000000124116188,0.9999999865148189,3.942631509236322,8,3,184.5017267422543,0.12211478622663438,sub-17,2.0,297
POP,1.000000000148458,0.0,0.0,4,3,inf,0.0,sub-15,0.0,298
MATCH,1.0000000081725238,0.999999979792708,0.5964086849703629,8,3,1003.8897155750161,0.055708954691248175,sub-15,2.0,298
WRONG,1.000000003433209,0.999999979792708,2.6600325393932023,8,3,3121.308561808883,0.034574365084278184,sub-15,1.9999999999999984,298
POP,1.0000000221208047,0.0,0.0,4,3,inf,0.0,sub-17,0.0,299
MATCH,1.0000000291961055,0.9999999824669757,1.1193474372973422,8,3,1124.54827742082,0.06040072165187479,sub-17,1.9999999999999984,299
WRONG,1.0000000221208047,0.9999999824669757,0.8463067170305122,8,3,262.7210223817997,0.13111917653627073,sub-17,2.000000000000001,299
POP,1.0000000124116188,0.0,0.0,4,3,inf,0.0,sub-15,0.0,300
MATCH,1.0000000124116188,0.999999985868047,1.021941352606332,8,3,175.07439938667582,0.14037093466977776,sub-15,1.9999999999999998,300
WRONG,1.000000018115513,0.999999988780087,2.720345955249461,8,3,548.6851922836662,0.08390267377295957,sub-15,1.9999999999999998,300
POP,1.000000009214969,0.0,0.0,4,3,inf,0.0,sub-17,0.0,301
MATCH,1.000000011703924,0.9999999754577107,0.862130917486889,8,3,88.56368630142236,0.18249388895758015,sub-17,2.0,301
WRONG,1.000000009214969,0.9999999851557541,1.1230231428054658,8,3,105.69648938123679,0.14328525220017269,sub-17,1.9999999999999991,301
POP,1.000000009214969,0.0,0.0,4,3,inf,0.0,sub-17,0.0,302
MATCH,1.000000011703924,0.9999999754577107,0.862130917486889,8,3,88.56368630142236,0.18249388895758015,sub-17,2.0,302
WRONG,1.000000009214969,0.9999999906908856,0.9149508796695883,8,3,91.85235194040688,0.1914958898186032,sub-17,2.0000000000000004,302
POP,1.0000000124116188,0.0,0.0,4,3,inf,0.0,sub-15,0.0,303
MATCH,1.0000000124116188,0.999999985868047,1.021941352606332,8,3,175.07439938667582,0.14037093466977776,sub-15,1.9999999999999998,303
WRONG,1.0000000221616563,0.999999988780087,1.9002112464896883,8,3,906.7757387302898,0.06251440763272748,sub-15,1.9999999999999993,303
POP,1.000000009214969,0.0,0.0,4,3,inf,0.0,sub-17,0.0,304
MATCH,1.000000011703924,0.9999999754577107,0.862130917486889,8,3,88.56368630142236,0.18249388895758015,sub-17,2.0,304
WRONG,1.0000000120138626,0.9999999905247922,1.5812119875430628,8,3,459.0137846896379,0.08872037649541056,sub-17,1.9999999999999996,304
POP,1.0000000059673106,0.0,0.0,4,3,inf,0.0,sub-18,0.0,305
MATCH,1.0000000059673106,0.999999991154364,0.9942681249103729,8,3,711.5153246204577,0.07472396411393561,sub-18,1.9999999999999996,305
WRONG,1.0000000078055182,0.9999999915486862,0.6649159884255913,8,3,344.9607936235887,0.09736952461141976,sub-18,2.0,305
POP,1.000000009214969,0.0,0.0,4,3,inf,0.0,sub-18,0.0,306
MATCH,1.000000009214969,0.9999999889283517,0.9669485908611628,8,3,116.2031870500075,0.1697218212276241,sub-18,2.0000000000000004,306
WRONG,1.000000009214969,0.9999999949581602,1.9133839807828785,8,3,433.4224614389855,0.09037634459686715,sub-18,2.000000000000001,306
POP,1.0000000221208047,0.0,0.0,4,3,inf,0.0,sub-17,0.0,307
MATCH,1.0000000291961055,0.9999999824669757,1.1193474372973422,8,3,1124.54827742082,0.06040072165187479,sub-17,1.9999999999999984,307
WRONG,1.0000000221208047,0.9999999824669757,0.8463067170305122,8,3,262.7210223817997,0.13111917653627073,sub-17,2.000000000000001,307
POP,1.0000000059673106,0.0,0.0,4,3,inf,0.0,sub-18,0.0,308
MATCH,1.0000000059673106,0.999999991154364,0.9942681249103729,8,3,711.5153246204577,0.07472396411393561,sub-18,1.9999999999999996,308
WRONG,1.000000008220885,0.9999999910529686,0.6768920814374872,8,3,1291.5889959709516,0.05437553481719684,sub-18,1.9999999999999996,308
POP,1.000000009214969,0.0,0.0,4,3,inf,0.0,sub-18,0.0,309
MATCH,1.000000009214969,0.9999999889283517,0.9669485908611628,8,3,116.2031870500075,0.1697218212276241,sub-18,2.0000000000000004,309
WRONG,1.000000009214969,0.9999999851557541,1.1230231428054658,8,3,105.69648938123679,0.14328525220017269,sub-18,1.9999999999999991,309
POP,1.0000000059673106,0.0,0.0,4,3,inf,0.0,sub-18,0.0,310
MATCH,1.0000000059673106,0.999999991154364,0.9942681249103729,8,3,711.5153246204577,0.07472396411393561,sub-18,1.9999999999999996,310
WRONG,1.0000000059673106,0.9999999953156659,0.47307308071194715,8,3,294.3809715002848,0.1040527858218537,sub-18,1.9999999999999996,310
POP,1.0000000059673106,0.0,0.0,4,3,inf,0.0,sub-18,0.0,311
MATCH,1.0000000059673106,0.999999991154364,0.9942681249103729,8,3,711.5153246204577,0.07472396411393561,sub-18,1.9999999999999996,311
WRONG,1.0000000078055182,0.9999999915486862,0.6649159884255913,8,3,344.9607936235887,0.09736952461141976,sub-18,2.0,311
POP,1.0000000124116188,0.0,0.0,4,3,inf,0.0,sub-15,0.0,312
MATCH,1.0000000124116188,0.999999985868047,1.021941352606332,8,3,175.07439938667582,0.14037093466977776,sub-15,1.9999999999999998,312
WRONG,1.00000002032687,0.999999988780087,1.1343555341082332,8,3,131.98111583362095,0.1422208429956299,sub-15,1.9999999999999998,312
POP,1.0000000221208047,0.0,0.0,4,3,inf,0.0,sub-17,0.0,313
MATCH,1.0000000291961055,0.9999999824669757,1.1193474372973422,8,3,1124.54827742082,0.06040072165187479,sub-17,1.9999999999999984,313
WRONG,1.0000000221208047,0.9999999824669757,6.881082858576922,8,3,213141.7899205554,0.005259115083481725,sub-17,2.0000000000000036,313
POP,1.0000000008512724,0.0,0.0,4,3,inf,0.0,sub-18,0.0,314
MATCH,1.0000000049467777,0.9999999725218636,1.0492629688973303,8,3,1717.4789078748522,0.056121833729086704,sub-18,1.9999999999999993,314
WRONG,1.000000014578469,0.9999999725218636,0.9821259363271507,8,3,3318.0579714057085,0.04181152951673158,sub-18,1.9999999999999991,314
POP,1.0000000221208047,0.0,0.0,4,3,inf,0.0,sub-18,0.0,315
MATCH,1.0000000285077386,0.9999999824669757,1.2672900548298986,8,3,652.6620621800334,0.0793592127601425,sub-18,2.0000000000000004,315
WRONG,1.0000000247072165,0.9999999824669757,0.9236369786177065,8,3,882.7897137587671,0.07347007910439844,sub-18,2.0000000000000004,315
POP,1.0000000008512724,0.0,0.0,4,3,inf,0.0,sub-18,0.0,316
MATCH,1.0000000049467777,0.9999999725218636,1.0492629688973303,8,3,1717.4789078748522,0.056121833729086704,sub-18,1.9999999999999993,316
WRONG,1.0000000140718035,0.9999999725218636,1.016954250447106,8,3,4384.527558562791,0.03699577189414972,sub-18,1.9999999999999998,316
POP,1.0000000124116188,0.0,0.0,4,3,inf,0.0,sub-17,0.0,317
MATCH,1.00000002032687,0.999999988780087,1.1343555341082332,8,3,131.98111583362095,0.1422208429956299,sub-17,1.9999999999999998,317
WRONG,1.0000000216530591,0.999999988780087,1.9273271954526696,8,3,68.07666025620237,0.24101427785612536,sub-17,2.0,317
POP,1.000000009214969,0.0,0.0,4,3,inf,0.0,sub-17,0.0,318
MATCH,1.000000011703924,0.9999999754577107,0.862130917486889,8,3,88.56368630142236,0.18249388895758015,sub-17,2.0,318
WRONG,1.0000000144821255,0.9999999957458252,1.1469173168140554,8,3,193.35478976547458,0.11346952919221069,sub-17,2.0000000000000004,318
POP,1.0000000008512724,0.0,0.0,4,3,inf,0.0,sub-18,0.0,319
MATCH,1.0000000049467777,0.9999999725218636,1.0492629688973303,8,3,1717.4789078748522,0.056121833729086704,sub-18,1.9999999999999993,319
WRONG,1.0000000008512724,0.9999999725218636,1.3340183193191413,8,3,863.2554017784753,0.06997568890897288,sub-18,2.0000000000000004,319
POP,1.000000009214969,0.0,0.0,4,3,inf,0.0,sub-15,0.0,320
MATCH,1.0000000120138626,0.9999999905247922,1.5812119875430628,8,3,459.0137846896379,0.08872037649541056,sub-15,1.9999999999999996,320
WRONG,1.000000009214969,0.9999999949581602,1.9133839807828785,8,3,433.4224614389855,0.09037634459686715,sub-15,2.000000000000001,320
POP,1.0000000059673106,0.0,0.0,4,3,inf,0.0,sub-18,0.0,321
MATCH,1.0000000059673106,0.999999991154364,0.9942681249103729,8,3,711.5153246204577,0.07472396411393561,sub-18,1.9999999999999996,321
WRONG,1.0000000167764338,0.9999999914540565,0.7699841496132498,8,3,408.03843651910904,0.09003295420656789,sub-18,2.0000000000000004,321
POP,1.0000000124116188,0.0,0.0,4,3,inf,0.0,sub-18,0.0,322
MATCH,1.000000018115513,0.999999988780087,2.720345955249461,8,3,548.6851922836662,0.08390267377295957,sub-18,1.9999999999999998,322
WRONG,1.0000000124116188,0.9999999774315146,0.9678317061292039,8,3,38.669542279904476,0.26506467273002576,sub-18,2.0,322
POP,1.0000000008512724,0.0,0.0,4,3,inf,0.0,sub-17,0.0,323
MATCH,1.000000011996973,0.9999999725218636,1.1558852697351873,8,3,5371.948189502753,0.03331438430713652,sub-17,1.9999999999999991,323
WRONG,1.0000000229193973,0.9999999725218636,0.9784366144882527,8,3,10164.844123404058,0.023850137661914367,sub-17,1.999999999999999,323
POP,1.0000000059673106,0.0,0.0,4,3,inf,0.0,sub-17,0.0,324
MATCH,1.0000000059673106,0.9999999735194555,0.5884650588589792,8,3,680.6546446280587,0.06843152356815307,sub-17,2.000000000000001,324
WRONG,1.0000000059673106,0.9999999920702839,0.5692066341817861,8,3,184.3782538646647,0.13240362733185473,sub-17,1.9999999999999998,324
POP,1.000000000148458,0.0,0.0,4,3,inf,0.0,sub-17,0.0,325
MATCH,1.0000000101382318,0.9999999739211859,1.4196484428442382,8,3,867.8582701869751,0.05741226443641406,sub-17,1.9999999999999996,325
WRONG,1.0000000070863286,0.999999979792708,0.8448884511908635,8,3,82.57074672050778,0.18143918349974636,sub-17,1.9999999999999991,325
POP,1.0000000008512724,0.0,0.0,4,3,inf,0.0,sub-18,0.0,326
MATCH,1.0000000049467777,0.9999999725218636,1.0492629688973303,8,3,1717.4789078748522,0.056121833729086704,sub-18,1.9999999999999993,326
WRONG,1.000000011996973,0.9999999725218636,1.1558852697351873,8,3,5371.948189502753,0.03331438430713652,sub-18,1.9999999999999991,326
POP,1.000000009214969,0.0,0.0,4,3,inf,0.0,sub-17,0.0,327
MATCH,1.000000011703924,0.9999999754577107,0.862130917486889,8,3,88.56368630142236,0.18249388895758015,sub-17,2.0,327
WRONG,1.000000009214969,0.9999999914801291,1.47919649785345,8,3,70.34746247745478,0.20161220382505596,sub-17,2.0000000000000004,327
POP,1.0000000124116188,0.0,0.0,4,3,inf,0.0,sub-18,0.0,328
MATCH,1.000000018115513,0.999999988780087,2.720345955249461,8,3,548.6851922836662,0.08390267377295957,sub-18,1.9999999999999998,328
WRONG,1.0000000124116188,0.999999988780087,0.9661230382601,8,3,110.19020382510426,0.19378593376891395,sub-18,1.9999999999999996,328
POP,1.0000000124116188,0.0,0.0,4,3,inf,0.0,sub-17,0.0,329
MATCH,1.00000002032687,0.999999988780087,1.1343555341082332,8,3,131.98111583362095,0.1422208429956299,sub-17,1.9999999999999998,329
WRONG,1.0000000216530591,0.999999988780087,1.9273271954526696,8,3,68.07666025620237,0.24101427785612536,sub-17,2.0,329
POP,1.0000000008512724,0.0,0.0,4,3,inf,0.0,sub-15,0.0,330
MATCH,1.000000014578469,0.9999999725218636,0.9821259363271507,8,3,3318.0579714057085,0.04181152951673158,sub-15,1.9999999999999991,330
WRONG,1.0000000220270213,0.9999999725218636,1.0410965642727121,8,3,1603.029482077022,0.056804365379956194,sub-15,2.000000000000001,330
POP,1.0000000008512724,0.0,0.0,4,3,inf,0.0,sub-17,0.0,331
MATCH,1.000000011996973,0.9999999725218636,1.1558852697351873,8,3,5371.948189502753,0.03331438430713652,sub-17,1.9999999999999991,331
WRONG,1.0000000161104234,0.9999999725218636,7.810597339190832,8,3,66580.14473087943,0.009869161484708457,sub-17,1.9999999999999993,331
POP,1.000000009214969,0.0,0.0,4,3,inf,0.0,sub-18,0.0,332
MATCH,1.000000009214969,0.9999999889283517,0.9669485908611628,8,3,116.2031870500075,0.1697218212276241,sub-18,2.0000000000000004,332
WRONG,1.000000009214969,0.9999999906908856,0.9149508796695883,8,3,91.85235194040688,0.1914958898186032,sub-18,2.0000000000000004,332
POP,1.0000000008512724,0.0,0.0,4,3,inf,0.0,sub-18,0.0,333
MATCH,1.0000000049467777,0.9999999725218636,1.0492629688973303,8,3,1717.4789078748522,0.056121833729086704,sub-18,1.9999999999999993,333
WRONG,1.0000000008512724,0.9999999725218636,1.3340183193191413,8,3,863.2554017784753,0.06997568890897288,sub-18,2.0000000000000004,333
POP,1.0000000008512724,0.0,0.0,4,3,inf,0.0,sub-17,0.0,334
MATCH,1.000000011996973,0.9999999725218636,1.1558852697351873,8,3,5371.948189502753,0.03331438430713652,sub-17,1.9999999999999991,334
WRONG,1.0000000049467777,0.9999999725218636,1.0492629688973303,8,3,1717.4789078748522,0.056121833729086704,sub-17,1.9999999999999993,334
POP,1.000000009214969,0.0,0.0,4,3,inf,0.0,sub-15,0.0,335
MATCH,1.0000000120138626,0.9999999905247922,1.5812119875430628,8,3,459.0137846896379,0.08872037649541056,sub-15,1.9999999999999996,335
WRONG,1.000000028627441,0.9999999891618297,2.5002569302820903,8,3,167.6905058096939,0.12717573419025585,sub-15,2.0000000000000004,335
POP,1.0000000008512724,0.0,0.0,4,3,inf,0.0,sub-18,0.0,336
MATCH,1.0000000049467777,0.9999999725218636,1.0492629688973303,8,3,1717.4789078748522,0.056121833729086704,sub-18,1.9999999999999993,336
WRONG,1.0000000107915725,0.9999999725218636,0.9777910697749738,8,3,2651.5280733857307,0.04631584049262772,sub-18,2.0000000000000004,336
POP,1.0000000221208047,0.0,0.0,4,3,inf,0.0,sub-15,0.0,337
MATCH,1.0000000221208047,0.9999999824669757,0.9265018518682658,8,3,2382.749700279163,0.04572989242918645,sub-15,1.9999999999999998,337
WRONG,1.0000000221208047,0.9999999824669757,1.1079579096634737,8,3,427.6468058710345,0.1001084834243189,sub-15,1.9999999999999993,337
POP,1.000000009214969,0.0,0.0,4,3,inf,0.0,sub-17,0.0,338
MATCH,1.000000011703924,0.9999999754577107,0.862130917486889,8,3,88.56368630142236,0.18249388895758015,sub-17,2.0,338
WRONG,1.000000009214969,0.9999999906908856,0.9149508796695883,8,3,91.85235194040688,0.1914958898186032,sub-17,2.0000000000000004,338
POP,1.000000000148458,0.0,0.0,4,3,inf,0.0,sub-15,0.0,339
MATCH,1.0000000081725238,0.999999979792708,0.5964086849703629,8,3,1003.8897155750161,0.055708954691248175,sub-15,2.0,339
WRONG,1.0000000174618415,0.999999979792708,0.4729637641886236,8,3,210.5517091857345,0.11879578395808899,sub-15,2.0000000000000004,339
POP,1.000000000148458,0.0,0.0,4,3,inf,0.0,sub-17,0.0,340
MATCH,1.0000000101382318,0.9999999739211859,1.4196484428442382,8,3,867.8582701869751,0.05741226443641406,sub-17,1.9999999999999996,340
WRONG,1.0000000019232078,0.999999979792708,1.0331058117027099,8,3,104.82159862303766,0.18539801846469667,sub-17,2.0000000000000004,340
POP,1.0000000059673106,0.0,0.0,4,3,inf,0.0,sub-17,0.0,341
MATCH,1.0000000059673106,0.9999999735194555,0.5884650588589792,8,3,680.6546446280587,0.06843152356815307,sub-17,2.000000000000001,341
WRONG,1.0000000059673106,0.9999999920702839,0.5692066341817861,8,3,184.3782538646647,0.13240362733185473,sub-17,1.9999999999999998,341
POP,1.0000000059673106,0.0,0.0,4,3,inf,0.0,sub-15,0.0,342
MATCH,1.0000000103698854,0.9999999953156659,0.6414944384795059,8,3,2860.82013526348,0.03263085492605591,sub-15,2.0000000000000004,342
WRONG,1.000000008220885,0.9999999910529686,0.6768920814374872,8,3,1291.5889959709516,0.05437553481719684,sub-15,1.9999999999999996,342
POP,1.0000000059673106,0.0,0.0,4,3,inf,0.0,sub-15,0.0,343
MATCH,1.0000000103698854,0.9999999953156659,0.6414944384795059,8,3,2860.82013526348,0.03263085492605591,sub-15,2.0000000000000004,343
WRONG,1.0000000078055182,0.9999999915486862,0.6649159884255913,8,3,344.9607936235887,0.09736952461141976,sub-15,2.0,343
POP,1.0000000059673106,0.0,0.0,4,3,inf,0.0,sub-15,0.0,344
MATCH,1.0000000103698854,0.9999999953156659,0.6414944384795059,8,3,2860.82013526348,0.03263085492605591,sub-15,2.0000000000000004,344
WRONG,1.000000008220885,0.9999999910529686,0.6768920814374872,8,3,1291.5889959709516,0.05437553481719684,sub-15,1.9999999999999996,344
POP,1.000000000148458,0.0,0.0,4,3,inf,0.0,sub-18,0.0,345
MATCH,1.0000000159186002,0.999999979792708,1.176204743638987,8,3,177.56581956051778,0.12930880910405518,sub-18,2.0000000000000004,345
WRONG,1.0000000070863286,0.999999979792708,0.8448884511908635,8,3,82.57074672050778,0.18143918349974636,sub-18,1.9999999999999991,345
POP,1.000000009214969,0.0,0.0,4,3,inf,0.0,sub-17,0.0,346
MATCH,1.000000011703924,0.9999999754577107,0.862130917486889,8,3,88.56368630142236,0.18249388895758015,sub-17,2.0,346
WRONG,1.000000028627441,0.9999999891618297,2.5002569302820903,8,3,167.6905058096939,0.12717573419025585,sub-17,2.0000000000000004,346
POP,1.0000000059673106,0.0,0.0,4,3,inf,0.0,sub-15,0.0,347
MATCH,1.0000000103698854,0.9999999953156659,0.6414944384795059,8,3,2860.82013526348,0.03263085492605591,sub-15,2.0000000000000004,347
WRONG,1.0000000167764338,0.9999999914540565,0.7699841496132498,8,3,408.03843651910904,0.09003295420656789,sub-15,2.0000000000000004,347
POP,1.000000000148458,0.0,0.0,4,3,inf,0.0,sub-18,0.0,348
MATCH,1.0000000159186002,0.999999979792708,1.176204743638987,8,3,177.56581956051778,0.12930880910405518,sub-18,2.0000000000000004,348
WRONG,1.000000003433209,0.999999979792708,2.6600325393932023,8,3,3121.308561808883,0.034574365084278184,sub-18,1.9999999999999984,348
POP,1.0000000221208047,0.0,0.0,4,3,inf,0.0,sub-18,0.0,349
MATCH,1.0000000285077386,0.9999999824669757,1.2672900548298986,8,3,652.6620621800334,0.0793592127601425,sub-18,2.0000000000000004,349
WRONG,1.0000000221208047,0.9999999800865145,0.9197810299071452,8,3,899.0972314301163,0.07266064378708403,sub-18,1.9999999999999996,349
POP,1.0000000059673106,0.0,0.0,4,3,inf,0.0,sub-17,0.0,350
MATCH,1.0000000059673106,0.9999999735194555,0.5884650588589792,8,3,680.6546446280587,0.06843152356815307,sub-17,2.000000000000001,350
WRONG,1.0000000059673106,0.9999999934198078,0.4318085848632347,8,3,325.37264094789106,0.1001717444078054,sub-17,1.9999999999999996,350
POP,1.0000000124116188,0.0,0.0,4,3,inf,0.0,sub-18,0.0,351
MATCH,1.000000018115513,0.999999988780087,2.720345955249461,8,3,548.6851922836662,0.08390267377295957,sub-18,1.9999999999999998,351
WRONG,1.0000000124116188,0.999999988780087,0.9661230382601,8,3,110.19020382510426,0.19378593376891395,sub-18,1.9999999999999996,351
POP,1.0000000059673106,0.0,0.0,4,3,inf,0.0,sub-17,0.0,352
MATCH,1.0000000059673106,0.9999999735194555,0.5884650588589792,8,3,680.6546446280587,0.06843152356815307,sub-17,2.000000000000001,352
WRONG,1.0000000103698854,0.9999999953156659,0.6414944384795059,8,3,2860.82013526348,0.03263085492605591,sub-17,2.0000000000000004,352
POP,1.000000000148458,0.0,0.0,4,3,inf,0.0,sub-15,0.0,353
MATCH,1.0000000081725238,0.999999979792708,0.5964086849703629,8,3,1003.8897155750161,0.055708954691248175,sub-15,2.0,353
WRONG,1.0000000141354919,0.999999979792708,0.600217847248956,8,3,504.4310378281133,0.07583653107543034,sub-15,2.0,353
POP,1.0000000008512724,0.0,0.0,4,3,inf,0.0,sub-15,0.0,354
MATCH,1.000000014578469,0.9999999725218636,0.9821259363271507,8,3,3318.0579714057085,0.04181152951673158,sub-15,1.9999999999999991,354
WRONG,1.0000000259429704,0.9999999725218636,0.9749982233025752,8,3,1827.1135621908093,0.05692983585025113,sub-15,1.9999999999999991,354
POP,1.000000000148458,0.0,0.0,4,3,inf,0.0,sub-15,0.0,355
MATCH,1.0000000081725238,0.999999979792708,0.5964086849703629,8,3,1003.8897155750161,0.055708954691248175,sub-15,2.0,355
WRONG,1.0000000159186002,0.999999979792708,1.176204743638987,8,3,177.56581956051778,0.12930880910405518,sub-15,2.0000000000000004,355
POP,1.0000000008512724,0.0,0.0,4,3,inf,0.0,sub-17,0.0,356
MATCH,1.000000011996973,0.9999999725218636,1.1558852697351873,8,3,5371.948189502753,0.03331438430713652,sub-17,1.9999999999999991,356
WRONG,1.0000000008512724,0.9999999725218636,1.3340183193191413,8,3,863.2554017784753,0.06997568890897288,sub-17,2.0000000000000004,356
POP,1.000000000148458,0.0,0.0,4,3,inf,0.0,sub-18,0.0,357
MATCH,1.0000000159186002,0.999999979792708,1.176204743638987,8,3,177.56581956051778,0.12930880910405518,sub-18,2.0000000000000004,357
WRONG,1.0000000070863286,0.999999979792708,0.8448884511908635,8,3,82.57074672050778,0.18143918349974636,sub-18,1.9999999999999991,357
POP,1.0000000221208047,0.0,0.0,4,3,inf,0.0,sub-17,0.0,358
MATCH,1.0000000291961055,0.9999999824669757,1.1193474372973422,8,3,1124.54827742082,0.06040072165187479,sub-17,1.9999999999999984,358
WRONG,1.0000000221208047,0.9999999760138117,1.0120257234203671,8,3,804.334395623176,0.07617504556526017,sub-17,2.0000000000000004,358
POP,1.0000000221208047,0.0,0.0,4,3,inf,0.0,sub-17,0.0,359
MATCH,1.0000000291961055,0.9999999824669757,1.1193474372973422,8,3,1124.54827742082,0.06040072165187479,sub-17,1.9999999999999984,359
WRONG,1.0000000221208047,0.9999999760138117,1.0120257234203671,8,3,804.334395623176,0.07617504556526017,sub-17,2.0000000000000004,359
POP,1.0000000059673106,0.0,0.0,4,3,inf,0.0,sub-17,0.0,360
MATCH,1.0000000059673106,0.9999999735194555,0.5884650588589792,8,3,680.6546446280587,0.06843152356815307,sub-17,2.000000000000001,360
WRONG,1.0000000078055182,0.9999999915486862,0.6649159884255913,8,3,344.9607936235887,0.09736952461141976,sub-17,2.0,360
POP,1.0000000221208047,0.0,0.0,4,3,inf,0.0,sub-17,0.0,361
MATCH,1.0000000291961055,0.9999999824669757,1.1193474372973422,8,3,1124.54827742082,0.06040072165187479,sub-17,1.9999999999999984,361
WRONG,1.0000000221208047,0.9999999774941938,0.92722725545324,8,3,1450.4368656954032,0.057118405684627914,sub-17,2.0,361
POP,1.000000000148458,0.0,0.0,4,3,inf,0.0,sub-15,0.0,362
MATCH,1.0000000081725238,0.999999979792708,0.5964086849703629,8,3,1003.8897155750161,0.055708954691248175,sub-15,2.0,362
WRONG,1.000000000148458,0.999999979792708,0.49546956059017455,8,3,232.75971981031168,0.11763056436786912,sub-15,2.0,362
POP,1.0000000059673106,0.0,0.0,4,3,inf,0.0,sub-17,0.0,363
MATCH,1.0000000059673106,0.9999999735194555,0.5884650588589792,8,3,680.6546446280587,0.06843152356815307,sub-17,2.000000000000001,363
WRONG,1.0000000059673106,0.9999999939214539,0.38272202646455633,8,3,82.51714052409176,0.1937448636279589,sub-17,1.9999999999999982,363
POP,1.0000000124116188,0.0,0.0,4,3,inf,0.0,sub-15,0.0,364
MATCH,1.0000000124116188,0.999999985868047,1.021941352606332,8,3,175.07439938667582,0.14037093466977776,sub-15,1.9999999999999998,364
WRONG,1.0000000195061143,0.999999988780087,0.8811105071582882,8,3,2813.448073789631,0.03316931305858423,sub-15,1.9999999999999991,364
POP,1.0000000221208047,0.0,0.0,4,3,inf,0.0,sub-18,0.0,365
MATCH,1.0000000285077386,0.9999999824669757,1.2672900548298986,8,3,652.6620621800334,0.0793592127601425,sub-18,2.0000000000000004,365
WRONG,1.0000000221208047,0.9999999824669757,1.4773282751955532,8,3,1611.5557897825342,0.04703455251391868,sub-18,2.0000000000000004,365
POP,1.0000000059673106,0.0,0.0,4,3,inf,0.0,sub-17,0.0,366
MATCH,1.0000000059673106,0.9999999735194555,0.5884650588589792,8,3,680.6546446280587,0.06843152356815307,sub-17,2.000000000000001,366
WRONG,1.0000000059673106,0.999999991154364,0.9942681249103729,8,3,711.5153246204577,0.07472396411393561,sub-17,1.9999999999999996,366
POP,1.0000000124116188,0.0,0.0,4,3,inf,0.0,sub-17,0.0,367
MATCH,1.00000002032687,0.999999988780087,1.1343555341082332,8,3,131.98111583362095,0.1422208429956299,sub-17,1.9999999999999998,367
WRONG,1.0000000124116188,0.999999988780087,1.6418427291154472,8,3,156.80730594755482,0.1449679642592033,sub-17,1.9999999999999991,367
POP,1.0000000124116188,0.0,0.0,4,3,inf,0.0,sub-17,0.0,368
MATCH,1.00000002032687,0.999999988780087,1.1343555341082332,8,3,131.98111583362095,0.1422208429956299,sub-17,1.9999999999999998,368
WRONG,1.0000000124116188,0.999999988780087,1.6418427291154472,8,3,156.80730594755482,0.1449679642592033,sub-17,1.9999999999999991,368
POP,1.000000009214969,0.0,0.0,4,3,inf,0.0,sub-15,0.0,369
MATCH,1.0000000120138626,0.9999999905247922,1.5812119875430628,8,3,459.0137846896379,0.08872037649541056,sub-15,1.9999999999999996,369
WRONG,1.000000011703924,0.9999999754577107,0.862130917486889,8,3,88.56368630142236,0.18249388895758015,sub-15,2.0,369
POP,1.0000000124116188,0.0,0.0,4,3,inf,0.0,sub-15,0.0,370
MATCH,1.0000000124116188,0.999999985868047,1.021941352606332,8,3,175.07439938667582,0.14037093466977776,sub-15,1.9999999999999998,370
WRONG,1.0000000124116188,0.9999999774315146,0.9678317061292039,8,3,38.669542279904476,0.26506467273002576,sub-15,2.0,370
POP,1.0000000124116188,0.0,0.0,4,3,inf,0.0,sub-15,0.0,371
MATCH,1.0000000124116188,0.999999985868047,1.021941352606332,8,3,175.07439938667582,0.14037093466977776,sub-15,1.9999999999999998,371
WRONG,1.000000018115513,0.999999988780087,2.720345955249461,8,3,548.6851922836662,0.08390267377295957,sub-15,1.9999999999999998,371
POP,1.000000009214969,0.0,0.0,4,3,inf,0.0,sub-17,0.0,372
MATCH,1.000000011703924,0.9999999754577107,0.862130917486889,8,3,88.56368630142236,0.18249388895758015,sub-17,2.0,372
WRONG,1.000000009214969,0.9999999954986594,0.6707154383421348,8,3,193.5312419838298,0.11666988496418691,sub-17,2.0,372
POP,1.000000009214969,0.0,0.0,4,3,inf,0.0,sub-17,0.0,373
MATCH,1.000000011703924,0.9999999754577107,0.862130917486889,8,3,88.56368630142236,0.18249388895758015,sub-17,2.0,373
WRONG,1.000000026579607,0.9999999846628611,1.1874535446673242,8,3,307.8686321165191,0.09468722847626311,sub-17,1.9999999999999993,373
POP,1.0000000221208047,0.0,0.0,4,3,inf,0.0,sub-17,0.0,374
MATCH,1.0000000291961055,0.9999999824669757,1.1193474372973422,8,3,1124.54827742082,0.06040072165187479,sub-17,1.9999999999999984,374
WRONG,1.0000000221208047,0.9999999760138117,1.0120257234203671,8,3,804.334395623176,0.07617504556526017,sub-17,2.0000000000000004,374
POP,1.0000000124116188,0.0,0.0,4,3,inf,0.0,sub-17,0.0,375
MATCH,1.00000002032687,0.999999988780087,1.1343555341082332,8,3,131.98111583362095,0.1422208429956299,sub-17,1.9999999999999998,375
WRONG,1.0000000124116188,0.999999988780087,1.6418427291154472,8,3,156.80730594755482,0.1449679642592033,sub-17,1.9999999999999991,375
POP,1.0000000221208047,0.0,0.0,4,3,inf,0.0,sub-17,0.0,376
MATCH,1.0000000291961055,0.9999999824669757,1.1193474372973422,8,3,1124.54827742082,0.06040072165187479,sub-17,1.9999999999999984,376
WRONG,1.0000000221208047,0.9999999785922263,0.9187436609537941,8,3,920.9325734871106,0.0723183707164014,sub-17,1.9999999999999987,376
POP,1.000000009214969,0.0,0.0,4,3,inf,0.0,sub-18,0.0,377
MATCH,1.000000009214969,0.9999999889283517,0.9669485908611628,8,3,116.2031870500075,0.1697218212276241,sub-18,2.0000000000000004,377
WRONG,1.000000028627441,0.9999999891618297,2.5002569302820903,8,3,167.6905058096939,0.12717573419025585,sub-18,2.0000000000000004,377
POP,1.0000000221208047,0.0,0.0,4,3,inf,0.0,sub-18,0.0,378
MATCH,1.0000000285077386,0.9999999824669757,1.2672900548298986,8,3,652.6620621800334,0.0793592127601425,sub-18,2.0000000000000004,378
WRONG,1.0000000247072165,0.9999999824669757,0.9236369786177065,8,3,882.7897137587671,0.07347007910439844,sub-18,2.0000000000000004,378
POP,1.0000000124116188,0.0,0.0,4,3,inf,0.0,sub-17,0.0,379
MATCH,1.00000002032687,0.999999988780087,1.1343555341082332,8,3,131.98111583362095,0.1422208429956299,sub-17,1.9999999999999998,379
WRONG,1.000000018115513,0.999999988780087,2.720345955249461,8,3,548.6851922836662,0.08390267377295957,sub-17,1.9999999999999998,379
POP,1.0000000008512724,0.0,0.0,4,3,inf,0.0,sub-17,0.0,380
MATCH,1.000000011996973,0.9999999725218636,1.1558852697351873,8,3,5371.948189502753,0.03331438430713652,sub-17,1.9999999999999991,380
WRONG,1.0000000049467777,0.9999999725218636,1.0492629688973303,8,3,1717.4789078748522,0.056121833729086704,sub-17,1.9999999999999993,380
POP,1.0000000008512724,0.0,0.0,4,3,inf,0.0,sub-18,0.0,381
MATCH,1.0000000049467777,0.9999999725218636,1.0492629688973303,8,3,1717.4789078748522,0.056121833729086704,sub-18,1.9999999999999993,381
WRONG,1.0000000229193973,0.9999999725218636,0.9784366144882527,8,3,10164.844123404058,0.023850137661914367,sub-18,1.999999999999999,381
POP,1.0000000008512724,0.0,0.0,4,3,inf,0.0,sub-17,0.0,382
MATCH,1.000000011996973,0.9999999725218636,1.1558852697351873,8,3,5371.948189502753,0.03331438430713652,sub-17,1.9999999999999991,382
WRONG,1.0000000220270213,0.9999999725218636,1.0410965642727121,8,3,1603.029482077022,0.056804365379956194,sub-17,2.000000000000001,382
POP,1.0000000059673106,0.0,0.0,4,3,inf,0.0,sub-18,0.0,383
MATCH,1.0000000059673106,0.999999991154364,0.9942681249103729,8,3,711.5153246204577,0.07472396411393561,sub-18,1.9999999999999996,383
WRONG,1.0000000059673106,0.9999999920702839,0.5692066341817861,8,3,184.3782538646647,0.13240362733185473,sub-18,1.9999999999999998,383
POP,1.0000000221208047,0.0,0.0,4,3,inf,0.0,sub-15,0.0,384
MATCH,1.0000000221208047,0.9999999824669757,0.9265018518682658,8,3,2382.749700279163,0.04572989242918645,sub-15,1.9999999999999998,384
WRONG,1.0000000221208047,0.9999999824669757,0.8463067170305122,8,3,262.7210223817997,0.13111917653627073,sub-15,2.000000000000001,384
POP,1.0000000059673106,0.0,0.0,4,3,inf,0.0,sub-15,0.0,385
MATCH,1.0000000103698854,0.9999999953156659,0.6414944384795059,8,3,2860.82013526348,0.03263085492605591,sub-15,2.0000000000000004,385
WRONG,1.000000008220885,0.9999999910529686,0.6768920814374872,8,3,1291.5889959709516,0.05437553481719684,sub-15,1.9999999999999996,385
POP,1.0000000008512724,0.0,0.0,4,3,inf,0.0,sub-17,0.0,386
MATCH,1.000000011996973,0.9999999725218636,1.1558852697351873,8,3,5371.948189502753,0.03331438430713652,sub-17,1.9999999999999991,386
WRONG,1.0000000140718035,0.9999999725218636,1.016954250447106,8,3,4384.527558562791,0.03699577189414972,sub-17,1.9999999999999998,386
POP,1.0000000059673106,0.0,0.0,4,3,inf,0.0,sub-15,0.0,387
MATCH,1.0000000103698854,0.9999999953156659,0.6414944384795059,8,3,2860.82013526348,0.03263085492605591,sub-15,2.0000000000000004,387
WRONG,1.000000008220885,0.9999999910529686,0.6768920814374872,8,3,1291.5889959709516,0.05437553481719684,sub-15,1.9999999999999996,387
POP,1.000000009214969,0.0,0.0,4,3,inf,0.0,sub-15,0.0,388
MATCH,1.0000000120138626,0.9999999905247922,1.5812119875430628,8,3,459.0137846896379,0.08872037649541056,sub-15,1.9999999999999996,388
WRONG,1.0000000144821255,0.9999999957458252,1.1469173168140554,8,3,193.35478976547458,0.11346952919221069,sub-15,2.0000000000000004,388
POP,1.0000000221208047,0.0,0.0,4,3,inf,0.0,sub-18,0.0,389
MATCH,1.0000000285077386,0.9999999824669757,1.2672900548298986,8,3,652.6620621800334,0.0793592127601425,sub-18,2.0000000000000004,389
WRONG,1.0000000221208047,0.9999999824669757,0.9112033967299719,8,3,1848.665081868345,0.052381127124977236,sub-18,1.9999999999999998,389
POP,1.0000000124116188,0.0,0.0,4,3,inf,0.0,sub-18,0.0,390
MATCH,1.000000018115513,0.999999988780087,2.720345955249461,8,3,548.6851922836662,0.08390267377295957,sub-18,1.9999999999999998,390
WRONG,1.00000002032687,0.999999988780087,1.1343555341082332,8,3,131.98111583362095,0.1422208429956299,sub-18,1.9999999999999998,390
POP,1.0000000059673106,0.0,0.0,4,3,inf,0.0,sub-15,0.0,391
MATCH,1.0000000103698854,0.9999999953156659,0.6414944384795059,8,3,2860.82013526348,0.03263085492605591,sub-15,2.0000000000000004,391
WRONG,1.0000000059673106,0.9999999735194555,0.5884650588589792,8,3,680.6546446280587,0.06843152356815307,sub-15,2.000000000000001,391
POP,1.0000000008512724,0.0,0.0,4,3,inf,0.0,sub-17,0.0,392
MATCH,1.000000011996973,0.9999999725218636,1.1558852697351873,8,3,5371.948189502753,0.03331438430713652,sub-17,1.9999999999999991,392
WRONG,1.0000000061986156,0.9999999725218636,0.9855685156861148,8,3,1343.5529946741076,0.06201353758234517,sub-17,2.0000000000000004,392
POP,1.0000000008512724,0.0,0.0,4,3,inf,0.0,sub-18,0.0,393
MATCH,1.0000000049467777,0.9999999725218636,1.0492629688973303,8,3,1717.4789078748522,0.056121833729086704,sub-18,1.9999999999999993,393
WRONG,1.0000000061986156,0.9999999725218636,0.9855685156861148,8,3,1343.5529946741076,0.06201353758234517,sub-18,2.0000000000000004,393
POP,1.0000000221208047,0.0,0.0,4,3,inf,0.0,sub-18,0.0,394
MATCH,1.0000000285077386,0.9999999824669757,1.2672900548298986,8,3,652.6620621800334,0.0793592127601425,sub-18,2.0000000000000004,394
WRONG,1.0000000221208047,0.9999999824669757,0.9112033967299719,8,3,1848.665081868345,0.052381127124977236,sub-18,1.9999999999999998,394
POP,1.000000009214969,0.0,0.0,4,3,inf,0.0,sub-18,0.0,395
MATCH,1.000000009214969,0.9999999889283517,0.9669485908611628,8,3,116.2031870500075,0.1697218212276241,sub-18,2.0000000000000004,395
WRONG,1.000000028627441,0.9999999891618297,2.5002569302820903,8,3,167.6905058096939,0.12717573419025585,sub-18,2.0000000000000004,395
POP,1.000000000148458,0.0,0.0,4,3,inf,0.0,sub-17,0.0,396
MATCH,1.0000000101382318,0.9999999739211859,1.4196484428442382,8,3,867.8582701869751,0.05741226443641406,sub-17,1.9999999999999996,396
WRONG,1.0000000124833568,0.999999979792708,0.5410926448226734,8,3,233.67329148592268,0.11342961679099693,sub-17,2.0,396
POP,1.0000000059673106,0.0,0.0,4,3,inf,0.0,sub-17,0.0,397
MATCH,1.0000000059673106,0.9999999735194555,0.5884650588589792,8,3,680.6546446280587,0.06843152356815307,sub-17,2.000000000000001,397
WRONG,1.0000000059673106,0.9999999934198078,0.4318085848632347,8,3,325.37264094789106,0.1001717444078054,sub-17,1.9999999999999996,397
POP,1.0000000221208047,0.0,0.0,4,3,inf,0.0,sub-15,0.0,398
MATCH,1.0000000221208047,0.9999999824669757,0.9265018518682658,8,3,2382.749700279163,0.04572989242918645,sub-15,1.9999999999999998,398
WRONG,1.0000000221208047,0.9999999785922263,0.9187436609537941,8,3,920.9325734871106,0.0723183707164014,sub-15,1.9999999999999987,398
POP,1.0000000124116188,0.0,0.0,4,3,inf,0.0,sub-17,0.0,399
MATCH,1.00000002032687,0.999999988780087,1.1343555341082332,8,3,131.98111583362095,0.1422208429956299,sub-17,1.9999999999999998,399
WRONG,1.000000018115513,0.999999988780087,2.720345955249461,8,3,548.6851922836662,0.08390267377295957,sub-17,1.9999999999999998,399
POP,1.0000000008512724,0.0,0.0,4,3,inf,0.0,sub-17,0.0,400
MATCH,1.000000011996973,0.9999999725218636,1.1558852697351873,8,3,5371.948189502753,0.03331438430713652,sub-17,1.9999999999999991,400
WRONG,1.0000000140718035,0.9999999725218636,1.016954250447106,8,3,4384.527558562791,0.03699577189414972,sub-17,1.9999999999999998,400
POP,1.000000009214969,0.0,0.0,4,3,inf,0.0,sub-18,0.0,401
MATCH,1.000000009214969,0.9999999889283517,0.9669485908611628,8,3,116.2031870500075,0.1697218212276241,sub-18,2.0000000000000004,401
WRONG,1.000000009214969,0.9999999949581602,1.9133839807828785,8,3,433.4224614389855,0.09037634459686715,sub-18,2.000000000000001,401
POP,1.000000009214969,0.0,0.0,4,3,inf,0.0,sub-18,0.0,402
MATCH,1.000000009214969,0.9999999889283517,0.9669485908611628,8,3,116.2031870500075,0.1697218212276241,sub-18,2.0000000000000004,402
WRONG,1.000000026579607,0.9999999846628611,1.1874535446673242,8,3,307.8686321165191,0.09468722847626311,sub-18,1.9999999999999993,402
POP,1.0000000059673106,0.0,0.0,4,3,inf,0.0,sub-17,0.0,403
MATCH,1.0000000059673106,0.9999999735194555,0.5884650588589792,8,3,680.6546446280587,0.06843152356815307,sub-17,2.000000000000001,403
WRONG,1.0000000112006302,0.9999999947122876,0.5918870591225607,8,3,461.287696480079,0.09439715696014411,sub-17,2.0000000000000004,403
POP,1.000000009214969,0.0,0.0,4,3,inf,0.0,sub-18,0.0,404
MATCH,1.000000009214969,0.9999999889283517,0.9669485908611628,8,3,116.2031870500075,0.1697218212276241,sub-18,2.0000000000000004,404
WRONG,1.0000000144821255,0.9999999957458252,1.1469173168140554,8,3,193.35478976547458,0.11346952919221069,sub-18,2.0000000000000004,404
POP,1.0000000221208047,0.0,0.0,4,3,inf,0.0,sub-18,0.0,405
MATCH,1.0000000285077386,0.9999999824669757,1.2672900548298986,8,3,652.6620621800334,0.0793592127601425,sub-18,2.0000000000000004,405
WRONG,1.0000000221208047,0.9999999785922263,0.9187436609537941,8,3,920.9325734871106,0.0723183707164014,sub-18,1.9999999999999987,405
POP,1.0000000124116188,0.0,0.0,4,3,inf,0.0,sub-18,0.0,406
MATCH,1.000000018115513,0.999999988780087,2.720345955249461,8,3,548.6851922836662,0.08390267377295957,sub-18,1.9999999999999998,406
WRONG,1.0000000124116188,0.999999988780087,0.9661230382601,8,3,110.19020382510426,0.19378593376891395,sub-18,1.9999999999999996,406
POP,1.0000000059673106,0.0,0.0,4,3,inf,0.0,sub-18,0.0,407
MATCH,1.0000000059673106,0.999999991154364,0.9942681249103729,8,3,711.5153246204577,0.07472396411393561,sub-18,1.9999999999999996,407
WRONG,1.0000000103698854,0.9999999953156659,0.6414944384795059,8,3,2860.82013526348,0.03263085492605591,sub-18,2.0000000000000004,407
POP,1.0000000221208047,0.0,0.0,4,3,inf,0.0,sub-17,0.0,408
MATCH,1.0000000291961055,0.9999999824669757,1.1193474372973422,8,3,1124.54827742082,0.06040072165187479,sub-17,1.9999999999999984,408
WRONG,1.0000000221208047,0.9999999824669757,0.9112033967299719,8,3,1848.665081868345,0.052381127124977236,sub-17,1.9999999999999998,408
POP,1.0000000221208047,0.0,0.0,4,3,inf,0.0,sub-18,0.0,409
MATCH,1.0000000285077386,0.9999999824669757,1.2672900548298986,8,3,652.6620621800334,0.0793592127601425,sub-18,2.0000000000000004,409
WRONG,1.0000000221208047,0.9999999824669757,0.9112033967299719,8,3,1848.665081868345,0.052381127124977236,sub-18,1.9999999999999998,409
POP,1.0000000059673106,0.0,0.0,4,3,inf,0.0,sub-18,0.0,410
MATCH,1.0000000059673106,0.999999991154364,0.9942681249103729,8,3,711.5153246204577,0.07472396411393561,sub-18,1.9999999999999996,410
WRONG,1.000000008220885,0.9999999910529686,0.6768920814374872,8,3,1291.5889959709516,0.05437553481719684,sub-18,1.9999999999999996,410
POP,1.0000000008512724,0.0,0.0,4,3,inf,0.0,sub-15,0.0,411
MATCH,1.000000014578469,0.9999999725218636,0.9821259363271507,8,3,3318.0579714057085,0.04181152951673158,sub-15,1.9999999999999991,411
WRONG,1.000000014651207,0.9999999725218636,1.111938961634041,8,3,5985.272120722867,0.03195952824475671,sub-15,1.9999999999999991,411
POP,1.0000000221208047,0.0,0.0,4,3,inf,0.0,sub-15,0.0,412
MATCH,1.0000000221208047,0.9999999824669757,0.9265018518682658,8,3,2382.749700279163,0.04572989242918645,sub-15,1.9999999999999998,412
WRONG,1.0000000285077386,0.9999999824669757,1.2672900548298986,8,3,652.6620621800334,0.0793592127601425,sub-15,2.0000000000000004,412
POP,1.0000000221208047,0.0,0.0,4,3,inf,0.0,sub-17,0.0,413
MATCH,1.0000000291961055,0.9999999824669757,1.1193474372973422,8,3,1124.54827742082,0.06040072165187479,sub-17,1.9999999999999984,413
WRONG,1.0000000221208047,0.9999999824669757,6.881082858576922,8,3,213141.7899205554,0.005259115083481725,sub-17,2.0000000000000036,413
POP,1.0000000221208047,0.0,0.0,4,3,inf,0.0,sub-18,0.0,414
MATCH,1.0000000285077386,0.9999999824669757,1.2672900548298986,8,3,652.6620621800334,0.0793592127601425,sub-18,2.0000000000000004,414
WRONG,1.0000000247072165,0.9999999824669757,0.9236369786177065,8,3,882.7897137587671,0.07347007910439844,sub-18,2.0000000000000004,414
POP,1.000000000148458,0.0,0.0,4,3,inf,0.0,sub-18,0.0,415
MATCH,1.0000000159186002,0.999999979792708,1.176204743638987,8,3,177.56581956051778,0.12930880910405518,sub-18,2.0000000000000004,415
WRONG,1.0000000203567811,0.999999979792708,0.5101957866453657,8,3,235.9539845062275,0.11902898364806462,sub-18,2.0,415
POP,1.0000000221208047,0.0,0.0,4,3,inf,0.0,sub-18,0.0,416
MATCH,1.0000000285077386,0.9999999824669757,1.2672900548298986,8,3,652.6620621800334,0.0793592127601425,sub-18,2.0000000000000004,416
WRONG,1.0000000221208047,0.9999999824669757,0.8463067170305122,8,3,262.7210223817997,0.13111917653627073,sub-18,2.000000000000001,416
POP,1.000000009214969,0.0,0.0,4,3,inf,0.0,sub-15,0.0,417
MATCH,1.0000000120138626,0.9999999905247922,1.5812119875430628,8,3,459.0137846896379,0.08872037649541056,sub-15,1.9999999999999996,417
WRONG,1.000000009283643,0.9999999935375822,1.0472452823000344,8,3,92.85594059058803,0.19812812845321748,sub-15,2.0000000000000004,417
POP,1.0000000221208047,0.0,0.0,4,3,inf,0.0,sub-18,0.0,418
MATCH,1.0000000285077386,0.9999999824669757,1.2672900548298986,8,3,652.6620621800334,0.0793592127601425,sub-18,2.0000000000000004,418
WRONG,1.0000000221208047,0.9999999774941938,0.92722725545324,8,3,1450.4368656954032,0.057118405684627914,sub-18,2.0,418
POP,1.000000000148458,0.0,0.0,4,3,inf,0.0,sub-15,0.0,419
MATCH,1.0000000081725238,0.999999979792708,0.5964086849703629,8,3,1003.8897155750161,0.055708954691248175,sub-15,2.0,419
WRONG,1.0000000070863286,0.999999979792708,0.8448884511908635,8,3,82.57074672050778,0.18143918349974636,sub-15,1.9999999999999991,419
POP,1.0000000008512724,0.0,0.0,4,3,inf,0.0,sub-18,0.0,420
MATCH,1.0000000049467777,0.9999999725218636,1.0492629688973303,8,3,1717.4789078748522,0.056121833729086704,sub-18,1.9999999999999993,420
WRONG,1.000000009797307,0.9999999725218636,0.9801966623442444,8,3,4734.087620896799,0.03450070366983734,sub-18,1.9999999999999993,420
POP,1.0000000124116188,0.0,0.0,4,3,inf,0.0,sub-15,0.0,421
MATCH,1.0000000124116188,0.999999985868047,1.021941352606332,8,3,175.07439938667582,0.14037093466977776,sub-15,1.9999999999999998,421
WRONG,1.0000000124116188,0.999999988780087,0.9661230382601,8,3,110.19020382510426,0.19378593376891395,sub-15,1.9999999999999996,421
POP,1.0000000008512724,0.0,0.0,4,3,inf,0.0,sub-18,0.0,422
MATCH,1.0000000049467777,0.9999999725218636,1.0492629688973303,8,3,1717.4789078748522,0.056121833729086704,sub-18,1.9999999999999993,422
WRONG,1.0000000220270213,0.9999999725218636,1.0410965642727121,8,3,1603.029482077022,0.056804365379956194,sub-18,2.000000000000001,422
POP,1.0000000059673106,0.0,0.0,4,3,inf,0.0,sub-15,0.0,423
MATCH,1.0000000103698854,0.9999999953156659,0.6414944384795059,8,3,2860.82013526348,0.03263085492605591,sub-15,2.0000000000000004,423
WRONG,1.0000000167764338,0.9999999914540565,0.7699841496132498,8,3,408.03843651910904,0.09003295420656789,sub-15,2.0000000000000004,423
POP,1.000000000148458,0.0,0.0,4,3,inf,0.0,sub-15,0.0,424
MATCH,1.0000000081725238,0.999999979792708,0.5964086849703629,8,3,1003.8897155750161,0.055708954691248175,sub-15,2.0,424
WRONG,1.0000000101382318,0.9999999739211859,1.4196484428442382,8,3,867.8582701869751,0.05741226443641406,sub-15,1.9999999999999996,424
POP,1.0000000124116188,0.0,0.0,4,3,inf,0.0,sub-18,0.0,425
MATCH,1.000000018115513,0.999999988780087,2.720345955249461,8,3,548.6851922836662,0.08390267377295957,sub-18,1.9999999999999998,425
WRONG,1.0000000147367627,0.999999988780087,1.4542086797783267,8,3,245.4641689411578,0.12396512381108485,sub-18,2.0000000000000004,425
POP,1.0000000221208047,0.0,0.0,4,3,inf,0.0,sub-17,0.0,426
MATCH,1.0000000291961055,0.9999999824669757,1.1193474372973422,8,3,1124.54827742082,0.06040072165187479,sub-17,1.9999999999999984,426
WRONG,1.0000000221208047,0.9999999800865145,0.9197810299071452,8,3,899.0972314301163,0.07266064378708403,sub-17,1.9999999999999996,426
POP,1.000000000148458,0.0,0.0,4,3,inf,0.0,sub-17,0.0,427
MATCH,1.0000000101382318,0.9999999739211859,1.4196484428442382,8,3,867.8582701869751,0.05741226443641406,sub-17,1.9999999999999996,427
WRONG,1.00000001549909,0.999999979792708,0.4585554236767905,8,3,84.84279327525073,0.1930138266058397,sub-17,1.9999999999999998,427
POP,1.000000009214969,0.0,0.0,4,3,inf,0.0,sub-15,0.0,428
MATCH,1.0000000120138626,0.9999999905247922,1.5812119875430628,8,3,459.0137846896379,0.08872037649541056,sub-15,1.9999999999999996,428
WRONG,1.000000009214969,0.9999999949581602,1.9133839807828785,8,3,433.4224614389855,0.09037634459686715,sub-15,2.000000000000001,428
POP,1.000000009214969,0.0,0.0,4,3,inf,0.0,sub-15,0.0,429
MATCH,1.0000000120138626,0.9999999905247922,1.5812119875430628,8,3,459.0137846896379,0.08872037649541056,sub-15,1.9999999999999996,429
WRONG,1.000000009214969,0.9999999889283517,0.9669485908611628,8,3,116.2031870500075,0.1697218212276241,sub-15,2.0000000000000004,429
POP,1.0000000221208047,0.0,0.0,4,3,inf,0.0,sub-17,0.0,430
MATCH,1.0000000291961055,0.9999999824669757,1.1193474372973422,8,3,1124.54827742082,0.06040072165187479,sub-17,1.9999999999999984,430
WRONG,1.0000000221208047,0.9999999824669757,0.8463067170305122,8,3,262.7210223817997,0.13111917653627073,sub-17,2.000000000000001,430
POP,1.0000000059673106,0.0,0.0,4,3,inf,0.0,sub-15,0.0,431
MATCH,1.0000000103698854,0.9999999953156659,0.6414944384795059,8,3,2860.82013526348,0.03263085492605591,sub-15,2.0000000000000004,431
WRONG,1.0000000066511747,0.9999999902593656,1.462281250481125,8,3,359.5608423063109,0.10368942763520293,sub-15,1.9999999999999996,431
POP,1.0000000068762596,0.0,0.0,4,4,inf,0.0,sub-21,0.0,0
MATCH,1.0000000121525836,0.9999999980308398,0.4472046066618906,8,4,152.5442752433646,0.13152350149039405,sub-21,1.9999999999999998,0
WRONG,1.0000000176155688,0.999999990598639,1.1804039833614868,8,4,124.43372895978739,0.17424411469320306,sub-21,1.9999999999999993,0
POP,1.0000000026905984,0.0,0.0,4,4,inf,0.0,sub-19,0.0,1
MATCH,1.0000000130310889,0.9999999860316154,0.4955914441699026,8,4,270.9439129131034,0.11129165790427493,sub-19,2.0000000000000004,1
WRONG,1.0000000234838347,0.9999999860316154,2.569537467349523,8,4,2648.406565690522,0.041939338531102266,sub-19,2.0000000000000004,1
POP,1.0000000076699147,0.0,0.0,4,4,inf,0.0,sub-21,0.0,2
MATCH,1.0000000076699147,0.9999999860988278,0.7014001832007642,8,4,124.26690543769578,0.17277653733569776,sub-21,2.0,2
WRONG,1.0000000142945786,0.9999999854223287,0.8428592515531647,8,4,247.97101570979018,0.1171016832744295,sub-21,2.000000000000001,2
POP,1.0000000068762596,0.0,0.0,4,4,inf,0.0,sub-21,0.0,3
MATCH,1.0000000121525836,0.9999999980308398,0.4472046066618906,8,4,152.5442752433646,0.13152350149039405,sub-21,1.9999999999999998,3
WRONG,1.0000000090690093,0.9999999950094824,0.9891238663723244,8,4,66.2239727550164,0.20048798960510084,sub-21,2.0,3
POP,1.0000000026905984,0.0,0.0,4,4,inf,0.0,sub-21,0.0,4
MATCH,1.0000000234838347,0.9999999860316154,2.569537467349523,8,4,2648.406565690522,0.041939338531102266,sub-21,2.0000000000000004,4
WRONG,1.0000000130310889,0.9999999860316154,0.4955914441699026,8,4,270.9439129131034,0.11129165790427493,sub-21,2.0000000000000004,4
POP,1.0000000076699147,0.0,0.0,4,4,inf,0.0,sub-19,0.0,5
MATCH,1.0000000076699147,0.999999996085675,0.7968887858552098,8,4,313.6986557286446,0.11013540351515773,sub-19,2.0000000000000004,5
WRONG,1.0000000076699147,0.999999996085675,0.7779106785190836,8,4,337.5457046585603,0.11673662972181557,sub-19,2.0000000000000004,5
POP,1.000000021832848,0.0,0.0,4,4,inf,0.0,sub-19,0.0,6
MATCH,1.000000021832848,0.9999999860414915,0.9887513359071777,8,4,1366.6683922365714,0.05439105505399035,sub-19,1.9999999999999984,6
WRONG,1.000000021832848,0.9999999860414915,0.9093154041044017,8,4,876.9753861424056,0.07276538334758373,sub-19,2.0,6
POP,1.0000000026905984,0.0,0.0,4,4,inf,0.0,sub-21,0.0,7
MATCH,1.0000000234838347,0.9999999860316154,2.569537467349523,8,4,2648.406565690522,0.041939338531102266,sub-21,2.0000000000000004,7
WRONG,1.0000000072420643,0.9999999860316154,0.8503966228758578,8,4,115.08502902818813,0.14936675019599563,sub-21,2.000000000000001,7
POP,1.0000000140682528,0.0,0.0,4,4,inf,0.0,sub-19,0.0,8
MATCH,1.0000000154067374,0.999999979382333,9.191067846738557,8,4,2474.2308682689677,0.040105594173803084,sub-19,2.0000000000000013,8
WRONG,1.0000000140682528,0.9999999781822315,0.9510653649409527,8,4,83.7702598345432,0.20614356977988904,sub-19,2.000000000000001,8
POP,1.000000021832848,0.0,0.0,4,4,inf,0.0,sub-21,0.0,9
MATCH,1.00000002656461,0.9999999860414915,0.9034892364738969,8,4,1538.0241104809343,0.05548408776372519,sub-21,1.9999999999999996,9
WRONG,1.000000021832848,0.9999999860414915,1.2010471621508112,8,4,428.3877515820865,0.09689632703949591,sub-21,1.9999999999999998,9
POP,1.000000009007,0.0,0.0,4,4,inf,0.0,sub-23,0.0,10
MATCH,1.000000009007,0.9999999957717131,0.9443827284822726,8,4,410.2284947340732,0.08712432876440898,sub-23,2.0000000000000004,10
WRONG,1.0000000113876684,0.9999999943485472,2.722677420629353,8,4,146.18469533178478,0.14123880031468947,sub-23,2.0,10
POP,1.0000000076699147,0.0,0.0,4,4,inf,0.0,sub-23,0.0,11
MATCH,1.0000000076699147,0.9999999896211276,0.8431420199970496,8,4,173.9610187279859,0.16390286279649718,sub-23,1.9999999999999996,11
WRONG,1.0000000142945786,0.9999999854223287,0.8428592515531647,8,4,247.97101570979018,0.1171016832744295,sub-23,2.000000000000001,11
POP,1.000000009007,0.0,0.0,4,4,inf,0.0,sub-23,0.0,12
MATCH,1.000000009007,0.9999999957717131,0.9443827284822726,8,4,410.2284947340732,0.08712432876440898,sub-23,2.0000000000000004,12
WRONG,1.0000000220828928,0.9999999738591817,1.9673851389378705,8,4,381.11781235632463,0.09206739811340704,sub-23,2.0000000000000004,12
POP,1.000000009007,0.0,0.0,4,4,inf,0.0,sub-19,0.0,13
MATCH,1.00000000987419,0.9999999940786962,0.7099207803145712,8,4,106.15419890981136,0.17336617469568946,sub-19,2.000000000000001,13
WRONG,1.000000009007,0.9999999925688294,0.956161340309307,8,4,123.99051347537358,0.1637975362369222,sub-19,2.0,13
POP,1.0000000026905984,0.0,0.0,4,4,inf,0.0,sub-23,0.0,14
MATCH,1.0000000145367893,0.9999999860316154,0.9316536602831268,8,4,335.2416624012699,0.11389855616708831,sub-23,2.0,14
WRONG,1.0000000147474652,0.9999999860316154,0.548186027895071,8,4,159.33920192101405,0.1393637422714992,sub-23,2.0000000000000004,14
POP,1.000000009007,0.0,0.0,4,4,inf,0.0,sub-19,0.0,15
MATCH,1.00000000987419,0.9999999940786962,0.7099207803145712,8,4,106.15419890981136,0.17336617469568946,sub-19,2.000000000000001,15
WRONG,1.0000000124023523,0.9999999921114505,1.0882166664342479,8,4,89.85323449014261,0.21198892045200637,sub-19,1.9999999999999993,15
POP,1.0000000068762596,0.0,0.0,4,4,inf,0.0,sub-23,0.0,16
MATCH,1.0000000068762596,0.9999999886382606,0.8317739716207426,8,4,213.38575476866797,0.1289832444559679,sub-23,1.9999999999999996,16
WRONG,1.0000000194283172,0.9999999896312882,0.4716167924475809,8,4,46.18616475592985,0.23552593629297228,sub-23,2.0000000000000027,16
POP,1.0000000068762596,0.0,0.0,4,4,inf,0.0,sub-19,0.0,17
MATCH,1.0000000176155688,0.999999990598639,1.1804039833614868,8,4,124.43372895978739,0.17424411469320306,sub-19,1.9999999999999993,17
WRONG,1.0000000068762596,0.9999999944594746,0.8293720588465745,8,4,124.6024268967509,0.15869110657565416,sub-19,2.000000000000001,17
POP,1.000000009007,0.0,0.0,4,4,inf,0.0,sub-19,0.0,18
MATCH,1.00000000987419,0.9999999940786962,0.7099207803145712,8,4,106.15419890981136,0.17336617469568946,sub-19,2.000000000000001,18
WRONG,1.000000009007,0.9999999780947149,1.2208015049637084,8,4,293.0004364636244,0.09606569991020412,sub-19,1.9999999999999993,18
POP,1.000000009007,0.0,0.0,4,4,inf,0.0,sub-19,0.0,19
MATCH,1.00000000987419,0.9999999940786962,0.7099207803145712,8,4,106.15419890981136,0.17336617469568946,sub-19,2.000000000000001,19
WRONG,1.0000000099994844,0.9999999837355485,0.6358387825750156,8,4,256.05666658763215,0.10582454027863765,sub-19,2.0000000000000004,19
POP,1.0000000068762596,0.0,0.0,4,4,inf,0.0,sub-21,0.0,20
MATCH,1.0000000121525836,0.9999999980308398,0.4472046066618906,8,4,152.5442752433646,0.13152350149039405,sub-21,1.9999999999999998,20
WRONG,1.0000000226440078,0.9999999899484577,0.6510918136317931,8,4,57.814510184227395,0.23229125374497825,sub-21,2.0,20
POP,1.0000000068762596,0.0,0.0,4,4,inf,0.0,sub-23,0.0,21
MATCH,1.0000000068762596,0.9999999886382606,0.8317739716207426,8,4,213.38575476866797,0.1289832444559679,sub-23,1.9999999999999996,21
WRONG,1.0000000069789736,0.9999999880942632,1.1511388656932418,8,4,161.87430194108438,0.1345942221885246,sub-23,1.9999999999999991,21
POP,1.0000000026905984,0.0,0.0,4,4,inf,0.0,sub-19,0.0,22
MATCH,1.0000000130310889,0.9999999860316154,0.4955914441699026,8,4,270.9439129131034,0.11129165790427493,sub-19,2.0000000000000004,22
WRONG,1.0000000072420643,0.9999999860316154,0.8503966228758578,8,4,115.08502902818813,0.14936675019599563,sub-19,2.000000000000001,22
POP,1.0000000068762596,0.0,0.0,4,4,inf,0.0,sub-21,0.0,23
MATCH,1.0000000121525836,0.9999999980308398,0.4472046066618906,8,4,152.5442752433646,0.13152350149039405,sub-21,1.9999999999999998,23
WRONG,1.0000000068762596,0.9999999909334313,0.7365924897098244,8,4,181.6303906552505,0.12978561305140945,sub-21,2.0000000000000004,23
POP,1.0000000076699147,0.0,0.0,4,4,inf,0.0,sub-23,0.0,24
MATCH,1.0000000076699147,0.9999999896211276,0.8431420199970496,8,4,173.9610187279859,0.16390286279649718,sub-23,1.9999999999999996,24
WRONG,1.0000000106055542,0.999999993333354,0.593186064955922,8,4,2687.271772210756,0.03673456463976739,sub-23,1.9999999999999982,24
POP,1.000000009007,0.0,0.0,4,4,inf,0.0,sub-19,0.0,25
MATCH,1.00000000987419,0.9999999940786962,0.7099207803145712,8,4,106.15419890981136,0.17336617469568946,sub-19,2.000000000000001,25
WRONG,1.000000009007,0.9999999780947149,1.2208015049637084,8,4,293.0004364636244,0.09606569991020412,sub-19,1.9999999999999993,25
POP,1.000000021832848,0.0,0.0,4,4,inf,0.0,sub-21,0.0,26
MATCH,1.00000002656461,0.9999999860414915,0.9034892364738969,8,4,1538.0241104809343,0.05548408776372519,sub-21,1.9999999999999996,26
WRONG,1.000000021832848,0.9999999860414915,0.9082876853610437,8,4,912.7926658306435,0.07214970921214027,sub-21,1.9999999999999993,26
POP,1.0000000068762596,0.0,0.0,4,4,inf,0.0,sub-19,0.0,27
MATCH,1.0000000176155688,0.999999990598639,1.1804039833614868,8,4,124.43372895978739,0.17424411469320306,sub-19,1.9999999999999993,27
WRONG,1.0000000069789736,0.9999999880942632,1.1511388656932418,8,4,161.87430194108438,0.1345942221885246,sub-19,1.9999999999999991,27
POP,1.000000021832848,0.0,0.0,4,4,inf,0.0,sub-19,0.0,28
MATCH,1.000000021832848,0.9999999860414915,0.9887513359071777,8,4,1366.6683922365714,0.05439105505399035,sub-19,1.9999999999999984,28
WRONG,1.000000021832848,0.9999999752682561,0.9007283821204992,8,4,2620.0126774400464,0.04379936109913962,sub-19,1.9999999999999987,28
POP,1.0000000026905984,0.0,0.0,4,4,inf,0.0,sub-23,0.0,29
MATCH,1.0000000145367893,0.9999999860316154,0.9316536602831268,8,4,335.2416624012699,0.11389855616708831,sub-23,2.0,29
WRONG,1.0000000139323395,0.9999999860316154,1.0426395301448694,8,4,207.94621616155683,0.11518064029072804,sub-23,2.000000000000001,29
POP,1.0000000076699147,0.0,0.0,4,4,inf,0.0,sub-21,0.0,30
MATCH,1.0000000076699147,0.9999999860988278,0.7014001832007642,8,4,124.26690543769578,0.17277653733569776,sub-21,2.0,30
WRONG,1.0000000076699147,0.9999999891740715,0.41995456385918045,8,4,87.8588325521873,0.19837787757788322,sub-21,1.9999999999999991,30
POP,1.0000000076699147,0.0,0.0,4,4,inf,0.0,sub-21,0.0,31
MATCH,1.0000000076699147,0.9999999860988278,0.7014001832007642,8,4,124.26690543769578,0.17277653733569776,sub-21,2.0,31
WRONG,1.0000000076699147,0.9999999949923156,0.9536335754416071,8,4,552.2651183698582,0.08604083929654037,sub-21,2.0000000000000004,31
POP,1.000000009007,0.0,0.0,4,4,inf,0.0,sub-21,0.0,32
MATCH,1.0000000220828928,0.9999999738591817,1.9673851389378705,8,4,381.11781235632463,0.09206739811340704,sub-21,2.0000000000000004,32
WRONG,1.000000016005119,0.9999999889397598,1.1692321730793305,8,4,91.96082629987822,0.15664854057006894,sub-21,1.9999999999999991,32
POP,1.0000000068762596,0.0,0.0,4,4,inf,0.0,sub-23,0.0,33
MATCH,1.0000000068762596,0.9999999886382606,0.8317739716207426,8,4,213.38575476866797,0.1289832444559679,sub-23,1.9999999999999996,33
WRONG,1.0000000194283172,0.9999999896312882,0.4716167924475809,8,4,46.18616475592985,0.23552593629297228,sub-23,2.0000000000000027,33
POP,1.0000000076699147,0.0,0.0,4,4,inf,0.0,sub-23,0.0,34
MATCH,1.0000000076699147,0.9999999896211276,0.8431420199970496,8,4,173.9610187279859,0.16390286279649718,sub-23,1.9999999999999996,34
WRONG,1.0000000076699147,0.999999996085675,0.7779106785190836,8,4,337.5457046585603,0.11673662972181557,sub-23,2.0000000000000004,34
POP,1.0000000076699147,0.0,0.0,4,4,inf,0.0,sub-21,0.0,35
MATCH,1.0000000076699147,0.9999999860988278,0.7014001832007642,8,4,124.26690543769578,0.17277653733569776,sub-21,2.0,35
WRONG,1.0000000076699147,0.9999999904206687,1.747981493549437,8,4,274.4082505624546,0.1165538050038414,sub-21,1.9999999999999996,35
POP,1.0000000076699147,0.0,0.0,4,4,inf,0.0,sub-23,0.0,36
MATCH,1.0000000076699147,0.9999999896211276,0.8431420199970496,8,4,173.9610187279859,0.16390286279649718,sub-23,1.9999999999999996,36
WRONG,1.0000000154574988,0.9999999924067241,0.622688803786186,8,4,248.94919060768376,0.11369118620877053,sub-23,2.0000000000000004,36
POP,1.000000009007,0.0,0.0,4,4,inf,0.0,sub-23,0.0,37
MATCH,1.000000009007,0.9999999957717131,0.9443827284822726,8,4,410.2284947340732,0.08712432876440898,sub-23,2.0000000000000004,37
WRONG,1.0000000220828928,0.9999999738591817,1.9673851389378705,8,4,381.11781235632463,0.09206739811340704,sub-23,2.0000000000000004,37
POP,1.0000000140682528,0.0,0.0,4,4,inf,0.0,sub-23,0.0,38
MATCH,1.0000000140682528,0.9999999871981075,1.8879224938251418,8,4,149.70464772672364,0.14163522010433166,sub-23,2.0,38
WRONG,1.0000000140682528,0.9999999856409417,1.0547895899706992,8,4,154.8815349507314,0.1738282780160595,sub-23,2.0,38
POP,1.0000000026905984,0.0,0.0,4,4,inf,0.0,sub-19,0.0,39
MATCH,1.0000000130310889,0.9999999860316154,0.4955914441699026,8,4,270.9439129131034,0.11129165790427493,sub-19,2.0000000000000004,39
WRONG,1.0000000104616746,0.9999999860316154,1.0101821417508394,8,4,51.411151896660535,0.25241487262467793,sub-19,2.0,39
POP,1.0000000140682528,0.0,0.0,4,4,inf,0.0,sub-21,0.0,40
MATCH,1.0000000140682528,0.9999999781822315,0.9510653649409527,8,4,83.7702598345432,0.20614356977988904,sub-21,2.000000000000001,40
WRONG,1.0000000140682528,0.9999999854879192,0.8779818243357189,8,4,2588.9430018674716,0.0356770307098044,sub-21,1.9999999999999998,40
POP,1.000000009007,0.0,0.0,4,4,inf,0.0,sub-23,0.0,41
MATCH,1.000000009007,0.9999999957717131,0.9443827284822726,8,4,410.2284947340732,0.08712432876440898,sub-23,2.0000000000000004,41
WRONG,1.0000000099994844,0.9999999837355485,0.6358387825750156,8,4,256.05666658763215,0.10582454027863765,sub-23,2.0000000000000004,41
POP,1.0000000076699147,0.0,0.0,4,4,inf,0.0,sub-23,0.0,42
MATCH,1.0000000076699147,0.9999999896211276,0.8431420199970496,8,4,173.9610187279859,0.16390286279649718,sub-23,1.9999999999999996,42
WRONG,1.0000000076699147,0.999999996085675,0.7779106785190836,8,4,337.5457046585603,0.11673662972181557,sub-23,2.0000000000000004,42
POP,1.0000000140682528,0.0,0.0,4,4,inf,0.0,sub-19,0.0,43
MATCH,1.0000000154067374,0.999999979382333,9.191067846738557,8,4,2474.2308682689677,0.040105594173803084,sub-19,2.0000000000000013,43
WRONG,1.0000000140682528,0.999999996427283,1.4646418395028398,8,4,268.3618175903571,0.11516264712065896,sub-19,1.9999999999999984,43
POP,1.000000009007,0.0,0.0,4,4,inf,0.0,sub-23,0.0,44
MATCH,1.000000009007,0.9999999957717131,0.9443827284822726,8,4,410.2284947340732,0.08712432876440898,sub-23,2.0000000000000004,44
WRONG,1.0000000220828928,0.9999999738591817,1.9673851389378705,8,4,381.11781235632463,0.09206739811340704,sub-23,2.0000000000000004,44
POP,1.000000021832848,0.0,0.0,4,4,inf,0.0,sub-19,0.0,45
MATCH,1.000000021832848,0.9999999860414915,0.9887513359071777,8,4,1366.6683922365714,0.05439105505399035,sub-19,1.9999999999999984,45
WRONG,1.000000021832848,0.999999976000785,7.016454624801908,8,4,166934.25342730532,0.005867758564427594,sub-19,1.9999999999999953,45
POP,1.0000000068762596,0.0,0.0,4,4,inf,0.0,sub-23,0.0,46
MATCH,1.0000000068762596,0.9999999886382606,0.8317739716207426,8,4,213.38575476866797,0.1289832444559679,sub-23,1.9999999999999996,46
WRONG,1.0000000069789736,0.9999999880942632,1.1511388656932418,8,4,161.87430194108438,0.1345942221885246,sub-23,1.9999999999999991,46
POP,1.0000000068762596,0.0,0.0,4,4,inf,0.0,sub-21,0.0,47
MATCH,1.0000000121525836,0.9999999980308398,0.4472046066618906,8,4,152.5442752433646,0.13152350149039405,sub-21,1.9999999999999998,47
WRONG,1.0000000069789736,0.9999999880942632,1.1511388656932418,8,4,161.87430194108438,0.1345942221885246,sub-21,1.9999999999999991,47
POP,1.000000021832848,0.0,0.0,4,4,inf,0.0,sub-23,0.0,48
MATCH,1.000000021832848,0.9999999860414915,1.0711198505957924,8,4,363.7831515650631,0.1107508108747096,sub-23,1.9999999999999991,48
WRONG,1.000000021832848,0.9999999860414915,0.9093154041044017,8,4,876.9753861424056,0.07276538334758373,sub-23,2.0,48
POP,1.000000009007,0.0,0.0,4,4,inf,0.0,sub-21,0.0,49
MATCH,1.0000000220828928,0.9999999738591817,1.9673851389378705,8,4,381.11781235632463,0.09206739811340704,sub-21,2.0000000000000004,49
WRONG,1.000000011657454,0.9999999903878556,1.1030750037491572,8,4,337.0152785981657,0.08433839636461588,sub-21,2.0000000000000004,49
POP,1.000000021832848,0.0,0.0,4,4,inf,0.0,sub-21,0.0,50
MATCH,1.00000002656461,0.9999999860414915,0.9034892364738969,8,4,1538.0241104809343,0.05548408776372519,sub-21,1.9999999999999996,50
WRONG,1.000000021832848,0.9999999825084939,1.0504727101826314,8,4,1263.4210455474026,0.05622617684602483,sub-21,2.0,50
POP,1.0000000076699147,0.0,0.0,4,4,inf,0.0,sub-21,0.0,51
MATCH,1.0000000076699147,0.9999999860988278,0.7014001832007642,8,4,124.26690543769578,0.17277653733569776,sub-21,2.0,51
WRONG,1.0000000076699147,0.999999992428836,0.541034985923439,8,4,158.24468529783928,0.1487614289755068,sub-21,1.9999999999999993,51
POP,1.0000000068762596,0.0,0.0,4,4,inf,0.0,sub-19,0.0,52
MATCH,1.0000000176155688,0.999999990598639,1.1804039833614868,8,4,124.43372895978739,0.17424411469320306,sub-19,1.9999999999999993,52
WRONG,1.0000000194283172,0.9999999896312882,0.4716167924475809,8,4,46.18616475592985,0.23552593629297228,sub-19,2.0000000000000027,52
POP,1.0000000068762596,0.0,0.0,4,4,inf,0.0,sub-23,0.0,53
MATCH,1.0000000068762596,0.9999999886382606,0.8317739716207426,8,4,213.38575476866797,0.1289832444559679,sub-23,1.9999999999999996,53
WRONG,1.0000000102830071,0.9999999786029037,0.554311476473517,8,4,297.04059724688324,0.09723936853569813,sub-23,2.0,53
POP,1.0000000026905984,0.0,0.0,4,4,inf,0.0,sub-23,0.0,54
MATCH,1.0000000145367893,0.9999999860316154,0.9316536602831268,8,4,335.2416624012699,0.11389855616708831,sub-23,2.0,54
WRONG,1.0000000139323395,0.9999999860316154,1.0426395301448694,8,4,207.94621616155683,0.11518064029072804,sub-23,2.000000000000001,54
POP,1.000000021832848,0.0,0.0,4,4,inf,0.0,sub-19,0.0,55
MATCH,1.000000021832848,0.9999999860414915,0.9887513359071777,8,4,1366.6683922365714,0.05439105505399035,sub-19,1.9999999999999984,55
WRONG,1.000000021832848,0.9999999860414915,0.9082876853610437,8,4,912.7926658306435,0.07214970921214027,sub-19,1.9999999999999993,55
POP,1.0000000068762596,0.0,0.0,4,4,inf,0.0,sub-19,0.0,56
MATCH,1.0000000176155688,0.999999990598639,1.1804039833614868,8,4,124.43372895978739,0.17424411469320306,sub-19,1.9999999999999993,56
WRONG,1.0000000194283172,0.9999999896312882,0.4716167924475809,8,4,46.18616475592985,0.23552593629297228,sub-19,2.0000000000000027,56
POP,1.000000021832848,0.0,0.0,4,4,inf,0.0,sub-21,0.0,57
MATCH,1.00000002656461,0.9999999860414915,0.9034892364738969,8,4,1538.0241104809343,0.05548408776372519,sub-21,1.9999999999999996,57
WRONG,1.000000021832848,0.9999999860414915,1.2010471621508112,8,4,428.3877515820865,0.09689632703949591,sub-21,1.9999999999999998,57
POP,1.0000000068762596,0.0,0.0,4,4,inf,0.0,sub-21,0.0,58
MATCH,1.0000000121525836,0.9999999980308398,0.4472046066618906,8,4,152.5442752433646,0.13152350149039405,sub-21,1.9999999999999998,58
WRONG,1.0000000068762596,0.9999999970890834,0.5968512428186826,8,4,195.72212911480338,0.1249404218992977,sub-21,1.9999999999999996,58
POP,1.0000000140682528,0.0,0.0,4,4,inf,0.0,sub-23,0.0,59
MATCH,1.0000000140682528,0.9999999871981075,1.8879224938251418,8,4,149.70464772672364,0.14163522010433166,sub-23,2.0,59
WRONG,1.000000025606972,1.0000000030506202,1.9357551388077712,8,4,967.1718403687318,0.062331699017743825,sub-23,1.9999999999999998,59
POP,1.000000021832848,0.0,0.0,4,4,inf,0.0,sub-23,0.0,60
MATCH,1.000000021832848,0.9999999860414915,1.0711198505957924,8,4,363.7831515650631,0.1107508108747096,sub-23,1.9999999999999991,60
WRONG,1.000000021832848,0.9999999860414915,0.9082876853610437,8,4,912.7926658306435,0.07214970921214027,sub-23,1.9999999999999993,60
POP,1.0000000068762596,0.0,0.0,4,4,inf,0.0,sub-21,0.0,61
MATCH,1.0000000121525836,0.9999999980308398,0.4472046066618906,8,4,152.5442752433646,0.13152350149039405,sub-21,1.9999999999999998,61
WRONG,1.0000000176155688,0.999999990598639,1.1804039833614868,8,4,124.43372895978739,0.17424411469320306,sub-21,1.9999999999999993,61
POP,1.0000000068762596,0.0,0.0,4,4,inf,0.0,sub-23,0.0,62
MATCH,1.0000000068762596,0.9999999886382606,0.8317739716207426,8,4,213.38575476866797,0.1289832444559679,sub-23,1.9999999999999996,62
WRONG,1.0000000090690093,0.9999999950094824,0.9891238663723244,8,4,66.2239727550164,0.20048798960510084,sub-23,2.0,62
POP,1.000000009007,0.0,0.0,4,4,inf,0.0,sub-23,0.0,63
MATCH,1.000000009007,0.9999999957717131,0.9443827284822726,8,4,410.2284947340732,0.08712432876440898,sub-23,2.0000000000000004,63
WRONG,1.0000000220828928,0.9999999738591817,1.9673851389378705,8,4,381.11781235632463,0.09206739811340704,sub-23,2.0000000000000004,63
POP,1.000000021832848,0.0,0.0,4,4,inf,0.0,sub-23,0.0,64
MATCH,1.000000021832848,0.9999999860414915,1.0711198505957924,8,4,363.7831515650631,0.1107508108747096,sub-23,1.9999999999999991,64
WRONG,1.000000021832848,0.9999999752682561,0.9007283821204992,8,4,2620.0126774400464,0.04379936109913962,sub-23,1.9999999999999987,64
POP,1.0000000068762596,0.0,0.0,4,4,inf,0.0,sub-23,0.0,65
MATCH,1.0000000068762596,0.9999999886382606,0.8317739716207426,8,4,213.38575476866797,0.1289832444559679,sub-23,1.9999999999999996,65
WRONG,1.0000000069789736,0.9999999880942632,1.1511388656932418,8,4,161.87430194108438,0.1345942221885246,sub-23,1.9999999999999991,65
POP,1.0000000068762596,0.0,0.0,4,4,inf,0.0,sub-23,0.0,66
MATCH,1.0000000068762596,0.9999999886382606,0.8317739716207426,8,4,213.38575476866797,0.1289832444559679,sub-23,1.9999999999999996,66
WRONG,1.0000000179624662,0.9999999904182776,2.8048662865532488,8,4,270.5725493267788,0.09750699278186795,sub-23,1.9999999999999993,66
POP,1.0000000140682528,0.0,0.0,4,4,inf,0.0,sub-19,0.0,67
MATCH,1.0000000154067374,0.999999979382333,9.191067846738557,8,4,2474.2308682689677,0.040105594173803084,sub-19,2.0000000000000013,67
WRONG,1.0000000140682528,0.9999999854879192,0.8779818243357189,8,4,2588.9430018674716,0.0356770307098044,sub-19,1.9999999999999998,67
POP,1.0000000076699147,0.0,0.0,4,4,inf,0.0,sub-19,0.0,68
MATCH,1.0000000076699147,0.999999996085675,0.7968887858552098,8,4,313.6986557286446,0.11013540351515773,sub-19,2.0000000000000004,68
WRONG,1.0000000076699147,0.9999999904206687,1.747981493549437,8,4,274.4082505624546,0.1165538050038414,sub-19,1.9999999999999996,68
POP,1.000000021832848,0.0,0.0,4,4,inf,0.0,sub-21,0.0,69
MATCH,1.00000002656461,0.9999999860414915,0.9034892364738969,8,4,1538.0241104809343,0.05548408776372519,sub-21,1.9999999999999996,69
WRONG,1.000000021832848,0.999999976000785,7.016454624801908,8,4,166934.25342730532,0.005867758564427594,sub-21,1.9999999999999953,69
POP,1.0000000076699147,0.0,0.0,4,4,inf,0.0,sub-19,0.0,70
MATCH,1.0000000076699147,0.999999996085675,0.7968887858552098,8,4,313.6986557286446,0.11013540351515773,sub-19,2.0000000000000004,70
WRONG,1.0000000260477604,0.9999999811340621,0.5095494001877987,8,4,611.2687897223788,0.0682560878769114,sub-19,1.9999999999999993,70
POP,1.0000000026905984,0.0,0.0,4,4,inf,0.0,sub-23,0.0,71
MATCH,1.0000000145367893,0.9999999860316154,0.9316536602831268,8,4,335.2416624012699,0.11389855616708831,sub-23,2.0,71
WRONG,1.0000000234838347,0.9999999860316154,2.569537467349523,8,4,2648.406565690522,0.041939338531102266,sub-23,2.0000000000000004,71
POP,1.0000000026905984,0.0,0.0,4,4,inf,0.0,sub-19,0.0,72
MATCH,1.0000000130310889,0.9999999860316154,0.4955914441699026,8,4,270.9439129131034,0.11129165790427493,sub-19,2.0000000000000004,72
WRONG,1.0000000145367893,0.9999999860316154,0.9316536602831268,8,4,335.2416624012699,0.11389855616708831,sub-19,2.0,72
POP,1.0000000140682528,0.0,0.0,4,4,inf,0.0,sub-21,0.0,73
MATCH,1.0000000140682528,0.9999999781822315,0.9510653649409527,8,4,83.7702598345432,0.20614356977988904,sub-21,2.000000000000001,73
WRONG,1.0000000140682528,0.9999999854879192,0.8779818243357189,8,4,2588.9430018674716,0.0356770307098044,sub-21,1.9999999999999998,73
POP,1.000000009007,0.0,0.0,4,4,inf,0.0,sub-21,0.0,74
MATCH,1.0000000220828928,0.9999999738591817,1.9673851389378705,8,4,381.11781235632463,0.09206739811340704,sub-21,2.0000000000000004,74
WRONG,1.0000000094648878,0.9999999957717131,1.6170387300025408,8,4,554.0794837316645,0.08071543086302795,sub-21,2.0,74
POP,1.0000000076699147,0.0,0.0,4,4,inf,0.0,sub-23,0.0,75
MATCH,1.0000000076699147,0.9999999896211276,0.8431420199970496,8,4,173.9610187279859,0.16390286279649718,sub-23,1.9999999999999996,75
WRONG,1.0000000097366104,0.999999994388949,0.5626369649377735,8,4,192.33278365918486,0.1443200606761422,sub-23,1.9999999999999987,75
POP,1.0000000140682528,0.0,0.0,4,4,inf,0.0,sub-23,0.0,76
MATCH,1.0000000140682528,0.9999999871981075,1.8879224938251418,8,4,149.70464772672364,0.14163522010433166,sub-23,2.0,76
WRONG,1.0000000140682528,0.9999999781822315,0.9510653649409527,8,4,83.7702598345432,0.20614356977988904,sub-23,2.000000000000001,76
POP,1.000000021832848,0.0,0.0,4,4,inf,0.0,sub-23,0.0,77
MATCH,1.000000021832848,0.9999999860414915,1.0711198505957924,8,4,363.7831515650631,0.1107508108747096,sub-23,1.9999999999999991,77
WRONG,1.000000021832848,0.9999999860414915,1.4332070117130087,8,4,1760.8344401927063,0.04401492816090667,sub-23,2.0000000000000013,77
POP,1.0000000068762596,0.0,0.0,4,4,inf,0.0,sub-21,0.0,78
MATCH,1.0000000121525836,0.9999999980308398,0.4472046066618906,8,4,152.5442752433646,0.13152350149039405,sub-21,1.9999999999999998,78
WRONG,1.0000000226440078,0.9999999899484577,0.6510918136317931,8,4,57.814510184227395,0.23229125374497825,sub-21,2.0,78
POP,1.0000000140682528,0.0,0.0,4,4,inf,0.0,sub-19,0.0,79
MATCH,1.0000000154067374,0.999999979382333,9.191067846738557,8,4,2474.2308682689677,0.040105594173803084,sub-19,2.0000000000000013,79
WRONG,1.0000000140682528,0.9999999854879192,0.8779818243357189,8,4,2588.9430018674716,0.0356770307098044,sub-19,1.9999999999999998,79
POP,1.0000000076699147,0.0,0.0,4,4,inf,0.0,sub-19,0.0,80
MATCH,1.0000000076699147,0.999999996085675,0.7968887858552098,8,4,313.6986557286446,0.11013540351515773,sub-19,2.0000000000000004,80
WRONG,1.0000000260477604,0.9999999811340621,0.5095494001877987,8,4,611.2687897223788,0.0682560878769114,sub-19,1.9999999999999993,80
POP,1.000000021832848,0.0,0.0,4,4,inf,0.0,sub-19,0.0,81
MATCH,1.000000021832848,0.9999999860414915,0.9887513359071777,8,4,1366.6683922365714,0.05439105505399035,sub-19,1.9999999999999984,81
WRONG,1.000000021832848,0.999999976000785,7.016454624801908,8,4,166934.25342730532,0.005867758564427594,sub-19,1.9999999999999953,81
POP,1.000000021832848,0.0,0.0,4,4,inf,0.0,sub-23,0.0,82
MATCH,1.000000021832848,0.9999999860414915,1.0711198505957924,8,4,363.7831515650631,0.1107508108747096,sub-23,1.9999999999999991,82
WRONG,1.000000021832848,0.9999999860414915,1.4332070117130087,8,4,1760.8344401927063,0.04401492816090667,sub-23,2.0000000000000013,82
POP,1.0000000026905984,0.0,0.0,4,4,inf,0.0,sub-21,0.0,83
MATCH,1.0000000234838347,0.9999999860316154,2.569537467349523,8,4,2648.406565690522,0.041939338531102266,sub-21,2.0000000000000004,83
WRONG,1.0000000145367893,0.9999999860316154,0.9316536602831268,8,4,335.2416624012699,0.11389855616708831,sub-21,2.0,83
POP,1.0000000076699147,0.0,0.0,4,4,inf,0.0,sub-21,0.0,84
MATCH,1.0000000076699147,0.9999999860988278,0.7014001832007642,8,4,124.26690543769578,0.17277653733569776,sub-21,2.0,84
WRONG,1.0000000076699147,0.9999999904206687,1.747981493549437,8,4,274.4082505624546,0.1165538050038414,sub-21,1.9999999999999996,84
POP,1.000000009007,0.0,0.0,4,4,inf,0.0,sub-19,0.0,85
MATCH,1.00000000987419,0.9999999940786962,0.7099207803145712,8,4,106.15419890981136,0.17336617469568946,sub-19,2.000000000000001,85
WRONG,1.000000009007,0.9999999957717131,0.9443827284822726,8,4,410.2284947340732,0.08712432876440898,sub-19,2.0000000000000004,85
POP,1.000000009007,0.0,0.0,4,4,inf,0.0,sub-21,0.0,86
MATCH,1.0000000220828928,0.9999999738591817,1.9673851389378705,8,4,381.11781235632463,0.09206739811340704,sub-21,2.0000000000000004,86
WRONG,1.00000000987419,0.9999999940786962,0.7099207803145712,8,4,106.15419890981136,0.17336617469568946,sub-21,2.000000000000001,86
POP,1.0000000140682528,0.0,0.0,4,4,inf,0.0,sub-23,0.0,87
MATCH,1.0000000140682528,0.9999999871981075,1.8879224938251418,8,4,149.70464772672364,0.14163522010433166,sub-23,2.0,87
WRONG,1.0000000140682528,0.9999999856409417,1.0547895899706992,8,4,154.8815349507314,0.1738282780160595,sub-23,2.0,87
POP,1.000000009007,0.0,0.0,4,4,inf,0.0,sub-21,0.0,88
MATCH,1.0000000220828928,0.9999999738591817,1.9673851389378705,8,4,381.11781235632463,0.09206739811340704,sub-21,2.0000000000000004,88
WRONG,1.000000009007,0.9999999925688294,0.956161340309307,8,4,123.99051347537358,0.1637975362369222,sub-21,2.0,88
POP,1.0000000140682528,0.0,0.0,4,4,inf,0.0,sub-19,0.0,89
MATCH,1.0000000154067374,0.999999979382333,9.191067846738557,8,4,2474.2308682689677,0.040105594173803084,sub-19,2.0000000000000013,89
WRONG,1.0000000140682528,0.9999999781822315,0.9510653649409527,8,4,83.7702598345432,0.20614356977988904,sub-19,2.000000000000001,89
POP,1.0000000076699147,0.0,0.0,4,4,inf,0.0,sub-19,0.0,90
MATCH,1.0000000076699147,0.999999996085675,0.7968887858552098,8,4,313.6986557286446,0.11013540351515773,sub-19,2.0000000000000004,90
WRONG,1.0000000076699147,0.9999999904206687,1.747981493549437,8,4,274.4082505624546,0.1165538050038414,sub-19,1.9999999999999996,90
POP,1.000000021832848,0.0,0.0,4,4,inf,0.0,sub-23,0.0,91
MATCH,1.000000021832848,0.9999999860414915,1.0711198505957924,8,4,363.7831515650631,0.1107508108747096,sub-23,1.9999999999999991,91
WRONG,1.000000021832848,0.9999999860414915,1.2010471621508112,8,4,428.3877515820865,0.09689632703949591,sub-23,1.9999999999999998,91
POP,1.000000021832848,0.0,0.0,4,4,inf,0.0,sub-23,0.0,92
MATCH,1.000000021832848,0.9999999860414915,1.0711198505957924,8,4,363.7831515650631,0.1107508108747096,sub-23,1.9999999999999991,92
WRONG,1.000000021832848,0.9999999860414915,1.4332070117130087,8,4,1760.8344401927063,0.04401492816090667,sub-23,2.0000000000000013,92
POP,1.000000021832848,0.0,0.0,4,4,inf,0.0,sub-19,0.0,93
MATCH,1.000000021832848,0.9999999860414915,0.9887513359071777,8,4,1366.6683922365714,0.05439105505399035,sub-19,1.9999999999999984,93
WRONG,1.000000021832848,0.9999999860414915,0.9082876853610437,8,4,912.7926658306435,0.07214970921214027,sub-19,1.9999999999999993,93
POP,1.0000000026905984,0.0,0.0,4,4,inf,0.0,sub-19,0.0,94
MATCH,1.0000000130310889,0.9999999860316154,0.4955914441699026,8,4,270.9439129131034,0.11129165790427493,sub-19,2.0000000000000004,94
WRONG,1.0000000069203965,0.9999999860316154,0.4999006488117813,8,4,114.4053415998639,0.16976709683688718,sub-19,1.9999999999999998,94
POP,1.0000000140682528,0.0,0.0,4,4,inf,0.0,sub-19,0.0,95
MATCH,1.0000000154067374,0.999999979382333,9.191067846738557,8,4,2474.2308682689677,0.040105594173803084,sub-19,2.0000000000000013,95
WRONG,1.0000000140682528,0.9999999781822315,0.9510653649409527,8,4,83.7702598345432,0.20614356977988904,sub-19,2.000000000000001,95
POP,1.000000021832848,0.0,0.0,4,4,inf,0.0,sub-21,0.0,96
MATCH,1.00000002656461,0.9999999860414915,0.9034892364738969,8,4,1538.0241104809343,0.05548408776372519,sub-21,1.9999999999999996,96
WRONG,1.000000021832848,0.9999999860414915,1.2010471621508112,8,4,428.3877515820865,0.09689632703949591,sub-21,1.9999999999999998,96
POP,1.0000000140682528,0.0,0.0,4,4,inf,0.0,sub-19,0.0,97
MATCH,1.0000000154067374,0.999999979382333,9.191067846738557,8,4,2474.2308682689677,0.040105594173803084,sub-19,2.0000000000000013,97
WRONG,1.0000000140682528,0.9999999854879192,0.8779818243357189,8,4,2588.9430018674716,0.0356770307098044,sub-19,1.9999999999999998,97
POP,1.0000000076699147,0.0,0.0,4,4,inf,0.0,sub-23,0.0,98
MATCH,1.0000000076699147,0.9999999896211276,0.8431420199970496,8,4,173.9610187279859,0.16390286279649718,sub-23,1.9999999999999996,98
WRONG,1.0000000106055542,0.999999993333354,0.593186064955922,8,4,2687.271772210756,0.03673456463976739,sub-23,1.9999999999999982,98
POP,1.000000021832848,0.0,0.0,4,4,inf,0.0,sub-19,0.0,99
MATCH,1.000000021832848,0.9999999860414915,0.9887513359071777,8,4,1366.6683922365714,0.05439105505399035,sub-19,1.9999999999999984,99
WRONG,1.000000021832848,0.9999999825084939,1.0504727101826314,8,4,1263.4210455474026,0.05622617684602483,sub-19,2.0,99
POP,1.0000000026905984,0.0,0.0,4,4,inf,0.0,sub-23,0.0,100
MATCH,1.0000000145367893,0.9999999860316154,0.9316536602831268,8,4,335.2416624012699,0.11389855616708831,sub-23,2.0,100
WRONG,1.0000000069203965,0.9999999860316154,0.4999006488117813,8,4,114.4053415998639,0.16976709683688718,sub-23,1.9999999999999998,100
POP,1.0000000026905984,0.0,0.0,4,4,inf,0.0,sub-19,0.0,101
MATCH,1.0000000130310889,0.9999999860316154,0.4955914441699026,8,4,270.9439129131034,0.11129165790427493,sub-19,2.0000000000000004,101
WRONG,1.0000000174778247,0.9999999825885539,1.1594766181396496,8,4,910.6320530385946,0.056530404890243004,sub-19,1.9999999999999998,101
POP,1.0000000026905984,0.0,0.0,4,4,inf,0.0,sub-21,0.0,102
MATCH,1.0000000234838347,0.9999999860316154,2.569537467349523,8,4,2648.406565690522,0.041939338531102266,sub-21,2.0000000000000004,102
WRONG,1.0000000104616746,0.9999999860316154,1.0101821417508394,8,4,51.411151896660535,0.25241487262467793,sub-21,2.0,102
POP,1.0000000026905984,0.0,0.0,4,4,inf,0.0,sub-21,0.0,103
MATCH,1.0000000234838347,0.9999999860316154,2.569537467349523,8,4,2648.406565690522,0.041939338531102266,sub-21,2.0000000000000004,103
WRONG,1.0000000147474652,0.9999999860316154,0.548186027895071,8,4,159.33920192101405,0.1393637422714992,sub-21,2.0000000000000004,103
POP,1.0000000026905984,0.0,0.0,4,4,inf,0.0,sub-19,0.0,104
MATCH,1.0000000130310889,0.9999999860316154,0.4955914441699026,8,4,270.9439129131034,0.11129165790427493,sub-19,2.0000000000000004,104
WRONG,1.0000000174778247,0.9999999825885539,1.1594766181396496,8,4,910.6320530385946,0.056530404890243004,sub-19,1.9999999999999998,104
POP,1.000000021832848,0.0,0.0,4,4,inf,0.0,sub-23,0.0,105
MATCH,1.000000021832848,0.9999999860414915,1.0711198505957924,8,4,363.7831515650631,0.1107508108747096,sub-23,1.9999999999999991,105
WRONG,1.000000021832848,0.9999999752682561,0.9007283821204992,8,4,2620.0126774400464,0.04379936109913962,sub-23,1.9999999999999987,105
POP,1.000000021832848,0.0,0.0,4,4,inf,0.0,sub-21,0.0,106
MATCH,1.00000002656461,0.9999999860414915,0.9034892364738969,8,4,1538.0241104809343,0.05548408776372519,sub-21,1.9999999999999996,106
WRONG,1.000000021832848,0.9999999860414915,1.4332070117130087,8,4,1760.8344401927063,0.04401492816090667,sub-21,2.0000000000000013,106
POP,1.000000009007,0.0,0.0,4,4,inf,0.0,sub-23,0.0,107
MATCH,1.000000009007,0.9999999957717131,0.9443827284822726,8,4,410.2284947340732,0.08712432876440898,sub-23,2.0000000000000004,107
WRONG,1.0000000220828928,0.9999999738591817,1.9673851389378705,8,4,381.11781235632463,0.09206739811340704,sub-23,2.0000000000000004,107
POP,1.0000000068762596,0.0,0.0,4,4,inf,0.0,sub-19,0.0,108
MATCH,1.0000000176155688,0.999999990598639,1.1804039833614868,8,4,124.43372895978739,0.17424411469320306,sub-19,1.9999999999999993,108
WRONG,1.0000000179624662,0.9999999904182776,2.8048662865532488,8,4,270.5725493267788,0.09750699278186795,sub-19,1.9999999999999993,108
POP,1.000000009007,0.0,0.0,4,4,inf,0.0,sub-23,0.0,109
MATCH,1.000000009007,0.9999999957717131,0.9443827284822726,8,4,410.2284947340732,0.08712432876440898,sub-23,2.0000000000000004,109
WRONG,1.0000000220828928,0.9999999738591817,1.9673851389378705,8,4,381.11781235632463,0.09206739811340704,sub-23,2.0000000000000004,109
POP,1.0000000026905984,0.0,0.0,4,4,inf,0.0,sub-21,0.0,110
MATCH,1.0000000234838347,0.9999999860316154,2.569537467349523,8,4,2648.406565690522,0.041939338531102266,sub-21,2.0000000000000004,110
WRONG,1.0000000139323395,0.9999999860316154,1.0426395301448694,8,4,207.94621616155683,0.11518064029072804,sub-21,2.000000000000001,110
POP,1.000000009007,0.0,0.0,4,4,inf,0.0,sub-19,0.0,111
MATCH,1.00000000987419,0.9999999940786962,0.7099207803145712,8,4,106.15419890981136,0.17336617469568946,sub-19,2.000000000000001,111
WRONG,1.0000000099994844,0.9999999837355485,0.6358387825750156,8,4,256.05666658763215,0.10582454027863765,sub-19,2.0000000000000004,111
POP,1.0000000140682528,0.0,0.0,4,4,inf,0.0,sub-23,0.0,112
MATCH,1.0000000140682528,0.9999999871981075,1.8879224938251418,8,4,149.70464772672364,0.14163522010433166,sub-23,2.0,112
WRONG,1.0000000140682528,0.999999996427283,1.4646418395028398,8,4,268.3618175903571,0.11516264712065896,sub-23,1.9999999999999984,112
POP,1.0000000140682528,0.0,0.0,4,4,inf,0.0,sub-23,0.0,113
MATCH,1.0000000140682528,0.9999999871981075,1.8879224938251418,8,4,149.70464772672364,0.14163522010433166,sub-23,2.0,113
WRONG,1.0000000140682528,0.9999999898608027,1.9498550648205695,8,4,87.93941258229212,0.20669963205961375,sub-23,2.000000000000001,113
POP,1.000000021832848,0.0,0.0,4,4,inf,0.0,sub-19,0.0,114
MATCH,1.000000021832848,0.9999999860414915,0.9887513359071777,8,4,1366.6683922365714,0.05439105505399035,sub-19,1.9999999999999984,114
WRONG,1.000000021832848,0.999999976000785,7.016454624801908,8,4,166934.25342730532,0.005867758564427594,sub-19,1.9999999999999953,114
POP,1.000000009007,0.0,0.0,4,4,inf,0.0,sub-23,0.0,115
MATCH,1.000000009007,0.9999999957717131,0.9443827284822726,8,4,410.2284947340732,0.08712432876440898,sub-23,2.0000000000000004,115
WRONG,1.0000000094648878,0.9999999957717131,1.6170387300025408,8,4,554.0794837316645,0.08071543086302795,sub-23,2.0,115
POP,1.000000021832848,0.0,0.0,4,4,inf,0.0,sub-19,0.0,116
MATCH,1.000000021832848,0.9999999860414915,0.9887513359071777,8,4,1366.6683922365714,0.05439105505399035,sub-19,1.9999999999999984,116
WRONG,1.000000021832848,0.9999999825084939,1.0504727101826314,8,4,1263.4210455474026,0.05622617684602483,sub-19,2.0,116
POP,1.0000000140682528,0.0,0.0,4,4,inf,0.0,sub-19,0.0,117
MATCH,1.0000000154067374,0.999999979382333,9.191067846738557,8,4,2474.2308682689677,0.040105594173803084,sub-19,2.0000000000000013,117
WRONG,1.0000000140682528,0.9999999781822315,0.9510653649409527,8,4,83.7702598345432,0.20614356977988904,sub-19,2.000000000000001,117
POP,1.0000000140682528,0.0,0.0,4,4,inf,0.0,sub-23,0.0,118
MATCH,1.0000000140682528,0.9999999871981075,1.8879224938251418,8,4,149.70464772672364,0.14163522010433166,sub-23,2.0,118
WRONG,1.0000000154067374,0.999999979382333,9.191067846738557,8,4,2474.2308682689677,0.040105594173803084,sub-23,2.0000000000000013,118
POP,1.0000000026905984,0.0,0.0,4,4,inf,0.0,sub-19,0.0,119
MATCH,1.0000000130310889,0.9999999860316154,0.4955914441699026,8,4,270.9439129131034,0.11129165790427493,sub-19,2.0000000000000004,119
WRONG,1.0000000215679654,0.9999999860316154,0.492020392718156,8,4,131.56566148697598,0.15203283688241467,sub-19,2.0000000000000004,119
POP,1.000000009007,0.0,0.0,4,4,inf,0.0,sub-19,0.0,120
MATCH,1.00000000987419,0.9999999940786962,0.7099207803145712,8,4,106.15419890981136,0.17336617469568946,sub-19,2.000000000000001,120
WRONG,1.0000000220828928,0.9999999738591817,1.9673851389378705,8,4,381.11781235632463,0.09206739811340704,sub-19,2.0000000000000004,120
POP,1.0000000026905984,0.0,0.0,4,4,inf,0.0,sub-23,0.0,121
MATCH,1.0000000145367893,0.9999999860316154,0.9316536602831268,8,4,335.2416624012699,0.11389855616708831,sub-23,2.0,121
WRONG,1.0000000273710863,0.9999999860316154,2.6986801395880518,8,4,2914.800487137342,0.03543653321207932,sub-23,1.9999999999999998,121
POP,1.0000000026905984,0.0,0.0,4,4,inf,0.0,sub-19,0.0,122
MATCH,1.0000000130310889,0.9999999860316154,0.4955914441699026,8,4,270.9439129131034,0.11129165790427493,sub-19,2.0000000000000004,122
WRONG,1.0000000069203965,0.9999999860316154,0.4999006488117813,8,4,114.4053415998639,0.16976709683688718,sub-19,1.9999999999999998,122
POP,1.000000009007,0.0,0.0,4,4,inf,0.0,sub-23,0.0,123
MATCH,1.000000009007,0.9999999957717131,0.9443827284822726,8,4,410.2284947340732,0.08712432876440898,sub-23,2.0000000000000004,123
WRONG,1.00000000987419,0.9999999940786962,0.7099207803145712,8,4,106.15419890981136,0.17336617469568946,sub-23,2.000000000000001,123
POP,1.000000021832848,0.0,0.0,4,4,inf,0.0,sub-23,0.0,124
MATCH,1.000000021832848,0.9999999860414915,1.0711198505957924,8,4,363.7831515650631,0.1107508108747096,sub-23,1.9999999999999991,124
WRONG,1.000000021832848,0.9999999860414915,1.2010471621508112,8,4,428.3877515820865,0.09689632703949591,sub-23,1.9999999999999998,124
POP,1.0000000026905984,0.0,0.0,4,4,inf,0.0,sub-21,0.0,125
MATCH,1.0000000234838347,0.9999999860316154,2.569537467349523,8,4,2648.406565690522,0.041939338531102266,sub-21,2.0000000000000004,125
WRONG,1.0000000084162393,0.9999999860316154,0.6171880321286511,8,4,1012.9339268278719,0.05516911819410316,sub-21,1.9999999999999984,125
POP,1.0000000076699147,0.0,0.0,4,4,inf,0.0,sub-19,0.0,126
MATCH,1.0000000076699147,0.999999996085675,0.7968887858552098,8,4,313.6986557286446,0.11013540351515773,sub-19,2.0000000000000004,126
WRONG,1.0000000106055542,0.999999993333354,0.593186064955922,8,4,2687.271772210756,0.03673456463976739,sub-19,1.9999999999999982,126
POP,1.0000000076699147,0.0,0.0,4,4,inf,0.0,sub-19,0.0,127
MATCH,1.0000000076699147,0.999999996085675,0.7968887858552098,8,4,313.6986557286446,0.11013540351515773,sub-19,2.0000000000000004,127
WRONG,1.0000000076699147,0.9999999860988278,0.7014001832007642,8,4,124.26690543769578,0.17277653733569776,sub-19,2.0,127
POP,1.000000009007,0.0,0.0,4,4,inf,0.0,sub-21,0.0,128
MATCH,1.0000000220828928,0.9999999738591817,1.9673851389378705,8,4,381.11781235632463,0.09206739811340704,sub-21,2.0000000000000004,128
WRONG,1.00000000987419,0.9999999940786962,0.7099207803145712,8,4,106.15419890981136,0.17336617469568946,sub-21,2.000000000000001,128
POP,1.0000000026905984,0.0,0.0,4,4,inf,0.0,sub-19,0.0,129
MATCH,1.0000000130310889,0.9999999860316154,0.4955914441699026,8,4,270.9439129131034,0.11129165790427493,sub-19,2.0000000000000004,129
WRONG,1.0000000072420643,0.9999999860316154,0.8503966228758578,8,4,115.08502902818813,0.14936675019599563,sub-19,2.000000000000001,129
POP,1.0000000026905984,0.0,0.0,4,4,inf,0.0,sub-21,0.0,130
MATCH,1.0000000234838347,0.9999999860316154,2.569537467349523,8,4,2648.406565690522,0.041939338531102266,sub-21,2.0000000000000004,130
WRONG,1.0000000072420643,0.9999999860316154,0.8503966228758578,8,4,115.08502902818813,0.14936675019599563,sub-21,2.000000000000001,130
POP,1.000000009007,0.0,0.0,4,4,inf,0.0,sub-21,0.0,131
MATCH,1.0000000220828928,0.9999999738591817,1.9673851389378705,8,4,381.11781235632463,0.09206739811340704,sub-21,2.0000000000000004,131
WRONG,1.000000009007,0.9999999957717131,0.9443827284822726,8,4,410.2284947340732,0.08712432876440898,sub-21,2.0000000000000004,131
POP,1.000000021832848,0.0,0.0,4,4,inf,0.0,sub-21,0.0,132
MATCH,1.00000002656461,0.9999999860414915,0.9034892364738969,8,4,1538.0241104809343,0.05548408776372519,sub-21,1.9999999999999996,132
WRONG,1.000000021832848,0.9999999860414915,0.9082876853610437,8,4,912.7926658306435,0.07214970921214027,sub-21,1.9999999999999993,132
POP,1.000000009007,0.0,0.0,4,4,inf,0.0,sub-21,0.0,133
MATCH,1.0000000220828928,0.9999999738591817,1.9673851389378705,8,4,381.11781235632463,0.09206739811340704,sub-21,2.0000000000000004,133
WRONG,1.0000000146651347,0.9999999945537472,1.5094460637508715,8,4,115.0564876994992,0.16106416619379452,sub-21,2.0000000000000004,133
POP,1.0000000140682528,0.0,0.0,4,4,inf,0.0,sub-23,0.0,134
MATCH,1.0000000140682528,0.9999999871981075,1.8879224938251418,8,4,149.70464772672364,0.14163522010433166,sub-23,2.0,134
WRONG,1.0000000140682528,0.9999999856409417,1.0547895899706992,8,4,154.8815349507314,0.1738282780160595,sub-23,2.0,134
POP,1.0000000076699147,0.0,0.0,4,4,inf,0.0,sub-23,0.0,135
MATCH,1.0000000076699147,0.9999999896211276,0.8431420199970496,8,4,173.9610187279859,0.16390286279649718,sub-23,1.9999999999999996,135
WRONG,1.0000000076699147,0.9999999949923156,0.9536335754416071,8,4,552.2651183698582,0.08604083929654037,sub-23,2.0000000000000004,135
POP,1.0000000026905984,0.0,0.0,4,4,inf,0.0,sub-21,0.0,136
MATCH,1.0000000234838347,0.9999999860316154,2.569537467349523,8,4,2648.406565690522,0.041939338531102266,sub-21,2.0000000000000004,136
WRONG,1.0000000072420643,0.9999999860316154,0.8503966228758578,8,4,115.08502902818813,0.14936675019599563,sub-21,2.000000000000001,136
POP,1.000000021832848,0.0,0.0,4,4,inf,0.0,sub-19,0.0,137
MATCH,1.000000021832848,0.9999999860414915,0.9887513359071777,8,4,1366.6683922365714,0.05439105505399035,sub-19,1.9999999999999984,137
WRONG,1.000000021832848,0.9999999825084939,1.0504727101826314,8,4,1263.4210455474026,0.05622617684602483,sub-19,2.0,137
POP,1.0000000026905984,0.0,0.0,4,4,inf,0.0,sub-21,0.0,138
MATCH,1.0000000234838347,0.9999999860316154,2.569537467349523,8,4,2648.406565690522,0.041939338531102266,sub-21,2.0000000000000004,138
WRONG,1.0000000139323395,0.9999999860316154,1.0426395301448694,8,4,207.94621616155683,0.11518064029072804,sub-21,2.000000000000001,138
POP,1.0000000026905984,0.0,0.0,4,4,inf,0.0,sub-23,0.0,139
MATCH,1.0000000145367893,0.9999999860316154,0.9316536602831268,8,4,335.2416624012699,0.11389855616708831,sub-23,2.0,139
WRONG,1.0000000234838347,0.9999999860316154,2.569537467349523,8,4,2648.406565690522,0.041939338531102266,sub-23,2.0000000000000004,139
POP,1.0000000140682528,0.0,0.0,4,4,inf,0.0,sub-19,0.0,140
MATCH,1.0000000154067374,0.999999979382333,9.191067846738557,8,4,2474.2308682689677,0.040105594173803084,sub-19,2.0000000000000013,140
WRONG,1.0000000140682528,0.9999999854879192,0.8779818243357189,8,4,2588.9430018674716,0.0356770307098044,sub-19,1.9999999999999998,140
POP,1.000000021832848,0.0,0.0,4,4,inf,0.0,sub-21,0.0,141
MATCH,1.00000002656461,0.9999999860414915,0.9034892364738969,8,4,1538.0241104809343,0.05548408776372519,sub-21,1.9999999999999996,141
WRONG,1.000000021832848,0.9999999860414915,0.9093154041044017,8,4,876.9753861424056,0.07276538334758373,sub-21,2.0,141
POP,1.0000000140682528,0.0,0.0,4,4,inf,0.0,sub-21,0.0,142
MATCH,1.0000000140682528,0.9999999781822315,0.9510653649409527,8,4,83.7702598345432,0.20614356977988904,sub-21,2.000000000000001,142
WRONG,1.0000000140682528,0.9999999871981075,1.8879224938251418,8,4,149.70464772672364,0.14163522010433166,sub-21,2.0,142
POP,1.000000009007,0.0,0.0,4,4,inf,0.0,sub-21,0.0,143
MATCH,1.0000000220828928,0.9999999738591817,1.9673851389378705,8,4,381.11781235632463,0.09206739811340704,sub-21,2.0000000000000004,143
WRONG,1.000000009007,0.9999999780947149,1.2208015049637084,8,4,293.0004364636244,0.09606569991020412,sub-21,1.9999999999999993,143
POP,1.0000000076699147,0.0,0.0,4,4,inf,0.0,sub-21,0.0,144
MATCH,1.0000000076699147,0.9999999860988278,0.7014001832007642,8,4,124.26690543769578,0.17277653733569776,sub-21,2.0,144
WRONG,1.0000000076699147,0.999999996085675,0.7779106785190836,8,4,337.5457046585603,0.11673662972181557,sub-21,2.0000000000000004,144
POP,1.000000009007,0.0,0.0,4,4,inf,0.0,sub-23,0.0,145
MATCH,1.000000009007,0.9999999957717131,0.9443827284822726,8,4,410.2284947340732,0.08712432876440898,sub-23,2.0000000000000004,145
WRONG,1.0000000220828928,0.9999999738591817,1.9673851389378705,8,4,381.11781235632463,0.09206739811340704,sub-23,2.0000000000000004,145
POP,1.0000000068762596,0.0,0.0,4,4,inf,0.0,sub-21,0.0,146
MATCH,1.0000000121525836,0.9999999980308398,0.4472046066618906,8,4,152.5442752433646,0.13152350149039405,sub-21,1.9999999999999998,146
WRONG,1.0000000226440078,0.9999999899484577,0.6510918136317931,8,4,57.814510184227395,0.23229125374497825,sub-21,2.0,146
POP,1.000000009007,0.0,0.0,4,4,inf,0.0,sub-19,0.0,147
MATCH,1.00000000987419,0.9999999940786962,0.7099207803145712,8,4,106.15419890981136,0.17336617469568946,sub-19,2.000000000000001,147
WRONG,1.000000011657454,0.9999999903878556,1.1030750037491572,8,4,337.0152785981657,0.08433839636461588,sub-19,2.0000000000000004,147
POP,1.0000000026905984,0.0,0.0,4,4,inf,0.0,sub-19,0.0,148
MATCH,1.0000000130310889,0.9999999860316154,0.4955914441699026,8,4,270.9439129131034,0.11129165790427493,sub-19,2.0000000000000004,148
WRONG,1.0000000084162393,0.9999999860316154,0.6171880321286511,8,4,1012.9339268278719,0.05516911819410316,sub-19,1.9999999999999984,148
POP,1.0000000068762596,0.0,0.0,4,4,inf,0.0,sub-21,0.0,149
MATCH,1.0000000121525836,0.9999999980308398,0.4472046066618906,8,4,152.5442752433646,0.13152350149039405,sub-21,1.9999999999999998,149
WRONG,1.0000000068762596,0.9999999886382606,0.8317739716207426,8,4,213.38575476866797,0.1289832444559679,sub-21,1.9999999999999996,149
POP,1.0000000140682528,0.0,0.0,4,4,inf,0.0,sub-23,0.0,150
MATCH,1.0000000140682528,0.9999999871981075,1.8879224938251418,8,4,149.70464772672364,0.14163522010433166,sub-23,2.0,150
WRONG,1.0000000140682528,0.9999999781822315,0.9510653649409527,8,4,83.7702598345432,0.20614356977988904,sub-23,2.000000000000001,150
POP,1.0000000076699147,0.0,0.0,4,4,inf,0.0,sub-21,0.0,151
MATCH,1.0000000076699147,0.9999999860988278,0.7014001832007642,8,4,124.26690543769578,0.17277653733569776,sub-21,2.0,151
WRONG,1.0000000076699147,0.9999999896211276,0.8431420199970496,8,4,173.9610187279859,0.16390286279649718,sub-21,1.9999999999999996,151
POP,1.0000000076699147,0.0,0.0,4,4,inf,0.0,sub-23,0.0,152
MATCH,1.0000000076699147,0.9999999896211276,0.8431420199970496,8,4,173.9610187279859,0.16390286279649718,sub-23,1.9999999999999996,152
WRONG,1.0000000260477604,0.9999999811340621,0.5095494001877987,8,4,611.2687897223788,0.0682560878769114,sub-23,1.9999999999999993,152
POP,1.0000000140682528,0.0,0.0,4,4,inf,0.0,sub-21,0.0,153
MATCH,1.0000000140682528,0.9999999781822315,0.9510653649409527,8,4,83.7702598345432,0.20614356977988904,sub-21,2.000000000000001,153
WRONG,1.000000025606972,1.0000000030506202,1.9357551388077712,8,4,967.1718403687318,0.062331699017743825,sub-21,1.9999999999999998,153
POP,1.0000000076699147,0.0,0.0,4,4,inf,0.0,sub-23,0.0,154
MATCH,1.0000000076699147,0.9999999896211276,0.8431420199970496,8,4,173.9610187279859,0.16390286279649718,sub-23,1.9999999999999996,154
WRONG,1.0000000154574988,0.9999999924067241,0.622688803786186,8,4,248.94919060768376,0.11369118620877053,sub-23,2.0000000000000004,154
POP,1.000000021832848,0.0,0.0,4,4,inf,0.0,sub-23,0.0,155
MATCH,1.000000021832848,0.9999999860414915,1.0711198505957924,8,4,363.7831515650631,0.1107508108747096,sub-23,1.9999999999999991,155
WRONG,1.000000021832848,0.999999976000785,7.016454624801908,8,4,166934.25342730532,0.005867758564427594,sub-23,1.9999999999999953,155
POP,1.0000000140682528,0.0,0.0,4,4,inf,0.0,sub-19,0.0,156
MATCH,1.0000000154067374,0.999999979382333,9.191067846738557,8,4,2474.2308682689677,0.040105594173803084,sub-19,2.0000000000000013,156
WRONG,1.0000000140682528,0.9999999871981075,1.8879224938251418,8,4,149.70464772672364,0.14163522010433166,sub-19,2.0,156
POP,1.0000000076699147,0.0,0.0,4,4,inf,0.0,sub-19,0.0,157
MATCH,1.0000000076699147,0.999999996085675,0.7968887858552098,8,4,313.6986557286446,0.11013540351515773,sub-19,2.0000000000000004,157
WRONG,1.0000000076699147,0.9999999949923156,0.9536335754416071,8,4,552.2651183698582,0.08604083929654037,sub-19,2.0000000000000004,157
POP,1.000000009007,0.0,0.0,4,4,inf,0.0,sub-21,0.0,158
MATCH,1.0000000220828928,0.9999999738591817,1.9673851389378705,8,4,381.11781235632463,0.09206739811340704,sub-21,2.0000000000000004,158
WRONG,1.0000000113876684,0.9999999943485472,2.722677420629353,8,4,146.18469533178478,0.14123880031468947,sub-21,2.0,158
POP,1.000000021832848,0.0,0.0,4,4,inf,0.0,sub-23,0.0,159
MATCH,1.000000021832848,0.9999999860414915,1.0711198505957924,8,4,363.7831515650631,0.1107508108747096,sub-23,1.9999999999999991,159
WRONG,1.000000021832848,0.999999976000785,7.016454624801908,8,4,166934.25342730532,0.005867758564427594,sub-23,1.9999999999999953,159
POP,1.0000000026905984,0.0,0.0,4,4,inf,0.0,sub-23,0.0,160
MATCH,1.0000000145367893,0.9999999860316154,0.9316536602831268,8,4,335.2416624012699,0.11389855616708831,sub-23,2.0,160
WRONG,1.0000000234838347,0.9999999860316154,2.569537467349523,8,4,2648.406565690522,0.041939338531102266,sub-23,2.0000000000000004,160
POP,1.0000000026905984,0.0,0.0,4,4,inf,0.0,sub-19,0.0,161
MATCH,1.0000000130310889,0.9999999860316154,0.4955914441699026,8,4,270.9439129131034,0.11129165790427493,sub-19,2.0000000000000004,161
WRONG,1.0000000069203965,0.9999999860316154,0.4999006488117813,8,4,114.4053415998639,0.16976709683688718,sub-19,1.9999999999999998,161
POP,1.000000009007,0.0,0.0,4,4,inf,0.0,sub-23,0.0,162
MATCH,1.000000009007,0.9999999957717131,0.9443827284822726,8,4,410.2284947340732,0.08712432876440898,sub-23,2.0000000000000004,162
WRONG,1.00000000987419,0.9999999940786962,0.7099207803145712,8,4,106.15419890981136,0.17336617469568946,sub-23,2.000000000000001,162
POP,1.000000009007,0.0,0.0,4,4,inf,0.0,sub-21,0.0,163
MATCH,1.0000000220828928,0.9999999738591817,1.9673851389378705,8,4,381.11781235632463,0.09206739811340704,sub-21,2.0000000000000004,163
WRONG,1.000000009007,0.9999999780947149,1.2208015049637084,8,4,293.0004364636244,0.09606569991020412,sub-21,1.9999999999999993,163
POP,1.000000009007,0.0,0.0,4,4,inf,0.0,sub-21,0.0,164
MATCH,1.0000000220828928,0.9999999738591817,1.9673851389378705,8,4,381.11781235632463,0.09206739811340704,sub-21,2.0000000000000004,164
WRONG,1.00000000987419,0.9999999940786962,0.7099207803145712,8,4,106.15419890981136,0.17336617469568946,sub-21,2.000000000000001,164
POP,1.0000000026905984,0.0,0.0,4,4,inf,0.0,sub-23,0.0,165
MATCH,1.0000000145367893,0.9999999860316154,0.9316536602831268,8,4,335.2416624012699,0.11389855616708831,sub-23,2.0,165
WRONG,1.0000000215679654,0.9999999860316154,0.492020392718156,8,4,131.56566148697598,0.15203283688241467,sub-23,2.0000000000000004,165
POP,1.0000000140682528,0.0,0.0,4,4,inf,0.0,sub-19,0.0,166
MATCH,1.0000000154067374,0.999999979382333,9.191067846738557,8,4,2474.2308682689677,0.040105594173803084,sub-19,2.0000000000000013,166
WRONG,1.0000000140682528,0.9999999857685329,3.7319519264533176,8,4,233.0058651678809,0.10522967436711571,sub-19,1.9999999999999996,166
POP,1.0000000076699147,0.0,0.0,4,4,inf,0.0,sub-19,0.0,167
MATCH,1.0000000076699147,0.999999996085675,0.7968887858552098,8,4,313.6986557286446,0.11013540351515773,sub-19,2.0000000000000004,167
WRONG,1.0000000154574988,0.9999999924067241,0.622688803786186,8,4,248.94919060768376,0.11369118620877053,sub-19,2.0000000000000004,167
POP,1.0000000140682528,0.0,0.0,4,4,inf,0.0,sub-21,0.0,168
MATCH,1.0000000140682528,0.9999999781822315,0.9510653649409527,8,4,83.7702598345432,0.20614356977988904,sub-21,2.000000000000001,168
WRONG,1.0000000140682528,0.999999996427283,1.4646418395028398,8,4,268.3618175903571,0.11516264712065896,sub-21,1.9999999999999984,168
POP,1.000000009007,0.0,0.0,4,4,inf,0.0,sub-23,0.0,169
MATCH,1.000000009007,0.9999999957717131,0.9443827284822726,8,4,410.2284947340732,0.08712432876440898,sub-23,2.0000000000000004,169
WRONG,1.000000011657454,0.9999999903878556,1.1030750037491572,8,4,337.0152785981657,0.08433839636461588,sub-23,2.0000000000000004,169
POP,1.000000021832848,0.0,0.0,4,4,inf,0.0,sub-21,0.0,170
MATCH,1.00000002656461,0.9999999860414915,0.9034892364738969,8,4,1538.0241104809343,0.05548408776372519,sub-21,1.9999999999999996,170
WRONG,1.000000021832848,0.9999999860414915,0.9093154041044017,8,4,876.9753861424056,0.07276538334758373,sub-21,2.0,170
POP,1.0000000026905984,0.0,0.0,4,4,inf,0.0,sub-23,0.0,171
MATCH,1.0000000145367893,0.9999999860316154,0.9316536602831268,8,4,335.2416624012699,0.11389855616708831,sub-23,2.0,171
WRONG,1.0000000130310889,0.9999999860316154,0.4955914441699026,8,4,270.9439129131034,0.11129165790427493,sub-23,2.0000000000000004,171
POP,1.0000000026905984,0.0,0.0,4,4,inf,0.0,sub-23,0.0,172
MATCH,1.0000000145367893,0.9999999860316154,0.9316536602831268,8,4,335.2416624012699,0.11389855616708831,sub-23,2.0,172
WRONG,1.0000000084162393,0.9999999860316154,0.6171880321286511,8,4,1012.9339268278719,0.05516911819410316,sub-23,1.9999999999999984,172
POP,1.0000000076699147,0.0,0.0,4,4,inf,0.0,sub-19,0.0,173
MATCH,1.0000000076699147,0.999999996085675,0.7968887858552098,8,4,313.6986557286446,0.11013540351515773,sub-19,2.0000000000000004,173
WRONG,1.0000000260477604,0.9999999811340621,0.5095494001877987,8,4,611.2687897223788,0.0682560878769114,sub-19,1.9999999999999993,173
POP,1.0000000076699147,0.0,0.0,4,4,inf,0.0,sub-19,0.0,174
MATCH,1.0000000076699147,0.999999996085675,0.7968887858552098,8,4,313.6986557286446,0.11013540351515773,sub-19,2.0000000000000004,174
WRONG,1.0000000076699147,0.9999999904206687,1.747981493549437,8,4,274.4082505624546,0.1165538050038414,sub-19,1.9999999999999996,174
POP,1.0000000076699147,0.0,0.0,4,4,inf,0.0,sub-21,0.0,175
MATCH,1.0000000076699147,0.9999999860988278,0.7014001832007642,8,4,124.26690543769578,0.17277653733569776,sub-21,2.0,175
WRONG,1.0000000076699147,0.9999999896211276,0.8431420199970496,8,4,173.9610187279859,0.16390286279649718,sub-21,1.9999999999999996,175
POP,1.000000009007,0.0,0.0,4,4,inf,0.0,sub-21,0.0,176
MATCH,1.0000000220828928,0.9999999738591817,1.9673851389378705,8,4,381.11781235632463,0.09206739811340704,sub-21,2.0000000000000004,176
WRONG,1.000000011657454,0.9999999903878556,1.1030750037491572,8,4,337.0152785981657,0.08433839636461588,sub-21,2.0000000000000004,176
POP,1.0000000076699147,0.0,0.0,4,4,inf,0.0,sub-23,0.0,177
MATCH,1.0000000076699147,0.9999999896211276,0.8431420199970496,8,4,173.9610187279859,0.16390286279649718,sub-23,1.9999999999999996,177
WRONG,1.0000000076699147,0.999999996085675,0.7779106785190836,8,4,337.5457046585603,0.11673662972181557,sub-23,2.0000000000000004,177
POP,1.0000000076699147,0.0,0.0,4,4,inf,0.0,sub-21,0.0,178
MATCH,1.0000000076699147,0.9999999860988278,0.7014001832007642,8,4,124.26690543769578,0.17277653733569776,sub-21,2.0,178
WRONG,1.0000000106055542,0.999999993333354,0.593186064955922,8,4,2687.271772210756,0.03673456463976739,sub-21,1.9999999999999982,178
POP,1.0000000076699147,0.0,0.0,4,4,inf,0.0,sub-21,0.0,179
MATCH,1.0000000076699147,0.9999999860988278,0.7014001832007642,8,4,124.26690543769578,0.17277653733569776,sub-21,2.0,179
WRONG,1.0000000154574988,0.9999999924067241,0.622688803786186,8,4,248.94919060768376,0.11369118620877053,sub-21,2.0000000000000004,179
POP,1.000000021832848,0.0,0.0,4,4,inf,0.0,sub-23,0.0,180
MATCH,1.000000021832848,0.9999999860414915,1.0711198505957924,8,4,363.7831515650631,0.1107508108747096,sub-23,1.9999999999999991,180
WRONG,1.0000000238508997,0.9999999860414915,0.9017690156718636,8,4,961.2179764955536,0.06996976306464649,sub-23,1.9999999999999996,180
POP,1.000000009007,0.0,0.0,4,4,inf,0.0,sub-23,0.0,181
MATCH,1.000000009007,0.9999999957717131,0.9443827284822726,8,4,410.2284947340732,0.08712432876440898,sub-23,2.0000000000000004,181
WRONG,1.000000016005119,0.9999999889397598,1.1692321730793305,8,4,91.96082629987822,0.15664854057006894,sub-23,1.9999999999999991,181
POP,1.0000000076699147,0.0,0.0,4,4,inf,0.0,sub-23,0.0,182
MATCH,1.0000000076699147,0.9999999896211276,0.8431420199970496,8,4,173.9610187279859,0.16390286279649718,sub-23,1.9999999999999996,182
WRONG,1.0000000106055542,0.999999993333354,0.593186064955922,8,4,2687.271772210756,0.03673456463976739,sub-23,1.9999999999999982,182
POP,1.0000000076699147,0.0,0.0,4,4,inf,0.0,sub-23,0.0,183
MATCH,1.0000000076699147,0.9999999896211276,0.8431420199970496,8,4,173.9610187279859,0.16390286279649718,sub-23,1.9999999999999996,183
WRONG,1.0000000076699147,0.9999999949923156,0.9536335754416071,8,4,552.2651183698582,0.08604083929654037,sub-23,2.0000000000000004,183
POP,1.0000000140682528,0.0,0.0,4,4,inf,0.0,sub-23,0.0,184
MATCH,1.0000000140682528,0.9999999871981075,1.8879224938251418,8,4,149.70464772672364,0.14163522010433166,sub-23,2.0,184
WRONG,1.0000000140682528,0.9999999898608027,1.9498550648205695,8,4,87.93941258229212,0.20669963205961375,sub-23,2.000000000000001,184
POP,1.0000000026905984,0.0,0.0,4,4,inf,0.0,sub-19,0.0,185
MATCH,1.0000000130310889,0.9999999860316154,0.4955914441699026,8,4,270.9439129131034,0.11129165790427493,sub-19,2.0000000000000004,185
WRONG,1.0000000139323395,0.9999999860316154,1.0426395301448694,8,4,207.94621616155683,0.11518064029072804,sub-19,2.000000000000001,185
POP,1.0000000076699147,0.0,0.0,4,4,inf,0.0,sub-23,0.0,186
MATCH,1.0000000076699147,0.9999999896211276,0.8431420199970496,8,4,173.9610187279859,0.16390286279649718,sub-23,1.9999999999999996,186
WRONG,1.0000000106055542,0.999999993333354,0.593186064955922,8,4,2687.271772210756,0.03673456463976739,sub-23,1.9999999999999982,186
POP,1.000000021832848,0.0,0.0,4,4,inf,0.0,sub-23,0.0,187
MATCH,1.000000021832848,0.9999999860414915,1.0711198505957924,8,4,363.7831515650631,0.1107508108747096,sub-23,1.9999999999999991,187
WRONG,1.0000000238508997,0.9999999860414915,0.9017690156718636,8,4,961.2179764955536,0.06996976306464649,sub-23,1.9999999999999996,187
POP,1.0000000076699147,0.0,0.0,4,4,inf,0.0,sub-23,0.0,188
MATCH,1.0000000076699147,0.9999999896211276,0.8431420199970496,8,4,173.9610187279859,0.16390286279649718,sub-23,1.9999999999999996,188
WRONG,1.0000000154574988,0.9999999924067241,0.622688803786186,8,4,248.94919060768376,0.11369118620877053,sub-23,2.0000000000000004,188
POP,1.0000000076699147,0.0,0.0,4,4,inf,0.0,sub-23,0.0,189
MATCH,1.0000000076699147,0.9999999896211276,0.8431420199970496,8,4,173.9610187279859,0.16390286279649718,sub-23,1.9999999999999996,189
WRONG,1.0000000076699147,0.9999999949923156,0.9536335754416071,8,4,552.2651183698582,0.08604083929654037,sub-23,2.0000000000000004,189
POP,1.0000000076699147,0.0,0.0,4,4,inf,0.0,sub-21,0.0,190
MATCH,1.0000000076699147,0.9999999860988278,0.7014001832007642,8,4,124.26690543769578,0.17277653733569776,sub-21,2.0,190
WRONG,1.0000000076699147,0.9999999949923156,0.9536335754416071,8,4,552.2651183698582,0.08604083929654037,sub-21,2.0000000000000004,190
POP,1.0000000026905984,0.0,0.0,4,4,inf,0.0,sub-19,0.0,191
MATCH,1.0000000130310889,0.9999999860316154,0.4955914441699026,8,4,270.9439129131034,0.11129165790427493,sub-19,2.0000000000000004,191
WRONG,1.0000000104616746,0.9999999860316154,1.0101821417508394,8,4,51.411151896660535,0.25241487262467793,sub-19,2.0,191
POP,1.0000000140682528,0.0,0.0,4,4,inf,0.0,sub-21,0.0,192
MATCH,1.0000000140682528,0.9999999781822315,0.9510653649409527,8,4,83.7702598345432,0.20614356977988904,sub-21,2.000000000000001,192
WRONG,1.000000015051025,1.0000000017831645,1.029592845193384,8,4,82.46978418648568,0.1845342587860509,sub-21,1.9999999999999993,192
POP,1.000000021832848,0.0,0.0,4,4,inf,0.0,sub-19,0.0,193
MATCH,1.000000021832848,0.9999999860414915,0.9887513359071777,8,4,1366.6683922365714,0.05439105505399035,sub-19,1.9999999999999984,193
WRONG,1.000000021832848,0.9999999752682561,0.9007283821204992,8,4,2620.0126774400464,0.04379936109913962,sub-19,1.9999999999999987,193
POP,1.0000000076699147,0.0,0.0,4,4,inf,0.0,sub-21,0.0,194
MATCH,1.0000000076699147,0.9999999860988278,0.7014001832007642,8,4,124.26690543769578,0.17277653733569776,sub-21,2.0,194
WRONG,1.0000000076699147,0.999999996085675,0.7968887858552098,8,4,313.6986557286446,0.11013540351515773,sub-21,2.0000000000000004,194
POP,1.0000000026905984,0.0,0.0,4,4,inf,0.0,sub-19,0.0,195
MATCH,1.0000000130310889,0.9999999860316154,0.4955914441699026,8,4,270.9439129131034,0.11129165790427493,sub-19,2.0000000000000004,195
WRONG,1.0000000139323395,0.9999999860316154,1.0426395301448694,8,4,207.94621616155683,0.11518064029072804,sub-19,2.000000000000001,195
POP,1.0000000068762596,0.0,0.0,4,4,inf,0.0,sub-19,0.0,196
MATCH,1.0000000176155688,0.999999990598639,1.1804039833614868,8,4,124.43372895978739,0.17424411469320306,sub-19,1.9999999999999993,196
WRONG,1.0000000082314597,0.9999999892631544,0.6406651854455518,8,4,232.59840221739842,0.1059721897428637,sub-19,1.9999999999999998,196
POP,1.0000000140682528,0.0,0.0,4,4,inf,0.0,sub-21,0.0,197
MATCH,1.0000000140682528,0.9999999781822315,0.9510653649409527,8,4,83.7702598345432,0.20614356977988904,sub-21,2.000000000000001,197
WRONG,1.0000000140682528,0.9999999871981075,1.8879224938251418,8,4,149.70464772672364,0.14163522010433166,sub-21,2.0,197
POP,1.000000021832848,0.0,0.0,4,4,inf,0.0,sub-21,0.0,198
MATCH,1.00000002656461,0.9999999860414915,0.9034892364738969,8,4,1538.0241104809343,0.05548408776372519,sub-21,1.9999999999999996,198
WRONG,1.000000021832848,0.9999999752682561,0.9007283821204992,8,4,2620.0126774400464,0.04379936109913962,sub-21,1.9999999999999987,198
POP,1.0000000068762596,0.0,0.0,4,4,inf,0.0,sub-21,0.0,199
MATCH,1.0000000121525836,0.9999999980308398,0.4472046066618906,8,4,152.5442752433646,0.13152350149039405,sub-21,1.9999999999999998,199
WRONG,1.0000000179624662,0.9999999904182776,2.8048662865532488,8,4,270.5725493267788,0.09750699278186795,sub-21,1.9999999999999993,199
POP,1.000000021832848,0.0,0.0,4,4,inf,0.0,sub-19,0.0,200
MATCH,1.000000021832848,0.9999999860414915,0.9887513359071777,8,4,1366.6683922365714,0.05439105505399035,sub-19,1.9999999999999984,200
WRONG,1.000000021832848,0.9999999860414915,0.9082876853610437,8,4,912.7926658306435,0.07214970921214027,sub-19,1.9999999999999993,200
POP,1.0000000068762596,0.0,0.0,4,4,inf,0.0,sub-21,0.0,201
MATCH,1.0000000121525836,0.9999999980308398,0.4472046066618906,8,4,152.5442752433646,0.13152350149039405,sub-21,1.9999999999999998,201
WRONG,1.0000000068762596,0.9999999909334313,0.7365924897098244,8,4,181.6303906552505,0.12978561305140945,sub-21,2.0000000000000004,201
POP,1.0000000068762596,0.0,0.0,4,4,inf,0.0,sub-23,0.0,202
MATCH,1.0000000068762596,0.9999999886382606,0.8317739716207426,8,4,213.38575476866797,0.1289832444559679,sub-23,1.9999999999999996,202
WRONG,1.0000000121525836,0.9999999980308398,0.4472046066618906,8,4,152.5442752433646,0.13152350149039405,sub-23,1.9999999999999998,202
POP,1.000000009007,0.0,0.0,4,4,inf,0.0,sub-23,0.0,203
MATCH,1.000000009007,0.9999999957717131,0.9443827284822726,8,4,410.2284947340732,0.08712432876440898,sub-23,2.0000000000000004,203
WRONG,1.000000011657454,0.9999999903878556,1.1030750037491572,8,4,337.0152785981657,0.08433839636461588,sub-23,2.0000000000000004,203
POP,1.0000000076699147,0.0,0.0,4,4,inf,0.0,sub-21,0.0,204
MATCH,1.0000000076699147,0.9999999860988278,0.7014001832007642,8,4,124.26690543769578,0.17277653733569776,sub-21,2.0,204
WRONG,1.0000000076699147,0.999999996085675,0.7968887858552098,8,4,313.6986557286446,0.11013540351515773,sub-21,2.0000000000000004,204
POP,1.000000021832848,0.0,0.0,4,4,inf,0.0,sub-21,0.0,205
MATCH,1.00000002656461,0.9999999860414915,0.9034892364738969,8,4,1538.0241104809343,0.05548408776372519,sub-21,1.9999999999999996,205
WRONG,1.000000021832848,0.999999976000785,7.016454624801908,8,4,166934.25342730532,0.005867758564427594,sub-21,1.9999999999999953,205
POP,1.0000000068762596,0.0,0.0,4,4,inf,0.0,sub-21,0.0,206
MATCH,1.0000000121525836,0.9999999980308398,0.4472046066618906,8,4,152.5442752433646,0.13152350149039405,sub-21,1.9999999999999998,206
WRONG,1.0000000068762596,0.9999999944594746,0.8293720588465745,8,4,124.6024268967509,0.15869110657565416,sub-21,2.000000000000001,206
POP,1.0000000140682528,0.0,0.0,4,4,inf,0.0,sub-21,0.0,207
MATCH,1.0000000140682528,0.9999999781822315,0.9510653649409527,8,4,83.7702598345432,0.20614356977988904,sub-21,2.000000000000001,207
WRONG,1.0000000140682528,0.9999999857685329,3.7319519264533176,8,4,233.0058651678809,0.10522967436711571,sub-21,1.9999999999999996,207
POP,1.000000009007,0.0,0.0,4,4,inf,0.0,sub-19,0.0,208
MATCH,1.00000000987419,0.9999999940786962,0.7099207803145712,8,4,106.15419890981136,0.17336617469568946,sub-19,2.000000000000001,208
WRONG,1.000000009007,0.9999999780947149,1.2208015049637084,8,4,293.0004364636244,0.09606569991020412,sub-19,1.9999999999999993,208
POP,1.000000021832848,0.0,0.0,4,4,inf,0.0,sub-21,0.0,209
MATCH,1.00000002656461,0.9999999860414915,0.9034892364738969,8,4,1538.0241104809343,0.05548408776372519,sub-21,1.9999999999999996,209
WRONG,1.000000021832848,0.9999999860414915,1.2010471621508112,8,4,428.3877515820865,0.09689632703949591,sub-21,1.9999999999999998,209
POP,1.0000000076699147,0.0,0.0,4,4,inf,0.0,sub-23,0.0,210
MATCH,1.0000000076699147,0.9999999896211276,0.8431420199970496,8,4,173.9610187279859,0.16390286279649718,sub-23,1.9999999999999996,210
WRONG,1.0000000076699147,0.9999999891740715,0.41995456385918045,8,4,87.8588325521873,0.19837787757788322,sub-23,1.9999999999999991,210
POP,1.0000000076699147,0.0,0.0,4,4,inf,0.0,sub-21,0.0,211
MATCH,1.0000000076699147,0.9999999860988278,0.7014001832007642,8,4,124.26690543769578,0.17277653733569776,sub-21,2.0,211
WRONG,1.0000000076699147,0.9999999896211276,0.8431420199970496,8,4,173.9610187279859,0.16390286279649718,sub-21,1.9999999999999996,211
POP,1.000000021832848,0.0,0.0,4,4,inf,0.0,sub-21,0.0,212
MATCH,1.00000002656461,0.9999999860414915,0.9034892364738969,8,4,1538.0241104809343,0.05548408776372519,sub-21,1.9999999999999996,212
WRONG,1.0000000238508997,0.9999999860414915,0.9017690156718636,8,4,961.2179764955536,0.06996976306464649,sub-21,1.9999999999999996,212
POP,1.000000021832848,0.0,0.0,4,4,inf,0.0,sub-21,0.0,213
MATCH,1.00000002656461,0.9999999860414915,0.9034892364738969,8,4,1538.0241104809343,0.05548408776372519,sub-21,1.9999999999999996,213
WRONG,1.000000021832848,0.9999999860414915,1.0711198505957924,8,4,363.7831515650631,0.1107508108747096,sub-21,1.9999999999999991,213
POP,1.000000009007,0.0,0.0,4,4,inf,0.0,sub-19,0.0,214
MATCH,1.00000000987419,0.9999999940786962,0.7099207803145712,8,4,106.15419890981136,0.17336617469568946,sub-19,2.000000000000001,214
WRONG,1.000000009007,0.9999999925688294,0.956161340309307,8,4,123.99051347537358,0.1637975362369222,sub-19,2.0,214
POP,1.000000009007,0.0,0.0,4,4,inf,0.0,sub-19,0.0,215
MATCH,1.00000000987419,0.9999999940786962,0.7099207803145712,8,4,106.15419890981136,0.17336617469568946,sub-19,2.000000000000001,215
WRONG,1.0000000220828928,0.9999999738591817,1.9673851389378705,8,4,381.11781235632463,0.09206739811340704,sub-19,2.0000000000000004,215
POP,1.0000000140682528,0.0,0.0,4,4,inf,0.0,sub-23,0.0,216
MATCH,1.0000000140682528,0.9999999871981075,1.8879224938251418,8,4,149.70464772672364,0.14163522010433166,sub-23,2.0,216
WRONG,1.0000000140682528,0.9999999781822315,0.9510653649409527,8,4,83.7702598345432,0.20614356977988904,sub-23,2.000000000000001,216
POP,1.0000000026905984,0.0,0.0,4,4,inf,0.0,sub-21,0.0,217
MATCH,1.0000000234838347,0.9999999860316154,2.569537467349523,8,4,2648.406565690522,0.041939338531102266,sub-21,2.0000000000000004,217
WRONG,1.0000000069203965,0.9999999860316154,0.4999006488117813,8,4,114.4053415998639,0.16976709683688718,sub-21,1.9999999999999998,217
POP,1.000000009007,0.0,0.0,4,4,inf,0.0,sub-23,0.0,218
MATCH,1.000000009007,0.9999999957717131,0.9443827284822726,8,4,410.2284947340732,0.08712432876440898,sub-23,2.0000000000000004,218
WRONG,1.000000013286122,0.999999985260044,0.7904718126291601,8,4,83.11853720840347,0.19582304330856057,sub-23,2.0,218
POP,1.000000021832848,0.0,0.0,4,4,inf,0.0,sub-23,0.0,219
MATCH,1.000000021832848,0.9999999860414915,1.0711198505957924,8,4,363.7831515650631,0.1107508108747096,sub-23,1.9999999999999991,219
WRONG,1.000000021832848,0.9999999860414915,1.4332070117130087,8,4,1760.8344401927063,0.04401492816090667,sub-23,2.0000000000000013,219
POP,1.000000021832848,0.0,0.0,4,4,inf,0.0,sub-23,0.0,220
MATCH,1.000000021832848,0.9999999860414915,1.0711198505957924,8,4,363.7831515650631,0.1107508108747096,sub-23,1.9999999999999991,220
WRONG,1.000000021832848,0.999999976000785,7.016454624801908,8,4,166934.25342730532,0.005867758564427594,sub-23,1.9999999999999953,220
POP,1.000000009007,0.0,0.0,4,4,inf,0.0,sub-21,0.0,221
MATCH,1.0000000220828928,0.9999999738591817,1.9673851389378705,8,4,381.11781235632463,0.09206739811340704,sub-21,2.0000000000000004,221
WRONG,1.000000009007,0.9999999925688294,0.956161340309307,8,4,123.99051347537358,0.1637975362369222,sub-21,2.0,221
POP,1.0000000068762596,0.0,0.0,4,4,inf,0.0,sub-19,0.0,222
MATCH,1.0000000176155688,0.999999990598639,1.1804039833614868,8,4,124.43372895978739,0.17424411469320306,sub-19,1.9999999999999993,222
WRONG,1.0000000194283172,0.9999999896312882,0.4716167924475809,8,4,46.18616475592985,0.23552593629297228,sub-19,2.0000000000000027,222
POP,1.000000009007,0.0,0.0,4,4,inf,0.0,sub-19,0.0,223
MATCH,1.00000000987419,0.9999999940786962,0.7099207803145712,8,4,106.15419890981136,0.17336617469568946,sub-19,2.000000000000001,223
WRONG,1.000000009007,0.9999999925688294,0.956161340309307,8,4,123.99051347537358,0.1637975362369222,sub-19,2.0,223
POP,1.0000000076699147,0.0,0.0,4,4,inf,0.0,sub-23,0.0,224
MATCH,1.0000000076699147,0.9999999896211276,0.8431420199970496,8,4,173.9610187279859,0.16390286279649718,sub-23,1.9999999999999996,224
WRONG,1.0000000076699147,0.9999999891740715,0.41995456385918045,8,4,87.8588325521873,0.19837787757788322,sub-23,1.9999999999999991,224
POP,1.0000000140682528,0.0,0.0,4,4,inf,0.0,sub-21,0.0,225
MATCH,1.0000000140682528,0.9999999781822315,0.9510653649409527,8,4,83.7702598345432,0.20614356977988904,sub-21,2.000000000000001,225
WRONG,1.000000015051025,1.0000000017831645,1.029592845193384,8,4,82.46978418648568,0.1845342587860509,sub-21,1.9999999999999993,225
POP,1.0000000076699147,0.0,0.0,4,4,inf,0.0,sub-23,0.0,226
MATCH,1.0000000076699147,0.9999999896211276,0.8431420199970496,8,4,173.9610187279859,0.16390286279649718,sub-23,1.9999999999999996,226
WRONG,1.0000000142945786,0.9999999854223287,0.8428592515531647,8,4,247.97101570979018,0.1171016832744295,sub-23,2.000000000000001,226
POP,1.000000009007,0.0,0.0,4,4,inf,0.0,sub-23,0.0,227
MATCH,1.000000009007,0.9999999957717131,0.9443827284822726,8,4,410.2284947340732,0.08712432876440898,sub-23,2.0000000000000004,227
WRONG,1.0000000113876684,0.9999999943485472,2.722677420629353,8,4,146.18469533178478,0.14123880031468947,sub-23,2.0,227
POP,1.000000021832848,0.0,0.0,4,4,inf,0.0,sub-21,0.0,228
MATCH,1.00000002656461,0.9999999860414915,0.9034892364738969,8,4,1538.0241104809343,0.05548408776372519,sub-21,1.9999999999999996,228
WRONG,1.000000021832848,0.999999976000785,7.016454624801908,8,4,166934.25342730532,0.005867758564427594,sub-21,1.9999999999999953,228
POP,1.0000000026905984,0.0,0.0,4,4,inf,0.0,sub-19,0.0,229
MATCH,1.0000000130310889,0.9999999860316154,0.4955914441699026,8,4,270.9439129131034,0.11129165790427493,sub-19,2.0000000000000004,229
WRONG,1.0000000147474652,0.9999999860316154,0.548186027895071,8,4,159.33920192101405,0.1393637422714992,sub-19,2.0000000000000004,229
POP,1.000000009007,0.0,0.0,4,4,inf,0.0,sub-19,0.0,230
MATCH,1.00000000987419,0.9999999940786962,0.7099207803145712,8,4,106.15419890981136,0.17336617469568946,sub-19,2.000000000000001,230
WRONG,1.000000016005119,0.9999999889397598,1.1692321730793305,8,4,91.96082629987822,0.15664854057006894,sub-19,1.9999999999999991,230
POP,1.0000000068762596,0.0,0.0,4,4,inf,0.0,sub-23,0.0,231
MATCH,1.0000000068762596,0.9999999886382606,0.8317739716207426,8,4,213.38575476866797,0.1289832444559679,sub-23,1.9999999999999996,231
WRONG,1.0000000176155688,0.999999990598639,1.1804039833614868,8,4,124.43372895978739,0.17424411469320306,sub-23,1.9999999999999993,231
POP,1.000000009007,0.0,0.0,4,4,inf,0.0,sub-23,0.0,232
MATCH,1.000000009007,0.9999999957717131,0.9443827284822726,8,4,410.2284947340732,0.08712432876440898,sub-23,2.0000000000000004,232
WRONG,1.000000016005119,0.9999999889397598,1.1692321730793305,8,4,91.96082629987822,0.15664854057006894,sub-23,1.9999999999999991,232
POP,1.0000000140682528,0.0,0.0,4,4,inf,0.0,sub-21,0.0,233
MATCH,1.0000000140682528,0.9999999781822315,0.9510653649409527,8,4,83.7702598345432,0.20614356977988904,sub-21,2.000000000000001,233
WRONG,1.0000000140682528,0.9999999856409417,1.0547895899706992,8,4,154.8815349507314,0.1738282780160595,sub-21,2.0,233
POP,1.0000000068762596,0.0,0.0,4,4,inf,0.0,sub-19,0.0,234
MATCH,1.0000000176155688,0.999999990598639,1.1804039833614868,8,4,124.43372895978739,0.17424411469320306,sub-19,1.9999999999999993,234
WRONG,1.0000000082314597,0.9999999892631544,0.6406651854455518,8,4,232.59840221739842,0.1059721897428637,sub-19,1.9999999999999998,234
POP,1.0000000076699147,0.0,0.0,4,4,inf,0.0,sub-21,0.0,235
MATCH,1.0000000076699147,0.9999999860988278,0.7014001832007642,8,4,124.26690543769578,0.17277653733569776,sub-21,2.0,235
WRONG,1.0000000076699147,0.9999999949923156,0.9536335754416071,8,4,552.2651183698582,0.08604083929654037,sub-21,2.0000000000000004,235
POP,1.000000021832848,0.0,0.0,4,4,inf,0.0,sub-23,0.0,236
MATCH,1.000000021832848,0.9999999860414915,1.0711198505957924,8,4,363.7831515650631,0.1107508108747096,sub-23,1.9999999999999991,236
WRONG,1.000000021832848,0.9999999860414915,0.9093154041044017,8,4,876.9753861424056,0.07276538334758373,sub-23,2.0,236
POP,1.0000000140682528,0.0,0.0,4,4,inf,0.0,sub-19,0.0,237
MATCH,1.0000000154067374,0.999999979382333,9.191067846738557,8,4,2474.2308682689677,0.040105594173803084,sub-19,2.0000000000000013,237
WRONG,1.0000000140682528,0.9999999856409417,1.0547895899706992,8,4,154.8815349507314,0.1738282780160595,sub-19,2.0,237
POP,1.0000000068762596,0.0,0.0,4,4,inf,0.0,sub-19,0.0,238
MATCH,1.0000000176155688,0.999999990598639,1.1804039833614868,8,4,124.43372895978739,0.17424411469320306,sub-19,1.9999999999999993,238
WRONG,1.0000000226440078,0.9999999899484577,0.6510918136317931,8,4,57.814510184227395,0.23229125374497825,sub-19,2.0,238
POP,1.0000000026905984,0.0,0.0,4,4,inf,0.0,sub-23,0.0,239
MATCH,1.0000000145367893,0.9999999860316154,0.9316536602831268,8,4,335.2416624012699,0.11389855616708831,sub-23,2.0,239
WRONG,1.0000000069203965,0.9999999860316154,0.4999006488117813,8,4,114.4053415998639,0.16976709683688718,sub-23,1.9999999999999998,239
POP,1.0000000140682528,0.0,0.0,4,4,inf,0.0,sub-21,0.0,240
MATCH,1.0000000140682528,0.9999999781822315,0.9510653649409527,8,4,83.7702598345432,0.20614356977988904,sub-21,2.000000000000001,240
WRONG,1.0000000140682528,0.9999999856409417,1.0547895899706992,8,4,154.8815349507314,0.1738282780160595,sub-21,2.0,240
POP,1.0000000076699147,0.0,0.0,4,4,inf,0.0,sub-23,0.0,241
MATCH,1.0000000076699147,0.9999999896211276,0.8431420199970496,8,4,173.9610187279859,0.16390286279649718,sub-23,1.9999999999999996,241
WRONG,1.0000000076699147,0.9999999949923156,0.9536335754416071,8,4,552.2651183698582,0.08604083929654037,sub-23,2.0000000000000004,241
POP,1.0000000140682528,0.0,0.0,4,4,inf,0.0,sub-19,0.0,242
MATCH,1.0000000154067374,0.999999979382333,9.191067846738557,8,4,2474.2308682689677,0.040105594173803084,sub-19,2.0000000000000013,242
WRONG,1.0000000140682528,0.9999999854879192,0.8779818243357189,8,4,2588.9430018674716,0.0356770307098044,sub-19,1.9999999999999998,242
POP,1.000000021832848,0.0,0.0,4,4,inf,0.0,sub-21,0.0,243
MATCH,1.00000002656461,0.9999999860414915,0.9034892364738969,8,4,1538.0241104809343,0.05548408776372519,sub-21,1.9999999999999996,243
WRONG,1.000000021832848,0.9999999825084939,1.0504727101826314,8,4,1263.4210455474026,0.05622617684602483,sub-21,2.0,243
POP,1.000000021832848,0.0,0.0,4,4,inf,0.0,sub-19,0.0,244
MATCH,1.000000021832848,0.9999999860414915,0.9887513359071777,8,4,1366.6683922365714,0.05439105505399035,sub-19,1.9999999999999984,244
WRONG,1.000000021832848,0.9999999860414915,0.9093154041044017,8,4,876.9753861424056,0.07276538334758373,sub-19,2.0,244
POP,1.000000009007,0.0,0.0,4,4,inf,0.0,sub-19,0.0,245
MATCH,1.00000000987419,0.9999999940786962,0.7099207803145712,8,4,106.15419890981136,0.17336617469568946,sub-19,2.000000000000001,245
WRONG,1.000000009007,0.9999999925688294,0.956161340309307,8,4,123.99051347537358,0.1637975362369222,sub-19,2.0,245
POP,1.000000009007,0.0,0.0,4,4,inf,0.0,sub-23,0.0,246
MATCH,1.000000009007,0.9999999957717131,0.9443827284822726,8,4,410.2284947340732,0.08712432876440898,sub-23,2.0000000000000004,246
WRONG,1.000000009007,0.9999999780947149,1.2208015049637084,8,4,293.0004364636244,0.09606569991020412,sub-23,1.9999999999999993,246
POP,1.000000009007,0.0,0.0,4,4,inf,0.0,sub-19,0.0,247
MATCH,1.00000000987419,0.9999999940786962,0.7099207803145712,8,4,106.15419890981136,0.17336617469568946,sub-19,2.000000000000001,247
WRONG,1.0000000146651347,0.9999999945537472,1.5094460637508715,8,4,115.0564876994992,0.16106416619379452,sub-19,2.0000000000000004,247
POP,1.0000000140682528,0.0,0.0,4,4,inf,0.0,sub-19,0.0,248
MATCH,1.0000000154067374,0.999999979382333,9.191067846738557,8,4,2474.2308682689677,0.040105594173803084,sub-19,2.0000000000000013,248
WRONG,1.0000000140682528,0.9999999856409417,1.0547895899706992,8,4,154.8815349507314,0.1738282780160595,sub-19,2.0,248
POP,1.000000009007,0.0,0.0,4,4,inf,0.0,sub-21,0.0,249
MATCH,1.0000000220828928,0.9999999738591817,1.9673851389378705,8,4,381.11781235632463,0.09206739811340704,sub-21,2.0000000000000004,249
WRONG,1.0000000099994844,0.9999999837355485,0.6358387825750156,8,4,256.05666658763215,0.10582454027863765,sub-21,2.0000000000000004,249
POP,1.000000021832848,0.0,0.0,4,4,inf,0.0,sub-19,0.0,250
MATCH,1.000000021832848,0.9999999860414915,0.9887513359071777,8,4,1366.6683922365714,0.05439105505399035,sub-19,1.9999999999999984,250
WRONG,1.00000002656461,0.9999999860414915,0.9034892364738969,8,4,1538.0241104809343,0.05548408776372519,sub-19,1.9999999999999996,250
POP,1.0000000140682528,0.0,0.0,4,4,inf,0.0,sub-21,0.0,251
MATCH,1.0000000140682528,0.9999999781822315,0.9510653649409527,8,4,83.7702598345432,0.20614356977988904,sub-21,2.000000000000001,251
WRONG,1.000000015051025,1.0000000017831645,1.029592845193384,8,4,82.46978418648568,0.1845342587860509,sub-21,1.9999999999999993,251
POP,1.0000000068762596,0.0,0.0,4,4,inf,0.0,sub-23,0.0,252
MATCH,1.0000000068762596,0.9999999886382606,0.8317739716207426,8,4,213.38575476866797,0.1289832444559679,sub-23,1.9999999999999996,252
WRONG,1.0000000090690093,0.9999999950094824,0.9891238663723244,8,4,66.2239727550164,0.20048798960510084,sub-23,2.0,252
POP,1.0000000026905984,0.0,0.0,4,4,inf,0.0,sub-23,0.0,253
MATCH,1.0000000145367893,0.9999999860316154,0.9316536602831268,8,4,335.2416624012699,0.11389855616708831,sub-23,2.0,253
WRONG,1.0000000069203965,0.9999999860316154,0.4999006488117813,8,4,114.4053415998639,0.16976709683688718,sub-23,1.9999999999999998,253
POP,1.0000000068762596,0.0,0.0,4,4,inf,0.0,sub-21,0.0,254
MATCH,1.0000000121525836,0.9999999980308398,0.4472046066618906,8,4,152.5442752433646,0.13152350149039405,sub-21,1.9999999999999998,254
WRONG,1.0000000226440078,0.9999999899484577,0.6510918136317931,8,4,57.814510184227395,0.23229125374497825,sub-21,2.0,254
POP,1.000000009007,0.0,0.0,4,4,inf,0.0,sub-21,0.0,255
MATCH,1.0000000220828928,0.9999999738591817,1.9673851389378705,8,4,381.11781235632463,0.09206739811340704,sub-21,2.0000000000000004,255
WRONG,1.0000000113876684,0.9999999943485472,2.722677420629353,8,4,146.18469533178478,0.14123880031468947,sub-21,2.0,255
POP,1.000000021832848,0.0,0.0,4,4,inf,0.0,sub-23,0.0,256
MATCH,1.000000021832848,0.9999999860414915,1.0711198505957924,8,4,363.7831515650631,0.1107508108747096,sub-23,1.9999999999999991,256
WRONG,1.0000000238508997,0.9999999860414915,0.9017690156718636,8,4,961.2179764955536,0.06996976306464649,sub-23,1.9999999999999996,256
POP,1.0000000076699147,0.0,0.0,4,4,inf,0.0,sub-19,0.0,257
MATCH,1.0000000076699147,0.999999996085675,0.7968887858552098,8,4,313.6986557286446,0.11013540351515773,sub-19,2.0000000000000004,257
WRONG,1.0000000106055542,0.999999993333354,0.593186064955922,8,4,2687.271772210756,0.03673456463976739,sub-19,1.9999999999999982,257
POP,1.0000000068762596,0.0,0.0,4,4,inf,0.0,sub-21,0.0,258
MATCH,1.0000000121525836,0.9999999980308398,0.4472046066618906,8,4,152.5442752433646,0.13152350149039405,sub-21,1.9999999999999998,258
WRONG,1.0000000176155688,0.999999990598639,1.1804039833614868,8,4,124.43372895978739,0.17424411469320306,sub-21,1.9999999999999993,258
POP,1.0000000140682528,0.0,0.0,4,4,inf,0.0,sub-19,0.0,259
MATCH,1.0000000154067374,0.999999979382333,9.191067846738557,8,4,2474.2308682689677,0.040105594173803084,sub-19,2.0000000000000013,259
WRONG,1.0000000140682528,0.9999999856409417,1.0547895899706992,8,4,154.8815349507314,0.1738282780160595,sub-19,2.0,259
POP,1.000000021832848,0.0,0.0,4,4,inf,0.0,sub-23,0.0,260
MATCH,1.000000021832848,0.9999999860414915,1.0711198505957924,8,4,363.7831515650631,0.1107508108747096,sub-23,1.9999999999999991,260
WRONG,1.000000021832848,0.9999999860414915,1.0736817804162933,8,4,259.16650714923975,0.1280626071333732,sub-23,2.0000000000000004,260
POP,1.000000021832848,0.0,0.0,4,4,inf,0.0,sub-21,0.0,261
MATCH,1.00000002656461,0.9999999860414915,0.9034892364738969,8,4,1538.0241104809343,0.05548408776372519,sub-21,1.9999999999999996,261
WRONG,1.000000021832848,0.9999999860414915,0.9093154041044017,8,4,876.9753861424056,0.07276538334758373,sub-21,2.0,261
POP,1.000000009007,0.0,0.0,4,4,inf,0.0,sub-19,0.0,262
MATCH,1.00000000987419,0.9999999940786962,0.7099207803145712,8,4,106.15419890981136,0.17336617469568946,sub-19,2.000000000000001,262
WRONG,1.000000011657454,0.9999999903878556,1.1030750037491572,8,4,337.0152785981657,0.08433839636461588,sub-19,2.0000000000000004,262
POP,1.000000021832848,0.0,0.0,4,4,inf,0.0,sub-23,0.0,263
MATCH,1.000000021832848,0.9999999860414915,1.0711198505957924,8,4,363.7831515650631,0.1107508108747096,sub-23,1.9999999999999991,263
WRONG,1.000000021832848,0.9999999752682561,0.9007283821204992,8,4,2620.0126774400464,0.04379936109913962,sub-23,1.9999999999999987,263
POP,1.0000000026905984,0.0,0.0,4,4,inf,0.0,sub-23,0.0,264
MATCH,1.0000000145367893,0.9999999860316154,0.9316536602831268,8,4,335.2416624012699,0.11389855616708831,sub-23,2.0,264
WRONG,1.0000000130310889,0.9999999860316154,0.4955914441699026,8,4,270.9439129131034,0.11129165790427493,sub-23,2.0000000000000004,264
POP,1.0000000076699147,0.0,0.0,4,4,inf,0.0,sub-21,0.0,265
MATCH,1.0000000076699147,0.9999999860988278,0.7014001832007642,8,4,124.26690543769578,0.17277653733569776,sub-21,2.0,265
WRONG,1.0000000154574988,0.9999999924067241,0.622688803786186,8,4,248.94919060768376,0.11369118620877053,sub-21,2.0000000000000004,265
POP,1.0000000068762596,0.0,0.0,4,4,inf,0.0,sub-21,0.0,266
MATCH,1.0000000121525836,0.9999999980308398,0.4472046066618906,8,4,152.5442752433646,0.13152350149039405,sub-21,1.9999999999999998,266
WRONG,1.0000000176155688,0.999999990598639,1.1804039833614868,8,4,124.43372895978739,0.17424411469320306,sub-21,1.9999999999999993,266
POP,1.000000021832848,0.0,0.0,4,4,inf,0.0,sub-23,0.0,267
MATCH,1.000000021832848,0.9999999860414915,1.0711198505957924,8,4,363.7831515650631,0.1107508108747096,sub-23,1.9999999999999991,267
WRONG,1.000000021832848,0.999999976000785,7.016454624801908,8,4,166934.25342730532,0.005867758564427594,sub-23,1.9999999999999953,267
POP,1.0000000068762596,0.0,0.0,4,4,inf,0.0,sub-21,0.0,268
MATCH,1.0000000121525836,0.9999999980308398,0.4472046066618906,8,4,152.5442752433646,0.13152350149039405,sub-21,1.9999999999999998,268
WRONG,1.0000000226440078,0.9999999899484577,0.6510918136317931,8,4,57.814510184227395,0.23229125374497825,sub-21,2.0,268
POP,1.0000000140682528,0.0,0.0,4,4,inf,0.0,sub-19,0.0,269
MATCH,1.0000000154067374,0.999999979382333,9.191067846738557,8,4,2474.2308682689677,0.040105594173803084,sub-19,2.0000000000000013,269
WRONG,1.0000000140682528,0.9999999857685329,3.7319519264533176,8,4,233.0058651678809,0.10522967436711571,sub-19,1.9999999999999996,269
POP,1.0000000076699147,0.0,0.0,4,4,inf,0.0,sub-19,0.0,270
MATCH,1.0000000076699147,0.999999996085675,0.7968887858552098,8,4,313.6986557286446,0.11013540351515773,sub-19,2.0000000000000004,270
WRONG,1.0000000097366104,0.999999994388949,0.5626369649377735,8,4,192.33278365918486,0.1443200606761422,sub-19,1.9999999999999987,270
POP,1.0000000076699147,0.0,0.0,4,4,inf,0.0,sub-21,0.0,271
MATCH,1.0000000076699147,0.9999999860988278,0.7014001832007642,8,4,124.26690543769578,0.17277653733569776,sub-21,2.0,271
WRONG,1.0000000097366104,0.999999994388949,0.5626369649377735,8,4,192.33278365918486,0.1443200606761422,sub-21,1.9999999999999987,271
POP,1.000000021832848,0.0,0.0,4,4,inf,0.0,sub-23,0.0,272
MATCH,1.000000021832848,0.9999999860414915,1.0711198505957924,8,4,363.7831515650631,0.1107508108747096,sub-23,1.9999999999999991,272
WRONG,1.000000021832848,0.999999976000785,7.016454624801908,8,4,166934.25342730532,0.005867758564427594,sub-23,1.9999999999999953,272
POP,1.000000009007,0.0,0.0,4,4,inf,0.0,sub-21,0.0,273
MATCH,1.0000000220828928,0.9999999738591817,1.9673851389378705,8,4,381.11781235632463,0.09206739811340704,sub-21,2.0000000000000004,273
WRONG,1.000000009007,0.9999999780947149,1.2208015049637084,8,4,293.0004364636244,0.09606569991020412,sub-21,1.9999999999999993,273
POP,1.000000021832848,0.0,0.0,4,4,inf,0.0,sub-21,0.0,274
MATCH,1.00000002656461,0.9999999860414915,0.9034892364738969,8,4,1538.0241104809343,0.05548408776372519,sub-21,1.9999999999999996,274
WRONG,1.000000021832848,0.9999999860414915,1.4332070117130087,8,4,1760.8344401927063,0.04401492816090667,sub-21,2.0000000000000013,274
POP,1.000000009007,0.0,0.0,4,4,inf,0.0,sub-19,0.0,275
MATCH,1.00000000987419,0.9999999940786962,0.7099207803145712,8,4,106.15419890981136,0.17336617469568946,sub-19,2.000000000000001,275
WRONG,1.000000009007,0.9999999957717131,0.9443827284822726,8,4,410.2284947340732,0.08712432876440898,sub-19,2.0000000000000004,275
POP,1.000000021832848,0.0,0.0,4,4,inf,0.0,sub-23,0.0,276
MATCH,1.000000021832848,0.9999999860414915,1.0711198505957924,8,4,363.7831515650631,0.1107508108747096,sub-23,1.9999999999999991,276
WRONG,1.000000021832848,0.999999976000785,7.016454624801908,8,4,166934.25342730532,0.005867758564427594,sub-23,1.9999999999999953,276
POP,1.0000000068762596,0.0,0.0,4,4,inf,0.0,sub-21,0.0,277
MATCH,1.0000000121525836,0.9999999980308398,0.4472046066618906,8,4,152.5442752433646,0.13152350149039405,sub-21,1.9999999999999998,277
WRONG,1.0000000090690093,0.9999999950094824,0.9891238663723244,8,4,66.2239727550164,0.20048798960510084,sub-21,2.0,277
POP,1.000000009007,0.0,0.0,4,4,inf,0.0,sub-19,0.0,278
MATCH,1.00000000987419,0.9999999940786962,0.7099207803145712,8,4,106.15419890981136,0.17336617469568946,sub-19,2.000000000000001,278
WRONG,1.0000000146651347,0.9999999945537472,1.5094460637508715,8,4,115.0564876994992,0.16106416619379452,sub-19,2.0000000000000004,278
POP,1.0000000026905984,0.0,0.0,4,4,inf,0.0,sub-23,0.0,279
MATCH,1.0000000145367893,0.9999999860316154,0.9316536602831268,8,4,335.2416624012699,0.11389855616708831,sub-23,2.0,279
WRONG,1.0000000151758384,0.9999999860316154,0.5031263053243539,8,4,281.62279504300534,0.10729155134396137,sub-23,2.0,279
POP,1.0000000026905984,0.0,0.0,4,4,inf,0.0,sub-21,0.0,280
MATCH,1.0000000234838347,0.9999999860316154,2.569537467349523,8,4,2648.406565690522,0.041939338531102266,sub-21,2.0000000000000004,280
WRONG,1.0000000145367893,0.9999999860316154,0.9316536602831268,8,4,335.2416624012699,0.11389855616708831,sub-21,2.0,280
POP,1.0000000026905984,0.0,0.0,4,4,inf,0.0,sub-21,0.0,281
MATCH,1.0000000234838347,0.9999999860316154,2.569537467349523,8,4,2648.406565690522,0.041939338531102266,sub-21,2.0000000000000004,281
WRONG,1.0000000072420643,0.9999999860316154,0.8503966228758578,8,4,115.08502902818813,0.14936675019599563,sub-21,2.000000000000001,281
POP,1.0000000068762596,0.0,0.0,4,4,inf,0.0,sub-19,0.0,282
MATCH,1.0000000176155688,0.999999990598639,1.1804039833614868,8,4,124.43372895978739,0.17424411469320306,sub-19,1.9999999999999993,282
WRONG,1.0000000068762596,0.9999999970890834,0.5968512428186826,8,4,195.72212911480338,0.1249404218992977,sub-19,1.9999999999999996,282
POP,1.000000009007,0.0,0.0,4,4,inf,0.0,sub-19,0.0,283
MATCH,1.00000000987419,0.9999999940786962,0.7099207803145712,8,4,106.15419890981136,0.17336617469568946,sub-19,2.000000000000001,283
WRONG,1.0000000099994844,0.9999999837355485,0.6358387825750156,8,4,256.05666658763215,0.10582454027863765,sub-19,2.0000000000000004,283
POP,1.000000021832848,0.0,0.0,4,4,inf,0.0,sub-21,0.0,284
MATCH,1.00000002656461,0.9999999860414915,0.9034892364738969,8,4,1538.0241104809343,0.05548408776372519,sub-21,1.9999999999999996,284
WRONG,1.000000021832848,0.9999999860414915,0.9887513359071777,8,4,1366.6683922365714,0.05439105505399035,sub-21,1.9999999999999984,284
POP,1.0000000140682528,0.0,0.0,4,4,inf,0.0,sub-19,0.0,285
MATCH,1.0000000154067374,0.999999979382333,9.191067846738557,8,4,2474.2308682689677,0.040105594173803084,sub-19,2.0000000000000013,285
WRONG,1.0000000140682528,0.9999999871981075,1.8879224938251418,8,4,149.70464772672364,0.14163522010433166,sub-19,2.0,285
POP,1.0000000140682528,0.0,0.0,4,4,inf,0.0,sub-21,0.0,286
MATCH,1.0000000140682528,0.9999999781822315,0.9510653649409527,8,4,83.7702598345432,0.20614356977988904,sub-21,2.000000000000001,286
WRONG,1.0000000140682528,0.9999999856409417,1.0547895899706992,8,4,154.8815349507314,0.1738282780160595,sub-21,2.0,286
POP,1.000000009007,0.0,0.0,4,4,inf,0.0,sub-23,0.0,287
MATCH,1.000000009007,0.9999999957717131,0.9443827284822726,8,4,410.2284947340732,0.08712432876440898,sub-23,2.0000000000000004,287
WRONG,1.0000000220828928,0.9999999738591817,1.9673851389378705,8,4,381.11781235632463,0.09206739811340704,sub-23,2.0000000000000004,287
POP,1.0000000076699147,0.0,0.0,4,4,inf,0.0,sub-19,0.0,288
MATCH,1.0000000076699147,0.999999996085675,0.7968887858552098,8,4,313.6986557286446,0.11013540351515773,sub-19,2.0000000000000004,288
WRONG,1.0000000076699147,0.9999999896211276,0.8431420199970496,8,4,173.9610187279859,0.16390286279649718,sub-19,1.9999999999999996,288
POP,1.0000000068762596,0.0,0.0,4,4,inf,0.0,sub-19,0.0,289
MATCH,1.0000000176155688,0.999999990598639,1.1804039833614868,8,4,124.43372895978739,0.17424411469320306,sub-19,1.9999999999999993,289
WRONG,1.0000000102830071,0.9999999786029037,0.554311476473517,8,4,297.04059724688324,0.09723936853569813,sub-19,2.0,289
POP,1.0000000140682528,0.0,0.0,4,4,inf,0.0,sub-21,0.0,290
MATCH,1.0000000140682528,0.9999999781822315,0.9510653649409527,8,4,83.7702598345432,0.20614356977988904,sub-21,2.000000000000001,290
WRONG,1.0000000140682528,0.9999999857685329,3.7319519264533176,8,4,233.0058651678809,0.10522967436711571,sub-21,1.9999999999999996,290
POP,1.0000000068762596,0.0,0.0,4,4,inf,0.0,sub-23,0.0,291
MATCH,1.0000000068762596,0.9999999886382606,0.8317739716207426,8,4,213.38575476866797,0.1289832444559679,sub-23,1.9999999999999996,291
WRONG,1.0000000068762596,0.9999999970890834,0.5968512428186826,8,4,195.72212911480338,0.1249404218992977,sub-23,1.9999999999999996,291
POP,1.0000000076699147,0.0,0.0,4,4,inf,0.0,sub-19,0.0,292
MATCH,1.0000000076699147,0.999999996085675,0.7968887858552098,8,4,313.6986557286446,0.11013540351515773,sub-19,2.0000000000000004,292
WRONG,1.0000000076699147,0.999999992428836,0.541034985923439,8,4,158.24468529783928,0.1487614289755068,sub-19,1.9999999999999993,292
POP,1.0000000026905984,0.0,0.0,4,4,inf,0.0,sub-21,0.0,293
MATCH,1.0000000234838347,0.9999999860316154,2.569537467349523,8,4,2648.406565690522,0.041939338531102266,sub-21,2.0000000000000004,293
WRONG,1.0000000174778247,0.9999999825885539,1.1594766181396496,8,4,910.6320530385946,0.056530404890243004,sub-21,1.9999999999999998,293
POP,1.000000021832848,0.0,0.0,4,4,inf,0.0,sub-23,0.0,294
MATCH,1.000000021832848,0.9999999860414915,1.0711198505957924,8,4,363.7831515650631,0.1107508108747096,sub-23,1.9999999999999991,294
WRONG,1.000000021832848,0.9999999860414915,1.4332070117130087,8,4,1760.8344401927063,0.04401492816090667,sub-23,2.0000000000000013,294
POP,1.0000000068762596,0.0,0.0,4,4,inf,0.0,sub-21,0.0,295
MATCH,1.0000000121525836,0.9999999980308398,0.4472046066618906,8,4,152.5442752433646,0.13152350149039405,sub-21,1.9999999999999998,295
WRONG,1.0000000069789736,0.9999999880942632,1.1511388656932418,8,4,161.87430194108438,0.1345942221885246,sub-21,1.9999999999999991,295
POP,1.0000000068762596,0.0,0.0,4,4,inf,0.0,sub-23,0.0,296
MATCH,1.0000000068762596,0.9999999886382606,0.8317739716207426,8,4,213.38575476866797,0.1289832444559679,sub-23,1.9999999999999996,296
WRONG,1.0000000090690093,0.9999999950094824,0.9891238663723244,8,4,66.2239727550164,0.20048798960510084,sub-23,2.0,296
POP,1.000000009007,0.0,0.0,4,4,inf,0.0,sub-23,0.0,297
MATCH,1.000000009007,0.9999999957717131,0.9443827284822726,8,4,410.2284947340732,0.08712432876440898,sub-23,2.0000000000000004,297
WRONG,1.000000016005119,0.9999999889397598,1.1692321730793305,8,4,91.96082629987822,0.15664854057006894,sub-23,1.9999999999999991,297
POP,1.0000000026905984,0.0,0.0,4,4,inf,0.0,sub-21,0.0,298
MATCH,1.0000000234838347,0.9999999860316154,2.569537467349523,8,4,2648.406565690522,0.041939338531102266,sub-21,2.0000000000000004,298
WRONG,1.0000000215679654,0.9999999860316154,0.492020392718156,8,4,131.56566148697598,0.15203283688241467,sub-21,2.0000000000000004,298
POP,1.0000000076699147,0.0,0.0,4,4,inf,0.0,sub-23,0.0,299
MATCH,1.0000000076699147,0.9999999896211276,0.8431420199970496,8,4,173.9610187279859,0.16390286279649718,sub-23,1.9999999999999996,299
WRONG,1.0000000142945786,0.9999999854223287,0.8428592515531647,8,4,247.97101570979018,0.1171016832744295,sub-23,2.000000000000001,299
POP,1.0000000068762596,0.0,0.0,4,4,inf,0.0,sub-23,0.0,300
MATCH,1.0000000068762596,0.9999999886382606,0.8317739716207426,8,4,213.38575476866797,0.1289832444559679,sub-23,1.9999999999999996,300
WRONG,1.0000000090690093,0.9999999950094824,0.9891238663723244,8,4,66.2239727550164,0.20048798960510084,sub-23,2.0,300
POP,1.000000009007,0.0,0.0,4,4,inf,0.0,sub-23,0.0,301
MATCH,1.000000009007,0.9999999957717131,0.9443827284822726,8,4,410.2284947340732,0.08712432876440898,sub-23,2.0000000000000004,301
WRONG,1.0000000124023523,0.9999999921114505,1.0882166664342479,8,4,89.85323449014261,0.21198892045200637,sub-23,1.9999999999999993,301
POP,1.000000009007,0.0,0.0,4,4,inf,0.0,sub-21,0.0,302
MATCH,1.0000000220828928,0.9999999738591817,1.9673851389378705,8,4,381.11781235632463,0.09206739811340704,sub-21,2.0000000000000004,302
WRONG,1.000000013286122,0.999999985260044,0.7904718126291601,8,4,83.11853720840347,0.19582304330856057,sub-21,2.0,302
POP,1.000000009007,0.0,0.0,4,4,inf,0.0,sub-19,0.0,303
MATCH,1.00000000987419,0.9999999940786962,0.7099207803145712,8,4,106.15419890981136,0.17336617469568946,sub-19,2.000000000000001,303
WRONG,1.0000000220828928,0.9999999738591817,1.9673851389378705,8,4,381.11781235632463,0.09206739811340704,sub-19,2.0000000000000004,303
POP,1.000000009007,0.0,0.0,4,4,inf,0.0,sub-19,0.0,304
MATCH,1.00000000987419,0.9999999940786962,0.7099207803145712,8,4,106.15419890981136,0.17336617469568946,sub-19,2.000000000000001,304
WRONG,1.000000016005119,0.9999999889397598,1.1692321730793305,8,4,91.96082629987822,0.15664854057006894,sub-19,1.9999999999999991,304
POP,1.000000021832848,0.0,0.0,4,4,inf,0.0,sub-19,0.0,305
MATCH,1.000000021832848,0.9999999860414915,0.9887513359071777,8,4,1366.6683922365714,0.05439105505399035,sub-19,1.9999999999999984,305
WRONG,1.000000021832848,0.9999999860414915,1.2010471621508112,8,4,428.3877515820865,0.09689632703949591,sub-19,1.9999999999999998,305
POP,1.0000000026905984,0.0,0.0,4,4,inf,0.0,sub-23,0.0,306
MATCH,1.0000000145367893,0.9999999860316154,0.9316536602831268,8,4,335.2416624012699,0.11389855616708831,sub-23,2.0,306
WRONG,1.0000000084162393,0.9999999860316154,0.6171880321286511,8,4,1012.9339268278719,0.05516911819410316,sub-23,1.9999999999999984,306
POP,1.0000000140682528,0.0,0.0,4,4,inf,0.0,sub-23,0.0,307
MATCH,1.0000000140682528,0.9999999871981075,1.8879224938251418,8,4,149.70464772672364,0.14163522010433166,sub-23,2.0,307
WRONG,1.0000000140682528,0.9999999781822315,0.9510653649409527,8,4,83.7702598345432,0.20614356977988904,sub-23,2.000000000000001,307
POP,1.0000000140682528,0.0,0.0,4,4,inf,0.0,sub-23,0.0,308
MATCH,1.0000000140682528,0.9999999871981075,1.8879224938251418,8,4,149.70464772672364,0.14163522010433166,sub-23,2.0,308
WRONG,1.000000025606972,1.0000000030506202,1.9357551388077712,8,4,967.1718403687318,0.062331699017743825,sub-23,1.9999999999999998,308
POP,1.0000000026905984,0.0,0.0,4,4,inf,0.0,sub-19,0.0,309
MATCH,1.0000000130310889,0.9999999860316154,0.4955914441699026,8,4,270.9439129131034,0.11129165790427493,sub-19,2.0000000000000004,309
WRONG,1.0000000273710863,0.9999999860316154,2.6986801395880518,8,4,2914.800487137342,0.03543653321207932,sub-19,1.9999999999999998,309
POP,1.000000021832848,0.0,0.0,4,4,inf,0.0,sub-23,0.0,310
MATCH,1.000000021832848,0.9999999860414915,1.0711198505957924,8,4,363.7831515650631,0.1107508108747096,sub-23,1.9999999999999991,310
WRONG,1.000000021832848,0.9999999752682561,0.9007283821204992,8,4,2620.0126774400464,0.04379936109913962,sub-23,1.9999999999999987,310
POP,1.000000021832848,0.0,0.0,4,4,inf,0.0,sub-21,0.0,311
MATCH,1.00000002656461,0.9999999860414915,0.9034892364738969,8,4,1538.0241104809343,0.05548408776372519,sub-21,1.9999999999999996,311
WRONG,1.0000000238508997,0.9999999860414915,0.9017690156718636,8,4,961.2179764955536,0.06996976306464649,sub-21,1.9999999999999996,311
POP,1.0000000068762596,0.0,0.0,4,4,inf,0.0,sub-23,0.0,312
MATCH,1.0000000068762596,0.9999999886382606,0.8317739716207426,8,4,213.38575476866797,0.1289832444559679,sub-23,1.9999999999999996,312
WRONG,1.0000000176155688,0.999999990598639,1.1804039833614868,8,4,124.43372895978739,0.17424411469320306,sub-23,1.9999999999999993,312
POP,1.000000009007,0.0,0.0,4,4,inf,0.0,sub-21,0.0,313
MATCH,1.0000000220828928,0.9999999738591817,1.9673851389378705,8,4,381.11781235632463,0.09206739811340704,sub-21,2.0000000000000004,313
WRONG,1.000000016005119,0.9999999889397598,1.1692321730793305,8,4,91.96082629987822,0.15664854057006894,sub-21,1.9999999999999991,313
POP,1.0000000076699147,0.0,0.0,4,4,inf,0.0,sub-21,0.0,314
MATCH,1.0000000076699147,0.9999999860988278,0.7014001832007642,8,4,124.26690543769578,0.17277653733569776,sub-21,2.0,314
WRONG,1.0000000076699147,0.999999996085675,0.7779106785190836,8,4,337.5457046585603,0.11673662972181557,sub-21,2.0000000000000004,314
POP,1.0000000076699147,0.0,0.0,4,4,inf,0.0,sub-23,0.0,315
MATCH,1.0000000076699147,0.9999999896211276,0.8431420199970496,8,4,173.9610187279859,0.16390286279649718,sub-23,1.9999999999999996,315
WRONG,1.0000000076699147,0.9999999860988278,0.7014001832007642,8,4,124.26690543769578,0.17277653733569776,sub-23,2.0,315
POP,1.0000000140682528,0.0,0.0,4,4,inf,0.0,sub-23,0.0,316
MATCH,1.0000000140682528,0.9999999871981075,1.8879224938251418,8,4,149.70464772672364,0.14163522010433166,sub-23,2.0,316
WRONG,1.0000000154067374,0.999999979382333,9.191067846738557,8,4,2474.2308682689677,0.040105594173803084,sub-23,2.0000000000000013,316
POP,1.0000000140682528,0.0,0.0,4,4,inf,0.0,sub-23,0.0,317
MATCH,1.0000000140682528,0.9999999871981075,1.8879224938251418,8,4,149.70464772672364,0.14163522010433166,sub-23,2.0,317
WRONG,1.0000000140682528,0.9999999781822315,0.9510653649409527,8,4,83.7702598345432,0.20614356977988904,sub-23,2.000000000000001,317
POP,1.000000009007,0.0,0.0,4,4,inf,0.0,sub-21,0.0,318
MATCH,1.0000000220828928,0.9999999738591817,1.9673851389378705,8,4,381.11781235632463,0.09206739811340704,sub-21,2.0000000000000004,318
WRONG,1.0000000094648878,0.9999999957717131,1.6170387300025408,8,4,554.0794837316645,0.08071543086302795,sub-21,2.0,318
POP,1.0000000140682528,0.0,0.0,4,4,inf,0.0,sub-23,0.0,319
MATCH,1.0000000140682528,0.9999999871981075,1.8879224938251418,8,4,149.70464772672364,0.14163522010433166,sub-23,2.0,319
WRONG,1.0000000140682528,0.999999996427283,1.4646418395028398,8,4,268.3618175903571,0.11516264712065896,sub-23,1.9999999999999984,319
POP,1.0000000140682528,0.0,0.0,4,4,inf,0.0,sub-21,0.0,320
MATCH,1.0000000140682528,0.9999999781822315,0.9510653649409527,8,4,83.7702598345432,0.20614356977988904,sub-21,2.000000000000001,320
WRONG,1.0000000154067374,0.999999979382333,9.191067846738557,8,4,2474.2308682689677,0.040105594173803084,sub-21,2.0000000000000013,320
POP,1.000000021832848,0.0,0.0,4,4,inf,0.0,sub-19,0.0,321
MATCH,1.000000021832848,0.9999999860414915,0.9887513359071777,8,4,1366.6683922365714,0.05439105505399035,sub-19,1.9999999999999984,321
WRONG,1.000000021832848,0.9999999860414915,1.2010471621508112,8,4,428.3877515820865,0.09689632703949591,sub-19,1.9999999999999998,321
POP,1.0000000068762596,0.0,0.0,4,4,inf,0.0,sub-19,0.0,322
MATCH,1.0000000176155688,0.999999990598639,1.1804039833614868,8,4,124.43372895978739,0.17424411469320306,sub-19,1.9999999999999993,322
WRONG,1.0000000069789736,0.9999999880942632,1.1511388656932418,8,4,161.87430194108438,0.1345942221885246,sub-19,1.9999999999999991,322
POP,1.0000000140682528,0.0,0.0,4,4,inf,0.0,sub-23,0.0,323
MATCH,1.0000000140682528,0.9999999871981075,1.8879224938251418,8,4,149.70464772672364,0.14163522010433166,sub-23,2.0,323
WRONG,1.0000000140682528,0.9999999882142657,1.028967581536753,8,4,142.00659556352633,0.14422734254527023,sub-23,2.0,323
POP,1.0000000068762596,0.0,0.0,4,4,inf,0.0,sub-23,0.0,324
MATCH,1.0000000068762596,0.9999999886382606,0.8317739716207426,8,4,213.38575476866797,0.1289832444559679,sub-23,1.9999999999999996,324
WRONG,1.0000000194283172,0.9999999896312882,0.4716167924475809,8,4,46.18616475592985,0.23552593629297228,sub-23,2.0000000000000027,324
POP,1.0000000026905984,0.0,0.0,4,4,inf,0.0,sub-23,0.0,325
MATCH,1.0000000145367893,0.9999999860316154,0.9316536602831268,8,4,335.2416624012699,0.11389855616708831,sub-23,2.0,325
WRONG,1.0000000130310889,0.9999999860316154,0.4955914441699026,8,4,270.9439129131034,0.11129165790427493,sub-23,2.0000000000000004,325
POP,1.000000021832848,0.0,0.0,4,4,inf,0.0,sub-21,0.0,326
MATCH,1.00000002656461,0.9999999860414915,0.9034892364738969,8,4,1538.0241104809343,0.05548408776372519,sub-21,1.9999999999999996,326
WRONG,1.000000021832848,0.9999999860414915,1.0711198505957924,8,4,363.7831515650631,0.1107508108747096,sub-21,1.9999999999999991,326
POP,1.0000000068762596,0.0,0.0,4,4,inf,0.0,sub-23,0.0,327
MATCH,1.0000000068762596,0.9999999886382606,0.8317739716207426,8,4,213.38575476866797,0.1289832444559679,sub-23,1.9999999999999996,327
WRONG,1.0000000176155688,0.999999990598639,1.1804039833614868,8,4,124.43372895978739,0.17424411469320306,sub-23,1.9999999999999993,327
POP,1.0000000140682528,0.0,0.0,4,4,inf,0.0,sub-21,0.0,328
MATCH,1.0000000140682528,0.9999999781822315,0.9510653649409527,8,4,83.7702598345432,0.20614356977988904,sub-21,2.000000000000001,328
WRONG,1.0000000140682528,0.9999999857685329,3.7319519264533176,8,4,233.0058651678809,0.10522967436711571,sub-21,1.9999999999999996,328
POP,1.0000000026905984,0.0,0.0,4,4,inf,0.0,sub-23,0.0,329
MATCH,1.0000000145367893,0.9999999860316154,0.9316536602831268,8,4,335.2416624012699,0.11389855616708831,sub-23,2.0,329
WRONG,1.0000000215679654,0.9999999860316154,0.492020392718156,8,4,131.56566148697598,0.15203283688241467,sub-23,2.0000000000000004,329
POP,1.0000000140682528,0.0,0.0,4,4,inf,0.0,sub-19,0.0,330
MATCH,1.0000000154067374,0.999999979382333,9.191067846738557,8,4,2474.2308682689677,0.040105594173803084,sub-19,2.0000000000000013,330
WRONG,1.000000015051025,1.0000000017831645,1.029592845193384,8,4,82.46978418648568,0.1845342587860509,sub-19,1.9999999999999993,330
POP,1.000000021832848,0.0,0.0,4,4,inf,0.0,sub-19,0.0,331
MATCH,1.000000021832848,0.9999999860414915,0.9887513359071777,8,4,1366.6683922365714,0.05439105505399035,sub-19,1.9999999999999984,331
WRONG,1.000000021832848,0.9999999825084939,1.0504727101826314,8,4,1263.4210455474026,0.05622617684602483,sub-19,2.0,331
POP,1.000000009007,0.0,0.0,4,4,inf,0.0,sub-19,0.0,332
MATCH,1.00000000987419,0.9999999940786962,0.7099207803145712,8,4,106.15419890981136,0.17336617469568946,sub-19,2.000000000000001,332
WRONG,1.0000000113876684,0.9999999943485472,2.722677420629353,8,4,146.18469533178478,0.14123880031468947,sub-19,2.0,332
POP,1.0000000140682528,0.0,0.0,4,4,inf,0.0,sub-23,0.0,333
MATCH,1.0000000140682528,0.9999999871981075,1.8879224938251418,8,4,149.70464772672364,0.14163522010433166,sub-23,2.0,333
WRONG,1.0000000140682528,0.9999999882142657,1.028967581536753,8,4,142.00659556352633,0.14422734254527023,sub-23,2.0,333
POP,1.0000000026905984,0.0,0.0,4,4,inf,0.0,sub-23,0.0,334
MATCH,1.0000000145367893,0.9999999860316154,0.9316536602831268,8,4,335.2416624012699,0.11389855616708831,sub-23,2.0,334
WRONG,1.0000000130310889,0.9999999860316154,0.4955914441699026,8,4,270.9439129131034,0.11129165790427493,sub-23,2.0000000000000004,334
POP,1.0000000026905984,0.0,0.0,4,4,inf,0.0,sub-21,0.0,335
MATCH,1.0000000234838347,0.9999999860316154,2.569537467349523,8,4,2648.406565690522,0.041939338531102266,sub-21,2.0000000000000004,335
WRONG,1.0000000072420643,0.9999999860316154,0.8503966228758578,8,4,115.08502902818813,0.14936675019599563,sub-21,2.000000000000001,335
POP,1.000000009007,0.0,0.0,4,4,inf,0.0,sub-23,0.0,336
MATCH,1.000000009007,0.9999999957717131,0.9443827284822726,8,4,410.2284947340732,0.08712432876440898,sub-23,2.0000000000000004,336
WRONG,1.0000000113876684,0.9999999943485472,2.722677420629353,8,4,146.18469533178478,0.14123880031468947,sub-23,2.0,336
POP,1.0000000076699147,0.0,0.0,4,4,inf,0.0,sub-23,0.0,337
MATCH,1.0000000076699147,0.9999999896211276,0.8431420199970496,8,4,173.9610187279859,0.16390286279649718,sub-23,1.9999999999999996,337
WRONG,1.0000000076699147,0.999999996085675,0.7968887858552098,8,4,313.6986557286446,0.11013540351515773,sub-23,2.0000000000000004,337
POP,1.0000000026905984,0.0,0.0,4,4,inf,0.0,sub-21,0.0,338
MATCH,1.0000000234838347,0.9999999860316154,2.569537467349523,8,4,2648.406565690522,0.041939338531102266,sub-21,2.0000000000000004,338
WRONG,1.0000000174778247,0.9999999825885539,1.1594766181396496,8,4,910.6320530385946,0.056530404890243004,sub-21,1.9999999999999998,338
POP,1.0000000140682528,0.0,0.0,4,4,inf,0.0,sub-21,0.0,339
MATCH,1.0000000140682528,0.9999999781822315,0.9510653649409527,8,4,83.7702598345432,0.20614356977988904,sub-21,2.000000000000001,339
WRONG,1.0000000154067374,0.999999979382333,9.191067846738557,8,4,2474.2308682689677,0.040105594173803084,sub-21,2.0000000000000013,339
POP,1.0000000076699147,0.0,0.0,4,4,inf,0.0,sub-23,0.0,340
MATCH,1.0000000076699147,0.9999999896211276,0.8431420199970496,8,4,173.9610187279859,0.16390286279649718,sub-23,1.9999999999999996,340
WRONG,1.0000000106055542,0.999999993333354,0.593186064955922,8,4,2687.271772210756,0.03673456463976739,sub-23,1.9999999999999982,340
POP,1.000000021832848,0.0,0.0,4,4,inf,0.0,sub-21,0.0,341
MATCH,1.00000002656461,0.9999999860414915,0.9034892364738969,8,4,1538.0241104809343,0.05548408776372519,sub-21,1.9999999999999996,341
WRONG,1.000000021832848,0.9999999860414915,1.0711198505957924,8,4,363.7831515650631,0.1107508108747096,sub-21,1.9999999999999991,341
POP,1.000000021832848,0.0,0.0,4,4,inf,0.0,sub-19,0.0,342
MATCH,1.000000021832848,0.9999999860414915,0.9887513359071777,8,4,1366.6683922365714,0.05439105505399035,sub-19,1.9999999999999984,342
WRONG,1.000000021832848,0.9999999752682561,0.9007283821204992,8,4,2620.0126774400464,0.04379936109913962,sub-19,1.9999999999999987,342
POP,1.000000021832848,0.0,0.0,4,4,inf,0.0,sub-21,0.0,343
MATCH,1.00000002656461,0.9999999860414915,0.9034892364738969,8,4,1538.0241104809343,0.05548408776372519,sub-21,1.9999999999999996,343
WRONG,1.000000021832848,0.999999976000785,7.016454624801908,8,4,166934.25342730532,0.005867758564427594,sub-21,1.9999999999999953,343
POP,1.0000000076699147,0.0,0.0,4,4,inf,0.0,sub-23,0.0,344
MATCH,1.0000000076699147,0.9999999896211276,0.8431420199970496,8,4,173.9610187279859,0.16390286279649718,sub-23,1.9999999999999996,344
WRONG,1.0000000076699147,0.9999999860988278,0.7014001832007642,8,4,124.26690543769578,0.17277653733569776,sub-23,2.0,344
POP,1.0000000076699147,0.0,0.0,4,4,inf,0.0,sub-19,0.0,345
MATCH,1.0000000076699147,0.999999996085675,0.7968887858552098,8,4,313.6986557286446,0.11013540351515773,sub-19,2.0000000000000004,345
WRONG,1.0000000076699147,0.9999999904206687,1.747981493549437,8,4,274.4082505624546,0.1165538050038414,sub-19,1.9999999999999996,345
POP,1.0000000140682528,0.0,0.0,4,4,inf,0.0,sub-23,0.0,346
MATCH,1.0000000140682528,0.9999999871981075,1.8879224938251418,8,4,149.70464772672364,0.14163522010433166,sub-23,2.0,346
WRONG,1.0000000140682528,0.9999999857685329,3.7319519264533176,8,4,233.0058651678809,0.10522967436711571,sub-23,1.9999999999999996,346
POP,1.000000021832848,0.0,0.0,4,4,inf,0.0,sub-23,0.0,347
MATCH,1.000000021832848,0.9999999860414915,1.0711198505957924,8,4,363.7831515650631,0.1107508108747096,sub-23,1.9999999999999991,347
WRONG,1.000000021832848,0.9999999860414915,1.4332070117130087,8,4,1760.8344401927063,0.04401492816090667,sub-23,2.0000000000000013,347
POP,1.0000000140682528,0.0,0.0,4,4,inf,0.0,sub-19,0.0,348
MATCH,1.0000000154067374,0.999999979382333,9.191067846738557,8,4,2474.2308682689677,0.040105594173803084,sub-19,2.0000000000000013,348
WRONG,1.000000015051025,1.0000000017831645,1.029592845193384,8,4,82.46978418648568,0.1845342587860509,sub-19,1.9999999999999993,348
POP,1.000000021832848,0.0,0.0,4,4,inf,0.0,sub-23,0.0,349
MATCH,1.000000021832848,0.9999999860414915,1.0711198505957924,8,4,363.7831515650631,0.1107508108747096,sub-23,1.9999999999999991,349
WRONG,1.000000021832848,0.9999999860414915,1.0736817804162933,8,4,259.16650714923975,0.1280626071333732,sub-23,2.0000000000000004,349
POP,1.0000000026905984,0.0,0.0,4,4,inf,0.0,sub-21,0.0,350
MATCH,1.0000000234838347,0.9999999860316154,2.569537467349523,8,4,2648.406565690522,0.041939338531102266,sub-21,2.0000000000000004,350
WRONG,1.0000000215679654,0.9999999860316154,0.492020392718156,8,4,131.56566148697598,0.15203283688241467,sub-21,2.0000000000000004,350
POP,1.0000000076699147,0.0,0.0,4,4,inf,0.0,sub-23,0.0,351
MATCH,1.0000000076699147,0.9999999896211276,0.8431420199970496,8,4,173.9610187279859,0.16390286279649718,sub-23,1.9999999999999996,351
WRONG,1.0000000142945786,0.9999999854223287,0.8428592515531647,8,4,247.97101570979018,0.1171016832744295,sub-23,2.000000000000001,351
POP,1.0000000140682528,0.0,0.0,4,4,inf,0.0,sub-19,0.0,352
MATCH,1.0000000154067374,0.999999979382333,9.191067846738557,8,4,2474.2308682689677,0.040105594173803084,sub-19,2.0000000000000013,352
WRONG,1.0000000140682528,0.9999999871981075,1.8879224938251418,8,4,149.70464772672364,0.14163522010433166,sub-19,2.0,352
POP,1.0000000076699147,0.0,0.0,4,4,inf,0.0,sub-21,0.0,353
MATCH,1.0000000076699147,0.9999999860988278,0.7014001832007642,8,4,124.26690543769578,0.17277653733569776,sub-21,2.0,353
WRONG,1.0000000076699147,0.999999996085675,0.7779106785190836,8,4,337.5457046585603,0.11673662972181557,sub-21,2.0000000000000004,353
POP,1.0000000026905984,0.0,0.0,4,4,inf,0.0,sub-23,0.0,354
MATCH,1.0000000145367893,0.9999999860316154,0.9316536602831268,8,4,335.2416624012699,0.11389855616708831,sub-23,2.0,354
WRONG,1.0000000130310889,0.9999999860316154,0.4955914441699026,8,4,270.9439129131034,0.11129165790427493,sub-23,2.0000000000000004,354
POP,1.0000000076699147,0.0,0.0,4,4,inf,0.0,sub-19,0.0,355
MATCH,1.0000000076699147,0.999999996085675,0.7968887858552098,8,4,313.6986557286446,0.11013540351515773,sub-19,2.0000000000000004,355
WRONG,1.0000000142945786,0.9999999854223287,0.8428592515531647,8,4,247.97101570979018,0.1171016832744295,sub-19,2.000000000000001,355
POP,1.0000000076699147,0.0,0.0,4,4,inf,0.0,sub-21,0.0,356
MATCH,1.0000000076699147,0.9999999860988278,0.7014001832007642,8,4,124.26690543769578,0.17277653733569776,sub-21,2.0,356
WRONG,1.0000000076699147,0.9999999949923156,0.9536335754416071,8,4,552.2651183698582,0.08604083929654037,sub-21,2.0000000000000004,356
POP,1.0000000026905984,0.0,0.0,4,4,inf,0.0,sub-19,0.0,357
MATCH,1.0000000130310889,0.9999999860316154,0.4955914441699026,8,4,270.9439129131034,0.11129165790427493,sub-19,2.0000000000000004,357
WRONG,1.0000000234838347,0.9999999860316154,2.569537467349523,8,4,2648.406565690522,0.041939338531102266,sub-19,2.0000000000000004,357
POP,1.000000009007,0.0,0.0,4,4,inf,0.0,sub-21,0.0,358
MATCH,1.0000000220828928,0.9999999738591817,1.9673851389378705,8,4,381.11781235632463,0.09206739811340704,sub-21,2.0000000000000004,358
WRONG,1.0000000146651347,0.9999999945537472,1.5094460637508715,8,4,115.0564876994992,0.16106416619379452,sub-21,2.0000000000000004,358
POP,1.0000000026905984,0.0,0.0,4,4,inf,0.0,sub-19,0.0,359
MATCH,1.0000000130310889,0.9999999860316154,0.4955914441699026,8,4,270.9439129131034,0.11129165790427493,sub-19,2.0000000000000004,359
WRONG,1.0000000139323395,0.9999999860316154,1.0426395301448694,8,4,207.94621616155683,0.11518064029072804,sub-19,2.000000000000001,359
POP,1.0000000026905984,0.0,0.0,4,4,inf,0.0,sub-19,0.0,360
MATCH,1.0000000130310889,0.9999999860316154,0.4955914441699026,8,4,270.9439129131034,0.11129165790427493,sub-19,2.0000000000000004,360
WRONG,1.0000000234838347,0.9999999860316154,2.569537467349523,8,4,2648.406565690522,0.041939338531102266,sub-19,2.0000000000000004,360
POP,1.000000009007,0.0,0.0,4,4,inf,0.0,sub-23,0.0,361
MATCH,1.000000009007,0.9999999957717131,0.9443827284822726,8,4,410.2284947340732,0.08712432876440898,sub-23,2.0000000000000004,361
WRONG,1.000000013286122,0.999999985260044,0.7904718126291601,8,4,83.11853720840347,0.19582304330856057,sub-23,2.0,361
POP,1.0000000140682528,0.0,0.0,4,4,inf,0.0,sub-21,0.0,362
MATCH,1.0000000140682528,0.9999999781822315,0.9510653649409527,8,4,83.7702598345432,0.20614356977988904,sub-21,2.000000000000001,362
WRONG,1.0000000140682528,0.9999999882142657,1.028967581536753,8,4,142.00659556352633,0.14422734254527023,sub-21,2.0,362
POP,1.0000000076699147,0.0,0.0,4,4,inf,0.0,sub-21,0.0,363
MATCH,1.0000000076699147,0.9999999860988278,0.7014001832007642,8,4,124.26690543769578,0.17277653733569776,sub-21,2.0,363
WRONG,1.0000000154574988,0.9999999924067241,0.622688803786186,8,4,248.94919060768376,0.11369118620877053,sub-21,2.0000000000000004,363
POP,1.0000000026905984,0.0,0.0,4,4,inf,0.0,sub-19,0.0,364
MATCH,1.0000000130310889,0.9999999860316154,0.4955914441699026,8,4,270.9439129131034,0.11129165790427493,sub-19,2.0000000000000004,364
WRONG,1.0000000145367893,0.9999999860316154,0.9316536602831268,8,4,335.2416624012699,0.11389855616708831,sub-19,2.0,364
POP,1.000000021832848,0.0,0.0,4,4,inf,0.0,sub-21,0.0,365
MATCH,1.00000002656461,0.9999999860414915,0.9034892364738969,8,4,1538.0241104809343,0.05548408776372519,sub-21,1.9999999999999996,365
WRONG,1.000000021832848,0.9999999860414915,1.2010471621508112,8,4,428.3877515820865,0.09689632703949591,sub-21,1.9999999999999998,365
POP,1.0000000068762596,0.0,0.0,4,4,inf,0.0,sub-21,0.0,366
MATCH,1.0000000121525836,0.9999999980308398,0.4472046066618906,8,4,152.5442752433646,0.13152350149039405,sub-21,1.9999999999999998,366
WRONG,1.0000000090690093,0.9999999950094824,0.9891238663723244,8,4,66.2239727550164,0.20048798960510084,sub-21,2.0,366
POP,1.0000000076699147,0.0,0.0,4,4,inf,0.0,sub-21,0.0,367
MATCH,1.0000000076699147,0.9999999860988278,0.7014001832007642,8,4,124.26690543769578,0.17277653733569776,sub-21,2.0,367
WRONG,1.0000000076699147,0.9999999891740715,0.41995456385918045,8,4,87.8588325521873,0.19837787757788322,sub-21,1.9999999999999991,367
POP,1.0000000026905984,0.0,0.0,4,4,inf,0.0,sub-21,0.0,368
MATCH,1.0000000234838347,0.9999999860316154,2.569537467349523,8,4,2648.406565690522,0.041939338531102266,sub-21,2.0000000000000004,368
WRONG,1.0000000215679654,0.9999999860316154,0.492020392718156,8,4,131.56566148697598,0.15203283688241467,sub-21,2.0000000000000004,368
POP,1.000000021832848,0.0,0.0,4,4,inf,0.0,sub-21,0.0,369
MATCH,1.00000002656461,0.9999999860414915,0.9034892364738969,8,4,1538.0241104809343,0.05548408776372519,sub-21,1.9999999999999996,369
WRONG,1.000000021832848,0.9999999860414915,1.0711198505957924,8,4,363.7831515650631,0.1107508108747096,sub-21,1.9999999999999991,369
POP,1.0000000076699147,0.0,0.0,4,4,inf,0.0,sub-21,0.0,370
MATCH,1.0000000076699147,0.9999999860988278,0.7014001832007642,8,4,124.26690543769578,0.17277653733569776,sub-21,2.0,370
WRONG,1.0000000260477604,0.9999999811340621,0.5095494001877987,8,4,611.2687897223788,0.0682560878769114,sub-21,1.9999999999999993,370
POP,1.0000000076699147,0.0,0.0,4,4,inf,0.0,sub-19,0.0,371
MATCH,1.0000000076699147,0.999999996085675,0.7968887858552098,8,4,313.6986557286446,0.11013540351515773,sub-19,2.0000000000000004,371
WRONG,1.0000000076699147,0.9999999891740715,0.41995456385918045,8,4,87.8588325521873,0.19837787757788322,sub-19,1.9999999999999991,371
POP,1.000000009007,0.0,0.0,4,4,inf,0.0,sub-23,0.0,372
MATCH,1.000000009007,0.9999999957717131,0.9443827284822726,8,4,410.2284947340732,0.08712432876440898,sub-23,2.0000000000000004,372
WRONG,1.0000000220828928,0.9999999738591817,1.9673851389378705,8,4,381.11781235632463,0.09206739811340704,sub-23,2.0000000000000004,372
POP,1.000000021832848,0.0,0.0,4,4,inf,0.0,sub-19,0.0,373
MATCH,1.000000021832848,0.9999999860414915,0.9887513359071777,8,4,1366.6683922365714,0.05439105505399035,sub-19,1.9999999999999984,373
WRONG,1.00000002656461,0.9999999860414915,0.9034892364738969,8,4,1538.0241104809343,0.05548408776372519,sub-19,1.9999999999999996,373
POP,1.000000021832848,0.0,0.0,4,4,inf,0.0,sub-23,0.0,374
MATCH,1.000000021832848,0.9999999860414915,1.0711198505957924,8,4,363.7831515650631,0.1107508108747096,sub-23,1.9999999999999991,374
WRONG,1.000000021832848,0.9999999860414915,1.4332070117130087,8,4,1760.8344401927063,0.04401492816090667,sub-23,2.0000000000000013,374
POP,1.0000000140682528,0.0,0.0,4,4,inf,0.0,sub-23,0.0,375
MATCH,1.0000000140682528,0.9999999871981075,1.8879224938251418,8,4,149.70464772672364,0.14163522010433166,sub-23,2.0,375
WRONG,1.0000000154067374,0.999999979382333,9.191067846738557,8,4,2474.2308682689677,0.040105594173803084,sub-23,2.0000000000000013,375
POP,1.0000000068762596,0.0,0.0,4,4,inf,0.0,sub-21,0.0,376
MATCH,1.0000000121525836,0.9999999980308398,0.4472046066618906,8,4,152.5442752433646,0.13152350149039405,sub-21,1.9999999999999998,376
WRONG,1.0000000102830071,0.9999999786029037,0.554311476473517,8,4,297.04059724688324,0.09723936853569813,sub-21,2.0,376
POP,1.0000000068762596,0.0,0.0,4,4,inf,0.0,sub-23,0.0,377
MATCH,1.0000000068762596,0.9999999886382606,0.8317739716207426,8,4,213.38575476866797,0.1289832444559679,sub-23,1.9999999999999996,377
WRONG,1.0000000068762596,0.9999999970890834,0.5968512428186826,8,4,195.72212911480338,0.1249404218992977,sub-23,1.9999999999999996,377
POP,1.000000009007,0.0,0.0,4,4,inf,0.0,sub-19,0.0,378
MATCH,1.00000000987419,0.9999999940786962,0.7099207803145712,8,4,106.15419890981136,0.17336617469568946,sub-19,2.000000000000001,378
WRONG,1.000000009007,0.9999999957717131,0.9443827284822726,8,4,410.2284947340732,0.08712432876440898,sub-19,2.0000000000000004,378
POP,1.0000000068762596,0.0,0.0,4,4,inf,0.0,sub-19,0.0,379
MATCH,1.0000000176155688,0.999999990598639,1.1804039833614868,8,4,124.43372895978739,0.17424411469320306,sub-19,1.9999999999999993,379
WRONG,1.0000000068762596,0.9999999909334313,0.7365924897098244,8,4,181.6303906552505,0.12978561305140945,sub-19,2.0000000000000004,379
POP,1.0000000068762596,0.0,0.0,4,4,inf,0.0,sub-21,0.0,380
MATCH,1.0000000121525836,0.9999999980308398,0.4472046066618906,8,4,152.5442752433646,0.13152350149039405,sub-21,1.9999999999999998,380
WRONG,1.0000000068762596,0.9999999909334313,0.7365924897098244,8,4,181.6303906552505,0.12978561305140945,sub-21,2.0000000000000004,380
POP,1.0000000068762596,0.0,0.0,4,4,inf,0.0,sub-23,0.0,381
MATCH,1.0000000068762596,0.9999999886382606,0.8317739716207426,8,4,213.38575476866797,0.1289832444559679,sub-23,1.9999999999999996,381
WRONG,1.0000000226440078,0.9999999899484577,0.6510918136317931,8,4,57.814510184227395,0.23229125374497825,sub-23,2.0,381
POP,1.0000000140682528,0.0,0.0,4,4,inf,0.0,sub-23,0.0,382
MATCH,1.0000000140682528,0.9999999871981075,1.8879224938251418,8,4,149.70464772672364,0.14163522010433166,sub-23,2.0,382
WRONG,1.0000000140682528,0.9999999781822315,0.9510653649409527,8,4,83.7702598345432,0.20614356977988904,sub-23,2.000000000000001,382
POP,1.0000000140682528,0.0,0.0,4,4,inf,0.0,sub-21,0.0,383
MATCH,1.0000000140682528,0.9999999781822315,0.9510653649409527,8,4,83.7702598345432,0.20614356977988904,sub-21,2.000000000000001,383
WRONG,1.0000000140682528,0.9999999857685329,3.7319519264533176,8,4,233.0058651678809,0.10522967436711571,sub-21,1.9999999999999996,383
POP,1.0000000140682528,0.0,0.0,4,4,inf,0.0,sub-19,0.0,384
MATCH,1.0000000154067374,0.999999979382333,9.191067846738557,8,4,2474.2308682689677,0.040105594173803084,sub-19,2.0000000000000013,384
WRONG,1.0000000140682528,0.9999999898608027,1.9498550648205695,8,4,87.93941258229212,0.20669963205961375,sub-19,2.000000000000001,384
POP,1.0000000076699147,0.0,0.0,4,4,inf,0.0,sub-19,0.0,385
MATCH,1.0000000076699147,0.999999996085675,0.7968887858552098,8,4,313.6986557286446,0.11013540351515773,sub-19,2.0000000000000004,385
WRONG,1.0000000076699147,0.999999992428836,0.541034985923439,8,4,158.24468529783928,0.1487614289755068,sub-19,1.9999999999999993,385
POP,1.0000000026905984,0.0,0.0,4,4,inf,0.0,sub-23,0.0,386
MATCH,1.0000000145367893,0.9999999860316154,0.9316536602831268,8,4,335.2416624012699,0.11389855616708831,sub-23,2.0,386
WRONG,1.0000000147474652,0.9999999860316154,0.548186027895071,8,4,159.33920192101405,0.1393637422714992,sub-23,2.0000000000000004,386
POP,1.000000009007,0.0,0.0,4,4,inf,0.0,sub-23,0.0,387
MATCH,1.000000009007,0.9999999957717131,0.9443827284822726,8,4,410.2284947340732,0.08712432876440898,sub-23,2.0000000000000004,387
WRONG,1.000000011657454,0.9999999903878556,1.1030750037491572,8,4,337.0152785981657,0.08433839636461588,sub-23,2.0000000000000004,387
POP,1.0000000076699147,0.0,0.0,4,4,inf,0.0,sub-19,0.0,388
MATCH,1.0000000076699147,0.999999996085675,0.7968887858552098,8,4,313.6986557286446,0.11013540351515773,sub-19,2.0000000000000004,388
WRONG,1.0000000076699147,0.999999992428836,0.541034985923439,8,4,158.24468529783928,0.1487614289755068,sub-19,1.9999999999999993,388
POP,1.0000000140682528,0.0,0.0,4,4,inf,0.0,sub-21,0.0,389
MATCH,1.0000000140682528,0.9999999781822315,0.9510653649409527,8,4,83.7702598345432,0.20614356977988904,sub-21,2.000000000000001,389
WRONG,1.0000000140682528,0.9999999900813772,1.040442991443386,8,4,267.7190644521583,0.11974448951430712,sub-21,1.9999999999999996,389
POP,1.0000000068762596,0.0,0.0,4,4,inf,0.0,sub-23,0.0,390
MATCH,1.0000000068762596,0.9999999886382606,0.8317739716207426,8,4,213.38575476866797,0.1289832444559679,sub-23,1.9999999999999996,390
WRONG,1.0000000068762596,0.9999999970890834,0.5968512428186826,8,4,195.72212911480338,0.1249404218992977,sub-23,1.9999999999999996,390
POP,1.000000009007,0.0,0.0,4,4,inf,0.0,sub-23,0.0,391
MATCH,1.000000009007,0.9999999957717131,0.9443827284822726,8,4,410.2284947340732,0.08712432876440898,sub-23,2.0000000000000004,391
WRONG,1.0000000094648878,0.9999999957717131,1.6170387300025408,8,4,554.0794837316645,0.08071543086302795,sub-23,2.0,391
POP,1.0000000076699147,0.0,0.0,4,4,inf,0.0,sub-23,0.0,392
MATCH,1.0000000076699147,0.9999999896211276,0.8431420199970496,8,4,173.9610187279859,0.16390286279649718,sub-23,1.9999999999999996,392
WRONG,1.0000000076699147,0.9999999904206687,1.747981493549437,8,4,274.4082505624546,0.1165538050038414,sub-23,1.9999999999999996,392
POP,1.000000021832848,0.0,0.0,4,4,inf,0.0,sub-19,0.0,393
MATCH,1.000000021832848,0.9999999860414915,0.9887513359071777,8,4,1366.6683922365714,0.05439105505399035,sub-19,1.9999999999999984,393
WRONG,1.000000021832848,0.9999999860414915,1.0711198505957924,8,4,363.7831515650631,0.1107508108747096,sub-19,1.9999999999999991,393
POP,1.000000021832848,0.0,0.0,4,4,inf,0.0,sub-21,0.0,394
MATCH,1.00000002656461,0.9999999860414915,0.9034892364738969,8,4,1538.0241104809343,0.05548408776372519,sub-21,1.9999999999999996,394
WRONG,1.000000021832848,0.9999999860414915,1.2010471621508112,8,4,428.3877515820865,0.09689632703949591,sub-21,1.9999999999999998,394
POP,1.0000000026905984,0.0,0.0,4,4,inf,0.0,sub-19,0.0,395
MATCH,1.0000000130310889,0.9999999860316154,0.4955914441699026,8,4,270.9439129131034,0.11129165790427493,sub-19,2.0000000000000004,395
WRONG,1.0000000069203965,0.9999999860316154,0.4999006488117813,8,4,114.4053415998639,0.16976709683688718,sub-19,1.9999999999999998,395
POP,1.0000000140682528,0.0,0.0,4,4,inf,0.0,sub-23,0.0,396
MATCH,1.0000000140682528,0.9999999871981075,1.8879224938251418,8,4,149.70464772672364,0.14163522010433166,sub-23,2.0,396
WRONG,1.000000015051025,1.0000000017831645,1.029592845193384,8,4,82.46978418648568,0.1845342587860509,sub-23,1.9999999999999993,396
POP,1.0000000026905984,0.0,0.0,4,4,inf,0.0,sub-19,0.0,397
MATCH,1.0000000130310889,0.9999999860316154,0.4955914441699026,8,4,270.9439129131034,0.11129165790427493,sub-19,2.0000000000000004,397
WRONG,1.0000000174778247,0.9999999825885539,1.1594766181396496,8,4,910.6320530385946,0.056530404890243004,sub-19,1.9999999999999998,397
POP,1.0000000068762596,0.0,0.0,4,4,inf,0.0,sub-23,0.0,398
MATCH,1.0000000068762596,0.9999999886382606,0.8317739716207426,8,4,213.38575476866797,0.1289832444559679,sub-23,1.9999999999999996,398
WRONG,1.0000000194283172,0.9999999896312882,0.4716167924475809,8,4,46.18616475592985,0.23552593629297228,sub-23,2.0000000000000027,398
POP,1.0000000076699147,0.0,0.0,4,4,inf,0.0,sub-21,0.0,399
MATCH,1.0000000076699147,0.9999999860988278,0.7014001832007642,8,4,124.26690543769578,0.17277653733569776,sub-21,2.0,399
WRONG,1.0000000076699147,0.9999999896211276,0.8431420199970496,8,4,173.9610187279859,0.16390286279649718,sub-21,1.9999999999999996,399
POP,1.0000000140682528,0.0,0.0,4,4,inf,0.0,sub-21,0.0,400
MATCH,1.0000000140682528,0.9999999781822315,0.9510653649409527,8,4,83.7702598345432,0.20614356977988904,sub-21,2.000000000000001,400
WRONG,1.0000000154067374,0.999999979382333,9.191067846738557,8,4,2474.2308682689677,0.040105594173803084,sub-21,2.0000000000000013,400
POP,1.0000000076699147,0.0,0.0,4,4,inf,0.0,sub-23,0.0,401
MATCH,1.0000000076699147,0.9999999896211276,0.8431420199970496,8,4,173.9610187279859,0.16390286279649718,sub-23,1.9999999999999996,401
WRONG,1.0000000076699147,0.999999992428836,0.541034985923439,8,4,158.24468529783928,0.1487614289755068,sub-23,1.9999999999999993,401
POP,1.0000000068762596,0.0,0.0,4,4,inf,0.0,sub-21,0.0,402
MATCH,1.0000000121525836,0.9999999980308398,0.4472046066618906,8,4,152.5442752433646,0.13152350149039405,sub-21,1.9999999999999998,402
WRONG,1.0000000069789736,0.9999999880942632,1.1511388656932418,8,4,161.87430194108438,0.1345942221885246,sub-21,1.9999999999999991,402
POP,1.000000021832848,0.0,0.0,4,4,inf,0.0,sub-19,0.0,403
MATCH,1.000000021832848,0.9999999860414915,0.9887513359071777,8,4,1366.6683922365714,0.05439105505399035,sub-19,1.9999999999999984,403
WRONG,1.000000021832848,0.999999976000785,7.016454624801908,8,4,166934.25342730532,0.005867758564427594,sub-19,1.9999999999999953,403
POP,1.000000009007,0.0,0.0,4,4,inf,0.0,sub-21,0.0,404
MATCH,1.0000000220828928,0.9999999738591817,1.9673851389378705,8,4,381.11781235632463,0.09206739811340704,sub-21,2.0000000000000004,404
WRONG,1.000000011657454,0.9999999903878556,1.1030750037491572,8,4,337.0152785981657,0.08433839636461588,sub-21,2.0000000000000004,404
POP,1.0000000140682528,0.0,0.0,4,4,inf,0.0,sub-23,0.0,405
MATCH,1.0000000140682528,0.9999999871981075,1.8879224938251418,8,4,149.70464772672364,0.14163522010433166,sub-23,2.0,405
WRONG,1.0000000140682528,0.9999999882142657,1.028967581536753,8,4,142.00659556352633,0.14422734254527023,sub-23,2.0,405
POP,1.0000000026905984,0.0,0.0,4,4,inf,0.0,sub-19,0.0,406
MATCH,1.0000000130310889,0.9999999860316154,0.4955914441699026,8,4,270.9439129131034,0.11129165790427493,sub-19,2.0000000000000004,406
WRONG,1.0000000084162393,0.9999999860316154,0.6171880321286511,8,4,1012.9339268278719,0.05516911819410316,sub-19,1.9999999999999984,406
POP,1.000000021832848,0.0,0.0,4,4,inf,0.0,sub-21,0.0,407
MATCH,1.00000002656461,0.9999999860414915,0.9034892364738969,8,4,1538.0241104809343,0.05548408776372519,sub-21,1.9999999999999996,407
WRONG,1.000000021832848,0.9999999860414915,1.0736817804162933,8,4,259.16650714923975,0.1280626071333732,sub-21,2.0000000000000004,407
POP,1.000000021832848,0.0,0.0,4,4,inf,0.0,sub-21,0.0,408
MATCH,1.00000002656461,0.9999999860414915,0.9034892364738969,8,4,1538.0241104809343,0.05548408776372519,sub-21,1.9999999999999996,408
WRONG,1.000000021832848,0.9999999825084939,1.0504727101826314,8,4,1263.4210455474026,0.05622617684602483,sub-21,2.0,408
POP,1.000000009007,0.0,0.0,4,4,inf,0.0,sub-23,0.0,409
MATCH,1.000000009007,0.9999999957717131,0.9443827284822726,8,4,410.2284947340732,0.08712432876440898,sub-23,2.0000000000000004,409
WRONG,1.000000016005119,0.9999999889397598,1.1692321730793305,8,4,91.96082629987822,0.15664854057006894,sub-23,1.9999999999999991,409
POP,1.0000000140682528,0.0,0.0,4,4,inf,0.0,sub-23,0.0,410
MATCH,1.0000000140682528,0.9999999871981075,1.8879224938251418,8,4,149.70464772672364,0.14163522010433166,sub-23,2.0,410
WRONG,1.0000000140682528,0.999999996427283,1.4646418395028398,8,4,268.3618175903571,0.11516264712065896,sub-23,1.9999999999999984,410
POP,1.000000021832848,0.0,0.0,4,4,inf,0.0,sub-19,0.0,411
MATCH,1.000000021832848,0.9999999860414915,0.9887513359071777,8,4,1366.6683922365714,0.05439105505399035,sub-19,1.9999999999999984,411
WRONG,1.000000021832848,0.999999976000785,7.016454624801908,8,4,166934.25342730532,0.005867758564427594,sub-19,1.9999999999999953,411
POP,1.0000000076699147,0.0,0.0,4,4,inf,0.0,sub-23,0.0,412
MATCH,1.0000000076699147,0.9999999896211276,0.8431420199970496,8,4,173.9610187279859,0.16390286279649718,sub-23,1.9999999999999996,412
WRONG,1.0000000106055542,0.999999993333354,0.593186064955922,8,4,2687.271772210756,0.03673456463976739,sub-23,1.9999999999999982,412
POP,1.0000000026905984,0.0,0.0,4,4,inf,0.0,sub-21,0.0,413
MATCH,1.0000000234838347,0.9999999860316154,2.569537467349523,8,4,2648.406565690522,0.041939338531102266,sub-21,2.0000000000000004,413
WRONG,1.0000000151758384,0.9999999860316154,0.5031263053243539,8,4,281.62279504300534,0.10729155134396137,sub-21,2.0,413
POP,1.0000000026905984,0.0,0.0,4,4,inf,0.0,sub-19,0.0,414
MATCH,1.0000000130310889,0.9999999860316154,0.4955914441699026,8,4,270.9439129131034,0.11129165790427493,sub-19,2.0000000000000004,414
WRONG,1.0000000151758384,0.9999999860316154,0.5031263053243539,8,4,281.62279504300534,0.10729155134396137,sub-19,2.0,414
POP,1.0000000140682528,0.0,0.0,4,4,inf,0.0,sub-19,0.0,415
MATCH,1.0000000154067374,0.999999979382333,9.191067846738557,8,4,2474.2308682689677,0.040105594173803084,sub-19,2.0000000000000013,415
WRONG,1.0000000140682528,0.9999999777447868,2.4620497426337256,8,4,681.8631583216957,0.080053701254683,sub-19,1.9999999999999998,415
POP,1.000000021832848,0.0,0.0,4,4,inf,0.0,sub-19,0.0,416
MATCH,1.000000021832848,0.9999999860414915,0.9887513359071777,8,4,1366.6683922365714,0.05439105505399035,sub-19,1.9999999999999984,416
WRONG,1.000000021832848,0.9999999752682561,0.9007283821204992,8,4,2620.0126774400464,0.04379936109913962,sub-19,1.9999999999999987,416
POP,1.0000000026905984,0.0,0.0,4,4,inf,0.0,sub-23,0.0,417
MATCH,1.0000000145367893,0.9999999860316154,0.9316536602831268,8,4,335.2416624012699,0.11389855616708831,sub-23,2.0,417
WRONG,1.0000000147474652,0.9999999860316154,0.548186027895071,8,4,159.33920192101405,0.1393637422714992,sub-23,2.0000000000000004,417
POP,1.000000021832848,0.0,0.0,4,4,inf,0.0,sub-19,0.0,418
MATCH,1.000000021832848,0.9999999860414915,0.9887513359071777,8,4,1366.6683922365714,0.05439105505399035,sub-19,1.9999999999999984,418
WRONG,1.000000021832848,0.999999976000785,7.016454624801908,8,4,166934.25342730532,0.005867758564427594,sub-19,1.9999999999999953,418
POP,1.0000000076699147,0.0,0.0,4,4,inf,0.0,sub-23,0.0,419
MATCH,1.0000000076699147,0.9999999896211276,0.8431420199970496,8,4,173.9610187279859,0.16390286279649718,sub-23,1.9999999999999996,419
WRONG,1.0000000076699147,0.9999999860988278,0.7014001832007642,8,4,124.26690543769578,0.17277653733569776,sub-23,2.0,419
POP,1.0000000140682528,0.0,0.0,4,4,inf,0.0,sub-23,0.0,420
MATCH,1.0000000140682528,0.9999999871981075,1.8879224938251418,8,4,149.70464772672364,0.14163522010433166,sub-23,2.0,420
WRONG,1.0000000140682528,0.9999999777447868,2.4620497426337256,8,4,681.8631583216957,0.080053701254683,sub-23,1.9999999999999998,420
POP,1.0000000140682528,0.0,0.0,4,4,inf,0.0,sub-23,0.0,421
MATCH,1.0000000140682528,0.9999999871981075,1.8879224938251418,8,4,149.70464772672364,0.14163522010433166,sub-23,2.0,421
WRONG,1.0000000140682528,0.999999996427283,1.4646418395028398,8,4,268.3618175903571,0.11516264712065896,sub-23,1.9999999999999984,421
POP,1.0000000076699147,0.0,0.0,4,4,inf,0.0,sub-19,0.0,422
MATCH,1.0000000076699147,0.999999996085675,0.7968887858552098,8,4,313.6986557286446,0.11013540351515773,sub-19,2.0000000000000004,422
WRONG,1.0000000106055542,0.999999993333354,0.593186064955922,8,4,2687.271772210756,0.03673456463976739,sub-19,1.9999999999999982,422
POP,1.0000000068762596,0.0,0.0,4,4,inf,0.0,sub-21,0.0,423
MATCH,1.0000000121525836,0.9999999980308398,0.4472046066618906,8,4,152.5442752433646,0.13152350149039405,sub-21,1.9999999999999998,423
WRONG,1.0000000068762596,0.9999999886382606,0.8317739716207426,8,4,213.38575476866797,0.1289832444559679,sub-21,1.9999999999999996,423
POP,1.0000000076699147,0.0,0.0,4,4,inf,0.0,sub-21,0.0,424
MATCH,1.0000000076699147,0.9999999860988278,0.7014001832007642,8,4,124.26690543769578,0.17277653733569776,sub-21,2.0,424
WRONG,1.0000000076699147,0.999999992428836,0.541034985923439,8,4,158.24468529783928,0.1487614289755068,sub-21,1.9999999999999993,424
POP,1.0000000026905984,0.0,0.0,4,4,inf,0.0,sub-23,0.0,425
MATCH,1.0000000145367893,0.9999999860316154,0.9316536602831268,8,4,335.2416624012699,0.11389855616708831,sub-23,2.0,425
WRONG,1.0000000104616746,0.9999999860316154,1.0101821417508394,8,4,51.411151896660535,0.25241487262467793,sub-23,2.0,425
POP,1.000000009007,0.0,0.0,4,4,inf,0.0,sub-19,0.0,426
MATCH,1.00000000987419,0.9999999940786962,0.7099207803145712,8,4,106.15419890981136,0.17336617469568946,sub-19,2.000000000000001,426
WRONG,1.0000000094648878,0.9999999957717131,1.6170387300025408,8,4,554.0794837316645,0.08071543086302795,sub-19,2.0,426
POP,1.0000000076699147,0.0,0.0,4,4,inf,0.0,sub-23,0.0,427
MATCH,1.0000000076699147,0.9999999896211276,0.8431420199970496,8,4,173.9610187279859,0.16390286279649718,sub-23,1.9999999999999996,427
WRONG,1.0000000076699147,0.9999999891740715,0.41995456385918045,8,4,87.8588325521873,0.19837787757788322,sub-23,1.9999999999999991,427
POP,1.000000021832848,0.0,0.0,4,4,inf,0.0,sub-19,0.0,428
MATCH,1.000000021832848,0.9999999860414915,0.9887513359071777,8,4,1366.6683922365714,0.05439105505399035,sub-19,1.9999999999999984,428
WRONG,1.000000021832848,0.9999999860414915,1.2010471621508112,8,4,428.3877515820865,0.09689632703949591,sub-19,1.9999999999999998,428
POP,1.0000000140682528,0.0,0.0,4,4,inf,0.0,sub-19,0.0,429
MATCH,1.0000000154067374,0.999999979382333,9.191067846738557,8,4,2474.2308682689677,0.040105594173803084,sub-19,2.0000000000000013,429
WRONG,1.0000000140682528,0.9999999781822315,0.9510653649409527,8,4,83.7702598345432,0.20614356977988904,sub-19,2.000000000000001,429
POP,1.0000000026905984,0.0,0.0,4,4,inf,0.0,sub-23,0.0,430
MATCH,1.0000000145367893,0.9999999860316154,0.9316536602831268,8,4,335.2416624012699,0.11389855616708831,sub-23,2.0,430
WRONG,1.0000000139323395,0.9999999860316154,1.0426395301448694,8,4,207.94621616155683,0.11518064029072804,sub-23,2.000000000000001,430
POP,1.000000009007,0.0,0.0,4,4,inf,0.0,sub-21,0.0,431
MATCH,1.0000000220828928,0.9999999738591817,1.9673851389378705,8,4,381.11781235632463,0.09206739811340704,sub-21,2.0000000000000004,431
WRONG,1.000000009007,0.9999999957717131,0.9443827284822726,8,4,410.2284947340732,0.08712432876440898,sub-21,2.0000000000000004,431
