method,panel,participant,replicates,risk,session,task,wrong_donor
MATCH,natural,sub-02,58,0.4237026307736141,ses-02,ERP,
POP,natural,sub-02,58,0.498357719153787,ses-02,ERP,
TIME_SHIFT,natural,sub-02,58,0.9911783666619115,ses-02,ERP,
CHANNEL_PERM,natural,sub-02,58,0.8262600692308009,ses-02,ERP,
GAIN_MATCH,natural,sub-02,58,0.4220023003021266,ses-02,ERP,
GAIN_POP,natural,sub-02,58,0.498357719153787,ses-02,ERP,
NULL,natural,sub-02,58,1.0,ses-02,ERP,
WRONG,natural,sub-02,58,0.5098199644515519,ses-02,ERP,sub-03
WRONG,natural,sub-02,58,0.7274176947932144,ses-02,ERP,sub-05
WRONG,natural,sub-02,58,0.4973282403677217,ses-02,ERP,sub-06
WRONG,natural,sub-02,58,0.46268502052206867,ses-02,ERP,sub-07
WRONG,natural,sub-02,58,0.5649918363324735,ses-02,ERP,sub-09
WRONG,natural,sub-02,58,0.6058100640813254,ses-02,ERP,sub-11
WRONG,natural,sub-02,58,0.823200745242912,ses-02,ERP,sub-12
WRONG,natural,sub-02,58,0.49352983693161784,ses-02,ERP,sub-14
WRONG,natural,sub-02,58,0.43217934063536884,ses-02,ERP,sub-15
WRONG,natural,sub-02,58,0.665410150441392,ses-02,ERP,sub-17
WRONG,natural,sub-02,58,0.4497225202539887,ses-02,ERP,sub-18
WRONG,natural,sub-02,58,0.47356085919485347,ses-02,ERP,sub-19
WRONG,natural,sub-02,58,0.5046495636013252,ses-02,ERP,sub-21
WRONG,natural,sub-02,58,0.46624462067521,ses-02,ERP,sub-23
WRONG,natural,sub-02,58,0.5814174219348286,ses-02,ERP,sub-24
GAIN_WRONG,natural,sub-02,58,0.4933741831756871,ses-02,ERP,sub-03
GAIN_WRONG,natural,sub-02,58,0.5216604477844535,ses-02,ERP,sub-05
GAIN_WRONG,natural,sub-02,58,0.5236895198278066,ses-02,ERP,sub-06
GAIN_WRONG,natural,sub-02,58,0.4621148476587377,ses-02,ERP,sub-07
GAIN_WRONG,natural,sub-02,58,0.4830815781422888,ses-02,ERP,sub-09
GAIN_WRONG,natural,sub-02,58,0.5417093544810774,ses-02,ERP,sub-11
GAIN_WRONG,natural,sub-02,58,0.5075989002302441,ses-02,ERP,sub-12
GAIN_WRONG,natural,sub-02,58,0.5005764591506978,ses-02,ERP,sub-14
GAIN_WRONG,natural,sub-02,58,0.43246769202644647,ses-02,ERP,sub-15
GAIN_WRONG,natural,sub-02,58,0.541956530009817,ses-02,ERP,sub-17
GAIN_WRONG,natural,sub-02,58,0.4421967465161574,ses-02,ERP,sub-18
GAIN_WRONG,natural,sub-02,58,0.45476848822253757,ses-02,ERP,sub-19
GAIN_WRONG,natural,sub-02,58,0.4917521720133174,ses-02,ERP,sub-21
GAIN_WRONG,natural,sub-02,58,0.48087297261746076,ses-02,ERP,sub-23
GAIN_WRONG,natural,sub-02,58,0.5635709891800182,ses-02,ERP,sub-24
MATCH,natural,sub-02,35,0.9682777304536768,ses-02,SSVEP,
POP,natural,sub-02,35,1.0097601777493526,ses-02,SSVEP,
TIME_SHIFT,natural,sub-02,35,1.0018531594914613,ses-02,SSVEP,
CHANNEL_PERM,natural,sub-02,35,0.9931051164598803,ses-02,SSVEP,
GAIN_MATCH,natural,sub-02,35,0.9755575168668311,ses-02,SSVEP,
GAIN_POP,natural,sub-02,35,1.0097601777493526,ses-02,SSVEP,
NULL,natural,sub-02,35,1.0,ses-02,SSVEP,
WRONG,natural,sub-02,35,0.978489165787891,ses-02,SSVEP,sub-03
WRONG,natural,sub-02,35,0.9747924044469654,ses-02,SSVEP,sub-05
WRONG,natural,sub-02,35,0.972045978749253,ses-02,SSVEP,sub-06
WRONG,natural,sub-02,35,0.9776358528880295,ses-02,SSVEP,sub-07
WRONG,natural,sub-02,35,1.2029691200953343,ses-02,SSVEP,sub-09
WRONG,natural,sub-02,35,0.9969571303149773,ses-02,SSVEP,sub-11
WRONG,natural,sub-02,35,1.0297932144026647,ses-02,SSVEP,sub-12
WRONG,natural,sub-02,35,0.9742938135170665,ses-02,SSVEP,sub-14
WRONG,natural,sub-02,35,0.9714871383332191,ses-02,SSVEP,sub-15
WRONG,natural,sub-02,35,1.0764478305959848,ses-02,SSVEP,sub-17
WRONG,natural,sub-02,35,0.9952146436413082,ses-02,SSVEP,sub-18
WRONG,natural,sub-02,35,0.9769861655046108,ses-02,SSVEP,sub-19
WRONG,natural,sub-02,35,0.9857990502923705,ses-02,SSVEP,sub-21
WRONG,natural,sub-02,35,0.9734481591423297,ses-02,SSVEP,sub-23
WRONG,natural,sub-02,35,0.9810135258667138,ses-02,SSVEP,sub-24
GAIN_WRONG,natural,sub-02,35,0.9850000275797564,ses-02,SSVEP,sub-03
GAIN_WRONG,natural,sub-02,35,1.001972289904641,ses-02,SSVEP,sub-05
GAIN_WRONG,natural,sub-02,35,1.0091073636915944,ses-02,SSVEP,sub-06
GAIN_WRONG,natural,sub-02,35,1.0041157963379503,ses-02,SSVEP,sub-07
GAIN_WRONG,natural,sub-02,35,1.0261844865034127,ses-02,SSVEP,sub-09
GAIN_WRONG,natural,sub-02,35,1.0013853334714136,ses-02,SSVEP,sub-11
GAIN_WRONG,natural,sub-02,35,1.0077450724755,ses-02,SSVEP,sub-12
GAIN_WRONG,natural,sub-02,35,0.995523023072587,ses-02,SSVEP,sub-14
GAIN_WRONG,natural,sub-02,35,0.9869922155233332,ses-02,SSVEP,sub-15
GAIN_WRONG,natural,sub-02,35,0.9962427357755459,ses-02,SSVEP,sub-17
GAIN_WRONG,natural,sub-02,35,0.995595947971731,ses-02,SSVEP,sub-18
GAIN_WRONG,natural,sub-02,35,0.9962094541040736,ses-02,SSVEP,sub-19
GAIN_WRONG,natural,sub-02,35,1.0078417274768192,ses-02,SSVEP,sub-21
GAIN_WRONG,natural,sub-02,35,0.981487845154385,ses-02,SSVEP,sub-23
GAIN_WRONG,natural,sub-02,35,1.0325021516004134,ses-02,SSVEP,sub-24
MATCH,natural,sub-02,58,0.6414780057400323,ses-03,ERP,
POP,natural,sub-02,58,0.7679768961252628,ses-03,ERP,
TIME_SHIFT,natural,sub-02,58,0.9675470034853468,ses-03,ERP,
CHANNEL_PERM,natural,sub-02,58,0.9136786364261522,ses-03,ERP,
GAIN_MATCH,natural,sub-02,58,0.6512467914458996,ses-03,ERP,
GAIN_POP,natural,sub-02,58,0.7679768961252628,ses-03,ERP,
NULL,natural,sub-02,58,1.0,ses-03,ERP,
WRONG,natural,sub-02,58,0.7441900210277521,ses-03,ERP,sub-03
WRONG,natural,sub-02,58,0.9909625494373517,ses-03,ERP,sub-05
WRONG,natural,sub-02,58,0.7054637124201252,ses-03,ERP,sub-06
WRONG,natural,sub-02,58,0.7687637892603754,ses-03,ERP,sub-07
WRONG,natural,sub-02,58,1.4116459000291293,ses-03,ERP,sub-09
WRONG,natural,sub-02,58,0.8501076304084978,ses-03,ERP,sub-11
WRONG,natural,sub-02,58,1.037488424032141,ses-03,ERP,sub-12
WRONG,natural,sub-02,58,0.780930693371385,ses-03,ERP,sub-14
WRONG,natural,sub-02,58,0.6515363080799601,ses-03,ERP,sub-15
WRONG,natural,sub-02,58,1.1891935119963188,ses-03,ERP,sub-17
WRONG,natural,sub-02,58,0.7349904387849029,ses-03,ERP,sub-18
WRONG,natural,sub-02,58,0.730678641882594,ses-03,ERP,sub-19
WRONG,natural,sub-02,58,1.12188115626759,ses-03,ERP,sub-21
WRONG,natural,sub-02,58,0.806580256265872,ses-03,ERP,sub-23
WRONG,natural,sub-02,58,0.7866475621815141,ses-03,ERP,sub-24
GAIN_WRONG,natural,sub-02,58,0.790134933214172,ses-03,ERP,sub-03
GAIN_WRONG,natural,sub-02,58,0.8829771703946055,ses-03,ERP,sub-05
GAIN_WRONG,natural,sub-02,58,0.8020226864858053,ses-03,ERP,sub-06
GAIN_WRONG,natural,sub-02,58,0.7913358007382856,ses-03,ERP,sub-07
GAIN_WRONG,natural,sub-02,58,0.8746183845194011,ses-03,ERP,sub-09
GAIN_WRONG,natural,sub-02,58,0.9533707977032597,ses-03,ERP,sub-11
GAIN_WRONG,natural,sub-02,58,0.9407233207194774,ses-03,ERP,sub-12
GAIN_WRONG,natural,sub-02,58,0.7699723778578355,ses-03,ERP,sub-14
GAIN_WRONG,natural,sub-02,58,0.663219405338727,ses-03,ERP,sub-15
GAIN_WRONG,natural,sub-02,58,0.765212845542923,ses-03,ERP,sub-17
GAIN_WRONG,natural,sub-02,58,0.8431911422611023,ses-03,ERP,sub-18
GAIN_WRONG,natural,sub-02,58,0.7657956400464778,ses-03,ERP,sub-19
GAIN_WRONG,natural,sub-02,58,0.805850670526042,ses-03,ERP,sub-21
GAIN_WRONG,natural,sub-02,58,0.8022272956145376,ses-03,ERP,sub-23
GAIN_WRONG,natural,sub-02,58,0.9133962240030783,ses-03,ERP,sub-24
MATCH,natural,sub-02,35,0.9999678924776914,ses-03,SSVEP,
POP,natural,sub-02,35,0.9999803250851713,ses-03,SSVEP,
TIME_SHIFT,natural,sub-02,35,0.9999783104811101,ses-03,SSVEP,
CHANNEL_PERM,natural,sub-02,35,1.0001067171133817,ses-03,SSVEP,
GAIN_MATCH,natural,sub-02,35,0.9999678555480738,ses-03,SSVEP,
GAIN_POP,natural,sub-02,35,0.9999803250851713,ses-03,SSVEP,
NULL,natural,sub-02,35,1.0,ses-03,SSVEP,
WRONG,natural,sub-02,35,0.9999887951940138,ses-03,SSVEP,sub-03
WRONG,natural,sub-02,35,1.0000031826313402,ses-03,SSVEP,sub-05
WRONG,natural,sub-02,35,0.9999608991840682,ses-03,SSVEP,sub-06
WRONG,natural,sub-02,35,1.000047295507078,ses-03,SSVEP,sub-07
WRONG,natural,sub-02,35,1.0000006009192537,ses-03,SSVEP,sub-09
WRONG,natural,sub-02,35,1.0000200499763887,ses-03,SSVEP,sub-11
WRONG,natural,sub-02,35,1.00001068180437,ses-03,SSVEP,sub-12
WRONG,natural,sub-02,35,1.000006427823386,ses-03,SSVEP,sub-14
WRONG,natural,sub-02,35,1.000073504984441,ses-03,SSVEP,sub-15
WRONG,natural,sub-02,35,0.9995850704733332,ses-03,SSVEP,sub-17
WRONG,natural,sub-02,35,1.0000489669656831,ses-03,SSVEP,sub-18
WRONG,natural,sub-02,35,1.0000551861317617,ses-03,SSVEP,sub-19
WRONG,natural,sub-02,35,0.9999957551409155,ses-03,SSVEP,sub-21
WRONG,natural,sub-02,35,0.9999879665421821,ses-03,SSVEP,sub-23
WRONG,natural,sub-02,35,0.9999831828768903,ses-03,SSVEP,sub-24
GAIN_WRONG,natural,sub-02,35,0.9999871316574879,ses-03,SSVEP,sub-03
GAIN_WRONG,natural,sub-02,35,1.0000016259900943,ses-03,SSVEP,sub-05
GAIN_WRONG,natural,sub-02,35,0.9999599138029908,ses-03,SSVEP,sub-06
GAIN_WRONG,natural,sub-02,35,1.0000375799317818,ses-03,SSVEP,sub-07
GAIN_WRONG,natural,sub-02,35,0.9999992615405973,ses-03,SSVEP,sub-09
GAIN_WRONG,natural,sub-02,35,1.0000073073650106,ses-03,SSVEP,sub-11
GAIN_WRONG,natural,sub-02,35,0.99999739695081,ses-03,SSVEP,sub-12
GAIN_WRONG,natural,sub-02,35,1.0000030315667876,ses-03,SSVEP,sub-14
GAIN_WRONG,natural,sub-02,35,1.0000724583542777,ses-03,SSVEP,sub-15
GAIN_WRONG,natural,sub-02,35,0.9997533691965715,ses-03,SSVEP,sub-17
GAIN_WRONG,natural,sub-02,35,1.0000298300127357,ses-03,SSVEP,sub-18
GAIN_WRONG,natural,sub-02,35,1.000042372621221,ses-03,SSVEP,sub-19
GAIN_WRONG,natural,sub-02,35,0.9999896527871193,ses-03,SSVEP,sub-21
GAIN_WRONG,natural,sub-02,35,0.9999821544055723,ses-03,SSVEP,sub-23
GAIN_WRONG,natural,sub-02,35,0.999984270749088,ses-03,SSVEP,sub-24
MATCH,natural,sub-02,59,0.8279116969507777,ses-04,ERP,
POP,natural,sub-02,59,0.9255464933256147,ses-04,ERP,
TIME_SHIFT,natural,sub-02,59,0.9831136548120892,ses-04,ERP,
CHANNEL_PERM,natural,sub-02,59,0.9821886429074392,ses-04,ERP,
GAIN_MATCH,natural,sub-02,59,0.8651315860141324,ses-04,ERP,
GAIN_POP,natural,sub-02,59,0.9255464933256147,ses-04,ERP,
NULL,natural,sub-02,59,1.0,ses-04,ERP,
WRONG,natural,sub-02,59,1.026820116342392,ses-04,ERP,sub-03
WRONG,natural,sub-02,59,1.0437843173260157,ses-04,ERP,sub-05
WRONG,natural,sub-02,59,0.9897688307890987,ses-04,ERP,sub-06
WRONG,natural,sub-02,59,1.0730538846540707,ses-04,ERP,sub-07
WRONG,natural,sub-02,59,1.036109687608333,ses-04,ERP,sub-09
WRONG,natural,sub-02,59,1.035023117593605,ses-04,ERP,sub-11
WRONG,natural,sub-02,59,1.1752510730402572,ses-04,ERP,sub-12
WRONG,natural,sub-02,59,0.9983157295667573,ses-04,ERP,sub-14
WRONG,natural,sub-02,59,0.872174145020252,ses-04,ERP,sub-15
WRONG,natural,sub-02,59,1.0301026850864798,ses-04,ERP,sub-17
WRONG,natural,sub-02,59,0.9148794191126202,ses-04,ERP,sub-18
WRONG,natural,sub-02,59,0.9080560730458239,ses-04,ERP,sub-19
WRONG,natural,sub-02,59,1.06472048296766,ses-04,ERP,sub-21
WRONG,natural,sub-02,59,0.9262826658904431,ses-04,ERP,sub-23
WRONG,natural,sub-02,59,0.9487218464081195,ses-04,ERP,sub-24
GAIN_WRONG,natural,sub-02,59,0.9360500867151005,ses-04,ERP,sub-03
GAIN_WRONG,natural,sub-02,59,0.8860318168479565,ses-04,ERP,sub-05
GAIN_WRONG,natural,sub-02,59,0.965203292806216,ses-04,ERP,sub-06
GAIN_WRONG,natural,sub-02,59,0.9907456886837169,ses-04,ERP,sub-07
GAIN_WRONG,natural,sub-02,59,0.9768379038912989,ses-04,ERP,sub-09
GAIN_WRONG,natural,sub-02,59,0.9727194826190416,ses-04,ERP,sub-11
GAIN_WRONG,natural,sub-02,59,0.9801022819691355,ses-04,ERP,sub-12
GAIN_WRONG,natural,sub-02,59,0.9503115317405149,ses-04,ERP,sub-14
GAIN_WRONG,natural,sub-02,59,0.8853791741062941,ses-04,ERP,sub-15
GAIN_WRONG,natural,sub-02,59,0.922736403640437,ses-04,ERP,sub-17
GAIN_WRONG,natural,sub-02,59,0.8890791447090652,ses-04,ERP,sub-18
GAIN_WRONG,natural,sub-02,59,0.899151836922238,ses-04,ERP,sub-19
GAIN_WRONG,natural,sub-02,59,0.956641032269906,ses-04,ERP,sub-21
GAIN_WRONG,natural,sub-02,59,0.9228434731773144,ses-04,ERP,sub-23
GAIN_WRONG,natural,sub-02,59,0.9134181198878342,ses-04,ERP,sub-24
MATCH,natural,sub-02,37,0.9881075577573597,ses-04,SSVEP,
POP,natural,sub-02,37,0.9956078709389665,ses-04,SSVEP,
TIME_SHIFT,natural,sub-02,37,1.171637895554773,ses-04,SSVEP,
CHANNEL_PERM,natural,sub-02,37,1.0674512731593109,ses-04,SSVEP,
GAIN_MATCH,natural,sub-02,37,0.9468578768607804,ses-04,SSVEP,
GAIN_POP,natural,sub-02,37,0.9956078709389665,ses-04,SSVEP,
NULL,natural,sub-02,37,1.0,ses-04,SSVEP,
WRONG,natural,sub-02,37,1.0332912957540619,ses-04,SSVEP,sub-03
WRONG,natural,sub-02,37,0.948588163724083,ses-04,SSVEP,sub-05
WRONG,natural,sub-02,37,0.9995419258621784,ses-04,SSVEP,sub-06
WRONG,natural,sub-02,37,0.9869686829936252,ses-04,SSVEP,sub-07
WRONG,natural,sub-02,37,1.0630302541901386,ses-04,SSVEP,sub-09
WRONG,natural,sub-02,37,1.0386858871423645,ses-04,SSVEP,sub-11
WRONG,natural,sub-02,37,1.1181768870311126,ses-04,SSVEP,sub-12
WRONG,natural,sub-02,37,0.9606730340872279,ses-04,SSVEP,sub-14
WRONG,natural,sub-02,37,0.9164658760073189,ses-04,SSVEP,sub-15
WRONG,natural,sub-02,37,0.999023179853224,ses-04,SSVEP,sub-17
WRONG,natural,sub-02,37,1.0253906628793044,ses-04,SSVEP,sub-18
WRONG,natural,sub-02,37,1.098862922868918,ses-04,SSVEP,sub-19
WRONG,natural,sub-02,37,0.9742001214040228,ses-04,SSVEP,sub-21
WRONG,natural,sub-02,37,0.9833994989487244,ses-04,SSVEP,sub-23
WRONG,natural,sub-02,37,0.9626505843476023,ses-04,SSVEP,sub-24
GAIN_WRONG,natural,sub-02,37,0.9758350219515304,ses-04,SSVEP,sub-03
GAIN_WRONG,natural,sub-02,37,0.9456193571571613,ses-04,SSVEP,sub-05
GAIN_WRONG,natural,sub-02,37,0.9902686111203288,ses-04,SSVEP,sub-06
GAIN_WRONG,natural,sub-02,37,0.9960358430475464,ses-04,SSVEP,sub-07
GAIN_WRONG,natural,sub-02,37,0.985603615889558,ses-04,SSVEP,sub-09
GAIN_WRONG,natural,sub-02,37,0.9822932008249002,ses-04,SSVEP,sub-11
GAIN_WRONG,natural,sub-02,37,0.9690192251374307,ses-04,SSVEP,sub-12
GAIN_WRONG,natural,sub-02,37,0.9592982413264051,ses-04,SSVEP,sub-14
GAIN_WRONG,natural,sub-02,37,0.9230118337933302,ses-04,SSVEP,sub-15
GAIN_WRONG,natural,sub-02,37,0.9781489295229259,ses-04,SSVEP,sub-17
GAIN_WRONG,natural,sub-02,37,0.9633878974505371,ses-04,SSVEP,sub-18
GAIN_WRONG,natural,sub-02,37,1.0448716026175808,ses-04,SSVEP,sub-19
GAIN_WRONG,natural,sub-02,37,0.9503559657665764,ses-04,SSVEP,sub-21
GAIN_WRONG,natural,sub-02,37,1.0133483108330485,ses-04,SSVEP,sub-23
GAIN_WRONG,natural,sub-02,37,0.9600082987921262,ses-04,SSVEP,sub-24
MATCH,natural,sub-03,58,0.5927797556800972,ses-02,ERP,
POP,natural,sub-03,58,0.6061377286268065,ses-02,ERP,
TIME_SHIFT,natural,sub-03,58,0.9150704798546634,ses-02,ERP,
CHANNEL_PERM,natural,sub-03,58,0.8833114669989072,ses-02,ERP,
GAIN_MATCH,natural,sub-03,58,0.5971051102761558,ses-02,ERP,
GAIN_POP,natural,sub-03,58,0.6061377286268065,ses-02,ERP,
NULL,natural,sub-03,58,1.0,ses-02,ERP,
WRONG,natural,sub-03,58,0.629029160830417,ses-02,ERP,sub-02
WRONG,natural,sub-03,58,0.6839928912970323,ses-02,ERP,sub-05
WRONG,natural,sub-03,58,0.6111282779130004,ses-02,ERP,sub-06
WRONG,natural,sub-03,58,0.6246718138174963,ses-02,ERP,sub-07
WRONG,natural,sub-03,58,0.6489972042829518,ses-02,ERP,sub-09
WRONG,natural,sub-03,58,0.6306588449112137,ses-02,ERP,sub-11
WRONG,natural,sub-03,58,0.747493265454153,ses-02,ERP,sub-12
WRONG,natural,sub-03,58,0.6155543064049787,ses-02,ERP,sub-14
WRONG,natural,sub-03,58,0.622994551979638,ses-02,ERP,sub-15
WRONG,natural,sub-03,58,0.6746228253748822,ses-02,ERP,sub-17
WRONG,natural,sub-03,58,0.6128318490845366,ses-02,ERP,sub-18
WRONG,natural,sub-03,58,0.6181295698722475,ses-02,ERP,sub-19
WRONG,natural,sub-03,58,0.6117690819271155,ses-02,ERP,sub-21
WRONG,natural,sub-03,58,0.6267876690233269,ses-02,ERP,sub-23
WRONG,natural,sub-03,58,0.62198861907684,ses-02,ERP,sub-24
GAIN_WRONG,natural,sub-03,58,0.6275651470942757,ses-02,ERP,sub-02
GAIN_WRONG,natural,sub-03,58,0.6113317621129587,ses-02,ERP,sub-05
GAIN_WRONG,natural,sub-03,58,0.6114625284578046,ses-02,ERP,sub-06
GAIN_WRONG,natural,sub-03,58,0.6251754404560887,ses-02,ERP,sub-07
GAIN_WRONG,natural,sub-03,58,0.6430941966533897,ses-02,ERP,sub-09
GAIN_WRONG,natural,sub-03,58,0.6123151293591654,ses-02,ERP,sub-11
GAIN_WRONG,natural,sub-03,58,0.6352190798821633,ses-02,ERP,sub-12
GAIN_WRONG,natural,sub-03,58,0.6162056060322624,ses-02,ERP,sub-14
GAIN_WRONG,natural,sub-03,58,0.6252825646384123,ses-02,ERP,sub-15
GAIN_WRONG,natural,sub-03,58,0.6319303651375374,ses-02,ERP,sub-17
GAIN_WRONG,natural,sub-03,58,0.6197743638609455,ses-02,ERP,sub-18
GAIN_WRONG,natural,sub-03,58,0.6245171383066503,ses-02,ERP,sub-19
GAIN_WRONG,natural,sub-03,58,0.6104988024865217,ses-02,ERP,sub-21
GAIN_WRONG,natural,sub-03,58,0.64183612773129,ses-02,ERP,sub-23
GAIN_WRONG,natural,sub-03,58,0.6180596778868233,ses-02,ERP,sub-24
MATCH,natural,sub-03,36,0.6972598526576453,ses-02,SSVEP,
POP,natural,sub-03,36,0.9720653535900179,ses-02,SSVEP,
TIME_SHIFT,natural,sub-03,36,1.0054864298615405,ses-02,SSVEP,
CHANNEL_PERM,natural,sub-03,36,0.9324563020634259,ses-02,SSVEP,
GAIN_MATCH,natural,sub-03,36,0.7060041655655375,ses-02,SSVEP,
GAIN_POP,natural,sub-03,36,0.9720653535900179,ses-02,SSVEP,
NULL,natural,sub-03,36,1.0,ses-02,SSVEP,
WRONG,natural,sub-03,36,0.7479141693030149,ses-02,SSVEP,sub-02
WRONG,natural,sub-03,36,0.7094401042638587,ses-02,SSVEP,sub-05
WRONG,natural,sub-03,36,0.7103597159218118,ses-02,SSVEP,sub-06
WRONG,natural,sub-03,36,0.7400327399156386,ses-02,SSVEP,sub-07
WRONG,natural,sub-03,36,1.9919439074855252,ses-02,SSVEP,sub-09
WRONG,natural,sub-03,36,0.8973971680509989,ses-02,SSVEP,sub-11
WRONG,natural,sub-03,36,0.9085346800632433,ses-02,SSVEP,sub-12
WRONG,natural,sub-03,36,0.7297080779249926,ses-02,SSVEP,sub-14
WRONG,natural,sub-03,36,0.7540155197012861,ses-02,SSVEP,sub-15
WRONG,natural,sub-03,36,1.0808769593186052,ses-02,SSVEP,sub-17
WRONG,natural,sub-03,36,0.8082112061572839,ses-02,SSVEP,sub-18
WRONG,natural,sub-03,36,0.7421984961594091,ses-02,SSVEP,sub-19
WRONG,natural,sub-03,36,0.7697682238953305,ses-02,SSVEP,sub-21
WRONG,natural,sub-03,36,0.7712658802257897,ses-02,SSVEP,sub-23
WRONG,natural,sub-03,36,0.7201985453128984,ses-02,SSVEP,sub-24
GAIN_WRONG,natural,sub-03,36,0.8017282357368649,ses-02,SSVEP,sub-02
GAIN_WRONG,natural,sub-03,36,0.802367510463065,ses-02,SSVEP,sub-05
GAIN_WRONG,natural,sub-03,36,0.8601886396523518,ses-02,SSVEP,sub-06
GAIN_WRONG,natural,sub-03,36,0.847870202979805,ses-02,SSVEP,sub-07
GAIN_WRONG,natural,sub-03,36,1.143664363847313,ses-02,SSVEP,sub-09
GAIN_WRONG,natural,sub-03,36,0.9178323336344477,ses-02,SSVEP,sub-11
GAIN_WRONG,natural,sub-03,36,0.814520836446848,ses-02,SSVEP,sub-12
GAIN_WRONG,natural,sub-03,36,0.8170749829262368,ses-02,SSVEP,sub-14
GAIN_WRONG,natural,sub-03,36,0.8576248696252599,ses-02,SSVEP,sub-15
GAIN_WRONG,natural,sub-03,36,0.8053751502018098,ses-02,SSVEP,sub-17
GAIN_WRONG,natural,sub-03,36,0.804185853321752,ses-02,SSVEP,sub-18
GAIN_WRONG,natural,sub-03,36,0.8108219996350294,ses-02,SSVEP,sub-19
GAIN_WRONG,natural,sub-03,36,0.8731641261189711,ses-02,SSVEP,sub-21
GAIN_WRONG,natural,sub-03,36,0.797371380974875,ses-02,SSVEP,sub-23
GAIN_WRONG,natural,sub-03,36,0.8980027679563469,ses-02,SSVEP,sub-24
MATCH,natural,sub-03,58,0.703994529957348,ses-03,ERP,
POP,natural,sub-03,58,0.7312273887576154,ses-03,ERP,
TIME_SHIFT,natural,sub-03,58,0.9615171353496363,ses-03,ERP,
CHANNEL_PERM,natural,sub-03,58,0.9212104368570762,ses-03,ERP,
GAIN_MATCH,natural,sub-03,58,0.7075840379514666,ses-03,ERP,
GAIN_POP,natural,sub-03,58,0.7312273887576154,ses-03,ERP,
NULL,natural,sub-03,58,1.0,ses-03,ERP,
WRONG,natural,sub-03,58,0.7407065666850281,ses-03,ERP,sub-02
WRONG,natural,sub-03,58,0.7783201289325299,ses-03,ERP,sub-05
WRONG,natural,sub-03,58,0.7152240400105998,ses-03,ERP,sub-06
WRONG,natural,sub-03,58,0.7190981856443709,ses-03,ERP,sub-07
WRONG,natural,sub-03,58,0.9961727025777747,ses-03,ERP,sub-09
WRONG,natural,sub-03,58,0.7297345096724472,ses-03,ERP,sub-11
WRONG,natural,sub-03,58,0.7985596899227748,ses-03,ERP,sub-12
WRONG,natural,sub-03,58,0.7356740333051175,ses-03,ERP,sub-14
WRONG,natural,sub-03,58,0.7442559400570552,ses-03,ERP,sub-15
WRONG,natural,sub-03,58,0.8544652337311004,ses-03,ERP,sub-17
WRONG,natural,sub-03,58,0.708698453533525,ses-03,ERP,sub-18
WRONG,natural,sub-03,58,0.7160244208169817,ses-03,ERP,sub-19
WRONG,natural,sub-03,58,1.3686708506663094,ses-03,ERP,sub-21
WRONG,natural,sub-03,58,0.8272066622378252,ses-03,ERP,sub-23
WRONG,natural,sub-03,58,0.713608387696614,ses-03,ERP,sub-24
GAIN_WRONG,natural,sub-03,58,0.737691794113895,ses-03,ERP,sub-02
GAIN_WRONG,natural,sub-03,58,0.7408831281797624,ses-03,ERP,sub-05
GAIN_WRONG,natural,sub-03,58,0.723578994523294,ses-03,ERP,sub-06
GAIN_WRONG,natural,sub-03,58,0.7224085100899174,ses-03,ERP,sub-07
GAIN_WRONG,natural,sub-03,58,0.8534139701936317,ses-03,ERP,sub-09
GAIN_WRONG,natural,sub-03,58,0.7594451224622284,ses-03,ERP,sub-11
GAIN_WRONG,natural,sub-03,58,0.7595396300545695,ses-03,ERP,sub-12
GAIN_WRONG,natural,sub-03,58,0.7333552421425144,ses-03,ERP,sub-14
GAIN_WRONG,natural,sub-03,58,0.7436337833048625,ses-03,ERP,sub-15
GAIN_WRONG,natural,sub-03,58,0.7786047209257136,ses-03,ERP,sub-17
GAIN_WRONG,natural,sub-03,58,0.7225843262625503,ses-03,ERP,sub-18
GAIN_WRONG,natural,sub-03,58,0.7188311332506976,ses-03,ERP,sub-19
GAIN_WRONG,natural,sub-03,58,0.937562927081904,ses-03,ERP,sub-21
GAIN_WRONG,natural,sub-03,58,0.823527833869124,ses-03,ERP,sub-23
GAIN_WRONG,natural,sub-03,58,0.7411905155598365,ses-03,ERP,sub-24
MATCH,natural,sub-03,37,0.8028449348563819,ses-03,SSVEP,
POP,natural,sub-03,37,0.9945691484024182,ses-03,SSVEP,
TIME_SHIFT,natural,sub-03,37,0.9772451068791289,ses-03,SSVEP,
CHANNEL_PERM,natural,sub-03,37,0.9554893738383928,ses-03,SSVEP,
GAIN_MATCH,natural,sub-03,37,0.9331934653141818,ses-03,SSVEP,
GAIN_POP,natural,sub-03,37,0.9945691484024182,ses-03,SSVEP,
NULL,natural,sub-03,37,1.0,ses-03,SSVEP,
WRONG,natural,sub-03,37,1.3093895459034308,ses-03,SSVEP,sub-02
WRONG,natural,sub-03,37,0.815253171965218,ses-03,SSVEP,sub-05
WRONG,natural,sub-03,37,0.8052624171283812,ses-03,SSVEP,sub-06
WRONG,natural,sub-03,37,0.8577713736417583,ses-03,SSVEP,sub-07
WRONG,natural,sub-03,37,0.8339163097204615,ses-03,SSVEP,sub-09
WRONG,natural,sub-03,37,0.9347134701321766,ses-03,SSVEP,sub-11
WRONG,natural,sub-03,37,0.8965994505830213,ses-03,SSVEP,sub-12
WRONG,natural,sub-03,37,0.8190156707888316,ses-03,SSVEP,sub-14
WRONG,natural,sub-03,37,0.8408610068863897,ses-03,SSVEP,sub-15
WRONG,natural,sub-03,37,0.9141359221316084,ses-03,SSVEP,sub-17
WRONG,natural,sub-03,37,0.8513303173503358,ses-03,SSVEP,sub-18
WRONG,natural,sub-03,37,0.8354274171839281,ses-03,SSVEP,sub-19
WRONG,natural,sub-03,37,0.8414962543573278,ses-03,SSVEP,sub-21
WRONG,natural,sub-03,37,0.9380311182025651,ses-03,SSVEP,sub-23
WRONG,natural,sub-03,37,0.8113007911443273,ses-03,SSVEP,sub-24
GAIN_WRONG,natural,sub-03,37,1.0386722407214524,ses-03,SSVEP,sub-02
GAIN_WRONG,natural,sub-03,37,0.9422701791753507,ses-03,SSVEP,sub-05
GAIN_WRONG,natural,sub-03,37,1.0165603659158984,ses-03,SSVEP,sub-06
GAIN_WRONG,natural,sub-03,37,0.9311410427314802,ses-03,SSVEP,sub-07
GAIN_WRONG,natural,sub-03,37,1.0340486256111012,ses-03,SSVEP,sub-09
GAIN_WRONG,natural,sub-03,37,0.9165732716034075,ses-03,SSVEP,sub-11
GAIN_WRONG,natural,sub-03,37,1.1965308142433504,ses-03,SSVEP,sub-12
GAIN_WRONG,natural,sub-03,37,0.9978508505628719,ses-03,SSVEP,sub-14
GAIN_WRONG,natural,sub-03,37,0.9904220115623427,ses-03,SSVEP,sub-15
GAIN_WRONG,natural,sub-03,37,0.8934963832628834,ses-03,SSVEP,sub-17
GAIN_WRONG,natural,sub-03,37,1.0800731054897064,ses-03,SSVEP,sub-18
GAIN_WRONG,natural,sub-03,37,0.8801296189325024,ses-03,SSVEP,sub-19
GAIN_WRONG,natural,sub-03,37,1.0262012922005515,ses-03,SSVEP,sub-21
GAIN_WRONG,natural,sub-03,37,0.9352157837116614,ses-03,SSVEP,sub-23
GAIN_WRONG,natural,sub-03,37,1.152653603821301,ses-03,SSVEP,sub-24
MATCH,natural,sub-03,64,0.7768353761321563,ses-04,ERP,
POP,natural,sub-03,64,0.7956224476504484,ses-04,ERP,
TIME_SHIFT,natural,sub-03,64,0.9993632584673147,ses-04,ERP,
CHANNEL_PERM,natural,sub-03,64,0.9544761017757105,ses-04,ERP,
GAIN_MATCH,natural,sub-03,64,0.7993241068203909,ses-04,ERP,
GAIN_POP,natural,sub-03,64,0.7956224476504484,ses-04,ERP,
NULL,natural,sub-03,64,1.0,ses-04,ERP,
WRONG,natural,sub-03,64,0.9049801835222507,ses-04,ERP,sub-02
WRONG,natural,sub-03,64,0.9429496162165086,ses-04,ERP,sub-05
WRONG,natural,sub-03,64,0.8094033828198615,ses-04,ERP,sub-06
WRONG,natural,sub-03,64,0.8969067173282962,ses-04,ERP,sub-07
WRONG,natural,sub-03,64,0.8119870562749127,ses-04,ERP,sub-09
WRONG,natural,sub-03,64,0.8349519922893127,ses-04,ERP,sub-11
WRONG,natural,sub-03,64,0.8896894164584397,ses-04,ERP,sub-12
WRONG,natural,sub-03,64,0.8292423680333564,ses-04,ERP,sub-14
WRONG,natural,sub-03,64,0.8968515021288048,ses-04,ERP,sub-15
WRONG,natural,sub-03,64,0.8377392095487941,ses-04,ERP,sub-17
WRONG,natural,sub-03,64,0.7978589343479179,ses-04,ERP,sub-18
WRONG,natural,sub-03,64,0.8103093195753155,ses-04,ERP,sub-19
WRONG,natural,sub-03,64,0.8501714116600069,ses-04,ERP,sub-21
WRONG,natural,sub-03,64,0.8985321310444081,ses-04,ERP,sub-23
WRONG,natural,sub-03,64,0.8108308218055399,ses-04,ERP,sub-24
GAIN_WRONG,natural,sub-03,64,0.9048608807697294,ses-04,ERP,sub-02
GAIN_WRONG,natural,sub-03,64,0.8500209814280606,ses-04,ERP,sub-05
GAIN_WRONG,natural,sub-03,64,0.8084802780150065,ses-04,ERP,sub-06
GAIN_WRONG,natural,sub-03,64,0.8827395841400569,ses-04,ERP,sub-07
GAIN_WRONG,natural,sub-03,64,0.8012870523945648,ses-04,ERP,sub-09
GAIN_WRONG,natural,sub-03,64,0.8194538182125837,ses-04,ERP,sub-11
GAIN_WRONG,natural,sub-03,64,0.8094960368745093,ses-04,ERP,sub-12
GAIN_WRONG,natural,sub-03,64,0.8162507278891593,ses-04,ERP,sub-14
GAIN_WRONG,natural,sub-03,64,0.8952677812984777,ses-04,ERP,sub-15
GAIN_WRONG,natural,sub-03,64,0.8011964557049409,ses-04,ERP,sub-17
GAIN_WRONG,natural,sub-03,64,0.8018730018906359,ses-04,ERP,sub-18
GAIN_WRONG,natural,sub-03,64,0.8100507047947448,ses-04,ERP,sub-19
GAIN_WRONG,natural,sub-03,64,0.841790023603685,ses-04,ERP,sub-21
GAIN_WRONG,natural,sub-03,64,0.8912517860662533,ses-04,ERP,sub-23
GAIN_WRONG,natural,sub-03,64,0.8069014813215687,ses-04,ERP,sub-24
MATCH,natural,sub-03,36,0.8360055460972402,ses-04,SSVEP,
POP,natural,sub-03,36,0.9062691396217516,ses-04,SSVEP,
TIME_SHIFT,natural,sub-03,36,0.975174500376196,ses-04,SSVEP,
CHANNEL_PERM,natural,sub-03,36,0.9590736161243417,ses-04,SSVEP,
GAIN_MATCH,natural,sub-03,36,0.860079890685549,ses-04,SSVEP,
GAIN_POP,natural,sub-03,36,0.9062691396217516,ses-04,SSVEP,
NULL,natural,sub-03,36,1.0,ses-04,SSVEP,
WRONG,natural,sub-03,36,0.9825286292338993,ses-04,SSVEP,sub-02
WRONG,natural,sub-03,36,0.8513257863998793,ses-04,SSVEP,sub-05
WRONG,natural,sub-03,36,0.8700500231434142,ses-04,SSVEP,sub-06
WRONG,natural,sub-03,36,0.908842544375278,ses-04,SSVEP,sub-07
WRONG,natural,sub-03,36,0.9914355698259746,ses-04,SSVEP,sub-09
WRONG,natural,sub-03,36,0.8998252264556498,ses-04,SSVEP,sub-11
WRONG,natural,sub-03,36,0.9913459687545143,ses-04,SSVEP,sub-12
WRONG,natural,sub-03,36,0.8534814453166473,ses-04,SSVEP,sub-14
WRONG,natural,sub-03,36,0.8767194882923213,ses-04,SSVEP,sub-15
WRONG,natural,sub-03,36,0.9116644503193831,ses-04,SSVEP,sub-17
WRONG,natural,sub-03,36,0.8799560483596806,ses-04,SSVEP,sub-18
WRONG,natural,sub-03,36,1.0634057221002786,ses-04,SSVEP,sub-19
WRONG,natural,sub-03,36,0.8806223884588097,ses-04,SSVEP,sub-21
WRONG,natural,sub-03,36,0.9468051286667958,ses-04,SSVEP,sub-23
WRONG,natural,sub-03,36,0.8602047330316227,ses-04,SSVEP,sub-24
GAIN_WRONG,natural,sub-03,36,0.9358900545789464,ses-04,SSVEP,sub-02
GAIN_WRONG,natural,sub-03,36,0.8512607108747823,ses-04,SSVEP,sub-05
GAIN_WRONG,natural,sub-03,36,0.8687570913753689,ses-04,SSVEP,sub-06
GAIN_WRONG,natural,sub-03,36,0.9205078275588645,ses-04,SSVEP,sub-07
GAIN_WRONG,natural,sub-03,36,0.9245371570486617,ses-04,SSVEP,sub-09
GAIN_WRONG,natural,sub-03,36,0.873595128461163,ses-04,SSVEP,sub-11
GAIN_WRONG,natural,sub-03,36,0.8731159122527123,ses-04,SSVEP,sub-12
GAIN_WRONG,natural,sub-03,36,0.8544125356407605,ses-04,SSVEP,sub-14
GAIN_WRONG,natural,sub-03,36,0.8856551506658901,ses-04,SSVEP,sub-15
GAIN_WRONG,natural,sub-03,36,0.9008794475275391,ses-04,SSVEP,sub-17
GAIN_WRONG,natural,sub-03,36,0.8881448677628117,ses-04,SSVEP,sub-18
GAIN_WRONG,natural,sub-03,36,1.0006325518048484,ses-04,SSVEP,sub-19
GAIN_WRONG,natural,sub-03,36,0.8643942641895476,ses-04,SSVEP,sub-21
GAIN_WRONG,natural,sub-03,36,0.9417319800595588,ses-04,SSVEP,sub-23
GAIN_WRONG,natural,sub-03,36,0.8610024320534906,ses-04,SSVEP,sub-24
MATCH,natural,sub-05,61,0.287180671713998,ses-02,ERP,
POP,natural,sub-05,61,0.40963041808594336,ses-02,ERP,
TIME_SHIFT,natural,sub-05,61,0.9506143447024351,ses-02,ERP,
CHANNEL_PERM,natural,sub-05,61,0.8014528136998534,ses-02,ERP,
GAIN_MATCH,natural,sub-05,61,0.3758514480430912,ses-02,ERP,
GAIN_POP,natural,sub-05,61,0.40963041808594336,ses-02,ERP,
NULL,natural,sub-05,61,1.0,ses-02,ERP,
WRONG,natural,sub-05,61,0.5151063899794763,ses-02,ERP,sub-02
WRONG,natural,sub-05,61,0.44192406474701157,ses-02,ERP,sub-03
WRONG,natural,sub-05,61,0.44457231421818977,ses-02,ERP,sub-06
WRONG,natural,sub-05,61,0.4769180104419861,ses-02,ERP,sub-07
WRONG,natural,sub-05,61,0.42715793733891466,ses-02,ERP,sub-09
WRONG,natural,sub-05,61,0.3565783168007341,ses-02,ERP,sub-11
WRONG,natural,sub-05,61,0.38483283322888256,ses-02,ERP,sub-12
WRONG,natural,sub-05,61,0.3948522991323565,ses-02,ERP,sub-14
WRONG,natural,sub-05,61,0.4806052915616552,ses-02,ERP,sub-15
WRONG,natural,sub-05,61,0.38846692515341347,ses-02,ERP,sub-17
WRONG,natural,sub-05,61,0.47520752527885424,ses-02,ERP,sub-18
WRONG,natural,sub-05,61,0.4158761254499709,ses-02,ERP,sub-19
WRONG,natural,sub-05,61,0.42245932266719816,ses-02,ERP,sub-21
WRONG,natural,sub-05,61,0.5660632492752115,ses-02,ERP,sub-23
WRONG,natural,sub-05,61,0.40482520892015256,ses-02,ERP,sub-24
GAIN_WRONG,natural,sub-05,61,0.5151560808954246,ses-02,ERP,sub-02
GAIN_WRONG,natural,sub-05,61,0.47948200078834824,ses-02,ERP,sub-03
GAIN_WRONG,natural,sub-05,61,0.4240956702223256,ses-02,ERP,sub-06
GAIN_WRONG,natural,sub-05,61,0.4886264413099181,ses-02,ERP,sub-07
GAIN_WRONG,natural,sub-05,61,0.5371387481659471,ses-02,ERP,sub-09
GAIN_WRONG,natural,sub-05,61,0.40265456451712145,ses-02,ERP,sub-11
GAIN_WRONG,natural,sub-05,61,0.4910639199391257,ses-02,ERP,sub-12
GAIN_WRONG,natural,sub-05,61,0.39723103552259825,ses-02,ERP,sub-14
GAIN_WRONG,natural,sub-05,61,0.5072028185052961,ses-02,ERP,sub-15
GAIN_WRONG,natural,sub-05,61,0.446688962280971,ses-02,ERP,sub-17
GAIN_WRONG,natural,sub-05,61,0.529148396531906,ses-02,ERP,sub-18
GAIN_WRONG,natural,sub-05,61,0.48622861831747993,ses-02,ERP,sub-19
GAIN_WRONG,natural,sub-05,61,0.44758191448965384,ses-02,ERP,sub-21
GAIN_WRONG,natural,sub-05,61,0.6081168046934006,ses-02,ERP,sub-23
GAIN_WRONG,natural,sub-05,61,0.4245346211076388,ses-02,ERP,sub-24
MATCH,natural,sub-05,45,0.574120825259859,ses-02,SSVEP,
POP,natural,sub-05,45,0.9961042273491935,ses-02,SSVEP,
TIME_SHIFT,natural,sub-05,45,0.9787070606399471,ses-02,SSVEP,
CHANNEL_PERM,natural,sub-05,45,0.9070483262417047,ses-02,SSVEP,
GAIN_MATCH,natural,sub-05,45,0.7221221540376248,ses-02,SSVEP,
GAIN_POP,natural,sub-05,45,0.9961042273491935,ses-02,SSVEP,
NULL,natural,sub-05,45,1.0,ses-02,SSVEP,
WRONG,natural,sub-05,45,0.6266731380088011,ses-02,SSVEP,sub-02
WRONG,natural,sub-05,45,0.6101719638482334,ses-02,SSVEP,sub-03
WRONG,natural,sub-05,45,0.5921442341863604,ses-02,SSVEP,sub-06
WRONG,natural,sub-05,45,0.6214738646218521,ses-02,SSVEP,sub-07
WRONG,natural,sub-05,45,2.2620119077715706,ses-02,SSVEP,sub-09
WRONG,natural,sub-05,45,0.9954018246097788,ses-02,SSVEP,sub-11
WRONG,natural,sub-05,45,0.8699365993178375,ses-02,SSVEP,sub-12
WRONG,natural,sub-05,45,0.6013255502200701,ses-02,SSVEP,sub-14
WRONG,natural,sub-05,45,0.641865611925095,ses-02,SSVEP,sub-15
WRONG,natural,sub-05,45,1.1963807442270433,ses-02,SSVEP,sub-17
WRONG,natural,sub-05,45,0.7232034856976899,ses-02,SSVEP,sub-18
WRONG,natural,sub-05,45,0.6120462473230415,ses-02,SSVEP,sub-19
WRONG,natural,sub-05,45,0.6818322174577927,ses-02,SSVEP,sub-21
WRONG,natural,sub-05,45,0.7005549409618195,ses-02,SSVEP,sub-23
WRONG,natural,sub-05,45,0.6466623554478784,ses-02,SSVEP,sub-24
GAIN_WRONG,natural,sub-05,45,0.7121307481629561,ses-02,SSVEP,sub-02
GAIN_WRONG,natural,sub-05,45,0.6255233815377619,ses-02,SSVEP,sub-03
GAIN_WRONG,natural,sub-05,45,0.816001896302986,ses-02,SSVEP,sub-06
GAIN_WRONG,natural,sub-05,45,0.7524897174358606,ses-02,SSVEP,sub-07
GAIN_WRONG,natural,sub-05,45,1.2379129438710463,ses-02,SSVEP,sub-09
GAIN_WRONG,natural,sub-05,45,1.0335180555266386,ses-02,SSVEP,sub-11
GAIN_WRONG,natural,sub-05,45,0.7617657515872259,ses-02,SSVEP,sub-12
GAIN_WRONG,natural,sub-05,45,0.7418613020464616,ses-02,SSVEP,sub-14
GAIN_WRONG,natural,sub-05,45,0.7808028843454928,ses-02,SSVEP,sub-15
GAIN_WRONG,natural,sub-05,45,0.8089397702953149,ses-02,SSVEP,sub-17
GAIN_WRONG,natural,sub-05,45,0.7225804303177685,ses-02,SSVEP,sub-18
GAIN_WRONG,natural,sub-05,45,0.6896818391488829,ses-02,SSVEP,sub-19
GAIN_WRONG,natural,sub-05,45,0.841490960121342,ses-02,SSVEP,sub-21
GAIN_WRONG,natural,sub-05,45,0.7138196156351679,ses-02,SSVEP,sub-23
GAIN_WRONG,natural,sub-05,45,0.93785113191248,ses-02,SSVEP,sub-24
MATCH,natural,sub-05,57,0.3949448525951414,ses-03,ERP,
POP,natural,sub-05,57,0.522846089534418,ses-03,ERP,
TIME_SHIFT,natural,sub-05,57,0.9923139832072867,ses-03,ERP,
CHANNEL_PERM,natural,sub-05,57,0.8427789194275099,ses-03,ERP,
GAIN_MATCH,natural,sub-05,57,0.4164800343327553,ses-03,ERP,
GAIN_POP,natural,sub-05,57,0.522846089534418,ses-03,ERP,
NULL,natural,sub-05,57,1.0,ses-03,ERP,
WRONG,natural,sub-05,57,0.5950943920561215,ses-03,ERP,sub-02
WRONG,natural,sub-05,57,0.5153551510264622,ses-03,ERP,sub-03
WRONG,natural,sub-05,57,0.5440207742207278,ses-03,ERP,sub-06
WRONG,natural,sub-05,57,0.46500106884578735,ses-03,ERP,sub-07
WRONG,natural,sub-05,57,0.9726191440551653,ses-03,ERP,sub-09
WRONG,natural,sub-05,57,0.4673264910908671,ses-03,ERP,sub-11
WRONG,natural,sub-05,57,0.429307591984686,ses-03,ERP,sub-12
WRONG,natural,sub-05,57,0.49074431230235216,ses-03,ERP,sub-14
WRONG,natural,sub-05,57,0.5703160496524736,ses-03,ERP,sub-15
WRONG,natural,sub-05,57,0.5746952969473338,ses-03,ERP,sub-17
WRONG,natural,sub-05,57,0.5029732898671623,ses-03,ERP,sub-18
WRONG,natural,sub-05,57,0.4841702077433602,ses-03,ERP,sub-19
WRONG,natural,sub-05,57,1.290024289771925,ses-03,ERP,sub-21
WRONG,natural,sub-05,57,0.8918808098163236,ses-03,ERP,sub-23
WRONG,natural,sub-05,57,0.49890436531453075,ses-03,ERP,sub-24
GAIN_WRONG,natural,sub-05,57,0.5757235651090397,ses-03,ERP,sub-02
GAIN_WRONG,natural,sub-05,57,0.4905371493171987,ses-03,ERP,sub-03
GAIN_WRONG,natural,sub-05,57,0.48439281701871706,ses-03,ERP,sub-06
GAIN_WRONG,natural,sub-05,57,0.4571607697387425,ses-03,ERP,sub-07
GAIN_WRONG,natural,sub-05,57,0.8345568725297479,ses-03,ERP,sub-09
GAIN_WRONG,natural,sub-05,57,0.44129086140975976,ses-03,ERP,sub-11
GAIN_WRONG,natural,sub-05,57,0.4409612573535102,ses-03,ERP,sub-12
GAIN_WRONG,natural,sub-05,57,0.49969982112433714,ses-03,ERP,sub-14
GAIN_WRONG,natural,sub-05,57,0.5488105750815628,ses-03,ERP,sub-15
GAIN_WRONG,natural,sub-05,57,0.6811087660574032,ses-03,ERP,sub-17
GAIN_WRONG,natural,sub-05,57,0.44803322025085596,ses-03,ERP,sub-18
GAIN_WRONG,natural,sub-05,57,0.4645572235746436,ses-03,ERP,sub-19
GAIN_WRONG,natural,sub-05,57,0.8996419836735157,ses-03,ERP,sub-21
GAIN_WRONG,natural,sub-05,57,0.8898470027122999,ses-03,ERP,sub-23
GAIN_WRONG,natural,sub-05,57,0.45376791814167655,ses-03,ERP,sub-24
MATCH,natural,sub-05,41,0.38065069411193714,ses-03,SSVEP,
POP,natural,sub-05,41,1.04520453465202,ses-03,SSVEP,
TIME_SHIFT,natural,sub-05,41,0.9861043105195645,ses-03,SSVEP,
CHANNEL_PERM,natural,sub-05,41,0.8309565788608198,ses-03,SSVEP,
GAIN_MATCH,natural,sub-05,41,0.8737361781450226,ses-03,SSVEP,
GAIN_POP,natural,sub-05,41,1.04520453465202,ses-03,SSVEP,
NULL,natural,sub-05,41,1.0,ses-03,SSVEP,
WRONG,natural,sub-05,41,1.7506426584299692,ses-03,SSVEP,sub-02
WRONG,natural,sub-05,41,0.42533663216755574,ses-03,SSVEP,sub-03
WRONG,natural,sub-05,41,0.42507573797506704,ses-03,SSVEP,sub-06
WRONG,natural,sub-05,41,0.5502873650929272,ses-03,SSVEP,sub-07
WRONG,natural,sub-05,41,0.48357356193301293,ses-03,SSVEP,sub-09
WRONG,natural,sub-05,41,0.6780467943292537,ses-03,SSVEP,sub-11
WRONG,natural,sub-05,41,0.695373225784569,ses-03,SSVEP,sub-12
WRONG,natural,sub-05,41,0.4082812096468168,ses-03,SSVEP,sub-14
WRONG,natural,sub-05,41,0.5302923218076097,ses-03,SSVEP,sub-15
WRONG,natural,sub-05,41,1.0933857304705759,ses-03,SSVEP,sub-17
WRONG,natural,sub-05,41,0.5289282824907143,ses-03,SSVEP,sub-18
WRONG,natural,sub-05,41,0.4062859879589748,ses-03,SSVEP,sub-19
WRONG,natural,sub-05,41,0.5003970898788597,ses-03,SSVEP,sub-21
WRONG,natural,sub-05,41,0.986181861735656,ses-03,SSVEP,sub-23
WRONG,natural,sub-05,41,0.3931567079283665,ses-03,SSVEP,sub-24
GAIN_WRONG,natural,sub-05,41,1.1288915417946428,ses-03,SSVEP,sub-02
GAIN_WRONG,natural,sub-05,41,0.8174237613753037,ses-03,SSVEP,sub-03
GAIN_WRONG,natural,sub-05,41,1.112983110986189,ses-03,SSVEP,sub-06
GAIN_WRONG,natural,sub-05,41,0.6966289266379222,ses-03,SSVEP,sub-07
GAIN_WRONG,natural,sub-05,41,1.186755686433991,ses-03,SSVEP,sub-09
GAIN_WRONG,natural,sub-05,41,0.6380657920051819,ses-03,SSVEP,sub-11
GAIN_WRONG,natural,sub-05,41,1.3983465663508179,ses-03,SSVEP,sub-12
GAIN_WRONG,natural,sub-05,41,0.9999423663837815,ses-03,SSVEP,sub-14
GAIN_WRONG,natural,sub-05,41,1.038460061663317,ses-03,SSVEP,sub-15
GAIN_WRONG,natural,sub-05,41,1.0149500898062216,ses-03,SSVEP,sub-17
GAIN_WRONG,natural,sub-05,41,1.1129628396220819,ses-03,SSVEP,sub-18
GAIN_WRONG,natural,sub-05,41,0.4982514882335968,ses-03,SSVEP,sub-19
GAIN_WRONG,natural,sub-05,41,1.0348198667287247,ses-03,SSVEP,sub-21
GAIN_WRONG,natural,sub-05,41,1.2236846801974712,ses-03,SSVEP,sub-23
GAIN_WRONG,natural,sub-05,41,1.3065136061662113,ses-03,SSVEP,sub-24
MATCH,natural,sub-05,57,0.5369008921686832,ses-04,ERP,
POP,natural,sub-05,57,0.6274903317629456,ses-04,ERP,
TIME_SHIFT,natural,sub-05,57,0.9737296768310335,ses-04,ERP,
CHANNEL_PERM,natural,sub-05,57,0.8755437425737276,ses-04,ERP,
GAIN_MATCH,natural,sub-05,57,0.7048595980141464,ses-04,ERP,
GAIN_POP,natural,sub-05,57,0.6274903317629456,ses-04,ERP,
NULL,natural,sub-05,57,1.0,ses-04,ERP,
WRONG,natural,sub-05,57,0.7366002905854324,ses-04,ERP,sub-02
WRONG,natural,sub-05,57,0.6306974964736093,ses-04,ERP,sub-03
WRONG,natural,sub-05,57,0.6887349340185999,ses-04,ERP,sub-06
WRONG,natural,sub-05,57,0.7362409408935093,ses-04,ERP,sub-07
WRONG,natural,sub-05,57,0.623898278173743,ses-04,ERP,sub-09
WRONG,natural,sub-05,57,0.6092294660830219,ses-04,ERP,sub-11
WRONG,natural,sub-05,57,0.6139961703080753,ses-04,ERP,sub-12
WRONG,natural,sub-05,57,0.6433262132464009,ses-04,ERP,sub-14
WRONG,natural,sub-05,57,0.7162537275308974,ses-04,ERP,sub-15
WRONG,natural,sub-05,57,0.6491259047629673,ses-04,ERP,sub-17
WRONG,natural,sub-05,57,0.6161000987120244,ses-04,ERP,sub-18
WRONG,natural,sub-05,57,0.6202185237820137,ses-04,ERP,sub-19
WRONG,natural,sub-05,57,0.6457107120631566,ses-04,ERP,sub-21
WRONG,natural,sub-05,57,0.9064210262723038,ses-04,ERP,sub-23
WRONG,natural,sub-05,57,0.6243923693030679,ses-04,ERP,sub-24
GAIN_WRONG,natural,sub-05,57,0.8484827647234956,ses-04,ERP,sub-02
GAIN_WRONG,natural,sub-05,57,0.7185637664578193,ses-04,ERP,sub-03
GAIN_WRONG,natural,sub-05,57,0.7087835686395065,ses-04,ERP,sub-06
GAIN_WRONG,natural,sub-05,57,0.786819812288989,ses-04,ERP,sub-07
GAIN_WRONG,natural,sub-05,57,0.6653776372345229,ses-04,ERP,sub-09
GAIN_WRONG,natural,sub-05,57,0.6505522230339883,ses-04,ERP,sub-11
GAIN_WRONG,natural,sub-05,57,0.6499309269238233,ses-04,ERP,sub-12
GAIN_WRONG,natural,sub-05,57,0.6830069253946877,ses-04,ERP,sub-14
GAIN_WRONG,natural,sub-05,57,0.8464097422318536,ses-04,ERP,sub-15
GAIN_WRONG,natural,sub-05,57,0.6658898318264701,ses-04,ERP,sub-17
GAIN_WRONG,natural,sub-05,57,0.6668504310302069,ses-04,ERP,sub-18
GAIN_WRONG,natural,sub-05,57,0.6416613780105834,ses-04,ERP,sub-19
GAIN_WRONG,natural,sub-05,57,0.7416936036806621,ses-04,ERP,sub-21
GAIN_WRONG,natural,sub-05,57,0.8957375090834475,ses-04,ERP,sub-23
GAIN_WRONG,natural,sub-05,57,0.6556130624068873,ses-04,ERP,sub-24
MATCH,natural,sub-05,37,0.5865184714421507,ses-04,SSVEP,
POP,natural,sub-05,37,0.8252168436542001,ses-04,SSVEP,
TIME_SHIFT,natural,sub-05,37,0.9552947664104179,ses-04,SSVEP,
CHANNEL_PERM,natural,sub-05,37,0.8443678102811741,ses-04,SSVEP,
GAIN_MATCH,natural,sub-05,37,0.5872716590873747,ses-04,SSVEP,
GAIN_POP,natural,sub-05,37,0.8252168436542001,ses-04,SSVEP,
NULL,natural,sub-05,37,1.0,ses-04,SSVEP,
WRONG,natural,sub-05,37,0.974480668592602,ses-04,SSVEP,sub-02
WRONG,natural,sub-05,37,0.6776836607390662,ses-04,SSVEP,sub-03
WRONG,natural,sub-05,37,0.6476404983808215,ses-04,SSVEP,sub-06
WRONG,natural,sub-05,37,0.8076077793803892,ses-04,SSVEP,sub-07
WRONG,natural,sub-05,37,0.9820390384954056,ses-04,SSVEP,sub-09
WRONG,natural,sub-05,37,0.8429427928887268,ses-04,SSVEP,sub-11
WRONG,natural,sub-05,37,0.9932008936230975,ses-04,SSVEP,sub-12
WRONG,natural,sub-05,37,0.6273769469390816,ses-04,SSVEP,sub-14
WRONG,natural,sub-05,37,0.6907555287519522,ses-04,SSVEP,sub-15
WRONG,natural,sub-05,37,0.8307438781306535,ses-04,SSVEP,sub-17
WRONG,natural,sub-05,37,0.6660280954958233,ses-04,SSVEP,sub-18
WRONG,natural,sub-05,37,1.2000435399464533,ses-04,SSVEP,sub-19
WRONG,natural,sub-05,37,0.6684187951123809,ses-04,SSVEP,sub-21
WRONG,natural,sub-05,37,0.9135815021554355,ses-04,SSVEP,sub-23
WRONG,natural,sub-05,37,0.6617560512155914,ses-04,SSVEP,sub-24
GAIN_WRONG,natural,sub-05,37,0.86540512507244,ses-04,SSVEP,sub-02
GAIN_WRONG,natural,sub-05,37,0.705594289010618,ses-04,SSVEP,sub-03
GAIN_WRONG,natural,sub-05,37,0.6454130988382668,ses-04,SSVEP,sub-06
GAIN_WRONG,natural,sub-05,37,0.832252441741508,ses-04,SSVEP,sub-07
GAIN_WRONG,natural,sub-05,37,0.8185324361654375,ses-04,SSVEP,sub-09
GAIN_WRONG,natural,sub-05,37,0.7654324642153174,ses-04,SSVEP,sub-11
GAIN_WRONG,natural,sub-05,37,0.7211974779062463,ses-04,SSVEP,sub-12
GAIN_WRONG,natural,sub-05,37,0.6275260980847274,ses-04,SSVEP,sub-14
GAIN_WRONG,natural,sub-05,37,0.7281003551001429,ses-04,SSVEP,sub-15
GAIN_WRONG,natural,sub-05,37,0.7871659522280862,ses-04,SSVEP,sub-17
GAIN_WRONG,natural,sub-05,37,0.7234600207973905,ses-04,SSVEP,sub-18
GAIN_WRONG,natural,sub-05,37,1.0484901824176398,ses-04,SSVEP,sub-19
GAIN_WRONG,natural,sub-05,37,0.6364671236194054,ses-04,SSVEP,sub-21
GAIN_WRONG,natural,sub-05,37,0.9079060115777263,ses-04,SSVEP,sub-23
GAIN_WRONG,natural,sub-05,37,0.6610125607424238,ses-04,SSVEP,sub-24
MATCH,natural,sub-06,56,0.4239778233039994,ses-02,ERP,
POP,natural,sub-06,56,0.4780522842765781,ses-02,ERP,
TIME_SHIFT,natural,sub-06,56,0.9375408170969034,ses-02,ERP,
CHANNEL_PERM,natural,sub-06,56,0.8095188536653738,ses-02,ERP,
GAIN_MATCH,natural,sub-06,56,0.43744376018929343,ses-02,ERP,
GAIN_POP,natural,sub-06,56,0.4780522842765781,ses-02,ERP,
NULL,natural,sub-06,56,1.0,ses-02,ERP,
WRONG,natural,sub-06,56,0.47110621206007475,ses-02,ERP,sub-02
WRONG,natural,sub-06,56,0.4515631992134889,ses-02,ERP,sub-03
WRONG,natural,sub-06,56,0.6627937820269297,ses-02,ERP,sub-05
WRONG,natural,sub-06,56,0.46247173289234283,ses-02,ERP,sub-07
WRONG,natural,sub-06,56,0.4882242196504389,ses-02,ERP,sub-09
WRONG,natural,sub-06,56,0.5491719902667835,ses-02,ERP,sub-11
WRONG,natural,sub-06,56,0.7268435188364674,ses-02,ERP,sub-12
WRONG,natural,sub-06,56,0.45951038333865746,ses-02,ERP,sub-14
WRONG,natural,sub-06,56,0.4847606039751772,ses-02,ERP,sub-15
WRONG,natural,sub-06,56,0.6176957532655851,ses-02,ERP,sub-17
WRONG,natural,sub-06,56,0.4980985968157564,ses-02,ERP,sub-18
WRONG,natural,sub-06,56,0.5204820607888104,ses-02,ERP,sub-19
WRONG,natural,sub-06,56,0.46815164734714837,ses-02,ERP,sub-21
WRONG,natural,sub-06,56,0.4700785929869951,ses-02,ERP,sub-23
WRONG,natural,sub-06,56,0.49839020916192434,ses-02,ERP,sub-24
GAIN_WRONG,natural,sub-06,56,0.47501070502483744,ses-02,ERP,sub-02
GAIN_WRONG,natural,sub-06,56,0.4469559584235814,ses-02,ERP,sub-03
GAIN_WRONG,natural,sub-06,56,0.4916663111345429,ses-02,ERP,sub-05
GAIN_WRONG,natural,sub-06,56,0.46055461434901684,ses-02,ERP,sub-07
GAIN_WRONG,natural,sub-06,56,0.4452546599674149,ses-02,ERP,sub-09
GAIN_WRONG,natural,sub-06,56,0.4880798226192203,ses-02,ERP,sub-11
GAIN_WRONG,natural,sub-06,56,0.4456087120310164,ses-02,ERP,sub-12
GAIN_WRONG,natural,sub-06,56,0.4636715146387674,ses-02,ERP,sub-14
GAIN_WRONG,natural,sub-06,56,0.47785086886722844,ses-02,ERP,sub-15
GAIN_WRONG,natural,sub-06,56,0.4892779426151309,ses-02,ERP,sub-17
GAIN_WRONG,natural,sub-06,56,0.46087956354074705,ses-02,ERP,sub-18
GAIN_WRONG,natural,sub-06,56,0.5058534772625954,ses-02,ERP,sub-19
GAIN_WRONG,natural,sub-06,56,0.45766767623316734,ses-02,ERP,sub-21
GAIN_WRONG,natural,sub-06,56,0.45148683421425667,ses-02,ERP,sub-23
GAIN_WRONG,natural,sub-06,56,0.4857414288748819,ses-02,ERP,sub-24
MATCH,natural,sub-06,36,0.3949787220900885,ses-02,SSVEP,
POP,natural,sub-06,36,1.2373556424554326,ses-02,SSVEP,
TIME_SHIFT,natural,sub-06,36,1.0090973272897794,ses-02,SSVEP,
CHANNEL_PERM,natural,sub-06,36,0.8109449456572715,ses-02,SSVEP,
GAIN_MATCH,natural,sub-06,36,0.8003602552195224,ses-02,SSVEP,
GAIN_POP,natural,sub-06,36,1.2373556424554326,ses-02,SSVEP,
NULL,natural,sub-06,36,1.0,ses-02,SSVEP,
WRONG,natural,sub-06,36,0.5620076243076402,ses-02,SSVEP,sub-02
WRONG,natural,sub-06,36,0.5211498190043016,ses-02,SSVEP,sub-03
WRONG,natural,sub-06,36,0.47351585884140995,ses-02,SSVEP,sub-05
WRONG,natural,sub-06,36,0.5529546853258233,ses-02,SSVEP,sub-07
WRONG,natural,sub-06,36,3.3294231355659933,ses-02,SSVEP,sub-09
WRONG,natural,sub-06,36,0.8417070515720053,ses-02,SSVEP,sub-11
WRONG,natural,sub-06,36,0.8913219953928733,ses-02,SSVEP,sub-12
WRONG,natural,sub-06,36,0.5389818648030931,ses-02,SSVEP,sub-14
WRONG,natural,sub-06,36,0.5144147357172163,ses-02,SSVEP,sub-15
WRONG,natural,sub-06,36,0.844588853791618,ses-02,SSVEP,sub-17
WRONG,natural,sub-06,36,0.7382026378328163,ses-02,SSVEP,sub-18
WRONG,natural,sub-06,36,0.5877522320930315,ses-02,SSVEP,sub-19
WRONG,natural,sub-06,36,0.6117962423930714,ses-02,SSVEP,sub-21
WRONG,natural,sub-06,36,0.4208258141169226,ses-02,SSVEP,sub-23
WRONG,natural,sub-06,36,0.4665563806703207,ses-02,SSVEP,sub-24
GAIN_WRONG,natural,sub-06,36,0.8589393866760149,ses-02,SSVEP,sub-02
GAIN_WRONG,natural,sub-06,36,0.5609717482979265,ses-02,SSVEP,sub-03
GAIN_WRONG,natural,sub-06,36,0.7181581694313839,ses-02,SSVEP,sub-05
GAIN_WRONG,natural,sub-06,36,0.8503061797707913,ses-02,SSVEP,sub-07
GAIN_WRONG,natural,sub-06,36,1.556001499445084,ses-02,SSVEP,sub-09
GAIN_WRONG,natural,sub-06,36,0.8890310955972881,ses-02,SSVEP,sub-11
GAIN_WRONG,natural,sub-06,36,0.697877719722157,ses-02,SSVEP,sub-12
GAIN_WRONG,natural,sub-06,36,0.747154192405644,ses-02,SSVEP,sub-14
GAIN_WRONG,natural,sub-06,36,0.8025021617355457,ses-02,SSVEP,sub-15
GAIN_WRONG,natural,sub-06,36,0.5131856365723395,ses-02,SSVEP,sub-17
GAIN_WRONG,natural,sub-06,36,0.740318676316709,ses-02,SSVEP,sub-18
GAIN_WRONG,natural,sub-06,36,0.7539057963369055,ses-02,SSVEP,sub-19
GAIN_WRONG,natural,sub-06,36,0.8756021891611395,ses-02,SSVEP,sub-21
GAIN_WRONG,natural,sub-06,36,0.7417210516584241,ses-02,SSVEP,sub-23
GAIN_WRONG,natural,sub-06,36,0.9468518277452157,ses-02,SSVEP,sub-24
MATCH,natural,sub-06,57,0.4427789427823299,ses-03,ERP,
POP,natural,sub-06,57,0.5043944870682379,ses-03,ERP,
TIME_SHIFT,natural,sub-06,57,1.0214724778621531,ses-03,ERP,
CHANNEL_PERM,natural,sub-06,57,0.7887793442583699,ses-03,ERP,
GAIN_MATCH,natural,sub-06,57,0.4819970768858253,ses-03,ERP,
GAIN_POP,natural,sub-06,57,0.5043944870682379,ses-03,ERP,
NULL,natural,sub-06,57,1.0,ses-03,ERP,
WRONG,natural,sub-06,57,0.5588805987188681,ses-03,ERP,sub-02
WRONG,natural,sub-06,57,0.5007301067801223,ses-03,ERP,sub-03
WRONG,natural,sub-06,57,0.694802563436223,ses-03,ERP,sub-05
WRONG,natural,sub-06,57,0.5131449488426255,ses-03,ERP,sub-07
WRONG,natural,sub-06,57,0.7573906510752264,ses-03,ERP,sub-09
WRONG,natural,sub-06,57,0.5477102833440997,ses-03,ERP,sub-11
WRONG,natural,sub-06,57,0.7487442902398342,ses-03,ERP,sub-12
WRONG,natural,sub-06,57,0.5680780169634463,ses-03,ERP,sub-14
WRONG,natural,sub-06,57,0.5060710886465855,ses-03,ERP,sub-15
WRONG,natural,sub-06,57,0.7419320444687785,ses-03,ERP,sub-17
WRONG,natural,sub-06,57,0.4723192369977557,ses-03,ERP,sub-18
WRONG,natural,sub-06,57,0.5303819853929959,ses-03,ERP,sub-19
WRONG,natural,sub-06,57,1.0209896259700046,ses-03,ERP,sub-21
WRONG,natural,sub-06,57,0.5900866783692367,ses-03,ERP,sub-23
WRONG,natural,sub-06,57,0.5112951706392883,ses-03,ERP,sub-24
GAIN_WRONG,natural,sub-06,57,0.5624427168373913,ses-03,ERP,sub-02
GAIN_WRONG,natural,sub-06,57,0.5317020872205337,ses-03,ERP,sub-03
GAIN_WRONG,natural,sub-06,57,0.6054529286950308,ses-03,ERP,sub-05
GAIN_WRONG,natural,sub-06,57,0.5254305635787972,ses-03,ERP,sub-07
GAIN_WRONG,natural,sub-06,57,0.6784262304417006,ses-03,ERP,sub-09
GAIN_WRONG,natural,sub-06,57,0.6459400714502023,ses-03,ERP,sub-11
GAIN_WRONG,natural,sub-06,57,0.6542943052287825,ses-03,ERP,sub-12
GAIN_WRONG,natural,sub-06,57,0.5627732917653135,ses-03,ERP,sub-14
GAIN_WRONG,natural,sub-06,57,0.5063906135182146,ses-03,ERP,sub-15
GAIN_WRONG,natural,sub-06,57,0.5745680778330988,ses-03,ERP,sub-17
GAIN_WRONG,natural,sub-06,57,0.5256913178004169,ses-03,ERP,sub-18
GAIN_WRONG,natural,sub-06,57,0.5459388461785245,ses-03,ERP,sub-19
GAIN_WRONG,natural,sub-06,57,0.7803035004060713,ses-03,ERP,sub-21
GAIN_WRONG,natural,sub-06,57,0.5813832226717991,ses-03,ERP,sub-23
GAIN_WRONG,natural,sub-06,57,0.612296446419467,ses-03,ERP,sub-24
MATCH,natural,sub-06,37,0.3840677168767422,ses-03,SSVEP,
POP,natural,sub-06,37,1.307215045748888,ses-03,SSVEP,
TIME_SHIFT,natural,sub-06,37,1.00896128559329,ses-03,SSVEP,
CHANNEL_PERM,natural,sub-06,37,0.7760900890858896,ses-03,SSVEP,
GAIN_MATCH,natural,sub-06,37,1.1258216560112906,ses-03,SSVEP,
GAIN_POP,natural,sub-06,37,1.307215045748888,ses-03,SSVEP,
NULL,natural,sub-06,37,1.0,ses-03,SSVEP,
WRONG,natural,sub-06,37,2.2880213911545733,ses-03,SSVEP,sub-02
WRONG,natural,sub-06,37,0.4795706522923716,ses-03,SSVEP,sub-03
WRONG,natural,sub-06,37,0.529037532735555,ses-03,SSVEP,sub-05
WRONG,natural,sub-06,37,0.5540597264419382,ses-03,SSVEP,sub-07
WRONG,natural,sub-06,37,0.5366768360358635,ses-03,SSVEP,sub-09
WRONG,natural,sub-06,37,0.9047180539154945,ses-03,SSVEP,sub-11
WRONG,natural,sub-06,37,0.8675311048769762,ses-03,SSVEP,sub-12
WRONG,natural,sub-06,37,0.5195028066288577,ses-03,SSVEP,sub-14
WRONG,natural,sub-06,37,0.49854580496949996,ses-03,SSVEP,sub-15
WRONG,natural,sub-06,37,0.6722439216070232,ses-03,SSVEP,sub-17
WRONG,natural,sub-06,37,0.6777140900035826,ses-03,SSVEP,sub-18
WRONG,natural,sub-06,37,0.6376296474740666,ses-03,SSVEP,sub-19
WRONG,natural,sub-06,37,0.5918739738097314,ses-03,SSVEP,sub-21
WRONG,natural,sub-06,37,0.820610263421531,ses-03,SSVEP,sub-23
WRONG,natural,sub-06,37,0.4844574038076355,ses-03,SSVEP,sub-24
GAIN_WRONG,natural,sub-06,37,1.383556155554832,ses-03,SSVEP,sub-02
GAIN_WRONG,natural,sub-06,37,1.0060552822742341,ses-03,SSVEP,sub-03
GAIN_WRONG,natural,sub-06,37,0.9710006992983706,ses-03,SSVEP,sub-05
GAIN_WRONG,natural,sub-06,37,0.8202319734607422,ses-03,SSVEP,sub-07
GAIN_WRONG,natural,sub-06,37,1.1685087080270375,ses-03,SSVEP,sub-09
GAIN_WRONG,natural,sub-06,37,0.8386942600510736,ses-03,SSVEP,sub-11
GAIN_WRONG,natural,sub-06,37,1.6644643375403836,ses-03,SSVEP,sub-12
GAIN_WRONG,natural,sub-06,37,1.1676759115070778,ses-03,SSVEP,sub-14
GAIN_WRONG,natural,sub-06,37,0.9922651249741311,ses-03,SSVEP,sub-15
GAIN_WRONG,natural,sub-06,37,0.6112923861454618,ses-03,SSVEP,sub-17
GAIN_WRONG,natural,sub-06,37,1.337407515382377,ses-03,SSVEP,sub-18
GAIN_WRONG,natural,sub-06,37,0.8154211180364601,ses-03,SSVEP,sub-19
GAIN_WRONG,natural,sub-06,37,1.1781359347302824,ses-03,SSVEP,sub-21
GAIN_WRONG,natural,sub-06,37,0.728475735918712,ses-03,SSVEP,sub-23
GAIN_WRONG,natural,sub-06,37,1.5826183278349335,ses-03,SSVEP,sub-24
MATCH,natural,sub-06,59,0.6661809562224054,ses-04,ERP,
POP,natural,sub-06,59,0.6993523665646108,ses-04,ERP,
TIME_SHIFT,natural,sub-06,59,0.9223564259776793,ses-04,ERP,
CHANNEL_PERM,natural,sub-06,59,0.8646542146311855,ses-04,ERP,
GAIN_MATCH,natural,sub-06,59,0.6670598299780123,ses-04,ERP,
GAIN_POP,natural,sub-06,59,0.6993523665646108,ses-04,ERP,
NULL,natural,sub-06,59,1.0,ses-04,ERP,
WRONG,natural,sub-06,59,0.9812027564651751,ses-04,ERP,sub-02
WRONG,natural,sub-06,59,0.7088456622582189,ses-04,ERP,sub-03
WRONG,natural,sub-06,59,1.0779867636221285,ses-04,ERP,sub-05
WRONG,natural,sub-06,59,0.8222245629791316,ses-04,ERP,sub-07
WRONG,natural,sub-06,59,0.695136859932334,ses-04,ERP,sub-09
WRONG,natural,sub-06,59,0.7707104691719938,ses-04,ERP,sub-11
WRONG,natural,sub-06,59,0.8523759408113728,ses-04,ERP,sub-12
WRONG,natural,sub-06,59,0.792230604663583,ses-04,ERP,sub-14
WRONG,natural,sub-06,59,0.9351088460313899,ses-04,ERP,sub-15
WRONG,natural,sub-06,59,0.7248233175696641,ses-04,ERP,sub-17
WRONG,natural,sub-06,59,0.7096623148588181,ses-04,ERP,sub-18
WRONG,natural,sub-06,59,0.7089574484520982,ses-04,ERP,sub-19
WRONG,natural,sub-06,59,0.8834172789198733,ses-04,ERP,sub-21
WRONG,natural,sub-06,59,0.7511764652750361,ses-04,ERP,sub-23
WRONG,natural,sub-06,59,0.6993833913483352,ses-04,ERP,sub-24
GAIN_WRONG,natural,sub-06,59,0.8943393366332779,ses-04,ERP,sub-02
GAIN_WRONG,natural,sub-06,59,0.7376193709446587,ses-04,ERP,sub-03
GAIN_WRONG,natural,sub-06,59,0.8155202078260885,ses-04,ERP,sub-05
GAIN_WRONG,natural,sub-06,59,0.8023419920461594,ses-04,ERP,sub-07
GAIN_WRONG,natural,sub-06,59,0.6678148243874472,ses-04,ERP,sub-09
GAIN_WRONG,natural,sub-06,59,0.7261265002396583,ses-04,ERP,sub-11
GAIN_WRONG,natural,sub-06,59,0.6938440223508081,ses-04,ERP,sub-12
GAIN_WRONG,natural,sub-06,59,0.754403957457941,ses-04,ERP,sub-14
GAIN_WRONG,natural,sub-06,59,0.832387150229624,ses-04,ERP,sub-15
GAIN_WRONG,natural,sub-06,59,0.6652662742777593,ses-04,ERP,sub-17
GAIN_WRONG,natural,sub-06,59,0.7152087025313898,ses-04,ERP,sub-18
GAIN_WRONG,natural,sub-06,59,0.7073648291915628,ses-04,ERP,sub-19
GAIN_WRONG,natural,sub-06,59,0.7976113499873424,ses-04,ERP,sub-21
GAIN_WRONG,natural,sub-06,59,0.728441455948444,ses-04,ERP,sub-23
GAIN_WRONG,natural,sub-06,59,0.691918035906873,ses-04,ERP,sub-24
MATCH,natural,sub-06,36,0.4983619509343699,ses-04,SSVEP,
POP,natural,sub-06,36,0.768175183534364,ses-04,SSVEP,
TIME_SHIFT,natural,sub-06,36,0.9276248024123928,ses-04,SSVEP,
CHANNEL_PERM,natural,sub-06,36,0.7904851625713899,ses-04,SSVEP,
GAIN_MATCH,natural,sub-06,36,0.5012206883857883,ses-04,SSVEP,
GAIN_POP,natural,sub-06,36,0.768175183534364,ses-04,SSVEP,
NULL,natural,sub-06,36,1.0,ses-04,SSVEP,
WRONG,natural,sub-06,36,1.0397188605895762,ses-04,SSVEP,sub-02
WRONG,natural,sub-06,36,0.6932569260572043,ses-04,SSVEP,sub-03
WRONG,natural,sub-06,36,0.587955818120127,ses-04,SSVEP,sub-05
WRONG,natural,sub-06,36,0.8375353962773924,ses-04,SSVEP,sub-07
WRONG,natural,sub-06,36,0.82315924199571,ses-04,SSVEP,sub-09
WRONG,natural,sub-06,36,1.0714457905909949,ses-04,SSVEP,sub-11
WRONG,natural,sub-06,36,1.0326002646254875,ses-04,SSVEP,sub-12
WRONG,natural,sub-06,36,0.6699676515761159,ses-04,SSVEP,sub-14
WRONG,natural,sub-06,36,0.7121575948860643,ses-04,SSVEP,sub-15
WRONG,natural,sub-06,36,0.7626477518247288,ses-04,SSVEP,sub-17
WRONG,natural,sub-06,36,0.8089220714053419,ses-04,SSVEP,sub-18
WRONG,natural,sub-06,36,1.1268515674497117,ses-04,SSVEP,sub-19
WRONG,natural,sub-06,36,0.7578823901775545,ses-04,SSVEP,sub-21
WRONG,natural,sub-06,36,0.8068099379348337,ses-04,SSVEP,sub-23
WRONG,natural,sub-06,36,0.6089711558200661,ses-04,SSVEP,sub-24
GAIN_WRONG,natural,sub-06,36,0.8853975059619408,ses-04,SSVEP,sub-02
GAIN_WRONG,natural,sub-06,36,0.7437631043571297,ses-04,SSVEP,sub-03
GAIN_WRONG,natural,sub-06,36,0.5880804842605191,ses-04,SSVEP,sub-05
GAIN_WRONG,natural,sub-06,36,0.8704071570987241,ses-04,SSVEP,sub-07
GAIN_WRONG,natural,sub-06,36,0.745560755905651,ses-04,SSVEP,sub-09
GAIN_WRONG,natural,sub-06,36,0.9155487192036487,ses-04,SSVEP,sub-11
GAIN_WRONG,natural,sub-06,36,0.6907806339715806,ses-04,SSVEP,sub-12
GAIN_WRONG,natural,sub-06,36,0.6713163974361865,ses-04,SSVEP,sub-14
GAIN_WRONG,natural,sub-06,36,0.7068724014442548,ses-04,SSVEP,sub-15
GAIN_WRONG,natural,sub-06,36,0.7361050029268895,ses-04,SSVEP,sub-17
GAIN_WRONG,natural,sub-06,36,0.7549130465772319,ses-04,SSVEP,sub-18
GAIN_WRONG,natural,sub-06,36,0.9905950737176824,ses-04,SSVEP,sub-19
GAIN_WRONG,natural,sub-06,36,0.6968038710253383,ses-04,SSVEP,sub-21
GAIN_WRONG,natural,sub-06,36,0.7460807749657365,ses-04,SSVEP,sub-23
GAIN_WRONG,natural,sub-06,36,0.6090736730100825,ses-04,SSVEP,sub-24
MATCH,natural,sub-07,59,0.7038138418573104,ses-02,ERP,
POP,natural,sub-07,59,0.7897874551537812,ses-02,ERP,
TIME_SHIFT,natural,sub-07,59,0.9042100542615411,ses-02,ERP,
CHANNEL_PERM,natural,sub-07,59,1.0965307588565787,ses-02,ERP,
GAIN_MATCH,natural,sub-07,59,0.7028856229617484,ses-02,ERP,
GAIN_POP,natural,sub-07,59,0.7897874551537812,ses-02,ERP,
NULL,natural,sub-07,59,1.0,ses-02,ERP,
WRONG,natural,sub-07,59,0.6854063077910804,ses-02,ERP,sub-02
WRONG,natural,sub-07,59,0.8889893597790293,ses-02,ERP,sub-03
WRONG,natural,sub-07,59,0.9675417885322317,ses-02,ERP,sub-05
WRONG,natural,sub-07,59,0.8210160644768073,ses-02,ERP,sub-06
WRONG,natural,sub-07,59,0.9343998813695291,ses-02,ERP,sub-09
WRONG,natural,sub-07,59,0.9190979326906594,ses-02,ERP,sub-11
WRONG,natural,sub-07,59,1.1329086957541834,ses-02,ERP,sub-12
WRONG,natural,sub-07,59,0.8093264594913768,ses-02,ERP,sub-14
WRONG,natural,sub-07,59,0.7084222247485673,ses-02,ERP,sub-15
WRONG,natural,sub-07,59,0.903894010378073,ses-02,ERP,sub-17
WRONG,natural,sub-07,59,0.6952400836146763,ses-02,ERP,sub-18
WRONG,natural,sub-07,59,0.8377814439204722,ses-02,ERP,sub-19
WRONG,natural,sub-07,59,0.8529920838931407,ses-02,ERP,sub-21
WRONG,natural,sub-07,59,0.7125843732995435,ses-02,ERP,sub-23
WRONG,natural,sub-07,59,0.9519883873159012,ses-02,ERP,sub-24
GAIN_WRONG,natural,sub-07,59,0.6860147050452512,ses-02,ERP,sub-02
GAIN_WRONG,natural,sub-07,59,0.8712299148721468,ses-02,ERP,sub-03
GAIN_WRONG,natural,sub-07,59,0.85122568469374,ses-02,ERP,sub-05
GAIN_WRONG,natural,sub-07,59,0.8349978187951489,ses-02,ERP,sub-06
GAIN_WRONG,natural,sub-07,59,0.8459638653399947,ses-02,ERP,sub-09
GAIN_WRONG,natural,sub-07,59,0.8827732113965575,ses-02,ERP,sub-11
GAIN_WRONG,natural,sub-07,59,0.8935545078440227,ses-02,ERP,sub-12
GAIN_WRONG,natural,sub-07,59,0.812688079991121,ses-02,ERP,sub-14
GAIN_WRONG,natural,sub-07,59,0.7018447598027836,ses-02,ERP,sub-15
GAIN_WRONG,natural,sub-07,59,0.829624569961341,ses-02,ERP,sub-17
GAIN_WRONG,natural,sub-07,59,0.6869463507638136,ses-02,ERP,sub-18
GAIN_WRONG,natural,sub-07,59,0.8086186437156859,ses-02,ERP,sub-19
GAIN_WRONG,natural,sub-07,59,0.8414422248533268,ses-02,ERP,sub-21
GAIN_WRONG,natural,sub-07,59,0.7153305333301947,ses-02,ERP,sub-23
GAIN_WRONG,natural,sub-07,59,0.9403798532422614,ses-02,ERP,sub-24
MATCH,natural,sub-07,36,0.5254111466114224,ses-02,SSVEP,
POP,natural,sub-07,36,0.965305970159558,ses-02,SSVEP,
TIME_SHIFT,natural,sub-07,36,0.9683759537827148,ses-02,SSVEP,
CHANNEL_PERM,natural,sub-07,36,0.9476059749119591,ses-02,SSVEP,
GAIN_MATCH,natural,sub-07,36,0.6480085056992797,ses-02,SSVEP,
GAIN_POP,natural,sub-07,36,0.965305970159558,ses-02,SSVEP,
NULL,natural,sub-07,36,1.0,ses-02,SSVEP,
WRONG,natural,sub-07,36,0.6693855079151994,ses-02,SSVEP,sub-02
WRONG,natural,sub-07,36,0.6204362466584313,ses-02,SSVEP,sub-03
WRONG,natural,sub-07,36,0.5772713777949642,ses-02,SSVEP,sub-05
WRONG,natural,sub-07,36,0.5506724105664339,ses-02,SSVEP,sub-06
WRONG,natural,sub-07,36,2.2977247957403515,ses-02,SSVEP,sub-09
WRONG,natural,sub-07,36,0.8725361062103298,ses-02,SSVEP,sub-11
WRONG,natural,sub-07,36,0.7845626918717894,ses-02,SSVEP,sub-12
WRONG,natural,sub-07,36,0.5741899301855825,ses-02,SSVEP,sub-14
WRONG,natural,sub-07,36,0.6319314138367866,ses-02,SSVEP,sub-15
WRONG,natural,sub-07,36,0.8403045339196856,ses-02,SSVEP,sub-17
WRONG,natural,sub-07,36,0.7892924169861576,ses-02,SSVEP,sub-18
WRONG,natural,sub-07,36,0.6399507737339294,ses-02,SSVEP,sub-19
WRONG,natural,sub-07,36,0.5880732600056527,ses-02,SSVEP,sub-21
WRONG,natural,sub-07,36,0.6528141254281066,ses-02,SSVEP,sub-23
WRONG,natural,sub-07,36,0.6208496400986168,ses-02,SSVEP,sub-24
GAIN_WRONG,natural,sub-07,36,0.8068077368917127,ses-02,SSVEP,sub-02
GAIN_WRONG,natural,sub-07,36,0.6395999602073612,ses-02,SSVEP,sub-03
GAIN_WRONG,natural,sub-07,36,0.7076226442324944,ses-02,SSVEP,sub-05
GAIN_WRONG,natural,sub-07,36,0.7913489742740709,ses-02,SSVEP,sub-06
GAIN_WRONG,natural,sub-07,36,1.200843049167239,ses-02,SSVEP,sub-09
GAIN_WRONG,natural,sub-07,36,0.9115689973047064,ses-02,SSVEP,sub-11
GAIN_WRONG,natural,sub-07,36,0.6742289512107996,ses-02,SSVEP,sub-12
GAIN_WRONG,natural,sub-07,36,0.6752663235154343,ses-02,SSVEP,sub-14
GAIN_WRONG,natural,sub-07,36,0.8763768559933642,ses-02,SSVEP,sub-15
GAIN_WRONG,natural,sub-07,36,0.6542052694691355,ses-02,SSVEP,sub-17
GAIN_WRONG,natural,sub-07,36,0.7878569999937021,ses-02,SSVEP,sub-18
GAIN_WRONG,natural,sub-07,36,0.7699532436699241,ses-02,SSVEP,sub-19
GAIN_WRONG,natural,sub-07,36,0.7325917973246507,ses-02,SSVEP,sub-21
GAIN_WRONG,natural,sub-07,36,0.9587595035620468,ses-02,SSVEP,sub-23
GAIN_WRONG,natural,sub-07,36,0.7920194417957409,ses-02,SSVEP,sub-24
MATCH,natural,sub-07,60,0.6634714185115356,ses-03,ERP,
POP,natural,sub-07,60,0.8877331605739903,ses-03,ERP,
TIME_SHIFT,natural,sub-07,60,0.985626170212898,ses-03,ERP,
CHANNEL_PERM,natural,sub-07,60,0.995370621335035,ses-03,ERP,
GAIN_MATCH,natural,sub-07,60,0.6679551334676666,ses-03,ERP,
GAIN_POP,natural,sub-07,60,0.8877331605739903,ses-03,ERP,
NULL,natural,sub-07,60,1.0,ses-03,ERP,
WRONG,natural,sub-07,60,0.872698872396004,ses-03,ERP,sub-02
WRONG,natural,sub-07,60,0.7972072656372782,ses-03,ERP,sub-03
WRONG,natural,sub-07,60,0.7885667208071493,ses-03,ERP,sub-05
WRONG,natural,sub-07,60,0.7161833167667342,ses-03,ERP,sub-06
WRONG,natural,sub-07,60,2.1935459898557808,ses-03,ERP,sub-09
WRONG,natural,sub-07,60,0.7248952705846636,ses-03,ERP,sub-11
WRONG,natural,sub-07,60,0.8692247766718223,ses-03,ERP,sub-12
WRONG,natural,sub-07,60,0.7418532352087548,ses-03,ERP,sub-14
WRONG,natural,sub-07,60,0.7721308131051444,ses-03,ERP,sub-15
WRONG,natural,sub-07,60,0.9250806776597312,ses-03,ERP,sub-17
WRONG,natural,sub-07,60,0.7101832693999651,ses-03,ERP,sub-18
WRONG,natural,sub-07,60,0.740178153437731,ses-03,ERP,sub-19
WRONG,natural,sub-07,60,2.737956628487726,ses-03,ERP,sub-21
WRONG,natural,sub-07,60,1.015052281999734,ses-03,ERP,sub-23
WRONG,natural,sub-07,60,0.6771828378031096,ses-03,ERP,sub-24
GAIN_WRONG,natural,sub-07,60,0.8977023368460547,ses-03,ERP,sub-02
GAIN_WRONG,natural,sub-07,60,0.8284981451993257,ses-03,ERP,sub-03
GAIN_WRONG,natural,sub-07,60,0.7286062505414025,ses-03,ERP,sub-05
GAIN_WRONG,natural,sub-07,60,0.7610547016275633,ses-03,ERP,sub-06
GAIN_WRONG,natural,sub-07,60,1.164976244143278,ses-03,ERP,sub-09
GAIN_WRONG,natural,sub-07,60,0.7753447421634664,ses-03,ERP,sub-11
GAIN_WRONG,natural,sub-07,60,0.8027428818786062,ses-03,ERP,sub-12
GAIN_WRONG,natural,sub-07,60,0.737919213718829,ses-03,ERP,sub-14
GAIN_WRONG,natural,sub-07,60,0.8023962626901541,ses-03,ERP,sub-15
GAIN_WRONG,natural,sub-07,60,0.773773404483551,ses-03,ERP,sub-17
GAIN_WRONG,natural,sub-07,60,0.7465361438671363,ses-03,ERP,sub-18
GAIN_WRONG,natural,sub-07,60,0.7574916713641168,ses-03,ERP,sub-19
GAIN_WRONG,natural,sub-07,60,1.2271757988711753,ses-03,ERP,sub-21
GAIN_WRONG,natural,sub-07,60,1.0301932423889377,ses-03,ERP,sub-23
GAIN_WRONG,natural,sub-07,60,0.7114432941016661,ses-03,ERP,sub-24
MATCH,natural,sub-07,36,0.773170098179495,ses-03,SSVEP,
POP,natural,sub-07,36,0.9625212763978231,ses-03,SSVEP,
TIME_SHIFT,natural,sub-07,36,1.0176751261622075,ses-03,SSVEP,
CHANNEL_PERM,natural,sub-07,36,1.010020759567822,ses-03,SSVEP,
GAIN_MATCH,natural,sub-07,36,0.928008171319244,ses-03,SSVEP,
GAIN_POP,natural,sub-07,36,0.9625212763978231,ses-03,SSVEP,
NULL,natural,sub-07,36,1.0,ses-03,SSVEP,
WRONG,natural,sub-07,36,1.2691510635812848,ses-03,SSVEP,sub-02
WRONG,natural,sub-07,36,0.8081477449242895,ses-03,SSVEP,sub-03
WRONG,natural,sub-07,36,0.8333428669571847,ses-03,SSVEP,sub-05
WRONG,natural,sub-07,36,0.7829867792964287,ses-03,SSVEP,sub-06
WRONG,natural,sub-07,36,0.8778680453464207,ses-03,SSVEP,sub-09
WRONG,natural,sub-07,36,1.2694000108422978,ses-03,SSVEP,sub-11
WRONG,natural,sub-07,36,0.9523216686029397,ses-03,SSVEP,sub-12
WRONG,natural,sub-07,36,0.7838976865769401,ses-03,SSVEP,sub-14
WRONG,natural,sub-07,36,0.8359761924182689,ses-03,SSVEP,sub-15
WRONG,natural,sub-07,36,1.1127422128544453,ses-03,SSVEP,sub-17
WRONG,natural,sub-07,36,0.8672619068259031,ses-03,SSVEP,sub-18
WRONG,natural,sub-07,36,0.8558398880318691,ses-03,SSVEP,sub-19
WRONG,natural,sub-07,36,0.8447115648087675,ses-03,SSVEP,sub-21
WRONG,natural,sub-07,36,0.912276010764775,ses-03,SSVEP,sub-23
WRONG,natural,sub-07,36,0.7844173021451651,ses-03,SSVEP,sub-24
GAIN_WRONG,natural,sub-07,36,0.997736219870287,ses-03,SSVEP,sub-02
GAIN_WRONG,natural,sub-07,36,1.119347606597068,ses-03,SSVEP,sub-03
GAIN_WRONG,natural,sub-07,36,1.1335010728564656,ses-03,SSVEP,sub-05
GAIN_WRONG,natural,sub-07,36,1.2119252311103426,ses-03,SSVEP,sub-06
GAIN_WRONG,natural,sub-07,36,1.254639889648011,ses-03,SSVEP,sub-09
GAIN_WRONG,natural,sub-07,36,1.2239995481924963,ses-03,SSVEP,sub-11
GAIN_WRONG,natural,sub-07,36,1.4242942953016204,ses-03,SSVEP,sub-12
GAIN_WRONG,natural,sub-07,36,1.0711705736415627,ses-03,SSVEP,sub-14
GAIN_WRONG,natural,sub-07,36,1.2320552183626805,ses-03,SSVEP,sub-15
GAIN_WRONG,natural,sub-07,36,1.0776101418646107,ses-03,SSVEP,sub-17
GAIN_WRONG,natural,sub-07,36,1.2624294118541846,ses-03,SSVEP,sub-18
GAIN_WRONG,natural,sub-07,36,0.9770179136298661,ses-03,SSVEP,sub-19
GAIN_WRONG,natural,sub-07,36,1.1535351455130431,ses-03,SSVEP,sub-21
GAIN_WRONG,natural,sub-07,36,1.2956656575065142,ses-03,SSVEP,sub-23
GAIN_WRONG,natural,sub-07,36,1.3255127358325092,ses-03,SSVEP,sub-24
MATCH,natural,sub-07,56,1.1864982176300993,ses-04,ERP,
POP,natural,sub-07,56,1.1283274467912165,ses-04,ERP,
TIME_SHIFT,natural,sub-07,56,0.9704769324049585,ses-04,ERP,
CHANNEL_PERM,natural,sub-07,56,1.304892563372306,ses-04,ERP,
GAIN_MATCH,natural,sub-07,56,1.0925554748842308,ses-04,ERP,
GAIN_POP,natural,sub-07,56,1.1283274467912165,ses-04,ERP,
NULL,natural,sub-07,56,1.0,ses-04,ERP,
WRONG,natural,sub-07,56,1.6146710116637075,ses-04,ERP,sub-02
WRONG,natural,sub-07,56,1.2751123858681568,ses-04,ERP,sub-03
WRONG,natural,sub-07,56,1.6816617794878586,ses-04,ERP,sub-05
WRONG,natural,sub-07,56,1.1354367536656595,ses-04,ERP,sub-06
WRONG,natural,sub-07,56,1.1419241136703124,ses-04,ERP,sub-09
WRONG,natural,sub-07,56,1.240594441366168,ses-04,ERP,sub-11
WRONG,natural,sub-07,56,1.371791409842205,ses-04,ERP,sub-12
WRONG,natural,sub-07,56,1.1052872353819552,ses-04,ERP,sub-14
WRONG,natural,sub-07,56,1.7233420599845013,ses-04,ERP,sub-15
WRONG,natural,sub-07,56,1.2830246203185693,ses-04,ERP,sub-17
WRONG,natural,sub-07,56,1.1657711203581844,ses-04,ERP,sub-18
WRONG,natural,sub-07,56,1.1942419003769829,ses-04,ERP,sub-19
WRONG,natural,sub-07,56,1.3099851725623883,ses-04,ERP,sub-21
WRONG,natural,sub-07,56,1.0192021721062108,ses-04,ERP,sub-23
WRONG,natural,sub-07,56,1.239953986239266,ses-04,ERP,sub-24
GAIN_WRONG,natural,sub-07,56,1.2007235644552274,ses-04,ERP,sub-02
GAIN_WRONG,natural,sub-07,56,1.1126468191053973,ses-04,ERP,sub-03
GAIN_WRONG,natural,sub-07,56,1.1510337119814726,ses-04,ERP,sub-05
GAIN_WRONG,natural,sub-07,56,1.1084930661449726,ses-04,ERP,sub-06
GAIN_WRONG,natural,sub-07,56,1.0754085191471323,ses-04,ERP,sub-09
GAIN_WRONG,natural,sub-07,56,1.1578297582871575,ses-04,ERP,sub-11
GAIN_WRONG,natural,sub-07,56,1.120571801933394,ses-04,ERP,sub-12
GAIN_WRONG,natural,sub-07,56,1.0462253731462052,ses-04,ERP,sub-14
GAIN_WRONG,natural,sub-07,56,1.180811218911561,ses-04,ERP,sub-15
GAIN_WRONG,natural,sub-07,56,1.1247176054314187,ses-04,ERP,sub-17
GAIN_WRONG,natural,sub-07,56,1.1037287815114287,ses-04,ERP,sub-18
GAIN_WRONG,natural,sub-07,56,1.1830707468424877,ses-04,ERP,sub-19
GAIN_WRONG,natural,sub-07,56,1.1071863384401548,ses-04,ERP,sub-21
GAIN_WRONG,natural,sub-07,56,1.0692459866270096,ses-04,ERP,sub-23
GAIN_WRONG,natural,sub-07,56,1.1786861339994448,ses-04,ERP,sub-24
MATCH,natural,sub-07,35,0.9173070900113353,ses-04,SSVEP,
POP,natural,sub-07,35,0.9516813737055732,ses-04,SSVEP,
TIME_SHIFT,natural,sub-07,35,1.0281902406721777,ses-04,SSVEP,
CHANNEL_PERM,natural,sub-07,35,1.0279323733368486,ses-04,SSVEP,
GAIN_MATCH,natural,sub-07,35,0.9200162134174515,ses-04,SSVEP,
GAIN_POP,natural,sub-07,35,0.9516813737055732,ses-04,SSVEP,
NULL,natural,sub-07,35,1.0,ses-04,SSVEP,
WRONG,natural,sub-07,35,1.0914718966623354,ses-04,SSVEP,sub-02
WRONG,natural,sub-07,35,1.0205484893022654,ses-04,SSVEP,sub-03
WRONG,natural,sub-07,35,0.9584774101881174,ses-04,SSVEP,sub-05
WRONG,natural,sub-07,35,0.96468453089432,ses-04,SSVEP,sub-06
WRONG,natural,sub-07,35,1.056035523535801,ses-04,SSVEP,sub-09
WRONG,natural,sub-07,35,1.0642024961118142,ses-04,SSVEP,sub-11
WRONG,natural,sub-07,35,1.090418751285002,ses-04,SSVEP,sub-12
WRONG,natural,sub-07,35,0.9578083793079114,ses-04,SSVEP,sub-14
WRONG,natural,sub-07,35,1.0303143190553878,ses-04,SSVEP,sub-15
WRONG,natural,sub-07,35,0.9637110524581786,ses-04,SSVEP,sub-17
WRONG,natural,sub-07,35,1.016570644442965,ses-04,SSVEP,sub-18
WRONG,natural,sub-07,35,1.0361453638104328,ses-04,SSVEP,sub-19
WRONG,natural,sub-07,35,0.9604823732319817,ses-04,SSVEP,sub-21
WRONG,natural,sub-07,35,0.9608653335683174,ses-04,SSVEP,sub-23
WRONG,natural,sub-07,35,0.9648444281490559,ses-04,SSVEP,sub-24
GAIN_WRONG,natural,sub-07,35,0.9942210664564132,ses-04,SSVEP,sub-02
GAIN_WRONG,natural,sub-07,35,0.9738843984266694,ses-04,SSVEP,sub-03
GAIN_WRONG,natural,sub-07,35,0.9581559073944532,ses-04,SSVEP,sub-05
GAIN_WRONG,natural,sub-07,35,0.9623924988293222,ses-04,SSVEP,sub-06
GAIN_WRONG,natural,sub-07,35,0.9850279554480689,ses-04,SSVEP,sub-09
GAIN_WRONG,natural,sub-07,35,0.9895656264397941,ses-04,SSVEP,sub-11
GAIN_WRONG,natural,sub-07,35,0.9587660495964963,ses-04,SSVEP,sub-12
GAIN_WRONG,natural,sub-07,35,0.959670387165251,ses-04,SSVEP,sub-14
GAIN_WRONG,natural,sub-07,35,0.9891411147159733,ses-04,SSVEP,sub-15
GAIN_WRONG,natural,sub-07,35,0.9540414707997844,ses-04,SSVEP,sub-17
GAIN_WRONG,natural,sub-07,35,0.9664961540570307,ses-04,SSVEP,sub-18
GAIN_WRONG,natural,sub-07,35,0.9957131271074137,ses-04,SSVEP,sub-19
GAIN_WRONG,natural,sub-07,35,0.9451930950783133,ses-04,SSVEP,sub-21
GAIN_WRONG,natural,sub-07,35,0.998170372636716,ses-04,SSVEP,sub-23
GAIN_WRONG,natural,sub-07,35,0.9659474632101878,ses-04,SSVEP,sub-24
MATCH,natural,sub-09,57,0.9949410012179587,ses-02,ERP,
POP,natural,sub-09,57,0.9946384983244339,ses-02,ERP,
TIME_SHIFT,natural,sub-09,57,0.9963663705698051,ses-02,ERP,
CHANNEL_PERM,natural,sub-09,57,1.0001828255188787,ses-02,ERP,
GAIN_MATCH,natural,sub-09,57,0.9944219252731936,ses-02,ERP,
GAIN_POP,natural,sub-09,57,0.9946384983244339,ses-02,ERP,
NULL,natural,sub-09,57,1.0,ses-02,ERP,
WRONG,natural,sub-09,57,0.9949431751594895,ses-02,ERP,sub-02
WRONG,natural,sub-09,57,0.9952613304554022,ses-02,ERP,sub-03
WRONG,natural,sub-09,57,0.9969387893129806,ses-02,ERP,sub-05
WRONG,natural,sub-09,57,0.9947330728175275,ses-02,ERP,sub-06
WRONG,natural,sub-09,57,0.9948206967578279,ses-02,ERP,sub-07
WRONG,natural,sub-09,57,0.99547179459401,ses-02,ERP,sub-11
WRONG,natural,sub-09,57,0.9971530760001187,ses-02,ERP,sub-12
WRONG,natural,sub-09,57,0.9947610179100758,ses-02,ERP,sub-14
WRONG,natural,sub-09,57,0.9947651303312322,ses-02,ERP,sub-15
WRONG,natural,sub-09,57,0.9956378139695544,ses-02,ERP,sub-17
WRONG,natural,sub-09,57,0.9945226372381304,ses-02,ERP,sub-18
WRONG,natural,sub-09,57,0.995906311569658,ses-02,ERP,sub-19
WRONG,natural,sub-09,57,0.9951889980483953,ses-02,ERP,sub-21
WRONG,natural,sub-09,57,0.9945844187060403,ses-02,ERP,sub-23
WRONG,natural,sub-09,57,0.9958428926901938,ses-02,ERP,sub-24
GAIN_WRONG,natural,sub-09,57,0.9949427180813851,ses-02,ERP,sub-02
GAIN_WRONG,natural,sub-09,57,0.9950550606529467,ses-02,ERP,sub-03
GAIN_WRONG,natural,sub-09,57,0.9952227125655804,ses-02,ERP,sub-05
GAIN_WRONG,natural,sub-09,57,0.9948335584958296,ses-02,ERP,sub-06
GAIN_WRONG,natural,sub-09,57,0.9948118925264944,ses-02,ERP,sub-07
GAIN_WRONG,natural,sub-09,57,0.9949437648139797,ses-02,ERP,sub-11
GAIN_WRONG,natural,sub-09,57,0.9944679689995235,ses-02,ERP,sub-12
GAIN_WRONG,natural,sub-09,57,0.994766547431393,ses-02,ERP,sub-14
GAIN_WRONG,natural,sub-09,57,0.9947586097956168,ses-02,ERP,sub-15
GAIN_WRONG,natural,sub-09,57,0.9947442321387652,ses-02,ERP,sub-17
GAIN_WRONG,natural,sub-09,57,0.9944976445420004,ses-02,ERP,sub-18
GAIN_WRONG,natural,sub-09,57,0.9955622955337214,ses-02,ERP,sub-19
GAIN_WRONG,natural,sub-09,57,0.9950507304640663,ses-02,ERP,sub-21
GAIN_WRONG,natural,sub-09,57,0.9946378501945337,ses-02,ERP,sub-23
GAIN_WRONG,natural,sub-09,57,0.9956422223038309,ses-02,ERP,sub-24
MATCH,natural,sub-09,36,1.1768326168750873,ses-02,SSVEP,
POP,natural,sub-09,36,1.1728933557157997,ses-02,SSVEP,
TIME_SHIFT,natural,sub-09,36,1.1683419501471959,ses-02,SSVEP,
CHANNEL_PERM,natural,sub-09,36,1.337389969058587,ses-02,SSVEP,
GAIN_MATCH,natural,sub-09,36,1.1735702666022163,ses-02,SSVEP,
GAIN_POP,natural,sub-09,36,1.1728933557157997,ses-02,SSVEP,
NULL,natural,sub-09,36,1.0,ses-02,SSVEP,
WRONG,natural,sub-09,36,1.002107100861142,ses-02,SSVEP,sub-02
WRONG,natural,sub-09,36,1.4687315166593247,ses-02,SSVEP,sub-03
WRONG,natural,sub-09,36,1.207123571992048,ses-02,SSVEP,sub-05
WRONG,natural,sub-09,36,1.0635808901308905,ses-02,SSVEP,sub-06
WRONG,natural,sub-09,36,1.2368116804399742,ses-02,SSVEP,sub-07
WRONG,natural,sub-09,36,1.1704063882008948,ses-02,SSVEP,sub-11
WRONG,natural,sub-09,36,1.5474982046852752,ses-02,SSVEP,sub-12
WRONG,natural,sub-09,36,1.2518225388147304,ses-02,SSVEP,sub-14
WRONG,natural,sub-09,36,1.1028580964696681,ses-02,SSVEP,sub-15
WRONG,natural,sub-09,36,1.8160600425274085,ses-02,SSVEP,sub-17
WRONG,natural,sub-09,36,1.4594267806510854,ses-02,SSVEP,sub-18
WRONG,natural,sub-09,36,1.2837841330991224,ses-02,SSVEP,sub-19
WRONG,natural,sub-09,36,1.2625679947088573,ses-02,SSVEP,sub-21
WRONG,natural,sub-09,36,0.8499944028614034,ses-02,SSVEP,sub-23
WRONG,natural,sub-09,36,1.200532749745508,ses-02,SSVEP,sub-24
GAIN_WRONG,natural,sub-09,36,0.9573286445378785,ses-02,SSVEP,sub-02
GAIN_WRONG,natural,sub-09,36,1.2872996758703699,ses-02,SSVEP,sub-03
GAIN_WRONG,natural,sub-09,36,1.1975103998569885,ses-02,SSVEP,sub-05
GAIN_WRONG,natural,sub-09,36,1.1146974372853822,ses-02,SSVEP,sub-06
GAIN_WRONG,natural,sub-09,36,1.1965755606763624,ses-02,SSVEP,sub-07
GAIN_WRONG,natural,sub-09,36,1.1742623794938531,ses-02,SSVEP,sub-11
GAIN_WRONG,natural,sub-09,36,1.185267693524736,ses-02,SSVEP,sub-12
GAIN_WRONG,natural,sub-09,36,1.212895110658571,ses-02,SSVEP,sub-14
GAIN_WRONG,natural,sub-09,36,1.1181104479120876,ses-02,SSVEP,sub-15
GAIN_WRONG,natural,sub-09,36,1.2973672694955274,ses-02,SSVEP,sub-17
GAIN_WRONG,natural,sub-09,36,1.1791854679220592,ses-02,SSVEP,sub-18
GAIN_WRONG,natural,sub-09,36,1.2243226426031653,ses-02,SSVEP,sub-19
GAIN_WRONG,natural,sub-09,36,1.1193596947686812,ses-02,SSVEP,sub-21
GAIN_WRONG,natural,sub-09,36,0.8749853221742809,ses-02,SSVEP,sub-23
GAIN_WRONG,natural,sub-09,36,1.2259529322436276,ses-02,SSVEP,sub-24
MATCH,natural,sub-09,58,0.9969518732403005,ses-03,ERP,
POP,natural,sub-09,58,0.9978131384986675,ses-03,ERP,
TIME_SHIFT,natural,sub-09,58,0.9986641904709349,ses-03,ERP,
CHANNEL_PERM,natural,sub-09,58,1.0004338740969305,ses-03,ERP,
GAIN_MATCH,natural,sub-09,58,0.9976477833966961,ses-03,ERP,
GAIN_POP,natural,sub-09,58,0.9978131384986675,ses-03,ERP,
NULL,natural,sub-09,58,1.0,ses-03,ERP,
WRONG,natural,sub-09,58,0.9981716648007478,ses-03,ERP,sub-02
WRONG,natural,sub-09,58,0.9980059623986104,ses-03,ERP,sub-03
WRONG,natural,sub-09,58,0.9982377923798474,ses-03,ERP,sub-05
WRONG,natural,sub-09,58,0.9978145369626031,ses-03,ERP,sub-06
WRONG,natural,sub-09,58,0.9978405399433647,ses-03,ERP,sub-07
WRONG,natural,sub-09,58,0.9979497467632266,ses-03,ERP,sub-11
WRONG,natural,sub-09,58,0.9982404211698488,ses-03,ERP,sub-12
WRONG,natural,sub-09,58,0.9979452226132611,ses-03,ERP,sub-14
WRONG,natural,sub-09,58,0.998123060901205,ses-03,ERP,sub-15
WRONG,natural,sub-09,58,0.9994261970830157,ses-03,ERP,sub-17
WRONG,natural,sub-09,58,0.9979033232855599,ses-03,ERP,sub-18
WRONG,natural,sub-09,58,0.9980735869861019,ses-03,ERP,sub-19
WRONG,natural,sub-09,58,0.9990655304945367,ses-03,ERP,sub-21
WRONG,natural,sub-09,58,0.9987121127763123,ses-03,ERP,sub-23
WRONG,natural,sub-09,58,0.9978506212843556,ses-03,ERP,sub-24
GAIN_WRONG,natural,sub-09,58,0.9981725257120945,ses-03,ERP,sub-02
GAIN_WRONG,natural,sub-09,58,0.998005743398805,ses-03,ERP,sub-03
GAIN_WRONG,natural,sub-09,58,0.998015771359433,ses-03,ERP,sub-05
GAIN_WRONG,natural,sub-09,58,0.9977626956870888,ses-03,ERP,sub-06
GAIN_WRONG,natural,sub-09,58,0.9978459235087161,ses-03,ERP,sub-07
GAIN_WRONG,natural,sub-09,58,0.997978837791024,ses-03,ERP,sub-11
GAIN_WRONG,natural,sub-09,58,0.9979756991670006,ses-03,ERP,sub-12
GAIN_WRONG,natural,sub-09,58,0.9979379756726001,ses-03,ERP,sub-14
GAIN_WRONG,natural,sub-09,58,0.9981203651229368,ses-03,ERP,sub-15
GAIN_WRONG,natural,sub-09,58,0.9985448722035584,ses-03,ERP,sub-17
GAIN_WRONG,natural,sub-09,58,0.9978922106684776,ses-03,ERP,sub-18
GAIN_WRONG,natural,sub-09,58,0.9980744934125362,ses-03,ERP,sub-19
GAIN_WRONG,natural,sub-09,58,0.9986694231876385,ses-03,ERP,sub-21
GAIN_WRONG,natural,sub-09,58,0.9987269064373654,ses-03,ERP,sub-23
GAIN_WRONG,natural,sub-09,58,0.9978776048218954,ses-03,ERP,sub-24
MATCH,natural,sub-09,36,1.0175954353703736,ses-03,SSVEP,
POP,natural,sub-09,36,1.572874188415535,ses-03,SSVEP,
TIME_SHIFT,natural,sub-09,36,1.0059069722841576,ses-03,SSVEP,
CHANNEL_PERM,natural,sub-09,36,1.1820519593074654,ses-03,SSVEP,
GAIN_MATCH,natural,sub-09,36,1.4553988725111469,ses-03,SSVEP,
GAIN_POP,natural,sub-09,36,1.572874188415535,ses-03,SSVEP,
NULL,natural,sub-09,36,1.0,ses-03,SSVEP,
WRONG,natural,sub-09,36,2.4819192613289314,ses-03,SSVEP,sub-02
WRONG,natural,sub-09,36,1.1075740080763443,ses-03,SSVEP,sub-03
WRONG,natural,sub-09,36,1.1366887077097723,ses-03,SSVEP,sub-05
WRONG,natural,sub-09,36,0.9871394154727562,ses-03,SSVEP,sub-06
WRONG,natural,sub-09,36,1.1525990533506285,ses-03,SSVEP,sub-07
WRONG,natural,sub-09,36,1.7497394406830467,ses-03,SSVEP,sub-11
WRONG,natural,sub-09,36,1.1593379782636903,ses-03,SSVEP,sub-12
WRONG,natural,sub-09,36,1.0767088652040109,ses-03,SSVEP,sub-14
WRONG,natural,sub-09,36,0.954853542184388,ses-03,SSVEP,sub-15
WRONG,natural,sub-09,36,1.662281608191933,ses-03,SSVEP,sub-17
WRONG,natural,sub-09,36,1.1412947716562556,ses-03,SSVEP,sub-18
WRONG,natural,sub-09,36,1.3455564081727358,ses-03,SSVEP,sub-19
WRONG,natural,sub-09,36,1.0919668510868137,ses-03,SSVEP,sub-21
WRONG,natural,sub-09,36,0.9644483369215734,ses-03,SSVEP,sub-23
WRONG,natural,sub-09,36,0.9798227963303733,ses-03,SSVEP,sub-24
GAIN_WRONG,natural,sub-09,36,1.6124104132573016,ses-03,SSVEP,sub-02
GAIN_WRONG,natural,sub-09,36,1.5429709601066088,ses-03,SSVEP,sub-03
GAIN_WRONG,natural,sub-09,36,1.6050445919645349,ses-03,SSVEP,sub-05
GAIN_WRONG,natural,sub-09,36,1.5083022588266777,ses-03,SSVEP,sub-06
GAIN_WRONG,natural,sub-09,36,1.4643917114985925,ses-03,SSVEP,sub-07
GAIN_WRONG,natural,sub-09,36,1.6590565685983725,ses-03,SSVEP,sub-11
GAIN_WRONG,natural,sub-09,36,1.623809373577831,ses-03,SSVEP,sub-12
GAIN_WRONG,natural,sub-09,36,1.5498408492733473,ses-03,SSVEP,sub-14
GAIN_WRONG,natural,sub-09,36,1.2648419374137827,ses-03,SSVEP,sub-15
GAIN_WRONG,natural,sub-09,36,1.5834173899304491,ses-03,SSVEP,sub-17
GAIN_WRONG,natural,sub-09,36,1.5637390728615814,ses-03,SSVEP,sub-18
GAIN_WRONG,natural,sub-09,36,1.5836984349646643,ses-03,SSVEP,sub-19
GAIN_WRONG,natural,sub-09,36,1.4704014518722461,ses-03,SSVEP,sub-21
GAIN_WRONG,natural,sub-09,36,1.5222215454818289,ses-03,SSVEP,sub-23
GAIN_WRONG,natural,sub-09,36,1.6272564534469,ses-03,SSVEP,sub-24
MATCH,natural,sub-09,57,0.9847733414921407,ses-04,ERP,
POP,natural,sub-09,57,0.985058162266523,ses-04,ERP,
TIME_SHIFT,natural,sub-09,57,0.9977092919784103,ses-04,ERP,
CHANNEL_PERM,natural,sub-09,57,0.995592837761935,ses-04,ERP,
GAIN_MATCH,natural,sub-09,57,0.9848768886519502,ses-04,ERP,
GAIN_POP,natural,sub-09,57,0.985058162266523,ses-04,ERP,
NULL,natural,sub-09,57,1.0,ses-04,ERP,
WRONG,natural,sub-09,57,0.9913499463345554,ses-04,ERP,sub-02
WRONG,natural,sub-09,57,0.9864882820102132,ses-04,ERP,sub-03
WRONG,natural,sub-09,57,0.9927798911457155,ses-04,ERP,sub-05
WRONG,natural,sub-09,57,0.986096285901192,ses-04,ERP,sub-06
WRONG,natural,sub-09,57,0.9907666380303138,ses-04,ERP,sub-07
WRONG,natural,sub-09,57,0.9868924147843118,ses-04,ERP,sub-11
WRONG,natural,sub-09,57,0.9903988678602155,ses-04,ERP,sub-12
WRONG,natural,sub-09,57,0.9877386021716662,ses-04,ERP,sub-14
WRONG,natural,sub-09,57,0.9886793492261879,ses-04,ERP,sub-15
WRONG,natural,sub-09,57,0.9875224759742757,ses-04,ERP,sub-17
WRONG,natural,sub-09,57,0.9848340773983175,ses-04,ERP,sub-18
WRONG,natural,sub-09,57,0.9857702033417975,ses-04,ERP,sub-19
WRONG,natural,sub-09,57,0.9871152630462531,ses-04,ERP,sub-21
WRONG,natural,sub-09,57,0.9915849444027002,ses-04,ERP,sub-23
WRONG,natural,sub-09,57,0.9861980307077739,ses-04,ERP,sub-24
GAIN_WRONG,natural,sub-09,57,0.9931869035797578,ses-04,ERP,sub-02
GAIN_WRONG,natural,sub-09,57,0.9883065186087168,ses-04,ERP,sub-03
GAIN_WRONG,natural,sub-09,57,0.9891384078087178,ses-04,ERP,sub-05
GAIN_WRONG,natural,sub-09,57,0.9863772887016987,ses-04,ERP,sub-06
GAIN_WRONG,natural,sub-09,57,0.9910846995296783,ses-04,ERP,sub-07
GAIN_WRONG,natural,sub-09,57,0.9862091641303334,ses-04,ERP,sub-11
GAIN_WRONG,natural,sub-09,57,0.9858669901035281,ses-04,ERP,sub-12
GAIN_WRONG,natural,sub-09,57,0.9874990360305176,ses-04,ERP,sub-14
GAIN_WRONG,natural,sub-09,57,0.9918914447823272,ses-04,ERP,sub-15
GAIN_WRONG,natural,sub-09,57,0.9857493651389243,ses-04,ERP,sub-17
GAIN_WRONG,natural,sub-09,57,0.985841882881138,ses-04,ERP,sub-18
GAIN_WRONG,natural,sub-09,57,0.9859018612118142,ses-04,ERP,sub-19
GAIN_WRONG,natural,sub-09,57,0.9881401416390394,ses-04,ERP,sub-21
GAIN_WRONG,natural,sub-09,57,0.9903938313592995,ses-04,ERP,sub-23
GAIN_WRONG,natural,sub-09,57,0.9862778404991884,ses-04,ERP,sub-24
MATCH,natural,sub-09,36,1.0007600547439137,ses-04,SSVEP,
POP,natural,sub-09,36,0.9988962846772019,ses-04,SSVEP,
TIME_SHIFT,natural,sub-09,36,1.0004561813624138,ses-04,SSVEP,
CHANNEL_PERM,natural,sub-09,36,1.0003695626827096,ses-04,SSVEP,
GAIN_MATCH,natural,sub-09,36,0.9999115389606251,ses-04,SSVEP,
GAIN_POP,natural,sub-09,36,0.9988962846772019,ses-04,SSVEP,
NULL,natural,sub-09,36,1.0,ses-04,SSVEP,
WRONG,natural,sub-09,36,0.9989856270403717,ses-04,SSVEP,sub-02
WRONG,natural,sub-09,36,0.9975198811818723,ses-04,SSVEP,sub-03
WRONG,natural,sub-09,36,0.9972455643870313,ses-04,SSVEP,sub-05
WRONG,natural,sub-09,36,0.9970556420695831,ses-04,SSVEP,sub-06
WRONG,natural,sub-09,36,0.9979196285947134,ses-04,SSVEP,sub-07
WRONG,natural,sub-09,36,0.9981172793167185,ses-04,SSVEP,sub-11
WRONG,natural,sub-09,36,0.9981851380395061,ses-04,SSVEP,sub-12
WRONG,natural,sub-09,36,0.9974001047887635,ses-04,SSVEP,sub-14
WRONG,natural,sub-09,36,0.9972435928240233,ses-04,SSVEP,sub-15
WRONG,natural,sub-09,36,0.9982594789275385,ses-04,SSVEP,sub-17
WRONG,natural,sub-09,36,0.9965214267584206,ses-04,SSVEP,sub-18
WRONG,natural,sub-09,36,1.0015403564043668,ses-04,SSVEP,sub-19
WRONG,natural,sub-09,36,0.9971431840878459,ses-04,SSVEP,sub-21
WRONG,natural,sub-09,36,0.9990150119362521,ses-04,SSVEP,sub-23
WRONG,natural,sub-09,36,0.9970105760789821,ses-04,SSVEP,sub-24
GAIN_WRONG,natural,sub-09,36,0.9987791456512229,ses-04,SSVEP,sub-02
GAIN_WRONG,natural,sub-09,36,0.9980847440493288,ses-04,SSVEP,sub-03
GAIN_WRONG,natural,sub-09,36,0.9972897523560059,ses-04,SSVEP,sub-05
GAIN_WRONG,natural,sub-09,36,0.9971319596401007,ses-04,SSVEP,sub-06
GAIN_WRONG,natural,sub-09,36,0.9979357444480077,ses-04,SSVEP,sub-07
GAIN_WRONG,natural,sub-09,36,0.9980316659105873,ses-04,SSVEP,sub-11
GAIN_WRONG,natural,sub-09,36,0.9976694100446531,ses-04,SSVEP,sub-12
GAIN_WRONG,natural,sub-09,36,0.997414102669974,ses-04,SSVEP,sub-14
GAIN_WRONG,natural,sub-09,36,0.9977338238376817,ses-04,SSVEP,sub-15
GAIN_WRONG,natural,sub-09,36,0.9982069163053335,ses-04,SSVEP,sub-17
GAIN_WRONG,natural,sub-09,36,0.9975079151461339,ses-04,SSVEP,sub-18
GAIN_WRONG,natural,sub-09,36,1.0007186941495712,ses-04,SSVEP,sub-19
GAIN_WRONG,natural,sub-09,36,0.9971960293656781,ses-04,SSVEP,sub-21
GAIN_WRONG,natural,sub-09,36,0.998646241301689,ses-04,SSVEP,sub-23
GAIN_WRONG,natural,sub-09,36,0.9970336611919607,ses-04,SSVEP,sub-24
MATCH,natural,sub-11,24,0.6700553520901208,ses-02,ERP,
POP,natural,sub-11,24,0.689093515545815,ses-02,ERP,
TIME_SHIFT,natural,sub-11,24,0.9068850875476532,ses-02,ERP,
CHANNEL_PERM,natural,sub-11,24,0.9070486160873809,ses-02,ERP,
GAIN_MATCH,natural,sub-11,24,0.6783551546169301,ses-02,ERP,
GAIN_POP,natural,sub-11,24,0.689093515545815,ses-02,ERP,
NULL,natural,sub-11,24,1.0,ses-02,ERP,
WRONG,natural,sub-11,24,0.7293518466121424,ses-02,ERP,sub-02
WRONG,natural,sub-11,24,0.6979340951810188,ses-02,ERP,sub-03
WRONG,natural,sub-11,24,0.6884234197169917,ses-02,ERP,sub-05
WRONG,natural,sub-11,24,0.7058861858112563,ses-02,ERP,sub-06
WRONG,natural,sub-11,24,0.7267898081727253,ses-02,ERP,sub-07
WRONG,natural,sub-11,24,0.7144202448078718,ses-02,ERP,sub-09
WRONG,natural,sub-11,24,0.7361729431831563,ses-02,ERP,sub-12
WRONG,natural,sub-11,24,0.6999852445869758,ses-02,ERP,sub-14
WRONG,natural,sub-11,24,0.7344016643939503,ses-02,ERP,sub-15
WRONG,natural,sub-11,24,0.6980354206164838,ses-02,ERP,sub-17
WRONG,natural,sub-11,24,0.7131547303792264,ses-02,ERP,sub-18
WRONG,natural,sub-11,24,0.7111441225214153,ses-02,ERP,sub-19
WRONG,natural,sub-11,24,0.6925473614972928,ses-02,ERP,sub-21
WRONG,natural,sub-11,24,0.7387216185297447,ses-02,ERP,sub-23
WRONG,natural,sub-11,24,0.6846457002469583,ses-02,ERP,sub-24
GAIN_WRONG,natural,sub-11,24,0.7280224824137673,ses-02,ERP,sub-02
GAIN_WRONG,natural,sub-11,24,0.7092224639516792,ses-02,ERP,sub-03
GAIN_WRONG,natural,sub-11,24,0.6893695022045933,ses-02,ERP,sub-05
GAIN_WRONG,natural,sub-11,24,0.6977674574892104,ses-02,ERP,sub-06
GAIN_WRONG,natural,sub-11,24,0.7285699821511917,ses-02,ERP,sub-07
GAIN_WRONG,natural,sub-11,24,0.7392101410833317,ses-02,ERP,sub-09
GAIN_WRONG,natural,sub-11,24,0.7322577416285565,ses-02,ERP,sub-12
GAIN_WRONG,natural,sub-11,24,0.6995298426808404,ses-02,ERP,sub-14
GAIN_WRONG,natural,sub-11,24,0.7380751856873481,ses-02,ERP,sub-15
GAIN_WRONG,natural,sub-11,24,0.7028765538076241,ses-02,ERP,sub-17
GAIN_WRONG,natural,sub-11,24,0.728343794877472,ses-02,ERP,sub-18
GAIN_WRONG,natural,sub-11,24,0.727936123562339,ses-02,ERP,sub-19
GAIN_WRONG,natural,sub-11,24,0.6974479985684218,ses-02,ERP,sub-21
GAIN_WRONG,natural,sub-11,24,0.7551260748205525,ses-02,ERP,sub-23
GAIN_WRONG,natural,sub-11,24,0.6888253852213521,ses-02,ERP,sub-24
MATCH,natural,sub-11,41,0.9754609758427706,ses-02,SSVEP,
POP,natural,sub-11,41,1.0224741709862684,ses-02,SSVEP,
TIME_SHIFT,natural,sub-11,41,0.9478154509203082,ses-02,SSVEP,
CHANNEL_PERM,natural,sub-11,41,1.0612265839932769,ses-02,SSVEP,
GAIN_MATCH,natural,sub-11,41,0.9969879315633314,ses-02,SSVEP,
GAIN_POP,natural,sub-11,41,1.0224741709862684,ses-02,SSVEP,
NULL,natural,sub-11,41,1.0,ses-02,SSVEP,
WRONG,natural,sub-11,41,0.9100738390172722,ses-02,SSVEP,sub-02
WRONG,natural,sub-11,41,0.8944908515569051,ses-02,SSVEP,sub-03
WRONG,natural,sub-11,41,0.8697291222059764,ses-02,SSVEP,sub-05
WRONG,natural,sub-11,41,0.8724652604939893,ses-02,SSVEP,sub-06
WRONG,natural,sub-11,41,0.887104145067182,ses-02,SSVEP,sub-07
WRONG,natural,sub-11,41,1.6058652291025117,ses-02,SSVEP,sub-09
WRONG,natural,sub-11,41,0.9699774811133065,ses-02,SSVEP,sub-12
WRONG,natural,sub-11,41,0.8945161878846912,ses-02,SSVEP,sub-14
WRONG,natural,sub-11,41,0.9057625878036384,ses-02,SSVEP,sub-15
WRONG,natural,sub-11,41,1.0597184863906277,ses-02,SSVEP,sub-17
WRONG,natural,sub-11,41,0.9354930488041822,ses-02,SSVEP,sub-18
WRONG,natural,sub-11,41,0.9026617188698085,ses-02,SSVEP,sub-19
WRONG,natural,sub-11,41,0.8982653483047697,ses-02,SSVEP,sub-21
WRONG,natural,sub-11,41,0.905192811390149,ses-02,SSVEP,sub-23
WRONG,natural,sub-11,41,0.8616619776489176,ses-02,SSVEP,sub-24
GAIN_WRONG,natural,sub-11,41,0.9538335591591226,ses-02,SSVEP,sub-02
GAIN_WRONG,natural,sub-11,41,0.9026780870261439,ses-02,SSVEP,sub-03
GAIN_WRONG,natural,sub-11,41,0.9098270832159709,ses-02,SSVEP,sub-05
GAIN_WRONG,natural,sub-11,41,0.9376812213694693,ses-02,SSVEP,sub-06
GAIN_WRONG,natural,sub-11,41,0.938113287580289,ses-02,SSVEP,sub-07
GAIN_WRONG,natural,sub-11,41,1.122646258862644,ses-02,SSVEP,sub-09
GAIN_WRONG,natural,sub-11,41,0.932800069342595,ses-02,SSVEP,sub-12
GAIN_WRONG,natural,sub-11,41,0.941565050334656,ses-02,SSVEP,sub-14
GAIN_WRONG,natural,sub-11,41,0.9691803642535677,ses-02,SSVEP,sub-15
GAIN_WRONG,natural,sub-11,41,0.9312055593303593,ses-02,SSVEP,sub-17
GAIN_WRONG,natural,sub-11,41,0.9375017107816522,ses-02,SSVEP,sub-18
GAIN_WRONG,natural,sub-11,41,0.9370345382201127,ses-02,SSVEP,sub-19
GAIN_WRONG,natural,sub-11,41,0.9524193659781578,ses-02,SSVEP,sub-21
GAIN_WRONG,natural,sub-11,41,0.9359913111993808,ses-02,SSVEP,sub-23
GAIN_WRONG,natural,sub-11,41,0.9359683431221494,ses-02,SSVEP,sub-24
MATCH,natural,sub-11,23,0.8653598944763001,ses-03,ERP,
POP,natural,sub-11,23,0.9042045672886829,ses-03,ERP,
TIME_SHIFT,natural,sub-11,23,1.0078512932351755,ses-03,ERP,
CHANNEL_PERM,natural,sub-11,23,0.9748452578075295,ses-03,ERP,
GAIN_MATCH,natural,sub-11,23,0.8690408164410519,ses-03,ERP,
GAIN_POP,natural,sub-11,23,0.9042045672886829,ses-03,ERP,
NULL,natural,sub-11,23,1.0,ses-03,ERP,
WRONG,natural,sub-11,23,0.9123781258229455,ses-03,ERP,sub-02
WRONG,natural,sub-11,23,0.8790609576886,ses-03,ERP,sub-03
WRONG,natural,sub-11,23,0.8928405241637138,ses-03,ERP,sub-05
WRONG,natural,sub-11,23,0.8905101127355199,ses-03,ERP,sub-06
WRONG,natural,sub-11,23,0.8828956460828267,ses-03,ERP,sub-07
WRONG,natural,sub-11,23,1.2097194997742158,ses-03,ERP,sub-09
WRONG,natural,sub-11,23,0.8888312716763791,ses-03,ERP,sub-12
WRONG,natural,sub-11,23,0.8889474939135795,ses-03,ERP,sub-14
WRONG,natural,sub-11,23,0.9140486599081536,ses-03,ERP,sub-15
WRONG,natural,sub-11,23,0.9324935608284278,ses-03,ERP,sub-17
WRONG,natural,sub-11,23,0.8782494955980643,ses-03,ERP,sub-18
WRONG,natural,sub-11,23,0.8850196143295257,ses-03,ERP,sub-19
WRONG,natural,sub-11,23,1.484052561594937,ses-03,ERP,sub-21
WRONG,natural,sub-11,23,0.9609635995303123,ses-03,ERP,sub-23
WRONG,natural,sub-11,23,0.8750495005412045,ses-03,ERP,sub-24
GAIN_WRONG,natural,sub-11,23,0.9123177122930043,ses-03,ERP,sub-02
GAIN_WRONG,natural,sub-11,23,0.8781838435611639,ses-03,ERP,sub-03
GAIN_WRONG,natural,sub-11,23,0.883394996257677,ses-03,ERP,sub-05
GAIN_WRONG,natural,sub-11,23,0.8937947770974906,ses-03,ERP,sub-06
GAIN_WRONG,natural,sub-11,23,0.8839729696039677,ses-03,ERP,sub-07
GAIN_WRONG,natural,sub-11,23,0.9805253533026486,ses-03,ERP,sub-09
GAIN_WRONG,natural,sub-11,23,0.8798830950745868,ses-03,ERP,sub-12
GAIN_WRONG,natural,sub-11,23,0.8881790797547701,ses-03,ERP,sub-14
GAIN_WRONG,natural,sub-11,23,0.9166921682282434,ses-03,ERP,sub-15
GAIN_WRONG,natural,sub-11,23,0.9132661385456824,ses-03,ERP,sub-17
GAIN_WRONG,natural,sub-11,23,0.8812206587391885,ses-03,ERP,sub-18
GAIN_WRONG,natural,sub-11,23,0.8850648909957026,ses-03,ERP,sub-19
GAIN_WRONG,natural,sub-11,23,1.025762861043703,ses-03,ERP,sub-21
GAIN_WRONG,natural,sub-11,23,0.9607973629504855,ses-03,ERP,sub-23
GAIN_WRONG,natural,sub-11,23,0.8788474303741336,ses-03,ERP,sub-24
MATCH,natural,sub-11,40,0.9755899850809062,ses-03,SSVEP,
POP,natural,sub-11,40,1.0895666665890618,ses-03,SSVEP,
TIME_SHIFT,natural,sub-11,40,1.010355430306403,ses-03,SSVEP,
CHANNEL_PERM,natural,sub-11,40,1.036457100929575,ses-03,SSVEP,
GAIN_MATCH,natural,sub-11,40,0.9663842076619913,ses-03,SSVEP,
GAIN_POP,natural,sub-11,40,1.0895666665890618,ses-03,SSVEP,
NULL,natural,sub-11,40,1.0,ses-03,SSVEP,
WRONG,natural,sub-11,40,1.3926152073360298,ses-03,SSVEP,sub-02
WRONG,natural,sub-11,40,0.9118688117140159,ses-03,SSVEP,sub-03
WRONG,natural,sub-11,40,0.9234400133256926,ses-03,SSVEP,sub-05
WRONG,natural,sub-11,40,0.9033073199701839,ses-03,SSVEP,sub-06
WRONG,natural,sub-11,40,0.9221452822917786,ses-03,SSVEP,sub-07
WRONG,natural,sub-11,40,0.9129499460392136,ses-03,SSVEP,sub-09
WRONG,natural,sub-11,40,0.921826219245409,ses-03,SSVEP,sub-12
WRONG,natural,sub-11,40,0.9200906541683302,ses-03,SSVEP,sub-14
WRONG,natural,sub-11,40,0.9156328728137442,ses-03,SSVEP,sub-15
WRONG,natural,sub-11,40,0.9971343905508749,ses-03,SSVEP,sub-17
WRONG,natural,sub-11,40,0.9151366630738085,ses-03,SSVEP,sub-18
WRONG,natural,sub-11,40,0.9532574957932333,ses-03,SSVEP,sub-19
WRONG,natural,sub-11,40,0.9219840394107267,ses-03,SSVEP,sub-21
WRONG,natural,sub-11,40,0.9704870663925658,ses-03,SSVEP,sub-23
WRONG,natural,sub-11,40,0.9059297111556038,ses-03,SSVEP,sub-24
GAIN_WRONG,natural,sub-11,40,1.1299431192081024,ses-03,SSVEP,sub-02
GAIN_WRONG,natural,sub-11,40,0.9776427694373467,ses-03,SSVEP,sub-03
GAIN_WRONG,natural,sub-11,40,1.002956474698483,ses-03,SSVEP,sub-05
GAIN_WRONG,natural,sub-11,40,0.9908938435947846,ses-03,SSVEP,sub-06
GAIN_WRONG,natural,sub-11,40,0.9570584694360758,ses-03,SSVEP,sub-07
GAIN_WRONG,natural,sub-11,40,0.9925963798779887,ses-03,SSVEP,sub-09
GAIN_WRONG,natural,sub-11,40,1.0291043317065438,ses-03,SSVEP,sub-12
GAIN_WRONG,natural,sub-11,40,1.0227933793764368,ses-03,SSVEP,sub-14
GAIN_WRONG,natural,sub-11,40,1.0317881287056168,ses-03,SSVEP,sub-15
GAIN_WRONG,natural,sub-11,40,0.9838081150705712,ses-03,SSVEP,sub-17
GAIN_WRONG,natural,sub-11,40,1.0102410255931376,ses-03,SSVEP,sub-18
GAIN_WRONG,natural,sub-11,40,0.9931898284959507,ses-03,SSVEP,sub-19
GAIN_WRONG,natural,sub-11,40,1.0245242216411647,ses-03,SSVEP,sub-21
GAIN_WRONG,natural,sub-11,40,1.0253703903960083,ses-03,SSVEP,sub-23
GAIN_WRONG,natural,sub-11,40,1.0311241896693786,ses-03,SSVEP,sub-24
MATCH,natural,sub-11,25,0.8994498067415734,ses-04,ERP,
POP,natural,sub-11,25,0.9104990165105739,ses-04,ERP,
TIME_SHIFT,natural,sub-11,25,0.9974144463409753,ses-04,ERP,
CHANNEL_PERM,natural,sub-11,25,0.9812252315612757,ses-04,ERP,
GAIN_MATCH,natural,sub-11,25,0.9017997884709706,ses-04,ERP,
GAIN_POP,natural,sub-11,25,0.9104990165105739,ses-04,ERP,
NULL,natural,sub-11,25,1.0,ses-04,ERP,
WRONG,natural,sub-11,25,0.9560440244033787,ses-04,ERP,sub-02
WRONG,natural,sub-11,25,0.9256806066315834,ses-04,ERP,sub-03
WRONG,natural,sub-11,25,0.9533483432917136,ses-04,ERP,sub-05
WRONG,natural,sub-11,25,0.9312349977827117,ses-04,ERP,sub-06
WRONG,natural,sub-11,25,0.9406653235365644,ses-04,ERP,sub-07
WRONG,natural,sub-11,25,0.920378892192878,ses-04,ERP,sub-09
WRONG,natural,sub-11,25,0.9441906238700377,ses-04,ERP,sub-12
WRONG,natural,sub-11,25,0.9189747723677602,ses-04,ERP,sub-14
WRONG,natural,sub-11,25,0.9439972318532974,ses-04,ERP,sub-15
WRONG,natural,sub-11,25,0.9223508469632972,ses-04,ERP,sub-17
WRONG,natural,sub-11,25,0.9264537347237161,ses-04,ERP,sub-18
WRONG,natural,sub-11,25,0.9118979064204616,ses-04,ERP,sub-19
WRONG,natural,sub-11,25,0.9256803766468558,ses-04,ERP,sub-21
WRONG,natural,sub-11,25,0.9504794813198616,ses-04,ERP,sub-23
WRONG,natural,sub-11,25,0.9084246509828376,ses-04,ERP,sub-24
GAIN_WRONG,natural,sub-11,25,0.9610364552157045,ses-04,ERP,sub-02
GAIN_WRONG,natural,sub-11,25,0.9302289714236143,ses-04,ERP,sub-03
GAIN_WRONG,natural,sub-11,25,0.9361083300113038,ses-04,ERP,sub-05
GAIN_WRONG,natural,sub-11,25,0.9309132759640696,ses-04,ERP,sub-06
GAIN_WRONG,natural,sub-11,25,0.9429954826778928,ses-04,ERP,sub-07
GAIN_WRONG,natural,sub-11,25,0.917822841134698,ses-04,ERP,sub-09
GAIN_WRONG,natural,sub-11,25,0.9188948621937584,ses-04,ERP,sub-12
GAIN_WRONG,natural,sub-11,25,0.9158564763350419,ses-04,ERP,sub-14
GAIN_WRONG,natural,sub-11,25,0.9560748422398203,ses-04,ERP,sub-15
GAIN_WRONG,natural,sub-11,25,0.9163065598803628,ses-04,ERP,sub-17
GAIN_WRONG,natural,sub-11,25,0.9281263785919505,ses-04,ERP,sub-18
GAIN_WRONG,natural,sub-11,25,0.9130196440915498,ses-04,ERP,sub-19
GAIN_WRONG,natural,sub-11,25,0.9303211151883345,ses-04,ERP,sub-21
GAIN_WRONG,natural,sub-11,25,0.9450116066270448,ses-04,ERP,sub-23
GAIN_WRONG,natural,sub-11,25,0.9103425026738223,ses-04,ERP,sub-24
MATCH,natural,sub-11,45,0.9937625440274409,ses-04,SSVEP,
POP,natural,sub-11,45,0.9979980815270243,ses-04,SSVEP,
TIME_SHIFT,natural,sub-11,45,1.0239801222247389,ses-04,SSVEP,
CHANNEL_PERM,natural,sub-11,45,1.0484793733678082,ses-04,SSVEP,
GAIN_MATCH,natural,sub-11,45,0.9724242053588585,ses-04,SSVEP,
GAIN_POP,natural,sub-11,45,0.9979980815270243,ses-04,SSVEP,
NULL,natural,sub-11,45,1.0,ses-04,SSVEP,
WRONG,natural,sub-11,45,1.0857130725736814,ses-04,SSVEP,sub-02
WRONG,natural,sub-11,45,0.9843532191281358,ses-04,SSVEP,sub-03
WRONG,natural,sub-11,45,1.0045045685114526,ses-04,SSVEP,sub-05
WRONG,natural,sub-11,45,1.0149498038658717,ses-04,SSVEP,sub-06
WRONG,natural,sub-11,45,0.9866138262608775,ses-04,SSVEP,sub-07
WRONG,natural,sub-11,45,1.0998170729937697,ses-04,SSVEP,sub-09
WRONG,natural,sub-11,45,1.0879193229574764,ses-04,SSVEP,sub-12
WRONG,natural,sub-11,45,0.9949038612619391,ses-04,SSVEP,sub-14
WRONG,natural,sub-11,45,1.0343712362498083,ses-04,SSVEP,sub-15
WRONG,natural,sub-11,45,1.005311524907192,ses-04,SSVEP,sub-17
WRONG,natural,sub-11,45,1.0286306199204867,ses-04,SSVEP,sub-18
WRONG,natural,sub-11,45,1.025753017112001,ses-04,SSVEP,sub-19
WRONG,natural,sub-11,45,1.0094885634126192,ses-04,SSVEP,sub-21
WRONG,natural,sub-11,45,0.9964009181487423,ses-04,SSVEP,sub-23
WRONG,natural,sub-11,45,0.997520567727427,ses-04,SSVEP,sub-24
GAIN_WRONG,natural,sub-11,45,1.0155720564349942,ses-04,SSVEP,sub-02
GAIN_WRONG,natural,sub-11,45,0.974179767112243,ses-04,SSVEP,sub-03
GAIN_WRONG,natural,sub-11,45,1.0048322421526819,ses-04,SSVEP,sub-05
GAIN_WRONG,natural,sub-11,45,1.0134914785591067,ses-04,SSVEP,sub-06
GAIN_WRONG,natural,sub-11,45,0.9915351850191405,ses-04,SSVEP,sub-07
GAIN_WRONG,natural,sub-11,45,1.027582161162025,ses-04,SSVEP,sub-09
GAIN_WRONG,natural,sub-11,45,1.0028091824326146,ses-04,SSVEP,sub-12
GAIN_WRONG,natural,sub-11,45,0.9969105107181299,ses-04,SSVEP,sub-14
GAIN_WRONG,natural,sub-11,45,1.0103160339433512,ses-04,SSVEP,sub-15
GAIN_WRONG,natural,sub-11,45,0.9987345669969154,ses-04,SSVEP,sub-17
GAIN_WRONG,natural,sub-11,45,0.9942708942362578,ses-04,SSVEP,sub-18
GAIN_WRONG,natural,sub-11,45,1.008089091745294,ses-04,SSVEP,sub-19
GAIN_WRONG,natural,sub-11,45,0.9958375173669842,ses-04,SSVEP,sub-21
GAIN_WRONG,natural,sub-11,45,1.026384245844735,ses-04,SSVEP,sub-23
GAIN_WRONG,natural,sub-11,45,0.998801276116224,ses-04,SSVEP,sub-24
MATCH,natural,sub-12,58,0.4541272736814727,ses-02,ERP,
POP,natural,sub-12,58,0.5579842318990357,ses-02,ERP,
TIME_SHIFT,natural,sub-12,58,0.9005165691164227,ses-02,ERP,
CHANNEL_PERM,natural,sub-12,58,0.866936799569673,ses-02,ERP,
GAIN_MATCH,natural,sub-12,58,0.5824944061429531,ses-02,ERP,
GAIN_POP,natural,sub-12,58,0.5579842318990357,ses-02,ERP,
NULL,natural,sub-12,58,1.0,ses-02,ERP,
WRONG,natural,sub-12,58,0.6256368419540645,ses-02,ERP,sub-02
WRONG,natural,sub-12,58,0.5956655515621463,ses-02,ERP,sub-03
WRONG,natural,sub-12,58,0.4992870369318212,ses-02,ERP,sub-05
WRONG,natural,sub-12,58,0.5879142902379897,ses-02,ERP,sub-06
WRONG,natural,sub-12,58,0.5901149578714018,ses-02,ERP,sub-07
WRONG,natural,sub-12,58,0.584900971944766,ses-02,ERP,sub-09
WRONG,natural,sub-12,58,0.5187098234623441,ses-02,ERP,sub-11
WRONG,natural,sub-12,58,0.5776530863718191,ses-02,ERP,sub-14
WRONG,natural,sub-12,58,0.609548522321391,ses-02,ERP,sub-15
WRONG,natural,sub-12,58,0.5164170905838948,ses-02,ERP,sub-17
WRONG,natural,sub-12,58,0.5687716152743382,ses-02,ERP,sub-18
WRONG,natural,sub-12,58,0.6075155928974465,ses-02,ERP,sub-19
WRONG,natural,sub-12,58,0.5771834391233415,ses-02,ERP,sub-21
WRONG,natural,sub-12,58,0.5957114343954456,ses-02,ERP,sub-23
WRONG,natural,sub-12,58,0.5702704947677293,ses-02,ERP,sub-24
GAIN_WRONG,natural,sub-12,58,0.6242892950631185,ses-02,ERP,sub-02
GAIN_WRONG,natural,sub-12,58,0.6193249815306376,ses-02,ERP,sub-03
GAIN_WRONG,natural,sub-12,58,0.565900366600914,ses-02,ERP,sub-05
GAIN_WRONG,natural,sub-12,58,0.57087508487138,ses-02,ERP,sub-06
GAIN_WRONG,natural,sub-12,58,0.5966882979767911,ses-02,ERP,sub-07
GAIN_WRONG,natural,sub-12,58,0.6577721081074256,ses-02,ERP,sub-09
GAIN_WRONG,natural,sub-12,58,0.5506648965406847,ses-02,ERP,sub-11
GAIN_WRONG,natural,sub-12,58,0.5777087554241619,ses-02,ERP,sub-14
GAIN_WRONG,natural,sub-12,58,0.6266510442771313,ses-02,ERP,sub-15
GAIN_WRONG,natural,sub-12,58,0.5629028932816824,ses-02,ERP,sub-17
GAIN_WRONG,natural,sub-12,58,0.6025705413770127,ses-02,ERP,sub-18
GAIN_WRONG,natural,sub-12,58,0.6470057284559151,ses-02,ERP,sub-19
GAIN_WRONG,natural,sub-12,58,0.5935353985563874,ses-02,ERP,sub-21
GAIN_WRONG,natural,sub-12,58,0.6251141459863566,ses-02,ERP,sub-23
GAIN_WRONG,natural,sub-12,58,0.5849932439154323,ses-02,ERP,sub-24
MATCH,natural,sub-12,37,0.5346309845594556,ses-02,SSVEP,
POP,natural,sub-12,37,0.8238752661445538,ses-02,SSVEP,
TIME_SHIFT,natural,sub-12,37,1.0009628730468338,ses-02,SSVEP,
CHANNEL_PERM,natural,sub-12,37,0.9294216632909882,ses-02,SSVEP,
GAIN_MATCH,natural,sub-12,37,0.5430805341265003,ses-02,SSVEP,
GAIN_POP,natural,sub-12,37,0.8238752661445538,ses-02,SSVEP,
NULL,natural,sub-12,37,1.0,ses-02,SSVEP,
WRONG,natural,sub-12,37,0.6657246082660169,ses-02,SSVEP,sub-02
WRONG,natural,sub-12,37,0.6469865779608786,ses-02,SSVEP,sub-03
WRONG,natural,sub-12,37,0.6398328070615176,ses-02,SSVEP,sub-05
WRONG,natural,sub-12,37,0.6478476274211354,ses-02,SSVEP,sub-06
WRONG,natural,sub-12,37,0.6204236666276504,ses-02,SSVEP,sub-07
WRONG,natural,sub-12,37,1.6884291425247213,ses-02,SSVEP,sub-09
WRONG,natural,sub-12,37,0.7435872555650227,ses-02,SSVEP,sub-11
WRONG,natural,sub-12,37,0.6554040001170643,ses-02,SSVEP,sub-14
WRONG,natural,sub-12,37,0.6755359073216549,ses-02,SSVEP,sub-15
WRONG,natural,sub-12,37,0.7664354674758944,ses-02,SSVEP,sub-17
WRONG,natural,sub-12,37,0.591066757620497,ses-02,SSVEP,sub-18
WRONG,natural,sub-12,37,0.6402167156065813,ses-02,SSVEP,sub-19
WRONG,natural,sub-12,37,0.5864954570293757,ses-02,SSVEP,sub-21
WRONG,natural,sub-12,37,0.7037403732241322,ses-02,SSVEP,sub-23
WRONG,natural,sub-12,37,0.6214844317258393,ses-02,SSVEP,sub-24
GAIN_WRONG,natural,sub-12,37,0.6282886656140936,ses-02,SSVEP,sub-02
GAIN_WRONG,natural,sub-12,37,0.624573233750209,ses-02,SSVEP,sub-03
GAIN_WRONG,natural,sub-12,37,0.5633455419603817,ses-02,SSVEP,sub-05
GAIN_WRONG,natural,sub-12,37,0.5662990636517293,ses-02,SSVEP,sub-06
GAIN_WRONG,natural,sub-12,37,0.5698279725126959,ses-02,SSVEP,sub-07
GAIN_WRONG,natural,sub-12,37,1.0556074300020135,ses-02,SSVEP,sub-09
GAIN_WRONG,natural,sub-12,37,0.7441268938030728,ses-02,SSVEP,sub-11
GAIN_WRONG,natural,sub-12,37,0.6018061550504495,ses-02,SSVEP,sub-14
GAIN_WRONG,natural,sub-12,37,0.6367805213642361,ses-02,SSVEP,sub-15
GAIN_WRONG,natural,sub-12,37,0.6968042170806049,ses-02,SSVEP,sub-17
GAIN_WRONG,natural,sub-12,37,0.5917174521575768,ses-02,SSVEP,sub-18
GAIN_WRONG,natural,sub-12,37,0.6026639817953946,ses-02,SSVEP,sub-19
GAIN_WRONG,natural,sub-12,37,0.5776634956029927,ses-02,SSVEP,sub-21
GAIN_WRONG,natural,sub-12,37,0.5726122959242398,ses-02,SSVEP,sub-23
GAIN_WRONG,natural,sub-12,37,0.5652880986453285,ses-02,SSVEP,sub-24
MATCH,natural,sub-12,60,0.5747777303054254,ses-03,ERP,
POP,natural,sub-12,60,0.6663885180598416,ses-03,ERP,
TIME_SHIFT,natural,sub-12,60,1.0373931413209478,ses-03,ERP,
CHANNEL_PERM,natural,sub-12,60,0.911604457735537,ses-03,ERP,
GAIN_MATCH,natural,sub-12,60,0.5857814150842585,ses-03,ERP,
GAIN_POP,natural,sub-12,60,0.6663885180598416,ses-03,ERP,
NULL,natural,sub-12,60,1.0,ses-03,ERP,
WRONG,natural,sub-12,60,0.72923456071219,ses-03,ERP,sub-02
WRONG,natural,sub-12,60,0.6680816517991863,ses-03,ERP,sub-03
WRONG,natural,sub-12,60,0.6159992648739385,ses-03,ERP,sub-05
WRONG,natural,sub-12,60,0.6719288391394137,ses-03,ERP,sub-06
WRONG,natural,sub-12,60,0.665266420323064,ses-03,ERP,sub-07
WRONG,natural,sub-12,60,0.9646733518262558,ses-03,ERP,sub-09
WRONG,natural,sub-12,60,0.6268331723084839,ses-03,ERP,sub-11
WRONG,natural,sub-12,60,0.6794222653273166,ses-03,ERP,sub-14
WRONG,natural,sub-12,60,0.6946164312233187,ses-03,ERP,sub-15
WRONG,natural,sub-12,60,0.7626500033674531,ses-03,ERP,sub-17
WRONG,natural,sub-12,60,0.6658417020429703,ses-03,ERP,sub-18
WRONG,natural,sub-12,60,0.6748440039980632,ses-03,ERP,sub-19
WRONG,natural,sub-12,60,1.3765091352554455,ses-03,ERP,sub-21
WRONG,natural,sub-12,60,0.8232898015814611,ses-03,ERP,sub-23
WRONG,natural,sub-12,60,0.6486295278780551,ses-03,ERP,sub-24
GAIN_WRONG,natural,sub-12,60,0.7210811775409021,ses-03,ERP,sub-02
GAIN_WRONG,natural,sub-12,60,0.6542946822846617,ses-03,ERP,sub-03
GAIN_WRONG,natural,sub-12,60,0.6289941824583293,ses-03,ERP,sub-05
GAIN_WRONG,natural,sub-12,60,0.6306211923615643,ses-03,ERP,sub-06
GAIN_WRONG,natural,sub-12,60,0.6605829460908246,ses-03,ERP,sub-07
GAIN_WRONG,natural,sub-12,60,0.872484056465245,ses-03,ERP,sub-09
GAIN_WRONG,natural,sub-12,60,0.6083451627453648,ses-03,ERP,sub-11
GAIN_WRONG,natural,sub-12,60,0.6836074596725547,ses-03,ERP,sub-14
GAIN_WRONG,natural,sub-12,60,0.6834680965016298,ses-03,ERP,sub-15
GAIN_WRONG,natural,sub-12,60,0.7866140417442146,ses-03,ERP,sub-17
GAIN_WRONG,natural,sub-12,60,0.6286241548041162,ses-03,ERP,sub-18
GAIN_WRONG,natural,sub-12,60,0.6642629878506952,ses-03,ERP,sub-19
GAIN_WRONG,natural,sub-12,60,0.9427070798839879,ses-03,ERP,sub-21
GAIN_WRONG,natural,sub-12,60,0.8212663755886442,ses-03,ERP,sub-23
GAIN_WRONG,natural,sub-12,60,0.6158794649857919,ses-03,ERP,sub-24
MATCH,natural,sub-12,36,0.5306692664931171,ses-03,SSVEP,
POP,natural,sub-12,36,0.8814428093958219,ses-03,SSVEP,
TIME_SHIFT,natural,sub-12,36,0.9589958812701779,ses-03,SSVEP,
CHANNEL_PERM,natural,sub-12,36,0.876358206846902,ses-03,SSVEP,
GAIN_MATCH,natural,sub-12,36,0.662944568595207,ses-03,SSVEP,
GAIN_POP,natural,sub-12,36,0.8814428093958219,ses-03,SSVEP,
NULL,natural,sub-12,36,1.0,ses-03,SSVEP,
WRONG,natural,sub-12,36,1.2516546205606223,ses-03,SSVEP,sub-02
WRONG,natural,sub-12,36,0.6250575854771439,ses-03,SSVEP,sub-03
WRONG,natural,sub-12,36,0.6733409699388248,ses-03,SSVEP,sub-05
WRONG,natural,sub-12,36,0.6608962002246774,ses-03,SSVEP,sub-06
WRONG,natural,sub-12,36,0.7065382198510471,ses-03,SSVEP,sub-07
WRONG,natural,sub-12,36,0.6857188027128533,ses-03,SSVEP,sub-09
WRONG,natural,sub-12,36,0.7213030287375402,ses-03,SSVEP,sub-11
WRONG,natural,sub-12,36,0.6492906558776841,ses-03,SSVEP,sub-14
WRONG,natural,sub-12,36,0.70274693824458,ses-03,SSVEP,sub-15
WRONG,natural,sub-12,36,0.6670505910545039,ses-03,SSVEP,sub-17
WRONG,natural,sub-12,36,0.5628242969771784,ses-03,SSVEP,sub-18
WRONG,natural,sub-12,36,0.6510793961543554,ses-03,SSVEP,sub-19
WRONG,natural,sub-12,36,0.6061738788631996,ses-03,SSVEP,sub-21
WRONG,natural,sub-12,36,0.8974705151185057,ses-03,SSVEP,sub-23
WRONG,natural,sub-12,36,0.6274566248916726,ses-03,SSVEP,sub-24
GAIN_WRONG,natural,sub-12,36,1.0120444959336774,ses-03,SSVEP,sub-02
GAIN_WRONG,natural,sub-12,36,0.5919049656256514,ses-03,SSVEP,sub-03
GAIN_WRONG,natural,sub-12,36,0.5916512407335291,ses-03,SSVEP,sub-05
GAIN_WRONG,natural,sub-12,36,0.6052793204421001,ses-03,SSVEP,sub-06
GAIN_WRONG,natural,sub-12,36,0.7075525905743829,ses-03,SSVEP,sub-07
GAIN_WRONG,natural,sub-12,36,0.6600729903410052,ses-03,SSVEP,sub-09
GAIN_WRONG,natural,sub-12,36,0.7204584481016294,ses-03,SSVEP,sub-11
GAIN_WRONG,natural,sub-12,36,0.6229888231522609,ses-03,SSVEP,sub-14
GAIN_WRONG,natural,sub-12,36,0.7089944553915334,ses-03,SSVEP,sub-15
GAIN_WRONG,natural,sub-12,36,0.667180923556097,ses-03,SSVEP,sub-17
GAIN_WRONG,natural,sub-12,36,0.6293994473479342,ses-03,SSVEP,sub-18
GAIN_WRONG,natural,sub-12,36,0.6206150294585787,ses-03,SSVEP,sub-19
GAIN_WRONG,natural,sub-12,36,0.6175815323215146,ses-03,SSVEP,sub-21
GAIN_WRONG,natural,sub-12,36,0.8163436669047713,ses-03,SSVEP,sub-23
GAIN_WRONG,natural,sub-12,36,0.6507033656851422,ses-03,SSVEP,sub-24
MATCH,natural,sub-12,68,0.6493438689946828,ses-04,ERP,
POP,natural,sub-12,68,0.7536119728974735,ses-04,ERP,
TIME_SHIFT,natural,sub-12,68,0.9591597550337021,ses-04,ERP,
CHANNEL_PERM,natural,sub-12,68,0.9329823492384112,ses-04,ERP,
GAIN_MATCH,natural,sub-12,68,0.7227900089747135,ses-04,ERP,
GAIN_POP,natural,sub-12,68,0.7536119728974735,ses-04,ERP,
NULL,natural,sub-12,68,1.0,ses-04,ERP,
WRONG,natural,sub-12,68,0.9302029060593582,ses-04,ERP,sub-02
WRONG,natural,sub-12,68,0.7705812135147599,ses-04,ERP,sub-03
WRONG,natural,sub-12,68,0.8305755807075119,ses-04,ERP,sub-05
WRONG,natural,sub-12,68,0.7743843871704446,ses-04,ERP,sub-06
WRONG,natural,sub-12,68,0.8332371732578538,ses-04,ERP,sub-07
WRONG,natural,sub-12,68,0.7436424535792923,ses-04,ERP,sub-09
WRONG,natural,sub-12,68,0.7685876666662204,ses-04,ERP,sub-11
WRONG,natural,sub-12,68,0.7816518166213741,ses-04,ERP,sub-14
WRONG,natural,sub-12,68,0.9031605805071589,ses-04,ERP,sub-15
WRONG,natural,sub-12,68,0.7353115095013686,ses-04,ERP,sub-17
WRONG,natural,sub-12,68,0.7695468363377892,ses-04,ERP,sub-18
WRONG,natural,sub-12,68,0.7811343730479767,ses-04,ERP,sub-19
WRONG,natural,sub-12,68,0.8179938394480581,ses-04,ERP,sub-21
WRONG,natural,sub-12,68,0.8929632824222435,ses-04,ERP,sub-23
WRONG,natural,sub-12,68,0.7864071808283182,ses-04,ERP,sub-24
GAIN_WRONG,natural,sub-12,68,0.9181632869883374,ses-04,ERP,sub-02
GAIN_WRONG,natural,sub-12,68,0.8207833080623509,ses-04,ERP,sub-03
GAIN_WRONG,natural,sub-12,68,0.8453673073666703,ses-04,ERP,sub-05
GAIN_WRONG,natural,sub-12,68,0.7877229687335691,ses-04,ERP,sub-06
GAIN_WRONG,natural,sub-12,68,0.8545301251284099,ses-04,ERP,sub-07
GAIN_WRONG,natural,sub-12,68,0.768797786284875,ses-04,ERP,sub-09
GAIN_WRONG,natural,sub-12,68,0.7833473399060167,ses-04,ERP,sub-11
GAIN_WRONG,natural,sub-12,68,0.797413886858942,ses-04,ERP,sub-14
GAIN_WRONG,natural,sub-12,68,0.9015133363626286,ses-04,ERP,sub-15
GAIN_WRONG,natural,sub-12,68,0.7705561968576529,ses-04,ERP,sub-17
GAIN_WRONG,natural,sub-12,68,0.7943824241605348,ses-04,ERP,sub-18
GAIN_WRONG,natural,sub-12,68,0.7878715094063821,ses-04,ERP,sub-19
GAIN_WRONG,natural,sub-12,68,0.8470689045738641,ses-04,ERP,sub-21
GAIN_WRONG,natural,sub-12,68,0.8822893281158991,ses-04,ERP,sub-23
GAIN_WRONG,natural,sub-12,68,0.8061774688241439,ses-04,ERP,sub-24
MATCH,natural,sub-12,36,0.7495126898861688,ses-04,SSVEP,
POP,natural,sub-12,36,0.8681841478202673,ses-04,SSVEP,
TIME_SHIFT,natural,sub-12,36,0.9659032755081712,ses-04,SSVEP,
CHANNEL_PERM,natural,sub-12,36,1.0164060336931346,ses-04,SSVEP,
GAIN_MATCH,natural,sub-12,36,0.8206995133208166,ses-04,SSVEP,
GAIN_POP,natural,sub-12,36,0.8681841478202673,ses-04,SSVEP,
NULL,natural,sub-12,36,1.0,ses-04,SSVEP,
WRONG,natural,sub-12,36,0.9445775993533174,ses-04,SSVEP,sub-02
WRONG,natural,sub-12,36,0.8520530267765388,ses-04,SSVEP,sub-03
WRONG,natural,sub-12,36,0.8537304131278441,ses-04,SSVEP,sub-05
WRONG,natural,sub-12,36,0.8601265261838797,ses-04,SSVEP,sub-06
WRONG,natural,sub-12,36,0.8807210757722898,ses-04,SSVEP,sub-07
WRONG,natural,sub-12,36,0.9599388705113202,ses-04,SSVEP,sub-09
WRONG,natural,sub-12,36,0.973052397876018,ses-04,SSVEP,sub-11
WRONG,natural,sub-12,36,0.8439018839508013,ses-04,SSVEP,sub-14
WRONG,natural,sub-12,36,0.8744795639292424,ses-04,SSVEP,sub-15
WRONG,natural,sub-12,36,0.9149064874707198,ses-04,SSVEP,sub-17
WRONG,natural,sub-12,36,0.912259721737423,ses-04,SSVEP,sub-18
WRONG,natural,sub-12,36,0.924404604679234,ses-04,SSVEP,sub-19
WRONG,natural,sub-12,36,0.8582367995470044,ses-04,SSVEP,sub-21
WRONG,natural,sub-12,36,0.961974375916793,ses-04,SSVEP,sub-23
WRONG,natural,sub-12,36,0.8607267934136974,ses-04,SSVEP,sub-24
GAIN_WRONG,natural,sub-12,36,0.9296168438473439,ses-04,SSVEP,sub-02
GAIN_WRONG,natural,sub-12,36,0.8894061556485935,ses-04,SSVEP,sub-03
GAIN_WRONG,natural,sub-12,36,0.8559391642905213,ses-04,SSVEP,sub-05
GAIN_WRONG,natural,sub-12,36,0.8638397380470746,ses-04,SSVEP,sub-06
GAIN_WRONG,natural,sub-12,36,0.8773247767861911,ses-04,SSVEP,sub-07
GAIN_WRONG,natural,sub-12,36,0.936223375807082,ses-04,SSVEP,sub-09
GAIN_WRONG,natural,sub-12,36,0.9444019871640918,ses-04,SSVEP,sub-11
GAIN_WRONG,natural,sub-12,36,0.8443722153355417,ses-04,SSVEP,sub-14
GAIN_WRONG,natural,sub-12,36,0.8928096471105668,ses-04,SSVEP,sub-15
GAIN_WRONG,natural,sub-12,36,0.9183574655488277,ses-04,SSVEP,sub-17
GAIN_WRONG,natural,sub-12,36,0.9184974560820726,ses-04,SSVEP,sub-18
GAIN_WRONG,natural,sub-12,36,0.9163106674960573,ses-04,SSVEP,sub-19
GAIN_WRONG,natural,sub-12,36,0.8641418847527387,ses-04,SSVEP,sub-21
GAIN_WRONG,natural,sub-12,36,0.9670904410998981,ses-04,SSVEP,sub-23
GAIN_WRONG,natural,sub-12,36,0.8617708298438677,ses-04,SSVEP,sub-24
MATCH,natural,sub-14,67,0.5162939753835029,ses-02,ERP,
POP,natural,sub-14,67,0.5336400583418831,ses-02,ERP,
TIME_SHIFT,natural,sub-14,67,0.974297127764692,ses-02,ERP,
CHANNEL_PERM,natural,sub-14,67,0.860175637258819,ses-02,ERP,
GAIN_MATCH,natural,sub-14,67,0.5165012330545015,ses-02,ERP,
GAIN_POP,natural,sub-14,67,0.5336400583418831,ses-02,ERP,
NULL,natural,sub-14,67,1.0,ses-02,ERP,
WRONG,natural,sub-14,67,0.612389550272526,ses-02,ERP,sub-02
WRONG,natural,sub-14,67,0.5712008487642706,ses-02,ERP,sub-03
WRONG,natural,sub-14,67,0.6312100942864732,ses-02,ERP,sub-05
WRONG,natural,sub-14,67,0.552233188663451,ses-02,ERP,sub-06
WRONG,natural,sub-14,67,0.588040023618199,ses-02,ERP,sub-07
WRONG,natural,sub-14,67,0.6176748881486996,ses-02,ERP,sub-09
WRONG,natural,sub-14,67,0.5611776640451356,ses-02,ERP,sub-11
WRONG,natural,sub-14,67,0.762827889417815,ses-02,ERP,sub-12
WRONG,natural,sub-14,67,0.5736237243903097,ses-02,ERP,sub-15
WRONG,natural,sub-14,67,0.609903609271098,ses-02,ERP,sub-17
WRONG,natural,sub-14,67,0.5981221889030782,ses-02,ERP,sub-18
WRONG,natural,sub-14,67,0.5582207558419605,ses-02,ERP,sub-19
WRONG,natural,sub-14,67,0.5464195901631078,ses-02,ERP,sub-21
WRONG,natural,sub-14,67,0.6909978092366942,ses-02,ERP,sub-23
WRONG,natural,sub-14,67,0.5847850971277052,ses-02,ERP,sub-24
GAIN_WRONG,natural,sub-14,67,0.6079637564103495,ses-02,ERP,sub-02
GAIN_WRONG,natural,sub-14,67,0.573668649849664,ses-02,ERP,sub-03
GAIN_WRONG,natural,sub-14,67,0.5391559231560641,ses-02,ERP,sub-05
GAIN_WRONG,natural,sub-14,67,0.5523453008754555,ses-02,ERP,sub-06
GAIN_WRONG,natural,sub-14,67,0.589825511314564,ses-02,ERP,sub-07
GAIN_WRONG,natural,sub-14,67,0.6160664846452905,ses-02,ERP,sub-09
GAIN_WRONG,natural,sub-14,67,0.545517517396617,ses-02,ERP,sub-11
GAIN_WRONG,natural,sub-14,67,0.622380398589345,ses-02,ERP,sub-12
GAIN_WRONG,natural,sub-14,67,0.5833653058203758,ses-02,ERP,sub-15
GAIN_WRONG,natural,sub-14,67,0.5744802782319594,ses-02,ERP,sub-17
GAIN_WRONG,natural,sub-14,67,0.6202165169469618,ses-02,ERP,sub-18
GAIN_WRONG,natural,sub-14,67,0.5694522038808649,ses-02,ERP,sub-19
GAIN_WRONG,natural,sub-14,67,0.5479255964697592,ses-02,ERP,sub-21
GAIN_WRONG,natural,sub-14,67,0.7092349806047644,ses-02,ERP,sub-23
GAIN_WRONG,natural,sub-14,67,0.5795378246453076,ses-02,ERP,sub-24
MATCH,natural,sub-14,36,0.4011477257349523,ses-02,SSVEP,
POP,natural,sub-14,36,0.7194578275888694,ses-02,SSVEP,
TIME_SHIFT,natural,sub-14,36,0.9353528606457695,ses-02,SSVEP,
CHANNEL_PERM,natural,sub-14,36,0.8074331269290402,ses-02,SSVEP,
GAIN_MATCH,natural,sub-14,36,0.6073466566493537,ses-02,SSVEP,
GAIN_POP,natural,sub-14,36,0.7194578275888694,ses-02,SSVEP,
NULL,natural,sub-14,36,1.0,ses-02,SSVEP,
WRONG,natural,sub-14,36,0.5296684795528096,ses-02,SSVEP,sub-02
WRONG,natural,sub-14,36,0.5835450372543071,ses-02,SSVEP,sub-03
WRONG,natural,sub-14,36,0.4370122139733394,ses-02,SSVEP,sub-05
WRONG,natural,sub-14,36,0.42436959268001556,ses-02,SSVEP,sub-06
WRONG,natural,sub-14,36,0.4588638200629273,ses-02,SSVEP,sub-07
WRONG,natural,sub-14,36,1.7149249069210817,ses-02,SSVEP,sub-09
WRONG,natural,sub-14,36,0.8983810088476495,ses-02,SSVEP,sub-11
WRONG,natural,sub-14,36,0.9478043803793338,ses-02,SSVEP,sub-12
WRONG,natural,sub-14,36,0.5103493592465583,ses-02,SSVEP,sub-15
WRONG,natural,sub-14,36,1.7717936454905663,ses-02,SSVEP,sub-17
WRONG,natural,sub-14,36,0.5995224249583506,ses-02,SSVEP,sub-18
WRONG,natural,sub-14,36,0.4764517507075805,ses-02,SSVEP,sub-19
WRONG,natural,sub-14,36,0.49891231567889793,ses-02,SSVEP,sub-21
WRONG,natural,sub-14,36,0.7079601143747181,ses-02,SSVEP,sub-23
WRONG,natural,sub-14,36,0.4840971365356201,ses-02,SSVEP,sub-24
GAIN_WRONG,natural,sub-14,36,0.4770455668586258,ses-02,SSVEP,sub-02
GAIN_WRONG,natural,sub-14,36,0.6505148475292375,ses-02,SSVEP,sub-03
GAIN_WRONG,natural,sub-14,36,0.7078596539200042,ses-02,SSVEP,sub-05
GAIN_WRONG,natural,sub-14,36,0.7059728843032644,ses-02,SSVEP,sub-06
GAIN_WRONG,natural,sub-14,36,0.6681012957335181,ses-02,SSVEP,sub-07
GAIN_WRONG,natural,sub-14,36,0.9790308105710513,ses-02,SSVEP,sub-09
GAIN_WRONG,natural,sub-14,36,0.9417352558711395,ses-02,SSVEP,sub-11
GAIN_WRONG,natural,sub-14,36,0.7717389963461084,ses-02,SSVEP,sub-12
GAIN_WRONG,natural,sub-14,36,0.5387906195160803,ses-02,SSVEP,sub-15
GAIN_WRONG,natural,sub-14,36,1.0005539944682655,ses-02,SSVEP,sub-17
GAIN_WRONG,natural,sub-14,36,0.5970469567101213,ses-02,SSVEP,sub-18
GAIN_WRONG,natural,sub-14,36,0.6600858626486412,ses-02,SSVEP,sub-19
GAIN_WRONG,natural,sub-14,36,0.6885378285748565,ses-02,SSVEP,sub-21
GAIN_WRONG,natural,sub-14,36,0.6492093856468859,ses-02,SSVEP,sub-23
GAIN_WRONG,natural,sub-14,36,0.9246596813521687,ses-02,SSVEP,sub-24
MATCH,natural,sub-14,57,0.8016849554994554,ses-03,ERP,
POP,natural,sub-14,57,0.8718401090998977,ses-03,ERP,
TIME_SHIFT,natural,sub-14,57,1.0003710615288877,ses-03,ERP,
CHANNEL_PERM,natural,sub-14,57,0.974787596156116,ses-03,ERP,
GAIN_MATCH,natural,sub-14,57,0.8017419731408784,ses-03,ERP,
GAIN_POP,natural,sub-14,57,0.8718401090998977,ses-03,ERP,
NULL,natural,sub-14,57,1.0,ses-03,ERP,
WRONG,natural,sub-14,57,0.8865178426359352,ses-03,ERP,sub-02
WRONG,natural,sub-14,57,0.8534305195002675,ses-03,ERP,sub-03
WRONG,natural,sub-14,57,0.8529140521317803,ses-03,ERP,sub-05
WRONG,natural,sub-14,57,0.8270940951791803,ses-03,ERP,sub-06
WRONG,natural,sub-14,57,0.8089686490866209,ses-03,ERP,sub-07
WRONG,natural,sub-14,57,1.463086752336035,ses-03,ERP,sub-09
WRONG,natural,sub-14,57,0.823407858731834,ses-03,ERP,sub-11
WRONG,natural,sub-14,57,0.8666396941113571,ses-03,ERP,sub-12
WRONG,natural,sub-14,57,0.8521851135174427,ses-03,ERP,sub-15
WRONG,natural,sub-14,57,0.9340698722967646,ses-03,ERP,sub-17
WRONG,natural,sub-14,57,0.8165313334140814,ses-03,ERP,sub-18
WRONG,natural,sub-14,57,0.8308670823375974,ses-03,ERP,sub-19
WRONG,natural,sub-14,57,1.5731676116898965,ses-03,ERP,sub-21
WRONG,natural,sub-14,57,0.9985532385199154,ses-03,ERP,sub-23
WRONG,natural,sub-14,57,0.8175155627099174,ses-03,ERP,sub-24
GAIN_WRONG,natural,sub-14,57,0.8901950187821819,ses-03,ERP,sub-02
GAIN_WRONG,natural,sub-14,57,0.8588871169981094,ses-03,ERP,sub-03
GAIN_WRONG,natural,sub-14,57,0.8329339525000292,ses-03,ERP,sub-05
GAIN_WRONG,natural,sub-14,57,0.8303575929433676,ses-03,ERP,sub-06
GAIN_WRONG,natural,sub-14,57,0.809652868781275,ses-03,ERP,sub-07
GAIN_WRONG,natural,sub-14,57,1.022402416315435,ses-03,ERP,sub-09
GAIN_WRONG,natural,sub-14,57,0.8352410557834496,ses-03,ERP,sub-11
GAIN_WRONG,natural,sub-14,57,0.8466427256640003,ses-03,ERP,sub-12
GAIN_WRONG,natural,sub-14,57,0.8550104145432006,ses-03,ERP,sub-15
GAIN_WRONG,natural,sub-14,57,0.8721203533381597,ses-03,ERP,sub-17
GAIN_WRONG,natural,sub-14,57,0.82255574368805,ses-03,ERP,sub-18
GAIN_WRONG,natural,sub-14,57,0.8336460587444481,ses-03,ERP,sub-19
GAIN_WRONG,natural,sub-14,57,1.0223647863802912,ses-03,ERP,sub-21
GAIN_WRONG,natural,sub-14,57,1.0023369281493162,ses-03,ERP,sub-23
GAIN_WRONG,natural,sub-14,57,0.824620755330432,ses-03,ERP,sub-24
MATCH,natural,sub-14,35,0.5364028457087467,ses-03,SSVEP,
POP,natural,sub-14,35,0.7389521949933734,ses-03,SSVEP,
TIME_SHIFT,natural,sub-14,35,1.0459957415548968,ses-03,SSVEP,
CHANNEL_PERM,natural,sub-14,35,0.9207528913481082,ses-03,SSVEP,
GAIN_MATCH,natural,sub-14,35,0.8692967358830284,ses-03,SSVEP,
GAIN_POP,natural,sub-14,35,0.7389521949933734,ses-03,SSVEP,
NULL,natural,sub-14,35,1.0,ses-03,SSVEP,
WRONG,natural,sub-14,35,1.0148942873819027,ses-03,SSVEP,sub-02
WRONG,natural,sub-14,35,0.6166222248164799,ses-03,SSVEP,sub-03
WRONG,natural,sub-14,35,0.6033874085045823,ses-03,SSVEP,sub-05
WRONG,natural,sub-14,35,0.5705256470678034,ses-03,SSVEP,sub-06
WRONG,natural,sub-14,35,0.6800097775889332,ses-03,SSVEP,sub-07
WRONG,natural,sub-14,35,0.6445007224893834,ses-03,SSVEP,sub-09
WRONG,natural,sub-14,35,0.9949169574956738,ses-03,SSVEP,sub-11
WRONG,natural,sub-14,35,0.7831021231291005,ses-03,SSVEP,sub-12
WRONG,natural,sub-14,35,0.6393326592746399,ses-03,SSVEP,sub-15
WRONG,natural,sub-14,35,1.1355491997470264,ses-03,SSVEP,sub-17
WRONG,natural,sub-14,35,0.6776950927460742,ses-03,SSVEP,sub-18
WRONG,natural,sub-14,35,0.6557008016973674,ses-03,SSVEP,sub-19
WRONG,natural,sub-14,35,0.5997517681148709,ses-03,SSVEP,sub-21
WRONG,natural,sub-14,35,0.911565184599158,ses-03,SSVEP,sub-23
WRONG,natural,sub-14,35,0.5873378422669813,ses-03,SSVEP,sub-24
GAIN_WRONG,natural,sub-14,35,0.840383346468663,ses-03,SSVEP,sub-02
GAIN_WRONG,natural,sub-14,35,0.9374750075282688,ses-03,SSVEP,sub-03
GAIN_WRONG,natural,sub-14,35,0.9669481723964527,ses-03,SSVEP,sub-05
GAIN_WRONG,natural,sub-14,35,1.0504159875789252,ses-03,SSVEP,sub-06
GAIN_WRONG,natural,sub-14,35,0.8298499219701091,ses-03,SSVEP,sub-07
GAIN_WRONG,natural,sub-14,35,1.1458697501807151,ses-03,SSVEP,sub-09
GAIN_WRONG,natural,sub-14,35,0.9401044564531574,ses-03,SSVEP,sub-11
GAIN_WRONG,natural,sub-14,35,1.3048147737808573,ses-03,SSVEP,sub-12
GAIN_WRONG,natural,sub-14,35,1.0112505807346777,ses-03,SSVEP,sub-15
GAIN_WRONG,natural,sub-14,35,1.069867586636219,ses-03,SSVEP,sub-17
GAIN_WRONG,natural,sub-14,35,1.1304395281615685,ses-03,SSVEP,sub-18
GAIN_WRONG,natural,sub-14,35,0.7833337025998794,ses-03,SSVEP,sub-19
GAIN_WRONG,natural,sub-14,35,0.9649476643497471,ses-03,SSVEP,sub-21
GAIN_WRONG,natural,sub-14,35,1.1190917659024828,ses-03,SSVEP,sub-23
GAIN_WRONG,natural,sub-14,35,1.1982025669819636,ses-03,SSVEP,sub-24
MATCH,natural,sub-14,56,0.9492084351259853,ses-04,ERP,
POP,natural,sub-14,56,0.857949959704175,ses-04,ERP,
TIME_SHIFT,natural,sub-14,56,0.9950546094884033,ses-04,ERP,
CHANNEL_PERM,natural,sub-14,56,1.0337939996703096,ses-04,ERP,
GAIN_MATCH,natural,sub-14,56,0.9349072456949805,ses-04,ERP,
GAIN_POP,natural,sub-14,56,0.857949959704175,ses-04,ERP,
NULL,natural,sub-14,56,1.0,ses-04,ERP,
WRONG,natural,sub-14,56,1.3494464842385092,ses-04,ERP,sub-02
WRONG,natural,sub-14,56,1.1499639152920411,ses-04,ERP,sub-03
WRONG,natural,sub-14,56,1.1556002553850084,ses-04,ERP,sub-05
WRONG,natural,sub-14,56,1.0089655916301339,ses-04,ERP,sub-06
WRONG,natural,sub-14,56,0.9110916695720762,ses-04,ERP,sub-07
WRONG,natural,sub-14,56,1.0062369415133297,ses-04,ERP,sub-09
WRONG,natural,sub-14,56,0.9209977335009698,ses-04,ERP,sub-11
WRONG,natural,sub-14,56,1.1663351203076846,ses-04,ERP,sub-12
WRONG,natural,sub-14,56,1.4077391982814451,ses-04,ERP,sub-15
WRONG,natural,sub-14,56,0.8989639967757656,ses-04,ERP,sub-17
WRONG,natural,sub-14,56,0.968589192602361,ses-04,ERP,sub-18
WRONG,natural,sub-14,56,0.842274239424904,ses-04,ERP,sub-19
WRONG,natural,sub-14,56,1.185331835658182,ses-04,ERP,sub-21
WRONG,natural,sub-14,56,0.9207629392217481,ses-04,ERP,sub-23
WRONG,natural,sub-14,56,0.8647780626745014,ses-04,ERP,sub-24
GAIN_WRONG,natural,sub-14,56,1.029899395766281,ses-04,ERP,sub-02
GAIN_WRONG,natural,sub-14,56,1.0398281693626135,ses-04,ERP,sub-03
GAIN_WRONG,natural,sub-14,56,0.8941390448300425,ses-04,ERP,sub-05
GAIN_WRONG,natural,sub-14,56,0.9939046661111594,ses-04,ERP,sub-06
GAIN_WRONG,natural,sub-14,56,0.9096134584710003,ses-04,ERP,sub-07
GAIN_WRONG,natural,sub-14,56,0.9733755444648059,ses-04,ERP,sub-09
GAIN_WRONG,natural,sub-14,56,0.9003935263218558,ses-04,ERP,sub-11
GAIN_WRONG,natural,sub-14,56,1.0166316424656106,ses-04,ERP,sub-12
GAIN_WRONG,natural,sub-14,56,0.976928635971988,ses-04,ERP,sub-15
GAIN_WRONG,natural,sub-14,56,0.8570975494194936,ses-04,ERP,sub-17
GAIN_WRONG,natural,sub-14,56,0.9440745839441053,ses-04,ERP,sub-18
GAIN_WRONG,natural,sub-14,56,0.8396497327441786,ses-04,ERP,sub-19
GAIN_WRONG,natural,sub-14,56,1.0376617914952002,ses-04,ERP,sub-21
GAIN_WRONG,natural,sub-14,56,0.925215725897812,ses-04,ERP,sub-23
GAIN_WRONG,natural,sub-14,56,0.8503637917618462,ses-04,ERP,sub-24
MATCH,natural,sub-14,35,0.5935032178920524,ses-04,SSVEP,
POP,natural,sub-14,35,0.8388388641689303,ses-04,SSVEP,
TIME_SHIFT,natural,sub-14,35,0.9609881128235267,ses-04,SSVEP,
CHANNEL_PERM,natural,sub-14,35,0.8644898018257461,ses-04,SSVEP,
GAIN_MATCH,natural,sub-14,35,0.5934196929175002,ses-04,SSVEP,
GAIN_POP,natural,sub-14,35,0.8388388641689303,ses-04,SSVEP,
NULL,natural,sub-14,35,1.0,ses-04,SSVEP,
WRONG,natural,sub-14,35,1.0547286853126476,ses-04,SSVEP,sub-02
WRONG,natural,sub-14,35,0.7703677145994738,ses-04,SSVEP,sub-03
WRONG,natural,sub-14,35,0.639610397799173,ses-04,SSVEP,sub-05
WRONG,natural,sub-14,35,0.6630161650756354,ses-04,SSVEP,sub-06
WRONG,natural,sub-14,35,0.8094665783642059,ses-04,SSVEP,sub-07
WRONG,natural,sub-14,35,1.0090101232233757,ses-04,SSVEP,sub-09
WRONG,natural,sub-14,35,0.8246965136364458,ses-04,SSVEP,sub-11
WRONG,natural,sub-14,35,1.0525649955699596,ses-04,SSVEP,sub-12
WRONG,natural,sub-14,35,0.8314506742044541,ses-04,SSVEP,sub-15
WRONG,natural,sub-14,35,0.9035412546869002,ses-04,SSVEP,sub-17
WRONG,natural,sub-14,35,0.8811184096912896,ses-04,SSVEP,sub-18
WRONG,natural,sub-14,35,1.2141438458823535,ses-04,SSVEP,sub-19
WRONG,natural,sub-14,35,0.6877483061048428,ses-04,SSVEP,sub-21
WRONG,natural,sub-14,35,0.9321516594407584,ses-04,SSVEP,sub-23
WRONG,natural,sub-14,35,0.7169349084206788,ses-04,SSVEP,sub-24
GAIN_WRONG,natural,sub-14,35,0.8909222227075239,ses-04,SSVEP,sub-02
GAIN_WRONG,natural,sub-14,35,0.7167775261043488,ses-04,SSVEP,sub-03
GAIN_WRONG,natural,sub-14,35,0.6388776357950369,ses-04,SSVEP,sub-05
GAIN_WRONG,natural,sub-14,35,0.6613405736584028,ses-04,SSVEP,sub-06
GAIN_WRONG,natural,sub-14,35,0.8333420151744548,ses-04,SSVEP,sub-07
GAIN_WRONG,natural,sub-14,35,0.8315860000512616,ses-04,SSVEP,sub-09
GAIN_WRONG,natural,sub-14,35,0.7461977372976379,ses-04,SSVEP,sub-11
GAIN_WRONG,natural,sub-14,35,0.7553817806243478,ses-04,SSVEP,sub-12
GAIN_WRONG,natural,sub-14,35,0.8193951342341311,ses-04,SSVEP,sub-15
GAIN_WRONG,natural,sub-14,35,0.8523623216560541,ses-04,SSVEP,sub-17
GAIN_WRONG,natural,sub-14,35,0.7914599868152596,ses-04,SSVEP,sub-18
GAIN_WRONG,natural,sub-14,35,1.0594876212327804,ses-04,SSVEP,sub-19
GAIN_WRONG,natural,sub-14,35,0.6620691204700949,ses-04,SSVEP,sub-21
GAIN_WRONG,natural,sub-14,35,0.9420259991762288,ses-04,SSVEP,sub-23
GAIN_WRONG,natural,sub-14,35,0.717557689375201,ses-04,SSVEP,sub-24
MATCH,natural,sub-15,58,0.5025407222807727,ses-02,ERP,
POP,natural,sub-15,58,0.5800656242851097,ses-02,ERP,
TIME_SHIFT,natural,sub-15,58,0.9210463319024678,ses-02,ERP,
CHANNEL_PERM,natural,sub-15,58,0.9030912916108347,ses-02,ERP,
GAIN_MATCH,natural,sub-15,58,0.5031895230974248,ses-02,ERP,
GAIN_POP,natural,sub-15,58,0.5800656242851097,ses-02,ERP,
NULL,natural,sub-15,58,1.0,ses-02,ERP,
WRONG,natural,sub-15,58,0.522018679527777,ses-02,ERP,sub-02
WRONG,natural,sub-15,58,0.5939517442130083,ses-02,ERP,sub-03
WRONG,natural,sub-15,58,0.7514864951501713,ses-02,ERP,sub-05
WRONG,natural,sub-15,58,0.5897887965771498,ses-02,ERP,sub-06
WRONG,natural,sub-15,58,0.5461672950040254,ses-02,ERP,sub-07
WRONG,natural,sub-15,58,0.6431042525762717,ses-02,ERP,sub-09
WRONG,natural,sub-15,58,0.6780357609033243,ses-02,ERP,sub-11
WRONG,natural,sub-15,58,0.8576344210650872,ses-02,ERP,sub-12
WRONG,natural,sub-15,58,0.5811381062876461,ses-02,ERP,sub-14
WRONG,natural,sub-15,58,0.7127996398785775,ses-02,ERP,sub-17
WRONG,natural,sub-15,58,0.5396263003338285,ses-02,ERP,sub-18
WRONG,natural,sub-15,58,0.5631615916243126,ses-02,ERP,sub-19
WRONG,natural,sub-15,58,0.5808313114952278,ses-02,ERP,sub-21
WRONG,natural,sub-15,58,0.5422820431986924,ses-02,ERP,sub-23
WRONG,natural,sub-15,58,0.656331974756968,ses-02,ERP,sub-24
GAIN_WRONG,natural,sub-15,58,0.5213137567887212,ses-02,ERP,sub-02
GAIN_WRONG,natural,sub-15,58,0.5818625843824407,ses-02,ERP,sub-03
GAIN_WRONG,natural,sub-15,58,0.5962484694938496,ses-02,ERP,sub-05
GAIN_WRONG,natural,sub-15,58,0.6044406787388058,ses-02,ERP,sub-06
GAIN_WRONG,natural,sub-15,58,0.5454363717188546,ses-02,ERP,sub-07
GAIN_WRONG,natural,sub-15,58,0.5805417699121999,ses-02,ERP,sub-09
GAIN_WRONG,natural,sub-15,58,0.6267597083704443,ses-02,ERP,sub-11
GAIN_WRONG,natural,sub-15,58,0.6094127595176758,ses-02,ERP,sub-12
GAIN_WRONG,natural,sub-15,58,0.5838955858264095,ses-02,ERP,sub-14
GAIN_WRONG,natural,sub-15,58,0.6155849678381887,ses-02,ERP,sub-17
GAIN_WRONG,natural,sub-15,58,0.5344099422197744,ses-02,ERP,sub-18
GAIN_WRONG,natural,sub-15,58,0.5531025973109093,ses-02,ERP,sub-19
GAIN_WRONG,natural,sub-15,58,0.5697498242306303,ses-02,ERP,sub-21
GAIN_WRONG,natural,sub-15,58,0.5543169871162316,ses-02,ERP,sub-23
GAIN_WRONG,natural,sub-15,58,0.6404188680274686,ses-02,ERP,sub-24
MATCH,natural,sub-15,39,0.9091858252075403,ses-02,SSVEP,
POP,natural,sub-15,39,1.0435054746526076,ses-02,SSVEP,
TIME_SHIFT,natural,sub-15,39,0.9977856311156506,ses-02,SSVEP,
CHANNEL_PERM,natural,sub-15,39,0.9804938149047603,ses-02,SSVEP,
GAIN_MATCH,natural,sub-15,39,0.9477581911869165,ses-02,SSVEP,
GAIN_POP,natural,sub-15,39,1.0435054746526076,ses-02,SSVEP,
NULL,natural,sub-15,39,1.0,ses-02,SSVEP,
WRONG,natural,sub-15,39,0.9100487697386168,ses-02,SSVEP,sub-02
WRONG,natural,sub-15,39,0.9241058716582348,ses-02,SSVEP,sub-03
WRONG,natural,sub-15,39,0.9122193239846772,ses-02,SSVEP,sub-05
WRONG,natural,sub-15,39,0.9122244935748207,ses-02,SSVEP,sub-06
WRONG,natural,sub-15,39,0.9176976144208351,ses-02,SSVEP,sub-07
WRONG,natural,sub-15,39,1.632551923494839,ses-02,SSVEP,sub-09
WRONG,natural,sub-15,39,0.9694469415842091,ses-02,SSVEP,sub-11
WRONG,natural,sub-15,39,0.992076175346966,ses-02,SSVEP,sub-12
WRONG,natural,sub-15,39,0.9136249659984512,ses-02,SSVEP,sub-14
WRONG,natural,sub-15,39,1.0852932919326572,ses-02,SSVEP,sub-17
WRONG,natural,sub-15,39,0.9553897986757475,ses-02,SSVEP,sub-18
WRONG,natural,sub-15,39,0.9207957156815773,ses-02,SSVEP,sub-19
WRONG,natural,sub-15,39,0.9341619824248439,ses-02,SSVEP,sub-21
WRONG,natural,sub-15,39,0.9141709474741554,ses-02,SSVEP,sub-23
WRONG,natural,sub-15,39,0.9269290967638754,ses-02,SSVEP,sub-24
GAIN_WRONG,natural,sub-15,39,0.9382339218360459,ses-02,SSVEP,sub-02
GAIN_WRONG,natural,sub-15,39,0.9321705840612586,ses-02,SSVEP,sub-03
GAIN_WRONG,natural,sub-15,39,0.9516402778195323,ses-02,SSVEP,sub-05
GAIN_WRONG,natural,sub-15,39,0.9821558236131992,ses-02,SSVEP,sub-06
GAIN_WRONG,natural,sub-15,39,0.959308923422889,ses-02,SSVEP,sub-07
GAIN_WRONG,natural,sub-15,39,1.1147414420430437,ses-02,SSVEP,sub-09
GAIN_WRONG,natural,sub-15,39,0.9791989452795019,ses-02,SSVEP,sub-11
GAIN_WRONG,natural,sub-15,39,0.9561935670847146,ses-02,SSVEP,sub-12
GAIN_WRONG,natural,sub-15,39,0.948851481783725,ses-02,SSVEP,sub-14
GAIN_WRONG,natural,sub-15,39,0.9582063568297028,ses-02,SSVEP,sub-17
GAIN_WRONG,natural,sub-15,39,0.9555154623413156,ses-02,SSVEP,sub-18
GAIN_WRONG,natural,sub-15,39,0.9514758279632607,ses-02,SSVEP,sub-19
GAIN_WRONG,natural,sub-15,39,0.9784170046040886,ses-02,SSVEP,sub-21
GAIN_WRONG,natural,sub-15,39,0.942360096481052,ses-02,SSVEP,sub-23
GAIN_WRONG,natural,sub-15,39,1.0158373755799461,ses-02,SSVEP,sub-24
MATCH,natural,sub-15,58,0.6115739574398723,ses-03,ERP,
POP,natural,sub-15,58,0.714890834236668,ses-03,ERP,
TIME_SHIFT,natural,sub-15,58,1.012622918051038,ses-03,ERP,
CHANNEL_PERM,natural,sub-15,58,0.9342259166618366,ses-03,ERP,
GAIN_MATCH,natural,sub-15,58,0.6163299666344709,ses-03,ERP,
GAIN_POP,natural,sub-15,58,0.714890834236668,ses-03,ERP,
NULL,natural,sub-15,58,1.0,ses-03,ERP,
WRONG,natural,sub-15,58,0.6383087947811638,ses-03,ERP,sub-02
WRONG,natural,sub-15,58,0.6866366695280706,ses-03,ERP,sub-03
WRONG,natural,sub-15,58,0.90697611167426,ses-03,ERP,sub-05
WRONG,natural,sub-15,58,0.6617646491824245,ses-03,ERP,sub-06
WRONG,natural,sub-15,58,0.7003078140540486,ses-03,ERP,sub-07
WRONG,natural,sub-15,58,1.2314921029167591,ses-03,ERP,sub-09
WRONG,natural,sub-15,58,0.7867011798144712,ses-03,ERP,sub-11
WRONG,natural,sub-15,58,0.9615534954501368,ses-03,ERP,sub-12
WRONG,natural,sub-15,58,0.7155533454962476,ses-03,ERP,sub-14
WRONG,natural,sub-15,58,1.072217984729988,ses-03,ERP,sub-17
WRONG,natural,sub-15,58,0.6799588842764406,ses-03,ERP,sub-18
WRONG,natural,sub-15,58,0.6766199401598036,ses-03,ERP,sub-19
WRONG,natural,sub-15,58,1.26001861993854,ses-03,ERP,sub-21
WRONG,natural,sub-15,58,0.7754030617370513,ses-03,ERP,sub-23
WRONG,natural,sub-15,58,0.7341825773438931,ses-03,ERP,sub-24
GAIN_WRONG,natural,sub-15,58,0.6428859808582328,ses-03,ERP,sub-02
GAIN_WRONG,natural,sub-15,58,0.7218444929633264,ses-03,ERP,sub-03
GAIN_WRONG,natural,sub-15,58,0.8082540312790303,ses-03,ERP,sub-05
GAIN_WRONG,natural,sub-15,58,0.7340344711010622,ses-03,ERP,sub-06
GAIN_WRONG,natural,sub-15,58,0.7184199083415628,ses-03,ERP,sub-07
GAIN_WRONG,natural,sub-15,58,0.8290223966807204,ses-03,ERP,sub-09
GAIN_WRONG,natural,sub-15,58,0.8804567423830678,ses-03,ERP,sub-11
GAIN_WRONG,natural,sub-15,58,0.8707186505122274,ses-03,ERP,sub-12
GAIN_WRONG,natural,sub-15,58,0.7070915196016625,ses-03,ERP,sub-14
GAIN_WRONG,natural,sub-15,58,0.7416056966310453,ses-03,ERP,sub-17
GAIN_WRONG,natural,sub-15,58,0.7652785396935371,ses-03,ERP,sub-18
GAIN_WRONG,natural,sub-15,58,0.7022988641709076,ses-03,ERP,sub-19
GAIN_WRONG,natural,sub-15,58,0.8431273656990228,ses-03,ERP,sub-21
GAIN_WRONG,natural,sub-15,58,0.7703900753552388,ses-03,ERP,sub-23
GAIN_WRONG,natural,sub-15,58,0.8437363337693784,ses-03,ERP,sub-24
MATCH,natural,sub-15,35,0.6827664809868735,ses-03,SSVEP,
POP,natural,sub-15,35,1.0380822536930276,ses-03,SSVEP,
TIME_SHIFT,natural,sub-15,35,1.007895928029698,ses-03,SSVEP,
CHANNEL_PERM,natural,sub-15,35,0.9309792296152045,ses-03,SSVEP,
GAIN_MATCH,natural,sub-15,35,1.0290105741551485,ses-03,SSVEP,
GAIN_POP,natural,sub-15,35,1.0380822536930276,ses-03,SSVEP,
NULL,natural,sub-15,35,1.0,ses-03,SSVEP,
WRONG,natural,sub-15,35,1.4580246744608176,ses-03,SSVEP,sub-02
WRONG,natural,sub-15,35,0.7255044213244335,ses-03,SSVEP,sub-03
WRONG,natural,sub-15,35,0.7126784505888868,ses-03,SSVEP,sub-05
WRONG,natural,sub-15,35,0.712828474966223,ses-03,SSVEP,sub-06
WRONG,natural,sub-15,35,0.7625829161034855,ses-03,SSVEP,sub-07
WRONG,natural,sub-15,35,0.7747370000254431,ses-03,SSVEP,sub-09
WRONG,natural,sub-15,35,0.9839870023491533,ses-03,SSVEP,sub-11
WRONG,natural,sub-15,35,1.0679349801814984,ses-03,SSVEP,sub-12
WRONG,natural,sub-15,35,0.7362595092680416,ses-03,SSVEP,sub-14
WRONG,natural,sub-15,35,1.0429801556827225,ses-03,SSVEP,sub-17
WRONG,natural,sub-15,35,0.8925116040555081,ses-03,SSVEP,sub-18
WRONG,natural,sub-15,35,0.7468010188842834,ses-03,SSVEP,sub-19
WRONG,natural,sub-15,35,0.8014918962503826,ses-03,SSVEP,sub-21
WRONG,natural,sub-15,35,0.9028909371218584,ses-03,SSVEP,sub-23
WRONG,natural,sub-15,35,0.7648980413265646,ses-03,SSVEP,sub-24
GAIN_WRONG,natural,sub-15,35,1.0319169934707475,ses-03,SSVEP,sub-02
GAIN_WRONG,natural,sub-15,35,1.120369258457186,ses-03,SSVEP,sub-03
GAIN_WRONG,natural,sub-15,35,1.1072600959008898,ses-03,SSVEP,sub-05
GAIN_WRONG,natural,sub-15,35,1.3214169582234556,ses-03,SSVEP,sub-06
GAIN_WRONG,natural,sub-15,35,0.9755788826832679,ses-03,SSVEP,sub-07
GAIN_WRONG,natural,sub-15,35,1.3098586517143773,ses-03,SSVEP,sub-09
GAIN_WRONG,natural,sub-15,35,0.9384096719713323,ses-03,SSVEP,sub-11
GAIN_WRONG,natural,sub-15,35,1.703854002633811,ses-03,SSVEP,sub-12
GAIN_WRONG,natural,sub-15,35,1.201087858641712,ses-03,SSVEP,sub-14
GAIN_WRONG,natural,sub-15,35,0.9859018219110822,ses-03,SSVEP,sub-17
GAIN_WRONG,natural,sub-15,35,1.4202472240960098,ses-03,SSVEP,sub-18
GAIN_WRONG,natural,sub-15,35,0.883174378527087,ses-03,SSVEP,sub-19
GAIN_WRONG,natural,sub-15,35,1.219738391966103,ses-03,SSVEP,sub-21
GAIN_WRONG,natural,sub-15,35,0.8810392364771846,ses-03,SSVEP,sub-23
GAIN_WRONG,natural,sub-15,35,1.603107736238029,ses-03,SSVEP,sub-24
MATCH,natural,sub-15,65,0.7397979398371667,ses-04,ERP,
POP,natural,sub-15,65,0.7945806448011103,ses-04,ERP,
TIME_SHIFT,natural,sub-15,65,0.9313066367256181,ses-04,ERP,
CHANNEL_PERM,natural,sub-15,65,0.9318456401955831,ses-04,ERP,
GAIN_MATCH,natural,sub-15,65,0.8257210185339235,ses-04,ERP,
GAIN_POP,natural,sub-15,65,0.7945806448011103,ses-04,ERP,
NULL,natural,sub-15,65,1.0,ses-04,ERP,
WRONG,natural,sub-15,65,0.8052023715999378,ses-04,ERP,sub-02
WRONG,natural,sub-15,65,0.8462385025118166,ses-04,ERP,sub-03
WRONG,natural,sub-15,65,0.9281333310026734,ses-04,ERP,sub-05
WRONG,natural,sub-15,65,0.8196167355201864,ses-04,ERP,sub-06
WRONG,natural,sub-15,65,0.8633304488696752,ses-04,ERP,sub-07
WRONG,natural,sub-15,65,0.8312794756667256,ses-04,ERP,sub-09
WRONG,natural,sub-15,65,0.8625665381771551,ses-04,ERP,sub-11
WRONG,natural,sub-15,65,0.9973169996881296,ses-04,ERP,sub-12
WRONG,natural,sub-15,65,0.8285087722872411,ses-04,ERP,sub-14
WRONG,natural,sub-15,65,0.9208253764732282,ses-04,ERP,sub-17
WRONG,natural,sub-15,65,0.7949790774000685,ses-04,ERP,sub-18
WRONG,natural,sub-15,65,0.7856932605208252,ses-04,ERP,sub-19
WRONG,natural,sub-15,65,0.8692641299889141,ses-04,ERP,sub-21
WRONG,natural,sub-15,65,0.862775760679418,ses-04,ERP,sub-23
WRONG,natural,sub-15,65,0.8168492817026933,ses-04,ERP,sub-24
GAIN_WRONG,natural,sub-15,65,0.8545534244115562,ses-04,ERP,sub-02
GAIN_WRONG,natural,sub-15,65,0.8198135318412269,ses-04,ERP,sub-03
GAIN_WRONG,natural,sub-15,65,0.8029507460815853,ses-04,ERP,sub-05
GAIN_WRONG,natural,sub-15,65,0.8086682399613201,ses-04,ERP,sub-06
GAIN_WRONG,natural,sub-15,65,0.8485355787882305,ses-04,ERP,sub-07
GAIN_WRONG,natural,sub-15,65,0.7973193117006621,ses-04,ERP,sub-09
GAIN_WRONG,natural,sub-15,65,0.8176739938527811,ses-04,ERP,sub-11
GAIN_WRONG,natural,sub-15,65,0.8251716103625716,ses-04,ERP,sub-12
GAIN_WRONG,natural,sub-15,65,0.7999009773704909,ses-04,ERP,sub-14
GAIN_WRONG,natural,sub-15,65,0.813240429960015,ses-04,ERP,sub-17
GAIN_WRONG,natural,sub-15,65,0.7852565444054217,ses-04,ERP,sub-18
GAIN_WRONG,natural,sub-15,65,0.7802507690911606,ses-04,ERP,sub-19
GAIN_WRONG,natural,sub-15,65,0.8267798444687607,ses-04,ERP,sub-21
GAIN_WRONG,natural,sub-15,65,0.8467153295283678,ses-04,ERP,sub-23
GAIN_WRONG,natural,sub-15,65,0.7910880839731687,ses-04,ERP,sub-24
MATCH,natural,sub-15,39,0.6342307515869744,ses-04,SSVEP,
POP,natural,sub-15,39,0.8316388479180724,ses-04,SSVEP,
TIME_SHIFT,natural,sub-15,39,0.9934457937226685,ses-04,SSVEP,
CHANNEL_PERM,natural,sub-15,39,0.9151252554213124,ses-04,SSVEP,
GAIN_MATCH,natural,sub-15,39,0.6898106989161834,ses-04,SSVEP,
GAIN_POP,natural,sub-15,39,0.8316388479180724,ses-04,SSVEP,
NULL,natural,sub-15,39,1.0,ses-04,SSVEP,
WRONG,natural,sub-15,39,0.9289758697521273,ses-04,SSVEP,sub-02
WRONG,natural,sub-15,39,0.9350789080522606,ses-04,SSVEP,sub-03
WRONG,natural,sub-15,39,0.7521788037198953,ses-04,SSVEP,sub-05
WRONG,natural,sub-15,39,0.807361932184553,ses-04,SSVEP,sub-06
WRONG,natural,sub-15,39,0.8375231600564675,ses-04,SSVEP,sub-07
WRONG,natural,sub-15,39,0.9686794186247213,ses-04,SSVEP,sub-09
WRONG,natural,sub-15,39,0.9708325167000867,ses-04,SSVEP,sub-11
WRONG,natural,sub-15,39,1.0415924795934934,ses-04,SSVEP,sub-12
WRONG,natural,sub-15,39,0.7781132441910735,ses-04,SSVEP,sub-14
WRONG,natural,sub-15,39,0.8700004154755174,ses-04,SSVEP,sub-17
WRONG,natural,sub-15,39,0.848641111168283,ses-04,SSVEP,sub-18
WRONG,natural,sub-15,39,1.1015014025488132,ses-04,SSVEP,sub-19
WRONG,natural,sub-15,39,0.8095873408022835,ses-04,SSVEP,sub-21
WRONG,natural,sub-15,39,0.8848323808911878,ses-04,SSVEP,sub-23
WRONG,natural,sub-15,39,0.7540924198694846,ses-04,SSVEP,sub-24
GAIN_WRONG,natural,sub-15,39,0.8465206320443792,ses-04,SSVEP,sub-02
GAIN_WRONG,natural,sub-15,39,0.8788020495868134,ses-04,SSVEP,sub-03
GAIN_WRONG,natural,sub-15,39,0.7506422846960065,ses-04,SSVEP,sub-05
GAIN_WRONG,natural,sub-15,39,0.7999856715526108,ses-04,SSVEP,sub-06
GAIN_WRONG,natural,sub-15,39,0.8534374155179273,ses-04,SSVEP,sub-07
GAIN_WRONG,natural,sub-15,39,0.8608415874368276,ses-04,SSVEP,sub-09
GAIN_WRONG,natural,sub-15,39,0.8787184145856631,ses-04,SSVEP,sub-11
GAIN_WRONG,natural,sub-15,39,0.797705623198631,ses-04,SSVEP,sub-12
GAIN_WRONG,natural,sub-15,39,0.7797815836347617,ses-04,SSVEP,sub-14
GAIN_WRONG,natural,sub-15,39,0.8413586051127118,ses-04,SSVEP,sub-17
GAIN_WRONG,natural,sub-15,39,0.8181620751252512,ses-04,SSVEP,sub-18
GAIN_WRONG,natural,sub-15,39,0.9912537622028607,ses-04,SSVEP,sub-19
GAIN_WRONG,natural,sub-15,39,0.7711816740776272,ses-04,SSVEP,sub-21
GAIN_WRONG,natural,sub-15,39,0.876977267733538,ses-04,SSVEP,sub-23
GAIN_WRONG,natural,sub-15,39,0.7545347642906035,ses-04,SSVEP,sub-24
MATCH,natural,sub-17,57,0.4729759246520225,ses-02,ERP,
POP,natural,sub-17,57,0.5504526260382646,ses-02,ERP,
TIME_SHIFT,natural,sub-17,57,0.8217810923396178,ses-02,ERP,
CHANNEL_PERM,natural,sub-17,57,0.8209819487197809,ses-02,ERP,
GAIN_MATCH,natural,sub-17,57,0.5177047864646213,ses-02,ERP,
GAIN_POP,natural,sub-17,57,0.5504526260382646,ses-02,ERP,
NULL,natural,sub-17,57,1.0,ses-02,ERP,
WRONG,natural,sub-17,57,0.5990394675002947,ses-02,ERP,sub-02
WRONG,natural,sub-17,57,0.6236479652347753,ses-02,ERP,sub-03
WRONG,natural,sub-17,57,0.5480719593280062,ses-02,ERP,sub-05
WRONG,natural,sub-17,57,0.5924345750062463,ses-02,ERP,sub-06
WRONG,natural,sub-17,57,0.5517686722663881,ses-02,ERP,sub-07
WRONG,natural,sub-17,57,0.6120092700377576,ses-02,ERP,sub-09
WRONG,natural,sub-17,57,0.5378356931022659,ses-02,ERP,sub-11
WRONG,natural,sub-17,57,0.555206179047678,ses-02,ERP,sub-12
WRONG,natural,sub-17,57,0.5846211286257569,ses-02,ERP,sub-14
WRONG,natural,sub-17,57,0.5827644384382362,ses-02,ERP,sub-15
WRONG,natural,sub-17,57,0.5341541113919677,ses-02,ERP,sub-18
WRONG,natural,sub-17,57,0.6428155609124381,ses-02,ERP,sub-19
WRONG,natural,sub-17,57,0.5885868726203619,ses-02,ERP,sub-21
WRONG,natural,sub-17,57,0.5247742649620126,ses-02,ERP,sub-23
WRONG,natural,sub-17,57,0.6261126315986236,ses-02,ERP,sub-24
GAIN_WRONG,natural,sub-17,57,0.5975742661168125,ses-02,ERP,sub-02
GAIN_WRONG,natural,sub-17,57,0.6430453634182988,ses-02,ERP,sub-03
GAIN_WRONG,natural,sub-17,57,0.5915445348863644,ses-02,ERP,sub-05
GAIN_WRONG,natural,sub-17,57,0.5769516160057068,ses-02,ERP,sub-06
GAIN_WRONG,natural,sub-17,57,0.5577750375324659,ses-02,ERP,sub-07
GAIN_WRONG,natural,sub-17,57,0.6716589557917928,ses-02,ERP,sub-09
GAIN_WRONG,natural,sub-17,57,0.5624230332691706,ses-02,ERP,sub-11
GAIN_WRONG,natural,sub-17,57,0.6125878096064237,ses-02,ERP,sub-12
GAIN_WRONG,natural,sub-17,57,0.5844926514658428,ses-02,ERP,sub-14
GAIN_WRONG,natural,sub-17,57,0.5974300431806633,ses-02,ERP,sub-15
GAIN_WRONG,natural,sub-17,57,0.5653388541721223,ses-02,ERP,sub-18
GAIN_WRONG,natural,sub-17,57,0.6699628277058108,ses-02,ERP,sub-19
GAIN_WRONG,natural,sub-17,57,0.6016012872360326,ses-02,ERP,sub-21
GAIN_WRONG,natural,sub-17,57,0.5561333600655289,ses-02,ERP,sub-23
GAIN_WRONG,natural,sub-17,57,0.6360024249598358,ses-02,ERP,sub-24
MATCH,natural,sub-17,37,0.709332058067908,ses-02,SSVEP,
POP,natural,sub-17,37,1.0221119586600906,ses-02,SSVEP,
TIME_SHIFT,natural,sub-17,37,0.9969316463646112,ses-02,SSVEP,
CHANNEL_PERM,natural,sub-17,37,0.9617597560054713,ses-02,SSVEP,
GAIN_MATCH,natural,sub-17,37,0.6979708826540976,ses-02,SSVEP,
GAIN_POP,natural,sub-17,37,1.0221119586600906,ses-02,SSVEP,
NULL,natural,sub-17,37,1.0,ses-02,SSVEP,
WRONG,natural,sub-17,37,0.7584363161352556,ses-02,SSVEP,sub-02
WRONG,natural,sub-17,37,0.7729739913015959,ses-02,SSVEP,sub-03
WRONG,natural,sub-17,37,0.6982482472394914,ses-02,SSVEP,sub-05
WRONG,natural,sub-17,37,0.6894712620124293,ses-02,SSVEP,sub-06
WRONG,natural,sub-17,37,0.6906601863085835,ses-02,SSVEP,sub-07
WRONG,natural,sub-17,37,2.2177341255142755,ses-02,SSVEP,sub-09
WRONG,natural,sub-17,37,0.8863279015608901,ses-02,SSVEP,sub-11
WRONG,natural,sub-17,37,0.7859340037360756,ses-02,SSVEP,sub-12
WRONG,natural,sub-17,37,0.7348148703142926,ses-02,SSVEP,sub-14
WRONG,natural,sub-17,37,0.7283554411412199,ses-02,SSVEP,sub-15
WRONG,natural,sub-17,37,0.7909396076061653,ses-02,SSVEP,sub-18
WRONG,natural,sub-17,37,0.7399725512283367,ses-02,SSVEP,sub-19
WRONG,natural,sub-17,37,0.6742054377409576,ses-02,SSVEP,sub-21
WRONG,natural,sub-17,37,0.7465433109027646,ses-02,SSVEP,sub-23
WRONG,natural,sub-17,37,0.7111024128583511,ses-02,SSVEP,sub-24
GAIN_WRONG,natural,sub-17,37,0.8117631856960495,ses-02,SSVEP,sub-02
GAIN_WRONG,natural,sub-17,37,0.7776277881666981,ses-02,SSVEP,sub-03
GAIN_WRONG,natural,sub-17,37,0.6929604419056442,ses-02,SSVEP,sub-05
GAIN_WRONG,natural,sub-17,37,0.719158410959324,ses-02,SSVEP,sub-06
GAIN_WRONG,natural,sub-17,37,0.7061291793682762,ses-02,SSVEP,sub-07
GAIN_WRONG,natural,sub-17,37,1.2410365040046243,ses-02,SSVEP,sub-09
GAIN_WRONG,natural,sub-17,37,0.8993996779560081,ses-02,SSVEP,sub-11
GAIN_WRONG,natural,sub-17,37,0.7367392668300882,ses-02,SSVEP,sub-12
GAIN_WRONG,natural,sub-17,37,0.7526964102175963,ses-02,SSVEP,sub-14
GAIN_WRONG,natural,sub-17,37,0.7866430548084278,ses-02,SSVEP,sub-15
GAIN_WRONG,natural,sub-17,37,0.7854824805174847,ses-02,SSVEP,sub-18
GAIN_WRONG,natural,sub-17,37,0.7593870770403808,ses-02,SSVEP,sub-19
GAIN_WRONG,natural,sub-17,37,0.7145929617242921,ses-02,SSVEP,sub-21
GAIN_WRONG,natural,sub-17,37,0.786236995737158,ses-02,SSVEP,sub-23
GAIN_WRONG,natural,sub-17,37,0.7547633568668324,ses-02,SSVEP,sub-24
MATCH,natural,sub-17,60,0.6075927727525746,ses-03,ERP,
POP,natural,sub-17,60,0.6247649491625035,ses-03,ERP,
TIME_SHIFT,natural,sub-17,60,0.8785771674010451,ses-03,ERP,
CHANNEL_PERM,natural,sub-17,60,0.9191400633351833,ses-03,ERP,
GAIN_MATCH,natural,sub-17,60,0.6946093332784139,ses-03,ERP,
GAIN_POP,natural,sub-17,60,0.6247649491625035,ses-03,ERP,
NULL,natural,sub-17,60,1.0,ses-03,ERP,
WRONG,natural,sub-17,60,0.6787664526181518,ses-03,ERP,sub-02
WRONG,natural,sub-17,60,0.6129291592626736,ses-03,ERP,sub-03
WRONG,natural,sub-17,60,0.567252295696788,ses-03,ERP,sub-05
WRONG,natural,sub-17,60,0.596785332623714,ses-03,ERP,sub-06
WRONG,natural,sub-17,60,0.5944004785408601,ses-03,ERP,sub-07
WRONG,natural,sub-17,60,0.943543934146845,ses-03,ERP,sub-09
WRONG,natural,sub-17,60,0.5568320625071586,ses-03,ERP,sub-11
WRONG,natural,sub-17,60,0.5651771411104838,ses-03,ERP,sub-12
WRONG,natural,sub-17,60,0.6244797534652358,ses-03,ERP,sub-14
WRONG,natural,sub-17,60,0.61655516556671,ses-03,ERP,sub-15
WRONG,natural,sub-17,60,0.5997617565160429,ses-03,ERP,sub-18
WRONG,natural,sub-17,60,0.6238568465702298,ses-03,ERP,sub-19
WRONG,natural,sub-17,60,1.3562405119191479,ses-03,ERP,sub-21
WRONG,natural,sub-17,60,0.7312896774995136,ses-03,ERP,sub-23
WRONG,natural,sub-17,60,0.5886231766244986,ses-03,ERP,sub-24
GAIN_WRONG,natural,sub-17,60,0.6719801152176822,ses-03,ERP,sub-02
GAIN_WRONG,natural,sub-17,60,0.6043552001137452,ses-03,ERP,sub-03
GAIN_WRONG,natural,sub-17,60,0.5667387169005907,ses-03,ERP,sub-05
GAIN_WRONG,natural,sub-17,60,0.557028839754624,ses-03,ERP,sub-06
GAIN_WRONG,natural,sub-17,60,0.5907191951455592,ses-03,ERP,sub-07
GAIN_WRONG,natural,sub-17,60,0.8368525871464157,ses-03,ERP,sub-09
GAIN_WRONG,natural,sub-17,60,0.5521048639308351,ses-03,ERP,sub-11
GAIN_WRONG,natural,sub-17,60,0.5488402930124786,ses-03,ERP,sub-12
GAIN_WRONG,natural,sub-17,60,0.6293424513717163,ses-03,ERP,sub-14
GAIN_WRONG,natural,sub-17,60,0.6053811613541169,ses-03,ERP,sub-15
GAIN_WRONG,natural,sub-17,60,0.5662030030647415,ses-03,ERP,sub-18
GAIN_WRONG,natural,sub-17,60,0.6156148348952409,ses-03,ERP,sub-19
GAIN_WRONG,natural,sub-17,60,0.9380599132270379,ses-03,ERP,sub-21
GAIN_WRONG,natural,sub-17,60,0.7287195110047604,ses-03,ERP,sub-23
GAIN_WRONG,natural,sub-17,60,0.5687144149577306,ses-03,ERP,sub-24
MATCH,natural,sub-17,35,0.5512678271011477,ses-03,SSVEP,
POP,natural,sub-17,35,0.9730996944913219,ses-03,SSVEP,
TIME_SHIFT,natural,sub-17,35,0.9902273941214065,ses-03,SSVEP,
CHANNEL_PERM,natural,sub-17,35,0.8297579839968281,ses-03,SSVEP,
GAIN_MATCH,natural,sub-17,35,0.5484319874250414,ses-03,SSVEP,
GAIN_POP,natural,sub-17,35,0.9730996944913219,ses-03,SSVEP,
NULL,natural,sub-17,35,1.0,ses-03,SSVEP,
WRONG,natural,sub-17,35,1.5203921118379389,ses-03,SSVEP,sub-02
WRONG,natural,sub-17,35,0.6349151667755165,ses-03,SSVEP,sub-03
WRONG,natural,sub-17,35,0.6849713950103551,ses-03,SSVEP,sub-05
WRONG,natural,sub-17,35,0.6092420300329076,ses-03,SSVEP,sub-06
WRONG,natural,sub-17,35,0.7034586498594056,ses-03,SSVEP,sub-07
WRONG,natural,sub-17,35,0.6507090832866096,ses-03,SSVEP,sub-09
WRONG,natural,sub-17,35,0.8508571883826422,ses-03,SSVEP,sub-11
WRONG,natural,sub-17,35,0.6440492164518021,ses-03,SSVEP,sub-12
WRONG,natural,sub-17,35,0.6264403949912142,ses-03,SSVEP,sub-14
WRONG,natural,sub-17,35,0.685939115663276,ses-03,SSVEP,sub-15
WRONG,natural,sub-17,35,0.6299186488161737,ses-03,SSVEP,sub-18
WRONG,natural,sub-17,35,0.6958349902329415,ses-03,SSVEP,sub-19
WRONG,natural,sub-17,35,0.5894607397414806,ses-03,SSVEP,sub-21
WRONG,natural,sub-17,35,0.8911377238451402,ses-03,SSVEP,sub-23
WRONG,natural,sub-17,35,0.6284212422006302,ses-03,SSVEP,sub-24
GAIN_WRONG,natural,sub-17,35,1.0819371865893015,ses-03,SSVEP,sub-02
GAIN_WRONG,natural,sub-17,35,0.7141832952604337,ses-03,SSVEP,sub-03
GAIN_WRONG,natural,sub-17,35,0.7147535415994961,ses-03,SSVEP,sub-05
GAIN_WRONG,natural,sub-17,35,0.7038274298806787,ses-03,SSVEP,sub-06
GAIN_WRONG,natural,sub-17,35,0.7393996214776306,ses-03,SSVEP,sub-07
GAIN_WRONG,natural,sub-17,35,0.7450153698368529,ses-03,SSVEP,sub-09
GAIN_WRONG,natural,sub-17,35,0.834650828749895,ses-03,SSVEP,sub-11
GAIN_WRONG,natural,sub-17,35,0.9722285439454152,ses-03,SSVEP,sub-12
GAIN_WRONG,natural,sub-17,35,0.7519782486816821,ses-03,SSVEP,sub-14
GAIN_WRONG,natural,sub-17,35,0.7593598090066835,ses-03,SSVEP,sub-15
GAIN_WRONG,natural,sub-17,35,0.8314328517297545,ses-03,SSVEP,sub-18
GAIN_WRONG,natural,sub-17,35,0.7070532241450743,ses-03,SSVEP,sub-19
GAIN_WRONG,natural,sub-17,35,0.7224377976910192,ses-03,SSVEP,sub-21
GAIN_WRONG,natural,sub-17,35,0.8140651326954745,ses-03,SSVEP,sub-23
GAIN_WRONG,natural,sub-17,35,0.9371746795686873,ses-03,SSVEP,sub-24
MATCH,natural,sub-17,58,0.5755187927647457,ses-04,ERP,
POP,natural,sub-17,58,0.6644948006583368,ses-04,ERP,
TIME_SHIFT,natural,sub-17,58,0.9696541190691571,ses-04,ERP,
CHANNEL_PERM,natural,sub-17,58,0.8771983055027731,ses-04,ERP,
GAIN_MATCH,natural,sub-17,58,0.6250613066524371,ses-04,ERP,
GAIN_POP,natural,sub-17,58,0.6644948006583368,ses-04,ERP,
NULL,natural,sub-17,58,1.0,ses-04,ERP,
WRONG,natural,sub-17,58,1.1510307648061753,ses-04,ERP,sub-02
WRONG,natural,sub-17,58,0.788614583394755,ses-04,ERP,sub-03
WRONG,natural,sub-17,58,0.9455050707290651,ses-04,ERP,sub-05
WRONG,natural,sub-17,58,0.672809902798311,ses-04,ERP,sub-06
WRONG,natural,sub-17,58,0.8081288419449008,ses-04,ERP,sub-07
WRONG,natural,sub-17,58,0.6535591983933147,ses-04,ERP,sub-09
WRONG,natural,sub-17,58,0.6921515409792199,ses-04,ERP,sub-11
WRONG,natural,sub-17,58,0.689498402689872,ses-04,ERP,sub-12
WRONG,natural,sub-17,58,0.6975723305454006,ses-04,ERP,sub-14
WRONG,natural,sub-17,58,1.10235543703026,ses-04,ERP,sub-15
WRONG,natural,sub-17,58,0.6799203669471732,ses-04,ERP,sub-18
WRONG,natural,sub-17,58,0.7037391428731945,ses-04,ERP,sub-19
WRONG,natural,sub-17,58,0.9308315202458594,ses-04,ERP,sub-21
WRONG,natural,sub-17,58,0.824134203334977,ses-04,ERP,sub-23
WRONG,natural,sub-17,58,0.7158610674916623,ses-04,ERP,sub-24
GAIN_WRONG,natural,sub-17,58,0.9767617712405929,ses-04,ERP,sub-02
GAIN_WRONG,natural,sub-17,58,0.8018340934732816,ses-04,ERP,sub-03
GAIN_WRONG,natural,sub-17,58,0.8228072376473227,ses-04,ERP,sub-05
GAIN_WRONG,natural,sub-17,58,0.6871341241309509,ses-04,ERP,sub-06
GAIN_WRONG,natural,sub-17,58,0.8170645375674168,ses-04,ERP,sub-07
GAIN_WRONG,natural,sub-17,58,0.662847093746138,ses-04,ERP,sub-09
GAIN_WRONG,natural,sub-17,58,0.6931306589253539,ses-04,ERP,sub-11
GAIN_WRONG,natural,sub-17,58,0.6628285075682494,ses-04,ERP,sub-12
GAIN_WRONG,natural,sub-17,58,0.7119725392938373,ses-04,ERP,sub-14
GAIN_WRONG,natural,sub-17,58,0.9155422983385838,ses-04,ERP,sub-15
GAIN_WRONG,natural,sub-17,58,0.7093240495565681,ses-04,ERP,sub-18
GAIN_WRONG,natural,sub-17,58,0.7101652271385067,ses-04,ERP,sub-19
GAIN_WRONG,natural,sub-17,58,0.8480954506044923,ses-04,ERP,sub-21
GAIN_WRONG,natural,sub-17,58,0.8088051512560137,ses-04,ERP,sub-23
GAIN_WRONG,natural,sub-17,58,0.735231417282509,ses-04,ERP,sub-24
MATCH,natural,sub-17,36,0.7458241572372887,ses-04,SSVEP,
POP,natural,sub-17,36,0.7264497931005325,ses-04,SSVEP,
TIME_SHIFT,natural,sub-17,36,0.9931156745334315,ses-04,SSVEP,
CHANNEL_PERM,natural,sub-17,36,0.911615124608638,ses-04,SSVEP,
GAIN_MATCH,natural,sub-17,36,0.7529438140120505,ses-04,SSVEP,
GAIN_POP,natural,sub-17,36,0.7264497931005325,ses-04,SSVEP,
NULL,natural,sub-17,36,1.0,ses-04,SSVEP,
WRONG,natural,sub-17,36,0.975126959498371,ses-04,SSVEP,sub-02
WRONG,natural,sub-17,36,0.8091684023085398,ses-04,SSVEP,sub-03
WRONG,natural,sub-17,36,0.6664721201054294,ses-04,SSVEP,sub-05
WRONG,natural,sub-17,36,0.6604338678695459,ses-04,SSVEP,sub-06
WRONG,natural,sub-17,36,0.7725745910460812,ses-04,SSVEP,sub-07
WRONG,natural,sub-17,36,0.7775322585649624,ses-04,SSVEP,sub-09
WRONG,natural,sub-17,36,0.8617169365711471,ses-04,SSVEP,sub-11
WRONG,natural,sub-17,36,0.8251230154292952,ses-04,SSVEP,sub-12
WRONG,natural,sub-17,36,0.691224523890835,ses-04,SSVEP,sub-14
WRONG,natural,sub-17,36,0.729094153279524,ses-04,SSVEP,sub-15
WRONG,natural,sub-17,36,0.7997654541991435,ses-04,SSVEP,sub-18
WRONG,natural,sub-17,36,0.928166440158445,ses-04,SSVEP,sub-19
WRONG,natural,sub-17,36,0.6775486054848389,ses-04,SSVEP,sub-21
WRONG,natural,sub-17,36,0.870103124650014,ses-04,SSVEP,sub-23
WRONG,natural,sub-17,36,0.6621612106956742,ses-04,SSVEP,sub-24
GAIN_WRONG,natural,sub-17,36,0.9041378174748933,ses-04,SSVEP,sub-02
GAIN_WRONG,natural,sub-17,36,0.8399413687081696,ses-04,SSVEP,sub-03
GAIN_WRONG,natural,sub-17,36,0.6690990211271652,ses-04,SSVEP,sub-05
GAIN_WRONG,natural,sub-17,36,0.6654798138159488,ses-04,SSVEP,sub-06
GAIN_WRONG,natural,sub-17,36,0.7746006910719055,ses-04,SSVEP,sub-07
GAIN_WRONG,natural,sub-17,36,0.7875323746934,ses-04,SSVEP,sub-09
GAIN_WRONG,natural,sub-17,36,0.8263481121352855,ses-04,SSVEP,sub-11
GAIN_WRONG,natural,sub-17,36,0.7405255954042153,ses-04,SSVEP,sub-12
GAIN_WRONG,natural,sub-17,36,0.6903593864121444,ses-04,SSVEP,sub-14
GAIN_WRONG,natural,sub-17,36,0.7635181161672525,ses-04,SSVEP,sub-15
GAIN_WRONG,natural,sub-17,36,0.8174328987004637,ses-04,SSVEP,sub-18
GAIN_WRONG,natural,sub-17,36,0.8782336693850719,ses-04,SSVEP,sub-19
GAIN_WRONG,natural,sub-17,36,0.6809453285068288,ses-04,SSVEP,sub-21
GAIN_WRONG,natural,sub-17,36,0.81818737816827,ses-04,SSVEP,sub-23
GAIN_WRONG,natural,sub-17,36,0.6621047633527132,ses-04,SSVEP,sub-24
MATCH,natural,sub-18,89,0.6910939876611759,ses-02,ERP,
POP,natural,sub-18,89,0.7196527926458287,ses-02,ERP,
TIME_SHIFT,natural,sub-18,89,0.7789493040158707,ses-02,ERP,
CHANNEL_PERM,natural,sub-18,89,0.9715093024423662,ses-02,ERP,
GAIN_MATCH,natural,sub-18,89,0.6864988598301935,ses-02,ERP,
GAIN_POP,natural,sub-18,89,0.7196527926458287,ses-02,ERP,
NULL,natural,sub-18,89,1.0,ses-02,ERP,
WRONG,natural,sub-18,89,0.7182528156769857,ses-02,ERP,sub-02
WRONG,natural,sub-18,89,0.7449047214419134,ses-02,ERP,sub-03
WRONG,natural,sub-18,89,0.8191096352112466,ses-02,ERP,sub-05
WRONG,natural,sub-18,89,0.721054244920169,ses-02,ERP,sub-06
WRONG,natural,sub-18,89,0.7263488287025217,ses-02,ERP,sub-07
WRONG,natural,sub-18,89,0.7934087364312352,ses-02,ERP,sub-09
WRONG,natural,sub-18,89,0.732588352890816,ses-02,ERP,sub-11
WRONG,natural,sub-18,89,0.9131195128880044,ses-02,ERP,sub-12
WRONG,natural,sub-18,89,0.7358312441654696,ses-02,ERP,sub-14
WRONG,natural,sub-18,89,0.7417517566635536,ses-02,ERP,sub-15
WRONG,natural,sub-18,89,0.804616172677562,ses-02,ERP,sub-17
WRONG,natural,sub-18,89,0.7160426485637644,ses-02,ERP,sub-19
WRONG,natural,sub-18,89,0.736388561542362,ses-02,ERP,sub-21
WRONG,natural,sub-18,89,0.712964294282833,ses-02,ERP,sub-23
WRONG,natural,sub-18,89,0.7311074115918423,ses-02,ERP,sub-24
GAIN_WRONG,natural,sub-18,89,0.7195896001497278,ses-02,ERP,sub-02
GAIN_WRONG,natural,sub-18,89,0.73831970488956,ses-02,ERP,sub-03
GAIN_WRONG,natural,sub-18,89,0.7275279219013181,ses-02,ERP,sub-05
GAIN_WRONG,natural,sub-18,89,0.7297486327837377,ses-02,ERP,sub-06
GAIN_WRONG,natural,sub-18,89,0.7258083578031674,ses-02,ERP,sub-07
GAIN_WRONG,natural,sub-18,89,0.7388896685414507,ses-02,ERP,sub-09
GAIN_WRONG,natural,sub-18,89,0.7109773944227316,ses-02,ERP,sub-11
GAIN_WRONG,natural,sub-18,89,0.7671656591829936,ses-02,ERP,sub-12
GAIN_WRONG,natural,sub-18,89,0.7383050086489656,ses-02,ERP,sub-14
GAIN_WRONG,natural,sub-18,89,0.7367596114108061,ses-02,ERP,sub-15
GAIN_WRONG,natural,sub-18,89,0.7532803685136178,ses-02,ERP,sub-17
GAIN_WRONG,natural,sub-18,89,0.7066599731230373,ses-02,ERP,sub-19
GAIN_WRONG,natural,sub-18,89,0.7295902533168173,ses-02,ERP,sub-21
GAIN_WRONG,natural,sub-18,89,0.7192793676544442,ses-02,ERP,sub-23
GAIN_WRONG,natural,sub-18,89,0.7235389556039491,ses-02,ERP,sub-24
MATCH,natural,sub-18,40,0.47973516233460833,ses-02,SSVEP,
POP,natural,sub-18,40,0.762733043403352,ses-02,SSVEP,
TIME_SHIFT,natural,sub-18,40,1.0020377708252548,ses-02,SSVEP,
CHANNEL_PERM,natural,sub-18,40,0.8849007730909764,ses-02,SSVEP,
GAIN_MATCH,natural,sub-18,40,0.4797008215644961,ses-02,SSVEP,
GAIN_POP,natural,sub-18,40,0.762733043403352,ses-02,SSVEP,
NULL,natural,sub-18,40,1.0,ses-02,SSVEP,
WRONG,natural,sub-18,40,0.6594777437227577,ses-02,SSVEP,sub-02
WRONG,natural,sub-18,40,0.6140333113999703,ses-02,SSVEP,sub-03
WRONG,natural,sub-18,40,0.5916188870584647,ses-02,SSVEP,sub-05
WRONG,natural,sub-18,40,0.6109322011087235,ses-02,SSVEP,sub-06
WRONG,natural,sub-18,40,0.5890336919166643,ses-02,SSVEP,sub-07
WRONG,natural,sub-18,40,1.4951147645219272,ses-02,SSVEP,sub-09
WRONG,natural,sub-18,40,0.7760293378242873,ses-02,SSVEP,sub-11
WRONG,natural,sub-18,40,0.6201734080909616,ses-02,SSVEP,sub-12
WRONG,natural,sub-18,40,0.5837907694091584,ses-02,SSVEP,sub-14
WRONG,natural,sub-18,40,0.6590194144269175,ses-02,SSVEP,sub-15
WRONG,natural,sub-18,40,1.023045453018523,ses-02,SSVEP,sub-17
WRONG,natural,sub-18,40,0.5851359642936484,ses-02,SSVEP,sub-19
WRONG,natural,sub-18,40,0.5555095816907564,ses-02,SSVEP,sub-21
WRONG,natural,sub-18,40,0.7512966928795276,ses-02,SSVEP,sub-23
WRONG,natural,sub-18,40,0.580727681865985,ses-02,SSVEP,sub-24
GAIN_WRONG,natural,sub-18,40,0.6019923239418177,ses-02,SSVEP,sub-02
GAIN_WRONG,natural,sub-18,40,0.5971601708843325,ses-02,SSVEP,sub-03
GAIN_WRONG,natural,sub-18,40,0.559395444239043,ses-02,SSVEP,sub-05
GAIN_WRONG,natural,sub-18,40,0.5720676603064594,ses-02,SSVEP,sub-06
GAIN_WRONG,natural,sub-18,40,0.5806736332581017,ses-02,SSVEP,sub-07
GAIN_WRONG,natural,sub-18,40,0.9975773133954473,ses-02,SSVEP,sub-09
GAIN_WRONG,natural,sub-18,40,0.78381066682489,ses-02,SSVEP,sub-11
GAIN_WRONG,natural,sub-18,40,0.5816869764412601,ses-02,SSVEP,sub-12
GAIN_WRONG,natural,sub-18,40,0.5515932503348805,ses-02,SSVEP,sub-14
GAIN_WRONG,natural,sub-18,40,0.6097740718007187,ses-02,SSVEP,sub-15
GAIN_WRONG,natural,sub-18,40,0.7541886312675126,ses-02,SSVEP,sub-17
GAIN_WRONG,natural,sub-18,40,0.56010231208361,ses-02,SSVEP,sub-19
GAIN_WRONG,natural,sub-18,40,0.5868232414860381,ses-02,SSVEP,sub-21
GAIN_WRONG,natural,sub-18,40,0.6079063742618807,ses-02,SSVEP,sub-23
GAIN_WRONG,natural,sub-18,40,0.6334418379971458,ses-02,SSVEP,sub-24
MATCH,natural,sub-18,61,0.4806129017064786,ses-03,ERP,
POP,natural,sub-18,61,0.5435215770190575,ses-03,ERP,
TIME_SHIFT,natural,sub-18,61,0.9716793346134552,ses-03,ERP,
CHANNEL_PERM,natural,sub-18,61,0.8446100170824504,ses-03,ERP,
GAIN_MATCH,natural,sub-18,61,0.5125822270415938,ses-03,ERP,
GAIN_POP,natural,sub-18,61,0.5435215770190575,ses-03,ERP,
NULL,natural,sub-18,61,1.0,ses-03,ERP,
WRONG,natural,sub-18,61,0.576218116012475,ses-03,ERP,sub-02
WRONG,natural,sub-18,61,0.5166495999336518,ses-03,ERP,sub-03
WRONG,natural,sub-18,61,0.6086516966674285,ses-03,ERP,sub-05
WRONG,natural,sub-18,61,0.5133029968798157,ses-03,ERP,sub-06
WRONG,natural,sub-18,61,0.5000989270962086,ses-03,ERP,sub-07
WRONG,natural,sub-18,61,1.6216612893413735,ses-03,ERP,sub-09
WRONG,natural,sub-18,61,0.5232842287944572,ses-03,ERP,sub-11
WRONG,natural,sub-18,61,0.6320896413062865,ses-03,ERP,sub-12
WRONG,natural,sub-18,61,0.519105223426641,ses-03,ERP,sub-14
WRONG,natural,sub-18,61,0.5381324391365637,ses-03,ERP,sub-15
WRONG,natural,sub-18,61,0.6825886277257701,ses-03,ERP,sub-17
WRONG,natural,sub-18,61,0.4946510744314005,ses-03,ERP,sub-19
WRONG,natural,sub-18,61,0.9879974205518631,ses-03,ERP,sub-21
WRONG,natural,sub-18,61,0.9167573109525414,ses-03,ERP,sub-23
WRONG,natural,sub-18,61,0.4987481238750396,ses-03,ERP,sub-24
GAIN_WRONG,natural,sub-18,61,0.5593666482391351,ses-03,ERP,sub-02
GAIN_WRONG,natural,sub-18,61,0.5238406655200268,ses-03,ERP,sub-03
GAIN_WRONG,natural,sub-18,61,0.5466148667531131,ses-03,ERP,sub-05
GAIN_WRONG,natural,sub-18,61,0.5264279513332141,ses-03,ERP,sub-06
GAIN_WRONG,natural,sub-18,61,0.5076195050710216,ses-03,ERP,sub-07
GAIN_WRONG,natural,sub-18,61,0.9217936244104746,ses-03,ERP,sub-09
GAIN_WRONG,natural,sub-18,61,0.5763015387215354,ses-03,ERP,sub-11
GAIN_WRONG,natural,sub-18,61,0.5712421613005512,ses-03,ERP,sub-12
GAIN_WRONG,natural,sub-18,61,0.5155381570127405,ses-03,ERP,sub-14
GAIN_WRONG,natural,sub-18,61,0.5227090582695895,ses-03,ERP,sub-15
GAIN_WRONG,natural,sub-18,61,0.637507694039199,ses-03,ERP,sub-17
GAIN_WRONG,natural,sub-18,61,0.4960082662325289,ses-03,ERP,sub-19
GAIN_WRONG,natural,sub-18,61,0.8095518204793863,ses-03,ERP,sub-21
GAIN_WRONG,natural,sub-18,61,0.9159414857315451,ses-03,ERP,sub-23
GAIN_WRONG,natural,sub-18,61,0.5485519125585604,ses-03,ERP,sub-24
MATCH,natural,sub-18,36,0.9723694141567429,ses-03,SSVEP,
POP,natural,sub-18,36,0.9843384818380488,ses-03,SSVEP,
TIME_SHIFT,natural,sub-18,36,0.9995073707931383,ses-03,SSVEP,
CHANNEL_PERM,natural,sub-18,36,0.9883252160097948,ses-03,SSVEP,
GAIN_MATCH,natural,sub-18,36,0.9802990585716584,ses-03,SSVEP,
GAIN_POP,natural,sub-18,36,0.9843384818380488,ses-03,SSVEP,
NULL,natural,sub-18,36,1.0,ses-03,SSVEP,
WRONG,natural,sub-18,36,1.0007881972927735,ses-03,SSVEP,sub-02
WRONG,natural,sub-18,36,0.9765377892889858,ses-03,SSVEP,sub-03
WRONG,natural,sub-18,36,0.9759334563293854,ses-03,SSVEP,sub-05
WRONG,natural,sub-18,36,0.9776543598689157,ses-03,SSVEP,sub-06
WRONG,natural,sub-18,36,0.979746655506747,ses-03,SSVEP,sub-07
WRONG,natural,sub-18,36,0.9760970533612855,ses-03,SSVEP,sub-09
WRONG,natural,sub-18,36,0.9805190130039053,ses-03,SSVEP,sub-11
WRONG,natural,sub-18,36,0.9740359046931365,ses-03,SSVEP,sub-12
WRONG,natural,sub-18,36,0.9756543097288473,ses-03,SSVEP,sub-14
WRONG,natural,sub-18,36,0.9782468425520423,ses-03,SSVEP,sub-15
WRONG,natural,sub-18,36,0.9924100382515824,ses-03,SSVEP,sub-17
WRONG,natural,sub-18,36,0.9759503536075828,ses-03,SSVEP,sub-19
WRONG,natural,sub-18,36,0.9747210599732478,ses-03,SSVEP,sub-21
WRONG,natural,sub-18,36,0.9971200497637533,ses-03,SSVEP,sub-23
WRONG,natural,sub-18,36,0.9752867814021149,ses-03,SSVEP,sub-24
GAIN_WRONG,natural,sub-18,36,0.9917850010656886,ses-03,SSVEP,sub-02
GAIN_WRONG,natural,sub-18,36,0.978359205932753,ses-03,SSVEP,sub-03
GAIN_WRONG,natural,sub-18,36,0.9770048933168004,ses-03,SSVEP,sub-05
GAIN_WRONG,natural,sub-18,36,0.9842920867579823,ses-03,SSVEP,sub-06
GAIN_WRONG,natural,sub-18,36,0.978827446584945,ses-03,SSVEP,sub-07
GAIN_WRONG,natural,sub-18,36,0.982826831379739,ses-03,SSVEP,sub-09
GAIN_WRONG,natural,sub-18,36,0.9802870457352709,ses-03,SSVEP,sub-11
GAIN_WRONG,natural,sub-18,36,0.9893040869948982,ses-03,SSVEP,sub-12
GAIN_WRONG,natural,sub-18,36,0.9782920322757518,ses-03,SSVEP,sub-14
GAIN_WRONG,natural,sub-18,36,0.975965847525224,ses-03,SSVEP,sub-15
GAIN_WRONG,natural,sub-18,36,0.9901894675735929,ses-03,SSVEP,sub-17
GAIN_WRONG,natural,sub-18,36,0.975405806633924,ses-03,SSVEP,sub-19
GAIN_WRONG,natural,sub-18,36,0.9790247152893267,ses-03,SSVEP,sub-21
GAIN_WRONG,natural,sub-18,36,0.9963410870310467,ses-03,SSVEP,sub-23
GAIN_WRONG,natural,sub-18,36,0.986997120972224,ses-03,SSVEP,sub-24
MATCH,natural,sub-18,59,0.5425499651424542,ses-04,ERP,
POP,natural,sub-18,59,0.5579887575525151,ses-04,ERP,
TIME_SHIFT,natural,sub-18,59,0.9711326639568972,ses-04,ERP,
CHANNEL_PERM,natural,sub-18,59,0.859465683832703,ses-04,ERP,
GAIN_MATCH,natural,sub-18,59,0.5608807547871932,ses-04,ERP,
GAIN_POP,natural,sub-18,59,0.5579887575525151,ses-04,ERP,
NULL,natural,sub-18,59,1.0,ses-04,ERP,
WRONG,natural,sub-18,59,0.7198868651388635,ses-04,ERP,sub-02
WRONG,natural,sub-18,59,0.6182083154779431,ses-04,ERP,sub-03
WRONG,natural,sub-18,59,0.6914650133599766,ses-04,ERP,sub-05
WRONG,natural,sub-18,59,0.6776066833267569,ses-04,ERP,sub-06
WRONG,natural,sub-18,59,0.6865377350748447,ses-04,ERP,sub-07
WRONG,natural,sub-18,59,0.6367823777667697,ses-04,ERP,sub-09
WRONG,natural,sub-18,59,0.6283410970928335,ses-04,ERP,sub-11
WRONG,natural,sub-18,59,0.8364271513122978,ses-04,ERP,sub-12
WRONG,natural,sub-18,59,0.651815647733739,ses-04,ERP,sub-14
WRONG,natural,sub-18,59,0.7744683241296442,ses-04,ERP,sub-15
WRONG,natural,sub-18,59,0.742166649711103,ses-04,ERP,sub-17
WRONG,natural,sub-18,59,0.5745043177130241,ses-04,ERP,sub-19
WRONG,natural,sub-18,59,0.6437129015771541,ses-04,ERP,sub-21
WRONG,natural,sub-18,59,0.8251134438381797,ses-04,ERP,sub-23
WRONG,natural,sub-18,59,0.661508857915254,ses-04,ERP,sub-24
GAIN_WRONG,natural,sub-18,59,0.8074768659377107,ses-04,ERP,sub-02
GAIN_WRONG,natural,sub-18,59,0.6273551023121394,ses-04,ERP,sub-03
GAIN_WRONG,natural,sub-18,59,0.62832069348472,ses-04,ERP,sub-05
GAIN_WRONG,natural,sub-18,59,0.6622322817020606,ses-04,ERP,sub-06
GAIN_WRONG,natural,sub-18,59,0.7132697506458715,ses-04,ERP,sub-07
GAIN_WRONG,natural,sub-18,59,0.5915674052652917,ses-04,ERP,sub-09
GAIN_WRONG,natural,sub-18,59,0.599214917877019,ses-04,ERP,sub-11
GAIN_WRONG,natural,sub-18,59,0.6264141478343073,ses-04,ERP,sub-12
GAIN_WRONG,natural,sub-18,59,0.617165166681128,ses-04,ERP,sub-14
GAIN_WRONG,natural,sub-18,59,0.8081874154189802,ses-04,ERP,sub-15
GAIN_WRONG,natural,sub-18,59,0.6229002829882727,ses-04,ERP,sub-17
GAIN_WRONG,natural,sub-18,59,0.574120667495967,ses-04,ERP,sub-19
GAIN_WRONG,natural,sub-18,59,0.6507140620021963,ses-04,ERP,sub-21
GAIN_WRONG,natural,sub-18,59,0.8001055683196328,ses-04,ERP,sub-23
GAIN_WRONG,natural,sub-18,59,0.6154857804390123,ses-04,ERP,sub-24
MATCH,natural,sub-18,36,0.9195473800976965,ses-04,SSVEP,
POP,natural,sub-18,36,0.9442102207106117,ses-04,SSVEP,
TIME_SHIFT,natural,sub-18,36,0.9644223192002007,ses-04,SSVEP,
CHANNEL_PERM,natural,sub-18,36,0.9724002021647612,ses-04,SSVEP,
GAIN_MATCH,natural,sub-18,36,0.9426415773652218,ses-04,SSVEP,
GAIN_POP,natural,sub-18,36,0.9442102207106117,ses-04,SSVEP,
NULL,natural,sub-18,36,1.0,ses-04,SSVEP,
WRONG,natural,sub-18,36,0.9655874308565002,ses-04,SSVEP,sub-02
WRONG,natural,sub-18,36,0.92464843499502,ses-04,SSVEP,sub-03
WRONG,natural,sub-18,36,0.917551321586097,ses-04,SSVEP,sub-05
WRONG,natural,sub-18,36,0.9267333376604585,ses-04,SSVEP,sub-06
WRONG,natural,sub-18,36,0.9417391724428827,ses-04,SSVEP,sub-07
WRONG,natural,sub-18,36,0.9718379678396245,ses-04,SSVEP,sub-09
WRONG,natural,sub-18,36,0.953063412638207,ses-04,SSVEP,sub-11
WRONG,natural,sub-18,36,0.9516067256963834,ses-04,SSVEP,sub-12
WRONG,natural,sub-18,36,0.9236944561626534,ses-04,SSVEP,sub-14
WRONG,natural,sub-18,36,0.9314904304899346,ses-04,SSVEP,sub-15
WRONG,natural,sub-18,36,0.9458812864749149,ses-04,SSVEP,sub-17
WRONG,natural,sub-18,36,0.992928038770814,ses-04,SSVEP,sub-19
WRONG,natural,sub-18,36,0.9218077101563823,ses-04,SSVEP,sub-21
WRONG,natural,sub-18,36,0.9780535630943421,ses-04,SSVEP,sub-23
WRONG,natural,sub-18,36,0.9196864363471958,ses-04,SSVEP,sub-24
GAIN_WRONG,natural,sub-18,36,0.9647540684086336,ses-04,SSVEP,sub-02
GAIN_WRONG,natural,sub-18,36,0.9440731920019592,ses-04,SSVEP,sub-03
GAIN_WRONG,natural,sub-18,36,0.9193414075551871,ses-04,SSVEP,sub-05
GAIN_WRONG,natural,sub-18,36,0.9283429095562243,ses-04,SSVEP,sub-06
GAIN_WRONG,natural,sub-18,36,0.9413845574170921,ses-04,SSVEP,sub-07
GAIN_WRONG,natural,sub-18,36,0.9639716430840495,ses-04,SSVEP,sub-09
GAIN_WRONG,natural,sub-18,36,0.9516604709271326,ses-04,SSVEP,sub-11
GAIN_WRONG,natural,sub-18,36,0.9396699208742388,ses-04,SSVEP,sub-12
GAIN_WRONG,natural,sub-18,36,0.9244181584598016,ses-04,SSVEP,sub-14
GAIN_WRONG,natural,sub-18,36,0.9457563019985962,ses-04,SSVEP,sub-15
GAIN_WRONG,natural,sub-18,36,0.9454888721585869,ses-04,SSVEP,sub-17
GAIN_WRONG,natural,sub-18,36,0.9781056677059374,ses-04,SSVEP,sub-19
GAIN_WRONG,natural,sub-18,36,0.9258222238442515,ses-04,SSVEP,sub-21
GAIN_WRONG,natural,sub-18,36,0.9673001326589505,ses-04,SSVEP,sub-23
GAIN_WRONG,natural,sub-18,36,0.9204049750386452,ses-04,SSVEP,sub-24
MATCH,natural,sub-19,57,0.603044487903629,ses-02,ERP,
POP,natural,sub-19,57,0.633433210209498,ses-02,ERP,
TIME_SHIFT,natural,sub-19,57,0.9747313080080271,ses-02,ERP,
CHANNEL_PERM,natural,sub-19,57,0.9569316427894939,ses-02,ERP,
GAIN_MATCH,natural,sub-19,57,0.6102941476904421,ses-02,ERP,
GAIN_POP,natural,sub-19,57,0.633433210209498,ses-02,ERP,
NULL,natural,sub-19,57,1.0,ses-02,ERP,
WRONG,natural,sub-19,57,0.6447981478431875,ses-02,ERP,sub-02
WRONG,natural,sub-19,57,0.6554160084565835,ses-02,ERP,sub-03
WRONG,natural,sub-19,57,0.7112677535975455,ses-02,ERP,sub-05
WRONG,natural,sub-19,57,0.6478714260320584,ses-02,ERP,sub-06
WRONG,natural,sub-19,57,0.6488707346070695,ses-02,ERP,sub-07
WRONG,natural,sub-19,57,0.6925769154876584,ses-02,ERP,sub-09
WRONG,natural,sub-19,57,0.6761375114707217,ses-02,ERP,sub-11
WRONG,natural,sub-19,57,0.7778149679354011,ses-02,ERP,sub-12
WRONG,natural,sub-19,57,0.6462146308740389,ses-02,ERP,sub-14
WRONG,natural,sub-19,57,0.6413947257866949,ses-02,ERP,sub-15
WRONG,natural,sub-19,57,0.7176417627891507,ses-02,ERP,sub-17
WRONG,natural,sub-19,57,0.6376895090155164,ses-02,ERP,sub-18
WRONG,natural,sub-19,57,0.6583956577579178,ses-02,ERP,sub-21
WRONG,natural,sub-19,57,0.6682717246180835,ses-02,ERP,sub-23
WRONG,natural,sub-19,57,0.6795487975051785,ses-02,ERP,sub-24
GAIN_WRONG,natural,sub-19,57,0.6432560284590767,ses-02,ERP,sub-02
GAIN_WRONG,natural,sub-19,57,0.6557744857282143,ses-02,ERP,sub-03
GAIN_WRONG,natural,sub-19,57,0.6410790188841207,ses-02,ERP,sub-05
GAIN_WRONG,natural,sub-19,57,0.6507790972728098,ses-02,ERP,sub-06
GAIN_WRONG,natural,sub-19,57,0.6491886604873055,ses-02,ERP,sub-07
GAIN_WRONG,natural,sub-19,57,0.6822249717351767,ses-02,ERP,sub-09
GAIN_WRONG,natural,sub-19,57,0.6606250326390043,ses-02,ERP,sub-11
GAIN_WRONG,natural,sub-19,57,0.6752889842248919,ses-02,ERP,sub-12
GAIN_WRONG,natural,sub-19,57,0.6466612961749653,ses-02,ERP,sub-14
GAIN_WRONG,natural,sub-19,57,0.6438859655677301,ses-02,ERP,sub-15
GAIN_WRONG,natural,sub-19,57,0.6786589587491211,ses-02,ERP,sub-17
GAIN_WRONG,natural,sub-19,57,0.6458731488244204,ses-02,ERP,sub-18
GAIN_WRONG,natural,sub-19,57,0.6566267605716986,ses-02,ERP,sub-21
GAIN_WRONG,natural,sub-19,57,0.6844890086745121,ses-02,ERP,sub-23
GAIN_WRONG,natural,sub-19,57,0.6759193084934847,ses-02,ERP,sub-24
MATCH,natural,sub-19,53,0.577794392676246,ses-02,SSVEP,
POP,natural,sub-19,53,0.779704600586809,ses-02,SSVEP,
TIME_SHIFT,natural,sub-19,53,0.9809054220220619,ses-02,SSVEP,
CHANNEL_PERM,natural,sub-19,53,0.9996970183929579,ses-02,SSVEP,
GAIN_MATCH,natural,sub-19,53,0.6929992758143914,ses-02,SSVEP,
GAIN_POP,natural,sub-19,53,0.779704600586809,ses-02,SSVEP,
NULL,natural,sub-19,53,1.0,ses-02,SSVEP,
WRONG,natural,sub-19,53,0.6989262721972139,ses-02,SSVEP,sub-02
WRONG,natural,sub-19,53,0.6170128405367,ses-02,SSVEP,sub-03
WRONG,natural,sub-19,53,0.5683694796683936,ses-02,SSVEP,sub-05
WRONG,natural,sub-19,53,0.585999369462094,ses-02,SSVEP,sub-06
WRONG,natural,sub-19,53,0.5908114521141883,ses-02,SSVEP,sub-07
WRONG,natural,sub-19,53,1.536451495572349,ses-02,SSVEP,sub-09
WRONG,natural,sub-19,53,0.746530105493358,ses-02,SSVEP,sub-11
WRONG,natural,sub-19,53,0.8000317975908428,ses-02,SSVEP,sub-12
WRONG,natural,sub-19,53,0.5820946272712708,ses-02,SSVEP,sub-14
WRONG,natural,sub-19,53,0.653815917502447,ses-02,SSVEP,sub-15
WRONG,natural,sub-19,53,1.0948347740511974,ses-02,SSVEP,sub-17
WRONG,natural,sub-19,53,0.7202583202794207,ses-02,SSVEP,sub-18
WRONG,natural,sub-19,53,0.6646050161095481,ses-02,SSVEP,sub-21
WRONG,natural,sub-19,53,0.6889944994415181,ses-02,SSVEP,sub-23
WRONG,natural,sub-19,53,0.6347022855949673,ses-02,SSVEP,sub-24
GAIN_WRONG,natural,sub-19,53,0.7515778741005763,ses-02,SSVEP,sub-02
GAIN_WRONG,natural,sub-19,53,0.634973066811164,ses-02,SSVEP,sub-03
GAIN_WRONG,natural,sub-19,53,0.7029153690157284,ses-02,SSVEP,sub-05
GAIN_WRONG,natural,sub-19,53,0.7734969038810804,ses-02,SSVEP,sub-06
GAIN_WRONG,natural,sub-19,53,0.7249823446758445,ses-02,SSVEP,sub-07
GAIN_WRONG,natural,sub-19,53,0.9930969972563807,ses-02,SSVEP,sub-09
GAIN_WRONG,natural,sub-19,53,0.7660341225749719,ses-02,SSVEP,sub-11
GAIN_WRONG,natural,sub-19,53,0.7113348352390549,ses-02,SSVEP,sub-12
GAIN_WRONG,natural,sub-19,53,0.6950434834422586,ses-02,SSVEP,sub-14
GAIN_WRONG,natural,sub-19,53,0.8560180102096251,ses-02,SSVEP,sub-15
GAIN_WRONG,natural,sub-19,53,0.7714722944742375,ses-02,SSVEP,sub-17
GAIN_WRONG,natural,sub-19,53,0.7191336793562276,ses-02,SSVEP,sub-18
GAIN_WRONG,natural,sub-19,53,0.7946677596161025,ses-02,SSVEP,sub-21
GAIN_WRONG,natural,sub-19,53,0.6921470731573326,ses-02,SSVEP,sub-23
GAIN_WRONG,natural,sub-19,53,0.7553701860524189,ses-02,SSVEP,sub-24
MATCH,natural,sub-19,67,0.5021522771883238,ses-03,ERP,
POP,natural,sub-19,67,0.5784902977759822,ses-03,ERP,
TIME_SHIFT,natural,sub-19,67,0.9542491435474746,ses-03,ERP,
CHANNEL_PERM,natural,sub-19,67,0.9066062072861587,ses-03,ERP,
GAIN_MATCH,natural,sub-19,67,0.5042603117767945,ses-03,ERP,
GAIN_POP,natural,sub-19,67,0.5784902977759822,ses-03,ERP,
NULL,natural,sub-19,67,1.0,ses-03,ERP,
WRONG,natural,sub-19,67,0.5979929170862949,ses-03,ERP,sub-02
WRONG,natural,sub-19,67,0.5336760366929716,ses-03,ERP,sub-03
WRONG,natural,sub-19,67,0.6222746522886704,ses-03,ERP,sub-05
WRONG,natural,sub-19,67,0.5559716769883976,ses-03,ERP,sub-06
WRONG,natural,sub-19,67,0.534571739601438,ses-03,ERP,sub-07
WRONG,natural,sub-19,67,1.2170663158357722,ses-03,ERP,sub-09
WRONG,natural,sub-19,67,0.5591111547236932,ses-03,ERP,sub-11
WRONG,natural,sub-19,67,0.6385544463462975,ses-03,ERP,sub-12
WRONG,natural,sub-19,67,0.565460628616194,ses-03,ERP,sub-14
WRONG,natural,sub-19,67,0.5689550044344087,ses-03,ERP,sub-15
WRONG,natural,sub-19,67,0.841143772710457,ses-03,ERP,sub-17
WRONG,natural,sub-19,67,0.535061323370759,ses-03,ERP,sub-18
WRONG,natural,sub-19,67,1.8061574254890753,ses-03,ERP,sub-21
WRONG,natural,sub-19,67,0.8330735968973737,ses-03,ERP,sub-23
WRONG,natural,sub-19,67,0.5421342136598246,ses-03,ERP,sub-24
GAIN_WRONG,natural,sub-19,67,0.590360148941026,ses-03,ERP,sub-02
GAIN_WRONG,natural,sub-19,67,0.5374262875999071,ses-03,ERP,sub-03
GAIN_WRONG,natural,sub-19,67,0.5651666571349763,ses-03,ERP,sub-05
GAIN_WRONG,natural,sub-19,67,0.5658754239013142,ses-03,ERP,sub-06
GAIN_WRONG,natural,sub-19,67,0.5391483134381537,ses-03,ERP,sub-07
GAIN_WRONG,natural,sub-19,67,0.8395610986915744,ses-03,ERP,sub-09
GAIN_WRONG,natural,sub-19,67,0.5989131155007416,ses-03,ERP,sub-11
GAIN_WRONG,natural,sub-19,67,0.5845214140297967,ses-03,ERP,sub-12
GAIN_WRONG,natural,sub-19,67,0.5628983455336883,ses-03,ERP,sub-14
GAIN_WRONG,natural,sub-19,67,0.5659362136451307,ses-03,ERP,sub-15
GAIN_WRONG,natural,sub-19,67,0.7017798811917308,ses-03,ERP,sub-17
GAIN_WRONG,natural,sub-19,67,0.5527297881014802,ses-03,ERP,sub-18
GAIN_WRONG,natural,sub-19,67,0.9693869931539433,ses-03,ERP,sub-21
GAIN_WRONG,natural,sub-19,67,0.8304688227836435,ses-03,ERP,sub-23
GAIN_WRONG,natural,sub-19,67,0.5746563195038412,ses-03,ERP,sub-24
MATCH,natural,sub-19,48,0.9794237327415115,ses-03,SSVEP,
POP,natural,sub-19,48,1.0320443560880077,ses-03,SSVEP,
TIME_SHIFT,natural,sub-19,48,1.0075171378794074,ses-03,SSVEP,
CHANNEL_PERM,natural,sub-19,48,1.0033685182129186,ses-03,SSVEP,
GAIN_MATCH,natural,sub-19,48,0.993674135467122,ses-03,SSVEP,
GAIN_POP,natural,sub-19,48,1.0320443560880077,ses-03,SSVEP,
NULL,natural,sub-19,48,1.0,ses-03,SSVEP,
WRONG,natural,sub-19,48,1.1193243897266025,ses-03,SSVEP,sub-02
WRONG,natural,sub-19,48,0.9740460000470845,ses-03,SSVEP,sub-03
WRONG,natural,sub-19,48,0.9698331051768848,ses-03,SSVEP,sub-05
WRONG,natural,sub-19,48,0.9737104089613441,ses-03,SSVEP,sub-06
WRONG,natural,sub-19,48,0.9950773238518544,ses-03,SSVEP,sub-07
WRONG,natural,sub-19,48,0.9740014458847389,ses-03,SSVEP,sub-09
WRONG,natural,sub-19,48,0.9917749779294499,ses-03,SSVEP,sub-11
WRONG,natural,sub-19,48,0.9771519268493672,ses-03,SSVEP,sub-12
WRONG,natural,sub-19,48,0.9778962474518492,ses-03,SSVEP,sub-14
WRONG,natural,sub-19,48,0.9814584828038356,ses-03,SSVEP,sub-15
WRONG,natural,sub-19,48,0.9986195732408634,ses-03,SSVEP,sub-17
WRONG,natural,sub-19,48,0.9737358966838142,ses-03,SSVEP,sub-18
WRONG,natural,sub-19,48,0.9783888985767941,ses-03,SSVEP,sub-21
WRONG,natural,sub-19,48,0.9911662570251815,ses-03,SSVEP,sub-23
WRONG,natural,sub-19,48,0.9705034872017396,ses-03,SSVEP,sub-24
GAIN_WRONG,natural,sub-19,48,1.0432226135986005,ses-03,SSVEP,sub-02
GAIN_WRONG,natural,sub-19,48,1.005633217815988,ses-03,SSVEP,sub-03
GAIN_WRONG,natural,sub-19,48,0.9947020220565017,ses-03,SSVEP,sub-05
GAIN_WRONG,natural,sub-19,48,1.010080248536177,ses-03,SSVEP,sub-06
GAIN_WRONG,natural,sub-19,48,1.0287866585354306,ses-03,SSVEP,sub-07
GAIN_WRONG,natural,sub-19,48,1.000591178613856,ses-03,SSVEP,sub-09
GAIN_WRONG,natural,sub-19,48,0.9899283817855599,ses-03,SSVEP,sub-11
GAIN_WRONG,natural,sub-19,48,1.0118289660359772,ses-03,SSVEP,sub-12
GAIN_WRONG,natural,sub-19,48,1.013932202093878,ses-03,SSVEP,sub-14
GAIN_WRONG,natural,sub-19,48,1.0259587025673949,ses-03,SSVEP,sub-15
GAIN_WRONG,natural,sub-19,48,0.9965129707520112,ses-03,SSVEP,sub-17
GAIN_WRONG,natural,sub-19,48,1.0094685911762495,ses-03,SSVEP,sub-18
GAIN_WRONG,natural,sub-19,48,1.0081525223377295,ses-03,SSVEP,sub-21
GAIN_WRONG,natural,sub-19,48,1.0138089862988997,ses-03,SSVEP,sub-23
GAIN_WRONG,natural,sub-19,48,1.0128577047898382,ses-03,SSVEP,sub-24
MATCH,natural,sub-19,61,0.8756774875763081,ses-04,ERP,
POP,natural,sub-19,61,0.8795480747569584,ses-04,ERP,
TIME_SHIFT,natural,sub-19,61,1.0018937173733826,ses-04,ERP,
CHANNEL_PERM,natural,sub-19,61,0.9718568502647337,ses-04,ERP,
GAIN_MATCH,natural,sub-19,61,0.876113885039547,ses-04,ERP,
GAIN_POP,natural,sub-19,61,0.8795480747569584,ses-04,ERP,
NULL,natural,sub-19,61,1.0,ses-04,ERP,
WRONG,natural,sub-19,61,0.9441461774005767,ses-04,ERP,sub-02
WRONG,natural,sub-19,61,0.9045715888503765,ses-04,ERP,sub-03
WRONG,natural,sub-19,61,0.922846484173376,ses-04,ERP,sub-05
WRONG,natural,sub-19,61,0.9071064135763159,ses-04,ERP,sub-06
WRONG,natural,sub-19,61,0.9456509649608981,ses-04,ERP,sub-07
WRONG,natural,sub-19,61,0.8960508418767712,ses-04,ERP,sub-09
WRONG,natural,sub-19,61,0.8976083162735253,ses-04,ERP,sub-11
WRONG,natural,sub-19,61,0.929904625453531,ses-04,ERP,sub-12
WRONG,natural,sub-19,61,0.9063439189863111,ses-04,ERP,sub-14
WRONG,natural,sub-19,61,0.9290559428340387,ses-04,ERP,sub-15
WRONG,natural,sub-19,61,0.9283037982643607,ses-04,ERP,sub-17
WRONG,natural,sub-19,61,0.8870076615185872,ses-04,ERP,sub-18
WRONG,natural,sub-19,61,0.9208560648287968,ses-04,ERP,sub-21
WRONG,natural,sub-19,61,0.9518587943431107,ses-04,ERP,sub-23
WRONG,natural,sub-19,61,0.8937398277549945,ses-04,ERP,sub-24
GAIN_WRONG,natural,sub-19,61,0.9469432590117093,ses-04,ERP,sub-02
GAIN_WRONG,natural,sub-19,61,0.9057920270027642,ses-04,ERP,sub-03
GAIN_WRONG,natural,sub-19,61,0.8976779973762659,ses-04,ERP,sub-05
GAIN_WRONG,natural,sub-19,61,0.9055023945994254,ses-04,ERP,sub-06
GAIN_WRONG,natural,sub-19,61,0.9386976141547327,ses-04,ERP,sub-07
GAIN_WRONG,natural,sub-19,61,0.8913048060030601,ses-04,ERP,sub-09
GAIN_WRONG,natural,sub-19,61,0.8897648755643451,ses-04,ERP,sub-11
GAIN_WRONG,natural,sub-19,61,0.8875019726239676,ses-04,ERP,sub-12
GAIN_WRONG,natural,sub-19,61,0.9022615186937374,ses-04,ERP,sub-14
GAIN_WRONG,natural,sub-19,61,0.9382492304518071,ses-04,ERP,sub-15
GAIN_WRONG,natural,sub-19,61,0.8985767763402998,ses-04,ERP,sub-17
GAIN_WRONG,natural,sub-19,61,0.88858893464713,ses-04,ERP,sub-18
GAIN_WRONG,natural,sub-19,61,0.9169154904107428,ses-04,ERP,sub-21
GAIN_WRONG,natural,sub-19,61,0.9466778917111026,ses-04,ERP,sub-23
GAIN_WRONG,natural,sub-19,61,0.8911189654481644,ses-04,ERP,sub-24
MATCH,natural,sub-19,39,1.0045952537868676,ses-04,SSVEP,
POP,natural,sub-19,39,1.005176376190145,ses-04,SSVEP,
TIME_SHIFT,natural,sub-19,39,1.0048700093999436,ses-04,SSVEP,
CHANNEL_PERM,natural,sub-19,39,1.0008719322818502,ses-04,SSVEP,
GAIN_MATCH,natural,sub-19,39,1.0042889045629504,ses-04,SSVEP,
GAIN_POP,natural,sub-19,39,1.005176376190145,ses-04,SSVEP,
NULL,natural,sub-19,39,1.0,ses-04,SSVEP,
WRONG,natural,sub-19,39,1.009121051654889,ses-04,SSVEP,sub-02
WRONG,natural,sub-19,39,1.0196020511688673,ses-04,SSVEP,sub-03
WRONG,natural,sub-19,39,1.0029640687868202,ses-04,SSVEP,sub-05
WRONG,natural,sub-19,39,1.0084184515908485,ses-04,SSVEP,sub-06
WRONG,natural,sub-19,39,1.002907496823307,ses-04,SSVEP,sub-07
WRONG,natural,sub-19,39,1.010985241535693,ses-04,SSVEP,sub-09
WRONG,natural,sub-19,39,1.0036513768239677,ses-04,SSVEP,sub-11
WRONG,natural,sub-19,39,1.0111038046386394,ses-04,SSVEP,sub-12
WRONG,natural,sub-19,39,1.0030388336837721,ses-04,SSVEP,sub-14
WRONG,natural,sub-19,39,1.0032511583316002,ses-04,SSVEP,sub-15
WRONG,natural,sub-19,39,1.0024201712966276,ses-04,SSVEP,sub-17
WRONG,natural,sub-19,39,1.0277757102079275,ses-04,SSVEP,sub-18
WRONG,natural,sub-19,39,1.0021914535982221,ses-04,SSVEP,sub-21
WRONG,natural,sub-19,39,1.0020969462175522,ses-04,SSVEP,sub-23
WRONG,natural,sub-19,39,1.0019092168270554,ses-04,SSVEP,sub-24
GAIN_WRONG,natural,sub-19,39,1.0024689821046806,ses-04,SSVEP,sub-02
GAIN_WRONG,natural,sub-19,39,1.006087929102447,ses-04,SSVEP,sub-03
GAIN_WRONG,natural,sub-19,39,1.0024385246496723,ses-04,SSVEP,sub-05
GAIN_WRONG,natural,sub-19,39,1.0064310277417021,ses-04,SSVEP,sub-06
GAIN_WRONG,natural,sub-19,39,1.0028202052648096,ses-04,SSVEP,sub-07
GAIN_WRONG,natural,sub-19,39,1.0067773825848196,ses-04,SSVEP,sub-09
GAIN_WRONG,natural,sub-19,39,1.00156768988443,ses-04,SSVEP,sub-11
GAIN_WRONG,natural,sub-19,39,1.0024472302714222,ses-04,SSVEP,sub-12
GAIN_WRONG,natural,sub-19,39,1.002537252383959,ses-04,SSVEP,sub-14
GAIN_WRONG,natural,sub-19,39,1.0013054919703102,ses-04,SSVEP,sub-15
GAIN_WRONG,natural,sub-19,39,1.0015682184711292,ses-04,SSVEP,sub-17
GAIN_WRONG,natural,sub-19,39,1.0125262245801152,ses-04,SSVEP,sub-18
GAIN_WRONG,natural,sub-19,39,1.0011915861353844,ses-04,SSVEP,sub-21
GAIN_WRONG,natural,sub-19,39,1.006684935407487,ses-04,SSVEP,sub-23
GAIN_WRONG,natural,sub-19,39,1.0015775656606525,ses-04,SSVEP,sub-24
MATCH,natural,sub-21,80,0.6102831475106099,ses-02,ERP,
POP,natural,sub-21,80,0.6129220723659538,ses-02,ERP,
TIME_SHIFT,natural,sub-21,80,0.9807543045582185,ses-02,ERP,
CHANNEL_PERM,natural,sub-21,80,0.8983665968081587,ses-02,ERP,
GAIN_MATCH,natural,sub-21,80,0.6107575495535098,ses-02,ERP,
GAIN_POP,natural,sub-21,80,0.6129220723659538,ses-02,ERP,
NULL,natural,sub-21,80,1.0,ses-02,ERP,
WRONG,natural,sub-21,80,0.6492453296470859,ses-02,ERP,sub-02
WRONG,natural,sub-21,80,0.6270325893293307,ses-02,ERP,sub-03
WRONG,natural,sub-21,80,0.7016029009843612,ses-02,ERP,sub-05
WRONG,natural,sub-21,80,0.6300546945541782,ses-02,ERP,sub-06
WRONG,natural,sub-21,80,0.631924059221834,ses-02,ERP,sub-07
WRONG,natural,sub-21,80,0.6650849177330901,ses-02,ERP,sub-09
WRONG,natural,sub-21,80,0.6508346816746535,ses-02,ERP,sub-11
WRONG,natural,sub-21,80,0.7803501804921984,ses-02,ERP,sub-12
WRONG,natural,sub-21,80,0.6166195889197943,ses-02,ERP,sub-14
WRONG,natural,sub-21,80,0.6161508828357569,ses-02,ERP,sub-15
WRONG,natural,sub-21,80,0.6653823117219687,ses-02,ERP,sub-17
WRONG,natural,sub-21,80,0.6242116131740689,ses-02,ERP,sub-18
WRONG,natural,sub-21,80,0.6278900462932332,ses-02,ERP,sub-19
WRONG,natural,sub-21,80,0.6607277612988378,ses-02,ERP,sub-23
WRONG,natural,sub-21,80,0.657809159554302,ses-02,ERP,sub-24
GAIN_WRONG,natural,sub-21,80,0.6461743645192048,ses-02,ERP,sub-02
GAIN_WRONG,natural,sub-21,80,0.6297469567655739,ses-02,ERP,sub-03
GAIN_WRONG,natural,sub-21,80,0.6294479185499836,ses-02,ERP,sub-05
GAIN_WRONG,natural,sub-21,80,0.6290021867507201,ses-02,ERP,sub-06
GAIN_WRONG,natural,sub-21,80,0.6337105250011559,ses-02,ERP,sub-07
GAIN_WRONG,natural,sub-21,80,0.6686494965003078,ses-02,ERP,sub-09
GAIN_WRONG,natural,sub-21,80,0.6322937158583783,ses-02,ERP,sub-11
GAIN_WRONG,natural,sub-21,80,0.6648484290550467,ses-02,ERP,sub-12
GAIN_WRONG,natural,sub-21,80,0.6169136681673796,ses-02,ERP,sub-14
GAIN_WRONG,natural,sub-21,80,0.6241272803248478,ses-02,ERP,sub-15
GAIN_WRONG,natural,sub-21,80,0.6308309960882272,ses-02,ERP,sub-17
GAIN_WRONG,natural,sub-21,80,0.6440156033238784,ses-02,ERP,sub-18
GAIN_WRONG,natural,sub-21,80,0.6394188066716705,ses-02,ERP,sub-19
GAIN_WRONG,natural,sub-21,80,0.6820733714652112,ses-02,ERP,sub-23
GAIN_WRONG,natural,sub-21,80,0.653091729688031,ses-02,ERP,sub-24
MATCH,natural,sub-21,37,0.3315943376415948,ses-02,SSVEP,
POP,natural,sub-21,37,0.7686265787507834,ses-02,SSVEP,
TIME_SHIFT,natural,sub-21,37,0.9948367833848621,ses-02,SSVEP,
CHANNEL_PERM,natural,sub-21,37,0.7908078920730297,ses-02,SSVEP,
GAIN_MATCH,natural,sub-21,37,0.3787084436409772,ses-02,SSVEP,
GAIN_POP,natural,sub-21,37,0.7686265787507834,ses-02,SSVEP,
NULL,natural,sub-21,37,1.0,ses-02,SSVEP,
WRONG,natural,sub-21,37,0.47371140477676493,ses-02,SSVEP,sub-02
WRONG,natural,sub-21,37,0.47581942319311865,ses-02,SSVEP,sub-03
WRONG,natural,sub-21,37,0.44878598789831303,ses-02,SSVEP,sub-05
WRONG,natural,sub-21,37,0.4643767940946353,ses-02,SSVEP,sub-06
WRONG,natural,sub-21,37,0.4459192624988765,ses-02,SSVEP,sub-07
WRONG,natural,sub-21,37,1.8912937230911144,ses-02,SSVEP,sub-09
WRONG,natural,sub-21,37,0.6463890865002738,ses-02,SSVEP,sub-11
WRONG,natural,sub-21,37,0.5673227152516109,ses-02,SSVEP,sub-12
WRONG,natural,sub-21,37,0.46233275348802433,ses-02,SSVEP,sub-14
WRONG,natural,sub-21,37,0.5100366455869639,ses-02,SSVEP,sub-15
WRONG,natural,sub-21,37,0.7912098003314174,ses-02,SSVEP,sub-17
WRONG,natural,sub-21,37,0.4250736086004516,ses-02,SSVEP,sub-18
WRONG,natural,sub-21,37,0.4806664335427455,ses-02,SSVEP,sub-19
WRONG,natural,sub-21,37,0.6021720914579298,ses-02,SSVEP,sub-23
WRONG,natural,sub-21,37,0.4302704240456396,ses-02,SSVEP,sub-24
GAIN_WRONG,natural,sub-21,37,0.40538650974505264,ses-02,SSVEP,sub-02
GAIN_WRONG,natural,sub-21,37,0.44801342235621217,ses-02,SSVEP,sub-03
GAIN_WRONG,natural,sub-21,37,0.3944281786177475,ses-02,SSVEP,sub-05
GAIN_WRONG,natural,sub-21,37,0.4224368883959134,ses-02,SSVEP,sub-06
GAIN_WRONG,natural,sub-21,37,0.44969271686833306,ses-02,SSVEP,sub-07
GAIN_WRONG,natural,sub-21,37,1.0753237921142629,ses-02,SSVEP,sub-09
GAIN_WRONG,natural,sub-21,37,0.6507857969125991,ses-02,SSVEP,sub-11
GAIN_WRONG,natural,sub-21,37,0.4836852745548682,ses-02,SSVEP,sub-12
GAIN_WRONG,natural,sub-21,37,0.4093180158679919,ses-02,SSVEP,sub-14
GAIN_WRONG,natural,sub-21,37,0.42592191199043405,ses-02,SSVEP,sub-15
GAIN_WRONG,natural,sub-21,37,0.5771933476423007,ses-02,SSVEP,sub-17
GAIN_WRONG,natural,sub-21,37,0.42378652782432535,ses-02,SSVEP,sub-18
GAIN_WRONG,natural,sub-21,37,0.449772499794709,ses-02,SSVEP,sub-19
GAIN_WRONG,natural,sub-21,37,0.4100947451908203,ses-02,SSVEP,sub-23
GAIN_WRONG,natural,sub-21,37,0.5344859553283303,ses-02,SSVEP,sub-24
MATCH,natural,sub-21,65,0.9728523628357749,ses-03,ERP,
POP,natural,sub-21,65,0.9609749390422317,ses-03,ERP,
TIME_SHIFT,natural,sub-21,65,0.9746421791061279,ses-03,ERP,
CHANNEL_PERM,natural,sub-21,65,0.9960878807437721,ses-03,ERP,
GAIN_MATCH,natural,sub-21,65,0.9775674886478011,ses-03,ERP,
GAIN_POP,natural,sub-21,65,0.9609749390422317,ses-03,ERP,
NULL,natural,sub-21,65,1.0,ses-03,ERP,
WRONG,natural,sub-21,65,0.9634170720653742,ses-03,ERP,sub-02
WRONG,natural,sub-21,65,0.9610927312002523,ses-03,ERP,sub-03
WRONG,natural,sub-21,65,0.9660025200055973,ses-03,ERP,sub-05
WRONG,natural,sub-21,65,0.9615964528286516,ses-03,ERP,sub-06
WRONG,natural,sub-21,65,0.960602845045692,ses-03,ERP,sub-07
WRONG,natural,sub-21,65,0.9831859170868965,ses-03,ERP,sub-09
WRONG,natural,sub-21,65,0.961720370856491,ses-03,ERP,sub-11
WRONG,natural,sub-21,65,0.9676786813729861,ses-03,ERP,sub-12
WRONG,natural,sub-21,65,0.9609423730749146,ses-03,ERP,sub-14
WRONG,natural,sub-21,65,0.9639275278477405,ses-03,ERP,sub-15
WRONG,natural,sub-21,65,0.9822643546699259,ses-03,ERP,sub-17
WRONG,natural,sub-21,65,0.9606464356329074,ses-03,ERP,sub-18
WRONG,natural,sub-21,65,0.9614594841590497,ses-03,ERP,sub-19
WRONG,natural,sub-21,65,0.9782765949925623,ses-03,ERP,sub-23
WRONG,natural,sub-21,65,0.9613474142593608,ses-03,ERP,sub-24
GAIN_WRONG,natural,sub-21,65,0.9633217156737854,ses-03,ERP,sub-02
GAIN_WRONG,natural,sub-21,65,0.9610295864990868,ses-03,ERP,sub-03
GAIN_WRONG,natural,sub-21,65,0.96143921886751,ses-03,ERP,sub-05
GAIN_WRONG,natural,sub-21,65,0.9608056318287757,ses-03,ERP,sub-06
GAIN_WRONG,natural,sub-21,65,0.9606232766028753,ses-03,ERP,sub-07
GAIN_WRONG,natural,sub-21,65,0.9762720991899241,ses-03,ERP,sub-09
GAIN_WRONG,natural,sub-21,65,0.9625216086781013,ses-03,ERP,sub-11
GAIN_WRONG,natural,sub-21,65,0.9624686980669639,ses-03,ERP,sub-12
GAIN_WRONG,natural,sub-21,65,0.9610466833468908,ses-03,ERP,sub-14
GAIN_WRONG,natural,sub-21,65,0.9636937485930607,ses-03,ERP,sub-15
GAIN_WRONG,natural,sub-21,65,0.9705362977190879,ses-03,ERP,sub-17
GAIN_WRONG,natural,sub-21,65,0.9606605700278915,ses-03,ERP,sub-18
GAIN_WRONG,natural,sub-21,65,0.9614660709783566,ses-03,ERP,sub-19
GAIN_WRONG,natural,sub-21,65,0.9786743712243615,ses-03,ERP,sub-23
GAIN_WRONG,natural,sub-21,65,0.9622669357879707,ses-03,ERP,sub-24
MATCH,natural,sub-21,37,0.31979107004677537,ses-03,SSVEP,
POP,natural,sub-21,37,0.7625894197991965,ses-03,SSVEP,
TIME_SHIFT,natural,sub-21,37,1.0291240998191102,ses-03,SSVEP,
CHANNEL_PERM,natural,sub-21,37,0.8121025987232793,ses-03,SSVEP,
GAIN_MATCH,natural,sub-21,37,0.6108989708978033,ses-03,SSVEP,
GAIN_POP,natural,sub-21,37,0.7625894197991965,ses-03,SSVEP,
NULL,natural,sub-21,37,1.0,ses-03,SSVEP,
WRONG,natural,sub-21,37,1.2255476019170468,ses-03,SSVEP,sub-02
WRONG,natural,sub-21,37,0.40665677307149717,ses-03,SSVEP,sub-03
WRONG,natural,sub-21,37,0.47586253106300075,ses-03,SSVEP,sub-05
WRONG,natural,sub-21,37,0.4324902963378287,ses-03,SSVEP,sub-06
WRONG,natural,sub-21,37,0.5766805506554432,ses-03,SSVEP,sub-07
WRONG,natural,sub-21,37,0.40402048900283394,ses-03,SSVEP,sub-09
WRONG,natural,sub-21,37,0.5664474496341082,ses-03,SSVEP,sub-11
WRONG,natural,sub-21,37,0.5039045273133089,ses-03,SSVEP,sub-12
WRONG,natural,sub-21,37,0.4030018716529164,ses-03,SSVEP,sub-14
WRONG,natural,sub-21,37,0.5033730415385325,ses-03,SSVEP,sub-15
WRONG,natural,sub-21,37,0.557139092026854,ses-03,SSVEP,sub-17
WRONG,natural,sub-21,37,0.40235166977144265,ses-03,SSVEP,sub-18
WRONG,natural,sub-21,37,0.43807151145759693,ses-03,SSVEP,sub-19
WRONG,natural,sub-21,37,0.8704700060034222,ses-03,SSVEP,sub-23
WRONG,natural,sub-21,37,0.4002468739047221,ses-03,SSVEP,sub-24
GAIN_WRONG,natural,sub-21,37,0.9116836401666693,ses-03,SSVEP,sub-02
GAIN_WRONG,natural,sub-21,37,0.5740302669976395,ses-03,SSVEP,sub-03
GAIN_WRONG,natural,sub-21,37,0.5607905867340337,ses-03,SSVEP,sub-05
GAIN_WRONG,natural,sub-21,37,0.6703093515523889,ses-03,SSVEP,sub-06
GAIN_WRONG,natural,sub-21,37,0.6438943914166732,ses-03,SSVEP,sub-07
GAIN_WRONG,natural,sub-21,37,0.7055561116353595,ses-03,SSVEP,sub-09
GAIN_WRONG,natural,sub-21,37,0.5465623400128905,ses-03,SSVEP,sub-11
GAIN_WRONG,natural,sub-21,37,1.0384833472591986,ses-03,SSVEP,sub-12
GAIN_WRONG,natural,sub-21,37,0.6105326652671718,ses-03,SSVEP,sub-14
GAIN_WRONG,natural,sub-21,37,0.5082317642580979,ses-03,SSVEP,sub-15
GAIN_WRONG,natural,sub-21,37,0.5336449573322871,ses-03,SSVEP,sub-17
GAIN_WRONG,natural,sub-21,37,0.8099240163219659,ses-03,SSVEP,sub-18
GAIN_WRONG,natural,sub-21,37,0.4359817419196485,ses-03,SSVEP,sub-19
GAIN_WRONG,natural,sub-21,37,0.6926078535060217,ses-03,SSVEP,sub-23
GAIN_WRONG,natural,sub-21,37,0.9592461766820322,ses-03,SSVEP,sub-24
MATCH,natural,sub-21,107,0.7654977653104759,ses-04,ERP,
POP,natural,sub-21,107,0.7598045542847757,ses-04,ERP,
TIME_SHIFT,natural,sub-21,107,0.8992533074136468,ses-04,ERP,
CHANNEL_PERM,natural,sub-21,107,0.9609640284216296,ses-04,ERP,
GAIN_MATCH,natural,sub-21,107,0.7942207456858291,ses-04,ERP,
GAIN_POP,natural,sub-21,107,0.7598045542847757,ses-04,ERP,
NULL,natural,sub-21,107,1.0,ses-04,ERP,
WRONG,natural,sub-21,107,0.8240078865046458,ses-04,ERP,sub-02
WRONG,natural,sub-21,107,0.7947077104064434,ses-04,ERP,sub-03
WRONG,natural,sub-21,107,0.8467476583117961,ses-04,ERP,sub-05
WRONG,natural,sub-21,107,0.7918753284256395,ses-04,ERP,sub-06
WRONG,natural,sub-21,107,0.8360907856012809,ses-04,ERP,sub-07
WRONG,natural,sub-21,107,0.7737604735963097,ses-04,ERP,sub-09
WRONG,natural,sub-21,107,0.8019332551868232,ses-04,ERP,sub-11
WRONG,natural,sub-21,107,0.8748440725304727,ses-04,ERP,sub-12
WRONG,natural,sub-21,107,0.7738057896502677,ses-04,ERP,sub-14
WRONG,natural,sub-21,107,0.8085830457799865,ses-04,ERP,sub-15
WRONG,natural,sub-21,107,0.8289973234201549,ses-04,ERP,sub-17
WRONG,natural,sub-21,107,0.7723765582702548,ses-04,ERP,sub-18
WRONG,natural,sub-21,107,0.7765412896535907,ses-04,ERP,sub-19
WRONG,natural,sub-21,107,0.8885801292486036,ses-04,ERP,sub-23
WRONG,natural,sub-21,107,0.7832120420384037,ses-04,ERP,sub-24
GAIN_WRONG,natural,sub-21,107,0.8777892219666765,ses-04,ERP,sub-02
GAIN_WRONG,natural,sub-21,107,0.8049146401177639,ses-04,ERP,sub-03
GAIN_WRONG,natural,sub-21,107,0.8169291498257703,ses-04,ERP,sub-05
GAIN_WRONG,natural,sub-21,107,0.7941984555049598,ses-04,ERP,sub-06
GAIN_WRONG,natural,sub-21,107,0.8440194364753971,ses-04,ERP,sub-07
GAIN_WRONG,natural,sub-21,107,0.7733975868967133,ses-04,ERP,sub-09
GAIN_WRONG,natural,sub-21,107,0.7896631557329847,ses-04,ERP,sub-11
GAIN_WRONG,natural,sub-21,107,0.7939135334559319,ses-04,ERP,sub-12
GAIN_WRONG,natural,sub-21,107,0.7729751460769254,ses-04,ERP,sub-14
GAIN_WRONG,natural,sub-21,107,0.8773008854235969,ses-04,ERP,sub-15
GAIN_WRONG,natural,sub-21,107,0.7857433402462459,ses-04,ERP,sub-17
GAIN_WRONG,natural,sub-21,107,0.7807439319283817,ses-04,ERP,sub-18
GAIN_WRONG,natural,sub-21,107,0.7780178333198242,ses-04,ERP,sub-19
GAIN_WRONG,natural,sub-21,107,0.8719015244291346,ses-04,ERP,sub-23
GAIN_WRONG,natural,sub-21,107,0.7808927678272141,ses-04,ERP,sub-24
MATCH,natural,sub-21,37,0.6775113166887847,ses-04,SSVEP,
POP,natural,sub-21,37,0.8184987681484668,ses-04,SSVEP,
TIME_SHIFT,natural,sub-21,37,0.9840815538365333,ses-04,SSVEP,
CHANNEL_PERM,natural,sub-21,37,0.9157168156244753,ses-04,SSVEP,
GAIN_MATCH,natural,sub-21,37,0.690718140281286,ses-04,SSVEP,
GAIN_POP,natural,sub-21,37,0.8184987681484668,ses-04,SSVEP,
NULL,natural,sub-21,37,1.0,ses-04,SSVEP,
WRONG,natural,sub-21,37,0.8782798940544696,ses-04,SSVEP,sub-02
WRONG,natural,sub-21,37,0.7460144839596118,ses-04,SSVEP,sub-03
WRONG,natural,sub-21,37,0.7293382216620532,ses-04,SSVEP,sub-05
WRONG,natural,sub-21,37,0.7532797316963319,ses-04,SSVEP,sub-06
WRONG,natural,sub-21,37,0.814657770017024,ses-04,SSVEP,sub-07
WRONG,natural,sub-21,37,0.8620637080713319,ses-04,SSVEP,sub-09
WRONG,natural,sub-21,37,0.8091993037276604,ses-04,SSVEP,sub-11
WRONG,natural,sub-21,37,0.8441985928851321,ses-04,SSVEP,sub-12
WRONG,natural,sub-21,37,0.7315963876070145,ses-04,SSVEP,sub-14
WRONG,natural,sub-21,37,0.7655131458556261,ses-04,SSVEP,sub-15
WRONG,natural,sub-21,37,0.8020162844289405,ses-04,SSVEP,sub-17
WRONG,natural,sub-21,37,0.7730079735324861,ses-04,SSVEP,sub-18
WRONG,natural,sub-21,37,1.0348382628521442,ses-04,SSVEP,sub-19
WRONG,natural,sub-21,37,0.9159657486636926,ses-04,SSVEP,sub-23
WRONG,natural,sub-21,37,0.7225640316371879,ses-04,SSVEP,sub-24
GAIN_WRONG,natural,sub-21,37,0.8800534374411947,ses-04,SSVEP,sub-02
GAIN_WRONG,natural,sub-21,37,0.8070069556789388,ses-04,SSVEP,sub-03
GAIN_WRONG,natural,sub-21,37,0.7314133109405919,ses-04,SSVEP,sub-05
GAIN_WRONG,natural,sub-21,37,0.7569832714932654,ses-04,SSVEP,sub-06
GAIN_WRONG,natural,sub-21,37,0.8210003073982655,ses-04,SSVEP,sub-07
GAIN_WRONG,natural,sub-21,37,0.8398342327130657,ses-04,SSVEP,sub-09
GAIN_WRONG,natural,sub-21,37,0.7911407529781583,ses-04,SSVEP,sub-11
GAIN_WRONG,natural,sub-21,37,0.7774175582739336,ses-04,SSVEP,sub-12
GAIN_WRONG,natural,sub-21,37,0.7311491574710414,ses-04,SSVEP,sub-14
GAIN_WRONG,natural,sub-21,37,0.8067960090264311,ses-04,SSVEP,sub-15
GAIN_WRONG,natural,sub-21,37,0.8008358471749845,ses-04,SSVEP,sub-17
GAIN_WRONG,natural,sub-21,37,0.8257120783017455,ses-04,SSVEP,sub-18
GAIN_WRONG,natural,sub-21,37,0.9617333737553209,ses-04,SSVEP,sub-19
GAIN_WRONG,natural,sub-21,37,0.8863109204871625,ses-04,SSVEP,sub-23
GAIN_WRONG,natural,sub-21,37,0.7227427198061566,ses-04,SSVEP,sub-24
MATCH,natural,sub-23,60,0.5513405019691798,ses-02,ERP,
POP,natural,sub-23,60,0.7214537934926747,ses-02,ERP,
TIME_SHIFT,natural,sub-23,60,0.84457759837024,ses-02,ERP,
CHANNEL_PERM,natural,sub-23,60,0.8627862909379923,ses-02,ERP,
GAIN_MATCH,natural,sub-23,60,0.5560504361911989,ses-02,ERP,
GAIN_POP,natural,sub-23,60,0.7214537934926747,ses-02,ERP,
NULL,natural,sub-23,60,1.0,ses-02,ERP,
WRONG,natural,sub-23,60,0.6134663946575025,ses-02,ERP,sub-02
WRONG,natural,sub-23,60,0.7451971107975945,ses-02,ERP,sub-03
WRONG,natural,sub-23,60,0.9969584338516136,ses-02,ERP,sub-05
WRONG,natural,sub-23,60,0.6861584532692964,ses-02,ERP,sub-06
WRONG,natural,sub-23,60,0.6427128142916113,ses-02,ERP,sub-07
WRONG,natural,sub-23,60,0.8198266142621009,ses-02,ERP,sub-09
WRONG,natural,sub-23,60,0.8543730212295632,ses-02,ERP,sub-11
WRONG,natural,sub-23,60,1.1572006944984365,ses-02,ERP,sub-12
WRONG,natural,sub-23,60,0.7331081310059001,ses-02,ERP,sub-14
WRONG,natural,sub-23,60,0.6245102930006362,ses-02,ERP,sub-15
WRONG,natural,sub-23,60,0.880769230215711,ses-02,ERP,sub-17
WRONG,natural,sub-23,60,0.6151897470186234,ses-02,ERP,sub-18
WRONG,natural,sub-23,60,0.7634556989663791,ses-02,ERP,sub-19
WRONG,natural,sub-23,60,0.7212454515369656,ses-02,ERP,sub-21
WRONG,natural,sub-23,60,0.8015026472318134,ses-02,ERP,sub-24
GAIN_WRONG,natural,sub-23,60,0.6143136170918567,ses-02,ERP,sub-02
GAIN_WRONG,natural,sub-23,60,0.7188104075639092,ses-02,ERP,sub-03
GAIN_WRONG,natural,sub-23,60,0.7739494689277806,ses-02,ERP,sub-05
GAIN_WRONG,natural,sub-23,60,0.7166460043396173,ses-02,ERP,sub-06
GAIN_WRONG,natural,sub-23,60,0.6432320437304992,ses-02,ERP,sub-07
GAIN_WRONG,natural,sub-23,60,0.7125274232935734,ses-02,ERP,sub-09
GAIN_WRONG,natural,sub-23,60,0.7804520356151667,ses-02,ERP,sub-11
GAIN_WRONG,natural,sub-23,60,0.7735248908367757,ses-02,ERP,sub-12
GAIN_WRONG,natural,sub-23,60,0.7446372037867329,ses-02,ERP,sub-14
GAIN_WRONG,natural,sub-23,60,0.6197797324911629,ses-02,ERP,sub-15
GAIN_WRONG,natural,sub-23,60,0.7427172006675136,ses-02,ERP,sub-17
GAIN_WRONG,natural,sub-23,60,0.6019401534965254,ses-02,ERP,sub-18
GAIN_WRONG,natural,sub-23,60,0.7218757363854905,ses-02,ERP,sub-19
GAIN_WRONG,natural,sub-23,60,0.7063418270304048,ses-02,ERP,sub-21
GAIN_WRONG,natural,sub-23,60,0.7850808148707713,ses-02,ERP,sub-24
MATCH,natural,sub-23,44,0.6194378897899527,ses-02,SSVEP,
POP,natural,sub-23,44,1.4738927065261314,ses-02,SSVEP,
TIME_SHIFT,natural,sub-23,44,1.0144750775315423,ses-02,SSVEP,
CHANNEL_PERM,natural,sub-23,44,0.8841580021855203,ses-02,SSVEP,
GAIN_MATCH,natural,sub-23,44,0.9341910891488795,ses-02,SSVEP,
GAIN_POP,natural,sub-23,44,1.4738927065261314,ses-02,SSVEP,
NULL,natural,sub-23,44,1.0,ses-02,SSVEP,
WRONG,natural,sub-23,44,0.7344988605758072,ses-02,SSVEP,sub-02
WRONG,natural,sub-23,44,1.2382612505054544,ses-02,SSVEP,sub-03
WRONG,natural,sub-23,44,1.024732352516226,ses-02,SSVEP,sub-05
WRONG,natural,sub-23,44,0.8944246978892245,ses-02,SSVEP,sub-06
WRONG,natural,sub-23,44,1.1707178095630297,ses-02,SSVEP,sub-07
WRONG,natural,sub-23,44,2.8114249013155823,ses-02,SSVEP,sub-09
WRONG,natural,sub-23,44,1.1802894194291491,ses-02,SSVEP,sub-11
WRONG,natural,sub-23,44,2.293513515685085,ses-02,SSVEP,sub-12
WRONG,natural,sub-23,44,1.0818519318025084,ses-02,SSVEP,sub-14
WRONG,natural,sub-23,44,0.793650401107163,ses-02,SSVEP,sub-15
WRONG,natural,sub-23,44,2.515232372373798,ses-02,SSVEP,sub-17
WRONG,natural,sub-23,44,1.5909095684276173,ses-02,SSVEP,sub-18
WRONG,natural,sub-23,44,1.1178016186569022,ses-02,SSVEP,sub-19
WRONG,natural,sub-23,44,1.2423911294112127,ses-02,SSVEP,sub-21
WRONG,natural,sub-23,44,1.149423777189174,ses-02,SSVEP,sub-24
GAIN_WRONG,natural,sub-23,44,1.0010379411081738,ses-02,SSVEP,sub-02
GAIN_WRONG,natural,sub-23,44,1.443081075174771,ses-02,SSVEP,sub-03
GAIN_WRONG,natural,sub-23,44,1.6600570034290094,ses-02,SSVEP,sub-05
GAIN_WRONG,natural,sub-23,44,1.7181510299111518,ses-02,SSVEP,sub-06
GAIN_WRONG,natural,sub-23,44,1.7834450680984058,ses-02,SSVEP,sub-07
GAIN_WRONG,natural,sub-23,44,1.3543426439694057,ses-02,SSVEP,sub-09
GAIN_WRONG,natural,sub-23,44,1.2659132337107222,ses-02,SSVEP,sub-11
GAIN_WRONG,natural,sub-23,44,1.9434555215374552,ses-02,SSVEP,sub-12
GAIN_WRONG,natural,sub-23,44,1.6000742015392264,ses-02,SSVEP,sub-14
GAIN_WRONG,natural,sub-23,44,1.230510404265378,ses-02,SSVEP,sub-15
GAIN_WRONG,natural,sub-23,44,1.4854658237140648,ses-02,SSVEP,sub-17
GAIN_WRONG,natural,sub-23,44,1.6147269831394235,ses-02,SSVEP,sub-18
GAIN_WRONG,natural,sub-23,44,1.5751034810321782,ses-02,SSVEP,sub-19
GAIN_WRONG,natural,sub-23,44,1.6521463748664351,ses-02,SSVEP,sub-21
GAIN_WRONG,natural,sub-23,44,2.0444235120543564,ses-02,SSVEP,sub-24
MATCH,natural,sub-23,62,0.8096940026354974,ses-03,ERP,
POP,natural,sub-23,62,1.4912035092695108,ses-03,ERP,
TIME_SHIFT,natural,sub-23,62,0.9683252992619091,ses-03,ERP,
CHANNEL_PERM,natural,sub-23,62,0.9807875016447732,ses-03,ERP,
GAIN_MATCH,natural,sub-23,62,0.8168171452121639,ses-03,ERP,
GAIN_POP,natural,sub-23,62,1.4912035092695108,ses-03,ERP,
NULL,natural,sub-23,62,1.0,ses-03,ERP,
WRONG,natural,sub-23,62,1.1916732035839128,ses-03,ERP,sub-02
WRONG,natural,sub-23,62,1.3176462861718068,ses-03,ERP,sub-03
WRONG,natural,sub-23,62,1.970753181892611,ses-03,ERP,sub-05
WRONG,natural,sub-23,62,1.233277875806645,ses-03,ERP,sub-06
WRONG,natural,sub-23,62,1.4410953060049498,ses-03,ERP,sub-07
WRONG,natural,sub-23,62,2.0619926890463294,ses-03,ERP,sub-09
WRONG,natural,sub-23,62,1.5743424976276887,ses-03,ERP,sub-11
WRONG,natural,sub-23,62,1.965959872625837,ses-03,ERP,sub-12
WRONG,natural,sub-23,62,1.46588286894518,ses-03,ERP,sub-14
WRONG,natural,sub-23,62,0.9550022641177571,ses-03,ERP,sub-15
WRONG,natural,sub-23,62,3.195304312468613,ses-03,ERP,sub-17
WRONG,natural,sub-23,62,1.3807650902536086,ses-03,ERP,sub-18
WRONG,natural,sub-23,62,1.412763571777623,ses-03,ERP,sub-19
WRONG,natural,sub-23,62,1.9933250771577162,ses-03,ERP,sub-21
WRONG,natural,sub-23,62,1.509741448110201,ses-03,ERP,sub-24
GAIN_WRONG,natural,sub-23,62,1.2829326074698282,ses-03,ERP,sub-02
GAIN_WRONG,natural,sub-23,62,1.4557842593772763,ses-03,ERP,sub-03
GAIN_WRONG,natural,sub-23,62,1.788606732601658,ses-03,ERP,sub-05
GAIN_WRONG,natural,sub-23,62,1.5036137187744356,ses-03,ERP,sub-06
GAIN_WRONG,natural,sub-23,62,1.5264519695357992,ses-03,ERP,sub-07
GAIN_WRONG,natural,sub-23,62,1.1058826956537,ses-03,ERP,sub-09
GAIN_WRONG,natural,sub-23,62,1.8287595776642838,ses-03,ERP,sub-11
GAIN_WRONG,natural,sub-23,62,1.8224492198556006,ses-03,ERP,sub-12
GAIN_WRONG,natural,sub-23,62,1.472099779940645,ses-03,ERP,sub-14
GAIN_WRONG,natural,sub-23,62,1.0146584641316188,ses-03,ERP,sub-15
GAIN_WRONG,natural,sub-23,62,1.6980207849431088,ses-03,ERP,sub-17
GAIN_WRONG,natural,sub-23,62,1.6767114377274301,ses-03,ERP,sub-18
GAIN_WRONG,natural,sub-23,62,1.536064091147785,ses-03,ERP,sub-19
GAIN_WRONG,natural,sub-23,62,1.005600414392272,ses-03,ERP,sub-21
GAIN_WRONG,natural,sub-23,62,1.8387322770845207,ses-03,ERP,sub-24
MATCH,natural,sub-23,36,0.9164555358422002,ses-03,SSVEP,
POP,natural,sub-23,36,2.4366476495888554,ses-03,SSVEP,
TIME_SHIFT,natural,sub-23,36,0.9893995507273713,ses-03,SSVEP,
CHANNEL_PERM,natural,sub-23,36,1.0596071374897726,ses-03,SSVEP,
GAIN_MATCH,natural,sub-23,36,2.1662247014511684,ses-03,SSVEP,
GAIN_POP,natural,sub-23,36,2.4366476495888554,ses-03,SSVEP,
NULL,natural,sub-23,36,1.0,ses-03,SSVEP,
WRONG,natural,sub-23,36,3.401297002735753,ses-03,SSVEP,sub-02
WRONG,natural,sub-23,36,1.9823703756754236,ses-03,SSVEP,sub-03
WRONG,natural,sub-23,36,1.7757841810480208,ses-03,SSVEP,sub-05
WRONG,natural,sub-23,36,1.6693872099540465,ses-03,SSVEP,sub-06
WRONG,natural,sub-23,36,2.216891026976083,ses-03,SSVEP,sub-07
WRONG,natural,sub-23,36,2.028435519811039,ses-03,SSVEP,sub-09
WRONG,natural,sub-23,36,3.0645255646977834,ses-03,SSVEP,sub-11
WRONG,natural,sub-23,36,2.8668446749719982,ses-03,SSVEP,sub-12
WRONG,natural,sub-23,36,1.8642551963380845,ses-03,SSVEP,sub-14
WRONG,natural,sub-23,36,1.3305219088665001,ses-03,SSVEP,sub-15
WRONG,natural,sub-23,36,2.8272804631869697,ses-03,SSVEP,sub-17
WRONG,natural,sub-23,36,2.5451235098220675,ses-03,SSVEP,sub-18
WRONG,natural,sub-23,36,2.257343612569383,ses-03,SSVEP,sub-19
WRONG,natural,sub-23,36,2.291337517493584,ses-03,SSVEP,sub-21
WRONG,natural,sub-23,36,1.8885943721556835,ses-03,SSVEP,sub-24
GAIN_WRONG,natural,sub-23,36,2.0287030654726537,ses-03,SSVEP,sub-02
GAIN_WRONG,natural,sub-23,36,3.417365022396254,ses-03,SSVEP,sub-03
GAIN_WRONG,natural,sub-23,36,3.280984353208335,ses-03,SSVEP,sub-05
GAIN_WRONG,natural,sub-23,36,3.61762052651414,ses-03,SSVEP,sub-06
GAIN_WRONG,natural,sub-23,36,3.343728661651566,ses-03,SSVEP,sub-07
GAIN_WRONG,natural,sub-23,36,3.7669384399882477,ses-03,SSVEP,sub-09
GAIN_WRONG,natural,sub-23,36,2.8783922660304504,ses-03,SSVEP,sub-11
GAIN_WRONG,natural,sub-23,36,4.480107901770279,ses-03,SSVEP,sub-12
GAIN_WRONG,natural,sub-23,36,3.3750019885418503,ses-03,SSVEP,sub-14
GAIN_WRONG,natural,sub-23,36,2.4983184914317644,ses-03,SSVEP,sub-15
GAIN_WRONG,natural,sub-23,36,2.6680484609977575,ses-03,SSVEP,sub-17
GAIN_WRONG,natural,sub-23,36,4.05621840604611,ses-03,SSVEP,sub-18
GAIN_WRONG,natural,sub-23,36,2.938649341449624,ses-03,SSVEP,sub-19
GAIN_WRONG,natural,sub-23,36,3.590264907916269,ses-03,SSVEP,sub-21
GAIN_WRONG,natural,sub-23,36,4.294697943317061,ses-03,SSVEP,sub-24
MATCH,natural,sub-23,70,0.9247957455565216,ses-04,ERP,
POP,natural,sub-23,70,1.7757336389367477,ses-04,ERP,
TIME_SHIFT,natural,sub-23,70,0.9874938861743471,ses-04,ERP,
CHANNEL_PERM,natural,sub-23,70,1.0770297119693972,ses-04,ERP,
GAIN_MATCH,natural,sub-23,70,0.9903655342123384,ses-04,ERP,
GAIN_POP,natural,sub-23,70,1.7757336389367477,ses-04,ERP,
NULL,natural,sub-23,70,1.0,ses-04,ERP,
WRONG,natural,sub-23,70,1.5761277156110902,ses-04,ERP,sub-02
WRONG,natural,sub-23,70,2.318766770874061,ses-04,ERP,sub-03
WRONG,natural,sub-23,70,2.4613851934919455,ses-04,ERP,sub-05
WRONG,natural,sub-23,70,1.672177019952783,ses-04,ERP,sub-06
WRONG,natural,sub-23,70,2.2487499100405373,ses-04,ERP,sub-07
WRONG,natural,sub-23,70,1.8014071470211583,ses-04,ERP,sub-09
WRONG,natural,sub-23,70,2.1924907219793304,ses-04,ERP,sub-11
WRONG,natural,sub-23,70,2.803924186973894,ses-04,ERP,sub-12
WRONG,natural,sub-23,70,1.7853088461859457,ses-04,ERP,sub-14
WRONG,natural,sub-23,70,1.493917814318654,ses-04,ERP,sub-15
WRONG,natural,sub-23,70,2.4468332548139835,ses-04,ERP,sub-17
WRONG,natural,sub-23,70,1.8531218845244253,ses-04,ERP,sub-18
WRONG,natural,sub-23,70,1.6539805575104036,ses-04,ERP,sub-19
WRONG,natural,sub-23,70,1.9583004235933037,ses-04,ERP,sub-21
WRONG,natural,sub-23,70,1.8773645883562673,ses-04,ERP,sub-24
GAIN_WRONG,natural,sub-23,70,1.098871306214031,ses-04,ERP,sub-02
GAIN_WRONG,natural,sub-23,70,1.6970813868110008,ses-04,ERP,sub-03
GAIN_WRONG,natural,sub-23,70,1.322870510923577,ses-04,ERP,sub-05
GAIN_WRONG,natural,sub-23,70,1.5905092829305438,ses-04,ERP,sub-06
GAIN_WRONG,natural,sub-23,70,1.7767078762962705,ses-04,ERP,sub-07
GAIN_WRONG,natural,sub-23,70,1.5812162505621683,ses-04,ERP,sub-09
GAIN_WRONG,natural,sub-23,70,1.907828466620863,ses-04,ERP,sub-11
GAIN_WRONG,natural,sub-23,70,1.9151216895900132,ses-04,ERP,sub-12
GAIN_WRONG,natural,sub-23,70,1.555481216166675,ses-04,ERP,sub-14
GAIN_WRONG,natural,sub-23,70,1.0278665356862464,ses-04,ERP,sub-15
GAIN_WRONG,natural,sub-23,70,1.8686971376713655,ses-04,ERP,sub-17
GAIN_WRONG,natural,sub-23,70,1.6347423306779543,ses-04,ERP,sub-18
GAIN_WRONG,natural,sub-23,70,1.6364364360727126,ses-04,ERP,sub-19
GAIN_WRONG,natural,sub-23,70,1.3887162490076008,ses-04,ERP,sub-21
GAIN_WRONG,natural,sub-23,70,1.694090585958169,ses-04,ERP,sub-24
MATCH,natural,sub-23,36,0.9961737685476683,ses-04,SSVEP,
POP,natural,sub-23,36,1.0761903032678564,ses-04,SSVEP,
TIME_SHIFT,natural,sub-23,36,0.999854897659006,ses-04,SSVEP,
CHANNEL_PERM,natural,sub-23,36,1.002171776236189,ses-04,SSVEP,
GAIN_MATCH,natural,sub-23,36,1.0095067948536582,ses-04,SSVEP,
GAIN_POP,natural,sub-23,36,1.0761903032678564,ses-04,SSVEP,
NULL,natural,sub-23,36,1.0,ses-04,SSVEP,
WRONG,natural,sub-23,36,1.0653664903087627,ses-04,SSVEP,sub-02
WRONG,natural,sub-23,36,1.0744502257492006,ses-04,SSVEP,sub-03
WRONG,natural,sub-23,36,1.0472615209341805,ses-04,SSVEP,sub-05
WRONG,natural,sub-23,36,1.0474394762983712,ses-04,SSVEP,sub-06
WRONG,natural,sub-23,36,1.0792752226124775,ses-04,SSVEP,sub-07
WRONG,natural,sub-23,36,1.1492704529753763,ses-04,SSVEP,sub-09
WRONG,natural,sub-23,36,1.100947738940937,ses-04,SSVEP,sub-11
WRONG,natural,sub-23,36,1.1871170489461076,ses-04,SSVEP,sub-12
WRONG,natural,sub-23,36,1.0540223331312246,ses-04,SSVEP,sub-14
WRONG,natural,sub-23,36,1.0288833816640002,ses-04,SSVEP,sub-15
WRONG,natural,sub-23,36,1.0587210473140805,ses-04,SSVEP,sub-17
WRONG,natural,sub-23,36,1.097424594312801,ses-04,SSVEP,sub-18
WRONG,natural,sub-23,36,1.1371283574342612,ses-04,SSVEP,sub-19
WRONG,natural,sub-23,36,1.0761450292764054,ses-04,SSVEP,sub-21
WRONG,natural,sub-23,36,1.041663034469745,ses-04,SSVEP,sub-24
GAIN_WRONG,natural,sub-23,36,1.0148312807479793,ses-04,SSVEP,sub-02
GAIN_WRONG,natural,sub-23,36,1.0247594168991307,ses-04,SSVEP,sub-03
GAIN_WRONG,natural,sub-23,36,1.0502545348268648,ses-04,SSVEP,sub-05
GAIN_WRONG,natural,sub-23,36,1.0476778761808303,ses-04,SSVEP,sub-06
GAIN_WRONG,natural,sub-23,36,1.1037330591705212,ses-04,SSVEP,sub-07
GAIN_WRONG,natural,sub-23,36,1.0582073669898115,ses-04,SSVEP,sub-09
GAIN_WRONG,natural,sub-23,36,1.052323928372194,ses-04,SSVEP,sub-11
GAIN_WRONG,natural,sub-23,36,1.0491454775859135,ses-04,SSVEP,sub-12
GAIN_WRONG,natural,sub-23,36,1.0608401148645692,ses-04,SSVEP,sub-14
GAIN_WRONG,natural,sub-23,36,1.0124109547407467,ses-04,SSVEP,sub-15
GAIN_WRONG,natural,sub-23,36,1.046111419089489,ses-04,SSVEP,sub-17
GAIN_WRONG,natural,sub-23,36,1.023854719227266,ses-04,SSVEP,sub-18
GAIN_WRONG,natural,sub-23,36,1.092845347823289,ses-04,SSVEP,sub-19
GAIN_WRONG,natural,sub-23,36,1.0554951534127255,ses-04,SSVEP,sub-21
GAIN_WRONG,natural,sub-23,36,1.0462907911674624,ses-04,SSVEP,sub-24
MATCH,natural,sub-24,57,0.36231019064610337,ses-02,ERP,
POP,natural,sub-24,57,0.38905214120659587,ses-02,ERP,
TIME_SHIFT,natural,sub-24,57,0.9753404793415246,ses-02,ERP,
CHANNEL_PERM,natural,sub-24,57,0.8280280889828415,ses-02,ERP,
GAIN_MATCH,natural,sub-24,57,0.3630083156872146,ses-02,ERP,
GAIN_POP,natural,sub-24,57,0.38905214120659587,ses-02,ERP,
NULL,natural,sub-24,57,1.0,ses-02,ERP,
WRONG,natural,sub-24,57,0.4915225308387635,ses-02,ERP,sub-02
WRONG,natural,sub-24,57,0.3972680016137439,ses-02,ERP,sub-03
WRONG,natural,sub-24,57,0.4692635307883772,ses-02,ERP,sub-05
WRONG,natural,sub-24,57,0.41269814731385285,ses-02,ERP,sub-06
WRONG,natural,sub-24,57,0.45635575483302415,ses-02,ERP,sub-07
WRONG,natural,sub-24,57,0.46865235576345793,ses-02,ERP,sub-09
WRONG,natural,sub-24,57,0.4077653139751594,ses-02,ERP,sub-11
WRONG,natural,sub-24,57,0.5979817419563171,ses-02,ERP,sub-12
WRONG,natural,sub-24,57,0.40641565775378885,ses-02,ERP,sub-14
WRONG,natural,sub-24,57,0.448796816716815,ses-02,ERP,sub-15
WRONG,natural,sub-24,57,0.45569401848216523,ses-02,ERP,sub-17
WRONG,natural,sub-24,57,0.4359948013577297,ses-02,ERP,sub-18
WRONG,natural,sub-24,57,0.4275027000519737,ses-02,ERP,sub-19
WRONG,natural,sub-24,57,0.39070549575446284,ses-02,ERP,sub-21
WRONG,natural,sub-24,57,0.48064825882122064,ses-02,ERP,sub-23
GAIN_WRONG,natural,sub-24,57,0.48480028605532605,ses-02,ERP,sub-02
GAIN_WRONG,natural,sub-24,57,0.4113754103415411,ses-02,ERP,sub-03
GAIN_WRONG,natural,sub-24,57,0.386469507985236,ses-02,ERP,sub-05
GAIN_WRONG,natural,sub-24,57,0.3989097137295974,ses-02,ERP,sub-06
GAIN_WRONG,natural,sub-24,57,0.45962443062487585,ses-02,ERP,sub-07
GAIN_WRONG,natural,sub-24,57,0.5084061606547658,ses-02,ERP,sub-09
GAIN_WRONG,natural,sub-24,57,0.3887637014007018,ses-02,ERP,sub-11
GAIN_WRONG,natural,sub-24,57,0.4611970462489432,ses-02,ERP,sub-12
GAIN_WRONG,natural,sub-24,57,0.40502063775098857,ses-02,ERP,sub-14
GAIN_WRONG,natural,sub-24,57,0.4633078436800605,ses-02,ERP,sub-15
GAIN_WRONG,natural,sub-24,57,0.4165834384094688,ses-02,ERP,sub-17
GAIN_WRONG,natural,sub-24,57,0.47533609654052733,ses-02,ERP,sub-18
GAIN_WRONG,natural,sub-24,57,0.45980574075264025,ses-02,ERP,sub-19
GAIN_WRONG,natural,sub-24,57,0.3967064774239972,ses-02,ERP,sub-21
GAIN_WRONG,natural,sub-24,57,0.5163357162465444,ses-02,ERP,sub-23
MATCH,natural,sub-24,56,0.4308756825633416,ses-03,ERP,
POP,natural,sub-24,56,0.47576035640752756,ses-03,ERP,
TIME_SHIFT,natural,sub-24,56,1.0204650153015382,ses-03,ERP,
CHANNEL_PERM,natural,sub-24,56,0.8466151743610454,ses-03,ERP,
GAIN_MATCH,natural,sub-24,56,0.46360732457358533,ses-03,ERP,
GAIN_POP,natural,sub-24,56,0.47576035640752756,ses-03,ERP,
NULL,natural,sub-24,56,1.0,ses-03,ERP,
WRONG,natural,sub-24,56,0.5406575516931116,ses-03,ERP,sub-02
WRONG,natural,sub-24,56,0.4626711419112292,ses-03,ERP,sub-03
WRONG,natural,sub-24,56,0.534776456465735,ses-03,ERP,sub-05
WRONG,natural,sub-24,56,0.4911829555425335,ses-03,ERP,sub-06
WRONG,natural,sub-24,56,0.4761645907410415,ses-03,ERP,sub-07
WRONG,natural,sub-24,56,0.847538070945235,ses-03,ERP,sub-09
WRONG,natural,sub-24,56,0.46510945170880535,ses-03,ERP,sub-11
WRONG,natural,sub-24,56,0.5610835929966741,ses-03,ERP,sub-12
WRONG,natural,sub-24,56,0.48198182007392887,ses-03,ERP,sub-14
WRONG,natural,sub-24,56,0.5674867637943891,ses-03,ERP,sub-15
WRONG,natural,sub-24,56,0.8563091390499691,ses-03,ERP,sub-17
WRONG,natural,sub-24,56,0.4534857022212539,ses-03,ERP,sub-18
WRONG,natural,sub-24,56,0.4813570545897699,ses-03,ERP,sub-19
WRONG,natural,sub-24,56,1.1425614009188503,ses-03,ERP,sub-21
WRONG,natural,sub-24,56,0.6976392061180464,ses-03,ERP,sub-23
GAIN_WRONG,natural,sub-24,56,0.5253465996847183,ses-03,ERP,sub-02
GAIN_WRONG,natural,sub-24,56,0.4555325316926303,ses-03,ERP,sub-03
GAIN_WRONG,natural,sub-24,56,0.4808713281521375,ses-03,ERP,sub-05
GAIN_WRONG,natural,sub-24,56,0.4700331021810831,ses-03,ERP,sub-06
GAIN_WRONG,natural,sub-24,56,0.47618384583788714,ses-03,ERP,sub-07
GAIN_WRONG,natural,sub-24,56,0.7544630378155885,ses-03,ERP,sub-09
GAIN_WRONG,natural,sub-24,56,0.5064572563979526,ses-03,ERP,sub-11
GAIN_WRONG,natural,sub-24,56,0.5050026220047388,ses-03,ERP,sub-12
GAIN_WRONG,natural,sub-24,56,0.4815885726315745,ses-03,ERP,sub-14
GAIN_WRONG,natural,sub-24,56,0.5486452128983016,ses-03,ERP,sub-15
GAIN_WRONG,natural,sub-24,56,0.6610489896003681,ses-03,ERP,sub-17
GAIN_WRONG,natural,sub-24,56,0.4506753200020297,ses-03,ERP,sub-18
GAIN_WRONG,natural,sub-24,56,0.4765771815637491,ses-03,ERP,sub-19
GAIN_WRONG,natural,sub-24,56,0.8343642178678606,ses-03,ERP,sub-21
GAIN_WRONG,natural,sub-24,56,0.6879505334221383,ses-03,ERP,sub-23
MATCH,natural,sub-24,58,0.6211779386161458,ses-04,ERP,
POP,natural,sub-24,58,0.645053440531316,ses-04,ERP,
TIME_SHIFT,natural,sub-24,58,0.976421012169632,ses-04,ERP,
CHANNEL_PERM,natural,sub-24,58,0.9079985539837184,ses-04,ERP,
GAIN_MATCH,natural,sub-24,58,0.6257199208776342,ses-04,ERP,
GAIN_POP,natural,sub-24,58,0.645053440531316,ses-04,ERP,
NULL,natural,sub-24,58,1.0,ses-04,ERP,
WRONG,natural,sub-24,58,0.7665399113370808,ses-04,ERP,sub-02
WRONG,natural,sub-24,58,0.6943332888734266,ses-04,ERP,sub-03
WRONG,natural,sub-24,58,0.8469413989661537,ses-04,ERP,sub-05
WRONG,natural,sub-24,58,0.6778855231070294,ses-04,ERP,sub-06
WRONG,natural,sub-24,58,0.8279911703047017,ses-04,ERP,sub-07
WRONG,natural,sub-24,58,0.6807419616542859,ses-04,ERP,sub-09
WRONG,natural,sub-24,58,0.7139961614711204,ses-04,ERP,sub-11
WRONG,natural,sub-24,58,0.8368901428635043,ses-04,ERP,sub-12
WRONG,natural,sub-24,58,0.6872744689674513,ses-04,ERP,sub-14
WRONG,natural,sub-24,58,0.7181585372170803,ses-04,ERP,sub-15
WRONG,natural,sub-24,58,0.7478681074499925,ses-04,ERP,sub-17
WRONG,natural,sub-24,58,0.6654347783107027,ses-04,ERP,sub-18
WRONG,natural,sub-24,58,0.6459781141235369,ses-04,ERP,sub-19
WRONG,natural,sub-24,58,0.6887872802536814,ses-04,ERP,sub-21
WRONG,natural,sub-24,58,0.8099773259965232,ses-04,ERP,sub-23
GAIN_WRONG,natural,sub-24,58,0.8247392811713334,ses-04,ERP,sub-02
GAIN_WRONG,natural,sub-24,58,0.7091432921525206,ses-04,ERP,sub-03
GAIN_WRONG,natural,sub-24,58,0.742030688833992,ses-04,ERP,sub-05
GAIN_WRONG,natural,sub-24,58,0.6818761983436166,ses-04,ERP,sub-06
GAIN_WRONG,natural,sub-24,58,0.8104524857475617,ses-04,ERP,sub-07
GAIN_WRONG,natural,sub-24,58,0.67245116124105,ses-04,ERP,sub-09
GAIN_WRONG,natural,sub-24,58,0.6847414716245774,ses-04,ERP,sub-11
GAIN_WRONG,natural,sub-24,58,0.6880879607833348,ses-04,ERP,sub-12
GAIN_WRONG,natural,sub-24,58,0.6788550428967668,ses-04,ERP,sub-14
GAIN_WRONG,natural,sub-24,58,0.8145900930579787,ses-04,ERP,sub-15
GAIN_WRONG,natural,sub-24,58,0.672428408833709,ses-04,ERP,sub-17
GAIN_WRONG,natural,sub-24,58,0.6759650940498886,ses-04,ERP,sub-18
GAIN_WRONG,natural,sub-24,58,0.6488803151681045,ses-04,ERP,sub-19
GAIN_WRONG,natural,sub-24,58,0.717178176174296,ses-04,ERP,sub-21
GAIN_WRONG,natural,sub-24,58,0.7838199100750626,ses-04,ERP,sub-23
QUERY_ORACLE,paired,sub-02,12,8.078964339220711e-17,ses-02,ERP,
MATCH,paired,sub-02,12,0.6890069283230488,ses-02,ERP,
POP,paired,sub-02,12,1.1762950460004618,ses-02,ERP,
TIME_SHIFT,paired,sub-02,12,3.0439491880830567,ses-02,ERP,
CHANNEL_PERM,paired,sub-02,12,2.7840265360378798,ses-02,ERP,
GAIN_MATCH,paired,sub-02,12,0.6769010847879434,ses-02,ERP,
GAIN_POP,paired,sub-02,12,1.1762950460004618,ses-02,ERP,
NULL,paired,sub-02,12,3.123869438650546,ses-02,ERP,
WRONG,paired,sub-02,12,1.227886738230174,ses-02,ERP,sub-03
WRONG,paired,sub-02,12,1.9255687483637012,ses-02,ERP,sub-05
WRONG,paired,sub-02,12,1.2266932683479137,ses-02,ERP,sub-06
WRONG,paired,sub-02,12,1.050723870253092,ses-02,ERP,sub-07
WRONG,paired,sub-02,12,1.4888436886233352,ses-02,ERP,sub-09
WRONG,paired,sub-02,12,1.6710608456082277,ses-02,ERP,sub-11
WRONG,paired,sub-02,12,2.5401669807973755,ses-02,ERP,sub-12
WRONG,paired,sub-02,12,1.1185596507717517,ses-02,ERP,sub-14
WRONG,paired,sub-02,12,0.6971052097649283,ses-02,ERP,sub-15
WRONG,paired,sub-02,12,1.803656373513725,ses-02,ERP,sub-17
WRONG,paired,sub-02,12,1.0723254600218706,ses-02,ERP,sub-18
WRONG,paired,sub-02,12,1.1074616830900479,ses-02,ERP,sub-19
WRONG,paired,sub-02,12,1.194311642988091,ses-02,ERP,sub-21
WRONG,paired,sub-02,12,1.3788076188567626,ses-02,ERP,sub-23
WRONG,paired,sub-02,12,1.6048403846726707,ses-02,ERP,sub-24
GAIN_WRONG,paired,sub-02,12,1.1781980010726,ses-02,ERP,sub-03
GAIN_WRONG,paired,sub-02,12,1.3211316142480554,ses-02,ERP,sub-05
GAIN_WRONG,paired,sub-02,12,1.310606321500472,ses-02,ERP,sub-06
GAIN_WRONG,paired,sub-02,12,1.0466424227752615,ses-02,ERP,sub-07
GAIN_WRONG,paired,sub-02,12,1.2605794100724013,ses-02,ERP,sub-09
GAIN_WRONG,paired,sub-02,12,1.4706091162503778,ses-02,ERP,sub-11
GAIN_WRONG,paired,sub-02,12,1.4834389743228018,ses-02,ERP,sub-12
GAIN_WRONG,paired,sub-02,12,1.1412562025958788,ses-02,ERP,sub-14
GAIN_WRONG,paired,sub-02,12,0.6978376029704988,ses-02,ERP,sub-15
GAIN_WRONG,paired,sub-02,12,1.404270478175432,ses-02,ERP,sub-17
GAIN_WRONG,paired,sub-02,12,1.0041709112603598,ses-02,ERP,sub-18
GAIN_WRONG,paired,sub-02,12,1.0318827883471064,ses-02,ERP,sub-19
GAIN_WRONG,paired,sub-02,12,1.1481782393315716,ses-02,ERP,sub-21
GAIN_WRONG,paired,sub-02,12,1.3833550968108603,ses-02,ERP,sub-23
GAIN_WRONG,paired,sub-02,12,1.5554664917904162,ses-02,ERP,sub-24
QUERY_ORACLE,paired,sub-02,12,1.0173949903350831e-16,ses-02,SSVEP,
MATCH,paired,sub-02,12,12.520541697684934,ses-02,SSVEP,
POP,paired,sub-02,12,13.919216963998764,ses-02,SSVEP,
TIME_SHIFT,paired,sub-02,12,13.383274381069782,ses-02,SSVEP,
CHANNEL_PERM,paired,sub-02,12,12.992835977018482,ses-02,SSVEP,
GAIN_MATCH,paired,sub-02,12,12.883020606134208,ses-02,SSVEP,
GAIN_POP,paired,sub-02,12,13.919216963998764,ses-02,SSVEP,
NULL,paired,sub-02,12,13.328166486946055,ses-02,SSVEP,
WRONG,paired,sub-02,12,12.845071055338858,ses-02,SSVEP,sub-03
WRONG,paired,sub-02,12,12.590198063524108,ses-02,SSVEP,sub-05
WRONG,paired,sub-02,12,12.62165455867858,ses-02,SSVEP,sub-06
WRONG,paired,sub-02,12,12.799304600704332,ses-02,SSVEP,sub-07
WRONG,paired,sub-02,12,19.072814867339137,ses-02,SSVEP,sub-09
WRONG,paired,sub-02,12,13.522671283220374,ses-02,SSVEP,sub-11
WRONG,paired,sub-02,12,13.516805418268163,ses-02,SSVEP,sub-12
WRONG,paired,sub-02,12,12.644462702285027,ses-02,SSVEP,sub-14
WRONG,paired,sub-02,12,12.778489400876518,ses-02,SSVEP,sub-15
WRONG,paired,sub-02,12,15.583687866065382,ses-02,SSVEP,sub-17
WRONG,paired,sub-02,12,13.129636788500811,ses-02,SSVEP,sub-18
WRONG,paired,sub-02,12,12.563349462384048,ses-02,SSVEP,sub-19
WRONG,paired,sub-02,12,12.867294786759926,ses-02,SSVEP,sub-21
WRONG,paired,sub-02,12,12.535668189025671,ses-02,SSVEP,sub-23
WRONG,paired,sub-02,12,12.480622283493041,ses-02,SSVEP,sub-24
GAIN_WRONG,paired,sub-02,12,13.016764641186073,ses-02,SSVEP,sub-03
GAIN_WRONG,paired,sub-02,12,13.23756482572225,ses-02,SSVEP,sub-05
GAIN_WRONG,paired,sub-02,12,13.61001509146599,ses-02,SSVEP,sub-06
GAIN_WRONG,paired,sub-02,12,13.46836546499486,ses-02,SSVEP,sub-07
GAIN_WRONG,paired,sub-02,12,14.417835376227321,ses-02,SSVEP,sub-09
GAIN_WRONG,paired,sub-02,12,13.658619718316679,ses-02,SSVEP,sub-11
GAIN_WRONG,paired,sub-02,12,13.08467742583447,ses-02,SSVEP,sub-12
GAIN_WRONG,paired,sub-02,12,13.220142192525602,ses-02,SSVEP,sub-14
GAIN_WRONG,paired,sub-02,12,13.416725548363678,ses-02,SSVEP,sub-15
GAIN_WRONG,paired,sub-02,12,13.884886541461961,ses-02,SSVEP,sub-17
GAIN_WRONG,paired,sub-02,12,13.139314531493662,ses-02,SSVEP,sub-18
GAIN_WRONG,paired,sub-02,12,13.012839140109548,ses-02,SSVEP,sub-19
GAIN_WRONG,paired,sub-02,12,13.436545255058647,ses-02,SSVEP,sub-21
GAIN_WRONG,paired,sub-02,12,12.881980637148475,ses-02,SSVEP,sub-23
GAIN_WRONG,paired,sub-02,12,13.505675103486503,ses-02,SSVEP,sub-24
QUERY_ORACLE,paired,sub-02,12,7.239520684780447e-17,ses-03,ERP,
MATCH,paired,sub-02,12,0.49633022492696593,ses-03,ERP,
POP,paired,sub-02,12,1.124446297381377,ses-03,ERP,
TIME_SHIFT,paired,sub-02,12,1.6929463043152977,ses-03,ERP,
CHANNEL_PERM,paired,sub-02,12,1.6916187042376947,ses-03,ERP,
GAIN_MATCH,paired,sub-02,12,0.5503216355781447,ses-03,ERP,
GAIN_POP,paired,sub-02,12,1.124446297381377,ses-03,ERP,
NULL,paired,sub-02,12,1.780408166036494,ses-03,ERP,
WRONG,paired,sub-02,12,1.0580867443181587,ses-03,ERP,sub-03
WRONG,paired,sub-02,12,1.5944239211407065,ses-03,ERP,sub-05
WRONG,paired,sub-02,12,0.9194374949254472,ses-03,ERP,sub-06
WRONG,paired,sub-02,12,1.0492895167098395,ses-03,ERP,sub-07
WRONG,paired,sub-02,12,2.9023285270616945,ses-03,ERP,sub-09
WRONG,paired,sub-02,12,1.3830475788392844,ses-03,ERP,sub-11
WRONG,paired,sub-02,12,1.800943216526262,ses-03,ERP,sub-12
WRONG,paired,sub-02,12,1.1272305646526954,ses-03,ERP,sub-14
WRONG,paired,sub-02,12,0.6931108078850995,ses-03,ERP,sub-15
WRONG,paired,sub-02,12,1.7684109990549104,ses-03,ERP,sub-17
WRONG,paired,sub-02,12,0.9960187389695353,ses-03,ERP,sub-18
WRONG,paired,sub-02,12,0.888161222881279,ses-03,ERP,sub-19
WRONG,paired,sub-02,12,3.1385382538590583,ses-03,ERP,sub-21
WRONG,paired,sub-02,12,1.335523915663546,ses-03,ERP,sub-23
WRONG,paired,sub-02,12,1.1799714817866438,ses-03,ERP,sub-24
GAIN_WRONG,paired,sub-02,12,1.1823620770422416,ses-03,ERP,sub-03
GAIN_WRONG,paired,sub-02,12,1.3416847170357722,ses-03,ERP,sub-05
GAIN_WRONG,paired,sub-02,12,1.1811070586786092,ses-03,ERP,sub-06
GAIN_WRONG,paired,sub-02,12,1.1043326472860915,ses-03,ERP,sub-07
GAIN_WRONG,paired,sub-02,12,1.431974811672104,ses-03,ERP,sub-09
GAIN_WRONG,paired,sub-02,12,1.6290317585453273,ses-03,ERP,sub-11
GAIN_WRONG,paired,sub-02,12,1.5702177278507816,ses-03,ERP,sub-12
GAIN_WRONG,paired,sub-02,12,1.0989065052657578,ses-03,ERP,sub-14
GAIN_WRONG,paired,sub-02,12,0.7722514566614908,ses-03,ERP,sub-15
GAIN_WRONG,paired,sub-02,12,1.022900942968518,ses-03,ERP,sub-17
GAIN_WRONG,paired,sub-02,12,1.2580887395797158,ses-03,ERP,sub-18
GAIN_WRONG,paired,sub-02,12,0.9778156926982007,ses-03,ERP,sub-19
GAIN_WRONG,paired,sub-02,12,1.4391322080428728,ses-03,ERP,sub-21
GAIN_WRONG,paired,sub-02,12,1.338127602375405,ses-03,ERP,sub-23
GAIN_WRONG,paired,sub-02,12,1.475094458833409,ses-03,ERP,sub-24
QUERY_ORACLE,paired,sub-02,12,2.0070294237925505e-16,ses-03,SSVEP,
MATCH,paired,sub-02,12,35.91868350665286,ses-03,SSVEP,
POP,paired,sub-02,12,35.92938919684348,ses-03,SSVEP,
TIME_SHIFT,paired,sub-02,12,35.92387676352363,ses-03,SSVEP,
CHANNEL_PERM,paired,sub-02,12,36.19106292063766,ses-03,SSVEP,
GAIN_MATCH,paired,sub-02,12,35.91821515551633,ses-03,SSVEP,
GAIN_POP,paired,sub-02,12,35.92938919684348,ses-03,SSVEP,
NULL,paired,sub-02,12,36.048196198471004,ses-03,SSVEP,
WRONG,paired,sub-02,12,35.94335944946109,ses-03,SSVEP,sub-03
WRONG,paired,sub-02,12,35.95489658147874,ses-03,SSVEP,sub-05
WRONG,paired,sub-02,12,35.89847999641318,ses-03,SSVEP,sub-06
WRONG,paired,sub-02,12,36.05649123568788,ses-03,SSVEP,sub-07
WRONG,paired,sub-02,12,35.97189220763263,ses-03,SSVEP,sub-09
WRONG,paired,sub-02,12,35.97825011804186,ses-03,SSVEP,sub-11
WRONG,paired,sub-02,12,35.948010462061966,ses-03,SSVEP,sub-12
WRONG,paired,sub-02,12,35.965524118177704,ses-03,SSVEP,sub-14
WRONG,paired,sub-02,12,35.96237814723626,ses-03,SSVEP,sub-15
WRONG,paired,sub-02,12,35.524163470136145,ses-03,SSVEP,sub-17
WRONG,paired,sub-02,12,35.99309044824016,ses-03,SSVEP,sub-18
WRONG,paired,sub-02,12,35.98199605739529,ses-03,SSVEP,sub-19
WRONG,paired,sub-02,12,35.929737343795544,ses-03,SSVEP,sub-21
WRONG,paired,sub-02,12,35.9833398597743,ses-03,SSVEP,sub-23
WRONG,paired,sub-02,12,35.96045591036611,ses-03,SSVEP,sub-24
GAIN_WRONG,paired,sub-02,12,35.951615692941516,ses-03,SSVEP,sub-03
GAIN_WRONG,paired,sub-02,12,35.95821005126661,ses-03,SSVEP,sub-05
GAIN_WRONG,paired,sub-02,12,35.892047421708675,ses-03,SSVEP,sub-06
GAIN_WRONG,paired,sub-02,12,36.04984492747266,ses-03,SSVEP,sub-07
GAIN_WRONG,paired,sub-02,12,35.972826519395774,ses-03,SSVEP,sub-09
GAIN_WRONG,paired,sub-02,12,35.98440590361704,ses-03,SSVEP,sub-11
GAIN_WRONG,paired,sub-02,12,35.949274095419064,ses-03,SSVEP,sub-12
GAIN_WRONG,paired,sub-02,12,35.96872816150461,ses-03,SSVEP,sub-14
GAIN_WRONG,paired,sub-02,12,35.96285537701649,ses-03,SSVEP,sub-15
GAIN_WRONG,paired,sub-02,12,35.729204645312514,ses-03,SSVEP,sub-17
GAIN_WRONG,paired,sub-02,12,35.989468180575635,ses-03,SSVEP,sub-18
GAIN_WRONG,paired,sub-02,12,35.98571712299345,ses-03,SSVEP,sub-19
GAIN_WRONG,paired,sub-02,12,35.94229278320783,ses-03,SSVEP,sub-21
GAIN_WRONG,paired,sub-02,12,35.93449605870023,ses-03,SSVEP,sub-23
GAIN_WRONG,paired,sub-02,12,35.958140624313515,ses-03,SSVEP,sub-24
QUERY_ORACLE,paired,sub-02,12,5.647591023844119e-17,ses-04,ERP,
MATCH,paired,sub-02,12,0.5788349230680025,ses-04,ERP,
POP,paired,sub-02,12,1.259969344755785,ses-04,ERP,
TIME_SHIFT,paired,sub-02,12,1.580530167843319,ses-04,ERP,
CHANNEL_PERM,paired,sub-02,12,1.6290370089462665,ses-04,ERP,
GAIN_MATCH,paired,sub-02,12,0.9225643692754816,ses-04,ERP,
GAIN_POP,paired,sub-02,12,1.259969344755785,ses-04,ERP,
NULL,paired,sub-02,12,1.6760321348000762,ses-04,ERP,
WRONG,paired,sub-02,12,1.5333079326888492,ses-04,ERP,sub-03
WRONG,paired,sub-02,12,1.69534489394466,ses-04,ERP,sub-05
WRONG,paired,sub-02,12,1.5200587735025917,ses-04,ERP,sub-06
WRONG,paired,sub-02,12,1.4902428174151547,ses-04,ERP,sub-07
WRONG,paired,sub-02,12,1.6360584432786733,ses-04,ERP,sub-09
WRONG,paired,sub-02,12,1.5584780650770333,ses-04,ERP,sub-11
WRONG,paired,sub-02,12,2.1131219988394343,ses-04,ERP,sub-12
WRONG,paired,sub-02,12,1.421338507215385,ses-04,ERP,sub-14
WRONG,paired,sub-02,12,1.1943040102962919,ses-04,ERP,sub-15
WRONG,paired,sub-02,12,1.820803555183671,ses-04,ERP,sub-17
WRONG,paired,sub-02,12,1.1974160031170138,ses-04,ERP,sub-18
WRONG,paired,sub-02,12,1.1973508716047416,ses-04,ERP,sub-19
WRONG,paired,sub-02,12,1.7183980948523485,ses-04,ERP,sub-21
WRONG,paired,sub-02,12,1.34000168347158,ses-04,ERP,sub-23
WRONG,paired,sub-02,12,1.4874750529940626,ses-04,ERP,sub-24
GAIN_WRONG,paired,sub-02,12,1.2229009785776779,ses-04,ERP,sub-03
GAIN_WRONG,paired,sub-02,12,1.0145773886121947,ses-04,ERP,sub-05
GAIN_WRONG,paired,sub-02,12,1.424960445718672,ses-04,ERP,sub-06
GAIN_WRONG,paired,sub-02,12,1.3177903099558816,ses-04,ERP,sub-07
GAIN_WRONG,paired,sub-02,12,1.3971571895296566,ses-04,ERP,sub-09
GAIN_WRONG,paired,sub-02,12,1.3280997573530908,ses-04,ERP,sub-11
GAIN_WRONG,paired,sub-02,12,1.365309374383495,ses-04,ERP,sub-12
GAIN_WRONG,paired,sub-02,12,1.2070108336595793,ses-04,ERP,sub-14
GAIN_WRONG,paired,sub-02,12,1.1485783188655698,ses-04,ERP,sub-15
GAIN_WRONG,paired,sub-02,12,1.3887261005233855,ses-04,ERP,sub-17
GAIN_WRONG,paired,sub-02,12,1.0842814938556726,ses-04,ERP,sub-18
GAIN_WRONG,paired,sub-02,12,1.1543131616384268,ses-04,ERP,sub-19
GAIN_WRONG,paired,sub-02,12,1.3178205744161435,ses-04,ERP,sub-21
GAIN_WRONG,paired,sub-02,12,1.3212564139192604,ses-04,ERP,sub-23
GAIN_WRONG,paired,sub-02,12,1.3200939170669044,ses-04,ERP,sub-24
QUERY_ORACLE,paired,sub-02,12,5.0602255595849537e-17,ses-04,SSVEP,
MATCH,paired,sub-02,12,1.1326607952143786,ses-04,SSVEP,
POP,paired,sub-02,12,1.495542651109716,ses-04,SSVEP,
TIME_SHIFT,paired,sub-02,12,2.1315680189945287,ses-04,SSVEP,
CHANNEL_PERM,paired,sub-02,12,1.8646732491542046,ses-04,SSVEP,
GAIN_MATCH,paired,sub-02,12,1.0167781953658082,ses-04,SSVEP,
GAIN_POP,paired,sub-02,12,1.495542651109716,ses-04,SSVEP,
NULL,paired,sub-02,12,1.5226184350071712,ses-04,SSVEP,
WRONG,paired,sub-02,12,1.8531501322203703,ses-04,SSVEP,sub-03
WRONG,paired,sub-02,12,1.1731242215801758,ses-04,SSVEP,sub-05
WRONG,paired,sub-02,12,1.4843648720294012,ses-04,SSVEP,sub-06
WRONG,paired,sub-02,12,1.4551151947713121,ses-04,SSVEP,sub-07
WRONG,paired,sub-02,12,1.8286784284351718,ses-04,SSVEP,sub-09
WRONG,paired,sub-02,12,1.7671792257593655,ses-04,SSVEP,sub-11
WRONG,paired,sub-02,12,2.063528449230851,ses-04,SSVEP,sub-12
WRONG,paired,sub-02,12,1.3356334880218679,ses-04,SSVEP,sub-14
WRONG,paired,sub-02,12,0.8438849739945491,ses-04,SSVEP,sub-15
WRONG,paired,sub-02,12,1.5301845042263258,ses-04,SSVEP,sub-17
WRONG,paired,sub-02,12,1.652566617181522,ses-04,SSVEP,sub-18
WRONG,paired,sub-02,12,1.941318781137616,ses-04,SSVEP,sub-19
WRONG,paired,sub-02,12,1.4012715931215027,ses-04,SSVEP,sub-21
WRONG,paired,sub-02,12,1.4654094692464132,ses-04,SSVEP,sub-23
WRONG,paired,sub-02,12,1.2819936883690712,ses-04,SSVEP,sub-24
GAIN_WRONG,paired,sub-02,12,1.5572884319202716,ses-04,SSVEP,sub-03
GAIN_WRONG,paired,sub-02,12,1.1595731712726576,ses-04,SSVEP,sub-05
GAIN_WRONG,paired,sub-02,12,1.4448587669720785,ses-04,SSVEP,sub-06
GAIN_WRONG,paired,sub-02,12,1.4981231932730974,ses-04,SSVEP,sub-07
GAIN_WRONG,paired,sub-02,12,1.4676568171679794,ses-04,SSVEP,sub-09
GAIN_WRONG,paired,sub-02,12,1.4912811788769786,ses-04,SSVEP,sub-11
GAIN_WRONG,paired,sub-02,12,1.351188946841382,ses-04,SSVEP,sub-12
GAIN_WRONG,paired,sub-02,12,1.3279368836648133,ses-04,SSVEP,sub-14
GAIN_WRONG,paired,sub-02,12,0.9047982145730767,ses-04,SSVEP,sub-15
GAIN_WRONG,paired,sub-02,12,1.4295386087667306,ses-04,SSVEP,sub-17
GAIN_WRONG,paired,sub-02,12,1.3324966947835868,ses-04,SSVEP,sub-18
GAIN_WRONG,paired,sub-02,12,1.7161190068264591,ses-04,SSVEP,sub-19
GAIN_WRONG,paired,sub-02,12,1.2637988795952644,ses-04,SSVEP,sub-21
GAIN_WRONG,paired,sub-02,12,1.6343338258446742,ses-04,SSVEP,sub-23
GAIN_WRONG,paired,sub-02,12,1.269139126502724,ses-04,SSVEP,sub-24
QUERY_ORACLE,paired,sub-03,12,8.703482367281495e-17,ses-02,ERP,
MATCH,paired,sub-03,12,0.4798564942925125,ses-02,ERP,
POP,paired,sub-03,12,0.655918602242424,ses-02,ERP,
TIME_SHIFT,paired,sub-03,12,2.7887851333247795,ses-02,ERP,
CHANNEL_PERM,paired,sub-03,12,2.776875990594505,ses-02,ERP,
GAIN_MATCH,paired,sub-03,12,0.5538952856841544,ses-02,ERP,
GAIN_POP,paired,sub-03,12,0.655918602242424,ses-02,ERP,
NULL,paired,sub-03,12,3.2973200022841103,ses-02,ERP,
WRONG,paired,sub-03,12,0.9546208291162683,ses-02,ERP,sub-02
WRONG,paired,sub-03,12,1.4431226538125843,ses-02,ERP,sub-05
WRONG,paired,sub-03,12,0.6756329560579107,ses-02,ERP,sub-06
WRONG,paired,sub-03,12,0.9083585700684998,ses-02,ERP,sub-07
WRONG,paired,sub-03,12,1.269037524139238,ses-02,ERP,sub-09
WRONG,paired,sub-03,12,1.0530995403322223,ses-02,ERP,sub-11
WRONG,paired,sub-03,12,2.1137092353987526,ses-02,ERP,sub-12
WRONG,paired,sub-03,12,0.8279029908736115,ses-02,ERP,sub-14
WRONG,paired,sub-03,12,0.8393553760076764,ses-02,ERP,sub-15
WRONG,paired,sub-03,12,1.3955200497051339,ses-02,ERP,sub-17
WRONG,paired,sub-03,12,0.7922288496826145,ses-02,ERP,sub-18
WRONG,paired,sub-03,12,0.9445985382030404,ses-02,ERP,sub-19
WRONG,paired,sub-03,12,0.8013405612412144,ses-02,ERP,sub-21
WRONG,paired,sub-03,12,1.0882607365468366,ses-02,ERP,sub-23
WRONG,paired,sub-03,12,0.9645331208647492,ses-02,ERP,sub-24
GAIN_WRONG,paired,sub-03,12,0.9434687618848095,ses-02,ERP,sub-02
GAIN_WRONG,paired,sub-03,12,0.7836278722867925,ses-02,ERP,sub-05
GAIN_WRONG,paired,sub-03,12,0.6834243624189386,ses-02,ERP,sub-06
GAIN_WRONG,paired,sub-03,12,0.9088432858347898,ses-02,ERP,sub-07
GAIN_WRONG,paired,sub-03,12,1.2114716798566707,ses-02,ERP,sub-09
GAIN_WRONG,paired,sub-03,12,0.8432201143274747,ses-02,ERP,sub-11
GAIN_WRONG,paired,sub-03,12,1.1319907064080832,ses-02,ERP,sub-12
GAIN_WRONG,paired,sub-03,12,0.835446366737774,ses-02,ERP,sub-14
GAIN_WRONG,paired,sub-03,12,0.8600734527350347,ses-02,ERP,sub-15
GAIN_WRONG,paired,sub-03,12,0.9898311141685813,ses-02,ERP,sub-17
GAIN_WRONG,paired,sub-03,12,0.828707086459955,ses-02,ERP,sub-18
GAIN_WRONG,paired,sub-03,12,0.9802182680010633,ses-02,ERP,sub-19
GAIN_WRONG,paired,sub-03,12,0.7805021895394436,ses-02,ERP,sub-21
GAIN_WRONG,paired,sub-03,12,1.1677755378518022,ses-02,ERP,sub-23
GAIN_WRONG,paired,sub-03,12,0.9189322599037871,ses-02,ERP,sub-24
QUERY_ORACLE,paired,sub-03,12,9.604023700074847e-17,ses-02,SSVEP,
MATCH,paired,sub-03,12,1.0312549322022335,ses-02,SSVEP,
POP,paired,sub-03,12,4.329837345385523,ses-02,SSVEP,
TIME_SHIFT,paired,sub-03,12,4.487991871473395,ses-02,SSVEP,
CHANNEL_PERM,paired,sub-03,12,3.8999842020279156,ses-02,SSVEP,
GAIN_MATCH,paired,sub-03,12,1.223377734367078,ses-02,SSVEP,
GAIN_POP,paired,sub-03,12,4.329837345385523,ses-02,SSVEP,
NULL,paired,sub-03,12,4.394626849872881,ses-02,SSVEP,
WRONG,paired,sub-03,12,2.0618469684808534,ses-02,SSVEP,sub-02
WRONG,paired,sub-03,12,1.2107168592174984,ses-02,SSVEP,sub-05
WRONG,paired,sub-03,12,1.2581033546940208,ses-02,SSVEP,sub-06
WRONG,paired,sub-03,12,1.5857957237622717,ses-02,SSVEP,sub-07
WRONG,paired,sub-03,12,11.921657990072669,ses-02,SSVEP,sub-09
WRONG,paired,sub-03,12,3.876646305531612,ses-02,SSVEP,sub-11
WRONG,paired,sub-03,12,3.249143440592657,ses-02,SSVEP,sub-12
WRONG,paired,sub-03,12,1.367289394741549,ses-02,SSVEP,sub-14
WRONG,paired,sub-03,12,1.8142018513697105,ses-02,SSVEP,sub-15
WRONG,paired,sub-03,12,4.641820946970159,ses-02,SSVEP,sub-17
WRONG,paired,sub-03,12,2.435361192532942,ses-02,SSVEP,sub-18
WRONG,paired,sub-03,12,1.441021134822558,ses-02,SSVEP,sub-19
WRONG,paired,sub-03,12,1.9997340179773477,ses-02,SSVEP,sub-21
WRONG,paired,sub-03,12,2.1524288521504666,ses-02,SSVEP,sub-23
WRONG,paired,sub-03,12,1.5333294463089253,ses-02,SSVEP,sub-24
GAIN_WRONG,paired,sub-03,12,2.601821303374336,ses-02,SSVEP,sub-02
GAIN_WRONG,paired,sub-03,12,2.2877521687440083,ses-02,SSVEP,sub-05
GAIN_WRONG,paired,sub-03,12,2.803555972486997,ses-02,SSVEP,sub-06
GAIN_WRONG,paired,sub-03,12,2.6180714542758596,ses-02,SSVEP,sub-07
GAIN_WRONG,paired,sub-03,12,5.834116890695911,ses-02,SSVEP,sub-09
GAIN_WRONG,paired,sub-03,12,4.072303606988375,ses-02,SSVEP,sub-11
GAIN_WRONG,paired,sub-03,12,2.489105138004789,ses-02,SSVEP,sub-12
GAIN_WRONG,paired,sub-03,12,2.2967102746248873,ses-02,SSVEP,sub-14
GAIN_WRONG,paired,sub-03,12,2.762761717885574,ses-02,SSVEP,sub-15
GAIN_WRONG,paired,sub-03,12,2.5708531843009808,ses-02,SSVEP,sub-17
GAIN_WRONG,paired,sub-03,12,2.39477440976402,ses-02,SSVEP,sub-18
GAIN_WRONG,paired,sub-03,12,2.1719091504891046,ses-02,SSVEP,sub-19
GAIN_WRONG,paired,sub-03,12,3.0080785782515345,ses-02,SSVEP,sub-21
GAIN_WRONG,paired,sub-03,12,2.4492223321906423,ses-02,SSVEP,sub-23
GAIN_WRONG,paired,sub-03,12,3.330067864108971,ses-02,SSVEP,sub-24
QUERY_ORACLE,paired,sub-03,12,7.750703924671519e-17,ses-03,ERP,
MATCH,paired,sub-03,12,0.2884109087131946,ses-03,ERP,
POP,paired,sub-03,12,0.6962595842858194,ses-03,ERP,
TIME_SHIFT,paired,sub-03,12,2.014965891083728,ses-03,ERP,
CHANNEL_PERM,paired,sub-03,12,1.8361663293920094,ses-03,ERP,
GAIN_MATCH,paired,sub-03,12,0.38580173034115606,ses-03,ERP,
GAIN_POP,paired,sub-03,12,0.6962595842858194,ses-03,ERP,
NULL,paired,sub-03,12,2.159932123402908,ses-03,ERP,
WRONG,paired,sub-03,12,0.8410860166910051,ses-03,ERP,sub-02
WRONG,paired,sub-03,12,1.0854531688548394,ses-03,ERP,sub-05
WRONG,paired,sub-03,12,0.5623220956921108,ses-03,ERP,sub-06
WRONG,paired,sub-03,12,0.5426417889942116,ses-03,ERP,sub-07
WRONG,paired,sub-03,12,2.926239882646078,ses-03,ERP,sub-09
WRONG,paired,sub-03,12,0.7000592509430102,ses-03,ERP,sub-11
WRONG,paired,sub-03,12,1.2400334360108003,ses-03,ERP,sub-12
WRONG,paired,sub-03,12,0.7058637085481694,ses-03,ERP,sub-14
WRONG,paired,sub-03,12,0.7264097776006371,ses-03,ERP,sub-15
WRONG,paired,sub-03,12,1.3372740537634833,ses-03,ERP,sub-17
WRONG,paired,sub-03,12,0.38665896741439054,ses-03,ERP,sub-18
WRONG,paired,sub-03,12,0.47636896494673336,ses-03,ERP,sub-19
WRONG,paired,sub-03,12,3.2526808293462572,ses-03,ERP,sub-21
WRONG,paired,sub-03,12,1.4730216056205732,ses-03,ERP,sub-23
WRONG,paired,sub-03,12,0.49874794541598994,ses-03,ERP,sub-24
GAIN_WRONG,paired,sub-03,12,0.8192321313724383,ses-03,ERP,sub-02
GAIN_WRONG,paired,sub-03,12,0.8061956243545807,ses-03,ERP,sub-05
GAIN_WRONG,paired,sub-03,12,0.6702084717868549,ses-03,ERP,sub-06
GAIN_WRONG,paired,sub-03,12,0.5790784412061603,ses-03,ERP,sub-07
GAIN_WRONG,paired,sub-03,12,1.6675065887492042,ses-03,ERP,sub-09
GAIN_WRONG,paired,sub-03,12,0.9570225283512471,ses-03,ERP,sub-11
GAIN_WRONG,paired,sub-03,12,0.9764298377977729,ses-03,ERP,sub-12
GAIN_WRONG,paired,sub-03,12,0.6859129339467477,ses-03,ERP,sub-14
GAIN_WRONG,paired,sub-03,12,0.7121176487114788,ses-03,ERP,sub-15
GAIN_WRONG,paired,sub-03,12,1.0183712824307154,ses-03,ERP,sub-17
GAIN_WRONG,paired,sub-03,12,0.5823415920679799,ses-03,ERP,sub-18
GAIN_WRONG,paired,sub-03,12,0.5160685061503417,ses-03,ERP,sub-19
GAIN_WRONG,paired,sub-03,12,1.8483469702286799,ses-03,ERP,sub-21
GAIN_WRONG,paired,sub-03,12,1.4648329669022617,ses-03,ERP,sub-23
GAIN_WRONG,paired,sub-03,12,0.7804666790048556,ses-03,ERP,sub-24
QUERY_ORACLE,paired,sub-03,12,4.613290828116517e-17,ses-03,SSVEP,
MATCH,paired,sub-03,12,0.5293421486544722,ses-03,SSVEP,
POP,paired,sub-03,12,1.609068336699665,ses-03,SSVEP,
TIME_SHIFT,paired,sub-03,12,1.3464585179329938,ses-03,SSVEP,
CHANNEL_PERM,paired,sub-03,12,1.3160706210030666,ses-03,SSVEP,
GAIN_MATCH,paired,sub-03,12,1.2869185571980568,ses-03,SSVEP,
GAIN_POP,paired,sub-03,12,1.609068336699665,ses-03,SSVEP,
NULL,paired,sub-03,12,1.4254161809143833,ses-03,SSVEP,
WRONG,paired,sub-03,12,2.765096448257039,ses-03,SSVEP,sub-02
WRONG,paired,sub-03,12,0.6316931105455096,ses-03,SSVEP,sub-05
WRONG,paired,sub-03,12,0.5083947434946584,ses-03,SSVEP,sub-06
WRONG,paired,sub-03,12,0.8625286142321061,ses-03,SSVEP,sub-07
WRONG,paired,sub-03,12,0.8296020278299272,ses-03,SSVEP,sub-09
WRONG,paired,sub-03,12,1.092859361526055,ses-03,SSVEP,sub-11
WRONG,paired,sub-03,12,1.125766630755386,ses-03,SSVEP,sub-12
WRONG,paired,sub-03,12,0.7103896621836121,ses-03,SSVEP,sub-14
WRONG,paired,sub-03,12,0.8231805111156473,ses-03,SSVEP,sub-15
WRONG,paired,sub-03,12,1.2996614305637262,ses-03,SSVEP,sub-17
WRONG,paired,sub-03,12,0.9076461948665634,ses-03,SSVEP,sub-18
WRONG,paired,sub-03,12,0.7717957050215792,ses-03,SSVEP,sub-19
WRONG,paired,sub-03,12,0.8703123604687617,ses-03,SSVEP,sub-21
WRONG,paired,sub-03,12,1.228420812154524,ses-03,SSVEP,sub-23
WRONG,paired,sub-03,12,0.6031947641668716,ses-03,SSVEP,sub-24
GAIN_WRONG,paired,sub-03,12,1.748654234539014,ses-03,SSVEP,sub-02
GAIN_WRONG,paired,sub-03,12,1.3845731122211866,ses-03,SSVEP,sub-05
GAIN_WRONG,paired,sub-03,12,1.6344423250694966,ses-03,SSVEP,sub-06
GAIN_WRONG,paired,sub-03,12,1.2412981178940266,ses-03,SSVEP,sub-07
GAIN_WRONG,paired,sub-03,12,1.8139074705644012,ses-03,SSVEP,sub-09
GAIN_WRONG,paired,sub-03,12,1.0093954416978408,ses-03,SSVEP,sub-11
GAIN_WRONG,paired,sub-03,12,2.2027565924203967,ses-03,SSVEP,sub-12
GAIN_WRONG,paired,sub-03,12,1.6183196075770008,ses-03,SSVEP,sub-14
GAIN_WRONG,paired,sub-03,12,1.6959059330898292,ses-03,SSVEP,sub-15
GAIN_WRONG,paired,sub-03,12,1.197170441191409,ses-03,SSVEP,sub-17
GAIN_WRONG,paired,sub-03,12,1.8372503791788664,ses-03,SSVEP,sub-18
GAIN_WRONG,paired,sub-03,12,1.0257712424358878,ses-03,SSVEP,sub-19
GAIN_WRONG,paired,sub-03,12,1.7022330469415676,ses-03,SSVEP,sub-21
GAIN_WRONG,paired,sub-03,12,1.377202700937861,ses-03,SSVEP,sub-23
GAIN_WRONG,paired,sub-03,12,2.0611094010730873,ses-03,SSVEP,sub-24
QUERY_ORACLE,paired,sub-03,12,5.745472704265255e-17,ses-04,ERP,
MATCH,paired,sub-03,12,0.4852751187311774,ses-04,ERP,
POP,paired,sub-03,12,0.6092097067850425,ses-04,ERP,
TIME_SHIFT,paired,sub-03,12,1.736443564479073,ses-04,ERP,
CHANNEL_PERM,paired,sub-03,12,1.6935549556105067,ses-04,ERP,
GAIN_MATCH,paired,sub-03,12,0.5876660986897528,ses-04,ERP,
GAIN_POP,paired,sub-03,12,0.6092097067850425,ses-04,ERP,
NULL,paired,sub-03,12,1.7694217428190226,ses-04,ERP,
WRONG,paired,sub-03,12,1.4092036301466528,ses-04,ERP,sub-02
WRONG,paired,sub-03,12,1.4124147863376602,ses-04,ERP,sub-05
WRONG,paired,sub-03,12,0.781492867176122,ses-04,ERP,sub-06
WRONG,paired,sub-03,12,1.0654548051236252,ses-04,ERP,sub-07
WRONG,paired,sub-03,12,0.8145390789210661,ses-04,ERP,sub-09
WRONG,paired,sub-03,12,0.8763233346959581,ses-04,ERP,sub-11
WRONG,paired,sub-03,12,1.252085138276632,ses-04,ERP,sub-12
WRONG,paired,sub-03,12,0.877349665476758,ses-04,ERP,sub-14
WRONG,paired,sub-03,12,1.4234124108006327,ses-04,ERP,sub-15
WRONG,paired,sub-03,12,1.133475732458847,ses-04,ERP,sub-17
WRONG,paired,sub-03,12,0.7211542046207144,ses-04,ERP,sub-18
WRONG,paired,sub-03,12,0.6559319450222234,ses-04,ERP,sub-19
WRONG,paired,sub-03,12,1.2596675053845612,ses-04,ERP,sub-21
WRONG,paired,sub-03,12,1.2513677524084683,ses-04,ERP,sub-23
WRONG,paired,sub-03,12,0.8489847377476699,ses-04,ERP,sub-24
GAIN_WRONG,paired,sub-03,12,1.438594372734718,ses-04,ERP,sub-02
GAIN_WRONG,paired,sub-03,12,1.0068376007030349,ses-04,ERP,sub-05
GAIN_WRONG,paired,sub-03,12,0.7618154288836898,ses-04,ERP,sub-06
GAIN_WRONG,paired,sub-03,12,1.0780961814422865,ses-04,ERP,sub-07
GAIN_WRONG,paired,sub-03,12,0.6733637396892513,ses-04,ERP,sub-09
GAIN_WRONG,paired,sub-03,12,0.7288158153809648,ses-04,ERP,sub-11
GAIN_WRONG,paired,sub-03,12,0.6128554692951007,ses-04,ERP,sub-12
GAIN_WRONG,paired,sub-03,12,0.7815802946237694,ses-04,ERP,sub-14
GAIN_WRONG,paired,sub-03,12,1.41807076844181,ses-04,ERP,sub-15
GAIN_WRONG,paired,sub-03,12,0.8071380685122521,ses-04,ERP,sub-17
GAIN_WRONG,paired,sub-03,12,0.7567737499874768,ses-04,ERP,sub-18
GAIN_WRONG,paired,sub-03,12,0.6581275153801588,ses-04,ERP,sub-19
GAIN_WRONG,paired,sub-03,12,1.1208094402141435,ses-04,ERP,sub-21
GAIN_WRONG,paired,sub-03,12,1.177517342065105,ses-04,ERP,sub-23
GAIN_WRONG,paired,sub-03,12,0.7622504401659168,ses-04,ERP,sub-24
QUERY_ORACLE,paired,sub-03,12,4.576772170162641e-17,ses-04,SSVEP,
MATCH,paired,sub-03,12,0.3877243685516017,ses-04,SSVEP,
POP,paired,sub-03,12,1.2524931678842277,ses-04,SSVEP,
TIME_SHIFT,paired,sub-03,12,1.4083166953808488,ses-04,SSVEP,
CHANNEL_PERM,paired,sub-03,12,1.395426176902492,ses-04,SSVEP,
GAIN_MATCH,paired,sub-03,12,0.5675282895132633,ses-04,SSVEP,
GAIN_POP,paired,sub-03,12,1.2524931678842277,ses-04,SSVEP,
NULL,paired,sub-03,12,1.5013713993656463,ses-04,SSVEP,
WRONG,paired,sub-03,12,1.9892509607559523,ses-04,SSVEP,sub-02
WRONG,paired,sub-03,12,0.9547935047525961,ses-04,SSVEP,sub-05
WRONG,paired,sub-03,12,0.9205896460930422,ses-04,SSVEP,sub-06
WRONG,paired,sub-03,12,1.2265964632203268,ses-04,SSVEP,sub-07
WRONG,paired,sub-03,12,1.5715439533852233,ses-04,SSVEP,sub-09
WRONG,paired,sub-03,12,1.2196814029001706,ses-04,SSVEP,sub-11
WRONG,paired,sub-03,12,1.5465048380743165,ses-04,SSVEP,sub-12
WRONG,paired,sub-03,12,0.8637246028179094,ses-04,SSVEP,sub-14
WRONG,paired,sub-03,12,1.410063191595901,ses-04,SSVEP,sub-15
WRONG,paired,sub-03,12,1.2766798308131067,ses-04,SSVEP,sub-17
WRONG,paired,sub-03,12,1.5463766952337359,ses-04,SSVEP,sub-18
WRONG,paired,sub-03,12,1.8042268792762641,ses-04,SSVEP,sub-19
WRONG,paired,sub-03,12,1.1601677445604757,ses-04,SSVEP,sub-21
WRONG,paired,sub-03,12,1.3042768527569344,ses-04,SSVEP,sub-23
WRONG,paired,sub-03,12,1.086351989264548,ses-04,SSVEP,sub-24
GAIN_WRONG,paired,sub-03,12,1.5306618131649843,ses-04,SSVEP,sub-02
GAIN_WRONG,paired,sub-03,12,0.9540101207850625,ses-04,SSVEP,sub-05
GAIN_WRONG,paired,sub-03,12,0.9118097788358899,ses-04,SSVEP,sub-06
GAIN_WRONG,paired,sub-03,12,1.291429625676058,ses-04,SSVEP,sub-07
GAIN_WRONG,paired,sub-03,12,1.2540479289634066,ses-04,SSVEP,sub-09
GAIN_WRONG,paired,sub-03,12,1.0094808400788333,ses-04,SSVEP,sub-11
GAIN_WRONG,paired,sub-03,12,0.9674034151715528,ses-04,SSVEP,sub-12
GAIN_WRONG,paired,sub-03,12,0.8708957241976426,ses-04,SSVEP,sub-14
GAIN_WRONG,paired,sub-03,12,1.3069866059574258,ses-04,SSVEP,sub-15
GAIN_WRONG,paired,sub-03,12,1.1989044533795574,ses-04,SSVEP,sub-17
GAIN_WRONG,paired,sub-03,12,1.250004931777138,ses-04,SSVEP,sub-18
GAIN_WRONG,paired,sub-03,12,1.580487382165545,ses-04,SSVEP,sub-19
GAIN_WRONG,paired,sub-03,12,1.044165477671203,ses-04,SSVEP,sub-21
GAIN_WRONG,paired,sub-03,12,1.3900863524840483,ses-04,SSVEP,sub-23
GAIN_WRONG,paired,sub-03,12,1.0954750724695796,ses-04,SSVEP,sub-24
QUERY_ORACLE,paired,sub-05,12,9.558154806654595e-17,ses-02,ERP,
MATCH,paired,sub-05,12,0.6699660828965275,ses-02,ERP,
POP,paired,sub-05,12,1.4145006894530725,ses-02,ERP,
TIME_SHIFT,paired,sub-05,12,4.251831763139499,ses-02,ERP,
CHANNEL_PERM,paired,sub-05,12,3.7735251472146483,ses-02,ERP,
GAIN_MATCH,paired,sub-05,12,1.3438336838291052,ses-02,ERP,
GAIN_POP,paired,sub-05,12,1.4145006894530725,ses-02,ERP,
NULL,paired,sub-05,12,4.609731295375904,ses-02,ERP,
WRONG,paired,sub-05,12,1.9926058035125267,ses-02,ERP,sub-02
WRONG,paired,sub-05,12,1.688451997798257,ses-02,ERP,sub-03
WRONG,paired,sub-05,12,1.7198861735655633,ses-02,ERP,sub-06
WRONG,paired,sub-05,12,1.7033840722174916,ses-02,ERP,sub-07
WRONG,paired,sub-05,12,1.8721065044963694,ses-02,ERP,sub-09
WRONG,paired,sub-05,12,1.165076440767282,ses-02,ERP,sub-11
WRONG,paired,sub-05,12,1.5637785596650848,ses-02,ERP,sub-12
WRONG,paired,sub-05,12,1.5568482818838858,ses-02,ERP,sub-14
WRONG,paired,sub-05,12,1.8012772101139853,ses-02,ERP,sub-15
WRONG,paired,sub-05,12,1.2044935462138626,ses-02,ERP,sub-17
WRONG,paired,sub-05,12,1.6652596030492866,ses-02,ERP,sub-18
WRONG,paired,sub-05,12,1.668165020028358,ses-02,ERP,sub-19
WRONG,paired,sub-05,12,1.5778761443413145,ses-02,ERP,sub-21
WRONG,paired,sub-05,12,2.0408556454700615,ses-02,ERP,sub-23
WRONG,paired,sub-05,12,1.6250759980607572,ses-02,ERP,sub-24
GAIN_WRONG,paired,sub-05,12,1.9928784865956441,ses-02,ERP,sub-02
GAIN_WRONG,paired,sub-05,12,1.9024902211832686,ses-02,ERP,sub-03
GAIN_WRONG,paired,sub-05,12,1.5937829626952122,ses-02,ERP,sub-06
GAIN_WRONG,paired,sub-05,12,1.7704881000694668,ses-02,ERP,sub-07
GAIN_WRONG,paired,sub-05,12,2.3807621575094715,ses-02,ERP,sub-09
GAIN_WRONG,paired,sub-05,12,1.4503384187617634,ses-02,ERP,sub-11
GAIN_WRONG,paired,sub-05,12,2.010986266473487,ses-02,ERP,sub-12
GAIN_WRONG,paired,sub-05,12,1.5702030918032273,ses-02,ERP,sub-14
GAIN_WRONG,paired,sub-05,12,1.9448118193101944,ses-02,ERP,sub-15
GAIN_WRONG,paired,sub-05,12,1.5557639597206656,ses-02,ERP,sub-17
GAIN_WRONG,paired,sub-05,12,1.972845196939174,ses-02,ERP,sub-18
GAIN_WRONG,paired,sub-05,12,2.023358369572722,ses-02,ERP,sub-19
GAIN_WRONG,paired,sub-05,12,1.720944876911749,ses-02,ERP,sub-21
GAIN_WRONG,paired,sub-05,12,2.284889639845682,ses-02,ERP,sub-23
GAIN_WRONG,paired,sub-05,12,1.744744831823631,ses-02,ERP,sub-24
QUERY_ORACLE,paired,sub-05,12,8.864448939493004e-17,ses-02,SSVEP,
MATCH,paired,sub-05,12,0.6841666037351278,ses-02,SSVEP,
POP,paired,sub-05,12,3.9671349949389207,ses-02,SSVEP,
TIME_SHIFT,paired,sub-05,12,3.849400824285663,ses-02,SSVEP,
CHANNEL_PERM,paired,sub-05,12,3.403698416719078,ses-02,SSVEP,
GAIN_MATCH,paired,sub-05,12,2.2130190911595853,ses-02,SSVEP,
GAIN_POP,paired,sub-05,12,3.9671349949389207,ses-02,SSVEP,
NULL,paired,sub-05,12,3.8414272388546453,ses-02,SSVEP,
WRONG,paired,sub-05,12,1.6483643182548644,ses-02,SSVEP,sub-02
WRONG,paired,sub-05,12,1.6277628675956954,ses-02,SSVEP,sub-03
WRONG,paired,sub-05,12,0.8960322527628284,ses-02,SSVEP,sub-06
WRONG,paired,sub-05,12,1.4070559017803124,ses-02,SSVEP,sub-07
WRONG,paired,sub-05,12,11.142475086896232,ses-02,SSVEP,sub-09
WRONG,paired,sub-05,12,3.4191204459087294,ses-02,SSVEP,sub-11
WRONG,paired,sub-05,12,3.3068324869538155,ses-02,SSVEP,sub-12
WRONG,paired,sub-05,12,1.1888386755403133,ses-02,SSVEP,sub-14
WRONG,paired,sub-05,12,1.3991081574157915,ses-02,SSVEP,sub-15
WRONG,paired,sub-05,12,4.682451892856222,ses-02,SSVEP,sub-17
WRONG,paired,sub-05,12,2.3607558750253386,ses-02,SSVEP,sub-18
WRONG,paired,sub-05,12,1.4573838336865232,ses-02,SSVEP,sub-19
WRONG,paired,sub-05,12,1.7680907226107685,ses-02,SSVEP,sub-21
WRONG,paired,sub-05,12,1.786292616094621,ses-02,SSVEP,sub-23
WRONG,paired,sub-05,12,1.4243996679382225,ses-02,SSVEP,sub-24
GAIN_WRONG,paired,sub-05,12,2.342742881204815,ses-02,SSVEP,sub-02
GAIN_WRONG,paired,sub-05,12,1.9294544177093205,ses-02,SSVEP,sub-03
GAIN_WRONG,paired,sub-05,12,2.8606516634605446,ses-02,SSVEP,sub-06
GAIN_WRONG,paired,sub-05,12,2.641515610890312,ses-02,SSVEP,sub-07
GAIN_WRONG,paired,sub-05,12,5.310470998481443,ses-02,SSVEP,sub-09
GAIN_WRONG,paired,sub-05,12,3.6271373751357996,ses-02,SSVEP,sub-11
GAIN_WRONG,paired,sub-05,12,2.5426797990821117,ses-02,SSVEP,sub-12
GAIN_WRONG,paired,sub-05,12,2.4109004665620364,ses-02,SSVEP,sub-14
GAIN_WRONG,paired,sub-05,12,2.6243936016954668,ses-02,SSVEP,sub-15
GAIN_WRONG,paired,sub-05,12,2.5055087614143736,ses-02,SSVEP,sub-17
GAIN_WRONG,paired,sub-05,12,2.3556661112901147,ses-02,SSVEP,sub-18
GAIN_WRONG,paired,sub-05,12,2.420081275761779,ses-02,SSVEP,sub-19
GAIN_WRONG,paired,sub-05,12,2.883412871082005,ses-02,SSVEP,sub-21
GAIN_WRONG,paired,sub-05,12,2.3662427006865503,ses-02,SSVEP,sub-23
GAIN_WRONG,paired,sub-05,12,3.3894273894227815,ses-02,SSVEP,sub-24
QUERY_ORACLE,paired,sub-05,12,8.144033011141274e-17,ses-03,ERP,
MATCH,paired,sub-05,12,0.22033126512782694,ses-03,ERP,
POP,paired,sub-05,12,1.1899077343359754,ses-03,ERP,
TIME_SHIFT,paired,sub-05,12,3.103578737536633,ses-03,ERP,
CHANNEL_PERM,paired,sub-05,12,2.4270639542236876,ses-03,ERP,
GAIN_MATCH,paired,sub-05,12,0.47174690400490865,ses-03,ERP,
GAIN_POP,paired,sub-05,12,1.1899077343359754,ses-03,ERP,
NULL,paired,sub-05,12,3.043501202945604,ses-03,ERP,
WRONG,paired,sub-05,12,1.502480542317153,ses-03,ERP,sub-02
WRONG,paired,sub-05,12,1.0776237209579729,ses-03,ERP,sub-03
WRONG,paired,sub-05,12,1.3092832236756011,ses-03,ERP,sub-06
WRONG,paired,sub-05,12,0.9772580656242101,ses-03,ERP,sub-07
WRONG,paired,sub-05,12,3.00661112361987,ses-03,ERP,sub-09
WRONG,paired,sub-05,12,0.867025539673625,ses-03,ERP,sub-11
WRONG,paired,sub-05,12,0.7185064111752171,ses-03,ERP,sub-12
WRONG,paired,sub-05,12,1.0200621270982348,ses-03,ERP,sub-14
WRONG,paired,sub-05,12,1.4012695846829486,ses-03,ERP,sub-15
WRONG,paired,sub-05,12,1.3685708238526326,ses-03,ERP,sub-17
WRONG,paired,sub-05,12,1.0985765201854942,ses-03,ERP,sub-18
WRONG,paired,sub-05,12,1.0605177510393076,ses-03,ERP,sub-19
WRONG,paired,sub-05,12,3.226266285964289,ses-03,ERP,sub-21
WRONG,paired,sub-05,12,2.2248521481506685,ses-03,ERP,sub-23
WRONG,paired,sub-05,12,0.9869239290001507,ses-03,ERP,sub-24
GAIN_WRONG,paired,sub-05,12,1.4294483758147623,ses-03,ERP,sub-02
GAIN_WRONG,paired,sub-05,12,0.9614520670827943,ses-03,ERP,sub-03
GAIN_WRONG,paired,sub-05,12,1.0549860134730973,ses-03,ERP,sub-06
GAIN_WRONG,paired,sub-05,12,0.933711636383156,ses-03,ERP,sub-07
GAIN_WRONG,paired,sub-05,12,2.4470903703899247,ses-03,ERP,sub-09
GAIN_WRONG,paired,sub-05,12,0.7585924251870623,ses-03,ERP,sub-11
GAIN_WRONG,paired,sub-05,12,0.6994435166503093,ses-03,ERP,sub-12
GAIN_WRONG,paired,sub-05,12,1.068930276005295,ses-03,ERP,sub-14
GAIN_WRONG,paired,sub-05,12,1.3130291349056837,ses-03,ERP,sub-15
GAIN_WRONG,paired,sub-05,12,1.8578256320496738,ses-03,ERP,sub-17
GAIN_WRONG,paired,sub-05,12,0.8127305204968985,ses-03,ERP,sub-18
GAIN_WRONG,paired,sub-05,12,0.9642561461596175,ses-03,ERP,sub-19
GAIN_WRONG,paired,sub-05,12,2.594936156451278,ses-03,ERP,sub-21
GAIN_WRONG,paired,sub-05,12,2.2112035039347195,ses-03,ERP,sub-23
GAIN_WRONG,paired,sub-05,12,0.7495751988585885,ses-03,ERP,sub-24
QUERY_ORACLE,paired,sub-05,12,4.258419470677702e-17,ses-03,SSVEP,
MATCH,paired,sub-05,12,0.2856954635141182,ses-03,SSVEP,
POP,paired,sub-05,12,1.3968901445810473,ses-03,SSVEP,
TIME_SHIFT,paired,sub-05,12,1.23167050902948,ses-03,SSVEP,
CHANNEL_PERM,paired,sub-05,12,1.089691943447295,ses-03,SSVEP,
GAIN_MATCH,paired,sub-05,12,1.1111775970455384,ses-03,SSVEP,
GAIN_POP,paired,sub-05,12,1.3968901445810473,ses-03,SSVEP,
NULL,paired,sub-05,12,1.2739922312897518,ses-03,SSVEP,
WRONG,paired,sub-05,12,2.4776881159995843,ses-03,SSVEP,sub-02
WRONG,paired,sub-05,12,0.3492908405618515,ses-03,SSVEP,sub-03
WRONG,paired,sub-05,12,0.27027421752611175,ses-03,SSVEP,sub-06
WRONG,paired,sub-05,12,0.6232307338888077,ses-03,SSVEP,sub-07
WRONG,paired,sub-05,12,0.5341449649747834,ses-03,SSVEP,sub-09
WRONG,paired,sub-05,12,1.0137197418751211,ses-03,SSVEP,sub-11
WRONG,paired,sub-05,12,0.8645383984831837,ses-03,SSVEP,sub-12
WRONG,paired,sub-05,12,0.33514055510607804,ses-03,SSVEP,sub-14
WRONG,paired,sub-05,12,0.5074343569106682,ses-03,SSVEP,sub-15
WRONG,paired,sub-05,12,1.1375837490507628,ses-03,SSVEP,sub-17
WRONG,paired,sub-05,12,0.6092708581972975,ses-03,SSVEP,sub-18
WRONG,paired,sub-05,12,0.4872558541889161,ses-03,SSVEP,sub-19
WRONG,paired,sub-05,12,0.5417703564287274,ses-03,SSVEP,sub-21
WRONG,paired,sub-05,12,1.1127319560510434,ses-03,SSVEP,sub-23
WRONG,paired,sub-05,12,0.28755905629345246,ses-03,SSVEP,sub-24
GAIN_WRONG,paired,sub-05,12,1.5393803707590443,ses-03,SSVEP,sub-02
GAIN_WRONG,paired,sub-05,12,1.127677696965791,ses-03,SSVEP,sub-03
GAIN_WRONG,paired,sub-05,12,1.4388837282475153,ses-03,SSVEP,sub-06
GAIN_WRONG,paired,sub-05,12,1.00074215082971,ses-03,SSVEP,sub-07
GAIN_WRONG,paired,sub-05,12,1.5218392679314607,ses-03,SSVEP,sub-09
GAIN_WRONG,paired,sub-05,12,0.9308807978073669,ses-03,SSVEP,sub-11
GAIN_WRONG,paired,sub-05,12,1.9109443272727835,ses-03,SSVEP,sub-12
GAIN_WRONG,paired,sub-05,12,1.3169723859456963,ses-03,SSVEP,sub-14
GAIN_WRONG,paired,sub-05,12,1.3785329566281774,ses-03,SSVEP,sub-15
GAIN_WRONG,paired,sub-05,12,1.032284262870109,ses-03,SSVEP,sub-17
GAIN_WRONG,paired,sub-05,12,1.5480042610833558,ses-03,SSVEP,sub-18
GAIN_WRONG,paired,sub-05,12,0.7568680728428357,ses-03,SSVEP,sub-19
GAIN_WRONG,paired,sub-05,12,1.4019513065693923,ses-03,SSVEP,sub-21
GAIN_WRONG,paired,sub-05,12,1.3352809108724906,ses-03,SSVEP,sub-23
GAIN_WRONG,paired,sub-05,12,1.7850236709765852,ses-03,SSVEP,sub-24
QUERY_ORACLE,paired,sub-05,12,6.55781088142239e-17,ses-04,ERP,
MATCH,paired,sub-05,12,0.3549936758725609,ses-04,ERP,
POP,paired,sub-05,12,1.010207323503473,ses-04,ERP,
TIME_SHIFT,paired,sub-05,12,2.253806016638308,ses-04,ERP,
CHANNEL_PERM,paired,sub-05,12,2.0818282793269143,ses-04,ERP,
GAIN_MATCH,paired,sub-05,12,1.2842071777702295,ses-04,ERP,
GAIN_POP,paired,sub-05,12,1.010207323503473,ses-04,ERP,
NULL,paired,sub-05,12,2.3467011404274927,ses-04,ERP,
WRONG,paired,sub-05,12,1.679514083459906,ses-04,ERP,sub-02
WRONG,paired,sub-05,12,1.312258543991004,ses-04,ERP,sub-03
WRONG,paired,sub-05,12,1.289162984085599,ses-04,ERP,sub-06
WRONG,paired,sub-05,12,1.6452975359770434,ses-04,ERP,sub-07
WRONG,paired,sub-05,12,1.0792412958645368,ses-04,ERP,sub-09
WRONG,paired,sub-05,12,1.0096992968444092,ses-04,ERP,sub-11
WRONG,paired,sub-05,12,1.056968761851217,ses-04,ERP,sub-12
WRONG,paired,sub-05,12,1.1378836557239578,ses-04,ERP,sub-14
WRONG,paired,sub-05,12,1.5546614718948402,ses-04,ERP,sub-15
WRONG,paired,sub-05,12,1.203824238016414,ses-04,ERP,sub-17
WRONG,paired,sub-05,12,1.0302327300560223,ses-04,ERP,sub-18
WRONG,paired,sub-05,12,0.9962391347685188,ses-04,ERP,sub-19
WRONG,paired,sub-05,12,1.4542053217171038,ses-04,ERP,sub-21
WRONG,paired,sub-05,12,1.8321081834869186,ses-04,ERP,sub-23
WRONG,paired,sub-05,12,1.1039106273688455,ses-04,ERP,sub-24
GAIN_WRONG,paired,sub-05,12,1.895654382547199,ses-04,ERP,sub-02
GAIN_WRONG,paired,sub-05,12,1.5290253996158036,ses-04,ERP,sub-03
GAIN_WRONG,paired,sub-05,12,1.3566062786266084,ses-04,ERP,sub-06
GAIN_WRONG,paired,sub-05,12,1.7411933935612167,ses-04,ERP,sub-07
GAIN_WRONG,paired,sub-05,12,1.1956346248791119,ses-04,ERP,sub-09
GAIN_WRONG,paired,sub-05,12,1.1513385595228727,ses-04,ERP,sub-11
GAIN_WRONG,paired,sub-05,12,1.0834085612448554,ses-04,ERP,sub-12
GAIN_WRONG,paired,sub-05,12,1.2769866346593448,ses-04,ERP,sub-14
GAIN_WRONG,paired,sub-05,12,1.8566330199561982,ses-04,ERP,sub-15
GAIN_WRONG,paired,sub-05,12,1.2739509369061741,ses-04,ERP,sub-17
GAIN_WRONG,paired,sub-05,12,1.2417149455500198,ses-04,ERP,sub-18
GAIN_WRONG,paired,sub-05,12,1.0906435150207365,ses-04,ERP,sub-19
GAIN_WRONG,paired,sub-05,12,1.6043734811254249,ses-04,ERP,sub-21
GAIN_WRONG,paired,sub-05,12,1.7658258541316367,ses-04,ERP,sub-23
GAIN_WRONG,paired,sub-05,12,1.2180640864826655,ses-04,ERP,sub-24
QUERY_ORACLE,paired,sub-05,12,4.76575382480407e-17,ses-04,SSVEP,
MATCH,paired,sub-05,12,0.34464328061455635,ses-04,SSVEP,
POP,paired,sub-05,12,0.9614621740545929,ses-04,SSVEP,
TIME_SHIFT,paired,sub-05,12,1.1940984701185176,ses-04,SSVEP,
CHANNEL_PERM,paired,sub-05,12,1.1168327352420842,ses-04,SSVEP,
GAIN_MATCH,paired,sub-05,12,0.34105884050277285,ses-04,SSVEP,
GAIN_POP,paired,sub-05,12,0.9614621740545929,ses-04,SSVEP,
NULL,paired,sub-05,12,1.3403928409178612,ses-04,SSVEP,
WRONG,paired,sub-05,12,1.6392231030016378,ses-04,SSVEP,sub-02
WRONG,paired,sub-05,12,1.1134862837383495,ses-04,SSVEP,sub-03
WRONG,paired,sub-05,12,0.631601295737911,ses-04,SSVEP,sub-06
WRONG,paired,sub-05,12,0.9890671970578389,ses-04,SSVEP,sub-07
WRONG,paired,sub-05,12,1.2654091466076913,ses-04,SSVEP,sub-09
WRONG,paired,sub-05,12,1.2478899309845413,ses-04,SSVEP,sub-11
WRONG,paired,sub-05,12,1.5220166628211544,ses-04,SSVEP,sub-12
WRONG,paired,sub-05,12,0.6153847899149003,ses-04,SSVEP,sub-14
WRONG,paired,sub-05,12,0.8703775694884128,ses-04,SSVEP,sub-15
WRONG,paired,sub-05,12,1.0459865190068152,ses-04,SSVEP,sub-17
WRONG,paired,sub-05,12,1.183919949895544,ses-04,SSVEP,sub-18
WRONG,paired,sub-05,12,1.64317139291093,ses-04,SSVEP,sub-19
WRONG,paired,sub-05,12,0.8370530882028127,ses-04,SSVEP,sub-21
WRONG,paired,sub-05,12,1.1065683089648248,ses-04,SSVEP,sub-23
WRONG,paired,sub-05,12,0.6653035438288486,ses-04,SSVEP,sub-24
GAIN_WRONG,paired,sub-05,12,1.209224483354934,ses-04,SSVEP,sub-02
GAIN_WRONG,paired,sub-05,12,0.9710078945349098,ses-04,SSVEP,sub-03
GAIN_WRONG,paired,sub-05,12,0.6109912790492714,ses-04,SSVEP,sub-06
GAIN_WRONG,paired,sub-05,12,1.0456440616310019,ses-04,SSVEP,sub-07
GAIN_WRONG,paired,sub-05,12,0.9560572415337454,ses-04,SSVEP,sub-09
GAIN_WRONG,paired,sub-05,12,0.9871843997456748,ses-04,SSVEP,sub-11
GAIN_WRONG,paired,sub-05,12,0.7764640900886529,ses-04,SSVEP,sub-12
GAIN_WRONG,paired,sub-05,12,0.6177733861860364,ses-04,SSVEP,sub-14
GAIN_WRONG,paired,sub-05,12,0.8485554133195502,ses-04,SSVEP,sub-15
GAIN_WRONG,paired,sub-05,12,0.9544560006672625,ses-04,SSVEP,sub-17
GAIN_WRONG,paired,sub-05,12,0.9342064044754604,ses-04,SSVEP,sub-18
GAIN_WRONG,paired,sub-05,12,1.3897818846736467,ses-04,SSVEP,sub-19
GAIN_WRONG,paired,sub-05,12,0.6838189882275718,ses-04,SSVEP,sub-21
GAIN_WRONG,paired,sub-05,12,1.1929080745767389,ses-04,SSVEP,sub-23
GAIN_WRONG,paired,sub-05,12,0.6631596571259508,ses-04,SSVEP,sub-24
QUERY_ORACLE,paired,sub-06,12,7.461529053863652e-17,ses-02,ERP,
MATCH,paired,sub-06,12,0.5868333215177574,ses-02,ERP,
POP,paired,sub-06,12,0.7470543034572393,ses-02,ERP,
TIME_SHIFT,paired,sub-06,12,2.9059016096041757,ses-02,ERP,
CHANNEL_PERM,paired,sub-06,12,2.556606982709924,ses-02,ERP,
GAIN_MATCH,paired,sub-06,12,0.7307747643287271,ses-02,ERP,
GAIN_POP,paired,sub-06,12,0.7470543034572393,ses-02,ERP,
NULL,paired,sub-06,12,3.0123733932015213,ses-02,ERP,
WRONG,paired,sub-06,12,0.7818072080254385,ses-02,ERP,sub-02
WRONG,paired,sub-06,12,0.7622837128999643,ses-02,ERP,sub-03
WRONG,paired,sub-06,12,1.7662020616256822,ses-02,ERP,sub-05
WRONG,paired,sub-06,12,0.9112760760113829,ses-02,ERP,sub-07
WRONG,paired,sub-06,12,1.270750989543974,ses-02,ERP,sub-09
WRONG,paired,sub-06,12,1.1755693964990275,ses-02,ERP,sub-11
WRONG,paired,sub-06,12,2.3563139198568472,ses-02,ERP,sub-12
WRONG,paired,sub-06,12,0.8016056598278002,ses-02,ERP,sub-14
WRONG,paired,sub-06,12,0.8263532102050628,ses-02,ERP,sub-15
WRONG,paired,sub-06,12,1.6096514225852243,ses-02,ERP,sub-17
WRONG,paired,sub-06,12,0.8646569414759497,ses-02,ERP,sub-18
WRONG,paired,sub-06,12,1.04787504339418,ses-02,ERP,sub-19
WRONG,paired,sub-06,12,0.8542016070893985,ses-02,ERP,sub-21
WRONG,paired,sub-06,12,1.0521642993001594,ses-02,ERP,sub-23
WRONG,paired,sub-06,12,1.1064525530076457,ses-02,ERP,sub-24
GAIN_WRONG,paired,sub-06,12,0.7835064810960221,ses-02,ERP,sub-02
GAIN_WRONG,paired,sub-06,12,0.6805838550342639,ses-02,ERP,sub-03
GAIN_WRONG,paired,sub-06,12,0.9555186050421938,ses-02,ERP,sub-05
GAIN_WRONG,paired,sub-06,12,0.9015092938383574,ses-02,ERP,sub-07
GAIN_WRONG,paired,sub-06,12,0.9329198318093388,ses-02,ERP,sub-09
GAIN_WRONG,paired,sub-06,12,0.8958321627062119,ses-02,ERP,sub-11
GAIN_WRONG,paired,sub-06,12,1.0826907717087573,ses-02,ERP,sub-12
GAIN_WRONG,paired,sub-06,12,0.836832396011922,ses-02,ERP,sub-14
GAIN_WRONG,paired,sub-06,12,0.8027567974261207,ses-02,ERP,sub-15
GAIN_WRONG,paired,sub-06,12,1.063190666457168,ses-02,ERP,sub-17
GAIN_WRONG,paired,sub-06,12,0.7764350424390553,ses-02,ERP,sub-18
GAIN_WRONG,paired,sub-06,12,0.9153316592487549,ses-02,ERP,sub-19
GAIN_WRONG,paired,sub-06,12,0.7746073413747601,ses-02,ERP,sub-21
GAIN_WRONG,paired,sub-06,12,1.0917011556373941,ses-02,ERP,sub-23
GAIN_WRONG,paired,sub-06,12,1.0387903543146,ses-02,ERP,sub-24
QUERY_ORACLE,paired,sub-06,12,7.007405586025868e-17,ses-02,SSVEP,
MATCH,paired,sub-06,12,0.5103365361360889,ses-02,SSVEP,
POP,paired,sub-06,12,3.5624842061448114,ses-02,SSVEP,
TIME_SHIFT,paired,sub-06,12,3.1486429021263427,ses-02,SSVEP,
CHANNEL_PERM,paired,sub-06,12,2.8345418693846027,ses-02,SSVEP,
GAIN_MATCH,paired,sub-06,12,2.863996169184874,ses-02,SSVEP,
GAIN_POP,paired,sub-06,12,3.5624842061448114,ses-02,SSVEP,
NULL,paired,sub-06,12,3.1961724491777592,ses-02,SSVEP,
WRONG,paired,sub-06,12,1.227370601303611,ses-02,SSVEP,sub-02
WRONG,paired,sub-06,12,1.2771793393175013,ses-02,SSVEP,sub-03
WRONG,paired,sub-06,12,0.9095567983641955,ses-02,SSVEP,sub-05
WRONG,paired,sub-06,12,1.3283260527165441,ses-02,SSVEP,sub-07
WRONG,paired,sub-06,12,9.923423538709049,ses-02,SSVEP,sub-09
WRONG,paired,sub-06,12,3.2501438323578706,ses-02,SSVEP,sub-11
WRONG,paired,sub-06,12,3.110387516522911,ses-02,SSVEP,sub-12
WRONG,paired,sub-06,12,0.9708411806162917,ses-02,SSVEP,sub-14
WRONG,paired,sub-06,12,1.3948322591303193,ses-02,SSVEP,sub-15
WRONG,paired,sub-06,12,4.775987769916994,ses-02,SSVEP,sub-17
WRONG,paired,sub-06,12,2.4360931497673,ses-02,SSVEP,sub-18
WRONG,paired,sub-06,12,1.440967982223935,ses-02,SSVEP,sub-19
WRONG,paired,sub-06,12,1.76875618172991,ses-02,SSVEP,sub-21
WRONG,paired,sub-06,12,1.3612401502910412,ses-02,SSVEP,sub-23
WRONG,paired,sub-06,12,1.073131434201103,ses-02,SSVEP,sub-24
GAIN_WRONG,paired,sub-06,12,2.039686655929053,ses-02,SSVEP,sub-02
GAIN_WRONG,paired,sub-06,12,1.69962919443251,ses-02,SSVEP,sub-03
GAIN_WRONG,paired,sub-06,12,2.5030384576068965,ses-02,SSVEP,sub-05
GAIN_WRONG,paired,sub-06,12,2.6488183477731417,ses-02,SSVEP,sub-07
GAIN_WRONG,paired,sub-06,12,4.6131073413288375,ses-02,SSVEP,sub-09
GAIN_WRONG,paired,sub-06,12,3.486842216003167,ses-02,SSVEP,sub-11
GAIN_WRONG,paired,sub-06,12,2.3701322547641985,ses-02,SSVEP,sub-12
GAIN_WRONG,paired,sub-06,12,2.3798554252099797,ses-02,SSVEP,sub-14
GAIN_WRONG,paired,sub-06,12,2.7444916361042164,ses-02,SSVEP,sub-15
GAIN_WRONG,paired,sub-06,12,2.4442457979313197,ses-02,SSVEP,sub-17
GAIN_WRONG,paired,sub-06,12,2.445929511961239,ses-02,SSVEP,sub-18
GAIN_WRONG,paired,sub-06,12,2.5521714626956773,ses-02,SSVEP,sub-19
GAIN_WRONG,paired,sub-06,12,2.8687666421652813,ses-02,SSVEP,sub-21
GAIN_WRONG,paired,sub-06,12,2.1315273754861317,ses-02,SSVEP,sub-23
GAIN_WRONG,paired,sub-06,12,3.122083129880288,ses-02,SSVEP,sub-24
QUERY_ORACLE,paired,sub-06,12,6.927970583832192e-17,ses-03,ERP,
MATCH,paired,sub-06,12,0.18518988590935492,ses-03,ERP,
POP,paired,sub-06,12,0.78956448747308,ses-03,ERP,
TIME_SHIFT,paired,sub-06,12,2.0314281672822343,ses-03,ERP,
CHANNEL_PERM,paired,sub-06,12,1.5988882140746528,ses-03,ERP,
GAIN_MATCH,paired,sub-06,12,0.5225204563188659,ses-03,ERP,
GAIN_POP,paired,sub-06,12,0.78956448747308,ses-03,ERP,
NULL,paired,sub-06,12,2.019411650162885,ses-03,ERP,
WRONG,paired,sub-06,12,0.782982300409035,ses-03,ERP,sub-02
WRONG,paired,sub-06,12,0.6881397606237742,ses-03,ERP,sub-03
WRONG,paired,sub-06,12,1.2284288068751046,ses-03,ERP,sub-05
WRONG,paired,sub-06,12,0.6048255259493164,ses-03,ERP,sub-07
WRONG,paired,sub-06,12,3.0261316220743955,ses-03,ERP,sub-09
WRONG,paired,sub-06,12,0.7812393084019303,ses-03,ERP,sub-11
WRONG,paired,sub-06,12,1.3222165518738749,ses-03,ERP,sub-12
WRONG,paired,sub-06,12,0.8193483909814367,ses-03,ERP,sub-14
WRONG,paired,sub-06,12,0.5580138627129233,ses-03,ERP,sub-15
WRONG,paired,sub-06,12,1.400280518569453,ses-03,ERP,sub-17
WRONG,paired,sub-06,12,0.4768388166018776,ses-03,ERP,sub-18
WRONG,paired,sub-06,12,0.6307075807085727,ses-03,ERP,sub-19
WRONG,paired,sub-06,12,3.3167372534399178,ses-03,ERP,sub-21
WRONG,paired,sub-06,12,1.4658686948908084,ses-03,ERP,sub-23
WRONG,paired,sub-06,12,0.6525840369992707,ses-03,ERP,sub-24
GAIN_WRONG,paired,sub-06,12,0.78140489043582,ses-03,ERP,sub-02
GAIN_WRONG,paired,sub-06,12,0.8221132809970789,ses-03,ERP,sub-03
GAIN_WRONG,paired,sub-06,12,0.947881487001852,ses-03,ERP,sub-05
GAIN_WRONG,paired,sub-06,12,0.6708711737770828,ses-03,ERP,sub-07
GAIN_WRONG,paired,sub-06,12,1.5846680566181082,ses-03,ERP,sub-09
GAIN_WRONG,paired,sub-06,12,1.0838365611983867,ses-03,ERP,sub-11
GAIN_WRONG,paired,sub-06,12,1.0597656045535038,ses-03,ERP,sub-12
GAIN_WRONG,paired,sub-06,12,0.7974757378946012,ses-03,ERP,sub-14
GAIN_WRONG,paired,sub-06,12,0.5687868270780078,ses-03,ERP,sub-15
GAIN_WRONG,paired,sub-06,12,0.8504130934002029,ses-03,ERP,sub-17
GAIN_WRONG,paired,sub-06,12,0.7801729391256434,ses-03,ERP,sub-18
GAIN_WRONG,paired,sub-06,12,0.7211445189059623,ses-03,ERP,sub-19
GAIN_WRONG,paired,sub-06,12,1.7492951145474394,ses-03,ERP,sub-21
GAIN_WRONG,paired,sub-06,12,1.461519617809907,ses-03,ERP,sub-23
GAIN_WRONG,paired,sub-06,12,0.9886031733460624,ses-03,ERP,sub-24
QUERY_ORACLE,paired,sub-06,12,4.722001090481833e-17,ses-03,SSVEP,
MATCH,paired,sub-06,12,0.11359392958248128,ses-03,SSVEP,
POP,paired,sub-06,12,1.4216702505507355,ses-03,SSVEP,
TIME_SHIFT,paired,sub-06,12,1.209438207423181,ses-03,SSVEP,
CHANNEL_PERM,paired,sub-06,12,0.9868495822091378,ses-03,SSVEP,
GAIN_MATCH,paired,sub-06,12,1.5585416524703202,ses-03,SSVEP,
GAIN_POP,paired,sub-06,12,1.4216702505507355,ses-03,SSVEP,
NULL,paired,sub-06,12,1.282043682584615,ses-03,SSVEP,
WRONG,paired,sub-06,12,2.515769271301673,ses-03,SSVEP,sub-02
WRONG,paired,sub-06,12,0.4321689686511409,ses-03,SSVEP,sub-03
WRONG,paired,sub-06,12,0.41220997916482377,ses-03,SSVEP,sub-05
WRONG,paired,sub-06,12,0.6913132506706717,ses-03,SSVEP,sub-07
WRONG,paired,sub-06,12,0.5954897500336802,ses-03,SSVEP,sub-09
WRONG,paired,sub-06,12,1.096154571416378,ses-03,SSVEP,sub-11
WRONG,paired,sub-06,12,1.01551623043193,ses-03,SSVEP,sub-12
WRONG,paired,sub-06,12,0.46949923301295665,ses-03,SSVEP,sub-14
WRONG,paired,sub-06,12,0.63914822084772,ses-03,SSVEP,sub-15
WRONG,paired,sub-06,12,1.286066797468968,ses-03,SSVEP,sub-17
WRONG,paired,sub-06,12,0.7917388213785513,ses-03,SSVEP,sub-18
WRONG,paired,sub-06,12,0.5724401367686528,ses-03,SSVEP,sub-19
WRONG,paired,sub-06,12,0.6815402583831006,ses-03,SSVEP,sub-21
WRONG,paired,sub-06,12,1.1523384439498197,ses-03,SSVEP,sub-23
WRONG,paired,sub-06,12,0.4376573842351945,ses-03,SSVEP,sub-24
GAIN_WRONG,paired,sub-06,12,1.5340081201892566,ses-03,SSVEP,sub-02
GAIN_WRONG,paired,sub-06,12,1.261536188006907,ses-03,SSVEP,sub-03
GAIN_WRONG,paired,sub-06,12,1.3304908969030451,ses-03,SSVEP,sub-05
GAIN_WRONG,paired,sub-06,12,1.116468989545203,ses-03,SSVEP,sub-07
GAIN_WRONG,paired,sub-06,12,1.7084884557968065,ses-03,SSVEP,sub-09
GAIN_WRONG,paired,sub-06,12,1.007001492431564,ses-03,SSVEP,sub-11
GAIN_WRONG,paired,sub-06,12,2.0959675488929044,ses-03,SSVEP,sub-12
GAIN_WRONG,paired,sub-06,12,1.5043413650223938,ses-03,SSVEP,sub-14
GAIN_WRONG,paired,sub-06,12,1.65371084162828,ses-03,SSVEP,sub-15
GAIN_WRONG,paired,sub-06,12,1.162574471776336,ses-03,SSVEP,sub-17
GAIN_WRONG,paired,sub-06,12,1.7514198115607824,ses-03,SSVEP,sub-18
GAIN_WRONG,paired,sub-06,12,0.861295424256555,ses-03,SSVEP,sub-19
GAIN_WRONG,paired,sub-06,12,1.579968750147856,ses-03,SSVEP,sub-21
GAIN_WRONG,paired,sub-06,12,1.5611474980271784,ses-03,SSVEP,sub-23
GAIN_WRONG,paired,sub-06,12,1.9671088379972443,ses-03,SSVEP,sub-24
QUERY_ORACLE,paired,sub-06,12,5.1477170498875573e-17,ses-04,ERP,
MATCH,paired,sub-06,12,0.5510624055365351,ses-04,ERP,
POP,paired,sub-06,12,0.5129134971213563,ses-04,ERP,
TIME_SHIFT,paired,sub-06,12,1.38708872698664,ses-04,ERP,
CHANNEL_PERM,paired,sub-06,12,1.3203704294538512,ses-04,ERP,
GAIN_MATCH,paired,sub-06,12,0.5212093034660398,ses-04,ERP,
GAIN_POP,paired,sub-06,12,0.5129134971213563,ses-04,ERP,
NULL,paired,sub-06,12,1.5466413931355598,ses-04,ERP,
WRONG,paired,sub-06,12,1.1846354347970094,ses-04,ERP,sub-02
WRONG,paired,sub-06,12,0.8203991373052101,ses-04,ERP,sub-03
WRONG,paired,sub-06,12,1.317057666545417,ses-04,ERP,sub-05
WRONG,paired,sub-06,12,1.0786432372602999,ses-04,ERP,sub-07
WRONG,paired,sub-06,12,0.7494207451245241,ses-04,ERP,sub-09
WRONG,paired,sub-06,12,0.8719715698454958,ses-04,ERP,sub-11
WRONG,paired,sub-06,12,1.3800302523116112,ses-04,ERP,sub-12
WRONG,paired,sub-06,12,0.8814225495418766,ses-04,ERP,sub-14
WRONG,paired,sub-06,12,1.1267919012171213,ses-04,ERP,sub-15
WRONG,paired,sub-06,12,0.8767049631900291,ses-04,ERP,sub-17
WRONG,paired,sub-06,12,0.6073448951781654,ses-04,ERP,sub-18
WRONG,paired,sub-06,12,0.5876446074481627,ses-04,ERP,sub-19
WRONG,paired,sub-06,12,1.0269290521174788,ses-04,ERP,sub-21
WRONG,paired,sub-06,12,1.1078716053179576,ses-04,ERP,sub-23
WRONG,paired,sub-06,12,0.6944693358101718,ses-04,ERP,sub-24
GAIN_WRONG,paired,sub-06,12,1.2055185472865821,ses-04,ERP,sub-02
GAIN_WRONG,paired,sub-06,12,0.7434261991527372,ses-04,ERP,sub-03
GAIN_WRONG,paired,sub-06,12,0.8431028612189332,ses-04,ERP,sub-05
GAIN_WRONG,paired,sub-06,12,1.0378615297067828,ses-04,ERP,sub-07
GAIN_WRONG,paired,sub-06,12,0.5893743782902883,ses-04,ERP,sub-09
GAIN_WRONG,paired,sub-06,12,0.7300616654453599,ses-04,ERP,sub-11
GAIN_WRONG,paired,sub-06,12,0.7776209491313395,ses-04,ERP,sub-12
GAIN_WRONG,paired,sub-06,12,0.7616332278415654,ses-04,ERP,sub-14
GAIN_WRONG,paired,sub-06,12,1.1556210537825158,ses-04,ERP,sub-15
GAIN_WRONG,paired,sub-06,12,0.5029067706369438,ses-04,ERP,sub-17
GAIN_WRONG,paired,sub-06,12,0.595782770119876,ses-04,ERP,sub-18
GAIN_WRONG,paired,sub-06,12,0.5789408209326564,ses-04,ERP,sub-19
GAIN_WRONG,paired,sub-06,12,0.8740710199115768,ses-04,ERP,sub-21
GAIN_WRONG,paired,sub-06,12,1.052826556220493,ses-04,ERP,sub-23
GAIN_WRONG,paired,sub-06,12,0.5817864819673234,ses-04,ERP,sub-24
QUERY_ORACLE,paired,sub-06,12,5.572035139626763e-17,ses-04,SSVEP,
MATCH,paired,sub-06,12,0.1295902705183916,ses-04,SSVEP,
POP,paired,sub-06,12,1.1336616815973692,ses-04,SSVEP,
TIME_SHIFT,paired,sub-06,12,1.2926680317878738,ses-04,SSVEP,
CHANNEL_PERM,paired,sub-06,12,1.020088976064902,ses-04,SSVEP,
GAIN_MATCH,paired,sub-06,12,0.13392393904725775,ses-04,SSVEP,
GAIN_POP,paired,sub-06,12,1.1336616815973692,ses-04,SSVEP,
NULL,paired,sub-06,12,1.495474115298152,ses-04,SSVEP,
WRONG,paired,sub-06,12,1.9649942543602392,ses-04,SSVEP,sub-02
WRONG,paired,sub-06,12,1.0389019334718788,ses-04,SSVEP,sub-03
WRONG,paired,sub-06,12,0.67471965788449,ses-04,SSVEP,sub-05
WRONG,paired,sub-06,12,1.1575816531243044,ses-04,SSVEP,sub-07
WRONG,paired,sub-06,12,1.4771658774780982,ses-04,SSVEP,sub-09
WRONG,paired,sub-06,12,1.4442605899657455,ses-04,SSVEP,sub-11
WRONG,paired,sub-06,12,1.5385667039557838,ses-04,SSVEP,sub-12
WRONG,paired,sub-06,12,0.7415610430245252,ses-04,SSVEP,sub-14
WRONG,paired,sub-06,12,1.1327278416215698,ses-04,SSVEP,sub-15
WRONG,paired,sub-06,12,1.192861614441215,ses-04,SSVEP,sub-17
WRONG,paired,sub-06,12,1.3889451653363565,ses-04,SSVEP,sub-18
WRONG,paired,sub-06,12,1.7891462475966302,ses-04,SSVEP,sub-19
WRONG,paired,sub-06,12,0.9872770176138127,ses-04,SSVEP,sub-21
WRONG,paired,sub-06,12,1.21501190769401,ses-04,SSVEP,sub-23
WRONG,paired,sub-06,12,0.7931130769038556,ses-04,SSVEP,sub-24
GAIN_WRONG,paired,sub-06,12,1.4872774087516143,ses-04,SSVEP,sub-02
GAIN_WRONG,paired,sub-06,12,0.9482638127083742,ses-04,SSVEP,sub-03
GAIN_WRONG,paired,sub-06,12,0.6723906925384487,ses-04,SSVEP,sub-05
GAIN_WRONG,paired,sub-06,12,1.2111608113635512,ses-04,SSVEP,sub-07
GAIN_WRONG,paired,sub-06,12,1.1673143101294097,ses-04,SSVEP,sub-09
GAIN_WRONG,paired,sub-06,12,1.1839109155642245,ses-04,SSVEP,sub-11
GAIN_WRONG,paired,sub-06,12,0.9024001096413067,ses-04,SSVEP,sub-12
GAIN_WRONG,paired,sub-06,12,0.7442407501861174,ses-04,SSVEP,sub-14
GAIN_WRONG,paired,sub-06,12,1.0928381814525983,ses-04,SSVEP,sub-15
GAIN_WRONG,paired,sub-06,12,1.1076014517782622,ses-04,SSVEP,sub-17
GAIN_WRONG,paired,sub-06,12,1.1344927827291265,ses-04,SSVEP,sub-18
GAIN_WRONG,paired,sub-06,12,1.5425056865367017,ses-04,SSVEP,sub-19
GAIN_WRONG,paired,sub-06,12,0.8628403374331898,ses-04,SSVEP,sub-21
GAIN_WRONG,paired,sub-06,12,1.2426753283645318,ses-04,SSVEP,sub-23
GAIN_WRONG,paired,sub-06,12,0.7936547018684056,ses-04,SSVEP,sub-24
QUERY_ORACLE,paired,sub-07,12,7.930268028165985e-17,ses-02,ERP,
MATCH,paired,sub-07,12,1.057705285245122,ses-02,ERP,
POP,paired,sub-07,12,1.1512316376902076,ses-02,ERP,
TIME_SHIFT,paired,sub-07,12,2.6156352243352647,ses-02,ERP,
CHANNEL_PERM,paired,sub-07,12,2.6933121220966663,ses-02,ERP,
GAIN_MATCH,paired,sub-07,12,1.054161043395777,ses-02,ERP,
GAIN_POP,paired,sub-07,12,1.1512316376902076,ses-02,ERP,
NULL,paired,sub-07,12,3.1654134160885037,ses-02,ERP,
WRONG,paired,sub-07,12,1.087586097890183,ses-02,ERP,sub-02
WRONG,paired,sub-07,12,1.2457243142522458,ses-02,ERP,sub-03
WRONG,paired,sub-07,12,1.9276597633309294,ses-02,ERP,sub-05
WRONG,paired,sub-07,12,1.1803939942392174,ses-02,ERP,sub-06
WRONG,paired,sub-07,12,1.4849150831880358,ses-02,ERP,sub-09
WRONG,paired,sub-07,12,1.5463791399884965,ses-02,ERP,sub-11
WRONG,paired,sub-07,12,2.3817613127227246,ses-02,ERP,sub-12
WRONG,paired,sub-07,12,1.0582863075764777,ses-02,ERP,sub-14
WRONG,paired,sub-07,12,1.032760664968919,ses-02,ERP,sub-15
WRONG,paired,sub-07,12,1.7274286132095151,ses-02,ERP,sub-17
WRONG,paired,sub-07,12,1.1978226642284457,ses-02,ERP,sub-18
WRONG,paired,sub-07,12,1.1847641418008974,ses-02,ERP,sub-19
WRONG,paired,sub-07,12,1.213342926861327,ses-02,ERP,sub-21
WRONG,paired,sub-07,12,1.276535603633304,ses-02,ERP,sub-23
WRONG,paired,sub-07,12,1.523524283982647,ses-02,ERP,sub-24
GAIN_WRONG,paired,sub-07,12,1.0841393866004256,ses-02,ERP,sub-02
GAIN_WRONG,paired,sub-07,12,1.2019987449594258,ses-02,ERP,sub-03
GAIN_WRONG,paired,sub-07,12,1.239175851155988,ses-02,ERP,sub-05
GAIN_WRONG,paired,sub-07,12,1.2533134807535948,ses-02,ERP,sub-06
GAIN_WRONG,paired,sub-07,12,1.2656904245345935,ses-02,ERP,sub-09
GAIN_WRONG,paired,sub-07,12,1.3224235431516453,ses-02,ERP,sub-11
GAIN_WRONG,paired,sub-07,12,1.2904674909220115,ses-02,ERP,sub-12
GAIN_WRONG,paired,sub-07,12,1.0771449787226783,ses-02,ERP,sub-14
GAIN_WRONG,paired,sub-07,12,1.029833778989608,ses-02,ERP,sub-15
GAIN_WRONG,paired,sub-07,12,1.2699819487439925,ses-02,ERP,sub-17
GAIN_WRONG,paired,sub-07,12,1.1421069634830434,ses-02,ERP,sub-18
GAIN_WRONG,paired,sub-07,12,1.1282789510632554,ses-02,ERP,sub-19
GAIN_WRONG,paired,sub-07,12,1.1662552813508047,ses-02,ERP,sub-21
GAIN_WRONG,paired,sub-07,12,1.2982699984894464,ses-02,ERP,sub-23
GAIN_WRONG,paired,sub-07,12,1.470105906299674,ses-02,ERP,sub-24
QUERY_ORACLE,paired,sub-07,12,7.220860886653926e-17,ses-02,SSVEP,
MATCH,paired,sub-07,12,1.6817860829412359,ses-02,SSVEP,
POP,paired,sub-07,12,4.06012545167247,ses-02,SSVEP,
TIME_SHIFT,paired,sub-07,12,2.6858149956086703,ses-02,SSVEP,
CHANNEL_PERM,paired,sub-07,12,3.2196009050436953,ses-02,SSVEP,
GAIN_MATCH,paired,sub-07,12,3.1325457318955934,ses-02,SSVEP,
GAIN_POP,paired,sub-07,12,4.06012545167247,ses-02,SSVEP,
NULL,paired,sub-07,12,2.812855509221919,ses-02,SSVEP,
WRONG,paired,sub-07,12,1.557186358647937,ses-02,SSVEP,sub-02
WRONG,paired,sub-07,12,2.2472843565281586,ses-02,SSVEP,sub-03
WRONG,paired,sub-07,12,1.6278139280210484,ses-02,SSVEP,sub-05
WRONG,paired,sub-07,12,1.5435844712601081,ses-02,SSVEP,sub-06
WRONG,paired,sub-07,12,10.650756549173886,ses-02,SSVEP,sub-09
WRONG,paired,sub-07,12,3.1668746406446737,ses-02,SSVEP,sub-11
WRONG,paired,sub-07,12,3.7999344956959455,ses-02,SSVEP,sub-12
WRONG,paired,sub-07,12,1.7954385264482442,ses-02,SSVEP,sub-14
WRONG,paired,sub-07,12,1.5720111062954656,ses-02,SSVEP,sub-15
WRONG,paired,sub-07,12,5.739336559288439,ses-02,SSVEP,sub-17
WRONG,paired,sub-07,12,3.1272688700022093,ses-02,SSVEP,sub-18
WRONG,paired,sub-07,12,2.0668873976148006,ses-02,SSVEP,sub-19
WRONG,paired,sub-07,12,2.5428115375507474,ses-02,SSVEP,sub-21
WRONG,paired,sub-07,12,1.245530832300384,ses-02,SSVEP,sub-23
WRONG,paired,sub-07,12,2.263716608287553,ses-02,SSVEP,sub-24
GAIN_WRONG,paired,sub-07,12,2.620051436472443,ses-02,SSVEP,sub-02
GAIN_WRONG,paired,sub-07,12,2.6613056716624732,ses-02,SSVEP,sub-03
GAIN_WRONG,paired,sub-07,12,3.227445013463647,ses-02,SSVEP,sub-05
GAIN_WRONG,paired,sub-07,12,3.7780089716879206,ses-02,SSVEP,sub-06
GAIN_WRONG,paired,sub-07,12,4.7753765606168,ses-02,SSVEP,sub-09
GAIN_WRONG,paired,sub-07,12,3.42627567937067,ses-02,SSVEP,sub-11
GAIN_WRONG,paired,sub-07,12,2.993505323203664,ses-02,SSVEP,sub-12
GAIN_WRONG,paired,sub-07,12,3.2035516686249252,ses-02,SSVEP,sub-14
GAIN_WRONG,paired,sub-07,12,3.163779804116393,ses-02,SSVEP,sub-15
GAIN_WRONG,paired,sub-07,12,3.249832449452788,ses-02,SSVEP,sub-17
GAIN_WRONG,paired,sub-07,12,3.116742044703058,ses-02,SSVEP,sub-18
GAIN_WRONG,paired,sub-07,12,3.2020990183487874,ses-02,SSVEP,sub-19
GAIN_WRONG,paired,sub-07,12,3.641802513817126,ses-02,SSVEP,sub-21
GAIN_WRONG,paired,sub-07,12,2.6058808911376,ses-02,SSVEP,sub-23
GAIN_WRONG,paired,sub-07,12,4.3353523871109285,ses-02,SSVEP,sub-24
QUERY_ORACLE,paired,sub-07,12,7.082878481846634e-17,ses-03,ERP,
MATCH,paired,sub-07,12,0.30135343576816875,ses-03,ERP,
POP,paired,sub-07,12,0.7229094867746527,ses-03,ERP,
TIME_SHIFT,paired,sub-07,12,2.2167371327617262,ses-03,ERP,
CHANNEL_PERM,paired,sub-07,12,1.8929387651476473,ses-03,ERP,
GAIN_MATCH,paired,sub-07,12,0.3172775639792275,ses-03,ERP,
GAIN_POP,paired,sub-07,12,0.7229094867746527,ses-03,ERP,
NULL,paired,sub-07,12,2.213508051916736,ses-03,ERP,
WRONG,paired,sub-07,12,0.8946553107262658,ses-03,ERP,sub-02
WRONG,paired,sub-07,12,0.6777608460747983,ses-03,ERP,sub-03
WRONG,paired,sub-07,12,0.9055038668821376,ses-03,ERP,sub-05
WRONG,paired,sub-07,12,0.6461728143569309,ses-03,ERP,sub-06
WRONG,paired,sub-07,12,2.7211461633792937,ses-03,ERP,sub-09
WRONG,paired,sub-07,12,0.6770891997222342,ses-03,ERP,sub-11
WRONG,paired,sub-07,12,1.1319412661078996,ses-03,ERP,sub-12
WRONG,paired,sub-07,12,0.5326940832677955,ses-03,ERP,sub-14
WRONG,paired,sub-07,12,0.76057082837007,ses-03,ERP,sub-15
WRONG,paired,sub-07,12,1.3757786286844087,ses-03,ERP,sub-17
WRONG,paired,sub-07,12,0.5255501124878831,ses-03,ERP,sub-18
WRONG,paired,sub-07,12,0.5639809430023438,ses-03,ERP,sub-19
WRONG,paired,sub-07,12,2.980380154407398,ses-03,ERP,sub-21
WRONG,paired,sub-07,12,1.6208159125240007,ses-03,ERP,sub-23
WRONG,paired,sub-07,12,0.6073791619042591,ses-03,ERP,sub-24
GAIN_WRONG,paired,sub-07,12,0.8514269434152153,ses-03,ERP,sub-02
GAIN_WRONG,paired,sub-07,12,0.7027715447491102,ses-03,ERP,sub-03
GAIN_WRONG,paired,sub-07,12,0.6453279206836845,ses-03,ERP,sub-05
GAIN_WRONG,paired,sub-07,12,0.6593327240958476,ses-03,ERP,sub-06
GAIN_WRONG,paired,sub-07,12,1.7032263296668084,ses-03,ERP,sub-09
GAIN_WRONG,paired,sub-07,12,0.8822803231975139,ses-03,ERP,sub-11
GAIN_WRONG,paired,sub-07,12,0.891625668962658,ses-03,ERP,sub-12
GAIN_WRONG,paired,sub-07,12,0.5217383978393574,ses-03,ERP,sub-14
GAIN_WRONG,paired,sub-07,12,0.7155314914218568,ses-03,ERP,sub-15
GAIN_WRONG,paired,sub-07,12,1.1476956249888834,ses-03,ERP,sub-17
GAIN_WRONG,paired,sub-07,12,0.6092838402620487,ses-03,ERP,sub-18
GAIN_WRONG,paired,sub-07,12,0.5647275420729848,ses-03,ERP,sub-19
GAIN_WRONG,paired,sub-07,12,1.8861110100201746,ses-03,ERP,sub-21
GAIN_WRONG,paired,sub-07,12,1.6115655487869693,ses-03,ERP,sub-23
GAIN_WRONG,paired,sub-07,12,0.7949931009245902,ses-03,ERP,sub-24
QUERY_ORACLE,paired,sub-07,12,4.933615700510709e-17,ses-03,SSVEP,
MATCH,paired,sub-07,12,0.7957516961835008,ses-03,SSVEP,
POP,paired,sub-07,12,1.3078471450407374,ses-03,SSVEP,
TIME_SHIFT,paired,sub-07,12,1.8318514724401,ses-03,SSVEP,
CHANNEL_PERM,paired,sub-07,12,1.6187171627338124,ses-03,SSVEP,
GAIN_MATCH,paired,sub-07,12,1.077291978141244,ses-03,SSVEP,
GAIN_POP,paired,sub-07,12,1.3078471450407374,ses-03,SSVEP,
NULL,paired,sub-07,12,1.7653608634511837,ses-03,SSVEP,
WRONG,paired,sub-07,12,2.533391092552063,ses-03,SSVEP,sub-02
WRONG,paired,sub-07,12,0.7865220422671672,ses-03,SSVEP,sub-03
WRONG,paired,sub-07,12,0.8014692636562658,ses-03,SSVEP,sub-05
WRONG,paired,sub-07,12,0.8106325212005903,ses-03,SSVEP,sub-06
WRONG,paired,sub-07,12,0.9454174583347412,ses-03,SSVEP,sub-09
WRONG,paired,sub-07,12,1.3084049363324184,ses-03,SSVEP,sub-11
WRONG,paired,sub-07,12,1.220658025004622,ses-03,SSVEP,sub-12
WRONG,paired,sub-07,12,0.8052324012279426,ses-03,SSVEP,sub-14
WRONG,paired,sub-07,12,0.9603090083037632,ses-03,SSVEP,sub-15
WRONG,paired,sub-07,12,1.3656029096551883,ses-03,SSVEP,sub-17
WRONG,paired,sub-07,12,0.9489421700884811,ses-03,SSVEP,sub-18
WRONG,paired,sub-07,12,0.9809252786111284,ses-03,SSVEP,sub-19
WRONG,paired,sub-07,12,0.9218244895448521,ses-03,SSVEP,sub-21
WRONG,paired,sub-07,12,1.6418276178084075,ses-03,SSVEP,sub-23
WRONG,paired,sub-07,12,0.8139744757165225,ses-03,SSVEP,sub-24
GAIN_WRONG,paired,sub-07,12,1.5472079014395348,ses-03,SSVEP,sub-02
GAIN_WRONG,paired,sub-07,12,1.4756341275585434,ses-03,SSVEP,sub-03
GAIN_WRONG,paired,sub-07,12,1.5184470720519456,ses-03,SSVEP,sub-05
GAIN_WRONG,paired,sub-07,12,1.8942845880671701,ses-03,SSVEP,sub-06
GAIN_WRONG,paired,sub-07,12,1.9964250144848554,ses-03,SSVEP,sub-09
GAIN_WRONG,paired,sub-07,12,1.2524001755535232,ses-03,SSVEP,sub-11
GAIN_WRONG,paired,sub-07,12,2.4272642807434828,ses-03,SSVEP,sub-12
GAIN_WRONG,paired,sub-07,12,1.7338590121118216,ses-03,SSVEP,sub-14
GAIN_WRONG,paired,sub-07,12,1.809723711453939,ses-03,SSVEP,sub-15
GAIN_WRONG,paired,sub-07,12,1.284141032411473,ses-03,SSVEP,sub-17
GAIN_WRONG,paired,sub-07,12,1.9646606605555499,ses-03,SSVEP,sub-18
GAIN_WRONG,paired,sub-07,12,1.19320406255747,ses-03,SSVEP,sub-19
GAIN_WRONG,paired,sub-07,12,1.822653840753846,ses-03,SSVEP,sub-21
GAIN_WRONG,paired,sub-07,12,1.9421340773049955,ses-03,SSVEP,sub-23
GAIN_WRONG,paired,sub-07,12,2.293540382555926,ses-03,SSVEP,sub-24
QUERY_ORACLE,paired,sub-07,12,5.859962800608452e-17,ses-04,ERP,
MATCH,paired,sub-07,12,1.2135684571089622,ses-04,ERP,
POP,paired,sub-07,12,1.2454066535715191,ses-04,ERP,
TIME_SHIFT,paired,sub-07,12,1.307985661112489,ses-04,ERP,
CHANNEL_PERM,paired,sub-07,12,1.7303112805193956,ses-04,ERP,
GAIN_MATCH,paired,sub-07,12,1.1759119239738973,ses-04,ERP,
GAIN_POP,paired,sub-07,12,1.2454066535715191,ses-04,ERP,
NULL,paired,sub-07,12,1.6525041902770203,ses-04,ERP,
WRONG,paired,sub-07,12,1.5320827617195247,ses-04,ERP,sub-02
WRONG,paired,sub-07,12,1.3843233394857772,ses-04,ERP,sub-03
WRONG,paired,sub-07,12,1.887742957105261,ses-04,ERP,sub-05
WRONG,paired,sub-07,12,1.3055135760458356,ses-04,ERP,sub-06
WRONG,paired,sub-07,12,1.3348965061527984,ses-04,ERP,sub-09
WRONG,paired,sub-07,12,1.403785230304399,ses-04,ERP,sub-11
WRONG,paired,sub-07,12,1.779962473286676,ses-04,ERP,sub-12
WRONG,paired,sub-07,12,1.3882063920576249,ses-04,ERP,sub-14
WRONG,paired,sub-07,12,1.6151081289375961,ses-04,ERP,sub-15
WRONG,paired,sub-07,12,1.6352432829519286,ses-04,ERP,sub-17
WRONG,paired,sub-07,12,1.3512964210136156,ses-04,ERP,sub-18
WRONG,paired,sub-07,12,1.2961201370191513,ses-04,ERP,sub-19
WRONG,paired,sub-07,12,1.4123306437241008,ses-04,ERP,sub-21
WRONG,paired,sub-07,12,1.322699513312882,ses-04,ERP,sub-23
WRONG,paired,sub-07,12,1.4177410382412612,ses-04,ERP,sub-24
GAIN_WRONG,paired,sub-07,12,1.4274365589780096,ses-04,ERP,sub-02
GAIN_WRONG,paired,sub-07,12,1.2313102741747934,ses-04,ERP,sub-03
GAIN_WRONG,paired,sub-07,12,1.2924615216051663,ses-04,ERP,sub-05
GAIN_WRONG,paired,sub-07,12,1.2663070473104387,ses-04,ERP,sub-06
GAIN_WRONG,paired,sub-07,12,1.2039475480560666,ses-04,ERP,sub-09
GAIN_WRONG,paired,sub-07,12,1.2773370042794856,ses-04,ERP,sub-11
GAIN_WRONG,paired,sub-07,12,1.2544915581970228,ses-04,ERP,sub-12
GAIN_WRONG,paired,sub-07,12,1.265793918126825,ses-04,ERP,sub-14
GAIN_WRONG,paired,sub-07,12,1.414459028520714,ses-04,ERP,sub-15
GAIN_WRONG,paired,sub-07,12,1.3247740357955724,ses-04,ERP,sub-17
GAIN_WRONG,paired,sub-07,12,1.2810059767477235,ses-04,ERP,sub-18
GAIN_WRONG,paired,sub-07,12,1.284057902624451,ses-04,ERP,sub-19
GAIN_WRONG,paired,sub-07,12,1.2040746750867448,ses-04,ERP,sub-21
GAIN_WRONG,paired,sub-07,12,1.3011273174960414,ses-04,ERP,sub-23
GAIN_WRONG,paired,sub-07,12,1.3204476631058994,ses-04,ERP,sub-24
QUERY_ORACLE,paired,sub-07,12,4.704496820482014e-17,ses-04,SSVEP,
MATCH,paired,sub-07,12,0.6448215930557846,ses-04,SSVEP,
POP,paired,sub-07,12,1.105608833351452,ses-04,SSVEP,
TIME_SHIFT,paired,sub-07,12,1.4881419103118718,ses-04,SSVEP,
CHANNEL_PERM,paired,sub-07,12,1.536317418869092,ses-04,SSVEP,
GAIN_MATCH,paired,sub-07,12,0.7106997911541386,ses-04,SSVEP,
GAIN_POP,paired,sub-07,12,1.105608833351452,ses-04,SSVEP,
NULL,paired,sub-07,12,1.3373661987400576,ses-04,SSVEP,
WRONG,paired,sub-07,12,1.600913415863346,ses-04,SSVEP,sub-02
WRONG,paired,sub-07,12,1.4557164394041224,ses-04,SSVEP,sub-03
WRONG,paired,sub-07,12,1.0909754074984135,ses-04,SSVEP,sub-05
WRONG,paired,sub-07,12,1.2181450735676729,ses-04,SSVEP,sub-06
WRONG,paired,sub-07,12,1.4413576258614216,ses-04,SSVEP,sub-09
WRONG,paired,sub-07,12,1.2942559536816705,ses-04,SSVEP,sub-11
WRONG,paired,sub-07,12,1.6930566956700999,ses-04,SSVEP,sub-12
WRONG,paired,sub-07,12,1.0312048597436,ses-04,SSVEP,sub-14
WRONG,paired,sub-07,12,1.0714491711690564,ses-04,SSVEP,sub-15
WRONG,paired,sub-07,12,1.1485022432831353,ses-04,SSVEP,sub-17
WRONG,paired,sub-07,12,1.4735080239772353,ses-04,SSVEP,sub-18
WRONG,paired,sub-07,12,1.6243323994736958,ses-04,SSVEP,sub-19
WRONG,paired,sub-07,12,1.1247136987569657,ses-04,SSVEP,sub-21
WRONG,paired,sub-07,12,1.1817386125767164,ses-04,SSVEP,sub-23
WRONG,paired,sub-07,12,1.1116581893529418,ses-04,SSVEP,sub-24
GAIN_WRONG,paired,sub-07,12,1.190118637239461,ses-04,SSVEP,sub-02
GAIN_WRONG,paired,sub-07,12,1.2010180583843462,ses-04,SSVEP,sub-03
GAIN_WRONG,paired,sub-07,12,1.0887785810641863,ses-04,SSVEP,sub-05
GAIN_WRONG,paired,sub-07,12,1.1983086409296295,ses-04,SSVEP,sub-06
GAIN_WRONG,paired,sub-07,12,1.1140035435063536,ses-04,SSVEP,sub-09
GAIN_WRONG,paired,sub-07,12,1.0717371968351699,ses-04,SSVEP,sub-11
GAIN_WRONG,paired,sub-07,12,0.9986395820052167,ses-04,SSVEP,sub-12
GAIN_WRONG,paired,sub-07,12,1.0424678946154675,ses-04,SSVEP,sub-14
GAIN_WRONG,paired,sub-07,12,1.0083450252611292,ses-04,SSVEP,sub-15
GAIN_WRONG,paired,sub-07,12,1.0529867510177315,ses-04,SSVEP,sub-17
GAIN_WRONG,paired,sub-07,12,1.118450760225564,ses-04,SSVEP,sub-18
GAIN_WRONG,paired,sub-07,12,1.3830434293544303,ses-04,SSVEP,sub-19
GAIN_WRONG,paired,sub-07,12,1.0020442251844417,ses-04,SSVEP,sub-21
GAIN_WRONG,paired,sub-07,12,1.3180895177304468,ses-04,SSVEP,sub-23
GAIN_WRONG,paired,sub-07,12,1.1207619546807341,ses-04,SSVEP,sub-24
QUERY_ORACLE,paired,sub-09,12,9.806692582438371e-17,ses-02,ERP,
MATCH,paired,sub-09,12,9.634509898136438,ses-02,ERP,
POP,paired,sub-09,12,9.876953990212868,ses-02,ERP,
TIME_SHIFT,paired,sub-09,12,9.969967948838788,ses-02,ERP,
CHANNEL_PERM,paired,sub-09,12,10.379395895148932,ses-02,ERP,
GAIN_MATCH,paired,sub-09,12,9.600354336365307,ses-02,ERP,
GAIN_POP,paired,sub-09,12,9.876953990212868,ses-02,ERP,
NULL,paired,sub-09,12,10.333622053350345,ses-02,ERP,
WRONG,paired,sub-09,12,9.846239595431145,ses-02,ERP,sub-02
WRONG,paired,sub-09,12,9.840170189528324,ses-02,ERP,sub-03
WRONG,paired,sub-09,12,10.171870452495716,ses-02,ERP,sub-05
WRONG,paired,sub-09,12,9.822508274794433,ses-02,ERP,sub-06
WRONG,paired,sub-09,12,9.865668271180587,ses-02,ERP,sub-07
WRONG,paired,sub-09,12,10.00351161312926,ses-02,ERP,sub-11
WRONG,paired,sub-09,12,10.368932250278116,ses-02,ERP,sub-12
WRONG,paired,sub-09,12,9.869346405650775,ses-02,ERP,sub-14
WRONG,paired,sub-09,12,9.869516470417794,ses-02,ERP,sub-15
WRONG,paired,sub-09,12,10.037747465104998,ses-02,ERP,sub-17
WRONG,paired,sub-09,12,9.876644220324138,ses-02,ERP,sub-18
WRONG,paired,sub-09,12,9.931967334450482,ses-02,ERP,sub-19
WRONG,paired,sub-09,12,9.8935083819474,ses-02,ERP,sub-21
WRONG,paired,sub-09,12,9.830203995700314,ses-02,ERP,sub-23
WRONG,paired,sub-09,12,9.879581269815562,ses-02,ERP,sub-24
GAIN_WRONG,paired,sub-09,12,9.848255940133045,ses-02,ERP,sub-02
GAIN_WRONG,paired,sub-09,12,9.815610620698456,ses-02,ERP,sub-03
GAIN_WRONG,paired,sub-09,12,9.918556093323867,ses-02,ERP,sub-05
GAIN_WRONG,paired,sub-09,12,9.84485825976905,ses-02,ERP,sub-06
GAIN_WRONG,paired,sub-09,12,9.858541098847894,ses-02,ERP,sub-07
GAIN_WRONG,paired,sub-09,12,9.922704441734679,ses-02,ERP,sub-11
GAIN_WRONG,paired,sub-09,12,9.928868855291404,ses-02,ERP,sub-12
GAIN_WRONG,paired,sub-09,12,9.87063332638524,ses-02,ERP,sub-14
GAIN_WRONG,paired,sub-09,12,9.850957429165552,ses-02,ERP,sub-15
GAIN_WRONG,paired,sub-09,12,9.885483590874882,ses-02,ERP,sub-17
GAIN_WRONG,paired,sub-09,12,9.83641603249452,ses-02,ERP,sub-18
GAIN_WRONG,paired,sub-09,12,9.876830794247097,ses-02,ERP,sub-19
GAIN_WRONG,paired,sub-09,12,9.868668531737017,ses-02,ERP,sub-21
GAIN_WRONG,paired,sub-09,12,9.814586309544014,ses-02,ERP,sub-23
GAIN_WRONG,paired,sub-09,12,9.856229433793745,ses-02,ERP,sub-24
QUERY_ORACLE,paired,sub-09,12,1.4334305998249448e-16,ses-02,SSVEP,
MATCH,paired,sub-09,12,42.815318576262634,ses-02,SSVEP,
POP,paired,sub-09,12,43.03831526424162,ses-02,SSVEP,
TIME_SHIFT,paired,sub-09,12,42.99894016701624,ses-02,SSVEP,
CHANNEL_PERM,paired,sub-09,12,42.55346247072266,ses-02,SSVEP,
GAIN_MATCH,paired,sub-09,12,42.811108238944364,ses-02,SSVEP,
GAIN_POP,paired,sub-09,12,43.03831526424162,ses-02,SSVEP,
NULL,paired,sub-09,12,42.705870784833316,ses-02,SSVEP,
WRONG,paired,sub-09,12,43.02380694255936,ses-02,SSVEP,sub-02
WRONG,paired,sub-09,12,43.12344096855076,ses-02,SSVEP,sub-03
WRONG,paired,sub-09,12,43.01031778208377,ses-02,SSVEP,sub-05
WRONG,paired,sub-09,12,42.904909391146184,ses-02,SSVEP,sub-06
WRONG,paired,sub-09,12,43.06975847914571,ses-02,SSVEP,sub-07
WRONG,paired,sub-09,12,43.00835018825851,ses-02,SSVEP,sub-11
WRONG,paired,sub-09,12,43.45444094774103,ses-02,SSVEP,sub-12
WRONG,paired,sub-09,12,43.0039316347754,ses-02,SSVEP,sub-14
WRONG,paired,sub-09,12,43.00009586337802,ses-02,SSVEP,sub-15
WRONG,paired,sub-09,12,43.56061325148112,ses-02,SSVEP,sub-17
WRONG,paired,sub-09,12,43.2246067670186,ses-02,SSVEP,sub-18
WRONG,paired,sub-09,12,43.07765021850445,ses-02,SSVEP,sub-19
WRONG,paired,sub-09,12,43.253549306866894,ses-02,SSVEP,sub-21
WRONG,paired,sub-09,12,42.80312420269643,ses-02,SSVEP,sub-23
WRONG,paired,sub-09,12,43.24833642603651,ses-02,SSVEP,sub-24
GAIN_WRONG,paired,sub-09,12,42.945888122396646,ses-02,SSVEP,sub-02
GAIN_WRONG,paired,sub-09,12,42.92369712842113,ses-02,SSVEP,sub-03
GAIN_WRONG,paired,sub-09,12,42.996462485459915,ses-02,SSVEP,sub-05
GAIN_WRONG,paired,sub-09,12,42.996728230241764,ses-02,SSVEP,sub-06
GAIN_WRONG,paired,sub-09,12,43.011471218941175,ses-02,SSVEP,sub-07
GAIN_WRONG,paired,sub-09,12,43.01477598245208,ses-02,SSVEP,sub-11
GAIN_WRONG,paired,sub-09,12,42.916101030789996,ses-02,SSVEP,sub-12
GAIN_WRONG,paired,sub-09,12,42.951821381215645,ses-02,SSVEP,sub-14
GAIN_WRONG,paired,sub-09,12,43.02749506861435,ses-02,SSVEP,sub-15
GAIN_WRONG,paired,sub-09,12,42.90373992597706,ses-02,SSVEP,sub-17
GAIN_WRONG,paired,sub-09,12,42.86109763828234,ses-02,SSVEP,sub-18
GAIN_WRONG,paired,sub-09,12,42.99439328364053,ses-02,SSVEP,sub-19
GAIN_WRONG,paired,sub-09,12,43.01569882173848,ses-02,SSVEP,sub-21
GAIN_WRONG,paired,sub-09,12,42.89798918272285,ses-02,SSVEP,sub-23
GAIN_WRONG,paired,sub-09,12,43.29725111550923,ses-02,SSVEP,sub-24
QUERY_ORACLE,paired,sub-09,12,1.968241984828159e-16,ses-03,ERP,
MATCH,paired,sub-09,12,34.18667780240443,ses-03,ERP,
POP,paired,sub-09,12,34.7969480123809,ses-03,ERP,
TIME_SHIFT,paired,sub-09,12,35.11393197976422,ses-03,ERP,
CHANNEL_PERM,paired,sub-09,12,34.58289756880009,ses-03,ERP,
GAIN_MATCH,paired,sub-09,12,34.33798617400577,ses-03,ERP,
GAIN_POP,paired,sub-09,12,34.7969480123809,ses-03,ERP,
NULL,paired,sub-09,12,34.56985277498046,ses-03,ERP,
WRONG,paired,sub-09,12,34.61287933532027,ses-03,ERP,sub-02
WRONG,paired,sub-09,12,34.54700647674701,ses-03,ERP,sub-03
WRONG,paired,sub-09,12,34.581009455755556,ses-03,ERP,sub-05
WRONG,paired,sub-09,12,34.48812212113517,ses-03,ERP,sub-06
WRONG,paired,sub-09,12,34.48788779290023,ses-03,ERP,sub-07
WRONG,paired,sub-09,12,34.52816800160955,ses-03,ERP,sub-11
WRONG,paired,sub-09,12,34.593298513992856,ses-03,ERP,sub-12
WRONG,paired,sub-09,12,34.51736753122015,ses-03,ERP,sub-14
WRONG,paired,sub-09,12,34.5742271006056,ses-03,ERP,sub-15
WRONG,paired,sub-09,12,34.575051069129245,ses-03,ERP,sub-17
WRONG,paired,sub-09,12,34.5114522329037,ses-03,ERP,sub-18
WRONG,paired,sub-09,12,34.56014810927947,ses-03,ERP,sub-19
WRONG,paired,sub-09,12,36.73660760907229,ses-03,ERP,sub-21
WRONG,paired,sub-09,12,34.59150835519099,ses-03,ERP,sub-23
WRONG,paired,sub-09,12,34.47764590722526,ses-03,ERP,sub-24
GAIN_WRONG,paired,sub-09,12,34.61267429454424,ses-03,ERP,sub-02
GAIN_WRONG,paired,sub-09,12,34.547462939127996,ses-03,ERP,sub-03
GAIN_WRONG,paired,sub-09,12,34.55693504116949,ses-03,ERP,sub-05
GAIN_WRONG,paired,sub-09,12,34.48725575767672,ses-03,ERP,sub-06
GAIN_WRONG,paired,sub-09,12,34.487929964097965,ses-03,ERP,sub-07
GAIN_WRONG,paired,sub-09,12,34.53126173777755,ses-03,ERP,sub-11
GAIN_WRONG,paired,sub-09,12,34.56658681404242,ses-03,ERP,sub-12
GAIN_WRONG,paired,sub-09,12,34.51451932131696,ses-03,ERP,sub-14
GAIN_WRONG,paired,sub-09,12,34.574531352075866,ses-03,ERP,sub-15
GAIN_WRONG,paired,sub-09,12,34.5386404676071,ses-03,ERP,sub-17
GAIN_WRONG,paired,sub-09,12,34.51402040390309,ses-03,ERP,sub-18
GAIN_WRONG,paired,sub-09,12,34.55937475042841,ses-03,ERP,sub-19
GAIN_WRONG,paired,sub-09,12,35.39157920449226,ses-03,ERP,sub-21
GAIN_WRONG,paired,sub-09,12,34.589849724454886,ses-03,ERP,sub-23
GAIN_WRONG,paired,sub-09,12,34.47774643503981,ses-03,ERP,sub-24
QUERY_ORACLE,paired,sub-09,12,4.088148631799321e-17,ses-03,SSVEP,
MATCH,paired,sub-09,12,0.7344662606436584,ses-03,SSVEP,
POP,paired,sub-09,12,1.7269956797051889,ses-03,SSVEP,
TIME_SHIFT,paired,sub-09,12,1.1698269821851677,ses-03,SSVEP,
CHANNEL_PERM,paired,sub-09,12,1.3034093627343342,ses-03,SSVEP,
GAIN_MATCH,paired,sub-09,12,2.060416989949058,ses-03,SSVEP,
GAIN_POP,paired,sub-09,12,1.7269956797051889,ses-03,SSVEP,
NULL,paired,sub-09,12,1.0399385226638758,ses-03,SSVEP,
WRONG,paired,sub-09,12,2.801304598772765,ses-03,SSVEP,sub-02
WRONG,paired,sub-09,12,0.9151554061828361,ses-03,SSVEP,sub-03
WRONG,paired,sub-09,12,0.8549765952446012,ses-03,SSVEP,sub-05
WRONG,paired,sub-09,12,0.7517125155188803,ses-03,SSVEP,sub-06
WRONG,paired,sub-09,12,0.8383101898022819,ses-03,SSVEP,sub-07
WRONG,paired,sub-09,12,1.4956693810700363,ses-03,SSVEP,sub-11
WRONG,paired,sub-09,12,1.6033810912692734,ses-03,SSVEP,sub-12
WRONG,paired,sub-09,12,0.9052893484462486,ses-03,SSVEP,sub-14
WRONG,paired,sub-09,12,0.8749980607030866,ses-03,SSVEP,sub-15
WRONG,paired,sub-09,12,1.7678836305139363,ses-03,SSVEP,sub-17
WRONG,paired,sub-09,12,1.284789131608475,ses-03,SSVEP,sub-18
WRONG,paired,sub-09,12,0.9680560405149432,ses-03,SSVEP,sub-19
WRONG,paired,sub-09,12,1.1644874181580096,ses-03,SSVEP,sub-21
WRONG,paired,sub-09,12,1.028249847941293,ses-03,SSVEP,sub-23
WRONG,paired,sub-09,12,0.9268410323875771,ses-03,SSVEP,sub-24
GAIN_WRONG,paired,sub-09,12,1.640010828198575,ses-03,SSVEP,sub-02
GAIN_WRONG,paired,sub-09,12,1.871528042397469,ses-03,SSVEP,sub-03
GAIN_WRONG,paired,sub-09,12,1.9217998372221314,ses-03,SSVEP,sub-05
GAIN_WRONG,paired,sub-09,12,2.218794497990553,ses-03,SSVEP,sub-06
GAIN_WRONG,paired,sub-09,12,1.434839942610533,ses-03,SSVEP,sub-07
GAIN_WRONG,paired,sub-09,12,1.3724356647630975,ses-03,SSVEP,sub-11
GAIN_WRONG,paired,sub-09,12,2.775896934989586,ses-03,SSVEP,sub-12
GAIN_WRONG,paired,sub-09,12,2.0522550595249927,ses-03,SSVEP,sub-14
GAIN_WRONG,paired,sub-09,12,2.1084722951550736,ses-03,SSVEP,sub-15
GAIN_WRONG,paired,sub-09,12,1.6271840003926217,ses-03,SSVEP,sub-17
GAIN_WRONG,paired,sub-09,12,2.3360928083589254,ses-03,SSVEP,sub-18
GAIN_WRONG,paired,sub-09,12,1.3475822800985557,ses-03,SSVEP,sub-19
GAIN_WRONG,paired,sub-09,12,2.1265526866385778,ses-03,SSVEP,sub-21
GAIN_WRONG,paired,sub-09,12,1.8103607765857488,ses-03,SSVEP,sub-23
GAIN_WRONG,paired,sub-09,12,2.6463155830074414,ses-03,SSVEP,sub-24
QUERY_ORACLE,paired,sub-09,12,1.0284248863025323e-16,ses-04,ERP,
MATCH,paired,sub-09,12,8.070580597523113,ses-04,ERP,
POP,paired,sub-09,12,8.113037533998108,ses-04,ERP,
TIME_SHIFT,paired,sub-09,12,8.363902087091425,ses-04,ERP,
CHANNEL_PERM,paired,sub-09,12,8.423464371402003,ses-04,ERP,
GAIN_MATCH,paired,sub-09,12,8.084469964242766,ses-04,ERP,
GAIN_POP,paired,sub-09,12,8.113037533998108,ses-04,ERP,
NULL,paired,sub-09,12,8.371268478847254,ses-04,ERP,
WRONG,paired,sub-09,12,8.044911162900489,ses-04,ERP,sub-02
WRONG,paired,sub-09,12,8.095205035868155,ses-04,ERP,sub-03
WRONG,paired,sub-09,12,8.191166363750114,ses-04,ERP,sub-05
WRONG,paired,sub-09,12,8.130908197425263,ses-04,ERP,sub-06
WRONG,paired,sub-09,12,8.10282410284271,ses-04,ERP,sub-07
WRONG,paired,sub-09,12,8.135154236074575,ses-04,ERP,sub-11
WRONG,paired,sub-09,12,8.212957480509191,ses-04,ERP,sub-12
WRONG,paired,sub-09,12,8.116591653418391,ses-04,ERP,sub-14
WRONG,paired,sub-09,12,8.14612749554743,ses-04,ERP,sub-15
WRONG,paired,sub-09,12,8.164389056280422,ses-04,ERP,sub-17
WRONG,paired,sub-09,12,8.157118833625786,ses-04,ERP,sub-18
WRONG,paired,sub-09,12,8.078605473245085,ses-04,ERP,sub-19
WRONG,paired,sub-09,12,8.461436349813104,ses-04,ERP,sub-21
WRONG,paired,sub-09,12,8.203904070722814,ses-04,ERP,sub-23
WRONG,paired,sub-09,12,8.102264478342539,ses-04,ERP,sub-24
GAIN_WRONG,paired,sub-09,12,8.160331965306495,ses-04,ERP,sub-02
GAIN_WRONG,paired,sub-09,12,8.136130203634439,ses-04,ERP,sub-03
GAIN_WRONG,paired,sub-09,12,8.181123101887621,ses-04,ERP,sub-05
GAIN_WRONG,paired,sub-09,12,8.136362609494315,ses-04,ERP,sub-06
GAIN_WRONG,paired,sub-09,12,8.146709492320541,ses-04,ERP,sub-07
GAIN_WRONG,paired,sub-09,12,8.136344432385687,ses-04,ERP,sub-11
GAIN_WRONG,paired,sub-09,12,8.15909720999539,ses-04,ERP,sub-12
GAIN_WRONG,paired,sub-09,12,8.128487031049728,ses-04,ERP,sub-14
GAIN_WRONG,paired,sub-09,12,8.213545884014469,ses-04,ERP,sub-15
GAIN_WRONG,paired,sub-09,12,8.14389338051659,ses-04,ERP,sub-17
GAIN_WRONG,paired,sub-09,12,8.166700890524728,ses-04,ERP,sub-18
GAIN_WRONG,paired,sub-09,12,8.083714800341095,ses-04,ERP,sub-19
GAIN_WRONG,paired,sub-09,12,8.376983253568586,ses-04,ERP,sub-21
GAIN_WRONG,paired,sub-09,12,8.174875924357698,ses-04,ERP,sub-23
GAIN_WRONG,paired,sub-09,12,8.10910023261166,ses-04,ERP,sub-24
QUERY_ORACLE,paired,sub-09,12,6.282779143560706e-17,ses-04,SSVEP,
MATCH,paired,sub-09,12,2.605337045230144,ses-04,SSVEP,
POP,paired,sub-09,12,2.613037620385491,ses-04,SSVEP,
TIME_SHIFT,paired,sub-09,12,2.882197517272763,ses-04,SSVEP,
CHANNEL_PERM,paired,sub-09,12,3.4656227798272305,ses-04,SSVEP,
GAIN_MATCH,paired,sub-09,12,2.8054380155062764,ses-04,SSVEP,
GAIN_POP,paired,sub-09,12,2.613037620385491,ses-04,SSVEP,
NULL,paired,sub-09,12,3.52327338086457,ses-04,SSVEP,
WRONG,paired,sub-09,12,3.5806428019336285,ses-04,SSVEP,sub-02
WRONG,paired,sub-09,12,3.4719457747278213,ses-04,SSVEP,sub-03
WRONG,paired,sub-09,12,3.2086066123594965,ses-04,SSVEP,sub-05
WRONG,paired,sub-09,12,3.2495984573092453,ses-04,SSVEP,sub-06
WRONG,paired,sub-09,12,3.2915177826109474,ses-04,SSVEP,sub-07
WRONG,paired,sub-09,12,3.290956856711244,ses-04,SSVEP,sub-11
WRONG,paired,sub-09,12,3.4125287285139088,ses-04,SSVEP,sub-12
WRONG,paired,sub-09,12,3.1825881726683747,ses-04,SSVEP,sub-14
WRONG,paired,sub-09,12,3.2950490438111415,ses-04,SSVEP,sub-15
WRONG,paired,sub-09,12,3.234880029811677,ses-04,SSVEP,sub-17
WRONG,paired,sub-09,12,3.0046805206194738,ses-04,SSVEP,sub-18
WRONG,paired,sub-09,12,2.1979188891773327,ses-04,SSVEP,sub-19
WRONG,paired,sub-09,12,3.2087436599369794,ses-04,SSVEP,sub-21
WRONG,paired,sub-09,12,3.414795293827959,ses-04,SSVEP,sub-23
WRONG,paired,sub-09,12,3.256532902608162,ses-04,SSVEP,sub-24
GAIN_WRONG,paired,sub-09,12,3.4273877094924035,ses-04,SSVEP,sub-02
GAIN_WRONG,paired,sub-09,12,3.389846739782158,ses-04,SSVEP,sub-03
GAIN_WRONG,paired,sub-09,12,3.2104217811537765,ses-04,SSVEP,sub-05
GAIN_WRONG,paired,sub-09,12,3.243347332162156,ses-04,SSVEP,sub-06
GAIN_WRONG,paired,sub-09,12,3.2974471360410327,ses-04,SSVEP,sub-07
GAIN_WRONG,paired,sub-09,12,3.259815156847862,ses-04,SSVEP,sub-11
GAIN_WRONG,paired,sub-09,12,3.232243555618726,ses-04,SSVEP,sub-12
GAIN_WRONG,paired,sub-09,12,3.183582818679818,ses-04,SSVEP,sub-14
GAIN_WRONG,paired,sub-09,12,3.305604739114852,ses-04,SSVEP,sub-15
GAIN_WRONG,paired,sub-09,12,3.2282929668595988,ses-04,SSVEP,sub-17
GAIN_WRONG,paired,sub-09,12,3.11576062279095,ses-04,SSVEP,sub-18
GAIN_WRONG,paired,sub-09,12,2.368870168184309,ses-04,SSVEP,sub-19
GAIN_WRONG,paired,sub-09,12,3.1973016940686914,ses-04,SSVEP,sub-21
GAIN_WRONG,paired,sub-09,12,3.43309265561626,ses-04,SSVEP,sub-23
GAIN_WRONG,paired,sub-09,12,3.2537821455863694,ses-04,SSVEP,sub-24
QUERY_ORACLE,paired,sub-11,12,9.180142355281513e-17,ses-02,ERP,
MATCH,paired,sub-11,12,1.8482635503087803,ses-02,ERP,
POP,paired,sub-11,12,2.1415220828424832,ses-02,ERP,
TIME_SHIFT,paired,sub-11,12,3.999505941060597,ses-02,ERP,
CHANNEL_PERM,paired,sub-11,12,3.401523098043326,ses-02,ERP,
GAIN_MATCH,paired,sub-11,12,1.9932449418653722,ses-02,ERP,
GAIN_POP,paired,sub-11,12,2.1415220828424832,ses-02,ERP,
NULL,paired,sub-11,12,4.574137159480919,ses-02,ERP,
WRONG,paired,sub-11,12,2.521068846518743,ses-02,ERP,sub-02
WRONG,paired,sub-11,12,2.2372586162194454,ses-02,ERP,sub-03
WRONG,paired,sub-11,12,1.8006935310037833,ses-02,ERP,sub-05
WRONG,paired,sub-11,12,2.27351360271408,ses-02,ERP,sub-06
WRONG,paired,sub-11,12,2.413243722494257,ses-02,ERP,sub-07
WRONG,paired,sub-11,12,2.4624384867411564,ses-02,ERP,sub-09
WRONG,paired,sub-11,12,2.369551135270101,ses-02,ERP,sub-12
WRONG,paired,sub-11,12,2.180038460044255,ses-02,ERP,sub-14
WRONG,paired,sub-11,12,2.4564442147444434,ses-02,ERP,sub-15
WRONG,paired,sub-11,12,2.1420890611176913,ses-02,ERP,sub-17
WRONG,paired,sub-11,12,2.49432242311669,ses-02,ERP,sub-18
WRONG,paired,sub-11,12,2.093585965616305,ses-02,ERP,sub-19
WRONG,paired,sub-11,12,2.12451843173246,ses-02,ERP,sub-21
WRONG,paired,sub-11,12,2.6289831856848496,ses-02,ERP,sub-23
WRONG,paired,sub-11,12,2.1750904208668174,ses-02,ERP,sub-24
GAIN_WRONG,paired,sub-11,12,2.5053789983777843,ses-02,ERP,sub-02
GAIN_WRONG,paired,sub-11,12,2.3600542674408405,ses-02,ERP,sub-03
GAIN_WRONG,paired,sub-11,12,2.0305783961453607,ses-02,ERP,sub-05
GAIN_WRONG,paired,sub-11,12,2.181100619833513,ses-02,ERP,sub-06
GAIN_WRONG,paired,sub-11,12,2.439140410724477,ses-02,ERP,sub-07
GAIN_WRONG,paired,sub-11,12,2.781035893638729,ses-02,ERP,sub-09
GAIN_WRONG,paired,sub-11,12,2.5386489283882345,ses-02,ERP,sub-12
GAIN_WRONG,paired,sub-11,12,2.1723787455949655,ses-02,ERP,sub-14
GAIN_WRONG,paired,sub-11,12,2.529995475687421,ses-02,ERP,sub-15
GAIN_WRONG,paired,sub-11,12,2.280355102828627,ses-02,ERP,sub-17
GAIN_WRONG,paired,sub-11,12,2.6411117528592274,ses-02,ERP,sub-18
GAIN_WRONG,paired,sub-11,12,2.341205493513568,ses-02,ERP,sub-19
GAIN_WRONG,paired,sub-11,12,2.1982179646832396,ses-02,ERP,sub-21
GAIN_WRONG,paired,sub-11,12,2.7703078724433645,ses-02,ERP,sub-23
GAIN_WRONG,paired,sub-11,12,2.226493890551007,ses-02,ERP,sub-24
QUERY_ORACLE,paired,sub-11,12,8.003350106900537e-17,ses-02,SSVEP,
MATCH,paired,sub-11,12,2.388463522439593,ses-02,SSVEP,
POP,paired,sub-11,12,3.3266725898545526,ses-02,SSVEP,
TIME_SHIFT,paired,sub-11,12,2.6793752805949755,ses-02,SSVEP,
CHANNEL_PERM,paired,sub-11,12,3.83859433494336,ses-02,SSVEP,
GAIN_MATCH,paired,sub-11,12,2.663163837388655,ses-02,SSVEP,
GAIN_POP,paired,sub-11,12,3.3266725898545526,ses-02,SSVEP,
NULL,paired,sub-11,12,3.864220837034566,ses-02,SSVEP,
WRONG,paired,sub-11,12,1.5596849829362134,ses-02,SSVEP,sub-02
WRONG,paired,sub-11,12,1.4433675691359895,ses-02,SSVEP,sub-03
WRONG,paired,sub-11,12,1.1468896148790515,ses-02,SSVEP,sub-05
WRONG,paired,sub-11,12,1.1693968826938688,ses-02,SSVEP,sub-06
WRONG,paired,sub-11,12,1.1634659046648503,ses-02,SSVEP,sub-07
WRONG,paired,sub-11,12,9.454013883631333,ses-02,SSVEP,sub-09
WRONG,paired,sub-11,12,2.6140484634870877,ses-02,SSVEP,sub-12
WRONG,paired,sub-11,12,1.231160606151524,ses-02,SSVEP,sub-14
WRONG,paired,sub-11,12,1.682651306668595,ses-02,SSVEP,sub-15
WRONG,paired,sub-11,12,4.345801383353317,ses-02,SSVEP,sub-17
WRONG,paired,sub-11,12,1.876178651640714,ses-02,SSVEP,sub-18
WRONG,paired,sub-11,12,1.4529144656939696,ses-02,SSVEP,sub-19
WRONG,paired,sub-11,12,1.5879802982739388,ses-02,SSVEP,sub-21
WRONG,paired,sub-11,12,1.7746442033640168,ses-02,SSVEP,sub-23
WRONG,paired,sub-11,12,1.362848139013504,ses-02,SSVEP,sub-24
GAIN_WRONG,paired,sub-11,12,1.9191617340269864,ses-02,SSVEP,sub-02
GAIN_WRONG,paired,sub-11,12,1.558059188727958,ses-02,SSVEP,sub-03
GAIN_WRONG,paired,sub-11,12,2.006289112647277,ses-02,SSVEP,sub-05
GAIN_WRONG,paired,sub-11,12,2.470803290743369,ses-02,SSVEP,sub-06
GAIN_WRONG,paired,sub-11,12,2.0600679244967184,ses-02,SSVEP,sub-07
GAIN_WRONG,paired,sub-11,12,4.666091819963071,ses-02,SSVEP,sub-09
GAIN_WRONG,paired,sub-11,12,1.9841959529163418,ses-02,SSVEP,sub-12
GAIN_WRONG,paired,sub-11,12,1.9439709356882944,ses-02,SSVEP,sub-14
GAIN_WRONG,paired,sub-11,12,2.3735401776810945,ses-02,SSVEP,sub-15
GAIN_WRONG,paired,sub-11,12,2.3603486750157376,ses-02,SSVEP,sub-17
GAIN_WRONG,paired,sub-11,12,1.9134033251832754,ses-02,SSVEP,sub-18
GAIN_WRONG,paired,sub-11,12,2.104264386841521,ses-02,SSVEP,sub-19
GAIN_WRONG,paired,sub-11,12,2.5169602148029893,ses-02,SSVEP,sub-21
GAIN_WRONG,paired,sub-11,12,1.8229857533735974,ses-02,SSVEP,sub-23
GAIN_WRONG,paired,sub-11,12,2.960650651582517,ses-02,SSVEP,sub-24
QUERY_ORACLE,paired,sub-11,12,8.184173470015179e-17,ses-03,ERP,
MATCH,paired,sub-11,12,0.326487820508185,ses-03,ERP,
POP,paired,sub-11,12,0.8402890796720676,ses-03,ERP,
TIME_SHIFT,paired,sub-11,12,2.325160151789902,ses-03,ERP,
CHANNEL_PERM,paired,sub-11,12,1.877275153262859,ses-03,ERP,
GAIN_MATCH,paired,sub-11,12,0.44215109060694396,ses-03,ERP,
GAIN_POP,paired,sub-11,12,0.8402890796720676,ses-03,ERP,
NULL,paired,sub-11,12,2.4379480051626135,ses-03,ERP,
WRONG,paired,sub-11,12,1.1399694909906302,ses-03,ERP,sub-02
WRONG,paired,sub-11,12,0.6387521830747329,ses-03,ERP,sub-03
WRONG,paired,sub-11,12,0.6284291698235674,ses-03,ERP,sub-05
WRONG,paired,sub-11,12,0.850845698455433,ses-03,ERP,sub-06
WRONG,paired,sub-11,12,0.6020474103968364,ses-03,ERP,sub-07
WRONG,paired,sub-11,12,2.875725118370488,ses-03,ERP,sub-09
WRONG,paired,sub-11,12,0.7875701462208097,ses-03,ERP,sub-12
WRONG,paired,sub-11,12,0.6737092432309382,ses-03,ERP,sub-14
WRONG,paired,sub-11,12,1.0430652681409702,ses-03,ERP,sub-15
WRONG,paired,sub-11,12,1.1848488971264703,ses-03,ERP,sub-17
WRONG,paired,sub-11,12,0.6544910126889808,ses-03,ERP,sub-18
WRONG,paired,sub-11,12,0.7080397948603502,ses-03,ERP,sub-19
WRONG,paired,sub-11,12,3.3358514920735196,ses-03,ERP,sub-21
WRONG,paired,sub-11,12,1.6587515175881034,ses-03,ERP,sub-23
WRONG,paired,sub-11,12,0.5792768953946988,ses-03,ERP,sub-24
GAIN_WRONG,paired,sub-11,12,1.0920024916927078,ses-03,ERP,sub-02
GAIN_WRONG,paired,sub-11,12,0.5645490411953441,ses-03,ERP,sub-03
GAIN_WRONG,paired,sub-11,12,0.4500558820294492,ses-03,ERP,sub-05
GAIN_WRONG,paired,sub-11,12,0.6956667577804502,ses-03,ERP,sub-06
GAIN_WRONG,paired,sub-11,12,0.5688770282647341,ses-03,ERP,sub-07
GAIN_WRONG,paired,sub-11,12,1.966685786470891,ses-03,ERP,sub-09
GAIN_WRONG,paired,sub-11,12,0.5835006518738172,ses-03,ERP,sub-12
GAIN_WRONG,paired,sub-11,12,0.6863695304720877,ses-03,ERP,sub-14
GAIN_WRONG,paired,sub-11,12,0.9941254069028288,ses-03,ERP,sub-15
GAIN_WRONG,paired,sub-11,12,1.3012113270464816,ses-03,ERP,sub-17
GAIN_WRONG,paired,sub-11,12,0.5038638140581172,ses-03,ERP,sub-18
GAIN_WRONG,paired,sub-11,12,0.6528632443567964,ses-03,ERP,sub-19
GAIN_WRONG,paired,sub-11,12,2.172021558103506,ses-03,ERP,sub-21
GAIN_WRONG,paired,sub-11,12,1.6440912634049125,ses-03,ERP,sub-23
GAIN_WRONG,paired,sub-11,12,0.558062063120937,ses-03,ERP,sub-24
QUERY_ORACLE,paired,sub-11,12,6.091734879207851e-17,ses-03,SSVEP,
MATCH,paired,sub-11,12,0.6231737112891783,ses-03,SSVEP,
POP,paired,sub-11,12,2.3933846367812506,ses-03,SSVEP,
TIME_SHIFT,paired,sub-11,12,2.3368460384604863,ses-03,SSVEP,
CHANNEL_PERM,paired,sub-11,12,1.824893913089931,ses-03,SSVEP,
GAIN_MATCH,paired,sub-11,12,0.5805255716957637,ses-03,SSVEP,
GAIN_POP,paired,sub-11,12,2.3933846367812506,ses-03,SSVEP,
NULL,paired,sub-11,12,2.4410428098144004,ses-03,SSVEP,
WRONG,paired,sub-11,12,3.579190727226005,ses-03,SSVEP,sub-02
WRONG,paired,sub-11,12,1.6005023204076776,ses-03,SSVEP,sub-03
WRONG,paired,sub-11,12,1.6820587177110093,ses-03,SSVEP,sub-05
WRONG,paired,sub-11,12,1.5309566672489108,ses-03,SSVEP,sub-06
WRONG,paired,sub-11,12,1.5859870771675357,ses-03,SSVEP,sub-07
WRONG,paired,sub-11,12,1.5860690834819862,ses-03,SSVEP,sub-09
WRONG,paired,sub-11,12,1.6908388033368598,ses-03,SSVEP,sub-12
WRONG,paired,sub-11,12,1.6286702747976722,ses-03,SSVEP,sub-14
WRONG,paired,sub-11,12,1.4585868040817607,ses-03,SSVEP,sub-15
WRONG,paired,sub-11,12,2.598638129910517,ses-03,SSVEP,sub-17
WRONG,paired,sub-11,12,1.5305946830326187,ses-03,SSVEP,sub-18
WRONG,paired,sub-11,12,1.6538901244528066,ses-03,SSVEP,sub-19
WRONG,paired,sub-11,12,1.5807388585819409,ses-03,SSVEP,sub-21
WRONG,paired,sub-11,12,2.316824599299861,ses-03,SSVEP,sub-23
WRONG,paired,sub-11,12,1.4574697308800497,ses-03,SSVEP,sub-24
GAIN_WRONG,paired,sub-11,12,2.600811863217853,ses-03,SSVEP,sub-02
GAIN_WRONG,paired,sub-11,12,2.1848875681016016,ses-03,SSVEP,sub-03
GAIN_WRONG,paired,sub-11,12,2.2851449585496995,ses-03,SSVEP,sub-05
GAIN_WRONG,paired,sub-11,12,2.4265607170072223,ses-03,SSVEP,sub-06
GAIN_WRONG,paired,sub-11,12,1.7856007468322772,ses-03,SSVEP,sub-07
GAIN_WRONG,paired,sub-11,12,2.440860995037659,ses-03,SSVEP,sub-09
GAIN_WRONG,paired,sub-11,12,2.8285679780772046,ses-03,SSVEP,sub-12
GAIN_WRONG,paired,sub-11,12,2.359764212829645,ses-03,SSVEP,sub-14
GAIN_WRONG,paired,sub-11,12,2.068448474192801,ses-03,SSVEP,sub-15
GAIN_WRONG,paired,sub-11,12,2.4846266456026744,ses-03,SSVEP,sub-17
GAIN_WRONG,paired,sub-11,12,2.4292036248007407,ses-03,SSVEP,sub-18
GAIN_WRONG,paired,sub-11,12,1.813132018348453,ses-03,SSVEP,sub-19
GAIN_WRONG,paired,sub-11,12,2.3021776469569146,ses-03,SSVEP,sub-21
GAIN_WRONG,paired,sub-11,12,2.6137008448616763,ses-03,SSVEP,sub-23
GAIN_WRONG,paired,sub-11,12,2.741705509540647,ses-03,SSVEP,sub-24
QUERY_ORACLE,paired,sub-11,12,5.567898075046459e-17,ses-04,ERP,
MATCH,paired,sub-11,12,0.6452778405370765,ses-04,ERP,
POP,paired,sub-11,12,0.6359649714008159,ses-04,ERP,
TIME_SHIFT,paired,sub-11,12,1.662184196827632,ses-04,ERP,
CHANNEL_PERM,paired,sub-11,12,1.6104552329670785,ses-04,ERP,
GAIN_MATCH,paired,sub-11,12,0.6516594894195366,ses-04,ERP,
GAIN_POP,paired,sub-11,12,0.6359649714008159,ses-04,ERP,
NULL,paired,sub-11,12,1.8668394613665233,ses-04,ERP,
WRONG,paired,sub-11,12,1.6130923469274465,ses-04,ERP,sub-02
WRONG,paired,sub-11,12,0.8763220371927997,ses-04,ERP,sub-03
WRONG,paired,sub-11,12,1.3634017815568675,ses-04,ERP,sub-05
WRONG,paired,sub-11,12,0.9269665924015945,ses-04,ERP,sub-06
WRONG,paired,sub-11,12,1.0120062647373431,ses-04,ERP,sub-07
WRONG,paired,sub-11,12,0.7547667787708546,ses-04,ERP,sub-09
WRONG,paired,sub-11,12,1.1060929217778852,ses-04,ERP,sub-12
WRONG,paired,sub-11,12,0.6930664459252962,ses-04,ERP,sub-14
WRONG,paired,sub-11,12,1.5160355295776375,ses-04,ERP,sub-15
WRONG,paired,sub-11,12,0.8921392978874962,ses-04,ERP,sub-17
WRONG,paired,sub-11,12,0.7520672945277239,ses-04,ERP,sub-18
WRONG,paired,sub-11,12,0.7551573202946115,ses-04,ERP,sub-19
WRONG,paired,sub-11,12,1.2105881013741737,ses-04,ERP,sub-21
WRONG,paired,sub-11,12,1.4101682058159704,ses-04,ERP,sub-23
WRONG,paired,sub-11,12,0.7142025991915258,ses-04,ERP,sub-24
GAIN_WRONG,paired,sub-11,12,1.5737015097185154,ses-04,ERP,sub-02
GAIN_WRONG,paired,sub-11,12,1.0317254101620277,ses-04,ERP,sub-03
GAIN_WRONG,paired,sub-11,12,1.140203741201422,ses-04,ERP,sub-05
GAIN_WRONG,paired,sub-11,12,0.9397137287863702,ses-04,ERP,sub-06
GAIN_WRONG,paired,sub-11,12,1.1337640314095083,ses-04,ERP,sub-07
GAIN_WRONG,paired,sub-11,12,0.7459087075644845,ses-04,ERP,sub-09
GAIN_WRONG,paired,sub-11,12,0.7301302958366754,ses-04,ERP,sub-12
GAIN_WRONG,paired,sub-11,12,0.7464974675235148,ses-04,ERP,sub-14
GAIN_WRONG,paired,sub-11,12,1.4873223501027806,ses-04,ERP,sub-15
GAIN_WRONG,paired,sub-11,12,0.7289790805075103,ses-04,ERP,sub-17
GAIN_WRONG,paired,sub-11,12,0.8493003132717067,ses-04,ERP,sub-18
GAIN_WRONG,paired,sub-11,12,0.7733308634752337,ses-04,ERP,sub-19
GAIN_WRONG,paired,sub-11,12,1.204127851104271,ses-04,ERP,sub-21
GAIN_WRONG,paired,sub-11,12,1.343755415727195,ses-04,ERP,sub-23
GAIN_WRONG,paired,sub-11,12,0.7364356839904427,ses-04,ERP,sub-24
QUERY_ORACLE,paired,sub-11,12,6.573629958839891e-17,ses-04,SSVEP,
MATCH,paired,sub-11,12,2.024295888954962,ses-04,SSVEP,
POP,paired,sub-11,12,2.587910372803082,ses-04,SSVEP,
TIME_SHIFT,paired,sub-11,12,2.9358270269999522,ses-04,SSVEP,
CHANNEL_PERM,paired,sub-11,12,2.5960119981841427,ses-04,SSVEP,
GAIN_MATCH,paired,sub-11,12,2.1108992981096173,ses-04,SSVEP,
GAIN_POP,paired,sub-11,12,2.587910372803082,ses-04,SSVEP,
NULL,paired,sub-11,12,2.7568924282844613,ses-04,SSVEP,
WRONG,paired,sub-11,12,3.229470865066588,ses-04,SSVEP,sub-02
WRONG,paired,sub-11,12,2.2311906068273415,ses-04,SSVEP,sub-03
WRONG,paired,sub-11,12,2.4356020805815732,ses-04,SSVEP,sub-05
WRONG,paired,sub-11,12,2.39145385114388,ses-04,SSVEP,sub-06
WRONG,paired,sub-11,12,2.5191007597521478,ses-04,SSVEP,sub-07
WRONG,paired,sub-11,12,2.6629022842180667,ses-04,SSVEP,sub-09
WRONG,paired,sub-11,12,2.750354905410353,ses-04,SSVEP,sub-12
WRONG,paired,sub-11,12,2.3592133446646666,ses-04,SSVEP,sub-14
WRONG,paired,sub-11,12,2.7237039468717765,ses-04,SSVEP,sub-15
WRONG,paired,sub-11,12,2.4361254412842723,ses-04,SSVEP,sub-17
WRONG,paired,sub-11,12,2.716149200794554,ses-04,SSVEP,sub-18
WRONG,paired,sub-11,12,2.971431174003749,ses-04,SSVEP,sub-19
WRONG,paired,sub-11,12,2.4329076200289927,ses-04,SSVEP,sub-21
WRONG,paired,sub-11,12,2.609920154203986,ses-04,SSVEP,sub-23
WRONG,paired,sub-11,12,2.4232378184936922,ses-04,SSVEP,sub-24
GAIN_WRONG,paired,sub-11,12,2.881339808503803,ses-04,SSVEP,sub-02
GAIN_WRONG,paired,sub-11,12,2.318151798707737,ses-04,SSVEP,sub-03
GAIN_WRONG,paired,sub-11,12,2.4358361668449517,ses-04,SSVEP,sub-05
GAIN_WRONG,paired,sub-11,12,2.390062357575177,ses-04,SSVEP,sub-06
GAIN_WRONG,paired,sub-11,12,2.5442242427454786,ses-04,SSVEP,sub-07
GAIN_WRONG,paired,sub-11,12,2.5566557477476146,ses-04,SSVEP,sub-09
GAIN_WRONG,paired,sub-11,12,2.4699689595599326,ses-04,SSVEP,sub-12
GAIN_WRONG,paired,sub-11,12,2.3591991479506382,ses-04,SSVEP,sub-14
GAIN_WRONG,paired,sub-11,12,2.67161880078498,ses-04,SSVEP,sub-15
GAIN_WRONG,paired,sub-11,12,2.4186221647362354,ses-04,SSVEP,sub-17
GAIN_WRONG,paired,sub-11,12,2.5867365621716436,ses-04,SSVEP,sub-18
GAIN_WRONG,paired,sub-11,12,2.8217370318955273,ses-04,SSVEP,sub-19
GAIN_WRONG,paired,sub-11,12,2.4061441238908197,ses-04,SSVEP,sub-21
GAIN_WRONG,paired,sub-11,12,2.6010359010987214,ses-04,SSVEP,sub-23
GAIN_WRONG,paired,sub-11,12,2.427099101590979,ses-04,SSVEP,sub-24
QUERY_ORACLE,paired,sub-12,12,9.18685397013356e-17,ses-02,ERP,
MATCH,paired,sub-12,12,0.8586832239984657,ses-02,ERP,
POP,paired,sub-12,12,1.7726858675398034,ses-02,ERP,
TIME_SHIFT,paired,sub-12,12,4.081906534471861,ses-02,ERP,
CHANNEL_PERM,paired,sub-12,12,3.977922756768216,ses-02,ERP,
GAIN_MATCH,paired,sub-12,12,1.939628361702973,ses-02,ERP,
GAIN_POP,paired,sub-12,12,1.7726858675398034,ses-02,ERP,
NULL,paired,sub-12,12,4.5857085921580625,ses-02,ERP,
WRONG,paired,sub-12,12,2.1971591340139365,ses-02,ERP,sub-02
WRONG,paired,sub-12,12,2.0196902900740272,ses-02,ERP,sub-03
WRONG,paired,sub-12,12,1.2070692421144342,ses-02,ERP,sub-05
WRONG,paired,sub-12,12,2.0073469513260536,ses-02,ERP,sub-06
WRONG,paired,sub-12,12,2.0385392383879672,ses-02,ERP,sub-07
WRONG,paired,sub-12,12,1.8459327850788203,ses-02,ERP,sub-09
WRONG,paired,sub-12,12,1.5355602261846328,ses-02,ERP,sub-11
WRONG,paired,sub-12,12,1.7514983356039615,ses-02,ERP,sub-14
WRONG,paired,sub-12,12,2.056065891051297,ses-02,ERP,sub-15
WRONG,paired,sub-12,12,1.4898755900897471,ses-02,ERP,sub-17
WRONG,paired,sub-12,12,1.9090641620626423,ses-02,ERP,sub-18
WRONG,paired,sub-12,12,1.9901129081343027,ses-02,ERP,sub-19
WRONG,paired,sub-12,12,1.9427470021220017,ses-02,ERP,sub-21
WRONG,paired,sub-12,12,2.3157217346788976,ses-02,ERP,sub-23
WRONG,paired,sub-12,12,1.913931492451761,ses-02,ERP,sub-24
GAIN_WRONG,paired,sub-12,12,2.187077865523137,ses-02,ERP,sub-02
GAIN_WRONG,paired,sub-12,12,2.195150582553684,ses-02,ERP,sub-03
GAIN_WRONG,paired,sub-12,12,1.8038924242862648,ses-02,ERP,sub-05
GAIN_WRONG,paired,sub-12,12,1.8791260903018177,ses-02,ERP,sub-06
GAIN_WRONG,paired,sub-12,12,2.084647289098118,ses-02,ERP,sub-07
GAIN_WRONG,paired,sub-12,12,2.384326305267957,ses-02,ERP,sub-09
GAIN_WRONG,paired,sub-12,12,1.7886194531041124,ses-02,ERP,sub-11
GAIN_WRONG,paired,sub-12,12,1.7519555967851586,ses-02,ERP,sub-14
GAIN_WRONG,paired,sub-12,12,2.180270961652047,ses-02,ERP,sub-15
GAIN_WRONG,paired,sub-12,12,1.8597359403318292,ses-02,ERP,sub-17
GAIN_WRONG,paired,sub-12,12,2.156424026751865,ses-02,ERP,sub-18
GAIN_WRONG,paired,sub-12,12,2.3081055388507523,ses-02,ERP,sub-19
GAIN_WRONG,paired,sub-12,12,2.0590918208712385,ses-02,ERP,sub-21
GAIN_WRONG,paired,sub-12,12,2.501128308832101,ses-02,ERP,sub-23
GAIN_WRONG,paired,sub-12,12,2.017530677812131,ses-02,ERP,sub-24
QUERY_ORACLE,paired,sub-12,12,8.705458180067935e-17,ses-02,SSVEP,
MATCH,paired,sub-12,12,1.0046320721961708,ses-02,SSVEP,
POP,paired,sub-12,12,3.662855115638823,ses-02,SSVEP,
TIME_SHIFT,paired,sub-12,12,5.08313306308664,ses-02,SSVEP,
CHANNEL_PERM,paired,sub-12,12,4.3938326684632125,ses-02,SSVEP,
GAIN_MATCH,paired,sub-12,12,1.167810843220775,ses-02,SSVEP,
GAIN_POP,paired,sub-12,12,3.662855115638823,ses-02,SSVEP,
NULL,paired,sub-12,12,5.021025956408583,ses-02,SSVEP,
WRONG,paired,sub-12,12,2.4517743890791444,ses-02,SSVEP,sub-02
WRONG,paired,sub-12,12,2.5295169546950103,ses-02,SSVEP,sub-03
WRONG,paired,sub-12,12,2.4612405699657836,ses-02,SSVEP,sub-05
WRONG,paired,sub-12,12,2.508137684607872,ses-02,SSVEP,sub-06
WRONG,paired,sub-12,12,2.166423132682217,ses-02,SSVEP,sub-07
WRONG,paired,sub-12,12,8.938876661817483,ses-02,SSVEP,sub-09
WRONG,paired,sub-12,12,3.0295029852835422,ses-02,SSVEP,sub-11
WRONG,paired,sub-12,12,2.369213771319161,ses-02,SSVEP,sub-14
WRONG,paired,sub-12,12,2.6585163796951674,ses-02,SSVEP,sub-15
WRONG,paired,sub-12,12,3.56729885750951,ses-02,SSVEP,sub-17
WRONG,paired,sub-12,12,1.8023556441544768,ses-02,SSVEP,sub-18
WRONG,paired,sub-12,12,2.4024589605724302,ses-02,SSVEP,sub-19
WRONG,paired,sub-12,12,1.922399235373458,ses-02,SSVEP,sub-21
WRONG,paired,sub-12,12,3.103611921841605,ses-02,SSVEP,sub-23
WRONG,paired,sub-12,12,2.4800138144692254,ses-02,SSVEP,sub-24
GAIN_WRONG,paired,sub-12,12,1.9559907889442385,ses-02,SSVEP,sub-02
GAIN_WRONG,paired,sub-12,12,2.3403198848704068,ses-02,SSVEP,sub-03
GAIN_WRONG,paired,sub-12,12,1.8645787328674999,ses-02,SSVEP,sub-05
GAIN_WRONG,paired,sub-12,12,1.8365125958737656,ses-02,SSVEP,sub-06
GAIN_WRONG,paired,sub-12,12,1.5989791844092134,ses-02,SSVEP,sub-07
GAIN_WRONG,paired,sub-12,12,5.242531499521889,ses-02,SSVEP,sub-09
GAIN_WRONG,paired,sub-12,12,3.0251041019768032,ses-02,SSVEP,sub-11
GAIN_WRONG,paired,sub-12,12,1.8075464282262823,ses-02,SSVEP,sub-14
GAIN_WRONG,paired,sub-12,12,2.2195190928736865,ses-02,SSVEP,sub-15
GAIN_WRONG,paired,sub-12,12,3.001417179217046,ses-02,SSVEP,sub-17
GAIN_WRONG,paired,sub-12,12,1.8151748107501913,ses-02,SSVEP,sub-18
GAIN_WRONG,paired,sub-12,12,1.997357821948877,ses-02,SSVEP,sub-19
GAIN_WRONG,paired,sub-12,12,1.8696012880713122,ses-02,SSVEP,sub-21
GAIN_WRONG,paired,sub-12,12,2.1720869591816685,ses-02,SSVEP,sub-23
GAIN_WRONG,paired,sub-12,12,2.3330096809203327,ses-02,SSVEP,sub-24
QUERY_ORACLE,paired,sub-12,12,8.488825347067741e-17,ses-03,ERP,
MATCH,paired,sub-12,12,0.29432049684625866,ses-03,ERP,
POP,paired,sub-12,12,1.3571157531709945,ses-03,ERP,
TIME_SHIFT,paired,sub-12,12,3.328110881255943,ses-03,ERP,
CHANNEL_PERM,paired,sub-12,12,2.6866942477351206,ses-03,ERP,
GAIN_MATCH,paired,sub-12,12,0.44484858646556386,ses-03,ERP,
GAIN_POP,paired,sub-12,12,1.3571157531709945,ses-03,ERP,
NULL,paired,sub-12,12,3.1761267177340913,ses-03,ERP,
WRONG,paired,sub-12,12,1.7449537442159186,ses-03,ERP,sub-02
WRONG,paired,sub-12,12,1.3281074281542822,ses-03,ERP,sub-03
WRONG,paired,sub-12,12,0.708845524437081,ses-03,ERP,sub-05
WRONG,paired,sub-12,12,1.3269144015870682,ses-03,ERP,sub-06
WRONG,paired,sub-12,12,1.1827643548339042,ses-03,ERP,sub-07
WRONG,paired,sub-12,12,3.351519286093435,ses-03,ERP,sub-09
WRONG,paired,sub-12,12,0.8839978307297994,ses-03,ERP,sub-11
WRONG,paired,sub-12,12,1.3443611621723033,ses-03,ERP,sub-14
WRONG,paired,sub-12,12,1.530310373336096,ses-03,ERP,sub-15
WRONG,paired,sub-12,12,1.261982966453649,ses-03,ERP,sub-17
WRONG,paired,sub-12,12,1.270990428334103,ses-03,ERP,sub-18
WRONG,paired,sub-12,12,1.2844886122668473,ses-03,ERP,sub-19
WRONG,paired,sub-12,12,3.839134059304294,ses-03,ERP,sub-21
WRONG,paired,sub-12,12,2.3976800990724425,ses-03,ERP,sub-23
WRONG,paired,sub-12,12,1.1195185354877062,ses-03,ERP,sub-24
GAIN_WRONG,paired,sub-12,12,1.6824030776875756,ses-03,ERP,sub-02
GAIN_WRONG,paired,sub-12,12,1.217791867245296,ses-03,ERP,sub-03
GAIN_WRONG,paired,sub-12,12,0.8518934036774103,ses-03,ERP,sub-05
GAIN_WRONG,paired,sub-12,12,0.9964328937821859,ses-03,ERP,sub-06
GAIN_WRONG,paired,sub-12,12,1.1387070961050663,ses-03,ERP,sub-07
GAIN_WRONG,paired,sub-12,12,2.6303072293326184,ses-03,ERP,sub-09
GAIN_WRONG,paired,sub-12,12,0.693539206628606,ses-03,ERP,sub-11
GAIN_WRONG,paired,sub-12,12,1.383780922545206,ses-03,ERP,sub-14
GAIN_WRONG,paired,sub-12,12,1.4451484037024036,ses-03,ERP,sub-15
GAIN_WRONG,paired,sub-12,12,1.9326773991131916,ses-03,ERP,sub-17
GAIN_WRONG,paired,sub-12,12,0.97958634576689,ses-03,ERP,sub-18
GAIN_WRONG,paired,sub-12,12,1.1942589209889152,ses-03,ERP,sub-19
GAIN_WRONG,paired,sub-12,12,2.8083521041946007,ses-03,ERP,sub-21
GAIN_WRONG,paired,sub-12,12,2.3867200400811703,ses-03,ERP,sub-23
GAIN_WRONG,paired,sub-12,12,0.8365571901621763,ses-03,ERP,sub-24
QUERY_ORACLE,paired,sub-12,12,6.356663950237614e-17,ses-03,SSVEP,
MATCH,paired,sub-12,12,0.5748437423650254,ses-03,SSVEP,
POP,paired,sub-12,12,2.16904832787559,ses-03,SSVEP,
TIME_SHIFT,paired,sub-12,12,2.4472707989767772,ses-03,SSVEP,
CHANNEL_PERM,paired,sub-12,12,2.0626487406173957,ses-03,SSVEP,
GAIN_MATCH,paired,sub-12,12,1.4578295959636327,ses-03,SSVEP,
GAIN_POP,paired,sub-12,12,2.16904832787559,ses-03,SSVEP,
NULL,paired,sub-12,12,2.582010619633819,ses-03,SSVEP,
WRONG,paired,sub-12,12,3.4668803132137462,ses-03,SSVEP,sub-02
WRONG,paired,sub-12,12,1.2234041060887388,ses-03,SSVEP,sub-03
WRONG,paired,sub-12,12,1.3441636228306584,ses-03,SSVEP,sub-05
WRONG,paired,sub-12,12,1.2742218397098681,ses-03,SSVEP,sub-06
WRONG,paired,sub-12,12,1.4025651034424793,ses-03,SSVEP,sub-07
WRONG,paired,sub-12,12,1.2218484530153986,ses-03,SSVEP,sub-09
WRONG,paired,sub-12,12,1.5928955413714565,ses-03,SSVEP,sub-11
WRONG,paired,sub-12,12,1.1417027872986605,ses-03,SSVEP,sub-14
WRONG,paired,sub-12,12,1.3785195591379704,ses-03,SSVEP,sub-15
WRONG,paired,sub-12,12,1.779098246999471,ses-03,SSVEP,sub-17
WRONG,paired,sub-12,12,0.776536399903886,ses-03,SSVEP,sub-18
WRONG,paired,sub-12,12,1.3451125893681983,ses-03,SSVEP,sub-19
WRONG,paired,sub-12,12,0.8823376939855082,ses-03,SSVEP,sub-21
WRONG,paired,sub-12,12,2.438664760337154,ses-03,SSVEP,sub-23
WRONG,paired,sub-12,12,1.106133410313362,ses-03,SSVEP,sub-24
GAIN_WRONG,paired,sub-12,12,2.598174792661426,ses-03,SSVEP,sub-02
GAIN_WRONG,paired,sub-12,12,1.006157561574901,ses-03,SSVEP,sub-03
GAIN_WRONG,paired,sub-12,12,1.123466489983511,ses-03,SSVEP,sub-05
GAIN_WRONG,paired,sub-12,12,1.1741452522008398,ses-03,SSVEP,sub-06
GAIN_WRONG,paired,sub-12,12,1.1131650364862773,ses-03,SSVEP,sub-07
GAIN_WRONG,paired,sub-12,12,1.407207059564431,ses-03,SSVEP,sub-09
GAIN_WRONG,paired,sub-12,12,1.5890655372288274,ses-03,SSVEP,sub-11
GAIN_WRONG,paired,sub-12,12,1.1235754863171858,ses-03,SSVEP,sub-14
GAIN_WRONG,paired,sub-12,12,1.2308575376269977,ses-03,SSVEP,sub-15
GAIN_WRONG,paired,sub-12,12,1.736863723616861,ses-03,SSVEP,sub-17
GAIN_WRONG,paired,sub-12,12,1.12874890377982,ses-03,SSVEP,sub-18
GAIN_WRONG,paired,sub-12,12,1.1769771105583555,ses-03,SSVEP,sub-19
GAIN_WRONG,paired,sub-12,12,1.0653206023447244,ses-03,SSVEP,sub-21
GAIN_WRONG,paired,sub-12,12,2.5476557490362604,ses-03,SSVEP,sub-23
GAIN_WRONG,paired,sub-12,12,1.451280987020709,ses-03,SSVEP,sub-24
QUERY_ORACLE,paired,sub-12,12,5.819727918669159e-17,ses-04,ERP,
MATCH,paired,sub-12,12,0.45422167569421407,ses-04,ERP,
POP,paired,sub-12,12,1.1006807380858328,ses-04,ERP,
TIME_SHIFT,paired,sub-12,12,2.0546495334595165,ses-04,ERP,
CHANNEL_PERM,paired,sub-12,12,1.9391947037151531,ses-04,ERP,
GAIN_MATCH,paired,sub-12,12,0.8138112193845478,ses-04,ERP,
GAIN_POP,paired,sub-12,12,1.1006807380858328,ses-04,ERP,
NULL,paired,sub-12,12,2.1506977713586384,ses-04,ERP,
WRONG,paired,sub-12,12,1.853883332174637,ses-04,ERP,sub-02
WRONG,paired,sub-12,12,1.0520070451899377,ses-04,ERP,sub-03
WRONG,paired,sub-12,12,1.252128644137186,ses-04,ERP,sub-05
WRONG,paired,sub-12,12,1.2103384222305311,ses-04,ERP,sub-06
WRONG,paired,sub-12,12,1.337236100260598,ses-04,ERP,sub-07
WRONG,paired,sub-12,12,0.9473882268978112,ses-04,ERP,sub-09
WRONG,paired,sub-12,12,0.9511408203026607,ses-04,ERP,sub-11
WRONG,paired,sub-12,12,1.0313573073192608,ses-04,ERP,sub-14
WRONG,paired,sub-12,12,1.826784185906554,ses-04,ERP,sub-15
WRONG,paired,sub-12,12,1.110674763315452,ses-04,ERP,sub-17
WRONG,paired,sub-12,12,1.123852316970762,ses-04,ERP,sub-18
WRONG,paired,sub-12,12,1.1778391147757457,ses-04,ERP,sub-19
WRONG,paired,sub-12,12,1.3363908838556438,ses-04,ERP,sub-21
WRONG,paired,sub-12,12,1.7804446514371406,ses-04,ERP,sub-23
WRONG,paired,sub-12,12,1.2107482389100668,ses-04,ERP,sub-24
GAIN_WRONG,paired,sub-12,12,1.9072457175140602,ses-04,ERP,sub-02
GAIN_WRONG,paired,sub-12,12,1.3243035635641043,ses-04,ERP,sub-03
GAIN_WRONG,paired,sub-12,12,1.477042254161221,ses-04,ERP,sub-05
GAIN_WRONG,paired,sub-12,12,1.2614109820768198,ses-04,ERP,sub-06
GAIN_WRONG,paired,sub-12,12,1.498198360062573,ses-04,ERP,sub-07
GAIN_WRONG,paired,sub-12,12,1.0714029256449844,ses-04,ERP,sub-09
GAIN_WRONG,paired,sub-12,12,1.0792068619096675,ses-04,ERP,sub-11
GAIN_WRONG,paired,sub-12,12,1.1636454466157027,ses-04,ERP,sub-14
GAIN_WRONG,paired,sub-12,12,1.8776845218387628,ses-04,ERP,sub-15
GAIN_WRONG,paired,sub-12,12,1.2050970809765529,ses-04,ERP,sub-17
GAIN_WRONG,paired,sub-12,12,1.25491750841544,ses-04,ERP,sub-18
GAIN_WRONG,paired,sub-12,12,1.2137455977576206,ses-04,ERP,sub-19
GAIN_WRONG,paired,sub-12,12,1.4935869307784353,ses-04,ERP,sub-21
GAIN_WRONG,paired,sub-12,12,1.7239449628979422,ses-04,ERP,sub-23
GAIN_WRONG,paired,sub-12,12,1.2787963458487985,ses-04,ERP,sub-24
QUERY_ORACLE,paired,sub-12,12,6.962058751226197e-17,ses-04,SSVEP,
MATCH,paired,sub-12,12,0.8956926388124499,ses-04,SSVEP,
POP,paired,sub-12,12,2.1125325981295555,ses-04,SSVEP,
TIME_SHIFT,paired,sub-12,12,2.747467241512139,ses-04,SSVEP,
CHANNEL_PERM,paired,sub-12,12,2.598188041830268,ses-04,SSVEP,
GAIN_MATCH,paired,sub-12,12,1.6343634282738735,ses-04,SSVEP,
GAIN_POP,paired,sub-12,12,2.1125325981295555,ses-04,SSVEP,
NULL,paired,sub-12,12,2.720810827576899,ses-04,SSVEP,
WRONG,paired,sub-12,12,2.6684435363151127,ses-04,SSVEP,sub-02
WRONG,paired,sub-12,12,1.9795137082864012,ses-04,SSVEP,sub-03
WRONG,paired,sub-12,12,2.0217334234616158,ses-04,SSVEP,sub-05
WRONG,paired,sub-12,12,2.053569092464328,ses-04,SSVEP,sub-06
WRONG,paired,sub-12,12,2.0344754325868606,ses-04,SSVEP,sub-07
WRONG,paired,sub-12,12,2.1779778517127233,ses-04,SSVEP,sub-09
WRONG,paired,sub-12,12,2.171719280040172,ses-04,SSVEP,sub-11
WRONG,paired,sub-12,12,1.8894969612031909,ses-04,SSVEP,sub-14
WRONG,paired,sub-12,12,2.1930567098970974,ses-04,SSVEP,sub-15
WRONG,paired,sub-12,12,2.1931291476009958,ses-04,SSVEP,sub-17
WRONG,paired,sub-12,12,2.2194609015867406,ses-04,SSVEP,sub-18
WRONG,paired,sub-12,12,2.5099612918885152,ses-04,SSVEP,sub-19
WRONG,paired,sub-12,12,1.9114580291592513,ses-04,SSVEP,sub-21
WRONG,paired,sub-12,12,2.4915413178378585,ses-04,SSVEP,sub-23
WRONG,paired,sub-12,12,1.9803690588443486,ses-04,SSVEP,sub-24
GAIN_WRONG,paired,sub-12,12,2.5514298469182033,ses-04,SSVEP,sub-02
GAIN_WRONG,paired,sub-12,12,2.1530631412238863,ses-04,SSVEP,sub-03
GAIN_WRONG,paired,sub-12,12,2.035162964976732,ses-04,SSVEP,sub-05
GAIN_WRONG,paired,sub-12,12,2.0677165534549458,ses-04,SSVEP,sub-06
GAIN_WRONG,paired,sub-12,12,2.0105588686760205,ses-04,SSVEP,sub-07
GAIN_WRONG,paired,sub-12,12,2.2638997146073767,ses-04,SSVEP,sub-09
GAIN_WRONG,paired,sub-12,12,2.222126557237755,ses-04,SSVEP,sub-11
GAIN_WRONG,paired,sub-12,12,1.8931401132037313,ses-04,SSVEP,sub-14
GAIN_WRONG,paired,sub-12,12,2.297435361710979,ses-04,SSVEP,sub-15
GAIN_WRONG,paired,sub-12,12,2.2106446498623806,ses-04,SSVEP,sub-17
GAIN_WRONG,paired,sub-12,12,2.3255391092571034,ses-04,SSVEP,sub-18
GAIN_WRONG,paired,sub-12,12,2.427520574498661,ses-04,SSVEP,sub-19
GAIN_WRONG,paired,sub-12,12,1.9835802642980298,ses-04,SSVEP,sub-21
GAIN_WRONG,paired,sub-12,12,2.3889070071850376,ses-04,SSVEP,sub-23
GAIN_WRONG,paired,sub-12,12,1.9855725059354734,ses-04,SSVEP,sub-24
QUERY_ORACLE,paired,sub-14,12,8.449384581013295e-17,ses-02,ERP,
MATCH,paired,sub-14,12,0.5790648565567003,ses-02,ERP,
POP,paired,sub-14,12,0.7309129994627167,ses-02,ERP,
TIME_SHIFT,paired,sub-14,12,3.267401005016662,ses-02,ERP,
CHANNEL_PERM,paired,sub-14,12,2.6870944617334214,ses-02,ERP,
GAIN_MATCH,paired,sub-14,12,0.5772299205478544,ses-02,ERP,
GAIN_POP,paired,sub-14,12,0.7309129994627167,ses-02,ERP,
NULL,paired,sub-14,12,3.2907428775977228,ses-02,ERP,
WRONG,paired,sub-14,12,0.9854100448337767,ses-02,ERP,sub-02
WRONG,paired,sub-14,12,0.9901203347684374,ses-02,ERP,sub-03
WRONG,paired,sub-14,12,1.3185958798271136,ses-02,ERP,sub-05
WRONG,paired,sub-14,12,0.9189606351280742,ses-02,ERP,sub-06
WRONG,paired,sub-14,12,0.9077041825818558,ses-02,ERP,sub-07
WRONG,paired,sub-14,12,1.0689056691714631,ses-02,ERP,sub-09
WRONG,paired,sub-14,12,1.0399560006493578,ses-02,ERP,sub-11
WRONG,paired,sub-14,12,1.8191954217944974,ses-02,ERP,sub-12
WRONG,paired,sub-14,12,0.9480178662150545,ses-02,ERP,sub-15
WRONG,paired,sub-14,12,1.2787415074294997,ses-02,ERP,sub-17
WRONG,paired,sub-14,12,0.9572295432831427,ses-02,ERP,sub-18
WRONG,paired,sub-14,12,1.0693685543483447,ses-02,ERP,sub-19
WRONG,paired,sub-14,12,0.8807579673653771,ses-02,ERP,sub-21
WRONG,paired,sub-14,12,1.2077820063548648,ses-02,ERP,sub-23
WRONG,paired,sub-14,12,1.1128806169043555,ses-02,ERP,sub-24
GAIN_WRONG,paired,sub-14,12,0.969403588980475,ses-02,ERP,sub-02
GAIN_WRONG,paired,sub-14,12,1.0277716713488803,ses-02,ERP,sub-03
GAIN_WRONG,paired,sub-14,12,0.7648118175707368,ses-02,ERP,sub-05
GAIN_WRONG,paired,sub-14,12,0.9039408528628585,ses-02,ERP,sub-06
GAIN_WRONG,paired,sub-14,12,0.9118830234652546,ses-02,ERP,sub-07
GAIN_WRONG,paired,sub-14,12,1.153336392021009,ses-02,ERP,sub-09
GAIN_WRONG,paired,sub-14,12,0.8788128064979825,ses-02,ERP,sub-11
GAIN_WRONG,paired,sub-14,12,1.0284285744967228,ses-02,ERP,sub-12
GAIN_WRONG,paired,sub-14,12,0.9740519369021183,ses-02,ERP,sub-15
GAIN_WRONG,paired,sub-14,12,0.9224633984814471,ses-02,ERP,sub-17
GAIN_WRONG,paired,sub-14,12,0.9924899757477709,ses-02,ERP,sub-18
GAIN_WRONG,paired,sub-14,12,1.1346435968786044,ses-02,ERP,sub-19
GAIN_WRONG,paired,sub-14,12,0.8793465633329615,ses-02,ERP,sub-21
GAIN_WRONG,paired,sub-14,12,1.2613565789667252,ses-02,ERP,sub-23
GAIN_WRONG,paired,sub-14,12,1.0904411705122936,ses-02,ERP,sub-24
QUERY_ORACLE,paired,sub-14,12,6.705259282801346e-17,ses-02,SSVEP,
MATCH,paired,sub-14,12,0.7594075125916966,ses-02,SSVEP,
POP,paired,sub-14,12,2.993413017276825,ses-02,SSVEP,
TIME_SHIFT,paired,sub-14,12,2.9747082150879502,ses-02,SSVEP,
CHANNEL_PERM,paired,sub-14,12,2.5078016744330722,ses-02,SSVEP,
GAIN_MATCH,paired,sub-14,12,1.5144505485012447,ses-02,SSVEP,
GAIN_POP,paired,sub-14,12,2.993413017276825,ses-02,SSVEP,
NULL,paired,sub-14,12,3.0750310696080376,ses-02,SSVEP,
WRONG,paired,sub-14,12,0.9350678897217634,ses-02,SSVEP,sub-02
WRONG,paired,sub-14,12,1.0725095842748842,ses-02,SSVEP,sub-03
WRONG,paired,sub-14,12,0.8019155080309468,ses-02,SSVEP,sub-05
WRONG,paired,sub-14,12,0.9169876645417903,ses-02,SSVEP,sub-06
WRONG,paired,sub-14,12,0.8017898105229078,ses-02,SSVEP,sub-07
WRONG,paired,sub-14,12,8.55135974020407,ses-02,SSVEP,sub-09
WRONG,paired,sub-14,12,2.276487921520904,ses-02,SSVEP,sub-11
WRONG,paired,sub-14,12,2.1250043049143863,ses-02,SSVEP,sub-12
WRONG,paired,sub-14,12,1.2808255560591753,ses-02,SSVEP,sub-15
WRONG,paired,sub-14,12,3.5435348617853504,ses-02,SSVEP,sub-17
WRONG,paired,sub-14,12,1.6727828227875348,ses-02,SSVEP,sub-18
WRONG,paired,sub-14,12,1.0313065773437717,ses-02,SSVEP,sub-19
WRONG,paired,sub-14,12,1.3293455409401203,ses-02,SSVEP,sub-21
WRONG,paired,sub-14,12,1.236657747628586,ses-02,SSVEP,sub-23
WRONG,paired,sub-14,12,0.9727119527363657,ses-02,SSVEP,sub-24
GAIN_WRONG,paired,sub-14,12,1.477369592944178,ses-02,SSVEP,sub-02
GAIN_WRONG,paired,sub-14,12,1.192488482717362,ses-02,SSVEP,sub-03
GAIN_WRONG,paired,sub-14,12,1.655032196705261,ses-02,SSVEP,sub-05
GAIN_WRONG,paired,sub-14,12,2.2119508013483293,ses-02,SSVEP,sub-06
GAIN_WRONG,paired,sub-14,12,1.6941090178594793,ses-02,SSVEP,sub-07
GAIN_WRONG,paired,sub-14,12,4.038496156280337,ses-02,SSVEP,sub-09
GAIN_WRONG,paired,sub-14,12,2.4207692765966446,ses-02,SSVEP,sub-11
GAIN_WRONG,paired,sub-14,12,1.517492169542751,ses-02,SSVEP,sub-12
GAIN_WRONG,paired,sub-14,12,2.112210485631971,ses-02,SSVEP,sub-15
GAIN_WRONG,paired,sub-14,12,1.9309446649726432,ses-02,SSVEP,sub-17
GAIN_WRONG,paired,sub-14,12,1.6630194048177829,ses-02,SSVEP,sub-18
GAIN_WRONG,paired,sub-14,12,1.6709632109144987,ses-02,SSVEP,sub-19
GAIN_WRONG,paired,sub-14,12,2.142977692523468,ses-02,SSVEP,sub-21
GAIN_WRONG,paired,sub-14,12,1.620369643279978,ses-02,SSVEP,sub-23
GAIN_WRONG,paired,sub-14,12,2.375595703795846,ses-02,SSVEP,sub-24
QUERY_ORACLE,paired,sub-14,12,7.735173226863978e-17,ses-03,ERP,
MATCH,paired,sub-14,12,0.32920281184410055,ses-03,ERP,
POP,paired,sub-14,12,0.8069427481333687,ses-03,ERP,
TIME_SHIFT,paired,sub-14,12,2.4175634155551298,ses-03,ERP,
CHANNEL_PERM,paired,sub-14,12,2.076297656357323,ses-03,ERP,
GAIN_MATCH,paired,sub-14,12,0.3465345080996134,ses-03,ERP,
GAIN_POP,paired,sub-14,12,0.8069427481333687,ses-03,ERP,
NULL,paired,sub-14,12,2.424126661008621,ses-03,ERP,
WRONG,paired,sub-14,12,1.1214395101155683,ses-03,ERP,sub-02
WRONG,paired,sub-14,12,0.7367138656816815,ses-03,ERP,sub-03
WRONG,paired,sub-14,12,0.9215659902093902,ses-03,ERP,sub-05
WRONG,paired,sub-14,12,0.7727908653853945,ses-03,ERP,sub-06
WRONG,paired,sub-14,12,0.49901690522633063,ses-03,ERP,sub-07
WRONG,paired,sub-14,12,2.7498147262087174,ses-03,ERP,sub-09
WRONG,paired,sub-14,12,0.6717692336988305,ses-03,ERP,sub-11
WRONG,paired,sub-14,12,1.1041821553584605,ses-03,ERP,sub-12
WRONG,paired,sub-14,12,0.935599861640132,ses-03,ERP,sub-15
WRONG,paired,sub-14,12,1.4001116116345065,ses-03,ERP,sub-17
WRONG,paired,sub-14,12,0.5522473205434846,ses-03,ERP,sub-18
WRONG,paired,sub-14,12,0.7244592710732572,ses-03,ERP,sub-19
WRONG,paired,sub-14,12,3.3643718463187215,ses-03,ERP,sub-21
WRONG,paired,sub-14,12,1.7422118644818527,ses-03,ERP,sub-23
WRONG,paired,sub-14,12,0.6008049475467363,ses-03,ERP,sub-24
GAIN_WRONG,paired,sub-14,12,1.077513790521366,ses-03,ERP,sub-02
GAIN_WRONG,paired,sub-14,12,0.7122333381538656,ses-03,ERP,sub-03
GAIN_WRONG,paired,sub-14,12,0.7050854074772509,ses-03,ERP,sub-05
GAIN_WRONG,paired,sub-14,12,0.6848352074405231,ses-03,ERP,sub-06
GAIN_WRONG,paired,sub-14,12,0.4881416600098136,ses-03,ERP,sub-07
GAIN_WRONG,paired,sub-14,12,1.8544862872638053,ses-03,ERP,sub-09
GAIN_WRONG,paired,sub-14,12,0.8239495439437755,ses-03,ERP,sub-11
GAIN_WRONG,paired,sub-14,12,0.893596089552251,ses-03,ERP,sub-12
GAIN_WRONG,paired,sub-14,12,0.882893528702529,ses-03,ERP,sub-15
GAIN_WRONG,paired,sub-14,12,1.301252472889655,ses-03,ERP,sub-17
GAIN_WRONG,paired,sub-14,12,0.5016873862470093,ses-03,ERP,sub-18
GAIN_WRONG,paired,sub-14,12,0.6980348087950398,ses-03,ERP,sub-19
GAIN_WRONG,paired,sub-14,12,2.1228766393920115,ses-03,ERP,sub-21
GAIN_WRONG,paired,sub-14,12,1.7302082969480705,ses-03,ERP,sub-23
GAIN_WRONG,paired,sub-14,12,0.695748497282985,ses-03,ERP,sub-24
QUERY_ORACLE,paired,sub-14,12,4.993751189741493e-17,ses-03,SSVEP,
MATCH,paired,sub-14,12,0.40199549977084165,ses-03,SSVEP,
POP,paired,sub-14,12,1.9071678494749529,ses-03,SSVEP,
TIME_SHIFT,paired,sub-14,12,1.7795093854730073,ses-03,SSVEP,
CHANNEL_PERM,paired,sub-14,12,1.397674828887629,ses-03,SSVEP,
GAIN_MATCH,paired,sub-14,12,1.5691112451380536,ses-03,SSVEP,
GAIN_POP,paired,sub-14,12,1.9071678494749529,ses-03,SSVEP,
NULL,paired,sub-14,12,1.6406444357553758,ses-03,SSVEP,
WRONG,paired,sub-14,12,3.3369273416579297,ses-03,SSVEP,sub-02
WRONG,paired,sub-14,12,0.5235408309372547,ses-03,SSVEP,sub-03
WRONG,paired,sub-14,12,0.48096597127189994,ses-03,SSVEP,sub-05
WRONG,paired,sub-14,12,0.4952900796875086,ses-03,SSVEP,sub-06
WRONG,paired,sub-14,12,0.6722576773145249,ses-03,SSVEP,sub-07
WRONG,paired,sub-14,12,0.6359098015427574,ses-03,SSVEP,sub-09
WRONG,paired,sub-14,12,1.4717764212963502,ses-03,SSVEP,sub-11
WRONG,paired,sub-14,12,1.1102231023479205,ses-03,SSVEP,sub-12
WRONG,paired,sub-14,12,0.6273672197354772,ses-03,SSVEP,sub-15
WRONG,paired,sub-14,12,1.5804807344457064,ses-03,SSVEP,sub-17
WRONG,paired,sub-14,12,0.7238930575795693,ses-03,SSVEP,sub-18
WRONG,paired,sub-14,12,0.6482259416739938,ses-03,SSVEP,sub-19
WRONG,paired,sub-14,12,0.6298185339581616,ses-03,SSVEP,sub-21
WRONG,paired,sub-14,12,1.4871133716433942,ses-03,SSVEP,sub-23
WRONG,paired,sub-14,12,0.5376002883202621,ses-03,SSVEP,sub-24
GAIN_WRONG,paired,sub-14,12,2.091508400407471,ses-03,SSVEP,sub-02
GAIN_WRONG,paired,sub-14,12,1.4036817827395087,ses-03,SSVEP,sub-03
GAIN_WRONG,paired,sub-14,12,1.3958006471227467,ses-03,SSVEP,sub-05
GAIN_WRONG,paired,sub-14,12,1.7626388955452654,ses-03,SSVEP,sub-06
GAIN_WRONG,paired,sub-14,12,1.0596979972156044,ses-03,SSVEP,sub-07
GAIN_WRONG,paired,sub-14,12,1.8131981819249978,ses-03,SSVEP,sub-09
GAIN_WRONG,paired,sub-14,12,1.368331908443525,ses-03,SSVEP,sub-11
GAIN_WRONG,paired,sub-14,12,2.3426496368823337,ses-03,SSVEP,sub-12
GAIN_WRONG,paired,sub-14,12,1.600365905900875,ses-03,SSVEP,sub-15
GAIN_WRONG,paired,sub-14,12,1.4481397610078275,ses-03,SSVEP,sub-17
GAIN_WRONG,paired,sub-14,12,1.837922679881868,ses-03,SSVEP,sub-18
GAIN_WRONG,paired,sub-14,12,0.9318056637343669,ses-03,SSVEP,sub-19
GAIN_WRONG,paired,sub-14,12,1.6457182847865663,ses-03,SSVEP,sub-21
GAIN_WRONG,paired,sub-14,12,1.8493483476987898,ses-03,SSVEP,sub-23
GAIN_WRONG,paired,sub-14,12,2.2039914740636504,ses-03,SSVEP,sub-24
QUERY_ORACLE,paired,sub-14,12,5.1736707772910176e-17,ses-04,ERP,
MATCH,paired,sub-14,12,0.6372537976495457,ses-04,ERP,
POP,paired,sub-14,12,0.9571707731600102,ses-04,ERP,
TIME_SHIFT,paired,sub-14,12,1.4919151323646116,ses-04,ERP,
CHANNEL_PERM,paired,sub-14,12,1.486132452278488,ses-04,ERP,
GAIN_MATCH,paired,sub-14,12,0.7360497454861773,ses-04,ERP,
GAIN_POP,paired,sub-14,12,0.9571707731600102,ses-04,ERP,
NULL,paired,sub-14,12,1.789689682905732,ses-04,ERP,
WRONG,paired,sub-14,12,1.3929624071319404,ses-04,ERP,sub-02
WRONG,paired,sub-14,12,1.0935923066570425,ses-04,ERP,sub-03
WRONG,paired,sub-14,12,1.2080945384611805,ses-04,ERP,sub-05
WRONG,paired,sub-14,12,1.2163562087022697,ses-04,ERP,sub-06
WRONG,paired,sub-14,12,1.1742087189900463,ses-04,ERP,sub-07
WRONG,paired,sub-14,12,1.09236186938188,ses-04,ERP,sub-09
WRONG,paired,sub-14,12,0.9833798168600959,ses-04,ERP,sub-11
WRONG,paired,sub-14,12,1.1710729689762194,ses-04,ERP,sub-12
WRONG,paired,sub-14,12,1.389798918361327,ses-04,ERP,sub-15
WRONG,paired,sub-14,12,1.3533792877619983,ses-04,ERP,sub-17
WRONG,paired,sub-14,12,1.004137268823681,ses-04,ERP,sub-18
WRONG,paired,sub-14,12,1.0247403003503488,ses-04,ERP,sub-19
WRONG,paired,sub-14,12,1.2399815215490735,ses-04,ERP,sub-21
WRONG,paired,sub-14,12,1.4611023905156204,ses-04,ERP,sub-23
WRONG,paired,sub-14,12,1.1171491843895534,ses-04,ERP,sub-24
GAIN_WRONG,paired,sub-14,12,1.4667475174731754,ses-04,ERP,sub-02
GAIN_WRONG,paired,sub-14,12,1.165547332782888,ses-04,ERP,sub-03
GAIN_WRONG,paired,sub-14,12,1.1207539878044548,ses-04,ERP,sub-05
GAIN_WRONG,paired,sub-14,12,1.212179149912396,ses-04,ERP,sub-06
GAIN_WRONG,paired,sub-14,12,1.2433815973451596,ses-04,ERP,sub-07
GAIN_WRONG,paired,sub-14,12,1.0682144432763698,ses-04,ERP,sub-09
GAIN_WRONG,paired,sub-14,12,0.9583883314580466,ses-04,ERP,sub-11
GAIN_WRONG,paired,sub-14,12,0.9206022224332374,ses-04,ERP,sub-12
GAIN_WRONG,paired,sub-14,12,1.4471259187548917,ses-04,ERP,sub-15
GAIN_WRONG,paired,sub-14,12,1.1849551451252347,ses-04,ERP,sub-17
GAIN_WRONG,paired,sub-14,12,1.0513470034735077,ses-04,ERP,sub-18
GAIN_WRONG,paired,sub-14,12,1.0305263916434333,ses-04,ERP,sub-19
GAIN_WRONG,paired,sub-14,12,1.2542979096827847,ses-04,ERP,sub-21
GAIN_WRONG,paired,sub-14,12,1.4172756680582939,ses-04,ERP,sub-23
GAIN_WRONG,paired,sub-14,12,1.0941904800033482,ses-04,ERP,sub-24
QUERY_ORACLE,paired,sub-14,12,3.953264683913241e-17,ses-04,SSVEP,
MATCH,paired,sub-14,12,0.41889493375147424,ses-04,SSVEP,
POP,paired,sub-14,12,0.8273916859673133,ses-04,SSVEP,
TIME_SHIFT,paired,sub-14,12,1.0579282241406374,ses-04,SSVEP,
CHANNEL_PERM,paired,sub-14,12,1.0088272798050828,ses-04,SSVEP,
GAIN_MATCH,paired,sub-14,12,0.4271536549096906,ses-04,SSVEP,
GAIN_POP,paired,sub-14,12,0.8273916859673133,ses-04,SSVEP,
NULL,paired,sub-14,12,1.061301136931619,ses-04,SSVEP,
WRONG,paired,sub-14,12,1.4382359202781936,ses-04,SSVEP,sub-02
WRONG,paired,sub-14,12,1.075746133072027,ses-04,SSVEP,sub-03
WRONG,paired,sub-14,12,0.49271925558630675,ses-04,SSVEP,sub-05
WRONG,paired,sub-14,12,0.8535608524350762,ses-04,SSVEP,sub-06
WRONG,paired,sub-14,12,0.8101486905868107,ses-04,SSVEP,sub-07
WRONG,paired,sub-14,12,1.044246882495743,ses-04,SSVEP,sub-09
WRONG,paired,sub-14,12,1.0005728134699658,ses-04,SSVEP,sub-11
WRONG,paired,sub-14,12,1.4479032410369352,ses-04,SSVEP,sub-12
WRONG,paired,sub-14,12,0.6947117531886472,ses-04,SSVEP,sub-15
WRONG,paired,sub-14,12,0.9605484491770632,ses-04,SSVEP,sub-17
WRONG,paired,sub-14,12,1.1448531019984556,ses-04,SSVEP,sub-18
WRONG,paired,sub-14,12,1.452328975954088,ses-04,SSVEP,sub-19
WRONG,paired,sub-14,12,0.7300493963908764,ses-04,SSVEP,sub-21
WRONG,paired,sub-14,12,0.9699147268058197,ses-04,SSVEP,sub-23
WRONG,paired,sub-14,12,0.6449416418704854,ses-04,SSVEP,sub-24
GAIN_WRONG,paired,sub-14,12,0.9858948244238374,ses-04,SSVEP,sub-02
GAIN_WRONG,paired,sub-14,12,0.8731472489527307,ses-04,SSVEP,sub-03
GAIN_WRONG,paired,sub-14,12,0.48486620308775036,ses-04,SSVEP,sub-05
GAIN_WRONG,paired,sub-14,12,0.8221220558734625,ses-04,SSVEP,sub-06
GAIN_WRONG,paired,sub-14,12,0.8792468990263433,ses-04,SSVEP,sub-07
GAIN_WRONG,paired,sub-14,12,0.7416151011255171,ses-04,SSVEP,sub-09
GAIN_WRONG,paired,sub-14,12,0.7320237048442734,ses-04,SSVEP,sub-11
GAIN_WRONG,paired,sub-14,12,0.6501340169185569,ses-04,SSVEP,sub-12
GAIN_WRONG,paired,sub-14,12,0.6513628992706894,ses-04,SSVEP,sub-15
GAIN_WRONG,paired,sub-14,12,0.8483699163266012,ses-04,SSVEP,sub-17
GAIN_WRONG,paired,sub-14,12,0.8257218355144983,ses-04,SSVEP,sub-18
GAIN_WRONG,paired,sub-14,12,1.1897133117266692,ses-04,SSVEP,sub-19
GAIN_WRONG,paired,sub-14,12,0.5607585874444235,ses-04,SSVEP,sub-21
GAIN_WRONG,paired,sub-14,12,1.1665223226350376,ses-04,SSVEP,sub-23
GAIN_WRONG,paired,sub-14,12,0.6471757770311447,ses-04,SSVEP,sub-24
QUERY_ORACLE,paired,sub-15,12,8.774088442832063e-17,ses-02,ERP,
MATCH,paired,sub-15,12,0.3506549098453699,ses-02,ERP,
POP,paired,sub-15,12,0.9222049345675045,ses-02,ERP,
TIME_SHIFT,paired,sub-15,12,3.0196825526423345,ses-02,ERP,
CHANNEL_PERM,paired,sub-15,12,2.964220790924005,ses-02,ERP,
GAIN_MATCH,paired,sub-15,12,0.39458276604960113,ses-02,ERP,
GAIN_POP,paired,sub-15,12,0.9222049345675045,ses-02,ERP,
NULL,paired,sub-15,12,3.374699467303625,ses-02,ERP,
WRONG,paired,sub-15,12,0.6694958255625635,ses-02,ERP,sub-02
WRONG,paired,sub-15,12,1.0475900402719744,ses-02,ERP,sub-03
WRONG,paired,sub-15,12,1.754560592413476,ses-02,ERP,sub-05
WRONG,paired,sub-15,12,1.0096524074168391,ses-02,ERP,sub-06
WRONG,paired,sub-15,12,0.7484649297746419,ses-02,ERP,sub-07
WRONG,paired,sub-15,12,1.3082845903323161,ses-02,ERP,sub-09
WRONG,paired,sub-15,12,1.4958701745424368,ses-02,ERP,sub-11
WRONG,paired,sub-15,12,2.387366341721297,ses-02,ERP,sub-12
WRONG,paired,sub-15,12,0.9433241136583231,ses-02,ERP,sub-14
WRONG,paired,sub-15,12,1.6275496564109642,ses-02,ERP,sub-17
WRONG,paired,sub-15,12,0.8642491632579131,ses-02,ERP,sub-18
WRONG,paired,sub-15,12,1.0692361881288932,ses-02,ERP,sub-19
WRONG,paired,sub-15,12,0.9891509483687148,ses-02,ERP,sub-21
WRONG,paired,sub-15,12,1.068277632778046,ses-02,ERP,sub-23
WRONG,paired,sub-15,12,1.493092057124264,ses-02,ERP,sub-24
GAIN_WRONG,paired,sub-15,12,0.6567802693825479,ses-02,ERP,sub-02
GAIN_WRONG,paired,sub-15,12,1.0124382249778088,ses-02,ERP,sub-03
GAIN_WRONG,paired,sub-15,12,1.0545643419385577,ses-02,ERP,sub-05
GAIN_WRONG,paired,sub-15,12,1.0667813896029463,ses-02,ERP,sub-06
GAIN_WRONG,paired,sub-15,12,0.7443454405427476,ses-02,ERP,sub-07
GAIN_WRONG,paired,sub-15,12,1.1410944624413393,ses-02,ERP,sub-09
GAIN_WRONG,paired,sub-15,12,1.257869768661281,ses-02,ERP,sub-11
GAIN_WRONG,paired,sub-15,12,1.2969044111207735,ses-02,ERP,sub-12
GAIN_WRONG,paired,sub-15,12,0.9545171266247922,ses-02,ERP,sub-14
GAIN_WRONG,paired,sub-15,12,1.164758167514631,ses-02,ERP,sub-17
GAIN_WRONG,paired,sub-15,12,0.8150746032366601,ses-02,ERP,sub-18
GAIN_WRONG,paired,sub-15,12,1.0217473551395475,ses-02,ERP,sub-19
GAIN_WRONG,paired,sub-15,12,0.9347073852036704,ses-02,ERP,sub-21
GAIN_WRONG,paired,sub-15,12,1.1112349188759703,ses-02,ERP,sub-23
GAIN_WRONG,paired,sub-15,12,1.4315193171748468,ses-02,ERP,sub-24
QUERY_ORACLE,paired,sub-15,12,1.24319008571495e-16,ses-02,SSVEP,
MATCH,paired,sub-15,12,17.632608068903554,ses-02,SSVEP,
POP,paired,sub-15,12,18.320971757030843,ses-02,SSVEP,
TIME_SHIFT,paired,sub-15,12,19.287514282640604,ses-02,SSVEP,
CHANNEL_PERM,paired,sub-15,12,18.216479612062866,ses-02,SSVEP,
GAIN_MATCH,paired,sub-15,12,17.63364344155322,ses-02,SSVEP,
GAIN_POP,paired,sub-15,12,18.320971757030843,ses-02,SSVEP,
NULL,paired,sub-15,12,18.12371144319521,ses-02,SSVEP,
WRONG,paired,sub-15,12,17.991908980196065,ses-02,SSVEP,sub-02
WRONG,paired,sub-15,12,17.973268324694185,ses-02,SSVEP,sub-03
WRONG,paired,sub-15,12,17.949566697802137,ses-02,SSVEP,sub-05
WRONG,paired,sub-15,12,17.962947402655836,ses-02,SSVEP,sub-06
WRONG,paired,sub-15,12,18.10332601655312,ses-02,SSVEP,sub-07
WRONG,paired,sub-15,12,20.238142998978958,ses-02,SSVEP,sub-09
WRONG,paired,sub-15,12,18.57495974473298,ses-02,SSVEP,sub-11
WRONG,paired,sub-15,12,18.318148863448847,ses-02,SSVEP,sub-12
WRONG,paired,sub-15,12,17.952892827254622,ses-02,SSVEP,sub-14
WRONG,paired,sub-15,12,18.588144354734315,ses-02,SSVEP,sub-17
WRONG,paired,sub-15,12,18.265784444692354,ses-02,SSVEP,sub-18
WRONG,paired,sub-15,12,18.02587634449939,ses-02,SSVEP,sub-19
WRONG,paired,sub-15,12,18.05459390197861,ses-02,SSVEP,sub-21
WRONG,paired,sub-15,12,17.99563990102006,ses-02,SSVEP,sub-23
WRONG,paired,sub-15,12,17.945091717383388,ses-02,SSVEP,sub-24
GAIN_WRONG,paired,sub-15,12,18.111766456451612,ses-02,SSVEP,sub-02
GAIN_WRONG,paired,sub-15,12,18.010711869243448,ses-02,SSVEP,sub-03
GAIN_WRONG,paired,sub-15,12,18.12505221075766,ses-02,SSVEP,sub-05
GAIN_WRONG,paired,sub-15,12,18.247488368933425,ses-02,SSVEP,sub-06
GAIN_WRONG,paired,sub-15,12,18.32664475951264,ses-02,SSVEP,sub-07
GAIN_WRONG,paired,sub-15,12,18.40946969023418,ses-02,SSVEP,sub-09
GAIN_WRONG,paired,sub-15,12,18.641927677415676,ses-02,SSVEP,sub-11
GAIN_WRONG,paired,sub-15,12,18.17576267725276,ses-02,SSVEP,sub-12
GAIN_WRONG,paired,sub-15,12,18.09508992365401,ses-02,SSVEP,sub-14
GAIN_WRONG,paired,sub-15,12,18.091727103859615,ses-02,SSVEP,sub-17
GAIN_WRONG,paired,sub-15,12,18.266344433474313,ses-02,SSVEP,sub-18
GAIN_WRONG,paired,sub-15,12,18.175790869667917,ses-02,SSVEP,sub-19
GAIN_WRONG,paired,sub-15,12,18.21830632708786,ses-02,SSVEP,sub-21
GAIN_WRONG,paired,sub-15,12,18.193798895790852,ses-02,SSVEP,sub-23
GAIN_WRONG,paired,sub-15,12,18.237255162529504,ses-02,SSVEP,sub-24
QUERY_ORACLE,paired,sub-15,12,6.706190480638562e-17,ses-03,ERP,
MATCH,paired,sub-15,12,0.19927394537635743,ses-03,ERP,
POP,paired,sub-15,12,0.8165129931043936,ses-03,ERP,
TIME_SHIFT,paired,sub-15,12,1.7613301850738532,ses-03,ERP,
CHANNEL_PERM,paired,sub-15,12,1.5360043945780335,ses-03,ERP,
GAIN_MATCH,paired,sub-15,12,0.20830316860574197,ses-03,ERP,
GAIN_POP,paired,sub-15,12,0.8165129931043936,ses-03,ERP,
NULL,paired,sub-15,12,1.7424528408597137,ses-03,ERP,
WRONG,paired,sub-15,12,0.627800509273286,ses-03,ERP,sub-02
WRONG,paired,sub-15,12,0.7156798531305985,ses-03,ERP,sub-03
WRONG,paired,sub-15,12,1.1222241001482998,ses-03,ERP,sub-05
WRONG,paired,sub-15,12,0.4949475851405656,ses-03,ERP,sub-06
WRONG,paired,sub-15,12,0.6302181339946132,ses-03,ERP,sub-07
WRONG,paired,sub-15,12,2.692788455186358,ses-03,ERP,sub-09
WRONG,paired,sub-15,12,0.9156612424708195,ses-03,ERP,sub-11
WRONG,paired,sub-15,12,1.3160118172509858,ses-03,ERP,sub-12
WRONG,paired,sub-15,12,0.7822299880018582,ses-03,ERP,sub-14
WRONG,paired,sub-15,12,1.5037575894896522,ses-03,ERP,sub-17
WRONG,paired,sub-15,12,0.5786268935572146,ses-03,ERP,sub-18
WRONG,paired,sub-15,12,0.5864047457039618,ses-03,ERP,sub-19
WRONG,paired,sub-15,12,2.6349515526984333,ses-03,ERP,sub-21
WRONG,paired,sub-15,12,1.2640268904303367,ses-03,ERP,sub-23
WRONG,paired,sub-15,12,0.8023289518457682,ses-03,ERP,sub-24
GAIN_WRONG,paired,sub-15,12,0.654053314728878,ses-03,ERP,sub-02
GAIN_WRONG,paired,sub-15,12,0.8282765169322174,ses-03,ERP,sub-03
GAIN_WRONG,paired,sub-15,12,0.8930827310276772,ses-03,ERP,sub-05
GAIN_WRONG,paired,sub-15,12,0.6858720448886547,ses-03,ERP,sub-06
GAIN_WRONG,paired,sub-15,12,0.675634955412442,ses-03,ERP,sub-07
GAIN_WRONG,paired,sub-15,12,1.4022531125078814,ses-03,ERP,sub-09
GAIN_WRONG,paired,sub-15,12,1.1372083724598636,ses-03,ERP,sub-11
GAIN_WRONG,paired,sub-15,12,1.1042472422802574,ses-03,ERP,sub-12
GAIN_WRONG,paired,sub-15,12,0.758538977108107,ses-03,ERP,sub-14
GAIN_WRONG,paired,sub-15,12,0.8845653556734954,ses-03,ERP,sub-17
GAIN_WRONG,paired,sub-15,12,0.788945375075202,ses-03,ERP,sub-18
GAIN_WRONG,paired,sub-15,12,0.6591887452460998,ses-03,ERP,sub-19
GAIN_WRONG,paired,sub-15,12,1.4029223776315318,ses-03,ERP,sub-21
GAIN_WRONG,paired,sub-15,12,1.2653735012781957,ses-03,ERP,sub-23
GAIN_WRONG,paired,sub-15,12,1.0576732990946305,ses-03,ERP,sub-24
QUERY_ORACLE,paired,sub-15,12,6.010043852151679e-17,ses-03,SSVEP,
MATCH,paired,sub-15,12,1.0534198279616829,ses-03,SSVEP,
POP,paired,sub-15,12,2.185987820710945,ses-03,SSVEP,
TIME_SHIFT,paired,sub-15,12,1.864939313788599,ses-03,SSVEP,
CHANNEL_PERM,paired,sub-15,12,1.8797679253965212,ses-03,SSVEP,
GAIN_MATCH,paired,sub-15,12,2.1573466230687135,ses-03,SSVEP,
GAIN_POP,paired,sub-15,12,2.185987820710945,ses-03,SSVEP,
NULL,paired,sub-15,12,1.7624707361115102,ses-03,SSVEP,
WRONG,paired,sub-15,12,3.4220494896895683,ses-03,SSVEP,sub-02
WRONG,paired,sub-15,12,0.9193943751953465,ses-03,SSVEP,sub-03
WRONG,paired,sub-15,12,0.9498677595602084,ses-03,SSVEP,sub-05
WRONG,paired,sub-15,12,1.0357347320333952,ses-03,SSVEP,sub-06
WRONG,paired,sub-15,12,1.146549380683113,ses-03,SSVEP,sub-07
WRONG,paired,sub-15,12,1.2954547750596344,ses-03,SSVEP,sub-09
WRONG,paired,sub-15,12,2.3468736963675307,ses-03,SSVEP,sub-11
WRONG,paired,sub-15,12,1.7212388628622524,ses-03,SSVEP,sub-12
WRONG,paired,sub-15,12,1.089095885633156,ses-03,SSVEP,sub-14
WRONG,paired,sub-15,12,1.8856996289116283,ses-03,SSVEP,sub-17
WRONG,paired,sub-15,12,1.3289445558603659,ses-03,SSVEP,sub-18
WRONG,paired,sub-15,12,1.111025872815004,ses-03,SSVEP,sub-19
WRONG,paired,sub-15,12,1.236403227580588,ses-03,SSVEP,sub-21
WRONG,paired,sub-15,12,1.5159977257420563,ses-03,SSVEP,sub-23
WRONG,paired,sub-15,12,1.173204404751102,ses-03,SSVEP,sub-24
GAIN_WRONG,paired,sub-15,12,2.2694191506870784,ses-03,SSVEP,sub-02
GAIN_WRONG,paired,sub-15,12,1.7108829181568022,ses-03,SSVEP,sub-03
GAIN_WRONG,paired,sub-15,12,1.84891932190392,ses-03,SSVEP,sub-05
GAIN_WRONG,paired,sub-15,12,2.2318549213948855,ses-03,SSVEP,sub-06
GAIN_WRONG,paired,sub-15,12,1.5650103805154174,ses-03,SSVEP,sub-07
GAIN_WRONG,paired,sub-15,12,2.458843221293446,ses-03,SSVEP,sub-09
GAIN_WRONG,paired,sub-15,12,2.221968354714693,ses-03,SSVEP,sub-11
GAIN_WRONG,paired,sub-15,12,2.8417798953760465,ses-03,SSVEP,sub-12
GAIN_WRONG,paired,sub-15,12,2.0872788331589507,ses-03,SSVEP,sub-14
GAIN_WRONG,paired,sub-15,12,1.7531142568374587,ses-03,SSVEP,sub-17
GAIN_WRONG,paired,sub-15,12,2.3176239314848677,ses-03,SSVEP,sub-18
GAIN_WRONG,paired,sub-15,12,1.4171772723821718,ses-03,SSVEP,sub-19
GAIN_WRONG,paired,sub-15,12,2.124082123035678,ses-03,SSVEP,sub-21
GAIN_WRONG,paired,sub-15,12,1.8466108647446366,ses-03,SSVEP,sub-23
GAIN_WRONG,paired,sub-15,12,2.6776514768804325,ses-03,SSVEP,sub-24
QUERY_ORACLE,paired,sub-15,12,5.2940548888570835e-17,ses-04,ERP,
MATCH,paired,sub-15,12,0.393938903824339,ses-04,ERP,
POP,paired,sub-15,12,1.0514600803305736,ses-04,ERP,
TIME_SHIFT,paired,sub-15,12,1.3950949084915232,ses-04,ERP,
CHANNEL_PERM,paired,sub-15,12,1.337345932684671,ses-04,ERP,
GAIN_MATCH,paired,sub-15,12,0.8165814735475583,ses-04,ERP,
GAIN_POP,paired,sub-15,12,1.0514600803305736,ses-04,ERP,
NULL,paired,sub-15,12,1.4807123771422679,ses-04,ERP,
WRONG,paired,sub-15,12,0.8848968893141812,ses-04,ERP,sub-02
WRONG,paired,sub-15,12,1.3571134512130882,ses-04,ERP,sub-03
WRONG,paired,sub-15,12,1.4326597244448216,ses-04,ERP,sub-05
WRONG,paired,sub-15,12,1.1734406714351564,ses-04,ERP,sub-06
WRONG,paired,sub-15,12,1.2175278779948517,ses-04,ERP,sub-07
WRONG,paired,sub-15,12,1.265666766074147,ses-04,ERP,sub-09
WRONG,paired,sub-15,12,1.2342418648210405,ses-04,ERP,sub-11
WRONG,paired,sub-15,12,1.745257646560556,ses-04,ERP,sub-12
WRONG,paired,sub-15,12,1.284830885016628,ses-04,ERP,sub-14
WRONG,paired,sub-15,12,1.332726317003173,ses-04,ERP,sub-17
WRONG,paired,sub-15,12,1.0589546981674236,ses-04,ERP,sub-18
WRONG,paired,sub-15,12,0.9220655788587994,ses-04,ERP,sub-19
WRONG,paired,sub-15,12,1.3419956433468956,ses-04,ERP,sub-21
WRONG,paired,sub-15,12,1.0827010977064322,ses-04,ERP,sub-23
WRONG,paired,sub-15,12,1.040828116121504,ses-04,ERP,sub-24
GAIN_WRONG,paired,sub-15,12,1.01194251966512,ses-04,ERP,sub-02
GAIN_WRONG,paired,sub-15,12,1.1916574181796842,ses-04,ERP,sub-03
GAIN_WRONG,paired,sub-15,12,1.0132779792365485,ses-04,ERP,sub-05
GAIN_WRONG,paired,sub-15,12,1.1189677403386509,ses-04,ERP,sub-06
GAIN_WRONG,paired,sub-15,12,1.1620060192141357,ses-04,ERP,sub-07
GAIN_WRONG,paired,sub-15,12,1.128314418358647,ses-04,ERP,sub-09
GAIN_WRONG,paired,sub-15,12,1.109684491740779,ses-04,ERP,sub-11
GAIN_WRONG,paired,sub-15,12,1.2764052409635942,ses-04,ERP,sub-12
GAIN_WRONG,paired,sub-15,12,1.157138094198016,ses-04,ERP,sub-14
GAIN_WRONG,paired,sub-15,12,1.0591714364257836,ses-04,ERP,sub-17
GAIN_WRONG,paired,sub-15,12,1.0025448307426517,ses-04,ERP,sub-18
GAIN_WRONG,paired,sub-15,12,0.9037221643755845,ses-04,ERP,sub-19
GAIN_WRONG,paired,sub-15,12,1.1473867608437167,ses-04,ERP,sub-21
GAIN_WRONG,paired,sub-15,12,1.0334279931228536,ses-04,ERP,sub-23
GAIN_WRONG,paired,sub-15,12,0.9521443300388376,ses-04,ERP,sub-24
QUERY_ORACLE,paired,sub-15,12,4.6345469176630436e-17,ses-04,SSVEP,
MATCH,paired,sub-15,12,0.38051204223503204,ses-04,SSVEP,
POP,paired,sub-15,12,1.0317958350295717,ses-04,SSVEP,
TIME_SHIFT,paired,sub-15,12,1.2409838128210107,ses-04,SSVEP,
CHANNEL_PERM,paired,sub-15,12,1.0619319630477324,ses-04,SSVEP,
GAIN_MATCH,paired,sub-15,12,0.5186265641325257,ses-04,SSVEP,
GAIN_POP,paired,sub-15,12,1.0317958350295717,ses-04,SSVEP,
NULL,paired,sub-15,12,1.2456098733786083,ses-04,SSVEP,
WRONG,paired,sub-15,12,1.3723715154565346,ses-04,SSVEP,sub-02
WRONG,paired,sub-15,12,1.3428256885592862,ses-04,SSVEP,sub-03
WRONG,paired,sub-15,12,0.7564815988318867,ses-04,SSVEP,sub-05
WRONG,paired,sub-15,12,0.9496751072170406,ses-04,SSVEP,sub-06
WRONG,paired,sub-15,12,1.016168824381385,ses-04,SSVEP,sub-07
WRONG,paired,sub-15,12,1.2267887954681276,ses-04,SSVEP,sub-09
WRONG,paired,sub-15,12,1.2603120405903985,ses-04,SSVEP,sub-11
WRONG,paired,sub-15,12,1.5937425353068841,ses-04,SSVEP,sub-12
WRONG,paired,sub-15,12,0.8413471162536558,ses-04,SSVEP,sub-14
WRONG,paired,sub-15,12,1.053676517272378,ses-04,SSVEP,sub-17
WRONG,paired,sub-15,12,1.302543669650024,ses-04,SSVEP,sub-18
WRONG,paired,sub-15,12,1.564646152148318,ses-04,SSVEP,sub-19
WRONG,paired,sub-15,12,0.951344407227915,ses-04,SSVEP,sub-21
WRONG,paired,sub-15,12,1.0967500721934256,ses-04,SSVEP,sub-23
WRONG,paired,sub-15,12,0.7730793765736745,ses-04,SSVEP,sub-24
GAIN_WRONG,paired,sub-15,12,1.0354010268599427,ses-04,SSVEP,sub-02
GAIN_WRONG,paired,sub-15,12,1.1402062886794158,ses-04,SSVEP,sub-03
GAIN_WRONG,paired,sub-15,12,0.7518694391579186,ses-04,SSVEP,sub-05
GAIN_WRONG,paired,sub-15,12,0.9269243117555881,ses-04,SSVEP,sub-06
GAIN_WRONG,paired,sub-15,12,1.0711642790978515,ses-04,SSVEP,sub-07
GAIN_WRONG,paired,sub-15,12,0.9760552751639385,ses-04,SSVEP,sub-09
GAIN_WRONG,paired,sub-15,12,1.0358809830866524,ses-04,SSVEP,sub-11
GAIN_WRONG,paired,sub-15,12,0.9343002305730503,ses-04,SSVEP,sub-12
GAIN_WRONG,paired,sub-15,12,0.8463744417369368,ses-04,SSVEP,sub-14
GAIN_WRONG,paired,sub-15,12,0.967961827401075,ses-04,SSVEP,sub-17
GAIN_WRONG,paired,sub-15,12,1.0253451442737689,ses-04,SSVEP,sub-18
GAIN_WRONG,paired,sub-15,12,1.3382455543015386,ses-04,SSVEP,sub-19
GAIN_WRONG,paired,sub-15,12,0.8345487910480981,ses-04,SSVEP,sub-21
GAIN_WRONG,paired,sub-15,12,1.2044260274748648,ses-04,SSVEP,sub-23
GAIN_WRONG,paired,sub-15,12,0.7748036761747946,ses-04,SSVEP,sub-24
QUERY_ORACLE,paired,sub-17,12,1.4055632088044392e-16,ses-02,ERP,
MATCH,paired,sub-17,12,5.38039090118982,ses-02,ERP,
POP,paired,sub-17,12,5.404390246284128,ses-02,ERP,
TIME_SHIFT,paired,sub-17,12,6.273757378933207,ses-02,ERP,
CHANNEL_PERM,paired,sub-17,12,6.520125423294126,ses-02,ERP,
GAIN_MATCH,paired,sub-17,12,5.435340769974175,ses-02,ERP,
GAIN_POP,paired,sub-17,12,5.404390246284128,ses-02,ERP,
NULL,paired,sub-17,12,6.921393100404829,ses-02,ERP,
WRONG,paired,sub-17,12,5.626511338645233,ses-02,ERP,sub-02
WRONG,paired,sub-17,12,5.345923409522648,ses-02,ERP,sub-03
WRONG,paired,sub-17,12,5.555969967166718,ses-02,ERP,sub-05
WRONG,paired,sub-17,12,5.3172145793363255,ses-02,ERP,sub-06
WRONG,paired,sub-17,12,5.551026336636846,ses-02,ERP,sub-07
WRONG,paired,sub-17,12,5.599927730267873,ses-02,ERP,sub-09
WRONG,paired,sub-17,12,5.271773161770901,ses-02,ERP,sub-11
WRONG,paired,sub-17,12,5.699256263569791,ses-02,ERP,sub-12
WRONG,paired,sub-17,12,5.493233856010206,ses-02,ERP,sub-14
WRONG,paired,sub-17,12,5.607747581418248,ses-02,ERP,sub-15
WRONG,paired,sub-17,12,5.3401100679986655,ses-02,ERP,sub-18
WRONG,paired,sub-17,12,5.6785776463975175,ses-02,ERP,sub-19
WRONG,paired,sub-17,12,5.420232154875822,ses-02,ERP,sub-21
WRONG,paired,sub-17,12,5.434478891601603,ses-02,ERP,sub-23
WRONG,paired,sub-17,12,5.280722808680265,ses-02,ERP,sub-24
GAIN_WRONG,paired,sub-17,12,5.623006362836946,ses-02,ERP,sub-02
GAIN_WRONG,paired,sub-17,12,5.416396838974592,ses-02,ERP,sub-03
GAIN_WRONG,paired,sub-17,12,5.567969999859947,ses-02,ERP,sub-05
GAIN_WRONG,paired,sub-17,12,5.268859627548723,ses-02,ERP,sub-06
GAIN_WRONG,paired,sub-17,12,5.56332978304265,ses-02,ERP,sub-07
GAIN_WRONG,paired,sub-17,12,5.741990812242162,ses-02,ERP,sub-09
GAIN_WRONG,paired,sub-17,12,5.328517479949957,ses-02,ERP,sub-11
GAIN_WRONG,paired,sub-17,12,5.70613992142512,ses-02,ERP,sub-12
GAIN_WRONG,paired,sub-17,12,5.492975977657838,ses-02,ERP,sub-14
GAIN_WRONG,paired,sub-17,12,5.637515846970042,ses-02,ERP,sub-15
GAIN_WRONG,paired,sub-17,12,5.434013808595432,ses-02,ERP,sub-18
GAIN_WRONG,paired,sub-17,12,5.7417671421710486,ses-02,ERP,sub-19
GAIN_WRONG,paired,sub-17,12,5.453077816447196,ses-02,ERP,sub-21
GAIN_WRONG,paired,sub-17,12,5.5256195557262835,ses-02,ERP,sub-23
GAIN_WRONG,paired,sub-17,12,5.314905673921962,ses-02,ERP,sub-24
QUERY_ORACLE,paired,sub-17,12,7.053748933169862e-17,ses-02,SSVEP,
MATCH,paired,sub-17,12,2.9812520628374215,ses-02,SSVEP,
POP,paired,sub-17,12,2.84495933268103,ses-02,SSVEP,
TIME_SHIFT,paired,sub-17,12,3.367714559723986,ses-02,SSVEP,
CHANNEL_PERM,paired,sub-17,12,4.174867499755693,ses-02,SSVEP,
GAIN_MATCH,paired,sub-17,12,1.6491456576237218,ses-02,SSVEP,
GAIN_POP,paired,sub-17,12,2.84495933268103,ses-02,SSVEP,
NULL,paired,sub-17,12,3.3563708889113646,ses-02,SSVEP,
WRONG,paired,sub-17,12,1.3039188809093547,ses-02,SSVEP,sub-02
WRONG,paired,sub-17,12,1.1746373070939329,ses-02,SSVEP,sub-03
WRONG,paired,sub-17,12,1.0290863730321325,ses-02,SSVEP,sub-05
WRONG,paired,sub-17,12,0.8859993148004581,ses-02,SSVEP,sub-06
WRONG,paired,sub-17,12,1.120201276158684,ses-02,SSVEP,sub-07
WRONG,paired,sub-17,12,7.6716152380584335,ses-02,SSVEP,sub-09
WRONG,paired,sub-17,12,2.602149096093263,ses-02,SSVEP,sub-11
WRONG,paired,sub-17,12,2.1291015071503123,ses-02,SSVEP,sub-12
WRONG,paired,sub-17,12,1.068376207508598,ses-02,SSVEP,sub-14
WRONG,paired,sub-17,12,1.3213965857488337,ses-02,SSVEP,sub-15
WRONG,paired,sub-17,12,1.601962824602582,ses-02,SSVEP,sub-18
WRONG,paired,sub-17,12,1.3489517036865522,ses-02,SSVEP,sub-19
WRONG,paired,sub-17,12,0.8866841214496052,ses-02,SSVEP,sub-21
WRONG,paired,sub-17,12,1.6756748125052459,ses-02,SSVEP,sub-23
WRONG,paired,sub-17,12,1.1133750415198673,ses-02,SSVEP,sub-24
GAIN_WRONG,paired,sub-17,12,1.4275241597664337,ses-02,SSVEP,sub-02
GAIN_WRONG,paired,sub-17,12,1.1432483287457738,ses-02,SSVEP,sub-03
GAIN_WRONG,paired,sub-17,12,1.3667418600385508,ses-02,SSVEP,sub-05
GAIN_WRONG,paired,sub-17,12,1.455753900710116,ses-02,SSVEP,sub-06
GAIN_WRONG,paired,sub-17,12,1.523181415428706,ses-02,SSVEP,sub-07
GAIN_WRONG,paired,sub-17,12,3.9464318004872925,ses-02,SSVEP,sub-09
GAIN_WRONG,paired,sub-17,12,2.6822698049244096,ses-02,SSVEP,sub-11
GAIN_WRONG,paired,sub-17,12,1.6285250851895572,ses-02,SSVEP,sub-12
GAIN_WRONG,paired,sub-17,12,1.3397997693304429,ses-02,SSVEP,sub-14
GAIN_WRONG,paired,sub-17,12,1.647255042133561,ses-02,SSVEP,sub-15
GAIN_WRONG,paired,sub-17,12,1.554949643671659,ses-02,SSVEP,sub-18
GAIN_WRONG,paired,sub-17,12,1.6252547967690807,ses-02,SSVEP,sub-19
GAIN_WRONG,paired,sub-17,12,1.4946616372254296,ses-02,SSVEP,sub-21
GAIN_WRONG,paired,sub-17,12,1.585460061202143,ses-02,SSVEP,sub-23
GAIN_WRONG,paired,sub-17,12,2.0337588974482075,ses-02,SSVEP,sub-24
QUERY_ORACLE,paired,sub-17,12,8.837493179550835e-17,ses-03,ERP,
MATCH,paired,sub-17,12,0.8865845609121958,ses-03,ERP,
POP,paired,sub-17,12,1.1322050397742052,ses-03,ERP,
TIME_SHIFT,paired,sub-17,12,2.2559524453804527,ses-03,ERP,
CHANNEL_PERM,paired,sub-17,12,2.2332151008609014,ses-03,ERP,
GAIN_MATCH,paired,sub-17,12,1.4304346417401683,ses-03,ERP,
GAIN_POP,paired,sub-17,12,1.1322050397742052,ses-03,ERP,
NULL,paired,sub-17,12,2.7016797763207765,ses-03,ERP,
WRONG,paired,sub-17,12,1.422424078534985,ses-03,ERP,sub-02
WRONG,paired,sub-17,12,1.1025500685411742,ses-03,ERP,sub-03
WRONG,paired,sub-17,12,0.8973083516473735,ses-03,ERP,sub-05
WRONG,paired,sub-17,12,1.0637123514285605,ses-03,ERP,sub-06
WRONG,paired,sub-17,12,1.0122024752430159,ses-03,ERP,sub-07
WRONG,paired,sub-17,12,2.816103802565877,ses-03,ERP,sub-09
WRONG,paired,sub-17,12,0.8093635150309314,ses-03,ERP,sub-11
WRONG,paired,sub-17,12,0.8543216843029043,ses-03,ERP,sub-12
WRONG,paired,sub-17,12,1.0653920674477433,ses-03,ERP,sub-14
WRONG,paired,sub-17,12,1.273959128308814,ses-03,ERP,sub-15
WRONG,paired,sub-17,12,1.0192119404798783,ses-03,ERP,sub-18
WRONG,paired,sub-17,12,1.136320877406858,ses-03,ERP,sub-19
WRONG,paired,sub-17,12,2.784781606843685,ses-03,ERP,sub-21
WRONG,paired,sub-17,12,2.0047689671682396,ses-03,ERP,sub-23
WRONG,paired,sub-17,12,0.9656464627834467,ses-03,ERP,sub-24
GAIN_WRONG,paired,sub-17,12,1.3761786646501848,ses-03,ERP,sub-02
GAIN_WRONG,paired,sub-17,12,1.041840372411878,ses-03,ERP,sub-03
GAIN_WRONG,paired,sub-17,12,0.8691715392492401,ses-03,ERP,sub-05
GAIN_WRONG,paired,sub-17,12,0.8320751177765588,ses-03,ERP,sub-06
GAIN_WRONG,paired,sub-17,12,0.9945696698838368,ses-03,ERP,sub-07
GAIN_WRONG,paired,sub-17,12,2.1898275383060937,ses-03,ERP,sub-09
GAIN_WRONG,paired,sub-17,12,0.7735333486807336,ses-03,ERP,sub-11
GAIN_WRONG,paired,sub-17,12,0.7644503147990921,ses-03,ERP,sub-12
GAIN_WRONG,paired,sub-17,12,1.0951666904595079,ses-03,ERP,sub-14
GAIN_WRONG,paired,sub-17,12,1.2122231350726775,ses-03,ERP,sub-15
GAIN_WRONG,paired,sub-17,12,0.8457712296045029,ses-03,ERP,sub-18
GAIN_WRONG,paired,sub-17,12,1.091718788307212,ses-03,ERP,sub-19
GAIN_WRONG,paired,sub-17,12,2.3006207500551263,ses-03,ERP,sub-21
GAIN_WRONG,paired,sub-17,12,1.998197520561791,ses-03,ERP,sub-23
GAIN_WRONG,paired,sub-17,12,0.8597802440920345,ses-03,ERP,sub-24
QUERY_ORACLE,paired,sub-17,12,6.45259715697011e-17,ses-03,SSVEP,
MATCH,paired,sub-17,12,1.2681233086114476,ses-03,SSVEP,
POP,paired,sub-17,12,1.9135340230171858,ses-03,SSVEP,
TIME_SHIFT,paired,sub-17,12,1.9621147973636948,ses-03,SSVEP,
CHANNEL_PERM,paired,sub-17,12,2.1053328257407125,ses-03,SSVEP,
GAIN_MATCH,paired,sub-17,12,1.1612135370629941,ses-03,SSVEP,
GAIN_POP,paired,sub-17,12,1.9135340230171858,ses-03,SSVEP,
NULL,paired,sub-17,12,2.0966091719567834,ses-03,SSVEP,
WRONG,paired,sub-17,12,3.1253387797128056,ses-03,SSVEP,sub-02
WRONG,paired,sub-17,12,0.8346777679110621,ses-03,SSVEP,sub-03
WRONG,paired,sub-17,12,0.9900319753837575,ses-03,SSVEP,sub-05
WRONG,paired,sub-17,12,0.7977616582152957,ses-03,SSVEP,sub-06
WRONG,paired,sub-17,12,1.3185652876973624,ses-03,SSVEP,sub-07
WRONG,paired,sub-17,12,1.0644969592489546,ses-03,SSVEP,sub-09
WRONG,paired,sub-17,12,2.1637821385330454,ses-03,SSVEP,sub-11
WRONG,paired,sub-17,12,1.3469586489232332,ses-03,SSVEP,sub-12
WRONG,paired,sub-17,12,0.9631845888584061,ses-03,SSVEP,sub-14
WRONG,paired,sub-17,12,1.3753507881968792,ses-03,SSVEP,sub-15
WRONG,paired,sub-17,12,1.147454877914641,ses-03,SSVEP,sub-18
WRONG,paired,sub-17,12,1.1370154935356798,ses-03,SSVEP,sub-19
WRONG,paired,sub-17,12,0.9842878837211336,ses-03,SSVEP,sub-21
WRONG,paired,sub-17,12,1.8680465595005107,ses-03,SSVEP,sub-23
WRONG,paired,sub-17,12,0.9223501781145012,ses-03,SSVEP,sub-24
GAIN_WRONG,paired,sub-17,12,2.1777259375414304,ses-03,SSVEP,sub-02
GAIN_WRONG,paired,sub-17,12,1.4173498484203977,ses-03,SSVEP,sub-03
GAIN_WRONG,paired,sub-17,12,1.6136895452463007,ses-03,SSVEP,sub-05
GAIN_WRONG,paired,sub-17,12,1.719693626606782,ses-03,SSVEP,sub-06
GAIN_WRONG,paired,sub-17,12,1.54872729869286,ses-03,SSVEP,sub-07
GAIN_WRONG,paired,sub-17,12,2.0985737225350496,ses-03,SSVEP,sub-09
GAIN_WRONG,paired,sub-17,12,2.078339750744173,ses-03,SSVEP,sub-11
GAIN_WRONG,paired,sub-17,12,2.5209780275866414,ses-03,SSVEP,sub-12
GAIN_WRONG,paired,sub-17,12,1.7712887483094344,ses-03,SSVEP,sub-14
GAIN_WRONG,paired,sub-17,12,2.189653569969314,ses-03,SSVEP,sub-15
GAIN_WRONG,paired,sub-17,12,2.099231802396055,ses-03,SSVEP,sub-18
GAIN_WRONG,paired,sub-17,12,1.309289743833015,ses-03,SSVEP,sub-19
GAIN_WRONG,paired,sub-17,12,1.8382599646389985,ses-03,SSVEP,sub-21
GAIN_WRONG,paired,sub-17,12,2.102819701082642,ses-03,SSVEP,sub-23
GAIN_WRONG,paired,sub-17,12,2.2761504114650744,ses-03,SSVEP,sub-24
QUERY_ORACLE,paired,sub-17,12,6.150528855589346e-17,ses-04,ERP,
MATCH,paired,sub-17,12,0.29980667714566084,ses-04,ERP,
POP,paired,sub-17,12,0.7493470207945067,ses-04,ERP,
TIME_SHIFT,paired,sub-17,12,1.8412423452778601,ses-04,ERP,
CHANNEL_PERM,paired,sub-17,12,1.38355538654398,ses-04,ERP,
GAIN_MATCH,paired,sub-17,12,0.5978245684352425,ses-04,ERP,
GAIN_POP,paired,sub-17,12,0.7493470207945067,ses-04,ERP,
NULL,paired,sub-17,12,1.9178508343233152,ses-04,ERP,
WRONG,paired,sub-17,12,1.5102084449470918,ses-04,ERP,sub-02
WRONG,paired,sub-17,12,0.9068389520977166,ses-04,ERP,sub-03
WRONG,paired,sub-17,12,1.1202980873400044,ses-04,ERP,sub-05
WRONG,paired,sub-17,12,0.8527244274774469,ses-04,ERP,sub-06
WRONG,paired,sub-17,12,1.1165741618758276,ses-04,ERP,sub-07
WRONG,paired,sub-17,12,0.6196675238187656,ses-04,ERP,sub-09
WRONG,paired,sub-17,12,0.8000813870191887,ses-04,ERP,sub-11
WRONG,paired,sub-17,12,1.0295381933289078,ses-04,ERP,sub-12
WRONG,paired,sub-17,12,0.8898839141857752,ses-04,ERP,sub-14
WRONG,paired,sub-17,12,1.3995135491271358,ses-04,ERP,sub-15
WRONG,paired,sub-17,12,0.7907618391650851,ses-04,ERP,sub-18
WRONG,paired,sub-17,12,0.8277807633355135,ses-04,ERP,sub-19
WRONG,paired,sub-17,12,0.9872000125319563,ses-04,ERP,sub-21
WRONG,paired,sub-17,12,1.4953939369032214,ses-04,ERP,sub-23
WRONG,paired,sub-17,12,0.7480732308470555,ses-04,ERP,sub-24
GAIN_WRONG,paired,sub-17,12,1.592201432307559,ses-04,ERP,sub-02
GAIN_WRONG,paired,sub-17,12,1.1360467763344377,ses-04,ERP,sub-03
GAIN_WRONG,paired,sub-17,12,1.2222627967001831,ses-04,ERP,sub-05
GAIN_WRONG,paired,sub-17,12,0.9224669360461274,ses-04,ERP,sub-06
GAIN_WRONG,paired,sub-17,12,1.2788028598614103,ses-04,ERP,sub-07
GAIN_WRONG,paired,sub-17,12,0.7662684621598658,ses-04,ERP,sub-09
GAIN_WRONG,paired,sub-17,12,0.8886782181258398,ses-04,ERP,sub-11
GAIN_WRONG,paired,sub-17,12,0.9440077406051683,ses-04,ERP,sub-12
GAIN_WRONG,paired,sub-17,12,0.9794700079765142,ses-04,ERP,sub-14
GAIN_WRONG,paired,sub-17,12,1.532086140651275,ses-04,ERP,sub-15
GAIN_WRONG,paired,sub-17,12,0.9418260247314699,ses-04,ERP,sub-18
GAIN_WRONG,paired,sub-17,12,0.8750353785963337,ses-04,ERP,sub-19
GAIN_WRONG,paired,sub-17,12,1.1919306755756873,ses-04,ERP,sub-21
GAIN_WRONG,paired,sub-17,12,1.43383285275908,ses-04,ERP,sub-23
GAIN_WRONG,paired,sub-17,12,0.8475328357778883,ses-04,ERP,sub-24
QUERY_ORACLE,paired,sub-17,12,5.707164449555108e-17,ses-04,SSVEP,
MATCH,paired,sub-17,12,1.0866337953177296,ses-04,SSVEP,
POP,paired,sub-17,12,1.058636612790882,ses-04,SSVEP,
TIME_SHIFT,paired,sub-17,12,1.6052713198293456,ses-04,SSVEP,
CHANNEL_PERM,paired,sub-17,12,1.5635572310690424,ses-04,SSVEP,
GAIN_MATCH,paired,sub-17,12,1.0672001154542012,ses-04,SSVEP,
GAIN_POP,paired,sub-17,12,1.058636612790882,ses-04,SSVEP,
NULL,paired,sub-17,12,1.6530138014695046,ses-04,SSVEP,
WRONG,paired,sub-17,12,1.763814311080437,ses-04,SSVEP,sub-02
WRONG,paired,sub-17,12,1.3435625776783138,ses-04,SSVEP,sub-03
WRONG,paired,sub-17,12,0.7621922106236916,ses-04,SSVEP,sub-05
WRONG,paired,sub-17,12,0.7238847732073143,ses-04,SSVEP,sub-06
WRONG,paired,sub-17,12,1.0953927848361564,ses-04,SSVEP,sub-07
WRONG,paired,sub-17,12,1.2161603072471094,ses-04,SSVEP,sub-09
WRONG,paired,sub-17,12,1.3882620798972187,ses-04,SSVEP,sub-11
WRONG,paired,sub-17,12,1.5714419783179914,ses-04,SSVEP,sub-12
WRONG,paired,sub-17,12,0.8778547522704735,ses-04,SSVEP,sub-14
WRONG,paired,sub-17,12,1.0271839610572049,ses-04,SSVEP,sub-15
WRONG,paired,sub-17,12,1.3047437864118414,ses-04,SSVEP,sub-18
WRONG,paired,sub-17,12,1.6320818615159023,ses-04,SSVEP,sub-19
WRONG,paired,sub-17,12,0.8997089931930223,ses-04,SSVEP,sub-21
WRONG,paired,sub-17,12,1.3985795158400807,ses-04,SSVEP,sub-23
WRONG,paired,sub-17,12,0.7798171046023122,ses-04,SSVEP,sub-24
GAIN_WRONG,paired,sub-17,12,1.4939592548774019,ses-04,SSVEP,sub-02
GAIN_WRONG,paired,sub-17,12,1.312845065067582,ses-04,SSVEP,sub-03
GAIN_WRONG,paired,sub-17,12,0.7683337971158312,ses-04,SSVEP,sub-05
GAIN_WRONG,paired,sub-17,12,0.7334712381583363,ses-04,SSVEP,sub-06
GAIN_WRONG,paired,sub-17,12,1.1057626844600603,ses-04,SSVEP,sub-07
GAIN_WRONG,paired,sub-17,12,1.152278071327763,ses-04,SSVEP,sub-09
GAIN_WRONG,paired,sub-17,12,1.2804923538070454,ses-04,SSVEP,sub-11
GAIN_WRONG,paired,sub-17,12,1.1567998970045061,ses-04,SSVEP,sub-12
GAIN_WRONG,paired,sub-17,12,0.876261804561585,ses-04,SSVEP,sub-14
GAIN_WRONG,paired,sub-17,12,1.119748620150837,ses-04,SSVEP,sub-15
GAIN_WRONG,paired,sub-17,12,1.265836739886726,ses-04,SSVEP,sub-18
GAIN_WRONG,paired,sub-17,12,1.4660172807316962,ses-04,SSVEP,sub-19
GAIN_WRONG,paired,sub-17,12,0.890755722247873,ses-04,SSVEP,sub-21
GAIN_WRONG,paired,sub-17,12,1.3524773335102929,ses-04,SSVEP,sub-23
GAIN_WRONG,paired,sub-17,12,0.7797706619869293,ses-04,SSVEP,sub-24
QUERY_ORACLE,paired,sub-18,12,7.651465638438727e-17,ses-02,ERP,
MATCH,paired,sub-18,12,1.1096336609010828,ses-02,ERP,
POP,paired,sub-18,12,1.2350562340652096,ses-02,ERP,
TIME_SHIFT,paired,sub-18,12,1.5617398790359183,ses-02,ERP,
CHANNEL_PERM,paired,sub-18,12,2.9451826972849346,ses-02,ERP,
GAIN_MATCH,paired,sub-18,12,0.9220400804115313,ses-02,ERP,
GAIN_POP,paired,sub-18,12,1.2350562340652096,ses-02,ERP,
NULL,paired,sub-18,12,2.9906606273539658,ses-02,ERP,
WRONG,paired,sub-18,12,1.0804560202804996,ses-02,ERP,sub-02
WRONG,paired,sub-18,12,1.1653625948980542,ses-02,ERP,sub-03
WRONG,paired,sub-18,12,2.1764840092745055,ses-02,ERP,sub-05
WRONG,paired,sub-18,12,1.1834046444919746,ses-02,ERP,sub-06
WRONG,paired,sub-18,12,1.1639960402425704,ses-02,ERP,sub-07
WRONG,paired,sub-18,12,1.5403328257726416,ses-02,ERP,sub-09
WRONG,paired,sub-18,12,1.547680574693598,ses-02,ERP,sub-11
WRONG,paired,sub-18,12,2.6089530656343483,ses-02,ERP,sub-12
WRONG,paired,sub-18,12,1.2125610864329652,ses-02,ERP,sub-14
WRONG,paired,sub-18,12,1.127690072334581,ses-02,ERP,sub-15
WRONG,paired,sub-18,12,1.94176365847544,ses-02,ERP,sub-17
WRONG,paired,sub-18,12,1.3234970486649231,ses-02,ERP,sub-19
WRONG,paired,sub-18,12,1.1683765723642738,ses-02,ERP,sub-21
WRONG,paired,sub-18,12,1.0672139495089903,ses-02,ERP,sub-23
WRONG,paired,sub-18,12,1.3480964709211003,ses-02,ERP,sub-24
GAIN_WRONG,paired,sub-18,12,1.102817700352532,ses-02,ERP,sub-02
GAIN_WRONG,paired,sub-18,12,1.0603418563734066,ses-02,ERP,sub-03
GAIN_WRONG,paired,sub-18,12,1.3078215973199476,ses-02,ERP,sub-05
GAIN_WRONG,paired,sub-18,12,1.3126525963690476,ses-02,ERP,sub-06
GAIN_WRONG,paired,sub-18,12,1.1540077341730883,ses-02,ERP,sub-07
GAIN_WRONG,paired,sub-18,12,1.1157690193116891,ses-02,ERP,sub-09
GAIN_WRONG,paired,sub-18,12,1.228517088439023,ses-02,ERP,sub-11
GAIN_WRONG,paired,sub-18,12,1.2571071072877984,ses-02,ERP,sub-12
GAIN_WRONG,paired,sub-18,12,1.239201615044032,ses-02,ERP,sub-14
GAIN_WRONG,paired,sub-18,12,1.0698921028503265,ses-02,ERP,sub-15
GAIN_WRONG,paired,sub-18,12,1.3504061769471203,ses-02,ERP,sub-17
GAIN_WRONG,paired,sub-18,12,1.1183702149075585,ses-02,ERP,sub-19
GAIN_WRONG,paired,sub-18,12,1.0814006565390282,ses-02,ERP,sub-21
GAIN_WRONG,paired,sub-18,12,0.9911954234213781,ses-02,ERP,sub-23
GAIN_WRONG,paired,sub-18,12,1.2624431221639731,ses-02,ERP,sub-24
QUERY_ORACLE,paired,sub-18,12,7.442219770429584e-17,ses-02,SSVEP,
MATCH,paired,sub-18,12,0.6862082598930349,ses-02,SSVEP,
POP,paired,sub-18,12,2.8717378795950936,ses-02,SSVEP,
TIME_SHIFT,paired,sub-18,12,3.8221154423177044,ses-02,SSVEP,
CHANNEL_PERM,paired,sub-18,12,3.234716818585594,ses-02,SSVEP,
GAIN_MATCH,paired,sub-18,12,0.6851476913890163,ses-02,SSVEP,
GAIN_POP,paired,sub-18,12,2.8717378795950936,ses-02,SSVEP,
NULL,paired,sub-18,12,3.8076979212642534,ses-02,SSVEP,
WRONG,paired,sub-18,12,1.7933158299765457,ses-02,SSVEP,sub-02
WRONG,paired,sub-18,12,1.7429419488165916,ses-02,SSVEP,sub-03
WRONG,paired,sub-18,12,1.6772334469335257,ses-02,SSVEP,sub-05
WRONG,paired,sub-18,12,1.7051232565697643,ses-02,SSVEP,sub-06
WRONG,paired,sub-18,12,1.5536523146921537,ses-02,SSVEP,sub-07
WRONG,paired,sub-18,12,7.392537614420494,ses-02,SSVEP,sub-09
WRONG,paired,sub-18,12,2.4645059713911817,ses-02,SSVEP,sub-11
WRONG,paired,sub-18,12,1.7381989777782145,ses-02,SSVEP,sub-12
WRONG,paired,sub-18,12,1.620439614223476,ses-02,SSVEP,sub-14
WRONG,paired,sub-18,12,1.859036721241701,ses-02,SSVEP,sub-15
WRONG,paired,sub-18,12,3.2194679026276525,ses-02,SSVEP,sub-17
WRONG,paired,sub-18,12,1.6464256783983124,ses-02,SSVEP,sub-19
WRONG,paired,sub-18,12,1.4542267061451337,ses-02,SSVEP,sub-21
WRONG,paired,sub-18,12,2.187479764122989,ses-02,SSVEP,sub-23
WRONG,paired,sub-18,12,1.6230774047908192,ses-02,SSVEP,sub-24
GAIN_WRONG,paired,sub-18,12,1.6569126525887479,ses-02,SSVEP,sub-02
GAIN_WRONG,paired,sub-18,12,1.6296208520786655,ses-02,SSVEP,sub-03
GAIN_WRONG,paired,sub-18,12,1.5603135810710727,ses-02,SSVEP,sub-05
GAIN_WRONG,paired,sub-18,12,1.6812721316762909,ses-02,SSVEP,sub-06
GAIN_WRONG,paired,sub-18,12,1.5367794143126616,ses-02,SSVEP,sub-07
GAIN_WRONG,paired,sub-18,12,4.120119062191856,ses-02,SSVEP,sub-09
GAIN_WRONG,paired,sub-18,12,2.5147993615811908,ses-02,SSVEP,sub-11
GAIN_WRONG,paired,sub-18,12,1.4681647046191635,ses-02,SSVEP,sub-12
GAIN_WRONG,paired,sub-18,12,1.461599631315796,ses-02,SSVEP,sub-14
GAIN_WRONG,paired,sub-18,12,1.7769488121081334,ses-02,SSVEP,sub-15
GAIN_WRONG,paired,sub-18,12,2.357131532563743,ses-02,SSVEP,sub-17
GAIN_WRONG,paired,sub-18,12,1.5519589514814793,ses-02,SSVEP,sub-19
GAIN_WRONG,paired,sub-18,12,1.7425565898596211,ses-02,SSVEP,sub-21
GAIN_WRONG,paired,sub-18,12,1.659159699263683,ses-02,SSVEP,sub-23
GAIN_WRONG,paired,sub-18,12,1.9661839418169371,ses-02,SSVEP,sub-24
QUERY_ORACLE,paired,sub-18,12,6.534094701851739e-17,ses-03,ERP,
MATCH,paired,sub-18,12,0.3930178812198528,ses-03,ERP,
POP,paired,sub-18,12,0.7454485785684014,ses-03,ERP,
TIME_SHIFT,paired,sub-18,12,1.7404194590627193,ses-03,ERP,
CHANNEL_PERM,paired,sub-18,12,1.692219286610647,ses-03,ERP,
GAIN_MATCH,paired,sub-18,12,0.5901180674579959,ses-03,ERP,
GAIN_POP,paired,sub-18,12,0.7454485785684014,ses-03,ERP,
NULL,paired,sub-18,12,1.8286934949075497,ses-03,ERP,
WRONG,paired,sub-18,12,0.8574231760016314,ses-03,ERP,sub-02
WRONG,paired,sub-18,12,0.6160033777412204,ses-03,ERP,sub-03
WRONG,paired,sub-18,12,1.0555925918675948,ses-03,ERP,sub-05
WRONG,paired,sub-18,12,0.4059175220254467,ses-03,ERP,sub-06
WRONG,paired,sub-18,12,0.5628597597567855,ses-03,ERP,sub-07
WRONG,paired,sub-18,12,2.551986180091306,ses-03,ERP,sub-09
WRONG,paired,sub-18,12,0.6842699002944155,ses-03,ERP,sub-11
WRONG,paired,sub-18,12,1.134567486114242,ses-03,ERP,sub-12
WRONG,paired,sub-18,12,0.7600020837231,ses-03,ERP,sub-14
WRONG,paired,sub-18,12,0.5649418303712486,ses-03,ERP,sub-15
WRONG,paired,sub-18,12,1.4743039736614743,ses-03,ERP,sub-17
WRONG,paired,sub-18,12,0.6145021904913686,ses-03,ERP,sub-19
WRONG,paired,sub-18,12,3.1122012773466086,ses-03,ERP,sub-21
WRONG,paired,sub-18,12,1.2546345901070572,ses-03,ERP,sub-23
WRONG,paired,sub-18,12,0.5901007850036869,ses-03,ERP,sub-24
GAIN_WRONG,paired,sub-18,12,0.8761856182235638,ses-03,ERP,sub-02
GAIN_WRONG,paired,sub-18,12,0.7127649474385492,ses-03,ERP,sub-03
GAIN_WRONG,paired,sub-18,12,0.8243519109167852,ses-03,ERP,sub-05
GAIN_WRONG,paired,sub-18,12,0.5613717964236298,ses-03,ERP,sub-06
GAIN_WRONG,paired,sub-18,12,0.6024174398998233,ses-03,ERP,sub-07
GAIN_WRONG,paired,sub-18,12,1.4309259950716147,ses-03,ERP,sub-09
GAIN_WRONG,paired,sub-18,12,0.9203860065770234,ses-03,ERP,sub-11
GAIN_WRONG,paired,sub-18,12,0.9088628803501928,ses-03,ERP,sub-12
GAIN_WRONG,paired,sub-18,12,0.7416893317921994,ses-03,ERP,sub-14
GAIN_WRONG,paired,sub-18,12,0.5739833008467583,ses-03,ERP,sub-15
GAIN_WRONG,paired,sub-18,12,0.9189326270136032,ses-03,ERP,sub-17
GAIN_WRONG,paired,sub-18,12,0.6723075554118448,ses-03,ERP,sub-19
GAIN_WRONG,paired,sub-18,12,1.6145087186992122,ses-03,ERP,sub-21
GAIN_WRONG,paired,sub-18,12,1.2542395354283433,ses-03,ERP,sub-23
GAIN_WRONG,paired,sub-18,12,0.8426898597207103,ses-03,ERP,sub-24
QUERY_ORACLE,paired,sub-18,12,7.488614984275634e-17,ses-03,SSVEP,
MATCH,paired,sub-18,12,1.4371888688192094,ses-03,SSVEP,
POP,paired,sub-18,12,2.8718078486434044,ses-03,SSVEP,
TIME_SHIFT,paired,sub-18,12,3.0844547390524415,ses-03,SSVEP,
CHANNEL_PERM,paired,sub-18,12,2.561499126320389,ses-03,SSVEP,
GAIN_MATCH,paired,sub-18,12,2.1626374523520173,ses-03,SSVEP,
GAIN_POP,paired,sub-18,12,2.8718078486434044,ses-03,SSVEP,
NULL,paired,sub-18,12,3.0991646135198727,ses-03,SSVEP,
WRONG,paired,sub-18,12,4.391422819984837,ses-03,SSVEP,sub-02
WRONG,paired,sub-18,12,1.7163111704300353,ses-03,SSVEP,sub-03
WRONG,paired,sub-18,12,1.7682594624490655,ses-03,SSVEP,sub-05
WRONG,paired,sub-18,12,1.8600667472198955,ses-03,SSVEP,sub-06
WRONG,paired,sub-18,12,2.0660833749130876,ses-03,SSVEP,sub-07
WRONG,paired,sub-18,12,1.8424941510264412,ses-03,SSVEP,sub-09
WRONG,paired,sub-18,12,2.5906569189736177,ses-03,SSVEP,sub-11
WRONG,paired,sub-18,12,1.7303153161221123,ses-03,SSVEP,sub-12
WRONG,paired,sub-18,12,1.761253351371235,ses-03,SSVEP,sub-14
WRONG,paired,sub-18,12,2.021098266891046,ses-03,SSVEP,sub-15
WRONG,paired,sub-18,12,2.5018378314864367,ses-03,SSVEP,sub-17
WRONG,paired,sub-18,12,1.8272381928745078,ses-03,SSVEP,sub-19
WRONG,paired,sub-18,12,1.6830917237732155,ses-03,SSVEP,sub-21
WRONG,paired,sub-18,12,2.900904325928583,ses-03,SSVEP,sub-23
WRONG,paired,sub-18,12,1.723482659147563,ses-03,SSVEP,sub-24
GAIN_WRONG,paired,sub-18,12,3.255723223674686,ses-03,SSVEP,sub-02
GAIN_WRONG,paired,sub-18,12,1.9427427829188744,ses-03,SSVEP,sub-03
GAIN_WRONG,paired,sub-18,12,1.922168675134435,ses-03,SSVEP,sub-05
GAIN_WRONG,paired,sub-18,12,2.3374578236643457,ses-03,SSVEP,sub-06
GAIN_WRONG,paired,sub-18,12,2.1065002838042797,ses-03,SSVEP,sub-07
GAIN_WRONG,paired,sub-18,12,2.4727866696660263,ses-03,SSVEP,sub-09
GAIN_WRONG,paired,sub-18,12,2.5224101648591066,ses-03,SSVEP,sub-11
GAIN_WRONG,paired,sub-18,12,2.756373249137463,ses-03,SSVEP,sub-12
GAIN_WRONG,paired,sub-18,12,2.1893918074898204,ses-03,SSVEP,sub-14
GAIN_WRONG,paired,sub-18,12,2.4763862136579875,ses-03,SSVEP,sub-15
GAIN_WRONG,paired,sub-18,12,2.4081052073529374,ses-03,SSVEP,sub-17
GAIN_WRONG,paired,sub-18,12,1.8223045985292983,ses-03,SSVEP,sub-19
GAIN_WRONG,paired,sub-18,12,2.264395358496665,ses-03,SSVEP,sub-21
GAIN_WRONG,paired,sub-18,12,3.1845350253192297,ses-03,SSVEP,sub-23
GAIN_WRONG,paired,sub-18,12,2.6084735767691902,ses-03,SSVEP,sub-24
QUERY_ORACLE,paired,sub-18,12,4.4933027822649504e-17,ses-04,ERP,
MATCH,paired,sub-18,12,0.2910063982298274,ses-04,ERP,
POP,paired,sub-18,12,0.3337879208134493,ses-04,ERP,
TIME_SHIFT,paired,sub-18,12,1.0602421136935463,ses-04,ERP,
CHANNEL_PERM,paired,sub-18,12,1.0096196671123676,ses-04,ERP,
GAIN_MATCH,paired,sub-18,12,0.316862341323991,ses-04,ERP,
GAIN_POP,paired,sub-18,12,0.3337879208134493,ses-04,ERP,
NULL,paired,sub-18,12,1.1454777169547337,ses-04,ERP,
WRONG,paired,sub-18,12,1.047701533678241,ses-04,ERP,sub-02
WRONG,paired,sub-18,12,0.5920066839381586,ses-04,ERP,sub-03
WRONG,paired,sub-18,12,1.1137729030985393,ses-04,ERP,sub-05
WRONG,paired,sub-18,12,0.5093299291616682,ses-04,ERP,sub-06
WRONG,paired,sub-18,12,0.6256763853581662,ses-04,ERP,sub-07
WRONG,paired,sub-18,12,0.4787539285590481,ses-04,ERP,sub-09
WRONG,paired,sub-18,12,0.5943066894498511,ses-04,ERP,sub-11
WRONG,paired,sub-18,12,0.9150829497324509,ses-04,ERP,sub-12
WRONG,paired,sub-18,12,0.5286731474301277,ses-04,ERP,sub-14
WRONG,paired,sub-18,12,1.0397224742220805,ses-04,ERP,sub-15
WRONG,paired,sub-18,12,0.6894668479891969,ses-04,ERP,sub-17
WRONG,paired,sub-18,12,0.45009409193056843,ses-04,ERP,sub-19
WRONG,paired,sub-18,12,0.7867401633503143,ses-04,ERP,sub-21
WRONG,paired,sub-18,12,0.8162971732082887,ses-04,ERP,sub-23
WRONG,paired,sub-18,12,0.5283774394122341,ses-04,ERP,sub-24
GAIN_WRONG,paired,sub-18,12,0.9392150489724372,ses-04,ERP,sub-02
GAIN_WRONG,paired,sub-18,12,0.5811767550129757,ses-04,ERP,sub-03
GAIN_WRONG,paired,sub-18,12,0.6547194077864377,ses-04,ERP,sub-05
GAIN_WRONG,paired,sub-18,12,0.4902458059087654,ses-04,ERP,sub-06
GAIN_WRONG,paired,sub-18,12,0.6460026729637826,ses-04,ERP,sub-07
GAIN_WRONG,paired,sub-18,12,0.37853691886928703,ses-04,ERP,sub-09
GAIN_WRONG,paired,sub-18,12,0.471573713799111,ses-04,ERP,sub-11
GAIN_WRONG,paired,sub-18,12,0.47357196098103166,ses-04,ERP,sub-12
GAIN_WRONG,paired,sub-18,12,0.4644042011030683,ses-04,ERP,sub-14
GAIN_WRONG,paired,sub-18,12,0.8896123644501829,ses-04,ERP,sub-15
GAIN_WRONG,paired,sub-18,12,0.4145545170213465,ses-04,ERP,sub-17
GAIN_WRONG,paired,sub-18,12,0.43842263131637466,ses-04,ERP,sub-19
GAIN_WRONG,paired,sub-18,12,0.6750208966178118,ses-04,ERP,sub-21
GAIN_WRONG,paired,sub-18,12,0.7875108822895275,ses-04,ERP,sub-23
GAIN_WRONG,paired,sub-18,12,0.4529783538715238,ses-04,ERP,sub-24
QUERY_ORACLE,paired,sub-18,12,6.295495104951386e-17,ses-04,SSVEP,
MATCH,paired,sub-18,12,2.139279038996365,ses-04,SSVEP,
POP,paired,sub-18,12,1.9459535051152945,ses-04,SSVEP,
TIME_SHIFT,paired,sub-18,12,2.082623579078795,ses-04,SSVEP,
CHANNEL_PERM,paired,sub-18,12,4.2588520291298435,ses-04,SSVEP,
GAIN_MATCH,paired,sub-18,12,1.4420209607603702,ses-04,SSVEP,
GAIN_POP,paired,sub-18,12,1.9459535051152945,ses-04,SSVEP,
NULL,paired,sub-18,12,2.874042122134407,ses-04,SSVEP,
WRONG,paired,sub-18,12,3.715298580822303,ses-04,SSVEP,sub-02
WRONG,paired,sub-18,12,4.082825158055173,ses-04,SSVEP,sub-03
WRONG,paired,sub-18,12,2.056570692068751,ses-04,SSVEP,sub-05
WRONG,paired,sub-18,12,2.75220937086074,ses-04,SSVEP,sub-06
WRONG,paired,sub-18,12,2.561774072470354,ses-04,SSVEP,sub-07
WRONG,paired,sub-18,12,1.6331301407906833,ses-04,SSVEP,sub-09
WRONG,paired,sub-18,12,2.6181046101032197,ses-04,SSVEP,sub-11
WRONG,paired,sub-18,12,3.343269714208921,ses-04,SSVEP,sub-12
WRONG,paired,sub-18,12,2.2609425669562504,ses-04,SSVEP,sub-14
WRONG,paired,sub-18,12,2.7278754249564994,ses-04,SSVEP,sub-15
WRONG,paired,sub-18,12,2.3662718755161367,ses-04,SSVEP,sub-17
WRONG,paired,sub-18,12,2.424982281554327,ses-04,SSVEP,sub-19
WRONG,paired,sub-18,12,2.3465310705568165,ses-04,SSVEP,sub-21
WRONG,paired,sub-18,12,2.744938295175727,ses-04,SSVEP,sub-23
WRONG,paired,sub-18,12,2.255431441230819,ses-04,SSVEP,sub-24
GAIN_WRONG,paired,sub-18,12,2.9119043765816155,ses-04,SSVEP,sub-02
GAIN_WRONG,paired,sub-18,12,3.216906262123768,ses-04,SSVEP,sub-03
GAIN_WRONG,paired,sub-18,12,2.0673600972968194,ses-04,SSVEP,sub-05
GAIN_WRONG,paired,sub-18,12,2.682921727351708,ses-04,SSVEP,sub-06
GAIN_WRONG,paired,sub-18,12,2.5895504660491837,ses-04,SSVEP,sub-07
GAIN_WRONG,paired,sub-18,12,1.7230808554631432,ses-04,SSVEP,sub-09
GAIN_WRONG,paired,sub-18,12,2.467724067935278,ses-04,SSVEP,sub-11
GAIN_WRONG,paired,sub-18,12,2.5001763834988404,ses-04,SSVEP,sub-12
GAIN_WRONG,paired,sub-18,12,2.2582949535157315,ses-04,SSVEP,sub-14
GAIN_WRONG,paired,sub-18,12,2.625383404192899,ses-04,SSVEP,sub-15
GAIN_WRONG,paired,sub-18,12,2.3290385257581208,ses-04,SSVEP,sub-17
GAIN_WRONG,paired,sub-18,12,2.3229205467701757,ses-04,SSVEP,sub-19
GAIN_WRONG,paired,sub-18,12,2.29666473969052,ses-04,SSVEP,sub-21
GAIN_WRONG,paired,sub-18,12,3.0756903727506426,ses-04,SSVEP,sub-23
GAIN_WRONG,paired,sub-18,12,2.2532250709010633,ses-04,SSVEP,sub-24
QUERY_ORACLE,paired,sub-19,12,9.880276341524661e-17,ses-02,ERP,
MATCH,paired,sub-19,12,1.0997412136432536,ses-02,ERP,
POP,paired,sub-19,12,1.4678634320554156,ses-02,ERP,
TIME_SHIFT,paired,sub-19,12,3.662377962280494,ses-02,ERP,
CHANNEL_PERM,paired,sub-19,12,3.5171625048900137,ses-02,ERP,
GAIN_MATCH,paired,sub-19,12,1.1971821751688432,ses-02,ERP,
GAIN_POP,paired,sub-19,12,1.4678634320554156,ses-02,ERP,
NULL,paired,sub-19,12,3.85114290596213,ses-02,ERP,
WRONG,paired,sub-19,12,1.44067061076594,ses-02,ERP,sub-02
WRONG,paired,sub-19,12,1.6184547362370834,ses-02,ERP,sub-03
WRONG,paired,sub-19,12,1.9479026370261447,ses-02,ERP,sub-05
WRONG,paired,sub-19,12,1.5834523037229633,ses-02,ERP,sub-06
WRONG,paired,sub-19,12,1.4812863888104288,ses-02,ERP,sub-07
WRONG,paired,sub-19,12,2.006804988265394,ses-02,ERP,sub-09
WRONG,paired,sub-19,12,1.8424923566981075,ses-02,ERP,sub-11
WRONG,paired,sub-19,12,2.6979623276871205,ses-02,ERP,sub-12
WRONG,paired,sub-19,12,1.4078919765373301,ses-02,ERP,sub-14
WRONG,paired,sub-19,12,1.336389059007001,ses-02,ERP,sub-15
WRONG,paired,sub-19,12,2.09564437156068,ses-02,ERP,sub-17
WRONG,paired,sub-19,12,1.6394068658960332,ses-02,ERP,sub-18
WRONG,paired,sub-19,12,1.4852762994154034,ses-02,ERP,sub-21
WRONG,paired,sub-19,12,1.7561598673776038,ses-02,ERP,sub-23
WRONG,paired,sub-19,12,1.8193549488160556,ses-02,ERP,sub-24
GAIN_WRONG,paired,sub-19,12,1.4311525120517476,ses-02,ERP,sub-02
GAIN_WRONG,paired,sub-19,12,1.6200659785558011,ses-02,ERP,sub-03
GAIN_WRONG,paired,sub-19,12,1.3619853505891284,ses-02,ERP,sub-05
GAIN_WRONG,paired,sub-19,12,1.6024662206814886,ses-02,ERP,sub-06
GAIN_WRONG,paired,sub-19,12,1.4822710990901296,ses-02,ERP,sub-07
GAIN_WRONG,paired,sub-19,12,1.9171941113369053,ses-02,ERP,sub-09
GAIN_WRONG,paired,sub-19,12,1.6685305357860838,ses-02,ERP,sub-11
GAIN_WRONG,paired,sub-19,12,1.7767632615398112,ses-02,ERP,sub-12
GAIN_WRONG,paired,sub-19,12,1.4113644481053944,ses-02,ERP,sub-14
GAIN_WRONG,paired,sub-19,12,1.3649300800745445,ses-02,ERP,sub-15
GAIN_WRONG,paired,sub-19,12,1.7247755491418533,ses-02,ERP,sub-17
GAIN_WRONG,paired,sub-19,12,1.634093960766303,ses-02,ERP,sub-18
GAIN_WRONG,paired,sub-19,12,1.4681335847280346,ses-02,ERP,sub-21
GAIN_WRONG,paired,sub-19,12,1.7979045293755567,ses-02,ERP,sub-23
GAIN_WRONG,paired,sub-19,12,1.7823149071946423,ses-02,ERP,sub-24
QUERY_ORACLE,paired,sub-19,12,5.313812678491663e-17,ses-02,SSVEP,
MATCH,paired,sub-19,12,0.6645831831978445,ses-02,SSVEP,
POP,paired,sub-19,12,2.0867204597169144,ses-02,SSVEP,
TIME_SHIFT,paired,sub-19,12,2.0394549728724214,ses-02,SSVEP,
CHANNEL_PERM,paired,sub-19,12,1.957208441051524,ses-02,SSVEP,
GAIN_MATCH,paired,sub-19,12,1.221366440547843,ses-02,SSVEP,
GAIN_POP,paired,sub-19,12,2.0867204597169144,ses-02,SSVEP,
NULL,paired,sub-19,12,2.182789041914406,ses-02,SSVEP,
WRONG,paired,sub-19,12,0.6933647129247872,ses-02,SSVEP,sub-02
WRONG,paired,sub-19,12,0.8194773968029803,ses-02,SSVEP,sub-03
WRONG,paired,sub-19,12,0.5402004124249579,ses-02,SSVEP,sub-05
WRONG,paired,sub-19,12,0.5269942454738451,ses-02,SSVEP,sub-06
WRONG,paired,sub-19,12,0.6447034056232482,ses-02,SSVEP,sub-07
WRONG,paired,sub-19,12,5.927842461894727,ses-02,SSVEP,sub-09
WRONG,paired,sub-19,12,1.6727387041568502,ses-02,SSVEP,sub-11
WRONG,paired,sub-19,12,1.7952202541425795,ses-02,SSVEP,sub-12
WRONG,paired,sub-19,12,0.5733919015129708,ses-02,SSVEP,sub-14
WRONG,paired,sub-19,12,0.7681608965975609,ses-02,SSVEP,sub-15
WRONG,paired,sub-19,12,2.854109813285072,ses-02,SSVEP,sub-17
WRONG,paired,sub-19,12,1.2539054487388572,ses-02,SSVEP,sub-18
WRONG,paired,sub-19,12,0.9163912903901914,ses-02,SSVEP,sub-21
WRONG,paired,sub-19,12,0.8637666307267384,ses-02,SSVEP,sub-23
WRONG,paired,sub-19,12,0.6950485301266826,ses-02,SSVEP,sub-24
GAIN_WRONG,paired,sub-19,12,1.0115808774955777,ses-02,SSVEP,sub-02
GAIN_WRONG,paired,sub-19,12,0.962807231402521,ses-02,SSVEP,sub-03
GAIN_WRONG,paired,sub-19,12,1.2494850848822259,ses-02,SSVEP,sub-05
GAIN_WRONG,paired,sub-19,12,1.5455808433348874,ses-02,SSVEP,sub-06
GAIN_WRONG,paired,sub-19,12,1.3348375405559623,ses-02,SSVEP,sub-07
GAIN_WRONG,paired,sub-19,12,2.8091321281755524,ses-02,SSVEP,sub-09
GAIN_WRONG,paired,sub-19,12,1.7746127699739,ses-02,SSVEP,sub-11
GAIN_WRONG,paired,sub-19,12,1.3166026145513365,ses-02,SSVEP,sub-12
GAIN_WRONG,paired,sub-19,12,1.1806641335909032,ses-02,SSVEP,sub-14
GAIN_WRONG,paired,sub-19,12,1.247892760836084,ses-02,SSVEP,sub-15
GAIN_WRONG,paired,sub-19,12,1.5323241667271772,ses-02,SSVEP,sub-17
GAIN_WRONG,paired,sub-19,12,1.2481447516564046,ses-02,SSVEP,sub-18
GAIN_WRONG,paired,sub-19,12,1.4971289089115265,ses-02,SSVEP,sub-21
GAIN_WRONG,paired,sub-19,12,1.1735524851904289,ses-02,SSVEP,sub-23
GAIN_WRONG,paired,sub-19,12,1.8805178174930253,ses-02,SSVEP,sub-24
QUERY_ORACLE,paired,sub-19,12,6.448468694806317e-17,ses-03,ERP,
MATCH,paired,sub-19,12,0.2548874668935412,ses-03,ERP,
POP,paired,sub-19,12,0.7178283591288789,ses-03,ERP,
TIME_SHIFT,paired,sub-19,12,1.8257169213705644,ses-03,ERP,
CHANNEL_PERM,paired,sub-19,12,1.8388900024168169,ses-03,ERP,
GAIN_MATCH,paired,sub-19,12,0.3157188444857826,ses-03,ERP,
GAIN_POP,paired,sub-19,12,0.7178283591288789,ses-03,ERP,
NULL,paired,sub-19,12,1.999206719714658,ses-03,ERP,
WRONG,paired,sub-19,12,0.75146507738186,ses-03,ERP,sub-02
WRONG,paired,sub-19,12,0.4965067632175238,ses-03,ERP,sub-03
WRONG,paired,sub-19,12,0.9590718436732449,ses-03,ERP,sub-05
WRONG,paired,sub-19,12,0.5273174771177057,ses-03,ERP,sub-06
WRONG,paired,sub-19,12,0.49735581461680906,ses-03,ERP,sub-07
WRONG,paired,sub-19,12,2.839426424685921,ses-03,ERP,sub-09
WRONG,paired,sub-19,12,0.6910434597390888,ses-03,ERP,sub-11
WRONG,paired,sub-19,12,1.1548802423245796,ses-03,ERP,sub-12
WRONG,paired,sub-19,12,0.7042267087583798,ses-03,ERP,sub-14
WRONG,paired,sub-19,12,0.5882563180084908,ses-03,ERP,sub-15
WRONG,paired,sub-19,12,1.6091919793022933,ses-03,ERP,sub-17
WRONG,paired,sub-19,12,0.44783376923286927,ses-03,ERP,sub-18
WRONG,paired,sub-19,12,3.160657910962535,ses-03,ERP,sub-21
WRONG,paired,sub-19,12,1.358554095787685,ses-03,ERP,sub-23
WRONG,paired,sub-19,12,0.5376924938088549,ses-03,ERP,sub-24
GAIN_WRONG,paired,sub-19,12,0.7406507946067332,ses-03,ERP,sub-02
GAIN_WRONG,paired,sub-19,12,0.576472942596418,ses-03,ERP,sub-03
GAIN_WRONG,paired,sub-19,12,0.6802525081669263,ses-03,ERP,sub-05
GAIN_WRONG,paired,sub-19,12,0.6372323929877313,ses-03,ERP,sub-06
GAIN_WRONG,paired,sub-19,12,0.5327444449056438,ses-03,ERP,sub-07
GAIN_WRONG,paired,sub-19,12,1.5929094086311595,ses-03,ERP,sub-09
GAIN_WRONG,paired,sub-19,12,0.927595383920559,ses-03,ERP,sub-11
GAIN_WRONG,paired,sub-19,12,0.8979581880265987,ses-03,ERP,sub-12
GAIN_WRONG,paired,sub-19,12,0.6814732034419437,ses-03,ERP,sub-14
GAIN_WRONG,paired,sub-19,12,0.5818598161078777,ses-03,ERP,sub-15
GAIN_WRONG,paired,sub-19,12,1.046188172620851,ses-03,ERP,sub-17
GAIN_WRONG,paired,sub-19,12,0.6256853597834972,ses-03,ERP,sub-18
GAIN_WRONG,paired,sub-19,12,1.7160527760297448,ses-03,ERP,sub-21
GAIN_WRONG,paired,sub-19,12,1.3581268373721043,ses-03,ERP,sub-23
GAIN_WRONG,paired,sub-19,12,0.7984849079819308,ses-03,ERP,sub-24
QUERY_ORACLE,paired,sub-19,12,9.30196192806472e-17,ses-03,SSVEP,
MATCH,paired,sub-19,12,2.3075707077157515,ses-03,SSVEP,
POP,paired,sub-19,12,3.0119874771750808,ses-03,SSVEP,
TIME_SHIFT,paired,sub-19,12,3.6895589459620655,ses-03,SSVEP,
CHANNEL_PERM,paired,sub-19,12,3.17318783526331,ses-03,SSVEP,
GAIN_MATCH,paired,sub-19,12,2.3322523598753953,ses-03,SSVEP,
GAIN_POP,paired,sub-19,12,3.0119874771750808,ses-03,SSVEP,
NULL,paired,sub-19,12,3.1440322383604116,ses-03,SSVEP,
WRONG,paired,sub-19,12,3.95935174362868,ses-03,SSVEP,sub-02
WRONG,paired,sub-19,12,2.4716887488838624,ses-03,SSVEP,sub-03
WRONG,paired,sub-19,12,2.518720235312474,ses-03,SSVEP,sub-05
WRONG,paired,sub-19,12,2.4983164885106874,ses-03,SSVEP,sub-06
WRONG,paired,sub-19,12,2.603139247630873,ses-03,SSVEP,sub-07
WRONG,paired,sub-19,12,2.6052164736054557,ses-03,SSVEP,sub-09
WRONG,paired,sub-19,12,3.1572703786293097,ses-03,SSVEP,sub-11
WRONG,paired,sub-19,12,2.78409026730893,ses-03,SSVEP,sub-12
WRONG,paired,sub-19,12,2.486778462056239,ses-03,SSVEP,sub-14
WRONG,paired,sub-19,12,2.690247445251215,ses-03,SSVEP,sub-15
WRONG,paired,sub-19,12,2.3422761078624013,ses-03,SSVEP,sub-17
WRONG,paired,sub-19,12,2.629319349361457,ses-03,SSVEP,sub-18
WRONG,paired,sub-19,12,2.562481655242036,ses-03,SSVEP,sub-21
WRONG,paired,sub-19,12,3.04709553376796,ses-03,SSVEP,sub-23
WRONG,paired,sub-19,12,2.492342211115692,ses-03,SSVEP,sub-24
GAIN_WRONG,paired,sub-19,12,3.1754067165020423,ses-03,SSVEP,sub-02
GAIN_WRONG,paired,sub-19,12,2.8432914646731042,ses-03,SSVEP,sub-03
GAIN_WRONG,paired,sub-19,12,2.9143152651172506,ses-03,SSVEP,sub-05
GAIN_WRONG,paired,sub-19,12,3.1358920198185207,ses-03,SSVEP,sub-06
GAIN_WRONG,paired,sub-19,12,2.747609602448506,ses-03,SSVEP,sub-07
GAIN_WRONG,paired,sub-19,12,3.3209680276093536,ses-03,SSVEP,sub-09
GAIN_WRONG,paired,sub-19,12,3.1103546742852526,ses-03,SSVEP,sub-11
GAIN_WRONG,paired,sub-19,12,3.723674560288838,ses-03,SSVEP,sub-12
GAIN_WRONG,paired,sub-19,12,3.0083255612027346,ses-03,SSVEP,sub-14
GAIN_WRONG,paired,sub-19,12,3.277913024534142,ses-03,SSVEP,sub-15
GAIN_WRONG,paired,sub-19,12,2.311469764238876,ses-03,SSVEP,sub-17
GAIN_WRONG,paired,sub-19,12,3.3231481576465636,ses-03,SSVEP,sub-18
GAIN_WRONG,paired,sub-19,12,3.124622287259168,ses-03,SSVEP,sub-21
GAIN_WRONG,paired,sub-19,12,3.3669105768210064,ses-03,SSVEP,sub-23
GAIN_WRONG,paired,sub-19,12,3.4875085950994986,ses-03,SSVEP,sub-24
QUERY_ORACLE,paired,sub-19,12,4.632901746977532e-17,ses-04,ERP,
MATCH,paired,sub-19,12,0.2628988440940176,ses-04,ERP,
POP,paired,sub-19,12,0.3176330105437377,ses-04,ERP,
TIME_SHIFT,paired,sub-19,12,1.1471157220018429,ses-04,ERP,
CHANNEL_PERM,paired,sub-19,12,1.0016213214629648,ses-04,ERP,
GAIN_MATCH,paired,sub-19,12,0.2634958562556984,ses-04,ERP,
GAIN_POP,paired,sub-19,12,0.3176330105437377,ses-04,ERP,
NULL,paired,sub-19,12,1.141259208648673,ses-04,ERP,
WRONG,paired,sub-19,12,0.9877970055349948,ses-04,ERP,sub-02
WRONG,paired,sub-19,12,0.6473174379701419,ses-04,ERP,sub-03
WRONG,paired,sub-19,12,0.9714266725201269,ses-04,ERP,sub-05
WRONG,paired,sub-19,12,0.5792753906927771,ses-04,ERP,sub-06
WRONG,paired,sub-19,12,0.7693078327481784,ses-04,ERP,sub-07
WRONG,paired,sub-19,12,0.5205901825145979,ses-04,ERP,sub-09
WRONG,paired,sub-19,12,0.5479197163410974,ses-04,ERP,sub-11
WRONG,paired,sub-19,12,0.8923651175553765,ses-04,ERP,sub-12
WRONG,paired,sub-19,12,0.6289696436628904,ses-04,ERP,sub-14
WRONG,paired,sub-19,12,0.9715162101219376,ses-04,ERP,sub-15
WRONG,paired,sub-19,12,0.6985642670287313,ses-04,ERP,sub-17
WRONG,paired,sub-19,12,0.4081343309279062,ses-04,ERP,sub-18
WRONG,paired,sub-19,12,0.8232358615544788,ses-04,ERP,sub-21
WRONG,paired,sub-19,12,0.7835457281009895,ses-04,ERP,sub-23
WRONG,paired,sub-19,12,0.4994252202187914,ses-04,ERP,sub-24
GAIN_WRONG,paired,sub-19,12,0.8928552818905615,ses-04,ERP,sub-02
GAIN_WRONG,paired,sub-19,12,0.6233393552810916,ses-04,ERP,sub-03
GAIN_WRONG,paired,sub-19,12,0.5688049621755416,ses-04,ERP,sub-05
GAIN_WRONG,paired,sub-19,12,0.5584218518437446,ses-04,ERP,sub-06
GAIN_WRONG,paired,sub-19,12,0.7524585746503504,ses-04,ERP,sub-07
GAIN_WRONG,paired,sub-19,12,0.428281403156693,ses-04,ERP,sub-09
GAIN_WRONG,paired,sub-19,12,0.44581937277131956,ses-04,ERP,sub-11
GAIN_WRONG,paired,sub-19,12,0.47060111678326416,ses-04,ERP,sub-12
GAIN_WRONG,paired,sub-19,12,0.559049088802427,ses-04,ERP,sub-14
GAIN_WRONG,paired,sub-19,12,0.8158530614931415,ses-04,ERP,sub-15
GAIN_WRONG,paired,sub-19,12,0.47724923765188315,ses-04,ERP,sub-17
GAIN_WRONG,paired,sub-19,12,0.4234955497174501,ses-04,ERP,sub-18
GAIN_WRONG,paired,sub-19,12,0.7070760060745052,ses-04,ERP,sub-21
GAIN_WRONG,paired,sub-19,12,0.7477377313282356,ses-04,ERP,sub-23
GAIN_WRONG,paired,sub-19,12,0.44301910307020265,ses-04,ERP,sub-24
QUERY_ORACLE,paired,sub-19,12,9.405139089866426e-17,ses-04,SSVEP,
MATCH,paired,sub-19,12,10.567829963041804,ses-04,SSVEP,
POP,paired,sub-19,12,10.163787807055197,ses-04,SSVEP,
TIME_SHIFT,paired,sub-19,12,10.403727289422731,ses-04,SSVEP,
CHANNEL_PERM,paired,sub-19,12,10.340279936234158,ses-04,SSVEP,
GAIN_MATCH,paired,sub-19,12,10.552507642536824,ses-04,SSVEP,
GAIN_POP,paired,sub-19,12,10.163787807055197,ses-04,SSVEP,
NULL,paired,sub-19,12,10.335839295554548,ses-04,SSVEP,
WRONG,paired,sub-19,12,10.323070591102189,ses-04,SSVEP,sub-02
WRONG,paired,sub-19,12,10.247523713448585,ses-04,SSVEP,sub-03
WRONG,paired,sub-19,12,10.216427954217401,ses-04,SSVEP,sub-05
WRONG,paired,sub-19,12,10.22023800224952,ses-04,SSVEP,sub-06
WRONG,paired,sub-19,12,10.249795627133487,ses-04,SSVEP,sub-07
WRONG,paired,sub-19,12,9.984082948921687,ses-04,SSVEP,sub-09
WRONG,paired,sub-19,12,10.299628797418187,ses-04,SSVEP,sub-11
WRONG,paired,sub-19,12,10.332070585687504,ses-04,SSVEP,sub-12
WRONG,paired,sub-19,12,10.224551190166185,ses-04,SSVEP,sub-14
WRONG,paired,sub-19,12,10.319453850426878,ses-04,SSVEP,sub-15
WRONG,paired,sub-19,12,10.292605896253411,ses-04,SSVEP,sub-17
WRONG,paired,sub-19,12,10.076832235959507,ses-04,SSVEP,sub-18
WRONG,paired,sub-19,12,10.285605516421032,ses-04,SSVEP,sub-21
WRONG,paired,sub-19,12,10.29388880642565,ses-04,SSVEP,sub-23
WRONG,paired,sub-19,12,10.2133607712454,ses-04,SSVEP,sub-24
GAIN_WRONG,paired,sub-19,12,10.304951016564457,ses-04,SSVEP,sub-02
GAIN_WRONG,paired,sub-19,12,10.268635922591614,ses-04,SSVEP,sub-03
GAIN_WRONG,paired,sub-19,12,10.222914506269577,ses-04,SSVEP,sub-05
GAIN_WRONG,paired,sub-19,12,10.225767422195922,ses-04,SSVEP,sub-06
GAIN_WRONG,paired,sub-19,12,10.25005272208883,ses-04,SSVEP,sub-07
GAIN_WRONG,paired,sub-19,12,10.073459708828102,ses-04,SSVEP,sub-09
GAIN_WRONG,paired,sub-19,12,10.285564743601975,ses-04,SSVEP,sub-11
GAIN_WRONG,paired,sub-19,12,10.280829902025653,ses-04,SSVEP,sub-12
GAIN_WRONG,paired,sub-19,12,10.22874559860956,ses-04,SSVEP,sub-14
GAIN_WRONG,paired,sub-19,12,10.311218532680806,ses-04,SSVEP,sub-15
GAIN_WRONG,paired,sub-19,12,10.28655657808902,ses-04,SSVEP,sub-17
GAIN_WRONG,paired,sub-19,12,10.169360631896993,ses-04,SSVEP,sub-18
GAIN_WRONG,paired,sub-19,12,10.277228879161306,ses-04,SSVEP,sub-21
GAIN_WRONG,paired,sub-19,12,10.278507430249642,ses-04,SSVEP,sub-23
GAIN_WRONG,paired,sub-19,12,10.217904438293072,ses-04,SSVEP,sub-24
QUERY_ORACLE,paired,sub-21,12,9.102845935720509e-17,ses-02,ERP,
MATCH,paired,sub-21,12,1.334292484284143,ses-02,ERP,
POP,paired,sub-21,12,1.3141038027558285,ses-02,ERP,
TIME_SHIFT,paired,sub-21,12,3.8589225410288326,ses-02,ERP,
CHANNEL_PERM,paired,sub-21,12,3.4725342618761377,ses-02,ERP,
GAIN_MATCH,paired,sub-21,12,1.3370601578846968,ses-02,ERP,
GAIN_POP,paired,sub-21,12,1.3141038027558285,ses-02,ERP,
NULL,paired,sub-21,12,4.004468328855325,ses-02,ERP,
WRONG,paired,sub-21,12,1.5512861914305862,ses-02,ERP,sub-02
WRONG,paired,sub-21,12,1.4588146795972732,ses-02,ERP,sub-03
WRONG,paired,sub-21,12,2.0426028192725947,ses-02,ERP,sub-05
WRONG,paired,sub-21,12,1.454627223613717,ses-02,ERP,sub-06
WRONG,paired,sub-21,12,1.3294251727199393,ses-02,ERP,sub-07
WRONG,paired,sub-21,12,1.737007684961393,ses-02,ERP,sub-09
WRONG,paired,sub-21,12,1.5671100602476675,ses-02,ERP,sub-11
WRONG,paired,sub-21,12,2.520515895014269,ses-02,ERP,sub-12
WRONG,paired,sub-21,12,1.3786236475593625,ses-02,ERP,sub-14
WRONG,paired,sub-21,12,1.399024393154984,ses-02,ERP,sub-15
WRONG,paired,sub-21,12,1.6834431893017154,ses-02,ERP,sub-17
WRONG,paired,sub-21,12,1.3742939194082824,ses-02,ERP,sub-18
WRONG,paired,sub-21,12,1.5431395701666542,ses-02,ERP,sub-19
WRONG,paired,sub-21,12,1.6128685476537112,ses-02,ERP,sub-23
WRONG,paired,sub-21,12,1.7578122464560308,ses-02,ERP,sub-24
GAIN_WRONG,paired,sub-21,12,1.538241967814946,ses-02,ERP,sub-02
GAIN_WRONG,paired,sub-21,12,1.4962120842714126,ses-02,ERP,sub-03
GAIN_WRONG,paired,sub-21,12,1.5304543120146346,ses-02,ERP,sub-05
GAIN_WRONG,paired,sub-21,12,1.4574264905025522,ses-02,ERP,sub-06
GAIN_WRONG,paired,sub-21,12,1.3363095670948237,ses-02,ERP,sub-07
GAIN_WRONG,paired,sub-21,12,1.773851515908273,ses-02,ERP,sub-09
GAIN_WRONG,paired,sub-21,12,1.4170983673037492,ses-02,ERP,sub-11
GAIN_WRONG,paired,sub-21,12,1.707951810043822,ses-02,ERP,sub-12
GAIN_WRONG,paired,sub-21,12,1.3798620832230932,ses-02,ERP,sub-14
GAIN_WRONG,paired,sub-21,12,1.4365187629328275,ses-02,ERP,sub-15
GAIN_WRONG,paired,sub-21,12,1.3634533093629075,ses-02,ERP,sub-17
GAIN_WRONG,paired,sub-21,12,1.4163804910524833,ses-02,ERP,sub-18
GAIN_WRONG,paired,sub-21,12,1.5993060745790004,ses-02,ERP,sub-19
GAIN_WRONG,paired,sub-21,12,1.6889695357401078,ses-02,ERP,sub-23
GAIN_WRONG,paired,sub-21,12,1.7315293368133018,ses-02,ERP,sub-24
QUERY_ORACLE,paired,sub-21,12,6.270168299212111e-17,ses-02,SSVEP,
MATCH,paired,sub-21,12,0.19173582861699365,ses-02,SSVEP,
POP,paired,sub-21,12,2.2869802978583125,ses-02,SSVEP,
TIME_SHIFT,paired,sub-21,12,3.020115153967636,ses-02,SSVEP,
CHANNEL_PERM,paired,sub-21,12,2.278103562340745,ses-02,SSVEP,
GAIN_MATCH,paired,sub-21,12,0.6974956998987304,ses-02,SSVEP,
GAIN_POP,paired,sub-21,12,2.2869802978583125,ses-02,SSVEP,
NULL,paired,sub-21,12,2.9622690106629044,ses-02,SSVEP,
WRONG,paired,sub-21,12,1.1535222352904768,ses-02,SSVEP,sub-02
WRONG,paired,sub-21,12,1.0882040918968645,ses-02,SSVEP,sub-03
WRONG,paired,sub-21,12,0.9588618181731631,ses-02,SSVEP,sub-05
WRONG,paired,sub-21,12,0.9551637254042906,ses-02,SSVEP,sub-06
WRONG,paired,sub-21,12,0.9692028251935545,ses-02,SSVEP,sub-07
WRONG,paired,sub-21,12,6.174729798498245,ses-02,SSVEP,sub-09
WRONG,paired,sub-21,12,2.0894715109854247,ses-02,SSVEP,sub-11
WRONG,paired,sub-21,12,1.4877070125372196,ses-02,SSVEP,sub-12
WRONG,paired,sub-21,12,0.9662478463535212,ses-02,SSVEP,sub-14
WRONG,paired,sub-21,12,1.2283132689442755,ses-02,SSVEP,sub-15
WRONG,paired,sub-21,12,2.497222623667663,ses-02,SSVEP,sub-17
WRONG,paired,sub-21,12,1.098878844749467,ses-02,SSVEP,sub-18
WRONG,paired,sub-21,12,1.0933027003163307,ses-02,SSVEP,sub-19
WRONG,paired,sub-21,12,1.5954563910086887,ses-02,SSVEP,sub-23
WRONG,paired,sub-21,12,0.8553702334661577,ses-02,SSVEP,sub-24
GAIN_WRONG,paired,sub-21,12,1.0249485844031783,ses-02,SSVEP,sub-02
GAIN_WRONG,paired,sub-21,12,1.0162844265584985,ses-02,SSVEP,sub-03
GAIN_WRONG,paired,sub-21,12,0.8552216743537632,ses-02,SSVEP,sub-05
GAIN_WRONG,paired,sub-21,12,0.9644291842939015,ses-02,SSVEP,sub-06
GAIN_WRONG,paired,sub-21,12,1.0518405091721057,ses-02,SSVEP,sub-07
GAIN_WRONG,paired,sub-21,12,3.30879675767628,ses-02,SSVEP,sub-09
GAIN_WRONG,paired,sub-21,12,2.140164007805891,ses-02,SSVEP,sub-11
GAIN_WRONG,paired,sub-21,12,1.1475969834961428,ses-02,SSVEP,sub-12
GAIN_WRONG,paired,sub-21,12,0.871317115316204,ses-02,SSVEP,sub-14
GAIN_WRONG,paired,sub-21,12,1.11408857246578,ses-02,SSVEP,sub-15
GAIN_WRONG,paired,sub-21,12,1.5853688090500373,ses-02,SSVEP,sub-17
GAIN_WRONG,paired,sub-21,12,1.0882927444328694,ses-02,SSVEP,sub-18
GAIN_WRONG,paired,sub-21,12,1.1367102692058524,ses-02,SSVEP,sub-19
GAIN_WRONG,paired,sub-21,12,1.2979275752675044,ses-02,SSVEP,sub-23
GAIN_WRONG,paired,sub-21,12,1.3510999258234715,ses-02,SSVEP,sub-24
QUERY_ORACLE,paired,sub-21,12,7.240519702461252e-17,ses-03,ERP,
MATCH,paired,sub-21,12,2.5279437140616414,ses-03,ERP,
POP,paired,sub-21,12,2.1643606960958413,ses-03,ERP,
TIME_SHIFT,paired,sub-21,12,2.530991780042177,ses-03,ERP,
CHANNEL_PERM,paired,sub-21,12,3.9092015765781363,ses-03,ERP,
GAIN_MATCH,paired,sub-21,12,2.2224519006737062,ses-03,ERP,
GAIN_POP,paired,sub-21,12,2.1643606960958413,ses-03,ERP,
NULL,paired,sub-21,12,2.919718647520069,ses-03,ERP,
WRONG,paired,sub-21,12,2.143766772798216,ses-03,ERP,sub-02
WRONG,paired,sub-21,12,2.0847956770895038,ses-03,ERP,sub-03
WRONG,paired,sub-21,12,2.058871319959334,ses-03,ERP,sub-05
WRONG,paired,sub-21,12,2.041175567767984,ses-03,ERP,sub-06
WRONG,paired,sub-21,12,2.0067420752068634,ses-03,ERP,sub-07
WRONG,paired,sub-21,12,3.5795363715926736,ses-03,ERP,sub-09
WRONG,paired,sub-21,12,2.0538653490890275,ses-03,ERP,sub-11
WRONG,paired,sub-21,12,2.1603380990475354,ses-03,ERP,sub-12
WRONG,paired,sub-21,12,2.058827274493345,ses-03,ERP,sub-14
WRONG,paired,sub-21,12,1.9757533392497562,ses-03,ERP,sub-15
WRONG,paired,sub-21,12,2.3359965014185695,ses-03,ERP,sub-17
WRONG,paired,sub-21,12,1.9966711459128597,ses-03,ERP,sub-18
WRONG,paired,sub-21,12,2.025298584957248,ses-03,ERP,sub-19
WRONG,paired,sub-21,12,2.5006944581133763,ses-03,ERP,sub-23
WRONG,paired,sub-21,12,2.0823341408744973,ses-03,ERP,sub-24
GAIN_WRONG,paired,sub-21,12,2.1424777535505375,ses-03,ERP,sub-02
GAIN_WRONG,paired,sub-21,12,2.08451111006338,ses-03,ERP,sub-03
GAIN_WRONG,paired,sub-21,12,1.9738002649377215,ses-03,ERP,sub-05
GAIN_WRONG,paired,sub-21,12,2.020100644436875,ses-03,ERP,sub-06
GAIN_WRONG,paired,sub-21,12,2.01029667638731,ses-03,ERP,sub-07
GAIN_WRONG,paired,sub-21,12,2.835043145828893,ses-03,ERP,sub-09
GAIN_WRONG,paired,sub-21,12,2.0721526607582743,ses-03,ERP,sub-11
GAIN_WRONG,paired,sub-21,12,2.033933721080712,ses-03,ERP,sub-12
GAIN_WRONG,paired,sub-21,12,2.0590491065990633,ses-03,ERP,sub-14
GAIN_WRONG,paired,sub-21,12,1.971054483314682,ses-03,ERP,sub-15
GAIN_WRONG,paired,sub-21,12,2.275163480568986,ses-03,ERP,sub-17
GAIN_WRONG,paired,sub-21,12,1.9826081784348961,ses-03,ERP,sub-18
GAIN_WRONG,paired,sub-21,12,2.025645286605561,ses-03,ERP,sub-19
GAIN_WRONG,paired,sub-21,12,2.5021725705505937,ses-03,ERP,sub-23
GAIN_WRONG,paired,sub-21,12,2.0991479318494624,ses-03,ERP,sub-24
QUERY_ORACLE,paired,sub-21,12,6.818226621152321e-17,ses-03,SSVEP,
MATCH,paired,sub-21,12,0.18105067785185788,ses-03,SSVEP,
POP,paired,sub-21,12,1.8712704476729192,ses-03,SSVEP,
TIME_SHIFT,paired,sub-21,12,2.2735857375398636,ses-03,SSVEP,
CHANNEL_PERM,paired,sub-21,12,1.8164511988169352,ses-03,SSVEP,
GAIN_MATCH,paired,sub-21,12,1.2697591196712588,ses-03,SSVEP,
GAIN_POP,paired,sub-21,12,1.8712704476729192,ses-03,SSVEP,
NULL,paired,sub-21,12,2.1591151687717143,ses-03,SSVEP,
WRONG,paired,sub-21,12,3.2402763574928724,ses-03,SSVEP,sub-02
WRONG,paired,sub-21,12,0.7237186824838119,ses-03,SSVEP,sub-03
WRONG,paired,sub-21,12,0.8258115525740419,ses-03,SSVEP,sub-05
WRONG,paired,sub-21,12,0.7028352401227891,ses-03,SSVEP,sub-06
WRONG,paired,sub-21,12,1.0484335301809458,ses-03,SSVEP,sub-07
WRONG,paired,sub-21,12,0.7303508050104514,ses-03,SSVEP,sub-09
WRONG,paired,sub-21,12,1.7162658667700696,ses-03,SSVEP,sub-11
WRONG,paired,sub-21,12,0.811615669195477,ses-03,SSVEP,sub-12
WRONG,paired,sub-21,12,0.6158861806019841,ses-03,SSVEP,sub-14
WRONG,paired,sub-21,12,0.9202732974373738,ses-03,SSVEP,sub-15
WRONG,paired,sub-21,12,1.691049671960764,ses-03,SSVEP,sub-17
WRONG,paired,sub-21,12,0.570213146135626,ses-03,SSVEP,sub-18
WRONG,paired,sub-21,12,0.9397556328919778,ses-03,SSVEP,sub-19
WRONG,paired,sub-21,12,1.9945537136859752,ses-03,SSVEP,sub-23
WRONG,paired,sub-21,12,0.6196862830186762,ses-03,SSVEP,sub-24
GAIN_WRONG,paired,sub-21,12,2.2438939527615576,ses-03,SSVEP,sub-02
GAIN_WRONG,paired,sub-21,12,1.2081792721402662,ses-03,SSVEP,sub-03
GAIN_WRONG,paired,sub-21,12,1.2921982803387744,ses-03,SSVEP,sub-05
GAIN_WRONG,paired,sub-21,12,1.4782554330985969,ses-03,SSVEP,sub-06
GAIN_WRONG,paired,sub-21,12,1.1032767605338738,ses-03,SSVEP,sub-07
GAIN_WRONG,paired,sub-21,12,1.692588940662522,ses-03,SSVEP,sub-09
GAIN_WRONG,paired,sub-21,12,1.6312534909093372,ses-03,SSVEP,sub-11
GAIN_WRONG,paired,sub-21,12,2.0726749996463205,ses-03,SSVEP,sub-12
GAIN_WRONG,paired,sub-21,12,1.3291910488977954,ses-03,SSVEP,sub-14
GAIN_WRONG,paired,sub-21,12,1.4716342018056405,ses-03,SSVEP,sub-15
GAIN_WRONG,paired,sub-21,12,1.5760250130966893,ses-03,SSVEP,sub-17
GAIN_WRONG,paired,sub-21,12,1.6009424641421646,ses-03,SSVEP,sub-18
GAIN_WRONG,paired,sub-21,12,0.9983358467016547,ses-03,SSVEP,sub-19
GAIN_WRONG,paired,sub-21,12,2.358381246696827,ses-03,SSVEP,sub-23
GAIN_WRONG,paired,sub-21,12,1.8936010928758809,ses-03,SSVEP,sub-24
QUERY_ORACLE,paired,sub-21,12,4.963375389256944e-17,ses-04,ERP,
MATCH,paired,sub-21,12,0.5838461403227545,ses-04,ERP,
POP,paired,sub-21,12,1.1222813852002251,ses-04,ERP,
TIME_SHIFT,paired,sub-21,12,1.674006927157835,ses-04,ERP,
CHANNEL_PERM,paired,sub-21,12,1.6646745667265248,ses-04,ERP,
GAIN_MATCH,paired,sub-21,12,0.8255843746029908,ses-04,ERP,
GAIN_POP,paired,sub-21,12,1.1222813852002251,ses-04,ERP,
NULL,paired,sub-21,12,1.57854193252506,ses-04,ERP,
WRONG,paired,sub-21,12,1.6137907375069895,ses-04,ERP,sub-02
WRONG,paired,sub-21,12,1.1946891382629388,ses-04,ERP,sub-03
WRONG,paired,sub-21,12,1.5658284237929008,ses-04,ERP,sub-05
WRONG,paired,sub-21,12,1.1713789290348149,ses-04,ERP,sub-06
WRONG,paired,sub-21,12,1.3176933221360307,ses-04,ERP,sub-07
WRONG,paired,sub-21,12,1.0969267695150884,ses-04,ERP,sub-09
WRONG,paired,sub-21,12,1.2039989962541584,ses-04,ERP,sub-11
WRONG,paired,sub-21,12,1.3535028979175114,ses-04,ERP,sub-12
WRONG,paired,sub-21,12,1.1326245977166594,ses-04,ERP,sub-14
WRONG,paired,sub-21,12,1.6247448898105024,ses-04,ERP,sub-15
WRONG,paired,sub-21,12,1.2555742435324018,ses-04,ERP,sub-17
WRONG,paired,sub-21,12,1.1264070148908023,ses-04,ERP,sub-18
WRONG,paired,sub-21,12,1.1725632479865649,ses-04,ERP,sub-19
WRONG,paired,sub-21,12,1.3755772481661577,ses-04,ERP,sub-23
WRONG,paired,sub-21,12,1.2097078150174927,ses-04,ERP,sub-24
GAIN_WRONG,paired,sub-21,12,1.4963151035666808,ses-04,ERP,sub-02
GAIN_WRONG,paired,sub-21,12,1.2005333685582005,ses-04,ERP,sub-03
GAIN_WRONG,paired,sub-21,12,1.2925291522813045,ses-04,ERP,sub-05
GAIN_WRONG,paired,sub-21,12,1.1658702985790776,ses-04,ERP,sub-06
GAIN_WRONG,paired,sub-21,12,1.3087991520465452,ses-04,ERP,sub-07
GAIN_WRONG,paired,sub-21,12,1.0741696194048547,ses-04,ERP,sub-09
GAIN_WRONG,paired,sub-21,12,1.1682366725552928,ses-04,ERP,sub-11
GAIN_WRONG,paired,sub-21,12,1.1563707906064316,ses-04,ERP,sub-12
GAIN_WRONG,paired,sub-21,12,1.1166234055405388,ses-04,ERP,sub-14
GAIN_WRONG,paired,sub-21,12,1.4478099979361918,ses-04,ERP,sub-15
GAIN_WRONG,paired,sub-21,12,1.1507552308529092,ses-04,ERP,sub-17
GAIN_WRONG,paired,sub-21,12,1.1355130242922291,ses-04,ERP,sub-18
GAIN_WRONG,paired,sub-21,12,1.1700326096372418,ses-04,ERP,sub-19
GAIN_WRONG,paired,sub-21,12,1.3590628055344094,ses-04,ERP,sub-23
GAIN_WRONG,paired,sub-21,12,1.179467033025996,ses-04,ERP,sub-24
QUERY_ORACLE,paired,sub-21,12,5.5013099120962595e-17,ses-04,SSVEP,
MATCH,paired,sub-21,12,0.3275829125010614,ses-04,SSVEP,
POP,paired,sub-21,12,1.2304385353810205,ses-04,SSVEP,
TIME_SHIFT,paired,sub-21,12,1.6149339137709047,ses-04,SSVEP,
CHANNEL_PERM,paired,sub-21,12,1.4953123890459128,ses-04,SSVEP,
GAIN_MATCH,paired,sub-21,12,0.47512398314717325,ses-04,SSVEP,
GAIN_POP,paired,sub-21,12,1.2304385353810205,ses-04,SSVEP,
NULL,paired,sub-21,12,1.7567677817206124,ses-04,SSVEP,
WRONG,paired,sub-21,12,1.903893859125379,ses-04,SSVEP,sub-02
WRONG,paired,sub-21,12,1.5375152000805954,ses-04,SSVEP,sub-03
WRONG,paired,sub-21,12,1.016836960947369,ses-04,SSVEP,sub-05
WRONG,paired,sub-21,12,1.2885876286022653,ses-04,SSVEP,sub-06
WRONG,paired,sub-21,12,1.1572010195023061,ses-04,SSVEP,sub-07
WRONG,paired,sub-21,12,1.5264837984456052,ses-04,SSVEP,sub-09
WRONG,paired,sub-21,12,1.2714990181502612,ses-04,SSVEP,sub-11
WRONG,paired,sub-21,12,1.6219400427300734,ses-04,SSVEP,sub-12
WRONG,paired,sub-21,12,0.9768346740898778,ses-04,SSVEP,sub-14
WRONG,paired,sub-21,12,1.1378044946348949,ses-04,SSVEP,sub-15
WRONG,paired,sub-21,12,1.3304819106121282,ses-04,SSVEP,sub-17
WRONG,paired,sub-21,12,1.5233357256017193,ses-04,SSVEP,sub-18
WRONG,paired,sub-21,12,1.7988527512134391,ses-04,SSVEP,sub-19
WRONG,paired,sub-21,12,1.5169046298732747,ses-04,SSVEP,sub-23
WRONG,paired,sub-21,12,0.9418979221009899,ses-04,SSVEP,sub-24
GAIN_WRONG,paired,sub-21,12,1.591480572466023,ses-04,SSVEP,sub-02
GAIN_WRONG,paired,sub-21,12,1.4669568509094784,ses-04,SSVEP,sub-03
GAIN_WRONG,paired,sub-21,12,1.0208441263517045,ses-04,SSVEP,sub-05
GAIN_WRONG,paired,sub-21,12,1.2761806837271827,ses-04,SSVEP,sub-06
GAIN_WRONG,paired,sub-21,12,1.1671139502707601,ses-04,SSVEP,sub-07
GAIN_WRONG,paired,sub-21,12,1.3868307406322244,ses-04,SSVEP,sub-09
GAIN_WRONG,paired,sub-21,12,1.2015534834511026,ses-04,SSVEP,sub-11
GAIN_WRONG,paired,sub-21,12,1.1865554163936916,ses-04,SSVEP,sub-12
GAIN_WRONG,paired,sub-21,12,0.9758464766755934,ses-04,SSVEP,sub-14
GAIN_WRONG,paired,sub-21,12,1.216389867540326,ses-04,SSVEP,sub-15
GAIN_WRONG,paired,sub-21,12,1.2936525252212319,ses-04,SSVEP,sub-17
GAIN_WRONG,paired,sub-21,12,1.4359613073682915,ses-04,SSVEP,sub-18
GAIN_WRONG,paired,sub-21,12,1.6144659189610018,ses-04,SSVEP,sub-19
GAIN_WRONG,paired,sub-21,12,1.5328997227003265,ses-04,SSVEP,sub-23
GAIN_WRONG,paired,sub-21,12,0.9419737901986136,ses-04,SSVEP,sub-24
QUERY_ORACLE,paired,sub-23,12,9.531190135201679e-17,ses-02,ERP,
MATCH,paired,sub-23,12,0.8532999568016613,ses-02,ERP,
POP,paired,sub-23,12,1.2315108831111026,ses-02,ERP,
TIME_SHIFT,paired,sub-23,12,2.7331457487682003,ses-02,ERP,
CHANNEL_PERM,paired,sub-23,12,2.7992697530274886,ses-02,ERP,
GAIN_MATCH,paired,sub-23,12,0.932049258649875,ses-02,ERP,
GAIN_POP,paired,sub-23,12,1.2315108831111026,ses-02,ERP,
NULL,paired,sub-23,12,3.62559893773907,ses-02,ERP,
WRONG,paired,sub-23,12,1.1282399732221975,ses-02,ERP,sub-02
WRONG,paired,sub-23,12,1.4533750789222326,ses-02,ERP,sub-03
WRONG,paired,sub-23,12,2.1153747219464267,ses-02,ERP,sub-05
WRONG,paired,sub-23,12,1.205545733708745,ses-02,ERP,sub-06
WRONG,paired,sub-23,12,0.9993322294192198,ses-02,ERP,sub-07
WRONG,paired,sub-23,12,1.5878156921138535,ses-02,ERP,sub-09
WRONG,paired,sub-23,12,1.6438936706935874,ses-02,ERP,sub-11
WRONG,paired,sub-23,12,2.4934276880049953,ses-02,ERP,sub-12
WRONG,paired,sub-23,12,1.3445716286944158,ses-02,ERP,sub-14
WRONG,paired,sub-23,12,1.0878212767314357,ses-02,ERP,sub-15
WRONG,paired,sub-23,12,1.7495377349754975,ses-02,ERP,sub-17
WRONG,paired,sub-23,12,1.037377529741769,ses-02,ERP,sub-18
WRONG,paired,sub-23,12,1.6566653213368319,ses-02,ERP,sub-19
WRONG,paired,sub-23,12,1.358228517690833,ses-02,ERP,sub-21
WRONG,paired,sub-23,12,1.7157333501697591,ses-02,ERP,sub-24
GAIN_WRONG,paired,sub-23,12,1.1146512673242521,ses-02,ERP,sub-02
GAIN_WRONG,paired,sub-23,12,1.4337401614283818,ses-02,ERP,sub-03
GAIN_WRONG,paired,sub-23,12,1.5081333146444538,ses-02,ERP,sub-05
GAIN_WRONG,paired,sub-23,12,1.2450110253014397,ses-02,ERP,sub-06
GAIN_WRONG,paired,sub-23,12,0.999744697445025,ses-02,ERP,sub-07
GAIN_WRONG,paired,sub-23,12,1.4920963508164415,ses-02,ERP,sub-09
GAIN_WRONG,paired,sub-23,12,1.4618556852745528,ses-02,ERP,sub-11
GAIN_WRONG,paired,sub-23,12,1.524922973730398,ses-02,ERP,sub-12
GAIN_WRONG,paired,sub-23,12,1.3623089317596122,ses-02,ERP,sub-14
GAIN_WRONG,paired,sub-23,12,1.09099601356906,ses-02,ERP,sub-15
GAIN_WRONG,paired,sub-23,12,1.347510058869612,ses-02,ERP,sub-17
GAIN_WRONG,paired,sub-23,12,1.0012680122980953,ses-02,ERP,sub-18
GAIN_WRONG,paired,sub-23,12,1.5954706912285428,ses-02,ERP,sub-19
GAIN_WRONG,paired,sub-23,12,1.3339988111648744,ses-02,ERP,sub-21
GAIN_WRONG,paired,sub-23,12,1.6845151405154886,ses-02,ERP,sub-24
QUERY_ORACLE,paired,sub-23,12,5.0451982131073987e-17,ses-02,SSVEP,
MATCH,paired,sub-23,12,0.3263378823613697,ses-02,SSVEP,
POP,paired,sub-23,12,2.4462223569834696,ses-02,SSVEP,
TIME_SHIFT,paired,sub-23,12,1.6658863683753908,ses-02,SSVEP,
CHANNEL_PERM,paired,sub-23,12,1.2980445960881486,ses-02,SSVEP,
GAIN_MATCH,paired,sub-23,12,1.5532028029874436,ses-02,SSVEP,
GAIN_POP,paired,sub-23,12,2.4462223569834696,ses-02,SSVEP,
NULL,paired,sub-23,12,1.669241883114435,ses-02,SSVEP,
WRONG,paired,sub-23,12,1.0213546848490873,ses-02,SSVEP,sub-02
WRONG,paired,sub-23,12,1.2009544452583236,ses-02,SSVEP,sub-03
WRONG,paired,sub-23,12,1.0570773089991674,ses-02,SSVEP,sub-05
WRONG,paired,sub-23,12,0.8192568446209192,ses-02,SSVEP,sub-06
WRONG,paired,sub-23,12,1.191199168382754,ses-02,SSVEP,sub-07
WRONG,paired,sub-23,12,6.194251348716331,ses-02,SSVEP,sub-09
WRONG,paired,sub-23,12,1.866816122607634,ses-02,SSVEP,sub-11
WRONG,paired,sub-23,12,2.4483524574456337,ses-02,SSVEP,sub-12
WRONG,paired,sub-23,12,1.159844205654233,ses-02,SSVEP,sub-14
WRONG,paired,sub-23,12,0.9788665450541196,ses-02,SSVEP,sub-15
WRONG,paired,sub-23,12,3.3570357557167068,ses-02,SSVEP,sub-17
WRONG,paired,sub-23,12,1.959219200229194,ses-02,SSVEP,sub-18
WRONG,paired,sub-23,12,1.231766362299074,ses-02,SSVEP,sub-19
WRONG,paired,sub-23,12,1.5690848492032747,ses-02,SSVEP,sub-21
WRONG,paired,sub-23,12,1.274358432026118,ses-02,SSVEP,sub-24
GAIN_WRONG,paired,sub-23,12,1.6820225822890202,ses-02,SSVEP,sub-02
GAIN_WRONG,paired,sub-23,12,1.4949719006277693,ses-02,SSVEP,sub-03
GAIN_WRONG,paired,sub-23,12,2.0633812645820906,ses-02,SSVEP,sub-05
GAIN_WRONG,paired,sub-23,12,2.2871019017099377,ses-02,SSVEP,sub-06
GAIN_WRONG,paired,sub-23,12,2.102309468016465,ses-02,SSVEP,sub-07
GAIN_WRONG,paired,sub-23,12,2.76479128608077,ses-02,SSVEP,sub-09
GAIN_WRONG,paired,sub-23,12,2.04095319792564,ses-02,SSVEP,sub-11
GAIN_WRONG,paired,sub-23,12,1.9721527927345537,ses-02,SSVEP,sub-12
GAIN_WRONG,paired,sub-23,12,2.015456137211528,ses-02,SSVEP,sub-14
GAIN_WRONG,paired,sub-23,12,1.9501341342329803,ses-02,SSVEP,sub-15
GAIN_WRONG,paired,sub-23,12,1.8085229900473905,ses-02,SSVEP,sub-17
GAIN_WRONG,paired,sub-23,12,1.9977316400280243,ses-02,SSVEP,sub-18
GAIN_WRONG,paired,sub-23,12,2.0100948043327147,ses-02,SSVEP,sub-19
GAIN_WRONG,paired,sub-23,12,2.265179519764375,ses-02,SSVEP,sub-21
GAIN_WRONG,paired,sub-23,12,2.664765127055912,ses-02,SSVEP,sub-24
QUERY_ORACLE,paired,sub-23,12,4.741401911919394e-17,ses-03,ERP,
MATCH,paired,sub-23,12,0.7124694267262986,ses-03,ERP,
POP,paired,sub-23,12,1.266125000299127,ses-03,ERP,
TIME_SHIFT,paired,sub-23,12,1.0649161101905957,ses-03,ERP,
CHANNEL_PERM,paired,sub-23,12,1.1829287938242092,ses-03,ERP,
GAIN_MATCH,paired,sub-23,12,0.7598838728281313,ses-03,ERP,
GAIN_POP,paired,sub-23,12,1.266125000299127,ses-03,ERP,
NULL,paired,sub-23,12,1.1363168927777583,ses-03,ERP,
WRONG,paired,sub-23,12,0.9211741220660069,ses-03,ERP,sub-02
WRONG,paired,sub-23,12,0.9954594575046795,ses-03,ERP,sub-03
WRONG,paired,sub-23,12,1.667012733704431,ses-03,ERP,sub-05
WRONG,paired,sub-23,12,0.8691423667178704,ses-03,ERP,sub-06
WRONG,paired,sub-23,12,1.0712682317495226,ses-03,ERP,sub-07
WRONG,paired,sub-23,12,3.004812723476354,ses-03,ERP,sub-09
WRONG,paired,sub-23,12,1.2604843337613527,ses-03,ERP,sub-11
WRONG,paired,sub-23,12,1.8377436444665525,ses-03,ERP,sub-12
WRONG,paired,sub-23,12,1.172426854967403,ses-03,ERP,sub-14
WRONG,paired,sub-23,12,0.8576977465078057,ses-03,ERP,sub-15
WRONG,paired,sub-23,12,1.8747375735702512,ses-03,ERP,sub-17
WRONG,paired,sub-23,12,0.9059353869214558,ses-03,ERP,sub-18
WRONG,paired,sub-23,12,1.0260548835561514,ses-03,ERP,sub-19
WRONG,paired,sub-23,12,3.4816031654958675,ses-03,ERP,sub-21
WRONG,paired,sub-23,12,1.0414228135328873,ses-03,ERP,sub-24
GAIN_WRONG,paired,sub-23,12,1.075925385736422,ses-03,ERP,sub-02
GAIN_WRONG,paired,sub-23,12,1.2194094224490255,ses-03,ERP,sub-03
GAIN_WRONG,paired,sub-23,12,1.4348835372161906,ses-03,ERP,sub-05
GAIN_WRONG,paired,sub-23,12,1.29149391257439,ses-03,ERP,sub-06
GAIN_WRONG,paired,sub-23,12,1.1903940503378525,ses-03,ERP,sub-07
GAIN_WRONG,paired,sub-23,12,1.1688732049671748,ses-03,ERP,sub-09
GAIN_WRONG,paired,sub-23,12,1.6116423741234558,ses-03,ERP,sub-11
GAIN_WRONG,paired,sub-23,12,1.6430444477092145,ses-03,ERP,sub-12
GAIN_WRONG,paired,sub-23,12,1.1813459536096225,ses-03,ERP,sub-14
GAIN_WRONG,paired,sub-23,12,1.0432902367920867,ses-03,ERP,sub-15
GAIN_WRONG,paired,sub-23,12,0.7159778737618666,ses-03,ERP,sub-17
GAIN_WRONG,paired,sub-23,12,1.3123649847661039,ses-03,ERP,sub-18
GAIN_WRONG,paired,sub-23,12,1.1981911694937353,ses-03,ERP,sub-19
GAIN_WRONG,paired,sub-23,12,1.2290651984936425,ses-03,ERP,sub-21
GAIN_WRONG,paired,sub-23,12,1.4694649768742283,ses-03,ERP,sub-24
QUERY_ORACLE,paired,sub-23,12,5.387177021853097e-17,ses-03,SSVEP,
MATCH,paired,sub-23,12,0.750042745398663,ses-03,SSVEP,
POP,paired,sub-23,12,2.26000795716894,ses-03,SSVEP,
TIME_SHIFT,paired,sub-23,12,0.9907330241710254,ses-03,SSVEP,
CHANNEL_PERM,paired,sub-23,12,0.9640739426803487,ses-03,SSVEP,
GAIN_MATCH,paired,sub-23,12,1.7075214991939582,ses-03,SSVEP,
GAIN_POP,paired,sub-23,12,2.26000795716894,ses-03,SSVEP,
NULL,paired,sub-23,12,1.0265190842142662,ses-03,SSVEP,
WRONG,paired,sub-23,12,3.4726427645142195,ses-03,SSVEP,sub-02
WRONG,paired,sub-23,12,1.2598570087991987,ses-03,SSVEP,sub-03
WRONG,paired,sub-23,12,1.2135753936403142,ses-03,SSVEP,sub-05
WRONG,paired,sub-23,12,1.1235257609688005,ses-03,SSVEP,sub-06
WRONG,paired,sub-23,12,1.3102050206711258,ses-03,SSVEP,sub-07
WRONG,paired,sub-23,12,1.5481022009507006,ses-03,SSVEP,sub-09
WRONG,paired,sub-23,12,2.4309848393222633,ses-03,SSVEP,sub-11
WRONG,paired,sub-23,12,2.1799886627075042,ses-03,SSVEP,sub-12
WRONG,paired,sub-23,12,1.3257121121742144,ses-03,SSVEP,sub-14
WRONG,paired,sub-23,12,1.3413861289865088,ses-03,SSVEP,sub-15
WRONG,paired,sub-23,12,2.239812139105379,ses-03,SSVEP,sub-17
WRONG,paired,sub-23,12,1.8456407451002177,ses-03,SSVEP,sub-18
WRONG,paired,sub-23,12,1.4569441848622537,ses-03,SSVEP,sub-19
WRONG,paired,sub-23,12,1.7208241011184013,ses-03,SSVEP,sub-21
WRONG,paired,sub-23,12,1.2839853602677662,ses-03,SSVEP,sub-24
GAIN_WRONG,paired,sub-23,12,2.0203565856177446,ses-03,SSVEP,sub-02
GAIN_WRONG,paired,sub-23,12,2.4654729395482637,ses-03,SSVEP,sub-03
GAIN_WRONG,paired,sub-23,12,2.5694871457261708,ses-03,SSVEP,sub-05
GAIN_WRONG,paired,sub-23,12,2.897996094561005,ses-03,SSVEP,sub-06
GAIN_WRONG,paired,sub-23,12,2.0827008907325095,ses-03,SSVEP,sub-07
GAIN_WRONG,paired,sub-23,12,3.0985510733414627,ses-03,SSVEP,sub-09
GAIN_WRONG,paired,sub-23,12,2.277581740140194,ses-03,SSVEP,sub-11
GAIN_WRONG,paired,sub-23,12,3.5554245982864825,ses-03,SSVEP,sub-12
GAIN_WRONG,paired,sub-23,12,2.7069477094334573,ses-03,SSVEP,sub-14
GAIN_WRONG,paired,sub-23,12,2.8653245673085803,ses-03,SSVEP,sub-15
GAIN_WRONG,paired,sub-23,12,2.0820986983335694,ses-03,SSVEP,sub-17
GAIN_WRONG,paired,sub-23,12,3.099334544530123,ses-03,SSVEP,sub-18
GAIN_WRONG,paired,sub-23,12,1.9788530353363578,ses-03,SSVEP,sub-19
GAIN_WRONG,paired,sub-23,12,2.8685222217013973,ses-03,SSVEP,sub-21
GAIN_WRONG,paired,sub-23,12,3.326882364408251,ses-03,SSVEP,sub-24
QUERY_ORACLE,paired,sub-23,12,3.124987234997126e-17,ses-04,ERP,
MATCH,paired,sub-23,12,0.16096512559960105,ses-04,ERP,
POP,paired,sub-23,12,0.7494290520172205,ses-04,ERP,
TIME_SHIFT,paired,sub-23,12,0.5252172158672544,ses-04,ERP,
CHANNEL_PERM,paired,sub-23,12,0.5537431520784234,ses-04,ERP,
GAIN_MATCH,paired,sub-23,12,0.25275605825820296,ses-04,ERP,
GAIN_POP,paired,sub-23,12,0.7494290520172205,ses-04,ERP,
NULL,paired,sub-23,12,0.5730328247315933,ses-04,ERP,
WRONG,paired,sub-23,12,1.0262283588296133,ses-04,ERP,sub-02
WRONG,paired,sub-23,12,0.9141334096560528,ses-04,ERP,sub-03
WRONG,paired,sub-23,12,1.4454340050937562,ses-04,ERP,sub-05
WRONG,paired,sub-23,12,0.7959981214963546,ses-04,ERP,sub-06
WRONG,paired,sub-23,12,0.7855924114459135,ses-04,ERP,sub-07
WRONG,paired,sub-23,12,0.9332830553626712,ses-04,ERP,sub-09
WRONG,paired,sub-23,12,0.91994866738886,ses-04,ERP,sub-11
WRONG,paired,sub-23,12,1.319517315442801,ses-04,ERP,sub-12
WRONG,paired,sub-23,12,0.9180801425782833,ses-04,ERP,sub-14
WRONG,paired,sub-23,12,1.14854487542703,ses-04,ERP,sub-15
WRONG,paired,sub-23,12,1.074469309399646,ses-04,ERP,sub-17
WRONG,paired,sub-23,12,0.784281071553099,ses-04,ERP,sub-18
WRONG,paired,sub-23,12,0.7061105737459892,ses-04,ERP,sub-19
WRONG,paired,sub-23,12,1.0752841778409028,ses-04,ERP,sub-21
WRONG,paired,sub-23,12,0.8389811654272443,ses-04,ERP,sub-24
GAIN_WRONG,paired,sub-23,12,0.5902450383409513,ses-04,ERP,sub-02
GAIN_WRONG,paired,sub-23,12,0.6268283069743309,ses-04,ERP,sub-03
GAIN_WRONG,paired,sub-23,12,0.644015645640348,ses-04,ERP,sub-05
GAIN_WRONG,paired,sub-23,12,0.7397677956944305,ses-04,ERP,sub-06
GAIN_WRONG,paired,sub-23,12,0.5843581632714164,ses-04,ERP,sub-07
GAIN_WRONG,paired,sub-23,12,0.7720462554433066,ses-04,ERP,sub-09
GAIN_WRONG,paired,sub-23,12,0.758038039516447,ses-04,ERP,sub-11
GAIN_WRONG,paired,sub-23,12,0.8159422275847632,ses-04,ERP,sub-12
GAIN_WRONG,paired,sub-23,12,0.7565084234815957,ses-04,ERP,sub-14
GAIN_WRONG,paired,sub-23,12,0.5175728793553708,ses-04,ERP,sub-15
GAIN_WRONG,paired,sub-23,12,0.746332154761812,ses-04,ERP,sub-17
GAIN_WRONG,paired,sub-23,12,0.6628508265230618,ses-04,ERP,sub-18
GAIN_WRONG,paired,sub-23,12,0.6944493178883041,ses-04,ERP,sub-19
GAIN_WRONG,paired,sub-23,12,0.6775235056945478,ses-04,ERP,sub-21
GAIN_WRONG,paired,sub-23,12,0.7219954988333459,ses-04,ERP,sub-24
QUERY_ORACLE,paired,sub-23,12,2.865630534648511e-17,ses-04,SSVEP,
MATCH,paired,sub-23,12,0.3999932282326633,ses-04,SSVEP,
POP,paired,sub-23,12,1.2396434991853067,ses-04,SSVEP,
TIME_SHIFT,paired,sub-23,12,0.5508732705822946,ses-04,SSVEP,
CHANNEL_PERM,paired,sub-23,12,0.6708990537747144,ses-04,SSVEP,
GAIN_MATCH,paired,sub-23,12,1.0658219123942636,ses-04,SSVEP,
GAIN_POP,paired,sub-23,12,1.2396434991853067,ses-04,SSVEP,
NULL,paired,sub-23,12,0.5355070623675949,ses-04,SSVEP,
WRONG,paired,sub-23,12,1.7820580358724463,ses-04,SSVEP,sub-02
WRONG,paired,sub-23,12,1.5185887489869276,ses-04,SSVEP,sub-03
WRONG,paired,sub-23,12,1.0738680718759699,ses-04,SSVEP,sub-05
WRONG,paired,sub-23,12,1.3308457034500265,ses-04,SSVEP,sub-06
WRONG,paired,sub-23,12,1.0795769330821763,ses-04,SSVEP,sub-07
WRONG,paired,sub-23,12,1.5992108097609286,ses-04,SSVEP,sub-09
WRONG,paired,sub-23,12,1.5070351089789564,ses-04,SSVEP,sub-11
WRONG,paired,sub-23,12,2.0983316821452465,ses-04,SSVEP,sub-12
WRONG,paired,sub-23,12,1.097535545917644,ses-04,SSVEP,sub-14
WRONG,paired,sub-23,12,1.0036055178273953,ses-04,SSVEP,sub-15
WRONG,paired,sub-23,12,1.270363601388082,ses-04,SSVEP,sub-17
WRONG,paired,sub-23,12,1.6275487954136434,ses-04,SSVEP,sub-18
WRONG,paired,sub-23,12,1.7596462990828272,ses-04,SSVEP,sub-19
WRONG,paired,sub-23,12,1.2872386582861644,ses-04,SSVEP,sub-21
WRONG,paired,sub-23,12,1.0895770027246523,ses-04,SSVEP,sub-24
GAIN_WRONG,paired,sub-23,12,0.9901507834570107,ses-04,SSVEP,sub-02
GAIN_WRONG,paired,sub-23,12,0.9227979241260799,ses-04,SSVEP,sub-03
GAIN_WRONG,paired,sub-23,12,1.1069667372784595,ses-04,SSVEP,sub-05
GAIN_WRONG,paired,sub-23,12,1.3341232884207261,ses-04,SSVEP,sub-06
GAIN_WRONG,paired,sub-23,12,1.2598052889600844,ses-04,SSVEP,sub-07
GAIN_WRONG,paired,sub-23,12,0.9555703962861472,ses-04,SSVEP,sub-09
GAIN_WRONG,paired,sub-23,12,1.0636650370119127,ses-04,SSVEP,sub-11
GAIN_WRONG,paired,sub-23,12,0.9894553079235822,ses-04,SSVEP,sub-12
GAIN_WRONG,paired,sub-23,12,1.167752602960576,ses-04,SSVEP,sub-14
GAIN_WRONG,paired,sub-23,12,0.7047480496044183,ses-04,SSVEP,sub-15
GAIN_WRONG,paired,sub-23,12,1.1266154451191734,ses-04,SSVEP,sub-17
GAIN_WRONG,paired,sub-23,12,0.8064841379878454,ses-04,SSVEP,sub-18
GAIN_WRONG,paired,sub-23,12,1.4306406270369347,ses-04,SSVEP,sub-19
GAIN_WRONG,paired,sub-23,12,1.087829533289415,ses-04,SSVEP,sub-21
GAIN_WRONG,paired,sub-23,12,1.1485553303552092,ses-04,SSVEP,sub-24
QUERY_ORACLE,paired,sub-24,12,8.996586720481471e-17,ses-02,ERP,
MATCH,paired,sub-24,12,0.975841739253564,ses-02,ERP,
POP,paired,sub-24,12,0.996528239201996,ses-02,ERP,
TIME_SHIFT,paired,sub-24,12,3.7091373774889855,ses-02,ERP,
CHANNEL_PERM,paired,sub-24,12,3.2165247331096674,ses-02,ERP,
GAIN_MATCH,paired,sub-24,12,0.9598279598505198,ses-02,ERP,
GAIN_POP,paired,sub-24,12,0.996528239201996,ses-02,ERP,
NULL,paired,sub-24,12,3.8308055781091976,ses-02,ERP,
WRONG,paired,sub-24,12,1.4261924036373477,ses-02,ERP,sub-02
WRONG,paired,sub-24,12,1.1023080935497072,ses-02,ERP,sub-03
WRONG,paired,sub-24,12,1.6938282115980845,ses-02,ERP,sub-05
WRONG,paired,sub-24,12,1.0694988827452445,ses-02,ERP,sub-06
WRONG,paired,sub-24,12,1.260724203625565,ses-02,ERP,sub-07
WRONG,paired,sub-24,12,1.2945663883960916,ses-02,ERP,sub-09
WRONG,paired,sub-24,12,1.291885176794535,ses-02,ERP,sub-11
WRONG,paired,sub-24,12,2.2170888322123026,ses-02,ERP,sub-12
WRONG,paired,sub-24,12,1.0686499222088084,ses-02,ERP,sub-14
WRONG,paired,sub-24,12,1.2615624022944145,ses-02,ERP,sub-15
WRONG,paired,sub-24,12,1.6420881207208307,ses-02,ERP,sub-17
WRONG,paired,sub-24,12,1.197052250862848,ses-02,ERP,sub-18
WRONG,paired,sub-24,12,1.398010574778759,ses-02,ERP,sub-19
WRONG,paired,sub-24,12,1.1551813572609817,ses-02,ERP,sub-21
WRONG,paired,sub-24,12,1.4423042210210646,ses-02,ERP,sub-23
GAIN_WRONG,paired,sub-24,12,1.4121475885553936,ses-02,ERP,sub-02
GAIN_WRONG,paired,sub-24,12,1.1626791656355542,ses-02,ERP,sub-03
GAIN_WRONG,paired,sub-24,12,1.0771479533167,ses-02,ERP,sub-05
GAIN_WRONG,paired,sub-24,12,1.057931910568313,ses-02,ERP,sub-06
GAIN_WRONG,paired,sub-24,12,1.2642914851299747,ses-02,ERP,sub-07
GAIN_WRONG,paired,sub-24,12,1.4059932356244984,ses-02,ERP,sub-09
GAIN_WRONG,paired,sub-24,12,1.124796212691124,ses-02,ERP,sub-11
GAIN_WRONG,paired,sub-24,12,1.3289977462173796,ses-02,ERP,sub-12
GAIN_WRONG,paired,sub-24,12,1.069738768713885,ses-02,ERP,sub-14
GAIN_WRONG,paired,sub-24,12,1.2916342231499407,ses-02,ERP,sub-15
GAIN_WRONG,paired,sub-24,12,1.267818186123437,ses-02,ERP,sub-17
GAIN_WRONG,paired,sub-24,12,1.2372656334465644,ses-02,ERP,sub-18
GAIN_WRONG,paired,sub-24,12,1.4564460387836882,ses-02,ERP,sub-19
GAIN_WRONG,paired,sub-24,12,1.1571812716824506,ses-02,ERP,sub-21
GAIN_WRONG,paired,sub-24,12,1.5045849198507335,ses-02,ERP,sub-23
QUERY_ORACLE,paired,sub-24,12,6.196886049826143e-17,ses-03,ERP,
MATCH,paired,sub-24,12,0.21730896832161228,ses-03,ERP,
POP,paired,sub-24,12,0.6711258261800869,ses-03,ERP,
TIME_SHIFT,paired,sub-24,12,2.027183230381424,ses-03,ERP,
CHANNEL_PERM,paired,sub-24,12,1.7390984275499983,ses-03,ERP,
GAIN_MATCH,paired,sub-24,12,0.4632104544257807,ses-03,ERP,
GAIN_POP,paired,sub-24,12,0.6711258261800869,ses-03,ERP,
NULL,paired,sub-24,12,2.052851934668478,ses-03,ERP,
WRONG,paired,sub-24,12,0.8994197907894024,ses-03,ERP,sub-02
WRONG,paired,sub-24,12,0.5029952677212051,ses-03,ERP,sub-03
WRONG,paired,sub-24,12,0.803375347297839,ses-03,ERP,sub-05
WRONG,paired,sub-24,12,0.5360086379421557,ses-03,ERP,sub-06
WRONG,paired,sub-24,12,0.473527954660365,ses-03,ERP,sub-07
WRONG,paired,sub-24,12,2.7893508477919,ses-03,ERP,sub-09
WRONG,paired,sub-24,12,0.5048286309201245,ses-03,ERP,sub-11
WRONG,paired,sub-24,12,0.9390051381527686,ses-03,ERP,sub-12
WRONG,paired,sub-24,12,0.590656239066595,ses-03,ERP,sub-14
WRONG,paired,sub-24,12,0.7631446105913192,ses-03,ERP,sub-15
WRONG,paired,sub-24,12,1.2870397150832034,ses-03,ERP,sub-17
WRONG,paired,sub-24,12,0.3554432933743135,ses-03,ERP,sub-18
WRONG,paired,sub-24,12,0.49136784579117676,ses-03,ERP,sub-19
WRONG,paired,sub-24,12,3.334894949874668,ses-03,ERP,sub-21
WRONG,paired,sub-24,12,1.411838563633302,ses-03,ERP,sub-23
GAIN_WRONG,paired,sub-24,12,0.8773226109717474,ses-03,ERP,sub-02
GAIN_WRONG,paired,sub-24,12,0.524893449525664,ses-03,ERP,sub-03
GAIN_WRONG,paired,sub-24,12,0.5761269661912318,ses-03,ERP,sub-05
GAIN_WRONG,paired,sub-24,12,0.5325571816102624,ses-03,ERP,sub-06
GAIN_WRONG,paired,sub-24,12,0.48792759814221304,ses-03,ERP,sub-07
GAIN_WRONG,paired,sub-24,12,1.6644195287037207,ses-03,ERP,sub-09
GAIN_WRONG,paired,sub-24,12,0.7213498113774662,ses-03,ERP,sub-11
GAIN_WRONG,paired,sub-24,12,0.7144717954750464,ses-03,ERP,sub-12
GAIN_WRONG,paired,sub-24,12,0.5830446586199433,ses-03,ERP,sub-14
GAIN_WRONG,paired,sub-24,12,0.7414421658848234,ses-03,ERP,sub-15
GAIN_WRONG,paired,sub-24,12,1.03536551842266,ses-03,ERP,sub-17
GAIN_WRONG,paired,sub-24,12,0.41288216391761295,ses-03,ERP,sub-18
GAIN_WRONG,paired,sub-24,12,0.49251398733664026,ses-03,ERP,sub-19
GAIN_WRONG,paired,sub-24,12,1.8426148753313765,ses-03,ERP,sub-21
GAIN_WRONG,paired,sub-24,12,1.4112404571964576,ses-03,ERP,sub-23
QUERY_ORACLE,paired,sub-24,12,4.166108255414529e-17,ses-04,ERP,
MATCH,paired,sub-24,12,0.3897364263043113,ses-04,ERP,
POP,paired,sub-24,12,0.367932430720542,ses-04,ERP,
TIME_SHIFT,paired,sub-24,12,0.9838259836590484,ses-04,ERP,
CHANNEL_PERM,paired,sub-24,12,0.964801989088977,ses-04,ERP,
GAIN_MATCH,paired,sub-24,12,0.3515764881199633,ses-04,ERP,
GAIN_POP,paired,sub-24,12,0.367932430720542,ses-04,ERP,
NULL,paired,sub-24,12,1.0812227775888272,ses-04,ERP,
WRONG,paired,sub-24,12,1.0774650650422848,ses-04,ERP,sub-02
WRONG,paired,sub-24,12,0.5871335408623923,ses-04,ERP,sub-03
WRONG,paired,sub-24,12,1.056032545611571,ses-04,ERP,sub-05
WRONG,paired,sub-24,12,0.512298470388599,ses-04,ERP,sub-06
WRONG,paired,sub-24,12,0.7330914403221195,ses-04,ERP,sub-07
WRONG,paired,sub-24,12,0.5723183682190099,ses-04,ERP,sub-09
WRONG,paired,sub-24,12,0.5725580052686431,ses-04,ERP,sub-11
WRONG,paired,sub-24,12,0.8500686523085604,ses-04,ERP,sub-12
WRONG,paired,sub-24,12,0.589740542030088,ses-04,ERP,sub-14
WRONG,paired,sub-24,12,1.0634116392208148,ses-04,ERP,sub-15
WRONG,paired,sub-24,12,0.6065131515446524,ses-04,ERP,sub-17
WRONG,paired,sub-24,12,0.45983867170511306,ses-04,ERP,sub-18
WRONG,paired,sub-24,12,0.4147499107346852,ses-04,ERP,sub-19
WRONG,paired,sub-24,12,0.8761813048931132,ses-04,ERP,sub-21
WRONG,paired,sub-24,12,0.7523873629123027,ses-04,ERP,sub-23
GAIN_WRONG,paired,sub-24,12,0.918562780501366,ses-04,ERP,sub-02
GAIN_WRONG,paired,sub-24,12,0.5895048553868977,ses-04,ERP,sub-03
GAIN_WRONG,paired,sub-24,12,0.653163530214837,ses-04,ERP,sub-05
GAIN_WRONG,paired,sub-24,12,0.4983042780634233,ses-04,ERP,sub-06
GAIN_WRONG,paired,sub-24,12,0.7148303603155693,ses-04,ERP,sub-07
GAIN_WRONG,paired,sub-24,12,0.4927104135454426,ses-04,ERP,sub-09
GAIN_WRONG,paired,sub-24,12,0.4902832599062978,ses-04,ERP,sub-11
GAIN_WRONG,paired,sub-24,12,0.4957180124527902,ses-04,ERP,sub-12
GAIN_WRONG,paired,sub-24,12,0.5309371388962582,ses-04,ERP,sub-14
GAIN_WRONG,paired,sub-24,12,0.8395598341210899,ses-04,ERP,sub-15
GAIN_WRONG,paired,sub-24,12,0.4123329559673074,ses-04,ERP,sub-17
GAIN_WRONG,paired,sub-24,12,0.46950705947091215,ses-04,ERP,sub-18
GAIN_WRONG,paired,sub-24,12,0.41170132993132036,ses-04,ERP,sub-19
GAIN_WRONG,paired,sub-24,12,0.7389107249767325,ses-04,ERP,sub-21
GAIN_WRONG,paired,sub-24,12,0.7242726428052259,ses-04,ERP,sub-23
