fold,participant,query_index,family,context,donor,selected_codes,observable_only
3,1,0,head_motion,WRONG,21,p21:04;p21:12;p21:13;p21:03;p21:07;p21:14;p21:15;p21:01,1
3,1,0,head_motion,WRONG,22,p22:08;p22:05;p22:14;p22:06;p22:13;p22:09;p22:11;p22:00,1
3,1,0,head_motion,WRONG,29,p29:03;p29:15;p29:12;p29:01;p29:06;p29:02;p29:09;p29:04,1
3,1,0,head_motion,POP,,p06:00;p30:03;p05:04;p18:08;p13:14;p08:11;p30:05;p27:12,1
3,1,0,head_motion,MATCH,1,p01:07;p01:01;p01:03;p01:14;p01:00;p01:10;p01:12;p01:06,1
3,1,0,chewing,WRONG,21,p21:04;p21:03;p21:07;p21:11;p21:14;p21:13;p21:15;p21:01,1
3,1,0,chewing,WRONG,22,p22:04;p22:06;p22:14;p22:13;p22:09;p22:05;p22:00;p22:11,1
3,1,0,chewing,WRONG,29,p29:06;p29:03;p29:13;p29:15;p29:09;p29:07;p29:02;p29:04,1
3,1,0,chewing,POP,,p08:10;p13:14;p08:11;p13:10;p27:12;p27:07;p05:04;p18:08,1
3,1,0,chewing,MATCH,1,p01:01;p01:07;p01:14;p01:03;p01:00;p01:10;p01:12;p01:06,1
3,1,0,tongue,WRONG,21,p21:06;p21:07;p21:13;p21:03;p21:14;p21:12;p21:01;p21:15,1
3,1,0,tongue,WRONG,22,p22:03;p22:12;p22:14;p22:05;p22:13;p22:09;p22:11;p22:00,1
3,1,0,tongue,WRONG,29,p29:15;p29:06;p29:03;p29:12;p29:13;p29:01;p29:04;p29:09,1
3,1,0,tongue,POP,,p08:11;p08:06;p18:11;p27:12;p30:03;p13:14;p27:07;p18:05,1
3,1,0,tongue,MATCH,1,p01:08;p01:14;p01:02;p01:10;p01:12;p01:03;p01:00;p01:06,1
3,1,0,swallowing,WRONG,21,p21:11;p21:12;p21:07;p21:03;p21:13;p21:15;p21:14;p21:01,1
3,1,0,swallowing,WRONG,22,p22:05;p22:13;p22:06;p22:14;p22:12;p22:09;p22:11;p22:00,1
3,1,0,swallowing,WRONG,29,p29:03;p29:12;p29:15;p29:01;p29:06;p29:02;p29:09;p29:04,1
3,1,0,swallowing,POP,,p06:00;p18:08;p30:03;p08:11;p30:05;p05:04;p13:14;p27:12,1
3,1,0,swallowing,MATCH,1,p01:11;p01:02;p01:14;p01:03;p01:00;p01:10;p01:12;p01:06,1
3,1,0,facial_emg,WRONG,21,p21:06;p21:12;p21:03;p21:07;p21:14;p21:13;p21:15;p21:01,1
3,1,0,facial_emg,WRONG,22,p22:06;p22:13;p22:12;p22:05;p22:09;p22:14;p22:11;p22:00,1
3,1,0,facial_emg,WRONG,29,p29:02;p29:13;p29:12;p29:06;p29:15;p29:01;p29:04;p29:09,1
3,1,0,facial_emg,POP,,p05:04;p27:07;p30:05;p18:08;p18:11;p27:12;p30:03;p13:14,1
3,1,0,facial_emg,MATCH,1,p01:14;p01:08;p01:02;p01:03;p01:10;p01:12;p01:00;p01:06,1
3,1,1,head_motion,WRONG,21,p21:07;p21:15;p21:02;p21:10;p21:11;p21:01;p21:03;p21:05,1
3,1,1,head_motion,WRONG,22,p22:14;p22:04;p22:07;p22:10;p22:08;p22:15;p22:01;p22:09,1
3,1,1,head_motion,WRONG,29,p29:06;p29:12;p29:03;p29:11;p29:05;p29:00;p29:10;p29:08,1
3,1,1,head_motion,POP,,p06:05;p13:07;p08:02;p23:06;p23:08;p08:00;p14:15;p05:00,1
3,1,1,head_motion,MATCH,1,p01:03;p01:00;p01:09;p01:01;p01:14;p01:08;p01:04;p01:15,1
3,1,1,chewing,WRONG,21,p21:12;p21:06;p21:08;p21:10;p21:02;p21:11;p21:05;p21:03,1
3,1,1,chewing,WRONG,22,p22:07;p22:10;p22:04;p22:09;p22:01;p22:03;p22:08;p22:15,1
3,1,1,chewing,WRONG,29,p29:15;p29:00;p29:11;p29:06;p29:08;p29:03;p29:05;p29:10,1
3,1,1,chewing,POP,,p13:05;p02:13;p14:15;p06:10;p23:11;p08:02;p14:05;p30:07,1
3,1,1,chewing,MATCH,1,p01:00;p01:07;p01:08;p01:09;p01:13;p01:11;p01:15;p01:04,1
3,1,1,tongue,WRONG,21,p21:02;p21:01;p21:07;p21:11;p21:04;p21:05;p21:03;p21:10,1
3,1,1,tongue,WRONG,22,p22:14;p22:10;p22:04;p22:03;p22:15;p22:08;p22:01;p22:09,1
3,1,1,tongue,WRONG,29,p29:04;p29:06;p29:11;p29:03;p29:05;p29:08;p29:00;p29:10,1
3,1,1,tongue,POP,,p23:08;p14:05;p30:07;p13:01;p14:15;p08:00;p08:02;p05:00,1
3,1,1,tongue,MATCH,1,p01:11;p01:01;p01:13;p01:00;p01:14;p01:08;p01:04;p01:15,1
3,1,1,swallowing,WRONG,21,p21:04;p21:12;p21:06;p21:11;p21:02;p21:05;p21:10;p21:03,1
3,1,1,swallowing,WRONG,22,p22:04;p22:07;p22:03;p22:10;p22:01;p22:09;p22:15;p22:08,1
3,1,1,swallowing,WRONG,29,p29:15;p29:06;p29:11;p29:00;p29:03;p29:08;p29:05;p29:10,1
3,1,1,swallowing,POP,,p05:00;p08:00;p13:07;p13:05;p23:11;p14:15;p14:05;p30:07,1
3,1,1,swallowing,MATCH,1,p01:03;p01:01;p01:08;p01:09;p01:11;p01:13;p01:04;p01:15,1
3,1,1,facial_emg,WRONG,21,p21:13;p21:08;p21:06;p21:04;p21:02;p21:05;p21:10;p21:03,1
3,1,1,facial_emg,WRONG,22,p22:07;p22:10;p22:09;p22:01;p22:04;p22:03;p22:15;p22:08,1
3,1,1,facial_emg,WRONG,29,p29:15;p29:06;p29:00;p29:11;p29:08;p29:03;p29:05;p29:10,1
3,1,1,facial_emg,POP,,p08:00;p13:01;p08:02;p14:15;p06:10;p14:05;p27:06;p30:07,1
3,1,1,facial_emg,MATCH,1,p01:00;p01:07;p01:09;p01:08;p01:13;p01:11;p01:04;p01:15,1
3,1,2,head_motion,WRONG,21,p21:05;p21:15;p21:14;p21:03;p21:06;p21:07;p21:12;p21:02,1
3,1,2,head_motion,WRONG,22,p22:07;p22:10;p22:13;p22:06;p22:14;p22:11;p22:09;p22:05,1
3,1,2,head_motion,WRONG,29,p29:06;p29:10;p29:14;p29:03;p29:09;p29:05;p29:01;p29:08,1
3,1,2,head_motion,POP,,p23:15;p18:05;p30:03;p13:08;p30:01;p05:06;p27:14;p27:15,1
3,1,2,head_motion,MATCH,1,p01:01;p01:05;p01:09;p01:04;p01:07;p01:11;p01:10;p01:08,1
3,1,2,chewing,WRONG,21,p21:11;p21:09;p21:03;p21:05;p21:12;p21:06;p21:07;p21:02,1
3,1,2,chewing,WRONG,22,p22:03;p22:09;p22:01;p22:07;p22:11;p22:14;p22:05;p22:06,1
3,1,2,chewing,WRONG,29,p29:04;p29:03;p29:02;p29:06;p29:14;p29:05;p29:01;p29:08,1
3,1,2,chewing,POP,,p14:01;p23:14;p08:08;p05:06;p08:06;p27:14;p13:08;p27:15,1
3,1,2,chewing,MATCH,1,p01:01;p01:09;p01:13;p01:05;p01:11;p01:08;p01:07;p01:10,1
3,1,2,tongue,WRONG,21,p21:05;p21:15;p21:14;p21:03;p21:06;p21:07;p21:12;p21:02,1
3,1,2,tongue,WRONG,22,p22:07;p22:10;p22:13;p22:06;p22:14;p22:11;p22:09;p22:05,1
3,1,2,tongue,WRONG,29,p29:06;p29:04;p29:14;p29:03;p29:09;p29:01;p29:05;p29:08,1
3,1,2,tongue,POP,,p23:15;p13:08;p18:05;p13:13;p30:01;p05:06;p27:14;p27:15,1
3,1,2,tongue,MATCH,1,p01:09;p01:07;p01:01;p01:04;p01:05;p01:11;p01:10;p01:08,1
3,1,2,swallowing,WRONG,21,p21:11;p21:05;p21:14;p21:03;p21:06;p21:07;p21:12;p21:02,1
3,1,2,swallowing,WRONG,22,p22:07;p22:13;p22:01;p22:09;p22:14;p22:11;p22:05;p22:06,1
3,1,2,swallowing,WRONG,29,p29:06;p29:09;p29:03;p29:02;p29:14;p29:05;p29:01;p29:08,1
3,1,2,swallowing,POP,,p23:14;p02:12;p27:04;p30:01;p13:08;p05:06;p27:15;p27:14,1
3,1,2,swallowing,MATCH,1,p01:13;p01:09;p01:01;p01:05;p01:11;p01:07;p01:08;p01:10,1
3,1,2,facial_emg,WRONG,21,p21:09;p21:05;p21:14;p21:03;p21:07;p21:06;p21:12;p21:02,1
3,1,2,facial_emg,WRONG,22,p22:07;p22:12;p22:01;p22:09;p22:11;p22:14;p22:06;p22:05,1
3,1,2,facial_emg,WRONG,29,p29:14;p29:03;p29:06;p29:04;p29:01;p29:02;p29:05;p29:08,1
3,1,2,facial_emg,POP,,p23:15;p30:01;p08:08;p27:04;p05:06;p13:08;p27:15;p27:14,1
3,1,2,facial_emg,MATCH,1,p01:09;p01:13;p01:01;p01:07;p01:05;p01:11;p01:08;p01:10,1
3,1,3,head_motion,WRONG,21,p21:04;p21:01;p21:12;p21:11;p21:10;p21:02;p21:03;p21:13,1
3,1,3,head_motion,WRONG,22,p22:12;p22:04;p22:13;p22:06;p22:15;p22:07;p22:02;p22:01,1
3,1,3,head_motion,WRONG,29,p29:10;p29:07;p29:00;p29:13;p29:03;p29:14;p29:06;p29:02,1
3,1,3,head_motion,POP,,p08:09;p05:08;p08:04;p13:06;p30:11;p30:08;p23:09;p30:02,1
3,1,3,head_motion,MATCH,1,p01:01;p01:02;p01:07;p01:09;p01:00;p01:05;p01:12;p01:15,1
3,1,3,chewing,WRONG,21,p21:14;p21:07;p21:04;p21:10;p21:15;p21:01;p21:03;p21:13,1
3,1,3,chewing,WRONG,22,p22:15;p22:07;p22:13;p22:10;p22:01;p22:04;p22:06;p22:02,1
3,1,3,chewing,WRONG,29,p29:06;p29:02;p29:13;p29:00;p29:08;p29:10;p29:03;p29:14,1
3,1,3,chewing,POP,,p27:15;p08:05;p13:06;p30:11;p23:03;p18:13;p30:08;p30:02,1
3,1,3,chewing,MATCH,1,p01:07;p01:08;p01:09;p01:02;p01:00;p01:05;p01:12;p01:15,1
3,1,3,tongue,WRONG,21,p21:10;p21:14;p21:07;p21:15;p21:11;p21:13;p21:01;p21:03,1
3,1,3,tongue,WRONG,22,p22:07;p22:15;p22:10;p22:13;p22:04;p22:02;p22:01;p22:06,1
3,1,3,tongue,WRONG,29,p29:07;p29:10;p29:06;p29:13;p29:02;p29:03;p29:14;p29:00,1
3,1,3,tongue,POP,,p08:09;p27:04;p23:09;p06:06;p13:02;p30:02;p23:03;p30:11,1
3,1,3,tongue,MATCH,1,p01:02;p01:07;p01:13;p01:09;p01:00;p01:05;p01:12;p01:15,1
3,1,3,swallowing,WRONG,21,p21:11;p21:14;p21:07;p21:10;p21:15;p21:01;p21:03;p21:13,1
3,1,3,swallowing,WRONG,22,p22:04;p22:10;p22:07;p22:15;p22:13;p22:01;p22:02;p22:06,1
3,1,3,swallowing,WRONG,29,p29:07;p29:10;p29:00;p29:06;p29:02;p29:13;p29:03;p29:14,1
3,1,3,swallowing,POP,,p08:05;p27:15;p23:09;p18:13;p30:11;p06:06;p30:02;p23:03,1
3,1,3,swallowing,MATCH,1,p01:13;p01:01;p01:07;p01:00;p01:09;p01:12;p01:05;p01:15,1
3,1,3,facial_emg,WRONG,21,p21:11;p21:07;p21:14;p21:10;p21:13;p21:15;p21:03;p21:01,1
3,1,3,facial_emg,WRONG,22,p22:15;p22:04;p22:07;p22:10;p22:13;p22:01;p22:02;p22:06,1
3,1,3,facial_emg,WRONG,29,p29:07;p29:02;p29:06;p29:00;p29:13;p29:10;p29:03;p29:14,1
3,1,3,facial_emg,POP,,p27:04;p23:03;p06:06;p18:13;p27:15;p30:11;p30:02;p08:09,1
3,1,3,facial_emg,MATCH,1,p01:08;p01:02;p01:07;p01:09;p01:00;p01:12;p01:05;p01:15,1
3,1,4,head_motion,WRONG,21,p21:04;p21:08;p21:14;p21:01;p21:00;p21:02;p21:03;p21:07,1
3,1,4,head_motion,WRONG,22,p22:13;p22:04;p22:14;p22:08;p22:09;p22:01;p22:06;p22:11,1
3,1,4,head_motion,WRONG,29,,1
3,1,4,head_motion,POP,,p13:15;p02:08;p16:08;p26:11;p20:03;p26:00;p08:14;p08:08,1
3,1,4,head_motion,MATCH,1,p01:15;p01:04;p01:02;p01:13;p01:14;p01:07;p01:05;p01:03,1
3,1,4,chewing,WRONG,21,p21:08;p21:04;p21:00;p21:14;p21:01;p21:03;p21:07;p21:02,1
3,1,4,chewing,WRONG,22,p22:15;p22:14;p22:09;p22:13;p22:08;p22:01;p22:06;p22:11,1
3,1,4,chewing,WRONG,29,,1
3,1,4,chewing,POP,,p02:08;p13:03;p26:11;p13:15;p20:03;p26:00;p08:14;p08:08,1
3,1,4,chewing,MATCH,1,p01:15;p01:09;p01:14;p01:13;p01:02;p01:07;p01:05;p01:03,1
3,1,4,tongue,WRONG,21,p21:04;p21:08;p21:03;p21:01;p21:00;p21:14;p21:02;p21:07,1
3,1,4,tongue,WRONG,22,p22:04;p22:13;p22:14;p22:08;p22:09;p22:01;p22:11;p22:06,1
3,1,4,tongue,WRONG,29,,1
3,1,4,tongue,POP,,p08:03;p26:00;p26:11;p08:09;p20:03;p08:12;p08:08;p08:14,1
3,1,4,tongue,MATCH,1,p01:04;p01:15;p01:13;p01:09;p01:07;p01:14;p01:05;p01:03,1
3,1,4,swallowing,WRONG,21,p21:12;p21:08;p21:00;p21:14;p21:03;p21:01;p21:02;p21:07,1
3,1,4,swallowing,WRONG,22,p22:13;p22:08;p22:04;p22:09;p22:14;p22:06;p22:01;p22:11,1
3,1,4,swallowing,WRONG,29,,1
3,1,4,swallowing,POP,,p06:12;p26:11;p08:09;p08:12;p26:00;p20:03;p08:14;p08:08,1
3,1,4,swallowing,MATCH,1,p01:15;p01:14;p01:00;p01:04;p01:13;p01:07;p01:05;p01:03,1
3,1,4,facial_emg,WRONG,21,p21:12;p21:08;p21:01;p21:14;p21:00;p21:03;p21:02;p21:07,1
3,1,4,facial_emg,WRONG,22,p22:15;p22:14;p22:13;p22:09;p22:08;p22:06;p22:01;p22:11,1
3,1,4,facial_emg,WRONG,29,,1
3,1,4,facial_emg,POP,,p16:14;p06:12;p16:08;p26:11;p26:00;p20:03;p08:14;p08:08,1
3,1,4,facial_emg,MATCH,1,p01:02;p01:09;p01:06;p01:13;p01:14;p01:07;p01:05;p01:03,1
3,1,5,head_motion,WRONG,21,p21:06;p21:00;p21:05;p21:03;p21:11;p21:13;p21:08;p21:01,1
3,1,5,head_motion,WRONG,22,p22:10;p22:12;p22:00;p22:06;p22:07;p22:11;p22:13;p22:02,1
3,1,5,head_motion,WRONG,29,,1
3,1,5,head_motion,POP,,p23:12;p20:13;p23:05;p20:06;p18:14;p08:05;p08:07;p08:11,1
3,1,5,head_motion,MATCH,1,p01:04;p01:00;p01:01;p01:08;p01:09;p01:06;p01:10;p01:12,1
3,1,5,chewing,WRONG,21,p21:09;p21:06;p21:08;p21:13;p21:01;p21:07;p21:11;p21:03,1
3,1,5,chewing,WRONG,22,p22:09;p22:08;p22:15;p22:02;p22:10;p22:11;p22:06;p22:13,1
3,1,5,chewing,WRONG,29,,1
3,1,5,chewing,POP,,p26:00;p18:14;p08:07;p23:12;p20:13;p23:03;p20:06;p23:05,1
3,1,5,chewing,MATCH,1,p01:04;p01:15;p01:11;p01:02;p01:08;p01:06;p01:01;p01:12,1
3,1,5,tongue,WRONG,21,p21:08;p21:09;p21:07;p21:11;p21:06;p21:03;p21:01;p21:13,1
3,1,5,tongue,WRONG,22,p22:15;p22:11;p22:12;p22:10;p22:07;p22:06;p22:02;p22:13,1
3,1,5,tongue,WRONG,29,,1
3,1,5,tongue,POP,,p18:14;p08:11;p23:09;p23:03;p08:07;p08:05;p20:06;p23:05,1
3,1,5,tongue,MATCH,1,p01:06;p01:02;p01:10;p01:11;p01:04;p01:08;p01:01;p01:12,1
3,1,5,swallowing,WRONG,21,p21:08;p21:06;p21:00;p21:07;p21:11;p21:03;p21:01;p21:13,1
3,1,5,swallowing,WRONG,22,p22:07;p22:09;p22:15;p22:11;p22:02;p22:10;p22:06;p22:13,1
3,1,5,swallowing,WRONG,29,,1
3,1,5,swallowing,POP,,p26:12;p23:09;p08:05;p08:11;p08:07;p20:06;p23:03;p23:05,1
3,1,5,swallowing,MATCH,1,p01:04;p01:08;p01:06;p01:02;p01:15;p01:11;p01:01;p01:12,1
3,1,5,facial_emg,WRONG,21,p21:06;p21:09;p21:08;p21:11;p21:03;p21:01;p21:07;p21:13,1
3,1,5,facial_emg,WRONG,22,p22:15;p22:09;p22:08;p22:11;p22:10;p22:02;p22:06;p22:13,1
3,1,5,facial_emg,WRONG,29,,1
3,1,5,facial_emg,POP,,p26:12;p23:12;p26:00;p18:14;p20:06;p08:07;p23:03;p23:05,1
3,1,5,facial_emg,MATCH,1,p01:06;p01:04;p01:11;p01:08;p01:02;p01:15;p01:12;p01:01,1
3,1,6,head_motion,WRONG,21,p21:00;p21:15;p21:04;p21:05;p21:10;p21:08;p21:12;p21:03,1
3,1,6,head_motion,WRONG,22,p22:08;p22:05;p22:11;p22:00;p22:03;p22:04;p22:14;p22:12,1
3,1,6,head_motion,WRONG,29,,1
3,1,6,head_motion,POP,,p16:11;p26:15;p16:04;p23:14;p26:13;p23:10;p18:13;p23:13,1
3,1,6,head_motion,MATCH,1,p01:12;p01:15;p01:10;p01:00;p01:07;p01:09;p01:03;p01:05,1
3,1,6,chewing,WRONG,21,p21:02;p21:05;p21:10;p21:04;p21:12;p21:08;p21:15;p21:03,1
3,1,6,chewing,WRONG,22,p22:08;p22:05;p22:11;p22:04;p22:03;p22:00;p22:12;p22:14,1
3,1,6,chewing,WRONG,29,,1
3,1,6,chewing,POP,,p08:15;p20:10;p16:04;p20:12;p26:13;p18:13;p23:13;p23:10,1
3,1,6,chewing,MATCH,1,p01:14;p01:13;p01:15;p01:09;p01:07;p01:00;p01:03;p01:05,1
3,1,6,tongue,WRONG,21,p21:06;p21:05;p21:14;p21:04;p21:10;p21:08;p21:12;p21:03,1
3,1,6,tongue,WRONG,22,p22:11;p22:05;p22:00;p22:08;p22:03;p22:04;p22:12;p22:14,1
3,1,6,tongue,WRONG,29,,1
3,1,6,tongue,POP,,p20:04;p26:15;p16:04;p23:14;p26:13;p18:13;p23:10;p23:13,1
3,1,6,tongue,MATCH,1,p01:01;p01:10;p01:15;p01:07;p01:00;p01:09;p01:03;p01:05,1
3,1,6,swallowing,WRONG,21,p21:14;p21:10;p21:05;p21:06;p21:04;p21:12;p21:08;p21:03,1
3,1,6,swallowing,WRONG,22,p22:05;p22:11;p22:03;p22:04;p22:08;p22:00;p22:12;p22:14,1
3,1,6,swallowing,WRONG,29,,1
3,1,6,swallowing,POP,,p20:04;p26:04;p20:12;p26:15;p26:13;p18:13;p23:13;p23:10,1
3,1,6,swallowing,MATCH,1,p01:13;p01:10;p01:07;p01:09;p01:15;p01:00;p01:03;p01:05,1
3,1,6,facial_emg,WRONG,21,p21:14;p21:10;p21:06;p21:05;p21:04;p21:12;p21:08;p21:03,1
3,1,6,facial_emg,WRONG,22,p22:05;p22:11;p22:08;p22:03;p22:04;p22:00;p22:12;p22:14,1
3,1,6,facial_emg,WRONG,29,,1
3,1,6,facial_emg,POP,,p20:12;p26:15;p16:04;p20:04;p26:13;p18:13;p23:13;p23:10,1
3,1,6,facial_emg,MATCH,1,p01:01;p01:10;p01:07;p01:09;p01:15;p01:00;p01:03;p01:05,1
3,1,7,head_motion,WRONG,21,p21:09;p21:02;p21:12;p21:01;p21:05;p21:03;p21:11;p21:00,1
3,1,7,head_motion,WRONG,22,p22:01;p22:08;p22:11;p22:13;p22:03;p22:06;p22:15;p22:10,1
3,1,7,head_motion,WRONG,29,,1
3,1,7,head_motion,POP,,p18:12;p13:11;p06:00;p23:11;p18:07;p23:00;p16:03;p23:03,1
3,1,7,head_motion,MATCH,1,p01:03;p01:01;p01:14;p01:06;p01:05;p01:13;p01:02;p01:07,1
3,1,7,chewing,WRONG,21,p21:03;p21:02;p21:01;p21:09;p21:14;p21:00;p21:13;p21:11,1
3,1,7,chewing,WRONG,22,p22:08;p22:02;p22:11;p22:05;p22:13;p22:06;p22:10;p22:15,1
3,1,7,chewing,WRONG,29,,1
3,1,7,chewing,POP,,p23:05;p06:04;p20:11;p13:11;p06:00;p23:00;p23:11;p23:03,1
3,1,7,chewing,MATCH,1,p01:03;p01:13;p01:07;p01:14;p01:05;p01:02;p01:01;p01:11,1
3,1,7,tongue,WRONG,21,p21:13;p21:06;p21:09;p21:01;p21:03;p21:00;p21:11;p21:02,1
3,1,7,tongue,WRONG,22,p22:03;p22:05;p22:11;p22:13;p22:08;p22:06;p22:10;p22:15,1
3,1,7,tongue,WRONG,29,,1
3,1,7,tongue,POP,,p06:00;p23:11;p13:11;p08:09;p16:03;p23:00;p20:11;p23:03,1
3,1,7,tongue,MATCH,1,p01:15;p01:05;p01:06;p01:13;p01:01;p01:14;p01:02;p01:07,1
3,1,7,swallowing,WRONG,21,p21:01;p21:09;p21:13;p21:06;p21:03;p21:00;p21:11;p21:02,1
3,1,7,swallowing,WRONG,22,p22:07;p22:08;p22:11;p22:05;p22:13;p22:10;p22:06;p22:15,1
3,1,7,swallowing,WRONG,29,,1
3,1,7,swallowing,POP,,p06:04;p16:03;p20:11;p23:11;p06:00;p13:14;p23:00;p23:03,1
3,1,7,swallowing,MATCH,1,p01:03;p01:02;p01:07;p01:13;p01:11;p01:01;p01:05;p01:14,1
3,1,7,facial_emg,WRONG,21,p21:13;p21:09;p21:01;p21:06;p21:03;p21:00;p21:11;p21:02,1
3,1,7,facial_emg,WRONG,22,p22:07;p22:02;p22:05;p22:11;p22:13;p22:10;p22:06;p22:15,1
3,1,7,facial_emg,WRONG,29,,1
3,1,7,facial_emg,POP,,p13:11;p20:11;p06:04;p23:00;p06:00;p16:03;p23:11;p23:03,1
3,1,7,facial_emg,MATCH,1,p01:03;p01:02;p01:07;p01:01;p01:13;p01:11;p01:05;p01:14,1
3,1,8,head_motion,WRONG,21,p21:00;p21:14;p21:12;p21:09;p21:05;p21:06;p21:08;p21:02,1
3,1,8,head_motion,WRONG,22,p22:15;p22:03;p22:02;p22:09;p22:14;p22:12;p22:07;p22:11,1
3,1,8,head_motion,WRONG,29,p29:03;p29:08;p29:10;p29:01;p29:00;p29:06;p29:05;p29:13,1
3,1,8,head_motion,POP,,p18:05;p23:08;p23:00;p30:15;p27:14;p26:09;p30:06;p14:07,1
3,1,8,head_motion,MATCH,1,p01:12;p01:04;p01:10;p01:14;p01:03;p01:02;p01:11;p01:13,1
3,1,8,chewing,WRONG,21,p21:00;p21:14;p21:12;p21:09;p21:05;p21:06;p21:08;p21:02,1
3,1,8,chewing,WRONG,22,p22:15;p22:03;p22:02;p22:09;p22:14;p22:12;p22:07;p22:11,1
3,1,8,chewing,WRONG,29,p29:06;p29:08;p29:10;p29:11;p29:01;p29:00;p29:05;p29:13,1
3,1,8,chewing,POP,,p26:06;p23:00;p27:11;p27:14;p30:15;p30:06;p14:07;p26:09,1
3,1,8,chewing,MATCH,1,p01:12;p01:04;p01:10;p01:14;p01:02;p01:03;p01:11;p01:13,1
3,1,8,tongue,WRONG,21,p21:00;p21:14;p21:09;p21:12;p21:08;p21:05;p21:06;p21:02,1
3,1,8,tongue,WRONG,22,p22:10;p22:15;p22:02;p22:12;p22:14;p22:09;p22:11;p22:07,1
3,1,8,tongue,WRONG,29,p29:01;p29:03;p29:11;p29:06;p29:05;p29:08;p29:00;p29:13,1
3,1,8,tongue,POP,,p27:11;p30:15;p23:08;p23:09;p14:07;p26:09;p27:14;p30:06,1
3,1,8,tongue,MATCH,1,p01:12;p01:04;p01:10;p01:03;p01:14;p01:02;p01:13;p01:11,1
3,1,8,swallowing,WRONG,21,p21:00;p21:14;p21:12;p21:09;p21:05;p21:06;p21:08;p21:02,1
3,1,8,swallowing,WRONG,22,p22:15;p22:03;p22:02;p22:09;p22:14;p22:12;p22:07;p22:11,1
3,1,8,swallowing,WRONG,29,p29:15;p29:08;p29:03;p29:01;p29:00;p29:05;p29:06;p29:13,1
3,1,8,swallowing,POP,,p23:00;p02:06;p23:08;p30:15;p26:09;p14:07;p27:14;p30:06,1
3,1,8,swallowing,MATCH,1,p01:08;p01:04;p01:14;p01:10;p01:03;p01:02;p01:11;p01:13,1
3,1,8,facial_emg,WRONG,21,p21:00;p21:14;p21:12;p21:09;p21:05;p21:06;p21:08;p21:02,1
3,1,8,facial_emg,WRONG,22,p22:15;p22:03;p22:02;p22:09;p22:14;p22:12;p22:07;p22:11,1
3,1,8,facial_emg,WRONG,29,p29:04;p29:03;p29:08;p29:01;p29:00;p29:06;p29:05;p29:13,1
3,1,8,facial_emg,POP,,p23:09;p23:00;p23:08;p30:15;p27:14;p30:06;p26:09;p14:07,1
3,1,8,facial_emg,MATCH,1,p01:08;p01:04;p01:10;p01:03;p01:14;p01:11;p01:02;p01:13,1
3,1,9,head_motion,WRONG,21,p21:04;p21:13;p21:01;p21:11;p21:00;p21:14;p21:06;p21:05,1
3,1,9,head_motion,WRONG,22,p22:11;p22:14;p22:06;p22:02;p22:07;p22:00;p22:12;p22:10,1
3,1,9,head_motion,WRONG,29,p29:08;p29:12;p29:04;p29:00;p29:01;p29:02;p29:13;p29:15,1
3,1,9,head_motion,POP,,p14:09;p13:02;p27:01;p30:12;p27:09;p08:10;p05:08;p08:02,1
3,1,9,head_motion,MATCH,1,p01:01;p01:06;p01:10;p01:02;p01:14;p01:15;p01:11;p01:12,1
3,1,9,chewing,WRONG,21,p21:07;p21:01;p21:13;p21:09;p21:12;p21:06;p21:05;p21:14,1
3,1,9,chewing,WRONG,22,p22:04;p22:09;p22:11;p22:10;p22:07;p22:02;p22:12;p22:00,1
3,1,9,chewing,WRONG,29,p29:08;p29:01;p29:14;p29:00;p29:04;p29:02;p29:15;p29:13,1
3,1,9,chewing,POP,,p08:02;p30:07;p08:01;p14:09;p27:01;p08:10;p27:09;p05:08,1
3,1,9,chewing,MATCH,1,p01:06;p01:11;p01:05;p01:00;p01:03;p01:15;p01:02;p01:12,1
3,1,9,tongue,WRONG,21,p21:03;p21:09;p21:01;p21:00;p21:11;p21:06;p21:14;p21:05,1
3,1,9,tongue,WRONG,22,p22:14;p22:11;p22:09;p22:07;p22:02;p22:00;p22:12;p22:10,1
3,1,9,tongue,WRONG,29,p29:11;p29:12;p29:01;p29:02;p29:04;p29:00;p29:15;p29:13,1
3,1,9,tongue,POP,,p30:13;p14:09;p30:12;p27:01;p27:09;p05:08;p08:02;p08:10,1
3,1,9,tongue,MATCH,1,p01:05;p01:01;p01:10;p01:06;p01:11;p01:02;p01:15;p01:12,1
3,1,9,swallowing,WRONG,21,p21:01;p21:13;p21:11;p21:09;p21:12;p21:06;p21:05;p21:14,1
3,1,9,swallowing,WRONG,22,p22:05;p22:07;p22:09;p22:10;p22:02;p22:11;p22:12;p22:00,1
3,1,9,swallowing,WRONG,29,p29:12;p29:11;p29:04;p29:14;p29:00;p29:02;p29:15;p29:13,1
3,1,9,swallowing,POP,,p30:13;p30:07;p08:02;p14:09;p13:02;p27:09;p08:10;p05:08,1
3,1,9,swallowing,MATCH,1,p01:10;p01:00;p01:05;p01:11;p01:02;p01:03;p01:15;p01:12,1
3,1,9,facial_emg,WRONG,21,p21:13;p21:09;p21:11;p21:12;p21:01;p21:06;p21:05;p21:14,1
3,1,9,facial_emg,WRONG,22,p22:14;p22:09;p22:07;p22:11;p22:02;p22:10;p22:12;p22:00,1
3,1,9,facial_emg,WRONG,29,p29:11;p29:12;p29:00;p29:14;p29:01;p29:02;p29:15;p29:13,1
3,1,9,facial_emg,POP,,p13:02;p06:05;p14:09;p30:12;p08:02;p27:09;p05:08;p08:10,1
3,1,9,facial_emg,MATCH,1,p01:06;p01:00;p01:03;p01:05;p01:02;p01:11;p01:15;p01:12,1
3,1,10,head_motion,WRONG,21,p21:13;p21:05;p21:11;p21:10;p21:15;p21:07;p21:04;p21:01,1
3,1,10,head_motion,WRONG,22,p22:05;p22:12;p22:10;p22:08;p22:13;p22:11;p22:03;p22:06,1
3,1,10,head_motion,WRONG,29,p29:11;p29:13;p29:14;p29:10;p29:07;p29:01;p29:04;p29:15,1
3,1,10,head_motion,POP,,p14:08;p27:09;p08:05;p05:00;p14:03;p08:15;p13:03;p30:09,1
3,1,10,head_motion,MATCH,1,p01:09;p01:03;p01:01;p01:07;p01:10;p01:00;p01:14;p01:06,1
3,1,10,chewing,WRONG,21,p21:05;p21:11;p21:07;p21:15;p21:10;p21:13;p21:04;p21:01,1
3,1,10,chewing,WRONG,22,p22:15;p22:05;p22:02;p22:06;p22:13;p22:08;p22:11;p22:03,1
3,1,10,chewing,WRONG,29,p29:12;p29:11;p29:14;p29:13;p29:15;p29:07;p29:01;p29:04,1
3,1,10,chewing,POP,,p05:09;p27:09;p08:05;p14:03;p18:10;p08:15;p13:03;p30:09,1
3,1,10,chewing,MATCH,1,p01:09;p01:01;p01:03;p01:00;p01:07;p01:10;p01:14;p01:06,1
3,1,10,tongue,WRONG,21,p21:11;p21:15;p21:13;p21:08;p21:07;p21:10;p21:01;p21:04,1
3,1,10,tongue,WRONG,22,p22:15;p22:08;p22:10;p22:05;p22:13;p22:11;p22:06;p22:03,1
3,1,10,tongue,WRONG,29,p29:11;p29:12;p29:10;p29:14;p29:07;p29:01;p29:15;p29:04,1
3,1,10,tongue,POP,,p08:15;p08:12;p14:12;p18:12;p13:03;p14:03;p05:00;p30:09,1
3,1,10,tongue,MATCH,1,p01:11;p01:01;p01:09;p01:10;p01:14;p01:00;p01:07;p01:06,1
3,1,10,swallowing,WRONG,21,p21:14;p21:13;p21:11;p21:15;p21:10;p21:07;p21:04;p21:01,1
3,1,10,swallowing,WRONG,22,p22:15;p22:10;p22:09;p22:11;p22:13;p22:06;p22:08;p22:03,1
3,1,10,swallowing,WRONG,29,p29:09;p29:11;p29:14;p29:10;p29:01;p29:15;p29:07;p29:04,1
3,1,10,swallowing,POP,,p16:03;p08:15;p18:00;p02:12;p14:03;p05:00;p30:09;p13:03,1
3,1,10,swallowing,MATCH,1,p01:09;p01:01;p01:03;p01:07;p01:10;p01:14;p01:00;p01:06,1
3,1,10,facial_emg,WRONG,21,p21:14;p21:11;p21:13;p21:15;p21:10;p21:07;p21:04;p21:01,1
3,1,10,facial_emg,WRONG,22,p22:15;p22:09;p22:10;p22:11;p22:06;p22:13;p22:08;p22:03,1
3,1,10,facial_emg,WRONG,29,p29:13;p29:09;p29:10;p29:14;p29:01;p29:07;p29:15;p29:04,1
3,1,10,facial_emg,POP,,p16:03;p02:12;p18:00;p08:05;p14:03;p05:00;p30:09;p13:03,1
3,1,10,facial_emg,MATCH,1,p01:09;p01:01;p01:03;p01:10;p01:07;p01:00;p01:14;p01:06,1
3,1,11,head_motion,WRONG,21,p21:12;p21:10;p21:11;p21:15;p21:07;p21:05;p21:01;p21:06,1
3,1,11,head_motion,WRONG,22,p22:11;p22:02;p22:06;p22:04;p22:00;p22:03;p22:10;p22:13,1
3,1,11,head_motion,WRONG,29,p29:00;p29:05;p29:10;p29:02;p29:08;p29:09;p29:11;p29:15,1
3,1,11,head_motion,POP,,p26:11;p27:10;p13:09;p23:06;p08:02;p18:08;p08:10;p26:14,1
3,1,11,head_motion,MATCH,1,p01:15;p01:13;p01:11;p01:01;p01:06;p01:07;p01:00;p01:04,1
3,1,11,chewing,WRONG,21,p21:11;p21:06;p21:03;p21:10;p21:04;p21:09;p21:01;p21:05,1
3,1,11,chewing,WRONG,22,p22:07;p22:03;p22:10;p22:09;p22:01;p22:00;p22:13;p22:04,1
3,1,11,chewing,WRONG,29,p29:06;p29:07;p29:00;p29:10;p29:11;p29:15;p29:09;p29:05,1
3,1,11,chewing,POP,,p05:10;p13:12;p08:02;p26:14;p23:11;p16:02;p13:09;p27:03,1
3,1,11,chewing,MATCH,1,p01:11;p01:14;p01:10;p01:00;p01:01;p01:03;p01:06;p01:04,1
3,1,11,tongue,WRONG,21,p21:08;p21:09;p21:06;p21:11;p21:10;p21:07;p21:05;p21:04,1
3,1,11,tongue,WRONG,22,p22:11;p22:02;p22:13;p22:06;p22:10;p22:03;p22:00;p22:04,1
3,1,11,tongue,WRONG,29,p29:03;p29:00;p29:10;p29:02;p29:09;p29:11;p29:05;p29:15,1
3,1,11,tongue,POP,,p23:11;p18:08;p08:02;p13:00;p14:03;p13:09;p13:12;p26:14,1
3,1,11,tongue,MATCH,1,p01:10;p01:11;p01:01;p01:07;p01:03;p01:06;p01:00;p01:04,1
3,1,11,swallowing,WRONG,21,p21:01;p21:03;p21:13;p21:11;p21:10;p21:04;p21:05;p21:09,1
3,1,11,swallowing,WRONG,22,p22:12;p22:10;p22:08;p22:01;p22:14;p22:13;p22:04;p22:00,1
3,1,11,swallowing,WRONG,29,p29:06;p29:03;p29:10;p29:11;p29:15;p29:02;p29:09;p29:05,1
3,1,11,swallowing,POP,,p05:10;p27:10;p08:05;p23:11;p18:04;p27:03;p08:02;p13:09,1
3,1,11,swallowing,MATCH,1,p01:00;p01:01;p01:07;p01:11;p01:10;p01:03;p01:06;p01:04,1
3,1,11,facial_emg,WRONG,21,p21:01;p21:03;p21:13;p21:10;p21:11;p21:04;p21:09;p21:05,1
3,1,11,facial_emg,WRONG,22,p22:09;p22:08;p22:10;p22:14;p22:01;p22:13;p22:00;p22:04,1
3,1,11,facial_emg,WRONG,29,p29:06;p29:03;p29:10;p29:15;p29:11;p29:09;p29:02;p29:05,1
3,1,11,facial_emg,POP,,p14:03;p18:08;p05:10;p27:03;p23:11;p08:02;p13:12;p13:09,1
3,1,11,facial_emg,MATCH,1,p01:14;p01:10;p01:11;p01:00;p01:01;p01:03;p01:06;p01:04,1
3,1,12,head_motion,WRONG,21,p21:05;p21:13;p21:11;p21:06;p21:12;p21:03;p21:09;p21:07,1
3,1,12,head_motion,WRONG,22,p22:08;p22:15;p22:01;p22:14;p22:09;p22:12;p22:04;p22:03,1
3,1,12,head_motion,WRONG,29,,1
3,1,12,head_motion,POP,,p23:07;p06:05;p18:03;p26:15;p20:04;p08:06;p23:02;p20:15,1
3,1,12,head_motion,MATCH,1,p01:05;p01:15;p01:06;p01:14;p01:07;p01:08;p01:09;p01:04,1
3,1,12,chewing,WRONG,21,p21:03;p21:04;p21:07;p21:13;p21:06;p21:11;p21:05;p21:09,1
3,1,12,chewing,WRONG,22,p22:05;p22:15;p22:09;p22:03;p22:00;p22:14;p22:04;p22:12,1
3,1,12,chewing,WRONG,29,,1
3,1,12,chewing,POP,,p26:15;p06:08;p08:14;p26:01;p06:05;p08:06;p23:02;p20:15,1
3,1,12,chewing,MATCH,1,p01:05;p01:14;p01:08;p01:13;p01:00;p01:09;p01:15;p01:04,1
3,1,12,tongue,WRONG,21,p21:11;p21:06;p21:05;p21:13;p21:12;p21:07;p21:03;p21:09,1
3,1,12,tongue,WRONG,22,p22:10;p22:01;p22:15;p22:14;p22:09;p22:03;p22:12;p22:04,1
3,1,12,tongue,WRONG,29,,1
3,1,12,tongue,POP,,p26:03;p26:01;p06:05;p06:08;p26:15;p08:06;p23:02;p20:15,1
3,1,12,tongue,MATCH,1,p01:15;p01:07;p01:09;p01:14;p01:13;p01:08;p01:05;p01:04,1
3,1,12,swallowing,WRONG,21,p21:06;p21:13;p21:11;p21:05;p21:12;p21:03;p21:07;p21:09,1
3,1,12,swallowing,WRONG,22,p22:10;p22:01;p22:15;p22:14;p22:09;p22:03;p22:12;p22:04,1
3,1,12,swallowing,WRONG,29,,1
3,1,12,swallowing,POP,,p26:03;p26:01;p06:08;p06:05;p26:15;p08:06;p23:02;p20:15,1
3,1,12,swallowing,MATCH,1,p01:15;p01:09;p01:07;p01:14;p01:08;p01:05;p01:13;p01:04,1
3,1,12,facial_emg,WRONG,21,p21:12;p21:03;p21:13;p21:11;p21:05;p21:07;p21:06;p21:09,1
3,1,12,facial_emg,WRONG,22,p22:01;p22:15;p22:14;p22:00;p22:09;p22:03;p22:12;p22:04,1
3,1,12,facial_emg,WRONG,29,,1
3,1,12,facial_emg,POP,,p18:03;p06:08;p26:01;p06:05;p23:06;p23:02;p08:06;p20:15,1
3,1,12,facial_emg,MATCH,1,p01:10;p01:06;p01:13;p01:00;p01:08;p01:09;p01:15;p01:04,1
3,1,13,head_motion,WRONG,21,p21:02;p21:09;p21:07;p21:03;p21:15;p21:14;p21:13;p21:06,1
3,1,13,head_motion,WRONG,22,p22:05;p22:02;p22:12;p22:10;p22:07;p22:08;p22:14;p22:04,1
3,1,13,head_motion,WRONG,29,,1
3,1,13,head_motion,POP,,p08:06;p23:10;p18:05;p16:02;p18:08;p23:01;p16:08;p23:12,1
3,1,13,head_motion,MATCH,1,p01:08;p01:13;p01:01;p01:02;p01:03;p01:15;p01:05;p01:14,1
3,1,13,chewing,WRONG,21,p21:10;p21:15;p21:08;p21:06;p21:03;p21:04;p21:13;p21:05,1
3,1,13,chewing,WRONG,22,p22:10;p22:11;p22:05;p22:08;p22:03;p22:04;p22:12;p22:14,1
3,1,13,chewing,WRONG,29,,1
3,1,13,chewing,POP,,p18:08;p18:12;p26:09;p16:08;p18:05;p16:04;p23:01;p23:12,1
3,1,13,chewing,MATCH,1,p01:09;p01:00;p01:08;p01:02;p01:13;p01:05;p01:01;p01:14,1
3,1,13,tongue,WRONG,21,p21:02;p21:15;p21:07;p21:09;p21:13;p21:05;p21:06;p21:03,1
3,1,13,tongue,WRONG,22,p22:07;p22:03;p22:05;p22:10;p22:12;p22:08;p22:14;p22:04,1
3,1,13,tongue,WRONG,29,,1
3,1,13,tongue,POP,,p16:10;p02:08;p23:13;p18:08;p16:08;p18:05;p23:01;p23:12,1
3,1,13,tongue,MATCH,1,p01:09;p01:15;p01:08;p01:13;p01:02;p01:01;p01:05;p01:14,1
3,1,13,swallowing,WRONG,21,p21:00;p21:08;p21:04;p21:09;p21:03;p21:13;p21:06;p21:05,1
3,1,13,swallowing,WRONG,22,p22:00;p22:10;p22:05;p22:03;p22:08;p22:12;p22:04;p22:14,1
3,1,13,swallowing,WRONG,29,,1
3,1,13,swallowing,POP,,p16:04;p02:08;p23:13;p18:12;p23:01;p16:08;p18:05;p23:12,1
3,1,13,swallowing,MATCH,1,p01:09;p01:08;p01:00;p01:01;p01:02;p01:05;p01:13;p01:14,1
3,1,13,facial_emg,WRONG,21,p21:15;p21:07;p21:04;p21:09;p21:13;p21:06;p21:05;p21:03,1
3,1,13,facial_emg,WRONG,22,p22:09;p22:10;p22:05;p22:03;p22:12;p22:08;p22:04;p22:14,1
3,1,13,facial_emg,WRONG,29,,1
3,1,13,facial_emg,POP,,p02:08;p23:13;p18:12;p18:08;p16:08;p18:05;p23:01;p23:12,1
3,1,13,facial_emg,MATCH,1,p01:09;p01:15;p01:08;p01:02;p01:01;p01:13;p01:05;p01:14,1
3,1,14,head_motion,WRONG,21,p21:14;p21:10;p21:12;p21:00;p21:11;p21:05;p21:03;p21:08,1
3,1,14,head_motion,WRONG,22,p22:11;p22:10;p22:06;p22:15;p22:14;p22:12;p22:04;p22:13,1
3,1,14,head_motion,WRONG,29,,1
3,1,14,head_motion,POP,,p16:15;p18:00;p23:09;p06:11;p13:15;p23:03;p02:12;p02:03,1
3,1,14,head_motion,MATCH,1,p01:06;p01:07;p01:04;p01:09;p01:14;p01:02;p01:03;p01:13,1
3,1,14,chewing,WRONG,21,p21:12;p21:10;p21:11;p21:02;p21:00;p21:05;p21:03;p21:08,1
3,1,14,chewing,WRONG,22,p22:10;p22:06;p22:11;p22:12;p22:14;p22:15;p22:04;p22:13,1
3,1,14,chewing,WRONG,29,,1
3,1,14,chewing,POP,,p16:13;p16:12;p16:10;p02:12;p20:06;p16:14;p06:11;p02:03,1
3,1,14,chewing,MATCH,1,p01:06;p01:10;p01:09;p01:14;p01:07;p01:02;p01:03;p01:13,1
3,1,14,tongue,WRONG,21,p21:13;p21:09;p21:05;p21:14;p21:11;p21:00;p21:08;p21:03,1
3,1,14,tongue,WRONG,22,p22:10;p22:11;p22:06;p22:13;p22:15;p22:14;p22:04;p22:12,1
3,1,14,tongue,WRONG,29,,1
3,1,14,tongue,POP,,p02:14;p06:14;p16:15;p13:15;p16:12;p16:10;p02:03;p02:12,1
3,1,14,tongue,MATCH,1,p01:07;p01:12;p01:09;p01:11;p01:13;p01:14;p01:02;p01:03,1
3,1,14,swallowing,WRONG,21,p21:09;p21:14;p21:08;p21:06;p21:13;p21:11;p21:00;p21:03,1
3,1,14,swallowing,WRONG,22,p22:10;p22:06;p22:11;p22:15;p22:13;p22:12;p22:04;p22:14,1
3,1,14,swallowing,WRONG,29,,1
3,1,14,swallowing,POP,,p02:01;p06:14;p16:10;p16:12;p06:11;p13:15;p02:12;p02:03,1
3,1,14,swallowing,MATCH,1,p01:09;p01:06;p01:12;p01:07;p01:03;p01:13;p01:14;p01:02,1
3,1,14,facial_emg,WRONG,21,p21:14;p21:09;p21:06;p21:13;p21:08;p21:11;p21:00;p21:03,1
3,1,14,facial_emg,WRONG,22,p22:10;p22:06;p22:11;p22:15;p22:13;p22:12;p22:04;p22:14,1
3,1,14,facial_emg,WRONG,29,,1
3,1,14,facial_emg,POP,,p23:07;p06:11;p13:15;p16:15;p02:01;p16:10;p02:12;p02:03,1
3,1,14,facial_emg,MATCH,1,p01:06;p01:10;p01:09;p01:07;p01:02;p01:13;p01:03;p01:14,1
3,1,15,head_motion,WRONG,21,p21:14;p21:05;p21:03;p21:11;p21:07;p21:08;p21:12;p21:10,1
3,1,15,head_motion,WRONG,22,p22:10;p22:05;p22:09;p22:08;p22:03;p22:04;p22:12;p22:01,1
3,1,15,head_motion,WRONG,29,,1
3,1,15,head_motion,POP,,p18:04;p18:12;p23:04;p20:14;p26:09;p23:14;p23:07;p20:13,1
3,1,15,head_motion,MATCH,1,p01:12;p01:06;p01:00;p01:09;p01:05;p01:07;p01:03;p01:01,1
3,1,15,chewing,WRONG,21,p21:03;p21:04;p21:08;p21:12;p21:07;p21:05;p21:10;p21:11,1
3,1,15,chewing,WRONG,22,p22:04;p22:09;p22:01;p22:08;p22:02;p22:05;p22:11;p22:12,1
3,1,15,chewing,WRONG,29,,1
3,1,15,chewing,POP,,p26:12;p18:02;p23:04;p02:12;p16:10;p23:14;p23:07;p20:13,1
3,1,15,chewing,MATCH,1,p01:11;p01:06;p01:10;p01:13;p01:07;p01:01;p01:03;p01:00,1
3,1,15,tongue,WRONG,21,p21:14;p21:03;p21:05;p21:07;p21:08;p21:11;p21:12;p21:10,1
3,1,15,tongue,WRONG,22,p22:02;p22:10;p22:09;p22:04;p22:05;p22:08;p22:01;p22:12,1
3,1,15,tongue,WRONG,29,,1
3,1,15,tongue,POP,,p18:04;p16:10;p23:04;p26:09;p18:12;p23:07;p23:14;p20:13,1
3,1,15,tongue,MATCH,1,p01:13;p01:00;p01:06;p01:05;p01:14;p01:07;p01:03;p01:01,1
3,1,15,swallowing,WRONG,21,p21:03;p21:12;p21:04;p21:08;p21:05;p21:07;p21:10;p21:11,1
3,1,15,swallowing,WRONG,22,p22:04;p22:09;p22:08;p22:02;p22:11;p22:05;p22:01;p22:12,1
3,1,15,swallowing,WRONG,29,,1
3,1,15,swallowing,POP,,p18:02;p26:12;p02:12;p16:10;p18:12;p23:14;p23:07;p20:13,1
3,1,15,swallowing,MATCH,1,p01:11;p01:06;p01:10;p01:13;p01:07;p01:03;p01:00;p01:01,1
3,1,15,facial_emg,WRONG,21,p21:04;p21:08;p21:05;p21:02;p21:03;p21:07;p21:10;p21:11,1
3,1,15,facial_emg,WRONG,22,p22:09;p22:02;p22:04;p22:05;p22:08;p22:11;p22:12;p22:01,1
3,1,15,facial_emg,WRONG,29,,1
3,1,15,facial_emg,POP,,p16:10;p26:12;p23:07;p23:14;p18:12;p02:12;p26:09;p20:13,1
3,1,15,facial_emg,MATCH,1,p01:09;p01:11;p01:12;p01:13;p01:03;p01:07;p01:00;p01:01,1
3,1,16,head_motion,WRONG,21,p21:03;p21:15;p21:09;p21:02;p21:10;p21:13;p21:06;p21:12,1
3,1,16,head_motion,WRONG,22,p22:09;p22:06;p22:07;p22:04;p22:13;p22:12;p22:00;p22:14,1
3,1,16,head_motion,WRONG,29,p29:07;p29:14;p29:06;p29:08;p29:10;p29:13;p29:02;p29:09,1
3,1,16,head_motion,POP,,p13:13;p08:13;p30:07;p13:10;p08:05;p30:02;p08:06;p08:04,1
3,1,16,head_motion,MATCH,1,p01:05;p01:01;p01:04;p01:13;p01:03;p01:08;p01:15;p01:12,1
3,1,16,chewing,WRONG,21,p21:12;p21:10;p21:01;p21:05;p21:00;p21:06;p21:07;p21:14,1
3,1,16,chewing,WRONG,22,p22:10;p22:04;p22:05;p22:13;p22:12;p22:14;p22:00;p22:06,1
3,1,16,chewing,WRONG,29,p29:14;p29:10;p29:07;p29:11;p29:00;p29:06;p29:02;p29:08,1
3,1,16,chewing,POP,,p08:06;p05:06;p18:09;p08:04;p08:13;p27:10;p30:02;p13:02,1
3,1,16,chewing,MATCH,1,p01:00;p01:13;p01:03;p01:12;p01:01;p01:05;p01:15;p01:08,1
3,1,16,tongue,WRONG,21,p21:03;p21:10;p21:01;p21:06;p21:14;p21:15;p21:12;p21:07,1
3,1,16,tongue,WRONG,22,p22:09;p22:13;p22:04;p22:05;p22:06;p22:12;p22:00;p22:14,1
3,1,16,tongue,WRONG,29,p29:02;p29:13;p29:00;p29:10;p29:06;p29:14;p29:08;p29:09,1
3,1,16,tongue,POP,,p05:06;p18:13;p08:05;p08:13;p13:02;p30:02;p08:06;p08:04,1
3,1,16,tongue,MATCH,1,p01:04;p01:01;p01:13;p01:12;p01:15;p01:03;p01:08;p01:05,1
3,1,16,swallowing,WRONG,21,p21:12;p21:01;p21:15;p21:10;p21:06;p21:00;p21:14;p21:07,1
3,1,16,swallowing,WRONG,22,p22:02;p22:13;p22:05;p22:12;p22:04;p22:14;p22:00;p22:06,1
3,1,16,swallowing,WRONG,29,p29:12;p29:10;p29:14;p29:02;p29:00;p29:09;p29:06;p29:08,1
3,1,16,swallowing,POP,,p08:13;p14:15;p27:10;p27:05;p13:02;p08:06;p08:04;p30:02,1
3,1,16,swallowing,MATCH,1,p01:04;p01:01;p01:13;p01:12;p01:05;p01:03;p01:15;p01:08,1
3,1,16,facial_emg,WRONG,21,p21:09;p21:08;p21:10;p21:14;p21:00;p21:12;p21:07;p21:06,1
3,1,16,facial_emg,WRONG,22,p22:03;p22:02;p22:13;p22:12;p22:00;p22:04;p22:14;p22:06,1
3,1,16,facial_emg,WRONG,29,p29:15;p29:08;p29:13;p29:02;p29:06;p29:14;p29:10;p29:09,1
3,1,16,facial_emg,POP,,p30:07;p23:06;p05:06;p08:05;p30:02;p27:05;p08:06;p08:04,1
3,1,16,facial_emg,MATCH,1,p01:07;p01:00;p01:03;p01:05;p01:08;p01:13;p01:12;p01:15,1
3,1,17,head_motion,WRONG,21,p21:07;p21:09;p21:05;p21:04;p21:01;p21:08;p21:15;p21:06,1
3,1,17,head_motion,WRONG,22,p22:00;p22:10;p22:12;p22:14;p22:08;p22:05;p22:06;p22:13,1
3,1,17,head_motion,WRONG,29,p29:10;p29:04;p29:02;p29:09;p29:07;p29:06;p29:00;p29:08,1
3,1,17,head_motion,POP,,p14:08;p27:08;p05:03;p27:05;p30:05;p18:09;p06:08;p06:02,1
3,1,17,head_motion,MATCH,1,p01:06;p01:15;p01:03;p01:02;p01:04;p01:11;p01:13;p01:08,1
3,1,17,chewing,WRONG,21,p21:08;p21:01;p21:05;p21:12;p21:09;p21:07;p21:06;p21:15,1
3,1,17,chewing,WRONG,22,p22:14;p22:10;p22:04;p22:13;p22:08;p22:05;p22:00;p22:06,1
3,1,17,chewing,WRONG,29,p29:10;p29:02;p29:09;p29:04;p29:07;p29:06;p29:00;p29:08,1
3,1,17,chewing,POP,,p23:00;p06:06;p30:05;p27:10;p23:12;p27:07;p27:05;p27:08,1
3,1,17,chewing,MATCH,1,p01:01;p01:13;p01:06;p01:02;p01:04;p01:03;p01:11;p01:08,1
3,1,17,tongue,WRONG,21,p21:03;p21:00;p21:14;p21:05;p21:15;p21:08;p21:01;p21:06,1
3,1,17,tongue,WRONG,22,p22:09;p22:10;p22:14;p22:08;p22:06;p22:05;p22:12;p22:13,1
3,1,17,tongue,WRONG,29,p29:05;p29:10;p29:11;p29:07;p29:00;p29:02;p29:06;p29:08,1
3,1,17,tongue,POP,,p05:01;p30:05;p23:10;p14:01;p05:03;p06:08;p18:09;p06:02,1
3,1,17,tongue,MATCH,1,p01:06;p01:01;p01:02;p01:04;p01:13;p01:15;p01:11;p01:08,1
3,1,17,swallowing,WRONG,21,p21:08;p21:05;p21:12;p21:01;p21:09;p21:07;p21:15;p21:06,1
3,1,17,swallowing,WRONG,22,p22:04;p22:14;p22:10;p22:00;p22:13;p22:05;p22:08;p22:06,1
3,1,17,swallowing,WRONG,29,p29:09;p29:04;p29:11;p29:02;p29:06;p29:07;p29:00;p29:08,1
3,1,17,swallowing,POP,,p23:02;p02:04;p23:12;p06:02;p30:05;p27:05;p06:08;p27:08,1
3,1,17,swallowing,MATCH,1,p01:09;p01:02;p01:06;p01:13;p01:04;p01:03;p01:11;p01:08,1
3,1,17,facial_emg,WRONG,21,p21:05;p21:08;p21:12;p21:01;p21:09;p21:07;p21:15;p21:06,1
3,1,17,facial_emg,WRONG,22,p22:04;p22:14;p22:13;p22:10;p22:00;p22:08;p22:06;p22:05,1
3,1,17,facial_emg,WRONG,29,p29:09;p29:04;p29:11;p29:07;p29:02;p29:00;p29:06;p29:08,1
3,1,17,facial_emg,POP,,p27:05;p23:12;p27:10;p23:02;p02:04;p06:08;p30:05;p27:08,1
3,1,17,facial_emg,MATCH,1,p01:09;p01:13;p01:02;p01:06;p01:04;p01:03;p01:11;p01:08,1
3,1,18,head_motion,WRONG,21,p21:06;p21:14;p21:12;p21:05;p21:09;p21:02;p21:08;p21:00,1
3,1,18,head_motion,WRONG,22,p22:09;p22:04;p22:11;p22:00;p22:07;p22:08;p22:14;p22:12,1
3,1,18,head_motion,WRONG,29,p29:09;p29:08;p29:12;p29:00;p29:07;p29:10;p29:06;p29:13,1
3,1,18,head_motion,POP,,p14:11;p30:15;p05:14;p14:14;p23:10;p14:13;p26:06;p06:01,1
3,1,18,head_motion,MATCH,1,p01:12;p01:03;p01:02;p01:05;p01:11;p01:04;p01:13;p01:09,1
3,1,18,chewing,WRONG,21,p21:06;p21:14;p21:12;p21:05;p21:09;p21:02;p21:08;p21:00,1
3,1,18,chewing,WRONG,22,p22:09;p22:04;p22:11;p22:00;p22:07;p22:08;p22:14;p22:12,1
3,1,18,chewing,WRONG,29,p29:05;p29:12;p29:08;p29:00;p29:07;p29:10;p29:06;p29:13,1
3,1,18,chewing,POP,,p14:11;p30:15;p05:14;p14:14;p14:13;p23:10;p26:06;p06:01,1
3,1,18,chewing,MATCH,1,p01:15;p01:02;p01:03;p01:05;p01:11;p01:04;p01:13;p01:09,1
3,1,18,tongue,WRONG,21,p21:11;p21:12;p21:14;p21:09;p21:08;p21:05;p21:02;p21:00,1
3,1,18,tongue,WRONG,22,p22:05;p22:00;p22:11;p22:09;p22:14;p22:07;p22:08;p22:12,1
3,1,18,tongue,WRONG,29,p29:05;p29:08;p29:12;p29:10;p29:00;p29:07;p29:06;p29:13,1
3,1,18,tongue,POP,,p14:11;p13:08;p23:10;p05:14;p14:14;p06:01;p30:15;p14:13,1
3,1,18,tongue,MATCH,1,p01:11;p01:02;p01:03;p01:15;p01:14;p01:04;p01:05;p01:09,1
3,1,18,swallowing,WRONG,21,p21:07;p21:12;p21:14;p21:05;p21:09;p21:02;p21:08;p21:00,1
3,1,18,swallowing,WRONG,22,p22:09;p22:11;p22:04;p22:07;p22:00;p22:08;p22:14;p22:12,1
3,1,18,swallowing,WRONG,29,p29:05;p29:12;p29:08;p29:10;p29:07;p29:00;p29:06;p29:13,1
3,1,18,swallowing,POP,,p14:11;p05:14;p30:15;p14:14;p14:13;p23:10;p26:06;p06:01,1
3,1,18,swallowing,MATCH,1,p01:02;p01:11;p01:03;p01:15;p01:05;p01:04;p01:09;p01:13,1
3,1,18,facial_emg,WRONG,21,p21:07;p21:12;p21:05;p21:14;p21:09;p21:02;p21:08;p21:00,1
3,1,18,facial_emg,WRONG,22,p22:11;p22:07;p22:04;p22:05;p22:00;p22:08;p22:14;p22:12,1
3,1,18,facial_emg,WRONG,29,p29:05;p29:12;p29:10;p29:08;p29:07;p29:06;p29:00;p29:13,1
3,1,18,facial_emg,POP,,p14:14;p14:07;p05:14;p30:15;p14:13;p23:10;p26:06;p06:01,1
3,1,18,facial_emg,MATCH,1,p01:11;p01:15;p01:02;p01:05;p01:04;p01:03;p01:13;p01:09,1
3,1,19,head_motion,WRONG,21,p21:08;p21:15;p21:13;p21:01;p21:12;p21:06;p21:07;p21:02,1
3,1,19,head_motion,WRONG,22,p22:13;p22:01;p22:11;p22:02;p22:06;p22:09;p22:05;p22:08,1
3,1,19,head_motion,WRONG,29,p29:15;p29:07;p29:14;p29:12;p29:11;p29:09;p29:01;p29:04,1
3,1,19,head_motion,POP,,p02:07;p13:03;p02:12;p27:04;p23:04;p14:09;p27:13;p27:15,1
3,1,19,head_motion,MATCH,1,p01:01;p01:02;p01:03;p01:00;p01:11;p01:10;p01:08;p01:07,1
3,1,19,chewing,WRONG,21,p21:11;p21:02;p21:05;p21:06;p21:14;p21:15;p21:07;p21:01,1
3,1,19,chewing,WRONG,22,p22:13;p22:02;p22:08;p22:10;p22:11;p22:05;p22:09;p22:06,1
3,1,19,chewing,WRONG,29,p29:08;p29:14;p29:11;p29:15;p29:07;p29:12;p29:01;p29:04,1
3,1,19,chewing,POP,,p26:12;p14:08;p02:12;p30:06;p13:04;p06:12;p13:08;p27:15,1
3,1,19,chewing,MATCH,1,p01:01;p01:02;p01:03;p01:11;p01:00;p01:08;p01:10;p01:07,1
3,1,19,tongue,WRONG,21,p21:05;p21:14;p21:06;p21:15;p21:12;p21:02;p21:01;p21:07,1
3,1,19,tongue,WRONG,22,p22:01;p22:11;p22:06;p22:10;p22:08;p22:05;p22:02;p22:09,1
3,1,19,tongue,WRONG,29,p29:15;p29:07;p29:14;p29:12;p29:11;p29:09;p29:01;p29:04,1
3,1,19,tongue,POP,,p13:03;p23:04;p14:08;p13:04;p14:09;p27:13;p02:12;p27:15,1
3,1,19,tongue,MATCH,1,p01:01;p01:11;p01:00;p01:02;p01:10;p01:03;p01:08;p01:07,1
3,1,19,swallowing,WRONG,21,p21:05;p21:12;p21:02;p21:14;p21:15;p21:06;p21:07;p21:01,1
3,1,19,swallowing,WRONG,22,p22:02;p22:13;p22:11;p22:10;p22:08;p22:09;p22:05;p22:06,1
3,1,19,swallowing,WRONG,29,p29:08;p29:07;p29:11;p29:15;p29:14;p29:12;p29:01;p29:04,1
3,1,19,swallowing,POP,,p08:05;p06:04;p08:08;p13:08;p14:08;p13:04;p02:12;p27:15,1
3,1,19,swallowing,MATCH,1,p01:01;p01:02;p01:03;p01:00;p01:11;p01:10;p01:08;p01:07,1
3,1,19,facial_emg,WRONG,21,p21:12;p21:02;p21:05;p21:06;p21:14;p21:15;p21:01;p21:07,1
3,1,19,facial_emg,WRONG,22,p22:13;p22:02;p22:08;p22:11;p22:10;p22:05;p22:09;p22:06,1
3,1,19,facial_emg,WRONG,29,p29:08;p29:07;p29:15;p29:14;p29:11;p29:12;p29:01;p29:04,1
3,1,19,facial_emg,POP,,p13:03;p08:08;p30:06;p14:08;p13:04;p13:08;p02:12;p27:15,1
3,1,19,facial_emg,MATCH,1,p01:01;p01:02;p01:03;p01:00;p01:11;p01:08;p01:10;p01:07,1
3,1,20,head_motion,WRONG,21,p21:06;p21:13;p21:04;p21:10;p21:02;p21:05;p21:08;p21:12,1
3,1,20,head_motion,WRONG,22,p22:10;p22:11;p22:12;p22:01;p22:04;p22:13;p22:15;p22:00,1
3,1,20,head_motion,WRONG,29,,1
3,1,20,head_motion,POP,,p08:05;p13:15;p06:09;p16:10;p16:15;p06:10;p08:01;p13:01,1
3,1,20,head_motion,MATCH,1,p01:15;p01:13;p01:05;p01:04;p01:03;p01:14;p01:10;p01:07,1
3,1,20,chewing,WRONG,21,p21:00;p21:13;p21:06;p21:10;p21:08;p21:05;p21:12;p21:02,1
3,1,20,chewing,WRONG,22,p22:01;p22:06;p22:12;p22:11;p22:13;p22:04;p22:15;p22:00,1
3,1,20,chewing,WRONG,29,,1
3,1,20,chewing,POP,,p16:15;p16:12;p18:07;p06:10;p08:01;p16:14;p13:01;p02:07,1
3,1,20,chewing,MATCH,1,p01:05;p01:15;p01:04;p01:09;p01:03;p01:14;p01:07;p01:10,1
3,1,20,tongue,WRONG,21,p21:04;p21:12;p21:15;p21:10;p21:13;p21:08;p21:06;p21:02,1
3,1,20,tongue,WRONG,22,p22:10;p22:01;p22:13;p22:04;p22:12;p22:11;p22:00;p22:15,1
3,1,20,tongue,WRONG,29,,1
3,1,20,tongue,POP,,p16:12;p18:07;p13:15;p08:12;p16:14;p06:10;p13:01;p08:01,1
3,1,20,tongue,MATCH,1,p01:13;p01:15;p01:05;p01:04;p01:10;p01:14;p01:03;p01:07,1
3,1,20,swallowing,WRONG,21,p21:05;p21:13;p21:15;p21:06;p21:10;p21:12;p21:08;p21:02,1
3,1,20,swallowing,WRONG,22,p22:12;p22:06;p22:04;p22:01;p22:11;p22:13;p22:15;p22:00,1
3,1,20,swallowing,WRONG,29,,1
3,1,20,swallowing,POP,,p20:09;p06:10;p06:09;p02:07;p13:01;p08:01;p16:14;p18:07,1
3,1,20,swallowing,MATCH,1,p01:01;p01:04;p01:05;p01:15;p01:03;p01:14;p01:07;p01:10,1
3,1,20,facial_emg,WRONG,21,p21:05;p21:13;p21:06;p21:15;p21:10;p21:02;p21:12;p21:08,1
3,1,20,facial_emg,WRONG,22,p22:06;p22:12;p22:13;p22:04;p22:11;p22:01;p22:00;p22:15,1
3,1,20,facial_emg,WRONG,29,,1
3,1,20,facial_emg,POP,,p18:07;p23:09;p13:15;p06:09;p13:01;p16:14;p08:01;p06:10,1
3,1,20,facial_emg,MATCH,1,p01:01;p01:15;p01:05;p01:04;p01:14;p01:03;p01:10;p01:07,1
3,1,21,head_motion,WRONG,21,p21:13;p21:01;p21:15;p21:09;p21:07;p21:14;p21:02;p21:06,1
3,1,21,head_motion,WRONG,22,p22:02;p22:05;p22:03;p22:04;p22:00;p22:09;p22:06;p22:01,1
3,1,21,head_motion,WRONG,29,,1
3,1,21,head_motion,POP,,p06:01;p20:14;p13:04;p06:07;p20:01;p13:08;p20:07;p18:07,1
3,1,21,head_motion,MATCH,1,p01:07;p01:06;p01:02;p01:08;p01:03;p01:04;p01:10;p01:00,1
3,1,21,chewing,WRONG,21,p21:01;p21:13;p21:02;p21:15;p21:14;p21:07;p21:06;p21:09,1
3,1,21,chewing,WRONG,22,p22:13;p22:05;p22:00;p22:04;p22:03;p22:06;p22:09;p22:01,1
3,1,21,chewing,WRONG,29,,1
3,1,21,chewing,POP,,p06:07;p16:12;p08:02;p20:14;p18:08;p23:15;p08:11;p18:07,1
3,1,21,chewing,MATCH,1,p01:02;p01:07;p01:06;p01:08;p01:03;p01:04;p01:00;p01:10,1
3,1,21,tongue,WRONG,21,p21:11;p21:14;p21:15;p21:01;p21:09;p21:02;p21:06;p21:07,1
3,1,21,tongue,WRONG,22,p22:12;p22:05;p22:08;p22:00;p22:06;p22:04;p22:03;p22:01,1
3,1,21,tongue,WRONG,29,,1
3,1,21,tongue,POP,,p20:01;p13:04;p13:08;p06:07;p20:07;p20:04;p26:15;p18:07,1
3,1,21,tongue,MATCH,1,p01:11;p01:07;p01:05;p01:00;p01:03;p01:08;p01:10;p01:04,1
3,1,21,swallowing,WRONG,21,p21:00;p21:14;p21:01;p21:15;p21:09;p21:02;p21:07;p21:06,1
3,1,21,swallowing,WRONG,22,p22:02;p22:05;p22:00;p22:04;p22:03;p22:09;p22:06;p22:01,1
3,1,21,swallowing,WRONG,29,,1
3,1,21,swallowing,POP,,p08:02;p20:14;p13:04;p20:01;p18:08;p13:08;p20:07;p18:07,1
3,1,21,swallowing,MATCH,1,p01:06;p01:05;p01:11;p01:08;p01:03;p01:10;p01:04;p01:00,1
3,1,21,facial_emg,WRONG,21,p21:09;p21:00;p21:12;p21:06;p21:08;p21:15;p21:05;p21:07,1
3,1,21,facial_emg,WRONG,22,p22:00;p22:08;p22:05;p22:09;p22:04;p22:06;p22:01;p22:03,1
3,1,21,facial_emg,WRONG,29,,1
3,1,21,facial_emg,POP,,p23:00;p26:15;p20:07;p26:01;p08:02;p26:00;p20:01;p18:07,1
3,1,21,facial_emg,MATCH,1,p01:06;p01:08;p01:12;p01:09;p01:04;p01:00;p01:03;p01:10,1
3,1,22,head_motion,WRONG,21,p21:04;p21:11;p21:10;p21:07;p21:00;p21:15;p21:05;p21:12,1
3,1,22,head_motion,WRONG,22,p22:06;p22:14;p22:03;p22:11;p22:00;p22:12;p22:04;p22:01,1
3,1,22,head_motion,WRONG,29,,1
3,1,22,head_motion,POP,,p16:06;p13:00;p06:05;p02:13;p08:07;p23:01;p13:09;p23:04,1
3,1,22,head_motion,MATCH,1,p01:11;p01:07;p01:06;p01:13;p01:12;p01:01;p01:00;p01:08,1
3,1,22,chewing,WRONG,21,p21:04;p21:13;p21:11;p21:07;p21:12;p21:00;p21:15;p21:05,1
3,1,22,chewing,WRONG,22,p22:06;p22:13;p22:00;p22:03;p22:14;p22:12;p22:04;p22:01,1
3,1,22,chewing,WRONG,29,,1
3,1,22,chewing,POP,,p26:07;p13:00;p16:06;p23:01;p20:15;p13:12;p08:07;p23:04,1
3,1,22,chewing,MATCH,1,p01:14;p01:07;p01:13;p01:06;p01:12;p01:01;p01:00;p01:08,1
3,1,22,tongue,WRONG,21,p21:09;p21:08;p21:10;p21:07;p21:15;p21:05;p21:00;p21:12,1
3,1,22,tongue,WRONG,22,p22:13;p22:00;p22:06;p22:11;p22:02;p22:04;p22:12;p22:01,1
3,1,22,tongue,WRONG,29,,1
3,1,22,tongue,POP,,p20:01;p08:07;p16:06;p06:05;p13:00;p23:04;p23:01;p13:09,1
3,1,22,tongue,MATCH,1,p01:13;p01:11;p01:14;p01:01;p01:06;p01:12;p01:08;p01:00,1
3,1,22,swallowing,WRONG,21,p21:04;p21:09;p21:10;p21:07;p21:05;p21:12;p21:00;p21:15,1
3,1,22,swallowing,WRONG,22,p22:02;p22:06;p22:11;p22:14;p22:13;p22:12;p22:04;p22:01,1
3,1,22,swallowing,WRONG,29,,1
3,1,22,swallowing,POP,,p20:15;p06:05;p13:00;p16:06;p08:07;p23:01;p23:04;p13:09,1
3,1,22,swallowing,MATCH,1,p01:09;p01:11;p01:13;p01:14;p01:01;p01:12;p01:00;p01:08,1
3,1,22,facial_emg,WRONG,21,p21:04;p21:09;p21:10;p21:07;p21:00;p21:15;p21:12;p21:05,1
3,1,22,facial_emg,WRONG,22,p22:11;p22:03;p22:14;p22:00;p22:06;p22:12;p22:04;p22:01,1
3,1,22,facial_emg,WRONG,29,,1
3,1,22,facial_emg,POP,,p02:13;p23:01;p16:06;p13:00;p20:15;p13:09;p08:07;p23:04,1
3,1,22,facial_emg,MATCH,1,p01:07;p01:11;p01:06;p01:13;p01:12;p01:01;p01:00;p01:08,1
3,1,23,head_motion,WRONG,21,p21:08;p21:04;p21:06;p21:12;p21:03;p21:10;p21:00;p21:13,1
3,1,23,head_motion,WRONG,22,p22:09;p22:10;p22:06;p22:07;p22:08;p22:11;p22:13;p22:00,1
3,1,23,head_motion,WRONG,29,,1
3,1,23,head_motion,POP,,p20:14;p20:11;p26:04;p23:03;p06:11;p23:05;p20:05;p20:10,1
3,1,23,head_motion,MATCH,1,p01:01;p01:08;p01:13;p01:11;p01:02;p01:05;p01:15;p01:04,1
3,1,23,chewing,WRONG,21,p21:10;p21:08;p21:14;p21:02;p21:03;p21:00;p21:06;p21:13,1
3,1,23,chewing,WRONG,22,p22:09;p22:07;p22:06;p22:10;p22:11;p22:08;p22:13;p22:00,1
3,1,23,chewing,WRONG,29,,1
3,1,23,chewing,POP,,p20:11;p06:11;p20:05;p26:04;p23:03;p23:05;p20:14;p20:10,1
3,1,23,chewing,MATCH,1,p01:14;p01:02;p01:11;p01:08;p01:13;p01:05;p01:15;p01:04,1
3,1,23,tongue,WRONG,21,p21:15;p21:03;p21:04;p21:06;p21:01;p21:02;p21:00;p21:13,1
3,1,23,tongue,WRONG,22,p22:05;p22:09;p22:03;p22:11;p22:08;p22:07;p22:13;p22:00,1
3,1,23,tongue,WRONG,29,,1
3,1,23,tongue,POP,,p20:09;p26:15;p23:03;p20:14;p23:05;p06:11;p20:05;p20:10,1
3,1,23,tongue,MATCH,1,p01:02;p01:13;p01:12;p01:09;p01:14;p01:06;p01:01;p01:04,1
3,1,23,swallowing,WRONG,21,p21:10;p21:01;p21:03;p21:04;p21:02;p21:06;p21:00;p21:13,1
3,1,23,swallowing,WRONG,22,p22:09;p22:10;p22:07;p22:06;p22:08;p22:11;p22:13;p22:00,1
3,1,23,swallowing,WRONG,29,,1
3,1,23,swallowing,POP,,p20:09;p26:04;p20:11;p20:05;p06:11;p23:05;p23:03;p20:10,1
3,1,23,swallowing,MATCH,1,p01:11;p01:05;p01:01;p01:08;p01:13;p01:02;p01:15;p01:04,1
3,1,23,facial_emg,WRONG,21,p21:01;p21:10;p21:04;p21:03;p21:06;p21:02;p21:00;p21:13,1
3,1,23,facial_emg,WRONG,22,p22:09;p22:10;p22:07;p22:06;p22:08;p22:11;p22:13;p22:00,1
3,1,23,facial_emg,WRONG,29,,1
3,1,23,facial_emg,POP,,p20:14;p26:04;p20:11;p20:05;p06:11;p23:05;p23:03;p20:10,1
3,1,23,facial_emg,MATCH,1,p01:11;p01:01;p01:08;p01:13;p01:05;p01:02;p01:15;p01:04,1
3,1,24,head_motion,WRONG,21,p21:00;p21:08;p21:09;p21:02;p21:14;p21:05;p21:12;p21:06,1
3,1,24,head_motion,WRONG,22,p22:05;p22:06;p22:09;p22:14;p22:11;p22:07;p22:12;p22:04,1
3,1,24,head_motion,WRONG,29,p29:10;p29:06;p29:08;p29:15;p29:14;p29:01;p29:05;p29:12,1
3,1,24,head_motion,POP,,p23:07;p13:04;p23:04;p27:13;p14:15;p30:07;p27:01;p27:00,1
3,1,24,head_motion,MATCH,1,p01:06;p01:05;p01:00;p01:11;p01:01;p01:07;p01:13;p01:02,1
3,1,24,chewing,WRONG,21,p21:00;p21:08;p21:09;p21:02;p21:14;p21:12;p21:05;p21:06,1
3,1,24,chewing,WRONG,22,p22:03;p22:14;p22:06;p22:11;p22:09;p22:07;p22:04;p22:12,1
3,1,24,chewing,WRONG,29,p29:10;p29:06;p29:08;p29:14;p29:15;p29:01;p29:12;p29:05,1
3,1,24,chewing,POP,,p06:02;p14:11;p23:07;p27:13;p30:07;p14:15;p27:01;p27:00,1
3,1,24,chewing,MATCH,1,p01:10;p01:05;p01:06;p01:11;p01:01;p01:07;p01:13;p01:02,1
3,1,24,tongue,WRONG,21,p21:01;p21:02;p21:09;p21:08;p21:12;p21:05;p21:14;p21:06,1
3,1,24,tongue,WRONG,22,p22:13;p22:12;p22:11;p22:03;p22:06;p22:04;p22:09;p22:07,1
3,1,24,tongue,WRONG,29,p29:08;p29:06;p29:15;p29:04;p29:01;p29:14;p29:05;p29:12,1
3,1,24,tongue,POP,,p30:11;p08:07;p30:07;p13:04;p27:13;p27:00;p02:06;p27:01,1
3,1,24,tongue,MATCH,1,p01:15;p01:04;p01:01;p01:05;p01:02;p01:06;p01:07;p01:13,1
3,1,24,swallowing,WRONG,21,p21:00;p21:08;p21:09;p21:02;p21:14;p21:12;p21:05;p21:06,1
3,1,24,swallowing,WRONG,22,p22:06;p22:03;p22:14;p22:09;p22:11;p22:07;p22:04;p22:12,1
3,1,24,swallowing,WRONG,29,p29:03;p29:09;p29:15;p29:06;p29:14;p29:01;p29:12;p29:05,1
3,1,24,swallowing,POP,,p13:04;p30:11;p27:13;p30:07;p14:15;p02:06;p27:01;p27:00,1
3,1,24,swallowing,MATCH,1,p01:11;p01:09;p01:06;p01:05;p01:01;p01:02;p01:07;p01:13,1
3,1,24,facial_emg,WRONG,21,p21:01;p21:08;p21:09;p21:02;p21:14;p21:05;p21:12;p21:06,1
3,1,24,facial_emg,WRONG,22,p22:14;p22:03;p22:06;p22:11;p22:09;p22:04;p22:07;p22:12,1
3,1,24,facial_emg,WRONG,29,p29:15;p29:08;p29:06;p29:04;p29:14;p29:01;p29:05;p29:12,1
3,1,24,facial_emg,POP,,p23:00;p13:04;p30:07;p27:13;p14:15;p02:06;p27:00;p27:01,1
3,1,24,facial_emg,MATCH,1,p01:10;p01:00;p01:06;p01:02;p01:01;p01:05;p01:07;p01:13,1
3,1,25,head_motion,WRONG,21,p21:03;p21:11;p21:00;p21:12;p21:01;p21:06;p21:15;p21:07,1
3,1,25,head_motion,WRONG,22,p22:15;p22:02;p22:09;p22:14;p22:13;p22:08;p22:05;p22:06,1
3,1,25,head_motion,WRONG,29,p29:04;p29:10;p29:06;p29:01;p29:07;p29:11;p29:00;p29:08,1
3,1,25,head_motion,POP,,p08:13;p18:09;p08:06;p13:12;p30:02;p27:08;p08:04;p14:08,1
3,1,25,head_motion,MATCH,1,p01:15;p01:14;p01:00;p01:04;p01:13;p01:03;p01:05;p01:08,1
3,1,25,chewing,WRONG,21,p21:14;p21:00;p21:06;p21:01;p21:11;p21:12;p21:07;p21:15,1
3,1,25,chewing,WRONG,22,p22:13;p22:15;p22:00;p22:14;p22:08;p22:02;p22:05;p22:06,1
3,1,25,chewing,WRONG,29,p29:04;p29:01;p29:10;p29:06;p29:07;p29:11;p29:00;p29:08,1
3,1,25,chewing,POP,,p26:15;p30:02;p13:12;p27:08;p18:09;p08:04;p08:06;p14:08,1
3,1,25,chewing,MATCH,1,p01:06;p01:14;p01:15;p01:04;p01:13;p01:03;p01:05;p01:08,1
3,1,25,tongue,WRONG,21,p21:02;p21:01;p21:12;p21:00;p21:14;p21:07;p21:15;p21:06,1
3,1,25,tongue,WRONG,22,p22:04;p22:13;p22:09;p22:12;p22:14;p22:05;p22:08;p22:06,1
3,1,25,tongue,WRONG,29,p29:06;p29:01;p29:12;p29:04;p29:11;p29:07;p29:10;p29:08,1
3,1,25,tongue,POP,,p23:07;p18:09;p18:13;p08:06;p08:04;p26:15;p30:05;p14:08,1
3,1,25,tongue,MATCH,1,p01:04;p01:00;p01:06;p01:11;p01:13;p01:05;p01:03;p01:08,1
3,1,25,swallowing,WRONG,21,p21:11;p21:00;p21:12;p21:14;p21:01;p21:06;p21:15;p21:07,1
3,1,25,swallowing,WRONG,22,p22:12;p22:15;p22:13;p22:02;p22:14;p22:08;p22:05;p22:06,1
3,1,25,swallowing,WRONG,29,p29:00;p29:04;p29:06;p29:10;p29:11;p29:01;p29:07;p29:08,1
3,1,25,swallowing,POP,,p18:09;p30:05;p26:15;p05:06;p08:06;p08:04;p27:08;p14:08,1
3,1,25,swallowing,MATCH,1,p01:01;p01:13;p01:04;p01:06;p01:11;p01:05;p01:03;p01:08,1
3,1,25,facial_emg,WRONG,21,p21:11;p21:00;p21:14;p21:12;p21:01;p21:06;p21:15;p21:07,1
3,1,25,facial_emg,WRONG,22,p22:15;p22:02;p22:14;p22:09;p22:13;p22:08;p22:05;p22:06,1
3,1,25,facial_emg,WRONG,29,p29:06;p29:04;p29:10;p29:00;p29:01;p29:11;p29:07;p29:08,1
3,1,25,facial_emg,POP,,p05:00;p26:15;p30:02;p27:08;p05:06;p18:09;p08:04;p14:08,1
3,1,25,facial_emg,MATCH,1,p01:01;p01:14;p01:04;p01:00;p01:13;p01:03;p01:05;p01:08,1
3,1,26,head_motion,WRONG,21,p21:10;p21:09;p21:00;p21:06;p21:12;p21:11;p21:05;p21:14,1
3,1,26,head_motion,WRONG,22,p22:09;p22:12;p22:04;p22:02;p22:06;p22:10;p22:07;p22:05,1
3,1,26,head_motion,WRONG,29,p29:04;p29:00;p29:12;p29:06;p29:05;p29:02;p29:13;p29:08,1
3,1,26,head_motion,POP,,p27:11;p23:12;p13:07;p14:11;p14:15;p08:09;p14:09;p30:07,1
3,1,26,head_motion,MATCH,1,p01:08;p01:01;p01:13;p01:03;p01:07;p01:11;p01:15;p01:12,1
3,1,26,chewing,WRONG,21,p21:10;p21:09;p21:00;p21:11;p21:12;p21:06;p21:05;p21:14,1
3,1,26,chewing,WRONG,22,p22:09;p22:12;p22:02;p22:04;p22:10;p22:06;p22:07;p22:05,1
3,1,26,chewing,WRONG,29,p29:04;p29:00;p29:12;p29:06;p29:05;p29:02;p29:13;p29:08,1
3,1,26,chewing,POP,,p27:13;p13:07;p23:12;p14:11;p08:09;p14:15;p14:09;p30:07,1
3,1,26,chewing,MATCH,1,p01:08;p01:01;p01:03;p01:13;p01:07;p01:11;p01:15;p01:12,1
3,1,26,tongue,WRONG,21,p21:02;p21:06;p21:00;p21:05;p21:09;p21:12;p21:11;p21:14,1
3,1,26,tongue,WRONG,22,p22:01;p22:07;p22:06;p22:10;p22:00;p22:05;p22:02;p22:04,1
3,1,26,tongue,WRONG,29,p29:10;p29:05;p29:15;p29:11;p29:00;p29:08;p29:13;p29:02,1
3,1,26,tongue,POP,,p06:04;p14:15;p06:11;p23:05;p14:09;p27:11;p13:07;p30:07,1
3,1,26,tongue,MATCH,1,p01:05;p01:11;p01:00;p01:07;p01:13;p01:03;p01:12;p01:15,1
3,1,26,swallowing,WRONG,21,p21:10;p21:13;p21:09;p21:11;p21:06;p21:12;p21:14;p21:05,1
3,1,26,swallowing,WRONG,22,p22:12;p22:14;p22:04;p22:06;p22:02;p22:10;p22:07;p22:05,1
3,1,26,swallowing,WRONG,29,p29:00;p29:06;p29:12;p29:11;p29:05;p29:13;p29:02;p29:08,1
3,1,26,swallowing,POP,,p08:09;p06:04;p30:00;p23:12;p13:07;p27:11;p14:09;p30:07,1
3,1,26,swallowing,MATCH,1,p01:10;p01:13;p01:08;p01:03;p01:07;p01:11;p01:15;p01:12,1
3,1,26,facial_emg,WRONG,21,p21:02;p21:13;p21:09;p21:11;p21:12;p21:06;p21:14;p21:05,1
3,1,26,facial_emg,WRONG,22,p22:12;p22:14;p22:04;p22:06;p22:02;p22:10;p22:07;p22:05,1
3,1,26,facial_emg,WRONG,29,p29:06;p29:10;p29:12;p29:11;p29:05;p29:13;p29:02;p29:08,1
3,1,26,facial_emg,POP,,p30:00;p14:15;p13:02;p13:07;p27:11;p23:12;p14:09;p30:07,1
3,1,26,facial_emg,MATCH,1,p01:08;p01:13;p01:00;p01:03;p01:07;p01:11;p01:15;p01:12,1
3,1,27,head_motion,WRONG,21,p21:11;p21:03;p21:08;p21:02;p21:12;p21:10;p21:06;p21:05,1
3,1,27,head_motion,WRONG,22,p22:03;p22:06;p22:00;p22:07;p22:10;p22:04;p22:12;p22:09,1
3,1,27,head_motion,WRONG,29,p29:09;p29:04;p29:06;p29:15;p29:02;p29:03;p29:05;p29:10,1
3,1,27,head_motion,POP,,p08:11;p14:15;p23:04;p27:12;p30:07;p30:03;p23:01;p30:00,1
3,1,27,head_motion,MATCH,1,p01:03;p01:04;p01:15;p01:06;p01:07;p01:14;p01:00;p01:11,1
3,1,27,chewing,WRONG,21,p21:09;p21:03;p21:08;p21:10;p21:02;p21:12;p21:06;p21:05,1
3,1,27,chewing,WRONG,22,p22:06;p22:14;p22:03;p22:07;p22:10;p22:04;p22:12;p22:09,1
3,1,27,chewing,WRONG,29,p29:09;p29:06;p29:14;p29:15;p29:03;p29:02;p29:05;p29:10,1
3,1,27,chewing,POP,,p13:05;p14:15;p27:03;p27:12;p30:03;p30:07;p23:01;p30:00,1
3,1,27,chewing,MATCH,1,p01:10;p01:04;p01:03;p01:06;p01:14;p01:00;p01:07;p01:11,1
3,1,27,tongue,WRONG,21,p21:08;p21:03;p21:11;p21:02;p21:12;p21:10;p21:06;p21:05,1
3,1,27,tongue,WRONG,22,p22:14;p22:03;p22:07;p22:12;p22:09;p22:00;p22:06;p22:04,1
3,1,27,tongue,WRONG,29,p29:09;p29:15;p29:06;p29:04;p29:02;p29:03;p29:10;p29:05,1
3,1,27,tongue,POP,,p08:15;p14:15;p30:07;p23:04;p30:03;p27:12;p23:01;p30:00,1
3,1,27,tongue,MATCH,1,p01:03;p01:02;p01:07;p01:06;p01:15;p01:14;p01:00;p01:11,1
3,1,27,swallowing,WRONG,21,p21:11;p21:02;p21:08;p21:12;p21:03;p21:06;p21:10;p21:05,1
3,1,27,swallowing,WRONG,22,p22:03;p22:00;p22:06;p22:07;p22:10;p22:09;p22:12;p22:04,1
3,1,27,swallowing,WRONG,29,p29:06;p29:14;p29:02;p29:09;p29:15;p29:03;p29:05;p29:10,1
3,1,27,swallowing,POP,,p27:10;p14:15;p27:03;p23:01;p27:12;p30:07;p30:03;p30:00,1
3,1,27,swallowing,MATCH,1,p01:04;p01:06;p01:03;p01:12;p01:14;p01:00;p01:07;p01:11,1
3,1,27,facial_emg,WRONG,21,p21:11;p21:12;p21:03;p21:02;p21:08;p21:06;p21:10;p21:05,1
3,1,27,facial_emg,WRONG,22,p22:00;p22:10;p22:03;p22:06;p22:07;p22:09;p22:12;p22:04,1
3,1,27,facial_emg,WRONG,29,p29:06;p29:02;p29:09;p29:14;p29:03;p29:15;p29:05;p29:10,1
3,1,27,facial_emg,POP,,p14:15;p13:10;p27:03;p27:12;p30:03;p23:01;p30:07;p30:00,1
3,1,27,facial_emg,MATCH,1,p01:04;p01:12;p01:15;p01:06;p01:14;p01:00;p01:07;p01:11,1
3,1,28,head_motion,WRONG,21,p21:12;p21:08;p21:10;p21:14;p21:07;p21:06;p21:15;p21:02,1
3,1,28,head_motion,WRONG,22,p22:08;p22:01;p22:09;p22:06;p22:14;p22:11;p22:03;p22:15,1
3,1,28,head_motion,WRONG,29,,1
3,1,28,head_motion,POP,,p06:04;p08:02;p18:07;p13:15;p23:09;p18:09;p20:04;p08:09,1
3,1,28,head_motion,MATCH,1,p01:06;p01:01;p01:05;p01:02;p01:07;p01:13;p01:14;p01:03,1
3,1,28,chewing,WRONG,21,p21:13;p21:15;p21:10;p21:14;p21:08;p21:06;p21:12;p21:02,1
3,1,28,chewing,WRONG,22,p22:05;p22:14;p22:04;p22:11;p22:06;p22:01;p22:15;p22:03,1
3,1,28,chewing,WRONG,29,,1
3,1,28,chewing,POP,,p18:07;p18:08;p26:05;p26:03;p23:09;p18:09;p08:09;p08:02,1
3,1,28,chewing,MATCH,1,p01:14;p01:10;p01:00;p01:13;p01:05;p01:07;p01:02;p01:03,1
3,1,28,tongue,WRONG,21,p21:07;p21:14;p21:08;p21:10;p21:12;p21:15;p21:02;p21:06,1
3,1,28,tongue,WRONG,22,p22:05;p22:14;p22:04;p22:06;p22:01;p22:11;p22:15;p22:03,1
3,1,28,tongue,WRONG,29,,1
3,1,28,tongue,POP,,p18:08;p16:02;p23:08;p23:09;p20:04;p08:09;p18:09;p08:02,1
3,1,28,tongue,MATCH,1,p01:10;p01:02;p01:00;p01:05;p01:13;p01:07;p01:14;p01:03,1
3,1,28,swallowing,WRONG,21,p21:07;p21:14;p21:08;p21:10;p21:06;p21:15;p21:02;p21:12,1
3,1,28,swallowing,WRONG,22,p22:04;p22:05;p22:14;p22:06;p22:11;p22:01;p22:15;p22:03,1
3,1,28,swallowing,WRONG,29,,1
3,1,28,swallowing,POP,,p26:03;p18:08;p23:08;p23:09;p08:09;p20:04;p08:02;p18:09,1
3,1,28,swallowing,MATCH,1,p01:10;p01:00;p01:14;p01:02;p01:07;p01:05;p01:13;p01:03,1
3,1,28,facial_emg,WRONG,21,p21:07;p21:14;p21:02;p21:08;p21:06;p21:10;p21:15;p21:12,1
3,1,28,facial_emg,WRONG,22,p22:05;p22:14;p22:04;p22:06;p22:15;p22:01;p22:11;p22:03,1
3,1,28,facial_emg,WRONG,29,,1
3,1,28,facial_emg,POP,,p26:03;p02:11;p18:08;p20:04;p23:09;p08:09;p18:09;p08:02,1
3,1,28,facial_emg,MATCH,1,p01:10;p01:02;p01:14;p01:07;p01:00;p01:13;p01:05;p01:03,1
3,1,29,head_motion,WRONG,21,p21:04;p21:05;p21:03;p21:09;p21:06;p21:08;p21:10;p21:12,1
3,1,29,head_motion,WRONG,22,p22:03;p22:14;p22:04;p22:15;p22:13;p22:07;p22:08;p22:06,1
3,1,29,head_motion,WRONG,29,,1
3,1,29,head_motion,POP,,p02:00;p06:13;p20:11;p16:01;p20:04;p08:12;p20:15;p06:14,1
3,1,29,head_motion,MATCH,1,p01:09;p01:08;p01:06;p01:15;p01:14;p01:12;p01:11;p01:01,1
3,1,29,chewing,WRONG,21,p21:08;p21:14;p21:09;p21:02;p21:06;p21:10;p21:01;p21:12,1
3,1,29,chewing,WRONG,22,p22:03;p22:11;p22:08;p22:04;p22:14;p22:07;p22:15;p22:06,1
3,1,29,chewing,WRONG,29,,1
3,1,29,chewing,POP,,p08:08;p06:14;p02:13;p20:09;p08:12;p26:08;p20:15;p23:09,1
3,1,29,chewing,MATCH,1,p01:04;p01:06;p01:11;p01:09;p01:15;p01:01;p01:13;p01:12,1
3,1,29,tongue,WRONG,21,p21:03;p21:06;p21:14;p21:01;p21:08;p21:09;p21:12;p21:10,1
3,1,29,tongue,WRONG,22,p22:07;p22:13;p22:03;p22:08;p22:04;p22:14;p22:15;p22:06,1
3,1,29,tongue,WRONG,29,,1
3,1,29,tongue,POP,,p06:00;p20:09;p26:08;p20:15;p23:09;p08:12;p23:03;p23:11,1
3,1,29,tongue,MATCH,1,p01:14;p01:15;p01:08;p01:09;p01:01;p01:13;p01:11;p01:12,1
3,1,29,swallowing,WRONG,21,p21:06;p21:03;p21:01;p21:09;p21:08;p21:14;p21:10;p21:12,1
3,1,29,swallowing,WRONG,22,p22:03;p22:13;p22:04;p22:08;p22:14;p22:07;p22:06;p22:15,1
3,1,29,swallowing,WRONG,29,,1
3,1,29,swallowing,POP,,p26:03;p08:08;p06:14;p18:09;p23:03;p20:15;p08:12;p23:09,1
3,1,29,swallowing,MATCH,1,p01:14;p01:04;p01:15;p01:11;p01:06;p01:01;p01:13;p01:12,1
3,1,29,facial_emg,WRONG,21,p21:03;p21:06;p21:14;p21:01;p21:09;p21:08;p21:10;p21:12,1
3,1,29,facial_emg,WRONG,22,p22:03;p22:13;p22:08;p22:14;p22:07;p22:04;p22:15;p22:06,1
3,1,29,facial_emg,WRONG,29,,1
3,1,29,facial_emg,POP,,p20:03;p06:00;p20:15;p06:14;p08:00;p23:09;p26:08;p08:12,1
3,1,29,facial_emg,MATCH,1,p01:09;p01:14;p01:15;p01:01;p01:13;p01:08;p01:11;p01:12,1
3,1,30,head_motion,WRONG,21,p21:09;p21:08;p21:00;p21:04;p21:13;p21:01;p21:06;p21:02,1
3,1,30,head_motion,WRONG,22,p22:07;p22:12;p22:11;p22:00;p22:15;p22:13;p22:14;p22:06,1
3,1,30,head_motion,WRONG,29,,1
3,1,30,head_motion,POP,,p02:04;p16:08;p16:12;p26:15;p06:14;p23:09;p20:09;p26:05,1
3,1,30,head_motion,MATCH,1,p01:10;p01:09;p01:15;p01:14;p01:08;p01:05;p01:04;p01:13,1
3,1,30,chewing,WRONG,21,p21:05;p21:00;p21:06;p21:13;p21:08;p21:01;p21:04;p21:02,1
3,1,30,chewing,WRONG,22,p22:12;p22:10;p22:11;p22:00;p22:14;p22:13;p22:15;p22:06,1
3,1,30,chewing,WRONG,29,,1
3,1,30,chewing,POP,,p20:09;p20:12;p16:08;p26:15;p16:12;p23:09;p02:06;p26:05,1
3,1,30,chewing,MATCH,1,p01:10;p01:12;p01:09;p01:14;p01:04;p01:05;p01:13;p01:15,1
3,1,30,tongue,WRONG,21,p21:05;p21:08;p21:04;p21:00;p21:13;p21:06;p21:01;p21:02,1
3,1,30,tongue,WRONG,22,p22:04;p22:09;p22:11;p22:00;p22:15;p22:13;p22:14;p22:06,1
3,1,30,tongue,WRONG,29,,1
3,1,30,tongue,POP,,p06:14;p16:12;p16:08;p02:04;p26:15;p20:09;p23:09;p26:05,1
3,1,30,tongue,MATCH,1,p01:12;p01:14;p01:15;p01:08;p01:05;p01:09;p01:04;p01:13,1
3,1,30,swallowing,WRONG,21,p21:05;p21:08;p21:06;p21:00;p21:13;p21:04;p21:01;p21:02,1
3,1,30,swallowing,WRONG,22,p22:10;p22:12;p22:11;p22:00;p22:15;p22:13;p22:14;p22:06,1
3,1,30,swallowing,WRONG,29,,1
3,1,30,swallowing,POP,,p02:06;p16:12;p16:08;p20:09;p20:12;p26:15;p23:09;p26:05,1
3,1,30,swallowing,MATCH,1,p01:12;p01:14;p01:08;p01:05;p01:09;p01:04;p01:15;p01:13,1
3,1,30,facial_emg,WRONG,21,p21:03;p21:08;p21:00;p21:04;p21:06;p21:13;p21:01;p21:02,1
3,1,30,facial_emg,WRONG,22,p22:11;p22:09;p22:10;p22:00;p22:13;p22:14;p22:15;p22:06,1
3,1,30,facial_emg,WRONG,29,,1
3,1,30,facial_emg,POP,,p20:12;p16:08;p02:04;p06:14;p26:15;p16:12;p23:09;p26:05,1
3,1,30,facial_emg,MATCH,1,p01:10;p01:08;p01:14;p01:05;p01:09;p01:04;p01:13;p01:15,1
3,1,31,head_motion,WRONG,21,p21:13;p21:14;p21:03;p21:06;p21:15;p21:12;p21:08;p21:10,1
3,1,31,head_motion,WRONG,22,p22:08;p22:06;p22:07;p22:03;p22:11;p22:05;p22:04;p22:14,1
3,1,31,head_motion,WRONG,29,,1
3,1,31,head_motion,POP,,p08:06;p06:04;p26:08;p13:03;p02:14;p23:13;p13:09;p08:00,1
3,1,31,head_motion,MATCH,1,p01:10;p01:13;p01:06;p01:15;p01:12;p01:05;p01:08;p01:03,1
3,1,31,chewing,WRONG,21,p21:04;p21:14;p21:03;p21:02;p21:12;p21:06;p21:10;p21:08,1
3,1,31,chewing,WRONG,22,p22:12;p22:03;p22:15;p22:04;p22:05;p22:06;p22:14;p22:07,1
3,1,31,chewing,WRONG,29,,1
3,1,31,chewing,POP,,p26:08;p26:03;p06:13;p08:06;p08:04;p08:15;p08:00;p02:14,1
3,1,31,chewing,MATCH,1,p01:05;p01:06;p01:03;p01:08;p01:15;p01:04;p01:13;p01:12,1
3,1,31,tongue,WRONG,21,p21:13;p21:14;p21:06;p21:15;p21:03;p21:12;p21:08;p21:10,1
3,1,31,tongue,WRONG,22,p22:12;p22:06;p22:05;p22:07;p22:04;p22:11;p22:03;p22:14,1
3,1,31,tongue,WRONG,29,,1
3,1,31,tongue,POP,,p26:03;p18:13;p02:14;p26:08;p13:03;p23:13;p13:09;p08:00,1
3,1,31,tongue,MATCH,1,p01:09;p01:15;p01:13;p01:05;p01:06;p01:08;p01:03;p01:12,1
3,1,31,swallowing,WRONG,21,p21:15;p21:14;p21:12;p21:02;p21:10;p21:03;p21:08;p21:06,1
3,1,31,swallowing,WRONG,22,p22:03;p22:12;p22:04;p22:06;p22:15;p22:05;p22:07;p22:14,1
3,1,31,swallowing,WRONG,29,,1
3,1,31,swallowing,POP,,p13:12;p06:13;p18:13;p26:03;p08:06;p08:15;p02:14;p08:00,1
3,1,31,swallowing,MATCH,1,p01:05;p01:04;p01:03;p01:06;p01:15;p01:08;p01:13;p01:12,1
3,1,31,facial_emg,WRONG,21,p21:15;p21:02;p21:14;p21:12;p21:03;p21:10;p21:08;p21:06,1
3,1,31,facial_emg,WRONG,22,p22:12;p22:03;p22:04;p22:15;p22:05;p22:06;p22:14;p22:07,1
3,1,31,facial_emg,WRONG,29,,1
3,1,31,facial_emg,POP,,p13:12;p06:13;p18:13;p26:03;p08:06;p08:00;p08:15;p02:14,1
3,1,31,facial_emg,MATCH,1,p01:05;p01:04;p01:03;p01:06;p01:15;p01:08;p01:13;p01:12,1
3,1,32,head_motion,WRONG,21,p21:08;p21:00;p21:09;p21:10;p21:12;p21:05;p21:03;p21:14,1
3,1,32,head_motion,WRONG,22,p22:02;p22:03;p22:07;p22:12;p22:10;p22:04;p22:11;p22:00,1
3,1,32,head_motion,WRONG,29,p29:02;p29:10;p29:12;p29:03;p29:15;p29:01;p29:04;p29:05,1
3,1,32,head_motion,POP,,p08:12;p14:02;p18:12;p23:13;p27:06;p08:07;p30:04;p27:12,1
3,1,32,head_motion,MATCH,1,p01:04;p01:15;p01:11;p01:06;p01:08;p01:10;p01:02;p01:01,1
3,1,32,chewing,WRONG,21,p21:08;p21:02;p21:01;p21:03;p21:12;p21:06;p21:14;p21:05,1
3,1,32,chewing,WRONG,22,p22:00;p22:11;p22:14;p22:10;p22:06;p22:07;p22:04;p22:12,1
3,1,32,chewing,WRONG,29,p29:10;p29:01;p29:08;p29:12;p29:02;p29:15;p29:14;p29:05,1
3,1,32,chewing,POP,,p14:02;p30:10;p27:01;p30:04;p18:09;p27:12;p14:15;p14:11,1
3,1,32,chewing,MATCH,1,p01:07;p01:04;p01:15;p01:10;p01:11;p01:02;p01:08;p01:01,1
3,1,32,tongue,WRONG,21,p21:08;p21:09;p21:10;p21:00;p21:12;p21:03;p21:05;p21:14,1
3,1,32,tongue,WRONG,22,p22:02;p22:12;p22:07;p22:11;p22:10;p22:04;p22:03;p22:00,1
3,1,32,tongue,WRONG,29,p29:03;p29:10;p29:12;p29:02;p29:05;p29:15;p29:01;p29:04,1
3,1,32,tongue,POP,,p08:02;p08:12;p14:02;p27:06;p23:13;p30:04;p08:07;p27:12,1
3,1,32,tongue,MATCH,1,p01:04;p01:15;p01:11;p01:06;p01:02;p01:10;p01:08;p01:01,1
3,1,32,swallowing,WRONG,21,p21:08;p21:00;p21:10;p21:03;p21:06;p21:12;p21:05;p21:14,1
3,1,32,swallowing,WRONG,22,p22:11;p22:06;p22:07;p22:04;p22:14;p22:00;p22:12;p22:10,1
3,1,32,swallowing,WRONG,29,p29:01;p29:10;p29:12;p29:02;p29:04;p29:03;p29:15;p29:05,1
3,1,32,swallowing,POP,,p08:07;p18:12;p08:12;p14:02;p14:11;p30:04;p30:10;p27:12,1
3,1,32,swallowing,MATCH,1,p01:07;p01:15;p01:06;p01:10;p01:08;p01:11;p01:01;p01:02,1
3,1,32,facial_emg,WRONG,21,p21:02;p21:00;p21:10;p21:03;p21:06;p21:12;p21:14;p21:05,1
3,1,32,facial_emg,WRONG,22,p22:11;p22:06;p22:00;p22:14;p22:07;p22:10;p22:12;p22:04,1
3,1,32,facial_emg,WRONG,29,p29:12;p29:01;p29:02;p29:04;p29:03;p29:14;p29:15;p29:05,1
3,1,32,facial_emg,POP,,p30:14;p14:15;p18:09;p30:10;p30:04;p14:02;p14:11;p27:12,1
3,1,32,facial_emg,MATCH,1,p01:04;p01:06;p01:15;p01:11;p01:10;p01:08;p01:02;p01:01,1
3,1,33,head_motion,WRONG,21,p21:08;p21:05;p21:06;p21:15;p21:10;p21:01;p21:13;p21:04,1
3,1,33,head_motion,WRONG,22,p22:13;p22:09;p22:10;p22:12;p22:05;p22:11;p22:02;p22:00,1
3,1,33,head_motion,WRONG,29,p29:07;p29:12;p29:04;p29:11;p29:02;p29:13;p29:01;p29:15,1
3,1,33,head_motion,POP,,p30:13;p30:06;p18:12;p08:15;p27:09;p08:10;p27:01;p30:09,1
3,1,33,head_motion,MATCH,1,p01:04;p01:15;p01:06;p01:01;p01:12;p01:10;p01:14;p01:02,1
3,1,33,chewing,WRONG,21,p21:00;p21:06;p21:14;p21:15;p21:10;p21:01;p21:13;p21:04,1
3,1,33,chewing,WRONG,22,p22:10;p22:14;p22:13;p22:05;p22:02;p22:12;p22:11;p22:00,1
3,1,33,chewing,WRONG,29,p29:10;p29:05;p29:11;p29:04;p29:01;p29:02;p29:13;p29:15,1
3,1,33,chewing,POP,,p14:09;p08:15;p30:06;p27:09;p18:12;p08:10;p27:01;p30:09,1
3,1,33,chewing,MATCH,1,p01:06;p01:04;p01:03;p01:07;p01:12;p01:10;p01:15;p01:02,1
3,1,33,tongue,WRONG,21,p21:15;p21:09;p21:06;p21:08;p21:01;p21:10;p21:13;p21:04,1
3,1,33,tongue,WRONG,22,p22:13;p22:03;p22:04;p22:10;p22:05;p22:11;p22:02;p22:00,1
3,1,33,tongue,WRONG,29,p29:10;p29:07;p29:11;p29:04;p29:13;p29:02;p29:01;p29:15,1
3,1,33,tongue,POP,,p05:00;p14:09;p30:13;p18:12;p27:09;p08:10;p27:01;p30:09,1
3,1,33,tongue,MATCH,1,p01:15;p01:01;p01:12;p01:06;p01:07;p01:10;p01:14;p01:02,1
3,1,33,swallowing,WRONG,21,p21:14;p21:00;p21:06;p21:15;p21:10;p21:01;p21:13;p21:04,1
3,1,33,swallowing,WRONG,22,p22:14;p22:13;p22:10;p22:05;p22:12;p22:02;p22:11;p22:00,1
3,1,33,swallowing,WRONG,29,p29:14;p29:07;p29:11;p29:10;p29:02;p29:01;p29:13;p29:15,1
3,1,33,swallowing,POP,,p18:08;p14:09;p27:09;p18:12;p30:06;p27:01;p08:10;p30:09,1
3,1,33,swallowing,MATCH,1,p01:04;p01:03;p01:00;p01:10;p01:07;p01:12;p01:15;p01:02,1
3,1,33,facial_emg,WRONG,21,p21:14;p21:00;p21:06;p21:15;p21:10;p21:01;p21:13;p21:04,1
3,1,33,facial_emg,WRONG,22,p22:14;p22:10;p22:13;p22:05;p22:12;p22:02;p22:11;p22:00,1
3,1,33,facial_emg,WRONG,29,p29:14;p29:07;p29:11;p29:10;p29:02;p29:01;p29:13;p29:15,1
3,1,33,facial_emg,POP,,p14:09;p18:08;p30:06;p27:09;p18:12;p27:01;p08:10;p30:09,1
3,1,33,facial_emg,MATCH,1,p01:04;p01:03;p01:00;p01:10;p01:07;p01:12;p01:15;p01:02,1
3,1,34,head_motion,WRONG,21,p21:02;p21:04;p21:06;p21:11;p21:13;p21:03;p21:09;p21:12,1
3,1,34,head_motion,WRONG,22,p22:07;p22:00;p22:04;p22:01;p22:02;p22:09;p22:11;p22:03,1
3,1,34,head_motion,WRONG,29,p29:14;p29:05;p29:02;p29:13;p29:01;p29:03;p29:15;p29:04,1
3,1,34,head_motion,POP,,p08:00;p05:10;p26:12;p18:15;p08:11;p14:03;p26:10;p30:06,1
3,1,34,head_motion,MATCH,1,p01:11;p01:13;p01:10;p01:12;p01:03;p01:00;p01:06;p01:14,1
3,1,34,chewing,WRONG,21,p21:02;p21:04;p21:13;p21:11;p21:09;p21:12;p21:03;p21:06,1
3,1,34,chewing,WRONG,22,p22:15;p22:13;p22:07;p22:01;p22:12;p22:03;p22:11;p22:09,1
3,1,34,chewing,WRONG,29,p29:14;p29:13;p29:01;p29:03;p29:02;p29:05;p29:15;p29:04,1
3,1,34,chewing,POP,,p05:01;p14:03;p27:00;p23:03;p05:10;p27:03;p30:06;p08:11,1
3,1,34,chewing,MATCH,1,p01:11;p01:13;p01:12;p01:10;p01:00;p01:03;p01:06;p01:14,1
3,1,34,tongue,WRONG,21,p21:06;p21:04;p21:02;p21:13;p21:11;p21:03;p21:09;p21:12,1
3,1,34,tongue,WRONG,22,p22:07;p22:02;p22:00;p22:01;p22:03;p22:09;p22:11;p22:04,1
3,1,34,tongue,WRONG,29,p29:04;p29:01;p29:10;p29:02;p29:03;p29:05;p29:13;p29:15,1
3,1,34,tongue,POP,,p05:10;p30:04;p27:03;p26:10;p30:06;p14:03;p26:12;p08:00,1
3,1,34,tongue,MATCH,1,p01:11;p01:10;p01:13;p01:00;p01:06;p01:12;p01:14;p01:03,1
3,1,34,swallowing,WRONG,21,p21:02;p21:04;p21:11;p21:09;p21:03;p21:12;p21:06;p21:13,1
3,1,34,swallowing,WRONG,22,p22:13;p22:04;p22:12;p22:01;p22:07;p22:11;p22:03;p22:09,1
3,1,34,swallowing,WRONG,29,p29:06;p29:05;p29:02;p29:03;p29:01;p29:13;p29:04;p29:15,1
3,1,34,swallowing,POP,,p18:15;p23:14;p26:10;p27:03;p27:00;p14:03;p08:00;p30:06,1
3,1,34,swallowing,MATCH,1,p01:11;p01:13;p01:00;p01:12;p01:10;p01:03;p01:06;p01:14,1
3,1,34,facial_emg,WRONG,21,p21:02;p21:04;p21:06;p21:13;p21:03;p21:09;p21:12;p21:11,1
3,1,34,facial_emg,WRONG,22,p22:15;p22:02;p22:04;p22:01;p22:11;p22:03;p22:07;p22:09,1
3,1,34,facial_emg,WRONG,29,p29:01;p29:02;p29:04;p29:05;p29:10;p29:03;p29:13;p29:15,1
3,1,34,facial_emg,POP,,p08:11;p08:01;p26:12;p23:03;p14:03;p08:00;p27:03;p30:06,1
3,1,34,facial_emg,MATCH,1,p01:11;p01:13;p01:10;p01:00;p01:06;p01:12;p01:03;p01:14,1
3,1,35,head_motion,WRONG,21,p21:08;p21:10;p21:03;p21:11;p21:12;p21:09;p21:04;p21:13,1
3,1,35,head_motion,WRONG,22,p22:11;p22:05;p22:03;p22:08;p22:01;p22:15;p22:00;p22:02,1
3,1,35,head_motion,WRONG,29,p29:00;p29:03;p29:14;p29:01;p29:02;p29:04;p29:07;p29:09,1
3,1,35,head_motion,POP,,p06:00;p13:10;p14:03;p30:10;p13:11;p30:11;p23:03;p23:02,1
3,1,35,head_motion,MATCH,1,p01:12;p01:10;p01:05;p01:13;p01:06;p01:14;p01:15;p01:03,1
3,1,35,chewing,WRONG,21,p21:06;p21:15;p21:12;p21:07;p21:09;p21:04;p21:11;p21:13,1
3,1,35,chewing,WRONG,22,p22:13;p22:06;p22:01;p22:10;p22:08;p22:15;p22:00;p22:02,1
3,1,35,chewing,WRONG,29,p29:14;p29:07;p29:06;p29:02;p29:09;p29:12;p29:01;p29:04,1
3,1,35,chewing,POP,,p08:01;p23:09;p06:07;p18:01;p23:03;p02:06;p23:02;p30:11,1
3,1,35,chewing,MATCH,1,p01:07;p01:01;p01:15;p01:13;p01:10;p01:03;p01:06;p01:14,1
3,1,35,tongue,WRONG,21,p21:07;p21:08;p21:03;p21:12;p21:09;p21:11;p21:04;p21:13,1
3,1,35,tongue,WRONG,22,p22:10;p22:08;p22:05;p22:03;p22:15;p22:00;p22:01;p22:02,1
3,1,35,tongue,WRONG,29,p29:02;p29:03;p29:01;p29:12;p29:14;p29:04;p29:07;p29:09,1
3,1,35,tongue,POP,,p02:09;p08:01;p18:11;p27:15;p02:06;p23:03;p30:11;p23:02,1
3,1,35,tongue,MATCH,1,p01:13;p01:10;p01:01;p01:06;p01:15;p01:05;p01:03;p01:14,1
3,1,35,swallowing,WRONG,21,p21:00;p21:15;p21:12;p21:07;p21:09;p21:04;p21:13;p21:11,1
3,1,35,swallowing,WRONG,22,p22:03;p22:05;p22:01;p22:08;p22:10;p22:00;p22:15;p22:02,1
3,1,35,swallowing,WRONG,29,p29:06;p29:14;p29:07;p29:02;p29:09;p29:01;p29:12;p29:04,1
3,1,35,swallowing,POP,,p14:03;p23:03;p06:07;p30:10;p18:01;p02:06;p23:02;p30:11,1
3,1,35,swallowing,MATCH,1,p01:07;p01:01;p01:15;p01:10;p01:13;p01:03;p01:06;p01:14,1
3,1,35,facial_emg,WRONG,21,p21:03;p21:15;p21:12;p21:09;p21:07;p21:04;p21:13;p21:11,1
3,1,35,facial_emg,WRONG,22,p22:03;p22:05;p22:10;p22:00;p22:08;p22:15;p22:01;p22:02,1
3,1,35,facial_emg,WRONG,29,p29:03;p29:01;p29:09;p29:02;p29:07;p29:14;p29:12;p29:04,1
3,1,35,facial_emg,POP,,p27:15;p02:09;p14:03;p08:01;p23:02;p02:06;p23:03;p30:11,1
3,1,35,facial_emg,MATCH,1,p01:05;p01:10;p01:13;p01:00;p01:15;p01:06;p01:03;p01:14,1
3,1,36,head_motion,WRONG,21,p21:01;p21:13;p21:09;p21:03;p21:00;p21:14;p21:05;p21:11,1
3,1,36,head_motion,WRONG,22,p22:11;p22:13;p22:14;p22:02;p22:15;p22:08;p22:05;p22:10,1
3,1,36,head_motion,WRONG,29,,1
3,1,36,head_motion,POP,,p08:13;p20:05;p16:15;p08:15;p23:03;p18:07;p06:04;p20:10,1
3,1,36,head_motion,MATCH,1,p01:09;p01:04;p01:03;p01:07;p01:05;p01:10;p01:14;p01:11,1
3,1,36,chewing,WRONG,21,p21:13;p21:01;p21:03;p21:09;p21:14;p21:00;p21:05;p21:11,1
3,1,36,chewing,WRONG,22,p22:11;p22:14;p22:13;p22:08;p22:15;p22:02;p22:05;p22:10,1
3,1,36,chewing,WRONG,29,,1
3,1,36,chewing,POP,,p20:05;p18:04;p06:04;p20:10;p26:04;p18:07;p08:13;p20:13,1
3,1,36,chewing,MATCH,1,p01:00;p01:09;p01:07;p01:03;p01:05;p01:10;p01:14;p01:11,1
3,1,36,tongue,WRONG,21,p21:09;p21:02;p21:03;p21:00;p21:01;p21:05;p21:14;p21:11,1
3,1,36,tongue,WRONG,22,p22:11;p22:02;p22:13;p22:14;p22:08;p22:15;p22:05;p22:10,1
3,1,36,tongue,WRONG,29,,1
3,1,36,tongue,POP,,p16:15;p23:11;p18:07;p06:04;p18:12;p18:06;p20:10;p23:03,1
3,1,36,tongue,MATCH,1,p01:15;p01:09;p01:04;p01:07;p01:10;p01:11;p01:05;p01:14,1
3,1,36,swallowing,WRONG,21,p21:02;p21:03;p21:09;p21:01;p21:00;p21:14;p21:05;p21:11,1
3,1,36,swallowing,WRONG,22,p22:13;p22:11;p22:14;p22:15;p22:08;p22:02;p22:05;p22:10,1
3,1,36,swallowing,WRONG,29,,1
3,1,36,swallowing,POP,,p18:06;p16:15;p20:13;p26:04;p08:15;p18:07;p06:04;p20:10,1
3,1,36,swallowing,MATCH,1,p01:04;p01:09;p01:07;p01:03;p01:05;p01:10;p01:14;p01:11,1
3,1,36,facial_emg,WRONG,21,p21:02;p21:03;p21:09;p21:01;p21:00;p21:14;p21:05;p21:11,1
3,1,36,facial_emg,WRONG,22,p22:13;p22:11;p22:02;p22:14;p22:15;p22:08;p22:10;p22:05,1
3,1,36,facial_emg,WRONG,29,,1
3,1,36,facial_emg,POP,,p26:04;p18:07;p18:06;p16:15;p08:15;p23:03;p06:04;p20:10,1
3,1,36,facial_emg,MATCH,1,p01:09;p01:04;p01:07;p01:03;p01:10;p01:05;p01:11;p01:14,1
3,1,37,head_motion,WRONG,21,p21:12;p21:03;p21:13;p21:14;p21:06;p21:15;p21:10;p21:08,1
3,1,37,head_motion,WRONG,22,p22:10;p22:02;p22:09;p22:05;p22:14;p22:00;p22:12;p22:07,1
3,1,37,head_motion,WRONG,29,,1
3,1,37,head_motion,POP,,p18:13;p08:11;p23:01;p26:05;p02:14;p26:14;p23:13;p08:06,1
3,1,37,head_motion,MATCH,1,p01:05;p01:09;p01:06;p01:13;p01:11;p01:00;p01:12;p01:08,1
3,1,37,chewing,WRONG,21,p21:03;p21:05;p21:13;p21:12;p21:06;p21:10;p21:15;p21:08,1
3,1,37,chewing,WRONG,22,p22:02;p22:03;p22:09;p22:00;p22:05;p22:14;p22:07;p22:12,1
3,1,37,chewing,WRONG,29,,1
3,1,37,chewing,POP,,p08:11;p18:13;p18:05;p23:02;p26:14;p08:00;p08:06;p23:13,1
3,1,37,chewing,MATCH,1,p01:01;p01:15;p01:13;p01:00;p01:06;p01:09;p01:12;p01:08,1
3,1,37,tongue,WRONG,21,p21:05;p21:03;p21:10;p21:13;p21:15;p21:14;p21:06;p21:08,1
3,1,37,tongue,WRONG,22,p22:11;p22:02;p22:09;p22:14;p22:05;p22:00;p22:12;p22:07,1
3,1,37,tongue,WRONG,29,,1
3,1,37,tongue,POP,,p18:13;p23:07;p13:09;p26:05;p26:14;p08:06;p08:11;p23:13,1
3,1,37,tongue,MATCH,1,p01:15;p01:13;p01:09;p01:06;p01:11;p01:00;p01:12;p01:08,1
3,1,37,swallowing,WRONG,21,p21:02;p21:10;p21:14;p21:03;p21:13;p21:15;p21:06;p21:08,1
3,1,37,swallowing,WRONG,22,p22:01;p22:09;p22:03;p22:00;p22:05;p22:12;p22:14;p22:07,1
3,1,37,swallowing,WRONG,29,,1
3,1,37,swallowing,POP,,p06:04;p18:05;p08:11;p18:13;p08:06;p08:00;p26:14;p23:13,1
3,1,37,swallowing,MATCH,1,p01:15;p01:11;p01:13;p01:06;p01:09;p01:00;p01:12;p01:08,1
3,1,37,facial_emg,WRONG,21,p21:12;p21:10;p21:13;p21:03;p21:14;p21:15;p21:06;p21:08,1
3,1,37,facial_emg,WRONG,22,p22:08;p22:00;p22:09;p22:03;p22:12;p22:05;p22:14;p22:07,1
3,1,37,facial_emg,WRONG,29,,1
3,1,37,facial_emg,POP,,p23:07;p26:14;p18:15;p18:13;p08:06;p18:05;p08:11;p23:13,1
3,1,37,facial_emg,MATCH,1,p01:02;p01:15;p01:00;p01:13;p01:09;p01:06;p01:12;p01:08,1
3,1,38,head_motion,WRONG,21,p21:06;p21:09;p21:08;p21:04;p21:11;p21:13;p21:02;p21:01,1
3,1,38,head_motion,WRONG,22,p22:08;p22:03;p22:07;p22:09;p22:06;p22:10;p22:13;p22:15,1
3,1,38,head_motion,WRONG,29,,1
3,1,38,head_motion,POP,,p23:09;p26:11;p13:00;p26:05;p23:11;p18:07;p16:08;p08:03,1
3,1,38,head_motion,MATCH,1,p01:11;p01:05;p01:14;p01:07;p01:04;p01:13;p01:03;p01:10,1
3,1,38,chewing,WRONG,21,p21:06;p21:09;p21:08;p21:04;p21:02;p21:13;p21:11;p21:01,1
3,1,38,chewing,WRONG,22,p22:10;p22:03;p22:09;p22:00;p22:07;p22:06;p22:15;p22:13,1
3,1,38,chewing,WRONG,29,,1
3,1,38,chewing,POP,,p08:08;p23:11;p13:00;p26:11;p18:07;p26:05;p08:03;p16:08,1
3,1,38,chewing,MATCH,1,p01:11;p01:14;p01:05;p01:07;p01:04;p01:13;p01:03;p01:10,1
3,1,38,tongue,WRONG,21,p21:07;p21:09;p21:06;p21:04;p21:11;p21:02;p21:08;p21:01,1
3,1,38,tongue,WRONG,22,p22:03;p22:02;p22:06;p22:09;p22:07;p22:10;p22:13;p22:15,1
3,1,38,tongue,WRONG,29,,1
3,1,38,tongue,POP,,p18:07;p08:08;p16:08;p26:11;p26:05;p23:09;p13:00;p08:03,1
3,1,38,tongue,MATCH,1,p01:02;p01:05;p01:14;p01:07;p01:04;p01:10;p01:13;p01:03,1
3,1,38,swallowing,WRONG,21,p21:09;p21:04;p21:13;p21:06;p21:11;p21:08;p21:02;p21:01,1
3,1,38,swallowing,WRONG,22,p22:00;p22:09;p22:02;p22:07;p22:06;p22:10;p22:13;p22:15,1
3,1,38,swallowing,WRONG,29,,1
3,1,38,swallowing,POP,,p08:08;p23:09;p26:05;p16:08;p18:07;p26:11;p13:00;p08:03,1
3,1,38,swallowing,MATCH,1,p01:11;p01:05;p01:14;p01:07;p01:04;p01:13;p01:10;p01:03,1
3,1,38,facial_emg,WRONG,21,p21:04;p21:09;p21:06;p21:13;p21:08;p21:11;p21:02;p21:01,1
3,1,38,facial_emg,WRONG,22,p22:03;p22:00;p22:10;p22:06;p22:09;p22:07;p22:15;p22:13,1
3,1,38,facial_emg,WRONG,29,,1
3,1,38,facial_emg,POP,,p23:11;p26:11;p23:09;p18:07;p26:05;p16:08;p13:00;p08:03,1
3,1,38,facial_emg,MATCH,1,p01:11;p01:04;p01:07;p01:14;p01:05;p01:13;p01:10;p01:03,1
3,1,39,head_motion,WRONG,21,p21:13;p21:11;p21:14;p21:06;p21:08;p21:03;p21:10;p21:12,1
3,1,39,head_motion,WRONG,22,p22:06;p22:00;p22:04;p22:02;p22:07;p22:05;p22:12;p22:08,1
3,1,39,head_motion,WRONG,29,,1
3,1,39,head_motion,POP,,p26:04;p18:09;p08:06;p08:15;p18:02;p26:08;p18:08;p18:11,1
3,1,39,head_motion,MATCH,1,p01:03;p01:13;p01:08;p01:15;p01:01;p01:10;p01:12;p01:04,1
3,1,39,chewing,WRONG,21,p21:14;p21:08;p21:01;p21:10;p21:12;p21:11;p21:06;p21:03,1
3,1,39,chewing,WRONG,22,p22:08;p22:05;p22:06;p22:03;p22:14;p22:12;p22:07;p22:15,1
3,1,39,chewing,WRONG,29,,1
3,1,39,chewing,POP,,p06:10;p26:06;p18:02;p26:08;p20:14;p02:04;p26:04;p08:15,1
3,1,39,chewing,MATCH,1,p01:01;p01:03;p01:05;p01:15;p01:13;p01:10;p01:12;p01:04,1
3,1,39,tongue,WRONG,21,p21:13;p21:06;p21:11;p21:08;p21:14;p21:10;p21:12;p21:03,1
3,1,39,tongue,WRONG,22,p22:13;p22:14;p22:05;p22:07;p22:03;p22:15;p22:08;p22:12,1
3,1,39,tongue,WRONG,29,,1
3,1,39,tongue,POP,,p23:05;p18:02;p18:11;p26:08;p02:09;p08:01;p08:15;p18:09,1
3,1,39,tongue,MATCH,1,p01:07;p01:01;p01:15;p01:10;p01:02;p01:13;p01:12;p01:04,1
3,1,39,swallowing,WRONG,21,p21:13;p21:06;p21:08;p21:14;p21:11;p21:10;p21:12;p21:03,1
3,1,39,swallowing,WRONG,22,p22:03;p22:08;p22:13;p22:14;p22:05;p22:07;p22:15;p22:12,1
3,1,39,swallowing,WRONG,29,,1
3,1,39,swallowing,POP,,p08:01;p16:07;p18:11;p26:08;p26:04;p02:09;p18:09;p08:15,1
3,1,39,swallowing,MATCH,1,p01:05;p01:06;p01:13;p01:01;p01:15;p01:10;p01:12;p01:04,1
3,1,39,facial_emg,WRONG,21,p21:13;p21:06;p21:11;p21:14;p21:08;p21:10;p21:03;p21:12,1
3,1,39,facial_emg,WRONG,22,p22:03;p22:06;p22:13;p22:07;p22:05;p22:08;p22:15;p22:12,1
3,1,39,facial_emg,WRONG,29,,1
3,1,39,facial_emg,POP,,p18:02;p23:05;p26:04;p18:08;p26:08;p18:11;p08:15;p18:09,1
3,1,39,facial_emg,MATCH,1,p01:02;p01:08;p01:01;p01:13;p01:10;p01:15;p01:04;p01:12,1
3,21,0,head_motion,WRONG,1,p01:09;p01:01;p01:08;p01:00;p01:14;p01:04;p01:15;p01:06,1
3,21,0,head_motion,WRONG,22,p22:10;p22:13;p22:08;p22:04;p22:01;p22:06;p22:02;p22:00,1
3,21,0,head_motion,WRONG,29,p29:14;p29:11;p29:09;p29:06;p29:10;p29:02;p29:03;p29:05,1
3,21,0,head_motion,POP,,p13:09;p02:11;p30:13;p13:12;p06:03;p30:08;p08:02;p30:01,1
3,21,0,head_motion,MATCH,21,p21:12;p21:01;p21:15;p21:09;p21:10;p21:03;p21:04;p21:13,1
3,21,0,chewing,WRONG,1,p01:01;p01:09;p01:08;p01:00;p01:14;p01:04;p01:15;p01:06,1
3,21,0,chewing,WRONG,22,p22:10;p22:04;p22:08;p22:06;p22:13;p22:01;p22:00;p22:02,1
3,21,0,chewing,WRONG,29,p29:08;p29:09;p29:14;p29:06;p29:05;p29:02;p29:03;p29:10,1
3,21,0,chewing,POP,,p23:09;p08:04;p13:12;p06:03;p30:13;p30:08;p08:02;p30:01,1
3,21,0,chewing,MATCH,21,p21:11;p21:09;p21:01;p21:10;p21:03;p21:15;p21:04;p21:13,1
3,21,0,tongue,WRONG,1,p01:01;p01:07;p01:10;p01:15;p01:00;p01:04;p01:08;p01:06,1
3,21,0,tongue,WRONG,22,p22:13;p22:01;p22:14;p22:04;p22:06;p22:08;p22:02;p22:00,1
3,21,0,tongue,WRONG,29,p29:09;p29:06;p29:01;p29:11;p29:10;p29:03;p29:05;p29:02,1
3,21,0,tongue,POP,,p13:09;p02:11;p23:02;p06:03;p30:13;p30:08;p08:02;p30:01,1
3,21,0,tongue,MATCH,21,p21:11;p21:12;p21:06;p21:10;p21:03;p21:09;p21:04;p21:13,1
3,21,0,swallowing,WRONG,1,p01:01;p01:02;p01:03;p01:12;p01:15;p01:08;p01:04;p01:06,1
3,21,0,swallowing,WRONG,22,p22:13;p22:06;p22:10;p22:14;p22:08;p22:01;p22:00;p22:02,1
3,21,0,swallowing,WRONG,29,p29:08;p29:09;p29:06;p29:11;p29:05;p29:02;p29:03;p29:10,1
3,21,0,swallowing,POP,,p02:11;p13:12;p30:13;p23:02;p06:03;p30:08;p08:02;p30:01,1
3,21,0,swallowing,MATCH,21,p21:06;p21:12;p21:11;p21:10;p21:03;p21:09;p21:04;p21:13,1
3,21,0,facial_emg,WRONG,1,p01:07;p01:01;p01:02;p01:12;p01:15;p01:08;p01:04;p01:06,1
3,21,0,facial_emg,WRONG,22,p22:13;p22:06;p22:10;p22:14;p22:08;p22:01;p22:00;p22:02,1
3,21,0,facial_emg,WRONG,29,p29:01;p29:09;p29:06;p29:11;p29:05;p29:03;p29:02;p29:10,1
3,21,0,facial_emg,POP,,p02:11;p13:12;p30:13;p23:02;p06:03;p30:08;p08:02;p30:01,1
3,21,0,facial_emg,MATCH,21,p21:06;p21:12;p21:11;p21:03;p21:10;p21:09;p21:04;p21:13,1
3,21,1,head_motion,WRONG,1,p01:00;p01:01;p01:07;p01:05;p01:10;p01:14;p01:15;p01:12,1
3,21,1,head_motion,WRONG,22,p22:10;p22:12;p22:05;p22:11;p22:09;p22:07;p22:02;p22:13,1
3,21,1,head_motion,WRONG,29,p29:02;p29:04;p29:14;p29:10;p29:05;p29:12;p29:13;p29:08,1
3,21,1,head_motion,POP,,p05:08;p06:02;p13:14;p05:01;p30:06;p06:08;p14:10;p06:13,1
3,21,1,head_motion,MATCH,21,p21:03;p21:07;p21:11;p21:05;p21:06;p21:15;p21:01;p21:14,1
3,21,1,chewing,WRONG,1,p01:11;p01:05;p01:07;p01:10;p01:14;p01:15;p01:00;p01:12,1
3,21,1,chewing,WRONG,22,p22:00;p22:04;p22:06;p22:09;p22:07;p22:11;p22:12;p22:02,1
3,21,1,chewing,WRONG,29,p29:07;p29:10;p29:12;p29:02;p29:04;p29:14;p29:15;p29:13,1
3,21,1,chewing,POP,,p26:03;p08:09;p06:05;p23:05;p23:14;p14:09;p30:06;p05:08,1
3,21,1,chewing,MATCH,21,p21:11;p21:15;p21:13;p21:05;p21:01;p21:07;p21:06;p21:14,1
3,21,1,tongue,WRONG,1,p01:06;p01:07;p01:10;p01:05;p01:14;p01:15;p01:00;p01:12,1
3,21,1,tongue,WRONG,22,p22:10;p22:05;p22:12;p22:09;p22:11;p22:07;p22:13;p22:02,1
3,21,1,tongue,WRONG,29,p29:05;p29:10;p29:02;p29:12;p29:04;p29:14;p29:08;p29:13,1
3,21,1,tongue,POP,,p05:01;p06:02;p06:08;p14:09;p05:08;p30:06;p14:10;p06:13,1
3,21,1,tongue,MATCH,21,p21:13;p21:05;p21:11;p21:07;p21:15;p21:06;p21:01;p21:14,1
3,21,1,swallowing,WRONG,1,p01:06;p01:07;p01:05;p01:10;p01:14;p01:15;p01:00;p01:12,1
3,21,1,swallowing,WRONG,22,p22:06;p22:04;p22:13;p22:09;p22:07;p22:11;p22:12;p22:02,1
3,21,1,swallowing,WRONG,29,p29:07;p29:10;p29:02;p29:12;p29:04;p29:14;p29:15;p29:13,1
3,21,1,swallowing,POP,,p26:03;p30:11;p08:09;p23:05;p23:14;p14:09;p30:06;p05:08,1
3,21,1,swallowing,MATCH,21,p21:11;p21:13;p21:15;p21:05;p21:01;p21:07;p21:06;p21:14,1
3,21,1,facial_emg,WRONG,1,p01:06;p01:07;p01:05;p01:10;p01:14;p01:15;p01:00;p01:12,1
3,21,1,facial_emg,WRONG,22,p22:04;p22:06;p22:13;p22:09;p22:07;p22:11;p22:12;p22:02,1
3,21,1,facial_emg,WRONG,29,p29:07;p29:10;p29:02;p29:12;p29:14;p29:04;p29:15;p29:13,1
3,21,1,facial_emg,POP,,p14:10;p30:11;p08:09;p23:05;p23:14;p14:09;p30:06;p05:08,1
3,21,1,facial_emg,MATCH,21,p21:11;p21:13;p21:15;p21:05;p21:01;p21:07;p21:06;p21:14,1
3,21,2,head_motion,WRONG,1,p01:00;p01:13;p01:10;p01:12;p01:05;p01:06;p01:15;p01:03,1
3,21,2,head_motion,WRONG,22,p22:01;p22:12;p22:15;p22:13;p22:05;p22:02;p22:08;p22:00,1
3,21,2,head_motion,WRONG,29,p29:03;p29:04;p29:10;p29:07;p29:02;p29:06;p29:00;p29:13,1
3,21,2,head_motion,POP,,p30:13;p18:10;p14:06;p18:14;p05:07;p06:09;p06:07;p06:15,1
3,21,2,head_motion,MATCH,21,p21:01;p21:15;p21:00;p21:11;p21:09;p21:10;p21:04;p21:13,1
3,21,2,chewing,WRONG,1,p01:00;p01:12;p01:05;p01:10;p01:04;p01:06;p01:15;p01:03,1
3,21,2,chewing,WRONG,22,p22:10;p22:15;p22:12;p22:08;p22:05;p22:02;p22:13;p22:00,1
3,21,2,chewing,WRONG,29,p29:04;p29:12;p29:10;p29:07;p29:02;p29:06;p29:00;p29:13,1
3,21,2,chewing,POP,,p13:12;p14:08;p18:14;p18:10;p06:09;p06:07;p05:07;p06:15,1
3,21,2,chewing,MATCH,21,p21:09;p21:00;p21:01;p21:11;p21:15;p21:10;p21:04;p21:13,1
3,21,2,tongue,WRONG,1,p01:00;p01:05;p01:02;p01:10;p01:12;p01:06;p01:15;p01:03,1
3,21,2,tongue,WRONG,22,p22:14;p22:13;p22:15;p22:05;p22:04;p22:02;p22:08;p22:00,1
3,21,2,tongue,WRONG,29,p29:11;p29:10;p29:07;p29:04;p29:00;p29:02;p29:06;p29:13,1
3,21,2,tongue,POP,,p13:12;p14:03;p30:13;p14:06;p05:07;p06:09;p06:07;p06:15,1
3,21,2,tongue,MATCH,21,p21:08;p21:03;p21:11;p21:00;p21:09;p21:10;p21:04;p21:13,1
3,21,2,swallowing,WRONG,1,p01:05;p01:10;p01:13;p01:04;p01:12;p01:15;p01:06;p01:03,1
3,21,2,swallowing,WRONG,22,p22:04;p22:12;p22:05;p22:15;p22:13;p22:02;p22:08;p22:00,1
3,21,2,swallowing,WRONG,29,p29:03;p29:09;p29:04;p29:00;p29:07;p29:02;p29:06;p29:13,1
3,21,2,swallowing,POP,,p18:14;p18:10;p14:06;p14:02;p05:07;p06:09;p06:07;p06:15,1
3,21,2,swallowing,MATCH,21,p21:03;p21:08;p21:00;p21:11;p21:09;p21:10;p21:04;p21:13,1
3,21,2,facial_emg,WRONG,1,p01:07;p01:02;p01:04;p01:12;p01:10;p01:15;p01:06;p01:03,1
3,21,2,facial_emg,WRONG,22,p22:10;p22:15;p22:12;p22:05;p22:08;p22:02;p22:13;p22:00,1
3,21,2,facial_emg,WRONG,29,p29:07;p29:03;p29:11;p29:00;p29:10;p29:02;p29:06;p29:13,1
3,21,2,facial_emg,POP,,p18:10;p14:08;p18:14;p14:06;p06:09;p05:07;p06:07;p06:15,1
3,21,2,facial_emg,MATCH,21,p21:01;p21:15;p21:00;p21:09;p21:11;p21:10;p21:04;p21:13,1
3,21,3,head_motion,WRONG,1,p01:05;p01:14;p01:07;p01:06;p01:15;p01:13;p01:12;p01:00,1
3,21,3,head_motion,WRONG,22,p22:13;p22:12;p22:07;p22:06;p22:05;p22:02;p22:15;p22:08,1
3,21,3,head_motion,WRONG,29,p29:10;p29:00;p29:07;p29:12;p29:05;p29:11;p29:06;p29:13,1
3,21,3,head_motion,POP,,p23:10;p26:09;p08:09;p26:06;p14:11;p30:15;p14:07;p06:01,1
3,21,3,head_motion,MATCH,21,p21:11;p21:10;p21:07;p21:02;p21:04;p21:13;p21:00;p21:08,1
3,21,3,chewing,WRONG,1,p01:09;p01:04;p01:07;p01:06;p01:15;p01:13;p01:00;p01:12,1
3,21,3,chewing,WRONG,22,p22:14;p22:02;p22:07;p22:15;p22:13;p22:05;p22:12;p22:08,1
3,21,3,chewing,WRONG,29,p29:10;p29:07;p29:15;p29:12;p29:00;p29:05;p29:06;p29:13,1
3,21,3,chewing,POP,,p08:09;p14:13;p05:08;p26:06;p14:07;p30:15;p06:01;p23:10,1
3,21,3,chewing,MATCH,21,p21:11;p21:10;p21:15;p21:04;p21:02;p21:13;p21:00;p21:08,1
3,21,3,tongue,WRONG,1,p01:15;p01:11;p01:10;p01:06;p01:07;p01:13;p01:00;p01:12,1
3,21,3,tongue,WRONG,22,p22:06;p22:00;p22:05;p22:14;p22:07;p22:02;p22:15;p22:08,1
3,21,3,tongue,WRONG,29,p29:10;p29:09;p29:01;p29:05;p29:06;p29:11;p29:13;p29:02,1
3,21,3,tongue,POP,,p23:01;p05:11;p26:09;p26:06;p14:11;p30:15;p14:07;p06:01,1
3,21,3,tongue,MATCH,21,p21:07;p21:10;p21:09;p21:02;p21:00;p21:04;p21:08;p21:13,1
3,21,3,swallowing,WRONG,1,p01:14;p01:10;p01:15;p01:06;p01:07;p01:13;p01:00;p01:12,1
3,21,3,swallowing,WRONG,22,p22:15;p22:02;p22:13;p22:07;p22:12;p22:14;p22:05;p22:08,1
3,21,3,swallowing,WRONG,29,p29:12;p29:10;p29:06;p29:02;p29:05;p29:08;p29:11;p29:13,1
3,21,3,swallowing,POP,,p14:11;p14:13;p05:08;p26:06;p14:07;p23:10;p30:15;p06:01,1
3,21,3,swallowing,MATCH,21,p21:09;p21:11;p21:10;p21:04;p21:02;p21:00;p21:13;p21:08,1
3,21,3,facial_emg,WRONG,1,p01:14;p01:10;p01:15;p01:06;p01:07;p01:13;p01:00;p01:12,1
3,21,3,facial_emg,WRONG,22,p22:15;p22:13;p22:02;p22:07;p22:12;p22:05;p22:14;p22:08,1
3,21,3,facial_emg,WRONG,29,p29:12;p29:06;p29:10;p29:08;p29:02;p29:05;p29:11;p29:13,1
3,21,3,facial_emg,POP,,p14:11;p05:08;p14:13;p26:06;p14:07;p23:10;p30:15;p06:01,1
3,21,3,facial_emg,MATCH,21,p21:09;p21:11;p21:10;p21:04;p21:02;p21:00;p21:13;p21:08,1
3,21,4,head_motion,WRONG,1,p01:12;p01:02;p01:06;p01:14;p01:10;p01:04;p01:15;p01:11,1
3,21,4,head_motion,WRONG,22,p22:12;p22:01;p22:09;p22:15;p22:11;p22:00;p22:06;p22:13,1
3,21,4,head_motion,WRONG,29,,1
3,21,4,head_motion,POP,,p16:12;p13:08;p23:05;p08:08;p13:07;p13:01;p18:14;p23:09,1
3,21,4,head_motion,MATCH,21,p21:13;p21:08;p21:04;p21:06;p21:02;p21:11;p21:01;p21:00,1
3,21,4,chewing,WRONG,1,p01:06;p01:09;p01:10;p01:02;p01:14;p01:15;p01:04;p01:11,1
3,21,4,chewing,WRONG,22,p22:01;p22:10;p22:15;p22:09;p22:00;p22:11;p22:06;p22:13,1
3,21,4,chewing,WRONG,29,,1
3,21,4,chewing,POP,,p13:01;p20:03;p16:12;p08:08;p13:07;p23:05;p18:14;p23:09,1
3,21,4,chewing,MATCH,21,p21:03;p21:04;p21:08;p21:06;p21:02;p21:11;p21:01;p21:00,1
3,21,4,tongue,WRONG,1,p01:12;p01:14;p01:00;p01:10;p01:02;p01:04;p01:15;p01:11,1
3,21,4,tongue,WRONG,22,p22:01;p22:10;p22:09;p22:15;p22:11;p22:00;p22:06;p22:13,1
3,21,4,tongue,WRONG,29,,1
3,21,4,tongue,POP,,p08:08;p13:08;p23:05;p18:14;p08:12;p13:07;p13:01;p23:09,1
3,21,4,tongue,MATCH,21,p21:05;p21:08;p21:04;p21:02;p21:06;p21:11;p21:01;p21:00,1
3,21,4,swallowing,WRONG,1,p01:09;p01:06;p01:14;p01:02;p01:10;p01:04;p01:15;p01:11,1
3,21,4,swallowing,WRONG,22,p22:12;p22:10;p22:09;p22:15;p22:00;p22:11;p22:06;p22:13,1
3,21,4,swallowing,WRONG,29,,1
3,21,4,swallowing,POP,,p13:08;p08:12;p23:05;p08:08;p13:01;p18:14;p13:07;p23:09,1
3,21,4,swallowing,MATCH,21,p21:13;p21:02;p21:04;p21:06;p21:08;p21:11;p21:01;p21:00,1
3,21,4,facial_emg,WRONG,1,p01:13;p01:12;p01:14;p01:15;p01:10;p01:02;p01:04;p01:11,1
3,21,4,facial_emg,WRONG,22,p22:12;p22:10;p22:09;p22:15;p22:00;p22:11;p22:06;p22:13,1
3,21,4,facial_emg,WRONG,29,,1
3,21,4,facial_emg,POP,,p08:08;p13:08;p23:05;p08:12;p18:14;p13:07;p13:01;p23:09,1
3,21,4,facial_emg,MATCH,21,p21:07;p21:08;p21:04;p21:06;p21:11;p21:01;p21:02;p21:00,1
3,21,5,head_motion,WRONG,1,p01:15;p01:08;p01:13;p01:07;p01:10;p01:14;p01:06;p01:12,1
3,21,5,head_motion,WRONG,22,p22:09;p22:07;p22:05;p22:14;p22:03;p22:08;p22:06;p22:15,1
3,21,5,head_motion,WRONG,29,,1
3,21,5,head_motion,POP,,p06:08;p20:04;p23:11;p18:15;p20:15;p23:07;p18:06;p20:01,1
3,21,5,head_motion,MATCH,21,p21:02;p21:09;p21:08;p21:12;p21:10;p21:01;p21:06;p21:03,1
3,21,5,chewing,WRONG,1,p01:07;p01:09;p01:08;p01:13;p01:10;p01:14;p01:06;p01:12,1
3,21,5,chewing,WRONG,22,p22:04;p22:08;p22:14;p22:07;p22:03;p22:05;p22:06;p22:15,1
3,21,5,chewing,WRONG,29,,1
3,21,5,chewing,POP,,p23:02;p06:08;p18:15;p20:15;p06:05;p23:07;p18:06;p20:01,1
3,21,5,chewing,MATCH,21,p21:02;p21:12;p21:09;p21:08;p21:03;p21:10;p21:01;p21:06,1
3,21,5,tongue,WRONG,1,p01:09;p01:04;p01:07;p01:10;p01:06;p01:13;p01:12;p01:14,1
3,21,5,tongue,WRONG,22,p22:09;p22:05;p22:14;p22:10;p22:03;p22:08;p22:06;p22:15,1
3,21,5,tongue,WRONG,29,,1
3,21,5,tongue,POP,,p08:08;p18:07;p23:07;p18:06;p18:15;p20:15;p20:01;p23:11,1
3,21,5,tongue,MATCH,21,p21:12;p21:08;p21:09;p21:10;p21:02;p21:03;p21:06;p21:01,1
3,21,5,swallowing,WRONG,1,p01:15;p01:08;p01:13;p01:07;p01:10;p01:14;p01:06;p01:12,1
3,21,5,swallowing,WRONG,22,p22:07;p22:14;p22:01;p22:05;p22:03;p22:06;p22:15;p22:08,1
3,21,5,swallowing,WRONG,29,,1
3,21,5,swallowing,POP,,p20:15;p18:15;p20:04;p08:11;p08:00;p23:07;p18:06;p20:01,1
3,21,5,swallowing,MATCH,21,p21:08;p21:11;p21:09;p21:10;p21:02;p21:03;p21:01;p21:06,1
3,21,5,facial_emg,WRONG,1,p01:03;p01:08;p01:13;p01:07;p01:10;p01:14;p01:06;p01:12,1
3,21,5,facial_emg,WRONG,22,p22:07;p22:01;p22:14;p22:05;p22:03;p22:08;p22:15;p22:06,1
3,21,5,facial_emg,WRONG,29,,1
3,21,5,facial_emg,POP,,p20:04;p08:11;p18:15;p08:00;p20:15;p23:07;p18:06;p20:01,1
3,21,5,facial_emg,MATCH,21,p21:08;p21:11;p21:09;p21:10;p21:02;p21:03;p21:01;p21:06,1
3,21,6,head_motion,WRONG,1,p01:07;p01:10;p01:06;p01:02;p01:03;p01:04;p01:12;p01:13,1
3,21,6,head_motion,WRONG,22,p22:07;p22:04;p22:12;p22:11;p22:15;p22:00;p22:13;p22:06,1
3,21,6,head_motion,WRONG,29,,1
3,21,6,head_motion,POP,,p20:09;p13:08;p18:02;p23:05;p06:14;p16:12;p18:00;p23:09,1
3,21,6,head_motion,MATCH,21,p21:14;p21:12;p21:05;p21:15;p21:06;p21:02;p21:08;p21:10,1
3,21,6,chewing,WRONG,1,p01:07;p01:02;p01:06;p01:10;p01:12;p01:04;p01:03;p01:13,1
3,21,6,chewing,WRONG,22,p22:12;p22:09;p22:04;p22:00;p22:11;p22:15;p22:13;p22:06,1
3,21,6,chewing,WRONG,29,,1
3,21,6,chewing,POP,,p18:03;p23:05;p18:00;p20:09;p02:11;p06:14;p16:12;p23:09,1
3,21,6,chewing,MATCH,21,p21:14;p21:05;p21:15;p21:02;p21:12;p21:06;p21:10;p21:08,1
3,21,6,tongue,WRONG,1,p01:07;p01:03;p01:06;p01:02;p01:10;p01:04;p01:12;p01:13,1
3,21,6,tongue,WRONG,22,p22:07;p22:01;p22:11;p22:12;p22:13;p22:15;p22:06;p22:00,1
3,21,6,tongue,WRONG,29,,1
3,21,6,tongue,POP,,p18:02;p13:08;p08:05;p20:09;p06:12;p13:01;p16:12;p23:09,1
3,21,6,tongue,MATCH,21,p21:12;p21:14;p21:15;p21:05;p21:08;p21:10;p21:02;p21:06,1
3,21,6,swallowing,WRONG,1,p01:02;p01:10;p01:07;p01:06;p01:04;p01:03;p01:12;p01:13,1
3,21,6,swallowing,WRONG,22,p22:12;p22:09;p22:04;p22:00;p22:11;p22:15;p22:13;p22:06,1
3,21,6,swallowing,WRONG,29,,1
3,21,6,swallowing,POP,,p18:00;p08:05;p13:14;p23:05;p02:06;p16:12;p23:09;p06:14,1
3,21,6,swallowing,MATCH,21,p21:14;p21:05;p21:12;p21:15;p21:02;p21:06;p21:08;p21:10,1
3,21,6,facial_emg,WRONG,1,p01:14;p01:10;p01:04;p01:07;p01:06;p01:03;p01:12;p01:13,1
3,21,6,facial_emg,WRONG,22,p22:09;p22:12;p22:04;p22:00;p22:11;p22:15;p22:13;p22:06,1
3,21,6,facial_emg,WRONG,29,,1
3,21,6,facial_emg,POP,,p06:11;p20:09;p02:06;p23:05;p16:12;p18:00;p23:09;p06:14,1
3,21,6,facial_emg,MATCH,21,p21:03;p21:12;p21:05;p21:15;p21:08;p21:06;p21:02;p21:10,1
3,21,7,head_motion,WRONG,1,p01:11;p01:13;p01:15;p01:14;p01:12;p01:07;p01:08;p01:01,1
3,21,7,head_motion,WRONG,22,p22:01;p22:02;p22:06;p22:15;p22:00;p22:10;p22:12;p22:08,1
3,21,7,head_motion,WRONG,29,,1
3,21,7,head_motion,POP,,p23:10;p26:04;p20:13;p16:02;p26:02;p23:07;p20:08;p06:15,1
3,21,7,head_motion,MATCH,21,p21:00;p21:05;p21:01;p21:06;p21:15;p21:03;p21:02;p21:14,1
3,21,7,chewing,WRONG,1,p01:00;p01:10;p01:01;p01:13;p01:14;p01:07;p01:12;p01:08,1
3,21,7,chewing,WRONG,22,p22:01;p22:13;p22:15;p22:10;p22:06;p22:02;p22:00;p22:12,1
3,21,7,chewing,WRONG,29,,1
3,21,7,chewing,POP,,p13:08;p08:07;p18:10;p06:15;p26:02;p13:10;p23:07;p20:08,1
3,21,7,chewing,MATCH,21,p21:00;p21:04;p21:06;p21:01;p21:05;p21:02;p21:15;p21:14,1
3,21,7,tongue,WRONG,1,p01:04;p01:10;p01:15;p01:02;p01:08;p01:07;p01:12;p01:01,1
3,21,7,tongue,WRONG,22,p22:15;p22:05;p22:10;p22:02;p22:01;p22:08;p22:12;p22:00,1
3,21,7,tongue,WRONG,29,,1
3,21,7,tongue,POP,,p23:06;p26:02;p18:02;p13:01;p20:08;p16:02;p06:15;p23:10,1
3,21,7,tongue,MATCH,21,p21:13;p21:04;p21:09;p21:01;p21:03;p21:02;p21:06;p21:14,1
3,21,7,swallowing,WRONG,1,p01:15;p01:10;p01:14;p01:13;p01:01;p01:08;p01:07;p01:12,1
3,21,7,swallowing,WRONG,22,p22:01;p22:08;p22:06;p22:15;p22:10;p22:02;p22:00;p22:12,1
3,21,7,swallowing,WRONG,29,,1
3,21,7,swallowing,POP,,p16:15;p23:10;p20:13;p26:02;p06:15;p16:02;p23:07;p20:08,1
3,21,7,swallowing,MATCH,21,p21:04;p21:00;p21:15;p21:01;p21:06;p21:02;p21:03;p21:14,1
3,21,7,facial_emg,WRONG,1,p01:06;p01:10;p01:02;p01:12;p01:08;p01:14;p01:01;p01:07,1
3,21,7,facial_emg,WRONG,22,p22:03;p22:15;p22:01;p22:10;p22:08;p22:02;p22:00;p22:12,1
3,21,7,facial_emg,WRONG,29,,1
3,21,7,facial_emg,POP,,p13:10;p26:02;p23:10;p16:02;p20:13;p06:15;p20:08;p23:07,1
3,21,7,facial_emg,MATCH,21,p21:04;p21:15;p21:13;p21:01;p21:02;p21:06;p21:03;p21:14,1
3,21,8,head_motion,WRONG,1,p01:07;p01:05;p01:09;p01:01;p01:04;p01:08;p01:06;p01:00,1
3,21,8,head_motion,WRONG,22,p22:10;p22:15;p22:08;p22:13;p22:01;p22:03;p22:04;p22:06,1
3,21,8,head_motion,WRONG,29,p29:09;p29:05;p29:12;p29:06;p29:11;p29:08;p29:10;p29:15,1
3,21,8,head_motion,POP,,p05:06;p18:13;p06:06;p30:00;p06:08;p14:12;p13:00;p26:14,1
3,21,8,head_motion,MATCH,21,p21:10;p21:01;p21:04;p21:08;p21:15;p21:03;p21:07;p21:06,1
3,21,8,chewing,WRONG,1,p01:01;p01:13;p01:04;p01:05;p01:09;p01:00;p01:06;p01:08,1
3,21,8,chewing,WRONG,22,p22:07;p22:13;p22:15;p22:03;p22:08;p22:04;p22:01;p22:06,1
3,21,8,chewing,WRONG,29,p29:15;p29:12;p29:05;p29:10;p29:11;p29:06;p29:03;p29:08,1
3,21,8,chewing,POP,,p14:10;p13:00;p26:01;p26:14;p14:01;p18:13;p23:11;p06:08,1
3,21,8,chewing,MATCH,21,p21:11;p21:08;p21:04;p21:10;p21:01;p21:07;p21:03;p21:15,1
3,21,8,tongue,WRONG,1,p01:02;p01:11;p01:05;p01:04;p01:07;p01:08;p01:06;p01:00,1
3,21,8,tongue,WRONG,22,p22:15;p22:01;p22:08;p22:10;p22:13;p22:03;p22:04;p22:06,1
3,21,8,tongue,WRONG,29,p29:00;p29:12;p29:01;p29:09;p29:07;p29:10;p29:06;p29:15,1
3,21,8,tongue,POP,,p06:12;p14:05;p05:15;p06:06;p14:03;p13:00;p14:12;p26:14,1
3,21,8,tongue,MATCH,21,p21:13;p21:15;p21:03;p21:10;p21:04;p21:07;p21:08;p21:06,1
3,21,8,swallowing,WRONG,1,p01:13;p01:01;p01:04;p01:05;p01:09;p01:08;p01:06;p01:00,1
3,21,8,swallowing,WRONG,22,p22:07;p22:15;p22:03;p22:13;p22:08;p22:04;p22:01;p22:06,1
3,21,8,swallowing,WRONG,29,p29:12;p29:05;p29:03;p29:06;p29:11;p29:15;p29:10;p29:08,1
3,21,8,swallowing,POP,,p14:12;p23:11;p14:10;p18:13;p26:01;p13:00;p06:08;p26:14,1
3,21,8,swallowing,MATCH,21,p21:08;p21:06;p21:04;p21:10;p21:01;p21:15;p21:03;p21:07,1
3,21,8,facial_emg,WRONG,1,p01:04;p01:02;p01:05;p01:09;p01:01;p01:06;p01:08;p01:00,1
3,21,8,facial_emg,WRONG,22,p22:07;p22:15;p22:03;p22:13;p22:08;p22:04;p22:01;p22:06,1
3,21,8,facial_emg,WRONG,29,p29:05;p29:09;p29:15;p29:03;p29:06;p29:11;p29:08;p29:10,1
3,21,8,facial_emg,POP,,p05:06;p26:01;p27:04;p14:10;p18:13;p13:00;p06:08;p26:14,1
3,21,8,facial_emg,MATCH,21,p21:06;p21:08;p21:04;p21:10;p21:01;p21:03;p21:15;p21:07,1
3,21,9,head_motion,WRONG,1,p01:07;p01:14;p01:15;p01:10;p01:01;p01:08;p01:13;p01:11,1
3,21,9,head_motion,WRONG,22,p22:11;p22:09;p22:08;p22:13;p22:06;p22:12;p22:01;p22:14,1
3,21,9,head_motion,WRONG,29,p29:13;p29:10;p29:09;p29:05;p29:11;p29:02;p29:08;p29:03,1
3,21,9,head_motion,POP,,p14:01;p06:13;p14:08;p14:10;p06:03;p05:01;p06:08;p06:02,1
3,21,9,head_motion,MATCH,21,p21:09;p21:01;p21:05;p21:12;p21:02;p21:13;p21:03;p21:06,1
3,21,9,chewing,WRONG,1,p01:09;p01:11;p01:03;p01:07;p01:10;p01:05;p01:08;p01:14,1
3,21,9,chewing,WRONG,22,p22:15;p22:08;p22:09;p22:14;p22:10;p22:02;p22:11;p22:01,1
3,21,9,chewing,WRONG,29,p29:02;p29:13;p29:14;p29:05;p29:11;p29:10;p29:09;p29:03,1
3,21,9,chewing,POP,,p30:01;p27:06;p14:05;p23:15;p06:10;p30:14;p23:13;p06:03,1
3,21,9,chewing,MATCH,21,p21:06;p21:05;p21:11;p21:09;p21:02;p21:12;p21:13;p21:03,1
3,21,9,tongue,WRONG,1,p01:04;p01:02;p01:01;p01:07;p01:10;p01:14;p01:08;p01:11,1
3,21,9,tongue,WRONG,22,p22:09;p22:10;p22:06;p22:11;p22:12;p22:08;p22:01;p22:14,1
3,21,9,tongue,WRONG,29,p29:14;p29:01;p29:10;p29:05;p29:11;p29:02;p29:08;p29:03,1
3,21,9,tongue,POP,,p02:13;p30:01;p06:10;p06:02;p30:14;p27:05;p23:13;p06:03,1
3,21,9,tongue,MATCH,21,p21:11;p21:09;p21:05;p21:12;p21:02;p21:06;p21:13;p21:03,1
3,21,9,swallowing,WRONG,1,p01:04;p01:01;p01:02;p01:07;p01:10;p01:14;p01:11;p01:08,1
3,21,9,swallowing,WRONG,22,p22:04;p22:09;p22:11;p22:10;p22:06;p22:08;p22:01;p22:14,1
3,21,9,swallowing,WRONG,29,p29:01;p29:09;p29:10;p29:11;p29:05;p29:02;p29:08;p29:03,1
3,21,9,swallowing,POP,,p30:14;p06:10;p30:01;p05:01;p27:05;p06:02;p23:13;p06:03,1
3,21,9,swallowing,MATCH,21,p21:08;p21:09;p21:05;p21:12;p21:02;p21:06;p21:13;p21:03,1
3,21,9,facial_emg,WRONG,1,p01:01;p01:02;p01:11;p01:03;p01:07;p01:10;p01:08;p01:14,1
3,21,9,facial_emg,WRONG,22,p22:07;p22:09;p22:10;p22:08;p22:02;p22:11;p22:14;p22:01,1
3,21,9,facial_emg,WRONG,29,p29:14;p29:05;p29:01;p29:11;p29:10;p29:02;p29:09;p29:03,1
3,21,9,facial_emg,POP,,p14:05;p30:01;p23:15;p02:13;p06:10;p30:14;p23:13;p06:03,1
3,21,9,facial_emg,MATCH,21,p21:05;p21:06;p21:11;p21:09;p21:02;p21:12;p21:13;p21:03,1
3,21,10,head_motion,WRONG,1,p01:09;p01:02;p01:14;p01:01;p01:07;p01:04;p01:00;p01:11,1
3,21,10,head_motion,WRONG,22,p22:02;p22:15;p22:11;p22:04;p22:07;p22:01;p22:03;p22:06,1
3,21,10,head_motion,WRONG,29,p29:09;p29:03;p29:02;p29:14;p29:04;p29:01;p29:12;p29:15,1
3,21,10,head_motion,POP,,p26:14;p27:13;p23:07;p06:11;p30:07;p06:06;p14:05;p06:10,1
3,21,10,head_motion,MATCH,21,p21:01;p21:05;p21:15;p21:07;p21:03;p21:12;p21:14;p21:06,1
3,21,10,chewing,WRONG,1,p01:09;p01:10;p01:02;p01:07;p01:01;p01:04;p01:00;p01:11,1
3,21,10,chewing,WRONG,22,p22:04;p22:10;p22:11;p22:05;p22:07;p22:03;p22:06;p22:01,1
3,21,10,chewing,WRONG,29,p29:09;p29:03;p29:14;p29:05;p29:02;p29:12;p29:01;p29:15,1
3,21,10,chewing,POP,,p30:00;p06:06;p27:11;p06:05;p23:07;p30:07;p14:05;p06:10,1
3,21,10,chewing,MATCH,21,p21:01;p21:15;p21:05;p21:07;p21:12;p21:03;p21:14;p21:06,1
3,21,10,tongue,WRONG,1,p01:06;p01:09;p01:01;p01:14;p01:04;p01:07;p01:11;p01:00,1
3,21,10,tongue,WRONG,22,p22:15;p22:11;p22:10;p22:02;p22:07;p22:01;p22:03;p22:06,1
3,21,10,tongue,WRONG,29,p29:02;p29:09;p29:03;p29:04;p29:12;p29:14;p29:01;p29:15,1
3,21,10,tongue,POP,,p27:13;p05:15;p26:12;p06:11;p26:14;p14:05;p06:06;p06:10,1
3,21,10,tongue,MATCH,21,p21:01;p21:11;p21:15;p21:07;p21:03;p21:12;p21:14;p21:06,1
3,21,10,swallowing,WRONG,1,p01:06;p01:09;p01:07;p01:14;p01:01;p01:04;p01:00;p01:11,1
3,21,10,swallowing,WRONG,22,p22:15;p22:02;p22:09;p22:03;p22:11;p22:06;p22:07;p22:01,1
3,21,10,swallowing,WRONG,29,p29:05;p29:09;p29:04;p29:03;p29:01;p29:14;p29:15;p29:12,1
3,21,10,swallowing,POP,,p30:07;p14:15;p27:13;p06:11;p23:07;p06:06;p14:05;p06:10,1
3,21,10,swallowing,MATCH,21,p21:01;p21:05;p21:15;p21:07;p21:03;p21:12;p21:14;p21:06,1
3,21,10,facial_emg,WRONG,1,p01:10;p01:09;p01:14;p01:07;p01:01;p01:04;p01:00;p01:11,1
3,21,10,facial_emg,WRONG,22,p22:10;p22:09;p22:05;p22:11;p22:07;p22:01;p22:06;p22:03,1
3,21,10,facial_emg,WRONG,29,p29:02;p29:03;p29:09;p29:14;p29:04;p29:12;p29:01;p29:15,1
3,21,10,facial_emg,POP,,p27:11;p13:13;p23:07;p06:06;p06:11;p30:07;p14:05;p06:10,1
3,21,10,facial_emg,MATCH,21,p21:01;p21:05;p21:15;p21:07;p21:03;p21:12;p21:14;p21:06,1
3,21,11,head_motion,WRONG,1,p01:15;p01:13;p01:05;p01:02;p01:14;p01:00;p01:03;p01:12,1
3,21,11,head_motion,WRONG,22,p22:03;p22:12;p22:05;p22:04;p22:09;p22:02;p22:11;p22:00,1
3,21,11,head_motion,WRONG,29,p29:02;p29:11;p29:10;p29:00;p29:07;p29:14;p29:04;p29:13,1
3,21,11,head_motion,POP,,p06:11;p30:06;p02:10;p30:04;p14:07;p06:14;p14:09;p05:08,1
3,21,11,head_motion,MATCH,21,p21:11;p21:08;p21:07;p21:00;p21:09;p21:13;p21:14;p21:12,1
3,21,11,chewing,WRONG,1,p01:05;p01:13;p01:15;p01:02;p01:14;p01:03;p01:00;p01:12,1
3,21,11,chewing,WRONG,22,p22:07;p22:13;p22:05;p22:12;p22:09;p22:00;p22:02;p22:11,1
3,21,11,chewing,WRONG,29,p29:08;p29:10;p29:02;p29:07;p29:00;p29:14;p29:04;p29:13,1
3,21,11,chewing,POP,,p02:10;p06:11;p27:14;p23:14;p14:07;p30:06;p14:09;p05:08,1
3,21,11,chewing,MATCH,21,p21:08;p21:15;p21:06;p21:07;p21:00;p21:13;p21:12;p21:14,1
3,21,11,tongue,WRONG,1,p01:05;p01:15;p01:13;p01:14;p01:02;p01:00;p01:03;p01:12,1
3,21,11,tongue,WRONG,22,p22:05;p22:03;p22:12;p22:04;p22:09;p22:02;p22:11;p22:00,1
3,21,11,tongue,WRONG,29,p29:11;p29:02;p29:10;p29:07;p29:00;p29:14;p29:04;p29:13,1
3,21,11,tongue,POP,,p06:11;p02:10;p30:04;p30:06;p06:14;p14:07;p14:09;p05:08,1
3,21,11,tongue,MATCH,21,p21:02;p21:08;p21:07;p21:09;p21:00;p21:13;p21:14;p21:12,1
3,21,11,swallowing,WRONG,1,p01:05;p01:13;p01:15;p01:02;p01:14;p01:03;p01:00;p01:12,1
3,21,11,swallowing,WRONG,22,p22:07;p22:13;p22:05;p22:12;p22:09;p22:00;p22:02;p22:11,1
3,21,11,swallowing,WRONG,29,p29:08;p29:10;p29:02;p29:07;p29:00;p29:14;p29:04;p29:13,1
3,21,11,swallowing,POP,,p23:09;p02:10;p27:14;p23:14;p14:07;p30:06;p14:09;p05:08,1
3,21,11,swallowing,MATCH,21,p21:02;p21:15;p21:07;p21:06;p21:00;p21:13;p21:12;p21:14,1
3,21,11,facial_emg,WRONG,1,p01:05;p01:13;p01:15;p01:02;p01:14;p01:03;p01:00;p01:12,1
3,21,11,facial_emg,WRONG,22,p22:07;p22:13;p22:05;p22:12;p22:09;p22:00;p22:02;p22:11,1
3,21,11,facial_emg,WRONG,29,p29:08;p29:10;p29:02;p29:07;p29:14;p29:00;p29:04;p29:13,1
3,21,11,facial_emg,POP,,p06:11;p05:07;p27:14;p23:14;p14:07;p30:06;p14:09;p05:08,1
3,21,11,facial_emg,MATCH,21,p21:10;p21:15;p21:06;p21:07;p21:00;p21:13;p21:12;p21:14,1
3,21,12,head_motion,WRONG,1,p01:02;p01:15;p01:06;p01:11;p01:10;p01:14;p01:12;p01:04,1
3,21,12,head_motion,WRONG,22,p22:04;p22:11;p22:01;p22:00;p22:10;p22:15;p22:13;p22:06,1
3,21,12,head_motion,WRONG,29,,1
3,21,12,head_motion,POP,,p18:14;p18:06;p23:11;p23:03;p16:12;p08:12;p18:07;p23:09,1
3,21,12,head_motion,MATCH,21,p21:00;p21:05;p21:02;p21:13;p21:08;p21:01;p21:14;p21:06,1
3,21,12,chewing,WRONG,1,p01:02;p01:06;p01:15;p01:11;p01:10;p01:14;p01:12;p01:04,1
3,21,12,chewing,WRONG,22,p22:03;p22:00;p22:01;p22:04;p22:10;p22:15;p22:13;p22:06,1
3,21,12,chewing,WRONG,29,,1
3,21,12,chewing,POP,,p23:05;p18:06;p23:03;p16:12;p23:11;p08:12;p18:07;p23:09,1
3,21,12,chewing,MATCH,21,p21:05;p21:00;p21:02;p21:13;p21:14;p21:01;p21:08;p21:06,1
3,21,12,tongue,WRONG,1,p01:15;p01:02;p01:11;p01:06;p01:10;p01:12;p01:14;p01:04,1
3,21,12,tongue,WRONG,22,p22:02;p22:00;p22:11;p22:01;p22:10;p22:15;p22:13;p22:06,1
3,21,12,tongue,WRONG,29,,1
3,21,12,tongue,POP,,p23:05;p16:12;p18:06;p23:11;p23:03;p08:12;p18:07;p23:09,1
3,21,12,tongue,MATCH,21,p21:02;p21:13;p21:05;p21:00;p21:08;p21:06;p21:01;p21:14,1
3,21,12,swallowing,WRONG,1,p01:02;p01:06;p01:15;p01:11;p01:10;p01:12;p01:14;p01:04,1
3,21,12,swallowing,WRONG,22,p22:01;p22:00;p22:02;p22:11;p22:10;p22:15;p22:13;p22:06,1
3,21,12,swallowing,WRONG,29,,1
3,21,12,swallowing,POP,,p23:05;p16:12;p18:06;p23:11;p23:03;p08:12;p18:07;p23:09,1
3,21,12,swallowing,MATCH,21,p21:02;p21:13;p21:05;p21:00;p21:08;p21:01;p21:06;p21:14,1
3,21,12,facial_emg,WRONG,1,p01:02;p01:06;p01:15;p01:11;p01:10;p01:14;p01:12;p01:04,1
3,21,12,facial_emg,WRONG,22,p22:03;p22:00;p22:04;p22:11;p22:10;p22:15;p22:13;p22:06,1
3,21,12,facial_emg,WRONG,29,,1
3,21,12,facial_emg,POP,,p18:14;p18:06;p23:11;p23:03;p16:12;p08:12;p18:07;p23:09,1
3,21,12,facial_emg,MATCH,21,p21:05;p21:02;p21:00;p21:13;p21:08;p21:01;p21:06;p21:14,1
3,21,13,head_motion,WRONG,1,p01:05;p01:11;p01:09;p01:07;p01:01;p01:06;p01:10;p01:02,1
3,21,13,head_motion,WRONG,22,p22:07;p22:04;p22:10;p22:13;p22:15;p22:12;p22:11;p22:00,1
3,21,13,head_motion,WRONG,29,,1
3,21,13,head_motion,POP,,p23:09;p08:11;p20:11;p13:07;p06:14;p16:13;p16:14;p13:00,1
3,21,13,head_motion,MATCH,21,p21:04;p21:01;p21:09;p21:11;p21:06;p21:02;p21:13;p21:00,1
3,21,13,chewing,WRONG,1,p01:09;p01:05;p01:11;p01:07;p01:01;p01:06;p01:10;p01:02,1
3,21,13,chewing,WRONG,22,p22:07;p22:04;p22:12;p22:10;p22:11;p22:13;p22:15;p22:00,1
3,21,13,chewing,WRONG,29,,1
3,21,13,chewing,POP,,p16:14;p18:03;p06:14;p20:11;p20:06;p13:00;p13:07;p16:13,1
3,21,13,chewing,MATCH,21,p21:04;p21:11;p21:06;p21:02;p21:09;p21:12;p21:13;p21:00,1
3,21,13,tongue,WRONG,1,p01:05;p01:04;p01:06;p01:07;p01:01;p01:10;p01:02;p01:08,1
3,21,13,tongue,WRONG,22,p22:10;p22:01;p22:08;p22:07;p22:11;p22:04;p22:12;p22:00,1
3,21,13,tongue,WRONG,29,,1
3,21,13,tongue,POP,,p20:10;p16:13;p20:11;p16:15;p23:06;p06:14;p16:14;p13:00,1
3,21,13,tongue,MATCH,21,p21:01;p21:02;p21:12;p21:09;p21:11;p21:06;p21:13;p21:00,1
3,21,13,swallowing,WRONG,1,p01:01;p01:09;p01:07;p01:11;p01:06;p01:14;p01:10;p01:02,1
3,21,13,swallowing,WRONG,22,p22:07;p22:13;p22:04;p22:12;p22:10;p22:15;p22:11;p22:00,1
3,21,13,swallowing,WRONG,29,,1
3,21,13,swallowing,POP,,p13:15;p06:14;p20:11;p02:11;p08:04;p16:15;p20:14;p13:00,1
3,21,13,swallowing,MATCH,21,p21:12;p21:09;p21:06;p21:01;p21:02;p21:11;p21:13;p21:00,1
3,21,13,facial_emg,WRONG,1,p01:11;p01:08;p01:14;p01:07;p01:01;p01:06;p01:10;p01:02,1
3,21,13,facial_emg,WRONG,22,p22:07;p22:04;p22:12;p22:13;p22:10;p22:15;p22:11;p22:00,1
3,21,13,facial_emg,WRONG,29,,1
3,21,13,facial_emg,POP,,p08:11;p16:13;p13:07;p16:15;p20:11;p13:15;p06:14;p13:00,1
3,21,13,facial_emg,MATCH,21,p21:01;p21:09;p21:02;p21:11;p21:06;p21:12;p21:13;p21:00,1
3,21,14,head_motion,WRONG,1,p01:03;p01:08;p01:07;p01:04;p01:05;p01:15;p01:14;p01:11,1
3,21,14,head_motion,WRONG,22,p22:14;p22:09;p22:11;p22:13;p22:04;p22:00;p22:15;p22:10,1
3,21,14,head_motion,WRONG,29,,1
3,21,14,head_motion,POP,,p20:04;p06:13;p18:11;p06:14;p16:03;p16:12;p16:11;p23:12,1
3,21,14,head_motion,MATCH,21,p21:06;p21:13;p21:07;p21:11;p21:03;p21:04;p21:02;p21:09,1
3,21,14,chewing,WRONG,1,p01:07;p01:06;p01:09;p01:04;p01:14;p01:11;p01:05;p01:15,1
3,21,14,chewing,WRONG,22,p22:03;p22:00;p22:10;p22:04;p22:11;p22:15;p22:06;p22:13,1
3,21,14,chewing,WRONG,29,,1
3,21,14,chewing,POP,,p18:11;p08:13;p23:12;p13:00;p16:12;p08:12;p08:08;p23:09,1
3,21,14,chewing,MATCH,21,p21:14;p21:13;p21:02;p21:11;p21:04;p21:00;p21:09;p21:01,1
3,21,14,tongue,WRONG,1,p01:07;p01:13;p01:04;p01:12;p01:05;p01:15;p01:14;p01:11,1
3,21,14,tongue,WRONG,22,p22:01;p22:04;p22:09;p22:11;p22:15;p22:10;p22:00;p22:13,1
3,21,14,tongue,WRONG,29,,1
3,21,14,tongue,POP,,p20:13;p08:05;p16:11;p16:12;p20:11;p23:12;p08:08;p16:03,1
3,21,14,tongue,MATCH,21,p21:06;p21:07;p21:01;p21:04;p21:03;p21:11;p21:02;p21:09,1
3,21,14,swallowing,WRONG,1,p01:12;p01:09;p01:04;p01:06;p01:11;p01:05;p01:15;p01:14,1
3,21,14,swallowing,WRONG,22,p22:01;p22:00;p22:10;p22:04;p22:06;p22:11;p22:15;p22:13,1
3,21,14,swallowing,WRONG,29,,1
3,21,14,swallowing,POP,,p08:13;p16:12;p08:12;p23:11;p20:11;p16:03;p23:09;p08:08,1
3,21,14,swallowing,MATCH,21,p21:06;p21:03;p21:00;p21:04;p21:11;p21:02;p21:01;p21:09,1
3,21,14,facial_emg,WRONG,1,p01:06;p01:12;p01:07;p01:04;p01:11;p01:15;p01:05;p01:14,1
3,21,14,facial_emg,WRONG,22,p22:06;p22:01;p22:00;p22:11;p22:10;p22:04;p22:15;p22:13,1
3,21,14,facial_emg,WRONG,29,,1
3,21,14,facial_emg,POP,,p08:13;p23:12;p16:12;p08:12;p23:09;p20:11;p16:03;p08:08,1
3,21,14,facial_emg,MATCH,21,p21:07;p21:00;p21:03;p21:04;p21:01;p21:11;p21:02;p21:09,1
3,21,15,head_motion,WRONG,1,p01:12;p01:15;p01:02;p01:05;p01:11;p01:08;p01:01;p01:00,1
3,21,15,head_motion,WRONG,22,p22:09;p22:01;p22:10;p22:07;p22:03;p22:02;p22:08;p22:05,1
3,21,15,head_motion,WRONG,29,,1
3,21,15,head_motion,POP,,p16:09;p23:02;p23:04;p23:13;p26:14;p06:05;p06:08;p06:04,1
3,21,15,head_motion,MATCH,21,p21:03;p21:13;p21:00;p21:04;p21:01;p21:09;p21:07;p21:11,1
3,21,15,chewing,WRONG,1,p01:12;p01:15;p01:02;p01:05;p01:01;p01:08;p01:11;p01:00,1
3,21,15,chewing,WRONG,22,p22:09;p22:01;p22:07;p22:03;p22:10;p22:02;p22:08;p22:05,1
3,21,15,chewing,WRONG,29,,1
3,21,15,chewing,POP,,p26:06;p26:14;p23:02;p18:15;p16:09;p06:05;p06:08;p06:04,1
3,21,15,chewing,MATCH,21,p21:14;p21:04;p21:00;p21:03;p21:09;p21:01;p21:07;p21:11,1
3,21,15,tongue,WRONG,1,p01:14;p01:15;p01:02;p01:05;p01:08;p01:11;p01:01;p01:00,1
3,21,15,tongue,WRONG,22,p22:09;p22:01;p22:10;p22:07;p22:03;p22:02;p22:08;p22:05,1
3,21,15,tongue,WRONG,29,,1
3,21,15,tongue,POP,,p16:09;p23:02;p23:13;p23:04;p26:14;p06:05;p06:08;p06:04,1
3,21,15,tongue,MATCH,21,p21:03;p21:13;p21:04;p21:00;p21:01;p21:09;p21:07;p21:11,1
3,21,15,swallowing,WRONG,1,p01:12;p01:15;p01:02;p01:05;p01:11;p01:08;p01:01;p01:00,1
3,21,15,swallowing,WRONG,22,p22:09;p22:01;p22:07;p22:03;p22:02;p22:10;p22:08;p22:05,1
3,21,15,swallowing,WRONG,29,,1
3,21,15,swallowing,POP,,p16:09;p23:02;p23:04;p26:14;p23:13;p06:08;p06:05;p06:04,1
3,21,15,swallowing,MATCH,21,p21:13;p21:03;p21:00;p21:04;p21:01;p21:09;p21:07;p21:11,1
3,21,15,facial_emg,WRONG,1,p01:13;p01:15;p01:02;p01:05;p01:11;p01:08;p01:01;p01:00,1
3,21,15,facial_emg,WRONG,22,p22:09;p22:01;p22:07;p22:03;p22:10;p22:02;p22:08;p22:05,1
3,21,15,facial_emg,WRONG,29,,1
3,21,15,facial_emg,POP,,p18:15;p23:04;p23:02;p16:09;p26:14;p06:08;p06:05;p06:04,1
3,21,15,facial_emg,MATCH,21,p21:13;p21:03;p21:00;p21:04;p21:01;p21:09;p21:07;p21:11,1
3,21,16,head_motion,WRONG,1,p01:10;p01:14;p01:11;p01:05;p01:03;p01:12;p01:15;p01:13,1
3,21,16,head_motion,WRONG,22,p22:15;p22:05;p22:14;p22:11;p22:07;p22:09;p22:13;p22:12,1
3,21,16,head_motion,WRONG,29,p29:12;p29:07;p29:14;p29:10;p29:06;p29:05;p29:08;p29:13,1
3,21,16,head_motion,POP,,p13:14;p18:09;p14:08;p14:10;p06:08;p05:01;p05:07;p06:02,1
3,21,16,head_motion,MATCH,21,p21:11;p21:02;p21:13;p21:00;p21:01;p21:15;p21:08;p21:06,1
3,21,16,chewing,WRONG,1,p01:10;p01:00;p01:05;p01:14;p01:13;p01:15;p01:03;p01:12,1
3,21,16,chewing,WRONG,22,p22:13;p22:12;p22:00;p22:08;p22:09;p22:15;p22:11;p22:02,1
3,21,16,chewing,WRONG,29,p29:09;p29:00;p29:01;p29:14;p29:10;p29:06;p29:07;p29:13,1
3,21,16,chewing,POP,,p05:08;p14:00;p08:09;p18:14;p14:09;p14:07;p05:07;p30:15,1
3,21,16,chewing,MATCH,21,p21:04;p21:14;p21:10;p21:02;p21:08;p21:11;p21:00;p21:13,1
3,21,16,tongue,WRONG,1,p01:05;p01:09;p01:10;p01:15;p01:03;p01:12;p01:14;p01:13,1
3,21,16,tongue,WRONG,22,p22:08;p22:02;p22:07;p22:15;p22:09;p22:12;p22:11;p22:13,1
3,21,16,tongue,WRONG,29,p29:14;p29:12;p29:07;p29:01;p29:10;p29:06;p29:08;p29:13,1
3,21,16,tongue,POP,,p14:07;p18:09;p14:08;p06:08;p14:10;p05:01;p06:02;p05:07,1
3,21,16,tongue,MATCH,21,p21:01;p21:00;p21:02;p21:15;p21:11;p21:08;p21:13;p21:06,1
3,21,16,swallowing,WRONG,1,p01:10;p01:00;p01:14;p01:05;p01:15;p01:13;p01:03;p01:12,1
3,21,16,swallowing,WRONG,22,p22:00;p22:12;p22:13;p22:08;p22:09;p22:15;p22:11;p22:02,1
3,21,16,swallowing,WRONG,29,p29:11;p29:04;p29:10;p29:14;p29:01;p29:06;p29:07;p29:13,1
3,21,16,swallowing,POP,,p18:10;p14:00;p08:09;p18:14;p14:09;p14:07;p30:15;p05:07,1
3,21,16,swallowing,MATCH,21,p21:12;p21:04;p21:14;p21:11;p21:02;p21:08;p21:00;p21:13,1
3,21,16,facial_emg,WRONG,1,p01:10;p01:00;p01:05;p01:14;p01:15;p01:13;p01:03;p01:12,1
3,21,16,facial_emg,WRONG,22,p22:13;p22:12;p22:00;p22:08;p22:09;p22:15;p22:11;p22:02,1
3,21,16,facial_emg,WRONG,29,p29:09;p29:11;p29:10;p29:01;p29:14;p29:06;p29:07;p29:13,1
3,21,16,facial_emg,POP,,p18:10;p14:00;p08:09;p18:14;p14:09;p14:07;p05:07;p30:15,1
3,21,16,facial_emg,MATCH,21,p21:10;p21:12;p21:14;p21:11;p21:08;p21:02;p21:00;p21:13,1
3,21,17,head_motion,WRONG,1,p01:08;p01:04;p01:15;p01:02;p01:06;p01:07;p01:01;p01:00,1
3,21,17,head_motion,WRONG,22,p22:14;p22:12;p22:10;p22:07;p22:05;p22:04;p22:13;p22:06,1
3,21,17,head_motion,WRONG,29,p29:11;p29:00;p29:14;p29:05;p29:15;p29:12;p29:02;p29:08,1
3,21,17,head_motion,POP,,p30:00;p30:07;p05:06;p26:04;p06:05;p14:15;p23:06;p18:08,1
3,21,17,head_motion,MATCH,21,p21:00;p21:04;p21:15;p21:14;p21:05;p21:06;p21:01;p21:07,1
3,21,17,chewing,WRONG,1,p01:04;p01:15;p01:08;p01:06;p01:02;p01:07;p01:01;p01:00,1
3,21,17,chewing,WRONG,22,p22:14;p22:07;p22:10;p22:05;p22:04;p22:12;p22:13;p22:06,1
3,21,17,chewing,WRONG,29,p29:07;p29:04;p29:05;p29:14;p29:12;p29:02;p29:15;p29:08,1
3,21,17,chewing,POP,,p05:06;p14:15;p06:06;p26:14;p23:06;p06:02;p06:08;p18:08,1
3,21,17,chewing,MATCH,21,p21:04;p21:08;p21:15;p21:07;p21:14;p21:05;p21:06;p21:01,1
3,21,17,tongue,WRONG,1,p01:08;p01:02;p01:07;p01:04;p01:15;p01:06;p01:01;p01:00,1
3,21,17,tongue,WRONG,22,p22:09;p22:12;p22:10;p22:05;p22:07;p22:04;p22:13;p22:06,1
3,21,17,tongue,WRONG,29,p29:11;p29:10;p29:12;p29:15;p29:02;p29:14;p29:05;p29:08,1
3,21,17,tongue,POP,,p06:06;p30:07;p26:04;p05:06;p06:05;p14:15;p23:06;p18:08,1
3,21,17,tongue,MATCH,21,p21:00;p21:04;p21:05;p21:14;p21:15;p21:07;p21:01;p21:06,1
3,21,17,swallowing,WRONG,1,p01:08;p01:02;p01:06;p01:15;p01:04;p01:07;p01:01;p01:00,1
3,21,17,swallowing,WRONG,22,p22:09;p22:12;p22:10;p22:04;p22:07;p22:05;p22:13;p22:06,1
3,21,17,swallowing,WRONG,29,p29:05;p29:00;p29:10;p29:12;p29:15;p29:02;p29:14;p29:08,1
3,21,17,swallowing,POP,,p30:00;p05:06;p06:06;p06:08;p14:15;p06:05;p23:06;p18:08,1
3,21,17,swallowing,MATCH,21,p21:00;p21:04;p21:05;p21:15;p21:14;p21:07;p21:06;p21:01,1
3,21,17,facial_emg,WRONG,1,p01:04;p01:15;p01:08;p01:07;p01:02;p01:06;p01:01;p01:00,1
3,21,17,facial_emg,WRONG,22,p22:09;p22:10;p22:07;p22:12;p22:05;p22:04;p22:13;p22:06,1
3,21,17,facial_emg,WRONG,29,p29:00;p29:05;p29:10;p29:02;p29:14;p29:12;p29:15;p29:08,1
3,21,17,facial_emg,POP,,p26:14;p06:02;p06:05;p06:06;p14:15;p06:08;p23:06;p18:08,1
3,21,17,facial_emg,MATCH,21,p21:08;p21:04;p21:15;p21:14;p21:05;p21:07;p21:06;p21:01,1
3,21,18,head_motion,WRONG,1,p01:11;p01:14;p01:15;p01:05;p01:10;p01:12;p01:13;p01:03,1
3,21,18,head_motion,WRONG,22,p22:05;p22:00;p22:09;p22:02;p22:11;p22:15;p22:08;p22:12,1
3,21,18,head_motion,WRONG,29,p29:03;p29:10;p29:11;p29:07;p29:06;p29:04;p29:00;p29:13,1
3,21,18,head_motion,POP,,p05:14;p06:01;p06:15;p18:14;p14:06;p05:07;p14:07;p30:15,1
3,21,18,head_motion,MATCH,21,p21:04;p21:10;p21:13;p21:09;p21:11;p21:08;p21:02;p21:00,1
3,21,18,chewing,WRONG,1,p01:11;p01:05;p01:15;p01:14;p01:12;p01:10;p01:13;p01:03,1
3,21,18,chewing,WRONG,22,p22:05;p22:00;p22:14;p22:09;p22:08;p22:12;p22:15;p22:11,1
3,21,18,chewing,WRONG,29,p29:01;p29:10;p29:07;p29:12;p29:04;p29:06;p29:00;p29:13,1
3,21,18,chewing,POP,,p26:06;p23:10;p06:15;p18:14;p14:06;p30:15;p14:07;p05:07,1
3,21,18,chewing,MATCH,21,p21:04;p21:09;p21:10;p21:13;p21:11;p21:02;p21:08;p21:00,1
3,21,18,tongue,WRONG,1,p01:15;p01:09;p01:14;p01:10;p01:13;p01:05;p01:12;p01:03,1
3,21,18,tongue,WRONG,22,p22:07;p22:05;p22:02;p22:09;p22:11;p22:08;p22:15;p22:12,1
3,21,18,tongue,WRONG,29,p29:09;p29:03;p29:10;p29:04;p29:00;p29:06;p29:07;p29:13,1
3,21,18,tongue,POP,,p14:06;p23:10;p06:15;p05:14;p18:14;p05:07;p14:07;p30:15,1
3,21,18,tongue,MATCH,21,p21:10;p21:12;p21:13;p21:09;p21:11;p21:08;p21:02;p21:00,1
3,21,18,swallowing,WRONG,1,p01:05;p01:11;p01:15;p01:14;p01:12;p01:10;p01:13;p01:03,1
3,21,18,swallowing,WRONG,22,p22:05;p22:00;p22:09;p22:14;p22:08;p22:12;p22:15;p22:11,1
3,21,18,swallowing,WRONG,29,p29:01;p29:02;p29:12;p29:07;p29:00;p29:04;p29:06;p29:13,1
3,21,18,swallowing,POP,,p06:01;p23:10;p18:14;p06:15;p14:06;p14:07;p30:15;p05:07,1
3,21,18,swallowing,MATCH,21,p21:10;p21:04;p21:09;p21:11;p21:13;p21:02;p21:08;p21:00,1
3,21,18,facial_emg,WRONG,1,p01:05;p01:11;p01:15;p01:14;p01:12;p01:10;p01:13;p01:03,1
3,21,18,facial_emg,WRONG,22,p22:05;p22:00;p22:14;p22:09;p22:08;p22:12;p22:15;p22:11,1
3,21,18,facial_emg,WRONG,29,p29:01;p29:10;p29:12;p29:07;p29:04;p29:00;p29:06;p29:13,1
3,21,18,facial_emg,POP,,p26:06;p23:10;p06:15;p18:14;p14:06;p30:15;p14:07;p05:07,1
3,21,18,facial_emg,MATCH,21,p21:10;p21:04;p21:09;p21:11;p21:13;p21:02;p21:08;p21:00,1
3,21,19,head_motion,WRONG,1,p01:05;p01:14;p01:08;p01:07;p01:04;p01:06;p01:11;p01:00,1
3,21,19,head_motion,WRONG,22,p22:08;p22:02;p22:10;p22:15;p22:01;p22:04;p22:03;p22:06,1
3,21,19,head_motion,WRONG,29,p29:04;p29:14;p29:12;p29:00;p29:10;p29:01;p29:03;p29:15,1
3,21,19,head_motion,POP,,p05:15;p06:06;p14:03;p06:10;p14:12;p13:00;p26:14;p14:05,1
3,21,19,head_motion,MATCH,21,p21:02;p21:08;p21:10;p21:13;p21:07;p21:04;p21:03;p21:06,1
3,21,19,chewing,WRONG,1,p01:06;p01:04;p01:14;p01:00;p01:11;p01:05;p01:08;p01:09,1
3,21,19,chewing,WRONG,22,p22:06;p22:14;p22:08;p22:04;p22:07;p22:15;p22:03;p22:01,1
3,21,19,chewing,WRONG,29,p29:10;p29:05;p29:09;p29:11;p29:00;p29:01;p29:15;p29:03,1
3,21,19,chewing,POP,,p23:11;p14:01;p06:14;p23:13;p13:01;p23:15;p14:05;p06:10,1
3,21,19,chewing,MATCH,21,p21:02;p21:06;p21:15;p21:07;p21:10;p21:13;p21:04;p21:03,1
3,21,19,tongue,WRONG,1,p01:06;p01:09;p01:05;p01:08;p01:07;p01:04;p01:11;p01:00,1
3,21,19,tongue,WRONG,22,p22:02;p22:08;p22:10;p22:15;p22:04;p22:01;p22:03;p22:06,1
3,21,19,tongue,WRONG,29,p29:14;p29:12;p29:09;p29:00;p29:10;p29:01;p29:03;p29:15,1
3,21,19,tongue,POP,,p06:06;p13:01;p23:15;p13:00;p14:12;p06:10;p26:14;p14:05,1
3,21,19,tongue,MATCH,21,p21:12;p21:02;p21:07;p21:13;p21:10;p21:04;p21:06;p21:03,1
3,21,19,swallowing,WRONG,1,p01:06;p01:14;p01:04;p01:08;p01:09;p01:11;p01:05;p01:00,1
3,21,19,swallowing,WRONG,22,p22:14;p22:04;p22:08;p22:07;p22:06;p22:03;p22:15;p22:01,1
3,21,19,swallowing,WRONG,29,p29:14;p29:00;p29:09;p29:11;p29:01;p29:10;p29:15;p29:03,1
3,21,19,swallowing,POP,,p13:00;p14:12;p06:14;p23:13;p13:01;p23:15;p14:05;p06:10,1
3,21,19,swallowing,MATCH,21,p21:15;p21:01;p21:07;p21:06;p21:10;p21:13;p21:04;p21:03,1
3,21,19,facial_emg,WRONG,1,p01:14;p01:06;p01:04;p01:11;p01:05;p01:09;p01:00;p01:08,1
3,21,19,facial_emg,WRONG,22,p22:14;p22:06;p22:08;p22:04;p22:07;p22:15;p22:03;p22:01,1
3,21,19,facial_emg,WRONG,29,p29:05;p29:11;p29:09;p29:00;p29:01;p29:10;p29:15;p29:03,1
3,21,19,facial_emg,POP,,p06:03;p14:12;p06:14;p23:13;p13:01;p23:15;p14:05;p06:10,1
3,21,19,facial_emg,MATCH,21,p21:01;p21:15;p21:06;p21:07;p21:10;p21:13;p21:04;p21:03,1
3,21,20,head_motion,WRONG,1,p01:10;p01:15;p01:11;p01:02;p01:14;p01:07;p01:06;p01:04,1
3,21,20,head_motion,WRONG,22,p22:11;p22:13;p22:03;p22:15;p22:01;p22:00;p22:06;p22:09,1
3,21,20,head_motion,WRONG,29,,1
3,21,20,head_motion,POP,,p18:06;p18:15;p23:00;p16:07;p23:09;p20:01;p08:12;p18:07,1
3,21,20,head_motion,MATCH,21,p21:00;p21:14;p21:15;p21:13;p21:01;p21:05;p21:06;p21:11,1
3,21,20,chewing,WRONG,1,p01:12;p01:14;p01:15;p01:11;p01:02;p01:07;p01:06;p01:04,1
3,21,20,chewing,WRONG,22,p22:13;p22:11;p22:03;p22:15;p22:00;p22:09;p22:06;p22:01,1
3,21,20,chewing,WRONG,29,,1
3,21,20,chewing,POP,,p18:15;p08:09;p23:00;p16:07;p23:09;p20:01;p08:12;p18:07,1
3,21,20,chewing,MATCH,21,p21:14;p21:09;p21:05;p21:15;p21:01;p21:13;p21:06;p21:11,1
3,21,20,tongue,WRONG,1,p01:09;p01:10;p01:15;p01:11;p01:07;p01:06;p01:14;p01:04,1
3,21,20,tongue,WRONG,22,p22:02;p22:11;p22:13;p22:01;p22:15;p22:00;p22:06;p22:09,1
3,21,20,tongue,WRONG,29,,1
3,21,20,tongue,POP,,p23:00;p18:06;p20:01;p18:15;p23:09;p06:07;p08:12;p18:07,1
3,21,20,tongue,MATCH,21,p21:09;p21:13;p21:15;p21:14;p21:01;p21:05;p21:06;p21:11,1
3,21,20,swallowing,WRONG,1,p01:10;p01:02;p01:15;p01:11;p01:07;p01:14;p01:04;p01:06,1
3,21,20,swallowing,WRONG,22,p22:11;p22:13;p22:15;p22:03;p22:00;p22:01;p22:09;p22:06,1
3,21,20,swallowing,WRONG,29,,1
3,21,20,swallowing,POP,,p18:06;p23:00;p06:07;p18:15;p20:01;p23:09;p08:12;p18:07,1
3,21,20,swallowing,MATCH,21,p21:13;p21:09;p21:15;p21:14;p21:01;p21:05;p21:06;p21:11,1
3,21,20,facial_emg,WRONG,1,p01:09;p01:10;p01:15;p01:11;p01:07;p01:06;p01:14;p01:04,1
3,21,20,facial_emg,WRONG,22,p22:13;p22:11;p22:03;p22:15;p22:00;p22:01;p22:06;p22:09,1
3,21,20,facial_emg,WRONG,29,,1
3,21,20,facial_emg,POP,,p02:12;p13:09;p20:01;p23:09;p18:15;p06:07;p08:12;p18:07,1
3,21,20,facial_emg,MATCH,21,p21:13;p21:15;p21:09;p21:14;p21:05;p21:01;p21:06;p21:11,1
3,21,21,head_motion,WRONG,1,p01:11;p01:12;p01:06;p01:13;p01:09;p01:03;p01:02;p01:10,1
3,21,21,head_motion,WRONG,22,p22:05;p22:11;p22:01;p22:13;p22:15;p22:10;p22:00;p22:12,1
3,21,21,head_motion,WRONG,29,,1
3,21,21,head_motion,POP,,p13:07;p23:07;p16:15;p16:10;p06:15;p20:13;p06:12;p16:14,1
3,21,21,head_motion,MATCH,21,p21:00;p21:14;p21:07;p21:02;p21:03;p21:05;p21:01;p21:11,1
3,21,21,chewing,WRONG,1,p01:04;p01:13;p01:02;p01:09;p01:14;p01:11;p01:10;p01:03,1
3,21,21,chewing,WRONG,22,p22:06;p22:05;p22:11;p22:13;p22:00;p22:15;p22:10;p22:12,1
3,21,21,chewing,WRONG,29,,1
3,21,21,chewing,POP,,p20:14;p20:11;p16:14;p16:15;p20:13;p18:02;p16:10;p20:06,1
3,21,21,chewing,MATCH,21,p21:13;p21:09;p21:14;p21:01;p21:07;p21:05;p21:03;p21:11,1
3,21,21,tongue,WRONG,1,p01:14;p01:12;p01:13;p01:02;p01:11;p01:09;p01:03;p01:10,1
3,21,21,tongue,WRONG,22,p22:11;p22:05;p22:01;p22:13;p22:00;p22:15;p22:10;p22:12,1
3,21,21,tongue,WRONG,29,,1
3,21,21,tongue,POP,,p20:06;p16:10;p06:12;p23:07;p20:13;p16:15;p16:14;p06:15,1
3,21,21,tongue,MATCH,21,p21:09;p21:14;p21:07;p21:05;p21:02;p21:01;p21:11;p21:03,1
3,21,21,swallowing,WRONG,1,p01:04;p01:14;p01:02;p01:13;p01:09;p01:11;p01:03;p01:10,1
3,21,21,swallowing,WRONG,22,p22:04;p22:05;p22:11;p22:13;p22:00;p22:15;p22:10;p22:12,1
3,21,21,swallowing,WRONG,29,,1
3,21,21,swallowing,POP,,p20:14;p16:14;p20:13;p20:06;p06:15;p18:02;p16:15;p16:10,1
3,21,21,swallowing,MATCH,21,p21:02;p21:09;p21:05;p21:14;p21:07;p21:01;p21:11;p21:03,1
3,21,21,facial_emg,WRONG,1,p01:04;p01:13;p01:02;p01:14;p01:09;p01:11;p01:03;p01:10,1
3,21,21,facial_emg,WRONG,22,p22:04;p22:05;p22:11;p22:15;p22:00;p22:13;p22:10;p22:12,1
3,21,21,facial_emg,WRONG,29,,1
3,21,21,facial_emg,POP,,p23:07;p20:06;p20:14;p18:02;p20:13;p16:14;p16:15;p16:10,1
3,21,21,facial_emg,MATCH,21,p21:14;p21:02;p21:09;p21:05;p21:07;p21:01;p21:03;p21:11,1
3,21,22,head_motion,WRONG,1,p01:03;p01:15;p01:12;p01:05;p01:08;p01:06;p01:01;p01:00,1
3,21,22,head_motion,WRONG,22,p22:14;p22:10;p22:05;p22:15;p22:07;p22:12;p22:09;p22:08,1
3,21,22,head_motion,WRONG,29,,1
3,21,22,head_motion,POP,,p18:04;p16:10;p23:14;p23:13;p26:10;p26:09;p23:10;p06:08,1
3,21,22,head_motion,MATCH,21,p21:04;p21:06;p21:05;p21:03;p21:15;p21:08;p21:10;p21:12,1
3,21,22,chewing,WRONG,1,p01:03;p01:15;p01:12;p01:05;p01:06;p01:08;p01:01;p01:00,1
3,21,22,chewing,WRONG,22,p22:01;p22:14;p22:07;p22:02;p22:05;p22:09;p22:12;p22:08,1
3,21,22,chewing,WRONG,29,,1
3,21,22,chewing,POP,,p20:04;p23:14;p23:06;p26:09;p26:10;p23:13;p23:10;p06:08,1
3,21,22,chewing,MATCH,21,p21:06;p21:02;p21:04;p21:08;p21:05;p21:15;p21:10;p21:12,1
3,21,22,tongue,WRONG,1,p01:12;p01:15;p01:11;p01:10;p01:08;p01:06;p01:01;p01:00,1
3,21,22,tongue,WRONG,22,p22:11;p22:05;p22:07;p22:12;p22:15;p22:10;p22:09;p22:08,1
3,21,22,tongue,WRONG,29,,1
3,21,22,tongue,POP,,p23:06;p18:12;p26:10;p08:15;p06:08;p18:04;p26:09;p23:10,1
3,21,22,tongue,MATCH,21,p21:04;p21:15;p21:14;p21:05;p21:03;p21:08;p21:10;p21:12,1
3,21,22,swallowing,WRONG,1,p01:11;p01:12;p01:15;p01:05;p01:08;p01:06;p01:01;p01:00,1
3,21,22,swallowing,WRONG,22,p22:02;p22:14;p22:01;p22:07;p22:05;p22:09;p22:12;p22:08,1
3,21,22,swallowing,WRONG,29,,1
3,21,22,swallowing,POP,,p18:04;p08:15;p26:09;p26:10;p23:06;p23:13;p06:08;p23:10,1
3,21,22,swallowing,MATCH,21,p21:02;p21:04;p21:05;p21:15;p21:08;p21:03;p21:10;p21:12,1
3,21,22,facial_emg,WRONG,1,p01:11;p01:05;p01:09;p01:08;p01:15;p01:06;p01:01;p01:00,1
3,21,22,facial_emg,WRONG,22,p22:02;p22:11;p22:01;p22:12;p22:05;p22:07;p22:09;p22:08,1
3,21,22,facial_emg,WRONG,29,,1
3,21,22,facial_emg,POP,,p18:04;p26:10;p13:10;p08:15;p26:09;p06:08;p23:13;p23:10,1
3,21,22,facial_emg,MATCH,21,p21:04;p21:11;p21:15;p21:14;p21:03;p21:08;p21:12;p21:10,1
3,21,23,head_motion,WRONG,1,p01:13;p01:07;p01:15;p01:06;p01:01;p01:08;p01:03;p01:00,1
3,21,23,head_motion,WRONG,22,p22:03;p22:15;p22:02;p22:10;p22:11;p22:07;p22:08;p22:05,1
3,21,23,head_motion,WRONG,29,,1
3,21,23,head_motion,POP,,p16:10;p18:04;p23:10;p23:08;p23:06;p18:09;p26:14;p23:13,1
3,21,23,head_motion,MATCH,21,p21:04;p21:02;p21:06;p21:15;p21:09;p21:10;p21:08;p21:03,1
3,21,23,chewing,WRONG,1,p01:02;p01:11;p01:13;p01:06;p01:08;p01:03;p01:01;p01:00,1
3,21,23,chewing,WRONG,22,p22:09;p22:10;p22:03;p22:11;p22:02;p22:07;p22:08;p22:05,1
3,21,23,chewing,WRONG,29,,1
3,21,23,chewing,POP,,p23:10;p23:06;p23:14;p23:08;p18:04;p18:09;p26:14;p23:13,1
3,21,23,chewing,MATCH,21,p21:09;p21:15;p21:04;p21:13;p21:12;p21:03;p21:10;p21:08,1
3,21,23,tongue,WRONG,1,p01:05;p01:06;p01:07;p01:08;p01:01;p01:15;p01:03;p01:00,1
3,21,23,tongue,WRONG,22,p22:15;p22:09;p22:10;p22:02;p22:11;p22:07;p22:08;p22:05,1
3,21,23,tongue,WRONG,29,,1
3,21,23,tongue,POP,,p18:09;p23:06;p26:14;p23:08;p23:12;p23:10;p16:10;p23:13,1
3,21,23,tongue,MATCH,21,p21:10;p21:13;p21:09;p21:06;p21:15;p21:08;p21:02;p21:03,1
3,21,23,swallowing,WRONG,1,p01:13;p01:12;p01:05;p01:01;p01:06;p01:08;p01:03;p01:00,1
3,21,23,swallowing,WRONG,22,p22:09;p22:11;p22:03;p22:10;p22:02;p22:07;p22:05;p22:08,1
3,21,23,swallowing,WRONG,29,,1
3,21,23,swallowing,POP,,p23:10;p06:04;p23:14;p23:12;p16:10;p18:09;p26:14;p23:13,1
3,21,23,swallowing,MATCH,21,p21:10;p21:06;p21:13;p21:09;p21:15;p21:02;p21:08;p21:03,1
3,21,23,facial_emg,WRONG,1,p01:05;p01:12;p01:15;p01:08;p01:01;p01:06;p01:03;p01:00,1
3,21,23,facial_emg,WRONG,22,p22:15;p22:11;p22:10;p22:03;p22:02;p22:07;p22:05;p22:08,1
3,21,23,facial_emg,WRONG,29,,1
3,21,23,facial_emg,POP,,p26:05;p23:14;p23:10;p23:12;p16:10;p26:14;p18:09;p23:13,1
3,21,23,facial_emg,MATCH,21,p21:10;p21:09;p21:06;p21:13;p21:15;p21:02;p21:08;p21:03,1
3,21,24,head_motion,WRONG,1,p01:01;p01:02;p01:11;p01:04;p01:06;p01:08;p01:07;p01:00,1
3,21,24,head_motion,WRONG,22,p22:05;p22:11;p22:13;p22:00;p22:10;p22:06;p22:03;p22:04,1
3,21,24,head_motion,WRONG,29,p29:07;p29:14;p29:02;p29:04;p29:12;p29:10;p29:01;p29:15,1
3,21,24,head_motion,POP,,p05:15;p26:12;p06:06;p14:03;p14:12;p13:00;p06:12;p26:14,1
3,21,24,head_motion,MATCH,21,p21:10;p21:14;p21:15;p21:01;p21:05;p21:07;p21:08;p21:06,1
3,21,24,chewing,WRONG,1,p01:04;p01:09;p01:07;p01:06;p01:02;p01:08;p01:01;p01:00,1
3,21,24,chewing,WRONG,22,p22:12;p22:01;p22:07;p22:03;p22:13;p22:10;p22:06;p22:04,1
3,21,24,chewing,WRONG,29,p29:14;p29:12;p29:11;p29:10;p29:02;p29:05;p29:08;p29:15,1
3,21,24,chewing,POP,,p06:02;p23:11;p06:06;p23:06;p06:12;p18:08;p06:08;p26:14,1
3,21,24,chewing,MATCH,21,p21:11;p21:03;p21:14;p21:15;p21:07;p21:05;p21:06;p21:01,1
3,21,24,tongue,WRONG,1,p01:02;p01:01;p01:04;p01:11;p01:06;p01:08;p01:07;p01:00,1
3,21,24,tongue,WRONG,22,p22:14;p22:13;p22:11;p22:00;p22:10;p22:06;p22:03;p22:04,1
3,21,24,tongue,WRONG,29,p29:11;p29:14;p29:02;p29:12;p29:04;p29:10;p29:01;p29:15,1
3,21,24,tongue,POP,,p05:10;p26:12;p02:10;p14:03;p14:12;p13:00;p06:12;p26:14,1
3,21,24,tongue,MATCH,21,p21:03;p21:15;p21:14;p21:01;p21:05;p21:07;p21:06;p21:08,1
3,21,24,swallowing,WRONG,1,p01:09;p01:04;p01:07;p01:06;p01:02;p01:08;p01:01;p01:00,1
3,21,24,swallowing,WRONG,22,p22:05;p22:01;p22:13;p22:07;p22:03;p22:10;p22:06;p22:04,1
3,21,24,swallowing,WRONG,29,p29:14;p29:05;p29:12;p29:02;p29:11;p29:10;p29:08;p29:15,1
3,21,24,swallowing,POP,,p23:06;p06:06;p05:06;p13:00;p06:12;p06:08;p18:08;p26:14,1
3,21,24,swallowing,MATCH,21,p21:11;p21:03;p21:14;p21:15;p21:07;p21:01;p21:05;p21:06,1
3,21,24,facial_emg,WRONG,1,p01:09;p01:06;p01:02;p01:04;p01:07;p01:08;p01:01;p01:00,1
3,21,24,facial_emg,WRONG,22,p22:05;p22:01;p22:07;p22:13;p22:03;p22:10;p22:06;p22:04,1
3,21,24,facial_emg,WRONG,29,p29:12;p29:02;p29:05;p29:11;p29:14;p29:10;p29:08;p29:15,1
3,21,24,facial_emg,POP,,p23:06;p06:06;p05:06;p13:00;p06:12;p06:08;p18:08;p26:14,1
3,21,24,facial_emg,MATCH,21,p21:08;p21:03;p21:14;p21:15;p21:07;p21:01;p21:05;p21:06,1
3,21,25,head_motion,WRONG,1,p01:08;p01:11;p01:06;p01:14;p01:05;p01:09;p01:04;p01:13,1
3,21,25,head_motion,WRONG,22,p22:05;p22:13;p22:07;p22:14;p22:01;p22:08;p22:03;p22:15,1
3,21,25,head_motion,WRONG,29,p29:06;p29:12;p29:11;p29:08;p29:00;p29:03;p29:01;p29:05,1
3,21,25,head_motion,POP,,p02:09;p06:10;p05:09;p14:06;p14:07;p06:14;p26:09;p13:01,1
3,21,25,head_motion,MATCH,21,p21:03;p21:00;p21:07;p21:11;p21:08;p21:02;p21:04;p21:10,1
3,21,25,chewing,WRONG,1,p01:06;p01:08;p01:14;p01:11;p01:04;p01:05;p01:09;p01:13,1
3,21,25,chewing,WRONG,22,p22:13;p22:05;p22:14;p22:07;p22:01;p22:08;p22:03;p22:15,1
3,21,25,chewing,WRONG,29,p29:12;p29:11;p29:03;p29:15;p29:06;p29:00;p29:05;p29:01,1
3,21,25,chewing,POP,,p02:14;p26:13;p14:06;p02:09;p14:07;p06:14;p26:09;p13:01,1
3,21,25,chewing,MATCH,21,p21:15;p21:07;p21:00;p21:11;p21:02;p21:08;p21:04;p21:10,1
3,21,25,tongue,WRONG,1,p01:10;p01:14;p01:11;p01:06;p01:05;p01:04;p01:09;p01:13,1
3,21,25,tongue,WRONG,22,p22:13;p22:05;p22:07;p22:14;p22:01;p22:08;p22:03;p22:15,1
3,21,25,tongue,WRONG,29,p29:08;p29:12;p29:11;p29:06;p29:00;p29:03;p29:05;p29:01,1
3,21,25,tongue,POP,,p06:05;p06:10;p05:09;p14:06;p14:07;p26:09;p06:14;p13:01,1
3,21,25,tongue,MATCH,21,p21:00;p21:03;p21:11;p21:07;p21:08;p21:02;p21:04;p21:10,1
3,21,25,swallowing,WRONG,1,p01:10;p01:06;p01:14;p01:11;p01:05;p01:04;p01:09;p01:13,1
3,21,25,swallowing,WRONG,22,p22:13;p22:05;p22:07;p22:14;p22:01;p22:08;p22:03;p22:15,1
3,21,25,swallowing,WRONG,29,p29:14;p29:12;p29:11;p29:06;p29:00;p29:03;p29:05;p29:01,1
3,21,25,swallowing,POP,,p26:13;p06:10;p02:09;p14:06;p14:07;p26:09;p06:14;p13:01,1
3,21,25,swallowing,MATCH,21,p21:07;p21:03;p21:00;p21:11;p21:02;p21:08;p21:04;p21:10,1
3,21,25,facial_emg,WRONG,1,p01:08;p01:06;p01:14;p01:11;p01:04;p01:05;p01:09;p01:13,1
3,21,25,facial_emg,WRONG,22,p22:13;p22:05;p22:07;p22:14;p22:01;p22:08;p22:03;p22:15,1
3,21,25,facial_emg,WRONG,29,p29:14;p29:12;p29:11;p29:06;p29:03;p29:05;p29:00;p29:01,1
3,21,25,facial_emg,POP,,p26:13;p06:10;p02:09;p14:06;p14:07;p26:09;p06:14;p13:01,1
3,21,25,facial_emg,MATCH,21,p21:07;p21:03;p21:00;p21:11;p21:02;p21:08;p21:04;p21:10,1
3,21,26,head_motion,WRONG,1,p01:04;p01:07;p01:08;p01:09;p01:05;p01:11;p01:13;p01:00,1
3,21,26,head_motion,WRONG,22,p22:14;p22:08;p22:07;p22:06;p22:04;p22:15;p22:01;p22:03,1
3,21,26,head_motion,WRONG,29,p29:09;p29:00;p29:12;p29:08;p29:14;p29:11;p29:03;p29:15,1
3,21,26,head_motion,POP,,p06:08;p14:12;p06:12;p06:14;p13:01;p23:15;p14:05;p06:10,1
3,21,26,head_motion,MATCH,21,p21:02;p21:11;p21:08;p21:13;p21:10;p21:04;p21:06;p21:03,1
3,21,26,chewing,WRONG,1,p01:10;p01:04;p01:14;p01:11;p01:05;p01:00;p01:08;p01:09,1
3,21,26,chewing,WRONG,22,p22:05;p22:14;p22:04;p22:07;p22:08;p22:03;p22:15;p22:01,1
3,21,26,chewing,WRONG,29,p29:10;p29:00;p29:05;p29:01;p29:09;p29:15;p29:11;p29:03,1
3,21,26,chewing,POP,,p14:01;p23:08;p26:13;p06:14;p14:05;p23:15;p13:01;p06:10,1
3,21,26,chewing,MATCH,21,p21:02;p21:15;p21:07;p21:11;p21:13;p21:10;p21:04;p21:03,1
3,21,26,tongue,WRONG,1,p01:04;p01:13;p01:05;p01:07;p01:08;p01:09;p01:11;p01:00,1
3,21,26,tongue,WRONG,22,p22:14;p22:06;p22:08;p22:07;p22:15;p22:04;p22:01;p22:03,1
3,21,26,tongue,WRONG,29,p29:09;p29:12;p29:00;p29:01;p29:14;p29:11;p29:03;p29:15,1
3,21,26,tongue,POP,,p26:14;p14:12;p06:12;p06:14;p13:01;p23:15;p14:05;p06:10,1
3,21,26,tongue,MATCH,21,p21:02;p21:08;p21:11;p21:06;p21:13;p21:10;p21:04;p21:03,1
3,21,26,swallowing,WRONG,1,p01:13;p01:04;p01:05;p01:07;p01:11;p01:08;p01:09;p01:00,1
3,21,26,swallowing,WRONG,22,p22:13;p22:14;p22:07;p22:08;p22:15;p22:04;p22:01;p22:03,1
3,21,26,swallowing,WRONG,29,p29:10;p29:14;p29:00;p29:09;p29:01;p29:11;p29:03;p29:15,1
3,21,26,swallowing,POP,,p14:12;p06:12;p26:14;p06:14;p13:01;p14:05;p23:15;p06:10,1
3,21,26,swallowing,MATCH,21,p21:02;p21:12;p21:07;p21:11;p21:13;p21:10;p21:04;p21:03,1
3,21,26,facial_emg,WRONG,1,p01:14;p01:07;p01:04;p01:11;p01:05;p01:00;p01:08;p01:09,1
3,21,26,facial_emg,WRONG,22,p22:05;p22:14;p22:04;p22:07;p22:08;p22:03;p22:15;p22:01,1
3,21,26,facial_emg,WRONG,29,p29:12;p29:10;p29:05;p29:01;p29:09;p29:11;p29:15;p29:03,1
3,21,26,facial_emg,POP,,p23:08;p14:12;p26:13;p06:14;p14:05;p13:01;p23:15;p06:10,1
3,21,26,facial_emg,MATCH,21,p21:15;p21:02;p21:07;p21:11;p21:10;p21:13;p21:04;p21:03,1
3,21,27,head_motion,WRONG,1,p01:09;p01:00;p01:03;p01:10;p01:15;p01:05;p01:14;p01:12,1
3,21,27,head_motion,WRONG,22,p22:05;p22:10;p22:07;p22:13;p22:09;p22:11;p22:02;p22:01,1
3,21,27,head_motion,WRONG,29,p29:09;p29:11;p29:10;p29:04;p29:08;p29:02;p29:13;p29:03,1
3,21,27,head_motion,POP,,p14:05;p30:14;p23:13;p06:10;p06:03;p05:07;p06:05;p23:15,1
3,21,27,head_motion,MATCH,21,p21:11;p21:04;p21:14;p21:12;p21:15;p21:01;p21:13;p21:03,1
3,21,27,chewing,WRONG,1,p01:03;p01:11;p01:10;p01:15;p01:00;p01:14;p01:05;p01:12,1
3,21,27,chewing,WRONG,22,p22:04;p22:08;p22:07;p22:09;p22:10;p22:11;p22:02;p22:01,1
3,21,27,chewing,WRONG,29,p29:00;p29:04;p29:02;p29:14;p29:15;p29:10;p29:13;p29:03,1
3,21,27,chewing,POP,,p30:15;p06:03;p06:10;p23:13;p30:14;p23:15;p14:05;p05:07,1
3,21,27,chewing,MATCH,21,p21:10;p21:04;p21:01;p21:11;p21:14;p21:12;p21:03;p21:13,1
3,21,27,tongue,WRONG,1,p01:00;p01:02;p01:10;p01:03;p01:15;p01:14;p01:05;p01:12,1
3,21,27,tongue,WRONG,22,p22:05;p22:10;p22:07;p22:13;p22:09;p22:11;p22:02;p22:01,1
3,21,27,tongue,WRONG,29,p29:11;p29:10;p29:09;p29:04;p29:02;p29:08;p29:13;p29:03,1
3,21,27,tongue,POP,,p30:14;p14:05;p23:13;p06:03;p06:10;p05:07;p23:15;p06:05,1
3,21,27,tongue,MATCH,21,p21:10;p21:14;p21:04;p21:15;p21:12;p21:01;p21:13;p21:03,1
3,21,27,swallowing,WRONG,1,p01:09;p01:10;p01:00;p01:15;p01:03;p01:14;p01:05;p01:12,1
3,21,27,swallowing,WRONG,22,p22:08;p22:10;p22:15;p22:07;p22:09;p22:11;p22:02;p22:01,1
3,21,27,swallowing,WRONG,29,p29:11;p29:00;p29:14;p29:10;p29:02;p29:04;p29:13;p29:03,1
3,21,27,swallowing,POP,,p18:14;p14:05;p30:14;p06:03;p23:13;p06:10;p23:15;p05:07,1
3,21,27,swallowing,MATCH,21,p21:10;p21:04;p21:11;p21:14;p21:01;p21:12;p21:13;p21:03,1
3,21,27,facial_emg,WRONG,1,p01:11;p01:03;p01:10;p01:15;p01:00;p01:14;p01:05;p01:12,1
3,21,27,facial_emg,WRONG,22,p22:05;p22:08;p22:07;p22:09;p22:10;p22:11;p22:02;p22:01,1
3,21,27,facial_emg,WRONG,29,p29:11;p29:02;p29:14;p29:10;p29:00;p29:04;p29:13;p29:03,1
3,21,27,facial_emg,POP,,p30:15;p06:03;p23:13;p30:14;p06:10;p14:05;p23:15;p05:07,1
3,21,27,facial_emg,MATCH,21,p21:10;p21:11;p21:04;p21:14;p21:01;p21:12;p21:13;p21:03,1
3,21,28,head_motion,WRONG,1,p01:02;p01:09;p01:12;p01:06;p01:01;p01:11;p01:08;p01:00,1
3,21,28,head_motion,WRONG,22,p22:09;p22:07;p22:11;p22:08;p22:05;p22:00;p22:02;p22:12,1
3,21,28,head_motion,WRONG,29,,1
3,21,28,head_motion,POP,,p26:10;p20:13;p23:10;p18:11;p26:02;p23:08;p23:13;p18:10,1
3,21,28,head_motion,MATCH,21,p21:14;p21:05;p21:04;p21:08;p21:00;p21:07;p21:11;p21:03,1
3,21,28,chewing,WRONG,1,p01:10;p01:05;p01:15;p01:06;p01:09;p01:01;p01:00;p01:08,1
3,21,28,chewing,WRONG,22,p22:14;p22:00;p22:10;p22:04;p22:05;p22:02;p22:08;p22:12,1
3,21,28,chewing,WRONG,29,,1
3,21,28,chewing,POP,,p18:05;p08:06;p23:08;p06:15;p26:09;p23:13;p23:10;p18:10,1
3,21,28,chewing,MATCH,21,p21:10;p21:09;p21:04;p21:11;p21:05;p21:00;p21:07;p21:03,1
3,21,28,tongue,WRONG,1,p01:02;p01:06;p01:15;p01:09;p01:01;p01:11;p01:00;p01:08,1
3,21,28,tongue,WRONG,22,p22:09;p22:11;p22:10;p22:05;p22:00;p22:02;p22:08;p22:12,1
3,21,28,tongue,WRONG,29,,1
3,21,28,tongue,POP,,p23:08;p20:08;p26:02;p20:13;p18:11;p18:10;p23:13;p23:10,1
3,21,28,tongue,MATCH,21,p21:05;p21:04;p21:08;p21:14;p21:11;p21:00;p21:07;p21:03,1
3,21,28,swallowing,WRONG,1,p01:02;p01:06;p01:15;p01:09;p01:01;p01:11;p01:00;p01:08,1
3,21,28,swallowing,WRONG,22,p22:07;p22:11;p22:10;p22:00;p22:05;p22:02;p22:08;p22:12,1
3,21,28,swallowing,WRONG,29,,1
3,21,28,swallowing,POP,,p06:15;p20:08;p18:11;p20:13;p26:02;p23:13;p23:10;p18:10,1
3,21,28,swallowing,MATCH,21,p21:05;p21:04;p21:08;p21:14;p21:11;p21:07;p21:00;p21:03,1
3,21,28,facial_emg,WRONG,1,p01:05;p01:11;p01:15;p01:06;p01:09;p01:01;p01:00;p01:08,1
3,21,28,facial_emg,WRONG,22,p22:14;p22:04;p22:10;p22:00;p22:05;p22:02;p22:08;p22:12,1
3,21,28,facial_emg,WRONG,29,,1
3,21,28,facial_emg,POP,,p16:05;p26:02;p06:15;p23:08;p20:13;p18:10;p23:13;p23:10,1
3,21,28,facial_emg,MATCH,21,p21:08;p21:04;p21:05;p21:14;p21:11;p21:00;p21:07;p21:03,1
3,21,29,head_motion,WRONG,1,p01:05;p01:14;p01:07;p01:09;p01:15;p01:11;p01:08;p01:03,1
3,21,29,head_motion,WRONG,22,p22:09;p22:02;p22:01;p22:05;p22:07;p22:03;p22:14;p22:08,1
3,21,29,head_motion,WRONG,29,,1
3,21,29,head_motion,POP,,p26:14;p20:04;p06:13;p18:13;p23:13;p20:12;p18:09;p06:04,1
3,21,29,head_motion,MATCH,21,p21:04;p21:03;p21:09;p21:15;p21:10;p21:08;p21:12;p21:14,1
3,21,29,chewing,WRONG,1,p01:01;p01:14;p01:12;p01:11;p01:05;p01:08;p01:00;p01:03,1
3,21,29,chewing,WRONG,22,p22:10;p22:01;p22:15;p22:05;p22:03;p22:14;p22:08;p22:07,1
3,21,29,chewing,WRONG,29,,1
3,21,29,chewing,POP,,p08:15;p26:14;p26:11;p18:13;p13:02;p23:13;p18:09;p06:04,1
3,21,29,chewing,MATCH,21,p21:04;p21:09;p21:10;p21:15;p21:02;p21:08;p21:12;p21:14,1
3,21,29,tongue,WRONG,1,p01:15;p01:07;p01:12;p01:00;p01:05;p01:11;p01:08;p01:03,1
3,21,29,tongue,WRONG,22,p22:02;p22:11;p22:01;p22:05;p22:03;p22:07;p22:08;p22:14,1
3,21,29,tongue,WRONG,29,,1
3,21,29,tongue,POP,,p26:14;p08:02;p26:05;p06:13;p18:13;p23:13;p18:09;p06:04,1
3,21,29,tongue,MATCH,21,p21:04;p21:03;p21:09;p21:10;p21:15;p21:08;p21:14;p21:12,1
3,21,29,swallowing,WRONG,1,p01:02;p01:14;p01:11;p01:12;p01:05;p01:08;p01:00;p01:03,1
3,21,29,swallowing,WRONG,22,p22:10;p22:15;p22:01;p22:05;p22:03;p22:14;p22:07;p22:08,1
3,21,29,swallowing,WRONG,29,,1
3,21,29,swallowing,POP,,p26:05;p23:10;p26:13;p18:13;p26:14;p23:13;p18:09;p06:04,1
3,21,29,swallowing,MATCH,21,p21:03;p21:15;p21:10;p21:08;p21:02;p21:09;p21:12;p21:14,1
3,21,29,facial_emg,WRONG,1,p01:02;p01:14;p01:11;p01:05;p01:00;p01:08;p01:12;p01:03,1
3,21,29,facial_emg,WRONG,22,p22:10;p22:15;p22:05;p22:01;p22:14;p22:03;p22:07;p22:08,1
3,21,29,facial_emg,WRONG,29,,1
3,21,29,facial_emg,POP,,p20:11;p08:10;p26:14;p26:05;p18:13;p23:13;p18:09;p06:04,1
3,21,29,facial_emg,MATCH,21,p21:01;p21:10;p21:15;p21:08;p21:09;p21:02;p21:12;p21:14,1
3,21,30,head_motion,WRONG,1,p01:05;p01:12;p01:02;p01:07;p01:06;p01:08;p01:10;p01:00,1
3,21,30,head_motion,WRONG,22,p22:05;p22:15;p22:04;p22:11;p22:13;p22:01;p22:00;p22:06,1
3,21,30,head_motion,WRONG,29,,1
3,21,30,head_motion,POP,,p08:01;p20:00;p18:07;p23:05;p26:01;p20:15;p23:09;p08:12,1
3,21,30,head_motion,MATCH,21,p21:05;p21:06;p21:04;p21:10;p21:08;p21:11;p21:01;p21:00,1
3,21,30,chewing,WRONG,1,p01:00;p01:08;p01:11;p01:02;p01:04;p01:06;p01:10;p01:07,1
3,21,30,chewing,WRONG,22,p22:11;p22:07;p22:09;p22:06;p22:15;p22:01;p22:13;p22:00,1
3,21,30,chewing,WRONG,29,,1
3,21,30,chewing,POP,,p18:07;p08:08;p20:00;p20:08;p20:15;p23:05;p08:12;p23:09,1
3,21,30,chewing,MATCH,21,p21:10;p21:03;p21:07;p21:06;p21:14;p21:11;p21:00;p21:01,1
3,21,30,tongue,WRONG,1,p01:11;p01:15;p01:00;p01:02;p01:06;p01:04;p01:10;p01:07,1
3,21,30,tongue,WRONG,22,p22:08;p22:09;p22:07;p22:15;p22:01;p22:13;p22:00;p22:06,1
3,21,30,tongue,WRONG,29,,1
3,21,30,tongue,POP,,p08:08;p20:00;p18:07;p08:01;p23:05;p23:09;p20:15;p08:12,1
3,21,30,tongue,MATCH,21,p21:02;p21:07;p21:14;p21:04;p21:06;p21:11;p21:00;p21:01,1
3,21,30,swallowing,WRONG,1,p01:15;p01:00;p01:08;p01:04;p01:06;p01:02;p01:10;p01:07,1
3,21,30,swallowing,WRONG,22,p22:11;p22:08;p22:09;p22:15;p22:01;p22:00;p22:13;p22:06,1
3,21,30,swallowing,WRONG,29,,1
3,21,30,swallowing,POP,,p26:01;p20:00;p08:01;p18:07;p23:09;p23:05;p20:15;p08:12,1
3,21,30,swallowing,MATCH,21,p21:15;p21:04;p21:14;p21:11;p21:08;p21:01;p21:10;p21:00,1
3,21,30,facial_emg,WRONG,1,p01:00;p01:02;p01:08;p01:11;p01:06;p01:04;p01:10;p01:07,1
3,21,30,facial_emg,WRONG,22,p22:11;p22:09;p22:07;p22:01;p22:15;p22:06;p22:13;p22:00,1
3,21,30,facial_emg,WRONG,29,,1
3,21,30,facial_emg,POP,,p02:00;p18:07;p20:00;p08:01;p23:09;p23:05;p08:12;p20:15,1
3,21,30,facial_emg,MATCH,21,p21:04;p21:07;p21:14;p21:11;p21:15;p21:10;p21:01;p21:00,1
3,21,31,head_motion,WRONG,1,p01:11;p01:01;p01:02;p01:12;p01:13;p01:00;p01:06;p01:10,1
3,21,31,head_motion,WRONG,22,p22:02;p22:01;p22:10;p22:15;p22:03;p22:06;p22:07;p22:05,1
3,21,31,head_motion,WRONG,29,,1
3,21,31,head_motion,POP,,p08:11;p16:06;p16:07;p18:15;p06:04;p16:09;p16:00;p23:07,1
3,21,31,head_motion,MATCH,21,p21:09;p21:00;p21:06;p21:12;p21:14;p21:15;p21:05;p21:13,1
3,21,31,chewing,WRONG,1,p01:07;p01:04;p01:02;p01:12;p01:00;p01:13;p01:10;p01:06,1
3,21,31,chewing,WRONG,22,p22:02;p22:15;p22:03;p22:10;p22:01;p22:06;p22:07;p22:05,1
3,21,31,chewing,WRONG,29,,1
3,21,31,chewing,POP,,p18:15;p16:06;p18:06;p16:00;p16:07;p06:04;p16:09;p23:07,1
3,21,31,chewing,MATCH,21,p21:09;p21:12;p21:11;p21:01;p21:15;p21:05;p21:13;p21:14,1
3,21,31,tongue,WRONG,1,p01:08;p01:12;p01:07;p01:01;p01:00;p01:06;p01:13;p01:10,1
3,21,31,tongue,WRONG,22,p22:08;p22:11;p22:04;p22:01;p22:06;p22:03;p22:07;p22:05,1
3,21,31,tongue,WRONG,29,,1
3,21,31,tongue,POP,,p18:15;p26:07;p20:15;p13:06;p16:09;p16:00;p06:04;p23:07,1
3,21,31,tongue,MATCH,21,p21:07;p21:14;p21:00;p21:12;p21:05;p21:06;p21:15;p21:13,1
3,21,31,swallowing,WRONG,1,p01:07;p01:02;p01:01;p01:12;p01:13;p01:10;p01:06;p01:00,1
3,21,31,swallowing,WRONG,22,p22:01;p22:15;p22:11;p22:10;p22:03;p22:06;p22:07;p22:05,1
3,21,31,swallowing,WRONG,29,,1
3,21,31,swallowing,POP,,p08:11;p06:04;p20:01;p16:09;p16:07;p18:15;p16:00;p23:07,1
3,21,31,swallowing,MATCH,21,p21:00;p21:01;p21:15;p21:14;p21:02;p21:05;p21:06;p21:13,1
3,21,31,facial_emg,WRONG,1,p01:07;p01:01;p01:02;p01:12;p01:13;p01:10;p01:06;p01:00,1
3,21,31,facial_emg,WRONG,22,p22:15;p22:01;p22:10;p22:11;p22:03;p22:06;p22:07;p22:05,1
3,21,31,facial_emg,WRONG,29,,1
3,21,31,facial_emg,POP,,p08:11;p06:04;p20:01;p16:07;p16:09;p18:15;p16:00;p23:07,1
3,21,31,facial_emg,MATCH,21,p21:01;p21:15;p21:00;p21:02;p21:14;p21:05;p21:06;p21:13,1
3,21,32,head_motion,WRONG,1,p01:10;p01:13;p01:15;p01:06;p01:08;p01:02;p01:01;p01:03,1
3,21,32,head_motion,WRONG,22,p22:11;p22:14;p22:10;p22:05;p22:13;p22:12;p22:06;p22:00,1
3,21,32,head_motion,WRONG,29,p29:04;p29:11;p29:12;p29:09;p29:07;p29:08;p29:02;p29:01,1
3,21,32,head_motion,POP,,p27:01;p02:05;p05:05;p05:10;p14:02;p06:09;p05:04;p06:00,1
3,21,32,head_motion,MATCH,21,p21:02;p21:08;p21:01;p21:00;p21:06;p21:05;p21:12;p21:09,1
3,21,32,chewing,WRONG,1,p01:04;p01:13;p01:15;p01:06;p01:08;p01:02;p01:01;p01:03,1
3,21,32,chewing,WRONG,22,p22:11;p22:14;p22:10;p22:13;p22:05;p22:12;p22:06;p22:00,1
3,21,32,chewing,WRONG,29,p29:11;p29:14;p29:12;p29:07;p29:09;p29:08;p29:02;p29:01,1
3,21,32,chewing,POP,,p05:05;p02:05;p18:08;p05:10;p14:02;p06:09;p05:04;p06:00,1
3,21,32,chewing,MATCH,21,p21:14;p21:01;p21:07;p21:00;p21:06;p21:05;p21:12;p21:09,1
3,21,32,tongue,WRONG,1,p01:04;p01:13;p01:15;p01:06;p01:08;p01:01;p01:02;p01:03,1
3,21,32,tongue,WRONG,22,p22:04;p22:10;p22:12;p22:14;p22:06;p22:05;p22:13;p22:00,1
3,21,32,tongue,WRONG,29,p29:04;p29:11;p29:12;p29:07;p29:09;p29:01;p29:02;p29:08,1
3,21,32,tongue,POP,,p02:05;p27:01;p05:05;p05:10;p14:02;p06:09;p05:04;p06:00,1
3,21,32,tongue,MATCH,21,p21:08;p21:15;p21:01;p21:00;p21:06;p21:05;p21:12;p21:09,1
3,21,32,swallowing,WRONG,1,p01:13;p01:04;p01:15;p01:06;p01:08;p01:02;p01:01;p01:03,1
3,21,32,swallowing,WRONG,22,p22:11;p22:14;p22:10;p22:05;p22:13;p22:12;p22:06;p22:00,1
3,21,32,swallowing,WRONG,29,p29:14;p29:11;p29:12;p29:09;p29:07;p29:08;p29:02;p29:01,1
3,21,32,swallowing,POP,,p18:08;p02:05;p05:05;p05:10;p14:02;p06:09;p05:04;p06:00,1
3,21,32,swallowing,MATCH,21,p21:02;p21:07;p21:01;p21:00;p21:06;p21:05;p21:12;p21:09,1
3,21,32,facial_emg,WRONG,1,p01:10;p01:13;p01:15;p01:06;p01:08;p01:02;p01:01;p01:03,1
3,21,32,facial_emg,WRONG,22,p22:11;p22:14;p22:10;p22:05;p22:13;p22:12;p22:06;p22:00,1
3,21,32,facial_emg,WRONG,29,p29:14;p29:11;p29:12;p29:09;p29:07;p29:08;p29:02;p29:01,1
3,21,32,facial_emg,POP,,p02:05;p27:01;p05:05;p05:10;p14:02;p06:09;p05:04;p06:00,1
3,21,32,facial_emg,MATCH,21,p21:07;p21:08;p21:01;p21:00;p21:06;p21:05;p21:12;p21:09,1
3,21,33,head_motion,WRONG,1,p01:07;p01:05;p01:02;p01:01;p01:13;p01:10;p01:15;p01:03,1
3,21,33,head_motion,WRONG,22,p22:07;p22:14;p22:00;p22:05;p22:12;p22:11;p22:09;p22:13,1
3,21,33,head_motion,WRONG,29,p29:07;p29:06;p29:00;p29:04;p29:09;p29:05;p29:13;p29:08,1
3,21,33,head_motion,POP,,p14:08;p02:01;p13:14;p05:01;p06:09;p06:13;p05:07;p06:15,1
3,21,33,head_motion,MATCH,21,p21:13;p21:14;p21:04;p21:00;p21:12;p21:06;p21:15;p21:01,1
3,21,33,chewing,WRONG,1,p01:14;p01:11;p01:07;p01:02;p01:15;p01:01;p01:10;p01:03,1
3,21,33,chewing,WRONG,22,p22:02;p22:10;p22:13;p22:05;p22:12;p22:09;p22:00;p22:11,1
3,21,33,chewing,WRONG,29,p29:06;p29:14;p29:02;p29:01;p29:07;p29:00;p29:04;p29:13,1
3,21,33,chewing,POP,,p18:10;p30:09;p02:01;p18:14;p06:09;p06:07;p05:07;p06:15,1
3,21,33,chewing,MATCH,21,p21:13;p21:11;p21:06;p21:04;p21:14;p21:01;p21:12;p21:00,1
3,21,33,tongue,WRONG,1,p01:13;p01:05;p01:07;p01:01;p01:02;p01:10;p01:15;p01:03,1
3,21,33,tongue,WRONG,22,p22:10;p22:14;p22:00;p22:05;p22:12;p22:11;p22:09;p22:13,1
3,21,33,tongue,WRONG,29,p29:06;p29:09;p29:07;p29:04;p29:00;p29:05;p29:08;p29:13,1
3,21,33,tongue,POP,,p06:13;p14:08;p02:01;p18:14;p06:07;p06:09;p05:07;p06:15,1
3,21,33,tongue,MATCH,21,p21:10;p21:14;p21:04;p21:12;p21:15;p21:00;p21:06;p21:01,1
3,21,33,swallowing,WRONG,1,p01:14;p01:11;p01:07;p01:02;p01:15;p01:01;p01:10;p01:03,1
3,21,33,swallowing,WRONG,22,p22:02;p22:10;p22:13;p22:05;p22:12;p22:09;p22:11;p22:00,1
3,21,33,swallowing,WRONG,29,p29:12;p29:06;p29:02;p29:01;p29:07;p29:00;p29:04;p29:13,1
3,21,33,swallowing,POP,,p14:06;p02:01;p30:09;p18:14;p06:09;p06:07;p05:07;p06:15,1
3,21,33,swallowing,MATCH,21,p21:10;p21:13;p21:04;p21:06;p21:14;p21:01;p21:12;p21:00,1
3,21,33,facial_emg,WRONG,1,p01:14;p01:11;p01:07;p01:02;p01:15;p01:01;p01:10;p01:03,1
3,21,33,facial_emg,WRONG,22,p22:02;p22:10;p22:13;p22:05;p22:12;p22:09;p22:00;p22:11,1
3,21,33,facial_emg,WRONG,29,p29:12;p29:06;p29:02;p29:01;p29:07;p29:00;p29:04;p29:13,1
3,21,33,facial_emg,POP,,p14:06;p02:01;p30:09;p18:14;p06:09;p06:07;p05:07;p06:15,1
3,21,33,facial_emg,MATCH,21,p21:10;p21:13;p21:04;p21:06;p21:14;p21:01;p21:12;p21:00,1
3,21,34,head_motion,WRONG,1,p01:04;p01:11;p01:02;p01:06;p01:08;p01:01;p01:07;p01:00,1
3,21,34,head_motion,WRONG,22,p22:01;p22:00;p22:03;p22:07;p22:02;p22:10;p22:04;p22:06,1
3,21,34,head_motion,WRONG,29,p29:08;p29:12;p29:01;p29:00;p29:10;p29:15;p29:02;p29:14,1
3,21,34,head_motion,POP,,p23:01;p26:14;p23:06;p18:08;p05:15;p26:04;p05:06;p06:06,1
3,21,34,head_motion,MATCH,21,p21:12;p21:11;p21:15;p21:01;p21:14;p21:05;p21:06;p21:07,1
3,21,34,chewing,WRONG,1,p01:11;p01:06;p01:09;p01:04;p01:07;p01:02;p01:08;p01:01,1
3,21,34,chewing,WRONG,22,p22:09;p22:12;p22:14;p22:02;p22:10;p22:04;p22:07;p22:06,1
3,21,34,chewing,WRONG,29,p29:00;p29:10;p29:02;p29:15;p29:14;p29:11;p29:05;p29:08,1
3,21,34,chewing,POP,,p18:08;p06:02;p06:13;p23:06;p26:14;p23:11;p05:06;p06:08,1
3,21,34,chewing,MATCH,21,p21:03;p21:12;p21:07;p21:14;p21:15;p21:01;p21:05;p21:06,1
3,21,34,tongue,WRONG,1,p01:11;p01:04;p01:06;p01:02;p01:08;p01:07;p01:01;p01:00,1
3,21,34,tongue,WRONG,22,p22:13;p22:00;p22:01;p22:10;p22:02;p22:07;p22:04;p22:06,1
3,21,34,tongue,WRONG,29,p29:06;p29:12;p29:10;p29:15;p29:11;p29:02;p29:08;p29:14,1
3,21,34,tongue,POP,,p30:07;p26:14;p23:06;p18:08;p26:04;p05:15;p05:06;p06:06,1
3,21,34,tongue,MATCH,21,p21:11;p21:12;p21:15;p21:14;p21:01;p21:05;p21:07;p21:06,1
3,21,34,swallowing,WRONG,1,p01:00;p01:09;p01:06;p01:04;p01:07;p01:02;p01:08;p01:01,1
3,21,34,swallowing,WRONG,22,p22:01;p22:12;p22:14;p22:02;p22:10;p22:04;p22:07;p22:06,1
3,21,34,swallowing,WRONG,29,p29:12;p29:02;p29:11;p29:10;p29:15;p29:05;p29:14;p29:08,1
3,21,34,swallowing,POP,,p14:15;p18:08;p26:04;p23:11;p23:06;p26:14;p05:06;p06:08,1
3,21,34,swallowing,MATCH,21,p21:03;p21:12;p21:15;p21:14;p21:07;p21:01;p21:05;p21:06,1
3,21,34,facial_emg,WRONG,1,p01:09;p01:00;p01:04;p01:06;p01:07;p01:02;p01:08;p01:01,1
3,21,34,facial_emg,WRONG,22,p22:12;p22:01;p22:13;p22:02;p22:10;p22:04;p22:07;p22:06,1
3,21,34,facial_emg,WRONG,29,p29:02;p29:12;p29:11;p29:10;p29:05;p29:14;p29:15;p29:08,1
3,21,34,facial_emg,POP,,p14:12;p23:11;p26:04;p18:08;p23:06;p06:08;p26:14;p05:06,1
3,21,34,facial_emg,MATCH,21,p21:03;p21:12;p21:15;p21:14;p21:07;p21:01;p21:05;p21:06,1
3,21,35,head_motion,WRONG,1,p01:07;p01:09;p01:15;p01:11;p01:10;p01:02;p01:01;p01:03,1
3,21,35,head_motion,WRONG,22,p22:07;p22:09;p22:10;p22:14;p22:11;p22:05;p22:00;p22:12,1
3,21,35,head_motion,WRONG,29,p29:05;p29:06;p29:14;p29:12;p29:07;p29:09;p29:01;p29:11,1
3,21,35,head_motion,POP,,p14:00;p16:03;p14:02;p05:03;p23:10;p06:09;p05:04;p06:00,1
3,21,35,head_motion,MATCH,21,p21:11;p21:06;p21:08;p21:00;p21:14;p21:12;p21:05;p21:09,1
3,21,35,chewing,WRONG,1,p01:06;p01:11;p01:07;p01:10;p01:04;p01:01;p01:02;p01:03,1
3,21,35,chewing,WRONG,22,p22:10;p22:06;p22:13;p22:11;p22:14;p22:05;p22:12;p22:00,1
3,21,35,chewing,WRONG,29,p29:14;p29:07;p29:12;p29:09;p29:04;p29:11;p29:02;p29:01,1
3,21,35,chewing,POP,,p27:01;p05:05;p02:05;p05:10;p14:02;p06:09;p05:04;p06:00,1
3,21,35,chewing,MATCH,21,p21:01;p21:04;p21:14;p21:00;p21:06;p21:05;p21:12;p21:09,1
3,21,35,tongue,WRONG,1,p01:07;p01:11;p01:15;p01:04;p01:10;p01:02;p01:01;p01:03,1
3,21,35,tongue,WRONG,22,p22:13;p22:09;p22:11;p22:10;p22:14;p22:05;p22:12;p22:00,1
3,21,35,tongue,WRONG,29,p29:04;p29:02;p29:14;p29:12;p29:11;p29:09;p29:07;p29:01,1
3,21,35,tongue,POP,,p02:05;p05:05;p27:01;p05:10;p14:02;p06:09;p05:04;p06:00,1
3,21,35,tongue,MATCH,21,p21:08;p21:10;p21:06;p21:14;p21:00;p21:12;p21:05;p21:09,1
3,21,35,swallowing,WRONG,1,p01:06;p01:11;p01:07;p01:10;p01:04;p01:02;p01:01;p01:03,1
3,21,35,swallowing,WRONG,22,p22:13;p22:06;p22:10;p22:11;p22:14;p22:05;p22:12;p22:00,1
3,21,35,swallowing,WRONG,29,p29:14;p29:07;p29:12;p29:02;p29:11;p29:04;p29:09;p29:01,1
3,21,35,swallowing,POP,,p27:01;p02:05;p05:10;p05:05;p14:02;p06:09;p05:04;p06:00,1
3,21,35,swallowing,MATCH,21,p21:01;p21:07;p21:00;p21:14;p21:06;p21:05;p21:12;p21:09,1
3,21,35,facial_emg,WRONG,1,p01:15;p01:11;p01:07;p01:10;p01:04;p01:01;p01:02;p01:03,1
3,21,35,facial_emg,WRONG,22,p22:06;p22:13;p22:10;p22:14;p22:11;p22:05;p22:12;p22:00,1
3,21,35,facial_emg,WRONG,29,p29:15;p29:07;p29:04;p29:12;p29:02;p29:11;p29:09;p29:01,1
3,21,35,facial_emg,POP,,p27:01;p02:05;p05:05;p05:10;p14:02;p06:09;p05:04;p06:00,1
3,21,35,facial_emg,MATCH,21,p21:01;p21:07;p21:14;p21:00;p21:06;p21:05;p21:12;p21:09,1
3,21,36,head_motion,WRONG,1,p01:12;p01:13;p01:00;p01:04;p01:03;p01:05;p01:14;p01:10,1
3,21,36,head_motion,WRONG,22,p22:02;p22:14;p22:06;p22:15;p22:03;p22:10;p22:09;p22:08,1
3,21,36,head_motion,WRONG,29,,1
3,21,36,head_motion,POP,,p26:09;p08:13;p08:08;p06:04;p23:07;p18:07;p23:11;p20:01,1
3,21,36,head_motion,MATCH,21,p21:04;p21:11;p21:05;p21:13;p21:14;p21:09;p21:07;p21:01,1
3,21,36,chewing,WRONG,1,p01:15;p01:08;p01:04;p01:14;p01:05;p01:00;p01:03;p01:10,1
3,21,36,chewing,WRONG,22,p22:04;p22:09;p22:14;p22:01;p22:05;p22:02;p22:03;p22:08,1
3,21,36,chewing,WRONG,29,,1
3,21,36,chewing,POP,,p13:05;p26:01;p18:10;p23:10;p18:04;p23:02;p06:04;p23:13,1
3,21,36,chewing,MATCH,21,p21:14;p21:04;p21:13;p21:05;p21:01;p21:07;p21:11;p21:09,1
3,21,36,tongue,WRONG,1,p01:13;p01:11;p01:00;p01:04;p01:03;p01:05;p01:10;p01:14,1
3,21,36,tongue,WRONG,22,p22:02;p22:15;p22:05;p22:14;p22:03;p22:09;p22:10;p22:08,1
3,21,36,tongue,WRONG,29,,1
3,21,36,tongue,POP,,p26:11;p26:15;p23:07;p08:13;p06:04;p23:11;p18:07;p20:01,1
3,21,36,tongue,MATCH,21,p21:04;p21:11;p21:05;p21:14;p21:13;p21:09;p21:07;p21:01,1
3,21,36,swallowing,WRONG,1,p01:15;p01:08;p01:04;p01:05;p01:14;p01:00;p01:03;p01:10,1
3,21,36,swallowing,WRONG,22,p22:10;p22:09;p22:01;p22:14;p22:03;p22:05;p22:02;p22:08,1
3,21,36,swallowing,WRONG,29,,1
3,21,36,swallowing,POP,,p08:02;p26:11;p08:13;p08:11;p20:07;p18:04;p06:04;p23:13,1
3,21,36,swallowing,MATCH,21,p21:14;p21:04;p21:05;p21:13;p21:11;p21:01;p21:07;p21:09,1
3,21,36,facial_emg,WRONG,1,p01:07;p01:08;p01:04;p01:14;p01:00;p01:05;p01:03;p01:10,1
3,21,36,facial_emg,WRONG,22,p22:10;p22:01;p22:09;p22:14;p22:05;p22:02;p22:03;p22:08,1
3,21,36,facial_emg,WRONG,29,,1
3,21,36,facial_emg,POP,,p18:08;p08:13;p20:07;p18:07;p13:05;p20:01;p23:13;p06:04,1
3,21,36,facial_emg,MATCH,21,p21:14;p21:04;p21:11;p21:13;p21:05;p21:07;p21:09;p21:01,1
3,21,37,head_motion,WRONG,1,p01:12;p01:13;p01:14;p01:11;p01:06;p01:10;p01:04;p01:02,1
3,21,37,head_motion,WRONG,22,p22:13;p22:03;p22:08;p22:05;p22:10;p22:07;p22:15;p22:06,1
3,21,37,head_motion,WRONG,29,,1
3,21,37,head_motion,POP,,p23:00;p13:06;p16:01;p18:06;p23:11;p23:09;p18:07;p08:12,1
3,21,37,head_motion,MATCH,21,p21:05;p21:06;p21:13;p21:02;p21:11;p21:14;p21:09;p21:01,1
3,21,37,chewing,WRONG,1,p01:12;p01:11;p01:13;p01:14;p01:06;p01:10;p01:02;p01:04,1
3,21,37,chewing,WRONG,22,p22:11;p22:03;p22:08;p22:05;p22:10;p22:07;p22:15;p22:06,1
3,21,37,chewing,WRONG,29,,1
3,21,37,chewing,POP,,p16:07;p16:01;p13:06;p18:06;p23:11;p23:09;p18:07;p08:12,1
3,21,37,chewing,MATCH,21,p21:00;p21:06;p21:13;p21:02;p21:11;p21:14;p21:09;p21:01,1
3,21,37,tongue,WRONG,1,p01:12;p01:11;p01:14;p01:04;p01:10;p01:13;p01:06;p01:02,1
3,21,37,tongue,WRONG,22,p22:03;p22:05;p22:08;p22:13;p22:07;p22:10;p22:15;p22:06,1
3,21,37,tongue,WRONG,29,,1
3,21,37,tongue,POP,,p16:07;p18:06;p18:15;p23:03;p18:07;p23:09;p23:11;p08:12,1
3,21,37,tongue,MATCH,21,p21:00;p21:05;p21:06;p21:02;p21:11;p21:09;p21:14;p21:01,1
3,21,37,swallowing,WRONG,1,p01:15;p01:13;p01:10;p01:11;p01:04;p01:06;p01:14;p01:02,1
3,21,37,swallowing,WRONG,22,p22:03;p22:08;p22:05;p22:13;p22:10;p22:07;p22:15;p22:06,1
3,21,37,swallowing,WRONG,29,,1
3,21,37,swallowing,POP,,p23:03;p18:15;p16:07;p18:06;p23:09;p23:11;p18:07;p08:12,1
3,21,37,swallowing,MATCH,21,p21:00;p21:05;p21:06;p21:02;p21:09;p21:14;p21:11;p21:01,1
3,21,37,facial_emg,WRONG,1,p01:12;p01:13;p01:11;p01:06;p01:14;p01:02;p01:10;p01:04,1
3,21,37,facial_emg,WRONG,22,p22:13;p22:03;p22:08;p22:05;p22:10;p22:07;p22:15;p22:06,1
3,21,37,facial_emg,WRONG,29,,1
3,21,37,facial_emg,POP,,p18:15;p16:01;p18:06;p13:06;p23:11;p23:09;p18:07;p08:12,1
3,21,37,facial_emg,MATCH,21,p21:02;p21:05;p21:13;p21:06;p21:11;p21:14;p21:09;p21:01,1
3,21,38,head_motion,WRONG,1,p01:13;p01:02;p01:06;p01:15;p01:10;p01:14;p01:04;p01:11,1
3,21,38,head_motion,WRONG,22,p22:04;p22:02;p22:07;p22:11;p22:15;p22:10;p22:06;p22:13,1
3,21,38,head_motion,WRONG,29,,1
3,21,38,head_motion,POP,,p18:06;p23:03;p16:12;p23:11;p08:12;p23:05;p18:07;p23:09,1
3,21,38,head_motion,MATCH,21,p21:03;p21:00;p21:11;p21:05;p21:01;p21:13;p21:06;p21:08,1
3,21,38,chewing,WRONG,1,p01:02;p01:09;p01:06;p01:15;p01:10;p01:14;p01:11;p01:04,1
3,21,38,chewing,WRONG,22,p22:04;p22:02;p22:07;p22:11;p22:15;p22:10;p22:06;p22:13,1
3,21,38,chewing,WRONG,29,,1
3,21,38,chewing,POP,,p18:06;p23:03;p16:12;p23:11;p08:12;p23:05;p18:07;p23:09,1
3,21,38,chewing,MATCH,21,p21:11;p21:00;p21:05;p21:02;p21:13;p21:01;p21:06;p21:08,1
3,21,38,tongue,WRONG,1,p01:13;p01:02;p01:06;p01:15;p01:10;p01:14;p01:04;p01:11,1
3,21,38,tongue,WRONG,22,p22:00;p22:02;p22:07;p22:11;p22:15;p22:10;p22:06;p22:13,1
3,21,38,tongue,WRONG,29,,1
3,21,38,tongue,POP,,p23:03;p18:06;p16:12;p23:11;p23:05;p18:07;p08:12;p23:09,1
3,21,38,tongue,MATCH,21,p21:00;p21:14;p21:05;p21:11;p21:01;p21:06;p21:08;p21:13,1
3,21,38,swallowing,WRONG,1,p01:13;p01:02;p01:06;p01:10;p01:15;p01:14;p01:04;p01:11,1
3,21,38,swallowing,WRONG,22,p22:04;p22:02;p22:07;p22:11;p22:15;p22:10;p22:06;p22:13,1
3,21,38,swallowing,WRONG,29,,1
3,21,38,swallowing,POP,,p23:03;p18:06;p16:12;p23:11;p23:05;p08:12;p18:07;p23:09,1
3,21,38,swallowing,MATCH,21,p21:05;p21:14;p21:00;p21:11;p21:01;p21:06;p21:13;p21:08,1
3,21,38,facial_emg,WRONG,1,p01:13;p01:02;p01:15;p01:06;p01:14;p01:10;p01:04;p01:11,1
3,21,38,facial_emg,WRONG,22,p22:04;p22:02;p22:07;p22:11;p22:15;p22:10;p22:06;p22:13,1
3,21,38,facial_emg,WRONG,29,,1
3,21,38,facial_emg,POP,,p23:03;p18:06;p16:12;p23:11;p08:12;p23:05;p18:07;p23:09,1
3,21,38,facial_emg,MATCH,21,p21:03;p21:14;p21:05;p21:11;p21:01;p21:06;p21:13;p21:08,1
3,21,39,head_motion,WRONG,1,p01:07;p01:09;p01:15;p01:05;p01:03;p01:00;p01:01;p01:08,1
3,21,39,head_motion,WRONG,22,p22:01;p22:04;p22:09;p22:05;p22:03;p22:14;p22:08;p22:12,1
3,21,39,head_motion,WRONG,29,,1
3,21,39,head_motion,POP,,p16:11;p23:14;p23:02;p23:04;p18:13;p23:10;p18:10;p23:13,1
3,21,39,head_motion,MATCH,21,p21:08;p21:09;p21:10;p21:07;p21:03;p21:04;p21:12;p21:15,1
3,21,39,chewing,WRONG,1,p01:12;p01:09;p01:15;p01:03;p01:05;p01:01;p01:08;p01:00,1
3,21,39,chewing,WRONG,22,p22:09;p22:00;p22:01;p22:05;p22:03;p22:14;p22:08;p22:12,1
3,21,39,chewing,WRONG,29,,1
3,21,39,chewing,POP,,p23:08;p26:06;p23:04;p23:06;p18:10;p18:13;p23:10;p23:13,1
3,21,39,chewing,MATCH,21,p21:11;p21:09;p21:10;p21:12;p21:07;p21:03;p21:04;p21:15,1
3,21,39,tongue,WRONG,1,p01:09;p01:07;p01:05;p01:15;p01:03;p01:08;p01:01;p01:00,1
3,21,39,tongue,WRONG,22,p22:00;p22:09;p22:01;p22:05;p22:03;p22:14;p22:08;p22:12,1
3,21,39,tongue,WRONG,29,,1
3,21,39,tongue,POP,,p16:04;p23:06;p16:11;p18:10;p23:04;p23:10;p18:13;p23:13,1
3,21,39,tongue,MATCH,21,p21:10;p21:09;p21:12;p21:11;p21:07;p21:04;p21:03;p21:15,1
3,21,39,swallowing,WRONG,1,p01:14;p01:07;p01:15;p01:05;p01:03;p01:08;p01:01;p01:00,1
3,21,39,swallowing,WRONG,22,p22:00;p22:09;p22:05;p22:03;p22:01;p22:14;p22:08;p22:12,1
3,21,39,swallowing,WRONG,29,,1
3,21,39,swallowing,POP,,p16:11;p23:04;p26:09;p23:06;p18:10;p23:10;p18:13;p23:13,1
3,21,39,swallowing,MATCH,21,p21:09;p21:10;p21:11;p21:07;p21:12;p21:04;p21:03;p21:15,1
3,21,39,facial_emg,WRONG,1,p01:09;p01:14;p01:15;p01:03;p01:05;p01:01;p01:08;p01:00,1
3,21,39,facial_emg,WRONG,22,p22:00;p22:04;p22:03;p22:05;p22:01;p22:14;p22:08;p22:12,1
3,21,39,facial_emg,WRONG,29,,1
3,21,39,facial_emg,POP,,p23:04;p26:06;p23:06;p26:09;p18:10;p18:13;p23:10;p23:13,1
3,21,39,facial_emg,MATCH,21,p21:10;p21:09;p21:11;p21:12;p21:07;p21:04;p21:15;p21:03,1
3,22,0,head_motion,WRONG,1,p01:02;p01:10;p01:05;p01:13;p01:06;p01:00;p01:12;p01:15,1
3,22,0,head_motion,WRONG,21,p21:00;p21:07;p21:10;p21:15;p21:01;p21:14;p21:04;p21:13,1
3,22,0,head_motion,WRONG,29,p29:06;p29:08;p29:04;p29:12;p29:07;p29:00;p29:02;p29:13,1
3,22,0,head_motion,POP,,p27:00;p26:03;p30:05;p05:07;p14:09;p30:11;p08:09;p05:08,1
3,22,0,head_motion,MATCH,22,p22:04;p22:00;p22:08;p22:12;p22:06;p22:05;p22:02;p22:13,1
3,22,0,chewing,WRONG,1,p01:13;p01:02;p01:10;p01:05;p01:06;p01:00;p01:15;p01:12,1
3,22,0,chewing,WRONG,21,p21:00;p21:10;p21:07;p21:01;p21:15;p21:04;p21:14;p21:13,1
3,22,0,chewing,WRONG,29,p29:06;p29:08;p29:04;p29:12;p29:02;p29:07;p29:00;p29:13,1
3,22,0,chewing,POP,,p14:03;p27:00;p30:15;p05:07;p14:09;p30:11;p08:09;p05:08,1
3,22,0,chewing,MATCH,22,p22:00;p22:08;p22:07;p22:06;p22:12;p22:05;p22:02;p22:13,1
3,22,0,tongue,WRONG,1,p01:10;p01:02;p01:06;p01:13;p01:00;p01:05;p01:12;p01:15,1
3,22,0,tongue,WRONG,21,p21:07;p21:15;p21:10;p21:14;p21:00;p21:01;p21:04;p21:13,1
3,22,0,tongue,WRONG,29,p29:12;p29:08;p29:06;p29:04;p29:07;p29:02;p29:00;p29:13,1
3,22,0,tongue,POP,,p14:10;p23:03;p05:07;p18:02;p08:09;p30:11;p30:05;p05:08,1
3,22,0,tongue,MATCH,22,p22:14;p22:01;p22:02;p22:12;p22:08;p22:05;p22:06;p22:13,1
3,22,0,swallowing,WRONG,1,p01:13;p01:02;p01:10;p01:05;p01:06;p01:00;p01:15;p01:12,1
3,22,0,swallowing,WRONG,21,p21:00;p21:10;p21:07;p21:15;p21:01;p21:04;p21:14;p21:13,1
3,22,0,swallowing,WRONG,29,p29:15;p29:08;p29:04;p29:12;p29:07;p29:02;p29:00;p29:13,1
3,22,0,swallowing,POP,,p26:03;p13:10;p14:07;p30:11;p05:07;p14:09;p08:09;p05:08,1
3,22,0,swallowing,MATCH,22,p22:08;p22:01;p22:07;p22:06;p22:12;p22:05;p22:02;p22:13,1
3,22,0,facial_emg,WRONG,1,p01:13;p01:10;p01:02;p01:06;p01:05;p01:00;p01:15;p01:12,1
3,22,0,facial_emg,WRONG,21,p21:00;p21:10;p21:07;p21:15;p21:01;p21:04;p21:14;p21:13,1
3,22,0,facial_emg,WRONG,29,p29:06;p29:08;p29:12;p29:04;p29:07;p29:02;p29:00;p29:13,1
3,22,0,facial_emg,POP,,p14:10;p23:03;p14:07;p30:11;p05:07;p14:09;p08:09;p05:08,1
3,22,0,facial_emg,MATCH,22,p22:04;p22:01;p22:07;p22:12;p22:06;p22:05;p22:02;p22:13,1
3,22,1,head_motion,WRONG,1,p01:04;p01:15;p01:06;p01:13;p01:00;p01:14;p01:12;p01:05,1
3,22,1,head_motion,WRONG,21,p21:07;p21:02;p21:10;p21:09;p21:12;p21:04;p21:13;p21:03,1
3,22,1,head_motion,WRONG,29,p29:07;p29:10;p29:09;p29:04;p29:00;p29:06;p29:02;p29:03,1
3,22,1,head_motion,POP,,p30:01;p30:05;p30:14;p23:13;p06:03;p14:05;p23:15;p06:10,1
3,22,1,head_motion,MATCH,22,p22:00;p22:03;p22:06;p22:14;p22:15;p22:04;p22:08;p22:01,1
3,22,1,chewing,WRONG,1,p01:15;p01:10;p01:06;p01:03;p01:09;p01:12;p01:14;p01:05,1
3,22,1,chewing,WRONG,21,p21:02;p21:11;p21:10;p21:09;p21:04;p21:12;p21:13;p21:03,1
3,22,1,chewing,WRONG,29,p29:02;p29:11;p29:00;p29:13;p29:06;p29:09;p29:10;p29:03,1
3,22,1,chewing,POP,,p02:14;p30:01;p23:13;p14:05;p06:03;p23:15;p06:10;p30:14,1
3,22,1,chewing,MATCH,22,p22:03;p22:00;p22:11;p22:02;p22:14;p22:15;p22:08;p22:01,1
3,22,1,tongue,WRONG,1,p01:15;p01:03;p01:13;p01:00;p01:06;p01:14;p01:12;p01:05,1
3,22,1,tongue,WRONG,21,p21:07;p21:02;p21:10;p21:09;p21:04;p21:12;p21:13;p21:03,1
3,22,1,tongue,WRONG,29,p29:07;p29:10;p29:00;p29:04;p29:06;p29:09;p29:02;p29:03,1
3,22,1,tongue,POP,,p30:05;p30:01;p30:14;p23:13;p14:05;p06:03;p23:15;p06:10,1
3,22,1,tongue,MATCH,22,p22:02;p22:03;p22:00;p22:14;p22:04;p22:15;p22:08;p22:01,1
3,22,1,swallowing,WRONG,1,p01:10;p01:06;p01:15;p01:03;p01:09;p01:12;p01:14;p01:05,1
3,22,1,swallowing,WRONG,21,p21:11;p21:02;p21:10;p21:09;p21:04;p21:12;p21:13;p21:03,1
3,22,1,swallowing,WRONG,29,p29:02;p29:07;p29:13;p29:06;p29:00;p29:09;p29:10;p29:03,1
3,22,1,swallowing,POP,,p30:08;p30:01;p23:13;p06:03;p14:05;p23:15;p06:10;p30:14,1
3,22,1,swallowing,MATCH,22,p22:04;p22:00;p22:11;p22:02;p22:14;p22:15;p22:08;p22:01,1
3,22,1,facial_emg,WRONG,1,p01:04;p01:10;p01:15;p01:03;p01:09;p01:12;p01:14;p01:05,1
3,22,1,facial_emg,WRONG,21,p21:02;p21:11;p21:10;p21:09;p21:04;p21:12;p21:13;p21:03,1
3,22,1,facial_emg,WRONG,29,p29:07;p29:02;p29:13;p29:06;p29:09;p29:00;p29:10;p29:03,1
3,22,1,facial_emg,POP,,p30:08;p30:01;p23:13;p14:05;p06:03;p23:15;p30:14;p06:10,1
3,22,1,facial_emg,MATCH,22,p22:00;p22:04;p22:11;p22:02;p22:14;p22:15;p22:08;p22:01,1
3,22,2,head_motion,WRONG,1,p01:14;p01:07;p01:15;p01:01;p01:02;p01:11;p01:10;p01:03,1
3,22,2,head_motion,WRONG,21,p21:11;p21:14;p21:13;p21:10;p21:04;p21:00;p21:09;p21:12,1
3,22,2,head_motion,WRONG,29,p29:02;p29:12;p29:00;p29:07;p29:09;p29:04;p29:01;p29:13,1
3,22,2,head_motion,POP,,p27:14;p18:14;p06:00;p14:02;p14:06;p06:15;p06:07;p06:09,1
3,22,2,head_motion,MATCH,22,p22:14;p22:02;p22:05;p22:10;p22:09;p22:12;p22:11;p22:00,1
3,22,2,chewing,WRONG,1,p01:04;p01:02;p01:15;p01:11;p01:14;p01:01;p01:10;p01:03,1
3,22,2,chewing,WRONG,21,p21:10;p21:06;p21:11;p21:05;p21:04;p21:00;p21:09;p21:12,1
3,22,2,chewing,WRONG,29,p29:00;p29:14;p29:02;p29:07;p29:09;p29:04;p29:13;p29:01,1
3,22,2,chewing,POP,,p27:12;p18:14;p06:00;p14:06;p14:02;p06:15;p06:07;p06:09,1
3,22,2,chewing,MATCH,22,p22:05;p22:10;p22:14;p22:13;p22:09;p22:12;p22:11;p22:00,1
3,22,2,tongue,WRONG,1,p01:14;p01:15;p01:07;p01:01;p01:02;p01:11;p01:10;p01:03,1
3,22,2,tongue,WRONG,21,p21:13;p21:11;p21:14;p21:10;p21:04;p21:00;p21:09;p21:12,1
3,22,2,tongue,WRONG,29,p29:07;p29:12;p29:00;p29:02;p29:09;p29:04;p29:13;p29:01,1
3,22,2,tongue,POP,,p27:14;p18:14;p06:00;p14:02;p14:06;p06:15;p06:07;p06:09,1
3,22,2,tongue,MATCH,22,p22:14;p22:02;p22:05;p22:10;p22:12;p22:09;p22:11;p22:00,1
3,22,2,swallowing,WRONG,1,p01:04;p01:15;p01:02;p01:11;p01:14;p01:01;p01:10;p01:03,1
3,22,2,swallowing,WRONG,21,p21:13;p21:10;p21:05;p21:06;p21:04;p21:00;p21:09;p21:12,1
3,22,2,swallowing,WRONG,29,p29:14;p29:00;p29:02;p29:12;p29:09;p29:04;p29:13;p29:01,1
3,22,2,swallowing,POP,,p27:12;p18:14;p06:00;p14:02;p14:06;p06:15;p06:07;p06:09,1
3,22,2,swallowing,MATCH,22,p22:05;p22:10;p22:13;p22:14;p22:09;p22:12;p22:11;p22:00,1
3,22,2,facial_emg,WRONG,1,p01:04;p01:14;p01:15;p01:02;p01:01;p01:11;p01:10;p01:03,1
3,22,2,facial_emg,WRONG,21,p21:13;p21:05;p21:10;p21:06;p21:04;p21:00;p21:09;p21:12,1
3,22,2,facial_emg,WRONG,29,p29:07;p29:00;p29:12;p29:02;p29:09;p29:04;p29:13;p29:01,1
3,22,2,facial_emg,POP,,p27:12;p18:14;p06:00;p14:02;p14:06;p06:15;p06:07;p06:09,1
3,22,2,facial_emg,MATCH,22,p22:05;p22:10;p22:13;p22:14;p22:09;p22:12;p22:11;p22:00,1
3,22,3,head_motion,WRONG,1,p01:09;p01:04;p01:10;p01:02;p01:11;p01:15;p01:08;p01:01,1
3,22,3,head_motion,WRONG,21,p21:10;p21:12;p21:02;p21:01;p21:15;p21:08;p21:06;p21:05,1
3,22,3,head_motion,WRONG,29,p29:14;p29:07;p29:06;p29:09;p29:11;p29:12;p29:05;p29:08,1
3,22,3,head_motion,POP,,p06:08;p14:00;p06:02;p16:03;p14:01;p23:10;p18:09;p05:03,1
3,22,3,head_motion,MATCH,22,p22:08;p22:07;p22:13;p22:05;p22:09;p22:06;p22:14;p22:12,1
3,22,3,chewing,WRONG,1,p01:06;p01:03;p01:04;p01:11;p01:08;p01:07;p01:02;p01:01,1
3,22,3,chewing,WRONG,21,p21:15;p21:00;p21:08;p21:06;p21:05;p21:02;p21:12;p21:09,1
3,22,3,chewing,WRONG,29,p29:06;p29:01;p29:04;p29:12;p29:05;p29:11;p29:08;p29:09,1
3,22,3,chewing,POP,,p14:13;p26:12;p27:07;p14:02;p27:08;p06:13;p27:04;p23:11,1
3,22,3,chewing,MATCH,22,p22:12;p22:04;p22:07;p22:14;p22:05;p22:13;p22:00;p22:06,1
3,22,3,tongue,WRONG,1,p01:04;p01:09;p01:10;p01:11;p01:02;p01:15;p01:08;p01:01,1
3,22,3,tongue,WRONG,21,p21:01;p21:02;p21:09;p21:12;p21:15;p21:08;p21:06;p21:05,1
3,22,3,tongue,WRONG,29,p29:07;p29:11;p29:06;p29:01;p29:12;p29:09;p29:08;p29:05,1
3,22,3,tongue,POP,,p06:02;p14:13;p14:01;p16:03;p18:09;p14:00;p05:03;p23:10,1
3,22,3,tongue,MATCH,22,p22:05;p22:08;p22:07;p22:09;p22:14;p22:13;p22:06;p22:12,1
3,22,3,swallowing,WRONG,1,p01:03;p01:09;p01:04;p01:11;p01:08;p01:02;p01:07;p01:01,1
3,22,3,swallowing,WRONG,21,p21:08;p21:02;p21:07;p21:15;p21:06;p21:05;p21:12;p21:09,1
3,22,3,swallowing,WRONG,29,p29:04;p29:06;p29:01;p29:08;p29:11;p29:12;p29:05;p29:09,1
3,22,3,swallowing,POP,,p14:13;p06:00;p27:07;p05:03;p16:03;p23:11;p06:13;p27:04,1
3,22,3,swallowing,MATCH,22,p22:03;p22:07;p22:14;p22:05;p22:00;p22:12;p22:13;p22:06,1
3,22,3,facial_emg,WRONG,1,p01:13;p01:07;p01:10;p01:02;p01:06;p01:03;p01:01;p01:08,1
3,22,3,facial_emg,WRONG,21,p21:01;p21:12;p21:08;p21:15;p21:07;p21:05;p21:09;p21:06,1
3,22,3,facial_emg,WRONG,29,p29:14;p29:07;p29:01;p29:05;p29:08;p29:09;p29:12;p29:04,1
3,22,3,facial_emg,POP,,p27:05;p23:10;p23:11;p06:02;p27:04;p18:09;p16:03;p05:03,1
3,22,3,facial_emg,MATCH,22,p22:07;p22:00;p22:01;p22:14;p22:05;p22:13;p22:12;p22:06,1
3,22,4,head_motion,WRONG,1,p01:10;p01:08;p01:13;p01:11;p01:05;p01:12;p01:03;p01:00,1
3,22,4,head_motion,WRONG,21,p21:12;p21:13;p21:03;p21:15;p21:14;p21:08;p21:09;p21:11,1
3,22,4,head_motion,WRONG,29,,1
3,22,4,head_motion,POP,,p23:01;p08:15;p23:10;p18:13;p06:04;p23:08;p26:14;p23:13,1
3,22,4,head_motion,MATCH,22,p22:00;p22:12;p22:08;p22:10;p22:02;p22:11;p22:05;p22:07,1
3,22,4,chewing,WRONG,1,p01:12;p01:05;p01:14;p01:08;p01:13;p01:03;p01:00;p01:11,1
3,22,4,chewing,WRONG,21,p21:04;p21:02;p21:03;p21:13;p21:11;p21:09;p21:15;p21:14,1
3,22,4,chewing,WRONG,29,,1
3,22,4,chewing,POP,,p20:11;p18:10;p26:09;p08:15;p16:09;p26:14;p23:13;p06:04,1
3,22,4,chewing,MATCH,22,p22:03;p22:14;p22:11;p22:02;p22:10;p22:08;p22:05;p22:07,1
3,22,4,tongue,WRONG,1,p01:14;p01:12;p01:15;p01:05;p01:13;p01:03;p01:11;p01:00,1
3,22,4,tongue,WRONG,21,p21:12;p21:03;p21:08;p21:13;p21:09;p21:11;p21:15;p21:14,1
3,22,4,tongue,WRONG,29,,1
3,22,4,tongue,POP,,p18:10;p20:11;p08:15;p16:09;p18:13;p26:14;p23:13;p06:04,1
3,22,4,tongue,MATCH,22,p22:03;p22:02;p22:14;p22:11;p22:08;p22:10;p22:05;p22:07,1
3,22,4,swallowing,WRONG,1,p01:08;p01:13;p01:14;p01:05;p01:15;p01:03;p01:00;p01:11,1
3,22,4,swallowing,WRONG,21,p21:12;p21:03;p21:08;p21:09;p21:13;p21:11;p21:15;p21:14,1
3,22,4,swallowing,WRONG,29,,1
3,22,4,swallowing,POP,,p26:02;p20:11;p08:15;p16:09;p18:13;p26:14;p23:13;p06:04,1
3,22,4,swallowing,MATCH,22,p22:12;p22:14;p22:02;p22:11;p22:10;p22:08;p22:05;p22:07,1
3,22,4,facial_emg,WRONG,1,p01:15;p01:14;p01:12;p01:03;p01:08;p01:13;p01:00;p01:11,1
3,22,4,facial_emg,WRONG,21,p21:12;p21:03;p21:08;p21:13;p21:11;p21:09;p21:15;p21:14,1
3,22,4,facial_emg,WRONG,29,,1
3,22,4,facial_emg,POP,,p26:02;p20:11;p08:15;p16:09;p18:13;p26:14;p23:13;p06:04,1
3,22,4,facial_emg,MATCH,22,p22:12;p22:14;p22:11;p22:02;p22:10;p22:08;p22:05;p22:07,1
3,22,5,head_motion,WRONG,1,p01:02;p01:13;p01:05;p01:09;p01:01;p01:03;p01:11;p01:14,1
3,22,5,head_motion,WRONG,21,p21:06;p21:11;p21:10;p21:05;p21:14;p21:09;p21:12;p21:13,1
3,22,5,head_motion,WRONG,29,,1
3,22,5,head_motion,POP,,p26:07;p20:11;p13:09;p23:07;p20:05;p13:03;p23:11;p06:04,1
3,22,5,head_motion,MATCH,22,p22:10;p22:07;p22:15;p22:14;p22:04;p22:08;p22:03;p22:05,1
3,22,5,chewing,WRONG,1,p01:12;p01:02;p01:09;p01:05;p01:13;p01:11;p01:03;p01:14,1
3,22,5,chewing,WRONG,21,p21:02;p21:06;p21:12;p21:01;p21:09;p21:13;p21:05;p21:14,1
3,22,5,chewing,WRONG,29,,1
3,22,5,chewing,POP,,p26:09;p16:09;p23:03;p20:11;p08:05;p13:09;p23:11;p06:04,1
3,22,5,chewing,MATCH,22,p22:03;p22:04;p22:06;p22:08;p22:10;p22:07;p22:15;p22:05,1
3,22,5,tongue,WRONG,1,p01:13;p01:06;p01:05;p01:03;p01:01;p01:09;p01:11;p01:14,1
3,22,5,tongue,WRONG,21,p21:01;p21:06;p21:11;p21:05;p21:12;p21:14;p21:09;p21:13,1
3,22,5,tongue,WRONG,29,,1
3,22,5,tongue,POP,,p08:15;p26:07;p13:09;p23:07;p20:05;p23:11;p13:03;p06:04,1
3,22,5,tongue,MATCH,22,p22:15;p22:10;p22:07;p22:14;p22:04;p22:03;p22:08;p22:05,1
3,22,5,swallowing,WRONG,1,p01:06;p01:13;p01:01;p01:05;p01:03;p01:09;p01:11;p01:14,1
3,22,5,swallowing,WRONG,21,p21:11;p21:02;p21:12;p21:01;p21:05;p21:14;p21:09;p21:13,1
3,22,5,swallowing,WRONG,29,,1
3,22,5,swallowing,POP,,p13:03;p26:09;p20:11;p08:05;p20:05;p13:09;p23:11;p06:04,1
3,22,5,swallowing,MATCH,22,p22:14;p22:06;p22:04;p22:10;p22:15;p22:07;p22:08;p22:05,1
3,22,5,facial_emg,WRONG,1,p01:15;p01:05;p01:03;p01:01;p01:11;p01:09;p01:14;p01:06,1
3,22,5,facial_emg,WRONG,21,p21:06;p21:11;p21:01;p21:14;p21:09;p21:05;p21:12;p21:13,1
3,22,5,facial_emg,WRONG,29,,1
3,22,5,facial_emg,POP,,p26:07;p23:11;p13:03;p23:07;p08:15;p13:09;p20:05;p06:04,1
3,22,5,facial_emg,MATCH,22,p22:14;p22:15;p22:07;p22:04;p22:10;p22:03;p22:08;p22:05,1
3,22,6,head_motion,WRONG,1,p01:09;p01:15;p01:11;p01:06;p01:08;p01:01;p01:05;p01:00,1
3,22,6,head_motion,WRONG,21,p21:13;p21:15;p21:07;p21:11;p21:03;p21:05;p21:04;p21:00,1
3,22,6,head_motion,WRONG,29,,1
3,22,6,head_motion,POP,,p23:13;p18:11;p16:04;p26:09;p13:07;p18:10;p06:15;p23:08,1
3,22,6,head_motion,MATCH,22,p22:10;p22:08;p22:07;p22:02;p22:09;p22:11;p22:00;p22:12,1
3,22,6,chewing,WRONG,1,p01:09;p01:06;p01:15;p01:11;p01:08;p01:00;p01:01;p01:05,1
3,22,6,chewing,WRONG,21,p21:09;p21:13;p21:03;p21:11;p21:00;p21:07;p21:05;p21:04,1
3,22,6,chewing,WRONG,29,,1
3,22,6,chewing,POP,,p23:10;p26:10;p13:07;p16:04;p23:13;p26:09;p06:15;p18:10,1
3,22,6,chewing,MATCH,22,p22:10;p22:02;p22:01;p22:11;p22:09;p22:08;p22:00;p22:12,1
3,22,6,tongue,WRONG,1,p01:06;p01:08;p01:09;p01:01;p01:11;p01:05;p01:15;p01:00,1
3,22,6,tongue,WRONG,21,p21:09;p21:05;p21:01;p21:07;p21:15;p21:00;p21:04;p21:11,1
3,22,6,tongue,WRONG,29,,1
3,22,6,tongue,POP,,p26:10;p18:11;p18:10;p06:15;p18:01;p18:02;p06:12;p23:08,1
3,22,6,tongue,MATCH,22,p22:09;p22:08;p22:01;p22:07;p22:02;p22:11;p22:12;p22:00,1
3,22,6,swallowing,WRONG,1,p01:06;p01:08;p01:09;p01:01;p01:05;p01:15;p01:11;p01:00,1
3,22,6,swallowing,WRONG,21,p21:03;p21:12;p21:05;p21:07;p21:11;p21:15;p21:00;p21:04,1
3,22,6,swallowing,WRONG,29,,1
3,22,6,swallowing,POP,,p23:08;p23:13;p16:04;p18:01;p06:15;p26:10;p26:09;p18:10,1
3,22,6,swallowing,MATCH,22,p22:14;p22:07;p22:09;p22:02;p22:08;p22:00;p22:11;p22:12,1
3,22,6,facial_emg,WRONG,1,p01:06;p01:09;p01:11;p01:15;p01:08;p01:01;p01:05;p01:00,1
3,22,6,facial_emg,WRONG,21,p21:12;p21:03;p21:11;p21:15;p21:07;p21:05;p21:00;p21:04,1
3,22,6,facial_emg,WRONG,29,,1
3,22,6,facial_emg,POP,,p18:01;p23:08;p16:04;p23:13;p13:07;p26:09;p06:15;p18:10,1
3,22,6,facial_emg,MATCH,22,p22:01;p22:07;p22:02;p22:08;p22:09;p22:11;p22:00;p22:12,1
3,22,7,head_motion,WRONG,1,p01:09;p01:10;p01:07;p01:12;p01:06;p01:08;p01:01;p01:00,1
3,22,7,head_motion,WRONG,21,p21:13;p21:00;p21:09;p21:05;p21:07;p21:11;p21:04;p21:15,1
3,22,7,head_motion,WRONG,29,,1
3,22,7,head_motion,POP,,p26:06;p18:15;p06:08;p20:04;p23:13;p23:10;p23:02;p06:05,1
3,22,7,head_motion,MATCH,22,p22:09;p22:02;p22:00;p22:08;p22:03;p22:05;p22:12;p22:01,1
3,22,7,chewing,WRONG,1,p01:09;p01:10;p01:07;p01:12;p01:06;p01:08;p01:01;p01:00,1
3,22,7,chewing,WRONG,21,p21:13;p21:09;p21:00;p21:05;p21:07;p21:11;p21:04;p21:15,1
3,22,7,chewing,WRONG,29,,1
3,22,7,chewing,POP,,p23:14;p20:04;p18:15;p06:08;p23:13;p23:10;p23:02;p06:05,1
3,22,7,chewing,MATCH,22,p22:09;p22:00;p22:08;p22:02;p22:05;p22:03;p22:12;p22:01,1
3,22,7,tongue,WRONG,1,p01:10;p01:12;p01:09;p01:07;p01:06;p01:08;p01:01;p01:00,1
3,22,7,tongue,WRONG,21,p21:00;p21:09;p21:13;p21:05;p21:04;p21:15;p21:07;p21:11,1
3,22,7,tongue,WRONG,29,,1
3,22,7,tongue,POP,,p26:07;p23:10;p23:14;p20:04;p23:07;p06:05;p23:13;p23:02,1
3,22,7,tongue,MATCH,22,p22:02;p22:09;p22:00;p22:08;p22:05;p22:03;p22:12;p22:01,1
3,22,7,swallowing,WRONG,1,p01:09;p01:10;p01:12;p01:07;p01:06;p01:08;p01:01;p01:00,1
3,22,7,swallowing,WRONG,21,p21:00;p21:09;p21:13;p21:05;p21:15;p21:07;p21:04;p21:11,1
3,22,7,swallowing,WRONG,29,,1
3,22,7,swallowing,POP,,p26:07;p23:14;p23:07;p23:10;p20:04;p06:05;p23:13;p23:02,1
3,22,7,swallowing,MATCH,22,p22:02;p22:09;p22:00;p22:08;p22:05;p22:03;p22:12;p22:01,1
3,22,7,facial_emg,WRONG,1,p01:09;p01:10;p01:12;p01:07;p01:06;p01:01;p01:08;p01:00,1
3,22,7,facial_emg,WRONG,21,p21:00;p21:09;p21:13;p21:05;p21:07;p21:11;p21:15;p21:04,1
3,22,7,facial_emg,WRONG,29,,1
3,22,7,facial_emg,POP,,p18:15;p20:04;p23:07;p06:08;p23:13;p23:10;p06:05;p23:02,1
3,22,7,facial_emg,MATCH,22,p22:09;p22:02;p22:08;p22:00;p22:12;p22:03;p22:05;p22:01,1
3,22,8,head_motion,WRONG,1,p01:10;p01:04;p01:00;p01:14;p01:09;p01:11;p01:05;p01:12,1
3,22,8,head_motion,WRONG,21,p21:02;p21:07;p21:09;p21:11;p21:14;p21:12;p21:13;p21:03,1
3,22,8,head_motion,WRONG,29,p29:00;p29:11;p29:02;p29:10;p29:09;p29:15;p29:13;p29:03,1
3,22,8,head_motion,POP,,p30:06;p30:01;p30:14;p23:15;p06:03;p06:10;p23:13;p14:05,1
3,22,8,head_motion,MATCH,22,p22:15;p22:09;p22:04;p22:11;p22:10;p22:07;p22:02;p22:01,1
3,22,8,chewing,WRONG,1,p01:10;p01:04;p01:00;p01:14;p01:09;p01:11;p01:12;p01:05,1
3,22,8,chewing,WRONG,21,p21:04;p21:07;p21:02;p21:09;p21:14;p21:12;p21:13;p21:03,1
3,22,8,chewing,WRONG,29,p29:00;p29:02;p29:11;p29:10;p29:09;p29:15;p29:13;p29:03,1
3,22,8,chewing,POP,,p16:12;p30:01;p30:14;p23:15;p06:03;p06:10;p23:13;p14:05,1
3,22,8,chewing,MATCH,22,p22:15;p22:09;p22:04;p22:11;p22:10;p22:07;p22:02;p22:01,1
3,22,8,tongue,WRONG,1,p01:04;p01:02;p01:03;p01:11;p01:14;p01:09;p01:05;p01:12,1
3,22,8,tongue,WRONG,21,p21:10;p21:02;p21:04;p21:14;p21:09;p21:12;p21:13;p21:03,1
3,22,8,tongue,WRONG,29,p29:02;p29:00;p29:05;p29:11;p29:10;p29:09;p29:13;p29:03,1
3,22,8,tongue,POP,,p30:03;p27:15;p30:14;p14:05;p06:03;p23:13;p06:10;p23:15,1
3,22,8,tongue,MATCH,22,p22:05;p22:09;p22:15;p22:10;p22:11;p22:07;p22:02;p22:01,1
3,22,8,swallowing,WRONG,1,p01:10;p01:04;p01:00;p01:14;p01:09;p01:11;p01:05;p01:12,1
3,22,8,swallowing,WRONG,21,p21:07;p21:09;p21:11;p21:02;p21:14;p21:12;p21:13;p21:03,1
3,22,8,swallowing,WRONG,29,p29:00;p29:11;p29:15;p29:02;p29:10;p29:09;p29:13;p29:03,1
3,22,8,swallowing,POP,,p23:08;p27:13;p30:14;p23:15;p06:03;p06:10;p23:13;p14:05,1
3,22,8,swallowing,MATCH,22,p22:14;p22:15;p22:09;p22:11;p22:10;p22:07;p22:02;p22:01,1
3,22,8,facial_emg,WRONG,1,p01:10;p01:08;p01:00;p01:14;p01:09;p01:11;p01:05;p01:12,1
3,22,8,facial_emg,WRONG,21,p21:07;p21:09;p21:11;p21:02;p21:14;p21:12;p21:13;p21:03,1
3,22,8,facial_emg,WRONG,29,p29:00;p29:11;p29:02;p29:10;p29:09;p29:15;p29:13;p29:03,1
3,22,8,facial_emg,POP,,p30:01;p30:06;p30:14;p23:15;p06:03;p23:13;p06:10;p14:05,1
3,22,8,facial_emg,MATCH,22,p22:14;p22:09;p22:04;p22:11;p22:10;p22:07;p22:02;p22:01,1
3,22,9,head_motion,WRONG,1,p01:07;p01:15;p01:11;p01:08;p01:04;p01:05;p01:09;p01:13,1
3,22,9,head_motion,WRONG,21,p21:14;p21:09;p21:15;p21:11;p21:02;p21:03;p21:04;p21:10,1
3,22,9,head_motion,WRONG,29,p29:13;p29:09;p29:11;p29:01;p29:10;p29:05;p29:00;p29:03,1
3,22,9,head_motion,POP,,p30:12;p26:09;p23:15;p14:07;p05:05;p06:10;p06:14;p13:01,1
3,22,9,head_motion,MATCH,22,p22:02;p22:09;p22:13;p22:08;p22:07;p22:01;p22:03;p22:15,1
3,22,9,chewing,WRONG,1,p01:00;p01:15;p01:08;p01:11;p01:04;p01:09;p01:05;p01:13,1
3,22,9,chewing,WRONG,21,p21:15;p21:08;p21:03;p21:07;p21:02;p21:11;p21:04;p21:10,1
3,22,9,chewing,WRONG,29,p29:06;p29:05;p29:09;p29:15;p29:11;p29:03;p29:00;p29:01,1
3,22,9,chewing,POP,,p14:07;p02:14;p26:09;p02:09;p06:10;p05:05;p06:14;p13:01,1
3,22,9,chewing,MATCH,22,p22:13;p22:04;p22:01;p22:14;p22:07;p22:08;p22:03;p22:15,1
3,22,9,tongue,WRONG,1,p01:12;p01:15;p01:08;p01:11;p01:04;p01:05;p01:09;p01:13,1
3,22,9,tongue,WRONG,21,p21:00;p21:15;p21:11;p21:09;p21:02;p21:03;p21:04;p21:10,1
3,22,9,tongue,WRONG,29,p29:13;p29:11;p29:09;p29:01;p29:05;p29:10;p29:00;p29:03,1
3,22,9,tongue,POP,,p30:12;p14:06;p23:15;p14:07;p05:05;p06:10;p06:14;p13:01,1
3,22,9,tongue,MATCH,22,p22:02;p22:13;p22:09;p22:08;p22:07;p22:01;p22:03;p22:15,1
3,22,9,swallowing,WRONG,1,p01:07;p01:15;p01:08;p01:09;p01:11;p01:05;p01:04;p01:13,1
3,22,9,swallowing,WRONG,21,p21:00;p21:09;p21:11;p21:07;p21:02;p21:03;p21:04;p21:10,1
3,22,9,swallowing,WRONG,29,p29:09;p29:11;p29:10;p29:05;p29:06;p29:01;p29:00;p29:03,1
3,22,9,swallowing,POP,,p23:15;p26:09;p30:12;p14:07;p06:10;p05:05;p06:14;p13:01,1
3,22,9,swallowing,MATCH,22,p22:02;p22:14;p22:04;p22:08;p22:07;p22:01;p22:03;p22:15,1
3,22,9,facial_emg,WRONG,1,p01:12;p01:07;p01:08;p01:11;p01:04;p01:09;p01:05;p01:13,1
3,22,9,facial_emg,WRONG,21,p21:09;p21:08;p21:07;p21:02;p21:03;p21:11;p21:04;p21:10,1
3,22,9,facial_emg,WRONG,29,p29:10;p29:11;p29:03;p29:15;p29:09;p29:06;p29:00;p29:01,1
3,22,9,facial_emg,POP,,p02:14;p02:09;p14:07;p26:09;p06:10;p05:05;p06:14;p13:01,1
3,22,9,facial_emg,MATCH,22,p22:13;p22:14;p22:01;p22:04;p22:08;p22:07;p22:03;p22:15,1
3,22,10,head_motion,WRONG,1,p01:09;p01:11;p01:13;p01:06;p01:04;p01:02;p01:08;p01:03,1
3,22,10,head_motion,WRONG,21,p21:03;p21:06;p21:05;p21:12;p21:08;p21:02;p21:00;p21:09,1
3,22,10,head_motion,WRONG,29,p29:03;p29:04;p29:08;p29:11;p29:06;p29:10;p29:01;p29:09,1
3,22,10,head_motion,POP,,p06:09;p14:14;p30:01;p26:06;p06:01;p05:10;p05:05;p05:04,1
3,22,10,head_motion,MATCH,22,p22:08;p22:11;p22:10;p22:02;p22:14;p22:12;p22:04;p22:00,1
3,22,10,chewing,WRONG,1,p01:09;p01:11;p01:13;p01:06;p01:04;p01:02;p01:08;p01:03,1
3,22,10,chewing,WRONG,21,p21:03;p21:06;p21:05;p21:12;p21:08;p21:02;p21:00;p21:09,1
3,22,10,chewing,WRONG,29,p29:05;p29:07;p29:08;p29:11;p29:06;p29:10;p29:01;p29:09,1
3,22,10,chewing,POP,,p06:09;p14:14;p30:01;p26:06;p06:01;p05:10;p05:05;p05:04,1
3,22,10,chewing,MATCH,22,p22:08;p22:11;p22:10;p22:02;p22:14;p22:12;p22:04;p22:00,1
3,22,10,tongue,WRONG,1,p01:05;p01:14;p01:08;p01:06;p01:04;p01:02;p01:09;p01:03,1
3,22,10,tongue,WRONG,21,p21:14;p21:11;p21:05;p21:08;p21:12;p21:02;p21:00;p21:09,1
3,22,10,tongue,WRONG,29,p29:05;p29:04;p29:11;p29:03;p29:07;p29:09;p29:10;p29:01,1
3,22,10,tongue,POP,,p05:14;p30:15;p26:06;p05:10;p14:14;p06:01;p05:05;p05:04,1
3,22,10,tongue,MATCH,22,p22:04;p22:03;p22:07;p22:10;p22:11;p22:12;p22:02;p22:00,1
3,22,10,swallowing,WRONG,1,p01:09;p01:13;p01:11;p01:06;p01:04;p01:08;p01:02;p01:03,1
3,22,10,swallowing,WRONG,21,p21:03;p21:06;p21:05;p21:12;p21:08;p21:02;p21:00;p21:09,1
3,22,10,swallowing,WRONG,29,p29:03;p29:04;p29:08;p29:06;p29:11;p29:10;p29:01;p29:09,1
3,22,10,swallowing,POP,,p14:14;p06:09;p30:01;p26:06;p06:01;p05:10;p05:05;p05:04,1
3,22,10,swallowing,MATCH,22,p22:08;p22:11;p22:10;p22:02;p22:14;p22:12;p22:04;p22:00,1
3,22,10,facial_emg,WRONG,1,p01:09;p01:11;p01:13;p01:06;p01:04;p01:02;p01:08;p01:03,1
3,22,10,facial_emg,WRONG,21,p21:03;p21:06;p21:05;p21:12;p21:08;p21:02;p21:00;p21:09,1
3,22,10,facial_emg,WRONG,29,p29:04;p29:03;p29:08;p29:06;p29:11;p29:10;p29:01;p29:09,1
3,22,10,facial_emg,POP,,p14:14;p06:09;p30:01;p26:06;p06:01;p05:10;p05:05;p05:04,1
3,22,10,facial_emg,MATCH,22,p22:08;p22:11;p22:10;p22:02;p22:14;p22:12;p22:04;p22:00,1
3,22,11,head_motion,WRONG,1,p01:08;p01:02;p01:07;p01:06;p01:11;p01:14;p01:01;p01:00,1
3,22,11,head_motion,WRONG,21,p21:03;p21:12;p21:08;p21:01;p21:14;p21:05;p21:07;p21:06,1
3,22,11,head_motion,WRONG,29,p29:05;p29:10;p29:11;p29:12;p29:01;p29:14;p29:02;p29:15,1
3,22,11,head_motion,POP,,p05:15;p14:15;p05:06;p06:06;p23:06;p26:04;p26:14;p18:08,1
3,22,11,head_motion,MATCH,22,p22:10;p22:13;p22:02;p22:07;p22:11;p22:03;p22:04;p22:06,1
3,22,11,chewing,WRONG,1,p01:06;p01:12;p01:08;p01:02;p01:11;p01:07;p01:01;p01:00,1
3,22,11,chewing,WRONG,21,p21:08;p21:03;p21:15;p21:07;p21:14;p21:05;p21:01;p21:06,1
3,22,11,chewing,WRONG,29,p29:10;p29:12;p29:01;p29:05;p29:02;p29:08;p29:14;p29:15,1
3,22,11,chewing,POP,,p23:05;p06:06;p06:02;p14:15;p26:14;p23:06;p18:08;p06:08,1
3,22,11,chewing,MATCH,22,p22:05;p22:13;p22:11;p22:07;p22:14;p22:12;p22:04;p22:06,1
3,22,11,tongue,WRONG,1,p01:10;p01:04;p01:01;p01:07;p01:14;p01:11;p01:06;p01:00,1
3,22,11,tongue,WRONG,21,p21:13;p21:05;p21:04;p21:01;p21:14;p21:08;p21:06;p21:07,1
3,22,11,tongue,WRONG,29,p29:10;p29:00;p29:14;p29:12;p29:04;p29:02;p29:01;p29:15,1
3,22,11,tongue,POP,,p14:15;p05:15;p05:06;p23:06;p06:06;p26:04;p26:14;p18:08,1
3,22,11,tongue,MATCH,22,p22:15;p22:11;p22:10;p22:02;p22:00;p22:03;p22:04;p22:06,1
3,22,11,swallowing,WRONG,1,p01:04;p01:11;p01:08;p01:06;p01:02;p01:07;p01:01;p01:00,1
3,22,11,swallowing,WRONG,21,p21:11;p21:03;p21:15;p21:14;p21:07;p21:05;p21:01;p21:06,1
3,22,11,swallowing,WRONG,29,p29:05;p29:12;p29:01;p29:02;p29:08;p29:10;p29:14;p29:15,1
3,22,11,swallowing,POP,,p06:06;p06:05;p05:06;p14:15;p26:04;p26:14;p23:06;p18:08,1
3,22,11,swallowing,MATCH,22,p22:10;p22:02;p22:11;p22:12;p22:13;p22:07;p22:04;p22:06,1
3,22,11,facial_emg,WRONG,1,p01:04;p01:02;p01:11;p01:08;p01:07;p01:06;p01:01;p01:00,1
3,22,11,facial_emg,WRONG,21,p21:11;p21:03;p21:15;p21:14;p21:07;p21:05;p21:01;p21:06,1
3,22,11,facial_emg,WRONG,29,p29:05;p29:01;p29:02;p29:12;p29:08;p29:14;p29:10;p29:15,1
3,22,11,facial_emg,POP,,p06:06;p06:05;p14:15;p05:06;p26:04;p26:14;p23:06;p18:08,1
3,22,11,facial_emg,MATCH,22,p22:05;p22:12;p22:02;p22:11;p22:13;p22:07;p22:04;p22:06,1
3,22,12,head_motion,WRONG,1,p01:09;p01:15;p01:04;p01:03;p01:07;p01:06;p01:08;p01:02,1
3,22,12,head_motion,WRONG,21,p21:01;p21:15;p21:02;p21:14;p21:09;p21:06;p21:04;p21:13,1
3,22,12,head_motion,WRONG,29,,1
3,22,12,head_motion,POP,,p23:08;p26:13;p18:03;p23:13;p26:10;p02:14;p06:04;p08:15,1
3,22,12,head_motion,MATCH,22,p22:14;p22:00;p22:12;p22:07;p22:05;p22:11;p22:15;p22:08,1
3,22,12,chewing,WRONG,1,p01:09;p01:07;p01:01;p01:05;p01:12;p01:06;p01:08;p01:02,1
3,22,12,chewing,WRONG,21,p21:01;p21:14;p21:09;p21:02;p21:15;p21:04;p21:06;p21:13,1
3,22,12,chewing,WRONG,29,,1
3,22,12,chewing,POP,,p02:14;p20:11;p23:13;p26:10;p26:14;p06:04;p26:09;p08:15,1
3,22,12,chewing,MATCH,22,p22:10;p22:11;p22:00;p22:12;p22:05;p22:07;p22:15;p22:08,1
3,22,12,tongue,WRONG,1,p01:04;p01:15;p01:09;p01:08;p01:06;p01:03;p01:07;p01:02,1
3,22,12,tongue,WRONG,21,p21:01;p21:15;p21:02;p21:14;p21:06;p21:09;p21:13;p21:04,1
3,22,12,tongue,WRONG,29,,1
3,22,12,tongue,POP,,p02:15;p26:13;p18:03;p02:14;p23:13;p26:10;p08:15;p06:04,1
3,22,12,tongue,MATCH,22,p22:01;p22:09;p22:05;p22:03;p22:14;p22:15;p22:11;p22:08,1
3,22,12,swallowing,WRONG,1,p01:07;p01:03;p01:05;p01:08;p01:12;p01:01;p01:06;p01:02,1
3,22,12,swallowing,WRONG,21,p21:10;p21:01;p21:15;p21:14;p21:09;p21:04;p21:06;p21:13,1
3,22,12,swallowing,WRONG,29,,1
3,22,12,swallowing,POP,,p23:13;p23:08;p26:09;p18:03;p02:14;p26:10;p06:04;p08:15,1
3,22,12,swallowing,MATCH,22,p22:14;p22:00;p22:05;p22:11;p22:12;p22:07;p22:15;p22:08,1
3,22,12,facial_emg,WRONG,1,p01:01;p01:07;p01:03;p01:09;p01:05;p01:08;p01:06;p01:02,1
3,22,12,facial_emg,WRONG,21,p21:02;p21:01;p21:15;p21:14;p21:09;p21:04;p21:06;p21:13,1
3,22,12,facial_emg,WRONG,29,,1
3,22,12,facial_emg,POP,,p23:13;p18:03;p26:14;p02:14;p26:09;p26:10;p06:04;p08:15,1
3,22,12,facial_emg,MATCH,22,p22:10;p22:00;p22:05;p22:12;p22:11;p22:07;p22:15;p22:08,1
3,22,13,head_motion,WRONG,1,p01:15;p01:05;p01:10;p01:14;p01:03;p01:02;p01:07;p01:04,1
3,22,13,head_motion,WRONG,21,p21:09;p21:13;p21:03;p21:07;p21:00;p21:06;p21:02;p21:01,1
3,22,13,head_motion,WRONG,29,,1
3,22,13,head_motion,POP,,p08:08;p18:07;p13:01;p18:14;p06:10;p08:12;p16:12;p23:09,1
3,22,13,head_motion,MATCH,22,p22:12;p22:10;p22:04;p22:00;p22:11;p22:06;p22:15;p22:13,1
3,22,13,chewing,WRONG,1,p01:15;p01:05;p01:10;p01:03;p01:14;p01:07;p01:02;p01:04,1
3,22,13,chewing,WRONG,21,p21:09;p21:13;p21:03;p21:07;p21:00;p21:06;p21:02;p21:01,1
3,22,13,chewing,WRONG,29,,1
3,22,13,chewing,POP,,p13:01;p18:07;p08:08;p18:14;p06:10;p08:12;p16:12;p23:09,1
3,22,13,chewing,MATCH,22,p22:09;p22:12;p22:11;p22:00;p22:04;p22:15;p22:06;p22:13,1
3,22,13,tongue,WRONG,1,p01:10;p01:05;p01:14;p01:03;p01:15;p01:07;p01:04;p01:02,1
3,22,13,tongue,WRONG,21,p21:05;p21:12;p21:13;p21:07;p21:00;p21:02;p21:01;p21:06,1
3,22,13,tongue,WRONG,29,,1
3,22,13,tongue,POP,,p23:03;p06:10;p18:14;p13:07;p16:12;p18:07;p08:12;p23:09,1
3,22,13,tongue,MATCH,22,p22:12;p22:08;p22:11;p22:00;p22:10;p22:15;p22:06;p22:13,1
3,22,13,swallowing,WRONG,1,p01:15;p01:05;p01:10;p01:03;p01:14;p01:02;p01:07;p01:04,1
3,22,13,swallowing,WRONG,21,p21:09;p21:13;p21:07;p21:03;p21:00;p21:02;p21:06;p21:01,1
3,22,13,swallowing,WRONG,29,,1
3,22,13,swallowing,POP,,p16:01;p13:01;p18:07;p06:10;p18:14;p08:12;p16:12;p23:09,1
3,22,13,swallowing,MATCH,22,p22:09;p22:12;p22:04;p22:00;p22:11;p22:15;p22:06;p22:13,1
3,22,13,facial_emg,WRONG,1,p01:05;p01:15;p01:10;p01:03;p01:14;p01:02;p01:07;p01:04,1
3,22,13,facial_emg,WRONG,21,p21:09;p21:03;p21:13;p21:07;p21:00;p21:02;p21:06;p21:01,1
3,22,13,facial_emg,WRONG,29,,1
3,22,13,facial_emg,POP,,p08:08;p16:01;p06:10;p18:07;p18:14;p08:12;p16:12;p23:09,1
3,22,13,facial_emg,MATCH,22,p22:09;p22:12;p22:04;p22:00;p22:11;p22:15;p22:06;p22:13,1
3,22,14,head_motion,WRONG,1,p01:02;p01:13;p01:07;p01:01;p01:03;p01:09;p01:06;p01:10,1
3,22,14,head_motion,WRONG,21,p21:02;p21:09;p21:15;p21:05;p21:13;p21:00;p21:11;p21:07,1
3,22,14,head_motion,WRONG,29,,1
3,22,14,head_motion,POP,,p16:15;p16:13;p08:01;p23:12;p16:12;p20:13;p06:15;p13:07,1
3,22,14,head_motion,MATCH,22,p22:15;p22:11;p22:01;p22:06;p22:04;p22:12;p22:00;p22:13,1
3,22,14,chewing,WRONG,1,p01:11;p01:02;p01:09;p01:13;p01:03;p01:07;p01:06;p01:10,1
3,22,14,chewing,WRONG,21,p21:15;p21:02;p21:05;p21:03;p21:13;p21:00;p21:11;p21:07,1
3,22,14,chewing,WRONG,29,,1
3,22,14,chewing,POP,,p18:14;p20:14;p16:15;p06:15;p16:12;p20:13;p08:01;p13:07,1
3,22,14,chewing,MATCH,22,p22:15;p22:01;p22:11;p22:04;p22:06;p22:12;p22:00;p22:13,1
3,22,14,tongue,WRONG,1,p01:06;p01:11;p01:02;p01:07;p01:13;p01:01;p01:09;p01:10,1
3,22,14,tongue,WRONG,21,p21:03;p21:15;p21:02;p21:09;p21:13;p21:00;p21:11;p21:07,1
3,22,14,tongue,WRONG,29,,1
3,22,14,tongue,POP,,p20:06;p16:15;p16:13;p23:12;p16:12;p13:07;p20:09;p06:15,1
3,22,14,tongue,MATCH,22,p22:15;p22:10;p22:06;p22:01;p22:04;p22:13;p22:00;p22:12,1
3,22,14,swallowing,WRONG,1,p01:13;p01:02;p01:01;p01:07;p01:09;p01:03;p01:06;p01:10,1
3,22,14,swallowing,WRONG,21,p21:04;p21:05;p21:09;p21:13;p21:15;p21:00;p21:11;p21:07,1
3,22,14,swallowing,WRONG,29,,1
3,22,14,swallowing,POP,,p20:06;p20:13;p16:15;p23:12;p06:12;p16:12;p06:15;p13:07,1
3,22,14,swallowing,MATCH,22,p22:01;p22:15;p22:11;p22:06;p22:04;p22:12;p22:13;p22:00,1
3,22,14,facial_emg,WRONG,1,p01:11;p01:01;p01:07;p01:13;p01:03;p01:09;p01:06;p01:10,1
3,22,14,facial_emg,WRONG,21,p21:12;p21:09;p21:13;p21:05;p21:15;p21:00;p21:11;p21:07,1
3,22,14,facial_emg,WRONG,29,,1
3,22,14,facial_emg,POP,,p13:13;p20:13;p16:15;p06:12;p08:01;p16:12;p06:15;p13:07,1
3,22,14,facial_emg,MATCH,22,p22:01;p22:11;p22:15;p22:06;p22:04;p22:12;p22:00;p22:13,1
3,22,15,head_motion,WRONG,1,p01:12;p01:06;p01:13;p01:07;p01:05;p01:08;p01:01;p01:00,1
3,22,15,head_motion,WRONG,21,p21:10;p21:12;p21:11;p21:00;p21:07;p21:04;p21:09;p21:15,1
3,22,15,head_motion,WRONG,29,,1
3,22,15,head_motion,POP,,p06:08;p23:08;p26:13;p06:05;p20:04;p26:06;p23:13;p23:10,1
3,22,15,head_motion,MATCH,22,p22:09;p22:01;p22:08;p22:02;p22:12;p22:03;p22:14;p22:05,1
3,22,15,chewing,WRONG,1,p01:15;p01:12;p01:13;p01:07;p01:08;p01:05;p01:01;p01:00,1
3,22,15,chewing,WRONG,21,p21:11;p21:00;p21:14;p21:12;p21:07;p21:09;p21:04;p21:15,1
3,22,15,chewing,WRONG,29,,1
3,22,15,chewing,POP,,p23:02;p23:08;p06:08;p06:05;p20:04;p23:13;p26:06;p23:10,1
3,22,15,chewing,MATCH,22,p22:09;p22:01;p22:03;p22:08;p22:14;p22:12;p22:05;p22:02,1
3,22,15,tongue,WRONG,1,p01:15;p01:03;p01:13;p01:07;p01:08;p01:01;p01:05;p01:00,1
3,22,15,tongue,WRONG,21,p21:00;p21:12;p21:11;p21:07;p21:10;p21:09;p21:04;p21:15,1
3,22,15,tongue,WRONG,29,,1
3,22,15,tongue,POP,,p06:08;p26:13;p06:05;p23:02;p26:06;p20:04;p23:10;p23:13,1
3,22,15,tongue,MATCH,22,p22:01;p22:02;p22:09;p22:08;p22:14;p22:12;p22:05;p22:03,1
3,22,15,swallowing,WRONG,1,p01:12;p01:06;p01:03;p01:07;p01:08;p01:05;p01:01;p01:00,1
3,22,15,swallowing,WRONG,21,p21:00;p21:11;p21:12;p21:07;p21:09;p21:10;p21:04;p21:15,1
3,22,15,swallowing,WRONG,29,,1
3,22,15,swallowing,POP,,p06:08;p18:15;p23:02;p23:13;p06:05;p26:06;p20:04;p23:10,1
3,22,15,swallowing,MATCH,22,p22:01;p22:09;p22:03;p22:08;p22:02;p22:14;p22:12;p22:05,1
3,22,15,facial_emg,WRONG,1,p01:06;p01:12;p01:13;p01:07;p01:08;p01:05;p01:01;p01:00,1
3,22,15,facial_emg,WRONG,21,p21:11;p21:00;p21:12;p21:07;p21:10;p21:09;p21:04;p21:15,1
3,22,15,facial_emg,WRONG,29,,1
3,22,15,facial_emg,POP,,p23:08;p18:15;p23:02;p23:13;p06:05;p26:06;p20:04;p23:10,1
3,22,15,facial_emg,MATCH,22,p22:01;p22:09;p22:03;p22:14;p22:08;p22:02;p22:12;p22:05,1
3,22,16,head_motion,WRONG,1,p01:06;p01:14;p01:15;p01:05;p01:02;p01:09;p01:12;p01:03,1
3,22,16,head_motion,WRONG,21,p21:12;p21:05;p21:13;p21:14;p21:02;p21:00;p21:11;p21:09,1
3,22,16,head_motion,WRONG,29,p29:01;p29:10;p29:05;p29:11;p29:09;p29:04;p29:13;p29:07,1
3,22,16,head_motion,POP,,p06:11;p14:13;p06:01;p05:05;p05:10;p14:14;p30:15;p05:04,1
3,22,16,head_motion,MATCH,22,p22:07;p22:11;p22:12;p22:09;p22:08;p22:05;p22:02;p22:00,1
3,22,16,chewing,WRONG,1,p01:04;p01:10;p01:15;p01:14;p01:06;p01:00;p01:12;p01:03,1
3,22,16,chewing,WRONG,21,p21:14;p21:05;p21:11;p21:08;p21:15;p21:07;p21:00;p21:01,1
3,22,16,chewing,WRONG,29,p29:05;p29:08;p29:01;p29:09;p29:11;p29:13;p29:04;p29:07,1
3,22,16,chewing,POP,,p02:10;p08:10;p05:05;p08:09;p13:14;p14:09;p05:10;p05:04,1
3,22,16,chewing,MATCH,22,p22:11;p22:02;p22:08;p22:05;p22:13;p22:12;p22:09;p22:00,1
3,22,16,tongue,WRONG,1,p01:09;p01:02;p01:15;p01:10;p01:06;p01:14;p01:12;p01:03,1
3,22,16,tongue,WRONG,21,p21:01;p21:15;p21:02;p21:09;p21:05;p21:14;p21:11;p21:00,1
3,22,16,tongue,WRONG,29,p29:06;p29:12;p29:05;p29:10;p29:11;p29:13;p29:04;p29:07,1
3,22,16,tongue,POP,,p06:11;p14:13;p06:01;p05:05;p14:14;p05:10;p30:15;p05:04,1
3,22,16,tongue,MATCH,22,p22:07;p22:12;p22:11;p22:05;p22:08;p22:09;p22:02;p22:00,1
3,22,16,swallowing,WRONG,1,p01:10;p01:02;p01:15;p01:09;p01:14;p01:06;p01:12;p01:03,1
3,22,16,swallowing,WRONG,21,p21:08;p21:15;p21:02;p21:09;p21:05;p21:14;p21:00;p21:11,1
3,22,16,swallowing,WRONG,29,p29:01;p29:09;p29:05;p29:10;p29:11;p29:04;p29:13;p29:07,1
3,22,16,swallowing,POP,,p08:10;p14:09;p06:11;p14:14;p05:05;p05:10;p30:15;p05:04,1
3,22,16,swallowing,MATCH,22,p22:10;p22:08;p22:11;p22:09;p22:05;p22:12;p22:02;p22:00,1
3,22,16,facial_emg,WRONG,1,p01:01;p01:10;p01:15;p01:14;p01:00;p01:06;p01:12;p01:03,1
3,22,16,facial_emg,WRONG,21,p21:15;p21:14;p21:02;p21:05;p21:11;p21:08;p21:01;p21:00,1
3,22,16,facial_emg,WRONG,29,p29:12;p29:01;p29:05;p29:09;p29:11;p29:13;p29:04;p29:07,1
3,22,16,facial_emg,POP,,p08:10;p06:11;p13:14;p08:09;p05:05;p14:09;p05:10;p05:04,1
3,22,16,facial_emg,MATCH,22,p22:13;p22:14;p22:02;p22:05;p22:08;p22:09;p22:12;p22:00,1
3,22,17,head_motion,WRONG,1,p01:09;p01:04;p01:06;p01:07;p01:14;p01:01;p01:11;p01:02,1
3,22,17,head_motion,WRONG,21,p21:08;p21:07;p21:04;p21:06;p21:09;p21:14;p21:01;p21:05,1
3,22,17,head_motion,WRONG,29,p29:11;p29:04;p29:14;p29:12;p29:05;p29:02;p29:01;p29:15,1
3,22,17,head_motion,POP,,p27:07;p06:00;p05:10;p27:12;p30:07;p18:08;p18:12;p08:12,1
3,22,17,head_motion,MATCH,22,p22:06;p22:13;p22:03;p22:11;p22:04;p22:00;p22:12;p22:10,1
3,22,17,chewing,WRONG,1,p01:09;p01:04;p01:06;p01:07;p01:14;p01:01;p01:11;p01:02,1
3,22,17,chewing,WRONG,21,p21:08;p21:04;p21:07;p21:06;p21:09;p21:14;p21:01;p21:05,1
3,22,17,chewing,WRONG,29,p29:11;p29:04;p29:14;p29:12;p29:05;p29:02;p29:01;p29:15,1
3,22,17,chewing,POP,,p30:00;p06:00;p05:10;p27:12;p30:07;p18:12;p18:08;p08:12,1
3,22,17,chewing,MATCH,22,p22:06;p22:13;p22:03;p22:11;p22:04;p22:00;p22:12;p22:10,1
3,22,17,tongue,WRONG,1,p01:14;p01:04;p01:07;p01:01;p01:06;p01:00;p01:02;p01:11,1
3,22,17,tongue,WRONG,21,p21:06;p21:04;p21:07;p21:08;p21:09;p21:14;p21:01;p21:05,1
3,22,17,tongue,WRONG,29,p29:14;p29:11;p29:12;p29:04;p29:05;p29:02;p29:01;p29:15,1
3,22,17,tongue,POP,,p13:00;p27:12;p06:00;p27:07;p18:08;p05:10;p08:12;p18:12,1
3,22,17,tongue,MATCH,22,p22:06;p22:13;p22:12;p22:11;p22:00;p22:03;p22:04;p22:10,1
3,22,17,swallowing,WRONG,1,p01:09;p01:04;p01:06;p01:14;p01:07;p01:01;p01:02;p01:11,1
3,22,17,swallowing,WRONG,21,p21:04;p21:15;p21:07;p21:06;p21:09;p21:14;p21:01;p21:05,1
3,22,17,swallowing,WRONG,29,p29:04;p29:11;p29:14;p29:12;p29:01;p29:05;p29:02;p29:15,1
3,22,17,swallowing,POP,,p27:07;p30:00;p06:00;p05:10;p30:07;p18:12;p18:08;p08:12,1
3,22,17,swallowing,MATCH,22,p22:06;p22:13;p22:03;p22:04;p22:11;p22:00;p22:12;p22:10,1
3,22,17,facial_emg,WRONG,1,p01:09;p01:06;p01:07;p01:14;p01:04;p01:02;p01:01;p01:11,1
3,22,17,facial_emg,WRONG,21,p21:04;p21:15;p21:06;p21:07;p21:09;p21:14;p21:01;p21:05,1
3,22,17,facial_emg,WRONG,29,p29:04;p29:11;p29:14;p29:12;p29:01;p29:05;p29:02;p29:15,1
3,22,17,facial_emg,POP,,p30:00;p27:07;p05:10;p06:00;p30:07;p18:12;p08:12;p18:08,1
3,22,17,facial_emg,MATCH,22,p22:06;p22:13;p22:03;p22:11;p22:04;p22:00;p22:12;p22:10,1
3,22,18,head_motion,WRONG,1,p01:06;p01:07;p01:02;p01:11;p01:15;p01:13;p01:10;p01:03,1
3,22,18,head_motion,WRONG,21,p21:13;p21:06;p21:11;p21:05;p21:04;p21:00;p21:12;p21:09,1
3,22,18,head_motion,WRONG,29,p29:09;p29:15;p29:00;p29:14;p29:07;p29:04;p29:02;p29:01,1
3,22,18,head_motion,POP,,p27:12;p27:14;p06:15;p14:06;p06:00;p14:02;p06:07;p06:09,1
3,22,18,head_motion,MATCH,22,p22:05;p22:02;p22:12;p22:14;p22:06;p22:09;p22:11;p22:00,1
3,22,18,chewing,WRONG,1,p01:04;p01:05;p01:02;p01:14;p01:01;p01:15;p01:10;p01:03,1
3,22,18,chewing,WRONG,21,p21:14;p21:06;p21:04;p21:11;p21:00;p21:05;p21:09;p21:12,1
3,22,18,chewing,WRONG,29,p29:12;p29:09;p29:00;p29:14;p29:07;p29:02;p29:04;p29:01,1
3,22,18,chewing,POP,,p18:06;p27:14;p06:15;p14:06;p06:00;p06:07;p14:02;p06:09,1
3,22,18,chewing,MATCH,22,p22:05;p22:02;p22:13;p22:14;p22:12;p22:09;p22:11;p22:00,1
3,22,18,tongue,WRONG,1,p01:07;p01:06;p01:02;p01:11;p01:13;p01:15;p01:10;p01:03,1
3,22,18,tongue,WRONG,21,p21:14;p21:04;p21:06;p21:05;p21:11;p21:00;p21:09;p21:12,1
3,22,18,tongue,WRONG,29,p29:09;p29:12;p29:00;p29:07;p29:04;p29:14;p29:02;p29:01,1
3,22,18,tongue,POP,,p18:06;p27:14;p06:15;p14:06;p06:00;p14:02;p06:07;p06:09,1
3,22,18,tongue,MATCH,22,p22:10;p22:06;p22:02;p22:12;p22:14;p22:09;p22:11;p22:00,1
3,22,18,swallowing,WRONG,1,p01:04;p01:05;p01:11;p01:01;p01:02;p01:15;p01:10;p01:03,1
3,22,18,swallowing,WRONG,21,p21:06;p21:14;p21:04;p21:11;p21:05;p21:00;p21:09;p21:12,1
3,22,18,swallowing,WRONG,29,p29:12;p29:09;p29:14;p29:00;p29:07;p29:04;p29:02;p29:01,1
3,22,18,swallowing,POP,,p18:06;p27:14;p06:15;p14:06;p06:00;p14:02;p06:07;p06:09,1
3,22,18,swallowing,MATCH,22,p22:05;p22:10;p22:02;p22:14;p22:12;p22:09;p22:11;p22:00,1
3,22,18,facial_emg,WRONG,1,p01:11;p01:14;p01:05;p01:02;p01:01;p01:15;p01:10;p01:03,1
3,22,18,facial_emg,WRONG,21,p21:06;p21:14;p21:04;p21:11;p21:05;p21:00;p21:09;p21:12,1
3,22,18,facial_emg,WRONG,29,p29:12;p29:09;p29:14;p29:00;p29:04;p29:07;p29:02;p29:01,1
3,22,18,facial_emg,POP,,p18:06;p27:14;p06:15;p14:06;p06:00;p14:02;p06:07;p06:09,1
3,22,18,facial_emg,MATCH,22,p22:05;p22:13;p22:02;p22:14;p22:12;p22:09;p22:11;p22:00,1
3,22,19,head_motion,WRONG,1,p01:12;p01:08;p01:00;p01:05;p01:15;p01:02;p01:13;p01:06,1
3,22,19,head_motion,WRONG,21,p21:05;p21:13;p21:07;p21:08;p21:10;p21:00;p21:04;p21:09,1
3,22,19,head_motion,WRONG,29,p29:12;p29:09;p29:03;p29:00;p29:06;p29:04;p29:15;p29:07,1
3,22,19,head_motion,POP,,p23:12;p30:05;p14:03;p06:12;p26:14;p05:04;p05:10;p05:05,1
3,22,19,head_motion,MATCH,22,p22:12;p22:05;p22:06;p22:14;p22:08;p22:00;p22:03;p22:04,1
3,22,19,chewing,WRONG,1,p01:15;p01:01;p01:03;p01:09;p01:02;p01:08;p01:13;p01:06,1
3,22,19,chewing,WRONG,21,p21:05;p21:15;p21:08;p21:04;p21:07;p21:10;p21:00;p21:09,1
3,22,19,chewing,WRONG,29,p29:11;p29:02;p29:06;p29:03;p29:00;p29:09;p29:12;p29:07,1
3,22,19,chewing,POP,,p06:12;p14:03;p23:12;p27:05;p26:14;p05:04;p05:10;p05:05,1
3,22,19,chewing,MATCH,22,p22:06;p22:13;p22:03;p22:08;p22:05;p22:14;p22:00;p22:04,1
3,22,19,tongue,WRONG,1,p01:04;p01:15;p01:03;p01:09;p01:02;p01:08;p01:13;p01:06,1
3,22,19,tongue,WRONG,21,p21:01;p21:04;p21:08;p21:15;p21:07;p21:10;p21:00;p21:09,1
3,22,19,tongue,WRONG,29,p29:11;p29:00;p29:09;p29:03;p29:06;p29:04;p29:12;p29:07,1
3,22,19,tongue,POP,,p06:09;p23:12;p14:03;p06:12;p26:14;p05:04;p05:10;p05:05,1
3,22,19,tongue,MATCH,22,p22:06;p22:13;p22:08;p22:05;p22:03;p22:14;p22:00;p22:04,1
3,22,19,swallowing,WRONG,1,p01:01;p01:15;p01:03;p01:09;p01:02;p01:08;p01:13;p01:06,1
3,22,19,swallowing,WRONG,21,p21:01;p21:08;p21:15;p21:04;p21:07;p21:10;p21:00;p21:09,1
3,22,19,swallowing,WRONG,29,p29:02;p29:11;p29:06;p29:03;p29:09;p29:00;p29:12;p29:07,1
3,22,19,swallowing,POP,,p14:03;p06:12;p27:05;p23:12;p26:14;p05:04;p05:10;p05:05,1
3,22,19,swallowing,MATCH,22,p22:06;p22:13;p22:03;p22:08;p22:05;p22:14;p22:00;p22:04,1
3,22,19,facial_emg,WRONG,1,p01:15;p01:01;p01:03;p01:09;p01:02;p01:08;p01:13;p01:06,1
3,22,19,facial_emg,WRONG,21,p21:08;p21:01;p21:04;p21:15;p21:07;p21:10;p21:00;p21:09,1
3,22,19,facial_emg,WRONG,29,p29:02;p29:11;p29:03;p29:09;p29:06;p29:04;p29:12;p29:07,1
3,22,19,facial_emg,POP,,p14:03;p23:12;p27:01;p06:12;p26:14;p05:04;p05:10;p05:05,1
3,22,19,facial_emg,MATCH,22,p22:06;p22:13;p22:03;p22:08;p22:05;p22:14;p22:00;p22:04,1
3,22,20,head_motion,WRONG,1,p01:06;p01:09;p01:01;p01:00;p01:04;p01:15;p01:07;p01:10,1
3,22,20,head_motion,WRONG,21,p21:09;p21:03;p21:04;p21:15;p21:05;p21:01;p21:02;p21:11,1
3,22,20,head_motion,WRONG,29,,1
3,22,20,head_motion,POP,,p23:08;p13:10;p02:03;p20:07;p06:01;p02:08;p06:15;p16:14,1
3,22,20,head_motion,MATCH,22,p22:02;p22:03;p22:11;p22:04;p22:15;p22:01;p22:12;p22:00,1
3,22,20,chewing,WRONG,1,p01:09;p01:15;p01:03;p01:01;p01:14;p01:04;p01:07;p01:10,1
3,22,20,chewing,WRONG,21,p21:12;p21:03;p21:04;p21:09;p21:14;p21:00;p21:01;p21:05,1
3,22,20,chewing,WRONG,29,,1
3,22,20,chewing,POP,,p08:01;p16:14;p18:07;p02:03;p06:15;p16:12;p06:01;p20:15,1
3,22,20,chewing,MATCH,22,p22:03;p22:01;p22:13;p22:14;p22:15;p22:04;p22:00;p22:12,1
3,22,20,tongue,WRONG,1,p01:14;p01:09;p01:06;p01:04;p01:15;p01:01;p01:07;p01:10,1
3,22,20,tongue,WRONG,21,p21:09;p21:04;p21:01;p21:05;p21:03;p21:02;p21:15;p21:11,1
3,22,20,tongue,WRONG,29,,1
3,22,20,tongue,POP,,p02:05;p16:12;p13:10;p02:08;p16:14;p06:01;p02:03;p06:15,1
3,22,20,tongue,MATCH,22,p22:14;p22:11;p22:03;p22:04;p22:15;p22:01;p22:00;p22:12,1
3,22,20,swallowing,WRONG,1,p01:06;p01:03;p01:15;p01:14;p01:04;p01:01;p01:07;p01:10,1
3,22,20,swallowing,WRONG,21,p21:09;p21:02;p21:14;p21:11;p21:01;p21:05;p21:15;p21:03,1
3,22,20,swallowing,WRONG,29,,1
3,22,20,swallowing,POP,,p13:10;p20:15;p16:14;p02:08;p16:12;p06:15;p02:03;p06:01,1
3,22,20,swallowing,MATCH,22,p22:03;p22:01;p22:13;p22:14;p22:15;p22:04;p22:00;p22:12,1
3,22,20,facial_emg,WRONG,1,p01:02;p01:03;p01:14;p01:15;p01:04;p01:01;p01:07;p01:10,1
3,22,20,facial_emg,WRONG,21,p21:14;p21:12;p21:09;p21:01;p21:11;p21:05;p21:15;p21:03,1
3,22,20,facial_emg,WRONG,29,,1
3,22,20,facial_emg,POP,,p13:10;p02:08;p08:01;p20:15;p16:12;p06:15;p06:01;p02:03,1
3,22,20,facial_emg,MATCH,22,p22:03;p22:01;p22:13;p22:14;p22:04;p22:15;p22:00;p22:12,1
3,22,21,head_motion,WRONG,1,p01:06;p01:12;p01:04;p01:14;p01:15;p01:09;p01:11;p01:02,1
3,22,21,head_motion,WRONG,21,p21:12;p21:15;p21:00;p21:05;p21:08;p21:03;p21:10;p21:14,1
3,22,21,head_motion,WRONG,29,,1
3,22,21,head_motion,POP,,p13:15;p06:11;p20:12;p18:07;p23:09;p23:05;p23:11;p23:03,1
3,22,21,head_motion,MATCH,22,p22:07;p22:11;p22:08;p22:09;p22:10;p22:15;p22:13;p22:06,1
3,22,21,chewing,WRONG,1,p01:12;p01:14;p01:06;p01:04;p01:15;p01:09;p01:11;p01:02,1
3,22,21,chewing,WRONG,21,p21:03;p21:05;p21:13;p21:00;p21:01;p21:06;p21:02;p21:14,1
3,22,21,chewing,WRONG,29,,1
3,22,21,chewing,POP,,p23:11;p13:15;p13:08;p23:03;p20:13;p23:09;p23:05;p20:11,1
3,22,21,chewing,MATCH,22,p22:08;p22:00;p22:11;p22:07;p22:15;p22:10;p22:13;p22:06,1
3,22,21,tongue,WRONG,1,p01:12;p01:14;p01:01;p01:04;p01:09;p01:15;p01:11;p01:02,1
3,22,21,tongue,WRONG,21,p21:10;p21:08;p21:05;p21:06;p21:01;p21:03;p21:02;p21:14,1
3,22,21,tongue,WRONG,29,,1
3,22,21,tongue,POP,,p06:11;p13:08;p18:06;p20:03;p20:11;p23:09;p23:03;p23:05,1
3,22,21,tongue,MATCH,22,p22:09;p22:08;p22:11;p22:07;p22:15;p22:10;p22:13;p22:06,1
3,22,21,swallowing,WRONG,1,p01:05;p01:14;p01:06;p01:04;p01:15;p01:09;p01:11;p01:02,1
3,22,21,swallowing,WRONG,21,p21:13;p21:05;p21:03;p21:15;p21:06;p21:01;p21:02;p21:14,1
3,22,21,swallowing,WRONG,29,,1
3,22,21,swallowing,POP,,p18:06;p06:11;p02:09;p13:08;p23:03;p23:09;p20:11;p23:05,1
3,22,21,swallowing,MATCH,22,p22:09;p22:08;p22:11;p22:07;p22:15;p22:10;p22:13;p22:06,1
3,22,21,facial_emg,WRONG,1,p01:06;p01:05;p01:12;p01:04;p01:15;p01:09;p01:11;p01:02,1
3,22,21,facial_emg,WRONG,21,p21:05;p21:08;p21:01;p21:02;p21:15;p21:10;p21:03;p21:14,1
3,22,21,facial_emg,WRONG,29,,1
3,22,21,facial_emg,POP,,p20:03;p02:09;p06:11;p13:15;p20:11;p23:09;p23:03;p23:05,1
3,22,21,facial_emg,MATCH,22,p22:09;p22:08;p22:11;p22:07;p22:15;p22:10;p22:13;p22:06,1
3,22,22,head_motion,WRONG,1,p01:14;p01:09;p01:13;p01:07;p01:05;p01:06;p01:02;p01:00,1
3,22,22,head_motion,WRONG,21,p21:14;p21:00;p21:07;p21:01;p21:15;p21:04;p21:09;p21:13,1
3,22,22,head_motion,WRONG,29,,1
3,22,22,head_motion,POP,,p23:05;p08:03;p26:13;p26:01;p23:09;p08:12;p06:02;p02:09,1
3,22,22,head_motion,MATCH,22,p22:01;p22:07;p22:03;p22:13;p22:02;p22:00;p22:11;p22:09,1
3,22,22,chewing,WRONG,1,p01:07;p01:05;p01:08;p01:06;p01:15;p01:00;p01:02;p01:11,1
3,22,22,chewing,WRONG,21,p21:10;p21:11;p21:09;p21:15;p21:14;p21:07;p21:04;p21:13,1
3,22,22,chewing,WRONG,29,,1
3,22,22,chewing,POP,,p08:12;p02:13;p06:12;p08:03;p08:09;p23:00;p02:09;p13:12,1
3,22,22,chewing,MATCH,22,p22:03;p22:02;p22:07;p22:13;p22:11;p22:00;p22:01;p22:09,1
3,22,22,tongue,WRONG,1,p01:09;p01:14;p01:07;p01:11;p01:05;p01:06;p01:02;p01:00,1
3,22,22,tongue,WRONG,21,p21:00;p21:14;p21:15;p21:01;p21:07;p21:04;p21:09;p21:13,1
3,22,22,tongue,WRONG,29,,1
3,22,22,tongue,POP,,p26:01;p08:03;p08:09;p06:02;p13:12;p23:09;p08:12;p02:09,1
3,22,22,tongue,MATCH,22,p22:03;p22:01;p22:07;p22:02;p22:13;p22:11;p22:00;p22:09,1
3,22,22,swallowing,WRONG,1,p01:07;p01:06;p01:05;p01:08;p01:15;p01:00;p01:11;p01:02,1
3,22,22,swallowing,WRONG,21,p21:01;p21:10;p21:09;p21:15;p21:14;p21:07;p21:04;p21:13,1
3,22,22,swallowing,WRONG,29,,1
3,22,22,swallowing,POP,,p06:12;p08:03;p23:09;p08:12;p08:09;p02:09;p23:00;p13:12,1
3,22,22,swallowing,MATCH,22,p22:03;p22:02;p22:07;p22:13;p22:11;p22:00;p22:01;p22:09,1
3,22,22,facial_emg,WRONG,1,p01:07;p01:06;p01:05;p01:08;p01:15;p01:11;p01:00;p01:02,1
3,22,22,facial_emg,WRONG,21,p21:01;p21:10;p21:15;p21:14;p21:09;p21:07;p21:04;p21:13,1
3,22,22,facial_emg,WRONG,29,,1
3,22,22,facial_emg,POP,,p06:12;p02:13;p23:00;p08:09;p23:09;p08:12;p02:09;p13:12,1
3,22,22,facial_emg,MATCH,22,p22:03;p22:02;p22:07;p22:11;p22:13;p22:01;p22:00;p22:09,1
3,22,23,head_motion,WRONG,1,p01:09;p01:00;p01:01;p01:06;p01:02;p01:13;p01:12;p01:08,1
3,22,23,head_motion,WRONG,21,p21:03;p21:00;p21:09;p21:05;p21:10;p21:06;p21:12;p21:08,1
3,22,23,head_motion,WRONG,29,,1
3,22,23,head_motion,POP,,p23:12;p06:03;p08:04;p23:08;p23:06;p18:08;p23:10;p08:06,1
3,22,23,head_motion,MATCH,22,p22:11;p22:02;p22:10;p22:12;p22:15;p22:05;p22:07;p22:04,1
3,22,23,chewing,WRONG,1,p01:04;p01:01;p01:09;p01:06;p01:02;p01:08;p01:13;p01:12,1
3,22,23,chewing,WRONG,21,p21:03;p21:00;p21:02;p21:10;p21:05;p21:06;p21:12;p21:08,1
3,22,23,chewing,WRONG,29,,1
3,22,23,chewing,POP,,p08:11;p02:12;p08:15;p08:05;p08:04;p18:08;p06:04;p08:06,1
3,22,23,chewing,MATCH,22,p22:14;p22:12;p22:08;p22:10;p22:15;p22:05;p22:04;p22:07,1
3,22,23,tongue,WRONG,1,p01:04;p01:01;p01:02;p01:06;p01:13;p01:00;p01:12;p01:08,1
3,22,23,tongue,WRONG,21,p21:02;p21:07;p21:00;p21:05;p21:12;p21:06;p21:09;p21:08,1
3,22,23,tongue,WRONG,29,,1
3,22,23,tongue,POP,,p13:13;p23:13;p16:12;p18:08;p08:06;p23:06;p23:08;p23:10,1
3,22,23,tongue,MATCH,22,p22:02;p22:10;p22:11;p22:15;p22:12;p22:05;p22:04;p22:07,1
3,22,23,swallowing,WRONG,1,p01:01;p01:04;p01:09;p01:06;p01:02;p01:13;p01:08;p01:12,1
3,22,23,swallowing,WRONG,21,p21:03;p21:00;p21:09;p21:06;p21:02;p21:12;p21:05;p21:08,1
3,22,23,swallowing,WRONG,29,,1
3,22,23,swallowing,POP,,p18:03;p18:00;p23:02;p23:10;p08:04;p18:08;p06:04;p08:06,1
3,22,23,swallowing,MATCH,22,p22:11;p22:14;p22:12;p22:10;p22:15;p22:05;p22:04;p22:07,1
3,22,23,facial_emg,WRONG,1,p01:01;p01:04;p01:09;p01:06;p01:02;p01:08;p01:13;p01:12,1
3,22,23,facial_emg,WRONG,21,p21:12;p21:07;p21:09;p21:00;p21:08;p21:06;p21:02;p21:05,1
3,22,23,facial_emg,WRONG,29,,1
3,22,23,facial_emg,POP,,p20:04;p18:03;p23:02;p18:00;p08:04;p18:08;p06:04;p08:06,1
3,22,23,facial_emg,MATCH,22,p22:06;p22:14;p22:10;p22:12;p22:15;p22:05;p22:04;p22:07,1
3,22,24,head_motion,WRONG,1,p01:04;p01:08;p01:07;p01:01;p01:11;p01:13;p01:06;p01:00,1
3,22,24,head_motion,WRONG,21,p21:15;p21:05;p21:01;p21:06;p21:00;p21:02;p21:08;p21:07,1
3,22,24,head_motion,WRONG,29,p29:14;p29:02;p29:09;p29:06;p29:08;p29:05;p29:01;p29:12,1
3,22,24,head_motion,POP,,p06:01;p26:09;p05:06;p06:06;p14:11;p23:06;p26:04;p18:08,1
3,22,24,head_motion,MATCH,22,p22:13;p22:04;p22:03;p22:14;p22:08;p22:15;p22:07;p22:06,1
3,22,24,chewing,WRONG,1,p01:06;p01:09;p01:01;p01:07;p01:02;p01:08;p01:11;p01:13,1
3,22,24,chewing,WRONG,21,p21:09;p21:07;p21:15;p21:06;p21:05;p21:00;p21:02;p21:08,1
3,22,24,chewing,WRONG,29,p29:06;p29:11;p29:09;p29:01;p29:08;p29:12;p29:05;p29:15,1
3,22,24,chewing,POP,,p14:14;p14:11;p05:14;p26:06;p14:13;p26:09;p06:01;p23:10,1
3,22,24,chewing,MATCH,22,p22:04;p22:15;p22:03;p22:12;p22:06;p22:14;p22:08;p22:07,1
3,22,24,tongue,WRONG,1,p01:04;p01:11;p01:07;p01:08;p01:02;p01:01;p01:06;p01:13,1
3,22,24,tongue,WRONG,21,p21:09;p21:15;p21:05;p21:07;p21:06;p21:00;p21:02;p21:08,1
3,22,24,tongue,WRONG,29,p29:11;p29:06;p29:01;p29:08;p29:09;p29:12;p29:15;p29:05,1
3,22,24,tongue,POP,,p14:14;p05:14;p14:11;p26:06;p23:10;p14:13;p26:09;p06:01,1
3,22,24,tongue,MATCH,22,p22:04;p22:15;p22:03;p22:12;p22:06;p22:14;p22:08;p22:07,1
3,22,24,swallowing,WRONG,1,p01:06;p01:08;p01:09;p01:07;p01:02;p01:11;p01:01;p01:13,1
3,22,24,swallowing,WRONG,21,p21:09;p21:07;p21:15;p21:05;p21:06;p21:00;p21:02;p21:08,1
3,22,24,swallowing,WRONG,29,p29:11;p29:15;p29:01;p29:06;p29:09;p29:08;p29:12;p29:05,1
3,22,24,swallowing,POP,,p27:11;p05:14;p14:11;p26:06;p14:13;p23:10;p26:09;p06:01,1
3,22,24,swallowing,MATCH,22,p22:09;p22:05;p22:15;p22:14;p22:12;p22:06;p22:08;p22:07,1
3,22,24,facial_emg,WRONG,1,p01:06;p01:09;p01:01;p01:07;p01:08;p01:02;p01:11;p01:13,1
3,22,24,facial_emg,WRONG,21,p21:11;p21:15;p21:07;p21:06;p21:05;p21:00;p21:02;p21:08,1
3,22,24,facial_emg,WRONG,29,p29:06;p29:11;p29:01;p29:09;p29:08;p29:12;p29:05;p29:15,1
3,22,24,facial_emg,POP,,p05:14;p14:14;p14:11;p26:06;p14:13;p26:09;p23:10;p06:01,1
3,22,24,facial_emg,MATCH,22,p22:04;p22:15;p22:03;p22:12;p22:14;p22:06;p22:08;p22:07,1
3,22,25,head_motion,WRONG,1,p01:06;p01:11;p01:15;p01:13;p01:02;p01:08;p01:00;p01:01,1
3,22,25,head_motion,WRONG,21,p21:00;p21:08;p21:02;p21:15;p21:07;p21:01;p21:05;p21:06,1
3,22,25,head_motion,WRONG,29,p29:01;p29:14;p29:11;p29:00;p29:12;p29:05;p29:02;p29:08,1
3,22,25,head_motion,POP,,p08:13;p30:00;p05:09;p06:05;p18:08;p27:10;p23:06;p14:15,1
3,22,25,head_motion,MATCH,22,p22:10;p22:05;p22:14;p22:12;p22:13;p22:06;p22:04;p22:07,1
3,22,25,chewing,WRONG,1,p01:05;p01:07;p01:11;p01:15;p01:01;p01:08;p01:13;p01:02,1
3,22,25,chewing,WRONG,21,p21:02;p21:09;p21:01;p21:00;p21:14;p21:05;p21:08;p21:06,1
3,22,25,chewing,WRONG,29,p29:11;p29:15;p29:02;p29:14;p29:12;p29:00;p29:05;p29:08,1
3,22,25,chewing,POP,,p13:00;p27:11;p27:10;p14:15;p30:00;p27:01;p06:06;p06:08,1
3,22,25,chewing,MATCH,22,p22:02;p22:10;p22:14;p22:05;p22:12;p22:04;p22:06;p22:07,1
3,22,25,tongue,WRONG,1,p01:14;p01:11;p01:15;p01:01;p01:02;p01:08;p01:13;p01:00,1
3,22,25,tongue,WRONG,21,p21:02;p21:15;p21:08;p21:00;p21:05;p21:07;p21:01;p21:06,1
3,22,25,tongue,WRONG,29,p29:14;p29:05;p29:06;p29:11;p29:12;p29:00;p29:02;p29:08,1
3,22,25,tongue,POP,,p30:07;p05:09;p30:00;p06:05;p14:15;p27:10;p18:08;p23:06,1
3,22,25,tongue,MATCH,22,p22:05;p22:01;p22:12;p22:14;p22:07;p22:13;p22:06;p22:04,1
3,22,25,swallowing,WRONG,1,p01:07;p01:00;p01:15;p01:01;p01:05;p01:08;p01:02;p01:13,1
3,22,25,swallowing,WRONG,21,p21:02;p21:14;p21:01;p21:07;p21:00;p21:05;p21:08;p21:06,1
3,22,25,swallowing,WRONG,29,p29:15;p29:14;p29:05;p29:11;p29:12;p29:02;p29:00;p29:08,1
3,22,25,swallowing,POP,,p30:07;p06:05;p08:13;p06:08;p14:15;p06:06;p27:01;p23:06,1
3,22,25,swallowing,MATCH,22,p22:14;p22:10;p22:13;p22:05;p22:12;p22:04;p22:06;p22:07,1
3,22,25,facial_emg,WRONG,1,p01:11;p01:05;p01:00;p01:15;p01:01;p01:13;p01:08;p01:02,1
3,22,25,facial_emg,WRONG,21,p21:02;p21:07;p21:01;p21:14;p21:00;p21:08;p21:05;p21:06,1
3,22,25,facial_emg,WRONG,29,p29:14;p29:11;p29:15;p29:05;p29:12;p29:02;p29:00;p29:08,1
3,22,25,facial_emg,POP,,p08:00;p08:13;p27:10;p30:00;p14:15;p27:01;p06:06;p06:08,1
3,22,25,facial_emg,MATCH,22,p22:14;p22:13;p22:10;p22:05;p22:12;p22:04;p22:06;p22:07,1
3,22,26,head_motion,WRONG,1,p01:07;p01:08;p01:02;p01:12;p01:04;p01:11;p01:06;p01:00,1
3,22,26,head_motion,WRONG,21,p21:13;p21:04;p21:05;p21:07;p21:01;p21:14;p21:03;p21:06,1
3,22,26,head_motion,WRONG,29,p29:11;p29:01;p29:14;p29:04;p29:08;p29:05;p29:15;p29:02,1
3,22,26,head_motion,POP,,p23:13;p13:00;p27:03;p13:03;p26:05;p27:11;p30:00;p30:07,1
3,22,26,head_motion,MATCH,22,p22:05;p22:01;p22:07;p22:03;p22:02;p22:10;p22:06;p22:04,1
3,22,26,chewing,WRONG,1,p01:07;p01:01;p01:06;p01:02;p01:04;p01:09;p01:11;p01:00,1
3,22,26,chewing,WRONG,21,p21:15;p21:12;p21:07;p21:03;p21:01;p21:05;p21:14;p21:06,1
3,22,26,chewing,WRONG,29,p29:11;p29:03;p29:04;p29:14;p29:05;p29:08;p29:02;p29:15,1
3,22,26,chewing,POP,,p06:05;p27:03;p18:08;p13:00;p06:08;p27:11;p30:07;p30:00,1
3,22,26,chewing,MATCH,22,p22:12;p22:11;p22:03;p22:02;p22:06;p22:07;p22:10;p22:04,1
3,22,26,tongue,WRONG,1,p01:07;p01:08;p01:04;p01:12;p01:02;p01:11;p01:06;p01:00,1
3,22,26,tongue,WRONG,21,p21:04;p21:15;p21:03;p21:07;p21:05;p21:01;p21:14;p21:06,1
3,22,26,tongue,WRONG,29,p29:10;p29:00;p29:03;p29:14;p29:05;p29:08;p29:02;p29:15,1
3,22,26,tongue,POP,,p05:06;p13:00;p06:08;p26:05;p27:03;p27:11;p30:07;p30:00,1
3,22,26,tongue,MATCH,22,p22:11;p22:03;p22:05;p22:07;p22:02;p22:06;p22:10;p22:04,1
3,22,26,swallowing,WRONG,1,p01:01;p01:12;p01:04;p01:06;p01:09;p01:02;p01:11;p01:00,1
3,22,26,swallowing,WRONG,21,p21:04;p21:15;p21:03;p21:07;p21:01;p21:05;p21:14;p21:06,1
3,22,26,swallowing,WRONG,29,p29:03;p29:11;p29:14;p29:00;p29:05;p29:08;p29:15;p29:02,1
3,22,26,swallowing,POP,,p06:05;p27:03;p13:03;p26:05;p06:08;p27:11;p30:07;p30:00,1
3,22,26,swallowing,MATCH,22,p22:03;p22:11;p22:01;p22:07;p22:02;p22:06;p22:10;p22:04,1
3,22,26,facial_emg,WRONG,1,p01:07;p01:01;p01:02;p01:06;p01:09;p01:04;p01:11;p01:00,1
3,22,26,facial_emg,WRONG,21,p21:04;p21:15;p21:03;p21:07;p21:01;p21:14;p21:05;p21:06,1
3,22,26,facial_emg,WRONG,29,p29:11;p29:03;p29:00;p29:14;p29:05;p29:08;p29:02;p29:15,1
3,22,26,facial_emg,POP,,p18:08;p27:13;p26:05;p06:08;p27:11;p13:00;p30:07;p30:00,1
3,22,26,facial_emg,MATCH,22,p22:12;p22:11;p22:03;p22:02;p22:07;p22:06;p22:10;p22:04,1
3,22,27,head_motion,WRONG,1,p01:05;p01:02;p01:09;p01:08;p01:04;p01:14;p01:11;p01:13,1
3,22,27,head_motion,WRONG,21,p21:01;p21:05;p21:06;p21:09;p21:15;p21:00;p21:08;p21:02,1
3,22,27,head_motion,WRONG,29,p29:09;p29:00;p29:14;p29:10;p29:06;p29:01;p29:05;p29:08,1
3,22,27,head_motion,POP,,p08:06;p30:15;p23:03;p14:13;p23:09;p26:06;p06:01;p26:09,1
3,22,27,head_motion,MATCH,22,p22:13;p22:08;p22:14;p22:12;p22:15;p22:09;p22:07;p22:11,1
3,22,27,chewing,WRONG,1,p01:05;p01:02;p01:09;p01:08;p01:04;p01:14;p01:11;p01:13,1
3,22,27,chewing,WRONG,21,p21:15;p21:07;p21:05;p21:06;p21:09;p21:00;p21:02;p21:08,1
3,22,27,chewing,WRONG,29,p29:09;p29:00;p29:10;p29:14;p29:06;p29:01;p29:05;p29:08,1
3,22,27,chewing,POP,,p05:14;p30:15;p23:09;p26:06;p06:01;p14:13;p23:10;p26:09,1
3,22,27,chewing,MATCH,22,p22:03;p22:08;p22:09;p22:14;p22:15;p22:07;p22:12;p22:11,1
3,22,27,tongue,WRONG,1,p01:07;p01:09;p01:02;p01:08;p01:04;p01:14;p01:11;p01:13,1
3,22,27,tongue,WRONG,21,p21:07;p21:05;p21:15;p21:06;p21:09;p21:00;p21:02;p21:08,1
3,22,27,tongue,WRONG,29,p29:00;p29:10;p29:14;p29:09;p29:06;p29:05;p29:01;p29:08,1
3,22,27,tongue,POP,,p06:05;p27:11;p23:09;p14:13;p23:03;p26:06;p06:01;p26:09,1
3,22,27,tongue,MATCH,22,p22:04;p22:09;p22:12;p22:14;p22:15;p22:08;p22:07;p22:11,1
3,22,27,swallowing,WRONG,1,p01:02;p01:05;p01:08;p01:09;p01:04;p01:11;p01:14;p01:13,1
3,22,27,swallowing,WRONG,21,p21:07;p21:15;p21:05;p21:06;p21:09;p21:00;p21:02;p21:08,1
3,22,27,swallowing,WRONG,29,p29:11;p29:00;p29:10;p29:14;p29:06;p29:01;p29:05;p29:08,1
3,22,27,swallowing,POP,,p14:14;p30:15;p23:10;p23:09;p26:06;p14:13;p06:01;p26:09,1
3,22,27,swallowing,MATCH,22,p22:03;p22:08;p22:14;p22:15;p22:09;p22:12;p22:07;p22:11,1
3,22,27,facial_emg,WRONG,1,p01:02;p01:05;p01:08;p01:09;p01:04;p01:14;p01:11;p01:13,1
3,22,27,facial_emg,WRONG,21,p21:15;p21:07;p21:05;p21:06;p21:09;p21:00;p21:02;p21:08,1
3,22,27,facial_emg,WRONG,29,p29:11;p29:00;p29:10;p29:14;p29:06;p29:01;p29:05;p29:08,1
3,22,27,facial_emg,POP,,p14:14;p30:15;p23:09;p23:10;p26:06;p14:13;p06:01;p26:09,1
3,22,27,facial_emg,MATCH,22,p22:03;p22:08;p22:09;p22:15;p22:14;p22:07;p22:12;p22:11,1
3,22,28,head_motion,WRONG,1,p01:13;p01:10;p01:06;p01:01;p01:12;p01:08;p01:00;p01:03,1
3,22,28,head_motion,WRONG,21,p21:07;p21:11;p21:08;p21:12;p21:10;p21:00;p21:09;p21:03,1
3,22,28,head_motion,WRONG,29,,1
3,22,28,head_motion,POP,,p20:13;p23:08;p26:13;p26:06;p23:06;p16:10;p08:06;p23:13,1
3,22,28,head_motion,MATCH,22,p22:00;p22:11;p22:14;p22:15;p22:10;p22:05;p22:04;p22:12,1
3,22,28,chewing,WRONG,1,p01:10;p01:00;p01:12;p01:09;p01:13;p01:06;p01:03;p01:01,1
3,22,28,chewing,WRONG,21,p21:12;p21:04;p21:09;p21:10;p21:00;p21:03;p21:07;p21:11,1
3,22,28,chewing,WRONG,29,,1
3,22,28,chewing,POP,,p16:15;p26:09;p16:10;p08:06;p26:06;p23:02;p16:05;p23:13,1
3,22,28,chewing,MATCH,22,p22:10;p22:07;p22:08;p22:14;p22:05;p22:15;p22:04;p22:12,1
3,22,28,tongue,WRONG,1,p01:00;p01:10;p01:13;p01:12;p01:06;p01:08;p01:01;p01:03,1
3,22,28,tongue,WRONG,21,p21:10;p21:00;p21:04;p21:08;p21:07;p21:11;p21:03;p21:09,1
3,22,28,tongue,WRONG,29,,1
3,22,28,tongue,POP,,p26:06;p16:15;p23:10;p20:13;p23:06;p16:10;p08:06;p23:13,1
3,22,28,tongue,MATCH,22,p22:14;p22:00;p22:08;p22:10;p22:15;p22:05;p22:04;p22:12,1
3,22,28,swallowing,WRONG,1,p01:08;p01:10;p01:09;p01:12;p01:13;p01:06;p01:03;p01:01,1
3,22,28,swallowing,WRONG,21,p21:12;p21:00;p21:08;p21:10;p21:07;p21:03;p21:09;p21:11,1
3,22,28,swallowing,WRONG,29,,1
3,22,28,swallowing,POP,,p26:09;p13:05;p23:02;p26:06;p16:10;p08:06;p16:05;p23:13,1
3,22,28,swallowing,MATCH,22,p22:07;p22:10;p22:08;p22:14;p22:05;p22:15;p22:04;p22:12,1
3,22,28,facial_emg,WRONG,1,p01:10;p01:09;p01:08;p01:12;p01:06;p01:13;p01:03;p01:01,1
3,22,28,facial_emg,WRONG,21,p21:00;p21:07;p21:12;p21:10;p21:08;p21:09;p21:11;p21:03,1
3,22,28,facial_emg,WRONG,29,,1
3,22,28,facial_emg,POP,,p20:13;p23:10;p23:02;p26:06;p16:05;p08:06;p16:10;p23:13,1
3,22,28,facial_emg,MATCH,22,p22:07;p22:10;p22:08;p22:14;p22:05;p22:15;p22:04;p22:12,1
3,22,29,head_motion,WRONG,1,p01:02;p01:15;p01:12;p01:01;p01:05;p01:06;p01:08;p01:00,1
3,22,29,head_motion,WRONG,21,p21:07;p21:02;p21:10;p21:03;p21:04;p21:06;p21:09;p21:15,1
3,22,29,head_motion,WRONG,29,,1
3,22,29,head_motion,POP,,p26:10;p06:12;p18:10;p18:02;p23:13;p23:06;p23:10;p23:08,1
3,22,29,head_motion,MATCH,22,p22:04;p22:05;p22:02;p22:09;p22:07;p22:11;p22:12;p22:00,1
3,22,29,chewing,WRONG,1,p01:09;p01:15;p01:05;p01:02;p01:01;p01:06;p01:08;p01:00,1
3,22,29,chewing,WRONG,21,p21:09;p21:03;p21:07;p21:06;p21:12;p21:04;p21:10;p21:15,1
3,22,29,chewing,WRONG,29,,1
3,22,29,chewing,POP,,p06:08;p06:07;p08:15;p18:03;p26:10;p23:13;p23:08;p23:10,1
3,22,29,chewing,MATCH,22,p22:14;p22:05;p22:02;p22:00;p22:01;p22:08;p22:12;p22:09,1
3,22,29,tongue,WRONG,1,p01:02;p01:11;p01:15;p01:05;p01:01;p01:06;p01:08;p01:00,1
3,22,29,tongue,WRONG,21,p21:08;p21:06;p21:12;p21:03;p21:04;p21:09;p21:10;p21:15,1
3,22,29,tongue,WRONG,29,,1
3,22,29,tongue,POP,,p18:02;p18:10;p18:03;p26:10;p23:06;p23:13;p23:08;p23:10,1
3,22,29,tongue,MATCH,22,p22:08;p22:05;p22:11;p22:02;p22:07;p22:00;p22:12;p22:09,1
3,22,29,swallowing,WRONG,1,p01:02;p01:15;p01:09;p01:01;p01:05;p01:06;p01:08;p01:00,1
3,22,29,swallowing,WRONG,21,p21:06;p21:03;p21:12;p21:07;p21:09;p21:04;p21:15;p21:10,1
3,22,29,swallowing,WRONG,29,,1
3,22,29,swallowing,POP,,p16:05;p08:14;p06:07;p26:10;p23:13;p18:03;p23:08;p23:10,1
3,22,29,swallowing,MATCH,22,p22:14;p22:01;p22:00;p22:05;p22:02;p22:08;p22:12;p22:09,1
3,22,29,facial_emg,WRONG,1,p01:02;p01:09;p01:15;p01:05;p01:01;p01:06;p01:08;p01:00,1
3,22,29,facial_emg,WRONG,21,p21:07;p21:03;p21:08;p21:09;p21:12;p21:04;p21:15;p21:10,1
3,22,29,facial_emg,WRONG,29,,1
3,22,29,facial_emg,POP,,p08:14;p16:05;p06:07;p26:10;p18:03;p23:13;p23:08;p23:10,1
3,22,29,facial_emg,MATCH,22,p22:14;p22:00;p22:01;p22:05;p22:02;p22:08;p22:12;p22:09,1
3,22,30,head_motion,WRONG,1,p01:13;p01:07;p01:04;p01:11;p01:02;p01:03;p01:14;p01:10,1
3,22,30,head_motion,WRONG,21,p21:14;p21:05;p21:02;p21:13;p21:09;p21:01;p21:00;p21:11,1
3,22,30,head_motion,WRONG,29,,1
3,22,30,head_motion,POP,,p18:06;p16:12;p16:14;p23:11;p18:00;p23:05;p23:09;p18:07,1
3,22,30,head_motion,MATCH,22,p22:05;p22:04;p22:11;p22:07;p22:06;p22:13;p22:10;p22:15,1
3,22,30,chewing,WRONG,1,p01:13;p01:11;p01:07;p01:04;p01:02;p01:03;p01:14;p01:10,1
3,22,30,chewing,WRONG,21,p21:05;p21:02;p21:14;p21:09;p21:13;p21:00;p21:01;p21:11,1
3,22,30,chewing,WRONG,29,,1
3,22,30,chewing,POP,,p23:03;p08:12;p16:12;p23:05;p18:06;p23:11;p23:09;p18:07,1
3,22,30,chewing,MATCH,22,p22:11;p22:04;p22:05;p22:07;p22:06;p22:13;p22:10;p22:15,1
3,22,30,tongue,WRONG,1,p01:01;p01:06;p01:04;p01:02;p01:03;p01:07;p01:14;p01:10,1
3,22,30,tongue,WRONG,21,p21:06;p21:03;p21:02;p21:13;p21:00;p21:09;p21:01;p21:11,1
3,22,30,tongue,WRONG,29,,1
3,22,30,tongue,POP,,p16:14;p18:06;p13:05;p20:00;p23:06;p23:05;p23:09;p16:12,1
3,22,30,tongue,MATCH,22,p22:06;p22:04;p22:05;p22:13;p22:11;p22:07;p22:10;p22:15,1
3,22,30,swallowing,WRONG,1,p01:01;p01:13;p01:04;p01:07;p01:03;p01:14;p01:02;p01:10,1
3,22,30,swallowing,WRONG,21,p21:05;p21:03;p21:02;p21:09;p21:13;p21:00;p21:01;p21:11,1
3,22,30,swallowing,WRONG,29,,1
3,22,30,swallowing,POP,,p18:06;p02:10;p20:11;p16:12;p23:05;p23:09;p18:00;p18:07,1
3,22,30,swallowing,MATCH,22,p22:11;p22:04;p22:05;p22:06;p22:07;p22:13;p22:10;p22:15,1
3,22,30,facial_emg,WRONG,1,p01:11;p01:13;p01:07;p01:04;p01:03;p01:02;p01:14;p01:10,1
3,22,30,facial_emg,WRONG,21,p21:02;p21:05;p21:14;p21:09;p21:13;p21:00;p21:01;p21:11,1
3,22,30,facial_emg,WRONG,29,,1
3,22,30,facial_emg,POP,,p23:11;p16:12;p18:06;p20:11;p18:00;p23:05;p23:09;p18:07,1
3,22,30,facial_emg,MATCH,22,p22:11;p22:04;p22:07;p22:05;p22:06;p22:13;p22:10;p22:15,1
3,22,31,head_motion,WRONG,1,p01:01;p01:12;p01:02;p01:13;p01:00;p01:14;p01:05;p01:11,1
3,22,31,head_motion,WRONG,21,p21:05;p21:02;p21:14;p21:01;p21:12;p21:10;p21:03;p21:08,1
3,22,31,head_motion,WRONG,29,,1
3,22,31,head_motion,POP,,p18:02;p20:03;p18:00;p23:05;p20:06;p16:12;p06:10;p23:09,1
3,22,31,head_motion,MATCH,22,p22:04;p22:07;p22:10;p22:09;p22:15;p22:11;p22:06;p22:13,1
3,22,31,chewing,WRONG,1,p01:09;p01:14;p01:10;p01:03;p01:05;p01:02;p01:13;p01:11,1
3,22,31,chewing,WRONG,21,p21:06;p21:07;p21:02;p21:01;p21:03;p21:12;p21:08;p21:10,1
3,22,31,chewing,WRONG,29,,1
3,22,31,chewing,POP,,p06:10;p18:00;p23:05;p06:11;p20:03;p20:06;p16:12;p23:09,1
3,22,31,chewing,MATCH,22,p22:14;p22:09;p22:10;p22:04;p22:15;p22:06;p22:11;p22:13,1
3,22,31,tongue,WRONG,1,p01:09;p01:03;p01:04;p01:05;p01:14;p01:02;p01:13;p01:11,1
3,22,31,tongue,WRONG,21,p21:14;p21:07;p21:01;p21:02;p21:03;p21:12;p21:08;p21:10,1
3,22,31,tongue,WRONG,29,,1
3,22,31,tongue,POP,,p23:12;p08:08;p06:11;p08:12;p06:10;p16:12;p20:03;p23:09,1
3,22,31,tongue,MATCH,22,p22:04;p22:09;p22:07;p22:10;p22:15;p22:11;p22:06;p22:13,1
3,22,31,swallowing,WRONG,1,p01:04;p01:07;p01:05;p01:03;p01:14;p01:02;p01:13;p01:11,1
3,22,31,swallowing,WRONG,21,p21:01;p21:09;p21:02;p21:07;p21:03;p21:12;p21:08;p21:10,1
3,22,31,swallowing,WRONG,29,,1
3,22,31,swallowing,POP,,p23:12;p16:03;p20:06;p06:10;p06:11;p20:03;p16:12;p23:09,1
3,22,31,swallowing,MATCH,22,p22:10;p22:14;p22:07;p22:04;p22:15;p22:06;p22:11;p22:13,1
3,22,31,facial_emg,WRONG,1,p01:04;p01:07;p01:05;p01:14;p01:03;p01:02;p01:13;p01:11,1
3,22,31,facial_emg,WRONG,21,p21:14;p21:09;p21:01;p21:07;p21:03;p21:12;p21:08;p21:10,1
3,22,31,facial_emg,WRONG,29,,1
3,22,31,facial_emg,POP,,p08:08;p20:06;p16:03;p06:10;p06:11;p20:03;p16:12;p23:09,1
3,22,31,facial_emg,MATCH,22,p22:10;p22:14;p22:07;p22:04;p22:15;p22:06;p22:11;p22:13,1
3,22,32,head_motion,WRONG,1,p01:13;p01:04;p01:10;p01:02;p01:01;p01:11;p01:14;p01:03,1
3,22,32,head_motion,WRONG,21,p21:14;p21:02;p21:08;p21:00;p21:05;p21:06;p21:09;p21:12,1
3,22,32,head_motion,WRONG,29,p29:00;p29:08;p29:04;p29:05;p29:02;p29:14;p29:09;p29:01,1
3,22,32,head_motion,POP,,p18:14;p23:10;p18:10;p14:02;p14:06;p06:15;p06:09;p06:07,1
3,22,32,head_motion,MATCH,22,p22:07;p22:00;p22:05;p22:14;p22:10;p22:11;p22:09;p22:12,1
3,22,32,chewing,WRONG,1,p01:13;p01:04;p01:02;p01:10;p01:01;p01:11;p01:14;p01:03,1
3,22,32,chewing,WRONG,21,p21:14;p21:08;p21:00;p21:02;p21:05;p21:09;p21:06;p21:12,1
3,22,32,chewing,WRONG,29,p29:00;p29:14;p29:08;p29:02;p29:05;p29:04;p29:09;p29:01,1
3,22,32,chewing,POP,,p27:08;p06:00;p18:14;p14:02;p14:06;p06:15;p06:09;p06:07,1
3,22,32,chewing,MATCH,22,p22:06;p22:05;p22:14;p22:10;p22:12;p22:00;p22:11;p22:09,1
3,22,32,tongue,WRONG,1,p01:10;p01:02;p01:09;p01:15;p01:14;p01:11;p01:01;p01:03,1
3,22,32,tongue,WRONG,21,p21:14;p21:09;p21:11;p21:08;p21:02;p21:06;p21:05;p21:12,1
3,22,32,tongue,WRONG,29,p29:13;p29:10;p29:11;p29:14;p29:08;p29:05;p29:09;p29:01,1
3,22,32,tongue,POP,,p16:03;p14:00;p14:01;p06:09;p06:07;p05:03;p18:09;p23:10,1
3,22,32,tongue,MATCH,22,p22:15;p22:14;p22:05;p22:10;p22:07;p22:11;p22:09;p22:12,1
3,22,32,swallowing,WRONG,1,p01:15;p01:02;p01:04;p01:13;p01:11;p01:01;p01:14;p01:03,1
3,22,32,swallowing,WRONG,21,p21:11;p21:08;p21:00;p21:02;p21:05;p21:06;p21:09;p21:12,1
3,22,32,swallowing,WRONG,29,p29:07;p29:05;p29:14;p29:02;p29:09;p29:04;p29:08;p29:01,1
3,22,32,swallowing,POP,,p06:00;p18:14;p18:10;p14:06;p14:02;p06:15;p06:09;p06:07,1
3,22,32,swallowing,MATCH,22,p22:15;p22:07;p22:10;p22:14;p22:00;p22:12;p22:11;p22:09,1
3,22,32,facial_emg,WRONG,1,p01:07;p01:10;p01:13;p01:04;p01:01;p01:11;p01:14;p01:03,1
3,22,32,facial_emg,WRONG,21,p21:11;p21:08;p21:00;p21:02;p21:05;p21:06;p21:09;p21:12,1
3,22,32,facial_emg,WRONG,29,p29:07;p29:05;p29:14;p29:08;p29:09;p29:04;p29:02;p29:01,1
3,22,32,facial_emg,POP,,p06:00;p18:14;p18:10;p14:06;p14:02;p06:15;p06:09;p06:07,1
3,22,32,facial_emg,MATCH,22,p22:15;p22:07;p22:10;p22:14;p22:00;p22:12;p22:11;p22:09,1
3,22,33,head_motion,WRONG,1,p01:10;p01:08;p01:12;p01:07;p01:13;p01:02;p01:06;p01:00,1
3,22,33,head_motion,WRONG,21,p21:01;p21:13;p21:10;p21:04;p21:14;p21:07;p21:08;p21:06,1
3,22,33,head_motion,WRONG,29,p29:00;p29:14;p29:02;p29:07;p29:12;p29:01;p29:04;p29:15,1
3,22,33,head_motion,POP,,p05:05;p13:00;p14:12;p02:10;p14:03;p05:10;p26:14;p06:12,1
3,22,33,head_motion,MATCH,22,p22:02;p22:13;p22:05;p22:10;p22:00;p22:06;p22:03;p22:04,1
3,22,33,chewing,WRONG,1,p01:07;p01:09;p01:01;p01:15;p01:12;p01:02;p01:06;p01:00,1
3,22,33,chewing,WRONG,21,p21:04;p21:10;p21:05;p21:07;p21:06;p21:15;p21:14;p21:01,1
3,22,33,chewing,WRONG,29,p29:14;p29:08;p29:02;p29:12;p29:07;p29:15;p29:11;p29:04,1
3,22,33,chewing,POP,,p27:01;p06:02;p30:00;p02:10;p06:08;p05:10;p26:14;p06:12,1
3,22,33,chewing,MATCH,22,p22:02;p22:03;p22:00;p22:12;p22:05;p22:06;p22:13;p22:04,1
3,22,33,tongue,WRONG,1,p01:10;p01:09;p01:12;p01:07;p01:13;p01:02;p01:06;p01:00,1
3,22,33,tongue,WRONG,21,p21:04;p21:15;p21:07;p21:13;p21:01;p21:14;p21:08;p21:06,1
3,22,33,tongue,WRONG,29,p29:01;p29:14;p29:07;p29:11;p29:12;p29:02;p29:04;p29:15,1
3,22,33,tongue,POP,,p02:04;p26:10;p05:05;p14:03;p02:10;p05:10;p26:14;p06:12,1
3,22,33,tongue,MATCH,22,p22:11;p22:10;p22:05;p22:13;p22:06;p22:00;p22:03;p22:04,1
3,22,33,swallowing,WRONG,1,p01:15;p01:07;p01:09;p01:01;p01:02;p01:12;p01:06;p01:00,1
3,22,33,swallowing,WRONG,21,p21:13;p21:04;p21:05;p21:07;p21:14;p21:15;p21:01;p21:06,1
3,22,33,swallowing,WRONG,29,p29:14;p29:07;p29:11;p29:08;p29:02;p29:15;p29:12;p29:04,1
3,22,33,swallowing,POP,,p06:02;p26:10;p30:00;p02:10;p06:08;p05:10;p26:14;p06:12,1
3,22,33,swallowing,MATCH,22,p22:03;p22:02;p22:00;p22:12;p22:05;p22:06;p22:13;p22:04,1
3,22,33,facial_emg,WRONG,1,p01:15;p01:07;p01:09;p01:01;p01:02;p01:12;p01:06;p01:00,1
3,22,33,facial_emg,WRONG,21,p21:10;p21:13;p21:05;p21:07;p21:14;p21:15;p21:01;p21:06,1
3,22,33,facial_emg,WRONG,29,p29:14;p29:07;p29:08;p29:04;p29:11;p29:02;p29:12;p29:15,1
3,22,33,facial_emg,POP,,p26:10;p14:03;p30:00;p06:08;p02:10;p05:10;p06:12;p26:14,1
3,22,33,facial_emg,MATCH,22,p22:10;p22:02;p22:12;p22:00;p22:06;p22:05;p22:13;p22:04,1
3,22,34,head_motion,WRONG,1,p01:06;p01:12;p01:07;p01:04;p01:01;p01:11;p01:03;p01:14,1
3,22,34,head_motion,WRONG,21,p21:07;p21:13;p21:01;p21:09;p21:05;p21:06;p21:12;p21:14,1
3,22,34,head_motion,WRONG,29,p29:11;p29:12;p29:05;p29:02;p29:01;p29:15;p29:04;p29:13,1
3,22,34,head_motion,POP,,p30:09;p27:09;p30:10;p06:00;p27:12;p30:06;p08:11;p18:12,1
3,22,34,head_motion,MATCH,22,p22:13;p22:14;p22:05;p22:02;p22:12;p22:09;p22:00;p22:11,1
3,22,34,chewing,WRONG,1,p01:00;p01:10;p01:07;p01:01;p01:04;p01:11;p01:03;p01:14,1
3,22,34,chewing,WRONG,21,p21:00;p21:01;p21:13;p21:09;p21:12;p21:05;p21:06;p21:14,1
3,22,34,chewing,WRONG,29,p29:07;p29:12;p29:05;p29:01;p29:02;p29:04;p29:15;p29:13,1
3,22,34,chewing,POP,,p30:10;p06:00;p27:12;p30:09;p27:09;p08:11;p30:06;p18:12,1
3,22,34,chewing,MATCH,22,p22:13;p22:14;p22:05;p22:02;p22:09;p22:00;p22:12;p22:11,1
3,22,34,tongue,WRONG,1,p01:06;p01:10;p01:07;p01:04;p01:01;p01:11;p01:03;p01:14,1
3,22,34,tongue,WRONG,21,p21:15;p21:07;p21:09;p21:05;p21:06;p21:01;p21:12;p21:14,1
3,22,34,tongue,WRONG,29,p29:05;p29:02;p29:11;p29:12;p29:01;p29:04;p29:15;p29:13,1
3,22,34,tongue,POP,,p30:10;p30:09;p30:06;p06:00;p27:13;p27:12;p08:11;p18:12,1
3,22,34,tongue,MATCH,22,p22:04;p22:14;p22:05;p22:12;p22:02;p22:09;p22:00;p22:11,1
3,22,34,swallowing,WRONG,1,p01:06;p01:12;p01:07;p01:01;p01:04;p01:11;p01:14;p01:03,1
3,22,34,swallowing,WRONG,21,p21:07;p21:00;p21:01;p21:09;p21:05;p21:06;p21:12;p21:14,1
3,22,34,swallowing,WRONG,29,p29:12;p29:10;p29:02;p29:05;p29:01;p29:04;p29:15;p29:13,1
3,22,34,swallowing,POP,,p30:09;p30:06;p06:00;p27:13;p30:10;p27:12;p08:11;p18:12,1
3,22,34,swallowing,MATCH,22,p22:10;p22:14;p22:05;p22:02;p22:12;p22:09;p22:00;p22:11,1
3,22,34,facial_emg,WRONG,1,p01:12;p01:06;p01:07;p01:04;p01:01;p01:11;p01:14;p01:03,1
3,22,34,facial_emg,WRONG,21,p21:15;p21:00;p21:01;p21:09;p21:05;p21:06;p21:12;p21:14,1
3,22,34,facial_emg,WRONG,29,p29:10;p29:07;p29:12;p29:05;p29:01;p29:04;p29:15;p29:13,1
3,22,34,facial_emg,POP,,p27:09;p27:13;p30:06;p06:00;p30:10;p27:12;p08:11;p18:12,1
3,22,34,facial_emg,MATCH,22,p22:13;p22:14;p22:02;p22:05;p22:09;p22:00;p22:12;p22:11,1
3,22,35,head_motion,WRONG,1,p01:02;p01:03;p01:07;p01:12;p01:01;p01:05;p01:09;p01:14,1
3,22,35,head_motion,WRONG,21,p21:07;p21:10;p21:14;p21:01;p21:13;p21:15;p21:03;p21:11,1
3,22,35,head_motion,WRONG,29,p29:05;p29:10;p29:00;p29:03;p29:04;p29:11;p29:09;p29:14,1
3,22,35,head_motion,POP,,p26:13;p27:15;p30:01;p27:13;p26:00;p13:07;p23:11;p23:04,1
3,22,35,head_motion,MATCH,22,p22:11;p22:15;p22:09;p22:00;p22:10;p22:07;p22:01;p22:02,1
3,22,35,chewing,WRONG,1,p01:09;p01:14;p01:15;p01:01;p01:07;p01:12;p01:00;p01:06,1
3,22,35,chewing,WRONG,21,p21:10;p21:03;p21:07;p21:05;p21:13;p21:11;p21:15;p21:01,1
3,22,35,chewing,WRONG,29,p29:06;p29:15;p29:09;p29:10;p29:05;p29:14;p29:04;p29:12,1
3,22,35,chewing,POP,,p27:07;p13:07;p23:04;p02:08;p23:11;p13:00;p30:12;p30:01,1
3,22,35,chewing,MATCH,22,p22:00;p22:08;p22:07;p22:04;p22:01;p22:10;p22:02;p22:06,1
3,22,35,tongue,WRONG,1,p01:02;p01:06;p01:07;p01:05;p01:09;p01:01;p01:12;p01:14,1
3,22,35,tongue,WRONG,21,p21:04;p21:10;p21:07;p21:03;p21:13;p21:15;p21:11;p21:01,1
3,22,35,tongue,WRONG,29,p29:12;p29:03;p29:05;p29:00;p29:14;p29:04;p29:11;p29:09,1
3,22,35,tongue,POP,,p23:05;p27:13;p30:08;p26:00;p30:01;p13:07;p23:11;p23:04,1
3,22,35,tongue,MATCH,22,p22:08;p22:15;p22:09;p22:00;p22:10;p22:07;p22:02;p22:01,1
3,22,35,swallowing,WRONG,1,p01:09;p01:15;p01:02;p01:14;p01:07;p01:06;p01:12;p01:01,1
3,22,35,swallowing,WRONG,21,p21:07;p21:03;p21:10;p21:05;p21:11;p21:13;p21:15;p21:01,1
3,22,35,swallowing,WRONG,29,p29:03;p29:11;p29:14;p29:04;p29:06;p29:09;p29:05;p29:12,1
3,22,35,swallowing,POP,,p16:08;p02:08;p23:11;p23:04;p13:07;p13:00;p30:12;p30:01,1
3,22,35,swallowing,MATCH,22,p22:08;p22:00;p22:07;p22:04;p22:01;p22:10;p22:02;p22:06,1
3,22,35,facial_emg,WRONG,1,p01:09;p01:08;p01:15;p01:06;p01:07;p01:14;p01:12;p01:01,1
3,22,35,facial_emg,WRONG,21,p21:04;p21:03;p21:10;p21:05;p21:11;p21:13;p21:15;p21:01,1
3,22,35,facial_emg,WRONG,29,p29:03;p29:11;p29:06;p29:14;p29:09;p29:04;p29:05;p29:12,1
3,22,35,facial_emg,POP,,p08:10;p16:08;p23:04;p23:11;p13:07;p13:00;p30:12;p30:01,1
3,22,35,facial_emg,MATCH,22,p22:08;p22:00;p22:07;p22:04;p22:10;p22:02;p22:01;p22:06,1
3,29,0,head_motion,WRONG,1,p01:02;p01:09;p01:14;p01:01;p01:15;p01:10;p01:05;p01:03,1
3,29,0,head_motion,WRONG,21,p21:13;p21:08;p21:11;p21:02;p21:12;p21:05;p21:09;p21:00,1
3,29,0,head_motion,WRONG,22,p22:14;p22:07;p22:11;p22:00;p22:09;p22:05;p22:08;p22:12,1
3,29,0,head_motion,POP,,p14:04;p06:01;p06:09;p30:15;p14:13;p06:15;p05:14;p14:14,1
3,29,0,head_motion,MATCH,29,p29:05;p29:01;p29:12;p29:13;p29:06;p29:09;p29:00;p29:07,1
3,29,0,chewing,WRONG,1,p01:01;p01:02;p01:04;p01:15;p01:05;p01:13;p01:10;p01:03,1
3,29,0,chewing,WRONG,21,p21:06;p21:04;p21:11;p21:02;p21:08;p21:12;p21:09;p21:00,1
3,29,0,chewing,WRONG,22,p22:05;p22:14;p22:08;p22:00;p22:13;p22:11;p22:12;p22:09,1
3,29,0,chewing,POP,,p05:11;p06:01;p23:10;p18:14;p14:06;p06:09;p06:07;p06:15,1
3,29,0,chewing,MATCH,29,p29:04;p29:08;p29:12;p29:13;p29:06;p29:07;p29:09;p29:00,1
3,29,0,tongue,WRONG,1,p01:04;p01:14;p01:11;p01:01;p01:15;p01:05;p01:10;p01:03,1
3,29,0,tongue,WRONG,21,p21:14;p21:08;p21:02;p21:11;p21:12;p21:05;p21:09;p21:00,1
3,29,0,tongue,WRONG,22,p22:02;p22:14;p22:11;p22:00;p22:05;p22:09;p22:08;p22:12,1
3,29,0,tongue,POP,,p06:01;p14:04;p06:07;p06:09;p14:13;p05:14;p14:14;p06:15,1
3,29,0,tongue,MATCH,29,p29:14;p29:04;p29:12;p29:13;p29:09;p29:06;p29:07;p29:00,1
3,29,0,swallowing,WRONG,1,p01:07;p01:01;p01:04;p01:15;p01:13;p01:05;p01:10;p01:03,1
3,29,0,swallowing,WRONG,21,p21:04;p21:15;p21:11;p21:02;p21:08;p21:12;p21:09;p21:00,1
3,29,0,swallowing,WRONG,22,p22:13;p22:05;p22:08;p22:11;p22:14;p22:00;p22:09;p22:12,1
3,29,0,swallowing,POP,,p14:02;p23:10;p06:01;p18:14;p14:06;p06:09;p06:07;p06:15,1
3,29,0,swallowing,MATCH,29,p29:08;p29:04;p29:12;p29:13;p29:09;p29:06;p29:00;p29:07,1
3,29,0,facial_emg,WRONG,1,p01:07;p01:01;p01:04;p01:15;p01:05;p01:13;p01:10;p01:03,1
3,29,0,facial_emg,WRONG,21,p21:04;p21:15;p21:11;p21:02;p21:08;p21:12;p21:09;p21:00,1
3,29,0,facial_emg,WRONG,22,p22:13;p22:05;p22:08;p22:00;p22:14;p22:11;p22:12;p22:09,1
3,29,0,facial_emg,POP,,p14:02;p18:14;p06:01;p23:10;p14:06;p06:09;p06:07;p06:15,1
3,29,0,facial_emg,MATCH,29,p29:04;p29:08;p29:12;p29:13;p29:06;p29:09;p29:07;p29:00,1
3,29,1,head_motion,WRONG,1,p01:02;p01:01;p01:08;p01:11;p01:04;p01:07;p01:06;p01:00,1
3,29,1,head_motion,WRONG,21,p21:08;p21:14;p21:00;p21:05;p21:15;p21:01;p21:06;p21:07,1
3,29,1,head_motion,WRONG,22,p22:02;p22:14;p22:07;p22:13;p22:10;p22:03;p22:04;p22:06,1
3,29,1,head_motion,POP,,p26:14;p23:01;p23:06;p05:15;p05:06;p26:04;p18:08;p06:06,1
3,29,1,head_motion,MATCH,29,p29:05;p29:02;p29:08;p29:14;p29:12;p29:10;p29:15;p29:01,1
3,29,1,chewing,WRONG,1,p01:11;p01:04;p01:09;p01:08;p01:02;p01:01;p01:00;p01:07,1
3,29,1,chewing,WRONG,21,p21:03;p21:14;p21:08;p21:15;p21:07;p21:01;p21:05;p21:06,1
3,29,1,chewing,WRONG,22,p22:09;p22:13;p22:03;p22:14;p22:12;p22:07;p22:04;p22:06,1
3,29,1,chewing,POP,,p06:06;p14:15;p23:11;p14:12;p23:07;p06:13;p26:14;p06:08,1
3,29,1,chewing,MATCH,29,p29:11;p29:14;p29:01;p29:12;p29:10;p29:15;p29:08;p29:05,1
3,29,1,tongue,WRONG,1,p01:02;p01:01;p01:08;p01:04;p01:11;p01:06;p01:07;p01:00,1
3,29,1,tongue,WRONG,21,p21:00;p21:14;p21:15;p21:08;p21:01;p21:05;p21:07;p21:06,1
3,29,1,tongue,WRONG,22,p22:02;p22:13;p22:14;p22:10;p22:07;p22:03;p22:04;p22:06,1
3,29,1,tongue,POP,,p23:01;p26:14;p23:06;p05:06;p05:15;p26:04;p18:08;p06:06,1
3,29,1,tongue,MATCH,29,p29:02;p29:05;p29:12;p29:08;p29:14;p29:01;p29:10;p29:15,1
3,29,1,swallowing,WRONG,1,p01:09;p01:11;p01:04;p01:02;p01:08;p01:01;p01:07;p01:00,1
3,29,1,swallowing,WRONG,21,p21:03;p21:08;p21:14;p21:15;p21:07;p21:01;p21:05;p21:06,1
3,29,1,swallowing,WRONG,22,p22:03;p22:01;p22:13;p22:14;p22:04;p22:12;p22:07;p22:06,1
3,29,1,swallowing,POP,,p14:10;p23:11;p06:13;p18:08;p26:14;p14:12;p23:07;p06:08,1
3,29,1,swallowing,MATCH,29,p29:11;p29:01;p29:12;p29:14;p29:15;p29:10;p29:05;p29:08,1
3,29,1,facial_emg,WRONG,1,p01:09;p01:11;p01:04;p01:08;p01:02;p01:01;p01:07;p01:00,1
3,29,1,facial_emg,WRONG,21,p21:03;p21:08;p21:14;p21:15;p21:01;p21:07;p21:05;p21:06,1
3,29,1,facial_emg,WRONG,22,p22:01;p22:03;p22:13;p22:14;p22:12;p22:04;p22:07;p22:06,1
3,29,1,facial_emg,POP,,p26:04;p14:10;p06:08;p06:06;p18:08;p23:07;p14:12;p26:14,1
3,29,1,facial_emg,MATCH,29,p29:11;p29:01;p29:12;p29:14;p29:10;p29:15;p29:08;p29:05,1
3,29,2,head_motion,WRONG,1,p01:03;p01:06;p01:14;p01:13;p01:15;p01:12;p01:10;p01:00,1
3,29,2,head_motion,WRONG,21,p21:02;p21:01;p21:15;p21:13;p21:04;p21:00;p21:11;p21:07,1
3,29,2,head_motion,WRONG,22,p22:05;p22:12;p22:09;p22:06;p22:02;p22:00;p22:13;p22:11,1
3,29,2,head_motion,POP,,p27:14;p06:11;p08:14;p08:09;p05:08;p30:06;p27:09;p23:14,1
3,29,2,head_motion,MATCH,29,p29:02;p29:04;p29:15;p29:00;p29:10;p29:14;p29:13;p29:01,1
3,29,2,chewing,WRONG,1,p01:03;p01:06;p01:00;p01:13;p01:14;p01:15;p01:12;p01:10,1
3,29,2,chewing,WRONG,21,p21:06;p21:13;p21:01;p21:11;p21:15;p21:04;p21:00;p21:07,1
3,29,2,chewing,WRONG,22,p22:00;p22:05;p22:06;p22:02;p22:09;p22:12;p22:13;p22:11,1
3,29,2,chewing,POP,,p26:03;p27:14;p06:11;p27:09;p14:08;p30:06;p05:08;p23:14,1
3,29,2,chewing,MATCH,29,p29:00;p29:07;p29:05;p29:08;p29:10;p29:14;p29:01;p29:13,1
3,29,2,tongue,WRONG,1,p01:14;p01:06;p01:03;p01:15;p01:12;p01:10;p01:13;p01:00,1
3,29,2,tongue,WRONG,21,p21:01;p21:06;p21:15;p21:13;p21:11;p21:00;p21:04;p21:07,1
3,29,2,tongue,WRONG,22,p22:09;p22:08;p22:04;p22:02;p22:13;p22:00;p22:06;p22:11,1
3,29,2,tongue,POP,,p08:06;p13:10;p08:14;p30:06;p08:09;p05:08;p27:09;p23:14,1
3,29,2,tongue,MATCH,29,p29:04;p29:00;p29:02;p29:15;p29:10;p29:14;p29:13;p29:01,1
3,29,2,swallowing,WRONG,1,p01:06;p01:03;p01:14;p01:15;p01:13;p01:12;p01:10;p01:00,1
3,29,2,swallowing,WRONG,21,p21:06;p21:01;p21:15;p21:13;p21:00;p21:04;p21:11;p21:07,1
3,29,2,swallowing,WRONG,22,p22:09;p22:05;p22:12;p22:02;p22:06;p22:00;p22:13;p22:11,1
3,29,2,swallowing,POP,,p14:08;p27:14;p08:06;p08:09;p30:06;p05:08;p27:09;p23:14,1
3,29,2,swallowing,MATCH,29,p29:04;p29:02;p29:00;p29:15;p29:14;p29:10;p29:13;p29:01,1
3,29,2,facial_emg,WRONG,1,p01:06;p01:03;p01:14;p01:13;p01:15;p01:12;p01:10;p01:00,1
3,29,2,facial_emg,WRONG,21,p21:06;p21:15;p21:01;p21:13;p21:00;p21:04;p21:11;p21:07,1
3,29,2,facial_emg,WRONG,22,p22:05;p22:12;p22:09;p22:06;p22:02;p22:00;p22:13;p22:11,1
3,29,2,facial_emg,POP,,p08:14;p27:14;p08:09;p08:06;p30:06;p05:08;p27:09;p23:14,1
3,29,2,facial_emg,MATCH,29,p29:08;p29:02;p29:00;p29:14;p29:15;p29:10;p29:01;p29:13,1
3,29,3,head_motion,WRONG,1,p01:13;p01:04;p01:02;p01:06;p01:09;p01:11;p01:08;p01:00,1
3,29,3,head_motion,WRONG,21,p21:03;p21:07;p21:02;p21:04;p21:06;p21:09;p21:10;p21:08,1
3,29,3,head_motion,WRONG,22,p22:01;p22:08;p22:00;p22:10;p22:14;p22:06;p22:03;p22:04,1
3,29,3,head_motion,POP,,p05:04;p14:05;p02:04;p02:10;p05:10;p05:05;p26:14;p06:12,1
3,29,3,head_motion,MATCH,29,p29:12;p29:11;p29:10;p29:03;p29:09;p29:07;p29:01;p29:15,1
3,29,3,chewing,WRONG,1,p01:04;p01:11;p01:13;p01:06;p01:01;p01:09;p01:00;p01:08,1
3,29,3,chewing,WRONG,21,p21:01;p21:15;p21:03;p21:04;p21:08;p21:02;p21:10;p21:09,1
3,29,3,chewing,WRONG,22,p22:15;p22:01;p22:08;p22:10;p22:14;p22:06;p22:03;p22:04,1
3,29,3,chewing,POP,,p02:10;p02:04;p05:04;p23:11;p06:12;p05:10;p26:14;p05:05,1
3,29,3,chewing,MATCH,29,p29:15;p29:07;p29:10;p29:05;p29:03;p29:11;p29:09;p29:01,1
3,29,3,tongue,WRONG,1,p01:02;p01:07;p01:06;p01:13;p01:01;p01:08;p01:11;p01:00,1
3,29,3,tongue,WRONG,21,p21:05;p21:03;p21:04;p21:02;p21:10;p21:06;p21:09;p21:08,1
3,29,3,tongue,WRONG,22,p22:13;p22:10;p22:08;p22:14;p22:00;p22:06;p22:03;p22:04,1
3,29,3,tongue,POP,,p02:04;p14:05;p05:04;p02:10;p05:10;p05:05;p26:14;p06:12,1
3,29,3,tongue,MATCH,29,p29:10;p29:12;p29:03;p29:07;p29:11;p29:09;p29:01;p29:15,1
3,29,3,swallowing,WRONG,1,p01:09;p01:06;p01:13;p01:02;p01:11;p01:01;p01:08;p01:00,1
3,29,3,swallowing,WRONG,21,p21:05;p21:03;p21:04;p21:02;p21:10;p21:06;p21:09;p21:08,1
3,29,3,swallowing,WRONG,22,p22:01;p22:10;p22:00;p22:08;p22:14;p22:06;p22:03;p22:04,1
3,29,3,swallowing,POP,,p02:04;p05:04;p23:11;p02:10;p05:10;p26:14;p06:12;p05:05,1
3,29,3,swallowing,MATCH,29,p29:05;p29:07;p29:10;p29:03;p29:11;p29:09;p29:01;p29:15,1
3,29,3,facial_emg,WRONG,1,p01:11;p01:02;p01:13;p01:09;p01:06;p01:01;p01:00;p01:08,1
3,29,3,facial_emg,WRONG,21,p21:15;p21:06;p21:03;p21:02;p21:04;p21:08;p21:10;p21:09,1
3,29,3,facial_emg,WRONG,22,p22:07;p22:10;p22:01;p22:08;p22:14;p22:06;p22:03;p22:04,1
3,29,3,facial_emg,POP,,p02:04;p02:10;p05:04;p23:11;p05:10;p06:12;p26:14;p05:05,1
3,29,3,facial_emg,MATCH,29,p29:15;p29:07;p29:05;p29:10;p29:11;p29:03;p29:01;p29:09,1
3,29,4,head_motion,WRONG,1,p01:13;p01:11;p01:10;p01:02;p01:14;p01:15;p01:04;p01:03,1
3,29,4,head_motion,WRONG,21,p21:08;p21:09;p21:12;p21:02;p21:05;p21:14;p21:01;p21:07,1
3,29,4,head_motion,WRONG,22,p22:02;p22:04;p22:13;p22:08;p22:06;p22:10;p22:00;p22:15,1
3,29,4,head_motion,POP,,p16:15;p23:03;p16:08;p02:11;p18:10;p20:12;p16:02;p13:10,1
3,29,4,head_motion,MATCH,29,,1
3,29,4,chewing,WRONG,1,p01:07;p01:15;p01:02;p01:05;p01:14;p01:04;p01:10;p01:03,1
3,29,4,chewing,WRONG,21,p21:12;p21:14;p21:08;p21:09;p21:05;p21:02;p21:07;p21:01,1
3,29,4,chewing,WRONG,22,p22:13;p22:02;p22:11;p22:12;p22:06;p22:10;p22:00;p22:15,1
3,29,4,chewing,POP,,p16:13;p16:08;p13:05;p08:05;p13:10;p16:14;p16:10;p23:07,1
3,29,4,chewing,MATCH,29,,1
3,29,4,tongue,WRONG,1,p01:07;p01:13;p01:15;p01:05;p01:10;p01:02;p01:04;p01:03,1
3,29,4,tongue,WRONG,21,p21:10;p21:08;p21:12;p21:02;p21:14;p21:05;p21:07;p21:01,1
3,29,4,tongue,WRONG,22,p22:04;p22:13;p22:12;p22:08;p22:06;p22:00;p22:15;p22:10,1
3,29,4,tongue,POP,,p02:10;p23:03;p16:10;p02:11;p16:02;p13:05;p16:15;p13:10,1
3,29,4,tongue,MATCH,29,,1
3,29,4,swallowing,WRONG,1,p01:15;p01:14;p01:10;p01:13;p01:05;p01:02;p01:04;p01:03,1
3,29,4,swallowing,WRONG,21,p21:12;p21:10;p21:09;p21:02;p21:14;p21:05;p21:07;p21:01,1
3,29,4,swallowing,WRONG,22,p22:04;p22:13;p22:12;p22:08;p22:06;p22:10;p22:15;p22:00,1
3,29,4,swallowing,POP,,p23:07;p16:10;p08:05;p13:05;p16:15;p16:02;p02:11;p13:10,1
3,29,4,swallowing,MATCH,29,,1
3,29,4,facial_emg,WRONG,1,p01:13;p01:15;p01:05;p01:14;p01:10;p01:02;p01:04;p01:03,1
3,29,4,facial_emg,WRONG,21,p21:08;p21:02;p21:09;p21:12;p21:14;p21:05;p21:07;p21:01,1
3,29,4,facial_emg,WRONG,22,p22:11;p22:13;p22:08;p22:04;p22:10;p22:06;p22:15;p22:00,1
3,29,4,facial_emg,POP,,p13:05;p16:10;p02:11;p23:07;p16:08;p08:05;p16:02;p13:10,1
3,29,4,facial_emg,MATCH,29,,1
3,29,5,head_motion,WRONG,1,p01:09;p01:04;p01:05;p01:02;p01:01;p01:14;p01:15;p01:11,1
3,29,5,head_motion,WRONG,21,p21:10;p21:01;p21:00;p21:11;p21:12;p21:14;p21:09;p21:05,1
3,29,5,head_motion,WRONG,22,p22:03;p22:13;p22:05;p22:15;p22:08;p22:10;p22:14;p22:06,1
3,29,5,head_motion,POP,,p16:07;p18:12;p26:15;p26:09;p20:10;p16:06;p13:00;p20:12,1
3,29,5,head_motion,MATCH,29,,1
3,29,5,chewing,WRONG,1,p01:06;p01:10;p01:14;p01:09;p01:02;p01:15;p01:05;p01:11,1
3,29,5,chewing,WRONG,21,p21:00;p21:10;p21:08;p21:12;p21:05;p21:14;p21:01;p21:09,1
3,29,5,chewing,WRONG,22,p22:07;p22:09;p22:14;p22:02;p22:15;p22:05;p22:06;p22:10,1
3,29,5,chewing,POP,,p18:04;p18:12;p13:02;p13:10;p20:10;p16:06;p13:00;p26:09,1
3,29,5,chewing,MATCH,29,,1
3,29,5,tongue,WRONG,1,p01:08;p01:06;p01:09;p01:01;p01:05;p01:14;p01:11;p01:15,1
3,29,5,tongue,WRONG,21,p21:10;p21:11;p21:08;p21:01;p21:05;p21:12;p21:00;p21:09,1
3,29,5,tongue,WRONG,22,p22:13;p22:09;p22:14;p22:07;p22:02;p22:05;p22:10;p22:06,1
3,29,5,tongue,POP,,p08:07;p18:10;p26:09;p20:12;p13:02;p18:12;p16:06;p13:00,1
3,29,5,tongue,MATCH,29,,1
3,29,5,swallowing,WRONG,1,p01:14;p01:01;p01:04;p01:06;p01:05;p01:09;p01:11;p01:15,1
3,29,5,swallowing,WRONG,21,p21:12;p21:10;p21:11;p21:14;p21:00;p21:01;p21:05;p21:09,1
3,29,5,swallowing,WRONG,22,p22:13;p22:14;p22:15;p22:07;p22:02;p22:05;p22:10;p22:06,1
3,29,5,swallowing,POP,,p20:12;p18:06;p13:10;p20:10;p13:02;p26:09;p16:06;p13:00,1
3,29,5,swallowing,MATCH,29,,1
3,29,5,facial_emg,WRONG,1,p01:04;p01:14;p01:06;p01:00;p01:09;p01:11;p01:05;p01:15,1
3,29,5,facial_emg,WRONG,21,p21:10;p21:08;p21:11;p21:14;p21:00;p21:05;p21:09;p21:01,1
3,29,5,facial_emg,WRONG,22,p22:14;p22:09;p22:15;p22:02;p22:05;p22:07;p22:10;p22:06,1
3,29,5,facial_emg,POP,,p20:10;p26:09;p13:10;p16:02;p13:02;p08:07;p16:06;p13:00,1
3,29,5,facial_emg,MATCH,29,,1
3,29,6,head_motion,WRONG,1,p01:12;p01:04;p01:09;p01:08;p01:05;p01:14;p01:11;p01:01,1
3,29,6,head_motion,WRONG,21,p21:04;p21:07;p21:13;p21:03;p21:05;p21:00;p21:11;p21:12,1
3,29,6,head_motion,WRONG,22,p22:02;p22:07;p22:05;p22:12;p22:13;p22:14;p22:00;p22:04,1
3,29,6,head_motion,POP,,p20:03;p23:01;p08:13;p16:11;p18:10;p23:13;p23:12;p18:12,1
3,29,6,head_motion,MATCH,29,,1
3,29,6,chewing,WRONG,1,p01:00;p01:08;p01:05;p01:15;p01:01;p01:11;p01:09;p01:14,1
3,29,6,chewing,WRONG,21,p21:07;p21:13;p21:09;p21:05;p21:01;p21:11;p21:00;p21:03,1
3,29,6,chewing,WRONG,22,p22:02;p22:14;p22:08;p22:04;p22:00;p22:10;p22:12;p22:13,1
3,29,6,chewing,POP,,p02:08;p20:03;p18:12;p16:10;p18:05;p08:13;p20:13;p23:12,1
3,29,6,chewing,MATCH,29,,1
3,29,6,tongue,WRONG,1,p01:15;p01:00;p01:08;p01:09;p01:01;p01:05;p01:14;p01:11,1
3,29,6,tongue,WRONG,21,p21:13;p21:09;p21:05;p21:10;p21:03;p21:11;p21:00;p21:12,1
3,29,6,tongue,WRONG,22,p22:05;p22:07;p22:12;p22:10;p22:14;p22:00;p22:13;p22:04,1
3,29,6,tongue,POP,,p20:02;p20:13;p23:13;p08:13;p20:03;p18:10;p18:12;p23:12,1
3,29,6,tongue,MATCH,29,,1
3,29,6,swallowing,WRONG,1,p01:00;p01:08;p01:15;p01:01;p01:05;p01:14;p01:09;p01:11,1
3,29,6,swallowing,WRONG,21,p21:01;p21:09;p21:10;p21:05;p21:12;p21:03;p21:11;p21:00,1
3,29,6,swallowing,WRONG,22,p22:08;p22:07;p22:14;p22:12;p22:00;p22:10;p22:04;p22:13,1
3,29,6,swallowing,POP,,p08:13;p20:13;p18:05;p18:10;p20:03;p20:07;p23:12;p18:12,1
3,29,6,swallowing,MATCH,29,,1
3,29,6,facial_emg,WRONG,1,p01:02;p01:15;p01:00;p01:09;p01:01;p01:05;p01:14;p01:11,1
3,29,6,facial_emg,WRONG,21,p21:09;p21:10;p21:12;p21:07;p21:05;p21:03;p21:00;p21:11,1
3,29,6,facial_emg,WRONG,22,p22:07;p22:08;p22:12;p22:14;p22:00;p22:10;p22:04;p22:13,1
3,29,6,facial_emg,POP,,p08:13;p18:05;p20:13;p18:10;p20:03;p23:12;p20:07;p18:12,1
3,29,6,facial_emg,MATCH,29,,1
3,29,7,head_motion,WRONG,1,p01:05;p01:08;p01:12;p01:06;p01:07;p01:13;p01:04;p01:02,1
3,29,7,head_motion,WRONG,21,p21:06;p21:15;p21:04;p21:02;p21:01;p21:09;p21:13;p21:07,1
3,29,7,head_motion,WRONG,22,p22:04;p22:10;p22:14;p22:05;p22:09;p22:03;p22:08;p22:15,1
3,29,7,head_motion,POP,,p08:15;p13:15;p20:10;p02:09;p23:05;p20:02;p20:15;p18:03,1
3,29,7,head_motion,MATCH,29,,1
3,29,7,chewing,WRONG,1,p01:01;p01:07;p01:08;p01:05;p01:06;p01:04;p01:00;p01:02,1
3,29,7,chewing,WRONG,21,p21:15;p21:06;p21:00;p21:09;p21:04;p21:13;p21:07;p21:01,1
3,29,7,chewing,WRONG,22,p22:09;p22:07;p22:15;p22:14;p22:05;p22:08;p22:02;p22:03,1
3,29,7,chewing,POP,,p23:08;p23:10;p13:15;p23:13;p20:10;p20:15;p20:02;p18:12,1
3,29,7,chewing,MATCH,29,,1
3,29,7,tongue,WRONG,1,p01:01;p01:05;p01:07;p01:12;p01:06;p01:13;p01:02;p01:04,1
3,29,7,tongue,WRONG,21,p21:15;p21:06;p21:00;p21:04;p21:01;p21:13;p21:09;p21:07,1
3,29,7,tongue,WRONG,22,p22:04;p22:10;p22:14;p22:08;p22:05;p22:09;p22:03;p22:15,1
3,29,7,tongue,POP,,p26:15;p26:13;p08:08;p20:15;p13:06;p23:05;p18:03;p20:02,1
3,29,7,tongue,MATCH,29,,1
3,29,7,swallowing,WRONG,1,p01:08;p01:07;p01:01;p01:00;p01:05;p01:06;p01:02;p01:04,1
3,29,7,swallowing,WRONG,21,p21:12;p21:00;p21:04;p21:15;p21:01;p21:09;p21:07;p21:13,1
3,29,7,swallowing,WRONG,22,p22:07;p22:09;p22:14;p22:08;p22:05;p22:15;p22:03;p22:02,1
3,29,7,swallowing,POP,,p20:07;p20:12;p23:13;p18:12;p26:13;p23:08;p18:03;p20:02,1
3,29,7,swallowing,MATCH,29,,1
3,29,7,facial_emg,WRONG,1,p01:07;p01:05;p01:01;p01:12;p01:00;p01:06;p01:02;p01:04,1
3,29,7,facial_emg,WRONG,21,p21:06;p21:12;p21:04;p21:01;p21:15;p21:09;p21:07;p21:13,1
3,29,7,facial_emg,WRONG,22,p22:07;p22:09;p22:08;p22:14;p22:05;p22:03;p22:15;p22:02,1
3,29,7,facial_emg,POP,,p20:07;p20:10;p23:05;p26:11;p26:13;p23:08;p18:03;p20:02,1
3,29,7,facial_emg,MATCH,29,,1
3,29,8,head_motion,WRONG,1,p01:11;p01:04;p01:10;p01:08;p01:06;p01:01;p01:07;p01:00,1
3,29,8,head_motion,WRONG,21,p21:00;p21:11;p21:14;p21:06;p21:15;p21:05;p21:01;p21:07,1
3,29,8,head_motion,WRONG,22,p22:07;p22:14;p22:03;p22:09;p22:10;p22:06;p22:13;p22:04,1
3,29,8,head_motion,POP,,p18:04;p27:10;p26:04;p05:09;p06:05;p14:15;p18:08;p23:06,1
3,29,8,head_motion,MATCH,29,p29:11;p29:15;p29:05;p29:04;p29:12;p29:02;p29:08;p29:01,1
3,29,8,chewing,WRONG,1,p01:06;p01:08;p01:10;p01:02;p01:11;p01:00;p01:07;p01:01,1
3,29,8,chewing,WRONG,21,p21:08;p21:11;p21:07;p21:15;p21:14;p21:05;p21:06;p21:01,1
3,29,8,chewing,WRONG,22,p22:03;p22:12;p22:04;p22:10;p22:13;p22:09;p22:05;p22:06,1
3,29,8,chewing,POP,,p06:06;p14:11;p23:05;p06:13;p18:08;p06:08;p06:11;p23:06,1
3,29,8,chewing,MATCH,29,p29:12;p29:07;p29:05;p29:09;p29:11;p29:08;p29:04;p29:15,1
3,29,8,tongue,WRONG,1,p01:06;p01:10;p01:02;p01:11;p01:08;p01:07;p01:01;p01:00,1
3,29,8,tongue,WRONG,21,p21:11;p21:08;p21:05;p21:14;p21:15;p21:06;p21:07;p21:01,1
3,29,8,tongue,WRONG,22,p22:11;p22:10;p22:03;p22:05;p22:13;p22:09;p22:04;p22:06,1
3,29,8,tongue,POP,,p30:09;p05:09;p06:11;p26:04;p14:15;p06:05;p18:08;p23:06,1
3,29,8,tongue,MATCH,29,p29:07;p29:05;p29:12;p29:11;p29:02;p29:04;p29:08;p29:15,1
3,29,8,swallowing,WRONG,1,p01:06;p01:10;p01:02;p01:11;p01:08;p01:00;p01:07;p01:01,1
3,29,8,swallowing,WRONG,21,p21:11;p21:08;p21:07;p21:15;p21:14;p21:06;p21:05;p21:01,1
3,29,8,swallowing,WRONG,22,p22:03;p22:04;p22:10;p22:12;p22:13;p22:05;p22:09;p22:06,1
3,29,8,swallowing,POP,,p06:06;p30:09;p06:13;p23:05;p18:08;p06:08;p06:11;p23:06,1
3,29,8,swallowing,MATCH,29,p29:02;p29:09;p29:05;p29:07;p29:11;p29:08;p29:04;p29:15,1
3,29,8,facial_emg,WRONG,1,p01:10;p01:11;p01:02;p01:06;p01:08;p01:00;p01:01;p01:07,1
3,29,8,facial_emg,WRONG,21,p21:11;p21:08;p21:05;p21:14;p21:06;p21:15;p21:07;p21:01,1
3,29,8,facial_emg,WRONG,22,p22:07;p22:10;p22:04;p22:12;p22:13;p22:05;p22:09;p22:06,1
3,29,8,facial_emg,POP,,p30:09;p05:06;p06:08;p14:15;p06:05;p06:11;p18:08;p23:06,1
3,29,8,facial_emg,MATCH,29,p29:09;p29:10;p29:11;p29:07;p29:04;p29:05;p29:08;p29:15,1
3,29,9,head_motion,WRONG,1,p01:13;p01:10;p01:04;p01:06;p01:02;p01:11;p01:07;p01:00,1
3,29,9,head_motion,WRONG,21,p21:00;p21:01;p21:07;p21:12;p21:05;p21:09;p21:06;p21:08,1
3,29,9,head_motion,WRONG,22,p22:05;p22:14;p22:11;p22:10;p22:00;p22:06;p22:03;p22:04,1
3,29,9,head_motion,POP,,p05:05;p13:00;p02:10;p14:03;p05:10;p14:12;p26:14;p06:12,1
3,29,9,head_motion,MATCH,29,p29:11;p29:01;p29:07;p29:04;p29:14;p29:02;p29:00;p29:15,1
3,29,9,chewing,WRONG,1,p01:04;p01:10;p01:11;p01:00;p01:07;p01:02;p01:01;p01:03,1
3,29,9,chewing,WRONG,21,p21:15;p21:07;p21:14;p21:12;p21:09;p21:05;p21:06;p21:01,1
3,29,9,chewing,WRONG,22,p22:09;p22:11;p22:05;p22:06;p22:12;p22:10;p22:00;p22:04,1
3,29,9,chewing,POP,,p05:05;p06:08;p23:05;p27:09;p18:08;p05:10;p26:14;p06:12,1
3,29,9,chewing,MATCH,29,p29:09;p29:07;p29:00;p29:14;p29:04;p29:11;p29:15;p29:02,1
3,29,9,tongue,WRONG,1,p01:10;p01:08;p01:04;p01:02;p01:06;p01:11;p01:07;p01:00,1
3,29,9,tongue,WRONG,21,p21:00;p21:10;p21:01;p21:12;p21:05;p21:09;p21:08;p21:06,1
3,29,9,tongue,WRONG,22,p22:14;p22:05;p22:11;p22:10;p22:00;p22:06;p22:03;p22:04,1
3,29,9,tongue,POP,,p05:05;p13:00;p02:10;p05:10;p14:03;p14:12;p26:14;p06:12,1
3,29,9,tongue,MATCH,29,p29:12;p29:02;p29:01;p29:04;p29:14;p29:00;p29:07;p29:15,1
3,29,9,swallowing,WRONG,1,p01:06;p01:04;p01:11;p01:03;p01:07;p01:00;p01:01;p01:02,1
3,29,9,swallowing,WRONG,21,p21:15;p21:07;p21:14;p21:12;p21:01;p21:09;p21:05;p21:06,1
3,29,9,swallowing,WRONG,22,p22:03;p22:11;p22:12;p22:10;p22:06;p22:05;p22:00;p22:04,1
3,29,9,swallowing,POP,,p18:08;p02:10;p26:12;p27:09;p08:00;p05:10;p26:14;p06:12,1
3,29,9,swallowing,MATCH,29,p29:04;p29:02;p29:14;p29:11;p29:05;p29:00;p29:07;p29:15,1
3,29,9,facial_emg,WRONG,1,p01:06;p01:04;p01:11;p01:00;p01:07;p01:03;p01:01;p01:02,1
3,29,9,facial_emg,WRONG,21,p21:07;p21:14;p21:15;p21:12;p21:01;p21:09;p21:05;p21:06,1
3,29,9,facial_emg,WRONG,22,p22:09;p22:12;p22:06;p22:11;p22:05;p22:10;p22:00;p22:04,1
3,29,9,facial_emg,POP,,p05:04;p08:10;p05:05;p27:09;p23:05;p05:10;p26:14;p06:12,1
3,29,9,facial_emg,MATCH,29,p29:09;p29:11;p29:15;p29:05;p29:04;p29:02;p29:00;p29:07,1
3,29,10,head_motion,WRONG,1,p01:08;p01:04;p01:07;p01:03;p01:01;p01:15;p01:09;p01:06,1
3,29,10,head_motion,WRONG,21,p21:09;p21:11;p21:10;p21:04;p21:07;p21:14;p21:15;p21:01,1
3,29,10,head_motion,WRONG,22,p22:04;p22:10;p22:01;p22:05;p22:02;p22:06;p22:08;p22:13,1
3,29,10,head_motion,POP,,p26:05;p30:07;p13:03;p30:11;p06:11;p27:04;p23:11;p27:15,1
3,29,10,head_motion,MATCH,29,p29:08;p29:14;p29:12;p29:10;p29:04;p29:09;p29:07;p29:02,1
3,29,10,chewing,WRONG,1,p01:00;p01:07;p01:15;p01:08;p01:04;p01:09;p01:01;p01:06,1
3,29,10,chewing,WRONG,21,p21:05;p21:06;p21:10;p21:04;p21:14;p21:07;p21:15;p21:01,1
3,29,10,chewing,WRONG,22,p22:02;p22:04;p22:01;p22:08;p22:10;p22:05;p22:06;p22:13,1
3,29,10,chewing,POP,,p26:14;p06:05;p06:02;p18:08;p06:13;p23:11;p27:15;p27:04,1
3,29,10,chewing,MATCH,29,p29:14;p29:15;p29:10;p29:08;p29:09;p29:12;p29:02;p29:07,1
3,29,10,tongue,WRONG,1,p01:14;p01:08;p01:07;p01:15;p01:00;p01:09;p01:01;p01:06,1
3,29,10,tongue,WRONG,21,p21:13;p21:11;p21:10;p21:14;p21:04;p21:07;p21:15;p21:01,1
3,29,10,tongue,WRONG,22,p22:03;p22:00;p22:02;p22:01;p22:04;p22:08;p22:06;p22:13,1
3,29,10,tongue,POP,,p26:03;p23:03;p06:11;p27:15;p30:11;p30:07;p23:11;p27:04,1
3,29,10,tongue,MATCH,29,p29:14;p29:10;p29:15;p29:09;p29:12;p29:07;p29:04;p29:02,1
3,29,10,swallowing,WRONG,1,p01:05;p01:07;p01:04;p01:15;p01:01;p01:00;p01:09;p01:06,1
3,29,10,swallowing,WRONG,21,p21:06;p21:10;p21:04;p21:11;p21:14;p21:07;p21:15;p21:01,1
3,29,10,swallowing,WRONG,22,p22:01;p22:02;p22:05;p22:04;p22:10;p22:08;p22:06;p22:13,1
3,29,10,swallowing,POP,,p30:07;p14:03;p30:11;p23:11;p06:13;p23:03;p27:15;p27:04,1
3,29,10,swallowing,MATCH,29,p29:14;p29:15;p29:10;p29:08;p29:04;p29:09;p29:07;p29:02,1
3,29,10,facial_emg,WRONG,1,p01:04;p01:05;p01:00;p01:15;p01:07;p01:01;p01:09;p01:06,1
3,29,10,facial_emg,WRONG,21,p21:05;p21:04;p21:11;p21:14;p21:10;p21:07;p21:01;p21:15,1
3,29,10,facial_emg,WRONG,22,p22:03;p22:01;p22:05;p22:04;p22:10;p22:08;p22:06;p22:13,1
3,29,10,facial_emg,POP,,p13:03;p06:08;p06:11;p23:11;p06:13;p23:03;p27:15;p27:04,1
3,29,10,facial_emg,MATCH,29,p29:15;p29:08;p29:14;p29:09;p29:10;p29:07;p29:04;p29:02,1
3,29,11,head_motion,WRONG,1,p01:08;p01:01;p01:04;p01:02;p01:11;p01:10;p01:15;p01:03,1
3,29,11,head_motion,WRONG,21,p21:15;p21:14;p21:00;p21:01;p21:05;p21:06;p21:12;p21:09,1
3,29,11,head_motion,WRONG,22,p22:10;p22:05;p22:14;p22:13;p22:04;p22:12;p22:11;p22:00,1
3,29,11,head_motion,POP,,p27:14;p05:05;p05:04;p06:07;p05:10;p14:02;p06:00;p06:09,1
3,29,11,head_motion,MATCH,29,p29:04;p29:07;p29:14;p29:00;p29:02;p29:12;p29:01;p29:08,1
3,29,11,chewing,WRONG,1,p01:05;p01:11;p01:04;p01:10;p01:15;p01:01;p01:02;p01:03,1
3,29,11,chewing,WRONG,21,p21:11;p21:04;p21:14;p21:06;p21:00;p21:05;p21:12;p21:09,1
3,29,11,chewing,WRONG,22,p22:10;p22:14;p22:09;p22:05;p22:13;p22:12;p22:11;p22:00,1
3,29,11,chewing,POP,,p02:05;p05:05;p06:07;p05:10;p05:04;p14:02;p06:09;p06:00,1
3,29,11,chewing,MATCH,29,p29:02;p29:12;p29:14;p29:09;p29:11;p29:04;p29:07;p29:01,1
3,29,11,tongue,WRONG,1,p01:13;p01:04;p01:01;p01:11;p01:02;p01:10;p01:15;p01:03,1
3,29,11,tongue,WRONG,21,p21:11;p21:01;p21:14;p21:00;p21:05;p21:06;p21:12;p21:09,1
3,29,11,tongue,WRONG,22,p22:06;p22:14;p22:05;p22:13;p22:04;p22:12;p22:11;p22:00,1
3,29,11,tongue,POP,,p27:14;p06:07;p05:05;p05:10;p05:04;p14:02;p06:00;p06:09,1
3,29,11,tongue,MATCH,29,p29:02;p29:08;p29:14;p29:12;p29:00;p29:04;p29:07;p29:01,1
3,29,11,swallowing,WRONG,1,p01:05;p01:11;p01:04;p01:01;p01:15;p01:02;p01:10;p01:03,1
3,29,11,swallowing,WRONG,21,p21:11;p21:04;p21:06;p21:14;p21:00;p21:05;p21:12;p21:09,1
3,29,11,swallowing,WRONG,22,p22:14;p22:10;p22:13;p22:09;p22:05;p22:12;p22:11;p22:00,1
3,29,11,swallowing,POP,,p02:05;p05:10;p05:05;p06:07;p05:04;p14:02;p06:00;p06:09,1
3,29,11,swallowing,MATCH,29,p29:02;p29:11;p29:13;p29:09;p29:00;p29:04;p29:07;p29:01,1
3,29,11,facial_emg,WRONG,1,p01:05;p01:11;p01:04;p01:01;p01:10;p01:15;p01:02;p01:03,1
3,29,11,facial_emg,WRONG,21,p21:11;p21:04;p21:06;p21:14;p21:00;p21:05;p21:12;p21:09,1
3,29,11,facial_emg,WRONG,22,p22:14;p22:10;p22:13;p22:09;p22:05;p22:12;p22:11;p22:00,1
3,29,11,facial_emg,POP,,p02:05;p05:10;p05:05;p06:07;p05:04;p14:02;p06:00;p06:09,1
3,29,11,facial_emg,MATCH,29,p29:11;p29:14;p29:13;p29:09;p29:00;p29:04;p29:07;p29:01,1
3,29,12,head_motion,WRONG,1,p01:07;p01:05;p01:12;p01:08;p01:09;p01:14;p01:15;p01:11,1
3,29,12,head_motion,WRONG,21,p21:07;p21:10;p21:08;p21:03;p21:00;p21:11;p21:05;p21:15,1
3,29,12,head_motion,WRONG,22,p22:11;p22:12;p22:09;p22:10;p22:02;p22:06;p22:00;p22:13,1
3,29,12,head_motion,POP,,p13:07;p13:01;p02:00;p23:04;p20:08;p20:13;p18:02;p23:12,1
3,29,12,head_motion,MATCH,29,,1
3,29,12,chewing,WRONG,1,p01:12;p01:05;p01:01;p01:08;p01:14;p01:09;p01:11;p01:15,1
3,29,12,chewing,WRONG,21,p21:08;p21:01;p21:15;p21:14;p21:00;p21:03;p21:05;p21:11,1
3,29,12,chewing,WRONG,22,p22:08;p22:12;p22:06;p22:09;p22:10;p22:00;p22:02;p22:13,1
3,29,12,chewing,POP,,p23:04;p13:08;p02:00;p13:01;p18:02;p20:13;p23:12;p20:08,1
3,29,12,chewing,MATCH,29,,1
3,29,12,tongue,WRONG,1,p01:07;p01:05;p01:12;p01:08;p01:09;p01:15;p01:14;p01:11,1
3,29,12,tongue,WRONG,21,p21:07;p21:03;p21:10;p21:08;p21:00;p21:05;p21:11;p21:15,1
3,29,12,tongue,WRONG,22,p22:15;p22:12;p22:02;p22:09;p22:00;p22:10;p22:06;p22:13,1
3,29,12,tongue,POP,,p16:03;p13:07;p23:02;p02:00;p23:04;p18:02;p20:13;p23:12,1
3,29,12,tongue,MATCH,29,,1
3,29,12,swallowing,WRONG,1,p01:00;p01:05;p01:14;p01:15;p01:08;p01:09;p01:12;p01:11,1
3,29,12,swallowing,WRONG,21,p21:12;p21:10;p21:08;p21:00;p21:03;p21:05;p21:11;p21:15,1
3,29,12,swallowing,WRONG,22,p22:11;p22:12;p22:10;p22:09;p22:00;p22:02;p22:06;p22:13,1
3,29,12,swallowing,POP,,p20:13;p23:02;p23:04;p16:09;p02:00;p23:12;p20:08;p18:02,1
3,29,12,swallowing,MATCH,29,,1
3,29,12,facial_emg,WRONG,1,p01:07;p01:05;p01:15;p01:14;p01:09;p01:08;p01:12;p01:11,1
3,29,12,facial_emg,WRONG,21,p21:07;p21:00;p21:12;p21:08;p21:10;p21:11;p21:05;p21:15,1
3,29,12,facial_emg,WRONG,22,p22:11;p22:09;p22:12;p22:10;p22:02;p22:00;p22:06;p22:13,1
3,29,12,facial_emg,POP,,p16:03;p20:10;p16:09;p20:06;p23:12;p23:02;p23:04;p18:02,1
3,29,12,facial_emg,MATCH,29,,1
3,29,13,head_motion,WRONG,1,p01:15;p01:04;p01:09;p01:06;p01:02;p01:12;p01:07;p01:13,1
3,29,13,head_motion,WRONG,21,p21:03;p21:13;p21:12;p21:09;p21:08;p21:05;p21:10;p21:14,1
3,29,13,head_motion,WRONG,22,p22:10;p22:02;p22:15;p22:11;p22:05;p22:14;p22:07;p22:06,1
3,29,13,head_motion,POP,,p20:13;p08:15;p08:12;p13:00;p16:10;p23:11;p23:07;p16:07,1
3,29,13,head_motion,MATCH,29,,1
3,29,13,chewing,WRONG,1,p01:15;p01:02;p01:06;p01:04;p01:09;p01:07;p01:12;p01:13,1
3,29,13,chewing,WRONG,21,p21:01;p21:08;p21:12;p21:09;p21:14;p21:06;p21:05;p21:10,1
3,29,13,chewing,WRONG,22,p22:02;p22:10;p22:11;p22:14;p22:05;p22:15;p22:07;p22:06,1
3,29,13,chewing,POP,,p23:09;p18:07;p16:10;p16:14;p08:12;p23:11;p23:07;p16:07,1
3,29,13,chewing,MATCH,29,,1
3,29,13,tongue,WRONG,1,p01:15;p01:09;p01:04;p01:06;p01:02;p01:07;p01:12;p01:13,1
3,29,13,tongue,WRONG,21,p21:13;p21:08;p21:06;p21:01;p21:09;p21:05;p21:10;p21:14,1
3,29,13,tongue,WRONG,22,p22:15;p22:00;p22:02;p22:11;p22:14;p22:05;p22:06;p22:07,1
3,29,13,tongue,POP,,p08:15;p18:07;p16:10;p08:12;p13:00;p23:11;p23:07;p16:07,1
3,29,13,tongue,MATCH,29,,1
3,29,13,swallowing,WRONG,1,p01:14;p01:01;p01:06;p01:04;p01:02;p01:12;p01:07;p01:13,1
3,29,13,swallowing,WRONG,21,p21:01;p21:12;p21:09;p21:05;p21:03;p21:08;p21:10;p21:14,1
3,29,13,swallowing,WRONG,22,p22:02;p22:10;p22:15;p22:11;p22:05;p22:14;p22:07;p22:06,1
3,29,13,swallowing,POP,,p08:12;p26:02;p13:00;p16:10;p20:13;p23:11;p23:07;p16:07,1
3,29,13,swallowing,MATCH,29,,1
3,29,13,facial_emg,WRONG,1,p01:15;p01:04;p01:02;p01:09;p01:06;p01:07;p01:12;p01:13,1
3,29,13,facial_emg,WRONG,21,p21:01;p21:03;p21:09;p21:12;p21:08;p21:05;p21:10;p21:14,1
3,29,13,facial_emg,WRONG,22,p22:10;p22:02;p22:15;p22:11;p22:05;p22:14;p22:07;p22:06,1
3,29,13,facial_emg,POP,,p23:09;p08:15;p13:00;p08:12;p16:10;p23:11;p23:07;p16:07,1
3,29,13,facial_emg,MATCH,29,,1
3,29,14,head_motion,WRONG,1,p01:14;p01:13;p01:10;p01:09;p01:15;p01:11;p01:04;p01:02,1
3,29,14,head_motion,WRONG,21,p21:01;p21:05;p21:10;p21:00;p21:06;p21:02;p21:15;p21:14,1
3,29,14,head_motion,WRONG,22,p22:08;p22:11;p22:12;p22:15;p22:00;p22:10;p22:13;p22:06,1
3,29,14,head_motion,POP,,p06:11;p13:07;p08:00;p02:07;p18:01;p23:05;p26:12;p20:06,1
3,29,14,head_motion,MATCH,29,,1
3,29,14,chewing,WRONG,1,p01:13;p01:14;p01:10;p01:15;p01:09;p01:11;p01:02;p01:04,1
3,29,14,chewing,WRONG,21,p21:01;p21:05;p21:06;p21:10;p21:02;p21:15;p21:00;p21:14,1
3,29,14,chewing,WRONG,22,p22:07;p22:15;p22:11;p22:12;p22:00;p22:10;p22:13;p22:06,1
3,29,14,chewing,POP,,p23:09;p18:01;p20:13;p20:06;p13:07;p08:00;p23:05;p26:12,1
3,29,14,chewing,MATCH,29,,1
3,29,14,tongue,WRONG,1,p01:13;p01:09;p01:14;p01:11;p01:10;p01:04;p01:15;p01:02,1
3,29,14,tongue,WRONG,21,p21:05;p21:00;p21:10;p21:01;p21:02;p21:14;p21:06;p21:15,1
3,29,14,tongue,WRONG,22,p22:07;p22:11;p22:12;p22:15;p22:00;p22:10;p22:13;p22:06,1
3,29,14,tongue,POP,,p13:07;p02:07;p23:09;p08:00;p18:02;p26:12;p23:05;p20:06,1
3,29,14,tongue,MATCH,29,,1
3,29,14,swallowing,WRONG,1,p01:14;p01:13;p01:09;p01:11;p01:10;p01:15;p01:04;p01:02,1
3,29,14,swallowing,WRONG,21,p21:10;p21:05;p21:01;p21:00;p21:06;p21:14;p21:02;p21:15,1
3,29,14,swallowing,WRONG,22,p22:07;p22:11;p22:15;p22:12;p22:00;p22:10;p22:13;p22:06,1
3,29,14,swallowing,POP,,p02:07;p08:00;p23:05;p18:00;p18:02;p26:12;p18:01;p20:06,1
3,29,14,swallowing,MATCH,29,,1
3,29,14,facial_emg,WRONG,1,p01:14;p01:13;p01:09;p01:11;p01:10;p01:15;p01:04;p01:02,1
3,29,14,facial_emg,WRONG,21,p21:10;p21:05;p21:01;p21:00;p21:06;p21:14;p21:02;p21:15,1
3,29,14,facial_emg,WRONG,22,p22:07;p22:11;p22:15;p22:12;p22:00;p22:10;p22:13;p22:06,1
3,29,14,facial_emg,POP,,p02:07;p08:00;p23:05;p18:00;p18:02;p26:12;p18:01;p20:06,1
3,29,14,facial_emg,MATCH,29,,1
3,29,15,head_motion,WRONG,1,p01:03;p01:06;p01:15;p01:14;p01:00;p01:11;p01:08;p01:12,1
3,29,15,head_motion,WRONG,21,p21:15;p21:05;p21:03;p21:13;p21:06;p21:12;p21:10;p21:08,1
3,29,15,head_motion,WRONG,22,p22:11;p22:13;p22:09;p22:02;p22:04;p22:12;p22:03;p22:14,1
3,29,15,head_motion,POP,,p13:06;p26:07;p13:09;p02:01;p08:07;p13:04;p18:05;p26:13,1
3,29,15,head_motion,MATCH,29,,1
3,29,15,chewing,WRONG,1,p01:03;p01:06;p01:09;p01:15;p01:14;p01:11;p01:08;p01:12,1
3,29,15,chewing,WRONG,21,p21:13;p21:06;p21:12;p21:15;p21:05;p21:03;p21:08;p21:10,1
3,29,15,chewing,WRONG,22,p22:01;p22:07;p22:13;p22:02;p22:12;p22:04;p22:03;p22:14,1
3,29,15,chewing,POP,,p13:09;p18:13;p23:14;p26:07;p13:04;p08:07;p26:13;p18:05,1
3,29,15,chewing,MATCH,29,,1
3,29,15,tongue,WRONG,1,p01:03;p01:06;p01:15;p01:09;p01:14;p01:08;p01:12;p01:11,1
3,29,15,tongue,WRONG,21,p21:06;p21:15;p21:13;p21:03;p21:05;p21:12;p21:10;p21:08,1
3,29,15,tongue,WRONG,22,p22:02;p22:06;p22:09;p22:04;p22:13;p22:12;p22:03;p22:14,1
3,29,15,tongue,POP,,p02:01;p26:07;p26:01;p26:11;p08:07;p13:04;p26:13;p18:05,1
3,29,15,tongue,MATCH,29,,1
3,29,15,swallowing,WRONG,1,p01:03;p01:00;p01:06;p01:09;p01:15;p01:11;p01:08;p01:12,1
3,29,15,swallowing,WRONG,21,p21:15;p21:03;p21:06;p21:05;p21:13;p21:12;p21:10;p21:08,1
3,29,15,swallowing,WRONG,22,p22:09;p22:01;p22:13;p22:02;p22:04;p22:12;p22:03;p22:14,1
3,29,15,swallowing,POP,,p08:11;p18:13;p13:06;p08:07;p13:04;p26:07;p26:13;p18:05,1
3,29,15,swallowing,MATCH,29,,1
3,29,15,facial_emg,WRONG,1,p01:06;p01:14;p01:00;p01:09;p01:15;p01:11;p01:08;p01:12,1
3,29,15,facial_emg,WRONG,21,p21:14;p21:05;p21:03;p21:06;p21:13;p21:12;p21:10;p21:08,1
3,29,15,facial_emg,WRONG,22,p22:01;p22:09;p22:13;p22:02;p22:04;p22:12;p22:03;p22:14,1
3,29,15,facial_emg,POP,,p02:01;p08:11;p20:06;p08:07;p26:07;p13:04;p26:13;p18:05,1
3,29,15,facial_emg,MATCH,29,,1
3,29,16,head_motion,WRONG,1,p01:07;p01:09;p01:01;p01:10;p01:03;p01:08;p01:06;p01:15,1
3,29,16,head_motion,WRONG,21,p21:05;p21:07;p21:11;p21:13;p21:10;p21:04;p21:01;p21:15,1
3,29,16,head_motion,WRONG,22,p22:09;p22:15;p22:02;p22:08;p22:01;p22:10;p22:13;p22:06,1
3,29,16,head_motion,POP,,p18:10;p02:11;p27:04;p02:14;p26:00;p23:03;p30:13;p30:01,1
3,29,16,head_motion,MATCH,29,p29:12;p29:14;p29:08;p29:07;p29:11;p29:09;p29:06;p29:04,1
3,29,16,chewing,WRONG,1,p01:07;p01:10;p01:01;p01:03;p01:09;p01:08;p01:06;p01:15,1
3,29,16,chewing,WRONG,21,p21:03;p21:13;p21:07;p21:04;p21:10;p21:11;p21:01;p21:15,1
3,29,16,chewing,WRONG,22,p22:09;p22:15;p22:02;p22:10;p22:08;p22:01;p22:13;p22:06,1
3,29,16,chewing,POP,,p26:00;p05:06;p08:07;p02:14;p27:04;p23:03;p30:01;p30:13,1
3,29,16,chewing,MATCH,29,p29:14;p29:07;p29:08;p29:12;p29:11;p29:06;p29:09;p29:04,1
3,29,16,tongue,WRONG,1,p01:05;p01:15;p01:14;p01:08;p01:03;p01:01;p01:09;p01:06,1
3,29,16,tongue,WRONG,21,p21:04;p21:01;p21:05;p21:14;p21:10;p21:07;p21:11;p21:15,1
3,29,16,tongue,WRONG,22,p22:01;p22:03;p22:06;p22:07;p22:13;p22:09;p22:02;p22:10,1
3,29,16,tongue,POP,,p26:12;p30:01;p27:08;p02:14;p26:00;p30:03;p08:10;p30:13,1
3,29,16,tongue,MATCH,29,p29:15;p29:10;p29:04;p29:06;p29:01;p29:11;p29:07;p29:09,1
3,29,16,swallowing,WRONG,1,p01:14;p01:09;p01:10;p01:01;p01:03;p01:08;p01:06;p01:15,1
3,29,16,swallowing,WRONG,21,p21:05;p21:11;p21:07;p21:13;p21:04;p21:10;p21:01;p21:15,1
3,29,16,swallowing,WRONG,22,p22:15;p22:09;p22:08;p22:02;p22:01;p22:10;p22:13;p22:06,1
3,29,16,swallowing,POP,,p14:13;p02:14;p02:11;p26:00;p18:13;p23:03;p30:01;p30:13,1
3,29,16,swallowing,MATCH,29,p29:14;p29:08;p29:00;p29:07;p29:11;p29:04;p29:06;p29:09,1
3,29,16,facial_emg,WRONG,1,p01:14;p01:09;p01:10;p01:03;p01:01;p01:06;p01:08;p01:15,1
3,29,16,facial_emg,WRONG,21,p21:07;p21:11;p21:05;p21:04;p21:13;p21:10;p21:01;p21:15,1
3,29,16,facial_emg,WRONG,22,p22:00;p22:08;p22:02;p22:09;p22:01;p22:10;p22:13;p22:06,1
3,29,16,facial_emg,POP,,p16:09;p26:00;p02:11;p27:04;p18:13;p30:13;p30:01;p23:03,1
3,29,16,facial_emg,MATCH,29,p29:12;p29:00;p29:08;p29:07;p29:11;p29:09;p29:06;p29:04,1
3,29,17,head_motion,WRONG,1,p01:04;p01:10;p01:03;p01:08;p01:12;p01:09;p01:05;p01:14,1
3,29,17,head_motion,WRONG,21,p21:07;p21:10;p21:02;p21:11;p21:09;p21:12;p21:13;p21:03,1
3,29,17,head_motion,WRONG,22,p22:14;p22:15;p22:07;p22:04;p22:08;p22:10;p22:02;p22:01,1
3,29,17,head_motion,POP,,p08:04;p30:01;p14:05;p23:15;p06:10;p30:14;p23:13;p06:03,1
3,29,17,head_motion,MATCH,29,p29:11;p29:13;p29:02;p29:04;p29:00;p29:10;p29:09;p29:03,1
3,29,17,chewing,WRONG,1,p01:03;p01:11;p01:10;p01:08;p01:12;p01:09;p01:05;p01:14,1
3,29,17,chewing,WRONG,21,p21:10;p21:11;p21:04;p21:02;p21:09;p21:12;p21:13;p21:03,1
3,29,17,chewing,WRONG,22,p22:15;p22:07;p22:14;p22:04;p22:08;p22:10;p22:02;p22:01,1
3,29,17,chewing,POP,,p08:04;p30:01;p14:05;p23:15;p06:10;p30:14;p23:13;p06:03,1
3,29,17,chewing,MATCH,29,p29:02;p29:11;p29:13;p29:04;p29:10;p29:00;p29:09;p29:03,1
3,29,17,tongue,WRONG,1,p01:10;p01:08;p01:06;p01:09;p01:03;p01:12;p01:14;p01:05,1
3,29,17,tongue,WRONG,21,p21:10;p21:11;p21:02;p21:04;p21:09;p21:12;p21:13;p21:03,1
3,29,17,tongue,WRONG,22,p22:04;p22:07;p22:11;p22:15;p22:10;p22:08;p22:02;p22:01,1
3,29,17,tongue,POP,,p08:04;p30:01;p14:05;p23:15;p06:10;p30:14;p23:13;p06:03,1
3,29,17,tongue,MATCH,29,p29:13;p29:11;p29:02;p29:00;p29:10;p29:04;p29:09;p29:03,1
3,29,17,swallowing,WRONG,1,p01:03;p01:06;p01:10;p01:08;p01:09;p01:12;p01:05;p01:14,1
3,29,17,swallowing,WRONG,21,p21:10;p21:07;p21:11;p21:02;p21:09;p21:12;p21:13;p21:03,1
3,29,17,swallowing,WRONG,22,p22:07;p22:14;p22:15;p22:04;p22:08;p22:10;p22:02;p22:01,1
3,29,17,swallowing,POP,,p08:04;p30:01;p23:15;p14:05;p06:10;p30:14;p23:13;p06:03,1
3,29,17,swallowing,MATCH,29,p29:13;p29:01;p29:02;p29:00;p29:04;p29:10;p29:09;p29:03,1
3,29,17,facial_emg,WRONG,1,p01:06;p01:03;p01:10;p01:08;p01:09;p01:12;p01:05;p01:14,1
3,29,17,facial_emg,WRONG,21,p21:10;p21:07;p21:02;p21:11;p21:09;p21:12;p21:13;p21:03,1
3,29,17,facial_emg,WRONG,22,p22:07;p22:15;p22:14;p22:04;p22:08;p22:10;p22:02;p22:01,1
3,29,17,facial_emg,POP,,p08:04;p30:01;p23:15;p14:05;p06:10;p30:14;p23:13;p06:03,1
3,29,17,facial_emg,MATCH,29,p29:11;p29:01;p29:02;p29:00;p29:04;p29:10;p29:09;p29:03,1
3,29,18,head_motion,WRONG,1,p01:03;p01:04;p01:15;p01:02;p01:06;p01:12;p01:07;p01:00,1
3,29,18,head_motion,WRONG,21,p21:04;p21:00;p21:07;p21:08;p21:10;p21:06;p21:14;p21:01,1
3,29,18,head_motion,WRONG,22,p22:12;p22:13;p22:06;p22:03;p22:09;p22:04;p22:05;p22:00,1
3,29,18,head_motion,POP,,p06:04;p30:07;p06:12;p05:10;p08:09;p23:12;p14:09;p30:09,1
3,29,18,head_motion,MATCH,29,p29:06;p29:12;p29:07;p29:02;p29:10;p29:13;p29:01;p29:15,1
3,29,18,chewing,WRONG,1,p01:12;p01:01;p01:06;p01:03;p01:15;p01:04;p01:00;p01:07,1
3,29,18,chewing,WRONG,21,p21:13;p21:00;p21:08;p21:10;p21:11;p21:06;p21:14;p21:01,1
3,29,18,chewing,WRONG,22,p22:14;p22:04;p22:11;p22:13;p22:00;p22:09;p22:05;p22:12,1
3,29,18,chewing,POP,,p06:12;p14:11;p06:11;p05:10;p08:09;p23:12;p14:09;p30:09,1
3,29,18,chewing,MATCH,29,p29:04;p29:02;p29:12;p29:01;p29:07;p29:10;p29:15;p29:13,1
3,29,18,tongue,WRONG,1,p01:03;p01:01;p01:15;p01:06;p01:02;p01:00;p01:12;p01:07,1
3,29,18,tongue,WRONG,21,p21:13;p21:07;p21:08;p21:10;p21:15;p21:06;p21:14;p21:01,1
3,29,18,tongue,WRONG,22,p22:11;p22:09;p22:03;p22:12;p22:13;p22:00;p22:04;p22:05,1
3,29,18,tongue,POP,,p05:10;p23:12;p30:06;p06:04;p14:09;p06:12;p08:03;p30:09,1
3,29,18,tongue,MATCH,29,p29:06;p29:12;p29:04;p29:02;p29:10;p29:13;p29:15;p29:01,1
3,29,18,swallowing,WRONG,1,p01:01;p01:04;p01:03;p01:02;p01:00;p01:15;p01:12;p01:07,1
3,29,18,swallowing,WRONG,21,p21:13;p21:00;p21:15;p21:08;p21:10;p21:06;p21:14;p21:01,1
3,29,18,swallowing,WRONG,22,p22:14;p22:04;p22:11;p22:13;p22:00;p22:09;p22:12;p22:05,1
3,29,18,swallowing,POP,,p14:11;p06:11;p06:04;p08:09;p08:03;p23:12;p14:09;p30:09,1
3,29,18,swallowing,MATCH,29,p29:06;p29:02;p29:12;p29:07;p29:01;p29:10;p29:15;p29:13,1
3,29,18,facial_emg,WRONG,1,p01:03;p01:04;p01:01;p01:12;p01:02;p01:00;p01:15;p01:07,1
3,29,18,facial_emg,WRONG,21,p21:04;p21:13;p21:15;p21:08;p21:10;p21:06;p21:14;p21:01,1
3,29,18,facial_emg,WRONG,22,p22:14;p22:11;p22:04;p22:00;p22:13;p22:09;p22:05;p22:12,1
3,29,18,facial_emg,POP,,p06:11;p08:09;p08:03;p06:04;p23:12;p06:02;p14:09;p30:09,1
3,29,18,facial_emg,MATCH,29,p29:07;p29:02;p29:06;p29:12;p29:01;p29:10;p29:15;p29:13,1
3,29,19,head_motion,WRONG,1,p01:08;p01:11;p01:12;p01:04;p01:09;p01:14;p01:05;p01:13,1
3,29,19,head_motion,WRONG,21,p21:11;p21:12;p21:02;p21:09;p21:13;p21:03;p21:04;p21:10,1
3,29,19,head_motion,WRONG,22,p22:11;p22:02;p22:14;p22:07;p22:08;p22:01;p22:03;p22:15,1
3,29,19,head_motion,POP,,p26:13;p27:06;p14:05;p23:15;p05:05;p06:10;p06:14;p13:01,1
3,29,19,head_motion,MATCH,29,p29:05;p29:10;p29:14;p29:06;p29:01;p29:09;p29:00;p29:03,1
3,29,19,chewing,WRONG,1,p01:10;p01:08;p01:04;p01:11;p01:14;p01:09;p01:05;p01:13,1
3,29,19,chewing,WRONG,21,p21:11;p21:09;p21:12;p21:13;p21:02;p21:03;p21:04;p21:10,1
3,29,19,chewing,WRONG,22,p22:09;p22:04;p22:14;p22:07;p22:08;p22:01;p22:03;p22:15,1
3,29,19,chewing,POP,,p14:01;p26:13;p14:05;p23:15;p05:05;p06:10;p06:14;p13:01,1
3,29,19,chewing,MATCH,29,p29:05;p29:10;p29:11;p29:06;p29:09;p29:01;p29:00;p29:03,1
3,29,19,tongue,WRONG,1,p01:06;p01:08;p01:11;p01:04;p01:09;p01:14;p01:05;p01:13,1
3,29,19,tongue,WRONG,21,p21:11;p21:12;p21:09;p21:02;p21:13;p21:03;p21:04;p21:10,1
3,29,19,tongue,WRONG,22,p22:05;p22:04;p22:07;p22:14;p22:08;p22:01;p22:03;p22:15,1
3,29,19,tongue,POP,,p26:09;p26:13;p14:05;p23:15;p05:05;p06:10;p06:14;p13:01,1
3,29,19,tongue,MATCH,29,p29:10;p29:12;p29:14;p29:01;p29:06;p29:09;p29:00;p29:03,1
3,29,19,swallowing,WRONG,1,p01:10;p01:08;p01:04;p01:11;p01:14;p01:09;p01:05;p01:13,1
3,29,19,swallowing,WRONG,21,p21:11;p21:09;p21:12;p21:13;p21:02;p21:03;p21:04;p21:10,1
3,29,19,swallowing,WRONG,22,p22:09;p22:11;p22:14;p22:07;p22:08;p22:01;p22:03;p22:15,1
3,29,19,swallowing,POP,,p27:06;p26:13;p14:05;p23:15;p05:05;p06:10;p06:14;p13:01,1
3,29,19,swallowing,MATCH,29,p29:14;p29:11;p29:10;p29:06;p29:01;p29:09;p29:00;p29:03,1
3,29,19,facial_emg,WRONG,1,p01:10;p01:08;p01:04;p01:11;p01:14;p01:09;p01:05;p01:13,1
3,29,19,facial_emg,WRONG,21,p21:11;p21:12;p21:09;p21:02;p21:13;p21:03;p21:04;p21:10,1
3,29,19,facial_emg,WRONG,22,p22:09;p22:04;p22:14;p22:07;p22:08;p22:01;p22:03;p22:15,1
3,29,19,facial_emg,POP,,p14:01;p26:13;p14:05;p23:15;p05:05;p06:10;p06:14;p13:01,1
3,29,19,facial_emg,MATCH,29,p29:14;p29:11;p29:10;p29:06;p29:09;p29:01;p29:00;p29:03,1
3,29,20,head_motion,WRONG,1,p01:03;p01:06;p01:02;p01:04;p01:10;p01:08;p01:15;p01:11,1
3,29,20,head_motion,WRONG,21,p21:11;p21:10;p21:00;p21:02;p21:01;p21:04;p21:13;p21:07,1
3,29,20,head_motion,WRONG,22,p22:00;p22:02;p22:07;p22:10;p22:06;p22:09;p22:01;p22:13,1
3,29,20,head_motion,POP,,p18:07;p18:09;p16:08;p13:00;p08:08;p23:11;p20:11;p26:05,1
3,29,20,head_motion,MATCH,29,,1
3,29,20,chewing,WRONG,1,p01:03;p01:06;p01:02;p01:04;p01:08;p01:10;p01:15;p01:11,1
3,29,20,chewing,WRONG,21,p21:09;p21:11;p21:01;p21:07;p21:00;p21:04;p21:02;p21:13,1
3,29,20,chewing,WRONG,22,p22:11;p22:00;p22:07;p22:09;p22:01;p22:06;p22:10;p22:13,1
3,29,20,chewing,POP,,p16:00;p13:00;p08:08;p20:05;p23:05;p26:05;p20:06;p20:11,1
3,29,20,chewing,MATCH,29,,1
3,29,20,tongue,WRONG,1,p01:10;p01:08;p01:06;p01:02;p01:04;p01:07;p01:15;p01:11,1
3,29,20,tongue,WRONG,21,p21:12;p21:11;p21:10;p21:01;p21:02;p21:13;p21:04;p21:07,1
3,29,20,tongue,WRONG,22,p22:07;p22:00;p22:09;p22:08;p22:10;p22:06;p22:01;p22:13,1
3,29,20,tongue,POP,,p08:08;p13:00;p23:00;p06:03;p18:07;p18:09;p20:11;p23:11,1
3,29,20,tongue,MATCH,29,,1
3,29,20,swallowing,WRONG,1,p01:07;p01:02;p01:08;p01:04;p01:10;p01:06;p01:15;p01:11,1
3,29,20,swallowing,WRONG,21,p21:12;p21:10;p21:11;p21:01;p21:02;p21:04;p21:13;p21:07,1
3,29,20,swallowing,WRONG,22,p22:07;p22:08;p22:00;p22:09;p22:06;p22:01;p22:10;p22:13,1
3,29,20,swallowing,POP,,p18:09;p08:08;p13:00;p06:03;p18:07;p23:00;p20:11;p23:11,1
3,29,20,swallowing,MATCH,29,,1
3,29,20,facial_emg,WRONG,1,p01:02;p01:03;p01:06;p01:04;p01:10;p01:15;p01:08;p01:11,1
3,29,20,facial_emg,WRONG,21,p21:10;p21:12;p21:00;p21:02;p21:01;p21:04;p21:13;p21:07,1
3,29,20,facial_emg,WRONG,22,p22:02;p22:00;p22:07;p22:10;p22:06;p22:09;p22:01;p22:13,1
3,29,20,facial_emg,POP,,p08:05;p18:14;p08:08;p18:07;p13:00;p20:11;p26:05;p23:11,1
3,29,20,facial_emg,MATCH,29,,1
3,29,21,head_motion,WRONG,1,p01:06;p01:10;p01:13;p01:07;p01:09;p01:12;p01:03;p01:14,1
3,29,21,head_motion,WRONG,21,p21:02;p21:12;p21:09;p21:06;p21:15;p21:14;p21:03;p21:08,1
3,29,21,head_motion,WRONG,22,p22:07;p22:15;p22:05;p22:03;p22:11;p22:10;p22:00;p22:12,1
3,29,21,head_motion,POP,,p13:13;p20:14;p02:08;p02:01;p08:06;p16:15;p18:02;p18:01,1
3,29,21,head_motion,MATCH,29,,1
3,29,21,chewing,WRONG,1,p01:01;p01:06;p01:13;p01:12;p01:14;p01:07;p01:10;p01:03,1
3,29,21,chewing,WRONG,21,p21:14;p21:11;p21:12;p21:04;p21:10;p21:03;p21:15;p21:08,1
3,29,21,chewing,WRONG,22,p22:04;p22:14;p22:05;p22:07;p22:10;p22:11;p22:00;p22:12,1
3,29,21,chewing,POP,,p26:13;p18:02;p16:15;p18:01;p08:01;p02:08;p02:01;p08:06,1
3,29,21,chewing,MATCH,29,,1
3,29,21,tongue,WRONG,1,p01:05;p01:09;p01:13;p01:01;p01:07;p01:12;p01:14;p01:03,1
3,29,21,tongue,WRONG,21,p21:02;p21:09;p21:10;p21:12;p21:14;p21:15;p21:03;p21:08,1
3,29,21,tongue,WRONG,22,p22:03;p22:05;p22:14;p22:15;p22:11;p22:00;p22:10;p22:12,1
3,29,21,tongue,POP,,p26:02;p16:06;p02:08;p08:06;p02:01;p16:15;p18:01;p18:02,1
3,29,21,tongue,MATCH,29,,1
3,29,21,swallowing,WRONG,1,p01:01;p01:06;p01:13;p01:10;p01:12;p01:07;p01:14;p01:03,1
3,29,21,swallowing,WRONG,21,p21:04;p21:02;p21:06;p21:15;p21:09;p21:14;p21:03;p21:08,1
3,29,21,swallowing,WRONG,22,p22:15;p22:14;p22:05;p22:03;p22:10;p22:11;p22:00;p22:12,1
3,29,21,swallowing,POP,,p23:10;p02:08;p02:01;p08:06;p20:14;p16:15;p18:02;p18:01,1
3,29,21,swallowing,MATCH,29,,1
3,29,21,facial_emg,WRONG,1,p01:01;p01:15;p01:10;p01:13;p01:07;p01:12;p01:03;p01:14,1
3,29,21,facial_emg,WRONG,21,p21:04;p21:02;p21:06;p21:09;p21:15;p21:14;p21:03;p21:08,1
3,29,21,facial_emg,WRONG,22,p22:14;p22:07;p22:05;p22:03;p22:10;p22:11;p22:00;p22:12,1
3,29,21,facial_emg,POP,,p13:13;p08:06;p20:14;p02:08;p02:01;p16:15;p18:02;p18:01,1
3,29,21,facial_emg,MATCH,29,,1
3,29,22,head_motion,WRONG,1,p01:09;p01:07;p01:12;p01:10;p01:02;p01:14;p01:11;p01:13,1
3,29,22,head_motion,WRONG,21,p21:04;p21:05;p21:00;p21:11;p21:14;p21:01;p21:03;p21:02,1
3,29,22,head_motion,WRONG,22,p22:00;p22:04;p22:11;p22:10;p22:15;p22:07;p22:13;p22:06,1
3,29,22,head_motion,POP,,p16:07;p13:08;p26:03;p23:09;p18:02;p23:03;p13:07;p18:00,1
3,29,22,head_motion,MATCH,29,,1
3,29,22,chewing,WRONG,1,p01:04;p01:01;p01:07;p01:10;p01:09;p01:14;p01:13;p01:11,1
3,29,22,chewing,WRONG,21,p21:12;p21:14;p21:05;p21:11;p21:01;p21:00;p21:02;p21:03,1
3,29,22,chewing,WRONG,22,p22:04;p22:11;p22:00;p22:07;p22:10;p22:15;p22:06;p22:13,1
3,29,22,chewing,POP,,p20:06;p23:09;p26:01;p13:07;p23:03;p20:13;p26:03;p18:00,1
3,29,22,chewing,MATCH,29,,1
3,29,22,tongue,WRONG,1,p01:01;p01:12;p01:07;p01:09;p01:02;p01:13;p01:14;p01:11,1
3,29,22,tongue,WRONG,21,p21:04;p21:05;p21:00;p21:11;p21:14;p21:01;p21:02;p21:03,1
3,29,22,tongue,WRONG,22,p22:08;p22:00;p22:11;p22:10;p22:15;p22:07;p22:13;p22:06,1
3,29,22,tongue,POP,,p20:06;p13:08;p23:09;p16:07;p18:02;p18:00;p23:03;p13:07,1
3,29,22,tongue,MATCH,29,,1
3,29,22,swallowing,WRONG,1,p01:12;p01:15;p01:07;p01:02;p01:14;p01:09;p01:13;p01:11,1
3,29,22,swallowing,WRONG,21,p21:04;p21:05;p21:11;p21:14;p21:00;p21:02;p21:01;p21:03,1
3,29,22,swallowing,WRONG,22,p22:00;p22:04;p22:11;p22:10;p22:15;p22:07;p22:13;p22:06,1
3,29,22,swallowing,POP,,p20:06;p16:07;p26:03;p23:09;p18:02;p18:00;p13:07;p23:03,1
3,29,22,swallowing,MATCH,29,,1
3,29,22,facial_emg,WRONG,1,p01:01;p01:10;p01:09;p01:02;p01:07;p01:11;p01:14;p01:13,1
3,29,22,facial_emg,WRONG,21,p21:12;p21:11;p21:05;p21:00;p21:14;p21:01;p21:02;p21:03,1
3,29,22,facial_emg,WRONG,22,p22:00;p22:04;p22:11;p22:07;p22:10;p22:15;p22:13;p22:06,1
3,29,22,facial_emg,POP,,p20:06;p13:01;p23:09;p18:02;p26:03;p23:03;p13:07;p18:00,1
3,29,22,facial_emg,MATCH,29,,1
3,29,23,head_motion,WRONG,1,p01:09;p01:02;p01:05;p01:12;p01:00;p01:14;p01:03;p01:11,1
3,29,23,head_motion,WRONG,21,p21:11;p21:04;p21:02;p21:10;p21:07;p21:05;p21:12;p21:15,1
3,29,23,head_motion,WRONG,22,p22:03;p22:10;p22:00;p22:02;p22:09;p22:13;p22:06;p22:01,1
3,29,23,head_motion,POP,,p13:08;p20:03;p20:02;p13:04;p23:08;p26:09;p23:04;p08:05,1
3,29,23,head_motion,MATCH,29,,1
3,29,23,chewing,WRONG,1,p01:05;p01:00;p01:15;p01:09;p01:14;p01:01;p01:03;p01:11,1
3,29,23,chewing,WRONG,21,p21:11;p21:14;p21:07;p21:02;p21:04;p21:05;p21:15;p21:12,1
3,29,23,chewing,WRONG,22,p22:13;p22:06;p22:00;p22:12;p22:05;p22:03;p22:14;p22:01,1
3,29,23,chewing,POP,,p20:11;p06:15;p23:08;p13:12;p13:04;p20:03;p08:05;p23:04,1
3,29,23,chewing,MATCH,29,,1
3,29,23,tongue,WRONG,1,p01:05;p01:09;p01:02;p01:12;p01:14;p01:03;p01:00;p01:11,1
3,29,23,tongue,WRONG,21,p21:11;p21:04;p21:08;p21:10;p21:07;p21:05;p21:12;p21:15,1
3,29,23,tongue,WRONG,22,p22:14;p22:00;p22:02;p22:10;p22:09;p22:01;p22:13;p22:06,1
3,29,23,tongue,POP,,p16:10;p13:04;p13:08;p26:10;p23:08;p23:04;p26:09;p08:05,1
3,29,23,tongue,MATCH,29,,1
3,29,23,swallowing,WRONG,1,p01:05;p01:00;p01:01;p01:02;p01:09;p01:14;p01:03;p01:11,1
3,29,23,swallowing,WRONG,21,p21:08;p21:11;p21:04;p21:10;p21:05;p21:07;p21:12;p21:15,1
3,29,23,swallowing,WRONG,22,p22:12;p22:10;p22:09;p22:06;p22:14;p22:13;p22:03;p22:01,1
3,29,23,swallowing,POP,,p06:07;p23:14;p23:08;p23:02;p13:04;p26:09;p23:04;p08:05,1
3,29,23,swallowing,MATCH,29,,1
3,29,23,facial_emg,WRONG,1,p01:12;p01:00;p01:01;p01:09;p01:02;p01:14;p01:03;p01:11,1
3,29,23,facial_emg,WRONG,21,p21:11;p21:02;p21:10;p21:04;p21:07;p21:05;p21:12;p21:15,1
3,29,23,facial_emg,WRONG,22,p22:12;p22:10;p22:09;p22:06;p22:14;p22:13;p22:03;p22:01,1
3,29,23,facial_emg,POP,,p20:03;p06:07;p23:14;p23:08;p13:04;p26:09;p23:04;p08:05,1
3,29,23,facial_emg,MATCH,29,,1
3,29,24,head_motion,WRONG,1,p01:01;p01:04;p01:11;p01:02;p01:06;p01:08;p01:07;p01:00,1
3,29,24,head_motion,WRONG,21,p21:03;p21:02;p21:14;p21:01;p21:07;p21:08;p21:05;p21:06,1
3,29,24,head_motion,WRONG,22,p22:07;p22:01;p22:05;p22:14;p22:10;p22:03;p22:04;p22:06,1
3,29,24,head_motion,POP,,p26:12;p06:12;p06:06;p23:11;p14:03;p13:00;p14:12;p26:14,1
3,29,24,head_motion,MATCH,29,p29:02;p29:04;p29:06;p29:10;p29:05;p29:12;p29:01;p29:15,1
3,29,24,chewing,WRONG,1,p01:11;p01:04;p01:02;p01:06;p01:00;p01:07;p01:08;p01:01,1
3,29,24,chewing,WRONG,21,p21:08;p21:14;p21:03;p21:07;p21:15;p21:01;p21:05;p21:06,1
3,29,24,chewing,WRONG,22,p22:14;p22:01;p22:05;p22:13;p22:10;p22:07;p22:04;p22:06,1
3,29,24,chewing,POP,,p23:07;p06:06;p06:13;p23:06;p26:14;p06:08;p18:08;p23:11,1
3,29,24,chewing,MATCH,29,p29:09;p29:11;p29:01;p29:02;p29:12;p29:08;p29:05;p29:15,1
3,29,24,tongue,WRONG,1,p01:02;p01:04;p01:10;p01:08;p01:11;p01:06;p01:07;p01:00,1
3,29,24,tongue,WRONG,21,p21:03;p21:02;p21:00;p21:14;p21:07;p21:05;p21:08;p21:06,1
3,29,24,tongue,WRONG,22,p22:13;p22:05;p22:00;p22:14;p22:10;p22:03;p22:04;p22:06,1
3,29,24,tongue,POP,,p26:12;p06:06;p14:05;p06:12;p14:03;p13:00;p14:12;p26:14,1
3,29,24,tongue,MATCH,29,p29:07;p29:02;p29:10;p29:14;p29:04;p29:12;p29:01;p29:15,1
3,29,24,swallowing,WRONG,1,p01:11;p01:04;p01:02;p01:06;p01:00;p01:07;p01:01;p01:08,1
3,29,24,swallowing,WRONG,21,p21:14;p21:08;p21:02;p21:15;p21:07;p21:01;p21:05;p21:06,1
3,29,24,swallowing,WRONG,22,p22:03;p22:05;p22:01;p22:13;p22:10;p22:07;p22:04;p22:06,1
3,29,24,swallowing,POP,,p14:12;p13:00;p06:06;p23:06;p18:08;p26:14;p06:08;p23:11,1
3,29,24,swallowing,MATCH,29,p29:14;p29:11;p29:12;p29:01;p29:02;p29:05;p29:08;p29:15,1
3,29,24,facial_emg,WRONG,1,p01:04;p01:11;p01:02;p01:06;p01:00;p01:08;p01:01;p01:07,1
3,29,24,facial_emg,WRONG,21,p21:03;p21:08;p21:02;p21:15;p21:07;p21:01;p21:05;p21:06,1
3,29,24,facial_emg,WRONG,22,p22:03;p22:14;p22:01;p22:10;p22:13;p22:04;p22:07;p22:06,1
3,29,24,facial_emg,POP,,p14:12;p06:06;p13:00;p23:06;p18:08;p26:14;p06:08;p23:11,1
3,29,24,facial_emg,MATCH,29,p29:10;p29:14;p29:12;p29:01;p29:02;p29:05;p29:08;p29:15,1
3,29,25,head_motion,WRONG,1,p01:09;p01:10;p01:04;p01:15;p01:05;p01:06;p01:13;p01:03,1
3,29,25,head_motion,WRONG,21,p21:13;p21:15;p21:11;p21:10;p21:04;p21:00;p21:12;p21:09,1
3,29,25,head_motion,WRONG,22,p22:10;p22:14;p22:08;p22:12;p22:15;p22:05;p22:13;p22:00,1
3,29,25,head_motion,POP,,p18:10;p05:05;p14:06;p05:04;p06:07;p14:02;p06:00;p06:09,1
3,29,25,head_motion,MATCH,29,p29:03;p29:11;p29:01;p29:04;p29:00;p29:09;p29:06;p29:07,1
3,29,25,chewing,WRONG,1,p01:08;p01:10;p01:04;p01:05;p01:15;p01:06;p01:13;p01:03,1
3,29,25,chewing,WRONG,21,p21:13;p21:11;p21:15;p21:10;p21:04;p21:00;p21:12;p21:09,1
3,29,25,chewing,WRONG,22,p22:10;p22:14;p22:08;p22:12;p22:15;p22:05;p22:13;p22:00,1
3,29,25,chewing,POP,,p18:10;p05:05;p14:06;p05:04;p06:07;p14:02;p06:00;p06:09,1
3,29,25,chewing,MATCH,29,p29:08;p29:11;p29:01;p29:04;p29:00;p29:09;p29:06;p29:07,1
3,29,25,tongue,WRONG,1,p01:08;p01:10;p01:04;p01:15;p01:05;p01:06;p01:13;p01:03,1
3,29,25,tongue,WRONG,21,p21:13;p21:11;p21:15;p21:10;p21:04;p21:00;p21:12;p21:09,1
3,29,25,tongue,WRONG,22,p22:10;p22:14;p22:15;p22:05;p22:08;p22:12;p22:13;p22:00,1
3,29,25,tongue,POP,,p18:10;p05:05;p14:06;p05:04;p06:07;p14:02;p06:00;p06:09,1
3,29,25,tongue,MATCH,29,p29:03;p29:12;p29:01;p29:04;p29:00;p29:09;p29:06;p29:07,1
3,29,25,swallowing,WRONG,1,p01:09;p01:10;p01:04;p01:06;p01:05;p01:15;p01:13;p01:03,1
3,29,25,swallowing,WRONG,21,p21:13;p21:11;p21:15;p21:10;p21:04;p21:00;p21:12;p21:09,1
3,29,25,swallowing,WRONG,22,p22:10;p22:12;p22:14;p22:05;p22:08;p22:15;p22:13;p22:00,1
3,29,25,swallowing,POP,,p18:10;p05:05;p14:06;p05:04;p06:07;p14:02;p06:00;p06:09,1
3,29,25,swallowing,MATCH,29,p29:12;p29:11;p29:01;p29:04;p29:00;p29:06;p29:09;p29:07,1
3,29,25,facial_emg,WRONG,1,p01:09;p01:10;p01:04;p01:05;p01:06;p01:15;p01:13;p01:03,1
3,29,25,facial_emg,WRONG,21,p21:13;p21:11;p21:15;p21:10;p21:04;p21:00;p21:12;p21:09,1
3,29,25,facial_emg,WRONG,22,p22:10;p22:14;p22:05;p22:12;p22:08;p22:15;p22:13;p22:00,1
3,29,25,facial_emg,POP,,p18:10;p05:05;p14:06;p05:04;p06:07;p14:02;p06:00;p06:09,1
3,29,25,facial_emg,MATCH,29,p29:12;p29:01;p29:11;p29:04;p29:06;p29:00;p29:09;p29:07,1
3,29,26,head_motion,WRONG,1,p01:05;p01:14;p01:10;p01:08;p01:11;p01:04;p01:09;p01:13,1
3,29,26,head_motion,WRONG,21,p21:10;p21:15;p21:05;p21:11;p21:09;p21:02;p21:00;p21:08,1
3,29,26,head_motion,WRONG,22,p22:11;p22:05;p22:09;p22:07;p22:12;p22:15;p22:14;p22:08,1
3,29,26,head_motion,POP,,p14:14;p05:14;p14:13;p30:15;p26:09;p23:10;p26:06;p06:01,1
3,29,26,head_motion,MATCH,29,p29:10;p29:08;p29:00;p29:09;p29:12;p29:01;p29:05;p29:06,1
3,29,26,chewing,WRONG,1,p01:05;p01:10;p01:14;p01:08;p01:09;p01:04;p01:11;p01:13,1
3,29,26,chewing,WRONG,21,p21:07;p21:15;p21:05;p21:11;p21:09;p21:02;p21:00;p21:08,1
3,29,26,chewing,WRONG,22,p22:11;p22:05;p22:09;p22:07;p22:15;p22:12;p22:14;p22:08,1
3,29,26,chewing,POP,,p14:14;p30:15;p14:13;p05:14;p26:09;p26:06;p23:10;p06:01,1
3,29,26,chewing,MATCH,29,p29:10;p29:00;p29:09;p29:08;p29:12;p29:01;p29:05;p29:06,1
3,29,26,tongue,WRONG,1,p01:14;p01:02;p01:10;p01:11;p01:08;p01:04;p01:09;p01:13,1
3,29,26,tongue,WRONG,21,p21:10;p21:15;p21:11;p21:05;p21:09;p21:02;p21:00;p21:08,1
3,29,26,tongue,WRONG,22,p22:11;p22:09;p22:05;p22:07;p22:12;p22:15;p22:14;p22:08,1
3,29,26,tongue,POP,,p26:09;p05:14;p14:14;p14:13;p30:15;p23:10;p26:06;p06:01,1
3,29,26,tongue,MATCH,29,p29:08;p29:10;p29:00;p29:09;p29:12;p29:01;p29:05;p29:06,1
3,29,26,swallowing,WRONG,1,p01:02;p01:10;p01:14;p01:08;p01:09;p01:04;p01:11;p01:13,1
3,29,26,swallowing,WRONG,21,p21:10;p21:15;p21:05;p21:11;p21:09;p21:02;p21:00;p21:08,1
3,29,26,swallowing,WRONG,22,p22:11;p22:05;p22:09;p22:07;p22:15;p22:12;p22:14;p22:08,1
3,29,26,swallowing,POP,,p14:14;p05:14;p30:15;p14:13;p26:09;p26:06;p23:10;p06:01,1
3,29,26,swallowing,MATCH,29,p29:10;p29:08;p29:00;p29:09;p29:12;p29:01;p29:05;p29:06,1
3,29,26,facial_emg,WRONG,1,p01:02;p01:14;p01:10;p01:09;p01:08;p01:04;p01:11;p01:13,1
3,29,26,facial_emg,WRONG,21,p21:10;p21:15;p21:05;p21:11;p21:09;p21:02;p21:00;p21:08,1
3,29,26,facial_emg,WRONG,22,p22:11;p22:05;p22:09;p22:07;p22:15;p22:12;p22:14;p22:08,1
3,29,26,facial_emg,POP,,p14:14;p05:14;p30:15;p14:13;p26:09;p26:06;p23:10;p06:01,1
3,29,26,facial_emg,MATCH,29,p29:10;p29:08;p29:00;p29:09;p29:01;p29:12;p29:05;p29:06,1
3,29,27,head_motion,WRONG,1,p01:11;p01:04;p01:06;p01:09;p01:00;p01:07;p01:08;p01:01,1
3,29,27,head_motion,WRONG,21,p21:06;p21:07;p21:02;p21:15;p21:03;p21:01;p21:11;p21:05,1
3,29,27,head_motion,WRONG,22,p22:13;p22:04;p22:14;p22:07;p22:01;p22:09;p22:06;p22:08,1
3,29,27,head_motion,POP,,p26:00;p30:03;p14:12;p14:15;p23:06;p26:14;p26:04;p23:11,1
3,29,27,head_motion,MATCH,29,p29:04;p29:03;p29:11;p29:12;p29:09;p29:02;p29:15;p29:05,1
3,29,27,chewing,WRONG,1,p01:11;p01:09;p01:04;p01:06;p01:00;p01:07;p01:08;p01:01,1
3,29,27,chewing,WRONG,21,p21:02;p21:07;p21:03;p21:06;p21:15;p21:11;p21:01;p21:05,1
3,29,27,chewing,WRONG,22,p22:07;p22:13;p22:01;p22:14;p22:08;p22:09;p22:04;p22:06,1
3,29,27,chewing,POP,,p05:15;p06:08;p14:12;p26:04;p18:08;p23:06;p23:11;p26:14,1
3,29,27,chewing,MATCH,29,p29:12;p29:11;p29:08;p29:04;p29:02;p29:15;p29:09;p29:05,1
3,29,27,tongue,WRONG,1,p01:10;p01:06;p01:00;p01:04;p01:09;p01:07;p01:08;p01:01,1
3,29,27,tongue,WRONG,21,p21:07;p21:15;p21:14;p21:03;p21:01;p21:02;p21:11;p21:05,1
3,29,27,tongue,WRONG,22,p22:15;p22:06;p22:13;p22:07;p22:08;p22:14;p22:09;p22:01,1
3,29,27,tongue,POP,,p06:04;p23:06;p14:15;p26:00;p26:04;p30:03;p08:05;p23:11,1
3,29,27,tongue,MATCH,29,p29:08;p29:12;p29:07;p29:09;p29:03;p29:04;p29:02;p29:05,1
3,29,27,swallowing,WRONG,1,p01:04;p01:11;p01:09;p01:06;p01:00;p01:07;p01:08;p01:01,1
3,29,27,swallowing,WRONG,21,p21:07;p21:15;p21:03;p21:06;p21:02;p21:11;p21:01;p21:05,1
3,29,27,swallowing,WRONG,22,p22:04;p22:13;p22:07;p22:09;p22:01;p22:14;p22:08;p22:06,1
3,29,27,swallowing,POP,,p08:13;p30:03;p08:05;p23:06;p14:15;p18:08;p26:04;p23:11,1
3,29,27,swallowing,MATCH,29,p29:07;p29:12;p29:11;p29:03;p29:09;p29:15;p29:02;p29:05,1
3,29,27,facial_emg,WRONG,1,p01:09;p01:04;p01:11;p01:06;p01:07;p01:08;p01:00;p01:01,1
3,29,27,facial_emg,WRONG,21,p21:14;p21:15;p21:03;p21:02;p21:06;p21:11;p21:01;p21:05,1
3,29,27,facial_emg,WRONG,22,p22:13;p22:07;p22:04;p22:14;p22:01;p22:08;p22:09;p22:06,1
3,29,27,facial_emg,POP,,p06:08;p14:15;p08:05;p23:06;p26:14;p18:08;p23:11;p26:04,1
3,29,27,facial_emg,MATCH,29,p29:14;p29:08;p29:07;p29:12;p29:04;p29:02;p29:15;p29:05,1
3,29,28,head_motion,WRONG,1,p01:12;p01:07;p01:05;p01:15;p01:14;p01:08;p01:00;p01:01,1
3,29,28,head_motion,WRONG,21,p21:07;p21:00;p21:08;p21:13;p21:15;p21:09;p21:03;p21:14,1
3,29,28,head_motion,WRONG,22,p22:07;p22:04;p22:09;p22:02;p22:08;p22:03;p22:05;p22:14,1
3,29,28,head_motion,POP,,p06:08;p23:10;p26:02;p06:05;p23:02;p23:13;p20:08;p06:04,1
3,29,28,head_motion,MATCH,29,,1
3,29,28,chewing,WRONG,1,p01:07;p01:12;p01:14;p01:05;p01:15;p01:08;p01:01;p01:00,1
3,29,28,chewing,WRONG,21,p21:13;p21:07;p21:01;p21:11;p21:00;p21:15;p21:14;p21:09,1
3,29,28,chewing,WRONG,22,p22:09;p22:04;p22:07;p22:08;p22:05;p22:14;p22:02;p22:03,1
3,29,28,chewing,POP,,p23:08;p23:13;p20:08;p23:10;p23:02;p20:04;p06:04;p06:05,1
3,29,28,chewing,MATCH,29,,1
3,29,28,tongue,WRONG,1,p01:03;p01:12;p01:09;p01:00;p01:15;p01:11;p01:14;p01:01,1
3,29,28,tongue,WRONG,21,p21:11;p21:07;p21:08;p21:09;p21:13;p21:15;p21:03;p21:14,1
3,29,28,tongue,WRONG,22,p22:04;p22:07;p22:09;p22:03;p22:05;p22:08;p22:02;p22:14,1
3,29,28,tongue,POP,,p06:08;p06:05;p23:02;p18:13;p18:09;p20:08;p26:02;p06:04,1
3,29,28,tongue,MATCH,29,,1
3,29,28,swallowing,WRONG,1,p01:09;p01:12;p01:07;p01:08;p01:15;p01:14;p01:00;p01:01,1
3,29,28,swallowing,WRONG,21,p21:00;p21:07;p21:01;p21:13;p21:09;p21:11;p21:03;p21:14,1
3,29,28,swallowing,WRONG,22,p22:09;p22:07;p22:03;p22:01;p22:02;p22:08;p22:14;p22:05,1
3,29,28,swallowing,POP,,p18:09;p23:02;p23:10;p23:13;p26:02;p06:05;p06:04;p20:08,1
3,29,28,swallowing,MATCH,29,,1
3,29,28,facial_emg,WRONG,1,p01:12;p01:07;p01:15;p01:09;p01:08;p01:14;p01:00;p01:01,1
3,29,28,facial_emg,WRONG,21,p21:00;p21:15;p21:08;p21:13;p21:09;p21:11;p21:03;p21:14,1
3,29,28,facial_emg,WRONG,22,p22:09;p22:07;p22:01;p22:03;p22:02;p22:14;p22:08;p22:05,1
3,29,28,facial_emg,POP,,p18:09;p23:02;p23:10;p06:05;p23:13;p26:02;p06:04;p20:08,1
3,29,28,facial_emg,MATCH,29,,1
3,29,29,head_motion,WRONG,1,p01:13;p01:01;p01:05;p01:14;p01:12;p01:10;p01:08;p01:00,1
3,29,29,head_motion,WRONG,21,p21:05;p21:08;p21:01;p21:13;p21:10;p21:06;p21:14;p21:03,1
3,29,29,head_motion,WRONG,22,p22:11;p22:02;p22:13;p22:05;p22:10;p22:06;p22:09;p22:07,1
3,29,29,head_motion,POP,,p08:11;p06:05;p18:00;p18:15;p20:15;p16:06;p18:05;p26:03,1
3,29,29,head_motion,MATCH,29,,1
3,29,29,chewing,WRONG,1,p01:13;p01:07;p01:10;p01:05;p01:01;p01:12;p01:08;p01:00,1
3,29,29,chewing,WRONG,21,p21:09;p21:14;p21:08;p21:10;p21:05;p21:06;p21:13;p21:03,1
3,29,29,chewing,WRONG,22,p22:02;p22:05;p22:14;p22:08;p22:01;p22:03;p22:07;p22:09,1
3,29,29,chewing,POP,,p26:07;p20:15;p13:14;p23:13;p18:05;p20:07;p06:05;p06:04,1
3,29,29,chewing,MATCH,29,,1
3,29,29,tongue,WRONG,1,p01:02;p01:01;p01:14;p01:10;p01:12;p01:05;p01:08;p01:00,1
3,29,29,tongue,WRONG,21,p21:01;p21:11;p21:10;p21:05;p21:13;p21:06;p21:14;p21:03,1
3,29,29,tongue,WRONG,22,p22:02;p22:14;p22:01;p22:10;p22:05;p22:06;p22:09;p22:07,1
3,29,29,tongue,POP,,p16:07;p18:15;p06:05;p20:15;p16:06;p18:13;p26:03;p18:05,1
3,29,29,tongue,MATCH,29,,1
3,29,29,swallowing,WRONG,1,p01:02;p01:14;p01:01;p01:12;p01:10;p01:05;p01:08;p01:00,1
3,29,29,swallowing,WRONG,21,p21:01;p21:10;p21:11;p21:05;p21:13;p21:06;p21:14;p21:03,1
3,29,29,swallowing,WRONG,22,p22:14;p22:08;p22:05;p22:03;p22:01;p22:06;p22:09;p22:07,1
3,29,29,swallowing,POP,,p26:04;p16:06;p06:05;p20:15;p06:04;p18:13;p26:03;p18:05,1
3,29,29,swallowing,MATCH,29,,1
3,29,29,facial_emg,WRONG,1,p01:02;p01:10;p01:13;p01:01;p01:12;p01:05;p01:08;p01:00,1
3,29,29,facial_emg,WRONG,21,p21:01;p21:11;p21:10;p21:05;p21:06;p21:13;p21:14;p21:03,1
3,29,29,facial_emg,WRONG,22,p22:08;p22:14;p22:06;p22:05;p22:03;p22:01;p22:09;p22:07,1
3,29,29,facial_emg,POP,,p18:15;p06:08;p20:15;p26:03;p06:05;p06:04;p18:13;p18:05,1
3,29,29,facial_emg,MATCH,29,,1
3,29,30,head_motion,WRONG,1,p01:14;p01:09;p01:10;p01:12;p01:04;p01:06;p01:00;p01:15,1
3,29,30,head_motion,WRONG,21,p21:09;p21:14;p21:11;p21:06;p21:03;p21:13;p21:05;p21:08,1
3,29,30,head_motion,WRONG,22,p22:03;p22:06;p22:02;p22:10;p22:09;p22:05;p22:00;p22:12,1
3,29,30,head_motion,POP,,p20:15;p13:13;p13:06;p20:13;p20:00;p23:05;p26:13;p26:01,1
3,29,30,head_motion,MATCH,29,,1
3,29,30,chewing,WRONG,1,p01:14;p01:11;p01:10;p01:12;p01:04;p01:00;p01:06;p01:15,1
3,29,30,chewing,WRONG,21,p21:13;p21:04;p21:11;p21:10;p21:06;p21:03;p21:05;p21:08,1
3,29,30,chewing,WRONG,22,p22:07;p22:03;p22:02;p22:06;p22:00;p22:09;p22:05;p22:12,1
3,29,30,chewing,POP,,p18:15;p18:14;p20:06;p26:15;p20:00;p26:13;p26:01;p20:15,1
3,29,30,chewing,MATCH,29,,1
3,29,30,tongue,WRONG,1,p01:09;p01:02;p01:04;p01:12;p01:10;p01:06;p01:00;p01:15,1
3,29,30,tongue,WRONG,21,p21:03;p21:01;p21:02;p21:13;p21:11;p21:08;p21:06;p21:05,1
3,29,30,tongue,WRONG,22,p22:10;p22:07;p22:02;p22:06;p22:15;p22:05;p22:00;p22:12,1
3,29,30,tongue,POP,,p13:06;p13:13;p23:05;p13:08;p20:00;p20:15;p26:01;p18:14,1
3,29,30,tongue,MATCH,29,,1
3,29,30,swallowing,WRONG,1,p01:12;p01:09;p01:14;p01:04;p01:10;p01:00;p01:06;p01:15,1
3,29,30,swallowing,WRONG,21,p21:11;p21:09;p21:06;p21:14;p21:03;p21:05;p21:13;p21:08,1
3,29,30,swallowing,WRONG,22,p22:08;p22:14;p22:02;p22:10;p22:09;p22:05;p22:00;p22:12,1
3,29,30,swallowing,POP,,p13:06;p20:15;p20:00;p13:13;p23:05;p26:13;p20:13;p26:01,1
3,29,30,swallowing,MATCH,29,,1
3,29,30,facial_emg,WRONG,1,p01:09;p01:12;p01:04;p01:08;p01:10;p01:00;p01:06;p01:15,1
3,29,30,facial_emg,WRONG,21,p21:11;p21:14;p21:09;p21:06;p21:03;p21:05;p21:08;p21:13,1
3,29,30,facial_emg,WRONG,22,p22:08;p22:14;p22:02;p22:09;p22:10;p22:05;p22:00;p22:12,1
3,29,30,facial_emg,POP,,p20:00;p13:06;p20:15;p26:13;p13:13;p23:05;p20:13;p26:01,1
3,29,30,facial_emg,MATCH,29,,1
3,29,31,head_motion,WRONG,1,p01:01;p01:10;p01:07;p01:09;p01:08;p01:03;p01:13;p01:00,1
3,29,31,head_motion,WRONG,21,p21:04;p21:07;p21:02;p21:14;p21:05;p21:12;p21:10;p21:15,1
3,29,31,head_motion,WRONG,22,p22:07;p22:14;p22:09;p22:01;p22:04;p22:00;p22:11;p22:12,1
3,29,31,head_motion,POP,,p18:02;p13:10;p23:13;p26:06;p26:12;p02:00;p23:04;p16:13,1
3,29,31,head_motion,MATCH,29,,1
3,29,31,chewing,WRONG,1,p01:01;p01:09;p01:10;p01:07;p01:08;p01:03;p01:13;p01:00,1
3,29,31,chewing,WRONG,21,p21:04;p21:07;p21:02;p21:14;p21:05;p21:12;p21:10;p21:15,1
3,29,31,chewing,WRONG,22,p22:01;p22:08;p22:14;p22:09;p22:04;p22:11;p22:00;p22:12,1
3,29,31,chewing,POP,,p23:06;p23:13;p02:00;p20:14;p26:12;p20:04;p16:13;p23:04,1
3,29,31,chewing,MATCH,29,,1
3,29,31,tongue,WRONG,1,p01:15;p01:10;p01:07;p01:09;p01:08;p01:13;p01:03;p01:00,1
3,29,31,tongue,WRONG,21,p21:04;p21:02;p21:07;p21:14;p21:12;p21:05;p21:10;p21:15,1
3,29,31,tongue,WRONG,22,p22:09;p22:07;p22:14;p22:01;p22:04;p22:11;p22:12;p22:00,1
3,29,31,tongue,POP,,p18:05;p26:06;p20:07;p26:10;p02:00;p23:13;p16:13;p23:04,1
3,29,31,tongue,MATCH,29,,1
3,29,31,swallowing,WRONG,1,p01:09;p01:01;p01:10;p01:07;p01:08;p01:13;p01:03;p01:00,1
3,29,31,swallowing,WRONG,21,p21:04;p21:02;p21:14;p21:12;p21:05;p21:07;p21:10;p21:15,1
3,29,31,swallowing,WRONG,22,p22:14;p22:09;p22:07;p22:01;p22:00;p22:12;p22:04;p22:11,1
3,29,31,swallowing,POP,,p18:10;p23:13;p02:00;p26:06;p26:09;p23:04;p08:05;p16:13,1
3,29,31,swallowing,MATCH,29,,1
3,29,31,facial_emg,WRONG,1,p01:05;p01:01;p01:10;p01:07;p01:08;p01:13;p01:03;p01:00,1
3,29,31,facial_emg,WRONG,21,p21:04;p21:02;p21:14;p21:07;p21:12;p21:05;p21:10;p21:15,1
3,29,31,facial_emg,WRONG,22,p22:14;p22:07;p22:01;p22:09;p22:00;p22:12;p22:04;p22:11,1
3,29,31,facial_emg,POP,,p08:05;p26:03;p02:07;p26:06;p23:13;p23:04;p02:00;p16:13,1
3,29,31,facial_emg,MATCH,29,,1
3,29,32,head_motion,WRONG,1,p01:12;p01:00;p01:04;p01:03;p01:13;p01:10;p01:06;p01:08,1
3,29,32,head_motion,WRONG,21,p21:12;p21:09;p21:05;p21:11;p21:15;p21:01;p21:06;p21:14,1
3,29,32,head_motion,WRONG,22,p22:07;p22:04;p22:15;p22:09;p22:10;p22:13;p22:01;p22:06,1
3,29,32,head_motion,POP,,p27:11;p06:13;p05:00;p02:12;p27:13;p05:01;p13:02;p13:10,1
3,29,32,head_motion,MATCH,29,p29:06;p29:15;p29:10;p29:14;p29:08;p29:09;p29:02;p29:12,1
3,29,32,chewing,WRONG,1,p01:00;p01:07;p01:13;p01:10;p01:01;p01:02;p01:08;p01:06,1
3,29,32,chewing,WRONG,21,p21:03;p21:11;p21:05;p21:09;p21:14;p21:12;p21:07;p21:06,1
3,29,32,chewing,WRONG,22,p22:15;p22:13;p22:10;p22:04;p22:05;p22:03;p22:01;p22:06,1
3,29,32,chewing,POP,,p27:04;p06:02;p02:06;p26:12;p06:00;p18:08;p30:10;p26:07,1
3,29,32,chewing,MATCH,29,p29:02;p29:15;p29:07;p29:04;p29:06;p29:09;p29:01;p29:12,1
3,29,32,tongue,WRONG,1,p01:04;p01:03;p01:12;p01:00;p01:13;p01:10;p01:08;p01:06,1
3,29,32,tongue,WRONG,21,p21:05;p21:07;p21:09;p21:15;p21:11;p21:01;p21:06;p21:14,1
3,29,32,tongue,WRONG,22,p22:02;p22:07;p22:15;p22:04;p22:10;p22:13;p22:01;p22:06,1
3,29,32,tongue,POP,,p27:13;p27:11;p02:12;p05:01;p30:11;p13:02;p05:15;p13:10,1
3,29,32,tongue,MATCH,29,p29:08;p29:06;p29:15;p29:10;p29:14;p29:02;p29:09;p29:12,1
3,29,32,swallowing,WRONG,1,p01:04;p01:13;p01:05;p01:02;p01:10;p01:06;p01:08;p01:00,1
3,29,32,swallowing,WRONG,21,p21:12;p21:09;p21:01;p21:05;p21:11;p21:06;p21:07;p21:14,1
3,29,32,swallowing,WRONG,22,p22:07;p22:13;p22:15;p22:10;p22:01;p22:03;p22:04;p22:06,1
3,29,32,swallowing,POP,,p26:07;p13:10;p18:08;p27:11;p27:13;p02:06;p27:04;p05:15,1
3,29,32,swallowing,MATCH,29,p29:09;p29:10;p29:01;p29:14;p29:02;p29:06;p29:12;p29:15,1
3,29,32,facial_emg,WRONG,1,p01:07;p01:02;p01:05;p01:06;p01:13;p01:08;p01:10;p01:00,1
3,29,32,facial_emg,WRONG,21,p21:01;p21:12;p21:09;p21:05;p21:11;p21:07;p21:06;p21:14,1
3,29,32,facial_emg,WRONG,22,p22:13;p22:07;p22:10;p22:15;p22:03;p22:01;p22:04;p22:06,1
3,29,32,facial_emg,POP,,p30:11;p26:07;p05:06;p14:03;p13:02;p27:13;p13:10;p05:15,1
3,29,32,facial_emg,MATCH,29,p29:01;p29:10;p29:09;p29:14;p29:06;p29:02;p29:15;p29:12,1
3,29,33,head_motion,WRONG,1,p01:02;p01:14;p01:10;p01:08;p01:09;p01:15;p01:11;p01:01,1
3,29,33,head_motion,WRONG,21,p21:15;p21:11;p21:06;p21:00;p21:02;p21:14;p21:08;p21:05,1
3,29,33,head_motion,WRONG,22,p22:15;p22:11;p22:05;p22:14;p22:09;p22:08;p22:07;p22:12,1
3,29,33,head_motion,POP,,p05:14;p14:13;p18:09;p05:08;p05:03;p16:03;p14:00;p23:10,1
3,29,33,head_motion,MATCH,29,p29:09;p29:07;p29:08;p29:10;p29:13;p29:12;p29:05;p29:06,1
3,29,33,chewing,WRONG,1,p01:13;p01:08;p01:04;p01:00;p01:01;p01:02;p01:07;p01:11,1
3,29,33,chewing,WRONG,21,p21:01;p21:07;p21:05;p21:14;p21:00;p21:06;p21:02;p21:08,1
3,29,33,chewing,WRONG,22,p22:05;p22:09;p22:08;p22:06;p22:03;p22:07;p22:14;p22:12,1
3,29,33,chewing,POP,,p14:14;p23:07;p26:06;p27:11;p06:01;p14:13;p14:11;p23:10,1
3,29,33,chewing,MATCH,29,p29:00;p29:06;p29:01;p29:02;p29:12;p29:15;p29:08;p29:05,1
3,29,33,tongue,WRONG,1,p01:10;p01:11;p01:05;p01:02;p01:01;p01:04;p01:08;p01:15,1
3,29,33,tongue,WRONG,21,p21:15;p21:11;p21:06;p21:02;p21:14;p21:08;p21:00;p21:05,1
3,29,33,tongue,WRONG,22,p22:10;p22:15;p22:05;p22:07;p22:09;p22:14;p22:08;p22:12,1
3,29,33,tongue,POP,,p14:01;p14:13;p05:08;p16:03;p18:09;p05:03;p14:00;p23:10,1
3,29,33,tongue,MATCH,29,p29:14;p29:13;p29:12;p29:10;p29:07;p29:08;p29:06;p29:05,1
3,29,33,swallowing,WRONG,1,p01:06;p01:04;p01:00;p01:08;p01:07;p01:01;p01:02;p01:11,1
3,29,33,swallowing,WRONG,21,p21:15;p21:07;p21:14;p21:05;p21:02;p21:06;p21:00;p21:08,1
3,29,33,swallowing,WRONG,22,p22:15;p22:08;p22:09;p22:06;p22:03;p22:07;p22:14;p22:12,1
3,29,33,swallowing,POP,,p18:09;p14:14;p06:01;p26:06;p27:11;p14:11;p23:10;p14:13,1
3,29,33,swallowing,MATCH,29,p29:00;p29:02;p29:10;p29:06;p29:15;p29:05;p29:12;p29:08,1
3,29,33,facial_emg,WRONG,1,p01:06;p01:00;p01:04;p01:07;p01:08;p01:02;p01:01;p01:11,1
3,29,33,facial_emg,WRONG,21,p21:15;p21:07;p21:02;p21:14;p21:06;p21:05;p21:00;p21:08,1
3,29,33,facial_emg,WRONG,22,p22:08;p22:15;p22:09;p22:06;p22:03;p22:07;p22:14;p22:12,1
3,29,33,facial_emg,POP,,p30:15;p14:14;p18:09;p26:06;p14:11;p27:11;p14:13;p23:10,1
3,29,33,facial_emg,MATCH,29,p29:10;p29:00;p29:02;p29:15;p29:05;p29:08;p29:12;p29:06,1
3,29,34,head_motion,WRONG,1,p01:05;p01:06;p01:15;p01:04;p01:11;p01:01;p01:02;p01:13,1
3,29,34,head_motion,WRONG,21,p21:10;p21:12;p21:08;p21:13;p21:03;p21:04;p21:06;p21:09,1
3,29,34,head_motion,WRONG,22,p22:03;p22:00;p22:14;p22:12;p22:15;p22:06;p22:01;p22:04,1
3,29,34,head_motion,POP,,p27:12;p06:08;p27:11;p30:11;p27:03;p26:07;p30:00;p30:07,1
3,29,34,head_motion,MATCH,29,p29:09;p29:06;p29:01;p29:00;p29:02;p29:11;p29:15;p29:05,1
3,29,34,chewing,WRONG,1,p01:09;p01:07;p01:05;p01:04;p01:06;p01:01;p01:02;p01:13,1
3,29,34,chewing,WRONG,21,p21:12;p21:14;p21:08;p21:04;p21:10;p21:03;p21:09;p21:06,1
3,29,34,chewing,WRONG,22,p22:07;p22:03;p22:15;p22:01;p22:04;p22:14;p22:12;p22:06,1
3,29,34,chewing,POP,,p30:07;p23:11;p27:03;p23:01;p14:15;p30:12;p30:00;p27:11,1
3,29,34,chewing,MATCH,29,p29:03;p29:00;p29:06;p29:11;p29:05;p29:02;p29:14;p29:15,1
3,29,34,tongue,WRONG,1,p01:11;p01:07;p01:06;p01:00;p01:04;p01:01;p01:02;p01:13,1
3,29,34,tongue,WRONG,21,p21:13;p21:12;p21:10;p21:04;p21:03;p21:08;p21:09;p21:06,1
3,29,34,tongue,WRONG,22,p22:13;p22:14;p22:12;p22:15;p22:03;p22:01;p22:06;p22:04,1
3,29,34,tongue,POP,,p30:11;p27:11;p05:06;p06:08;p27:03;p26:07;p30:07;p30:00,1
3,29,34,tongue,MATCH,29,p29:09;p29:02;p29:08;p29:00;p29:01;p29:11;p29:15;p29:05,1
3,29,34,swallowing,WRONG,1,p01:09;p01:04;p01:05;p01:07;p01:06;p01:01;p01:02;p01:13,1
3,29,34,swallowing,WRONG,21,p21:14;p21:12;p21:08;p21:10;p21:04;p21:03;p21:09;p21:06,1
3,29,34,swallowing,WRONG,22,p22:04;p22:07;p22:15;p22:14;p22:03;p22:01;p22:06;p22:12,1
3,29,34,swallowing,POP,,p26:07;p30:07;p14:13;p27:03;p27:11;p05:06;p30:12;p30:00,1
3,29,34,swallowing,MATCH,29,p29:02;p29:00;p29:11;p29:14;p29:06;p29:01;p29:15;p29:05,1
3,29,34,facial_emg,WRONG,1,p01:09;p01:07;p01:05;p01:04;p01:06;p01:01;p01:02;p01:13,1
3,29,34,facial_emg,WRONG,21,p21:14;p21:12;p21:08;p21:10;p21:04;p21:03;p21:09;p21:06,1
3,29,34,facial_emg,WRONG,22,p22:07;p22:03;p22:14;p22:15;p22:04;p22:06;p22:12;p22:01,1
3,29,34,facial_emg,POP,,p27:11;p26:07;p30:07;p14:13;p30:12;p05:06;p27:03;p30:00,1
3,29,34,facial_emg,MATCH,29,p29:03;p29:14;p29:06;p29:11;p29:01;p29:00;p29:15;p29:05,1
3,29,35,head_motion,WRONG,1,p01:02;p01:14;p01:15;p01:08;p01:10;p01:01;p01:11;p01:09,1
3,29,35,head_motion,WRONG,21,p21:14;p21:12;p21:11;p21:09;p21:00;p21:08;p21:02;p21:05,1
3,29,35,head_motion,WRONG,22,p22:11;p22:05;p22:09;p22:14;p22:15;p22:07;p22:08;p22:12,1
3,29,35,head_motion,POP,,p06:01;p13:08;p14:00;p23:10;p30:15;p14:14;p05:14;p14:13,1
3,29,35,head_motion,MATCH,29,p29:10;p29:13;p29:07;p29:09;p29:12;p29:01;p29:05;p29:06,1
3,29,35,chewing,WRONG,1,p01:08;p01:10;p01:09;p01:04;p01:07;p01:01;p01:11;p01:13,1
3,29,35,chewing,WRONG,21,p21:10;p21:06;p21:11;p21:05;p21:09;p21:00;p21:02;p21:08,1
3,29,35,chewing,WRONG,22,p22:11;p22:03;p22:09;p22:07;p22:12;p22:14;p22:15;p22:08,1
3,29,35,chewing,POP,,p30:15;p14:14;p26:09;p14:13;p26:06;p05:14;p23:10;p06:01,1
3,29,35,chewing,MATCH,29,p29:14;p29:08;p29:09;p29:15;p29:12;p29:01;p29:06;p29:05,1
3,29,35,tongue,WRONG,1,p01:04;p01:14;p01:15;p01:08;p01:01;p01:10;p01:09;p01:11,1
3,29,35,tongue,WRONG,21,p21:14;p21:15;p21:11;p21:09;p21:08;p21:00;p21:02;p21:05,1
3,29,35,tongue,WRONG,22,p22:11;p22:05;p22:09;p22:15;p22:14;p22:07;p22:08;p22:12,1
3,29,35,tongue,POP,,p14:11;p13:08;p14:00;p30:15;p14:14;p23:10;p05:14;p14:13,1
3,29,35,tongue,MATCH,29,p29:07;p29:13;p29:10;p29:09;p29:01;p29:05;p29:12;p29:06,1
3,29,35,swallowing,WRONG,1,p01:02;p01:07;p01:08;p01:09;p01:10;p01:01;p01:11;p01:13,1
3,29,35,swallowing,WRONG,21,p21:10;p21:06;p21:11;p21:05;p21:09;p21:00;p21:02;p21:08,1
3,29,35,swallowing,WRONG,22,p22:11;p22:07;p22:09;p22:03;p22:14;p22:15;p22:08;p22:12,1
3,29,35,swallowing,POP,,p26:09;p14:14;p05:14;p26:06;p30:15;p14:13;p06:01;p23:10,1
3,29,35,swallowing,MATCH,29,p29:02;p29:14;p29:15;p29:09;p29:01;p29:05;p29:12;p29:06,1
3,29,35,facial_emg,WRONG,1,p01:07;p01:04;p01:08;p01:09;p01:10;p01:01;p01:11;p01:13,1
3,29,35,facial_emg,WRONG,21,p21:10;p21:06;p21:11;p21:05;p21:09;p21:00;p21:02;p21:08,1
3,29,35,facial_emg,WRONG,22,p22:11;p22:09;p22:07;p22:03;p22:14;p22:15;p22:08;p22:12,1
3,29,35,facial_emg,POP,,p26:09;p14:14;p30:15;p05:14;p26:06;p14:13;p06:01;p23:10,1
3,29,35,facial_emg,MATCH,29,p29:02;p29:14;p29:15;p29:09;p29:12;p29:01;p29:05;p29:06,1
3,29,36,head_motion,WRONG,1,p01:12;p01:14;p01:05;p01:02;p01:04;p01:03;p01:10;p01:07,1
3,29,36,head_motion,WRONG,21,p21:09;p21:13;p21:03;p21:01;p21:14;p21:05;p21:06;p21:08,1
3,29,36,head_motion,WRONG,22,p22:05;p22:13;p22:08;p22:04;p22:14;p22:02;p22:15;p22:03,1
3,29,36,head_motion,POP,,p20:08;p13:06;p26:00;p23:09;p18:09;p23:05;p20:04;p08:08,1
3,29,36,head_motion,MATCH,29,,1
3,29,36,chewing,WRONG,1,p01:14;p01:00;p01:05;p01:02;p01:04;p01:10;p01:03;p01:07,1
3,29,36,chewing,WRONG,21,p21:07;p21:02;p21:03;p21:14;p21:01;p21:05;p21:06;p21:08,1
3,29,36,chewing,WRONG,22,p22:11;p22:13;p22:14;p22:02;p22:06;p22:03;p22:15;p22:04,1
3,29,36,chewing,POP,,p06:10;p23:09;p13:13;p23:05;p02:10;p18:09;p08:08;p26:00,1
3,29,36,chewing,MATCH,29,,1
3,29,36,tongue,WRONG,1,p01:15;p01:06;p01:03;p01:02;p01:05;p01:07;p01:04;p01:10,1
3,29,36,tongue,WRONG,21,p21:12;p21:03;p21:13;p21:01;p21:06;p21:14;p21:05;p21:08,1
3,29,36,tongue,WRONG,22,p22:14;p22:04;p22:02;p22:13;p22:03;p22:08;p22:10;p22:15,1
3,29,36,tongue,POP,,p08:08;p20:00;p08:12;p20:04;p18:07;p23:05;p26:02;p23:09,1
3,29,36,tongue,MATCH,29,,1
3,29,36,swallowing,WRONG,1,p01:15;p01:06;p01:02;p01:05;p01:03;p01:10;p01:04;p01:07,1
3,29,36,swallowing,WRONG,21,p21:12;p21:09;p21:13;p21:14;p21:01;p21:06;p21:05;p21:08,1
3,29,36,swallowing,WRONG,22,p22:00;p22:10;p22:05;p22:13;p22:03;p22:02;p22:04;p22:15,1
3,29,36,swallowing,POP,,p08:09;p18:07;p08:12;p26:00;p23:05;p23:09;p20:04;p08:08,1
3,29,36,swallowing,MATCH,29,,1
3,29,36,facial_emg,WRONG,1,p01:15;p01:12;p01:05;p01:02;p01:04;p01:07;p01:03;p01:10,1
3,29,36,facial_emg,WRONG,21,p21:03;p21:09;p21:01;p21:13;p21:14;p21:06;p21:05;p21:08,1
3,29,36,facial_emg,WRONG,22,p22:00;p22:05;p22:13;p22:14;p22:03;p22:04;p22:15;p22:02,1
3,29,36,facial_emg,POP,,p08:12;p20:08;p23:05;p08:09;p23:09;p08:08;p26:02;p20:04,1
3,29,36,facial_emg,MATCH,29,,1
3,29,37,head_motion,WRONG,1,p01:08;p01:03;p01:06;p01:09;p01:13;p01:01;p01:15;p01:00,1
3,29,37,head_motion,WRONG,21,p21:14;p21:06;p21:09;p21:04;p21:03;p21:12;p21:10;p21:08,1
3,29,37,head_motion,WRONG,22,p22:03;p22:10;p22:11;p22:02;p22:07;p22:14;p22:12;p22:05,1
3,29,37,head_motion,POP,,p06:05;p23:07;p02:08;p16:10;p08:06;p26:13;p02:01;p26:02,1
3,29,37,head_motion,MATCH,29,,1
3,29,37,chewing,WRONG,1,p01:08;p01:03;p01:01;p01:06;p01:13;p01:09;p01:00;p01:15,1
3,29,37,chewing,WRONG,21,p21:09;p21:06;p21:04;p21:15;p21:03;p21:12;p21:10;p21:08,1
3,29,37,chewing,WRONG,22,p22:08;p22:10;p22:02;p22:11;p22:14;p22:07;p22:12;p22:05,1
3,29,37,chewing,POP,,p20:04;p26:00;p08:06;p02:08;p16:10;p26:02;p02:01;p26:13,1
3,29,37,chewing,MATCH,29,,1
3,29,37,tongue,WRONG,1,p01:12;p01:00;p01:08;p01:06;p01:01;p01:13;p01:09;p01:15,1
3,29,37,tongue,WRONG,21,p21:07;p21:06;p21:09;p21:03;p21:04;p21:12;p21:08;p21:10,1
3,29,37,tongue,WRONG,22,p22:10;p22:02;p22:00;p22:11;p22:14;p22:07;p22:12;p22:05,1
3,29,37,tongue,POP,,p13:06;p08:06;p26:02;p26:04;p26:10;p02:01;p06:05;p20:10,1
3,29,37,tongue,MATCH,29,,1
3,29,37,swallowing,WRONG,1,p01:04;p01:00;p01:09;p01:08;p01:13;p01:06;p01:01;p01:15,1
3,29,37,swallowing,WRONG,21,p21:05;p21:09;p21:06;p21:03;p21:04;p21:12;p21:08;p21:10,1
3,29,37,swallowing,WRONG,22,p22:10;p22:00;p22:08;p22:11;p22:07;p22:14;p22:12;p22:05,1
3,29,37,swallowing,POP,,p26:02;p13:09;p08:06;p02:08;p26:10;p26:13;p02:01;p20:10,1
3,29,37,swallowing,MATCH,29,,1
3,29,37,facial_emg,WRONG,1,p01:12;p01:08;p01:06;p01:01;p01:00;p01:09;p01:13;p01:15,1
3,29,37,facial_emg,WRONG,21,p21:14;p21:09;p21:06;p21:03;p21:04;p21:12;p21:10;p21:08,1
3,29,37,facial_emg,WRONG,22,p22:09;p22:10;p22:02;p22:14;p22:11;p22:07;p22:12;p22:05,1
3,29,37,facial_emg,POP,,p13:09;p06:05;p26:10;p02:01;p08:06;p20:10;p26:13;p26:02,1
3,29,37,facial_emg,MATCH,29,,1
3,29,38,head_motion,WRONG,1,p01:12;p01:13;p01:14;p01:05;p01:11;p01:08;p01:03;p01:00,1
3,29,38,head_motion,WRONG,21,p21:08;p21:10;p21:09;p21:04;p21:05;p21:12;p21:15;p21:07,1
3,29,38,head_motion,WRONG,22,p22:01;p22:10;p22:14;p22:07;p22:08;p22:09;p22:05;p22:03,1
3,29,38,head_motion,POP,,p18:13;p13:02;p06:05;p18:15;p13:09;p06:04;p16:00;p23:07,1
3,29,38,head_motion,MATCH,29,,1
3,29,38,chewing,WRONG,1,p01:13;p01:12;p01:15;p01:05;p01:03;p01:11;p01:08;p01:00,1
3,29,38,chewing,WRONG,21,p21:10;p21:14;p21:09;p21:12;p21:04;p21:05;p21:07;p21:15,1
3,29,38,chewing,WRONG,22,p22:10;p22:14;p22:07;p22:09;p22:08;p22:01;p22:05;p22:03,1
3,29,38,chewing,POP,,p18:13;p18:15;p23:08;p06:05;p23:07;p06:04;p16:00;p13:09,1
3,29,38,chewing,MATCH,29,,1
3,29,38,tongue,WRONG,1,p01:13;p01:06;p01:09;p01:15;p01:14;p01:08;p01:03;p01:11,1
3,29,38,tongue,WRONG,21,p21:08;p21:09;p21:04;p21:10;p21:05;p21:12;p21:15;p21:07,1
3,29,38,tongue,WRONG,22,p22:02;p22:01;p22:09;p22:05;p22:07;p22:14;p22:08;p22:03,1
3,29,38,tongue,POP,,p18:15;p13:09;p23:14;p26:09;p06:04;p16:00;p23:07;p20:12,1
3,29,38,tongue,MATCH,29,,1
3,29,38,swallowing,WRONG,1,p01:15;p01:13;p01:05;p01:06;p01:08;p01:11;p01:03;p01:00,1
3,29,38,swallowing,WRONG,21,p21:08;p21:10;p21:09;p21:04;p21:12;p21:05;p21:15;p21:07,1
3,29,38,swallowing,WRONG,22,p22:09;p22:02;p22:14;p22:07;p22:05;p22:01;p22:08;p22:03,1
3,29,38,swallowing,POP,,p26:09;p18:15;p13:02;p06:04;p06:05;p23:07;p16:00;p13:09,1
3,29,38,swallowing,MATCH,29,,1
3,29,38,facial_emg,WRONG,1,p01:12;p01:06;p01:11;p01:05;p01:14;p01:08;p01:03;p01:00,1
3,29,38,facial_emg,WRONG,21,p21:00;p21:14;p21:04;p21:12;p21:09;p21:15;p21:05;p21:07,1
3,29,38,facial_emg,WRONG,22,p22:10;p22:09;p22:14;p22:08;p22:07;p22:01;p22:05;p22:03,1
3,29,38,facial_emg,POP,,p06:04;p23:14;p13:02;p18:15;p06:05;p16:00;p23:07;p13:09,1
3,29,38,facial_emg,MATCH,29,,1
3,29,39,head_motion,WRONG,1,p01:03;p01:09;p01:10;p01:02;p01:08;p01:12;p01:06;p01:00,1
3,29,39,head_motion,WRONG,21,p21:08;p21:13;p21:14;p21:12;p21:04;p21:01;p21:02;p21:07,1
3,29,39,head_motion,WRONG,22,p22:12;p22:08;p22:14;p22:05;p22:04;p22:00;p22:01;p22:03,1
3,29,39,head_motion,POP,,p13:04;p18:06;p02:12;p20:07;p23:14;p02:02;p23:04;p20:02,1
3,29,39,head_motion,MATCH,29,,1
3,29,39,chewing,WRONG,1,p01:01;p01:02;p01:03;p01:10;p01:12;p01:06;p01:08;p01:00,1
3,29,39,chewing,WRONG,21,p21:13;p21:15;p21:08;p21:14;p21:02;p21:12;p21:04;p21:07,1
3,29,39,chewing,WRONG,22,p22:09;p22:00;p22:01;p22:08;p22:14;p22:05;p22:04;p22:03,1
3,29,39,chewing,POP,,p13:04;p26:06;p26:13;p23:10;p20:02;p23:08;p23:14;p23:04,1
3,29,39,chewing,MATCH,29,,1
3,29,39,tongue,WRONG,1,p01:12;p01:02;p01:10;p01:15;p01:01;p01:06;p01:08;p01:00,1
3,29,39,tongue,WRONG,21,p21:05;p21:04;p21:01;p21:07;p21:14;p21:08;p21:13;p21:12,1
3,29,39,tongue,WRONG,22,p22:09;p22:01;p22:08;p22:05;p22:00;p22:04;p22:14;p22:03,1
3,29,39,tongue,POP,,p13:04;p23:10;p23:08;p18:06;p23:04;p23:14;p02:02;p20:02,1
3,29,39,tongue,MATCH,29,,1
3,29,39,swallowing,WRONG,1,p01:03;p01:12;p01:15;p01:01;p01:10;p01:06;p01:08;p01:00,1
3,29,39,swallowing,WRONG,21,p21:00;p21:01;p21:07;p21:04;p21:08;p21:14;p21:13;p21:12,1
3,29,39,swallowing,WRONG,22,p22:09;p22:01;p22:08;p22:05;p22:14;p22:00;p22:04;p22:03,1
3,29,39,swallowing,POP,,p26:13;p18:06;p23:04;p23:14;p23:10;p23:08;p02:02;p20:02,1
3,29,39,swallowing,MATCH,29,,1
3,29,39,facial_emg,WRONG,1,p01:11;p01:02;p01:12;p01:03;p01:10;p01:06;p01:08;p01:00,1
3,29,39,facial_emg,WRONG,21,p21:05;p21:01;p21:08;p21:07;p21:04;p21:14;p21:13;p21:12,1
3,29,39,facial_emg,WRONG,22,p22:01;p22:09;p22:08;p22:05;p22:00;p22:14;p22:04;p22:03,1
3,29,39,facial_emg,POP,,p20:07;p26:13;p23:14;p23:10;p23:04;p02:02;p23:08;p20:02,1
3,29,39,facial_emg,MATCH,29,,1
