aggregate_across_seeds,artifact_attenuation,artifact_normalized_parallel_error,calibration_duration_axis_complete,calibration_id,calibration_seconds,clean_interval_preservation,correlation,d_perp_y,delta_snr_db,e_parallel,e_perp,failure_reason,fallback_method_id,fallback_used,function_evaluations,latency_seconds,method_id,network_calls_total,operator_source,overlap_fraction,p0_bootstrap_median_distance,p0_bootstrap_q90_distance,p0_bootstrap_success_rate,p0_eligible,p0_movement_coverage,p0_rank,p0_reference_condition,p0_reference_rank,p0_ridge_lambda,p0_singular_ratio,p0_singular_values,partition,peak_memory_mb,projector_distance,projector_max_angle_degrees,projector_overlap_fraction,psd_distortion,query_clean_target_used_by_method,records_are_participants,rrmse,sampler_candidate,seed,source_record,status,time_rrmse,trust_radius
True,0.0,1.0,False,,10.0,1.0,0.9035943565721245,0.0,0.0,1.4229371256319332,6.081813152612064e-08,,,False,0,0.0007064749952405691,corrupted_identity,0,corrupted_identity,0.3842936070415334,,,,,,,,,,,,development,0.0,,,,0.8312554609599545,False,False,0.8820989203375275,deterministic,-1,35,success,0.8820989203375275,0.1
True,6.3553048575071935,0.7027717402171904,False,,10.0,0.27415993223480895,0.9185913571299826,8.722411417069547e-16,3.0637142125869854,1.0000000000000004,6.08181315241958e-08,,,False,0,0.0001383479975629598,oracle_orthogonal_subtraction,0,oracle_orthogonal_subtraction,0.3842936070415334,,,,,,,,,,,,development,0.0,0.0,0.0,1.0,0.40207368404006577,True,False,0.6199141932893097,deterministic,-1,35,success,0.6199141932893097,0.1
False,-1.525861482138574,1.6772534881981338,False,population_projector_Pi0,10.0,-1.7919109087448812,0.056281764679943024,3.7177377478582967,-11.383070651304807,2.3866262574527863,3.7177377476362343,,,False,100,7.735689582012128,population_only__M0__trust_0p1,200,population_only,0.3842936070415334,,,,,,,,,,,,development,1306.6484375,0.02518824693249674,1.872808739327613,0.9993655522164683,6.561321958561543,False,False,3.270926784282555,M0,20260801,35,success,3.270926784282555,0.1
False,-1.380299060837598,1.7261421437401647,False,population_projector_Pi0,10.0,-1.6083847990452118,0.012057769771549261,3.236225298646031,-10.518057441126263,2.4561917404457736,3.236225298226863,,,False,100,5.64027910400182,population_only__M0__trust_0p1,200,population_only,0.3842936070415334,,,,,,,,,,,,development,1314.7734375,0.02518824693249674,1.872808739327613,0.9993655522164683,5.025249315347707,False,False,2.9608756102734346,M0,20260802,35,success,2.9608756102734346,0.1
False,-1.8281659010586393,1.9534451076915658,False,population_projector_Pi0,10.0,-1.7554116312110883,-0.03351024832027214,3.312189933897481,-10.96803810622857,2.7796295666183988,3.3121899338128284,,,False,100,6.411096271011047,population_only__M0__trust_0p1,200,population_only,0.3842936070415334,,,,,,,,,,,,development,1314.7734375,0.02518824693249674,1.872808739327613,0.9993655522164683,6.67686573138963,False,False,3.118309342201258,M0,20260803,35,success,3.118309342201258,0.1
False,-3.739336379796383,2.2213404085740502,False,population_projector_Pi0,10.0,-2.112915968587632,0.012009850220269305,3.862239552968296,-12.237044738353111,3.1608277360264236,3.862239552736698,,,False,100,6.323646815988468,population_only__M0__trust_0p1,200,population_only,0.3842936070415334,,,,,,,,,,,,development,1314.7734375,0.02518824693249674,1.872808739327613,0.9993655522164683,6.837805978467545,False,False,3.608855785417109,M0,20260804,35,success,3.608855785417109,0.1
False,-2.361489560759621,1.8107654328778455,False,population_projector_Pi0,10.0,-1.65921141047974,0.048203633703865385,3.4466481339887993,-11.030843990648478,2.576605360252865,3.44664813401495,,,False,100,5.472109666006872,population_only__M0__trust_0p1,200,population_only,0.3842936070415334,,,,,,,,,,,,development,1314.7734375,0.02518824693249674,1.872808739327613,0.9993655522164683,5.570512426336694,False,False,3.1409389130361096,M0,20260805,35,success,3.1409389130361096,0.1
True,2.620609164568295,1.0530130779384441,False,population_projector_Pi0,10.0,-0.7193303125333015,0.03985236432530064,2.124861529819112,-6.703913172372581,1.4983714023745647,2.1248615297813958,,,False,500,31.582821439020336,population_only__M0__trust_0p1,1000,population_only,0.3842936070415334,,,,,,,,,,,,development,1314.7734375,0.02518824693249674,1.872808739327613,0.9993655522164683,1.4909915192682235,False,False,1.9085913408618709,M0,-1,35,success,1.9085913408618709,0.1
False,-1.52741167250336,1.6774018346338326,False,sim35_paired_query_upper_bound,10.0,-1.7920394098599641,0.056277510142340455,3.717897706902069,-11.383525073948903,2.386837345103597,3.7178977066800605,,,False,100,5.408630894991802,oracle_projector__M0__trust_0p1,200,oracle_projector,0.3842936070415334,,,,,,2,,,,,,development,1332.59375,0.0,0.0,1.0,6.562019820838635,True,False,3.271097914948771,M0,20260801,35,success,3.271097914948771,0.1
False,-1.3818063107446807,1.726273451684303,False,sim35_paired_query_upper_bound,10.0,-1.6082744447229125,0.012049418513430851,3.2361365669092383,-10.518057011374323,2.456378583394378,3.236136566490129,,,False,100,5.428879544022493,oracle_projector__M0__trust_0p1,200,oracle_projector,0.3842936070415334,,,,,,2,,,,,,development,1332.59375,0.0,0.0,1.0,5.026730957717812,True,False,2.960875463778135,M0,20260802,35,success,2.960875463778135,0.1
False,-1.8299633166167826,1.9535606951091549,False,sim35_paired_query_upper_bound,10.0,-1.7553693716147007,-0.03351417702624753,3.3121295836432947,-10.968085110498574,2.7797940402461423,3.3121295835587152,,,False,100,5.310639788018307,oracle_projector__M0__trust_0p1,200,oracle_projector,0.3842936070415334,,,,,,2,,,,,,development,1332.59375,0.0,0.0,1.0,6.6786355617716,True,False,3.1183262171855115,M0,20260803,35,success,3.1183262171855115,0.1
False,-3.740936428240964,2.221720400487792,False,sim35_paired_query_upper_bound,10.0,-2.113060130677019,0.011992103560490207,3.86224464230744,-12.237490849732646,3.1613684406279265,3.8622446420759013,,,False,100,5.333111393003492,oracle_projector__M0__trust_0p1,200,oracle_projector,0.3842936070415334,,,,,,2,,,,,,development,1332.59375,0.0,0.0,1.0,6.8385809688267765,True,False,3.6090411427086133,M0,20260804,35,success,3.6090411427086133,0.1
False,-2.362288221400208,1.8108462708607067,False,sim35_paired_query_upper_bound,10.0,-1.6591669862383913,0.048205045650670665,3.4465387419471045,-11.030739887077626,2.5767203876198392,3.4465387419734808,,,False,100,5.521357533027185,oracle_projector__M0__trust_0p1,200,oracle_projector,0.3842936070415334,,,,,,2,,,,,,development,1332.59375,0.0,0.0,1.0,5.571526355246312,True,False,3.1409012679576196,M0,20260805,35,success,3.1409012679576196,0.1
True,2.6199791522238587,1.0529939270969364,False,sim35_paired_query_upper_bound,10.0,-0.7192442379227104,0.03984013683394256,2.1247919965049697,-6.703658840886067,1.4983441519311962,2.124791996467414,,,False,500,27.00261915306328,oracle_projector__M0__trust_0p1,1000,oracle_projector,0.3842936070415334,,,,,,2,,,,,,development,1332.59375,0.0,0.0,1.0,1.491322966719614,True,False,1.9085354562275445,M0,-1,35,success,1.9085354562275445,0.1
False,0.5508565319143468,0.9489634804069512,False,population_projector_Pi0,10.0,0.767093754780124,0.8392443719681256,0.32309668129417085,0.07386287057655778,1.3503153671399426,0.3230966815176512,,,False,50,3.147626868012594,population_only__M1__trust_0p1,100,population_only,0.3842936070415334,,,,,,,,,,,,development,1314.7734375,0.02518824693249674,1.872808739327613,0.9993655522164683,0.8382668948451552,False,False,0.8746295515549248,M1,20260801,35,success,0.8746295515549248,0.1
False,0.5782972020222398,0.9434383386946685,False,population_projector_Pi0,10.0,0.7654532164604775,0.8379787544347764,0.32127324323549283,0.12445128521185272,1.3424534378731579,0.32127324307115274,,,False,50,2.740833441988798,population_only__M1__trust_0p1,100,population_only,0.3842936070415334,,,,,,,,,,,,development,1314.7734375,0.02518824693249674,1.872808739327613,0.9993655522164683,0.8345768863109241,False,False,0.8695503340247777,M1,20260802,35,success,0.8695503340247777,0.1
False,0.6023835571974707,0.9398662634780505,False,population_projector_Pi0,10.0,0.7670125807808597,0.8401259168366971,0.3188913415642701,0.16005490073541348,1.3373705994318823,0.31889134150130527,,,False,50,2.742947393999202,population_only__M1__trust_0p1,100,population_only,0.3842936070415334,,,,,,,,,,,,development,1314.7734375,0.02518824693249674,1.872808739327613,0.9993655522164683,0.8274585864535786,False,False,0.8659933268968688,M1,20260803,35,success,0.8659933268968688,0.1
False,0.5826668098109115,0.9431615878275679,False,population_projector_Pi0,10.0,0.7676831154320358,0.8398843467845098,0.31945394186125786,0.13091190000847763,1.3420596387898096,0.31945394201861643,,,False,50,2.746019382000668,population_only__M1__trust_0p1,100,population_only,0.3842936070415334,,,,,,,,,,,,development,1314.7734375,0.02518824693249674,1.872808739327613,0.9993655522164683,0.823018562159136,False,False,0.8689037979508412,M1,20260804,35,success,0.8689037979508412,0.1
False,0.5474715115049668,0.9445189927150561,False,population_projector_Pi0,10.0,0.7669707705543455,0.843049034619255,0.3190436390272524,0.12038384341769767,1.3439911405987308,0.3190436389793275,,,False,50,2.7127804459887557,population_only__M1__trust_0p1,100,population_only,0.3842936070415334,,,,,,,,,,,,development,1314.7734375,0.02518824693249674,1.872808739327613,0.9993655522164683,0.8518819765012138,False,False,0.8699576237518094,M1,20260805,35,success,0.8699576237518094,0.1
True,0.5953116724507982,0.9381988885353176,False,population_projector_Pi0,10.0,0.8551314331806283,0.8743265433889456,0.20228573201644098,0.3972114729762044,1.3349980297235193,0.20228573207250342,,,False,250,14.090207531990018,population_only__M1__trust_0p1,500,population_only,0.3842936070415334,,,,,,,,,,,,development,1314.7734375,0.02518824693249674,1.872808739327613,0.9993655522164683,0.8218571414726316,False,False,0.8426684167817612,M1,-1,35,success,0.8426684167817612,0.1
False,0.5508566763894833,0.9489634715015329,False,sim35_paired_query_upper_bound,10.0,0.7670937555529524,0.8392443720683055,0.32309668213556736,0.07386294333885908,1.3503153544680921,0.32309668235904776,,,False,50,2.829617960989708,oracle_projector__M1__trust_0p1,100,oracle_projector,0.3842936070415334,,,,,,2,,,,,,development,1332.59375,0.0,0.0,1.0,0.8382668927047916,True,False,0.8746295442280924,M1,20260801,35,success,0.8746295442280924,0.1
False,0.5782971459856898,0.9434383444721544,False,sim35_paired_query_upper_bound,10.0,0.7654532161638842,0.837978754279238,0.32127324728243434,0.12445122729531939,1.342453446094157,0.3212732471180939,,,False,50,3.186116352007957,oracle_projector__M1__trust_0p1,100,oracle_projector,0.3842936070415334,,,,,,2,,,,,,development,1332.59375,0.0,0.0,1.0,0.8345768937871292,True,False,0.8695503398228411,M1,20260802,35,success,0.8695503398228411,0.1
False,0.6023837133042325,0.9398662538343027,False,sim35_paired_query_upper_bound,10.0,0.7670125825631942,0.8401259190769992,0.31889134220379733,0.1600549809640983,1.3373705857094358,0.31889134214083187,,,False,50,2.825546537991613,oracle_projector__M1__trust_0p1,100,oracle_projector,0.3842936070415334,,,,,,2,,,,,,development,1332.59375,0.0,0.0,1.0,0.8274585786107196,True,False,0.8659933188979756,M1,20260803,35,success,0.8659933188979756,0.1
False,0.5826668577665425,0.9431615857396433,False,sim35_paired_query_upper_bound,10.0,0.7676831153444494,0.8398843491170093,0.3194539422038245,0.13091191686144293,1.3420596358188241,0.3194539423611828,,,False,50,2.832517975999508,oracle_projector__M1__trust_0p1,100,oracle_projector,0.3842936070415334,,,,,,2,,,,,,development,1332.59375,0.0,0.0,1.0,0.8230185674954915,True,False,0.8689037962649336,M1,20260804,35,success,0.8689037962649336,0.1
False,0.5474714835641596,0.9445189950766907,False,sim35_paired_query_upper_bound,10.0,0.7669707691946235,0.8430490348433811,0.31904363920344847,0.12038382310107643,1.3439911439591883,0.3190436391555236,,,False,50,2.7052828960004263,oracle_projector__M1__trust_0p1,100,oracle_projector,0.3842936070415334,,,,,,2,,,,,,development,1332.59375,0.0,0.0,1.0,0.8518819742271407,True,False,0.8699576257866727,M1,20260805,35,success,0.8699576257866727,0.1
True,0.595311727206562,0.9381988862984278,False,sim35_paired_query_upper_bound,10.0,0.8551314330672294,0.8743265446059585,0.20228573342253267,0.39721149080849477,1.3349980265405659,0.20228573347859446,,,False,250,14.379081722989213,oracle_projector__M1__trust_0p1,500,oracle_projector,0.3842936070415334,,,,,,2,,,,,,development,1332.59375,0.0,0.0,1.0,0.821857141152442,True,False,0.8426684150517475,M1,-1,35,success,0.8426684150517475,0.1
False,-1.4991009073536523,1.6730358237243157,False,population_projector_Pi0,10.0,-0.2848530155756466,0.6668794323969763,0.041634923844121756,-4.472232564226154,2.3806247860895318,0.041634923623961796,,,False,100,5.374555260990746,population_only__M2__trust_0p1,200,population_only,0.3842936070415334,,,,,,,,,,,,development,1314.7734375,0.02518824693249674,1.872808739327613,0.9993655522164683,0.6848969325050475,False,False,1.476144656379165,M2,20260801,35,success,1.476144656379165,0.1
False,-1.3699771168118215,1.726586389164885,False,population_projector_Pi0,10.0,-0.3887324737284481,0.6577728428768673,0.04275051287242328,-4.74587257892511,2.4568238737535,0.04275051278223387,,,False,100,5.3329386209952645,population_only__M2__trust_0p1,200,population_only,0.3842936070415334,,,,,,,,,,,,development,1314.7734375,0.02518824693249674,1.872808739327613,0.9993655522164683,0.8762688947902315,False,False,1.5233893652290265,M2,20260802,35,success,1.5233893652290265,0.1
False,-1.8114517814066002,1.951397733851044,False,population_projector_Pi0,10.0,-0.6158353292831253,0.5682430934871475,0.04633290059393087,-5.808852856211435,2.776716282370673,0.04633290052459903,,,False,100,5.353802656987682,population_only__M2__trust_0p1,200,population_only,0.3842936070415334,,,,,,,,,,,,development,1314.7734375,0.02518824693249674,1.872808739327613,0.9993655522164683,0.9774228325785915,False,False,1.721709728008885,M2,20260803,35,success,1.721709728008885,0.1
False,-3.723841746537639,2.2140245293486633,False,population_projector_Pi0,10.0,-0.6687055303739686,0.5563665179819125,0.04775423807275342,-6.90524702553153,3.1504176998699807,0.047754238133458575,,,False,100,5.538406552019296,population_only__M2__trust_0p1,200,population_only,0.3842936070415334,,,,,,,,,,,,development,1314.7734375,0.02518824693249674,1.872808739327613,0.9993655522164683,0.7284900647969266,False,False,1.9533480881154683,M2,20260804,35,success,1.9533480881154683,0.1
False,-2.3594097624801407,1.8098101297365314,False,population_projector_Pi0,10.0,-0.4373396735902697,0.6394550482846315,0.04224035670826199,-5.154531919095565,2.5752460239468564,0.042240356476223775,,,False,100,5.662800810998306,population_only__M2__trust_0p1,200,population_only,0.3842936070415334,,,,,,,,,,,,development,1314.7734375,0.02518824693249674,1.872808739327613,0.9993655522164683,0.7900327984566747,False,False,1.5967755957364111,M2,20260805,35,success,1.5967755957364111,0.1
True,2.6084445330480035,1.0548473783924435,False,population_projector_Pi0,10.0,0.06143726018849871,0.8006008435638431,0.033023804817517675,-0.4671594555627907,1.5009814965901238,0.0330238046792944,,,False,500,27.262503901991295,population_only__M2__trust_0p1,1000,population_only,0.3842936070415334,,,,,,,,,,,,development,1314.7734375,0.02518824693249674,1.872808739327613,0.9993655522164683,0.4031480157043335,False,False,0.9308404839683757,M2,-1,35,success,0.9308404839683757,0.1
False,-1.5274117788934554,1.6774018492939244,False,sim35_paired_query_upper_bound,10.0,-0.28785296857154674,0.6586872059090062,2.251060712296509e-07,-4.4927423496119765,2.386837365963986,2.330675381343281e-07,,,False,100,5.582345545000862,oracle_projector__M2__trust_0p1,200,oracle_projector,0.3842936070415334,,,,,,2,,,,,,development,1332.59375,0.0,0.0,1.0,0.7044874035206942,True,False,1.4796343602343518,M2,20260801,35,success,1.4796343602343518,0.1
False,-1.3818063860477903,1.7262734633800638,False,sim35_paired_query_upper_bound,10.0,-0.38705593278754513,0.6491914275810382,2.191656909358854e-07,-4.742191890499763,2.4563786000367105,2.2645350920932155e-07,,,False,100,5.569572754000546,oracle_projector__M2__trust_0p1,200,oracle_projector,0.3842936070415334,,,,,,2,,,,,,development,1332.59375,0.0,0.0,1.0,0.8995892628459697,True,False,1.5227439582548865,M2,20260802,35,success,1.5227439582548865,0.1
False,-1.8299633942472802,1.9535607117787643,False,sim35_paired_query_upper_bound,10.0,-0.6177519405115348,0.5606539146362055,2.3369068454056278e-07,-5.816538251126958,2.7797940639659484,2.4184796491443987e-07,,,False,100,5.415679138008272,oracle_projector__M2__trust_0p1,200,oracle_projector,0.3842936070415334,,,,,,2,,,,,,development,1332.59375,0.0,0.0,1.0,1.004440758078885,True,False,1.7232337946738672,M2,20260803,35,success,1.7232337946738672,0.1
False,-3.7409364759368415,2.221720410596901,False,sim35_paired_query_upper_bound,10.0,-0.6740834516767342,0.5493055329305452,2.5035080109362357e-07,-6.933788096823631,3.161368455012553,2.5806307268194215e-07,,,False,100,5.394325941975694,oracle_projector__M2__trust_0p1,200,oracle_projector,0.3842936070415334,,,,,,2,,,,,,development,1332.59375,0.0,0.0,1.0,0.7546309979086793,True,False,1.9597771754793818,M2,20260804,35,success,1.9597771754793818,0.1
False,-2.362288269142476,1.8108462865672212,False,sim35_paired_query_upper_bound,10.0,-0.43776832092481244,0.632218605394823,2.268683558488342e-07,-5.157631737049905,2.576720409969222,2.3528356207260582e-07,,,False,100,5.312445068004308,oracle_projector__M2__trust_0p1,200,oracle_projector,0.3842936070415334,,,,,,2,,,,,,development,1332.59375,0.0,0.0,1.0,0.8131669823972862,True,False,1.5973455542781747,M2,20260805,35,success,1.5973455542781747,0.1
True,2.6199790545568984,1.0529939361828966,False,sim35_paired_query_upper_bound,10.0,0.06277166194712558,0.7969788771964815,1.252123939721861e-07,-0.4485174049084462,1.4983441648599463,1.3922226810875365e-07,,,False,500,27.274368446989683,oracle_projector__M2__trust_0p1,1000,oracle_projector,0.3842936070415334,,,,,,2,,,,,,development,1332.59375,0.0,0.0,1.0,0.4125491507107877,True,False,0.9288448142289011,M2,-1,35,success,0.9288448142289011,0.1
False,-6.660577328185316,3.3912366915951564,False,population_projector_Pi0,10.0,-1.5740456992284586,0.7712845252243317,0.05925465204918068,-10.608211107310996,4.825516590275959,0.05925465204623208,,,False,100,6.111564132996136,population_only__M3__trust_0p1,200,population_only,0.3842936070415334,,,,,,,,,,,,development,1314.7734375,0.02518824693249674,1.872808739327613,0.9993655522164683,7.0517708638368575,False,False,2.9917675400636154,M3,20260801,35,success,2.9917675400636154,0.1
False,-7.175671855621784,3.4244365059754482,False,population_projector_Pi0,10.0,-1.5758027226862286,0.7452361821186415,0.061330925556541994,-10.692884534676413,4.872757838721765,0.061330925650444644,,,False,100,6.395655158004956,population_only__M3__trust_0p1,200,population_only,0.3842936070415334,,,,,,,,,,,,development,1314.7734375,0.02518824693249674,1.872808739327613,0.9993655522164683,6.260933744493198,False,False,3.02107507109576,M3,20260802,35,success,3.02107507109576,0.1
False,-6.0499032725911555,3.36830158098741,False,population_projector_Pi0,10.0,-1.6813992184332465,0.7510402270955073,0.06107252519162669,-10.549349014099194,4.792881369911721,0.06107252531656956,,,False,100,6.36034718900919,population_only__M3__trust_0p1,200,population_only,0.3842936070415334,,,,,,,,,,,,development,1314.7734375,0.02518824693249674,1.872808739327613,0.9993655522164683,4.721403334855151,False,False,2.971561625156323,M3,20260803,35,success,2.971561625156323,0.1
False,-7.273714731333868,3.2422250665118004,False,population_projector_Pi0,10.0,-1.3333547675669628,0.7506130743706576,0.05880514815810629,-10.217993527816148,4.613482416794105,0.05880514847819387,,,False,100,6.400077487982344,population_only__M3__trust_0p1,200,population_only,0.3842936070415334,,,,,,,,,,,,development,1314.7734375,0.02518824693249674,1.872808739327613,0.9993655522164683,6.9421898058338805,False,False,2.860335438624039,M3,20260804,35,success,2.860335438624039,0.1
False,-7.969579677658838,3.7929380965462154,False,population_projector_Pi0,10.0,-1.8877625275614367,0.745567119550491,0.06572581040012607,-11.580546887395366,5.397112432799328,0.0657258106576387,,,False,100,5.642564495006809,population_only__M3__trust_0p1,200,population_only,0.3842936070415334,,,,,,,,,,,,development,1314.7734375,0.02518824693249674,1.872808739327613,0.9993655522164683,7.5328562190026584,False,False,3.3461440628915025,M3,20260805,35,success,3.3461440628915025,0.1
True,-5.758692758214844,2.9085268865163965,False,population_projector_Pi0,10.0,-1.1957446321182927,0.8541050106450839,0.05318486523076793,-9.274610591891378,4.138650887722838,0.053184865416157336,,,False,500,30.910208462999435,population_only__M3__trust_0p1,1000,population_only,0.3842936070415334,,,,,,,,,,,,development,1314.7734375,0.02518824693249674,1.872808739327613,0.9993655522164683,5.206067353193621,False,False,2.565947817663675,M3,-1,35,success,2.565947817663675,0.1
False,-6.575517201932451,3.3879321325485896,False,sim35_paired_query_upper_bound,10.0,-1.5852824722116754,0.7660378310845964,3.1431862134559124e-07,-10.598694038162398,4.820814410524756,3.199750083818162e-07,,,False,100,5.537415324011818,oracle_projector__M3__trust_0p1,200,oracle_projector,0.3842936070415334,,,,,,2,,,,,,development,1332.59375,0.0,0.0,1.0,7.008546662483127,True,False,2.988491276297934,M3,20260801,35,success,2.988491276297934,0.1
False,-7.1361169819312975,3.4278715720258104,False,sim35_paired_query_upper_bound,10.0,-1.5905090681397254,0.7388920828296748,3.171247877103787e-07,-10.700490847255795,4.877645721733823,3.2271720964865726e-07,,,False,100,5.550733953015879,oracle_projector__M3__trust_0p1,200,oracle_projector,0.3842936070415334,,,,,,2,,,,,,development,1332.59375,0.0,0.0,1.0,6.272537517901244,True,False,3.0237218127396757,M3,20260802,35,success,3.0237218127396757,0.1
False,-5.956889351877045,3.3817496840804417,False,sim35_paired_query_upper_bound,10.0,-1.7103009621548124,0.74215085849898,3.157091906481772e-07,-10.58282916253864,4.812017175072122,3.2191648379352975e-07,,,False,100,6.24335337697994,oracle_projector__M3__trust_0p1,200,oracle_projector,0.3842936070415334,,,,,,2,,,,,,development,1332.59375,0.0,0.0,1.0,4.713785886831802,True,False,2.9830377451791383,M3,20260803,35,success,2.9830377451791383,0.1
False,-7.171036883111342,3.2273489005632463,False,sim35_paired_query_upper_bound,10.0,-1.3378836061758168,0.7461755215755916,3.013544799762925e-07,-10.17691836849665,4.592314567978845,3.076551869731834e-07,,,False,100,5.494751663005445,oracle_projector__M3__trust_0p1,200,oracle_projector,0.3842936070415334,,,,,,2,,,,,,development,1332.59375,0.0,0.0,1.0,6.855411833712687,True,False,2.8468409807393513,M3,20260804,35,success,2.8468409807393513,0.1
False,-7.8835895998070775,3.802540687245825,False,sim35_paired_query_upper_bound,10.0,-1.915711651594798,0.7387819525439164,3.4848559711351944e-07,-11.601477394155225,5.410776315608051,3.5429058046621055e-07,,,False,100,5.441970510990359,oracle_projector__M3__trust_0p1,200,oracle_projector,0.3842936070415334,,,,,,2,,,,,,development,1332.59375,0.0,0.0,1.0,7.58476575905125,True,False,3.3542170347590687,M3,20260805,35,success,3.3542170347590687,0.1
True,-5.631718551351678,2.899713043615945,False,sim35_paired_query_upper_bound,10.0,-1.2071500036703533,0.8528527049807907,2.178096234362398e-07,-9.247100442528577,4.126109343440297,2.2660684752896547e-07,,,False,500,28.26822482800344,oracle_projector__M3__trust_0p1,1000,oracle_projector,0.3842936070415334,,,,,,2,,,,,,development,1332.59375,0.0,0.0,1.0,5.133799047289869,True,False,2.5578337450622723,M3,-1,35,success,2.5578337450622723,0.1
False,-6.572413806972818,3.36663666375505,False,population_projector_Pi0,10.0,-1.5589792692980255,0.7718261225730996,0.05713816895465635,-10.54491474383559,4.790512297370692,0.05713816898069605,,,False,100,5.4674436659843195,population_only__M4__trust_0p1,200,population_only,0.3842936070415334,,,,,,,,,,,,development,1314.7734375,0.02518824693249674,1.872808739327613,0.9993655522164683,7.10398589452735,False,False,2.9700449878256867,M4,20260801,35,success,2.9700449878256867,0.1
False,-7.106498152907147,3.3979108742738107,False,population_projector_Pi0,10.0,-1.5569383710860265,0.7472242348515183,0.059248887850113036,-10.62528440502662,4.835013532592666,0.059248887939961345,,,False,100,5.444280817988329,population_only__M4__trust_0p1,200,population_only,0.3842936070415334,,,,,,,,,,,,development,1314.7734375,0.02518824693249674,1.872808739327613,0.9993655522164683,6.272363579821758,False,False,2.9976540496372635,M4,20260802,35,success,2.9976540496372635,0.1
False,-5.991463761461394,3.3435923513891024,False,population_projector_Pi0,10.0,-1.6622861827249626,0.7518989312170865,0.059056937322721464,-10.485338437682676,4.757721689770527,0.05905693748599972,,,False,100,5.412908036989393,population_only__M4__trust_0p1,200,population_only,0.3842936070415334,,,,,,,,,,,,development,1314.7734375,0.02518824693249674,1.872808739327613,0.9993655522164683,4.766427153771377,False,False,2.9497432255997884,M4,20260803,35,success,2.9497432255997884,0.1
False,-7.225890368538652,3.232022950044502,False,population_projector_Pi0,10.0,-1.3295069923583362,0.7510292376237578,0.057050375151806755,-10.190559345826069,4.598965446512765,0.05705037542569737,,,False,100,5.724206553015392,population_only__M4__trust_0p1,200,population_only,0.3842936070415334,,,,,,,,,,,,development,1314.7734375,0.02518824693249674,1.872808739327613,0.9993655522164683,7.008060040529881,False,False,2.8513153874553683,M4,20260804,35,success,2.8513153874553683,0.1
False,-7.884175443577134,3.7579122515795675,False,population_projector_Pi0,10.0,-1.862650411291575,0.7471860535483347,0.06318105315320366,-11.499904003668341,5.347272857639656,0.06318105344954231,,,False,100,5.62387824698817,population_only__M4__trust_0p1,200,population_only,0.3842936070415334,,,,,,,,,,,,development,1314.7734375,0.02518824693249674,1.872808739327613,0.9993655522164683,7.53174858291479,False,False,3.3152210454735265,M4,20260805,35,success,3.3152210454735265,0.1
True,-5.662676029537659,2.880555628035683,False,population_projector_Pi0,10.0,-1.1770274168705557,0.8548681179840562,0.051411566722124886,-9.190619886550138,4.098849545579983,0.05141156692096793,,,False,500,27.672717320965603,population_only__M4__trust_0p1,1000,population_only,0.3842936070415334,,,,,,,,,,,,development,1314.7734375,0.02518824693249674,1.872808739327613,0.9993655522164683,5.267736440655581,False,False,2.5412552264934245,M4,-1,35,success,2.5412552264934245,0.1
False,-6.483806396143997,3.361082377206811,False,sim35_paired_query_upper_bound,10.0,-1.5680588348683147,0.7667913402492457,0.009978984405376421,-10.52961342818211,4.782608896834804,0.009978984618410956,,,False,100,5.552124509995338,oracle_projector__M4__trust_0p1,200,oracle_projector,0.3842936070415334,,,,,,2,,,,,,development,1332.59375,0.0,0.0,1.0,7.053631591039642,True,False,2.964817476067003,M4,20260801,35,success,2.964817476067003,0.1
False,-7.061571936024233,3.3991035125785958,False,sim35_paired_query_upper_bound,10.0,-1.5698163828779084,0.7411255165867275,0.010073702944060651,-10.62731798989049,4.836710581913995,0.010073702919007114,,,False,100,5.527517532987986,oracle_projector__M4__trust_0p1,200,oracle_projector,0.3842936070415334,,,,,,2,,,,,,development,1332.59375,0.0,0.0,1.0,6.273658248020451,True,False,2.9983559578842764,M4,20260802,35,success,2.9983559578842764,0.1
False,-5.893178842312662,3.354551990081354,False,sim35_paired_query_upper_bound,10.0,-1.689074938495669,0.7433034128523336,0.009904836251071062,-10.512720502785118,4.773316566549243,0.00990483646244277,,,False,100,6.27372597399517,oracle_projector__M4__trust_0p1,200,oracle_projector,0.3842936070415334,,,,,,2,,,,,,development,1332.59375,0.0,0.0,1.0,4.7511557596259015,True,False,2.959056895375542,M4,20260803,35,success,2.959056895375542,0.1
False,-7.11867872489908,3.2153017103900554,False,sim35_paired_query_upper_bound,10.0,-1.3324227478488249,0.74677302424543,0.009343024080714335,-10.144463647860263,4.575172173821865,0.009343023829546368,,,False,100,6.314063836995047,oracle_projector__M4__trust_0p1,200,oracle_projector,0.3842936070415334,,,,,,2,,,,,,development,1332.59375,0.0,0.0,1.0,6.913199866235082,True,False,2.8362236422860523,M4,20260804,35,success,2.8362236422860523,0.1
False,-7.793298494787255,3.7648168879958597,False,sim35_paired_query_upper_bound,10.0,-1.8882240028351287,0.7407075850715689,0.011232451618826082,-11.514907749650735,5.357097721135389,0.011232451825348358,,,False,100,6.351503112993669,oracle_projector__M4__trust_0p1,200,oracle_projector,0.3842936070415334,,,,,,2,,,,,,development,1332.59375,0.0,0.0,1.0,7.572203146531893,True,False,3.3209526079952196,M4,20260805,35,success,3.3209526079952196,0.1
True,-5.528260069060671,2.869277136051965,False,sim35_paired_query_upper_bound,10.0,-1.1863730792121134,0.8538320831710522,0.00806657791664796,-9.155477114659709,4.0828009606152085,0.008066578014676843,,,False,500,30.01893496696721,oracle_projector__M4__trust_0p1,1000,oracle_projector,0.3842936070415334,,,,,,2,,,,,,development,1332.59375,0.0,0.0,1.0,5.1883204329279735,True,False,2.530994178513548,M4,-1,35,success,2.530994178513548,0.1
False,0.6225436029574475,0.9414810001312788,False,population_projector_Pi0,10.0,0.7851731991791152,0.8444917755340955,0.2945264119672079,0.19983849113147106,1.3396682681638796,0.2945264121680749,,,False,1,0.12303518698900007,population_only__M5__trust_0p1,2,population_only,0.3842936070415334,,,,,,,,,,,,development,1314.7734375,0.02518824693249674,1.872808739327613,0.9993655522164683,0.8134619466870089,False,False,0.8620359264068249,M5,20260801,35,success,0.8620359264068249,0.1
False,0.6541507842429811,0.9355442047657679,False,population_projector_Pi0,10.0,0.7833223077233504,0.843563489610274,0.29308833170106485,0.25388881206065705,1.3312205816310145,0.293088331473695,,,False,1,0.0779535030014813,population_only__M5__trust_0p1,2,population_only,0.3842936070415334,,,,,,,,,,,,development,1314.7734375,0.02518824693249674,1.872808739327613,0.9993655522164683,0.8126993527828889,False,False,0.8566883280810405,M5,20260802,35,success,0.8566883280810405,0.1
False,0.6812605446804567,0.9315171707525284,False,population_projector_Pi0,10.0,0.7839752096269641,0.8457362272395254,0.2914836774800685,0.2920932477393975,1.3254903654273935,0.29148367737245645,,,False,1,0.07809374699718319,population_only__M5__trust_0p1,2,population_only,0.3842936070415334,,,,,,,,,,,,development,1314.7734375,0.02518824693249674,1.872808739327613,0.9993655522164683,0.8021944485062276,False,False,0.8529285036011853,M5,20260803,35,success,0.8529285036011853,0.1
False,0.6537953295582367,0.9356717081004737,False,population_projector_Pi0,10.0,0.785176989520365,0.844911502076948,0.29290046561352484,0.25319141810876433,1.3314020108596094,0.29290046561189353,,,False,1,0.07810515598976053,population_only__M5__trust_0p1,2,population_only,0.3842936070415334,,,,,,,,,,,,development,1314.7734375,0.02518824693249674,1.872808739327613,0.9993655522164683,0.8000753824155352,False,False,0.8567571147302996,M5,20260804,35,success,0.8567571147302996,0.1
False,0.616577646936102,0.9372122530167062,False,population_projector_Pi0,10.0,0.7844860111693249,0.84794119943314,0.2918773835659195,0.2421022514851769,1.3335941094146202,0.2918773835331622,,,False,1,0.07836085799499415,population_only__M5__trust_0p1,2,population_only,0.3842936070415334,,,,,,,,,,,,development,1314.7734375,0.02518824693249674,1.872808739327613,0.9993655522164683,0.8287898822040514,False,False,0.857851624343682,M5,20260805,35,success,0.857851624343682,0.1
True,0.6648832975552674,0.9316251351054835,False,population_projector_Pi0,10.0,0.8449249726835457,0.8705150583000045,0.21170300702390515,0.44124800594608166,1.3256439919134582,0.2117030069917458,,,False,5,0.43554845097241923,population_only__M5__trust_0p1,10,population_only,0.3842936070415334,,,,,,,,,,,,development,1314.7734375,0.02518824693249674,1.872808739327613,0.9993655522164683,0.8035526991888639,False,False,0.8384069895088694,M5,-1,35,success,0.8384069895088694,0.1
False,0.6225436004346423,0.9414810009003654,False,sim35_paired_query_upper_bound,10.0,0.7851731983379461,0.8444917763066193,0.2945264141604426,0.199838479897167,1.3396682692582413,0.29452641436130994,,,False,1,0.09298221601056866,oracle_projector__M5__trust_0p1,2,oracle_projector,0.3842936070415334,,,,,,2,,,,,,development,1332.59375,0.0,0.0,1.0,0.8134619501878141,True,False,0.8620359275217797,M5,20260801,35,success,0.8620359275217797,0.1
False,0.6541507614679754,0.93554420701448,False,sim35_paired_query_upper_bound,10.0,0.7833223070625003,0.843563490725168,0.29308833452763017,0.25388878665075604,1.3312205848307905,0.2930883343002608,,,False,1,0.09860791399842128,oracle_projector__M5__trust_0p1,2,oracle_projector,0.3842936070415334,,,,,,2,,,,,,development,1332.59375,0.0,0.0,1.0,0.8126993551117622,True,False,0.8566883305872163,M5,20260802,35,success,0.8566883305872163,0.1
False,0.6812605111097938,0.931517174671498,False,sim35_paired_query_upper_bound,10.0,0.7839752088360927,0.8457362282114357,0.291483679751709,0.29209320895719987,1.3254903710038408,0.2914836796440975,,,False,1,0.09941771600279026,oracle_projector__M5__trust_0p1,2,oracle_projector,0.3842936070415334,,,,,,2,,,,,,development,1332.59375,0.0,0.0,1.0,0.8021944494814486,True,False,0.8529285074094818,M5,20260803,35,success,0.8529285074094818,0.1
False,0.6537953783691385,0.9356717050008967,False,sim35_paired_query_upper_bound,10.0,0.78517698897937,0.8449115035673288,0.2929004695627727,0.2531914363840611,1.3314020064491061,0.29290046956114146,,,False,1,0.09914676201879047,oracle_projector__M5__trust_0p1,2,oracle_projector,0.3842936070415334,,,,,,2,,,,,,development,1332.59375,0.0,0.0,1.0,0.8000753767535645,True,False,0.8567571129276643,M5,20260804,35,success,0.8567571129276643,0.1
False,0.6165776768468079,0.9372122517371714,False,sim35_paired_query_upper_bound,10.0,0.784486010831229,0.8479412005566037,0.29187738558914844,0.24210225820690504,1.3335941075939226,0.2918773855563914,,,False,1,0.09951983101200312,oracle_projector__M5__trust_0p1,2,oracle_projector,0.3842936070415334,,,,,,2,,,,,,development,1332.59375,0.0,0.0,1.0,0.8287898856730624,True,False,0.8578516236798186,M5,20260805,35,success,0.8578516236798186,0.1
True,0.6648832931216799,0.9316251365338512,False,sim35_paired_query_upper_bound,10.0,0.8449249728265418,0.8705150588910692,0.211703010114214,0.44124798817422045,1.3256439939459355,0.21170301008205483,,,False,5,0.4896744390425738,oracle_projector__M5__trust_0p1,10,oracle_projector,0.3842936070415334,,,,,,2,,,,,,development,1332.59375,0.0,0.0,1.0,0.803552699940489,True,False,0.8384069912243014,M5,-1,35,success,0.8384069912243014,0.1
False,-1.525861482138574,1.6772534881981338,False,population_projector_Pi0,10.0,-1.7919109087448812,0.056281764679943024,3.7177377478582967,-11.383070651304807,2.3866262574527863,3.7177377476362343,,,False,100,6.293567594984779,population_only__M0__trust_0p25,200,population_only,0.3842936070415334,,,,,,,,,,,,development,1314.7734375,0.02518824693249674,1.872808739327613,0.9993655522164683,6.561321958561543,False,False,3.270926784282555,M0,20260801,35,success,3.270926784282555,0.25
False,-1.380299060837598,1.7261421437401647,False,population_projector_Pi0,10.0,-1.6083847990452118,0.012057769771549261,3.236225298646031,-10.518057441126263,2.4561917404457736,3.236225298226863,,,False,100,5.4625014520133846,population_only__M0__trust_0p25,200,population_only,0.3842936070415334,,,,,,,,,,,,development,1314.7734375,0.02518824693249674,1.872808739327613,0.9993655522164683,5.025249315347707,False,False,2.9608756102734346,M0,20260802,35,success,2.9608756102734346,0.25
False,-1.8281659010586393,1.9534451076915658,False,population_projector_Pi0,10.0,-1.7554116312110883,-0.03351024832027214,3.312189933897481,-10.96803810622857,2.7796295666183988,3.3121899338128284,,,False,100,6.1549216589774005,population_only__M0__trust_0p25,200,population_only,0.3842936070415334,,,,,,,,,,,,development,1314.7734375,0.02518824693249674,1.872808739327613,0.9993655522164683,6.67686573138963,False,False,3.118309342201258,M0,20260803,35,success,3.118309342201258,0.25
False,-3.739336379796383,2.2213404085740502,False,population_projector_Pi0,10.0,-2.112915968587632,0.012009850220269305,3.862239552968296,-12.237044738353111,3.1608277360264236,3.862239552736698,,,False,100,5.562661219999427,population_only__M0__trust_0p25,200,population_only,0.3842936070415334,,,,,,,,,,,,development,1314.7734375,0.02518824693249674,1.872808739327613,0.9993655522164683,6.837805978467545,False,False,3.608855785417109,M0,20260804,35,success,3.608855785417109,0.25
False,-2.361489560759621,1.8107654328778455,False,population_projector_Pi0,10.0,-1.65921141047974,0.048203633703865385,3.4466481339887993,-11.030843990648478,2.576605360252865,3.44664813401495,,,False,100,5.537737318984,population_only__M0__trust_0p25,200,population_only,0.3842936070415334,,,,,,,,,,,,development,1314.7734375,0.02518824693249674,1.872808739327613,0.9993655522164683,5.570512426336694,False,False,3.1409389130361096,M0,20260805,35,success,3.1409389130361096,0.25
True,2.620609164568295,1.0530130779384441,False,population_projector_Pi0,10.0,-0.7193303125333015,0.03985236432530064,2.124861529819112,-6.703913172372581,1.4983714023745647,2.1248615297813958,,,False,500,29.01138924495899,population_only__M0__trust_0p25,1000,population_only,0.3842936070415334,,,,,,,,,,,,development,1314.7734375,0.02518824693249674,1.872808739327613,0.9993655522164683,1.4909915192682235,False,False,1.9085913408618709,M0,-1,35,success,1.9085913408618709,0.25
False,-1.52741167250336,1.6774018346338326,False,sim35_paired_query_upper_bound,10.0,-1.7920394098599641,0.056277510142340455,3.717897706902069,-11.383525073948903,2.386837345103597,3.7178977066800605,,,False,100,5.493956311023794,oracle_projector__M0__trust_0p25,200,oracle_projector,0.3842936070415334,,,,,,2,,,,,,development,1332.59375,0.0,0.0,1.0,6.562019820838635,True,False,3.271097914948771,M0,20260801,35,success,3.271097914948771,0.25
False,-1.3818063107446807,1.726273451684303,False,sim35_paired_query_upper_bound,10.0,-1.6082744447229125,0.012049418513430851,3.2361365669092383,-10.518057011374323,2.456378583394378,3.236136566490129,,,False,100,5.528534497978399,oracle_projector__M0__trust_0p25,200,oracle_projector,0.3842936070415334,,,,,,2,,,,,,development,1332.59375,0.0,0.0,1.0,5.026730957717812,True,False,2.960875463778135,M0,20260802,35,success,2.960875463778135,0.25
False,-1.8299633166167826,1.9535606951091549,False,sim35_paired_query_upper_bound,10.0,-1.7553693716147007,-0.03351417702624753,3.3121295836432947,-10.968085110498574,2.7797940402461423,3.3121295835587152,,,False,100,5.515541078988463,oracle_projector__M0__trust_0p25,200,oracle_projector,0.3842936070415334,,,,,,2,,,,,,development,1332.59375,0.0,0.0,1.0,6.6786355617716,True,False,3.1183262171855115,M0,20260803,35,success,3.1183262171855115,0.25
False,-3.740936428240964,2.221720400487792,False,sim35_paired_query_upper_bound,10.0,-2.113060130677019,0.011992103560490207,3.86224464230744,-12.237490849732646,3.1613684406279265,3.8622446420759013,,,False,100,6.220178774994565,oracle_projector__M0__trust_0p25,200,oracle_projector,0.3842936070415334,,,,,,2,,,,,,development,1332.59375,0.0,0.0,1.0,6.8385809688267765,True,False,3.6090411427086133,M0,20260804,35,success,3.6090411427086133,0.25
False,-2.362288221400208,1.8108462708607067,False,sim35_paired_query_upper_bound,10.0,-1.6591669862383913,0.048205045650670665,3.4465387419471045,-11.030739887077626,2.5767203876198392,3.4465387419734808,,,False,100,6.287031719984952,oracle_projector__M0__trust_0p25,200,oracle_projector,0.3842936070415334,,,,,,2,,,,,,development,1332.59375,0.0,0.0,1.0,5.571526355246312,True,False,3.1409012679576196,M0,20260805,35,success,3.1409012679576196,0.25
True,2.6199791522238587,1.0529939270969364,False,sim35_paired_query_upper_bound,10.0,-0.7192442379227104,0.03984013683394256,2.1247919965049697,-6.703658840886067,1.4983441519311962,2.124791996467414,,,False,500,29.045242382970173,oracle_projector__M0__trust_0p25,1000,oracle_projector,0.3842936070415334,,,,,,2,,,,,,development,1332.59375,0.0,0.0,1.0,1.491322966719614,True,False,1.9085354562275445,M0,-1,35,success,1.9085354562275445,0.25
False,0.5508565319143468,0.9489634804069512,False,population_projector_Pi0,10.0,0.767093754780124,0.8392443719681256,0.32309668129417085,0.07386287057655778,1.3503153671399426,0.3230966815176512,,,False,50,2.765954962989781,population_only__M1__trust_0p25,100,population_only,0.3842936070415334,,,,,,,,,,,,development,1314.7734375,0.02518824693249674,1.872808739327613,0.9993655522164683,0.8382668948451552,False,False,0.8746295515549248,M1,20260801,35,success,0.8746295515549248,0.25
False,0.5782972020222398,0.9434383386946685,False,population_projector_Pi0,10.0,0.7654532164604775,0.8379787544347764,0.32127324323549283,0.12445128521185272,1.3424534378731579,0.32127324307115274,,,False,50,2.695898504985962,population_only__M1__trust_0p25,100,population_only,0.3842936070415334,,,,,,,,,,,,development,1314.7734375,0.02518824693249674,1.872808739327613,0.9993655522164683,0.8345768863109241,False,False,0.8695503340247777,M1,20260802,35,success,0.8695503340247777,0.25
False,0.6023835571974707,0.9398662634780505,False,population_projector_Pi0,10.0,0.7670125807808597,0.8401259168366971,0.3188913415642701,0.16005490073541348,1.3373705994318823,0.31889134150130527,,,False,50,2.7746966409904417,population_only__M1__trust_0p25,100,population_only,0.3842936070415334,,,,,,,,,,,,development,1314.7734375,0.02518824693249674,1.872808739327613,0.9993655522164683,0.8274585864535786,False,False,0.8659933268968688,M1,20260803,35,success,0.8659933268968688,0.25
False,0.5826668098109115,0.9431615878275679,False,population_projector_Pi0,10.0,0.7676831154320358,0.8398843467845098,0.31945394186125786,0.13091190000847763,1.3420596387898096,0.31945394201861643,,,False,50,3.169487298000604,population_only__M1__trust_0p25,100,population_only,0.3842936070415334,,,,,,,,,,,,development,1314.7734375,0.02518824693249674,1.872808739327613,0.9993655522164683,0.823018562159136,False,False,0.8689037979508412,M1,20260804,35,success,0.8689037979508412,0.25
False,0.5474715115049668,0.9445189927150561,False,population_projector_Pi0,10.0,0.7669707705543455,0.843049034619255,0.3190436390272524,0.12038384341769767,1.3439911405987308,0.3190436389793275,,,False,50,3.173758936987724,population_only__M1__trust_0p25,100,population_only,0.3842936070415334,,,,,,,,,,,,development,1314.7734375,0.02518824693249674,1.872808739327613,0.9993655522164683,0.8518819765012138,False,False,0.8699576237518094,M1,20260805,35,success,0.8699576237518094,0.25
True,0.5953116724507982,0.9381988885353176,False,population_projector_Pi0,10.0,0.8551314331806283,0.8743265433889456,0.20228573201644098,0.3972114729762044,1.3349980297235193,0.20228573207250342,,,False,250,14.579796343954513,population_only__M1__trust_0p25,500,population_only,0.3842936070415334,,,,,,,,,,,,development,1314.7734375,0.02518824693249674,1.872808739327613,0.9993655522164683,0.8218571414726316,False,False,0.8426684167817612,M1,-1,35,success,0.8426684167817612,0.25
False,0.5508566763894833,0.9489634715015329,False,sim35_paired_query_upper_bound,10.0,0.7670937555529524,0.8392443720683055,0.32309668213556736,0.07386294333885908,1.3503153544680921,0.32309668235904776,,,False,50,3.1833218959800433,oracle_projector__M1__trust_0p25,100,oracle_projector,0.3842936070415334,,,,,,2,,,,,,development,1332.59375,0.0,0.0,1.0,0.8382668927047916,True,False,0.8746295442280924,M1,20260801,35,success,0.8746295442280924,0.25
False,0.5782971459856898,0.9434383444721544,False,sim35_paired_query_upper_bound,10.0,0.7654532161638842,0.837978754279238,0.32127324728243434,0.12445122729531939,1.342453446094157,0.3212732471180939,,,False,50,2.7538929029833525,oracle_projector__M1__trust_0p25,100,oracle_projector,0.3842936070415334,,,,,,2,,,,,,development,1332.59375,0.0,0.0,1.0,0.8345768937871292,True,False,0.8695503398228411,M1,20260802,35,success,0.8695503398228411,0.25
False,0.6023837133042325,0.9398662538343027,False,sim35_paired_query_upper_bound,10.0,0.7670125825631942,0.8401259190769992,0.31889134220379733,0.1600549809640983,1.3373705857094358,0.31889134214083187,,,False,50,2.745204450999154,oracle_projector__M1__trust_0p25,100,oracle_projector,0.3842936070415334,,,,,,2,,,,,,development,1332.59375,0.0,0.0,1.0,0.8274585786107196,True,False,0.8659933188979756,M1,20260803,35,success,0.8659933188979756,0.25
False,0.5826668577665425,0.9431615857396433,False,sim35_paired_query_upper_bound,10.0,0.7676831153444494,0.8398843491170093,0.3194539422038245,0.13091191686144293,1.3420596358188241,0.3194539423611828,,,False,50,2.6888665270234924,oracle_projector__M1__trust_0p25,100,oracle_projector,0.3842936070415334,,,,,,2,,,,,,development,1332.59375,0.0,0.0,1.0,0.8230185674954915,True,False,0.8689037962649336,M1,20260804,35,success,0.8689037962649336,0.25
False,0.5474714835641596,0.9445189950766907,False,sim35_paired_query_upper_bound,10.0,0.7669707691946235,0.8430490348433811,0.31904363920344847,0.12038382310107643,1.3439911439591883,0.3190436391555236,,,False,50,2.7703977070050314,oracle_projector__M1__trust_0p25,100,oracle_projector,0.3842936070415334,,,,,,2,,,,,,development,1332.59375,0.0,0.0,1.0,0.8518819742271407,True,False,0.8699576257866727,M1,20260805,35,success,0.8699576257866727,0.25
True,0.595311727206562,0.9381988862984278,False,sim35_paired_query_upper_bound,10.0,0.8551314330672294,0.8743265446059585,0.20228573342253267,0.39721149080849477,1.3349980265405659,0.20228573347859446,,,False,250,14.141683483991073,oracle_projector__M1__trust_0p25,500,oracle_projector,0.3842936070415334,,,,,,2,,,,,,development,1332.59375,0.0,0.0,1.0,0.821857141152442,True,False,0.8426684150517475,M1,-1,35,success,0.8426684150517475,0.25
False,-1.4991009073536523,1.6730358237243157,False,population_projector_Pi0,10.0,-0.2848530155756466,0.6668794323969763,0.041634923844121756,-4.472232564226154,2.3806247860895318,0.041634923623961796,,,False,100,5.538462031981908,population_only__M2__trust_0p25,200,population_only,0.3842936070415334,,,,,,,,,,,,development,1314.7734375,0.02518824693249674,1.872808739327613,0.9993655522164683,0.6848969325050475,False,False,1.476144656379165,M2,20260801,35,success,1.476144656379165,0.25
False,-1.3699771168118215,1.726586389164885,False,population_projector_Pi0,10.0,-0.3887324737284481,0.6577728428768673,0.04275051287242328,-4.74587257892511,2.4568238737535,0.04275051278223387,,,False,100,5.584873115003575,population_only__M2__trust_0p25,200,population_only,0.3842936070415334,,,,,,,,,,,,development,1314.7734375,0.02518824693249674,1.872808739327613,0.9993655522164683,0.8762688947902315,False,False,1.5233893652290265,M2,20260802,35,success,1.5233893652290265,0.25
False,-1.8114517814066002,1.951397733851044,False,population_projector_Pi0,10.0,-0.6158353292831253,0.5682430934871475,0.04633290059393087,-5.808852856211435,2.776716282370673,0.04633290052459903,,,False,100,5.5193599180202,population_only__M2__trust_0p25,200,population_only,0.3842936070415334,,,,,,,,,,,,development,1314.7734375,0.02518824693249674,1.872808739327613,0.9993655522164683,0.9774228325785915,False,False,1.721709728008885,M2,20260803,35,success,1.721709728008885,0.25
False,-3.723841746537639,2.2140245293486633,False,population_projector_Pi0,10.0,-0.6687055303739686,0.5563665179819125,0.04775423807275342,-6.90524702553153,3.1504176998699807,0.047754238133458575,,,False,100,5.546590537007432,population_only__M2__trust_0p25,200,population_only,0.3842936070415334,,,,,,,,,,,,development,1314.7734375,0.02518824693249674,1.872808739327613,0.9993655522164683,0.7284900647969266,False,False,1.9533480881154683,M2,20260804,35,success,1.9533480881154683,0.25
False,-2.3594097624801407,1.8098101297365314,False,population_projector_Pi0,10.0,-0.4373396735902697,0.6394550482846315,0.04224035670826199,-5.154531919095565,2.5752460239468564,0.042240356476223775,,,False,100,6.317572197003756,population_only__M2__trust_0p25,200,population_only,0.3842936070415334,,,,,,,,,,,,development,1314.7734375,0.02518824693249674,1.872808739327613,0.9993655522164683,0.7900327984566747,False,False,1.5967755957364111,M2,20260805,35,success,1.5967755957364111,0.25
True,2.6084445330480035,1.0548473783924435,False,population_projector_Pi0,10.0,0.06143726018849871,0.8006008435638431,0.033023804817517675,-0.4671594555627907,1.5009814965901238,0.0330238046792944,,,False,500,28.50685779901687,population_only__M2__trust_0p25,1000,population_only,0.3842936070415334,,,,,,,,,,,,development,1314.7734375,0.02518824693249674,1.872808739327613,0.9993655522164683,0.4031480157043335,False,False,0.9308404839683757,M2,-1,35,success,0.9308404839683757,0.25
False,-1.5274117788934554,1.6774018492939244,False,sim35_paired_query_upper_bound,10.0,-0.28785296857154674,0.6586872059090062,2.251060712296509e-07,-4.4927423496119765,2.386837365963986,2.330675381343281e-07,,,False,100,5.398584510985529,oracle_projector__M2__trust_0p25,200,oracle_projector,0.3842936070415334,,,,,,2,,,,,,development,1332.59375,0.0,0.0,1.0,0.7044874035206942,True,False,1.4796343602343518,M2,20260801,35,success,1.4796343602343518,0.25
False,-1.3818063860477903,1.7262734633800638,False,sim35_paired_query_upper_bound,10.0,-0.38705593278754513,0.6491914275810382,2.191656909358854e-07,-4.742191890499763,2.4563786000367105,2.2645350920932155e-07,,,False,100,5.520396290987264,oracle_projector__M2__trust_0p25,200,oracle_projector,0.3842936070415334,,,,,,2,,,,,,development,1332.59375,0.0,0.0,1.0,0.8995892628459697,True,False,1.5227439582548865,M2,20260802,35,success,1.5227439582548865,0.25
False,-1.8299633942472802,1.9535607117787643,False,sim35_paired_query_upper_bound,10.0,-0.6177519405115348,0.5606539146362055,2.3369068454056278e-07,-5.816538251126958,2.7797940639659484,2.4184796491443987e-07,,,False,100,5.496028182998998,oracle_projector__M2__trust_0p25,200,oracle_projector,0.3842936070415334,,,,,,2,,,,,,development,1332.59375,0.0,0.0,1.0,1.004440758078885,True,False,1.7232337946738672,M2,20260803,35,success,1.7232337946738672,0.25
False,-3.7409364759368415,2.221720410596901,False,sim35_paired_query_upper_bound,10.0,-0.6740834516767342,0.5493055329305452,2.5035080109362357e-07,-6.933788096823631,3.161368455012553,2.5806307268194215e-07,,,False,100,5.461677457002224,oracle_projector__M2__trust_0p25,200,oracle_projector,0.3842936070415334,,,,,,2,,,,,,development,1332.59375,0.0,0.0,1.0,0.7546309979086793,True,False,1.9597771754793818,M2,20260804,35,success,1.9597771754793818,0.25
False,-2.362288269142476,1.8108462865672212,False,sim35_paired_query_upper_bound,10.0,-0.43776832092481244,0.632218605394823,2.268683558488342e-07,-5.157631737049905,2.576720409969222,2.3528356207260582e-07,,,False,100,5.5174150870007,oracle_projector__M2__trust_0p25,200,oracle_projector,0.3842936070415334,,,,,,2,,,,,,development,1332.59375,0.0,0.0,1.0,0.8131669823972862,True,False,1.5973455542781747,M2,20260805,35,success,1.5973455542781747,0.25
True,2.6199790545568984,1.0529939361828966,False,sim35_paired_query_upper_bound,10.0,0.06277166194712558,0.7969788771964815,1.252123939721861e-07,-0.4485174049084462,1.4983441648599463,1.3922226810875365e-07,,,False,500,27.394101528974716,oracle_projector__M2__trust_0p25,1000,oracle_projector,0.3842936070415334,,,,,,2,,,,,,development,1332.59375,0.0,0.0,1.0,0.4125491507107877,True,False,0.9288448142289011,M2,-1,35,success,0.9288448142289011,0.25
False,-6.507861280921552,3.2896034435688706,False,population_projector_Pi0,10.0,-1.4823072818169019,0.7739444205970062,0.05765433840895203,-10.343926425934944,4.680898868460798,0.0576543384128871,,,False,100,5.567368573014392,population_only__M3__trust_0p25,200,population_only,0.3842936070415334,,,,,,,,,,,,development,1314.7734375,0.02518824693249674,1.872808739327613,0.9993655522164683,6.696547563685136,False,False,2.9021082768609263,M3,20260801,35,success,2.9021082768609263,0.25
False,-7.013871098847994,3.3200382807044906,False,population_projector_Pi0,10.0,-1.4820390664957688,0.7495479891265386,0.05969574932320854,-10.423972708115112,4.724205728133634,0.05969574942445081,,,False,100,5.600362661993131,population_only__M3__trust_0p25,200,population_only,0.3842936070415334,,,,,,,,,,,,development,1314.7734375,0.02518824693249674,1.872808739327613,0.9993655522164683,5.90817793110035,False,False,2.928976760943499,M3,20260802,35,success,2.928976760943499,0.25
False,-5.866138431444616,3.2668191391246557,False,population_projector_Pi0,10.0,-1.593121463948933,0.754681196265727,0.05947819253565248,-10.283640847139758,4.648478235785424,0.05947819266849251,,,False,100,5.691278512007557,population_only__M3__trust_0p25,200,population_only,0.3842936070415334,,,,,,,,,,,,development,1314.7734375,0.02518824693249674,1.872808739327613,0.9993655522164683,4.463812126158912,False,False,2.8820355455177893,M3,20260803,35,success,2.8820355455177893,0.25
False,-7.110243926859653,3.150980620880639,False,population_projector_Pi0,10.0,-1.2542870835190612,0.7535004166293227,0.057377220652907325,-9.97005398546673,4.483647307597821,0.057377220982019576,,,False,100,5.452502856991487,population_only__M3__trust_0p25,200,population_only,0.3842936070415334,,,,,,,,,,,,development,1314.7734375,0.02518824693249674,1.872808739327613,0.9993655522164683,6.553169739621514,False,False,2.779841215869355,M3,20260804,35,success,2.779841215869355,0.25
False,-7.7816296394407205,3.6721753059772713,False,population_projector_Pi0,10.0,-1.7825862412060465,0.7499429321094381,0.06383080660449836,-11.299506326481266,5.225274574703864,0.06383080686983489,,,False,100,6.511396093992516,population_only__M3__trust_0p25,200,population_only,0.3842936070415334,,,,,,,,,,,,development,1314.7734375,0.02518824693249674,1.872808739327613,0.9993655522164683,7.0918112100832476,False,False,3.2396090747743385,M3,20260805,35,success,3.2396090747743385,0.25
True,-5.579736948026161,2.8156515014255326,False,population_projector_Pi0,10.0,-1.1137430374874104,0.8561600039622957,0.05174653115360665,-8.992738573298533,4.006495054219684,0.05174653134805964,,,False,500,28.822908697999083,population_only__M3__trust_0p25,1000,population_only,0.3842936070415334,,,,,,,,,,,,development,1314.7734375,0.02518824693249674,1.872808739327613,0.9993655522164683,4.9059740197990305,False,False,2.484015029352711,M3,-1,35,success,2.484015029352711,0.25
False,-6.422856754141138,3.2864343415632233,False,sim35_paired_query_upper_bound,10.0,-1.4936428598925846,0.7687974966973278,3.0616012474408e-07,-10.334499201935984,4.676389435562048,3.1188866916410195e-07,,,False,100,6.389837869006442,oracle_projector__M3__trust_0p25,200,oracle_projector,0.3842936070415334,,,,,,2,,,,,,development,1332.59375,0.0,0.0,1.0,6.6533605198042105,True,False,2.898960184453098,M3,20260801,35,success,2.898960184453098,0.25
False,-6.975539301794842,3.3231864682804457,False,sim35_paired_query_upper_bound,10.0,-1.4962460110975373,0.743389065048012,3.0650297410580187e-07,-10.43109421572289,4.728685401113913,3.120328842151988e-07,,,False,100,6.343010409007547,oracle_projector__M3__trust_0p25,200,oracle_projector,0.3842936070415334,,,,,,2,,,,,,development,1332.59375,0.0,0.0,1.0,5.913529041191732,True,False,2.931379195750467,M3,20260802,35,success,2.931379195750467,0.25
False,-5.772960982062118,3.279618156965379,False,sim35_paired_query_upper_bound,10.0,-1.6212863748020343,0.7460803685509643,3.098346492297413e-07,-10.31646564267037,4.666690433442615,3.1581891525369533e-07,,,False,100,5.565713060001144,oracle_projector__M3__trust_0p25,200,oracle_projector,0.3842936070415334,,,,,,2,,,,,,development,1332.59375,0.0,0.0,1.0,4.450527911813531,True,False,2.892947635378518,M3,20260803,35,success,2.892947635378518,0.25
False,-7.004454043388718,3.1356022648105637,False,sim35_paired_query_upper_bound,10.0,-1.2585409463026376,0.7492478193521791,2.9478153226673623e-07,-9.92641938922256,4.4617648738145235,3.0136403384730623e-07,,,False,100,5.421693379001226,oracle_projector__M3__trust_0p25,200,oracle_projector,0.3842936070415334,,,,,,2,,,,,,development,1332.59375,0.0,0.0,1.0,6.461303346516578,True,False,2.76591137239731,M3,20260804,35,success,2.76591137239731,0.25
False,-7.693951156476175,3.6805457009071705,False,sim35_paired_query_upper_bound,10.0,-1.8093674286794168,0.7434548513957773,3.3950667277781664e-07,-11.318244293702474,5.237185120405818,3.447953742382019e-07,,,False,100,5.420413693005685,oracle_projector__M3__trust_0p25,200,oracle_projector,0.3842936070415334,,,,,,2,,,,,,development,1332.59375,0.0,0.0,1.0,7.127818805076362,True,False,3.246605389023149,M3,20260805,35,success,3.246605389023149,0.25
True,-5.4512677091294215,2.8066192229963756,False,sim35_paired_query_upper_bound,10.0,-1.1249517842095607,0.8551712545156288,2.1241147837574775e-07,-8.963669908770587,3.9936426899137922,2.2067815695157724e-07,,,False,500,29.140668410022045,oracle_projector__M3__trust_0p25,1000,oracle_projector,0.3842936070415334,,,,,,2,,,,,,development,1332.59375,0.0,0.0,1.0,4.829991056273705,True,False,2.475715786403655,M3,-1,35,success,2.475715786403655,0.25
False,-6.457511757327157,3.282074302417636,False,population_projector_Pi0,10.0,-1.4799768137347824,0.7738098115837034,0.05585629379957174,-10.323963399669012,4.670185373992584,0.055856293833521586,,,False,100,5.436456094001187,population_only__M4__trust_0p25,200,population_only,0.3842936070415334,,,,,,,,,,,,development,1314.7734375,0.02518824693249674,1.872808739327613,0.9993655522164683,6.775275207958537,False,False,2.8954459382318234,M4,20260801,35,success,2.8954459382318234,0.25
False,-6.994168351321389,3.3154214730007086,False,population_projector_Pi0,10.0,-1.479158204004504,0.750280525134314,0.05799020433674215,-10.411826160639377,4.717636301050018,0.05799020443391062,,,False,100,5.543714285013266,population_only__M4__trust_0p25,200,population_only,0.3842936070415334,,,,,,,,,,,,development,1314.7734375,0.02518824693249674,1.872808739327613,0.9993655522164683,5.977279457220693,False,False,2.9248836751987297,M4,20260802,35,success,2.9248836751987297,0.25
False,-5.853813965733778,3.262808593469448,False,population_projector_Pi0,10.0,-1.589875660229231,0.754457489715374,0.05782648146142588,-10.272911243340213,4.642771481478587,0.05782648163588662,,,False,100,5.473132725979667,population_only__M4__trust_0p25,200,population_only,0.3842936070415334,,,,,,,,,,,,development,1314.7734375,0.02518824693249674,1.872808739327613,0.9993655522164683,4.545567946380189,False,False,2.8784775901244224,M4,20260803,35,success,2.8784775901244224,0.25
False,-7.091844831638008,3.1558119908916082,False,population_projector_Pi0,10.0,-1.2621918148693885,0.7531622661644,0.055922971101925796,-9.983301455337262,4.490522043354094,0.05592297138516204,,,False,100,6.147777739010053,population_only__M4__trust_0p25,200,population_only,0.3842936070415334,,,,,,,,,,,,development,1314.7734375,0.02518824693249674,1.872808739327613,0.9993655522164683,6.6225318297412885,False,False,2.7840841848046463,M4,20260804,35,success,2.7840841848046463,0.25
False,-7.716470670536422,3.653801633709618,False,population_projector_Pi0,10.0,-1.7713973237205018,0.7511075807177942,0.06161096029150624,-11.255876326367646,5.1991299943000255,0.06161096059303779,,,False,100,5.764930598001229,population_only__M4__trust_0p25,200,population_only,0.3842936070415334,,,,,,,,,,,,development,1314.7734375,0.02518824693249674,1.872808739327613,0.9993655522164683,7.129026710329664,False,False,3.223377030426611,M4,20260805,35,success,3.223377030426611,0.25
True,-5.52678893939693,2.8071617316852273,False,population_projector_Pi0,10.0,-1.1100287662572992,0.8559626828643642,0.05031221610951516,-8.966452469728916,3.994414645668138,0.050312216317550534,,,False,500,28.3660114420054,population_only__M4__trust_0p25,1000,population_only,0.3842936070415334,,,,,,,,,,,,development,1314.7734375,0.02518824693249674,1.872808739327613,0.9993655522164683,4.992232999889291,False,False,2.4765090193284136,M4,-1,35,success,2.4765090193284136,0.25
False,-6.368500076067742,3.2770933056644562,False,sim35_paired_query_upper_bound,10.0,-1.4897206142363753,0.7688373463968574,0.009647322119390431,-10.309805918792298,4.663097728789832,0.009647322331109716,,,False,100,5.692615885986015,oracle_projector__M4__trust_0p25,200,oracle_projector,0.3842936070415334,,,,,,2,,,,,,development,1332.59375,0.0,0.0,1.0,6.728031732164231,True,False,2.890730378523418,M4,20260801,35,success,2.890730378523418,0.25
False,-6.949814651886543,3.3166399944392277,False,sim35_paired_query_upper_bound,10.0,-1.49198937150544,0.7443281082433434,0.009753407421632186,-10.413996388637415,4.719370180443266,0.009753407393049042,,,False,100,5.613511162024224,oracle_projector__M4__trust_0p25,200,oracle_projector,0.3842936070415334,,,,,,2,,,,,,development,1332.59375,0.0,0.0,1.0,5.975038144367633,True,False,2.925614568380298,M4,20260802,35,success,2.925614568380298,0.25
False,-5.75477480296787,3.2734997943419377,False,sim35_paired_query_upper_bound,10.0,-1.6164229534613899,0.7460896821296708,0.009607409443362365,-10.300275960707694,4.657984388117642,0.009607409677672317,,,False,100,6.350202600006014,oracle_projector__M4__trust_0p25,200,oracle_projector,0.3842936070415334,,,,,,2,,,,,,development,1332.59375,0.0,0.0,1.0,4.527574757297803,True,False,2.8875604750129344,M4,20260803,35,success,2.8875604750129344,0.25
False,-6.981792010618077,3.138783329270409,False,sim35_paired_query_upper_bound,10.0,-1.2650497320992744,0.7490756709909021,0.009064341731001596,-9.935255406014804,4.466291328533465,0.009064341485757514,,,False,100,6.286479699978372,oracle_projector__M4__trust_0p25,200,oracle_projector,0.3842936070415334,,,,,,2,,,,,,development,1332.59375,0.0,0.0,1.0,6.525274434974135,True,False,2.7687265215178947,M4,20260804,35,success,2.7687265215178947,0.25
False,-7.624263556450108,3.65994248780766,False,sim35_paired_query_upper_bound,10.0,-1.7962529735466188,0.7448649231819274,0.010856599944983239,-11.269515457788138,5.207868043579219,0.01085660014689761,,,False,100,5.444263467012206,oracle_projector__M4__trust_0p25,200,oracle_projector,0.3842936070415334,,,,,,2,,,,,,development,1332.59375,0.0,0.0,1.0,7.157485658711221,True,False,3.228442556286934,M4,20260805,35,success,3.228442556286934,0.25
True,-5.391232393408004,2.7960773778426633,False,sim35_paired_query_upper_bound,10.0,-1.119620704526279,0.8551202500178665,0.007798443299084324,-8.931010448112673,3.9786423070719126,0.007798443401575575,,,False,500,29.38707281500683,oracle_projector__M4__trust_0p25,1000,oracle_projector,0.3842936070415334,,,,,,2,,,,,,development,1332.59375,0.0,0.0,1.0,4.911856735312429,True,False,2.4664244270594904,M4,-1,35,success,2.4664244270594904,0.25
False,0.6225436029574475,0.9414810001312788,False,population_projector_Pi0,10.0,0.7851731991791152,0.8444917755340955,0.2945264119672079,0.19983849113147106,1.3396682681638796,0.2945264121680749,,,False,1,0.06972202399629168,population_only__M5__trust_0p25,2,population_only,0.3842936070415334,,,,,,,,,,,,development,1314.7734375,0.02518824693249674,1.872808739327613,0.9993655522164683,0.8134619466870089,False,False,0.8620359264068249,M5,20260801,35,success,0.8620359264068249,0.25
False,0.6541507842429811,0.9355442047657679,False,population_projector_Pi0,10.0,0.7833223077233504,0.843563489610274,0.29308833170106485,0.25388881206065705,1.3312205816310145,0.293088331473695,,,False,1,0.07367194097605534,population_only__M5__trust_0p25,2,population_only,0.3842936070415334,,,,,,,,,,,,development,1314.7734375,0.02518824693249674,1.872808739327613,0.9993655522164683,0.8126993527828889,False,False,0.8566883280810405,M5,20260802,35,success,0.8566883280810405,0.25
False,0.6812605446804567,0.9315171707525284,False,population_projector_Pi0,10.0,0.7839752096269641,0.8457362272395254,0.2914836774800685,0.2920932477393975,1.3254903654273935,0.29148367737245645,,,False,1,0.07226990899653174,population_only__M5__trust_0p25,2,population_only,0.3842936070415334,,,,,,,,,,,,development,1314.7734375,0.02518824693249674,1.872808739327613,0.9993655522164683,0.8021944485062276,False,False,0.8529285036011853,M5,20260803,35,success,0.8529285036011853,0.25
False,0.6537953295582367,0.9356717081004737,False,population_projector_Pi0,10.0,0.785176989520365,0.844911502076948,0.29290046561352484,0.25319141810876433,1.3314020108596094,0.29290046561189353,,,False,1,0.07418064901139587,population_only__M5__trust_0p25,2,population_only,0.3842936070415334,,,,,,,,,,,,development,1314.7734375,0.02518824693249674,1.872808739327613,0.9993655522164683,0.8000753824155352,False,False,0.8567571147302996,M5,20260804,35,success,0.8567571147302996,0.25
False,0.616577646936102,0.9372122530167062,False,population_projector_Pi0,10.0,0.7844860111693249,0.84794119943314,0.2918773835659195,0.2421022514851769,1.3335941094146202,0.2918773835331622,,,False,1,0.07326148098218255,population_only__M5__trust_0p25,2,population_only,0.3842936070415334,,,,,,,,,,,,development,1314.7734375,0.02518824693249674,1.872808739327613,0.9993655522164683,0.8287898822040514,False,False,0.857851624343682,M5,20260805,35,success,0.857851624343682,0.25
True,0.6648832975552674,0.9316251351054835,False,population_projector_Pi0,10.0,0.8449249726835457,0.8705150583000045,0.21170300702390515,0.44124800594608166,1.3256439919134582,0.2117030069917458,,,False,5,0.3631060039624572,population_only__M5__trust_0p25,10,population_only,0.3842936070415334,,,,,,,,,,,,development,1314.7734375,0.02518824693249674,1.872808739327613,0.9993655522164683,0.8035526991888639,False,False,0.8384069895088694,M5,-1,35,success,0.8384069895088694,0.25
False,0.6225436004346423,0.9414810009003654,False,sim35_paired_query_upper_bound,10.0,0.7851731983379461,0.8444917763066193,0.2945264141604426,0.199838479897167,1.3396682692582413,0.29452641436130994,,,False,1,0.08347190599306487,oracle_projector__M5__trust_0p25,2,oracle_projector,0.3842936070415334,,,,,,2,,,,,,development,1332.59375,0.0,0.0,1.0,0.8134619501878141,True,False,0.8620359275217797,M5,20260801,35,success,0.8620359275217797,0.25
False,0.6541507614679754,0.93554420701448,False,sim35_paired_query_upper_bound,10.0,0.7833223070625003,0.843563490725168,0.29308833452763017,0.25388878665075604,1.3312205848307905,0.2930883343002608,,,False,1,0.09075628299615346,oracle_projector__M5__trust_0p25,2,oracle_projector,0.3842936070415334,,,,,,2,,,,,,development,1332.59375,0.0,0.0,1.0,0.8126993551117622,True,False,0.8566883305872163,M5,20260802,35,success,0.8566883305872163,0.25
False,0.6812605111097938,0.931517174671498,False,sim35_paired_query_upper_bound,10.0,0.7839752088360927,0.8457362282114357,0.291483679751709,0.29209320895719987,1.3254903710038408,0.2914836796440975,,,False,1,0.08833746999152936,oracle_projector__M5__trust_0p25,2,oracle_projector,0.3842936070415334,,,,,,2,,,,,,development,1332.59375,0.0,0.0,1.0,0.8021944494814486,True,False,0.8529285074094818,M5,20260803,35,success,0.8529285074094818,0.25
False,0.6537953783691385,0.9356717050008967,False,sim35_paired_query_upper_bound,10.0,0.78517698897937,0.8449115035673288,0.2929004695627727,0.2531914363840611,1.3314020064491061,0.29290046956114146,,,False,1,0.0866924810106866,oracle_projector__M5__trust_0p25,2,oracle_projector,0.3842936070415334,,,,,,2,,,,,,development,1332.59375,0.0,0.0,1.0,0.8000753767535645,True,False,0.8567571129276643,M5,20260804,35,success,0.8567571129276643,0.25
False,0.6165776768468079,0.9372122517371714,False,sim35_paired_query_upper_bound,10.0,0.784486010831229,0.8479412005566037,0.29187738558914844,0.24210225820690504,1.3335941075939226,0.2918773855563914,,,False,1,0.08724645699840039,oracle_projector__M5__trust_0p25,2,oracle_projector,0.3842936070415334,,,,,,2,,,,,,development,1332.59375,0.0,0.0,1.0,0.8287898856730624,True,False,0.8578516236798186,M5,20260805,35,success,0.8578516236798186,0.25
True,0.6648832931216799,0.9316251365338512,False,sim35_paired_query_upper_bound,10.0,0.8449249728265418,0.8705150588910692,0.211703010114214,0.44124798817422045,1.3256439939459355,0.21170301008205483,,,False,5,0.4365045969898347,oracle_projector__M5__trust_0p25,10,oracle_projector,0.3842936070415334,,,,,,2,,,,,,development,1332.59375,0.0,0.0,1.0,0.803552699940489,True,False,0.8384069912243014,M5,-1,35,success,0.8384069912243014,0.25
False,-1.525861482138574,1.6772534881981338,False,population_projector_Pi0,10.0,-1.7919109087448812,0.056281764679943024,3.7177377478582967,-11.383070651304807,2.3866262574527863,3.7177377476362343,,,False,100,5.456732724996982,population_only__M0__trust_0p5,200,population_only,0.3842936070415334,,,,,,,,,,,,development,1314.7734375,0.02518824693249674,1.872808739327613,0.9993655522164683,6.561321958561543,False,False,3.270926784282555,M0,20260801,35,success,3.270926784282555,0.5
False,-1.380299060837598,1.7261421437401647,False,population_projector_Pi0,10.0,-1.6083847990452118,0.012057769771549261,3.236225298646031,-10.518057441126263,2.4561917404457736,3.236225298226863,,,False,100,5.534894065989647,population_only__M0__trust_0p5,200,population_only,0.3842936070415334,,,,,,,,,,,,development,1314.7734375,0.02518824693249674,1.872808739327613,0.9993655522164683,5.025249315347707,False,False,2.9608756102734346,M0,20260802,35,success,2.9608756102734346,0.5
False,-1.8281659010586393,1.9534451076915658,False,population_projector_Pi0,10.0,-1.7554116312110883,-0.03351024832027214,3.312189933897481,-10.96803810622857,2.7796295666183988,3.3121899338128284,,,False,100,5.5422568949870765,population_only__M0__trust_0p5,200,population_only,0.3842936070415334,,,,,,,,,,,,development,1314.7734375,0.02518824693249674,1.872808739327613,0.9993655522164683,6.67686573138963,False,False,3.118309342201258,M0,20260803,35,success,3.118309342201258,0.5
False,-3.739336379796383,2.2213404085740502,False,population_projector_Pi0,10.0,-2.112915968587632,0.012009850220269305,3.862239552968296,-12.237044738353111,3.1608277360264236,3.862239552736698,,,False,100,5.504682357015554,population_only__M0__trust_0p5,200,population_only,0.3842936070415334,,,,,,,,,,,,development,1314.7734375,0.02518824693249674,1.872808739327613,0.9993655522164683,6.837805978467545,False,False,3.608855785417109,M0,20260804,35,success,3.608855785417109,0.5
False,-2.361489560759621,1.8107654328778455,False,population_projector_Pi0,10.0,-1.65921141047974,0.048203633703865385,3.4466481339887993,-11.030843990648478,2.576605360252865,3.44664813401495,,,False,100,5.491744286991889,population_only__M0__trust_0p5,200,population_only,0.3842936070415334,,,,,,,,,,,,development,1314.7734375,0.02518824693249674,1.872808739327613,0.9993655522164683,5.570512426336694,False,False,3.1409389130361096,M0,20260805,35,success,3.1409389130361096,0.5
True,2.620609164568295,1.0530130779384441,False,population_projector_Pi0,10.0,-0.7193303125333015,0.03985236432530064,2.124861529819112,-6.703913172372581,1.4983714023745647,2.1248615297813958,,,False,500,27.53031032998115,population_only__M0__trust_0p5,1000,population_only,0.3842936070415334,,,,,,,,,,,,development,1314.7734375,0.02518824693249674,1.872808739327613,0.9993655522164683,1.4909915192682235,False,False,1.9085913408618709,M0,-1,35,success,1.9085913408618709,0.5
False,-1.52741167250336,1.6774018346338326,False,sim35_paired_query_upper_bound,10.0,-1.7920394098599641,0.056277510142340455,3.717897706902069,-11.383525073948903,2.386837345103597,3.7178977066800605,,,False,100,5.504817151988391,oracle_projector__M0__trust_0p5,200,oracle_projector,0.3842936070415334,,,,,,2,,,,,,development,1332.59375,0.0,0.0,1.0,6.562019820838635,True,False,3.271097914948771,M0,20260801,35,success,3.271097914948771,0.5
False,-1.3818063107446807,1.726273451684303,False,sim35_paired_query_upper_bound,10.0,-1.6082744447229125,0.012049418513430851,3.2361365669092383,-10.518057011374323,2.456378583394378,3.236136566490129,,,False,100,6.241815496003255,oracle_projector__M0__trust_0p5,200,oracle_projector,0.3842936070415334,,,,,,2,,,,,,development,1332.59375,0.0,0.0,1.0,5.026730957717812,True,False,2.960875463778135,M0,20260802,35,success,2.960875463778135,0.5
False,-1.8299633166167826,1.9535606951091549,False,sim35_paired_query_upper_bound,10.0,-1.7553693716147007,-0.03351417702624753,3.3121295836432947,-10.968085110498574,2.7797940402461423,3.3121295835587152,,,False,100,6.31159878699691,oracle_projector__M0__trust_0p5,200,oracle_projector,0.3842936070415334,,,,,,2,,,,,,development,1332.59375,0.0,0.0,1.0,6.6786355617716,True,False,3.1183262171855115,M0,20260803,35,success,3.1183262171855115,0.5
False,-3.740936428240964,2.221720400487792,False,sim35_paired_query_upper_bound,10.0,-2.113060130677019,0.011992103560490207,3.86224464230744,-12.237490849732646,3.1613684406279265,3.8622446420759013,,,False,100,5.882684452983085,oracle_projector__M0__trust_0p5,200,oracle_projector,0.3842936070415334,,,,,,2,,,,,,development,1332.59375,0.0,0.0,1.0,6.8385809688267765,True,False,3.6090411427086133,M0,20260804,35,success,3.6090411427086133,0.5
False,-2.362288221400208,1.8108462708607067,False,sim35_paired_query_upper_bound,10.0,-1.6591669862383913,0.048205045650670665,3.4465387419471045,-11.030739887077626,2.5767203876198392,3.4465387419734808,,,False,100,6.2436165629769675,oracle_projector__M0__trust_0p5,200,oracle_projector,0.3842936070415334,,,,,,2,,,,,,development,1332.59375,0.0,0.0,1.0,5.571526355246312,True,False,3.1409012679576196,M0,20260805,35,success,3.1409012679576196,0.5
True,2.6199791522238587,1.0529939270969364,False,sim35_paired_query_upper_bound,10.0,-0.7192442379227104,0.03984013683394256,2.1247919965049697,-6.703658840886067,1.4983441519311962,2.124791996467414,,,False,500,30.18453245094861,oracle_projector__M0__trust_0p5,1000,oracle_projector,0.3842936070415334,,,,,,2,,,,,,development,1332.59375,0.0,0.0,1.0,1.491322966719614,True,False,1.9085354562275445,M0,-1,35,success,1.9085354562275445,0.5
False,0.5508565319143468,0.9489634804069512,False,population_projector_Pi0,10.0,0.767093754780124,0.8392443719681256,0.32309668129417085,0.07386287057655778,1.3503153671399426,0.3230966815176512,,,False,50,3.1901123019924853,population_only__M1__trust_0p5,100,population_only,0.3842936070415334,,,,,,,,,,,,development,1314.7734375,0.02518824693249674,1.872808739327613,0.9993655522164683,0.8382668948451552,False,False,0.8746295515549248,M1,20260801,35,success,0.8746295515549248,0.5
False,0.5782972020222398,0.9434383386946685,False,population_projector_Pi0,10.0,0.7654532164604775,0.8379787544347764,0.32127324323549283,0.12445128521185272,1.3424534378731579,0.32127324307115274,,,False,50,3.193670017994009,population_only__M1__trust_0p5,100,population_only,0.3842936070415334,,,,,,,,,,,,development,1314.7734375,0.02518824693249674,1.872808739327613,0.9993655522164683,0.8345768863109241,False,False,0.8695503340247777,M1,20260802,35,success,0.8695503340247777,0.5
False,0.6023835571974707,0.9398662634780505,False,population_projector_Pi0,10.0,0.7670125807808597,0.8401259168366971,0.3188913415642701,0.16005490073541348,1.3373705994318823,0.31889134150130527,,,False,50,2.710071475012228,population_only__M1__trust_0p5,100,population_only,0.3842936070415334,,,,,,,,,,,,development,1314.7734375,0.02518824693249674,1.872808739327613,0.9993655522164683,0.8274585864535786,False,False,0.8659933268968688,M1,20260803,35,success,0.8659933268968688,0.5
False,0.5826668098109115,0.9431615878275679,False,population_projector_Pi0,10.0,0.7676831154320358,0.8398843467845098,0.31945394186125786,0.13091190000847763,1.3420596387898096,0.31945394201861643,,,False,50,2.7548815390036907,population_only__M1__trust_0p5,100,population_only,0.3842936070415334,,,,,,,,,,,,development,1314.7734375,0.02518824693249674,1.872808739327613,0.9993655522164683,0.823018562159136,False,False,0.8689037979508412,M1,20260804,35,success,0.8689037979508412,0.5
False,0.5474715115049668,0.9445189927150561,False,population_projector_Pi0,10.0,0.7669707705543455,0.843049034619255,0.3190436390272524,0.12038384341769767,1.3439911405987308,0.3190436389793275,,,False,50,2.7687904670019634,population_only__M1__trust_0p5,100,population_only,0.3842936070415334,,,,,,,,,,,,development,1314.7734375,0.02518824693249674,1.872808739327613,0.9993655522164683,0.8518819765012138,False,False,0.8699576237518094,M1,20260805,35,success,0.8699576237518094,0.5
True,0.5953116724507982,0.9381988885353176,False,population_projector_Pi0,10.0,0.8551314331806283,0.8743265433889456,0.20228573201644098,0.3972114729762044,1.3349980297235193,0.20228573207250342,,,False,250,14.617525801004376,population_only__M1__trust_0p5,500,population_only,0.3842936070415334,,,,,,,,,,,,development,1314.7734375,0.02518824693249674,1.872808739327613,0.9993655522164683,0.8218571414726316,False,False,0.8426684167817612,M1,-1,35,success,0.8426684167817612,0.5
False,0.5508566763894833,0.9489634715015329,False,sim35_paired_query_upper_bound,10.0,0.7670937555529524,0.8392443720683055,0.32309668213556736,0.07386294333885908,1.3503153544680921,0.32309668235904776,,,False,50,2.817898454988608,oracle_projector__M1__trust_0p5,100,oracle_projector,0.3842936070415334,,,,,,2,,,,,,development,1332.59375,0.0,0.0,1.0,0.8382668927047916,True,False,0.8746295442280924,M1,20260801,35,success,0.8746295442280924,0.5
False,0.5782971459856898,0.9434383444721544,False,sim35_paired_query_upper_bound,10.0,0.7654532161638842,0.837978754279238,0.32127324728243434,0.12445122729531939,1.342453446094157,0.3212732471180939,,,False,50,2.7959079590218607,oracle_projector__M1__trust_0p5,100,oracle_projector,0.3842936070415334,,,,,,2,,,,,,development,1332.59375,0.0,0.0,1.0,0.8345768937871292,True,False,0.8695503398228411,M1,20260802,35,success,0.8695503398228411,0.5
False,0.6023837133042325,0.9398662538343027,False,sim35_paired_query_upper_bound,10.0,0.7670125825631942,0.8401259190769992,0.31889134220379733,0.1600549809640983,1.3373705857094358,0.31889134214083187,,,False,50,2.7798191019974183,oracle_projector__M1__trust_0p5,100,oracle_projector,0.3842936070415334,,,,,,2,,,,,,development,1332.59375,0.0,0.0,1.0,0.8274585786107196,True,False,0.8659933188979756,M1,20260803,35,success,0.8659933188979756,0.5
False,0.5826668577665425,0.9431615857396433,False,sim35_paired_query_upper_bound,10.0,0.7676831153444494,0.8398843491170093,0.3194539422038245,0.13091191686144293,1.3420596358188241,0.3194539423611828,,,False,50,2.8421041179972235,oracle_projector__M1__trust_0p5,100,oracle_projector,0.3842936070415334,,,,,,2,,,,,,development,1332.59375,0.0,0.0,1.0,0.8230185674954915,True,False,0.8689037962649336,M1,20260804,35,success,0.8689037962649336,0.5
False,0.5474714835641596,0.9445189950766907,False,sim35_paired_query_upper_bound,10.0,0.7669707691946235,0.8430490348433811,0.31904363920344847,0.12038382310107643,1.3439911439591883,0.3190436391555236,,,False,50,2.7960783729795367,oracle_projector__M1__trust_0p5,100,oracle_projector,0.3842936070415334,,,,,,2,,,,,,development,1332.59375,0.0,0.0,1.0,0.8518819742271407,True,False,0.8699576257866727,M1,20260805,35,success,0.8699576257866727,0.5
True,0.595311727206562,0.9381988862984278,False,sim35_paired_query_upper_bound,10.0,0.8551314330672294,0.8743265446059585,0.20228573342253267,0.39721149080849477,1.3349980265405659,0.20228573347859446,,,False,250,14.031808006984647,oracle_projector__M1__trust_0p5,500,oracle_projector,0.3842936070415334,,,,,,2,,,,,,development,1332.59375,0.0,0.0,1.0,0.821857141152442,True,False,0.8426684150517475,M1,-1,35,success,0.8426684150517475,0.5
False,-1.4991009073536523,1.6730358237243157,False,population_projector_Pi0,10.0,-0.2848530155756466,0.6668794323969763,0.041634923844121756,-4.472232564226154,2.3806247860895318,0.041634923623961796,,,False,100,5.648921105981572,population_only__M2__trust_0p5,200,population_only,0.3842936070415334,,,,,,,,,,,,development,1314.7734375,0.02518824693249674,1.872808739327613,0.9993655522164683,0.6848969325050475,False,False,1.476144656379165,M2,20260801,35,success,1.476144656379165,0.5
False,-1.3699771168118215,1.726586389164885,False,population_projector_Pi0,10.0,-0.3887324737284481,0.6577728428768673,0.04275051287242328,-4.74587257892511,2.4568238737535,0.04275051278223387,,,False,100,5.550355582003249,population_only__M2__trust_0p5,200,population_only,0.3842936070415334,,,,,,,,,,,,development,1314.7734375,0.02518824693249674,1.872808739327613,0.9993655522164683,0.8762688947902315,False,False,1.5233893652290265,M2,20260802,35,success,1.5233893652290265,0.5
False,-1.8114517814066002,1.951397733851044,False,population_projector_Pi0,10.0,-0.6158353292831253,0.5682430934871475,0.04633290059393087,-5.808852856211435,2.776716282370673,0.04633290052459903,,,False,100,6.349772565008607,population_only__M2__trust_0p5,200,population_only,0.3842936070415334,,,,,,,,,,,,development,1314.7734375,0.02518824693249674,1.872808739327613,0.9993655522164683,0.9774228325785915,False,False,1.721709728008885,M2,20260803,35,success,1.721709728008885,0.5
False,-3.723841746537639,2.2140245293486633,False,population_projector_Pi0,10.0,-0.6687055303739686,0.5563665179819125,0.04775423807275342,-6.90524702553153,3.1504176998699807,0.047754238133458575,,,False,100,6.307477002002997,population_only__M2__trust_0p5,200,population_only,0.3842936070415334,,,,,,,,,,,,development,1314.7734375,0.02518824693249674,1.872808739327613,0.9993655522164683,0.7284900647969266,False,False,1.9533480881154683,M2,20260804,35,success,1.9533480881154683,0.5
False,-2.3594097624801407,1.8098101297365314,False,population_projector_Pi0,10.0,-0.4373396735902697,0.6394550482846315,0.04224035670826199,-5.154531919095565,2.5752460239468564,0.042240356476223775,,,False,100,5.45737630900112,population_only__M2__trust_0p5,200,population_only,0.3842936070415334,,,,,,,,,,,,development,1314.7734375,0.02518824693249674,1.872808739327613,0.9993655522164683,0.7900327984566747,False,False,1.5967755957364111,M2,20260805,35,success,1.5967755957364111,0.5
True,2.6084445330480035,1.0548473783924435,False,population_projector_Pi0,10.0,0.06143726018849871,0.8006008435638431,0.033023804817517675,-0.4671594555627907,1.5009814965901238,0.0330238046792944,,,False,500,29.313902563997544,population_only__M2__trust_0p5,1000,population_only,0.3842936070415334,,,,,,,,,,,,development,1314.7734375,0.02518824693249674,1.872808739327613,0.9993655522164683,0.4031480157043335,False,False,0.9308404839683757,M2,-1,35,success,0.9308404839683757,0.5
False,-1.5274117788934554,1.6774018492939244,False,sim35_paired_query_upper_bound,10.0,-0.28785296857154674,0.6586872059090062,2.251060712296509e-07,-4.4927423496119765,2.386837365963986,2.330675381343281e-07,,,False,100,5.407647171989083,oracle_projector__M2__trust_0p5,200,oracle_projector,0.3842936070415334,,,,,,2,,,,,,development,1332.59375,0.0,0.0,1.0,0.7044874035206942,True,False,1.4796343602343518,M2,20260801,35,success,1.4796343602343518,0.5
False,-1.3818063860477903,1.7262734633800638,False,sim35_paired_query_upper_bound,10.0,-0.38705593278754513,0.6491914275810382,2.191656909358854e-07,-4.742191890499763,2.4563786000367105,2.2645350920932155e-07,,,False,100,5.307745062978938,oracle_projector__M2__trust_0p5,200,oracle_projector,0.3842936070415334,,,,,,2,,,,,,development,1332.59375,0.0,0.0,1.0,0.8995892628459697,True,False,1.5227439582548865,M2,20260802,35,success,1.5227439582548865,0.5
False,-1.8299633942472802,1.9535607117787643,False,sim35_paired_query_upper_bound,10.0,-0.6177519405115348,0.5606539146362055,2.3369068454056278e-07,-5.816538251126958,2.7797940639659484,2.4184796491443987e-07,,,False,100,5.855675242986763,oracle_projector__M2__trust_0p5,200,oracle_projector,0.3842936070415334,,,,,,2,,,,,,development,1332.59375,0.0,0.0,1.0,1.004440758078885,True,False,1.7232337946738672,M2,20260803,35,success,1.7232337946738672,0.5
False,-3.7409364759368415,2.221720410596901,False,sim35_paired_query_upper_bound,10.0,-0.6740834516767342,0.5493055329305452,2.5035080109362357e-07,-6.933788096823631,3.161368455012553,2.5806307268194215e-07,,,False,100,5.51747394198901,oracle_projector__M2__trust_0p5,200,oracle_projector,0.3842936070415334,,,,,,2,,,,,,development,1332.59375,0.0,0.0,1.0,0.7546309979086793,True,False,1.9597771754793818,M2,20260804,35,success,1.9597771754793818,0.5
False,-2.362288269142476,1.8108462865672212,False,sim35_paired_query_upper_bound,10.0,-0.43776832092481244,0.632218605394823,2.268683558488342e-07,-5.157631737049905,2.576720409969222,2.3528356207260582e-07,,,False,100,5.525483017001534,oracle_projector__M2__trust_0p5,200,oracle_projector,0.3842936070415334,,,,,,2,,,,,,development,1332.59375,0.0,0.0,1.0,0.8131669823972862,True,False,1.5973455542781747,M2,20260805,35,success,1.5973455542781747,0.5
True,2.6199790545568984,1.0529939361828966,False,sim35_paired_query_upper_bound,10.0,0.06277166194712558,0.7969788771964815,1.252123939721861e-07,-0.4485174049084462,1.4983441648599463,1.3922226810875365e-07,,,False,500,27.61402443694533,oracle_projector__M2__trust_0p5,1000,oracle_projector,0.3842936070415334,,,,,,2,,,,,,development,1332.59375,0.0,0.0,1.0,0.4125491507107877,True,False,0.9288448142289011,M2,-1,35,success,0.9288448142289011,0.5
False,-6.469579525163845,3.261894166377743,False,population_projector_Pi0,10.0,-1.4560945197435107,0.7745775432638862,0.05720766236191084,-10.270454234011384,4.641470309221116,0.05720766237033536,,,False,100,5.635628379997797,population_only__M3__trust_0p5,200,population_only,0.3842936070415334,,,,,,,,,,,,development,1314.7734375,0.02518824693249674,1.872808739327613,0.9993655522164683,6.6034325166121475,False,False,2.877663459807739,M3,20260801,35,success,2.877663459807739,0.5
False,-6.971073994022027,3.2929733940434316,False,population_projector_Pi0,10.0,-1.456760202739777,0.750677958024431,0.05925534739953881,-10.352877054736405,4.685694096102592,0.05925534750516119,,,False,100,5.723081446980359,population_only__M3__trust_0p5,200,population_only,0.3842936070415334,,,,,,,,,,,,development,1314.7734375,0.02518824693249674,1.872808739327613,0.9993655522164683,5.824124395878009,False,False,2.9051003805274034,M3,20260802,35,success,2.9051003805274034,0.5
False,-5.817323044326267,3.240800927926999,False,population_projector_Pi0,10.0,-1.5697360669979066,0.7554927507822587,0.05905084712625827,-10.214187902059233,4.611455957129746,0.05905084726326978,,,False,100,5.636724755982868,population_only__M3__trust_0p5,200,population_only,0.3842936070415334,,,,,,,,,,,,development,1314.7734375,0.02518824693249674,1.872808739327613,0.9993655522164683,4.407634678159765,False,False,2.8590824890276934,M3,20260803,35,success,2.8590824890276934,0.5
False,-7.069277796858603,3.128231861875785,False,population_projector_Pi0,10.0,-1.2337472074014677,0.7539170506099429,0.05700656275848334,-9.907119787835946,4.451277253847761,0.05700656309188781,,,False,100,5.646517840010347,population_only__M3__trust_0p5,200,population_only,0.3842936070415334,,,,,,,,,,,,development,1314.7734375,0.02518824693249674,1.872808739327613,0.9993655522164683,6.440180380338848,False,False,2.7597724818320692,M3,20260804,35,success,2.7597724818320692,0.5
False,-7.718558815888262,3.6369773128189866,False,population_projector_Pi0,10.0,-1.752095645494376,0.7514351121024505,0.06327273298682799,-11.215851815560491,5.1751900434912015,0.06327273325511669,,,False,100,6.340325886994833,population_only__M3__trust_0p5,200,population_only,0.3842936070415334,,,,,,,,,,,,development,1314.7734375,0.02518824693249674,1.872808739327613,0.9993655522164683,6.971196296113229,False,False,3.20855790397564,M3,20260805,35,success,3.20855790397564,0.5
True,-5.531339224324564,2.792824605717215,False,population_projector_Pi0,10.0,-1.0929822120343147,0.8562413370571121,0.0513766477500706,-8.922036053921639,3.9740138168533914,0.0513766479490967,,,False,500,28.982278309966205,population_only__M3__trust_0p5,1000,population_only,0.3842936070415334,,,,,,,,,,,,development,1314.7734375,0.02518824693249674,1.872808739327613,0.9993655522164683,4.831744302722202,False,False,2.463877395612803,M3,-1,35,success,2.463877395612803,0.5
False,-6.38378986642691,3.259042666429132,False,sim35_paired_query_upper_bound,10.0,-1.4678762230458657,0.7694630194236766,3.0174851035846086e-07,-10.261800923162616,4.6374128040805,3.0754813317519556e-07,,,False,100,6.262426939996658,oracle_projector__M3__trust_0p5,200,oracle_projector,0.3842936070415334,,,,,,2,,,,,,development,1332.59375,0.0,0.0,1.0,6.562175919175633,True,False,2.8747980173910794,M3,20260801,35,success,2.8747980173910794,0.5
False,-6.932541953951851,3.296225903429433,False,sim35_paired_query_upper_bound,10.0,-1.471098152325745,0.7445957671214821,3.1005820806443297e-07,-10.360339359354027,4.6903222124593995,3.160848863853774e-07,,,False,100,6.293517362995772,oracle_projector__M3__trust_0p5,200,oracle_projector,0.3842936070415334,,,,,,2,,,,,,development,1332.59375,0.0,0.0,1.0,5.828606030345605,True,False,2.9075973106037,M3,20260802,35,success,2.9075973106037,0.5
False,-5.723484883917295,3.2535665414389974,False,sim35_paired_query_upper_bound,10.0,-1.597907932035282,0.746998079422254,3.0771179945540685e-07,-10.247193865683709,4.629620622527438,3.1307129935067194e-07,,,False,100,5.4525838310073595,oracle_projector__M3__trust_0p5,200,oracle_projector,0.3842936070415334,,,,,,2,,,,,,development,1332.59375,0.0,0.0,1.0,4.393911634230091,True,False,2.8699675334496484,M3,20260803,35,success,2.8699675334496484,0.5
False,-6.962745754068677,3.112854294483048,False,sim35_paired_query_upper_bound,10.0,-1.2380621790416817,0.7497340718009251,2.91124422258746e-07,-9.863175856740934,4.429395942302728,2.9757473660566144e-07,,,False,100,5.348401914990973,oracle_projector__M3__trust_0p5,200,oracle_projector,0.3842936070415334,,,,,,2,,,,,,development,1332.59375,0.0,0.0,1.0,6.349150227123687,True,False,2.7458454123315383,M3,20260804,35,success,2.7458454123315383,0.5
False,-7.63038145303001,3.645211822182421,False,sim35_paired_query_upper_bound,10.0,-1.7787430229155077,0.7450551966243544,3.4136737423718415e-07,-11.234455402227042,5.186907232575796,3.463390690205221e-07,,,False,100,5.4880910989886615,oracle_projector__M3__trust_0p5,200,oracle_projector,0.3842936070415334,,,,,,2,,,,,,development,1332.59375,0.0,0.0,1.0,7.003378965961968,True,False,3.2154374127487104,M3,20260805,35,success,3.2154374127487104,0.5
True,-5.402206914404156,2.7840166944901514,False,sim35_paired_query_upper_bound,10.0,-1.1044533180127911,0.8553132043743074,2.101268882738667e-07,-8.893436704282081,3.961480712969132,2.1822070790139007e-07,,,False,500,28.845021147979423,oracle_projector__M3__trust_0p5,1000,oracle_projector,0.3842936070415334,,,,,,2,,,,,,development,1332.59375,0.0,0.0,1.0,4.756361485727242,True,False,2.4557781204114164,M3,-1,35,success,2.4557781204114164,0.5
False,-6.454547720354158,3.2809623552343177,False,population_projector_Pi0,10.0,-1.4791317408592901,0.7738419930438653,0.05584151747976644,-10.321020321336963,4.668603143063698,0.055841517514029264,,,False,100,5.591493518004427,population_only__M4__trust_0p5,200,population_only,0.3842936070415334,,,,,,,,,,,,development,1314.7734375,0.02518824693249674,1.872808739327613,0.9993655522164683,6.77048838219368,False,False,2.894465027694426,M4,20260801,35,success,2.894465027694426,0.5
False,-6.991080375333273,3.314645148908192,False,population_projector_Pi0,10.0,-1.4786593170528577,0.7503225915004399,0.057978556099556516,-10.409792143863292,4.716531640677254,0.05797855619690539,,,False,100,5.686724743020022,population_only__M4__trust_0p5,200,population_only,0.3842936070415334,,,,,,,,,,,,development,1314.7734375,0.02518824693249674,1.872808739327613,0.9993655522164683,5.97340053794106,False,False,2.9241988212365086,M4,20260802,35,success,2.9241988212365086,0.5
False,-5.850636940102745,3.2620263953498485,False,population_projector_Pi0,10.0,-1.5893585506603864,0.7544924277806164,0.05781613564161258,-10.270828843336087,4.64165846273461,0.05781613581634788,,,False,100,5.654073695011903,population_only__M4__trust_0p5,200,population_only,0.3842936070415334,,,,,,,,,,,,development,1314.7734375,0.02518824693249674,1.872808739327613,0.9993655522164683,4.5433423579236365,False,False,2.8777875717705776,M4,20260803,35,success,2.8777875717705776,0.5
False,-7.088750208830961,3.1548037664536763,False,population_projector_Pi0,10.0,-1.2614772210709426,0.7531638313744929,0.05591060654749425,-9.980526240829667,4.489087403370391,0.055910606831022946,,,False,100,5.585280080005759,population_only__M4__trust_0p5,200,population_only,0.3842936070415334,,,,,,,,,,,,development,1314.7734375,0.02518824693249674,1.872808739327613,0.9993655522164683,6.614766098565361,False,False,2.7831947886755564,M4,20260804,35,success,2.7831947886755564,0.5
False,-7.711548699163498,3.6523077145319554,False,population_projector_Pi0,10.0,-1.7704267066865809,0.7511819612618645,0.06159035612370776,-11.25232437139369,5.197004241239436,0.06159035642516958,,,False,100,6.408281004987657,population_only__M4__trust_0p5,200,population_only,0.3842936070415334,,,,,,,,,,,,development,1314.7734375,0.02518824693249674,1.872808739327613,0.9993655522164683,7.121434027909271,False,False,3.2220591516749084,M4,20260805,35,success,3.2220591516749084,0.5
True,-5.5232406296152465,2.8065058545004784,False,population_projector_Pi0,10.0,-1.1096719292657662,0.8559466158224313,0.05030408931910942,-8.964422983706012,3.993481373672104,0.05030408952734574,,,False,500,28.925853041029768,population_only__M4__trust_0p5,1000,population_only,0.3842936070415334,,,,,,,,,,,,development,1314.7734375,0.02518824693249674,1.872808739327613,0.9993655522164683,4.988240852885188,False,False,2.4759304426344637,M4,-1,35,success,2.4759304426344637,0.5
False,-6.365713817844329,3.2760779542815803,False,sim35_paired_query_upper_bound,10.0,-1.4889635021747831,0.7688729224507459,0.009643287038862684,-10.30711432080319,4.661652947611576,0.009643287250898835,,,False,100,6.338822632998927,oracle_projector__M4__trust_0p5,200,oracle_projector,0.3842936070415334,,,,,,2,,,,,,development,1332.59375,0.0,0.0,1.0,6.723783650714717,True,False,2.8898347329445673,M4,20260801,35,success,2.8898347329445673,0.5
False,-6.946939757721084,3.315927159940732,False,sim35_paired_query_upper_bound,10.0,-1.4915274499272377,0.7443772876458777,0.009750241190123389,-10.412129351850279,4.718355861770925,0.009750241161293999,,,False,100,6.336185360007221,oracle_projector__M4__trust_0p5,200,oracle_projector,0.3842936070415334,,,,,,2,,,,,,development,1332.59375,0.0,0.0,1.0,5.971108240053348,True,False,2.9249857734912186,M4,20260802,35,success,2.9249857734912186,0.5
False,-5.751850056338663,3.2727780978559813,False,sim35_paired_query_upper_bound,10.0,-1.6159362978397778,0.7461235971711652,0.009604180942354143,-10.298360796531178,4.656957459394336,0.00960418117705344,,,False,100,5.441007729008561,oracle_projector__M4__trust_0p5,200,oracle_projector,0.3842936070415334,,,,,,2,,,,,,development,1332.59375,0.0,0.0,1.0,4.525508439474542,True,False,2.8869238628777474,M4,20260803,35,success,2.8869238628777474,0.5
False,-6.978906434979687,3.137845696131013,False,sim35_paired_query_upper_bound,10.0,-1.2643766655285424,0.7490780540355486,0.009060837236641583,-9.932660320718778,4.464957135529196,0.009060836992106662,,,False,100,5.406586961995345,oracle_projector__M4__trust_0p5,200,oracle_projector,0.3842936070415334,,,,,,2,,,,,,development,1332.59375,0.0,0.0,1.0,6.518093769487091,True,False,2.7678994320029804,M4,20260804,35,success,2.7678994320029804,0.5
False,-7.619655574249633,3.6585048963185995,False,sim35_paired_query_upper_bound,10.0,-1.7952801612552731,0.7449420250041532,0.010852855657928564,-11.266103053512175,5.205822441277943,0.010852855859676748,,,False,100,5.492935432004742,oracle_projector__M4__trust_0p5,200,oracle_projector,0.3842936070415334,,,,,,2,,,,,,development,1332.59375,0.0,0.0,1.0,7.1497142570726275,True,False,3.2271744550487163,M4,20260805,35,success,3.2271744550487163,0.5
True,-5.387966121997985,2.7955076498764133,False,sim35_paired_query_upper_bound,10.0,-1.1193153978022727,0.8551031486055839,0.00779562963363643,-8.929240424869642,3.977831619997225,0.007795629736354187,,,False,500,29.015538116014795,oracle_projector__M4__trust_0p5,1000,oracle_projector,0.3842936070415334,,,,,,2,,,,,,development,1332.59375,0.0,0.0,1.0,4.908161259408928,True,False,2.4659218667049263,M4,-1,35,success,2.4659218667049263,0.5
False,0.6225436029574475,0.9414810001312788,False,population_projector_Pi0,10.0,0.7851731991791152,0.8444917755340955,0.2945264119672079,0.19983849113147106,1.3396682681638796,0.2945264121680749,,,False,1,0.06638623401522636,population_only__M5__trust_0p5,2,population_only,0.3842936070415334,,,,,,,,,,,,development,1314.7734375,0.02518824693249674,1.872808739327613,0.9993655522164683,0.8134619466870089,False,False,0.8620359264068249,M5,20260801,35,success,0.8620359264068249,0.5
False,0.6541507842429811,0.9355442047657679,False,population_projector_Pi0,10.0,0.7833223077233504,0.843563489610274,0.29308833170106485,0.25388881206065705,1.3312205816310145,0.293088331473695,,,False,1,0.07264093600679189,population_only__M5__trust_0p5,2,population_only,0.3842936070415334,,,,,,,,,,,,development,1314.7734375,0.02518824693249674,1.872808739327613,0.9993655522164683,0.8126993527828889,False,False,0.8566883280810405,M5,20260802,35,success,0.8566883280810405,0.5
False,0.6812605446804567,0.9315171707525284,False,population_projector_Pi0,10.0,0.7839752096269641,0.8457362272395254,0.2914836774800685,0.2920932477393975,1.3254903654273935,0.29148367737245645,,,False,1,0.07206250599119812,population_only__M5__trust_0p5,2,population_only,0.3842936070415334,,,,,,,,,,,,development,1314.7734375,0.02518824693249674,1.872808739327613,0.9993655522164683,0.8021944485062276,False,False,0.8529285036011853,M5,20260803,35,success,0.8529285036011853,0.5
False,0.6537953295582367,0.9356717081004737,False,population_projector_Pi0,10.0,0.785176989520365,0.844911502076948,0.29290046561352484,0.25319141810876433,1.3314020108596094,0.29290046561189353,,,False,1,0.07136529602576047,population_only__M5__trust_0p5,2,population_only,0.3842936070415334,,,,,,,,,,,,development,1314.7734375,0.02518824693249674,1.872808739327613,0.9993655522164683,0.8000753824155352,False,False,0.8567571147302996,M5,20260804,35,success,0.8567571147302996,0.5
False,0.616577646936102,0.9372122530167062,False,population_projector_Pi0,10.0,0.7844860111693249,0.84794119943314,0.2918773835659195,0.2421022514851769,1.3335941094146202,0.2918773835331622,,,False,1,0.07133172202156857,population_only__M5__trust_0p5,2,population_only,0.3842936070415334,,,,,,,,,,,,development,1314.7734375,0.02518824693249674,1.872808739327613,0.9993655522164683,0.8287898822040514,False,False,0.857851624343682,M5,20260805,35,success,0.857851624343682,0.5
True,0.6648832975552674,0.9316251351054835,False,population_projector_Pi0,10.0,0.8449249726835457,0.8705150583000045,0.21170300702390515,0.44124800594608166,1.3256439919134582,0.2117030069917458,,,False,5,0.3537866940605454,population_only__M5__trust_0p5,10,population_only,0.3842936070415334,,,,,,,,,,,,development,1314.7734375,0.02518824693249674,1.872808739327613,0.9993655522164683,0.8035526991888639,False,False,0.8384069895088694,M5,-1,35,success,0.8384069895088694,0.5
False,0.6225436004346423,0.9414810009003654,False,sim35_paired_query_upper_bound,10.0,0.7851731983379461,0.8444917763066193,0.2945264141604426,0.199838479897167,1.3396682692582413,0.29452641436130994,,,False,1,0.08013783401111141,oracle_projector__M5__trust_0p5,2,oracle_projector,0.3842936070415334,,,,,,2,,,,,,development,1332.59375,0.0,0.0,1.0,0.8134619501878141,True,False,0.8620359275217797,M5,20260801,35,success,0.8620359275217797,0.5
False,0.6541507614679754,0.93554420701448,False,sim35_paired_query_upper_bound,10.0,0.7833223070625003,0.843563490725168,0.29308833452763017,0.25388878665075604,1.3312205848307905,0.2930883343002608,,,False,1,0.08725722899544053,oracle_projector__M5__trust_0p5,2,oracle_projector,0.3842936070415334,,,,,,2,,,,,,development,1332.59375,0.0,0.0,1.0,0.8126993551117622,True,False,0.8566883305872163,M5,20260802,35,success,0.8566883305872163,0.5
False,0.6812605111097938,0.931517174671498,False,sim35_paired_query_upper_bound,10.0,0.7839752088360927,0.8457362282114357,0.291483679751709,0.29209320895719987,1.3254903710038408,0.2914836796440975,,,False,1,0.08680449897656217,oracle_projector__M5__trust_0p5,2,oracle_projector,0.3842936070415334,,,,,,2,,,,,,development,1332.59375,0.0,0.0,1.0,0.8021944494814486,True,False,0.8529285074094818,M5,20260803,35,success,0.8529285074094818,0.5
False,0.6537953783691385,0.9356717050008967,False,sim35_paired_query_upper_bound,10.0,0.78517698897937,0.8449115035673288,0.2929004695627727,0.2531914363840611,1.3314020064491061,0.29290046956114146,,,False,1,0.08661543999915011,oracle_projector__M5__trust_0p5,2,oracle_projector,0.3842936070415334,,,,,,2,,,,,,development,1332.59375,0.0,0.0,1.0,0.8000753767535645,True,False,0.8567571129276643,M5,20260804,35,success,0.8567571129276643,0.5
False,0.6165776768468079,0.9372122517371714,False,sim35_paired_query_upper_bound,10.0,0.784486010831229,0.8479412005566037,0.29187738558914844,0.24210225820690504,1.3335941075939226,0.2918773855563914,,,False,1,0.08675148099428043,oracle_projector__M5__trust_0p5,2,oracle_projector,0.3842936070415334,,,,,,2,,,,,,development,1332.59375,0.0,0.0,1.0,0.8287898856730624,True,False,0.8578516236798186,M5,20260805,35,success,0.8578516236798186,0.5
True,0.6648832931216799,0.9316251365338512,False,sim35_paired_query_upper_bound,10.0,0.8449249728265418,0.8705150588910692,0.211703010114214,0.44124798817422045,1.3256439939459355,0.21170301008205483,,,False,5,0.42756648297654465,oracle_projector__M5__trust_0p5,10,oracle_projector,0.3842936070415334,,,,,,2,,,,,,development,1332.59375,0.0,0.0,1.0,0.803552699940489,True,False,0.8384069912243014,M5,-1,35,success,0.8384069912243014,0.5
False,-1.525861482138574,1.6772534881981338,False,population_projector_Pi0,10.0,-1.7919109087448812,0.056281764679943024,3.7177377478582967,-11.383070651304807,2.3866262574527863,3.7177377476362343,,,False,100,5.522277277021203,population_only__M0__trust_1,200,population_only,0.3842936070415334,,,,,,,,,,,,development,1314.7734375,0.02518824693249674,1.872808739327613,0.9993655522164683,6.561321958561543,False,False,3.270926784282555,M0,20260801,35,success,3.270926784282555,1.0
False,-1.380299060837598,1.7261421437401647,False,population_projector_Pi0,10.0,-1.6083847990452118,0.012057769771549261,3.236225298646031,-10.518057441126263,2.4561917404457736,3.236225298226863,,,False,100,5.635994109994499,population_only__M0__trust_1,200,population_only,0.3842936070415334,,,,,,,,,,,,development,1314.7734375,0.02518824693249674,1.872808739327613,0.9993655522164683,5.025249315347707,False,False,2.9608756102734346,M0,20260802,35,success,2.9608756102734346,1.0
False,-1.8281659010586393,1.9534451076915658,False,population_projector_Pi0,10.0,-1.7554116312110883,-0.03351024832027214,3.312189933897481,-10.96803810622857,2.7796295666183988,3.3121899338128284,,,False,100,4.9046005429991055,population_only__M0__trust_1,200,population_only,0.3842936070415334,,,,,,,,,,,,development,1314.7734375,0.02518824693249674,1.872808739327613,0.9993655522164683,6.67686573138963,False,False,3.118309342201258,M0,20260803,35,success,3.118309342201258,1.0
False,-3.739336379796383,2.2213404085740502,False,population_projector_Pi0,10.0,-2.112915968587632,0.012009850220269305,3.862239552968296,-12.237044738353111,3.1608277360264236,3.862239552736698,,,False,100,5.55662351398496,population_only__M0__trust_1,200,population_only,0.3842936070415334,,,,,,,,,,,,development,1314.7734375,0.02518824693249674,1.872808739327613,0.9993655522164683,6.837805978467545,False,False,3.608855785417109,M0,20260804,35,success,3.608855785417109,1.0
False,-2.361489560759621,1.8107654328778455,False,population_projector_Pi0,10.0,-1.65921141047974,0.048203633703865385,3.4466481339887993,-11.030843990648478,2.576605360252865,3.44664813401495,,,False,100,5.753884480014676,population_only__M0__trust_1,200,population_only,0.3842936070415334,,,,,,,,,,,,development,1314.7734375,0.02518824693249674,1.872808739327613,0.9993655522164683,5.570512426336694,False,False,3.1409389130361096,M0,20260805,35,success,3.1409389130361096,1.0
True,2.620609164568295,1.0530130779384441,False,population_projector_Pi0,10.0,-0.7193303125333015,0.03985236432530064,2.124861529819112,-6.703913172372581,1.4983714023745647,2.1248615297813958,,,False,500,27.373379924014444,population_only__M0__trust_1,1000,population_only,0.3842936070415334,,,,,,,,,,,,development,1314.7734375,0.02518824693249674,1.872808739327613,0.9993655522164683,1.4909915192682235,False,False,1.9085913408618709,M0,-1,35,success,1.9085913408618709,1.0
False,-1.52741167250336,1.6774018346338326,False,sim35_paired_query_upper_bound,10.0,-1.7920394098599641,0.056277510142340455,3.717897706902069,-11.383525073948903,2.386837345103597,3.7178977066800605,,,False,100,5.588395427010255,oracle_projector__M0__trust_1,200,oracle_projector,0.3842936070415334,,,,,,2,,,,,,development,1332.59375,0.0,0.0,1.0,6.562019820838635,True,False,3.271097914948771,M0,20260801,35,success,3.271097914948771,1.0
False,-1.3818063107446807,1.726273451684303,False,sim35_paired_query_upper_bound,10.0,-1.6082744447229125,0.012049418513430851,3.2361365669092383,-10.518057011374323,2.456378583394378,3.236136566490129,,,False,100,6.326431772991782,oracle_projector__M0__trust_1,200,oracle_projector,0.3842936070415334,,,,,,2,,,,,,development,1332.59375,0.0,0.0,1.0,5.026730957717812,True,False,2.960875463778135,M0,20260802,35,success,2.960875463778135,1.0
False,-1.8299633166167826,1.9535606951091549,False,sim35_paired_query_upper_bound,10.0,-1.7553693716147007,-0.03351417702624753,3.3121295836432947,-10.968085110498574,2.7797940402461423,3.3121295835587152,,,False,100,5.42342083202675,oracle_projector__M0__trust_1,200,oracle_projector,0.3842936070415334,,,,,,2,,,,,,development,1332.59375,0.0,0.0,1.0,6.6786355617716,True,False,3.1183262171855115,M0,20260803,35,success,3.1183262171855115,1.0
False,-3.740936428240964,2.221720400487792,False,sim35_paired_query_upper_bound,10.0,-2.113060130677019,0.011992103560490207,3.86224464230744,-12.237490849732646,3.1613684406279265,3.8622446420759013,,,False,100,5.350194511003792,oracle_projector__M0__trust_1,200,oracle_projector,0.3842936070415334,,,,,,2,,,,,,development,1332.59375,0.0,0.0,1.0,6.8385809688267765,True,False,3.6090411427086133,M0,20260804,35,success,3.6090411427086133,1.0
False,-2.362288221400208,1.8108462708607067,False,sim35_paired_query_upper_bound,10.0,-1.6591669862383913,0.048205045650670665,3.4465387419471045,-11.030739887077626,2.5767203876198392,3.4465387419734808,,,False,100,5.3428435009846,oracle_projector__M0__trust_1,200,oracle_projector,0.3842936070415334,,,,,,2,,,,,,development,1332.59375,0.0,0.0,1.0,5.571526355246312,True,False,3.1409012679576196,M0,20260805,35,success,3.1409012679576196,1.0
True,2.6199791522238587,1.0529939270969364,False,sim35_paired_query_upper_bound,10.0,-0.7192442379227104,0.03984013683394256,2.1247919965049697,-6.703658840886067,1.4983441519311962,2.124791996467414,,,False,500,28.03128604401718,oracle_projector__M0__trust_1,1000,oracle_projector,0.3842936070415334,,,,,,2,,,,,,development,1332.59375,0.0,0.0,1.0,1.491322966719614,True,False,1.9085354562275445,M0,-1,35,success,1.9085354562275445,1.0
False,0.5508565319143468,0.9489634804069512,False,population_projector_Pi0,10.0,0.767093754780124,0.8392443719681256,0.32309668129417085,0.07386287057655778,1.3503153671399426,0.3230966815176512,,,False,50,2.7066223389992956,population_only__M1__trust_1,100,population_only,0.3842936070415334,,,,,,,,,,,,development,1314.7734375,0.02518824693249674,1.872808739327613,0.9993655522164683,0.8382668948451552,False,False,0.8746295515549248,M1,20260801,35,success,0.8746295515549248,1.0
False,0.5782972020222398,0.9434383386946685,False,population_projector_Pi0,10.0,0.7654532164604775,0.8379787544347764,0.32127324323549283,0.12445128521185272,1.3424534378731579,0.32127324307115274,,,False,50,2.803313672018703,population_only__M1__trust_1,100,population_only,0.3842936070415334,,,,,,,,,,,,development,1314.7734375,0.02518824693249674,1.872808739327613,0.9993655522164683,0.8345768863109241,False,False,0.8695503340247777,M1,20260802,35,success,0.8695503340247777,1.0
False,0.6023835571974707,0.9398662634780505,False,population_projector_Pi0,10.0,0.7670125807808597,0.8401259168366971,0.3188913415642701,0.16005490073541348,1.3373705994318823,0.31889134150130527,,,False,50,2.8096222760214005,population_only__M1__trust_1,100,population_only,0.3842936070415334,,,,,,,,,,,,development,1314.7734375,0.02518824693249674,1.872808739327613,0.9993655522164683,0.8274585864535786,False,False,0.8659933268968688,M1,20260803,35,success,0.8659933268968688,1.0
False,0.5826668098109115,0.9431615878275679,False,population_projector_Pi0,10.0,0.7676831154320358,0.8398843467845098,0.31945394186125786,0.13091190000847763,1.3420596387898096,0.31945394201861643,,,False,50,2.813314855011413,population_only__M1__trust_1,100,population_only,0.3842936070415334,,,,,,,,,,,,development,1314.7734375,0.02518824693249674,1.872808739327613,0.9993655522164683,0.823018562159136,False,False,0.8689037979508412,M1,20260804,35,success,0.8689037979508412,1.0
False,0.5474715115049668,0.9445189927150561,False,population_projector_Pi0,10.0,0.7669707705543455,0.843049034619255,0.3190436390272524,0.12038384341769767,1.3439911405987308,0.3190436389793275,,,False,50,2.8160355029976927,population_only__M1__trust_1,100,population_only,0.3842936070415334,,,,,,,,,,,,development,1314.7734375,0.02518824693249674,1.872808739327613,0.9993655522164683,0.8518819765012138,False,False,0.8699576237518094,M1,20260805,35,success,0.8699576237518094,1.0
True,0.5953116724507982,0.9381988885353176,False,population_projector_Pi0,10.0,0.8551314331806283,0.8743265433889456,0.20228573201644098,0.3972114729762044,1.3349980297235193,0.20228573207250342,,,False,250,13.948908645048505,population_only__M1__trust_1,500,population_only,0.3842936070415334,,,,,,,,,,,,development,1314.7734375,0.02518824693249674,1.872808739327613,0.9993655522164683,0.8218571414726316,False,False,0.8426684167817612,M1,-1,35,success,0.8426684167817612,1.0
False,0.5508566763894833,0.9489634715015329,False,sim35_paired_query_upper_bound,10.0,0.7670937555529524,0.8392443720683055,0.32309668213556736,0.07386294333885908,1.3503153544680921,0.32309668235904776,,,False,50,2.710381848999532,oracle_projector__M1__trust_1,100,oracle_projector,0.3842936070415334,,,,,,2,,,,,,development,1332.59375,0.0,0.0,1.0,0.8382668927047916,True,False,0.8746295442280924,M1,20260801,35,success,0.8746295442280924,1.0
False,0.5782971459856898,0.9434383444721544,False,sim35_paired_query_upper_bound,10.0,0.7654532161638842,0.837978754279238,0.32127324728243434,0.12445122729531939,1.342453446094157,0.3212732471180939,,,False,50,2.721661479008617,oracle_projector__M1__trust_1,100,oracle_projector,0.3842936070415334,,,,,,2,,,,,,development,1332.59375,0.0,0.0,1.0,0.8345768937871292,True,False,0.8695503398228411,M1,20260802,35,success,0.8695503398228411,1.0
False,0.6023837133042325,0.9398662538343027,False,sim35_paired_query_upper_bound,10.0,0.7670125825631942,0.8401259190769992,0.31889134220379733,0.1600549809640983,1.3373705857094358,0.31889134214083187,,,False,50,2.6821548320003785,oracle_projector__M1__trust_1,100,oracle_projector,0.3842936070415334,,,,,,2,,,,,,development,1332.59375,0.0,0.0,1.0,0.8274585786107196,True,False,0.8659933188979756,M1,20260803,35,success,0.8659933188979756,1.0
False,0.5826668577665425,0.9431615857396433,False,sim35_paired_query_upper_bound,10.0,0.7676831153444494,0.8398843491170093,0.3194539422038245,0.13091191686144293,1.3420596358188241,0.3194539423611828,,,False,50,2.664298971008975,oracle_projector__M1__trust_1,100,oracle_projector,0.3842936070415334,,,,,,2,,,,,,development,1332.59375,0.0,0.0,1.0,0.8230185674954915,True,False,0.8689037962649336,M1,20260804,35,success,0.8689037962649336,1.0
False,0.5474714835641596,0.9445189950766907,False,sim35_paired_query_upper_bound,10.0,0.7669707691946235,0.8430490348433811,0.31904363920344847,0.12038382310107643,1.3439911439591883,0.3190436391555236,,,False,50,2.824595148995286,oracle_projector__M1__trust_1,100,oracle_projector,0.3842936070415334,,,,,,2,,,,,,development,1332.59375,0.0,0.0,1.0,0.8518819742271407,True,False,0.8699576257866727,M1,20260805,35,success,0.8699576257866727,1.0
True,0.595311727206562,0.9381988862984278,False,sim35_paired_query_upper_bound,10.0,0.8551314330672294,0.8743265446059585,0.20228573342253267,0.39721149080849477,1.3349980265405659,0.20228573347859446,,,False,250,13.603092280012788,oracle_projector__M1__trust_1,500,oracle_projector,0.3842936070415334,,,,,,2,,,,,,development,1332.59375,0.0,0.0,1.0,0.821857141152442,True,False,0.8426684150517475,M1,-1,35,success,0.8426684150517475,1.0
False,-1.4991009073536523,1.6730358237243157,False,population_projector_Pi0,10.0,-0.2848530155756466,0.6668794323969763,0.041634923844121756,-4.472232564226154,2.3806247860895318,0.041634923623961796,,,False,100,5.644232726976043,population_only__M2__trust_1,200,population_only,0.3842936070415334,,,,,,,,,,,,development,1314.7734375,0.02518824693249674,1.872808739327613,0.9993655522164683,0.6848969325050475,False,False,1.476144656379165,M2,20260801,35,success,1.476144656379165,1.0
False,-1.3699771168118215,1.726586389164885,False,population_projector_Pi0,10.0,-0.3887324737284481,0.6577728428768673,0.04275051287242328,-4.74587257892511,2.4568238737535,0.04275051278223387,,,False,100,5.553892755007837,population_only__M2__trust_1,200,population_only,0.3842936070415334,,,,,,,,,,,,development,1314.7734375,0.02518824693249674,1.872808739327613,0.9993655522164683,0.8762688947902315,False,False,1.5233893652290265,M2,20260802,35,success,1.5233893652290265,1.0
False,-1.8114517814066002,1.951397733851044,False,population_projector_Pi0,10.0,-0.6158353292831253,0.5682430934871475,0.04633290059393087,-5.808852856211435,2.776716282370673,0.04633290052459903,,,False,100,5.6466521749971434,population_only__M2__trust_1,200,population_only,0.3842936070415334,,,,,,,,,,,,development,1314.7734375,0.02518824693249674,1.872808739327613,0.9993655522164683,0.9774228325785915,False,False,1.721709728008885,M2,20260803,35,success,1.721709728008885,1.0
False,-3.723841746537639,2.2140245293486633,False,population_projector_Pi0,10.0,-0.6687055303739686,0.5563665179819125,0.04775423807275342,-6.90524702553153,3.1504176998699807,0.047754238133458575,,,False,100,5.5730226439773105,population_only__M2__trust_1,200,population_only,0.3842936070415334,,,,,,,,,,,,development,1314.7734375,0.02518824693249674,1.872808739327613,0.9993655522164683,0.7284900647969266,False,False,1.9533480881154683,M2,20260804,35,success,1.9533480881154683,1.0
False,-2.3594097624801407,1.8098101297365314,False,population_projector_Pi0,10.0,-0.4373396735902697,0.6394550482846315,0.04224035670826199,-5.154531919095565,2.5752460239468564,0.042240356476223775,,,False,100,6.291876820992911,population_only__M2__trust_1,200,population_only,0.3842936070415334,,,,,,,,,,,,development,1314.7734375,0.02518824693249674,1.872808739327613,0.9993655522164683,0.7900327984566747,False,False,1.5967755957364111,M2,20260805,35,success,1.5967755957364111,1.0
True,2.6084445330480035,1.0548473783924435,False,population_projector_Pi0,10.0,0.06143726018849871,0.8006008435638431,0.033023804817517675,-0.4671594555627907,1.5009814965901238,0.0330238046792944,,,False,500,28.709677121951245,population_only__M2__trust_1,1000,population_only,0.3842936070415334,,,,,,,,,,,,development,1314.7734375,0.02518824693249674,1.872808739327613,0.9993655522164683,0.4031480157043335,False,False,0.9308404839683757,M2,-1,35,success,0.9308404839683757,1.0
False,-1.5274117788934554,1.6774018492939244,False,sim35_paired_query_upper_bound,10.0,-0.28785296857154674,0.6586872059090062,2.251060712296509e-07,-4.4927423496119765,2.386837365963986,2.330675381343281e-07,,,False,100,6.2555517200089525,oracle_projector__M2__trust_1,200,oracle_projector,0.3842936070415334,,,,,,2,,,,,,development,1332.59375,0.0,0.0,1.0,0.7044874035206942,True,False,1.4796343602343518,M2,20260801,35,success,1.4796343602343518,1.0
False,-1.3818063860477903,1.7262734633800638,False,sim35_paired_query_upper_bound,10.0,-0.38705593278754513,0.6491914275810382,2.191656909358854e-07,-4.742191890499763,2.4563786000367105,2.2645350920932155e-07,,,False,100,5.494168728007935,oracle_projector__M2__trust_1,200,oracle_projector,0.3842936070415334,,,,,,2,,,,,,development,1332.59375,0.0,0.0,1.0,0.8995892628459697,True,False,1.5227439582548865,M2,20260802,35,success,1.5227439582548865,1.0
False,-1.8299633942472802,1.9535607117787643,False,sim35_paired_query_upper_bound,10.0,-0.6177519405115348,0.5606539146362055,2.3369068454056278e-07,-5.816538251126958,2.7797940639659484,2.4184796491443987e-07,,,False,100,5.517208328994457,oracle_projector__M2__trust_1,200,oracle_projector,0.3842936070415334,,,,,,2,,,,,,development,1332.59375,0.0,0.0,1.0,1.004440758078885,True,False,1.7232337946738672,M2,20260803,35,success,1.7232337946738672,1.0
False,-3.7409364759368415,2.221720410596901,False,sim35_paired_query_upper_bound,10.0,-0.6740834516767342,0.5493055329305452,2.5035080109362357e-07,-6.933788096823631,3.161368455012553,2.5806307268194215e-07,,,False,100,5.469483300024876,oracle_projector__M2__trust_1,200,oracle_projector,0.3842936070415334,,,,,,2,,,,,,development,1332.59375,0.0,0.0,1.0,0.7546309979086793,True,False,1.9597771754793818,M2,20260804,35,success,1.9597771754793818,1.0
False,-2.362288269142476,1.8108462865672212,False,sim35_paired_query_upper_bound,10.0,-0.43776832092481244,0.632218605394823,2.268683558488342e-07,-5.157631737049905,2.576720409969222,2.3528356207260582e-07,,,False,100,5.501561225974001,oracle_projector__M2__trust_1,200,oracle_projector,0.3842936070415334,,,,,,2,,,,,,development,1332.59375,0.0,0.0,1.0,0.8131669823972862,True,False,1.5973455542781747,M2,20260805,35,success,1.5973455542781747,1.0
True,2.6199790545568984,1.0529939361828966,False,sim35_paired_query_upper_bound,10.0,0.06277166194712558,0.7969788771964815,1.252123939721861e-07,-0.4485174049084462,1.4983441648599463,1.3922226810875365e-07,,,False,500,28.23797330301022,oracle_projector__M2__trust_1,1000,oracle_projector,0.3842936070415334,,,,,,2,,,,,,development,1332.59375,0.0,0.0,1.0,0.4125491507107877,True,False,0.9288448142289011,M2,-1,35,success,0.9288448142289011,1.0
False,-6.469579525163845,3.261894166377743,False,population_projector_Pi0,10.0,-1.4560945197435107,0.7745775432638862,0.05720766236191084,-10.270454234011384,4.641470309221116,0.05720766237033536,,,False,100,5.616116402990883,population_only__M3__trust_1,200,population_only,0.3842936070415334,,,,,,,,,,,,development,1314.7734375,0.02518824693249674,1.872808739327613,0.9993655522164683,6.6034325166121475,False,False,2.877663459807739,M3,20260801,35,success,2.877663459807739,1.0
False,-6.971073994022027,3.2929733940434316,False,population_projector_Pi0,10.0,-1.456760202739777,0.750677958024431,0.05925534739953881,-10.352877054736405,4.685694096102592,0.05925534750516119,,,False,100,5.6153958439826965,population_only__M3__trust_1,200,population_only,0.3842936070415334,,,,,,,,,,,,development,1314.7734375,0.02518824693249674,1.872808739327613,0.9993655522164683,5.824124395878009,False,False,2.9051003805274034,M3,20260802,35,success,2.9051003805274034,1.0
False,-5.817323044326267,3.240800927926999,False,population_projector_Pi0,10.0,-1.5697360669979066,0.7554927507822587,0.05905084712625827,-10.214187902059233,4.611455957129746,0.05905084726326978,,,False,100,5.170486771996366,population_only__M3__trust_1,200,population_only,0.3842936070415334,,,,,,,,,,,,development,1314.7734375,0.02518824693249674,1.872808739327613,0.9993655522164683,4.407634678159765,False,False,2.8590824890276934,M3,20260803,35,success,2.8590824890276934,1.0
False,-7.069277796858603,3.128231861875785,False,population_projector_Pi0,10.0,-1.2337472074014677,0.7539170506099429,0.05700656275848334,-9.907119787835946,4.451277253847761,0.05700656309188781,,,False,100,5.6433179159939755,population_only__M3__trust_1,200,population_only,0.3842936070415334,,,,,,,,,,,,development,1314.7734375,0.02518824693249674,1.872808739327613,0.9993655522164683,6.440180380338848,False,False,2.7597724818320692,M3,20260804,35,success,2.7597724818320692,1.0
False,-7.718558815888262,3.6369773128189866,False,population_projector_Pi0,10.0,-1.752095645494376,0.7514351121024505,0.06327273298682799,-11.215851815560491,5.1751900434912015,0.06327273325511669,,,False,100,5.617111222003587,population_only__M3__trust_1,200,population_only,0.3842936070415334,,,,,,,,,,,,development,1314.7734375,0.02518824693249674,1.872808739327613,0.9993655522164683,6.971196296113229,False,False,3.20855790397564,M3,20260805,35,success,3.20855790397564,1.0
True,-5.531339224324564,2.792824605717215,False,population_projector_Pi0,10.0,-1.0929822120343147,0.8562413370571121,0.0513766477500706,-8.922036053921639,3.9740138168533914,0.0513766479490967,,,False,500,27.662428156967508,population_only__M3__trust_1,1000,population_only,0.3842936070415334,,,,,,,,,,,,development,1314.7734375,0.02518824693249674,1.872808739327613,0.9993655522164683,4.831744302722202,False,False,2.463877395612803,M3,-1,35,success,2.463877395612803,1.0
False,-6.38378986642691,3.259042666429132,False,sim35_paired_query_upper_bound,10.0,-1.4678762230458657,0.7694630194236766,3.0174851035846086e-07,-10.261800923162616,4.6374128040805,3.0754813317519556e-07,,,False,100,5.555524992989376,oracle_projector__M3__trust_1,200,oracle_projector,0.3842936070415334,,,,,,2,,,,,,development,1332.59375,0.0,0.0,1.0,6.562175919175633,True,False,2.8747980173910794,M3,20260801,35,success,2.8747980173910794,1.0
False,-6.932541953951851,3.296225903429433,False,sim35_paired_query_upper_bound,10.0,-1.471098152325745,0.7445957671214821,3.1005820806443297e-07,-10.360339359354027,4.6903222124593995,3.160848863853774e-07,,,False,100,5.528257917991141,oracle_projector__M3__trust_1,200,oracle_projector,0.3842936070415334,,,,,,2,,,,,,development,1332.59375,0.0,0.0,1.0,5.828606030345605,True,False,2.9075973106037,M3,20260802,35,success,2.9075973106037,1.0
False,-5.723484883917295,3.2535665414389974,False,sim35_paired_query_upper_bound,10.0,-1.597907932035282,0.746998079422254,3.0771179945540685e-07,-10.247193865683709,4.629620622527438,3.1307129935067194e-07,,,False,100,5.535414580983343,oracle_projector__M3__trust_1,200,oracle_projector,0.3842936070415334,,,,,,2,,,,,,development,1332.59375,0.0,0.0,1.0,4.393911634230091,True,False,2.8699675334496484,M3,20260803,35,success,2.8699675334496484,1.0
False,-6.962745754068677,3.112854294483048,False,sim35_paired_query_upper_bound,10.0,-1.2380621790416817,0.7497340718009251,2.91124422258746e-07,-9.863175856740934,4.429395942302728,2.9757473660566144e-07,,,False,100,5.506584481976461,oracle_projector__M3__trust_1,200,oracle_projector,0.3842936070415334,,,,,,2,,,,,,development,1332.59375,0.0,0.0,1.0,6.349150227123687,True,False,2.7458454123315383,M3,20260804,35,success,2.7458454123315383,1.0
False,-7.63038145303001,3.645211822182421,False,sim35_paired_query_upper_bound,10.0,-1.7787430229155077,0.7450551966243544,3.4136737423718415e-07,-11.234455402227042,5.186907232575796,3.463390690205221e-07,,,False,100,5.552157610974973,oracle_projector__M3__trust_1,200,oracle_projector,0.3842936070415334,,,,,,2,,,,,,development,1332.59375,0.0,0.0,1.0,7.003378965961968,True,False,3.2154374127487104,M3,20260805,35,success,3.2154374127487104,1.0
True,-5.402206914404156,2.7840166944901514,False,sim35_paired_query_upper_bound,10.0,-1.1044533180127911,0.8553132043743074,2.101268882738667e-07,-8.893436704282081,3.961480712969132,2.1822070790139007e-07,,,False,500,27.677939584915293,oracle_projector__M3__trust_1,1000,oracle_projector,0.3842936070415334,,,,,,2,,,,,,development,1332.59375,0.0,0.0,1.0,4.756361485727242,True,False,2.4557781204114164,M3,-1,35,success,2.4557781204114164,1.0
False,-6.454547720354158,3.2809623552343177,False,population_projector_Pi0,10.0,-1.4791317408592901,0.7738419930438653,0.05584151747976644,-10.321020321336963,4.668603143063698,0.055841517514029264,,,False,100,5.673241151002003,population_only__M4__trust_1,200,population_only,0.3842936070415334,,,,,,,,,,,,development,1314.7734375,0.02518824693249674,1.872808739327613,0.9993655522164683,6.77048838219368,False,False,2.894465027694426,M4,20260801,35,success,2.894465027694426,1.0
False,-6.991080375333273,3.314645148908192,False,population_projector_Pi0,10.0,-1.4786593170528577,0.7503225915004399,0.057978556099556516,-10.409792143863292,4.716531640677254,0.05797855619690539,,,False,100,5.858221078000497,population_only__M4__trust_1,200,population_only,0.3842936070415334,,,,,,,,,,,,development,1314.7734375,0.02518824693249674,1.872808739327613,0.9993655522164683,5.97340053794106,False,False,2.9241988212365086,M4,20260802,35,success,2.9241988212365086,1.0
False,-5.850636940102745,3.2620263953498485,False,population_projector_Pi0,10.0,-1.5893585506603864,0.7544924277806164,0.05781613564161258,-10.270828843336087,4.64165846273461,0.05781613581634788,,,False,100,6.4210975489986595,population_only__M4__trust_1,200,population_only,0.3842936070415334,,,,,,,,,,,,development,1314.7734375,0.02518824693249674,1.872808739327613,0.9993655522164683,4.5433423579236365,False,False,2.8777875717705776,M4,20260803,35,success,2.8777875717705776,1.0
False,-7.088750208830961,3.1548037664536763,False,population_projector_Pi0,10.0,-1.2614772210709426,0.7531638313744929,0.05591060654749425,-9.980526240829667,4.489087403370391,0.055910606831022946,,,False,100,5.73436698000296,population_only__M4__trust_1,200,population_only,0.3842936070415334,,,,,,,,,,,,development,1314.7734375,0.02518824693249674,1.872808739327613,0.9993655522164683,6.614766098565361,False,False,2.7831947886755564,M4,20260804,35,success,2.7831947886755564,1.0
False,-7.711548699163498,3.6523077145319554,False,population_projector_Pi0,10.0,-1.7704267066865809,0.7511819612618645,0.06159035612370776,-11.25232437139369,5.197004241239436,0.06159035642516958,,,False,100,5.57128096598899,population_only__M4__trust_1,200,population_only,0.3842936070415334,,,,,,,,,,,,development,1314.7734375,0.02518824693249674,1.872808739327613,0.9993655522164683,7.121434027909271,False,False,3.2220591516749084,M4,20260805,35,success,3.2220591516749084,1.0
True,-5.5232406296152465,2.8065058545004784,False,population_projector_Pi0,10.0,-1.1096719292657662,0.8559466158224313,0.05030408931910942,-8.964422983706012,3.993481373672104,0.05030408952734574,,,False,500,29.25820772399311,population_only__M4__trust_1,1000,population_only,0.3842936070415334,,,,,,,,,,,,development,1314.7734375,0.02518824693249674,1.872808739327613,0.9993655522164683,4.988240852885188,False,False,2.4759304426344637,M4,-1,35,success,2.4759304426344637,1.0
False,-6.365713817844329,3.2760779542815803,False,sim35_paired_query_upper_bound,10.0,-1.4889635021747831,0.7688729224507459,0.009643287038862684,-10.30711432080319,4.661652947611576,0.009643287250898835,,,False,100,5.447607423993759,oracle_projector__M4__trust_1,200,oracle_projector,0.3842936070415334,,,,,,2,,,,,,development,1332.59375,0.0,0.0,1.0,6.723783650714717,True,False,2.8898347329445673,M4,20260801,35,success,2.8898347329445673,1.0
False,-6.946939757721084,3.315927159940732,False,sim35_paired_query_upper_bound,10.0,-1.4915274499272377,0.7443772876458777,0.009750241190123389,-10.412129351850279,4.718355861770925,0.009750241161293999,,,False,100,5.600581033999333,oracle_projector__M4__trust_1,200,oracle_projector,0.3842936070415334,,,,,,2,,,,,,development,1332.59375,0.0,0.0,1.0,5.971108240053348,True,False,2.9249857734912186,M4,20260802,35,success,2.9249857734912186,1.0
False,-5.751850056338663,3.2727780978559813,False,sim35_paired_query_upper_bound,10.0,-1.6159362978397778,0.7461235971711652,0.009604180942354143,-10.298360796531178,4.656957459394336,0.00960418117705344,,,False,100,6.367979193979409,oracle_projector__M4__trust_1,200,oracle_projector,0.3842936070415334,,,,,,2,,,,,,development,1332.59375,0.0,0.0,1.0,4.525508439474542,True,False,2.8869238628777474,M4,20260803,35,success,2.8869238628777474,1.0
False,-6.978906434979687,3.137845696131013,False,sim35_paired_query_upper_bound,10.0,-1.2643766655285424,0.7490780540355486,0.009060837236641583,-9.932660320718778,4.464957135529196,0.009060836992106662,,,False,100,6.442652477009688,oracle_projector__M4__trust_1,200,oracle_projector,0.3842936070415334,,,,,,2,,,,,,development,1332.59375,0.0,0.0,1.0,6.518093769487091,True,False,2.7678994320029804,M4,20260804,35,success,2.7678994320029804,1.0
False,-7.619655574249633,3.6585048963185995,False,sim35_paired_query_upper_bound,10.0,-1.7952801612552731,0.7449420250041532,0.010852855657928564,-11.266103053512175,5.205822441277943,0.010852855859676748,,,False,100,6.310416937980335,oracle_projector__M4__trust_1,200,oracle_projector,0.3842936070415334,,,,,,2,,,,,,development,1332.59375,0.0,0.0,1.0,7.1497142570726275,True,False,3.2271744550487163,M4,20260805,35,success,3.2271744550487163,1.0
True,-5.387966121997985,2.7955076498764133,False,sim35_paired_query_upper_bound,10.0,-1.1193153978022727,0.8551031486055839,0.00779562963363643,-8.929240424869642,3.977831619997225,0.007795629736354187,,,False,500,30.169237066962523,oracle_projector__M4__trust_1,1000,oracle_projector,0.3842936070415334,,,,,,2,,,,,,development,1332.59375,0.0,0.0,1.0,4.908161259408928,True,False,2.4659218667049263,M4,-1,35,success,2.4659218667049263,1.0
False,0.6225436029574475,0.9414810001312788,False,population_projector_Pi0,10.0,0.7851731991791152,0.8444917755340955,0.2945264119672079,0.19983849113147106,1.3396682681638796,0.2945264121680749,,,False,1,0.066950855019968,population_only__M5__trust_1,2,population_only,0.3842936070415334,,,,,,,,,,,,development,1314.7734375,0.02518824693249674,1.872808739327613,0.9993655522164683,0.8134619466870089,False,False,0.8620359264068249,M5,20260801,35,success,0.8620359264068249,1.0
False,0.6541507842429811,0.9355442047657679,False,population_projector_Pi0,10.0,0.7833223077233504,0.843563489610274,0.29308833170106485,0.25388881206065705,1.3312205816310145,0.293088331473695,,,False,1,0.07802283801720478,population_only__M5__trust_1,2,population_only,0.3842936070415334,,,,,,,,,,,,development,1314.7734375,0.02518824693249674,1.872808739327613,0.9993655522164683,0.8126993527828889,False,False,0.8566883280810405,M5,20260802,35,success,0.8566883280810405,1.0
False,0.6812605446804567,0.9315171707525284,False,population_projector_Pi0,10.0,0.7839752096269641,0.8457362272395254,0.2914836774800685,0.2920932477393975,1.3254903654273935,0.29148367737245645,,,False,1,0.07814240601146594,population_only__M5__trust_1,2,population_only,0.3842936070415334,,,,,,,,,,,,development,1314.7734375,0.02518824693249674,1.872808739327613,0.9993655522164683,0.8021944485062276,False,False,0.8529285036011853,M5,20260803,35,success,0.8529285036011853,1.0
False,0.6537953295582367,0.9356717081004737,False,population_projector_Pi0,10.0,0.785176989520365,0.844911502076948,0.29290046561352484,0.25319141810876433,1.3314020108596094,0.29290046561189353,,,False,1,0.078139473014744,population_only__M5__trust_1,2,population_only,0.3842936070415334,,,,,,,,,,,,development,1314.7734375,0.02518824693249674,1.872808739327613,0.9993655522164683,0.8000753824155352,False,False,0.8567571147302996,M5,20260804,35,success,0.8567571147302996,1.0
False,0.616577646936102,0.9372122530167062,False,population_projector_Pi0,10.0,0.7844860111693249,0.84794119943314,0.2918773835659195,0.2421022514851769,1.3335941094146202,0.2918773835331622,,,False,1,0.0781218979973346,population_only__M5__trust_1,2,population_only,0.3842936070415334,,,,,,,,,,,,development,1314.7734375,0.02518824693249674,1.872808739327613,0.9993655522164683,0.8287898822040514,False,False,0.857851624343682,M5,20260805,35,success,0.857851624343682,1.0
True,0.6648832975552674,0.9316251351054835,False,population_projector_Pi0,10.0,0.8449249726835457,0.8705150583000045,0.21170300702390515,0.44124800594608166,1.3256439919134582,0.2117030069917458,,,False,5,0.3793774700607173,population_only__M5__trust_1,10,population_only,0.3842936070415334,,,,,,,,,,,,development,1314.7734375,0.02518824693249674,1.872808739327613,0.9993655522164683,0.8035526991888639,False,False,0.8384069895088694,M5,-1,35,success,0.8384069895088694,1.0
False,0.6225436004346423,0.9414810009003654,False,sim35_paired_query_upper_bound,10.0,0.7851731983379461,0.8444917763066193,0.2945264141604426,0.199838479897167,1.3396682692582413,0.29452641436130994,,,False,1,0.08196733900695108,oracle_projector__M5__trust_1,2,oracle_projector,0.3842936070415334,,,,,,2,,,,,,development,1332.59375,0.0,0.0,1.0,0.8134619501878141,True,False,0.8620359275217797,M5,20260801,35,success,0.8620359275217797,1.0
False,0.6541507614679754,0.93554420701448,False,sim35_paired_query_upper_bound,10.0,0.7833223070625003,0.843563490725168,0.29308833452763017,0.25388878665075604,1.3312205848307905,0.2930883343002608,,,False,1,0.09595686997636221,oracle_projector__M5__trust_1,2,oracle_projector,0.3842936070415334,,,,,,2,,,,,,development,1332.59375,0.0,0.0,1.0,0.8126993551117622,True,False,0.8566883305872163,M5,20260802,35,success,0.8566883305872163,1.0
False,0.6812605111097938,0.931517174671498,False,sim35_paired_query_upper_bound,10.0,0.7839752088360927,0.8457362282114357,0.291483679751709,0.29209320895719987,1.3254903710038408,0.2914836796440975,,,False,1,0.09635950598749332,oracle_projector__M5__trust_1,2,oracle_projector,0.3842936070415334,,,,,,2,,,,,,development,1332.59375,0.0,0.0,1.0,0.8021944494814486,True,False,0.8529285074094818,M5,20260803,35,success,0.8529285074094818,1.0
False,0.6537953783691385,0.9356717050008967,False,sim35_paired_query_upper_bound,10.0,0.78517698897937,0.8449115035673288,0.2929004695627727,0.2531914363840611,1.3314020064491061,0.29290046956114146,,,False,1,0.09603467301349156,oracle_projector__M5__trust_1,2,oracle_projector,0.3842936070415334,,,,,,2,,,,,,development,1332.59375,0.0,0.0,1.0,0.8000753767535645,True,False,0.8567571129276643,M5,20260804,35,success,0.8567571129276643,1.0
False,0.6165776768468079,0.9372122517371714,False,sim35_paired_query_upper_bound,10.0,0.784486010831229,0.8479412005566037,0.29187738558914844,0.24210225820690504,1.3335941075939226,0.2918773855563914,,,False,1,0.0964021380059421,oracle_projector__M5__trust_1,2,oracle_projector,0.3842936070415334,,,,,,2,,,,,,development,1332.59375,0.0,0.0,1.0,0.8287898856730624,True,False,0.8578516236798186,M5,20260805,35,success,0.8578516236798186,1.0
True,0.6648832931216799,0.9316251365338512,False,sim35_paired_query_upper_bound,10.0,0.8449249728265418,0.8705150588910692,0.211703010114214,0.44124798817422045,1.3256439939459355,0.21170301008205483,,,False,5,0.4667205259902403,oracle_projector__M5__trust_1,10,oracle_projector,0.3842936070415334,,,,,,2,,,,,,development,1332.59375,0.0,0.0,1.0,0.803552699940489,True,False,0.8384069912243014,M5,-1,35,success,0.8384069912243014,1.0
