effective_seconds,fold,participant,rrmse_temporal,seed,support_seconds,window_count
0,0,sub-02,1.1843467950820923,20261010,0,0
0,0,sub-05,0.8715905547142029,20261010,0,0
0,0,sub-05,1.279376745223999,20261010,0,0
0,0,sub-03,2.377593755722046,20261010,0,0
0,0,sub-02,2.5268402099609375,20261010,0,0
0,0,sub-03,1.1523981094360352,20261010,0,0
0,0,sub-03,0.9911826848983765,20261010,0,0
0,0,sub-05,0.8475499153137207,20261010,0,0
0,0,sub-03,2.2760801315307617,20261010,0,0
0,0,sub-02,0.7413276433944702,20261010,0,0
0,0,sub-05,1.166386604309082,20261010,0,0
0,0,sub-02,1.256251335144043,20261010,0,0
0,0,sub-03,0.9781113266944885,20261010,0,0
0,0,sub-03,0.8191819787025452,20261010,0,0
0,0,sub-02,0.9913928508758545,20261010,0,0
0,0,sub-02,1.2422541379928589,20261010,0,0
0,0,sub-02,1.0642673969268799,20261010,0,0
0,0,sub-03,0.7418283820152283,20261010,0,0
0,0,sub-05,1.1301366090774536,20261010,0,0
0,0,sub-05,0.9505485892295837,20261010,0,0
0,0,sub-02,1.021180510520935,20261010,0,0
0,0,sub-05,1.6206905841827393,20261010,0,0
0,0,sub-05,0.9065723419189453,20261010,0,0
0,0,sub-02,0.9786837100982666,20261010,0,0
0,0,sub-03,1.4186720848083496,20261010,0,0
0,0,sub-03,1.1216888427734375,20261010,0,0
0,0,sub-05,0.7746384143829346,20261010,0,0
0,0,sub-03,1.710648775100708,20261010,0,0
0,0,sub-02,0.9872737526893616,20261010,0,0
0,0,sub-05,2.187105417251587,20261010,0,0
0,0,sub-05,0.8379943370819092,20261010,0,0
0,0,sub-05,2.2422473430633545,20261010,0,0
0,0,sub-05,2.2400381565093994,20261010,0,0
0,0,sub-03,0.6075853705406189,20261010,0,0
0,0,sub-02,1.7293119430541992,20261010,0,0
0,0,sub-05,0.8301704525947571,20261010,0,0
0,0,sub-05,0.9894826412200928,20261010,0,0
0,0,sub-03,1.0043655633926392,20261010,0,0
0,0,sub-02,0.9360032677650452,20261010,0,0
0,0,sub-05,1.0093494653701782,20261010,0,0
0,0,sub-05,1.5003855228424072,20261010,0,0
0,0,sub-03,1.1939821243286133,20261010,0,0
0,0,sub-02,1.366212248802185,20261010,0,0
0,0,sub-02,0.9374790191650391,20261010,0,0
0,0,sub-02,0.9435052275657654,20261010,0,0
0,0,sub-03,0.7813377976417542,20261010,0,0
0,0,sub-05,0.6869860887527466,20261010,0,0
0,0,sub-03,1.4197536706924438,20261010,0,0
0,0,sub-03,1.0687483549118042,20261010,0,0
0,0,sub-05,0.8891319632530212,20261010,0,0
0,0,sub-03,0.902317225933075,20261010,0,0
0,0,sub-05,1.0811634063720703,20261010,0,0
0,0,sub-05,0.894622266292572,20261010,0,0
0,0,sub-02,1.2281038761138916,20261010,0,0
0,0,sub-02,1.0484579801559448,20261010,0,0
0,0,sub-02,0.83156418800354,20261010,0,0
0,0,sub-02,1.435537338256836,20261010,0,0
0,0,sub-02,2.4464221000671387,20261010,0,0
0,0,sub-05,1.6478208303451538,20261010,0,0
0,0,sub-03,0.870822012424469,20261010,0,0
0,0,sub-03,0.9958980083465576,20261010,0,0
0,0,sub-02,1.3439722061157227,20261010,0,0
0,0,sub-05,1.141313910484314,20261010,0,0
0,0,sub-02,0.8244590759277344,20261010,0,0
0,0,sub-03,1.0943360328674316,20261010,0,0
0,0,sub-05,0.8593453764915466,20261010,0,0
0,0,sub-02,1.9323581457138062,20261010,0,0
0,0,sub-02,0.7244982123374939,20261010,0,0
0,0,sub-05,1.0161659717559814,20261010,0,0
0,0,sub-05,1.402181625366211,20261010,0,0
0,0,sub-03,2.19336199760437,20261010,0,0
0,0,sub-03,0.843163251876831,20261010,0,0
0,0,sub-05,0.7623600363731384,20261010,0,0
0,0,sub-05,0.7475535273551941,20261010,0,0
0,0,sub-03,1.2653286457061768,20261010,0,0
0,0,sub-03,2.3856139183044434,20261010,0,0
0,0,sub-02,1.114342451095581,20261010,0,0
0,0,sub-03,1.3056838512420654,20261010,0,0
0,0,sub-05,1.9969602823257446,20261010,0,0
0,0,sub-02,0.9792942404747009,20261010,0,0
0,0,sub-02,1.2695916891098022,20261010,0,0
0,0,sub-02,2.057441473007202,20261010,0,0
0,0,sub-02,1.0078697204589844,20261010,0,0
0,0,sub-03,0.7239776849746704,20261010,0,0
0,0,sub-05,0.8694958090782166,20261010,0,0
0,0,sub-02,0.8937667608261108,20261010,0,0
0,0,sub-02,2.2955188751220703,20261010,0,0
0,0,sub-05,0.9110841155052185,20261010,0,0
0,0,sub-05,0.7364529967308044,20261010,0,0
0,0,sub-03,0.8504217863082886,20261010,0,0
0,0,sub-02,0.9966358542442322,20261010,0,0
0,0,sub-05,0.952593982219696,20261010,0,0
0,0,sub-05,0.9440012574195862,20261010,0,0
0,0,sub-03,1.4451920986175537,20261010,0,0
0,0,sub-02,0.8786865472793579,20261010,0,0
0,0,sub-02,0.7380385994911194,20261010,0,0
0,0,sub-02,0.8600836396217346,20261010,0,0
0,0,sub-03,1.0082980394363403,20261010,0,0
0,0,sub-05,1.420015573501587,20261010,0,0
0,0,sub-03,1.0070381164550781,20261010,0,0
0,0,sub-05,0.7930535078048706,20261010,0,0
0,0,sub-03,1.1034891605377197,20261010,0,0
0,0,sub-05,1.0151662826538086,20261010,0,0
0,0,sub-02,0.828660786151886,20261010,0,0
0,0,sub-05,0.7579880952835083,20261010,0,0
0,0,sub-02,0.9390612244606018,20261010,0,0
0,0,sub-02,0.851486325263977,20261010,0,0
0,0,sub-02,1.9768754243850708,20261010,0,0
0,0,sub-02,0.8278660178184509,20261010,0,0
0,0,sub-03,1.2864540815353394,20261010,0,0
0,0,sub-02,1.4046075344085693,20261010,0,0
0,0,sub-03,0.978275716304779,20261010,0,0
0,0,sub-03,0.8110506534576416,20261010,0,0
0,0,sub-03,2.6937897205352783,20261010,0,0
0,0,sub-02,0.9462100863456726,20261010,0,0
0,0,sub-05,1.3750313520431519,20261010,0,0
0,0,sub-03,0.958117663860321,20261010,0,0
0,0,sub-05,0.8862153887748718,20261010,0,0
0,0,sub-05,0.8364115953445435,20261010,0,0
0,0,sub-05,1.0603339672088623,20261010,0,0
0,0,sub-03,1.186355710029602,20261010,0,0
0,0,sub-03,0.8401157855987549,20261010,0,0
0,0,sub-02,2.0943193435668945,20261010,0,0
0,0,sub-02,0.9799495339393616,20261010,0,0
0,0,sub-03,1.3403129577636719,20261010,0,0
0,0,sub-02,1.2400940656661987,20261010,0,0
0,0,sub-05,1.496797800064087,20261010,0,0
0,0,sub-03,0.8748080134391785,20261010,0,0
0,0,sub-05,0.9771286249160767,20261010,0,0
0,0,sub-05,0.8085257411003113,20261010,0,0
0,0,sub-02,0.7637126445770264,20261010,0,0
0,0,sub-03,1.606909155845642,20261010,0,0
0,0,sub-05,0.8210815787315369,20261010,0,0
0,0,sub-02,2.024116277694702,20261010,0,0
0,0,sub-03,1.3741188049316406,20261010,0,0
0,0,sub-05,0.8558260798454285,20261010,0,0
0,0,sub-02,0.8638663291931152,20261010,0,0
0,0,sub-03,0.902504026889801,20261010,0,0
0,0,sub-05,1.3514659404754639,20261010,0,0
0,0,sub-02,0.7554206848144531,20261010,0,0
0,0,sub-05,0.9629719257354736,20261010,0,0
0,0,sub-02,1.2489408254623413,20261010,0,0
0,0,sub-03,1.3253566026687622,20261010,0,0
0,0,sub-03,0.8137798309326172,20261010,0,0
0,0,sub-05,0.8678784370422363,20261010,0,0
0,0,sub-03,1.181760311126709,20261010,0,0
0,0,sub-03,0.6484629511833191,20261010,0,0
0,0,sub-02,2.7213785648345947,20261010,0,0
0,0,sub-05,1.5794894695281982,20261010,0,0
0,0,sub-05,0.8377929925918579,20261010,0,0
0,0,sub-05,0.8987452983856201,20261010,0,0
0,0,sub-05,1.4870713949203491,20261010,0,0
0,0,sub-02,0.989412248134613,20261010,0,0
0,0,sub-02,0.8409417271614075,20261010,0,0
0,0,sub-02,1.1923795938491821,20261010,0,0
0,0,sub-02,0.779934287071228,20261010,0,0
0,0,sub-03,1.1413406133651733,20261010,0,0
0,0,sub-03,1.0549321174621582,20261010,0,0
0,0,sub-03,1.189385175704956,20261010,0,0
0,0,sub-05,2.0140130519866943,20261010,0,0
0,0,sub-05,0.8584539890289307,20261010,0,0
0,0,sub-05,0.7669728398323059,20261010,0,0
0,0,sub-05,2.0704524517059326,20261010,0,0
0,0,sub-02,0.909539520740509,20261010,0,0
0,0,sub-05,1.005662202835083,20261010,0,0
0,0,sub-03,0.8554250001907349,20261010,0,0
0,0,sub-02,0.9159640669822693,20261010,0,0
0,0,sub-02,1.0012073516845703,20261010,0,0
0,0,sub-03,1.1213958263397217,20261010,0,0
0,0,sub-03,1.113649845123291,20261010,0,0
0,0,sub-03,1.177193284034729,20261010,0,0
0,0,sub-02,1.1010262966156006,20261010,0,0
0,0,sub-05,0.8033120036125183,20261010,0,0
0,0,sub-03,1.0141466856002808,20261010,0,0
0,0,sub-02,0.8717160820960999,20261010,0,0
0,0,sub-03,0.8567872047424316,20261010,0,0
0,0,sub-05,1.1491196155548096,20261010,0,0
0,0,sub-02,1.0368585586547852,20261010,0,0
0,0,sub-03,2.2830843925476074,20261010,0,0
0,0,sub-03,1.508080244064331,20261010,0,0
0,0,sub-05,0.9435697197914124,20261010,0,0
0,0,sub-03,0.9706926345825195,20261010,0,0
0,0,sub-02,1.0541685819625854,20261010,0,0
0,0,sub-03,0.8891817331314087,20261010,0,0
0,0,sub-03,0.805633008480072,20261010,0,0
0,0,sub-02,1.0357716083526611,20261010,0,0
0,0,sub-03,1.4228073358535767,20261010,0,0
0,0,sub-05,0.8865472078323364,20261010,0,0
0,0,sub-02,0.7949703931808472,20261010,0,0
0,0,sub-03,1.548951268196106,20261010,0,0
0,0,sub-03,1.1493237018585205,20261010,0,0
0,0,sub-02,0.8448066115379333,20261010,0,0
0,0,sub-05,2.1423630714416504,20261010,0,0
0,0,sub-02,1.5501617193222046,20261010,0,0
0,0,sub-03,1.9822604656219482,20261010,0,0
0,0,sub-03,1.2128103971481323,20261010,0,0
0,0,sub-05,0.8737425804138184,20261010,0,0
0,0,sub-05,1.495072364807129,20261010,0,0
0,0,sub-02,1.541677474975586,20261010,0,0
0,0,sub-02,1.1238754987716675,20261010,0,0
0,0,sub-05,1.328345775604248,20261010,0,0
0,0,sub-03,2.2889888286590576,20261010,0,0
0,0,sub-03,0.8589051961898804,20261010,0,0
0,0,sub-03,0.9921005964279175,20261010,0,0
0,0,sub-05,0.9329134225845337,20261010,0,0
0,0,sub-05,1.8847817182540894,20261010,0,0
0,0,sub-03,0.7810287475585938,20261010,0,0
0,0,sub-02,1.5721572637557983,20261010,0,0
0,0,sub-05,0.8029346466064453,20261010,0,0
0,0,sub-02,1.251155972480774,20261010,0,0
0,0,sub-02,0.8870176076889038,20261010,0,0
0,0,sub-03,0.8848929405212402,20261010,0,0
0,0,sub-03,0.8160445690155029,20261010,0,0
0,0,sub-02,0.8138633966445923,20261010,0,0
0,0,sub-02,0.7513209581375122,20261010,0,0
0,0,sub-02,0.8089500665664673,20261010,0,0
0,0,sub-02,1.65354323387146,20261010,0,0
0,0,sub-02,0.9390742182731628,20261010,0,0
0,0,sub-02,0.947780966758728,20261010,0,0
0,0,sub-02,0.9397131204605103,20261010,0,0
0,0,sub-02,1.3146146535873413,20261010,0,0
0,0,sub-03,1.1124591827392578,20261010,0,0
0,0,sub-05,1.5946124792099,20261010,0,0
0,0,sub-05,0.9179820418357849,20261010,0,0
0,0,sub-02,1.0569785833358765,20261010,0,0
0,0,sub-02,1.599542498588562,20261010,0,0
0,0,sub-05,2.5652880668640137,20261010,0,0
0,0,sub-03,1.3086518049240112,20261010,0,0
0,0,sub-05,1.1774237155914307,20261010,0,0
0,0,sub-03,1.0075874328613281,20261010,0,0
0,0,sub-03,0.9984922409057617,20261010,0,0
0,0,sub-03,0.8738914728164673,20261010,0,0
0,0,sub-02,0.7631130218505859,20261010,0,0
0,0,sub-05,0.823746919631958,20261010,0,0
0,0,sub-02,0.804060697555542,20261010,0,0
0,0,sub-03,2.2829816341400146,20261010,0,0
0,0,sub-02,1.1271063089370728,20261010,0,0
0,0,sub-03,0.7995386123657227,20261010,0,0
0,0,sub-02,1.023870587348938,20261010,0,0
0,0,sub-05,2.1985042095184326,20261010,0,0
0,0,sub-02,1.439642310142517,20261010,0,0
0,0,sub-05,1.155061960220337,20261010,0,0
0,0,sub-05,0.8616893887519836,20261010,0,0
0,0,sub-05,0.9293293952941895,20261010,0,0
0,0,sub-03,1.196805715560913,20261010,0,0
0,0,sub-02,0.9934125542640686,20261010,0,0
0,0,sub-02,2.9096720218658447,20261010,0,0
0,0,sub-02,0.9491705298423767,20261010,0,0
0,0,sub-05,0.8398939371109009,20261010,0,0
0,0,sub-02,2.2836923599243164,20261010,0,0
0,0,sub-02,1.0119168758392334,20261010,0,0
0,0,sub-03,0.9623684287071228,20261010,0,0
0,0,sub-03,0.7273569107055664,20261010,0,0
0,0,sub-05,1.025838017463684,20261010,0,0
0,0,sub-03,0.7679094672203064,20261010,0,0
0,0,sub-02,1.4321666955947876,20261010,0,0
0,0,sub-02,0.9554966688156128,20261010,0,0
0,0,sub-05,1.504854679107666,20261010,0,0
0,0,sub-05,1.7721288204193115,20261010,0,0
0,0,sub-03,0.9068715572357178,20261010,0,0
0,0,sub-03,0.799308717250824,20261010,0,0
0,0,sub-05,1.9536305665969849,20261010,0,0
0,0,sub-03,1.7190487384796143,20261010,0,0
0,0,sub-05,1.129607081413269,20261010,0,0
0,0,sub-02,0.881629467010498,20261010,0,0
0,0,sub-02,1.101680874824524,20261010,0,0
0,0,sub-02,0.9509251713752747,20261010,0,0
0,0,sub-05,1.032719373703003,20261010,0,0
0,0,sub-03,0.9243196845054626,20261010,0,0
0,0,sub-05,0.9460908770561218,20261010,0,0
0,0,sub-03,0.9955131411552429,20261010,0,0
0,0,sub-03,0.779263973236084,20261010,0,0
0,0,sub-03,0.952765941619873,20261010,0,0
0,0,sub-02,1.4764158725738525,20261010,0,0
0,0,sub-05,0.8401050567626953,20261010,0,0
0,0,sub-02,0.8696315884590149,20261010,0,0
0,0,sub-05,1.457529902458191,20261010,0,0
0,0,sub-05,0.7979989051818848,20261010,0,0
0,0,sub-05,0.8424941897392273,20261010,0,0
0,0,sub-05,1.0521416664123535,20261010,0,0
0,0,sub-05,0.901360809803009,20261010,0,0
0,0,sub-02,0.9547992944717407,20261010,0,0
0,0,sub-03,1.6776225566864014,20261010,0,0
0,0,sub-02,1.0975102186203003,20261010,0,0
0,0,sub-02,1.1690624952316284,20261010,0,0
0,0,sub-03,0.839792788028717,20261010,0,0
0,0,sub-05,1.2606226205825806,20261010,0,0
0,0,sub-03,1.0186936855316162,20261010,0,0
0,0,sub-05,0.9915164709091187,20261010,0,0
0,0,sub-02,1.954437255859375,20261010,0,0
0,0,sub-05,0.8634370565414429,20261010,0,0
0,0,sub-02,1.225688099861145,20261010,0,0
0,0,sub-05,0.9562351703643799,20261010,0,0
0,0,sub-03,1.011712908744812,20261010,0,0
0,0,sub-05,0.8208125829696655,20261010,0,0
0,0,sub-03,1.6208959817886353,20261010,0,0
0,0,sub-05,2.4464025497436523,20261010,0,0
0,0,sub-02,0.9397032260894775,20261010,0,0
0,0,sub-05,0.90878826379776,20261010,0,0
0,0,sub-03,1.1924570798873901,20261010,0,0
0,0,sub-05,1.131223440170288,20261010,0,0
0,0,sub-03,0.704642117023468,20261010,0,0
0,0,sub-03,1.412697672843933,20261010,0,0
0,0,sub-05,1.427286982536316,20261010,0,0
0,0,sub-02,0.9904659390449524,20261010,0,0
0,0,sub-05,1.1894195079803467,20261010,0,0
0,0,sub-05,1.009413480758667,20261010,0,0
0,0,sub-05,2.3916096687316895,20261010,0,0
0,0,sub-02,1.1130930185317993,20261010,0,0
0,0,sub-03,1.2263048887252808,20261010,0,0
0,0,sub-05,1.1810553073883057,20261010,0,0
0,0,sub-05,0.9769615530967712,20261010,0,0
0,0,sub-05,0.8621377944946289,20261010,0,0
0,0,sub-03,2.930893659591675,20261010,0,0
0,0,sub-03,0.9876152873039246,20261010,0,0
0,0,sub-03,1.0305020809173584,20261010,0,0
0,0,sub-03,0.8503838181495667,20261010,0,0
0,0,sub-02,0.9595662951469421,20261010,0,0
0,0,sub-03,1.8368000984191895,20261010,0,0
0,0,sub-05,0.9215578436851501,20261010,0,0
0,0,sub-03,0.7949280142784119,20261010,0,0
0,0,sub-02,0.9180663228034973,20261010,0,0
0,0,sub-03,0.8964767456054688,20261010,0,0
0,0,sub-03,1.3702753782272339,20261010,0,0
0,0,sub-03,0.8042815327644348,20261010,0,0
0,0,sub-02,0.8710947036743164,20261010,0,0
0,0,sub-03,1.9369598627090454,20261010,0,0
0,0,sub-03,1.1653199195861816,20261010,0,0
0,0,sub-02,0.950096845626831,20261010,0,0
0,0,sub-05,0.9517204165458679,20261010,0,0
0,0,sub-03,1.2500330209732056,20261010,0,0
0,0,sub-03,0.865951657295227,20261010,0,0
0,0,sub-03,0.8312739133834839,20261010,0,0
0,0,sub-03,0.9125359654426575,20261010,0,0
0,0,sub-02,1.154760479927063,20261010,0,0
0,0,sub-03,0.8336975574493408,20261010,0,0
0,0,sub-03,0.90236496925354,20261010,0,0
0,0,sub-02,0.7529720067977905,20261010,0,0
0,0,sub-05,0.9644870162010193,20261010,0,0
0,0,sub-02,1.2990456819534302,20261010,0,0
0,0,sub-05,0.6390640735626221,20261010,0,0
0,0,sub-02,1.0733535289764404,20261010,0,0
0,0,sub-05,0.9467055201530457,20261010,0,0
0,0,sub-03,1.2243709564208984,20261010,0,0
0,0,sub-05,1.9147732257843018,20261010,0,0
0,0,sub-05,0.9482167363166809,20261010,0,0
0,0,sub-03,0.876507043838501,20261010,0,0
0,0,sub-03,1.0024528503417969,20261010,0,0
0,0,sub-03,1.0163304805755615,20261010,0,0
0,0,sub-02,2.448086977005005,20261010,0,0
0,0,sub-05,1.0230457782745361,20261010,0,0
0,0,sub-05,1.2901134490966797,20261010,0,0
0,0,sub-05,0.9479209780693054,20261010,0,0
0,0,sub-05,2.4871602058410645,20261010,0,0
0,0,sub-02,1.0067719221115112,20261010,0,0
0,0,sub-03,1.4423917531967163,20261010,0,0
0,0,sub-05,0.8216183185577393,20261010,0,0
0,0,sub-03,0.9948717951774597,20261010,0,0
0,0,sub-05,0.8767439126968384,20261010,0,0
0,0,sub-03,1.4352695941925049,20261010,0,0
0,0,sub-02,1.0197076797485352,20261010,0,0
0,0,sub-02,0.9904937744140625,20261010,0,0
0,0,sub-03,1.14528489112854,20261010,0,0
0,0,sub-03,0.9657092094421387,20261010,0,0
0,0,sub-02,1.1649422645568848,20261010,0,0
0,0,sub-03,0.8985562324523926,20261010,0,0
0,0,sub-02,1.148846983909607,20261010,0,0
0,0,sub-02,0.8754315972328186,20261010,0,0
0,0,sub-03,1.2618944644927979,20261010,0,0
0,0,sub-03,0.7970028519630432,20261010,0,0
0,0,sub-05,2.3958871364593506,20261010,0,0
0,0,sub-02,1.4603599309921265,20261010,0,0
0,0,sub-05,0.9532064199447632,20261010,0,0
0,0,sub-02,0.9335963726043701,20261010,0,0
0,0,sub-02,0.7096956968307495,20261010,0,0
0,0,sub-05,1.1808922290802002,20261010,0,0
0,0,sub-03,1.0780385732650757,20261010,0,0
0,0,sub-05,1.8199840784072876,20261010,0,0
0,0,sub-03,1.2438150644302368,20261010,0,0
0,0,sub-02,0.8087692260742188,20261010,0,0
0,0,sub-05,0.9079335927963257,20261010,0,0
0,0,sub-03,0.761387050151825,20261010,0,0
0,0,sub-05,0.9659769535064697,20261010,0,0
0,0,sub-05,0.9403759241104126,20261010,0,0
10,0,sub-02,1.1721360683441162,20261010,10,5
10,0,sub-05,0.865994930267334,20261010,10,5
10,0,sub-05,1.2696871757507324,20261010,10,5
10,0,sub-03,2.377608060836792,20261010,10,5
10,0,sub-02,2.3106865882873535,20261010,10,5
10,0,sub-03,1.1519588232040405,20261010,10,5
10,0,sub-03,0.9915072917938232,20261010,10,5
10,0,sub-05,0.8320823907852173,20261010,10,5
10,0,sub-03,2.2689623832702637,20261010,10,5
10,0,sub-02,0.7382257580757141,20261010,10,5
10,0,sub-05,1.1562917232513428,20261010,10,5
10,0,sub-02,1.2522517442703247,20261010,10,5
10,0,sub-03,0.9848978519439697,20261010,10,5
10,0,sub-03,0.8296169638633728,20261010,10,5
10,0,sub-02,1.2123725414276123,20261010,10,5
10,0,sub-02,1.2382837533950806,20261010,10,5
10,0,sub-02,1.2598278522491455,20261010,10,5
10,0,sub-03,0.7510378956794739,20261010,10,5
10,0,sub-05,1.1241481304168701,20261010,10,5
10,0,sub-05,0.9418459534645081,20261010,10,5
10,0,sub-02,1.0188252925872803,20261010,10,5
10,0,sub-05,1.6169960498809814,20261010,10,5
10,0,sub-05,0.8797051906585693,20261010,10,5
10,0,sub-02,0.9693054556846619,20261010,10,5
10,0,sub-03,1.419983983039856,20261010,10,5
10,0,sub-03,1.1184159517288208,20261010,10,5
10,0,sub-05,0.7606168389320374,20261010,10,5
10,0,sub-03,1.7055401802062988,20261010,10,5
10,0,sub-02,0.9930292367935181,20261010,10,5
10,0,sub-05,2.1791746616363525,20261010,10,5
10,0,sub-05,0.8293309211730957,20261010,10,5
10,0,sub-05,2.236727476119995,20261010,10,5
10,0,sub-05,2.2269647121429443,20261010,10,5
10,0,sub-03,0.5992088913917542,20261010,10,5
10,0,sub-02,1.7261525392532349,20261010,10,5
10,0,sub-05,0.8198776245117188,20261010,10,5
10,0,sub-05,0.9897709488868713,20261010,10,5
10,0,sub-03,1.0175731182098389,20261010,10,5
10,0,sub-02,0.9263595938682556,20261010,10,5
10,0,sub-05,1.0054575204849243,20261010,10,5
10,0,sub-05,1.5169363021850586,20261010,10,5
10,0,sub-03,1.2076226472854614,20261010,10,5
10,0,sub-02,1.6330580711364746,20261010,10,5
10,0,sub-02,0.9327024221420288,20261010,10,5
10,0,sub-02,0.93610018491745,20261010,10,5
10,0,sub-03,0.7838775515556335,20261010,10,5
10,0,sub-05,0.6749996542930603,20261010,10,5
10,0,sub-03,1.4163628816604614,20261010,10,5
10,0,sub-03,1.0649304389953613,20261010,10,5
10,0,sub-05,0.8750857710838318,20261010,10,5
10,0,sub-03,0.8917725086212158,20261010,10,5
10,0,sub-05,1.0695300102233887,20261010,10,5
10,0,sub-05,0.9002909660339355,20261010,10,5
10,0,sub-02,1.2224247455596924,20261010,10,5
10,0,sub-02,1.0473533868789673,20261010,10,5
10,0,sub-02,0.8229917287826538,20261010,10,5
10,0,sub-02,1.4125961065292358,20261010,10,5
10,0,sub-02,2.4311158657073975,20261010,10,5
10,0,sub-05,1.6395156383514404,20261010,10,5
10,0,sub-03,0.8761205673217773,20261010,10,5
10,0,sub-03,0.9975107312202454,20261010,10,5
10,0,sub-02,1.3940386772155762,20261010,10,5
10,0,sub-05,1.133466362953186,20261010,10,5
10,0,sub-02,0.8125806450843811,20261010,10,5
10,0,sub-03,1.1028366088867188,20261010,10,5
10,0,sub-05,0.8559920787811279,20261010,10,5
10,0,sub-02,1.9303628206253052,20261010,10,5
10,0,sub-02,0.7288663983345032,20261010,10,5
10,0,sub-05,1.0192831754684448,20261010,10,5
10,0,sub-05,1.3907939195632935,20261010,10,5
10,0,sub-03,2.1879615783691406,20261010,10,5
10,0,sub-03,0.8449212908744812,20261010,10,5
10,0,sub-05,0.7607542872428894,20261010,10,5
10,0,sub-05,0.7431368827819824,20261010,10,5
10,0,sub-03,1.2672438621520996,20261010,10,5
10,0,sub-03,2.382249116897583,20261010,10,5
10,0,sub-02,1.112147569656372,20261010,10,5
10,0,sub-03,1.3008546829223633,20261010,10,5
10,0,sub-05,1.9880685806274414,20261010,10,5
10,0,sub-02,0.9882445931434631,20261010,10,5
10,0,sub-02,1.2618740797042847,20261010,10,5
10,0,sub-02,2.491598606109619,20261010,10,5
10,0,sub-02,0.9925279021263123,20261010,10,5
10,0,sub-03,0.7347022294998169,20261010,10,5
10,0,sub-05,0.8669989109039307,20261010,10,5
10,0,sub-02,0.8746532797813416,20261010,10,5
10,0,sub-02,2.2875638008117676,20261010,10,5
10,0,sub-05,0.9096852540969849,20261010,10,5
10,0,sub-05,0.7320429682731628,20261010,10,5
10,0,sub-03,0.860917329788208,20261010,10,5
10,0,sub-02,0.9947820901870728,20261010,10,5
10,0,sub-05,0.9448294043540955,20261010,10,5
10,0,sub-05,0.942467987537384,20261010,10,5
10,0,sub-03,1.4400265216827393,20261010,10,5
10,0,sub-02,0.8737789988517761,20261010,10,5
10,0,sub-02,0.7319926023483276,20261010,10,5
10,0,sub-02,0.8333651423454285,20261010,10,5
10,0,sub-03,1.045569896697998,20261010,10,5
10,0,sub-05,1.416662335395813,20261010,10,5
10,0,sub-03,1.008209228515625,20261010,10,5
10,0,sub-05,0.7833820581436157,20261010,10,5
10,0,sub-03,1.0950562953948975,20261010,10,5
10,0,sub-05,1.006870150566101,20261010,10,5
10,0,sub-02,0.8162887692451477,20261010,10,5
10,0,sub-05,0.7436102032661438,20261010,10,5
10,0,sub-02,0.934552013874054,20261010,10,5
10,0,sub-02,0.831392228603363,20261010,10,5
10,0,sub-02,1.971746563911438,20261010,10,5
10,0,sub-02,0.8297882676124573,20261010,10,5
10,0,sub-03,1.3053077459335327,20261010,10,5
10,0,sub-02,1.9809106588363647,20261010,10,5
10,0,sub-03,0.9811721444129944,20261010,10,5
10,0,sub-03,0.8157063126564026,20261010,10,5
10,0,sub-03,2.6937811374664307,20261010,10,5
10,0,sub-02,0.9447726607322693,20261010,10,5
10,0,sub-05,1.374666452407837,20261010,10,5
10,0,sub-03,0.9540380239486694,20261010,10,5
10,0,sub-05,0.8802614808082581,20261010,10,5
10,0,sub-05,0.841982901096344,20261010,10,5
10,0,sub-05,1.0558388233184814,20261010,10,5
10,0,sub-03,1.1881287097930908,20261010,10,5
10,0,sub-03,0.8448425531387329,20261010,10,5
10,0,sub-02,2.111997604370117,20261010,10,5
10,0,sub-02,0.9837955236434937,20261010,10,5
10,0,sub-03,1.3405263423919678,20261010,10,5
10,0,sub-02,1.2583976984024048,20261010,10,5
10,0,sub-05,1.4892489910125732,20261010,10,5
10,0,sub-03,0.8732798099517822,20261010,10,5
10,0,sub-05,0.9776977896690369,20261010,10,5
10,0,sub-05,0.7712798714637756,20261010,10,5
10,0,sub-02,0.7438398003578186,20261010,10,5
10,0,sub-03,1.6035020351409912,20261010,10,5
10,0,sub-05,0.8126164078712463,20261010,10,5
10,0,sub-02,2.019943952560425,20261010,10,5
10,0,sub-03,1.37519371509552,20261010,10,5
10,0,sub-05,0.8464187979698181,20261010,10,5
10,0,sub-02,0.8623953461647034,20261010,10,5
10,0,sub-03,0.8974251747131348,20261010,10,5
10,0,sub-05,1.3432567119598389,20261010,10,5
10,0,sub-02,0.7581437230110168,20261010,10,5
10,0,sub-05,0.9632056355476379,20261010,10,5
10,0,sub-02,1.2443199157714844,20261010,10,5
10,0,sub-03,1.3190038204193115,20261010,10,5
10,0,sub-03,0.8227740526199341,20261010,10,5
10,0,sub-05,0.8637852668762207,20261010,10,5
10,0,sub-03,1.178234338760376,20261010,10,5
10,0,sub-03,0.6440910696983337,20261010,10,5
10,0,sub-02,3.237060546875,20261010,10,5
10,0,sub-05,1.5633028745651245,20261010,10,5
10,0,sub-05,0.8173955082893372,20261010,10,5
10,0,sub-05,0.9061146974563599,20261010,10,5
10,0,sub-05,1.479915738105774,20261010,10,5
10,0,sub-02,1.0086400508880615,20261010,10,5
10,0,sub-02,0.8371840119361877,20261010,10,5
10,0,sub-02,1.1852773427963257,20261010,10,5
10,0,sub-02,0.7837070226669312,20261010,10,5
10,0,sub-03,1.1405084133148193,20261010,10,5
10,0,sub-03,1.055871844291687,20261010,10,5
10,0,sub-03,1.2008230686187744,20261010,10,5
10,0,sub-05,2.0061991214752197,20261010,10,5
10,0,sub-05,0.8625485301017761,20261010,10,5
10,0,sub-05,0.7648018002510071,20261010,10,5
10,0,sub-05,2.0648508071899414,20261010,10,5
10,0,sub-02,0.9118677973747253,20261010,10,5
10,0,sub-05,1.0059806108474731,20261010,10,5
10,0,sub-03,0.8675461411476135,20261010,10,5
10,0,sub-02,0.9104544520378113,20261010,10,5
10,0,sub-02,1.0001393556594849,20261010,10,5
10,0,sub-03,1.119180679321289,20261010,10,5
10,0,sub-03,1.1181279420852661,20261010,10,5
10,0,sub-03,1.1744787693023682,20261010,10,5
10,0,sub-02,1.0938055515289307,20261010,10,5
10,0,sub-05,0.8079196810722351,20261010,10,5
10,0,sub-03,1.0103137493133545,20261010,10,5
10,0,sub-02,0.8413504362106323,20261010,10,5
10,0,sub-03,0.8623279929161072,20261010,10,5
10,0,sub-05,1.140820026397705,20261010,10,5
10,0,sub-02,1.0404967069625854,20261010,10,5
10,0,sub-03,2.28250789642334,20261010,10,5
10,0,sub-03,1.503013014793396,20261010,10,5
10,0,sub-05,0.9434970617294312,20261010,10,5
10,0,sub-03,0.9742355346679688,20261010,10,5
10,0,sub-02,1.0503429174423218,20261010,10,5
10,0,sub-03,0.8873316049575806,20261010,10,5
10,0,sub-03,0.8082484006881714,20261010,10,5
10,0,sub-02,1.0186781883239746,20261010,10,5
10,0,sub-03,1.4208256006240845,20261010,10,5
10,0,sub-05,0.8864075541496277,20261010,10,5
10,0,sub-02,0.7990400791168213,20261010,10,5
10,0,sub-03,1.5494500398635864,20261010,10,5
10,0,sub-03,1.145028829574585,20261010,10,5
10,0,sub-02,0.8299565315246582,20261010,10,5
10,0,sub-05,2.1362361907958984,20261010,10,5
10,0,sub-02,1.5443750619888306,20261010,10,5
10,0,sub-03,1.982102394104004,20261010,10,5
10,0,sub-03,1.2157485485076904,20261010,10,5
10,0,sub-05,0.8910178542137146,20261010,10,5
10,0,sub-05,1.4891382455825806,20261010,10,5
10,0,sub-02,1.5331635475158691,20261010,10,5
10,0,sub-02,1.1096792221069336,20261010,10,5
10,0,sub-05,1.323788046836853,20261010,10,5
10,0,sub-03,2.2779035568237305,20261010,10,5
10,0,sub-03,0.8617932200431824,20261010,10,5
10,0,sub-03,0.9933257699012756,20261010,10,5
10,0,sub-05,0.9368412494659424,20261010,10,5
10,0,sub-05,1.8802815675735474,20261010,10,5
10,0,sub-03,0.7929585576057434,20261010,10,5
10,0,sub-02,1.5699626207351685,20261010,10,5
10,0,sub-05,0.8145753145217896,20261010,10,5
10,0,sub-02,1.265143632888794,20261010,10,5
10,0,sub-02,0.8810830116271973,20261010,10,5
10,0,sub-03,0.8904239535331726,20261010,10,5
10,0,sub-03,0.8201203942298889,20261010,10,5
10,0,sub-02,0.8019325733184814,20261010,10,5
10,0,sub-02,0.8270171880722046,20261010,10,5
10,0,sub-02,0.8110913634300232,20261010,10,5
10,0,sub-02,1.6494139432907104,20261010,10,5
10,0,sub-02,0.9304720759391785,20261010,10,5
10,0,sub-02,0.9395931363105774,20261010,10,5
10,0,sub-02,0.9219509959220886,20261010,10,5
10,0,sub-02,1.3053572177886963,20261010,10,5
10,0,sub-03,1.1118749380111694,20261010,10,5
10,0,sub-05,1.5787595510482788,20261010,10,5
10,0,sub-05,0.9177027344703674,20261010,10,5
10,0,sub-02,1.0440471172332764,20261010,10,5
10,0,sub-02,1.595052719116211,20261010,10,5
10,0,sub-05,2.558180093765259,20261010,10,5
10,0,sub-03,1.3060508966445923,20261010,10,5
10,0,sub-05,1.1635721921920776,20261010,10,5
10,0,sub-03,1.0039054155349731,20261010,10,5
10,0,sub-03,0.9966236352920532,20261010,10,5
10,0,sub-03,0.8805948495864868,20261010,10,5
10,0,sub-02,0.7662035226821899,20261010,10,5
10,0,sub-05,0.8201538324356079,20261010,10,5
10,0,sub-02,0.7743394374847412,20261010,10,5
10,0,sub-03,2.278480291366577,20261010,10,5
10,0,sub-02,1.1235095262527466,20261010,10,5
10,0,sub-03,0.7974653244018555,20261010,10,5
10,0,sub-02,1.024391770362854,20261010,10,5
10,0,sub-05,2.1762332916259766,20261010,10,5
10,0,sub-02,1.4324383735656738,20261010,10,5
10,0,sub-05,1.1470468044281006,20261010,10,5
10,0,sub-05,0.8603408336639404,20261010,10,5
10,0,sub-05,0.9195854663848877,20261010,10,5
10,0,sub-03,1.198042631149292,20261010,10,5
10,0,sub-02,0.975001871585846,20261010,10,5
10,0,sub-02,2.9908409118652344,20261010,10,5
10,0,sub-02,0.948688805103302,20261010,10,5
10,0,sub-05,0.8361386656761169,20261010,10,5
10,0,sub-02,2.2788476943969727,20261010,10,5
10,0,sub-02,1.0110218524932861,20261010,10,5
10,0,sub-03,0.9675542712211609,20261010,10,5
10,0,sub-03,0.7252916693687439,20261010,10,5
10,0,sub-05,1.0149688720703125,20261010,10,5
10,0,sub-03,0.7691317200660706,20261010,10,5
10,0,sub-02,1.3978536128997803,20261010,10,5
10,0,sub-02,0.9600439071655273,20261010,10,5
10,0,sub-05,1.498824954032898,20261010,10,5
10,0,sub-05,1.7557376623153687,20261010,10,5
10,0,sub-03,0.910422682762146,20261010,10,5
10,0,sub-03,0.8068262934684753,20261010,10,5
10,0,sub-05,1.9498368501663208,20261010,10,5
10,0,sub-03,1.712915062904358,20261010,10,5
10,0,sub-05,1.1293067932128906,20261010,10,5
10,0,sub-02,0.9368966221809387,20261010,10,5
10,0,sub-02,1.0949772596359253,20261010,10,5
10,0,sub-02,0.941562294960022,20261010,10,5
10,0,sub-05,1.023460865020752,20261010,10,5
10,0,sub-03,0.9403001070022583,20261010,10,5
10,0,sub-05,0.9455831050872803,20261010,10,5
10,0,sub-03,0.9959496855735779,20261010,10,5
10,0,sub-03,0.7787557244300842,20261010,10,5
10,0,sub-03,0.9663870930671692,20261010,10,5
10,0,sub-02,1.496327519416809,20261010,10,5
10,0,sub-05,0.8366395831108093,20261010,10,5
10,0,sub-02,0.8648438453674316,20261010,10,5
10,0,sub-05,1.446624517440796,20261010,10,5
10,0,sub-05,0.7927203178405762,20261010,10,5
10,0,sub-05,0.836153507232666,20261010,10,5
10,0,sub-05,1.0423696041107178,20261010,10,5
10,0,sub-05,0.9006927609443665,20261010,10,5
10,0,sub-02,0.9457044005393982,20261010,10,5
10,0,sub-03,1.6702942848205566,20261010,10,5
10,0,sub-02,1.0912837982177734,20261010,10,5
10,0,sub-02,1.1585416793823242,20261010,10,5
10,0,sub-03,0.8391333818435669,20261010,10,5
10,0,sub-05,1.2492623329162598,20261010,10,5
10,0,sub-03,1.0160638093948364,20261010,10,5
10,0,sub-05,0.9918577671051025,20261010,10,5
10,0,sub-02,2.2983298301696777,20261010,10,5
10,0,sub-05,0.8601024150848389,20261010,10,5
10,0,sub-02,1.218772053718567,20261010,10,5
10,0,sub-05,0.9572235941886902,20261010,10,5
10,0,sub-03,1.0093507766723633,20261010,10,5
10,0,sub-05,0.8188933730125427,20261010,10,5
10,0,sub-03,1.6183799505233765,20261010,10,5
10,0,sub-05,2.4401724338531494,20261010,10,5
10,0,sub-02,0.942908525466919,20261010,10,5
10,0,sub-05,0.8423596024513245,20261010,10,5
10,0,sub-03,1.1907813549041748,20261010,10,5
10,0,sub-05,1.1147894859313965,20261010,10,5
10,0,sub-03,0.7142889499664307,20261010,10,5
10,0,sub-03,1.414332628250122,20261010,10,5
10,0,sub-05,1.4228763580322266,20261010,10,5
10,0,sub-02,0.9857927560806274,20261010,10,5
10,0,sub-05,1.1926589012145996,20261010,10,5
10,0,sub-05,1.0002970695495605,20261010,10,5
10,0,sub-05,2.384235382080078,20261010,10,5
10,0,sub-02,1.2840441465377808,20261010,10,5
10,0,sub-03,1.2245699167251587,20261010,10,5
10,0,sub-05,1.1749414205551147,20261010,10,5
10,0,sub-05,0.9620047211647034,20261010,10,5
10,0,sub-05,0.8936134576797485,20261010,10,5
10,0,sub-03,2.9249985218048096,20261010,10,5
10,0,sub-03,0.984012246131897,20261010,10,5
10,0,sub-03,1.030862808227539,20261010,10,5
10,0,sub-03,0.8484305143356323,20261010,10,5
10,0,sub-02,0.9574571251869202,20261010,10,5
10,0,sub-03,1.8278850317001343,20261010,10,5
10,0,sub-05,0.9091724157333374,20261010,10,5
10,0,sub-03,0.8054471015930176,20261010,10,5
10,0,sub-02,0.8877560496330261,20261010,10,5
10,0,sub-03,0.896784245967865,20261010,10,5
10,0,sub-03,1.3626165390014648,20261010,10,5
10,0,sub-03,0.8223391771316528,20261010,10,5
10,0,sub-02,0.865003764629364,20261010,10,5
10,0,sub-03,1.9289199113845825,20261010,10,5
10,0,sub-03,1.1657065153121948,20261010,10,5
10,0,sub-02,0.9262401461601257,20261010,10,5
10,0,sub-05,0.9429174661636353,20261010,10,5
10,0,sub-03,1.2482696771621704,20261010,10,5
10,0,sub-03,0.8707385659217834,20261010,10,5
10,0,sub-03,0.8276849985122681,20261010,10,5
10,0,sub-03,0.908948540687561,20261010,10,5
10,0,sub-02,1.1578847169876099,20261010,10,5
10,0,sub-03,0.8236039876937866,20261010,10,5
10,0,sub-03,0.8943808674812317,20261010,10,5
10,0,sub-02,0.7447373867034912,20261010,10,5
10,0,sub-05,0.9669799208641052,20261010,10,5
10,0,sub-02,1.2930712699890137,20261010,10,5
10,0,sub-05,0.6358899474143982,20261010,10,5
10,0,sub-02,1.0952149629592896,20261010,10,5
10,0,sub-05,0.9417918920516968,20261010,10,5
10,0,sub-03,1.2207263708114624,20261010,10,5
10,0,sub-05,1.9082520008087158,20261010,10,5
10,0,sub-05,0.9437528848648071,20261010,10,5
10,0,sub-03,0.8741540908813477,20261010,10,5
10,0,sub-03,1.004433035850525,20261010,10,5
10,0,sub-03,1.0151216983795166,20261010,10,5
10,0,sub-02,2.4433562755584717,20261010,10,5
10,0,sub-05,1.0145602226257324,20261010,10,5
10,0,sub-05,1.2853997945785522,20261010,10,5
10,0,sub-05,0.9477100372314453,20261010,10,5
10,0,sub-05,2.4774975776672363,20261010,10,5
10,0,sub-02,1.0042248964309692,20261010,10,5
10,0,sub-03,1.4365264177322388,20261010,10,5
10,0,sub-05,0.8179587125778198,20261010,10,5
10,0,sub-03,0.9936312437057495,20261010,10,5
10,0,sub-05,0.8339551091194153,20261010,10,5
10,0,sub-03,1.4329746961593628,20261010,10,5
10,0,sub-02,1.0070359706878662,20261010,10,5
10,0,sub-02,0.9905266165733337,20261010,10,5
10,0,sub-03,1.142561912536621,20261010,10,5
10,0,sub-03,0.9678151607513428,20261010,10,5
10,0,sub-02,1.1590843200683594,20261010,10,5
10,0,sub-03,0.8979523777961731,20261010,10,5
10,0,sub-02,1.1436880826950073,20261010,10,5
10,0,sub-02,0.881660521030426,20261010,10,5
10,0,sub-03,1.2665071487426758,20261010,10,5
10,0,sub-03,0.7967896461486816,20261010,10,5
10,0,sub-05,2.3906869888305664,20261010,10,5
10,0,sub-02,1.450209379196167,20261010,10,5
10,0,sub-05,0.9490761756896973,20261010,10,5
10,0,sub-02,0.9317208528518677,20261010,10,5
10,0,sub-02,0.7095414400100708,20261010,10,5
10,0,sub-05,1.176965355873108,20261010,10,5
10,0,sub-03,1.0756690502166748,20261010,10,5
10,0,sub-05,1.8128899335861206,20261010,10,5
10,0,sub-03,1.2506842613220215,20261010,10,5
10,0,sub-02,0.7939298152923584,20261010,10,5
10,0,sub-05,0.9053210020065308,20261010,10,5
10,0,sub-03,0.7664303779602051,20261010,10,5
10,0,sub-05,0.9633638262748718,20261010,10,5
10,0,sub-05,0.940288245677948,20261010,10,5
30,0,sub-02,1.17514967918396,20261010,30,15
30,0,sub-05,0.8667135238647461,20261010,30,15
30,0,sub-05,1.2709190845489502,20261010,30,15
30,0,sub-03,2.378605365753174,20261010,30,15
30,0,sub-02,2.28104829788208,20261010,30,15
30,0,sub-03,1.1527960300445557,20261010,30,15
30,0,sub-03,0.9907923936843872,20261010,30,15
30,0,sub-05,0.8369196653366089,20261010,30,15
30,0,sub-03,2.2692389488220215,20261010,30,15
30,0,sub-02,0.7370822429656982,20261010,30,15
30,0,sub-05,1.1586138010025024,20261010,30,15
30,0,sub-02,1.2520498037338257,20261010,30,15
30,0,sub-03,0.9873373508453369,20261010,30,15
30,0,sub-03,0.8282143473625183,20261010,30,15
30,0,sub-02,1.1694563627243042,20261010,30,15
30,0,sub-02,1.2379753589630127,20261010,30,15
30,0,sub-02,1.219038963317871,20261010,30,15
30,0,sub-03,0.7548880577087402,20261010,30,15
30,0,sub-05,1.1248633861541748,20261010,30,15
30,0,sub-05,0.9469605088233948,20261010,30,15
30,0,sub-02,1.0150007009506226,20261010,30,15
30,0,sub-05,1.6178940534591675,20261010,30,15
30,0,sub-05,0.8847189545631409,20261010,30,15
30,0,sub-02,0.9727948904037476,20261010,30,15
30,0,sub-03,1.4203866720199585,20261010,30,15
30,0,sub-03,1.1192307472229004,20261010,30,15
30,0,sub-05,0.7621287703514099,20261010,30,15
30,0,sub-03,1.7047175168991089,20261010,30,15
30,0,sub-02,0.9916491508483887,20261010,30,15
30,0,sub-05,2.1796271800994873,20261010,30,15
30,0,sub-05,0.8311031460762024,20261010,30,15
30,0,sub-05,2.2374699115753174,20261010,30,15
30,0,sub-05,2.2281291484832764,20261010,30,15
30,0,sub-03,0.5955536365509033,20261010,30,15
30,0,sub-02,1.7263163328170776,20261010,30,15
30,0,sub-05,0.8270763158798218,20261010,30,15
30,0,sub-05,0.9900696873664856,20261010,30,15
30,0,sub-03,1.0159595012664795,20261010,30,15
30,0,sub-02,0.9260240197181702,20261010,30,15
30,0,sub-05,1.0057697296142578,20261010,30,15
30,0,sub-05,1.518341064453125,20261010,30,15
30,0,sub-03,1.2068653106689453,20261010,30,15
30,0,sub-02,1.5682705640792847,20261010,30,15
30,0,sub-02,0.9328049421310425,20261010,30,15
30,0,sub-02,0.9355404376983643,20261010,30,15
30,0,sub-03,0.7828423380851746,20261010,30,15
30,0,sub-05,0.679675817489624,20261010,30,15
30,0,sub-03,1.4157236814498901,20261010,30,15
30,0,sub-03,1.064945101737976,20261010,30,15
30,0,sub-05,0.8784136176109314,20261010,30,15
30,0,sub-03,0.8881650567054749,20261010,30,15
30,0,sub-05,1.0731613636016846,20261010,30,15
30,0,sub-05,0.9014659523963928,20261010,30,15
30,0,sub-02,1.2234553098678589,20261010,30,15
30,0,sub-02,1.0467958450317383,20261010,30,15
30,0,sub-02,0.8167670369148254,20261010,30,15
30,0,sub-02,1.420642614364624,20261010,30,15
30,0,sub-02,2.431790590286255,20261010,30,15
30,0,sub-05,1.6397954225540161,20261010,30,15
30,0,sub-03,0.87680584192276,20261010,30,15
30,0,sub-03,0.9979571104049683,20261010,30,15
30,0,sub-02,1.368579626083374,20261010,30,15
30,0,sub-05,1.1366764307022095,20261010,30,15
30,0,sub-02,0.8128851056098938,20261010,30,15
30,0,sub-03,1.1055234670639038,20261010,30,15
30,0,sub-05,0.8573342561721802,20261010,30,15
30,0,sub-02,1.9316339492797852,20261010,30,15
30,0,sub-02,0.7254503965377808,20261010,30,15
30,0,sub-05,1.0201778411865234,20261010,30,15
30,0,sub-05,1.3940422534942627,20261010,30,15
30,0,sub-03,2.188497304916382,20261010,30,15
30,0,sub-03,0.8443882465362549,20261010,30,15
30,0,sub-05,0.7615150809288025,20261010,30,15
30,0,sub-05,0.7433521151542664,20261010,30,15
30,0,sub-03,1.2692152261734009,20261010,30,15
30,0,sub-03,2.3819401264190674,20261010,30,15
30,0,sub-02,1.1115397214889526,20261010,30,15
30,0,sub-03,1.3003443479537964,20261010,30,15
30,0,sub-05,1.9887006282806396,20261010,30,15
30,0,sub-02,0.9859582781791687,20261010,30,15
30,0,sub-02,1.2623482942581177,20261010,30,15
30,0,sub-02,2.4249165058135986,20261010,30,15
30,0,sub-02,0.9896210432052612,20261010,30,15
30,0,sub-03,0.7341208457946777,20261010,30,15
30,0,sub-05,0.8674799203872681,20261010,30,15
30,0,sub-02,0.8726369142532349,20261010,30,15
30,0,sub-02,2.287592649459839,20261010,30,15
30,0,sub-05,0.9115884900093079,20261010,30,15
30,0,sub-05,0.7328493595123291,20261010,30,15
30,0,sub-03,0.8614798784255981,20261010,30,15
30,0,sub-02,0.9953004717826843,20261010,30,15
30,0,sub-05,0.946037232875824,20261010,30,15
30,0,sub-05,0.9443928599357605,20261010,30,15
30,0,sub-03,1.4401817321777344,20261010,30,15
30,0,sub-02,0.874122679233551,20261010,30,15
30,0,sub-02,0.730251669883728,20261010,30,15
30,0,sub-02,0.8339799642562866,20261010,30,15
30,0,sub-03,1.042222023010254,20261010,30,15
30,0,sub-05,1.4166032075881958,20261010,30,15
30,0,sub-03,1.0080546140670776,20261010,30,15
30,0,sub-05,0.7851989269256592,20261010,30,15
30,0,sub-03,1.0934092998504639,20261010,30,15
30,0,sub-05,1.0085737705230713,20261010,30,15
30,0,sub-02,0.8168321251869202,20261010,30,15
30,0,sub-05,0.7460761666297913,20261010,30,15
30,0,sub-02,0.9346888661384583,20261010,30,15
30,0,sub-02,0.834243655204773,20261010,30,15
30,0,sub-02,1.9720827341079712,20261010,30,15
30,0,sub-02,0.8293420076370239,20261010,30,15
30,0,sub-03,1.306597352027893,20261010,30,15
30,0,sub-02,1.8557113409042358,20261010,30,15
30,0,sub-03,0.9806956052780151,20261010,30,15
30,0,sub-03,0.8151916861534119,20261010,30,15
30,0,sub-03,2.6931779384613037,20261010,30,15
30,0,sub-02,0.9433063864707947,20261010,30,15
30,0,sub-05,1.3757877349853516,20261010,30,15
30,0,sub-03,0.9540538191795349,20261010,30,15
30,0,sub-05,0.8816339373588562,20261010,30,15
30,0,sub-05,0.8430125117301941,20261010,30,15
30,0,sub-05,1.0562483072280884,20261010,30,15
30,0,sub-03,1.1887338161468506,20261010,30,15
30,0,sub-03,0.8457134962081909,20261010,30,15
30,0,sub-02,2.1204400062561035,20261010,30,15
30,0,sub-02,0.9841618537902832,20261010,30,15
30,0,sub-03,1.341179609298706,20261010,30,15
30,0,sub-02,1.2616925239562988,20261010,30,15
30,0,sub-05,1.489453911781311,20261010,30,15
30,0,sub-03,0.8724431991577148,20261010,30,15
30,0,sub-05,0.9778742790222168,20261010,30,15
30,0,sub-05,0.7769866585731506,20261010,30,15
30,0,sub-02,0.7408304214477539,20261010,30,15
30,0,sub-03,1.6036053895950317,20261010,30,15
30,0,sub-05,0.8160552382469177,20261010,30,15
30,0,sub-02,2.020460844039917,20261010,30,15
30,0,sub-03,1.377055048942566,20261010,30,15
30,0,sub-05,0.8474004864692688,20261010,30,15
30,0,sub-02,0.8617386817932129,20261010,30,15
30,0,sub-03,0.8967022895812988,20261010,30,15
30,0,sub-05,1.344238042831421,20261010,30,15
30,0,sub-02,0.7570458650588989,20261010,30,15
30,0,sub-05,0.96363365650177,20261010,30,15
30,0,sub-02,1.2438421249389648,20261010,30,15
30,0,sub-03,1.3192161321640015,20261010,30,15
30,0,sub-03,0.8219122290611267,20261010,30,15
30,0,sub-05,0.8650802373886108,20261010,30,15
30,0,sub-03,1.178431510925293,20261010,30,15
30,0,sub-03,0.6432380080223083,20261010,30,15
30,0,sub-02,3.082296848297119,20261010,30,15
30,0,sub-05,1.564224362373352,20261010,30,15
30,0,sub-05,0.83553546667099,20261010,30,15
30,0,sub-05,0.9101722240447998,20261010,30,15
30,0,sub-05,1.4822746515274048,20261010,30,15
30,0,sub-02,1.0053056478500366,20261010,30,15
30,0,sub-02,0.837011456489563,20261010,30,15
30,0,sub-02,1.1855133771896362,20261010,30,15
30,0,sub-02,0.783700168132782,20261010,30,15
30,0,sub-03,1.1414581537246704,20261010,30,15
30,0,sub-03,1.0567928552627563,20261010,30,15
30,0,sub-03,1.2004337310791016,20261010,30,15
30,0,sub-05,2.0072805881500244,20261010,30,15
30,0,sub-05,0.8668114542961121,20261010,30,15
30,0,sub-05,0.7674828767776489,20261010,30,15
30,0,sub-05,2.065204620361328,20261010,30,15
30,0,sub-02,0.9054610133171082,20261010,30,15
30,0,sub-05,1.0060477256774902,20261010,30,15
30,0,sub-03,0.8658722639083862,20261010,30,15
30,0,sub-02,0.9073830842971802,20261010,30,15
30,0,sub-02,1.0001555681228638,20261010,30,15
30,0,sub-03,1.1185029745101929,20261010,30,15
30,0,sub-03,1.1202256679534912,20261010,30,15
30,0,sub-03,1.174974799156189,20261010,30,15
30,0,sub-02,1.0921220779418945,20261010,30,15
30,0,sub-05,0.8127495050430298,20261010,30,15
30,0,sub-03,1.0105347633361816,20261010,30,15
30,0,sub-02,0.8429853320121765,20261010,30,15
30,0,sub-03,0.8608738780021667,20261010,30,15
30,0,sub-05,1.1422843933105469,20261010,30,15
30,0,sub-02,1.0326828956604004,20261010,30,15
30,0,sub-03,2.2825393676757812,20261010,30,15
30,0,sub-03,1.5021097660064697,20261010,30,15
30,0,sub-05,0.9439424872398376,20261010,30,15
30,0,sub-03,0.9736983776092529,20261010,30,15
30,0,sub-02,1.0480190515518188,20261010,30,15
30,0,sub-03,0.8853871822357178,20261010,30,15
30,0,sub-03,0.8084819912910461,20261010,30,15
30,0,sub-02,1.0178433656692505,20261010,30,15
30,0,sub-03,1.422336220741272,20261010,30,15
30,0,sub-05,0.888400137424469,20261010,30,15
30,0,sub-02,0.7977702617645264,20261010,30,15
30,0,sub-03,1.5499783754348755,20261010,30,15
30,0,sub-03,1.145182490348816,20261010,30,15
30,0,sub-02,0.8328338861465454,20261010,30,15
30,0,sub-05,2.1374170780181885,20261010,30,15
30,0,sub-02,1.5444252490997314,20261010,30,15
30,0,sub-03,1.981938123703003,20261010,30,15
30,0,sub-03,1.216554045677185,20261010,30,15
30,0,sub-05,0.8931582570075989,20261010,30,15
30,0,sub-05,1.4893728494644165,20261010,30,15
30,0,sub-02,1.5336195230484009,20261010,30,15
30,0,sub-02,1.106706142425537,20261010,30,15
30,0,sub-05,1.324276089668274,20261010,30,15
30,0,sub-03,2.2736194133758545,20261010,30,15
30,0,sub-03,0.860720157623291,20261010,30,15
30,0,sub-03,0.9934027791023254,20261010,30,15
30,0,sub-05,0.9378980398178101,20261010,30,15
30,0,sub-05,1.8804529905319214,20261010,30,15
30,0,sub-03,0.7937999963760376,20261010,30,15
30,0,sub-02,1.5698453187942505,20261010,30,15
30,0,sub-05,0.816023051738739,20261010,30,15
30,0,sub-02,1.257667899131775,20261010,30,15
30,0,sub-02,0.8796940445899963,20261010,30,15
30,0,sub-03,0.8907395005226135,20261010,30,15
30,0,sub-03,0.8204858303070068,20261010,30,15
30,0,sub-02,0.8027938604354858,20261010,30,15
30,0,sub-02,0.8086197376251221,20261010,30,15
30,0,sub-02,0.8097156882286072,20261010,30,15
30,0,sub-02,1.6501506567001343,20261010,30,15
30,0,sub-02,0.9318334460258484,20261010,30,15
30,0,sub-02,0.9413474798202515,20261010,30,15
30,0,sub-02,0.9256027936935425,20261010,30,15
30,0,sub-02,1.3048235177993774,20261010,30,15
30,0,sub-03,1.1113375425338745,20261010,30,15
30,0,sub-05,1.5795950889587402,20261010,30,15
30,0,sub-05,0.9183586835861206,20261010,30,15
30,0,sub-02,1.0439062118530273,20261010,30,15
30,0,sub-02,1.5953519344329834,20261010,30,15
30,0,sub-05,2.5580811500549316,20261010,30,15
30,0,sub-03,1.3058438301086426,20261010,30,15
30,0,sub-05,1.165269374847412,20261010,30,15
30,0,sub-03,1.0033612251281738,20261010,30,15
30,0,sub-03,0.9976040720939636,20261010,30,15
30,0,sub-03,0.8809852600097656,20261010,30,15
30,0,sub-02,0.765917956829071,20261010,30,15
30,0,sub-05,0.8204190731048584,20261010,30,15
30,0,sub-02,0.7786663174629211,20261010,30,15
30,0,sub-03,2.2787463665008545,20261010,30,15
30,0,sub-02,1.1220003366470337,20261010,30,15
30,0,sub-03,0.7967877984046936,20261010,30,15
30,0,sub-02,1.0245161056518555,20261010,30,15
30,0,sub-05,2.176753520965576,20261010,30,15
30,0,sub-02,1.4322768449783325,20261010,30,15
30,0,sub-05,1.1479966640472412,20261010,30,15
30,0,sub-05,0.8617210388183594,20261010,30,15
30,0,sub-05,0.9198335409164429,20261010,30,15
30,0,sub-03,1.1984610557556152,20261010,30,15
30,0,sub-02,0.976248562335968,20261010,30,15
30,0,sub-02,3.027081251144409,20261010,30,15
30,0,sub-02,0.9484851360321045,20261010,30,15
30,0,sub-05,0.8368152379989624,20261010,30,15
30,0,sub-02,2.2785751819610596,20261010,30,15
30,0,sub-02,1.0110036134719849,20261010,30,15
30,0,sub-03,0.9695680141448975,20261010,30,15
30,0,sub-03,0.7256507277488708,20261010,30,15
30,0,sub-05,1.0170881748199463,20261010,30,15
30,0,sub-03,0.7684086561203003,20261010,30,15
30,0,sub-02,1.4035367965698242,20261010,30,15
30,0,sub-02,0.9588623046875,20261010,30,15
30,0,sub-05,1.4989001750946045,20261010,30,15
30,0,sub-05,1.7566628456115723,20261010,30,15
30,0,sub-03,0.9107996821403503,20261010,30,15
30,0,sub-03,0.805991530418396,20261010,30,15
30,0,sub-05,1.9503823518753052,20261010,30,15
30,0,sub-03,1.7131001949310303,20261010,30,15
30,0,sub-05,1.1296584606170654,20261010,30,15
30,0,sub-02,0.9278026223182678,20261010,30,15
30,0,sub-02,1.0940194129943848,20261010,30,15
30,0,sub-02,0.9439648389816284,20261010,30,15
30,0,sub-05,1.0291627645492554,20261010,30,15
30,0,sub-03,0.9393715262413025,20261010,30,15
30,0,sub-05,0.9461126923561096,20261010,30,15
30,0,sub-03,0.9958969950675964,20261010,30,15
30,0,sub-03,0.7785045504570007,20261010,30,15
30,0,sub-03,0.9679768681526184,20261010,30,15
30,0,sub-02,1.5077885389328003,20261010,30,15
30,0,sub-05,0.8371726870536804,20261010,30,15
30,0,sub-02,0.8652999401092529,20261010,30,15
30,0,sub-05,1.4473810195922852,20261010,30,15
30,0,sub-05,0.7950595617294312,20261010,30,15
30,0,sub-05,0.8361015915870667,20261010,30,15
30,0,sub-05,1.0461983680725098,20261010,30,15
30,0,sub-05,0.9003294110298157,20261010,30,15
30,0,sub-02,0.9458829760551453,20261010,30,15
30,0,sub-03,1.6703379154205322,20261010,30,15
30,0,sub-02,1.0898411273956299,20261010,30,15
30,0,sub-02,1.1612478494644165,20261010,30,15
30,0,sub-03,0.838548481464386,20261010,30,15
30,0,sub-05,1.249592900276184,20261010,30,15
30,0,sub-03,1.0156809091567993,20261010,30,15
30,0,sub-05,0.9918716549873352,20261010,30,15
30,0,sub-02,2.203632354736328,20261010,30,15
30,0,sub-05,0.8608675003051758,20261010,30,15
30,0,sub-02,1.2100547552108765,20261010,30,15
30,0,sub-05,0.9580724835395813,20261010,30,15
30,0,sub-03,1.009216547012329,20261010,30,15
30,0,sub-05,0.8213729858398438,20261010,30,15
30,0,sub-03,1.6188117265701294,20261010,30,15
30,0,sub-05,2.4407215118408203,20261010,30,15
30,0,sub-02,0.9415621161460876,20261010,30,15
30,0,sub-05,0.8545902371406555,20261010,30,15
30,0,sub-03,1.1882513761520386,20261010,30,15
30,0,sub-05,1.1227363348007202,20261010,30,15
30,0,sub-03,0.7138944864273071,20261010,30,15
30,0,sub-03,1.4148391485214233,20261010,30,15
30,0,sub-05,1.4228746891021729,20261010,30,15
30,0,sub-02,0.9860371947288513,20261010,30,15
30,0,sub-05,1.1946256160736084,20261010,30,15
30,0,sub-05,1.001662015914917,20261010,30,15
30,0,sub-05,2.3850600719451904,20261010,30,15
30,0,sub-02,1.2143760919570923,20261010,30,15
30,0,sub-03,1.2253310680389404,20261010,30,15
30,0,sub-05,1.1754926443099976,20261010,30,15
30,0,sub-05,0.965880811214447,20261010,30,15
30,0,sub-05,0.8941914439201355,20261010,30,15
30,0,sub-03,2.924318790435791,20261010,30,15
30,0,sub-03,0.9832297563552856,20261010,30,15
30,0,sub-03,1.0304511785507202,20261010,30,15
30,0,sub-03,0.8481000661849976,20261010,30,15
30,0,sub-02,0.9565008878707886,20261010,30,15
30,0,sub-03,1.8267632722854614,20261010,30,15
30,0,sub-05,0.9123077392578125,20261010,30,15
30,0,sub-03,0.8043665289878845,20261010,30,15
30,0,sub-02,0.8781577348709106,20261010,30,15
30,0,sub-03,0.8973575234413147,20261010,30,15
30,0,sub-03,1.3632386922836304,20261010,30,15
30,0,sub-03,0.8206757307052612,20261010,30,15
30,0,sub-02,0.8625837564468384,20261010,30,15
30,0,sub-03,1.9284453392028809,20261010,30,15
30,0,sub-03,1.1659685373306274,20261010,30,15
30,0,sub-02,0.9291349053382874,20261010,30,15
30,0,sub-05,0.9455285668373108,20261010,30,15
30,0,sub-03,1.2469873428344727,20261010,30,15
30,0,sub-03,0.8704509139060974,20261010,30,15
30,0,sub-03,0.8252220749855042,20261010,30,15
30,0,sub-03,0.9049704074859619,20261010,30,15
30,0,sub-02,1.1537442207336426,20261010,30,15
30,0,sub-03,0.8194395303726196,20261010,30,15
30,0,sub-03,0.8928548693656921,20261010,30,15
30,0,sub-02,0.7456281185150146,20261010,30,15
30,0,sub-05,0.9679134488105774,20261010,30,15
30,0,sub-02,1.2929885387420654,20261010,30,15
30,0,sub-05,0.6369455456733704,20261010,30,15
30,0,sub-02,1.0826770067214966,20261010,30,15
30,0,sub-05,0.943010687828064,20261010,30,15
30,0,sub-03,1.2209830284118652,20261010,30,15
30,0,sub-05,1.9086717367172241,20261010,30,15
30,0,sub-05,0.9468032717704773,20261010,30,15
30,0,sub-03,0.8740301728248596,20261010,30,15
30,0,sub-03,1.0049376487731934,20261010,30,15
30,0,sub-03,1.0143557786941528,20261010,30,15
30,0,sub-02,2.4430668354034424,20261010,30,15
30,0,sub-05,1.0155140161514282,20261010,30,15
30,0,sub-05,1.2859392166137695,20261010,30,15
30,0,sub-05,0.9481784701347351,20261010,30,15
30,0,sub-05,2.478471279144287,20261010,30,15
30,0,sub-02,1.0046488046646118,20261010,30,15
30,0,sub-03,1.4342645406723022,20261010,30,15
30,0,sub-05,0.8184160590171814,20261010,30,15
30,0,sub-03,0.9938304424285889,20261010,30,15
30,0,sub-05,0.8418138027191162,20261010,30,15
30,0,sub-03,1.433590054512024,20261010,30,15
30,0,sub-02,1.0093001127243042,20261010,30,15
30,0,sub-02,0.9904813170433044,20261010,30,15
30,0,sub-03,1.1404876708984375,20261010,30,15
30,0,sub-03,0.967494010925293,20261010,30,15
30,0,sub-02,1.1588451862335205,20261010,30,15
30,0,sub-03,0.8960064649581909,20261010,30,15
30,0,sub-02,1.1439048051834106,20261010,30,15
30,0,sub-02,0.8797754049301147,20261010,30,15
30,0,sub-03,1.268981695175171,20261010,30,15
30,0,sub-03,0.7975057363510132,20261010,30,15
30,0,sub-05,2.391083240509033,20261010,30,15
30,0,sub-02,1.4511176347732544,20261010,30,15
30,0,sub-05,0.9501557350158691,20261010,30,15
30,0,sub-02,0.9300006031990051,20261010,30,15
30,0,sub-02,0.7074147462844849,20261010,30,15
30,0,sub-05,1.1773951053619385,20261010,30,15
30,0,sub-03,1.0748018026351929,20261010,30,15
30,0,sub-05,1.8136802911758423,20261010,30,15
30,0,sub-03,1.253445029258728,20261010,30,15
30,0,sub-02,0.7944780588150024,20261010,30,15
30,0,sub-05,0.9096937775611877,20261010,30,15
30,0,sub-03,0.7664921879768372,20261010,30,15
30,0,sub-05,0.9649204015731812,20261010,30,15
30,0,sub-05,0.9408969879150391,20261010,30,15
0,0,sub-02,1.447660207748413,20261011,0,0
0,0,sub-05,1.0464476346969604,20261011,0,0
0,0,sub-05,1.1346999406814575,20261011,0,0
0,0,sub-02,1.9618515968322754,20261011,0,0
0,0,sub-05,1.129326581954956,20261011,0,0
0,0,sub-03,0.5727840065956116,20261011,0,0
0,0,sub-02,1.020703673362732,20261011,0,0
0,0,sub-03,0.973365068435669,20261011,0,0
0,0,sub-05,0.9651670455932617,20261011,0,0
0,0,sub-03,1.3514446020126343,20261011,0,0
0,0,sub-03,0.8594061732292175,20261011,0,0
0,0,sub-03,1.2737370729446411,20261011,0,0
0,0,sub-03,0.9259093999862671,20261011,0,0
0,0,sub-02,0.8604767918586731,20261011,0,0
0,0,sub-05,1.317284345626831,20261011,0,0
0,0,sub-02,1.005866527557373,20261011,0,0
0,0,sub-05,0.9304884076118469,20261011,0,0
0,0,sub-02,1.0392404794692993,20261011,0,0
0,0,sub-05,2.0996816158294678,20261011,0,0
0,0,sub-02,0.9442598223686218,20261011,0,0
0,0,sub-05,0.9384878873825073,20261011,0,0
0,0,sub-03,1.1851917505264282,20261011,0,0
0,0,sub-02,1.5333925485610962,20261011,0,0
0,0,sub-02,1.0578941106796265,20261011,0,0
0,0,sub-05,1.1213631629943848,20261011,0,0
0,0,sub-03,1.972908616065979,20261011,0,0
0,0,sub-05,0.9913775324821472,20261011,0,0
0,0,sub-03,1.0320295095443726,20261011,0,0
0,0,sub-05,0.8855905532836914,20261011,0,0
0,0,sub-05,1.013921856880188,20261011,0,0
0,0,sub-03,1.089332938194275,20261011,0,0
0,0,sub-03,0.92867511510849,20261011,0,0
0,0,sub-03,1.7357878684997559,20261011,0,0
0,0,sub-02,1.1255933046340942,20261011,0,0
0,0,sub-05,0.8469701409339905,20261011,0,0
0,0,sub-05,1.240329384803772,20261011,0,0
0,0,sub-02,1.3530009984970093,20261011,0,0
0,0,sub-02,2.498553991317749,20261011,0,0
0,0,sub-03,0.9975486993789673,20261011,0,0
0,0,sub-03,0.8924261927604675,20261011,0,0
0,0,sub-05,1.4514083862304688,20261011,0,0
0,0,sub-03,1.4510151147842407,20261011,0,0
0,0,sub-05,0.892500102519989,20261011,0,0
0,0,sub-05,3.0127131938934326,20261011,0,0
0,0,sub-03,0.9773238897323608,20261011,0,0
0,0,sub-03,0.8614299893379211,20261011,0,0
0,0,sub-02,0.9073569774627686,20261011,0,0
0,0,sub-03,0.9032598733901978,20261011,0,0
0,0,sub-03,2.5999996662139893,20261011,0,0
0,0,sub-02,0.7673461437225342,20261011,0,0
0,0,sub-03,0.8638522624969482,20261011,0,0
0,0,sub-05,0.9949576258659363,20261011,0,0
0,0,sub-02,1.3331066370010376,20261011,0,0
0,0,sub-02,0.9780474305152893,20261011,0,0
0,0,sub-02,0.7281258702278137,20261011,0,0
0,0,sub-03,0.9649085402488708,20261011,0,0
0,0,sub-02,0.9940183162689209,20261011,0,0
0,0,sub-03,1.1323102712631226,20261011,0,0
0,0,sub-05,0.8143923282623291,20261011,0,0
0,0,sub-02,2.456181526184082,20261011,0,0
0,0,sub-02,2.8841257095336914,20261011,0,0
0,0,sub-02,1.0307066440582275,20261011,0,0
0,0,sub-05,1.0496294498443604,20261011,0,0
0,0,sub-05,1.0295991897583008,20261011,0,0
0,0,sub-05,1.8962780237197876,20261011,0,0
0,0,sub-02,1.2782645225524902,20261011,0,0
0,0,sub-03,1.3601717948913574,20261011,0,0
0,0,sub-02,0.7952309250831604,20261011,0,0
0,0,sub-03,1.265250325202942,20261011,0,0
0,0,sub-02,0.9699859619140625,20261011,0,0
0,0,sub-05,1.0075883865356445,20261011,0,0
0,0,sub-05,1.0397306680679321,20261011,0,0
0,0,sub-03,1.634220004081726,20261011,0,0
0,0,sub-03,1.035859227180481,20261011,0,0
0,0,sub-02,0.9462693333625793,20261011,0,0
0,0,sub-03,1.032679557800293,20261011,0,0
0,0,sub-02,0.813660204410553,20261011,0,0
0,0,sub-05,2.2229175567626953,20261011,0,0
0,0,sub-02,0.9538172483444214,20261011,0,0
0,0,sub-03,1.442986249923706,20261011,0,0
0,0,sub-03,1.4028041362762451,20261011,0,0
0,0,sub-05,1.594373345375061,20261011,0,0
0,0,sub-05,1.1238996982574463,20261011,0,0
0,0,sub-03,1.121746301651001,20261011,0,0
0,0,sub-02,0.974547803401947,20261011,0,0
0,0,sub-03,0.8681764006614685,20261011,0,0
0,0,sub-03,0.9379816651344299,20261011,0,0
0,0,sub-02,1.0532974004745483,20261011,0,0
0,0,sub-03,0.9504348039627075,20261011,0,0
0,0,sub-03,1.0077353715896606,20261011,0,0
0,0,sub-05,0.9291616082191467,20261011,0,0
0,0,sub-02,0.9677091240882874,20261011,0,0
0,0,sub-03,0.8695595860481262,20261011,0,0
0,0,sub-03,2.206608772277832,20261011,0,0
0,0,sub-05,0.7201958894729614,20261011,0,0
0,0,sub-02,1.3021597862243652,20261011,0,0
0,0,sub-02,0.9758941531181335,20261011,0,0
0,0,sub-03,2.182359218597412,20261011,0,0
0,0,sub-03,1.5677469968795776,20261011,0,0
0,0,sub-02,1.307425856590271,20261011,0,0
0,0,sub-05,1.214897871017456,20261011,0,0
0,0,sub-02,1.3339886665344238,20261011,0,0
0,0,sub-05,1.2258460521697998,20261011,0,0
0,0,sub-05,0.8614379167556763,20261011,0,0
0,0,sub-02,1.3595030307769775,20261011,0,0
0,0,sub-02,0.8103445172309875,20261011,0,0
0,0,sub-02,1.028306245803833,20261011,0,0
0,0,sub-05,1.3180631399154663,20261011,0,0
0,0,sub-03,0.9261293411254883,20261011,0,0
0,0,sub-05,1.0305835008621216,20261011,0,0
0,0,sub-05,0.7766411304473877,20261011,0,0
0,0,sub-03,0.9004862308502197,20261011,0,0
0,0,sub-05,1.0558674335479736,20261011,0,0
0,0,sub-05,0.979016900062561,20261011,0,0
0,0,sub-05,2.577618360519409,20261011,0,0
0,0,sub-03,1.3304169178009033,20261011,0,0
0,0,sub-03,1.0250012874603271,20261011,0,0
0,0,sub-02,1.3216369152069092,20261011,0,0
0,0,sub-02,0.9458063244819641,20261011,0,0
0,0,sub-02,0.9829052686691284,20261011,0,0
0,0,sub-03,0.9319112300872803,20261011,0,0
0,0,sub-05,1.2479913234710693,20261011,0,0
0,0,sub-03,1.3248887062072754,20261011,0,0
0,0,sub-03,0.9603988528251648,20261011,0,0
0,0,sub-03,0.9564558267593384,20261011,0,0
0,0,sub-03,1.024337649345398,20261011,0,0
0,0,sub-05,1.1319453716278076,20261011,0,0
0,0,sub-02,0.8300938606262207,20261011,0,0
0,0,sub-02,0.8038938641548157,20261011,0,0
0,0,sub-05,1.4248751401901245,20261011,0,0
0,0,sub-03,1.7037451267242432,20261011,0,0
0,0,sub-05,0.8971542119979858,20261011,0,0
0,0,sub-02,0.7530431151390076,20261011,0,0
0,0,sub-03,1.0108098983764648,20261011,0,0
0,0,sub-05,0.9794942140579224,20261011,0,0
0,0,sub-02,1.0545648336410522,20261011,0,0
0,0,sub-02,0.7895971536636353,20261011,0,0
0,0,sub-05,1.1596955060958862,20261011,0,0
0,0,sub-03,0.8940349817276001,20261011,0,0
0,0,sub-05,0.7817511558532715,20261011,0,0
0,0,sub-03,1.177202582359314,20261011,0,0
0,0,sub-02,1.0640841722488403,20261011,0,0
0,0,sub-03,1.0095998048782349,20261011,0,0
0,0,sub-05,0.9081396460533142,20261011,0,0
0,0,sub-02,3.177248001098633,20261011,0,0
0,0,sub-03,1.277026653289795,20261011,0,0
0,0,sub-05,1.3772019147872925,20261011,0,0
0,0,sub-03,1.038918137550354,20261011,0,0
0,0,sub-03,1.086841344833374,20261011,0,0
0,0,sub-05,1.1275792121887207,20261011,0,0
0,0,sub-02,0.9677395820617676,20261011,0,0
0,0,sub-02,0.9913164973258972,20261011,0,0
0,0,sub-02,1.4169304370880127,20261011,0,0
0,0,sub-02,1.4123517274856567,20261011,0,0
0,0,sub-05,1.0146470069885254,20261011,0,0
0,0,sub-03,0.9270577430725098,20261011,0,0
0,0,sub-05,0.7443525791168213,20261011,0,0
0,0,sub-02,1.7099580764770508,20261011,0,0
0,0,sub-02,1.0097250938415527,20261011,0,0
0,0,sub-05,1.4536970853805542,20261011,0,0
0,0,sub-02,1.0022368431091309,20261011,0,0
0,0,sub-05,0.9804234504699707,20261011,0,0
0,0,sub-02,2.2185254096984863,20261011,0,0
0,0,sub-02,0.9318588972091675,20261011,0,0
0,0,sub-05,1.2863516807556152,20261011,0,0
0,0,sub-02,1.613368272781372,20261011,0,0
0,0,sub-05,0.974368155002594,20261011,0,0
0,0,sub-05,1.2984707355499268,20261011,0,0
0,0,sub-03,1.4111502170562744,20261011,0,0
0,0,sub-02,1.380112886428833,20261011,0,0
0,0,sub-05,0.9558937549591064,20261011,0,0
0,0,sub-02,1.0495212078094482,20261011,0,0
0,0,sub-05,1.0349076986312866,20261011,0,0
0,0,sub-05,1.0986154079437256,20261011,0,0
0,0,sub-02,0.9286153316497803,20261011,0,0
0,0,sub-02,1.043125867843628,20261011,0,0
0,0,sub-05,0.966356635093689,20261011,0,0
0,0,sub-03,0.9429007172584534,20261011,0,0
0,0,sub-03,2.11623477935791,20261011,0,0
0,0,sub-05,0.9586440920829773,20261011,0,0
0,0,sub-03,1.5618866682052612,20261011,0,0
0,0,sub-05,1.6459885835647583,20261011,0,0
0,0,sub-05,0.8777085542678833,20261011,0,0
0,0,sub-05,0.9270357489585876,20261011,0,0
0,0,sub-05,1.1903533935546875,20261011,0,0
0,0,sub-02,2.433105230331421,20261011,0,0
0,0,sub-05,1.0612791776657104,20261011,0,0
0,0,sub-05,1.2123363018035889,20261011,0,0
0,0,sub-05,1.36868417263031,20261011,0,0
0,0,sub-05,1.2220017910003662,20261011,0,0
0,0,sub-03,1.00667405128479,20261011,0,0
0,0,sub-02,1.0149035453796387,20261011,0,0
0,0,sub-05,1.4025607109069824,20261011,0,0
0,0,sub-03,0.9979627728462219,20261011,0,0
0,0,sub-05,0.9565767645835876,20261011,0,0
0,0,sub-05,1.0485279560089111,20261011,0,0
0,0,sub-03,1.168378472328186,20261011,0,0
0,0,sub-02,0.8699430823326111,20261011,0,0
0,0,sub-05,1.6940889358520508,20261011,0,0
0,0,sub-02,1.000943899154663,20261011,0,0
0,0,sub-02,0.8828402757644653,20261011,0,0
0,0,sub-02,1.454093098640442,20261011,0,0
0,0,sub-03,0.9350361824035645,20261011,0,0
0,0,sub-03,1.045577049255371,20261011,0,0
0,0,sub-02,1.382531762123108,20261011,0,0
0,0,sub-05,2.0893633365631104,20261011,0,0
0,0,sub-03,0.9773954153060913,20261011,0,0
0,0,sub-03,0.8226111531257629,20261011,0,0
0,0,sub-02,1.0526330471038818,20261011,0,0
0,0,sub-03,1.0042179822921753,20261011,0,0
0,0,sub-03,1.0039541721343994,20261011,0,0
0,0,sub-02,0.8172773718833923,20261011,0,0
0,0,sub-02,1.4209843873977661,20261011,0,0
0,0,sub-05,0.9564008712768555,20261011,0,0
0,0,sub-03,0.9774389266967773,20261011,0,0
0,0,sub-02,0.8384360671043396,20261011,0,0
0,0,sub-05,1.3272130489349365,20261011,0,0
0,0,sub-02,1.0055280923843384,20261011,0,0
0,0,sub-02,1.9453206062316895,20261011,0,0
0,0,sub-03,0.8328233957290649,20261011,0,0
0,0,sub-03,0.9807325601577759,20261011,0,0
0,0,sub-03,0.8403595685958862,20261011,0,0
0,0,sub-02,0.8334748148918152,20261011,0,0
0,0,sub-05,0.9854274392127991,20261011,0,0
0,0,sub-03,1.0556210279464722,20261011,0,0
0,0,sub-05,0.9317050576210022,20261011,0,0
0,0,sub-02,0.9070670008659363,20261011,0,0
0,0,sub-02,0.8662838935852051,20261011,0,0
0,0,sub-03,1.1006942987442017,20261011,0,0
0,0,sub-05,1.6011260747909546,20261011,0,0
0,0,sub-02,0.8834962248802185,20261011,0,0
0,0,sub-05,1.0110682249069214,20261011,0,0
0,0,sub-02,0.9181698560714722,20261011,0,0
0,0,sub-03,1.0813692808151245,20261011,0,0
0,0,sub-03,1.4159303903579712,20261011,0,0
0,0,sub-02,0.9459472894668579,20261011,0,0
0,0,sub-03,0.8630001544952393,20261011,0,0
0,0,sub-02,2.3092007637023926,20261011,0,0
0,0,sub-03,0.885489284992218,20261011,0,0
0,0,sub-05,1.125769019126892,20261011,0,0
0,0,sub-03,1.1977506875991821,20261011,0,0
0,0,sub-05,0.9118263721466064,20261011,0,0
0,0,sub-03,0.6320924162864685,20261011,0,0
0,0,sub-02,1.6038321256637573,20261011,0,0
0,0,sub-03,0.9749215245246887,20261011,0,0
0,0,sub-05,0.9881646633148193,20261011,0,0
0,0,sub-05,0.9379792213439941,20261011,0,0
0,0,sub-03,0.9322903752326965,20261011,0,0
0,0,sub-03,1.0772525072097778,20261011,0,0
0,0,sub-02,0.9729015827178955,20261011,0,0
0,0,sub-03,1.132084608078003,20261011,0,0
0,0,sub-02,0.8609981536865234,20261011,0,0
0,0,sub-02,0.8004580140113831,20261011,0,0
0,0,sub-05,1.0043004751205444,20261011,0,0
0,0,sub-03,0.9398850202560425,20261011,0,0
0,0,sub-02,2.437159776687622,20261011,0,0
0,0,sub-05,1.0138992071151733,20261011,0,0
0,0,sub-02,2.1261136531829834,20261011,0,0
0,0,sub-02,0.919475257396698,20261011,0,0
0,0,sub-02,1.609378695487976,20261011,0,0
0,0,sub-03,0.8647289872169495,20261011,0,0
0,0,sub-02,2.715240716934204,20261011,0,0
0,0,sub-05,0.6846818327903748,20261011,0,0
0,0,sub-05,0.9980441331863403,20261011,0,0
0,0,sub-05,1.1134392023086548,20261011,0,0
0,0,sub-02,1.722533106803894,20261011,0,0
0,0,sub-03,0.9349991679191589,20261011,0,0
0,0,sub-05,1.3783237934112549,20261011,0,0
0,0,sub-05,0.9649688005447388,20261011,0,0
0,0,sub-03,1.082192301750183,20261011,0,0
0,0,sub-03,0.8612200617790222,20261011,0,0
0,0,sub-05,0.9652250409126282,20261011,0,0
0,0,sub-02,1.503091812133789,20261011,0,0
0,0,sub-03,1.0339492559432983,20261011,0,0
0,0,sub-05,0.9057132005691528,20261011,0,0
0,0,sub-03,0.8913196921348572,20261011,0,0
0,0,sub-05,1.0488609075546265,20261011,0,0
0,0,sub-03,1.0267431735992432,20261011,0,0
0,0,sub-03,0.842902421951294,20261011,0,0
0,0,sub-03,0.9549846053123474,20261011,0,0
0,0,sub-02,0.9613940715789795,20261011,0,0
0,0,sub-03,1.4539982080459595,20261011,0,0
0,0,sub-05,0.876317024230957,20261011,0,0
0,0,sub-03,0.9762362837791443,20261011,0,0
0,0,sub-02,0.9406241774559021,20261011,0,0
0,0,sub-03,1.1287870407104492,20261011,0,0
0,0,sub-02,1.0707732439041138,20261011,0,0
0,0,sub-03,1.022368311882019,20261011,0,0
0,0,sub-03,0.941226601600647,20261011,0,0
0,0,sub-05,0.8177413940429688,20261011,0,0
0,0,sub-05,1.3313980102539062,20261011,0,0
0,0,sub-03,1.258736252784729,20261011,0,0
0,0,sub-05,1.0196937322616577,20261011,0,0
0,0,sub-02,1.0095082521438599,20261011,0,0
0,0,sub-05,1.1877092123031616,20261011,0,0
0,0,sub-02,0.9071022868156433,20261011,0,0
0,0,sub-02,0.8198633193969727,20261011,0,0
0,0,sub-05,1.1880316734313965,20261011,0,0
0,0,sub-05,0.8694224953651428,20261011,0,0
0,0,sub-05,1.0237486362457275,20261011,0,0
0,0,sub-03,0.91408371925354,20261011,0,0
0,0,sub-02,1.135212779045105,20261011,0,0
0,0,sub-02,0.8578333854675293,20261011,0,0
0,0,sub-02,0.9048929810523987,20261011,0,0
0,0,sub-02,1.5968642234802246,20261011,0,0
0,0,sub-03,0.9991495609283447,20261011,0,0
0,0,sub-03,1.0045790672302246,20261011,0,0
0,0,sub-05,0.999068558216095,20261011,0,0
0,0,sub-02,1.4478003978729248,20261011,0,0
0,0,sub-05,1.031611680984497,20261011,0,0
0,0,sub-03,1.6484928131103516,20261011,0,0
0,0,sub-03,1.0035998821258545,20261011,0,0
0,0,sub-05,1.1550850868225098,20261011,0,0
0,0,sub-03,1.3781239986419678,20261011,0,0
0,0,sub-03,1.1358610391616821,20261011,0,0
0,0,sub-03,0.9163013696670532,20261011,0,0
0,0,sub-02,0.7893844246864319,20261011,0,0
0,0,sub-03,1.1432371139526367,20261011,0,0
0,0,sub-05,1.2997922897338867,20261011,0,0
0,0,sub-03,1.0093473196029663,20261011,0,0
0,0,sub-05,1.0844048261642456,20261011,0,0
0,0,sub-05,0.9656282067298889,20261011,0,0
0,0,sub-02,0.8818427324295044,20261011,0,0
0,0,sub-02,1.0400018692016602,20261011,0,0
0,0,sub-03,1.5275936126708984,20261011,0,0
0,0,sub-02,0.9280825257301331,20261011,0,0
0,0,sub-05,0.8717532157897949,20261011,0,0
0,0,sub-05,1.1262800693511963,20261011,0,0
0,0,sub-02,0.8309834599494934,20261011,0,0
0,0,sub-05,0.7538502216339111,20261011,0,0
0,0,sub-03,0.964055061340332,20261011,0,0
0,0,sub-05,1.0010191202163696,20261011,0,0
0,0,sub-05,0.9895938038825989,20261011,0,0
0,0,sub-05,0.9655383229255676,20261011,0,0
0,0,sub-05,0.8861074447631836,20261011,0,0
0,0,sub-02,1.3235771656036377,20261011,0,0
0,0,sub-03,0.7532963752746582,20261011,0,0
0,0,sub-05,1.1309783458709717,20261011,0,0
0,0,sub-03,1.127518892288208,20261011,0,0
0,0,sub-03,0.9455156326293945,20261011,0,0
0,0,sub-03,1.1307355165481567,20261011,0,0
0,0,sub-05,1.1335762739181519,20261011,0,0
0,0,sub-02,0.9506980776786804,20261011,0,0
0,0,sub-05,1.3162504434585571,20261011,0,0
0,0,sub-05,1.1620268821716309,20261011,0,0
0,0,sub-02,1.2035366296768188,20261011,0,0
0,0,sub-02,1.0210585594177246,20261011,0,0
0,0,sub-05,2.8424222469329834,20261011,0,0
0,0,sub-02,1.0018208026885986,20261011,0,0
0,0,sub-03,0.9765555262565613,20261011,0,0
0,0,sub-05,1.3776323795318604,20261011,0,0
0,0,sub-02,1.0141091346740723,20261011,0,0
0,0,sub-03,0.9038013219833374,20261011,0,0
0,0,sub-03,0.9634074568748474,20261011,0,0
0,0,sub-02,1.0210754871368408,20261011,0,0
0,0,sub-03,1.0457369089126587,20261011,0,0
0,0,sub-03,1.0096328258514404,20261011,0,0
0,0,sub-02,0.8118019700050354,20261011,0,0
0,0,sub-02,0.8451700210571289,20261011,0,0
0,0,sub-02,0.95289146900177,20261011,0,0
0,0,sub-03,0.8019787669181824,20261011,0,0
0,0,sub-02,0.9300696849822998,20261011,0,0
0,0,sub-05,1.003085970878601,20261011,0,0
0,0,sub-03,1.0103228092193604,20261011,0,0
0,0,sub-05,1.335815668106079,20261011,0,0
0,0,sub-03,0.9712677597999573,20261011,0,0
0,0,sub-03,1.2336500883102417,20261011,0,0
0,0,sub-05,1.1923364400863647,20261011,0,0
0,0,sub-05,0.9478515386581421,20261011,0,0
0,0,sub-05,0.8985627293586731,20261011,0,0
0,0,sub-02,0.9858550429344177,20261011,0,0
0,0,sub-03,1.0344170331954956,20261011,0,0
0,0,sub-02,0.8971477150917053,20261011,0,0
0,0,sub-02,1.465524673461914,20261011,0,0
0,0,sub-03,1.4521716833114624,20261011,0,0
0,0,sub-05,1.1979775428771973,20261011,0,0
0,0,sub-05,0.9457494020462036,20261011,0,0
0,0,sub-02,1.490676760673523,20261011,0,0
0,0,sub-03,1.1508228778839111,20261011,0,0
0,0,sub-05,0.8904035091400146,20261011,0,0
0,0,sub-03,1.093501329421997,20261011,0,0
0,0,sub-05,0.7909597158432007,20261011,0,0
0,0,sub-03,0.9365313053131104,20261011,0,0
0,0,sub-02,0.9598070383071899,20261011,0,0
10,0,sub-02,1.4319112300872803,20261011,10,5
10,0,sub-05,1.0312831401824951,20261011,10,5
10,0,sub-05,1.1309869289398193,20261011,10,5
10,0,sub-02,2.030194044113159,20261011,10,5
10,0,sub-05,1.1202149391174316,20261011,10,5
10,0,sub-03,0.5554096102714539,20261011,10,5
10,0,sub-02,1.0195698738098145,20261011,10,5
10,0,sub-03,0.9701264500617981,20261011,10,5
10,0,sub-05,0.9618046879768372,20261011,10,5
10,0,sub-03,1.3433866500854492,20261011,10,5
10,0,sub-03,0.8592618703842163,20261011,10,5
10,0,sub-03,1.2641931772232056,20261011,10,5
10,0,sub-03,0.9249504208564758,20261011,10,5
10,0,sub-02,0.869312584400177,20261011,10,5
10,0,sub-05,1.3140324354171753,20261011,10,5
10,0,sub-02,1.0073238611221313,20261011,10,5
10,0,sub-05,0.9222348928451538,20261011,10,5
10,0,sub-02,1.0248315334320068,20261011,10,5
10,0,sub-05,2.0935301780700684,20261011,10,5
10,0,sub-02,0.9404765963554382,20261011,10,5
10,0,sub-05,0.9528074860572815,20261011,10,5
10,0,sub-03,1.1721502542495728,20261011,10,5
10,0,sub-02,1.5604004859924316,20261011,10,5
10,0,sub-02,1.0604465007781982,20261011,10,5
10,0,sub-05,1.112625241279602,20261011,10,5
10,0,sub-03,1.9650909900665283,20261011,10,5
10,0,sub-05,0.9890443086624146,20261011,10,5
10,0,sub-03,1.0251379013061523,20261011,10,5
10,0,sub-05,0.8778572082519531,20261011,10,5
10,0,sub-05,1.012911081314087,20261011,10,5
10,0,sub-03,1.0814974308013916,20261011,10,5
10,0,sub-03,0.914167046546936,20261011,10,5
10,0,sub-03,1.729270100593567,20261011,10,5
10,0,sub-02,1.1083757877349854,20261011,10,5
10,0,sub-05,0.838611364364624,20261011,10,5
10,0,sub-05,1.2295523881912231,20261011,10,5
10,0,sub-02,1.3469613790512085,20261011,10,5
10,0,sub-02,2.6919238567352295,20261011,10,5
10,0,sub-03,0.9890175461769104,20261011,10,5
10,0,sub-03,0.8759388327598572,20261011,10,5
10,0,sub-05,1.4443002939224243,20261011,10,5
10,0,sub-03,1.4439016580581665,20261011,10,5
10,0,sub-05,0.8842409253120422,20261011,10,5
10,0,sub-05,3.0030152797698975,20261011,10,5
10,0,sub-03,0.9697418212890625,20261011,10,5
10,0,sub-03,0.8573372960090637,20261011,10,5
10,0,sub-02,0.8923500776290894,20261011,10,5
10,0,sub-03,0.8973427414894104,20261011,10,5
10,0,sub-03,2.590623140335083,20261011,10,5
10,0,sub-02,0.7578784823417664,20261011,10,5
10,0,sub-03,0.86009681224823,20261011,10,5
10,0,sub-05,0.9927365183830261,20261011,10,5
10,0,sub-02,1.3193098306655884,20261011,10,5
10,0,sub-02,0.9815383553504944,20261011,10,5
10,0,sub-02,0.7033702731132507,20261011,10,5
10,0,sub-03,0.9597973227500916,20261011,10,5
10,0,sub-02,1.0028420686721802,20261011,10,5
10,0,sub-03,1.117868185043335,20261011,10,5
10,0,sub-05,0.8016887307167053,20261011,10,5
10,0,sub-02,2.487454414367676,20261011,10,5
10,0,sub-02,2.8860695362091064,20261011,10,5
10,0,sub-02,1.0210908651351929,20261011,10,5
10,0,sub-05,1.0283229351043701,20261011,10,5
10,0,sub-05,1.0247879028320312,20261011,10,5
10,0,sub-05,1.893533706665039,20261011,10,5
10,0,sub-02,1.270437479019165,20261011,10,5
10,0,sub-03,1.350033164024353,20261011,10,5
10,0,sub-02,0.7929986119270325,20261011,10,5
10,0,sub-03,1.2619599103927612,20261011,10,5
10,0,sub-02,0.9686742424964905,20261011,10,5
10,0,sub-05,1.00844407081604,20261011,10,5
10,0,sub-05,1.0233187675476074,20261011,10,5
10,0,sub-03,1.6282047033309937,20261011,10,5
10,0,sub-03,1.0308579206466675,20261011,10,5
10,0,sub-02,0.9186645746231079,20261011,10,5
10,0,sub-03,1.0234109163284302,20261011,10,5
10,0,sub-02,0.8089649081230164,20261011,10,5
10,0,sub-05,2.2177367210388184,20261011,10,5
10,0,sub-02,0.9526491761207581,20261011,10,5
10,0,sub-03,1.4375051259994507,20261011,10,5
10,0,sub-03,1.3962270021438599,20261011,10,5
10,0,sub-05,1.5776400566101074,20261011,10,5
10,0,sub-05,1.1173299551010132,20261011,10,5
10,0,sub-03,1.1141371726989746,20261011,10,5
10,0,sub-02,0.9697989225387573,20261011,10,5
10,0,sub-03,0.859502375125885,20261011,10,5
10,0,sub-03,0.9290426969528198,20261011,10,5
10,0,sub-02,1.0422425270080566,20261011,10,5
10,0,sub-03,0.944612443447113,20261011,10,5
10,0,sub-03,1.0065618753433228,20261011,10,5
10,0,sub-05,0.9178664088249207,20261011,10,5
10,0,sub-02,0.9803183674812317,20261011,10,5
10,0,sub-03,0.8636173009872437,20261011,10,5
10,0,sub-03,2.202036142349243,20261011,10,5
10,0,sub-05,0.7059409618377686,20261011,10,5
10,0,sub-02,1.2922197580337524,20261011,10,5
10,0,sub-02,0.9740212559700012,20261011,10,5
10,0,sub-03,2.1788060665130615,20261011,10,5
10,0,sub-03,1.5661722421646118,20261011,10,5
10,0,sub-02,1.2905231714248657,20261011,10,5
10,0,sub-05,1.2074788808822632,20261011,10,5
10,0,sub-02,1.4044830799102783,20261011,10,5
10,0,sub-05,1.2164362668991089,20261011,10,5
10,0,sub-05,0.8504205346107483,20261011,10,5
10,0,sub-02,1.378409504890442,20261011,10,5
10,0,sub-02,0.8055379390716553,20261011,10,5
10,0,sub-02,1.027698278427124,20261011,10,5
10,0,sub-05,1.3147903680801392,20261011,10,5
10,0,sub-03,0.916602373123169,20261011,10,5
10,0,sub-05,1.0273176431655884,20261011,10,5
10,0,sub-05,0.7530393004417419,20261011,10,5
10,0,sub-03,0.8944638967514038,20261011,10,5
10,0,sub-05,1.05025315284729,20261011,10,5
10,0,sub-05,0.9764031171798706,20261011,10,5
10,0,sub-05,2.570491313934326,20261011,10,5
10,0,sub-03,1.324936032295227,20261011,10,5
10,0,sub-03,1.0186768770217896,20261011,10,5
10,0,sub-02,1.313551664352417,20261011,10,5
10,0,sub-02,0.9521803855895996,20261011,10,5
10,0,sub-02,0.9969176650047302,20261011,10,5
10,0,sub-03,0.9260510206222534,20261011,10,5
10,0,sub-05,1.242332100868225,20261011,10,5
10,0,sub-03,1.3159077167510986,20261011,10,5
10,0,sub-03,0.9588031768798828,20261011,10,5
10,0,sub-03,0.9484607577323914,20261011,10,5
10,0,sub-03,1.0232378244400024,20261011,10,5
10,0,sub-05,1.1219550371170044,20261011,10,5
10,0,sub-02,0.8205828070640564,20261011,10,5
10,0,sub-02,0.8160919547080994,20261011,10,5
10,0,sub-05,1.4187532663345337,20261011,10,5
10,0,sub-03,1.6981145143508911,20261011,10,5
10,0,sub-05,0.8806293606758118,20261011,10,5
10,0,sub-02,0.7334384918212891,20261011,10,5
10,0,sub-03,1.0106569528579712,20261011,10,5
10,0,sub-05,0.9748679399490356,20261011,10,5
10,0,sub-02,1.057101845741272,20261011,10,5
10,0,sub-02,0.7687891125679016,20261011,10,5
10,0,sub-05,1.150794506072998,20261011,10,5
10,0,sub-03,0.8832901120185852,20261011,10,5
10,0,sub-05,0.773291289806366,20261011,10,5
10,0,sub-03,1.176332950592041,20261011,10,5
10,0,sub-02,1.0612128973007202,20261011,10,5
10,0,sub-03,1.0081545114517212,20261011,10,5
10,0,sub-05,0.8966888189315796,20261011,10,5
10,0,sub-02,3.152385950088501,20261011,10,5
10,0,sub-03,1.2717475891113281,20261011,10,5
10,0,sub-05,1.3734968900680542,20261011,10,5
10,0,sub-03,1.0303943157196045,20261011,10,5
10,0,sub-03,1.078810214996338,20261011,10,5
10,0,sub-05,1.115535020828247,20261011,10,5
10,0,sub-02,0.962106466293335,20261011,10,5
10,0,sub-02,0.9953436851501465,20261011,10,5
10,0,sub-02,1.4125056266784668,20261011,10,5
10,0,sub-02,1.4389958381652832,20261011,10,5
10,0,sub-05,1.0123666524887085,20261011,10,5
10,0,sub-03,0.9353087544441223,20261011,10,5
10,0,sub-05,0.7348822355270386,20261011,10,5
10,0,sub-02,1.7277621030807495,20261011,10,5
10,0,sub-02,1.0070182085037231,20261011,10,5
10,0,sub-05,1.4413979053497314,20261011,10,5
10,0,sub-02,0.9982542395591736,20261011,10,5
10,0,sub-05,0.9771357178688049,20261011,10,5
10,0,sub-02,2.208287477493286,20261011,10,5
10,0,sub-02,0.924164354801178,20261011,10,5
10,0,sub-05,1.283869743347168,20261011,10,5
10,0,sub-02,1.6349544525146484,20261011,10,5
10,0,sub-05,0.971226155757904,20261011,10,5
10,0,sub-05,1.294585943222046,20261011,10,5
10,0,sub-03,1.4040426015853882,20261011,10,5
10,0,sub-02,1.3846269845962524,20261011,10,5
10,0,sub-05,0.9527437686920166,20261011,10,5
10,0,sub-02,1.0354540348052979,20261011,10,5
10,0,sub-05,1.034336805343628,20261011,10,5
10,0,sub-05,1.0920042991638184,20261011,10,5
10,0,sub-02,0.926093578338623,20261011,10,5
10,0,sub-02,1.1600737571716309,20261011,10,5
10,0,sub-05,0.962877631187439,20261011,10,5
10,0,sub-03,0.9383274912834167,20261011,10,5
10,0,sub-03,2.103630542755127,20261011,10,5
10,0,sub-05,0.9540008902549744,20261011,10,5
10,0,sub-03,1.5548386573791504,20261011,10,5
10,0,sub-05,1.639420747756958,20261011,10,5
10,0,sub-05,0.8685339689254761,20261011,10,5
10,0,sub-05,0.9208780527114868,20261011,10,5
10,0,sub-05,1.1866676807403564,20261011,10,5
10,0,sub-02,2.534170627593994,20261011,10,5
10,0,sub-05,1.0540201663970947,20261011,10,5
10,0,sub-05,1.192767858505249,20261011,10,5
10,0,sub-05,1.360604166984558,20261011,10,5
10,0,sub-05,1.2153172492980957,20261011,10,5
10,0,sub-03,1.0046892166137695,20261011,10,5
10,0,sub-02,1.0165412425994873,20261011,10,5
10,0,sub-05,1.3890377283096313,20261011,10,5
10,0,sub-03,0.9908342957496643,20261011,10,5
10,0,sub-05,0.9508113861083984,20261011,10,5
10,0,sub-05,1.0356512069702148,20261011,10,5
10,0,sub-03,1.1647897958755493,20261011,10,5
10,0,sub-02,0.8676407933235168,20261011,10,5
10,0,sub-05,1.6770739555358887,20261011,10,5
10,0,sub-02,1.0011498928070068,20261011,10,5
10,0,sub-02,0.8696912527084351,20261011,10,5
10,0,sub-02,1.4498883485794067,20261011,10,5
10,0,sub-03,0.9260833859443665,20261011,10,5
10,0,sub-03,1.037552833557129,20261011,10,5
10,0,sub-02,1.3638296127319336,20261011,10,5
10,0,sub-05,2.0842092037200928,20261011,10,5
10,0,sub-03,0.9750909209251404,20261011,10,5
10,0,sub-03,0.8114734888076782,20261011,10,5
10,0,sub-02,1.04908287525177,20261011,10,5
10,0,sub-03,0.9931989312171936,20261011,10,5
10,0,sub-03,0.9992912411689758,20261011,10,5
10,0,sub-02,0.7912960052490234,20261011,10,5
10,0,sub-02,1.4141812324523926,20261011,10,5
10,0,sub-05,0.94813072681427,20261011,10,5
10,0,sub-03,0.9705195426940918,20261011,10,5
10,0,sub-02,0.8203786015510559,20261011,10,5
10,0,sub-05,1.3195711374282837,20261011,10,5
10,0,sub-02,1.011396050453186,20261011,10,5
10,0,sub-02,1.9367622137069702,20261011,10,5
10,0,sub-03,0.824951708316803,20261011,10,5
10,0,sub-03,0.9739794731140137,20261011,10,5
10,0,sub-03,0.8357207179069519,20261011,10,5
10,0,sub-02,0.8353241086006165,20261011,10,5
10,0,sub-05,0.9794843792915344,20261011,10,5
10,0,sub-03,1.0556427240371704,20261011,10,5
10,0,sub-05,0.9253813624382019,20261011,10,5
10,0,sub-02,0.9921303391456604,20261011,10,5
10,0,sub-02,0.8775629997253418,20261011,10,5
10,0,sub-03,1.0864081382751465,20261011,10,5
10,0,sub-05,1.593130111694336,20261011,10,5
10,0,sub-02,0.8771170377731323,20261011,10,5
10,0,sub-05,1.0102338790893555,20261011,10,5
10,0,sub-02,0.8994312882423401,20261011,10,5
10,0,sub-03,1.0665621757507324,20261011,10,5
10,0,sub-03,1.4028313159942627,20261011,10,5
10,0,sub-02,0.9281508922576904,20261011,10,5
10,0,sub-03,0.8382560610771179,20261011,10,5
10,0,sub-02,2.1939260959625244,20261011,10,5
10,0,sub-03,0.8782078623771667,20261011,10,5
10,0,sub-05,1.1196850538253784,20261011,10,5
10,0,sub-03,1.196289300918579,20261011,10,5
10,0,sub-05,0.8997206091880798,20261011,10,5
10,0,sub-03,0.613274872303009,20261011,10,5
10,0,sub-02,1.5966928005218506,20261011,10,5
10,0,sub-03,0.9633944034576416,20261011,10,5
10,0,sub-05,0.9818230271339417,20261011,10,5
10,0,sub-05,0.9321944713592529,20261011,10,5
10,0,sub-03,0.9311094880104065,20261011,10,5
10,0,sub-03,1.0666979551315308,20261011,10,5
10,0,sub-02,0.9690753221511841,20261011,10,5
10,0,sub-03,1.130703091621399,20261011,10,5
10,0,sub-02,0.8303762674331665,20261011,10,5
10,0,sub-02,0.7768100500106812,20261011,10,5
10,0,sub-05,1.001939296722412,20261011,10,5
10,0,sub-03,0.9352050423622131,20261011,10,5
10,0,sub-02,2.439563512802124,20261011,10,5
10,0,sub-05,1.0056713819503784,20261011,10,5
10,0,sub-02,2.166600465774536,20261011,10,5
10,0,sub-02,0.9145480990409851,20261011,10,5
10,0,sub-02,1.6839715242385864,20261011,10,5
10,0,sub-03,0.8586081862449646,20261011,10,5
10,0,sub-02,2.7229247093200684,20261011,10,5
10,0,sub-05,0.6725403666496277,20261011,10,5
10,0,sub-05,0.994406521320343,20261011,10,5
10,0,sub-05,1.1002404689788818,20261011,10,5
10,0,sub-02,1.7178939580917358,20261011,10,5
10,0,sub-03,0.9383420348167419,20261011,10,5
10,0,sub-05,1.3711689710617065,20261011,10,5
10,0,sub-05,0.9488266110420227,20261011,10,5
10,0,sub-03,1.074695110321045,20261011,10,5
10,0,sub-03,0.8557444214820862,20261011,10,5
10,0,sub-05,0.9528347849845886,20261011,10,5
10,0,sub-02,1.4987674951553345,20261011,10,5
10,0,sub-03,1.024219274520874,20261011,10,5
10,0,sub-05,0.8971019387245178,20261011,10,5
10,0,sub-03,0.8881334662437439,20261011,10,5
10,0,sub-05,1.0372982025146484,20261011,10,5
10,0,sub-03,1.0249810218811035,20261011,10,5
10,0,sub-03,0.8490099310874939,20261011,10,5
10,0,sub-03,0.9502518177032471,20261011,10,5
10,0,sub-02,0.9696372151374817,20261011,10,5
10,0,sub-03,1.4520915746688843,20261011,10,5
10,0,sub-05,0.8657870292663574,20261011,10,5
10,0,sub-03,0.9630934000015259,20261011,10,5
10,0,sub-02,0.9980390667915344,20261011,10,5
10,0,sub-03,1.1227810382843018,20261011,10,5
10,0,sub-02,1.0652128458023071,20261011,10,5
10,0,sub-03,1.007171869277954,20261011,10,5
10,0,sub-03,0.9412508606910706,20261011,10,5
10,0,sub-05,0.8104202151298523,20261011,10,5
10,0,sub-05,1.321800708770752,20261011,10,5
10,0,sub-03,1.2456872463226318,20261011,10,5
10,0,sub-05,1.0144201517105103,20261011,10,5
10,0,sub-02,1.0066877603530884,20261011,10,5
10,0,sub-05,1.182457685470581,20261011,10,5
10,0,sub-02,0.908602774143219,20261011,10,5
10,0,sub-02,0.7987567186355591,20261011,10,5
10,0,sub-05,1.188359260559082,20261011,10,5
10,0,sub-05,0.8583160042762756,20261011,10,5
10,0,sub-05,1.0147277116775513,20261011,10,5
10,0,sub-03,0.9043248891830444,20261011,10,5
10,0,sub-02,1.1288859844207764,20261011,10,5
10,0,sub-02,0.8665305376052856,20261011,10,5
10,0,sub-02,0.889965295791626,20261011,10,5
10,0,sub-02,1.5912656784057617,20261011,10,5
10,0,sub-03,0.9913612604141235,20261011,10,5
10,0,sub-03,1.0042144060134888,20261011,10,5
10,0,sub-05,0.9987285733222961,20261011,10,5
10,0,sub-02,1.4502999782562256,20261011,10,5
10,0,sub-05,1.0157504081726074,20261011,10,5
10,0,sub-03,1.6379040479660034,20261011,10,5
10,0,sub-03,1.0009392499923706,20261011,10,5
10,0,sub-05,1.1501274108886719,20261011,10,5
10,0,sub-03,1.3744105100631714,20261011,10,5
10,0,sub-03,1.134687066078186,20261011,10,5
10,0,sub-03,0.911838948726654,20261011,10,5
10,0,sub-02,0.7942337393760681,20261011,10,5
10,0,sub-03,1.1261755228042603,20261011,10,5
10,0,sub-05,1.273681879043579,20261011,10,5
10,0,sub-03,1.008249044418335,20261011,10,5
10,0,sub-05,1.0715540647506714,20261011,10,5
10,0,sub-05,0.9541710615158081,20261011,10,5
10,0,sub-02,0.9273786544799805,20261011,10,5
10,0,sub-02,1.1361068487167358,20261011,10,5
10,0,sub-03,1.5198405981063843,20261011,10,5
10,0,sub-02,0.931087851524353,20261011,10,5
10,0,sub-05,0.8693255186080933,20261011,10,5
10,0,sub-05,1.1121820211410522,20261011,10,5
10,0,sub-02,0.8054447770118713,20261011,10,5
10,0,sub-05,0.749685525894165,20261011,10,5
10,0,sub-03,0.9579785466194153,20261011,10,5
10,0,sub-05,1.002176284790039,20261011,10,5
10,0,sub-05,0.9833499789237976,20261011,10,5
10,0,sub-05,0.9494933485984802,20261011,10,5
10,0,sub-05,0.8649904727935791,20261011,10,5
10,0,sub-02,1.3217411041259766,20261011,10,5
10,0,sub-03,0.7426767945289612,20261011,10,5
10,0,sub-05,1.1185683012008667,20261011,10,5
10,0,sub-03,1.1187759637832642,20261011,10,5
10,0,sub-03,0.9437848329544067,20261011,10,5
10,0,sub-03,1.1237294673919678,20261011,10,5
10,0,sub-05,1.1107590198516846,20261011,10,5
10,0,sub-02,0.9464817643165588,20261011,10,5
10,0,sub-05,1.3123315572738647,20261011,10,5
10,0,sub-05,1.1577706336975098,20261011,10,5
10,0,sub-02,1.1809477806091309,20261011,10,5
10,0,sub-02,1.0674747228622437,20261011,10,5
10,0,sub-05,2.83414626121521,20261011,10,5
10,0,sub-02,1.0036367177963257,20261011,10,5
10,0,sub-03,0.9692087769508362,20261011,10,5
10,0,sub-05,1.372077226638794,20261011,10,5
10,0,sub-02,1.0137345790863037,20261011,10,5
10,0,sub-03,0.8994824290275574,20261011,10,5
10,0,sub-03,0.9620538949966431,20261011,10,5
10,0,sub-02,1.0107709169387817,20261011,10,5
10,0,sub-03,1.038656234741211,20261011,10,5
10,0,sub-03,1.009577989578247,20261011,10,5
10,0,sub-02,0.7882667183876038,20261011,10,5
10,0,sub-02,0.8548992276191711,20261011,10,5
10,0,sub-02,0.9421375393867493,20261011,10,5
10,0,sub-03,0.7932672500610352,20261011,10,5
10,0,sub-02,0.9827001094818115,20261011,10,5
10,0,sub-05,0.9871238470077515,20261011,10,5
10,0,sub-03,1.0102022886276245,20261011,10,5
10,0,sub-05,1.3303735256195068,20261011,10,5
10,0,sub-03,0.9688559770584106,20261011,10,5
10,0,sub-03,1.2264823913574219,20261011,10,5
10,0,sub-05,1.1853629350662231,20261011,10,5
10,0,sub-05,0.9418262839317322,20261011,10,5
10,0,sub-05,0.8884255886077881,20261011,10,5
10,0,sub-02,0.9627781510353088,20261011,10,5
10,0,sub-03,1.0317004919052124,20261011,10,5
10,0,sub-02,0.8828157782554626,20261011,10,5
10,0,sub-02,1.4546146392822266,20261011,10,5
10,0,sub-03,1.4436814785003662,20261011,10,5
10,0,sub-05,1.1785476207733154,20261011,10,5
10,0,sub-05,0.9429075121879578,20261011,10,5
10,0,sub-02,1.4850181341171265,20261011,10,5
10,0,sub-03,1.1386798620224,20261011,10,5
10,0,sub-05,0.8846549391746521,20261011,10,5
10,0,sub-03,1.0848362445831299,20261011,10,5
10,0,sub-05,0.7813311219215393,20261011,10,5
10,0,sub-03,0.9360918402671814,20261011,10,5
10,0,sub-02,0.9531137347221375,20261011,10,5
30,0,sub-02,1.43338942527771,20261011,30,15
30,0,sub-05,1.0333375930786133,20261011,30,15
30,0,sub-05,1.1310147047042847,20261011,30,15
30,0,sub-02,2.034121513366699,20261011,30,15
30,0,sub-05,1.1211036443710327,20261011,30,15
30,0,sub-03,0.5572336316108704,20261011,30,15
30,0,sub-02,1.0188621282577515,20261011,30,15
30,0,sub-03,0.9701452851295471,20261011,30,15
30,0,sub-05,0.9623785614967346,20261011,30,15
30,0,sub-03,1.34336519241333,20261011,30,15
30,0,sub-03,0.8604542016983032,20261011,30,15
30,0,sub-03,1.2635053396224976,20261011,30,15
30,0,sub-03,0.9218515753746033,20261011,30,15
30,0,sub-02,0.8720546364784241,20261011,30,15
30,0,sub-05,1.3144100904464722,20261011,30,15
30,0,sub-02,1.0098240375518799,20261011,30,15
30,0,sub-05,0.9214106202125549,20261011,30,15
30,0,sub-02,1.0268913507461548,20261011,30,15
30,0,sub-05,2.0941321849823,20261011,30,15
30,0,sub-02,0.9447919726371765,20261011,30,15
30,0,sub-05,0.9538742303848267,20261011,30,15
30,0,sub-03,1.1727526187896729,20261011,30,15
30,0,sub-02,1.5559765100479126,20261011,30,15
30,0,sub-02,1.0604482889175415,20261011,30,15
30,0,sub-05,1.1142046451568604,20261011,30,15
30,0,sub-03,1.963944911956787,20261011,30,15
30,0,sub-05,0.9885282516479492,20261011,30,15
30,0,sub-03,1.0256471633911133,20261011,30,15
30,0,sub-05,0.8790041208267212,20261011,30,15
30,0,sub-05,1.0128744840621948,20261011,30,15
30,0,sub-03,1.0802385807037354,20261011,30,15
30,0,sub-03,0.916977047920227,20261011,30,15
30,0,sub-03,1.7286629676818848,20261011,30,15
30,0,sub-02,1.1102919578552246,20261011,30,15
30,0,sub-05,0.8360591530799866,20261011,30,15
30,0,sub-05,1.230128526687622,20261011,30,15
30,0,sub-02,1.348192811012268,20261011,30,15
30,0,sub-02,2.687842607498169,20261011,30,15
30,0,sub-03,0.9893031716346741,20261011,30,15
30,0,sub-03,0.8798381686210632,20261011,30,15
30,0,sub-05,1.4449899196624756,20261011,30,15
30,0,sub-03,1.4429943561553955,20261011,30,15
30,0,sub-05,0.8840662240982056,20261011,30,15
30,0,sub-05,3.0035512447357178,20261011,30,15
30,0,sub-03,0.9701921939849854,20261011,30,15
30,0,sub-03,0.8571204543113708,20261011,30,15
30,0,sub-02,0.891002357006073,20261011,30,15
30,0,sub-03,0.8992137908935547,20261011,30,15
30,0,sub-03,2.590010166168213,20261011,30,15
30,0,sub-02,0.7579991817474365,20261011,30,15
30,0,sub-03,0.8608077764511108,20261011,30,15
30,0,sub-05,0.9928088784217834,20261011,30,15
30,0,sub-02,1.321359395980835,20261011,30,15
30,0,sub-02,0.985248327255249,20261011,30,15
30,0,sub-02,0.7181494235992432,20261011,30,15
30,0,sub-03,0.9604167342185974,20261011,30,15
30,0,sub-02,1.002454161643982,20261011,30,15
30,0,sub-03,1.1172454357147217,20261011,30,15
30,0,sub-05,0.8036808967590332,20261011,30,15
30,0,sub-02,2.4837093353271484,20261011,30,15
30,0,sub-02,2.8826894760131836,20261011,30,15
30,0,sub-02,1.022839903831482,20261011,30,15
30,0,sub-05,1.0337916612625122,20261011,30,15
30,0,sub-05,1.026549220085144,20261011,30,15
30,0,sub-05,1.8934247493743896,20261011,30,15
30,0,sub-02,1.2706291675567627,20261011,30,15
30,0,sub-03,1.3495522737503052,20261011,30,15
30,0,sub-02,0.7961185574531555,20261011,30,15
30,0,sub-03,1.2620084285736084,20261011,30,15
30,0,sub-02,0.9708290100097656,20261011,30,15
30,0,sub-05,1.0084528923034668,20261011,30,15
30,0,sub-05,1.024955153465271,20261011,30,15
30,0,sub-03,1.628108024597168,20261011,30,15
30,0,sub-03,1.0306720733642578,20261011,30,15
30,0,sub-02,0.935448169708252,20261011,30,15
30,0,sub-03,1.023362398147583,20261011,30,15
30,0,sub-02,0.8089109659194946,20261011,30,15
30,0,sub-05,2.217775583267212,20261011,30,15
30,0,sub-02,0.9544907808303833,20261011,30,15
30,0,sub-03,1.4371418952941895,20261011,30,15
30,0,sub-03,1.396771788597107,20261011,30,15
30,0,sub-05,1.578477382659912,20261011,30,15
30,0,sub-05,1.1176947355270386,20261011,30,15
30,0,sub-03,1.1156922578811646,20261011,30,15
30,0,sub-02,0.9730061888694763,20261011,30,15
30,0,sub-03,0.8598554134368896,20261011,30,15
30,0,sub-03,0.9292365312576294,20261011,30,15
30,0,sub-02,1.0472606420516968,20261011,30,15
30,0,sub-03,0.9431231617927551,20261011,30,15
30,0,sub-03,1.0061661005020142,20261011,30,15
30,0,sub-05,0.918867826461792,20261011,30,15
30,0,sub-02,0.985828697681427,20261011,30,15
30,0,sub-03,0.863606333732605,20261011,30,15
30,0,sub-03,2.2027807235717773,20261011,30,15
30,0,sub-05,0.707220196723938,20261011,30,15
30,0,sub-02,1.2924470901489258,20261011,30,15
30,0,sub-02,0.9757714867591858,20261011,30,15
30,0,sub-03,2.1791672706604004,20261011,30,15
30,0,sub-03,1.5658645629882812,20261011,30,15
30,0,sub-02,1.2909624576568604,20261011,30,15
30,0,sub-05,1.2079380750656128,20261011,30,15
30,0,sub-02,1.3920049667358398,20261011,30,15
30,0,sub-05,1.216704249382019,20261011,30,15
30,0,sub-05,0.8504696488380432,20261011,30,15
30,0,sub-02,1.3780118227005005,20261011,30,15
30,0,sub-02,0.8067318797111511,20261011,30,15
30,0,sub-02,1.0274523496627808,20261011,30,15
30,0,sub-05,1.315337061882019,20261011,30,15
30,0,sub-03,0.9166108965873718,20261011,30,15
30,0,sub-05,1.0282868146896362,20261011,30,15
30,0,sub-05,0.7552206516265869,20261011,30,15
30,0,sub-03,0.8946648836135864,20261011,30,15
30,0,sub-05,1.0506987571716309,20261011,30,15
30,0,sub-05,0.9762078523635864,20261011,30,15
30,0,sub-05,2.5711236000061035,20261011,30,15
30,0,sub-03,1.3240076303482056,20261011,30,15
30,0,sub-03,1.0198376178741455,20261011,30,15
30,0,sub-02,1.3133643865585327,20261011,30,15
30,0,sub-02,0.9526215195655823,20261011,30,15
30,0,sub-02,0.9962476491928101,20261011,30,15
30,0,sub-03,0.9248855113983154,20261011,30,15
30,0,sub-05,1.2426702976226807,20261011,30,15
30,0,sub-03,1.315960168838501,20261011,30,15
30,0,sub-03,0.9585173726081848,20261011,30,15
30,0,sub-03,0.9488489627838135,20261011,30,15
30,0,sub-03,1.0229836702346802,20261011,30,15
30,0,sub-05,1.1221668720245361,20261011,30,15
30,0,sub-02,0.8247868418693542,20261011,30,15
30,0,sub-02,0.8222209215164185,20261011,30,15
30,0,sub-05,1.4186838865280151,20261011,30,15
30,0,sub-03,1.6978673934936523,20261011,30,15
30,0,sub-05,0.8856682181358337,20261011,30,15
30,0,sub-02,0.7433444261550903,20261011,30,15
30,0,sub-03,1.0106734037399292,20261011,30,15
30,0,sub-05,0.9761825203895569,20261011,30,15
30,0,sub-02,1.0540210008621216,20261011,30,15
30,0,sub-02,0.7805997133255005,20261011,30,15
30,0,sub-05,1.1514782905578613,20261011,30,15
30,0,sub-03,0.8847329020500183,20261011,30,15
30,0,sub-05,0.7731817960739136,20261011,30,15
30,0,sub-03,1.1760201454162598,20261011,30,15
30,0,sub-02,1.06171715259552,20261011,30,15
30,0,sub-03,1.0075743198394775,20261011,30,15
30,0,sub-05,0.8977473378181458,20261011,30,15
30,0,sub-02,3.160236120223999,20261011,30,15
30,0,sub-03,1.2719297409057617,20261011,30,15
30,0,sub-05,1.373538851737976,20261011,30,15
30,0,sub-03,1.0296363830566406,20261011,30,15
30,0,sub-03,1.0800182819366455,20261011,30,15
30,0,sub-05,1.1160235404968262,20261011,30,15
30,0,sub-02,0.9657748937606812,20261011,30,15
30,0,sub-02,0.9956707954406738,20261011,30,15
30,0,sub-02,1.413063406944275,20261011,30,15
30,0,sub-02,1.4407490491867065,20261011,30,15
30,0,sub-05,1.0109734535217285,20261011,30,15
30,0,sub-03,0.9336647987365723,20261011,30,15
30,0,sub-05,0.7324502468109131,20261011,30,15
30,0,sub-02,1.7243201732635498,20261011,30,15
30,0,sub-02,1.0087504386901855,20261011,30,15
30,0,sub-05,1.441630244255066,20261011,30,15
30,0,sub-02,0.9989121556282043,20261011,30,15
30,0,sub-05,0.977128267288208,20261011,30,15
30,0,sub-02,2.208266019821167,20261011,30,15
30,0,sub-02,0.926774263381958,20261011,30,15
30,0,sub-05,1.2834042310714722,20261011,30,15
30,0,sub-02,1.6297391653060913,20261011,30,15
30,0,sub-05,0.9713780283927917,20261011,30,15
30,0,sub-05,1.2949007749557495,20261011,30,15
30,0,sub-03,1.4036396741867065,20261011,30,15
30,0,sub-02,1.3845455646514893,20261011,30,15
30,0,sub-05,0.9518580436706543,20261011,30,15
30,0,sub-02,1.0421593189239502,20261011,30,15
30,0,sub-05,1.0342907905578613,20261011,30,15
30,0,sub-05,1.0946828126907349,20261011,30,15
30,0,sub-02,0.9270055294036865,20261011,30,15
30,0,sub-02,1.153271198272705,20261011,30,15
30,0,sub-05,0.9628929495811462,20261011,30,15
30,0,sub-03,0.9384465217590332,20261011,30,15
30,0,sub-03,2.104553699493408,20261011,30,15
30,0,sub-05,0.9541812539100647,20261011,30,15
30,0,sub-03,1.5545779466629028,20261011,30,15
30,0,sub-05,1.6401804685592651,20261011,30,15
30,0,sub-05,0.869330644607544,20261011,30,15
30,0,sub-05,0.9188962578773499,20261011,30,15
30,0,sub-05,1.1874241828918457,20261011,30,15
30,0,sub-02,2.5297229290008545,20261011,30,15
30,0,sub-05,1.055445909500122,20261011,30,15
30,0,sub-05,1.2016156911849976,20261011,30,15
30,0,sub-05,1.3610249757766724,20261011,30,15
30,0,sub-05,1.2160367965698242,20261011,30,15
30,0,sub-03,1.0047292709350586,20261011,30,15
30,0,sub-02,1.0181509256362915,20261011,30,15
30,0,sub-05,1.3897448778152466,20261011,30,15
30,0,sub-03,0.9912968277931213,20261011,30,15
30,0,sub-05,0.9519492983818054,20261011,30,15
30,0,sub-05,1.0368640422821045,20261011,30,15
30,0,sub-03,1.1646300554275513,20261011,30,15
30,0,sub-02,0.8707072138786316,20261011,30,15
30,0,sub-05,1.6771574020385742,20261011,30,15
30,0,sub-02,1.0022052526474,20261011,30,15
30,0,sub-02,0.874093234539032,20261011,30,15
30,0,sub-02,1.4506994485855103,20261011,30,15
30,0,sub-03,0.9264470338821411,20261011,30,15
30,0,sub-03,1.0370608568191528,20261011,30,15
30,0,sub-02,1.3670333623886108,20261011,30,15
30,0,sub-05,2.0842647552490234,20261011,30,15
30,0,sub-03,0.9753860235214233,20261011,30,15
30,0,sub-03,0.8090178966522217,20261011,30,15
30,0,sub-02,1.0499876737594604,20261011,30,15
30,0,sub-03,0.9928975701332092,20261011,30,15
30,0,sub-03,1.0004332065582275,20261011,30,15
30,0,sub-02,0.8042658567428589,20261011,30,15
30,0,sub-02,1.4142265319824219,20261011,30,15
30,0,sub-05,0.9490796327590942,20261011,30,15
30,0,sub-03,0.9709959626197815,20261011,30,15
30,0,sub-02,0.8293740749359131,20261011,30,15
30,0,sub-05,1.320523977279663,20261011,30,15
30,0,sub-02,1.0113354921340942,20261011,30,15
30,0,sub-02,1.9362040758132935,20261011,30,15
30,0,sub-03,0.8242809772491455,20261011,30,15
30,0,sub-03,0.9742053151130676,20261011,30,15
30,0,sub-03,0.8349154591560364,20261011,30,15
30,0,sub-02,0.8374103307723999,20261011,30,15
30,0,sub-05,0.9807677865028381,20261011,30,15
30,0,sub-03,1.054250717163086,20261011,30,15
30,0,sub-05,0.9264811277389526,20261011,30,15
30,0,sub-02,0.9835810661315918,20261011,30,15
30,0,sub-02,0.8836034536361694,20261011,30,15
30,0,sub-03,1.0863806009292603,20261011,30,15
30,0,sub-05,1.594358205795288,20261011,30,15
30,0,sub-02,0.879127562046051,20261011,30,15
30,0,sub-05,1.0098857879638672,20261011,30,15
30,0,sub-02,0.9126960635185242,20261011,30,15
30,0,sub-03,1.0657289028167725,20261011,30,15
30,0,sub-03,1.4026116132736206,20261011,30,15
30,0,sub-02,0.9378694295883179,20261011,30,15
30,0,sub-03,0.8435403108596802,20261011,30,15
30,0,sub-02,2.2009966373443604,20261011,30,15
30,0,sub-03,0.8796416521072388,20261011,30,15
30,0,sub-05,1.1234829425811768,20261011,30,15
30,0,sub-03,1.1957703828811646,20261011,30,15
30,0,sub-05,0.8955804109573364,20261011,30,15
30,0,sub-03,0.6152981519699097,20261011,30,15
30,0,sub-02,1.592507243156433,20261011,30,15
30,0,sub-03,0.9600315093994141,20261011,30,15
30,0,sub-05,0.9926654696464539,20261011,30,15
30,0,sub-05,0.9333468675613403,20261011,30,15
30,0,sub-03,0.931056559085846,20261011,30,15
30,0,sub-03,1.066021203994751,20261011,30,15
30,0,sub-02,0.9690772294998169,20261011,30,15
30,0,sub-03,1.1307495832443237,20261011,30,15
30,0,sub-02,0.8510153293609619,20261011,30,15
30,0,sub-02,0.7924906611442566,20261011,30,15
30,0,sub-05,1.003332495689392,20261011,30,15
30,0,sub-03,0.935857355594635,20261011,30,15
30,0,sub-02,2.4393067359924316,20261011,30,15
30,0,sub-05,1.0067620277404785,20261011,30,15
30,0,sub-02,2.173743486404419,20261011,30,15
30,0,sub-02,0.9143692851066589,20261011,30,15
30,0,sub-02,1.6812715530395508,20261011,30,15
30,0,sub-03,0.8581101894378662,20261011,30,15
30,0,sub-02,2.721831798553467,20261011,30,15
30,0,sub-05,0.6738182306289673,20261011,30,15
30,0,sub-05,0.9942864179611206,20261011,30,15
30,0,sub-05,1.10222589969635,20261011,30,15
30,0,sub-02,1.717516541481018,20261011,30,15
30,0,sub-03,0.9378471970558167,20261011,30,15
30,0,sub-05,1.3722411394119263,20261011,30,15
30,0,sub-05,0.9540536999702454,20261011,30,15
30,0,sub-03,1.0760818719863892,20261011,30,15
30,0,sub-03,0.8546148538589478,20261011,30,15
30,0,sub-05,0.9547794461250305,20261011,30,15
30,0,sub-02,1.499550461769104,20261011,30,15
30,0,sub-03,1.0233876705169678,20261011,30,15
30,0,sub-05,0.9003555774688721,20261011,30,15
30,0,sub-03,0.8880465626716614,20261011,30,15
30,0,sub-05,1.0400291681289673,20261011,30,15
30,0,sub-03,1.0252540111541748,20261011,30,15
30,0,sub-03,0.8476349711418152,20261011,30,15
30,0,sub-03,0.9492533802986145,20261011,30,15
30,0,sub-02,0.9756837487220764,20261011,30,15
30,0,sub-03,1.4518628120422363,20261011,30,15
30,0,sub-05,0.8626938462257385,20261011,30,15
30,0,sub-03,0.9635303020477295,20261011,30,15
30,0,sub-02,0.991694450378418,20261011,30,15
30,0,sub-03,1.1231789588928223,20261011,30,15
30,0,sub-02,1.071274757385254,20261011,30,15
30,0,sub-03,1.0102646350860596,20261011,30,15
30,0,sub-03,0.9438698887825012,20261011,30,15
30,0,sub-05,0.8084681034088135,20261011,30,15
30,0,sub-05,1.322178840637207,20261011,30,15
30,0,sub-03,1.2450406551361084,20261011,30,15
30,0,sub-05,1.0161998271942139,20261011,30,15
30,0,sub-02,1.007037878036499,20261011,30,15
30,0,sub-05,1.1831132173538208,20261011,30,15
30,0,sub-02,0.9104782938957214,20261011,30,15
30,0,sub-02,0.8128023147583008,20261011,30,15
30,0,sub-05,1.1876192092895508,20261011,30,15
30,0,sub-05,0.8601959943771362,20261011,30,15
30,0,sub-05,1.014816164970398,20261011,30,15
30,0,sub-03,0.9064999222755432,20261011,30,15
30,0,sub-02,1.128861904144287,20261011,30,15
30,0,sub-02,0.8734813928604126,20261011,30,15
30,0,sub-02,0.8998182415962219,20261011,30,15
30,0,sub-02,1.5913670063018799,20261011,30,15
30,0,sub-03,0.9920957684516907,20261011,30,15
30,0,sub-03,1.004225492477417,20261011,30,15
30,0,sub-05,0.9987630844116211,20261011,30,15
30,0,sub-02,1.4469590187072754,20261011,30,15
30,0,sub-05,1.0161052942276,20261011,30,15
30,0,sub-03,1.6374726295471191,20261011,30,15
30,0,sub-03,1.0006334781646729,20261011,30,15
30,0,sub-05,1.149757742881775,20261011,30,15
30,0,sub-03,1.374412178993225,20261011,30,15
30,0,sub-03,1.1341726779937744,20261011,30,15
30,0,sub-03,0.911522388458252,20261011,30,15
30,0,sub-02,0.7995513677597046,20261011,30,15
30,0,sub-03,1.126554250717163,20261011,30,15
30,0,sub-05,1.2759056091308594,20261011,30,15
30,0,sub-03,1.0078790187835693,20261011,30,15
30,0,sub-05,1.0717742443084717,20261011,30,15
30,0,sub-05,0.9548795819282532,20261011,30,15
30,0,sub-02,0.9207528829574585,20261011,30,15
30,0,sub-02,1.1273319721221924,20261011,30,15
30,0,sub-03,1.520674228668213,20261011,30,15
30,0,sub-02,0.9323410391807556,20261011,30,15
30,0,sub-05,0.8694656491279602,20261011,30,15
30,0,sub-05,1.1130980253219604,20261011,30,15
30,0,sub-02,0.8201736211776733,20261011,30,15
30,0,sub-05,0.747130811214447,20261011,30,15
30,0,sub-03,0.9594165682792664,20261011,30,15
30,0,sub-05,1.0026800632476807,20261011,30,15
30,0,sub-05,0.9835301637649536,20261011,30,15
30,0,sub-05,0.9516560435295105,20261011,30,15
30,0,sub-05,0.8683425188064575,20261011,30,15
30,0,sub-02,1.321718454360962,20261011,30,15
30,0,sub-03,0.7437790036201477,20261011,30,15
30,0,sub-05,1.1186960935592651,20261011,30,15
30,0,sub-03,1.1195224523544312,20261011,30,15
30,0,sub-03,0.9429728984832764,20261011,30,15
30,0,sub-03,1.1240907907485962,20261011,30,15
30,0,sub-05,1.1135684251785278,20261011,30,15
30,0,sub-02,0.9508395195007324,20261011,30,15
30,0,sub-05,1.3125107288360596,20261011,30,15
30,0,sub-05,1.1581580638885498,20261011,30,15
30,0,sub-02,1.1836423873901367,20261011,30,15
30,0,sub-02,1.062413215637207,20261011,30,15
30,0,sub-05,2.8341915607452393,20261011,30,15
30,0,sub-02,1.0037040710449219,20261011,30,15
30,0,sub-03,0.9692196846008301,20261011,30,15
30,0,sub-05,1.371822476387024,20261011,30,15
30,0,sub-02,1.0137171745300293,20261011,30,15
30,0,sub-03,0.8991748094558716,20261011,30,15
30,0,sub-03,0.9620532989501953,20261011,30,15
30,0,sub-02,1.0156407356262207,20261011,30,15
30,0,sub-03,1.040515422821045,20261011,30,15
30,0,sub-03,1.009601354598999,20261011,30,15
30,0,sub-02,0.8061916828155518,20261011,30,15
30,0,sub-02,0.8527154922485352,20261011,30,15
30,0,sub-02,0.9451225996017456,20261011,30,15
30,0,sub-03,0.7951843738555908,20261011,30,15
30,0,sub-02,0.9740390777587891,20261011,30,15
30,0,sub-05,0.9874259829521179,20261011,30,15
30,0,sub-03,1.010219931602478,20261011,30,15
30,0,sub-05,1.329921007156372,20261011,30,15
30,0,sub-03,0.9688960909843445,20261011,30,15
30,0,sub-03,1.226645827293396,20261011,30,15
30,0,sub-05,1.1863124370574951,20261011,30,15
30,0,sub-05,0.9424386620521545,20261011,30,15
30,0,sub-05,0.8890936970710754,20261011,30,15
30,0,sub-02,0.9760777354240417,20261011,30,15
30,0,sub-03,1.0314280986785889,20261011,30,15
30,0,sub-02,0.8843664526939392,20261011,30,15
30,0,sub-02,1.454842448234558,20261011,30,15
30,0,sub-03,1.4439924955368042,20261011,30,15
30,0,sub-05,1.1801671981811523,20261011,30,15
30,0,sub-05,0.942578136920929,20261011,30,15
30,0,sub-02,1.485455870628357,20261011,30,15
30,0,sub-03,1.138316035270691,20261011,30,15
30,0,sub-05,0.885094165802002,20261011,30,15
30,0,sub-03,1.085026502609253,20261011,30,15
30,0,sub-05,0.781224250793457,20261011,30,15
30,0,sub-03,0.9363061189651489,20261011,30,15
30,0,sub-02,0.957643985748291,20261011,30,15
0,1,sub-09,0.9471734762191772,20261010,0,0
0,1,sub-07,0.844939112663269,20261010,0,0
0,1,sub-07,0.7427305579185486,20261010,0,0
0,1,sub-06,0.9485527873039246,20261010,0,0
0,1,sub-09,2.087352991104126,20261010,0,0
0,1,sub-07,0.8750755190849304,20261010,0,0
0,1,sub-09,0.9615194201469421,20261010,0,0
0,1,sub-07,0.7213577628135681,20261010,0,0
0,1,sub-07,0.8382653594017029,20261010,0,0
0,1,sub-06,0.9553547501564026,20261010,0,0
0,1,sub-09,1.0493884086608887,20261010,0,0
0,1,sub-07,0.9542458057403564,20261010,0,0
0,1,sub-07,0.995151937007904,20261010,0,0
0,1,sub-09,1.1184916496276855,20261010,0,0
0,1,sub-09,2.0089075565338135,20261010,0,0
0,1,sub-09,2.022355556488037,20261010,0,0
0,1,sub-07,0.9839893579483032,20261010,0,0
0,1,sub-07,0.79673171043396,20261010,0,0
0,1,sub-09,0.9994935989379883,20261010,0,0
0,1,sub-06,0.9702954292297363,20261010,0,0
0,1,sub-09,1.7843217849731445,20261010,0,0
0,1,sub-06,2.1855647563934326,20261010,0,0
0,1,sub-07,1.9338284730911255,20261010,0,0
0,1,sub-06,1.6126397848129272,20261010,0,0
0,1,sub-06,1.470621109008789,20261010,0,0
0,1,sub-06,0.8279155492782593,20261010,0,0
0,1,sub-09,1.2578036785125732,20261010,0,0
0,1,sub-09,1.0317374467849731,20261010,0,0
0,1,sub-07,1.35837984085083,20261010,0,0
0,1,sub-07,0.7656309008598328,20261010,0,0
0,1,sub-06,1.441219687461853,20261010,0,0
0,1,sub-07,0.9491735696792603,20261010,0,0
0,1,sub-06,1.0250300168991089,20261010,0,0
0,1,sub-09,0.8325350284576416,20261010,0,0
0,1,sub-06,0.9294063448905945,20261010,0,0
0,1,sub-06,1.9091506004333496,20261010,0,0
0,1,sub-07,0.877152144908905,20261010,0,0
0,1,sub-06,1.2610105276107788,20261010,0,0
0,1,sub-09,1.0249207019805908,20261010,0,0
0,1,sub-07,1.590038537979126,20261010,0,0
0,1,sub-07,1.54407799243927,20261010,0,0
0,1,sub-07,0.9190437197685242,20261010,0,0
0,1,sub-09,1.0480148792266846,20261010,0,0
0,1,sub-07,0.8186755180358887,20261010,0,0
0,1,sub-09,2.7444205284118652,20261010,0,0
0,1,sub-07,1.077683448791504,20261010,0,0
0,1,sub-09,1.3449974060058594,20261010,0,0
0,1,sub-07,1.0002050399780273,20261010,0,0
0,1,sub-09,1.6637961864471436,20261010,0,0
0,1,sub-06,0.7625749111175537,20261010,0,0
0,1,sub-07,0.7370473742485046,20261010,0,0
0,1,sub-07,0.9296283721923828,20261010,0,0
0,1,sub-07,1.1564934253692627,20261010,0,0
0,1,sub-09,1.048948884010315,20261010,0,0
0,1,sub-09,0.8555057048797607,20261010,0,0
0,1,sub-07,0.9204224348068237,20261010,0,0
0,1,sub-06,0.9290086030960083,20261010,0,0
0,1,sub-06,0.7830707430839539,20261010,0,0
0,1,sub-09,2.8985257148742676,20261010,0,0
0,1,sub-06,1.0101615190505981,20261010,0,0
0,1,sub-09,0.9693951606750488,20261010,0,0
0,1,sub-06,1.0000944137573242,20261010,0,0
0,1,sub-07,0.9613826274871826,20261010,0,0
0,1,sub-09,1.081531047821045,20261010,0,0
0,1,sub-06,0.9853171706199646,20261010,0,0
0,1,sub-09,0.986275851726532,20261010,0,0
0,1,sub-06,0.6522454023361206,20261010,0,0
0,1,sub-06,0.9046943783760071,20261010,0,0
0,1,sub-07,1.0587269067764282,20261010,0,0
0,1,sub-06,2.147563934326172,20261010,0,0
0,1,sub-07,0.9372319579124451,20261010,0,0
0,1,sub-07,0.9811849594116211,20261010,0,0
0,1,sub-07,2.3255066871643066,20261010,0,0
0,1,sub-09,0.7652593851089478,20261010,0,0
0,1,sub-07,1.0954656600952148,20261010,0,0
0,1,sub-07,0.752524197101593,20261010,0,0
0,1,sub-09,1.1151596307754517,20261010,0,0
0,1,sub-06,1.310842514038086,20261010,0,0
0,1,sub-09,1.618981122970581,20261010,0,0
0,1,sub-07,0.9506840705871582,20261010,0,0
0,1,sub-06,1.2941076755523682,20261010,0,0
0,1,sub-07,0.9426102042198181,20261010,0,0
0,1,sub-07,2.027601480484009,20261010,0,0
0,1,sub-07,1.0158934593200684,20261010,0,0
0,1,sub-07,0.9990324974060059,20261010,0,0
0,1,sub-07,1.0002539157867432,20261010,0,0
0,1,sub-07,0.9634923934936523,20261010,0,0
0,1,sub-06,1.0903434753417969,20261010,0,0
0,1,sub-06,2.3128671646118164,20261010,0,0
0,1,sub-07,0.7194446921348572,20261010,0,0
0,1,sub-07,1.6367886066436768,20261010,0,0
0,1,sub-09,0.993584394454956,20261010,0,0
0,1,sub-07,0.747053325176239,20261010,0,0
0,1,sub-09,1.2105181217193604,20261010,0,0
0,1,sub-07,0.8513378500938416,20261010,0,0
0,1,sub-07,0.9916261434555054,20261010,0,0
0,1,sub-09,1.0039921998977661,20261010,0,0
0,1,sub-09,1.1063132286071777,20261010,0,0
0,1,sub-06,2.1062302589416504,20261010,0,0
0,1,sub-09,1.0155503749847412,20261010,0,0
0,1,sub-06,0.818143904209137,20261010,0,0
0,1,sub-06,1.1539705991744995,20261010,0,0
0,1,sub-06,1.0877255201339722,20261010,0,0
0,1,sub-09,1.269399881362915,20261010,0,0
0,1,sub-09,1.0619492530822754,20261010,0,0
0,1,sub-07,1.8464930057525635,20261010,0,0
0,1,sub-09,0.8325996398925781,20261010,0,0
0,1,sub-07,1.0209991931915283,20261010,0,0
0,1,sub-09,0.9290614128112793,20261010,0,0
0,1,sub-09,0.9994392395019531,20261010,0,0
0,1,sub-09,1.552154541015625,20261010,0,0
0,1,sub-09,0.9471003413200378,20261010,0,0
0,1,sub-06,1.0081744194030762,20261010,0,0
0,1,sub-06,0.8299617767333984,20261010,0,0
0,1,sub-06,1.0470350980758667,20261010,0,0
0,1,sub-09,1.415482759475708,20261010,0,0
0,1,sub-06,3.781857967376709,20261010,0,0
0,1,sub-07,0.9884856939315796,20261010,0,0
0,1,sub-07,0.9857022166252136,20261010,0,0
0,1,sub-07,1.1481300592422485,20261010,0,0
0,1,sub-07,1.1024229526519775,20261010,0,0
0,1,sub-07,0.945915162563324,20261010,0,0
0,1,sub-07,0.8983292579650879,20261010,0,0
0,1,sub-09,2.4113450050354004,20261010,0,0
0,1,sub-06,1.022243618965149,20261010,0,0
0,1,sub-06,1.350623607635498,20261010,0,0
0,1,sub-06,2.4007444381713867,20261010,0,0
0,1,sub-06,1.3599387407302856,20261010,0,0
0,1,sub-06,1.3932864665985107,20261010,0,0
0,1,sub-07,1.067738652229309,20261010,0,0
0,1,sub-07,1.0663046836853027,20261010,0,0
0,1,sub-09,0.9992610812187195,20261010,0,0
0,1,sub-07,0.7567298412322998,20261010,0,0
0,1,sub-09,0.9987785220146179,20261010,0,0
0,1,sub-07,0.949249804019928,20261010,0,0
0,1,sub-07,0.9788763523101807,20261010,0,0
0,1,sub-09,0.8715161681175232,20261010,0,0
0,1,sub-07,0.8882877230644226,20261010,0,0
0,1,sub-06,1.174142599105835,20261010,0,0
0,1,sub-06,1.4104660749435425,20261010,0,0
0,1,sub-09,1.021638035774231,20261010,0,0
0,1,sub-07,1.7632536888122559,20261010,0,0
0,1,sub-07,0.9903779625892639,20261010,0,0
0,1,sub-09,1.7785699367523193,20261010,0,0
0,1,sub-06,1.4569424390792847,20261010,0,0
0,1,sub-06,0.9968812465667725,20261010,0,0
0,1,sub-09,0.9898611307144165,20261010,0,0
0,1,sub-09,1.5271354913711548,20261010,0,0
0,1,sub-06,1.100516676902771,20261010,0,0
0,1,sub-09,0.9989290833473206,20261010,0,0
0,1,sub-09,0.9271037578582764,20261010,0,0
0,1,sub-06,0.9924149513244629,20261010,0,0
0,1,sub-06,0.974787175655365,20261010,0,0
0,1,sub-07,1.2230395078659058,20261010,0,0
0,1,sub-09,0.9000421166419983,20261010,0,0
0,1,sub-09,1.0334385633468628,20261010,0,0
0,1,sub-07,1.215315580368042,20261010,0,0
0,1,sub-09,0.6491000652313232,20261010,0,0
0,1,sub-06,1.0250028371810913,20261010,0,0
0,1,sub-07,1.3358651399612427,20261010,0,0
0,1,sub-06,2.4468350410461426,20261010,0,0
0,1,sub-06,1.1336497068405151,20261010,0,0
0,1,sub-09,0.9564700722694397,20261010,0,0
0,1,sub-09,1.3523809909820557,20261010,0,0
0,1,sub-09,0.9266018271446228,20261010,0,0
0,1,sub-09,1.8970576524734497,20261010,0,0
0,1,sub-07,1.4900175333023071,20261010,0,0
0,1,sub-07,1.0518860816955566,20261010,0,0
0,1,sub-07,0.8303898572921753,20261010,0,0
0,1,sub-09,1.7729946374893188,20261010,0,0
0,1,sub-06,0.8222001194953918,20261010,0,0
0,1,sub-09,1.0775645971298218,20261010,0,0
0,1,sub-09,1.809311032295227,20261010,0,0
0,1,sub-09,0.9376901388168335,20261010,0,0
0,1,sub-09,0.8434458374977112,20261010,0,0
0,1,sub-06,1.411095380783081,20261010,0,0
0,1,sub-09,1.4450852870941162,20261010,0,0
0,1,sub-07,0.9884586930274963,20261010,0,0
0,1,sub-07,0.7985621690750122,20261010,0,0
0,1,sub-09,1.4977593421936035,20261010,0,0
0,1,sub-06,2.1467044353485107,20261010,0,0
0,1,sub-07,2.056121826171875,20261010,0,0
0,1,sub-06,0.9375772476196289,20261010,0,0
0,1,sub-07,1.4353958368301392,20261010,0,0
0,1,sub-06,0.9612142443656921,20261010,0,0
0,1,sub-09,1.0573399066925049,20261010,0,0
0,1,sub-09,1.3516788482666016,20261010,0,0
0,1,sub-07,0.9152145385742188,20261010,0,0
0,1,sub-06,0.9978569149971008,20261010,0,0
0,1,sub-09,0.7604241371154785,20261010,0,0
0,1,sub-09,0.9787434935569763,20261010,0,0
0,1,sub-06,0.7992847561836243,20261010,0,0
0,1,sub-07,1.1748621463775635,20261010,0,0
0,1,sub-09,1.4741958379745483,20261010,0,0
0,1,sub-06,1.3872233629226685,20261010,0,0
0,1,sub-07,2.1927852630615234,20261010,0,0
0,1,sub-07,1.3327574729919434,20261010,0,0
0,1,sub-07,1.5768331289291382,20261010,0,0
0,1,sub-07,0.8870874047279358,20261010,0,0
0,1,sub-07,1.3216896057128906,20261010,0,0
0,1,sub-06,0.7153908014297485,20261010,0,0
0,1,sub-07,0.9354110360145569,20261010,0,0
0,1,sub-06,1.1938154697418213,20261010,0,0
0,1,sub-09,0.8667751550674438,20261010,0,0
0,1,sub-07,1.867172122001648,20261010,0,0
0,1,sub-07,0.9266737699508667,20261010,0,0
0,1,sub-07,0.9792060256004333,20261010,0,0
0,1,sub-07,1.098060965538025,20261010,0,0
0,1,sub-07,2.345888137817383,20261010,0,0
0,1,sub-06,1.2387604713439941,20261010,0,0
0,1,sub-07,1.2498859167099,20261010,0,0
0,1,sub-07,1.1119035482406616,20261010,0,0
0,1,sub-09,1.0351542234420776,20261010,0,0
0,1,sub-06,0.8597813844680786,20261010,0,0
0,1,sub-06,0.9861265420913696,20261010,0,0
0,1,sub-07,0.9629276990890503,20261010,0,0
0,1,sub-06,1.1477618217468262,20261010,0,0
0,1,sub-09,2.020020008087158,20261010,0,0
0,1,sub-07,1.1674835681915283,20261010,0,0
0,1,sub-06,0.962685227394104,20261010,0,0
0,1,sub-07,1.2807328701019287,20261010,0,0
0,1,sub-06,1.0218905210494995,20261010,0,0
0,1,sub-06,1.26333487033844,20261010,0,0
0,1,sub-09,0.9775993227958679,20261010,0,0
0,1,sub-09,0.9100035429000854,20261010,0,0
0,1,sub-06,1.1612231731414795,20261010,0,0
0,1,sub-09,1.0665607452392578,20261010,0,0
0,1,sub-07,1.0424137115478516,20261010,0,0
0,1,sub-07,0.9533254504203796,20261010,0,0
0,1,sub-07,1.9061625003814697,20261010,0,0
0,1,sub-07,0.9160453677177429,20261010,0,0
0,1,sub-06,1.0151666402816772,20261010,0,0
0,1,sub-07,1.213458776473999,20261010,0,0
0,1,sub-06,1.1230568885803223,20261010,0,0
0,1,sub-09,1.9278273582458496,20261010,0,0
0,1,sub-07,0.9548860788345337,20261010,0,0
0,1,sub-09,1.0965040922164917,20261010,0,0
0,1,sub-07,1.0075175762176514,20261010,0,0
0,1,sub-09,1.254103183746338,20261010,0,0
0,1,sub-07,1.3922935724258423,20261010,0,0
0,1,sub-09,0.9901881217956543,20261010,0,0
0,1,sub-09,0.988101601600647,20261010,0,0
0,1,sub-07,1.2641186714172363,20261010,0,0
0,1,sub-06,0.8085842132568359,20261010,0,0
0,1,sub-07,0.9353402256965637,20261010,0,0
0,1,sub-09,1.1649385690689087,20261010,0,0
0,1,sub-09,1.1437510251998901,20261010,0,0
0,1,sub-09,0.9978829026222229,20261010,0,0
0,1,sub-07,1.0300894975662231,20261010,0,0
0,1,sub-09,1.100581169128418,20261010,0,0
0,1,sub-09,0.9565226435661316,20261010,0,0
0,1,sub-06,0.776923418045044,20261010,0,0
0,1,sub-06,0.8822112083435059,20261010,0,0
0,1,sub-07,0.9774332642555237,20261010,0,0
0,1,sub-06,1.052095651626587,20261010,0,0
0,1,sub-09,0.6566160321235657,20261010,0,0
0,1,sub-07,1.3121635913848877,20261010,0,0
0,1,sub-06,1.0590883493423462,20261010,0,0
0,1,sub-09,3.0571115016937256,20261010,0,0
0,1,sub-06,1.0090222358703613,20261010,0,0
0,1,sub-06,0.8483970165252686,20261010,0,0
0,1,sub-07,0.745147168636322,20261010,0,0
0,1,sub-07,2.1380395889282227,20261010,0,0
0,1,sub-07,1.6020811796188354,20261010,0,0
0,1,sub-09,1.277775764465332,20261010,0,0
0,1,sub-09,1.444395899772644,20261010,0,0
0,1,sub-07,1.1430625915527344,20261010,0,0
0,1,sub-09,2.4719645977020264,20261010,0,0
0,1,sub-06,0.9956912994384766,20261010,0,0
0,1,sub-06,1.0768952369689941,20261010,0,0
0,1,sub-06,0.8715857267379761,20261010,0,0
0,1,sub-06,0.875480055809021,20261010,0,0
0,1,sub-06,0.913384735584259,20261010,0,0
0,1,sub-06,1.911238193511963,20261010,0,0
0,1,sub-06,1.1081351041793823,20261010,0,0
0,1,sub-07,0.9679381847381592,20261010,0,0
0,1,sub-06,0.7631258368492126,20261010,0,0
0,1,sub-06,0.8742299675941467,20261010,0,0
0,1,sub-09,1.0066336393356323,20261010,0,0
0,1,sub-09,1.7999746799468994,20261010,0,0
0,1,sub-09,1.002770185470581,20261010,0,0
0,1,sub-09,1.3168903589248657,20261010,0,0
0,1,sub-07,0.7863388061523438,20261010,0,0
0,1,sub-07,1.4220068454742432,20261010,0,0
0,1,sub-09,1.1539382934570312,20261010,0,0
0,1,sub-06,1.0247660875320435,20261010,0,0
0,1,sub-06,0.9211723804473877,20261010,0,0
0,1,sub-07,0.999302327632904,20261010,0,0
0,1,sub-09,0.970132052898407,20261010,0,0
0,1,sub-09,1.5345380306243896,20261010,0,0
0,1,sub-07,0.9317855834960938,20261010,0,0
0,1,sub-06,0.8547530770301819,20261010,0,0
0,1,sub-09,1.325857400894165,20261010,0,0
0,1,sub-07,1.2739771604537964,20261010,0,0
0,1,sub-06,0.8137443661689758,20261010,0,0
0,1,sub-09,0.9933940172195435,20261010,0,0
0,1,sub-07,1.0254045724868774,20261010,0,0
0,1,sub-09,0.8663474917411804,20261010,0,0
0,1,sub-06,1.076287031173706,20261010,0,0
0,1,sub-06,0.9569119215011597,20261010,0,0
0,1,sub-07,0.9987910985946655,20261010,0,0
0,1,sub-06,1.0602519512176514,20261010,0,0
0,1,sub-06,0.9618659019470215,20261010,0,0
0,1,sub-07,0.8316936492919922,20261010,0,0
0,1,sub-06,1.2121812105178833,20261010,0,0
0,1,sub-06,0.8829299807548523,20261010,0,0
0,1,sub-07,0.9912375807762146,20261010,0,0
0,1,sub-09,1.2985674142837524,20261010,0,0
0,1,sub-07,1.0343111753463745,20261010,0,0
0,1,sub-07,1.163183331489563,20261010,0,0
0,1,sub-07,1.2802684307098389,20261010,0,0
0,1,sub-07,0.8924463987350464,20261010,0,0
0,1,sub-06,0.8166419863700867,20261010,0,0
0,1,sub-06,0.9688330292701721,20261010,0,0
0,1,sub-06,0.9978840947151184,20261010,0,0
0,1,sub-09,0.9985607862472534,20261010,0,0
0,1,sub-07,1.1505578756332397,20261010,0,0
0,1,sub-07,0.983515202999115,20261010,0,0
0,1,sub-06,1.419677495956421,20261010,0,0
0,1,sub-07,0.9074845314025879,20261010,0,0
0,1,sub-07,1.2392641305923462,20261010,0,0
0,1,sub-09,0.9577586054801941,20261010,0,0
0,1,sub-07,1.2176954746246338,20261010,0,0
0,1,sub-09,1.1571744680404663,20261010,0,0
0,1,sub-06,1.0964010953903198,20261010,0,0
0,1,sub-06,1.148580551147461,20261010,0,0
0,1,sub-07,2.4111642837524414,20261010,0,0
0,1,sub-06,0.8887503743171692,20261010,0,0
0,1,sub-06,0.9427277445793152,20261010,0,0
0,1,sub-06,1.1379891633987427,20261010,0,0
0,1,sub-07,0.9993063807487488,20261010,0,0
0,1,sub-07,1.1723997592926025,20261010,0,0
0,1,sub-07,1.105485439300537,20261010,0,0
0,1,sub-09,0.9918152093887329,20261010,0,0
0,1,sub-06,0.8435149192810059,20261010,0,0
0,1,sub-09,2.0683786869049072,20261010,0,0
0,1,sub-09,0.8703857064247131,20261010,0,0
0,1,sub-07,0.8851284384727478,20261010,0,0
0,1,sub-09,0.7953835129737854,20261010,0,0
0,1,sub-07,0.9574405550956726,20261010,0,0
0,1,sub-09,1.3318310976028442,20261010,0,0
0,1,sub-06,2.780604600906372,20261010,0,0
0,1,sub-07,0.5898547768592834,20261010,0,0
0,1,sub-09,1.6159847974777222,20261010,0,0
0,1,sub-06,1.263491153717041,20261010,0,0
0,1,sub-09,1.4969048500061035,20261010,0,0
0,1,sub-06,0.8813217878341675,20261010,0,0
0,1,sub-09,1.3814045190811157,20261010,0,0
0,1,sub-09,1.1139955520629883,20261010,0,0
0,1,sub-09,0.8969867825508118,20261010,0,0
0,1,sub-09,1.042725682258606,20261010,0,0
0,1,sub-06,1.0027611255645752,20261010,0,0
0,1,sub-07,0.8930404186248779,20261010,0,0
0,1,sub-09,2.3558433055877686,20261010,0,0
0,1,sub-06,1.7028310298919678,20261010,0,0
0,1,sub-06,0.9663625359535217,20261010,0,0
0,1,sub-07,1.0542751550674438,20261010,0,0
0,1,sub-06,0.9834933876991272,20261010,0,0
0,1,sub-06,1.283831000328064,20261010,0,0
0,1,sub-07,0.9208657145500183,20261010,0,0
0,1,sub-07,1.0001720190048218,20261010,0,0
0,1,sub-06,1.277929663658142,20261010,0,0
0,1,sub-06,1.2414836883544922,20261010,0,0
0,1,sub-09,0.8218965530395508,20261010,0,0
0,1,sub-09,1.5991151332855225,20261010,0,0
0,1,sub-09,0.9996792674064636,20261010,0,0
0,1,sub-07,0.7783450484275818,20261010,0,0
0,1,sub-07,1.1319650411605835,20261010,0,0
0,1,sub-07,1.3431841135025024,20261010,0,0
0,1,sub-07,0.9555556178092957,20261010,0,0
0,1,sub-07,1.058382511138916,20261010,0,0
0,1,sub-07,0.843001663684845,20261010,0,0
0,1,sub-07,0.9242902398109436,20261010,0,0
0,1,sub-06,0.9417965412139893,20261010,0,0
0,1,sub-06,0.9817368388175964,20261010,0,0
0,1,sub-07,1.1729708909988403,20261010,0,0
0,1,sub-07,1.1399695873260498,20261010,0,0
0,1,sub-07,0.9403188824653625,20261010,0,0
0,1,sub-07,0.7758340239524841,20261010,0,0
0,1,sub-09,1.0373401641845703,20261010,0,0
0,1,sub-07,0.9276837110519409,20261010,0,0
0,1,sub-09,0.9918714165687561,20261010,0,0
0,1,sub-06,0.9275884628295898,20261010,0,0
0,1,sub-06,1.0673682689666748,20261010,0,0
10,1,sub-09,0.9445887207984924,20261010,10,5
10,1,sub-07,0.8491948843002319,20261010,10,5
10,1,sub-07,0.7435302734375,20261010,10,5
10,1,sub-06,0.9137701988220215,20261010,10,5
10,1,sub-09,2.1184213161468506,20261010,10,5
10,1,sub-07,0.8753648996353149,20261010,10,5
10,1,sub-09,0.9665725827217102,20261010,10,5
10,1,sub-07,0.70733243227005,20261010,10,5
10,1,sub-07,0.8361592292785645,20261010,10,5
10,1,sub-06,0.9544163942337036,20261010,10,5
10,1,sub-09,1.0298906564712524,20261010,10,5
10,1,sub-07,0.960191011428833,20261010,10,5
10,1,sub-07,0.9951230883598328,20261010,10,5
10,1,sub-09,1.1201248168945312,20261010,10,5
10,1,sub-09,2.036208152770996,20261010,10,5
10,1,sub-09,2.007181167602539,20261010,10,5
10,1,sub-07,0.9987004399299622,20261010,10,5
10,1,sub-07,0.7830364108085632,20261010,10,5
10,1,sub-09,0.99949711561203,20261010,10,5
10,1,sub-06,0.9687688946723938,20261010,10,5
10,1,sub-09,1.7741711139678955,20261010,10,5
10,1,sub-06,2.1824700832366943,20261010,10,5
10,1,sub-07,1.9416487216949463,20261010,10,5
10,1,sub-06,1.6078896522521973,20261010,10,5
10,1,sub-06,1.46952223777771,20261010,10,5
10,1,sub-06,0.8085692524909973,20261010,10,5
10,1,sub-09,1.2472295761108398,20261010,10,5
10,1,sub-09,1.03738534450531,20261010,10,5
10,1,sub-07,1.355485200881958,20261010,10,5
10,1,sub-07,0.765198290348053,20261010,10,5
10,1,sub-06,1.4407265186309814,20261010,10,5
10,1,sub-07,0.9439789652824402,20261010,10,5
10,1,sub-06,1.00734281539917,20261010,10,5
10,1,sub-09,0.8290993571281433,20261010,10,5
10,1,sub-06,0.9264211058616638,20261010,10,5
10,1,sub-06,1.9082918167114258,20261010,10,5
10,1,sub-07,0.8960539698600769,20261010,10,5
10,1,sub-06,1.2583518028259277,20261010,10,5
10,1,sub-09,1.0165019035339355,20261010,10,5
10,1,sub-07,1.5860121250152588,20261010,10,5
10,1,sub-07,1.5451910495758057,20261010,10,5
10,1,sub-07,0.9405423402786255,20261010,10,5
10,1,sub-09,0.993651807308197,20261010,10,5
10,1,sub-07,0.8237289786338806,20261010,10,5
10,1,sub-09,2.8433713912963867,20261010,10,5
10,1,sub-07,1.0787429809570312,20261010,10,5
10,1,sub-09,1.3472695350646973,20261010,10,5
10,1,sub-07,1.0001412630081177,20261010,10,5
10,1,sub-09,1.5961573123931885,20261010,10,5
10,1,sub-06,0.7339922785758972,20261010,10,5
10,1,sub-07,0.7532435059547424,20261010,10,5
10,1,sub-07,0.9208341836929321,20261010,10,5
10,1,sub-07,1.1643140316009521,20261010,10,5
10,1,sub-09,1.0780004262924194,20261010,10,5
10,1,sub-09,0.8556442260742188,20261010,10,5
10,1,sub-07,0.904194176197052,20261010,10,5
10,1,sub-06,0.9212331771850586,20261010,10,5
10,1,sub-06,0.7853866219520569,20261010,10,5
10,1,sub-09,2.872967481613159,20261010,10,5
10,1,sub-06,1.0136877298355103,20261010,10,5
10,1,sub-09,0.9487026929855347,20261010,10,5
10,1,sub-06,1.0000966787338257,20261010,10,5
10,1,sub-07,0.9816480875015259,20261010,10,5
10,1,sub-09,1.066175103187561,20261010,10,5
10,1,sub-06,0.9855420589447021,20261010,10,5
10,1,sub-09,0.9857358336448669,20261010,10,5
10,1,sub-06,0.6594101190567017,20261010,10,5
10,1,sub-06,0.8658655881881714,20261010,10,5
10,1,sub-07,1.0567115545272827,20261010,10,5
10,1,sub-06,2.1467642784118652,20261010,10,5
10,1,sub-07,0.9144814014434814,20261010,10,5
10,1,sub-07,0.9816452264785767,20261010,10,5
10,1,sub-07,2.323667526245117,20261010,10,5
10,1,sub-09,0.7629191875457764,20261010,10,5
10,1,sub-07,1.111717700958252,20261010,10,5
10,1,sub-07,0.7608022689819336,20261010,10,5
10,1,sub-09,1.1063156127929688,20261010,10,5
10,1,sub-06,1.3074488639831543,20261010,10,5
10,1,sub-09,1.6068404912948608,20261010,10,5
10,1,sub-07,0.9481020569801331,20261010,10,5
10,1,sub-06,1.274827480316162,20261010,10,5
10,1,sub-07,0.941288948059082,20261010,10,5
10,1,sub-07,2.036247491836548,20261010,10,5
10,1,sub-07,1.0081958770751953,20261010,10,5
10,1,sub-07,0.998949408531189,20261010,10,5
10,1,sub-07,1.0000120401382446,20261010,10,5
10,1,sub-07,0.9706798791885376,20261010,10,5
10,1,sub-06,1.0650556087493896,20261010,10,5
10,1,sub-06,2.2993485927581787,20261010,10,5
10,1,sub-07,0.734250545501709,20261010,10,5
10,1,sub-07,1.6441564559936523,20261010,10,5
10,1,sub-09,0.9935730695724487,20261010,10,5
10,1,sub-07,0.7610039114952087,20261010,10,5
10,1,sub-09,1.0848197937011719,20261010,10,5
10,1,sub-07,0.8510437607765198,20261010,10,5
10,1,sub-07,0.9908804893493652,20261010,10,5
10,1,sub-09,1.008395791053772,20261010,10,5
10,1,sub-09,1.108211636543274,20261010,10,5
10,1,sub-06,2.1039271354675293,20261010,10,5
10,1,sub-09,0.9447295665740967,20261010,10,5
10,1,sub-06,0.786783754825592,20261010,10,5
10,1,sub-06,1.1535435914993286,20261010,10,5
10,1,sub-06,1.062336802482605,20261010,10,5
10,1,sub-09,1.2512332201004028,20261010,10,5
10,1,sub-09,1.0210890769958496,20261010,10,5
10,1,sub-07,1.8596686124801636,20261010,10,5
10,1,sub-09,0.8319088816642761,20261010,10,5
10,1,sub-07,1.0303128957748413,20261010,10,5
10,1,sub-09,0.9294074773788452,20261010,10,5
10,1,sub-09,0.9994772672653198,20261010,10,5
10,1,sub-09,1.4984158277511597,20261010,10,5
10,1,sub-09,0.9438844323158264,20261010,10,5
10,1,sub-06,1.0116955041885376,20261010,10,5
10,1,sub-06,0.8355305194854736,20261010,10,5
10,1,sub-06,1.0439441204071045,20261010,10,5
10,1,sub-09,1.3175699710845947,20261010,10,5
10,1,sub-06,3.781764268875122,20261010,10,5
10,1,sub-07,0.9955887198448181,20261010,10,5
10,1,sub-07,0.9916202425956726,20261010,10,5
10,1,sub-07,1.1465693712234497,20261010,10,5
10,1,sub-07,1.1223372220993042,20261010,10,5
10,1,sub-07,0.9213610291481018,20261010,10,5
10,1,sub-07,0.9156632423400879,20261010,10,5
10,1,sub-09,2.4096877574920654,20261010,10,5
10,1,sub-06,1.0066423416137695,20261010,10,5
10,1,sub-06,1.3391945362091064,20261010,10,5
10,1,sub-06,2.392707586288452,20261010,10,5
10,1,sub-06,1.3476946353912354,20261010,10,5
10,1,sub-06,1.392803430557251,20261010,10,5
10,1,sub-07,1.0843983888626099,20261010,10,5
10,1,sub-07,1.0828497409820557,20261010,10,5
10,1,sub-09,0.9990246891975403,20261010,10,5
10,1,sub-07,0.7687472701072693,20261010,10,5
10,1,sub-09,0.9986926913261414,20261010,10,5
10,1,sub-07,0.9581872224807739,20261010,10,5
10,1,sub-07,0.9751221537590027,20261010,10,5
10,1,sub-09,0.8739312887191772,20261010,10,5
10,1,sub-07,0.8996267914772034,20261010,10,5
10,1,sub-06,1.1729141473770142,20261010,10,5
10,1,sub-06,1.4088807106018066,20261010,10,5
10,1,sub-09,0.9571455121040344,20261010,10,5
10,1,sub-07,1.7685670852661133,20261010,10,5
10,1,sub-07,0.9878711104393005,20261010,10,5
10,1,sub-09,1.8203516006469727,20261010,10,5
10,1,sub-06,1.4490100145339966,20261010,10,5
10,1,sub-06,0.9968540072441101,20261010,10,5
10,1,sub-09,0.9889068603515625,20261010,10,5
10,1,sub-09,1.5184922218322754,20261010,10,5
10,1,sub-06,1.0953311920166016,20261010,10,5
10,1,sub-09,0.9989718198776245,20261010,10,5
10,1,sub-09,0.9295746088027954,20261010,10,5
10,1,sub-06,0.9918933510780334,20261010,10,5
10,1,sub-06,0.9631337523460388,20261010,10,5
10,1,sub-07,1.2401076555252075,20261010,10,5
10,1,sub-09,0.8766210675239563,20261010,10,5
10,1,sub-09,1.0212574005126953,20261010,10,5
10,1,sub-07,1.205739140510559,20261010,10,5
10,1,sub-09,0.6397598385810852,20261010,10,5
10,1,sub-06,1.0163471698760986,20261010,10,5
10,1,sub-07,1.3410922288894653,20261010,10,5
10,1,sub-06,2.446566104888916,20261010,10,5
10,1,sub-06,1.1226606369018555,20261010,10,5
10,1,sub-09,0.943979799747467,20261010,10,5
10,1,sub-09,1.2213588953018188,20261010,10,5
10,1,sub-09,0.9281054139137268,20261010,10,5
10,1,sub-09,1.9352179765701294,20261010,10,5
10,1,sub-07,1.4954233169555664,20261010,10,5
10,1,sub-07,1.0375560522079468,20261010,10,5
10,1,sub-07,0.8337568640708923,20261010,10,5
10,1,sub-09,1.7836416959762573,20261010,10,5
10,1,sub-06,0.81549072265625,20261010,10,5
10,1,sub-09,1.0735218524932861,20261010,10,5
10,1,sub-09,1.810902714729309,20261010,10,5
10,1,sub-09,0.9353319406509399,20261010,10,5
10,1,sub-09,0.8367142081260681,20261010,10,5
10,1,sub-06,1.4142111539840698,20261010,10,5
10,1,sub-09,1.377639889717102,20261010,10,5
10,1,sub-07,0.9875084757804871,20261010,10,5
10,1,sub-07,0.7983144521713257,20261010,10,5
10,1,sub-09,1.4883315563201904,20261010,10,5
10,1,sub-06,2.1325652599334717,20261010,10,5
10,1,sub-07,2.0573959350585938,20261010,10,5
10,1,sub-06,0.9282801747322083,20261010,10,5
10,1,sub-07,1.43667733669281,20261010,10,5
10,1,sub-06,0.9348092079162598,20261010,10,5
10,1,sub-09,0.9556425213813782,20261010,10,5
10,1,sub-09,1.3290373086929321,20261010,10,5
10,1,sub-07,0.9193118214607239,20261010,10,5
10,1,sub-06,0.9979374408721924,20261010,10,5
10,1,sub-09,0.7593891620635986,20261010,10,5
10,1,sub-09,0.9531258940696716,20261010,10,5
10,1,sub-06,0.7669810056686401,20261010,10,5
10,1,sub-07,1.1835863590240479,20261010,10,5
10,1,sub-09,1.4493999481201172,20261010,10,5
10,1,sub-06,1.3925044536590576,20261010,10,5
10,1,sub-07,2.2009143829345703,20261010,10,5
10,1,sub-07,1.3406075239181519,20261010,10,5
10,1,sub-07,1.5783239603042603,20261010,10,5
10,1,sub-07,0.909242570400238,20261010,10,5
10,1,sub-07,1.3226832151412964,20261010,10,5
10,1,sub-06,0.6950398683547974,20261010,10,5
10,1,sub-07,0.9002913236618042,20261010,10,5
10,1,sub-06,1.186401605606079,20261010,10,5
10,1,sub-09,0.8564137816429138,20261010,10,5
10,1,sub-07,1.8621635437011719,20261010,10,5
10,1,sub-07,0.9265466332435608,20261010,10,5
10,1,sub-07,0.9842804670333862,20261010,10,5
10,1,sub-07,1.0963248014450073,20261010,10,5
10,1,sub-07,2.3571724891662598,20261010,10,5
10,1,sub-06,1.1930075883865356,20261010,10,5
10,1,sub-07,1.2593837976455688,20261010,10,5
10,1,sub-07,1.1115994453430176,20261010,10,5
10,1,sub-09,0.9995180368423462,20261010,10,5
10,1,sub-06,0.8576034307479858,20261010,10,5
10,1,sub-06,0.9808371067047119,20261010,10,5
10,1,sub-07,0.9620342254638672,20261010,10,5
10,1,sub-06,1.1376993656158447,20261010,10,5
10,1,sub-09,2.078650712966919,20261010,10,5
10,1,sub-07,1.1589475870132446,20261010,10,5
10,1,sub-06,0.9408509135246277,20261010,10,5
10,1,sub-07,1.285862684249878,20261010,10,5
10,1,sub-06,0.9727272987365723,20261010,10,5
10,1,sub-06,1.2669166326522827,20261010,10,5
10,1,sub-09,0.984914243221283,20261010,10,5
10,1,sub-09,0.9517441987991333,20261010,10,5
10,1,sub-06,1.1569031476974487,20261010,10,5
10,1,sub-09,1.050794243812561,20261010,10,5
10,1,sub-07,1.0350215435028076,20261010,10,5
10,1,sub-07,0.9423567056655884,20261010,10,5
10,1,sub-07,1.9086755514144897,20261010,10,5
10,1,sub-07,0.8837430477142334,20261010,10,5
10,1,sub-06,1.0141438245773315,20261010,10,5
10,1,sub-07,1.2086656093597412,20261010,10,5
10,1,sub-06,1.1172585487365723,20261010,10,5
10,1,sub-09,1.9756369590759277,20261010,10,5
10,1,sub-07,0.961624026298523,20261010,10,5
10,1,sub-09,1.0631686449050903,20261010,10,5
10,1,sub-07,1.017992615699768,20261010,10,5
10,1,sub-09,1.2682589292526245,20261010,10,5
10,1,sub-07,1.3979049921035767,20261010,10,5
10,1,sub-09,0.9627097845077515,20261010,10,5
10,1,sub-09,0.9898282885551453,20261010,10,5
10,1,sub-07,1.2699531316757202,20261010,10,5
10,1,sub-06,0.8144973516464233,20261010,10,5
10,1,sub-07,0.9317351579666138,20261010,10,5
10,1,sub-09,1.180326223373413,20261010,10,5
10,1,sub-09,1.1479214429855347,20261010,10,5
10,1,sub-09,0.9978852868080139,20261010,10,5
10,1,sub-07,1.0192593336105347,20261010,10,5
10,1,sub-09,1.1062688827514648,20261010,10,5
10,1,sub-09,0.9542554616928101,20261010,10,5
10,1,sub-06,0.7567854523658752,20261010,10,5
10,1,sub-06,0.873746395111084,20261010,10,5
10,1,sub-07,0.9849180579185486,20261010,10,5
10,1,sub-06,1.0275722742080688,20261010,10,5
10,1,sub-09,0.6630632281303406,20261010,10,5
10,1,sub-07,1.306936502456665,20261010,10,5
10,1,sub-06,1.0573315620422363,20261010,10,5
10,1,sub-09,3.144056797027588,20261010,10,5
10,1,sub-06,1.0153557062149048,20261010,10,5
10,1,sub-06,0.8453034162521362,20261010,10,5
10,1,sub-07,0.7408707141876221,20261010,10,5
10,1,sub-07,2.129518747329712,20261010,10,5
10,1,sub-07,1.5977150201797485,20261010,10,5
10,1,sub-09,1.2863640785217285,20261010,10,5
10,1,sub-09,1.4059349298477173,20261010,10,5
10,1,sub-07,1.1521434783935547,20261010,10,5
10,1,sub-09,2.460995674133301,20261010,10,5
10,1,sub-06,0.9955880045890808,20261010,10,5
10,1,sub-06,1.0739752054214478,20261010,10,5
10,1,sub-06,0.854160726070404,20261010,10,5
10,1,sub-06,0.881814181804657,20261010,10,5
10,1,sub-06,0.9017804861068726,20261010,10,5
10,1,sub-06,1.9005929231643677,20261010,10,5
10,1,sub-06,1.104979157447815,20261010,10,5
10,1,sub-07,0.9781991839408875,20261010,10,5
10,1,sub-06,0.7587993741035461,20261010,10,5
10,1,sub-06,0.8639742136001587,20261010,10,5
10,1,sub-09,0.981513261795044,20261010,10,5
10,1,sub-09,1.8058193922042847,20261010,10,5
10,1,sub-09,1.0083941221237183,20261010,10,5
10,1,sub-09,1.270886778831482,20261010,10,5
10,1,sub-07,0.7482901215553284,20261010,10,5
10,1,sub-07,1.428834080696106,20261010,10,5
10,1,sub-09,1.1620914936065674,20261010,10,5
10,1,sub-06,1.0199693441390991,20261010,10,5
10,1,sub-06,0.9091842174530029,20261010,10,5
10,1,sub-07,0.9992884397506714,20261010,10,5
10,1,sub-09,0.9255571961402893,20261010,10,5
10,1,sub-09,1.529650330543518,20261010,10,5
10,1,sub-07,0.93475341796875,20261010,10,5
10,1,sub-06,0.8333309292793274,20261010,10,5
10,1,sub-09,1.2909502983093262,20261010,10,5
10,1,sub-07,1.289188265800476,20261010,10,5
10,1,sub-06,0.8082433938980103,20261010,10,5
10,1,sub-09,0.9732874035835266,20261010,10,5
10,1,sub-07,1.0102260112762451,20261010,10,5
10,1,sub-09,0.8572940230369568,20261010,10,5
10,1,sub-06,1.0774673223495483,20261010,10,5
10,1,sub-06,0.9454160332679749,20261010,10,5
10,1,sub-07,0.9986530542373657,20261010,10,5
10,1,sub-06,1.0614051818847656,20261010,10,5
10,1,sub-06,0.9591183066368103,20261010,10,5
10,1,sub-07,0.8183334469795227,20261010,10,5
10,1,sub-06,1.2117552757263184,20261010,10,5
10,1,sub-06,0.8790655136108398,20261010,10,5
10,1,sub-07,0.9910982251167297,20261010,10,5
10,1,sub-09,1.1458516120910645,20261010,10,5
10,1,sub-07,1.033130168914795,20261010,10,5
10,1,sub-07,1.16969633102417,20261010,10,5
10,1,sub-07,1.2740585803985596,20261010,10,5
10,1,sub-07,0.8759632110595703,20261010,10,5
10,1,sub-06,0.7768297791481018,20261010,10,5
10,1,sub-06,0.9250777959823608,20261010,10,5
10,1,sub-06,0.9944825768470764,20261010,10,5
10,1,sub-09,0.9986308813095093,20261010,10,5
10,1,sub-07,1.157057762145996,20261010,10,5
10,1,sub-07,0.9850485324859619,20261010,10,5
10,1,sub-06,1.4203112125396729,20261010,10,5
10,1,sub-07,0.9178296327590942,20261010,10,5
10,1,sub-07,1.249241590499878,20261010,10,5
10,1,sub-09,0.9497023224830627,20261010,10,5
10,1,sub-07,1.2346078157424927,20261010,10,5
10,1,sub-09,1.1571961641311646,20261010,10,5
10,1,sub-06,1.0834882259368896,20261010,10,5
10,1,sub-06,1.1480753421783447,20261010,10,5
10,1,sub-07,2.413112163543701,20261010,10,5
10,1,sub-06,0.8612299561500549,20261010,10,5
10,1,sub-06,0.9306842088699341,20261010,10,5
10,1,sub-06,1.1303123235702515,20261010,10,5
10,1,sub-07,0.9994036555290222,20261010,10,5
10,1,sub-07,1.1764730215072632,20261010,10,5
10,1,sub-07,1.1288539171218872,20261010,10,5
10,1,sub-09,0.9841845631599426,20261010,10,5
10,1,sub-06,0.8495611548423767,20261010,10,5
10,1,sub-09,2.064807891845703,20261010,10,5
10,1,sub-09,0.8585152626037598,20261010,10,5
10,1,sub-07,0.8970285058021545,20261010,10,5
10,1,sub-09,0.7939310073852539,20261010,10,5
10,1,sub-07,0.9590988159179688,20261010,10,5
10,1,sub-09,1.3414205312728882,20261010,10,5
10,1,sub-06,2.7776317596435547,20261010,10,5
10,1,sub-07,0.5966560244560242,20261010,10,5
10,1,sub-09,1.5367908477783203,20261010,10,5
10,1,sub-06,1.2609591484069824,20261010,10,5
10,1,sub-09,1.4918584823608398,20261010,10,5
10,1,sub-06,0.8725387454032898,20261010,10,5
10,1,sub-09,1.508523941040039,20261010,10,5
10,1,sub-09,1.1061770915985107,20261010,10,5
10,1,sub-09,0.8930869698524475,20261010,10,5
10,1,sub-09,1.0512405633926392,20261010,10,5
10,1,sub-06,0.918561577796936,20261010,10,5
10,1,sub-07,0.9065128564834595,20261010,10,5
10,1,sub-09,2.2532784938812256,20261010,10,5
10,1,sub-06,1.7035706043243408,20261010,10,5
10,1,sub-06,0.9731080532073975,20261010,10,5
10,1,sub-07,1.0712660551071167,20261010,10,5
10,1,sub-06,0.9824051260948181,20261010,10,5
10,1,sub-06,1.2806859016418457,20261010,10,5
10,1,sub-07,0.9073950052261353,20261010,10,5
10,1,sub-07,1.0000686645507812,20261010,10,5
10,1,sub-06,1.2437870502471924,20261010,10,5
10,1,sub-06,1.2429370880126953,20261010,10,5
10,1,sub-09,0.8203636407852173,20261010,10,5
10,1,sub-09,1.6172016859054565,20261010,10,5
10,1,sub-09,0.9996909499168396,20261010,10,5
10,1,sub-07,0.7753964066505432,20261010,10,5
10,1,sub-07,1.1276025772094727,20261010,10,5
10,1,sub-07,1.3362081050872803,20261010,10,5
10,1,sub-07,0.9529314637184143,20261010,10,5
10,1,sub-07,1.0457466840744019,20261010,10,5
10,1,sub-07,0.8567132353782654,20261010,10,5
10,1,sub-07,0.9343974590301514,20261010,10,5
10,1,sub-06,0.9204398989677429,20261010,10,5
10,1,sub-06,0.9874922037124634,20261010,10,5
10,1,sub-07,1.1373220682144165,20261010,10,5
10,1,sub-07,1.1340858936309814,20261010,10,5
10,1,sub-07,0.9521697759628296,20261010,10,5
10,1,sub-07,0.7690738439559937,20261010,10,5
10,1,sub-09,1.0350843667984009,20261010,10,5
10,1,sub-07,0.9268112182617188,20261010,10,5
10,1,sub-09,0.9911712408065796,20261010,10,5
10,1,sub-06,0.9337669610977173,20261010,10,5
10,1,sub-06,1.0475364923477173,20261010,10,5
30,1,sub-09,1.2020161151885986,20261010,30,15
30,1,sub-07,0.8550722002983093,20261010,30,15
30,1,sub-07,0.7384703159332275,20261010,30,15
30,1,sub-06,0.9269807934761047,20261010,30,15
30,1,sub-09,2.0913853645324707,20261010,30,15
30,1,sub-07,0.8929448127746582,20261010,30,15
30,1,sub-09,8.825457572937012,20261010,30,15
30,1,sub-07,0.7197383046150208,20261010,30,15
30,1,sub-07,0.8221278190612793,20261010,30,15
30,1,sub-06,0.9541105031967163,20261010,30,15
30,1,sub-09,1.032018780708313,20261010,30,15
30,1,sub-07,0.9612564444541931,20261010,30,15
30,1,sub-07,0.9951164126396179,20261010,30,15
30,1,sub-09,1.1210640668869019,20261010,30,15
30,1,sub-09,1.9911772012710571,20261010,30,15
30,1,sub-09,2.0264101028442383,20261010,30,15
30,1,sub-07,0.9971074461936951,20261010,30,15
30,1,sub-07,0.7995480895042419,20261010,30,15
30,1,sub-09,0.9995079636573792,20261010,30,15
30,1,sub-06,0.9685073494911194,20261010,30,15
30,1,sub-09,1.7738301753997803,20261010,30,15
30,1,sub-06,2.1820242404937744,20261010,30,15
30,1,sub-07,1.9408217668533325,20261010,30,15
30,1,sub-06,1.607539415359497,20261010,30,15
30,1,sub-06,1.4686775207519531,20261010,30,15
30,1,sub-06,0.8213796019554138,20261010,30,15
30,1,sub-09,1.2497931718826294,20261010,30,15
30,1,sub-09,11.736215591430664,20261010,30,15
30,1,sub-07,1.353957176208496,20261010,30,15
30,1,sub-07,0.7750336527824402,20261010,30,15
30,1,sub-06,1.4402376413345337,20261010,30,15
30,1,sub-07,0.9436559081077576,20261010,30,15
30,1,sub-06,1.0071476697921753,20261010,30,15
30,1,sub-09,0.8290137648582458,20261010,30,15
30,1,sub-06,0.9243752360343933,20261010,30,15
30,1,sub-06,1.9086575508117676,20261010,30,15
30,1,sub-07,0.8947152495384216,20261010,30,15
30,1,sub-06,1.2595458030700684,20261010,30,15
30,1,sub-09,1.0148667097091675,20261010,30,15
30,1,sub-07,1.585023283958435,20261010,30,15
30,1,sub-07,1.5445046424865723,20261010,30,15
30,1,sub-07,0.9205267429351807,20261010,30,15
30,1,sub-09,0.9963122606277466,20261010,30,15
30,1,sub-07,0.8286902904510498,20261010,30,15
30,1,sub-09,2.767836093902588,20261010,30,15
30,1,sub-07,1.078054428100586,20261010,30,15
30,1,sub-09,1.3484143018722534,20261010,30,15
30,1,sub-07,1.0001376867294312,20261010,30,15
30,1,sub-09,1.5972517728805542,20261010,30,15
30,1,sub-06,0.7420099377632141,20261010,30,15
30,1,sub-07,0.7518816590309143,20261010,30,15
30,1,sub-07,0.9344046711921692,20261010,30,15
30,1,sub-07,1.1565746068954468,20261010,30,15
30,1,sub-09,1.0785654783248901,20261010,30,15
30,1,sub-09,0.8554743528366089,20261010,30,15
30,1,sub-07,0.9028381705284119,20261010,30,15
30,1,sub-06,0.9258996248245239,20261010,30,15
30,1,sub-06,0.7837293744087219,20261010,30,15
30,1,sub-09,2.8815362453460693,20261010,30,15
30,1,sub-06,1.0141409635543823,20261010,30,15
30,1,sub-09,0.9493145942687988,20261010,30,15
30,1,sub-06,1.000097393989563,20261010,30,15
30,1,sub-07,0.9680295586585999,20261010,30,15
30,1,sub-09,1.0667808055877686,20261010,30,15
30,1,sub-06,0.9854980111122131,20261010,30,15
30,1,sub-09,1.2303422689437866,20261010,30,15
30,1,sub-06,0.6581751704216003,20261010,30,15
30,1,sub-06,0.8843720555305481,20261010,30,15
30,1,sub-07,1.0532625913619995,20261010,30,15
30,1,sub-06,2.146777391433716,20261010,30,15
30,1,sub-07,0.9376448392868042,20261010,30,15
30,1,sub-07,0.981684684753418,20261010,30,15
30,1,sub-07,2.3226077556610107,20261010,30,15
30,1,sub-09,0.7632735967636108,20261010,30,15
30,1,sub-07,1.1071383953094482,20261010,30,15
30,1,sub-07,0.7582292556762695,20261010,30,15
30,1,sub-09,14.207798957824707,20261010,30,15
30,1,sub-06,1.308688759803772,20261010,30,15
30,1,sub-09,1.6139370203018188,20261010,30,15
30,1,sub-07,0.9472513198852539,20261010,30,15
30,1,sub-06,1.278234601020813,20261010,30,15
30,1,sub-07,0.9402102828025818,20261010,30,15
30,1,sub-07,2.0297489166259766,20261010,30,15
30,1,sub-07,1.0144250392913818,20261010,30,15
30,1,sub-07,0.998954176902771,20261010,30,15
30,1,sub-07,1.0000377893447876,20261010,30,15
30,1,sub-07,0.9716886878013611,20261010,30,15
30,1,sub-06,1.0600398778915405,20261010,30,15
30,1,sub-06,2.2994959354400635,20261010,30,15
30,1,sub-07,0.7293435335159302,20261010,30,15
30,1,sub-07,1.6408991813659668,20261010,30,15
30,1,sub-09,0.9936121106147766,20261010,30,15
30,1,sub-07,0.757175862789154,20261010,30,15
30,1,sub-09,1.0899744033813477,20261010,30,15
30,1,sub-07,0.8505403995513916,20261010,30,15
30,1,sub-07,0.9908971190452576,20261010,30,15
30,1,sub-09,1.0084998607635498,20261010,30,15
30,1,sub-09,1.1082924604415894,20261010,30,15
30,1,sub-06,2.1030256748199463,20261010,30,15
30,1,sub-09,0.9504200220108032,20261010,30,15
30,1,sub-06,0.7984778881072998,20261010,30,15
30,1,sub-06,1.1526480913162231,20261010,30,15
30,1,sub-06,1.0622308254241943,20261010,30,15
30,1,sub-09,1.25826096534729,20261010,30,15
30,1,sub-09,1.023301124572754,20261010,30,15
30,1,sub-07,1.8600592613220215,20261010,30,15
30,1,sub-09,6.053117752075195,20261010,30,15
30,1,sub-07,1.029091477394104,20261010,30,15
30,1,sub-09,0.9298000335693359,20261010,30,15
30,1,sub-09,1.0051329135894775,20261010,30,15
30,1,sub-09,1.548366665840149,20261010,30,15
30,1,sub-09,1.2065668106079102,20261010,30,15
30,1,sub-06,1.0107288360595703,20261010,30,15
30,1,sub-06,0.835147500038147,20261010,30,15
30,1,sub-06,1.0450315475463867,20261010,30,15
30,1,sub-09,1.3158388137817383,20261010,30,15
30,1,sub-06,3.780881643295288,20261010,30,15
30,1,sub-07,0.9945149421691895,20261010,30,15
30,1,sub-07,0.9888696074485779,20261010,30,15
30,1,sub-07,1.1448112726211548,20261010,30,15
30,1,sub-07,1.1185178756713867,20261010,30,15
30,1,sub-07,0.9363843202590942,20261010,30,15
30,1,sub-07,0.9035182595252991,20261010,30,15
30,1,sub-09,2.396005153656006,20261010,30,15
30,1,sub-06,1.0038286447525024,20261010,30,15
30,1,sub-06,1.3395997285842896,20261010,30,15
30,1,sub-06,2.39150333404541,20261010,30,15
30,1,sub-06,1.3461936712265015,20261010,30,15
30,1,sub-06,1.3914403915405273,20261010,30,15
30,1,sub-07,1.0811129808425903,20261010,30,15
30,1,sub-07,1.056884765625,20261010,30,15
30,1,sub-09,1.000335454940796,20261010,30,15
30,1,sub-07,0.7673495411872864,20261010,30,15
30,1,sub-09,0.9987242817878723,20261010,30,15
30,1,sub-07,0.9490895867347717,20261010,30,15
30,1,sub-07,0.9757927656173706,20261010,30,15
30,1,sub-09,0.8741186261177063,20261010,30,15
30,1,sub-07,0.8995702266693115,20261010,30,15
30,1,sub-06,1.1704477071762085,20261010,30,15
30,1,sub-06,1.4084619283676147,20261010,30,15
30,1,sub-09,0.9595530033111572,20261010,30,15
30,1,sub-07,1.7670493125915527,20261010,30,15
30,1,sub-07,0.9857265949249268,20261010,30,15
30,1,sub-09,1.8520917892456055,20261010,30,15
30,1,sub-06,1.448490858078003,20261010,30,15
30,1,sub-06,0.9968563914299011,20261010,30,15
30,1,sub-09,0.9886565804481506,20261010,30,15
30,1,sub-09,1.5179072618484497,20261010,30,15
30,1,sub-06,1.095697045326233,20261010,30,15
30,1,sub-09,0.9989817142486572,20261010,30,15
30,1,sub-09,0.9285948276519775,20261010,30,15
30,1,sub-06,0.9918957948684692,20261010,30,15
30,1,sub-06,0.9618587493896484,20261010,30,15
30,1,sub-07,1.2326127290725708,20261010,30,15
30,1,sub-09,0.8752437233924866,20261010,30,15
30,1,sub-09,1.023523211479187,20261010,30,15
30,1,sub-07,1.203686237335205,20261010,30,15
30,1,sub-09,0.6419551968574524,20261010,30,15
30,1,sub-06,1.0213037729263306,20261010,30,15
30,1,sub-07,1.3397433757781982,20261010,30,15
30,1,sub-06,2.445002555847168,20261010,30,15
30,1,sub-06,1.124985933303833,20261010,30,15
30,1,sub-09,8.837158203125,20261010,30,15
30,1,sub-09,1.2850439548492432,20261010,30,15
30,1,sub-09,11.537991523742676,20261010,30,15
30,1,sub-09,1.9626868963241577,20261010,30,15
30,1,sub-07,1.4944044351577759,20261010,30,15
30,1,sub-07,1.034162998199463,20261010,30,15
30,1,sub-07,0.8380000591278076,20261010,30,15
30,1,sub-09,1.7227987051010132,20261010,30,15
30,1,sub-06,0.812839925289154,20261010,30,15
30,1,sub-09,1.07221519947052,20261010,30,15
30,1,sub-09,1.8045697212219238,20261010,30,15
30,1,sub-09,1.2176645994186401,20261010,30,15
30,1,sub-09,0.8373143672943115,20261010,30,15
30,1,sub-06,1.4131263494491577,20261010,30,15
30,1,sub-09,1.3850195407867432,20261010,30,15
30,1,sub-07,0.986817479133606,20261010,30,15
30,1,sub-07,0.7970265746116638,20261010,30,15
30,1,sub-09,1.495116949081421,20261010,30,15
30,1,sub-06,2.132408857345581,20261010,30,15
30,1,sub-07,2.0510716438293457,20261010,30,15
30,1,sub-06,0.9309780597686768,20261010,30,15
30,1,sub-07,1.4369573593139648,20261010,30,15
30,1,sub-06,0.9370197653770447,20261010,30,15
30,1,sub-09,0.9487585425376892,20261010,30,15
30,1,sub-09,1.3270238637924194,20261010,30,15
30,1,sub-07,0.9190409183502197,20261010,30,15
30,1,sub-06,0.9979009032249451,20261010,30,15
30,1,sub-09,10.09634017944336,20261010,30,15
30,1,sub-09,0.9535428285598755,20261010,30,15
30,1,sub-06,0.7799036502838135,20261010,30,15
30,1,sub-07,1.184161901473999,20261010,30,15
30,1,sub-09,1.4506433010101318,20261010,30,15
30,1,sub-06,1.391842007637024,20261010,30,15
30,1,sub-07,2.19504451751709,20261010,30,15
30,1,sub-07,1.3403370380401611,20261010,30,15
30,1,sub-07,1.5771431922912598,20261010,30,15
30,1,sub-07,0.9073911905288696,20261010,30,15
30,1,sub-07,1.3228275775909424,20261010,30,15
30,1,sub-06,0.7036322951316833,20261010,30,15
30,1,sub-07,0.9209781289100647,20261010,30,15
30,1,sub-06,1.1863030195236206,20261010,30,15
30,1,sub-09,0.855148196220398,20261010,30,15
30,1,sub-07,1.8574732542037964,20261010,30,15
30,1,sub-07,0.9225960373878479,20261010,30,15
30,1,sub-07,0.9830323457717896,20261010,30,15
30,1,sub-07,1.087286353111267,20261010,30,15
30,1,sub-07,2.351081371307373,20261010,30,15
30,1,sub-06,1.1954578161239624,20261010,30,15
30,1,sub-07,1.2599776983261108,20261010,30,15
30,1,sub-07,1.0936636924743652,20261010,30,15
30,1,sub-09,1.0002901554107666,20261010,30,15
30,1,sub-06,0.8592694997787476,20261010,30,15
30,1,sub-06,0.9768116474151611,20261010,30,15
30,1,sub-07,0.9621592164039612,20261010,30,15
30,1,sub-06,1.1382720470428467,20261010,30,15
30,1,sub-09,2.018512487411499,20261010,30,15
30,1,sub-07,1.1605221033096313,20261010,30,15
30,1,sub-06,0.9447675347328186,20261010,30,15
30,1,sub-07,1.2865294218063354,20261010,30,15
30,1,sub-06,0.9738162159919739,20261010,30,15
30,1,sub-06,1.2665497064590454,20261010,30,15
30,1,sub-09,0.9849722981452942,20261010,30,15
30,1,sub-09,0.9506306052207947,20261010,30,15
30,1,sub-06,1.1558772325515747,20261010,30,15
30,1,sub-09,1.0523298978805542,20261010,30,15
30,1,sub-07,1.036234736442566,20261010,30,15
30,1,sub-07,0.948479950428009,20261010,30,15
30,1,sub-07,1.908549427986145,20261010,30,15
30,1,sub-07,0.9028218388557434,20261010,30,15
30,1,sub-06,1.0151689052581787,20261010,30,15
30,1,sub-07,1.2081481218338013,20261010,30,15
30,1,sub-06,1.117942214012146,20261010,30,15
30,1,sub-09,2.024336576461792,20261010,30,15
30,1,sub-07,0.9604179859161377,20261010,30,15
30,1,sub-09,1.0625231266021729,20261010,30,15
30,1,sub-07,1.0055460929870605,20261010,30,15
30,1,sub-09,1.2662484645843506,20261010,30,15
30,1,sub-07,1.3988308906555176,20261010,30,15
30,1,sub-09,0.9651758670806885,20261010,30,15
30,1,sub-09,0.9889819622039795,20261010,30,15
30,1,sub-07,1.2682379484176636,20261010,30,15
30,1,sub-06,0.8119615912437439,20261010,30,15
30,1,sub-07,0.9305536150932312,20261010,30,15
30,1,sub-09,1.1806704998016357,20261010,30,15
30,1,sub-09,1.1444454193115234,20261010,30,15
30,1,sub-09,1.0090068578720093,20261010,30,15
30,1,sub-07,1.0171339511871338,20261010,30,15
30,1,sub-09,1.105909824371338,20261010,30,15
30,1,sub-09,0.9537486433982849,20261010,30,15
30,1,sub-06,0.7655115723609924,20261010,30,15
30,1,sub-06,0.871941864490509,20261010,30,15
30,1,sub-07,0.9806948304176331,20261010,30,15
30,1,sub-06,1.0238721370697021,20261010,30,15
30,1,sub-09,0.6632780432701111,20261010,30,15
30,1,sub-07,1.3043904304504395,20261010,30,15
30,1,sub-06,1.0591447353363037,20261010,30,15
30,1,sub-09,3.192073106765747,20261010,30,15
30,1,sub-06,1.0151382684707642,20261010,30,15
30,1,sub-06,0.8433454036712646,20261010,30,15
30,1,sub-07,0.738054096698761,20261010,30,15
30,1,sub-07,2.1293957233428955,20261010,30,15
30,1,sub-07,1.5973844528198242,20261010,30,15
30,1,sub-09,1.2860859632492065,20261010,30,15
30,1,sub-09,1.4089653491973877,20261010,30,15
30,1,sub-07,1.148073673248291,20261010,30,15
30,1,sub-09,2.4729013442993164,20261010,30,15
30,1,sub-06,0.9956427812576294,20261010,30,15
30,1,sub-06,1.073485016822815,20261010,30,15
30,1,sub-06,0.8525712490081787,20261010,30,15
30,1,sub-06,0.8804015517234802,20261010,30,15
30,1,sub-06,0.9000456929206848,20261010,30,15
30,1,sub-06,1.9005799293518066,20261010,30,15
30,1,sub-06,1.1028670072555542,20261010,30,15
30,1,sub-07,0.9755409955978394,20261010,30,15
30,1,sub-06,0.760075569152832,20261010,30,15
30,1,sub-06,0.8634738326072693,20261010,30,15
30,1,sub-09,0.982776403427124,20261010,30,15
30,1,sub-09,1.7646703720092773,20261010,30,15
30,1,sub-09,1.008603811264038,20261010,30,15
30,1,sub-09,1.2560951709747314,20261010,30,15
30,1,sub-07,0.7805572152137756,20261010,30,15
30,1,sub-07,1.4091283082962036,20261010,30,15
30,1,sub-09,1.162121057510376,20261010,30,15
30,1,sub-06,1.0177876949310303,20261010,30,15
30,1,sub-06,0.9089528918266296,20261010,30,15
30,1,sub-07,0.9992874264717102,20261010,30,15
30,1,sub-09,0.9659928679466248,20261010,30,15
30,1,sub-09,1.5313748121261597,20261010,30,15
30,1,sub-07,0.9347246289253235,20261010,30,15
30,1,sub-06,0.8337283134460449,20261010,30,15
30,1,sub-09,1.295785665512085,20261010,30,15
30,1,sub-07,1.2803287506103516,20261010,30,15
30,1,sub-06,0.8051552772521973,20261010,30,15
30,1,sub-09,0.9783438444137573,20261010,30,15
30,1,sub-07,1.0106326341629028,20261010,30,15
30,1,sub-09,0.8595274090766907,20261010,30,15
30,1,sub-06,1.0767334699630737,20261010,30,15
30,1,sub-06,0.9434273838996887,20261010,30,15
30,1,sub-07,0.9986615180969238,20261010,30,15
30,1,sub-06,1.0603595972061157,20261010,30,15
30,1,sub-06,0.9588456749916077,20261010,30,15
30,1,sub-07,0.8394035696983337,20261010,30,15
30,1,sub-06,1.212450623512268,20261010,30,15
30,1,sub-06,0.8773787617683411,20261010,30,15
30,1,sub-07,0.9910980463027954,20261010,30,15
30,1,sub-09,1.2191628217697144,20261010,30,15
30,1,sub-07,1.0326004028320312,20261010,30,15
30,1,sub-07,1.1709835529327393,20261010,30,15
30,1,sub-07,1.2703176736831665,20261010,30,15
30,1,sub-07,0.897677481174469,20261010,30,15
30,1,sub-06,0.7912025451660156,20261010,30,15
30,1,sub-06,0.9195156693458557,20261010,30,15
30,1,sub-06,0.9942647218704224,20261010,30,15
30,1,sub-09,0.9986355304718018,20261010,30,15
30,1,sub-07,1.1580464839935303,20261010,30,15
30,1,sub-07,0.9850320219993591,20261010,30,15
30,1,sub-06,1.420413613319397,20261010,30,15
30,1,sub-07,0.9169368147850037,20261010,30,15
30,1,sub-07,1.247504472732544,20261010,30,15
30,1,sub-09,0.9502648711204529,20261010,30,15
30,1,sub-07,1.2158799171447754,20261010,30,15
30,1,sub-09,1.157462239265442,20261010,30,15
30,1,sub-06,1.0831485986709595,20261010,30,15
30,1,sub-06,1.1450412273406982,20261010,30,15
30,1,sub-07,2.4107179641723633,20261010,30,15
30,1,sub-06,0.8606297969818115,20261010,30,15
30,1,sub-06,0.9316608905792236,20261010,30,15
30,1,sub-06,1.1314237117767334,20261010,30,15
30,1,sub-07,0.9993988871574402,20261010,30,15
30,1,sub-07,1.1782480478286743,20261010,30,15
30,1,sub-07,1.131117582321167,20261010,30,15
30,1,sub-09,0.9783669710159302,20261010,30,15
30,1,sub-06,0.8475539088249207,20261010,30,15
30,1,sub-09,1.9918129444122314,20261010,30,15
30,1,sub-09,7.158750057220459,20261010,30,15
30,1,sub-07,0.8967643976211548,20261010,30,15
30,1,sub-09,10.62024211883545,20261010,30,15
30,1,sub-07,0.9590227007865906,20261010,30,15
30,1,sub-09,1.3195298910140991,20261010,30,15
30,1,sub-06,2.7769651412963867,20261010,30,15
30,1,sub-07,0.5942572355270386,20261010,30,15
30,1,sub-09,1.5702624320983887,20261010,30,15
30,1,sub-06,1.260442852973938,20261010,30,15
30,1,sub-09,1.4838279485702515,20261010,30,15
30,1,sub-06,0.8676868677139282,20261010,30,15
30,1,sub-09,1.506072759628296,20261010,30,15
30,1,sub-09,11.238670349121094,20261010,30,15
30,1,sub-09,0.8923524618148804,20261010,30,15
30,1,sub-09,1.0509252548217773,20261010,30,15
30,1,sub-06,0.9228705167770386,20261010,30,15
30,1,sub-07,0.9020984768867493,20261010,30,15
30,1,sub-09,2.200681447982788,20261010,30,15
30,1,sub-06,1.7019375562667847,20261010,30,15
30,1,sub-06,0.9710401296615601,20261010,30,15
30,1,sub-07,1.067163109779358,20261010,30,15
30,1,sub-06,0.9824550151824951,20261010,30,15
30,1,sub-06,1.28016996383667,20261010,30,15
30,1,sub-07,0.9037583470344543,20261010,30,15
30,1,sub-07,1.0000704526901245,20261010,30,15
30,1,sub-06,1.2418155670166016,20261010,30,15
30,1,sub-06,1.2443597316741943,20261010,30,15
30,1,sub-09,7.406054496765137,20261010,30,15
30,1,sub-09,1.6256489753723145,20261010,30,15
30,1,sub-09,1.000582218170166,20261010,30,15
30,1,sub-07,0.7834891080856323,20261010,30,15
30,1,sub-07,1.125599980354309,20261010,30,15
30,1,sub-07,1.3356685638427734,20261010,30,15
30,1,sub-07,0.9535567164421082,20261010,30,15
30,1,sub-07,1.0510035753250122,20261010,30,15
30,1,sub-07,0.8549330234527588,20261010,30,15
30,1,sub-07,0.9341964721679688,20261010,30,15
30,1,sub-06,0.920222282409668,20261010,30,15
30,1,sub-06,0.9861529469490051,20261010,30,15
30,1,sub-07,1.141496181488037,20261010,30,15
30,1,sub-07,1.1197106838226318,20261010,30,15
30,1,sub-07,0.9534786939620972,20261010,30,15
30,1,sub-07,0.7763955593109131,20261010,30,15
30,1,sub-09,1.0372421741485596,20261010,30,15
30,1,sub-07,0.9248703718185425,20261010,30,15
30,1,sub-09,0.9912011027336121,20261010,30,15
30,1,sub-06,0.9310495853424072,20261010,30,15
30,1,sub-06,1.0454503297805786,20261010,30,15
0,1,sub-06,1.3783904314041138,20261011,0,0
0,1,sub-06,1.4136629104614258,20261011,0,0
0,1,sub-09,1.3225765228271484,20261011,0,0
0,1,sub-06,1.0096744298934937,20261011,0,0
0,1,sub-06,1.4054147005081177,20261011,0,0
0,1,sub-07,0.7640214562416077,20261011,0,0
0,1,sub-06,1.0555803775787354,20261011,0,0
0,1,sub-07,1.2020330429077148,20261011,0,0
0,1,sub-09,1.7641099691390991,20261011,0,0
0,1,sub-07,0.8799586892127991,20261011,0,0
0,1,sub-07,0.9861662983894348,20261011,0,0
0,1,sub-06,0.9150030016899109,20261011,0,0
0,1,sub-07,0.825793445110321,20261011,0,0
0,1,sub-06,1.1655687093734741,20261011,0,0
0,1,sub-06,1.2682865858078003,20261011,0,0
0,1,sub-07,1.3349275588989258,20261011,0,0
0,1,sub-09,1.7029563188552856,20261011,0,0
0,1,sub-09,1.5548031330108643,20261011,0,0
0,1,sub-09,3.3256237506866455,20261011,0,0
0,1,sub-06,1.8835898637771606,20261011,0,0
0,1,sub-07,0.8166770339012146,20261011,0,0
0,1,sub-06,0.652808427810669,20261011,0,0
0,1,sub-07,0.9672750234603882,20261011,0,0
0,1,sub-07,0.8917529582977295,20261011,0,0
0,1,sub-09,1.7855404615402222,20261011,0,0
0,1,sub-07,0.8799029588699341,20261011,0,0
0,1,sub-07,2.0121192932128906,20261011,0,0
0,1,sub-09,0.9321326017379761,20261011,0,0
0,1,sub-06,1.1874403953552246,20261011,0,0
0,1,sub-09,3.355407953262329,20261011,0,0
0,1,sub-06,1.3550348281860352,20261011,0,0
0,1,sub-09,0.9447920322418213,20261011,0,0
0,1,sub-09,1.0060681104660034,20261011,0,0
0,1,sub-06,0.9999569058418274,20261011,0,0
0,1,sub-07,0.8902153372764587,20261011,0,0
0,1,sub-06,0.9065253138542175,20261011,0,0
0,1,sub-09,0.7694708704948425,20261011,0,0
0,1,sub-09,1.4645707607269287,20261011,0,0
0,1,sub-09,2.710205316543579,20261011,0,0
0,1,sub-07,0.8913084268569946,20261011,0,0
0,1,sub-06,0.8102889060974121,20261011,0,0
0,1,sub-06,1.1733238697052002,20261011,0,0
0,1,sub-06,2.586045980453491,20261011,0,0
0,1,sub-09,1.2530696392059326,20261011,0,0
0,1,sub-09,1.118130087852478,20261011,0,0
0,1,sub-06,1.0886677503585815,20261011,0,0
0,1,sub-09,1.2086511850357056,20261011,0,0
0,1,sub-07,2.1920058727264404,20261011,0,0
0,1,sub-07,0.8531473278999329,20261011,0,0
0,1,sub-07,2.2315468788146973,20261011,0,0
0,1,sub-09,1.3764734268188477,20261011,0,0
0,1,sub-09,1.1783167123794556,20261011,0,0
0,1,sub-06,1.0508921146392822,20261011,0,0
0,1,sub-09,1.9170492887496948,20261011,0,0
0,1,sub-06,0.8294767141342163,20261011,0,0
0,1,sub-06,1.1348772048950195,20261011,0,0
0,1,sub-09,1.069067120552063,20261011,0,0
0,1,sub-07,0.8958173394203186,20261011,0,0
0,1,sub-06,0.9657643437385559,20261011,0,0
0,1,sub-07,1.034278154373169,20261011,0,0
0,1,sub-07,0.5287001132965088,20261011,0,0
0,1,sub-07,1.0997236967086792,20261011,0,0
0,1,sub-09,1.6856426000595093,20261011,0,0
0,1,sub-09,1.0012764930725098,20261011,0,0
0,1,sub-09,1.9931385517120361,20261011,0,0
0,1,sub-06,1.0080204010009766,20261011,0,0
0,1,sub-09,2.0978658199310303,20261011,0,0
0,1,sub-09,3.2812864780426025,20261011,0,0
0,1,sub-06,1.2317745685577393,20261011,0,0
0,1,sub-07,1.5688550472259521,20261011,0,0
0,1,sub-07,0.838763952255249,20261011,0,0
0,1,sub-09,1.473002552986145,20261011,0,0
0,1,sub-09,2.6777591705322266,20261011,0,0
0,1,sub-06,0.9373719096183777,20261011,0,0
0,1,sub-07,1.061115026473999,20261011,0,0
0,1,sub-09,1.074599266052246,20261011,0,0
0,1,sub-09,0.9555628299713135,20261011,0,0
0,1,sub-09,1.6180955171585083,20261011,0,0
0,1,sub-06,1.2611788511276245,20261011,0,0
0,1,sub-09,1.3467333316802979,20261011,0,0
0,1,sub-07,0.9694343209266663,20261011,0,0
0,1,sub-06,1.1470916271209717,20261011,0,0
0,1,sub-07,1.9742250442504883,20261011,0,0
0,1,sub-07,1.065298080444336,20261011,0,0
0,1,sub-09,1.1546303033828735,20261011,0,0
0,1,sub-06,0.9433600902557373,20261011,0,0
0,1,sub-09,2.2180473804473877,20261011,0,0
0,1,sub-07,1.0822581052780151,20261011,0,0
0,1,sub-07,1.1330201625823975,20261011,0,0
0,1,sub-09,1.2149924039840698,20261011,0,0
0,1,sub-07,1.1081469058990479,20261011,0,0
0,1,sub-06,0.8573819994926453,20261011,0,0
0,1,sub-06,0.980309784412384,20261011,0,0
0,1,sub-06,1.018936276435852,20261011,0,0
0,1,sub-07,1.0030112266540527,20261011,0,0
0,1,sub-09,1.9697914123535156,20261011,0,0
0,1,sub-07,1.1389496326446533,20261011,0,0
0,1,sub-06,1.0816141366958618,20261011,0,0
0,1,sub-07,0.9410924911499023,20261011,0,0
0,1,sub-06,0.9412761926651001,20261011,0,0
0,1,sub-06,1.2405058145523071,20261011,0,0
0,1,sub-09,0.9439142346382141,20261011,0,0
0,1,sub-09,0.9308948516845703,20261011,0,0
0,1,sub-07,0.7872942686080933,20261011,0,0
0,1,sub-07,0.9840528964996338,20261011,0,0
0,1,sub-07,1.0274466276168823,20261011,0,0
0,1,sub-09,1.455617070198059,20261011,0,0
0,1,sub-06,1.807747483253479,20261011,0,0
0,1,sub-09,1.0084680318832397,20261011,0,0
0,1,sub-06,0.7922550439834595,20261011,0,0
0,1,sub-09,1.0028319358825684,20261011,0,0
0,1,sub-06,1.4528837203979492,20261011,0,0
0,1,sub-07,1.565168023109436,20261011,0,0
0,1,sub-06,1.0528247356414795,20261011,0,0
0,1,sub-09,0.69002765417099,20261011,0,0
0,1,sub-07,1.024367332458496,20261011,0,0
0,1,sub-06,0.9489046335220337,20261011,0,0
0,1,sub-06,1.0071958303451538,20261011,0,0
0,1,sub-09,0.9324136972427368,20261011,0,0
0,1,sub-09,2.2773914337158203,20261011,0,0
0,1,sub-07,1.4755793809890747,20261011,0,0
0,1,sub-09,0.9410799741744995,20261011,0,0
0,1,sub-07,1.0359224081039429,20261011,0,0
0,1,sub-07,1.0088536739349365,20261011,0,0
0,1,sub-06,1.0505656003952026,20261011,0,0
0,1,sub-07,1.9645353555679321,20261011,0,0
0,1,sub-09,3.633028268814087,20261011,0,0
0,1,sub-07,0.9762561917304993,20261011,0,0
0,1,sub-09,2.162095785140991,20261011,0,0
0,1,sub-07,1.1596124172210693,20261011,0,0
0,1,sub-06,1.0077838897705078,20261011,0,0
0,1,sub-06,1.3540366888046265,20261011,0,0
0,1,sub-07,1.9454046487808228,20261011,0,0
0,1,sub-09,1.1853175163269043,20261011,0,0
0,1,sub-06,0.8247860670089722,20261011,0,0
0,1,sub-07,0.8661215305328369,20261011,0,0
0,1,sub-09,0.9541631937026978,20261011,0,0
0,1,sub-06,2.1817269325256348,20261011,0,0
0,1,sub-06,0.8758549690246582,20261011,0,0
0,1,sub-09,1.3534327745437622,20261011,0,0
0,1,sub-07,1.003296136856079,20261011,0,0
0,1,sub-09,1.0103809833526611,20261011,0,0
0,1,sub-07,1.2999391555786133,20261011,0,0
0,1,sub-09,1.1831384897232056,20261011,0,0
0,1,sub-09,1.4020538330078125,20261011,0,0
0,1,sub-07,1.0382014513015747,20261011,0,0
0,1,sub-06,1.108168363571167,20261011,0,0
0,1,sub-09,1.4400510787963867,20261011,0,0
0,1,sub-09,1.4338606595993042,20261011,0,0
0,1,sub-07,1.0230470895767212,20261011,0,0
0,1,sub-06,2.2429094314575195,20261011,0,0
0,1,sub-09,1.2382721900939941,20261011,0,0
0,1,sub-09,1.1566340923309326,20261011,0,0
0,1,sub-09,0.8708495497703552,20261011,0,0
0,1,sub-09,2.232578992843628,20261011,0,0
0,1,sub-07,0.9823445677757263,20261011,0,0
0,1,sub-09,1.0073329210281372,20261011,0,0
0,1,sub-07,0.6881051659584045,20261011,0,0
0,1,sub-07,1.9078000783920288,20261011,0,0
0,1,sub-06,0.95464026927948,20261011,0,0
0,1,sub-07,0.9784086346626282,20261011,0,0
0,1,sub-06,0.9456571936607361,20261011,0,0
0,1,sub-06,1.907078504562378,20261011,0,0
0,1,sub-06,0.8958634734153748,20261011,0,0
0,1,sub-09,1.083694577217102,20261011,0,0
0,1,sub-09,1.4305545091629028,20261011,0,0
0,1,sub-09,2.2583658695220947,20261011,0,0
0,1,sub-09,1.2252734899520874,20261011,0,0
0,1,sub-09,0.8697565793991089,20261011,0,0
0,1,sub-06,0.9453741312026978,20261011,0,0
0,1,sub-07,0.8333273530006409,20261011,0,0
0,1,sub-09,1.0713896751403809,20261011,0,0
0,1,sub-07,0.9086257815361023,20261011,0,0
0,1,sub-09,2.215660333633423,20261011,0,0
0,1,sub-06,1.300492525100708,20261011,0,0
0,1,sub-06,1.0011152029037476,20261011,0,0
0,1,sub-09,1.4828752279281616,20261011,0,0
0,1,sub-09,1.2338553667068481,20261011,0,0
0,1,sub-06,0.9868225455284119,20261011,0,0
0,1,sub-07,0.9581120610237122,20261011,0,0
0,1,sub-07,0.950440526008606,20261011,0,0
0,1,sub-06,1.1056526899337769,20261011,0,0
0,1,sub-09,1.0507711172103882,20261011,0,0
0,1,sub-07,1.1140576601028442,20261011,0,0
0,1,sub-06,1.0728764533996582,20261011,0,0
0,1,sub-09,0.9949996471405029,20261011,0,0
0,1,sub-09,1.6175642013549805,20261011,0,0
0,1,sub-07,0.7674219608306885,20261011,0,0
0,1,sub-07,1.1688728332519531,20261011,0,0
0,1,sub-07,1.489624261856079,20261011,0,0
0,1,sub-06,1.1192809343338013,20261011,0,0
0,1,sub-09,1.3397777080535889,20261011,0,0
0,1,sub-06,0.9076165556907654,20261011,0,0
0,1,sub-07,1.2032407522201538,20261011,0,0
0,1,sub-06,1.4213156700134277,20261011,0,0
0,1,sub-09,1.65078866481781,20261011,0,0
0,1,sub-06,0.9072900414466858,20261011,0,0
0,1,sub-06,1.175356149673462,20261011,0,0
0,1,sub-09,1.6161482334136963,20261011,0,0
0,1,sub-07,1.1103293895721436,20261011,0,0
0,1,sub-09,1.3110650777816772,20261011,0,0
0,1,sub-06,2.4654555320739746,20261011,0,0
0,1,sub-09,3.6995041370391846,20261011,0,0
0,1,sub-09,0.8311359882354736,20261011,0,0
0,1,sub-09,0.9032770395278931,20261011,0,0
0,1,sub-06,0.910146176815033,20261011,0,0
0,1,sub-09,2.7376415729522705,20261011,0,0
0,1,sub-07,0.82496178150177,20261011,0,0
0,1,sub-06,1.159758448600769,20261011,0,0
0,1,sub-07,1.1815969944000244,20261011,0,0
0,1,sub-09,0.8000810742378235,20261011,0,0
0,1,sub-07,1.2129123210906982,20261011,0,0
0,1,sub-07,0.8653892874717712,20261011,0,0
0,1,sub-06,2.4361464977264404,20261011,0,0
0,1,sub-07,1.2029250860214233,20261011,0,0
0,1,sub-09,1.4328726530075073,20261011,0,0
0,1,sub-09,2.9161689281463623,20261011,0,0
0,1,sub-06,0.6748946905136108,20261011,0,0
0,1,sub-07,1.061628818511963,20261011,0,0
0,1,sub-06,0.9656796455383301,20261011,0,0
0,1,sub-07,1.0117273330688477,20261011,0,0
0,1,sub-09,1.438330888748169,20261011,0,0
0,1,sub-07,1.0346262454986572,20261011,0,0
0,1,sub-09,0.967073380947113,20261011,0,0
0,1,sub-07,2.109598159790039,20261011,0,0
0,1,sub-06,0.7952232956886292,20261011,0,0
0,1,sub-09,2.2090067863464355,20261011,0,0
0,1,sub-07,2.063577175140381,20261011,0,0
0,1,sub-07,0.9068285822868347,20261011,0,0
0,1,sub-07,0.8694754838943481,20261011,0,0
0,1,sub-07,1.6887609958648682,20261011,0,0
0,1,sub-07,0.9400623440742493,20261011,0,0
0,1,sub-06,1.3212981224060059,20261011,0,0
0,1,sub-09,2.0301225185394287,20261011,0,0
0,1,sub-06,1.9849326610565186,20261011,0,0
0,1,sub-06,0.8905895352363586,20261011,0,0
0,1,sub-06,1.5706781148910522,20261011,0,0
0,1,sub-07,0.8615204095840454,20261011,0,0
0,1,sub-09,1.2471611499786377,20261011,0,0
0,1,sub-07,0.9722830057144165,20261011,0,0
0,1,sub-07,1.9113317728042603,20261011,0,0
0,1,sub-09,2.632495164871216,20261011,0,0
0,1,sub-07,1.0602854490280151,20261011,0,0
0,1,sub-06,0.9515519738197327,20261011,0,0
0,1,sub-07,1.2765908241271973,20261011,0,0
0,1,sub-06,1.7685065269470215,20261011,0,0
0,1,sub-07,1.0042861700057983,20261011,0,0
0,1,sub-07,1.1098239421844482,20261011,0,0
0,1,sub-09,0.7756430506706238,20261011,0,0
0,1,sub-06,0.8521472215652466,20261011,0,0
0,1,sub-07,1.2525817155838013,20261011,0,0
0,1,sub-09,1.8161957263946533,20261011,0,0
0,1,sub-07,1.1283291578292847,20261011,0,0
0,1,sub-09,2.33599853515625,20261011,0,0
0,1,sub-09,1.0407379865646362,20261011,0,0
0,1,sub-07,0.8724220395088196,20261011,0,0
0,1,sub-06,2.359541893005371,20261011,0,0
0,1,sub-07,1.5155956745147705,20261011,0,0
0,1,sub-07,2.841637372970581,20261011,0,0
0,1,sub-09,0.8100582361221313,20261011,0,0
0,1,sub-06,1.003093957901001,20261011,0,0
0,1,sub-09,1.9263291358947754,20261011,0,0
0,1,sub-07,1.2689725160598755,20261011,0,0
0,1,sub-06,1.3627718687057495,20261011,0,0
0,1,sub-07,1.3040269613265991,20261011,0,0
0,1,sub-09,0.8400417566299438,20261011,0,0
0,1,sub-06,1.1270480155944824,20261011,0,0
0,1,sub-06,1.1686068773269653,20261011,0,0
0,1,sub-06,0.9337016344070435,20261011,0,0
0,1,sub-09,1.356368899345398,20261011,0,0
0,1,sub-09,3.05861234664917,20261011,0,0
0,1,sub-09,2.561997175216675,20261011,0,0
0,1,sub-06,1.7889137268066406,20261011,0,0
0,1,sub-07,1.9219386577606201,20261011,0,0
0,1,sub-07,0.9136208891868591,20261011,0,0
0,1,sub-09,1.0468730926513672,20261011,0,0
0,1,sub-06,1.4676973819732666,20261011,0,0
0,1,sub-06,0.7399952411651611,20261011,0,0
0,1,sub-07,0.7869406938552856,20261011,0,0
0,1,sub-06,1.0065473318099976,20261011,0,0
0,1,sub-09,0.8716612458229065,20261011,0,0
0,1,sub-09,1.9666746854782104,20261011,0,0
0,1,sub-09,0.9521387815475464,20261011,0,0
0,1,sub-09,1.5795608758926392,20261011,0,0
0,1,sub-07,1.2551841735839844,20261011,0,0
0,1,sub-06,2.5554943084716797,20261011,0,0
0,1,sub-07,0.6103566288948059,20261011,0,0
0,1,sub-07,1.1876291036605835,20261011,0,0
0,1,sub-07,1.432249665260315,20261011,0,0
0,1,sub-09,1.2719480991363525,20261011,0,0
0,1,sub-07,1.0842106342315674,20261011,0,0
0,1,sub-07,0.8157618641853333,20261011,0,0
0,1,sub-07,1.1354000568389893,20261011,0,0
0,1,sub-07,1.137726068496704,20261011,0,0
0,1,sub-09,1.166700839996338,20261011,0,0
0,1,sub-09,1.1864179372787476,20261011,0,0
0,1,sub-07,2.3960368633270264,20261011,0,0
0,1,sub-07,0.8009012341499329,20261011,0,0
0,1,sub-07,0.8990843296051025,20261011,0,0
0,1,sub-06,1.6460026502609253,20261011,0,0
0,1,sub-06,0.9122607707977295,20261011,0,0
0,1,sub-06,0.9812701344490051,20261011,0,0
0,1,sub-07,0.9567065238952637,20261011,0,0
0,1,sub-09,4.167457580566406,20261011,0,0
0,1,sub-09,1.9227328300476074,20261011,0,0
0,1,sub-06,2.1534740924835205,20261011,0,0
0,1,sub-07,0.9866146445274353,20261011,0,0
0,1,sub-07,1.1672827005386353,20261011,0,0
0,1,sub-06,1.4216246604919434,20261011,0,0
0,1,sub-07,1.12161123752594,20261011,0,0
0,1,sub-07,1.0279892683029175,20261011,0,0
0,1,sub-06,0.6378354430198669,20261011,0,0
0,1,sub-07,0.6592605113983154,20261011,0,0
0,1,sub-09,1.0234594345092773,20261011,0,0
0,1,sub-06,1.7828696966171265,20261011,0,0
0,1,sub-06,1.1067240238189697,20261011,0,0
0,1,sub-06,0.6208751797676086,20261011,0,0
0,1,sub-06,1.0014971494674683,20261011,0,0
0,1,sub-07,0.8830283284187317,20261011,0,0
0,1,sub-06,0.7757671475410461,20261011,0,0
0,1,sub-09,1.0040770769119263,20261011,0,0
0,1,sub-06,1.0182594060897827,20261011,0,0
0,1,sub-07,0.9356902241706848,20261011,0,0
0,1,sub-06,1.0277838706970215,20261011,0,0
0,1,sub-06,0.974435567855835,20261011,0,0
0,1,sub-07,1.1825765371322632,20261011,0,0
0,1,sub-09,0.9699956774711609,20261011,0,0
0,1,sub-09,1.2485769987106323,20261011,0,0
0,1,sub-09,1.1205401420593262,20261011,0,0
0,1,sub-09,2.07706618309021,20261011,0,0
0,1,sub-06,1.2870018482208252,20261011,0,0
0,1,sub-06,1.5305730104446411,20261011,0,0
0,1,sub-06,1.508528470993042,20261011,0,0
0,1,sub-07,0.8992407917976379,20261011,0,0
0,1,sub-06,1.3328379392623901,20261011,0,0
0,1,sub-07,0.9288607835769653,20261011,0,0
0,1,sub-06,1.1138522624969482,20261011,0,0
0,1,sub-06,1.039218783378601,20261011,0,0
0,1,sub-06,0.9416207671165466,20261011,0,0
0,1,sub-06,0.9652296304702759,20261011,0,0
0,1,sub-09,1.0854092836380005,20261011,0,0
0,1,sub-07,1.818179965019226,20261011,0,0
0,1,sub-06,0.9179208278656006,20261011,0,0
0,1,sub-09,1.8917663097381592,20261011,0,0
0,1,sub-06,1.5126240253448486,20261011,0,0
0,1,sub-09,1.312252163887024,20261011,0,0
0,1,sub-07,1.01163649559021,20261011,0,0
0,1,sub-07,1.2464958429336548,20261011,0,0
0,1,sub-06,1.1123700141906738,20261011,0,0
0,1,sub-07,2.1597249507904053,20261011,0,0
0,1,sub-07,2.024325132369995,20261011,0,0
0,1,sub-06,1.0810723304748535,20261011,0,0
0,1,sub-06,1.1603615283966064,20261011,0,0
0,1,sub-09,0.8652768135070801,20261011,0,0
0,1,sub-09,2.2860968112945557,20261011,0,0
0,1,sub-06,0.9945870637893677,20261011,0,0
0,1,sub-09,1.8428679704666138,20261011,0,0
0,1,sub-07,0.78355473279953,20261011,0,0
0,1,sub-06,0.902862548828125,20261011,0,0
0,1,sub-06,1.2112348079681396,20261011,0,0
0,1,sub-06,0.9194992184638977,20261011,0,0
0,1,sub-06,0.7997936010360718,20261011,0,0
0,1,sub-09,1.448336124420166,20261011,0,0
0,1,sub-06,1.0010710954666138,20261011,0,0
0,1,sub-09,3.9813144207000732,20261011,0,0
0,1,sub-06,1.0002055168151855,20261011,0,0
0,1,sub-07,1.0598536729812622,20261011,0,0
0,1,sub-07,1.3993419408798218,20261011,0,0
0,1,sub-06,1.0682072639465332,20261011,0,0
0,1,sub-06,1.1476280689239502,20261011,0,0
0,1,sub-06,1.2608121633529663,20261011,0,0
0,1,sub-07,0.8324735760688782,20261011,0,0
0,1,sub-09,1.396723747253418,20261011,0,0
0,1,sub-09,1.2243390083312988,20261011,0,0
0,1,sub-06,2.4827070236206055,20261011,0,0
0,1,sub-06,0.8601264357566833,20261011,0,0
0,1,sub-06,1.220758318901062,20261011,0,0
0,1,sub-06,1.157275915145874,20261011,0,0
0,1,sub-07,0.9329343438148499,20261011,0,0
0,1,sub-06,0.8420719504356384,20261011,0,0
0,1,sub-07,0.9094468951225281,20261011,0,0
0,1,sub-06,0.6393499374389648,20261011,0,0
0,1,sub-07,0.9160685539245605,20261011,0,0
0,1,sub-06,2.036179304122925,20261011,0,0
10,1,sub-06,1.3790379762649536,20261011,10,5
10,1,sub-06,1.413023829460144,20261011,10,5
10,1,sub-09,1.34666907787323,20261011,10,5
10,1,sub-06,1.0033375024795532,20261011,10,5
10,1,sub-06,1.3991605043411255,20261011,10,5
10,1,sub-07,0.7537238597869873,20261011,10,5
10,1,sub-06,1.0603214502334595,20261011,10,5
10,1,sub-07,1.1890780925750732,20261011,10,5
10,1,sub-09,1.7365858554840088,20261011,10,5
10,1,sub-07,0.9097998142242432,20261011,10,5
10,1,sub-07,1.0060334205627441,20261011,10,5
10,1,sub-06,0.9220727682113647,20261011,10,5
10,1,sub-07,0.8601498007774353,20261011,10,5
10,1,sub-06,1.1573337316513062,20261011,10,5
10,1,sub-06,1.2697488069534302,20261011,10,5
10,1,sub-07,1.3344568014144897,20261011,10,5
10,1,sub-09,1.666182518005371,20261011,10,5
10,1,sub-09,1.5501899719238281,20261011,10,5
10,1,sub-09,3.2949750423431396,20261011,10,5
10,1,sub-06,1.8902889490127563,20261011,10,5
10,1,sub-07,0.8403427004814148,20261011,10,5
10,1,sub-06,0.6531573534011841,20261011,10,5
10,1,sub-07,0.9820117354393005,20261011,10,5
10,1,sub-07,0.8994235396385193,20261011,10,5
10,1,sub-09,1.76204514503479,20261011,10,5
10,1,sub-07,0.8780989050865173,20261011,10,5
10,1,sub-07,2.0126540660858154,20261011,10,5
10,1,sub-09,0.9305592775344849,20261011,10,5
10,1,sub-06,1.1741535663604736,20261011,10,5
10,1,sub-09,3.298114061355591,20261011,10,5
10,1,sub-06,1.3529754877090454,20261011,10,5
10,1,sub-09,0.9454911351203918,20261011,10,5
10,1,sub-09,1.010195016860962,20261011,10,5
10,1,sub-06,0.9998505115509033,20261011,10,5
10,1,sub-07,0.8854052424430847,20261011,10,5
10,1,sub-06,0.9076077938079834,20261011,10,5
10,1,sub-09,0.7714335918426514,20261011,10,5
10,1,sub-09,1.4456758499145508,20261011,10,5
10,1,sub-09,2.7151665687561035,20261011,10,5
10,1,sub-07,0.8936704993247986,20261011,10,5
10,1,sub-06,0.7981900572776794,20261011,10,5
10,1,sub-06,1.1696876287460327,20261011,10,5
10,1,sub-06,2.584845781326294,20261011,10,5
10,1,sub-09,1.2556334733963013,20261011,10,5
10,1,sub-09,1.1157668828964233,20261011,10,5
10,1,sub-06,1.0767755508422852,20261011,10,5
10,1,sub-09,1.209702968597412,20261011,10,5
10,1,sub-07,2.194032669067383,20261011,10,5
10,1,sub-07,0.8460445404052734,20261011,10,5
10,1,sub-07,2.2357091903686523,20261011,10,5
10,1,sub-09,1.3729112148284912,20261011,10,5
10,1,sub-09,1.187408447265625,20261011,10,5
10,1,sub-06,1.0487864017486572,20261011,10,5
10,1,sub-09,1.8580904006958008,20261011,10,5
10,1,sub-06,0.8158963918685913,20261011,10,5
10,1,sub-06,1.1210241317749023,20261011,10,5
10,1,sub-09,1.0714991092681885,20261011,10,5
10,1,sub-07,0.921281099319458,20261011,10,5
10,1,sub-06,0.9680727124214172,20261011,10,5
10,1,sub-07,1.043735384941101,20261011,10,5
10,1,sub-07,0.5245428681373596,20261011,10,5
10,1,sub-07,1.0984870195388794,20261011,10,5
10,1,sub-09,1.6632682085037231,20261011,10,5
10,1,sub-09,1.0029473304748535,20261011,10,5
10,1,sub-09,1.9973315000534058,20261011,10,5
10,1,sub-06,1.007752537727356,20261011,10,5
10,1,sub-09,2.087033271789551,20261011,10,5
10,1,sub-09,3.339745044708252,20261011,10,5
10,1,sub-06,1.2339271306991577,20261011,10,5
10,1,sub-07,1.5711723566055298,20261011,10,5
10,1,sub-07,0.8407188057899475,20261011,10,5
10,1,sub-09,1.4284837245941162,20261011,10,5
10,1,sub-09,2.68453049659729,20261011,10,5
10,1,sub-06,0.937682569026947,20261011,10,5
10,1,sub-07,1.0557433366775513,20261011,10,5
10,1,sub-09,1.0737690925598145,20261011,10,5
10,1,sub-09,0.9574765563011169,20261011,10,5
10,1,sub-09,1.6451270580291748,20261011,10,5
10,1,sub-06,1.2617807388305664,20261011,10,5
10,1,sub-09,1.3480660915374756,20261011,10,5
10,1,sub-07,0.978088915348053,20261011,10,5
10,1,sub-06,1.1334832906723022,20261011,10,5
10,1,sub-07,1.979421615600586,20261011,10,5
10,1,sub-07,1.0703284740447998,20261011,10,5
10,1,sub-09,1.1569781303405762,20261011,10,5
10,1,sub-06,0.9439149498939514,20261011,10,5
10,1,sub-09,2.2373929023742676,20261011,10,5
10,1,sub-07,1.0798475742340088,20261011,10,5
10,1,sub-07,1.1366372108459473,20261011,10,5
10,1,sub-09,1.213701605796814,20261011,10,5
10,1,sub-07,1.1158565282821655,20261011,10,5
10,1,sub-06,0.8440620303153992,20261011,10,5
10,1,sub-06,0.979332685470581,20261011,10,5
10,1,sub-06,1.0132194757461548,20261011,10,5
10,1,sub-07,1.0030653476715088,20261011,10,5
10,1,sub-09,1.969284176826477,20261011,10,5
10,1,sub-07,1.148777723312378,20261011,10,5
10,1,sub-06,1.0845779180526733,20261011,10,5
10,1,sub-07,0.9639567136764526,20261011,10,5
10,1,sub-06,0.9337201714515686,20261011,10,5
10,1,sub-06,1.2445651292800903,20261011,10,5
10,1,sub-09,0.9427781701087952,20261011,10,5
10,1,sub-09,0.9302926063537598,20261011,10,5
10,1,sub-07,0.7758094072341919,20261011,10,5
10,1,sub-07,0.9899813532829285,20261011,10,5
10,1,sub-07,1.0315136909484863,20261011,10,5
10,1,sub-09,1.4662655591964722,20261011,10,5
10,1,sub-06,1.8143839836120605,20261011,10,5
10,1,sub-09,1.0114219188690186,20261011,10,5
10,1,sub-06,0.7518509030342102,20261011,10,5
10,1,sub-09,1.0158343315124512,20261011,10,5
10,1,sub-06,1.453993320465088,20261011,10,5
10,1,sub-07,1.5711349248886108,20261011,10,5
10,1,sub-06,1.0498640537261963,20261011,10,5
10,1,sub-09,0.6942328810691833,20261011,10,5
10,1,sub-07,1.0274702310562134,20261011,10,5
10,1,sub-06,0.9474162459373474,20261011,10,5
10,1,sub-06,1.006073236465454,20261011,10,5
10,1,sub-09,0.9321476817131042,20261011,10,5
10,1,sub-09,2.234631299972534,20261011,10,5
10,1,sub-07,1.4740231037139893,20261011,10,5
10,1,sub-09,0.9410541653633118,20261011,10,5
10,1,sub-07,1.0357887744903564,20261011,10,5
10,1,sub-07,1.0087867975234985,20261011,10,5
10,1,sub-06,1.030513882637024,20261011,10,5
10,1,sub-07,1.968016505241394,20261011,10,5
10,1,sub-09,3.591386556625366,20261011,10,5
10,1,sub-07,0.97098308801651,20261011,10,5
10,1,sub-09,2.1677169799804688,20261011,10,5
10,1,sub-07,1.1578253507614136,20261011,10,5
10,1,sub-06,1.0019546747207642,20261011,10,5
10,1,sub-06,1.3558794260025024,20261011,10,5
10,1,sub-07,1.9511221647262573,20261011,10,5
10,1,sub-09,1.1780710220336914,20261011,10,5
10,1,sub-06,0.705703616142273,20261011,10,5
10,1,sub-07,0.8566871285438538,20261011,10,5
10,1,sub-09,0.949616551399231,20261011,10,5
10,1,sub-06,2.191431999206543,20261011,10,5
10,1,sub-06,0.8402079343795776,20261011,10,5
10,1,sub-09,1.358443021774292,20261011,10,5
10,1,sub-07,0.9782061576843262,20261011,10,5
10,1,sub-09,1.010275959968567,20261011,10,5
10,1,sub-07,1.3132033348083496,20261011,10,5
10,1,sub-09,1.1869878768920898,20261011,10,5
10,1,sub-09,1.4002559185028076,20261011,10,5
10,1,sub-07,1.0450189113616943,20261011,10,5
10,1,sub-06,1.1085695028305054,20261011,10,5
10,1,sub-09,1.4214725494384766,20261011,10,5
10,1,sub-09,1.4258842468261719,20261011,10,5
10,1,sub-07,1.0295439958572388,20261011,10,5
10,1,sub-06,2.248575448989868,20261011,10,5
10,1,sub-09,1.2447322607040405,20261011,10,5
10,1,sub-09,1.1635054349899292,20261011,10,5
10,1,sub-09,0.8742300271987915,20261011,10,5
10,1,sub-09,2.256948947906494,20261011,10,5
10,1,sub-07,0.9848499298095703,20261011,10,5
10,1,sub-09,1.0072780847549438,20261011,10,5
10,1,sub-07,0.6769316792488098,20261011,10,5
10,1,sub-07,1.9110642671585083,20261011,10,5
10,1,sub-06,0.9549292325973511,20261011,10,5
10,1,sub-07,0.9785170555114746,20261011,10,5
10,1,sub-06,0.9344112873077393,20261011,10,5
10,1,sub-06,1.9091941118240356,20261011,10,5
10,1,sub-06,0.8778084516525269,20261011,10,5
10,1,sub-09,1.0938503742218018,20261011,10,5
10,1,sub-09,1.436316728591919,20261011,10,5
10,1,sub-09,2.2012431621551514,20261011,10,5
10,1,sub-09,1.2290911674499512,20261011,10,5
10,1,sub-09,0.8663645386695862,20261011,10,5
10,1,sub-06,0.9000695943832397,20261011,10,5
10,1,sub-07,0.8332269191741943,20261011,10,5
10,1,sub-09,1.0769290924072266,20261011,10,5
10,1,sub-07,0.8949350714683533,20261011,10,5
10,1,sub-09,2.213528633117676,20261011,10,5
10,1,sub-06,1.2998342514038086,20261011,10,5
10,1,sub-06,1.000954270362854,20261011,10,5
10,1,sub-09,1.4697132110595703,20261011,10,5
10,1,sub-09,1.2344557046890259,20261011,10,5
10,1,sub-06,0.9888696670532227,20261011,10,5
10,1,sub-07,0.9608408212661743,20261011,10,5
10,1,sub-07,0.9389855265617371,20261011,10,5
10,1,sub-06,1.102909803390503,20261011,10,5
10,1,sub-09,1.0641547441482544,20261011,10,5
10,1,sub-07,1.120563268661499,20261011,10,5
10,1,sub-06,1.0207610130310059,20261011,10,5
10,1,sub-09,0.993640124797821,20261011,10,5
10,1,sub-09,1.6377625465393066,20261011,10,5
10,1,sub-07,0.7694970369338989,20261011,10,5
10,1,sub-07,1.166757345199585,20261011,10,5
10,1,sub-07,1.4947925806045532,20261011,10,5
10,1,sub-06,1.100781798362732,20261011,10,5
10,1,sub-09,1.3450099229812622,20261011,10,5
10,1,sub-06,0.8478784561157227,20261011,10,5
10,1,sub-07,1.2043006420135498,20261011,10,5
10,1,sub-06,1.4156385660171509,20261011,10,5
10,1,sub-09,1.6487661600112915,20261011,10,5
10,1,sub-06,0.8853620290756226,20261011,10,5
10,1,sub-06,1.169738531112671,20261011,10,5
10,1,sub-09,1.6204259395599365,20261011,10,5
10,1,sub-07,1.1136950254440308,20261011,10,5
10,1,sub-09,1.3023262023925781,20261011,10,5
10,1,sub-06,2.470489501953125,20261011,10,5
10,1,sub-09,3.6405816078186035,20261011,10,5
10,1,sub-09,0.8331998586654663,20261011,10,5
10,1,sub-09,0.9119479060173035,20261011,10,5
10,1,sub-06,0.8707292079925537,20261011,10,5
10,1,sub-09,2.757418155670166,20261011,10,5
10,1,sub-07,0.8510823249816895,20261011,10,5
10,1,sub-06,1.1573227643966675,20261011,10,5
10,1,sub-07,1.1847280263900757,20261011,10,5
10,1,sub-09,0.8014898300170898,20261011,10,5
10,1,sub-07,1.2170989513397217,20261011,10,5
10,1,sub-07,0.8534224033355713,20261011,10,5
10,1,sub-06,2.442619800567627,20261011,10,5
10,1,sub-07,1.2015044689178467,20261011,10,5
10,1,sub-09,1.4043567180633545,20261011,10,5
10,1,sub-09,2.867882251739502,20261011,10,5
10,1,sub-06,0.6748303174972534,20261011,10,5
10,1,sub-07,1.0641216039657593,20261011,10,5
10,1,sub-06,0.9591841101646423,20261011,10,5
10,1,sub-07,1.0080844163894653,20261011,10,5
10,1,sub-09,1.4467982053756714,20261011,10,5
10,1,sub-07,1.0426143407821655,20261011,10,5
10,1,sub-09,0.9646278023719788,20261011,10,5
10,1,sub-07,2.11055064201355,20261011,10,5
10,1,sub-06,0.7803805470466614,20261011,10,5
10,1,sub-09,2.21476149559021,20261011,10,5
10,1,sub-07,2.0674657821655273,20261011,10,5
10,1,sub-07,0.9071606993675232,20261011,10,5
10,1,sub-07,0.885746419429779,20261011,10,5
10,1,sub-07,1.6976659297943115,20261011,10,5
10,1,sub-07,0.9454800486564636,20261011,10,5
10,1,sub-06,1.3233988285064697,20261011,10,5
10,1,sub-09,2.037691593170166,20261011,10,5
10,1,sub-06,1.988508701324463,20261011,10,5
10,1,sub-06,0.8537140488624573,20261011,10,5
10,1,sub-06,1.570420742034912,20261011,10,5
10,1,sub-07,0.850971519947052,20261011,10,5
10,1,sub-09,1.2470877170562744,20261011,10,5
10,1,sub-07,0.9797535538673401,20261011,10,5
10,1,sub-07,1.9146912097930908,20261011,10,5
10,1,sub-09,2.5968399047851562,20261011,10,5
10,1,sub-07,1.0600517988204956,20261011,10,5
10,1,sub-06,0.9519320726394653,20261011,10,5
10,1,sub-07,1.2806870937347412,20261011,10,5
10,1,sub-06,1.7730822563171387,20261011,10,5
10,1,sub-07,1.0043582916259766,20261011,10,5
10,1,sub-07,1.1129058599472046,20261011,10,5
10,1,sub-09,0.7666137218475342,20261011,10,5
10,1,sub-06,0.8530847430229187,20261011,10,5
10,1,sub-07,1.2539111375808716,20261011,10,5
10,1,sub-09,1.8156893253326416,20261011,10,5
10,1,sub-07,1.1331061124801636,20261011,10,5
10,1,sub-09,2.3199315071105957,20261011,10,5
10,1,sub-09,1.0419836044311523,20261011,10,5
10,1,sub-07,0.8472409844398499,20261011,10,5
10,1,sub-06,2.3643064498901367,20261011,10,5
10,1,sub-07,1.5166112184524536,20261011,10,5
10,1,sub-07,2.8448853492736816,20261011,10,5
10,1,sub-09,0.8188865780830383,20261011,10,5
10,1,sub-06,1.0028780698776245,20261011,10,5
10,1,sub-09,1.926050066947937,20261011,10,5
10,1,sub-07,1.2707734107971191,20261011,10,5
10,1,sub-06,1.3588217496871948,20261011,10,5
10,1,sub-07,1.3079054355621338,20261011,10,5
10,1,sub-09,0.8416945338249207,20261011,10,5
10,1,sub-06,1.1243964433670044,20261011,10,5
10,1,sub-06,1.1694883108139038,20261011,10,5
10,1,sub-06,0.8800938129425049,20261011,10,5
10,1,sub-09,1.358679175376892,20261011,10,5
10,1,sub-09,3.0794878005981445,20261011,10,5
10,1,sub-09,2.511601209640503,20261011,10,5
10,1,sub-06,1.7949684858322144,20261011,10,5
10,1,sub-07,1.924941897392273,20261011,10,5
10,1,sub-07,0.8941695690155029,20261011,10,5
10,1,sub-09,1.0639878511428833,20261011,10,5
10,1,sub-06,1.469664216041565,20261011,10,5
10,1,sub-06,0.7372214794158936,20261011,10,5
10,1,sub-07,0.7677746415138245,20261011,10,5
10,1,sub-06,1.0023808479309082,20261011,10,5
10,1,sub-09,0.8732634782791138,20261011,10,5
10,1,sub-09,1.9683843851089478,20261011,10,5
10,1,sub-09,0.9514772295951843,20261011,10,5
10,1,sub-09,1.582539439201355,20261011,10,5
10,1,sub-07,1.2575277090072632,20261011,10,5
10,1,sub-06,2.5626440048217773,20261011,10,5
10,1,sub-07,0.630155086517334,20261011,10,5
10,1,sub-07,1.194337010383606,20261011,10,5
10,1,sub-07,1.4342697858810425,20261011,10,5
10,1,sub-09,1.277323603630066,20261011,10,5
10,1,sub-07,1.084680199623108,20261011,10,5
10,1,sub-07,0.8365976810455322,20261011,10,5
10,1,sub-07,1.1321855783462524,20261011,10,5
10,1,sub-07,1.13838791847229,20261011,10,5
10,1,sub-09,1.1721086502075195,20261011,10,5
10,1,sub-09,1.1664214134216309,20261011,10,5
10,1,sub-07,2.402914524078369,20261011,10,5
10,1,sub-07,0.8122886419296265,20261011,10,5
10,1,sub-07,0.9153833985328674,20261011,10,5
10,1,sub-06,1.6443612575531006,20261011,10,5
10,1,sub-06,0.9089773893356323,20261011,10,5
10,1,sub-06,0.8965917229652405,20261011,10,5
10,1,sub-07,0.9545393586158752,20261011,10,5
10,1,sub-09,4.058070659637451,20261011,10,5
10,1,sub-09,1.8832623958587646,20261011,10,5
10,1,sub-06,2.1603214740753174,20261011,10,5
10,1,sub-07,0.9918630123138428,20261011,10,5
10,1,sub-07,1.1695985794067383,20261011,10,5
10,1,sub-06,1.4237751960754395,20261011,10,5
10,1,sub-07,1.128255009651184,20261011,10,5
10,1,sub-07,1.0199545621871948,20261011,10,5
10,1,sub-06,0.6296863555908203,20261011,10,5
10,1,sub-07,0.6621020436286926,20261011,10,5
10,1,sub-09,1.0235368013381958,20261011,10,5
10,1,sub-06,1.7856948375701904,20261011,10,5
10,1,sub-06,1.072625756263733,20261011,10,5
10,1,sub-06,0.5379274487495422,20261011,10,5
10,1,sub-06,1.0013692378997803,20261011,10,5
10,1,sub-07,0.8616580367088318,20261011,10,5
10,1,sub-06,0.740466296672821,20261011,10,5
10,1,sub-09,0.9979541897773743,20261011,10,5
10,1,sub-06,1.0084542036056519,20261011,10,5
10,1,sub-07,0.9524043798446655,20261011,10,5
10,1,sub-06,1.0207459926605225,20261011,10,5
10,1,sub-06,0.9738502502441406,20261011,10,5
10,1,sub-07,1.1921392679214478,20261011,10,5
10,1,sub-09,0.9701390266418457,20261011,10,5
10,1,sub-09,1.252212405204773,20261011,10,5
10,1,sub-09,1.1186699867248535,20261011,10,5
10,1,sub-09,2.082430124282837,20261011,10,5
10,1,sub-06,1.2868826389312744,20261011,10,5
10,1,sub-06,1.5319608449935913,20261011,10,5
10,1,sub-06,1.516677737236023,20261011,10,5
10,1,sub-07,0.8934940695762634,20261011,10,5
10,1,sub-06,1.3346747159957886,20261011,10,5
10,1,sub-07,0.9410997629165649,20261011,10,5
10,1,sub-06,1.1152639389038086,20261011,10,5
10,1,sub-06,1.0058711767196655,20261011,10,5
10,1,sub-06,0.9371921420097351,20261011,10,5
10,1,sub-06,0.9593302011489868,20261011,10,5
10,1,sub-09,1.0883065462112427,20261011,10,5
10,1,sub-07,1.8209643363952637,20261011,10,5
10,1,sub-06,0.9073945879936218,20261011,10,5
10,1,sub-09,1.8784444332122803,20261011,10,5
10,1,sub-06,1.5165494680404663,20261011,10,5
10,1,sub-09,1.3229886293411255,20261011,10,5
10,1,sub-07,1.0142686367034912,20261011,10,5
10,1,sub-07,1.2487175464630127,20261011,10,5
10,1,sub-06,1.115110993385315,20261011,10,5
10,1,sub-07,2.169166088104248,20261011,10,5
10,1,sub-07,2.023787260055542,20261011,10,5
10,1,sub-06,1.0799177885055542,20261011,10,5
10,1,sub-06,1.1522917747497559,20261011,10,5
10,1,sub-09,0.8627634048461914,20261011,10,5
10,1,sub-09,2.291321277618408,20261011,10,5
10,1,sub-06,0.9787893295288086,20261011,10,5
10,1,sub-09,1.831311821937561,20261011,10,5
10,1,sub-07,0.7704823613166809,20261011,10,5
10,1,sub-06,0.8686919212341309,20261011,10,5
10,1,sub-06,1.2030848264694214,20261011,10,5
10,1,sub-06,0.845622181892395,20261011,10,5
10,1,sub-06,0.8052537441253662,20261011,10,5
10,1,sub-09,1.457001805305481,20261011,10,5
10,1,sub-06,0.9965317249298096,20261011,10,5
10,1,sub-09,3.976881742477417,20261011,10,5
10,1,sub-06,0.9809255003929138,20261011,10,5
10,1,sub-07,1.0561127662658691,20261011,10,5
10,1,sub-07,1.4007014036178589,20261011,10,5
10,1,sub-06,1.0745859146118164,20261011,10,5
10,1,sub-06,1.1120786666870117,20261011,10,5
10,1,sub-06,1.2609977722167969,20261011,10,5
10,1,sub-07,0.8183957934379578,20261011,10,5
10,1,sub-09,1.3764114379882812,20261011,10,5
10,1,sub-09,1.2250432968139648,20261011,10,5
10,1,sub-06,2.4866089820861816,20261011,10,5
10,1,sub-06,0.8686645030975342,20261011,10,5
10,1,sub-06,1.2062803506851196,20261011,10,5
10,1,sub-06,1.1559386253356934,20261011,10,5
10,1,sub-07,0.9441767334938049,20261011,10,5
10,1,sub-06,0.8439056277275085,20261011,10,5
10,1,sub-07,0.9111600518226624,20261011,10,5
10,1,sub-06,0.6392199993133545,20261011,10,5
10,1,sub-07,0.8920109272003174,20261011,10,5
10,1,sub-06,2.0428097248077393,20261011,10,5
30,1,sub-06,1.3796943426132202,20261011,30,15
30,1,sub-06,1.4133687019348145,20261011,30,15
30,1,sub-09,1.347326397895813,20261011,30,15
30,1,sub-06,1.0045384168624878,20261011,30,15
30,1,sub-06,1.3972173929214478,20261011,30,15
30,1,sub-07,0.764153003692627,20261011,30,15
30,1,sub-06,1.0600796937942505,20261011,30,15
30,1,sub-07,1.1971741914749146,20261011,30,15
30,1,sub-09,1.7325129508972168,20261011,30,15
30,1,sub-07,0.9011134505271912,20261011,30,15
30,1,sub-07,0.9957960844039917,20261011,30,15
30,1,sub-06,0.9196777939796448,20261011,30,15
30,1,sub-07,0.8483195900917053,20261011,30,15
30,1,sub-06,1.1591123342514038,20261011,30,15
30,1,sub-06,1.2700124979019165,20261011,30,15
30,1,sub-07,1.3341412544250488,20261011,30,15
30,1,sub-09,1.7200309038162231,20261011,30,15
30,1,sub-09,1.5525494813919067,20261011,30,15
30,1,sub-09,3.281879425048828,20261011,30,15
30,1,sub-06,1.8903754949569702,20261011,30,15
30,1,sub-07,0.8341935873031616,20261011,30,15
30,1,sub-06,0.6516974568367004,20261011,30,15
30,1,sub-07,0.9747317433357239,20261011,30,15
30,1,sub-07,0.9012316465377808,20261011,30,15
30,1,sub-09,1.8509581089019775,20261011,30,15
30,1,sub-07,0.8780531883239746,20261011,30,15
30,1,sub-07,2.0129122734069824,20261011,30,15
30,1,sub-09,11.727876663208008,20261011,30,15
30,1,sub-06,1.178194522857666,20261011,30,15
30,1,sub-09,3.398502826690674,20261011,30,15
30,1,sub-06,1.3521314859390259,20261011,30,15
30,1,sub-09,0.9437718391418457,20261011,30,15
30,1,sub-09,1.0074225664138794,20261011,30,15
30,1,sub-06,0.9997438788414001,20261011,30,15
30,1,sub-07,0.8853923678398132,20261011,30,15
30,1,sub-06,0.906291663646698,20261011,30,15
30,1,sub-09,0.7717780470848083,20261011,30,15
30,1,sub-09,1.4412587881088257,20261011,30,15
30,1,sub-09,2.7157676219940186,20261011,30,15
30,1,sub-07,0.8940237760543823,20261011,30,15
30,1,sub-06,0.7960545420646667,20261011,30,15
30,1,sub-06,1.172390341758728,20261011,30,15
30,1,sub-06,2.5855395793914795,20261011,30,15
30,1,sub-09,1.2534805536270142,20261011,30,15
30,1,sub-09,13.1160888671875,20261011,30,15
30,1,sub-06,1.0795875787734985,20261011,30,15
30,1,sub-09,1.206540822982788,20261011,30,15
30,1,sub-07,2.1942355632781982,20261011,30,15
30,1,sub-07,0.8457955121994019,20261011,30,15
30,1,sub-07,2.235262155532837,20261011,30,15
30,1,sub-09,1.3776230812072754,20261011,30,15
30,1,sub-09,10.553400993347168,20261011,30,15
30,1,sub-06,1.0474385023117065,20261011,30,15
30,1,sub-09,1.9280946254730225,20261011,30,15
30,1,sub-06,0.8186511993408203,20261011,30,15
30,1,sub-06,1.1245416402816772,20261011,30,15
30,1,sub-09,14.278035163879395,20261011,30,15
30,1,sub-07,0.9103387594223022,20261011,30,15
30,1,sub-06,0.9671002626419067,20261011,30,15
30,1,sub-07,1.042640209197998,20261011,30,15
30,1,sub-07,0.5243573784828186,20261011,30,15
30,1,sub-07,1.097021460533142,20261011,30,15
30,1,sub-09,1.7119280099868774,20261011,30,15
30,1,sub-09,11.56985855102539,20261011,30,15
30,1,sub-09,1.9924826622009277,20261011,30,15
30,1,sub-06,1.008122205734253,20261011,30,15
30,1,sub-09,2.145689010620117,20261011,30,15
30,1,sub-09,3.469402551651001,20261011,30,15
30,1,sub-06,1.2342643737792969,20261011,30,15
30,1,sub-07,1.5701355934143066,20261011,30,15
30,1,sub-07,0.8428520560264587,20261011,30,15
30,1,sub-09,1.4226211309432983,20261011,30,15
30,1,sub-09,2.715657949447632,20261011,30,15
30,1,sub-06,0.9369191527366638,20261011,30,15
30,1,sub-07,1.0555518865585327,20261011,30,15
30,1,sub-09,1.0704189538955688,20261011,30,15
30,1,sub-09,0.9577480554580688,20261011,30,15
30,1,sub-09,1.646043300628662,20261011,30,15
30,1,sub-06,1.2608715295791626,20261011,30,15
30,1,sub-09,12.368821144104004,20261011,30,15
30,1,sub-07,0.9697363376617432,20261011,30,15
30,1,sub-06,1.1357723474502563,20261011,30,15
30,1,sub-07,1.9791786670684814,20261011,30,15
30,1,sub-07,1.0707875490188599,20261011,30,15
30,1,sub-09,1.1557033061981201,20261011,30,15
30,1,sub-06,0.9433414936065674,20261011,30,15
30,1,sub-09,2.276057720184326,20261011,30,15
30,1,sub-07,1.0803208351135254,20261011,30,15
30,1,sub-07,1.1358308792114258,20261011,30,15
30,1,sub-09,1.2108924388885498,20261011,30,15
30,1,sub-07,1.1129709482192993,20261011,30,15
30,1,sub-06,0.8414126038551331,20261011,30,15
30,1,sub-06,0.9790990948677063,20261011,30,15
30,1,sub-06,1.0150243043899536,20261011,30,15
30,1,sub-07,1.0029793977737427,20261011,30,15
30,1,sub-09,1.966788649559021,20261011,30,15
30,1,sub-07,1.1403402090072632,20261011,30,15
30,1,sub-06,1.08341646194458,20261011,30,15
30,1,sub-07,0.9535568356513977,20261011,30,15
30,1,sub-06,0.9365695118904114,20261011,30,15
30,1,sub-06,1.2444177865982056,20261011,30,15
30,1,sub-09,0.9430611729621887,20261011,30,15
30,1,sub-09,3.6770477294921875,20261011,30,15
30,1,sub-07,0.783942699432373,20261011,30,15
30,1,sub-07,0.9888408780097961,20261011,30,15
30,1,sub-07,1.0322715044021606,20261011,30,15
30,1,sub-09,1.4626046419143677,20261011,30,15
30,1,sub-06,1.8143153190612793,20261011,30,15
30,1,sub-09,1.0053848028182983,20261011,30,15
30,1,sub-06,0.7665177583694458,20261011,30,15
30,1,sub-09,1.0161060094833374,20261011,30,15
30,1,sub-06,1.454825520515442,20261011,30,15
30,1,sub-07,1.571097731590271,20261011,30,15
30,1,sub-06,1.049391269683838,20261011,30,15
30,1,sub-09,0.6686000823974609,20261011,30,15
30,1,sub-07,1.0281295776367188,20261011,30,15
30,1,sub-06,0.947077751159668,20261011,30,15
30,1,sub-06,1.0059149265289307,20261011,30,15
30,1,sub-09,1.3477084636688232,20261011,30,15
30,1,sub-09,2.220552682876587,20261011,30,15
30,1,sub-07,1.473536491394043,20261011,30,15
30,1,sub-09,1.315543293952942,20261011,30,15
30,1,sub-07,1.0375629663467407,20261011,30,15
30,1,sub-07,1.00867760181427,20261011,30,15
30,1,sub-06,1.0244213342666626,20261011,30,15
30,1,sub-07,1.9673274755477905,20261011,30,15
30,1,sub-09,3.7442140579223633,20261011,30,15
30,1,sub-07,0.9708407521247864,20261011,30,15
30,1,sub-09,2.1678905487060547,20261011,30,15
30,1,sub-07,1.157856822013855,20261011,30,15
30,1,sub-06,0.9966150522232056,20261011,30,15
30,1,sub-06,1.3560856580734253,20261011,30,15
30,1,sub-07,1.9513332843780518,20261011,30,15
30,1,sub-09,1.1791576147079468,20261011,30,15
30,1,sub-06,0.7530770897865295,20261011,30,15
30,1,sub-07,0.8639415502548218,20261011,30,15
30,1,sub-09,2.486506223678589,20261011,30,15
30,1,sub-06,2.1905055046081543,20261011,30,15
30,1,sub-06,0.8511736989021301,20261011,30,15
30,1,sub-09,1.3556984663009644,20261011,30,15
30,1,sub-07,0.9944774508476257,20261011,30,15
30,1,sub-09,1.0094797611236572,20261011,30,15
30,1,sub-07,1.3067450523376465,20261011,30,15
30,1,sub-09,1.187752604484558,20261011,30,15
30,1,sub-09,13.162683486938477,20261011,30,15
30,1,sub-07,1.0451558828353882,20261011,30,15
30,1,sub-06,1.1087530851364136,20261011,30,15
30,1,sub-09,1.4626919031143188,20261011,30,15
30,1,sub-09,1.4244970083236694,20261011,30,15
30,1,sub-07,1.0223336219787598,20261011,30,15
30,1,sub-06,2.248699188232422,20261011,30,15
30,1,sub-09,11.587538719177246,20261011,30,15
30,1,sub-09,1.1641736030578613,20261011,30,15
30,1,sub-09,0.8709626197814941,20261011,30,15
30,1,sub-09,2.3126368522644043,20261011,30,15
30,1,sub-07,0.9837662577629089,20261011,30,15
30,1,sub-09,1.0063837766647339,20261011,30,15
30,1,sub-07,0.6862625479698181,20261011,30,15
30,1,sub-07,1.9111577272415161,20261011,30,15
30,1,sub-06,0.9542393088340759,20261011,30,15
30,1,sub-07,0.9785119295120239,20261011,30,15
30,1,sub-06,0.9365672469139099,20261011,30,15
30,1,sub-06,1.9099466800689697,20261011,30,15
30,1,sub-06,0.880792498588562,20261011,30,15
30,1,sub-09,1.1023329496383667,20261011,30,15
30,1,sub-09,1.435547113418579,20261011,30,15
30,1,sub-09,2.2016706466674805,20261011,30,15
30,1,sub-09,1.2297340631484985,20261011,30,15
30,1,sub-09,12.487406730651855,20261011,30,15
30,1,sub-06,0.9156401753425598,20261011,30,15
30,1,sub-07,0.8360653519630432,20261011,30,15
30,1,sub-09,1.0659115314483643,20261011,30,15
30,1,sub-07,0.9057560563087463,20261011,30,15
30,1,sub-09,2.216569185256958,20261011,30,15
30,1,sub-06,1.2984846830368042,20261011,30,15
30,1,sub-06,1.0008375644683838,20261011,30,15
30,1,sub-09,1.5067204236984253,20261011,30,15
30,1,sub-09,10.525091171264648,20261011,30,15
30,1,sub-06,0.9869590997695923,20261011,30,15
30,1,sub-07,0.9596193432807922,20261011,30,15
30,1,sub-07,0.9473301768302917,20261011,30,15
30,1,sub-06,1.1039774417877197,20261011,30,15
30,1,sub-09,1.0646299123764038,20261011,30,15
30,1,sub-07,1.1180133819580078,20261011,30,15
30,1,sub-06,1.046829104423523,20261011,30,15
30,1,sub-09,0.9909186363220215,20261011,30,15
30,1,sub-09,1.6623784303665161,20261011,30,15
30,1,sub-07,0.7634950876235962,20261011,30,15
30,1,sub-07,1.1666780710220337,20261011,30,15
30,1,sub-07,1.4948228597640991,20261011,30,15
30,1,sub-06,1.1078803539276123,20261011,30,15
30,1,sub-09,1.3458625078201294,20261011,30,15
30,1,sub-06,0.8680297136306763,20261011,30,15
30,1,sub-07,1.2045165300369263,20261011,30,15
30,1,sub-06,1.4175821542739868,20261011,30,15
30,1,sub-09,1.6568320989608765,20261011,30,15
30,1,sub-06,0.8879402875900269,20261011,30,15
30,1,sub-06,1.1718811988830566,20261011,30,15
30,1,sub-09,1.6220629215240479,20261011,30,15
30,1,sub-07,1.1136637926101685,20261011,30,15
30,1,sub-09,1.3284857273101807,20261011,30,15
30,1,sub-06,2.469712257385254,20261011,30,15
30,1,sub-09,3.817909002304077,20261011,30,15
30,1,sub-09,0.8265992403030396,20261011,30,15
30,1,sub-09,0.9007484912872314,20261011,30,15
30,1,sub-06,0.8832868337631226,20261011,30,15
30,1,sub-09,2.7745730876922607,20261011,30,15
30,1,sub-07,0.8386744856834412,20261011,30,15
30,1,sub-06,1.1570141315460205,20261011,30,15
30,1,sub-07,1.1818281412124634,20261011,30,15
30,1,sub-09,0.8016961812973022,20261011,30,15
30,1,sub-07,1.2143659591674805,20261011,30,15
30,1,sub-07,0.8599079847335815,20261011,30,15
30,1,sub-06,2.4425625801086426,20261011,30,15
30,1,sub-07,1.2012332677841187,20261011,30,15
30,1,sub-09,1.4459744691848755,20261011,30,15
30,1,sub-09,2.852893590927124,20261011,30,15
30,1,sub-06,0.6689555048942566,20261011,30,15
30,1,sub-07,1.0645852088928223,20261011,30,15
30,1,sub-06,0.9582430720329285,20261011,30,15
30,1,sub-07,1.0078966617584229,20261011,30,15
30,1,sub-09,1.4424571990966797,20261011,30,15
30,1,sub-07,1.0324668884277344,20261011,30,15
30,1,sub-09,0.9673281908035278,20261011,30,15
30,1,sub-07,2.110593318939209,20261011,30,15
30,1,sub-06,0.7761385440826416,20261011,30,15
30,1,sub-09,2.2106192111968994,20261011,30,15
30,1,sub-07,2.066448211669922,20261011,30,15
30,1,sub-07,0.9113448262214661,20261011,30,15
30,1,sub-07,0.8798904418945312,20261011,30,15
30,1,sub-07,1.69302237033844,20261011,30,15
30,1,sub-07,0.941291093826294,20261011,30,15
30,1,sub-06,1.322676181793213,20261011,30,15
30,1,sub-09,2.0376243591308594,20261011,30,15
30,1,sub-06,1.9886794090270996,20261011,30,15
30,1,sub-06,0.8682988882064819,20261011,30,15
30,1,sub-06,1.5705549716949463,20261011,30,15
30,1,sub-07,0.8594793677330017,20261011,30,15
30,1,sub-09,14.785192489624023,20261011,30,15
30,1,sub-07,0.9780108332633972,20261011,30,15
30,1,sub-07,1.913304328918457,20261011,30,15
30,1,sub-09,2.587667226791382,20261011,30,15
30,1,sub-07,1.0590671300888062,20261011,30,15
30,1,sub-06,0.9513146281242371,20261011,30,15
30,1,sub-07,1.2813259363174438,20261011,30,15
30,1,sub-06,1.773072361946106,20261011,30,15
30,1,sub-07,1.0042836666107178,20261011,30,15
30,1,sub-07,1.1135555505752563,20261011,30,15
30,1,sub-09,0.7668775320053101,20261011,30,15
30,1,sub-06,0.8463695049285889,20261011,30,15
30,1,sub-07,1.2535942792892456,20261011,30,15
30,1,sub-09,1.8179291486740112,20261011,30,15
30,1,sub-07,1.1290240287780762,20261011,30,15
30,1,sub-09,2.38964581489563,20261011,30,15
30,1,sub-09,1.0428204536437988,20261011,30,15
30,1,sub-07,0.8649890422821045,20261011,30,15
30,1,sub-06,2.364441156387329,20261011,30,15
30,1,sub-07,1.5158615112304688,20261011,30,15
30,1,sub-07,2.8447775840759277,20261011,30,15
30,1,sub-09,0.8112429976463318,20261011,30,15
30,1,sub-06,1.002780556678772,20261011,30,15
30,1,sub-09,1.9306069612503052,20261011,30,15
30,1,sub-07,1.2705439329147339,20261011,30,15
30,1,sub-06,1.360176682472229,20261011,30,15
30,1,sub-07,1.3068903684616089,20261011,30,15
30,1,sub-09,14.05630874633789,20261011,30,15
30,1,sub-06,1.1263939142227173,20261011,30,15
30,1,sub-06,1.1692432165145874,20261011,30,15
30,1,sub-06,0.9028724431991577,20261011,30,15
30,1,sub-09,12.970702171325684,20261011,30,15
30,1,sub-09,3.117441415786743,20261011,30,15
30,1,sub-09,2.6569950580596924,20261011,30,15
30,1,sub-06,1.79475736618042,20261011,30,15
30,1,sub-07,1.9252591133117676,20261011,30,15
30,1,sub-07,0.9041959047317505,20261011,30,15
30,1,sub-09,1.0645291805267334,20261011,30,15
30,1,sub-06,1.4702638387680054,20261011,30,15
30,1,sub-06,0.7362099289894104,20261011,30,15
30,1,sub-07,0.7803701758384705,20261011,30,15
30,1,sub-06,1.0018731355667114,20261011,30,15
30,1,sub-09,12.256117820739746,20261011,30,15
30,1,sub-09,1.9757342338562012,20261011,30,15
30,1,sub-09,1.247998595237732,20261011,30,15
30,1,sub-09,1.583013892173767,20261011,30,15
30,1,sub-07,1.2576801776885986,20261011,30,15
30,1,sub-06,2.5627787113189697,20261011,30,15
30,1,sub-07,0.6147212982177734,20261011,30,15
30,1,sub-07,1.1939247846603394,20261011,30,15
30,1,sub-07,1.4342623949050903,20261011,30,15
30,1,sub-09,10.714385986328125,20261011,30,15
30,1,sub-07,1.085465431213379,20261011,30,15
30,1,sub-07,0.8315893411636353,20261011,30,15
30,1,sub-07,1.1323603391647339,20261011,30,15
30,1,sub-07,1.1383012533187866,20261011,30,15
30,1,sub-09,10.32868766784668,20261011,30,15
30,1,sub-09,1.1834936141967773,20261011,30,15
30,1,sub-07,2.403092622756958,20261011,30,15
30,1,sub-07,0.810136616230011,20261011,30,15
30,1,sub-07,0.9146226048469543,20261011,30,15
30,1,sub-06,1.6440962553024292,20261011,30,15
30,1,sub-06,0.911163866519928,20261011,30,15
30,1,sub-06,0.9334827661514282,20261011,30,15
30,1,sub-07,0.9560242295265198,20261011,30,15
30,1,sub-09,4.2033491134643555,20261011,30,15
30,1,sub-09,1.877718448638916,20261011,30,15
30,1,sub-06,2.1595752239227295,20261011,30,15
30,1,sub-07,0.9909018874168396,20261011,30,15
30,1,sub-07,1.1695327758789062,20261011,30,15
30,1,sub-06,1.423338770866394,20261011,30,15
30,1,sub-07,1.1257375478744507,20261011,30,15
30,1,sub-07,1.026340365409851,20261011,30,15
30,1,sub-06,0.6267105340957642,20261011,30,15
30,1,sub-07,0.6650674343109131,20261011,30,15
30,1,sub-09,9.685171127319336,20261011,30,15
30,1,sub-06,1.7860989570617676,20261011,30,15
30,1,sub-06,1.0761947631835938,20261011,30,15
30,1,sub-06,0.570061206817627,20261011,30,15
30,1,sub-06,1.0012800693511963,20261011,30,15
30,1,sub-07,0.8706437945365906,20261011,30,15
30,1,sub-06,0.7444970011711121,20261011,30,15
30,1,sub-09,1.0005531311035156,20261011,30,15
30,1,sub-06,1.0076029300689697,20261011,30,15
30,1,sub-07,0.9428669810295105,20261011,30,15
30,1,sub-06,1.022627830505371,20261011,30,15
30,1,sub-06,0.9736876487731934,20261011,30,15
30,1,sub-07,1.1879199743270874,20261011,30,15
30,1,sub-09,1.1766265630722046,20261011,30,15
30,1,sub-09,9.677618980407715,20261011,30,15
30,1,sub-09,1.1170376539230347,20261011,30,15
30,1,sub-09,2.1151609420776367,20261011,30,15
30,1,sub-06,1.2870323657989502,20261011,30,15
30,1,sub-06,1.5322840213775635,20261011,30,15
30,1,sub-06,1.5161151885986328,20261011,30,15
30,1,sub-07,0.9003373980522156,20261011,30,15
30,1,sub-06,1.3352495431900024,20261011,30,15
30,1,sub-07,0.939162015914917,20261011,30,15
30,1,sub-06,1.1144044399261475,20261011,30,15
30,1,sub-06,1.0167458057403564,20261011,30,15
30,1,sub-06,0.9382879137992859,20261011,30,15
30,1,sub-06,0.9606492519378662,20261011,30,15
30,1,sub-09,1.0860670804977417,20261011,30,15
30,1,sub-07,1.820679783821106,20261011,30,15
30,1,sub-06,0.9048903584480286,20261011,30,15
30,1,sub-09,1.8695924282073975,20261011,30,15
30,1,sub-06,1.516381859779358,20261011,30,15
30,1,sub-09,11.190532684326172,20261011,30,15
30,1,sub-07,1.0117946863174438,20261011,30,15
30,1,sub-07,1.2488329410552979,20261011,30,15
30,1,sub-06,1.1136245727539062,20261011,30,15
30,1,sub-07,2.1693904399871826,20261011,30,15
30,1,sub-07,2.0246522426605225,20261011,30,15
30,1,sub-06,1.0798426866531372,20261011,30,15
30,1,sub-06,1.1541937589645386,20261011,30,15
30,1,sub-09,0.8637579083442688,20261011,30,15
30,1,sub-09,16.571491241455078,20261011,30,15
30,1,sub-06,0.9748810529708862,20261011,30,15
30,1,sub-09,1.8276166915893555,20261011,30,15
30,1,sub-07,0.7790975570678711,20261011,30,15
30,1,sub-06,0.8747918009757996,20261011,30,15
30,1,sub-06,1.2055236101150513,20261011,30,15
30,1,sub-06,0.8834838271141052,20261011,30,15
30,1,sub-06,0.8030831813812256,20261011,30,15
30,1,sub-09,12.165205955505371,20261011,30,15
30,1,sub-06,0.9948487877845764,20261011,30,15
30,1,sub-09,3.982025384902954,20261011,30,15
30,1,sub-06,0.9843666553497314,20261011,30,15
30,1,sub-07,1.0563044548034668,20261011,30,15
30,1,sub-07,1.4010006189346313,20261011,30,15
30,1,sub-06,1.0729734897613525,20261011,30,15
30,1,sub-06,1.1241419315338135,20261011,30,15
30,1,sub-06,1.2615052461624146,20261011,30,15
30,1,sub-07,0.8281364440917969,20261011,30,15
30,1,sub-09,1.4243340492248535,20261011,30,15
30,1,sub-09,1.225768804550171,20261011,30,15
30,1,sub-06,2.485858678817749,20261011,30,15
30,1,sub-06,0.8659743070602417,20261011,30,15
30,1,sub-06,1.209126353263855,20261011,30,15
30,1,sub-06,1.1554088592529297,20261011,30,15
30,1,sub-07,0.9428790807723999,20261011,30,15
30,1,sub-06,0.8403647541999817,20261011,30,15
30,1,sub-07,0.9126922488212585,20261011,30,15
30,1,sub-06,0.638286292552948,20261011,30,15
30,1,sub-07,0.9083683490753174,20261011,30,15
30,1,sub-06,2.0427441596984863,20261011,30,15
0,2,sub-11,1.3868300914764404,20261010,0,0
0,2,sub-12,0.922232449054718,20261010,0,0
0,2,sub-11,1.407664179801941,20261010,0,0
0,2,sub-12,0.8761095404624939,20261010,0,0
0,2,sub-14,0.9054062962532043,20261010,0,0
0,2,sub-11,1.6468764543533325,20261010,0,0
0,2,sub-11,0.9438949823379517,20261010,0,0
0,2,sub-11,0.957093358039856,20261010,0,0
0,2,sub-12,1.0439553260803223,20261010,0,0
0,2,sub-11,0.9913166165351868,20261010,0,0
0,2,sub-12,0.9581930041313171,20261010,0,0
0,2,sub-12,1.5144238471984863,20261010,0,0
0,2,sub-12,1.1683847904205322,20261010,0,0
0,2,sub-14,0.8788967132568359,20261010,0,0
0,2,sub-11,1.338921308517456,20261010,0,0
0,2,sub-12,0.9410898685455322,20261010,0,0
0,2,sub-12,1.9313777685165405,20261010,0,0
0,2,sub-11,1.3491215705871582,20261010,0,0
0,2,sub-12,1.1103498935699463,20261010,0,0
0,2,sub-14,0.9984714388847351,20261010,0,0
0,2,sub-11,1.0003621578216553,20261010,0,0
0,2,sub-11,0.7907876968383789,20261010,0,0
0,2,sub-14,0.7298415899276733,20261010,0,0
0,2,sub-12,1.0248031616210938,20261010,0,0
0,2,sub-12,0.8460416793823242,20261010,0,0
0,2,sub-12,0.9209811091423035,20261010,0,0
0,2,sub-12,1.1116737127304077,20261010,0,0
0,2,sub-12,0.9383841156959534,20261010,0,0
0,2,sub-11,1.1737070083618164,20261010,0,0
0,2,sub-11,1.0425763130187988,20261010,0,0
0,2,sub-11,1.208504557609558,20261010,0,0
0,2,sub-12,1.3449939489364624,20261010,0,0
0,2,sub-12,0.8163244724273682,20261010,0,0
0,2,sub-11,1.251798391342163,20261010,0,0
0,2,sub-14,2.211918592453003,20261010,0,0
0,2,sub-11,1.2018885612487793,20261010,0,0
0,2,sub-12,0.9451702237129211,20261010,0,0
0,2,sub-11,0.9377199411392212,20261010,0,0
0,2,sub-11,1.956580638885498,20261010,0,0
0,2,sub-11,0.9516407251358032,20261010,0,0
0,2,sub-11,0.8462191224098206,20261010,0,0
0,2,sub-11,1.4237991571426392,20261010,0,0
0,2,sub-12,0.9605064392089844,20261010,0,0
0,2,sub-14,2.291870355606079,20261010,0,0
0,2,sub-14,0.9030113816261292,20261010,0,0
0,2,sub-12,0.7167718410491943,20261010,0,0
0,2,sub-14,1.3421615362167358,20261010,0,0
0,2,sub-11,1.0501413345336914,20261010,0,0
0,2,sub-14,1.1039881706237793,20261010,0,0
0,2,sub-11,0.9403707385063171,20261010,0,0
0,2,sub-11,0.9698088765144348,20261010,0,0
0,2,sub-12,0.9412251114845276,20261010,0,0
0,2,sub-12,1.1181176900863647,20261010,0,0
0,2,sub-12,1.0484585762023926,20261010,0,0
0,2,sub-12,1.449519395828247,20261010,0,0
0,2,sub-11,0.9665216207504272,20261010,0,0
0,2,sub-11,0.8007635474205017,20261010,0,0
0,2,sub-14,0.9929744005203247,20261010,0,0
0,2,sub-11,1.1304484605789185,20261010,0,0
0,2,sub-11,0.9793799519538879,20261010,0,0
0,2,sub-12,1.51395583152771,20261010,0,0
0,2,sub-11,0.9386208653450012,20261010,0,0
0,2,sub-12,1.580047845840454,20261010,0,0
0,2,sub-11,0.9645701050758362,20261010,0,0
0,2,sub-14,1.7177817821502686,20261010,0,0
0,2,sub-11,1.0504261255264282,20261010,0,0
0,2,sub-11,0.8566737771034241,20261010,0,0
0,2,sub-11,0.7827692627906799,20261010,0,0
0,2,sub-14,1.222204566001892,20261010,0,0
0,2,sub-14,1.087007761001587,20261010,0,0
0,2,sub-14,0.9537544846534729,20261010,0,0
0,2,sub-12,1.6705563068389893,20261010,0,0
0,2,sub-12,1.854782223701477,20261010,0,0
0,2,sub-14,0.9747932553291321,20261010,0,0
0,2,sub-11,1.3949434757232666,20261010,0,0
0,2,sub-11,1.2861658334732056,20261010,0,0
0,2,sub-12,1.021894097328186,20261010,0,0
0,2,sub-14,0.9100240468978882,20261010,0,0
0,2,sub-12,0.970301628112793,20261010,0,0
0,2,sub-12,1.6453238725662231,20261010,0,0
0,2,sub-14,1.3171029090881348,20261010,0,0
0,2,sub-12,0.9851719737052917,20261010,0,0
0,2,sub-11,1.1097575426101685,20261010,0,0
0,2,sub-12,0.9689734578132629,20261010,0,0
0,2,sub-14,0.9593562483787537,20261010,0,0
0,2,sub-14,1.690739631652832,20261010,0,0
0,2,sub-14,0.7503434419631958,20261010,0,0
0,2,sub-12,0.9922269582748413,20261010,0,0
0,2,sub-11,0.8437545895576477,20261010,0,0
0,2,sub-12,1.1633611917495728,20261010,0,0
0,2,sub-14,2.928877592086792,20261010,0,0
0,2,sub-11,1.0038118362426758,20261010,0,0
0,2,sub-12,1.3330084085464478,20261010,0,0
0,2,sub-11,0.8944169282913208,20261010,0,0
0,2,sub-12,1.4717674255371094,20261010,0,0
0,2,sub-11,1.0023324489593506,20261010,0,0
0,2,sub-14,0.9957212805747986,20261010,0,0
0,2,sub-14,1.0033565759658813,20261010,0,0
0,2,sub-11,0.993270754814148,20261010,0,0
0,2,sub-12,0.9843161106109619,20261010,0,0
0,2,sub-11,1.4667656421661377,20261010,0,0
0,2,sub-11,1.0036423206329346,20261010,0,0
0,2,sub-11,0.8099150061607361,20261010,0,0
0,2,sub-11,0.9710829854011536,20261010,0,0
0,2,sub-12,1.6168750524520874,20261010,0,0
0,2,sub-11,1.515103816986084,20261010,0,0
0,2,sub-12,1.4563181400299072,20261010,0,0
0,2,sub-14,0.8897868990898132,20261010,0,0
0,2,sub-14,0.9918302297592163,20261010,0,0
0,2,sub-14,1.1196088790893555,20261010,0,0
0,2,sub-12,0.9494307637214661,20261010,0,0
0,2,sub-14,2.271601676940918,20261010,0,0
0,2,sub-14,0.9644590020179749,20261010,0,0
0,2,sub-11,1.028173565864563,20261010,0,0
0,2,sub-14,1.7869293689727783,20261010,0,0
0,2,sub-11,1.2000048160552979,20261010,0,0
0,2,sub-11,0.9626398682594299,20261010,0,0
0,2,sub-11,0.9430379867553711,20261010,0,0
0,2,sub-14,0.9916507005691528,20261010,0,0
0,2,sub-14,0.9431241750717163,20261010,0,0
0,2,sub-14,1.1430187225341797,20261010,0,0
0,2,sub-11,1.264087438583374,20261010,0,0
0,2,sub-14,0.9218218922615051,20261010,0,0
0,2,sub-12,0.7112390398979187,20261010,0,0
0,2,sub-11,0.970723032951355,20261010,0,0
0,2,sub-11,2.0162291526794434,20261010,0,0
0,2,sub-14,1.4370900392532349,20261010,0,0
0,2,sub-14,0.9729388356208801,20261010,0,0
0,2,sub-14,0.7611694931983948,20261010,0,0
0,2,sub-11,1.1981085538864136,20261010,0,0
0,2,sub-11,0.8533805012702942,20261010,0,0
0,2,sub-11,0.976746141910553,20261010,0,0
0,2,sub-14,1.2300388813018799,20261010,0,0
0,2,sub-14,0.9008232355117798,20261010,0,0
0,2,sub-12,1.1723474264144897,20261010,0,0
0,2,sub-14,1.2681255340576172,20261010,0,0
0,2,sub-11,1.0693594217300415,20261010,0,0
0,2,sub-12,0.8229162096977234,20261010,0,0
0,2,sub-14,1.444071650505066,20261010,0,0
0,2,sub-12,1.3255882263183594,20261010,0,0
0,2,sub-11,1.1880433559417725,20261010,0,0
0,2,sub-14,1.4644697904586792,20261010,0,0
0,2,sub-14,1.2556973695755005,20261010,0,0
0,2,sub-11,0.9259896874427795,20261010,0,0
0,2,sub-11,1.337026834487915,20261010,0,0
0,2,sub-11,2.072370767593384,20261010,0,0
0,2,sub-11,1.968788743019104,20261010,0,0
0,2,sub-11,1.830241084098816,20261010,0,0
0,2,sub-11,1.1860326528549194,20261010,0,0
0,2,sub-12,0.9812642931938171,20261010,0,0
0,2,sub-11,1.3375457525253296,20261010,0,0
0,2,sub-14,1.4776579141616821,20261010,0,0
0,2,sub-12,1.1589677333831787,20261010,0,0
0,2,sub-14,1.704691767692566,20261010,0,0
0,2,sub-11,1.0570504665374756,20261010,0,0
0,2,sub-14,0.8378477096557617,20261010,0,0
0,2,sub-11,1.8482091426849365,20261010,0,0
0,2,sub-14,1.2237684726715088,20261010,0,0
0,2,sub-14,0.7375298142433167,20261010,0,0
0,2,sub-11,0.9390250444412231,20261010,0,0
0,2,sub-12,1.1166185140609741,20261010,0,0
0,2,sub-11,1.0204102993011475,20261010,0,0
0,2,sub-14,1.1206035614013672,20261010,0,0
0,2,sub-11,0.9231290817260742,20261010,0,0
0,2,sub-11,0.9454330801963806,20261010,0,0
0,2,sub-12,1.6868665218353271,20261010,0,0
0,2,sub-11,0.9995874762535095,20261010,0,0
0,2,sub-11,0.7558581233024597,20261010,0,0
0,2,sub-12,1.1936708688735962,20261010,0,0
0,2,sub-14,0.997856080532074,20261010,0,0
0,2,sub-11,0.9462884068489075,20261010,0,0
0,2,sub-12,0.9543694257736206,20261010,0,0
0,2,sub-11,0.9988122582435608,20261010,0,0
0,2,sub-14,0.9964448809623718,20261010,0,0
0,2,sub-14,0.6865735054016113,20261010,0,0
0,2,sub-14,0.9990382790565491,20261010,0,0
0,2,sub-12,1.023814082145691,20261010,0,0
0,2,sub-12,0.9473222494125366,20261010,0,0
0,2,sub-12,0.7311945557594299,20261010,0,0
0,2,sub-12,1.1218980550765991,20261010,0,0
0,2,sub-11,1.2203401327133179,20261010,0,0
0,2,sub-12,1.4784570932388306,20261010,0,0
0,2,sub-14,1.1662174463272095,20261010,0,0
0,2,sub-12,1.3921945095062256,20261010,0,0
0,2,sub-11,0.9584662914276123,20261010,0,0
0,2,sub-14,0.99942946434021,20261010,0,0
0,2,sub-12,1.5804156064987183,20261010,0,0
0,2,sub-12,1.763264536857605,20261010,0,0
0,2,sub-12,1.2792354822158813,20261010,0,0
0,2,sub-14,0.9697954654693604,20261010,0,0
0,2,sub-11,1.2292803525924683,20261010,0,0
0,2,sub-12,1.2005480527877808,20261010,0,0
0,2,sub-14,1.0905777215957642,20261010,0,0
0,2,sub-14,0.964694619178772,20261010,0,0
0,2,sub-12,0.95090252161026,20261010,0,0
0,2,sub-14,0.9497915506362915,20261010,0,0
0,2,sub-14,0.8449114561080933,20261010,0,0
0,2,sub-14,0.9611333608627319,20261010,0,0
0,2,sub-12,1.2604631185531616,20261010,0,0
0,2,sub-11,1.3315272331237793,20261010,0,0
0,2,sub-11,1.4699492454528809,20261010,0,0
0,2,sub-14,2.3778834342956543,20261010,0,0
0,2,sub-11,1.25824773311615,20261010,0,0
0,2,sub-11,1.1908841133117676,20261010,0,0
0,2,sub-12,0.9965745210647583,20261010,0,0
0,2,sub-12,0.9613908529281616,20261010,0,0
0,2,sub-14,0.8201908469200134,20261010,0,0
0,2,sub-14,1.000886082649231,20261010,0,0
0,2,sub-14,1.2444517612457275,20261010,0,0
0,2,sub-14,0.9371265172958374,20261010,0,0
0,2,sub-12,1.7087875604629517,20261010,0,0
0,2,sub-11,0.8111251592636108,20261010,0,0
0,2,sub-11,2.3394558429718018,20261010,0,0
0,2,sub-12,1.4566258192062378,20261010,0,0
0,2,sub-14,0.9215471744537354,20261010,0,0
0,2,sub-14,1.153434157371521,20261010,0,0
0,2,sub-14,1.3335652351379395,20261010,0,0
0,2,sub-11,1.2034013271331787,20261010,0,0
0,2,sub-11,0.8547937870025635,20261010,0,0
0,2,sub-11,1.4699900150299072,20261010,0,0
0,2,sub-14,0.955967366695404,20261010,0,0
0,2,sub-11,0.9480594396591187,20261010,0,0
0,2,sub-12,0.999524712562561,20261010,0,0
0,2,sub-11,1.0141096115112305,20261010,0,0
0,2,sub-12,0.9017590880393982,20261010,0,0
0,2,sub-11,1.1152842044830322,20261010,0,0
0,2,sub-11,1.2574248313903809,20261010,0,0
0,2,sub-14,1.2361704111099243,20261010,0,0
0,2,sub-14,1.5338348150253296,20261010,0,0
0,2,sub-14,0.9393342733383179,20261010,0,0
0,2,sub-11,0.9161689877510071,20261010,0,0
0,2,sub-11,0.7434655427932739,20261010,0,0
0,2,sub-11,0.7484444975852966,20261010,0,0
0,2,sub-11,0.9398704767227173,20261010,0,0
0,2,sub-11,0.9768524169921875,20261010,0,0
0,2,sub-14,1.1236504316329956,20261010,0,0
0,2,sub-14,0.8955150246620178,20261010,0,0
0,2,sub-12,1.2597342729568481,20261010,0,0
0,2,sub-14,1.7584835290908813,20261010,0,0
0,2,sub-12,1.517757773399353,20261010,0,0
0,2,sub-11,3.0645992755889893,20261010,0,0
0,2,sub-14,2.135935068130493,20261010,0,0
0,2,sub-11,1.1790834665298462,20261010,0,0
0,2,sub-14,1.0358442068099976,20261010,0,0
0,2,sub-11,1.0555955171585083,20261010,0,0
0,2,sub-11,2.6483561992645264,20261010,0,0
0,2,sub-12,1.2099072933197021,20261010,0,0
0,2,sub-14,1.5693126916885376,20261010,0,0
0,2,sub-12,1.2022534608840942,20261010,0,0
0,2,sub-11,0.9560269117355347,20261010,0,0
0,2,sub-12,0.9644689559936523,20261010,0,0
0,2,sub-14,1.0241938829421997,20261010,0,0
0,2,sub-11,0.9618875980377197,20261010,0,0
0,2,sub-14,2.329277992248535,20261010,0,0
0,2,sub-12,1.6423860788345337,20261010,0,0
0,2,sub-11,1.159615159034729,20261010,0,0
0,2,sub-12,0.9139757752418518,20261010,0,0
0,2,sub-14,1.1141897439956665,20261010,0,0
0,2,sub-11,0.8581236004829407,20261010,0,0
0,2,sub-12,1.1788426637649536,20261010,0,0
0,2,sub-11,0.981020450592041,20261010,0,0
0,2,sub-11,1.2393296957015991,20261010,0,0
0,2,sub-11,1.208345651626587,20261010,0,0
0,2,sub-11,2.3695273399353027,20261010,0,0
0,2,sub-11,0.9304758310317993,20261010,0,0
0,2,sub-12,0.7371547222137451,20261010,0,0
0,2,sub-11,1.0084820985794067,20261010,0,0
0,2,sub-14,0.9817434549331665,20261010,0,0
0,2,sub-14,0.9759213328361511,20261010,0,0
0,2,sub-11,1.3959147930145264,20261010,0,0
0,2,sub-11,1.594700574874878,20261010,0,0
0,2,sub-11,1.3122390508651733,20261010,0,0
0,2,sub-12,1.2354164123535156,20261010,0,0
0,2,sub-12,0.9601489901542664,20261010,0,0
0,2,sub-14,0.8544451594352722,20261010,0,0
0,2,sub-14,1.0306133031845093,20261010,0,0
0,2,sub-12,0.9421234130859375,20261010,0,0
0,2,sub-11,3.642000436782837,20261010,0,0
0,2,sub-12,1.1791688203811646,20261010,0,0
0,2,sub-11,1.8917429447174072,20261010,0,0
0,2,sub-12,0.9978492856025696,20261010,0,0
0,2,sub-12,0.9860974550247192,20261010,0,0
0,2,sub-14,0.988142728805542,20261010,0,0
0,2,sub-11,1.0018965005874634,20261010,0,0
0,2,sub-11,1.098800539970398,20261010,0,0
0,2,sub-14,0.944302499294281,20261010,0,0
0,2,sub-12,0.8110689520835876,20261010,0,0
0,2,sub-14,1.504032015800476,20261010,0,0
0,2,sub-14,1.5952823162078857,20261010,0,0
0,2,sub-12,1.1445945501327515,20261010,0,0
0,2,sub-11,0.9700518250465393,20261010,0,0
0,2,sub-12,1.067977786064148,20261010,0,0
0,2,sub-11,0.9636604189872742,20261010,0,0
0,2,sub-11,1.1889894008636475,20261010,0,0
0,2,sub-14,1.4023360013961792,20261010,0,0
0,2,sub-12,0.9507888555526733,20261010,0,0
0,2,sub-12,1.4156440496444702,20261010,0,0
0,2,sub-12,1.24244225025177,20261010,0,0
0,2,sub-12,1.3611048460006714,20261010,0,0
0,2,sub-12,1.013900637626648,20261010,0,0
0,2,sub-12,0.9306692481040955,20261010,0,0
0,2,sub-12,1.28603994846344,20261010,0,0
0,2,sub-12,0.9904606938362122,20261010,0,0
0,2,sub-14,3.4754583835601807,20261010,0,0
0,2,sub-12,0.9501307606697083,20261010,0,0
0,2,sub-14,1.3149464130401611,20261010,0,0
0,2,sub-11,1.9173485040664673,20261010,0,0
0,2,sub-14,0.8164921998977661,20261010,0,0
0,2,sub-11,1.677354097366333,20261010,0,0
0,2,sub-14,0.7768429517745972,20261010,0,0
0,2,sub-14,0.9689345359802246,20261010,0,0
0,2,sub-11,0.953093409538269,20261010,0,0
0,2,sub-11,1.227327585220337,20261010,0,0
0,2,sub-11,1.3994241952896118,20261010,0,0
0,2,sub-12,0.8844068050384521,20261010,0,0
0,2,sub-11,1.2836116552352905,20261010,0,0
0,2,sub-14,2.380211591720581,20261010,0,0
0,2,sub-12,0.928774356842041,20261010,0,0
0,2,sub-11,1.7011867761611938,20261010,0,0
0,2,sub-12,1.4415074586868286,20261010,0,0
0,2,sub-12,2.290581703186035,20261010,0,0
0,2,sub-14,0.9108718633651733,20261010,0,0
0,2,sub-12,0.878282904624939,20261010,0,0
0,2,sub-14,1.0038987398147583,20261010,0,0
0,2,sub-12,0.9180260896682739,20261010,0,0
0,2,sub-11,1.0855618715286255,20261010,0,0
0,2,sub-12,0.9987396001815796,20261010,0,0
0,2,sub-14,0.6336774230003357,20261010,0,0
0,2,sub-11,0.9351736903190613,20261010,0,0
0,2,sub-11,1.5522730350494385,20261010,0,0
0,2,sub-11,1.5863056182861328,20261010,0,0
0,2,sub-14,1.0366613864898682,20261010,0,0
0,2,sub-14,1.210160493850708,20261010,0,0
0,2,sub-12,1.3174097537994385,20261010,0,0
0,2,sub-12,0.9054874181747437,20261010,0,0
0,2,sub-14,0.9669687151908875,20261010,0,0
0,2,sub-11,0.9716483354568481,20261010,0,0
0,2,sub-12,0.9052250981330872,20261010,0,0
0,2,sub-11,2.103187322616577,20261010,0,0
0,2,sub-12,1.1254684925079346,20261010,0,0
0,2,sub-14,1.248587965965271,20261010,0,0
0,2,sub-14,1.5755326747894287,20261010,0,0
0,2,sub-12,2.1623334884643555,20261010,0,0
0,2,sub-12,1.6362115144729614,20261010,0,0
0,2,sub-14,0.7577277421951294,20261010,0,0
0,2,sub-12,1.2951642274856567,20261010,0,0
0,2,sub-14,1.517930507659912,20261010,0,0
0,2,sub-14,0.7745956778526306,20261010,0,0
0,2,sub-11,2.2116758823394775,20261010,0,0
0,2,sub-14,3.1179158687591553,20261010,0,0
0,2,sub-11,1.4887239933013916,20261010,0,0
0,2,sub-11,0.9912672638893127,20261010,0,0
0,2,sub-14,1.9813759326934814,20261010,0,0
0,2,sub-11,0.9269609451293945,20261010,0,0
0,2,sub-11,1.7115094661712646,20261010,0,0
0,2,sub-14,0.9373900890350342,20261010,0,0
0,2,sub-12,1.0009801387786865,20261010,0,0
0,2,sub-11,1.7436212301254272,20261010,0,0
0,2,sub-12,0.993145227432251,20261010,0,0
0,2,sub-12,1.0094212293624878,20261010,0,0
0,2,sub-11,1.4400004148483276,20261010,0,0
0,2,sub-11,0.9738802313804626,20261010,0,0
0,2,sub-14,0.9650775194168091,20261010,0,0
0,2,sub-14,1.1853333711624146,20261010,0,0
0,2,sub-12,0.8227370977401733,20261010,0,0
0,2,sub-11,1.0031776428222656,20261010,0,0
0,2,sub-11,0.9629479646682739,20261010,0,0
0,2,sub-11,1.3189795017242432,20261010,0,0
0,2,sub-12,0.893567681312561,20261010,0,0
0,2,sub-14,0.9507195949554443,20261010,0,0
0,2,sub-12,2.2964985370635986,20261010,0,0
0,2,sub-14,0.9269773364067078,20261010,0,0
0,2,sub-14,1.061477541923523,20261010,0,0
0,2,sub-11,1.4000866413116455,20261010,0,0
0,2,sub-12,0.8078467845916748,20261010,0,0
0,2,sub-12,0.8766767978668213,20261010,0,0
0,2,sub-12,1.6581305265426636,20261010,0,0
0,2,sub-11,0.9773459434509277,20261010,0,0
0,2,sub-12,1.3732750415802002,20261010,0,0
0,2,sub-11,0.9769536256790161,20261010,0,0
0,2,sub-14,0.9466007947921753,20261010,0,0
0,2,sub-12,1.472155213356018,20261010,0,0
0,2,sub-14,1.405331015586853,20261010,0,0
0,2,sub-14,0.8545522093772888,20261010,0,0
10,2,sub-11,1.393365502357483,20261010,10,5
10,2,sub-12,0.9284479022026062,20261010,10,5
10,2,sub-11,1.419320821762085,20261010,10,5
10,2,sub-12,0.883880615234375,20261010,10,5
10,2,sub-14,0.9194717407226562,20261010,10,5
10,2,sub-11,1.6484309434890747,20261010,10,5
10,2,sub-11,0.9675896763801575,20261010,10,5
10,2,sub-11,0.9588147401809692,20261010,10,5
10,2,sub-12,1.0619876384735107,20261010,10,5
10,2,sub-11,1.0171664953231812,20261010,10,5
10,2,sub-12,0.9601083993911743,20261010,10,5
10,2,sub-12,1.5180144309997559,20261010,10,5
10,2,sub-12,1.195297122001648,20261010,10,5
10,2,sub-14,0.8984957337379456,20261010,10,5
10,2,sub-11,1.3405479192733765,20261010,10,5
10,2,sub-12,0.9458693265914917,20261010,10,5
10,2,sub-12,1.932421326637268,20261010,10,5
10,2,sub-11,1.3596065044403076,20261010,10,5
10,2,sub-12,1.1093511581420898,20261010,10,5
10,2,sub-14,0.9986831545829773,20261010,10,5
10,2,sub-11,1.001469373703003,20261010,10,5
10,2,sub-11,0.8003330826759338,20261010,10,5
10,2,sub-14,0.7359493374824524,20261010,10,5
10,2,sub-12,1.0306288003921509,20261010,10,5
10,2,sub-12,0.8516278266906738,20261010,10,5
10,2,sub-12,0.9379492402076721,20261010,10,5
10,2,sub-12,1.123072862625122,20261010,10,5
10,2,sub-12,0.9415478110313416,20261010,10,5
10,2,sub-11,1.1820775270462036,20261010,10,5
10,2,sub-11,1.0512045621871948,20261010,10,5
10,2,sub-11,1.2043392658233643,20261010,10,5
10,2,sub-12,1.3520005941390991,20261010,10,5
10,2,sub-12,0.8263718485832214,20261010,10,5
10,2,sub-11,1.2837774753570557,20261010,10,5
10,2,sub-14,2.2365872859954834,20261010,10,5
10,2,sub-11,1.2062970399856567,20261010,10,5
10,2,sub-12,0.9495061039924622,20261010,10,5
10,2,sub-11,0.9525311589241028,20261010,10,5
10,2,sub-11,2.0268523693084717,20261010,10,5
10,2,sub-11,0.9532468318939209,20261010,10,5
10,2,sub-11,0.8615153431892395,20261010,10,5
10,2,sub-11,1.4386807680130005,20261010,10,5
10,2,sub-12,0.9661842584609985,20261010,10,5
10,2,sub-14,2.2895476818084717,20261010,10,5
10,2,sub-14,0.9212844371795654,20261010,10,5
10,2,sub-12,0.7277447581291199,20261010,10,5
10,2,sub-14,1.3558392524719238,20261010,10,5
10,2,sub-11,1.0777196884155273,20261010,10,5
10,2,sub-14,1.1084054708480835,20261010,10,5
10,2,sub-11,0.9430184364318848,20261010,10,5
10,2,sub-11,0.9724023938179016,20261010,10,5
10,2,sub-12,0.9550075531005859,20261010,10,5
10,2,sub-12,1.1290576457977295,20261010,10,5
10,2,sub-12,1.0592707395553589,20261010,10,5
10,2,sub-12,1.4599851369857788,20261010,10,5
10,2,sub-11,0.9699083566665649,20261010,10,5
10,2,sub-11,0.8190104961395264,20261010,10,5
10,2,sub-14,0.9991307854652405,20261010,10,5
10,2,sub-11,1.1378499269485474,20261010,10,5
10,2,sub-11,0.9814661145210266,20261010,10,5
10,2,sub-12,1.517059087753296,20261010,10,5
10,2,sub-11,0.9389147162437439,20261010,10,5
10,2,sub-12,1.5929030179977417,20261010,10,5
10,2,sub-11,0.9796022772789001,20261010,10,5
10,2,sub-14,1.7252678871154785,20261010,10,5
10,2,sub-11,1.0570518970489502,20261010,10,5
10,2,sub-11,0.8755984902381897,20261010,10,5
10,2,sub-11,0.7942157983779907,20261010,10,5
10,2,sub-14,1.2260364294052124,20261010,10,5
10,2,sub-14,1.1142303943634033,20261010,10,5
10,2,sub-14,0.9671751856803894,20261010,10,5
10,2,sub-12,1.676390290260315,20261010,10,5
10,2,sub-12,1.8539886474609375,20261010,10,5
10,2,sub-14,0.9789812564849854,20261010,10,5
10,2,sub-11,1.4023282527923584,20261010,10,5
10,2,sub-11,1.282757043838501,20261010,10,5
10,2,sub-12,1.0280413627624512,20261010,10,5
10,2,sub-14,0.9144716262817383,20261010,10,5
10,2,sub-12,0.9731703996658325,20261010,10,5
10,2,sub-12,1.6474545001983643,20261010,10,5
10,2,sub-14,1.3232594728469849,20261010,10,5
10,2,sub-12,0.9994639754295349,20261010,10,5
10,2,sub-11,1.116468906402588,20261010,10,5
10,2,sub-12,0.9706155061721802,20261010,10,5
10,2,sub-14,0.9630224704742432,20261010,10,5
10,2,sub-14,1.6979588270187378,20261010,10,5
10,2,sub-14,0.755818784236908,20261010,10,5
10,2,sub-12,1.0139827728271484,20261010,10,5
10,2,sub-11,0.8572058081626892,20261010,10,5
10,2,sub-12,1.1741019487380981,20261010,10,5
10,2,sub-14,2.9311983585357666,20261010,10,5
10,2,sub-11,1.0161620378494263,20261010,10,5
10,2,sub-12,1.355542540550232,20261010,10,5
10,2,sub-11,0.9207757115364075,20261010,10,5
10,2,sub-12,1.4923524856567383,20261010,10,5
10,2,sub-11,1.014866828918457,20261010,10,5
10,2,sub-14,0.996957540512085,20261010,10,5
10,2,sub-14,1.003596544265747,20261010,10,5
10,2,sub-11,0.9978991746902466,20261010,10,5
10,2,sub-12,0.9903082847595215,20261010,10,5
10,2,sub-11,1.4786889553070068,20261010,10,5
10,2,sub-11,1.0276236534118652,20261010,10,5
10,2,sub-11,0.8192927837371826,20261010,10,5
10,2,sub-11,0.9820546507835388,20261010,10,5
10,2,sub-12,1.6258481740951538,20261010,10,5
10,2,sub-11,1.529488205909729,20261010,10,5
10,2,sub-12,1.4715659618377686,20261010,10,5
10,2,sub-14,0.8915485143661499,20261010,10,5
10,2,sub-14,0.994351863861084,20261010,10,5
10,2,sub-14,1.1268779039382935,20261010,10,5
10,2,sub-12,0.952368974685669,20261010,10,5
10,2,sub-14,2.3000903129577637,20261010,10,5
10,2,sub-14,0.9861274361610413,20261010,10,5
10,2,sub-11,1.0374727249145508,20261010,10,5
10,2,sub-14,1.7886103391647339,20261010,10,5
10,2,sub-11,1.2071205377578735,20261010,10,5
10,2,sub-11,0.9713137149810791,20261010,10,5
10,2,sub-11,0.9615768194198608,20261010,10,5
10,2,sub-14,0.9926214218139648,20261010,10,5
10,2,sub-14,0.944812536239624,20261010,10,5
10,2,sub-14,1.1522774696350098,20261010,10,5
10,2,sub-11,1.278944492340088,20261010,10,5
10,2,sub-14,0.9303402304649353,20261010,10,5
10,2,sub-12,0.7236132025718689,20261010,10,5
10,2,sub-11,0.9725240468978882,20261010,10,5
10,2,sub-11,2.021071434020996,20261010,10,5
10,2,sub-14,1.442242980003357,20261010,10,5
10,2,sub-14,0.9754607677459717,20261010,10,5
10,2,sub-14,0.7652184963226318,20261010,10,5
10,2,sub-11,1.203771710395813,20261010,10,5
10,2,sub-11,0.8660693168640137,20261010,10,5
10,2,sub-11,0.9790522456169128,20261010,10,5
10,2,sub-14,1.239547610282898,20261010,10,5
10,2,sub-14,0.9204888939857483,20261010,10,5
10,2,sub-12,1.1841351985931396,20261010,10,5
10,2,sub-14,1.278753638267517,20261010,10,5
10,2,sub-11,1.0822237730026245,20261010,10,5
10,2,sub-12,0.8372913002967834,20261010,10,5
10,2,sub-14,1.4445655345916748,20261010,10,5
10,2,sub-12,1.3530700206756592,20261010,10,5
10,2,sub-11,1.2197071313858032,20261010,10,5
10,2,sub-14,1.4682512283325195,20261010,10,5
10,2,sub-14,1.26213800907135,20261010,10,5
10,2,sub-11,0.9473751187324524,20261010,10,5
10,2,sub-11,1.3409031629562378,20261010,10,5
10,2,sub-11,2.094733238220215,20261010,10,5
10,2,sub-11,1.9701972007751465,20261010,10,5
10,2,sub-11,1.8305341005325317,20261010,10,5
10,2,sub-11,1.1917879581451416,20261010,10,5
10,2,sub-12,0.9833939671516418,20261010,10,5
10,2,sub-11,1.358352541923523,20261010,10,5
10,2,sub-14,1.4848183393478394,20261010,10,5
10,2,sub-12,1.1713920831680298,20261010,10,5
10,2,sub-14,1.7354607582092285,20261010,10,5
10,2,sub-11,1.0764356851577759,20261010,10,5
10,2,sub-14,0.8468570709228516,20261010,10,5
10,2,sub-11,1.850257396697998,20261010,10,5
10,2,sub-14,1.2449018955230713,20261010,10,5
10,2,sub-14,0.7455201148986816,20261010,10,5
10,2,sub-11,0.9634597301483154,20261010,10,5
10,2,sub-12,1.1209936141967773,20261010,10,5
10,2,sub-11,1.0451852083206177,20261010,10,5
10,2,sub-14,1.1225316524505615,20261010,10,5
10,2,sub-11,0.9385539293289185,20261010,10,5
10,2,sub-11,0.9520306587219238,20261010,10,5
10,2,sub-12,1.7410587072372437,20261010,10,5
10,2,sub-11,0.9997422695159912,20261010,10,5
10,2,sub-11,0.7660760283470154,20261010,10,5
10,2,sub-12,1.2038121223449707,20261010,10,5
10,2,sub-14,0.9980199337005615,20261010,10,5
10,2,sub-11,0.9523504972457886,20261010,10,5
10,2,sub-12,0.9612603783607483,20261010,10,5
10,2,sub-11,0.9991334080696106,20261010,10,5
10,2,sub-14,0.9968996047973633,20261010,10,5
10,2,sub-14,0.6966806650161743,20261010,10,5
10,2,sub-14,0.9995583891868591,20261010,10,5
10,2,sub-12,1.0315628051757812,20261010,10,5
10,2,sub-12,0.9506385326385498,20261010,10,5
10,2,sub-12,0.7344530820846558,20261010,10,5
10,2,sub-12,1.1417629718780518,20261010,10,5
10,2,sub-11,1.2437573671340942,20261010,10,5
10,2,sub-12,1.4860891103744507,20261010,10,5
10,2,sub-14,1.1766221523284912,20261010,10,5
10,2,sub-12,1.3845040798187256,20261010,10,5
10,2,sub-11,0.9845452904701233,20261010,10,5
10,2,sub-14,1.033347249031067,20261010,10,5
10,2,sub-12,1.5879640579223633,20261010,10,5
10,2,sub-12,1.7566531896591187,20261010,10,5
10,2,sub-12,1.2823249101638794,20261010,10,5
10,2,sub-14,0.9714581370353699,20261010,10,5
10,2,sub-11,1.2314194440841675,20261010,10,5
10,2,sub-12,1.2072083950042725,20261010,10,5
10,2,sub-14,1.1001054048538208,20261010,10,5
10,2,sub-14,0.9715931415557861,20261010,10,5
10,2,sub-12,0.9548429846763611,20261010,10,5
10,2,sub-14,0.9543325304985046,20261010,10,5
10,2,sub-14,0.8510841727256775,20261010,10,5
10,2,sub-14,0.9627795219421387,20261010,10,5
10,2,sub-12,1.3014514446258545,20261010,10,5
10,2,sub-11,1.3329299688339233,20261010,10,5
10,2,sub-11,1.4590144157409668,20261010,10,5
10,2,sub-14,2.3803789615631104,20261010,10,5
10,2,sub-11,1.2767847776412964,20261010,10,5
10,2,sub-11,1.203417181968689,20261010,10,5
10,2,sub-12,1.0154402256011963,20261010,10,5
10,2,sub-12,0.9661458134651184,20261010,10,5
10,2,sub-14,0.834660530090332,20261010,10,5
10,2,sub-14,1.0010806322097778,20261010,10,5
10,2,sub-14,1.2460225820541382,20261010,10,5
10,2,sub-14,0.9487196207046509,20261010,10,5
10,2,sub-12,1.7239147424697876,20261010,10,5
10,2,sub-11,0.8214285373687744,20261010,10,5
10,2,sub-11,2.335261106491089,20261010,10,5
10,2,sub-12,1.4715030193328857,20261010,10,5
10,2,sub-14,0.9224503040313721,20261010,10,5
10,2,sub-14,1.1704457998275757,20261010,10,5
10,2,sub-14,1.3447932004928589,20261010,10,5
10,2,sub-11,1.2146944999694824,20261010,10,5
10,2,sub-11,0.8737514019012451,20261010,10,5
10,2,sub-11,1.4637172222137451,20261010,10,5
10,2,sub-14,0.9612329602241516,20261010,10,5
10,2,sub-11,0.9507353901863098,20261010,10,5
10,2,sub-12,1.000143051147461,20261010,10,5
10,2,sub-11,1.0149677991867065,20261010,10,5
10,2,sub-12,0.9095795750617981,20261010,10,5
10,2,sub-11,1.119469404220581,20261010,10,5
10,2,sub-11,1.2911244630813599,20261010,10,5
10,2,sub-14,1.2646671533584595,20261010,10,5
10,2,sub-14,1.5386581420898438,20261010,10,5
10,2,sub-14,0.9426659941673279,20261010,10,5
10,2,sub-11,0.9381377696990967,20261010,10,5
10,2,sub-11,0.7711906433105469,20261010,10,5
10,2,sub-11,0.7537835240364075,20261010,10,5
10,2,sub-11,0.9569790959358215,20261010,10,5
10,2,sub-11,0.979016900062561,20261010,10,5
10,2,sub-14,1.1341618299484253,20261010,10,5
10,2,sub-14,0.9040759801864624,20261010,10,5
10,2,sub-12,1.2853798866271973,20261010,10,5
10,2,sub-14,1.76511812210083,20261010,10,5
10,2,sub-12,1.5290541648864746,20261010,10,5
10,2,sub-11,3.059203624725342,20261010,10,5
10,2,sub-14,2.1531546115875244,20261010,10,5
10,2,sub-11,1.1959010362625122,20261010,10,5
10,2,sub-14,1.0598790645599365,20261010,10,5
10,2,sub-11,1.0632261037826538,20261010,10,5
10,2,sub-11,2.645803213119507,20261010,10,5
10,2,sub-12,1.22368323802948,20261010,10,5
10,2,sub-14,1.5721864700317383,20261010,10,5
10,2,sub-12,1.2119286060333252,20261010,10,5
10,2,sub-11,0.9588735103607178,20261010,10,5
10,2,sub-12,0.9872051477432251,20261010,10,5
10,2,sub-14,1.0284004211425781,20261010,10,5
10,2,sub-11,0.964369535446167,20261010,10,5
10,2,sub-14,2.33254075050354,20261010,10,5
10,2,sub-12,1.668147325515747,20261010,10,5
10,2,sub-11,1.174778699874878,20261010,10,5
10,2,sub-12,0.921763002872467,20261010,10,5
10,2,sub-14,1.1193448305130005,20261010,10,5
10,2,sub-11,0.8893293142318726,20261010,10,5
10,2,sub-12,1.2054312229156494,20261010,10,5
10,2,sub-11,1.0012286901474,20261010,10,5
10,2,sub-11,1.2450050115585327,20261010,10,5
10,2,sub-11,1.2244682312011719,20261010,10,5
10,2,sub-11,2.36993670463562,20261010,10,5
10,2,sub-11,0.933481752872467,20261010,10,5
10,2,sub-12,0.7462427616119385,20261010,10,5
10,2,sub-11,1.0091460943222046,20261010,10,5
10,2,sub-14,0.9852330088615417,20261010,10,5
10,2,sub-14,0.9850834012031555,20261010,10,5
10,2,sub-11,1.3968286514282227,20261010,10,5
10,2,sub-11,1.599962830543518,20261010,10,5
10,2,sub-11,1.3338898420333862,20261010,10,5
10,2,sub-12,1.2452086210250854,20261010,10,5
10,2,sub-12,0.966691792011261,20261010,10,5
10,2,sub-14,0.862690806388855,20261010,10,5
10,2,sub-14,1.0402278900146484,20261010,10,5
10,2,sub-12,0.9455656409263611,20261010,10,5
10,2,sub-11,3.658478021621704,20261010,10,5
10,2,sub-12,1.181213617324829,20261010,10,5
10,2,sub-11,1.8900129795074463,20261010,10,5
10,2,sub-12,0.9990407228469849,20261010,10,5
10,2,sub-12,0.987920343875885,20261010,10,5
10,2,sub-14,0.9887884259223938,20261010,10,5
10,2,sub-11,1.0082420110702515,20261010,10,5
10,2,sub-11,1.098035216331482,20261010,10,5
10,2,sub-14,0.9514361023902893,20261010,10,5
10,2,sub-12,0.8299471735954285,20261010,10,5
10,2,sub-14,1.5071425437927246,20261010,10,5
10,2,sub-14,1.5990924835205078,20261010,10,5
10,2,sub-12,1.1568424701690674,20261010,10,5
10,2,sub-11,0.9800494909286499,20261010,10,5
10,2,sub-12,1.0865010023117065,20261010,10,5
10,2,sub-11,0.9662654995918274,20261010,10,5
10,2,sub-11,1.1992756128311157,20261010,10,5
10,2,sub-14,1.4058526754379272,20261010,10,5
10,2,sub-12,0.956401526927948,20261010,10,5
10,2,sub-12,1.4149240255355835,20261010,10,5
10,2,sub-12,1.2458977699279785,20261010,10,5
10,2,sub-12,1.3691972494125366,20261010,10,5
10,2,sub-12,1.0230141878128052,20261010,10,5
10,2,sub-12,0.9420425295829773,20261010,10,5
10,2,sub-12,1.3027209043502808,20261010,10,5
10,2,sub-12,1.006488561630249,20261010,10,5
10,2,sub-14,3.4753243923187256,20261010,10,5
10,2,sub-12,0.9579960107803345,20261010,10,5
10,2,sub-14,1.3259916305541992,20261010,10,5
10,2,sub-11,1.930528163909912,20261010,10,5
10,2,sub-14,0.8306030631065369,20261010,10,5
10,2,sub-11,1.6782243251800537,20261010,10,5
10,2,sub-14,0.7862609028816223,20261010,10,5
10,2,sub-14,0.9848167300224304,20261010,10,5
10,2,sub-11,0.958383321762085,20261010,10,5
10,2,sub-11,1.232986330986023,20261010,10,5
10,2,sub-11,1.4401437044143677,20261010,10,5
10,2,sub-12,0.8926578760147095,20261010,10,5
10,2,sub-11,1.291335105895996,20261010,10,5
10,2,sub-14,2.382082939147949,20261010,10,5
10,2,sub-12,0.9312041997909546,20261010,10,5
10,2,sub-11,1.7062736749649048,20261010,10,5
10,2,sub-12,1.4594491720199585,20261010,10,5
10,2,sub-12,2.2993645668029785,20261010,10,5
10,2,sub-14,0.9264430999755859,20261010,10,5
10,2,sub-12,0.8858925104141235,20261010,10,5
10,2,sub-14,1.0045983791351318,20261010,10,5
10,2,sub-12,0.9380366206169128,20261010,10,5
10,2,sub-11,1.09268057346344,20261010,10,5
10,2,sub-12,0.9991900324821472,20261010,10,5
10,2,sub-14,0.6518152952194214,20261010,10,5
10,2,sub-11,0.9398800134658813,20261010,10,5
10,2,sub-11,1.560691475868225,20261010,10,5
10,2,sub-11,1.5888551473617554,20261010,10,5
10,2,sub-14,1.0445903539657593,20261010,10,5
10,2,sub-14,1.244215965270996,20261010,10,5
10,2,sub-12,1.3302704095840454,20261010,10,5
10,2,sub-12,0.913728654384613,20261010,10,5
10,2,sub-14,0.9722066521644592,20261010,10,5
10,2,sub-11,0.9824857711791992,20261010,10,5
10,2,sub-12,0.9150673747062683,20261010,10,5
10,2,sub-11,2.103858470916748,20261010,10,5
10,2,sub-12,1.1326242685317993,20261010,10,5
10,2,sub-14,1.2502104043960571,20261010,10,5
10,2,sub-14,1.5802541971206665,20261010,10,5
10,2,sub-12,2.1711342334747314,20261010,10,5
10,2,sub-12,1.6450632810592651,20261010,10,5
10,2,sub-14,0.7717763185501099,20261010,10,5
10,2,sub-12,1.3028701543807983,20261010,10,5
10,2,sub-14,1.5276908874511719,20261010,10,5
10,2,sub-14,0.7819210290908813,20261010,10,5
10,2,sub-11,2.205111265182495,20261010,10,5
10,2,sub-14,3.1220781803131104,20261010,10,5
10,2,sub-11,1.4863665103912354,20261010,10,5
10,2,sub-11,1.0184043645858765,20261010,10,5
10,2,sub-14,1.982832431793213,20261010,10,5
10,2,sub-11,0.9338114261627197,20261010,10,5
10,2,sub-11,1.7582131624221802,20261010,10,5
10,2,sub-14,0.9410587549209595,20261010,10,5
10,2,sub-12,1.0097919702529907,20261010,10,5
10,2,sub-11,1.7888422012329102,20261010,10,5
10,2,sub-12,1.0121843814849854,20261010,10,5
10,2,sub-12,1.010602355003357,20261010,10,5
10,2,sub-11,1.4480215311050415,20261010,10,5
10,2,sub-11,0.9758439064025879,20261010,10,5
10,2,sub-14,0.966623067855835,20261010,10,5
10,2,sub-14,1.1993777751922607,20261010,10,5
10,2,sub-12,0.8313642740249634,20261010,10,5
10,2,sub-11,1.0283044576644897,20261010,10,5
10,2,sub-11,0.9664875864982605,20261010,10,5
10,2,sub-11,1.3177131414413452,20261010,10,5
10,2,sub-12,0.8994584679603577,20261010,10,5
10,2,sub-14,0.9516202211380005,20261010,10,5
10,2,sub-12,2.3015739917755127,20261010,10,5
10,2,sub-14,0.9475700259208679,20261010,10,5
10,2,sub-14,1.0698788166046143,20261010,10,5
10,2,sub-11,1.4393845796585083,20261010,10,5
10,2,sub-12,0.820963442325592,20261010,10,5
10,2,sub-12,0.8882381319999695,20261010,10,5
10,2,sub-12,1.66401207447052,20261010,10,5
10,2,sub-11,0.984018862247467,20261010,10,5
10,2,sub-12,1.3796466588974,20261010,10,5
10,2,sub-11,0.9865695834159851,20261010,10,5
10,2,sub-14,0.9480127096176147,20261010,10,5
10,2,sub-12,1.4812681674957275,20261010,10,5
10,2,sub-14,1.4106240272521973,20261010,10,5
10,2,sub-14,0.8588086366653442,20261010,10,5
30,2,sub-11,1.393031120300293,20261010,30,15
30,2,sub-12,0.9289336800575256,20261010,30,15
30,2,sub-11,1.4193713665008545,20261010,30,15
30,2,sub-12,0.8860231041908264,20261010,30,15
30,2,sub-14,0.9192495346069336,20261010,30,15
30,2,sub-11,1.6481891870498657,20261010,30,15
30,2,sub-11,0.9651566743850708,20261010,30,15
30,2,sub-11,0.960902214050293,20261010,30,15
30,2,sub-12,1.0615923404693604,20261010,30,15
30,2,sub-11,1.0124585628509521,20261010,30,15
30,2,sub-12,0.9601272940635681,20261010,30,15
30,2,sub-12,1.5182896852493286,20261010,30,15
30,2,sub-12,1.1949559450149536,20261010,30,15
30,2,sub-14,0.9004146456718445,20261010,30,15
30,2,sub-11,1.339900016784668,20261010,30,15
30,2,sub-12,0.946036696434021,20261010,30,15
30,2,sub-12,1.931998610496521,20261010,30,15
30,2,sub-11,1.3591814041137695,20261010,30,15
30,2,sub-12,1.1098037958145142,20261010,30,15
30,2,sub-14,0.9987267851829529,20261010,30,15
30,2,sub-11,1.0014889240264893,20261010,30,15
30,2,sub-11,0.7979688048362732,20261010,30,15
30,2,sub-14,0.7398155927658081,20261010,30,15
30,2,sub-12,1.0312901735305786,20261010,30,15
30,2,sub-12,0.8540388345718384,20261010,30,15
30,2,sub-12,0.9412177801132202,20261010,30,15
30,2,sub-12,1.1241074800491333,20261010,30,15
30,2,sub-12,0.9416651725769043,20261010,30,15
30,2,sub-11,1.182555913925171,20261010,30,15
30,2,sub-11,1.0519239902496338,20261010,30,15
30,2,sub-11,1.2048760652542114,20261010,30,15
30,2,sub-12,1.3526930809020996,20261010,30,15
30,2,sub-12,0.8278243541717529,20261010,30,15
30,2,sub-11,1.2820676565170288,20261010,30,15
30,2,sub-14,2.232210874557495,20261010,30,15
30,2,sub-11,1.2055695056915283,20261010,30,15
30,2,sub-12,0.9495171904563904,20261010,30,15
30,2,sub-11,0.9549494981765747,20261010,30,15
30,2,sub-11,2.0198538303375244,20261010,30,15
30,2,sub-11,0.9534075856208801,20261010,30,15
30,2,sub-11,0.8572201728820801,20261010,30,15
30,2,sub-11,1.4333677291870117,20261010,30,15
30,2,sub-12,0.9678643941879272,20261010,30,15
30,2,sub-14,2.2899675369262695,20261010,30,15
30,2,sub-14,0.9220502972602844,20261010,30,15
30,2,sub-12,0.7284507155418396,20261010,30,15
30,2,sub-14,1.3545629978179932,20261010,30,15
30,2,sub-11,1.0762956142425537,20261010,30,15
30,2,sub-14,1.1076276302337646,20261010,30,15
30,2,sub-11,0.9431281089782715,20261010,30,15
30,2,sub-11,0.9727587699890137,20261010,30,15
30,2,sub-12,0.9560033679008484,20261010,30,15
30,2,sub-12,1.1300196647644043,20261010,30,15
30,2,sub-12,1.0606694221496582,20261010,30,15
30,2,sub-12,1.4598034620285034,20261010,30,15
30,2,sub-11,0.9701010584831238,20261010,30,15
30,2,sub-11,0.8155043125152588,20261010,30,15
30,2,sub-14,1.000048279762268,20261010,30,15
30,2,sub-11,1.1372995376586914,20261010,30,15
30,2,sub-11,0.9816519618034363,20261010,30,15
30,2,sub-12,1.516230821609497,20261010,30,15
30,2,sub-11,0.9391611218452454,20261010,30,15
30,2,sub-12,1.5920921564102173,20261010,30,15
30,2,sub-11,0.9762988090515137,20261010,30,15
30,2,sub-14,1.7235112190246582,20261010,30,15
30,2,sub-11,1.056588888168335,20261010,30,15
30,2,sub-11,0.8748842477798462,20261010,30,15
30,2,sub-11,0.7920606732368469,20261010,30,15
30,2,sub-14,1.2298375368118286,20261010,30,15
30,2,sub-14,1.1094512939453125,20261010,30,15
30,2,sub-14,0.9714269042015076,20261010,30,15
30,2,sub-12,1.67583167552948,20261010,30,15
30,2,sub-12,1.8542813062667847,20261010,30,15
30,2,sub-14,0.9788734316825867,20261010,30,15
30,2,sub-11,1.4021259546279907,20261010,30,15
30,2,sub-11,1.2835215330123901,20261010,30,15
30,2,sub-12,1.0289498567581177,20261010,30,15
30,2,sub-14,0.9169550538063049,20261010,30,15
30,2,sub-12,0.9729336500167847,20261010,30,15
30,2,sub-12,1.6477402448654175,20261010,30,15
30,2,sub-14,1.3232736587524414,20261010,30,15
30,2,sub-12,1.0006095170974731,20261010,30,15
30,2,sub-11,1.1159924268722534,20261010,30,15
30,2,sub-12,0.9748131632804871,20261010,30,15
30,2,sub-14,0.962996780872345,20261010,30,15
30,2,sub-14,1.6992230415344238,20261010,30,15
30,2,sub-14,0.7578774690628052,20261010,30,15
30,2,sub-12,1.014379858970642,20261010,30,15
30,2,sub-11,0.8551361560821533,20261010,30,15
30,2,sub-12,1.17356276512146,20261010,30,15
30,2,sub-14,2.930922269821167,20261010,30,15
30,2,sub-11,1.015554666519165,20261010,30,15
30,2,sub-12,1.352587342262268,20261010,30,15
30,2,sub-11,0.915332555770874,20261010,30,15
30,2,sub-12,1.4923845529556274,20261010,30,15
30,2,sub-11,1.0125600099563599,20261010,30,15
30,2,sub-14,0.997201681137085,20261010,30,15
30,2,sub-14,1.0036293268203735,20261010,30,15
30,2,sub-11,0.9979116916656494,20261010,30,15
30,2,sub-12,0.9906318187713623,20261010,30,15
30,2,sub-11,1.477749228477478,20261010,30,15
30,2,sub-11,1.0256339311599731,20261010,30,15
30,2,sub-11,0.8181313276290894,20261010,30,15
30,2,sub-11,0.9820075035095215,20261010,30,15
30,2,sub-12,1.6259359121322632,20261010,30,15
30,2,sub-11,1.5302319526672363,20261010,30,15
30,2,sub-12,1.4705454111099243,20261010,30,15
30,2,sub-14,0.8923076391220093,20261010,30,15
30,2,sub-14,0.9946473836898804,20261010,30,15
30,2,sub-14,1.1282989978790283,20261010,30,15
30,2,sub-12,0.952402651309967,20261010,30,15
30,2,sub-14,2.3012795448303223,20261010,30,15
30,2,sub-14,0.9857564568519592,20261010,30,15
30,2,sub-11,1.0372103452682495,20261010,30,15
30,2,sub-14,1.789229154586792,20261010,30,15
30,2,sub-11,1.207679033279419,20261010,30,15
30,2,sub-11,0.9700842499732971,20261010,30,15
30,2,sub-11,0.9563075304031372,20261010,30,15
30,2,sub-14,0.9927711486816406,20261010,30,15
30,2,sub-14,0.9455809593200684,20261010,30,15
30,2,sub-14,1.1552231311798096,20261010,30,15
30,2,sub-11,1.274057388305664,20261010,30,15
30,2,sub-14,0.9298110008239746,20261010,30,15
30,2,sub-12,0.7245087027549744,20261010,30,15
30,2,sub-11,0.9726696610450745,20261010,30,15
30,2,sub-11,2.0214388370513916,20261010,30,15
30,2,sub-14,1.442125678062439,20261010,30,15
30,2,sub-14,0.9754782319068909,20261010,30,15
30,2,sub-14,0.7721459269523621,20261010,30,15
30,2,sub-11,1.2018866539001465,20261010,30,15
30,2,sub-11,0.8638039827346802,20261010,30,15
30,2,sub-11,0.9793317317962646,20261010,30,15
30,2,sub-14,1.2372260093688965,20261010,30,15
30,2,sub-14,0.9193247556686401,20261010,30,15
30,2,sub-12,1.190738320350647,20261010,30,15
30,2,sub-14,1.2769763469696045,20261010,30,15
30,2,sub-11,1.0822832584381104,20261010,30,15
30,2,sub-12,0.8386325240135193,20261010,30,15
30,2,sub-14,1.4455188512802124,20261010,30,15
30,2,sub-12,1.3546069860458374,20261010,30,15
30,2,sub-11,1.216689109802246,20261010,30,15
30,2,sub-14,1.4696487188339233,20261010,30,15
30,2,sub-14,1.260109305381775,20261010,30,15
30,2,sub-11,0.9444805979728699,20261010,30,15
30,2,sub-11,1.3406563997268677,20261010,30,15
30,2,sub-11,2.0929181575775146,20261010,30,15
30,2,sub-11,1.971810221672058,20261010,30,15
30,2,sub-11,1.8305411338806152,20261010,30,15
30,2,sub-11,1.1911327838897705,20261010,30,15
30,2,sub-12,0.9835448861122131,20261010,30,15
30,2,sub-11,1.3569860458374023,20261010,30,15
30,2,sub-14,1.4851824045181274,20261010,30,15
30,2,sub-12,1.173100233078003,20261010,30,15
30,2,sub-14,1.7329401969909668,20261010,30,15
30,2,sub-11,1.0690382719039917,20261010,30,15
30,2,sub-14,0.8469288945198059,20261010,30,15
30,2,sub-11,1.8499794006347656,20261010,30,15
30,2,sub-14,1.2407077550888062,20261010,30,15
30,2,sub-14,0.7500267624855042,20261010,30,15
30,2,sub-11,0.9567249417304993,20261010,30,15
30,2,sub-12,1.1209543943405151,20261010,30,15
30,2,sub-11,1.042063593864441,20261010,30,15
30,2,sub-14,1.1216933727264404,20261010,30,15
30,2,sub-11,0.9381455183029175,20261010,30,15
30,2,sub-11,0.9520637392997742,20261010,30,15
30,2,sub-12,1.7399406433105469,20261010,30,15
30,2,sub-11,0.9997557997703552,20261010,30,15
30,2,sub-11,0.7644868493080139,20261010,30,15
30,2,sub-12,1.207057237625122,20261010,30,15
30,2,sub-14,0.9980462193489075,20261010,30,15
30,2,sub-11,0.951366126537323,20261010,30,15
30,2,sub-12,0.9609254598617554,20261010,30,15
30,2,sub-11,0.9991599917411804,20261010,30,15
30,2,sub-14,0.9970051050186157,20261010,30,15
30,2,sub-14,0.6967635154724121,20261010,30,15
30,2,sub-14,0.9996032118797302,20261010,30,15
30,2,sub-12,1.031766653060913,20261010,30,15
30,2,sub-12,0.9507061243057251,20261010,30,15
30,2,sub-12,0.7387984991073608,20261010,30,15
30,2,sub-12,1.1425799131393433,20261010,30,15
30,2,sub-11,1.24276864528656,20261010,30,15
30,2,sub-12,1.485986590385437,20261010,30,15
30,2,sub-14,1.1746233701705933,20261010,30,15
30,2,sub-12,1.389310359954834,20261010,30,15
30,2,sub-11,0.9833917617797852,20261010,30,15
30,2,sub-14,1.0313183069229126,20261010,30,15
30,2,sub-12,1.5883480310440063,20261010,30,15
30,2,sub-12,1.7568825483322144,20261010,30,15
30,2,sub-12,1.2831496000289917,20261010,30,15
30,2,sub-14,0.9723442792892456,20261010,30,15
30,2,sub-11,1.2301337718963623,20261010,30,15
30,2,sub-12,1.2070262432098389,20261010,30,15
30,2,sub-14,1.1007030010223389,20261010,30,15
30,2,sub-14,0.9727771282196045,20261010,30,15
30,2,sub-12,0.9552192687988281,20261010,30,15
30,2,sub-14,0.9541745185852051,20261010,30,15
30,2,sub-14,0.8517802357673645,20261010,30,15
30,2,sub-14,0.9635308980941772,20261010,30,15
30,2,sub-12,1.2989064455032349,20261010,30,15
30,2,sub-11,1.3305540084838867,20261010,30,15
30,2,sub-11,1.4606385231018066,20261010,30,15
30,2,sub-14,2.3819162845611572,20261010,30,15
30,2,sub-11,1.2792959213256836,20261010,30,15
30,2,sub-11,1.2036629915237427,20261010,30,15
30,2,sub-12,1.0181210041046143,20261010,30,15
30,2,sub-12,0.9660783410072327,20261010,30,15
30,2,sub-14,0.8346496820449829,20261010,30,15
30,2,sub-14,1.001089096069336,20261010,30,15
30,2,sub-14,1.2464298009872437,20261010,30,15
30,2,sub-14,0.9463943243026733,20261010,30,15
30,2,sub-12,1.7223646640777588,20261010,30,15
30,2,sub-11,0.818421483039856,20261010,30,15
30,2,sub-11,2.334557056427002,20261010,30,15
30,2,sub-12,1.4700943231582642,20261010,30,15
30,2,sub-14,0.9232661724090576,20261010,30,15
30,2,sub-14,1.1699823141098022,20261010,30,15
30,2,sub-14,1.3451467752456665,20261010,30,15
30,2,sub-11,1.214388132095337,20261010,30,15
30,2,sub-11,0.8721453547477722,20261010,30,15
30,2,sub-11,1.4635764360427856,20261010,30,15
30,2,sub-14,0.960925281047821,20261010,30,15
30,2,sub-11,0.950766921043396,20261010,30,15
30,2,sub-12,1.0001763105392456,20261010,30,15
30,2,sub-11,1.0150295495986938,20261010,30,15
30,2,sub-12,0.9166756272315979,20261010,30,15
30,2,sub-11,1.120688557624817,20261010,30,15
30,2,sub-11,1.2914936542510986,20261010,30,15
30,2,sub-14,1.2607636451721191,20261010,30,15
30,2,sub-14,1.5376932621002197,20261010,30,15
30,2,sub-14,0.9427439570426941,20261010,30,15
30,2,sub-11,0.934123158454895,20261010,30,15
30,2,sub-11,0.7621226906776428,20261010,30,15
30,2,sub-11,0.7527543902397156,20261010,30,15
30,2,sub-11,0.9565065503120422,20261010,30,15
30,2,sub-11,0.9791283011436462,20261010,30,15
30,2,sub-14,1.1330426931381226,20261010,30,15
30,2,sub-14,0.903296947479248,20261010,30,15
30,2,sub-12,1.2852518558502197,20261010,30,15
30,2,sub-14,1.7659837007522583,20261010,30,15
30,2,sub-12,1.5285741090774536,20261010,30,15
30,2,sub-11,3.0576982498168945,20261010,30,15
30,2,sub-14,2.1545121669769287,20261010,30,15
30,2,sub-11,1.1955361366271973,20261010,30,15
30,2,sub-14,1.056599736213684,20261010,30,15
30,2,sub-11,1.063397765159607,20261010,30,15
30,2,sub-11,2.6446621417999268,20261010,30,15
30,2,sub-12,1.2239993810653687,20261010,30,15
30,2,sub-14,1.572564721107483,20261010,30,15
30,2,sub-12,1.2132017612457275,20261010,30,15
30,2,sub-11,0.9584186673164368,20261010,30,15
30,2,sub-12,0.989689826965332,20261010,30,15
30,2,sub-14,1.0346157550811768,20261010,30,15
30,2,sub-11,0.9641634821891785,20261010,30,15
30,2,sub-14,2.331613302230835,20261010,30,15
30,2,sub-12,1.6700081825256348,20261010,30,15
30,2,sub-11,1.1690325736999512,20261010,30,15
30,2,sub-12,0.9241923689842224,20261010,30,15
30,2,sub-14,1.1215876340866089,20261010,30,15
30,2,sub-11,0.8856164813041687,20261010,30,15
30,2,sub-12,1.2021225690841675,20261010,30,15
30,2,sub-11,0.9967131018638611,20261010,30,15
30,2,sub-11,1.245345950126648,20261010,30,15
30,2,sub-11,1.2233831882476807,20261010,30,15
30,2,sub-11,2.3694400787353516,20261010,30,15
30,2,sub-11,0.9336529970169067,20261010,30,15
30,2,sub-12,0.7523718476295471,20261010,30,15
30,2,sub-11,1.009751319885254,20261010,30,15
30,2,sub-14,0.9859734177589417,20261010,30,15
30,2,sub-14,0.9855561256408691,20261010,30,15
30,2,sub-11,1.3941634893417358,20261010,30,15
30,2,sub-11,1.600707769393921,20261010,30,15
30,2,sub-11,1.3295499086380005,20261010,30,15
30,2,sub-12,1.2469455003738403,20261010,30,15
30,2,sub-12,0.9664402604103088,20261010,30,15
30,2,sub-14,0.8623924255371094,20261010,30,15
30,2,sub-14,1.0388294458389282,20261010,30,15
30,2,sub-12,0.945587694644928,20261010,30,15
30,2,sub-11,3.657896041870117,20261010,30,15
30,2,sub-12,1.18125319480896,20261010,30,15
30,2,sub-11,1.8891526460647583,20261010,30,15
30,2,sub-12,1.0002140998840332,20261010,30,15
30,2,sub-12,0.9878106713294983,20261010,30,15
30,2,sub-14,0.9888773560523987,20261010,30,15
30,2,sub-11,1.0074044466018677,20261010,30,15
30,2,sub-11,1.095678448677063,20261010,30,15
30,2,sub-14,0.9521788358688354,20261010,30,15
30,2,sub-12,0.8326348662376404,20261010,30,15
30,2,sub-14,1.505963921546936,20261010,30,15
30,2,sub-14,1.599246621131897,20261010,30,15
30,2,sub-12,1.1572978496551514,20261010,30,15
30,2,sub-11,0.9785314202308655,20261010,30,15
30,2,sub-12,1.0818082094192505,20261010,30,15
30,2,sub-11,0.9663702845573425,20261010,30,15
30,2,sub-11,1.1991466283798218,20261010,30,15
30,2,sub-14,1.406063437461853,20261010,30,15
30,2,sub-12,0.9561315178871155,20261010,30,15
30,2,sub-12,1.4147157669067383,20261010,30,15
30,2,sub-12,1.2458767890930176,20261010,30,15
30,2,sub-12,1.3695623874664307,20261010,30,15
30,2,sub-12,1.0231742858886719,20261010,30,15
30,2,sub-12,0.9455594420433044,20261010,30,15
30,2,sub-12,1.302000880241394,20261010,30,15
30,2,sub-12,1.0087682008743286,20261010,30,15
30,2,sub-14,3.473975896835327,20261010,30,15
30,2,sub-12,0.9580432176589966,20261010,30,15
30,2,sub-14,1.325407862663269,20261010,30,15
30,2,sub-11,1.9304441213607788,20261010,30,15
30,2,sub-14,0.8301931619644165,20261010,30,15
30,2,sub-11,1.6758334636688232,20261010,30,15
30,2,sub-14,0.7856818437576294,20261010,30,15
30,2,sub-14,0.9903557300567627,20261010,30,15
30,2,sub-11,0.958599328994751,20261010,30,15
30,2,sub-11,1.2323600053787231,20261010,30,15
30,2,sub-11,1.4358758926391602,20261010,30,15
30,2,sub-12,0.8929764032363892,20261010,30,15
30,2,sub-11,1.2911651134490967,20261010,30,15
30,2,sub-14,2.3811373710632324,20261010,30,15
30,2,sub-12,0.9319557547569275,20261010,30,15
30,2,sub-11,1.7064439058303833,20261010,30,15
30,2,sub-12,1.4583935737609863,20261010,30,15
30,2,sub-12,2.299100637435913,20261010,30,15
30,2,sub-14,0.9278379082679749,20261010,30,15
30,2,sub-12,0.8861544728279114,20261010,30,15
30,2,sub-14,1.0046330690383911,20261010,30,15
30,2,sub-12,0.9385900497436523,20261010,30,15
30,2,sub-11,1.0920380353927612,20261010,30,15
30,2,sub-12,0.9991708397865295,20261010,30,15
30,2,sub-14,0.6513393521308899,20261010,30,15
30,2,sub-11,0.9395392537117004,20261010,30,15
30,2,sub-11,1.5613125562667847,20261010,30,15
30,2,sub-11,1.5884922742843628,20261010,30,15
30,2,sub-14,1.0451892614364624,20261010,30,15
30,2,sub-14,1.244002103805542,20261010,30,15
30,2,sub-12,1.3303707838058472,20261010,30,15
30,2,sub-12,0.9175153374671936,20261010,30,15
30,2,sub-14,0.9720732569694519,20261010,30,15
30,2,sub-11,0.9824514389038086,20261010,30,15
30,2,sub-12,0.9212138056755066,20261010,30,15
30,2,sub-11,2.1045327186584473,20261010,30,15
30,2,sub-12,1.1323312520980835,20261010,30,15
30,2,sub-14,1.2511781454086304,20261010,30,15
30,2,sub-14,1.5804061889648438,20261010,30,15
30,2,sub-12,2.170959949493408,20261010,30,15
30,2,sub-12,1.6451687812805176,20261010,30,15
30,2,sub-14,0.7748051285743713,20261010,30,15
30,2,sub-12,1.3051081895828247,20261010,30,15
30,2,sub-14,1.527775764465332,20261010,30,15
30,2,sub-14,0.7840350866317749,20261010,30,15
30,2,sub-11,2.204706907272339,20261010,30,15
30,2,sub-14,3.1224019527435303,20261010,30,15
30,2,sub-11,1.485149621963501,20261010,30,15
30,2,sub-11,1.0160026550292969,20261010,30,15
30,2,sub-14,1.9828044176101685,20261010,30,15
30,2,sub-11,0.9327599406242371,20261010,30,15
30,2,sub-11,1.7540769577026367,20261010,30,15
30,2,sub-14,0.941186785697937,20261010,30,15
30,2,sub-12,1.013090968132019,20261010,30,15
30,2,sub-11,1.7933613061904907,20261010,30,15
30,2,sub-12,1.0138962268829346,20261010,30,15
30,2,sub-12,1.0106157064437866,20261010,30,15
30,2,sub-11,1.4485528469085693,20261010,30,15
30,2,sub-11,0.9759381413459778,20261010,30,15
30,2,sub-14,0.9710827469825745,20261010,30,15
30,2,sub-14,1.1979379653930664,20261010,30,15
30,2,sub-12,0.8330803513526917,20261010,30,15
30,2,sub-11,1.0257340669631958,20261010,30,15
30,2,sub-11,0.9653971195220947,20261010,30,15
30,2,sub-11,1.317373514175415,20261010,30,15
30,2,sub-12,0.8995437026023865,20261010,30,15
30,2,sub-14,0.9522733688354492,20261010,30,15
30,2,sub-12,2.3004324436187744,20261010,30,15
30,2,sub-14,0.9472161531448364,20261010,30,15
30,2,sub-14,1.0705311298370361,20261010,30,15
30,2,sub-11,1.4404056072235107,20261010,30,15
30,2,sub-12,0.8213707804679871,20261010,30,15
30,2,sub-12,0.8881875872612,20261010,30,15
30,2,sub-12,1.6658883094787598,20261010,30,15
30,2,sub-11,0.982885479927063,20261010,30,15
30,2,sub-12,1.3797752857208252,20261010,30,15
30,2,sub-11,0.9856546521186829,20261010,30,15
30,2,sub-14,0.9489731192588806,20261010,30,15
30,2,sub-12,1.4825243949890137,20261010,30,15
30,2,sub-14,1.4097694158554077,20261010,30,15
30,2,sub-14,0.8596501350402832,20261010,30,15
0,2,sub-12,1.0011142492294312,20261011,0,0
0,2,sub-14,2.992367744445801,20261011,0,0
0,2,sub-12,0.9992871284484863,20261011,0,0
0,2,sub-12,1.005100965499878,20261011,0,0
0,2,sub-12,2.8589868545532227,20261011,0,0
0,2,sub-11,1.6666021347045898,20261011,0,0
0,2,sub-12,0.7940199375152588,20261011,0,0
0,2,sub-11,1.5402863025665283,20261011,0,0
0,2,sub-11,2.862640857696533,20261011,0,0
0,2,sub-14,0.9087610244750977,20261011,0,0
0,2,sub-11,1.5325838327407837,20261011,0,0
0,2,sub-11,1.1297948360443115,20261011,0,0
0,2,sub-11,1.5150108337402344,20261011,0,0
0,2,sub-11,1.2514277696609497,20261011,0,0
0,2,sub-12,1.3808141946792603,20261011,0,0
0,2,sub-14,1.0141576528549194,20261011,0,0
0,2,sub-11,0.9175865054130554,20261011,0,0
0,2,sub-12,1.2675880193710327,20261011,0,0
0,2,sub-11,1.7281568050384521,20261011,0,0
0,2,sub-12,1.2831957340240479,20261011,0,0
0,2,sub-14,1.1777288913726807,20261011,0,0
0,2,sub-11,0.9964562654495239,20261011,0,0
0,2,sub-11,1.1975706815719604,20261011,0,0
0,2,sub-14,1.2118064165115356,20261011,0,0
0,2,sub-12,0.989335834980011,20261011,0,0
0,2,sub-11,1.8976107835769653,20261011,0,0
0,2,sub-12,0.8319329619407654,20261011,0,0
0,2,sub-14,1.460145115852356,20261011,0,0
0,2,sub-12,0.9460011720657349,20261011,0,0
0,2,sub-14,1.7000242471694946,20261011,0,0
0,2,sub-14,3.4900565147399902,20261011,0,0
0,2,sub-12,2.3884153366088867,20261011,0,0
0,2,sub-12,1.5763757228851318,20261011,0,0
0,2,sub-12,0.9517053365707397,20261011,0,0
0,2,sub-12,1.0040628910064697,20261011,0,0
0,2,sub-11,1.1964865922927856,20261011,0,0
0,2,sub-11,2.4732024669647217,20261011,0,0
0,2,sub-14,1.0005804300308228,20261011,0,0
0,2,sub-14,2.8277084827423096,20261011,0,0
0,2,sub-12,0.8391917943954468,20261011,0,0
0,2,sub-12,0.9987354874610901,20261011,0,0
0,2,sub-11,1.0535023212432861,20261011,0,0
0,2,sub-11,0.9938632845878601,20261011,0,0
0,2,sub-12,0.972548246383667,20261011,0,0
0,2,sub-12,1.5600003004074097,20261011,0,0
0,2,sub-11,1.151298999786377,20261011,0,0
0,2,sub-11,1.1690871715545654,20261011,0,0
0,2,sub-14,1.077471137046814,20261011,0,0
0,2,sub-11,1.0555096864700317,20261011,0,0
0,2,sub-11,0.995119035243988,20261011,0,0
0,2,sub-11,1.4102071523666382,20261011,0,0
0,2,sub-14,1.0013346672058105,20261011,0,0
0,2,sub-11,1.226557970046997,20261011,0,0
0,2,sub-12,0.9430601000785828,20261011,0,0
0,2,sub-11,0.9964137077331543,20261011,0,0
0,2,sub-12,1.346225380897522,20261011,0,0
0,2,sub-12,1.360654354095459,20261011,0,0
0,2,sub-12,2.33624267578125,20261011,0,0
0,2,sub-11,1.0868724584579468,20261011,0,0
0,2,sub-14,1.7877262830734253,20261011,0,0
0,2,sub-11,0.7694934010505676,20261011,0,0
0,2,sub-12,1.2678751945495605,20261011,0,0
0,2,sub-11,1.0772948265075684,20261011,0,0
0,2,sub-11,0.9952653050422668,20261011,0,0
0,2,sub-14,0.9884541630744934,20261011,0,0
0,2,sub-11,1.5017471313476562,20261011,0,0
0,2,sub-12,0.9899500608444214,20261011,0,0
0,2,sub-12,1.596237063407898,20261011,0,0
0,2,sub-12,1.0875204801559448,20261011,0,0
0,2,sub-12,1.2294856309890747,20261011,0,0
0,2,sub-11,1.1454373598098755,20261011,0,0
0,2,sub-14,0.9841933846473694,20261011,0,0
0,2,sub-12,2.083064556121826,20261011,0,0
0,2,sub-12,1.4460132122039795,20261011,0,0
0,2,sub-14,1.1306291818618774,20261011,0,0
0,2,sub-14,0.9380444884300232,20261011,0,0
0,2,sub-12,3.113809108734131,20261011,0,0
0,2,sub-14,1.2662116289138794,20261011,0,0
0,2,sub-11,0.9915027618408203,20261011,0,0
0,2,sub-12,1.5448297262191772,20261011,0,0
0,2,sub-12,0.9915929436683655,20261011,0,0
0,2,sub-11,0.8096085786819458,20261011,0,0
0,2,sub-12,1.1898994445800781,20261011,0,0
0,2,sub-14,2.1890757083892822,20261011,0,0
0,2,sub-11,1.8347254991531372,20261011,0,0
0,2,sub-11,1.4141173362731934,20261011,0,0
0,2,sub-12,1.652095913887024,20261011,0,0
0,2,sub-14,1.4714182615280151,20261011,0,0
0,2,sub-14,0.9620981216430664,20261011,0,0
0,2,sub-14,1.378994345664978,20261011,0,0
0,2,sub-14,0.9999977350234985,20261011,0,0
0,2,sub-12,1.584281086921692,20261011,0,0
0,2,sub-12,1.5061254501342773,20261011,0,0
0,2,sub-14,1.0189309120178223,20261011,0,0
0,2,sub-11,1.3779453039169312,20261011,0,0
0,2,sub-12,0.9968846440315247,20261011,0,0
0,2,sub-12,1.632008671760559,20261011,0,0
0,2,sub-14,1.5178285837173462,20261011,0,0
0,2,sub-11,2.1927437782287598,20261011,0,0
0,2,sub-14,1.039489507675171,20261011,0,0
0,2,sub-12,1.0026673078536987,20261011,0,0
0,2,sub-14,1.14716374874115,20261011,0,0
0,2,sub-12,1.179850697517395,20261011,0,0
0,2,sub-14,3.4907355308532715,20261011,0,0
0,2,sub-14,0.9984211325645447,20261011,0,0
0,2,sub-14,2.064462661743164,20261011,0,0
0,2,sub-11,0.9990073442459106,20261011,0,0
0,2,sub-11,1.7963488101959229,20261011,0,0
0,2,sub-14,1.5174521207809448,20261011,0,0
0,2,sub-14,1.3722106218338013,20261011,0,0
0,2,sub-14,0.9283115863800049,20261011,0,0
0,2,sub-11,0.9412859082221985,20261011,0,0
0,2,sub-14,1.295762300491333,20261011,0,0
0,2,sub-11,0.9903877973556519,20261011,0,0
0,2,sub-12,1.4528475999832153,20261011,0,0
0,2,sub-14,1.5892530679702759,20261011,0,0
0,2,sub-12,1.387256145477295,20261011,0,0
0,2,sub-12,1.341172695159912,20261011,0,0
0,2,sub-14,1.6521724462509155,20261011,0,0
0,2,sub-11,0.9871708750724792,20261011,0,0
0,2,sub-14,0.9979569911956787,20261011,0,0
0,2,sub-12,1.843887209892273,20261011,0,0
0,2,sub-11,1.0108932256698608,20261011,0,0
0,2,sub-12,1.235637903213501,20261011,0,0
0,2,sub-12,1.081961750984192,20261011,0,0
0,2,sub-14,1.1989315748214722,20261011,0,0
0,2,sub-12,1.8184099197387695,20261011,0,0
0,2,sub-12,1.6219546794891357,20261011,0,0
0,2,sub-11,1.6156316995620728,20261011,0,0
0,2,sub-12,1.2553335428237915,20261011,0,0
0,2,sub-14,0.9696760773658752,20261011,0,0
0,2,sub-14,0.8960395455360413,20261011,0,0
0,2,sub-11,1.3884668350219727,20261011,0,0
0,2,sub-11,1.0002772808074951,20261011,0,0
0,2,sub-14,0.9982457160949707,20261011,0,0
0,2,sub-12,1.048891305923462,20261011,0,0
0,2,sub-12,0.9895465970039368,20261011,0,0
0,2,sub-14,0.9893878102302551,20261011,0,0
0,2,sub-14,1.9208314418792725,20261011,0,0
0,2,sub-12,0.8963744044303894,20261011,0,0
0,2,sub-11,1.2871044874191284,20261011,0,0
0,2,sub-11,1.9446085691452026,20261011,0,0
0,2,sub-11,0.9389876127243042,20261011,0,0
0,2,sub-14,1.0962133407592773,20261011,0,0
0,2,sub-12,0.8540785312652588,20261011,0,0
0,2,sub-12,0.9844290018081665,20261011,0,0
0,2,sub-14,0.8396273255348206,20261011,0,0
0,2,sub-11,0.992135763168335,20261011,0,0
0,2,sub-11,0.9988976120948792,20261011,0,0
0,2,sub-11,0.9303184747695923,20261011,0,0
0,2,sub-14,1.2447655200958252,20261011,0,0
0,2,sub-12,1.4344511032104492,20261011,0,0
0,2,sub-12,1.0346919298171997,20261011,0,0
0,2,sub-12,1.812978982925415,20261011,0,0
0,2,sub-12,1.1669563055038452,20261011,0,0
0,2,sub-14,0.9626544117927551,20261011,0,0
0,2,sub-12,0.9878549575805664,20261011,0,0
0,2,sub-11,1.6826125383377075,20261011,0,0
0,2,sub-11,1.4859187602996826,20261011,0,0
0,2,sub-12,1.2562599182128906,20261011,0,0
0,2,sub-12,1.1235445737838745,20261011,0,0
0,2,sub-14,0.9900964498519897,20261011,0,0
0,2,sub-11,1.506147027015686,20261011,0,0
0,2,sub-12,0.9637724161148071,20261011,0,0
0,2,sub-12,0.8295772075653076,20261011,0,0
0,2,sub-12,1.1697582006454468,20261011,0,0
0,2,sub-11,1.7126291990280151,20261011,0,0
0,2,sub-11,1.6017956733703613,20261011,0,0
0,2,sub-12,1.633495569229126,20261011,0,0
0,2,sub-14,1.0035046339035034,20261011,0,0
0,2,sub-11,3.2361996173858643,20261011,0,0
0,2,sub-14,0.9987447261810303,20261011,0,0
0,2,sub-11,1.0457500219345093,20261011,0,0
0,2,sub-14,1.7203792333602905,20261011,0,0
0,2,sub-12,1.005434274673462,20261011,0,0
0,2,sub-11,1.790295124053955,20261011,0,0
0,2,sub-12,1.5862022638320923,20261011,0,0
0,2,sub-12,1.3216989040374756,20261011,0,0
0,2,sub-14,0.9990580081939697,20261011,0,0
0,2,sub-11,1.113718032836914,20261011,0,0
0,2,sub-14,0.904126763343811,20261011,0,0
0,2,sub-12,0.8316395878791809,20261011,0,0
0,2,sub-11,1.7409663200378418,20261011,0,0
0,2,sub-12,1.2970718145370483,20261011,0,0
0,2,sub-12,0.9968792200088501,20261011,0,0
0,2,sub-11,1.0035054683685303,20261011,0,0
0,2,sub-14,0.9879111647605896,20261011,0,0
0,2,sub-12,1.1281863451004028,20261011,0,0
0,2,sub-12,1.128185749053955,20261011,0,0
0,2,sub-12,1.0747416019439697,20261011,0,0
0,2,sub-12,1.1025950908660889,20261011,0,0
0,2,sub-11,0.9944362640380859,20261011,0,0
0,2,sub-12,1.1109739542007446,20261011,0,0
0,2,sub-11,1.3195745944976807,20261011,0,0
0,2,sub-14,1.076341152191162,20261011,0,0
0,2,sub-12,1.056241750717163,20261011,0,0
0,2,sub-12,1.0574673414230347,20261011,0,0
0,2,sub-11,1.1936628818511963,20261011,0,0
0,2,sub-14,1.1115564107894897,20261011,0,0
0,2,sub-14,1.1159809827804565,20261011,0,0
0,2,sub-12,0.9367913603782654,20261011,0,0
0,2,sub-12,1.459428310394287,20261011,0,0
0,2,sub-14,1.3927538394927979,20261011,0,0
0,2,sub-14,0.9915746450424194,20261011,0,0
0,2,sub-14,1.0488204956054688,20261011,0,0
0,2,sub-12,1.1530615091323853,20261011,0,0
0,2,sub-14,0.9986193180084229,20261011,0,0
0,2,sub-11,0.9932450652122498,20261011,0,0
0,2,sub-11,1.1326669454574585,20261011,0,0
0,2,sub-11,0.9989307522773743,20261011,0,0
0,2,sub-14,0.889252245426178,20261011,0,0
0,2,sub-14,1.771183729171753,20261011,0,0
0,2,sub-11,0.9526533484458923,20261011,0,0
0,2,sub-14,1.071407675743103,20261011,0,0
0,2,sub-12,0.7967183589935303,20261011,0,0
0,2,sub-12,0.9051875472068787,20261011,0,0
0,2,sub-14,1.5064047574996948,20261011,0,0
0,2,sub-11,0.9713819622993469,20261011,0,0
0,2,sub-11,1.371082067489624,20261011,0,0
0,2,sub-12,2.4859273433685303,20261011,0,0
0,2,sub-12,2.0528717041015625,20261011,0,0
0,2,sub-12,1.1012623310089111,20261011,0,0
0,2,sub-11,0.9487455487251282,20261011,0,0
0,2,sub-14,0.9976634979248047,20261011,0,0
0,2,sub-11,1.743510127067566,20261011,0,0
0,2,sub-11,0.9999750852584839,20261011,0,0
0,2,sub-11,1.1223139762878418,20261011,0,0
0,2,sub-14,1.000219702720642,20261011,0,0
0,2,sub-14,0.7468973398208618,20261011,0,0
0,2,sub-11,0.9988295435905457,20261011,0,0
0,2,sub-14,0.9905531406402588,20261011,0,0
0,2,sub-12,1.6140083074569702,20261011,0,0
0,2,sub-11,1.2858659029006958,20261011,0,0
0,2,sub-11,1.1407641172409058,20261011,0,0
0,2,sub-12,1.3809866905212402,20261011,0,0
0,2,sub-12,2.3516857624053955,20261011,0,0
0,2,sub-11,1.569122314453125,20261011,0,0
0,2,sub-14,1.01529061794281,20261011,0,0
0,2,sub-12,3.246735095977783,20261011,0,0
0,2,sub-11,0.8850046396255493,20261011,0,0
0,2,sub-14,1.3269009590148926,20261011,0,0
0,2,sub-11,2.3998961448669434,20261011,0,0
0,2,sub-11,0.9339820146560669,20261011,0,0
0,2,sub-11,1.0081461668014526,20261011,0,0
0,2,sub-14,1.0680819749832153,20261011,0,0
0,2,sub-12,0.9619912505149841,20261011,0,0
0,2,sub-14,2.1988565921783447,20261011,0,0
0,2,sub-12,1.4516550302505493,20261011,0,0
0,2,sub-12,1.9485340118408203,20261011,0,0
0,2,sub-11,0.9414026737213135,20261011,0,0
0,2,sub-14,0.9979227185249329,20261011,0,0
0,2,sub-11,0.936183750629425,20261011,0,0
0,2,sub-11,0.9725335240364075,20261011,0,0
0,2,sub-12,0.9981573224067688,20261011,0,0
0,2,sub-12,1.0745664834976196,20261011,0,0
0,2,sub-14,0.9663700461387634,20261011,0,0
0,2,sub-11,1.0127540826797485,20261011,0,0
0,2,sub-14,0.9652080535888672,20261011,0,0
0,2,sub-11,0.9765731692314148,20261011,0,0
0,2,sub-14,0.7481122016906738,20261011,0,0
0,2,sub-12,1.4536329507827759,20261011,0,0
0,2,sub-11,1.1807425022125244,20261011,0,0
0,2,sub-12,1.2728567123413086,20261011,0,0
0,2,sub-11,2.127314567565918,20261011,0,0
0,2,sub-12,1.381329894065857,20261011,0,0
0,2,sub-11,2.0002670288085938,20261011,0,0
0,2,sub-12,1.5277299880981445,20261011,0,0
0,2,sub-12,1.0345205068588257,20261011,0,0
0,2,sub-14,1.0303151607513428,20261011,0,0
0,2,sub-12,1.0177563428878784,20261011,0,0
0,2,sub-14,0.9920238852500916,20261011,0,0
0,2,sub-14,0.9135860800743103,20261011,0,0
0,2,sub-12,0.9853658080101013,20261011,0,0
0,2,sub-12,1.4166587591171265,20261011,0,0
0,2,sub-12,1.1820714473724365,20261011,0,0
0,2,sub-14,0.9987978935241699,20261011,0,0
0,2,sub-12,1.159328818321228,20261011,0,0
0,2,sub-11,0.8528802990913391,20261011,0,0
0,2,sub-12,0.924268364906311,20261011,0,0
0,2,sub-12,1.5633426904678345,20261011,0,0
0,2,sub-11,1.4023549556732178,20261011,0,0
0,2,sub-12,0.7710067629814148,20261011,0,0
0,2,sub-14,0.9918813109397888,20261011,0,0
0,2,sub-14,1.4269613027572632,20261011,0,0
0,2,sub-11,1.2172067165374756,20261011,0,0
0,2,sub-11,0.7708808183670044,20261011,0,0
0,2,sub-12,1.256059169769287,20261011,0,0
0,2,sub-14,1.0840325355529785,20261011,0,0
0,2,sub-14,1.7312657833099365,20261011,0,0
0,2,sub-14,1.0260142087936401,20261011,0,0
0,2,sub-12,1.081793189048767,20261011,0,0
0,2,sub-12,0.966916561126709,20261011,0,0
0,2,sub-11,1.1462757587432861,20261011,0,0
0,2,sub-14,1.1888149976730347,20261011,0,0
0,2,sub-14,1.6276606321334839,20261011,0,0
0,2,sub-12,1.7868292331695557,20261011,0,0
0,2,sub-14,1.150957465171814,20261011,0,0
0,2,sub-11,0.8962446451187134,20261011,0,0
0,2,sub-14,1.0053807497024536,20261011,0,0
0,2,sub-11,0.9571213722229004,20261011,0,0
0,2,sub-14,1.2222633361816406,20261011,0,0
0,2,sub-14,1.2547156810760498,20261011,0,0
0,2,sub-14,0.991264283657074,20261011,0,0
0,2,sub-11,1.2557322978973389,20261011,0,0
0,2,sub-14,1.5608139038085938,20261011,0,0
0,2,sub-12,1.1015214920043945,20261011,0,0
0,2,sub-11,0.9829879999160767,20261011,0,0
0,2,sub-12,1.1304069757461548,20261011,0,0
0,2,sub-14,0.9143220782279968,20261011,0,0
0,2,sub-11,0.9392262101173401,20261011,0,0
0,2,sub-11,0.9722738265991211,20261011,0,0
0,2,sub-11,1.2850781679153442,20261011,0,0
0,2,sub-14,1.114107608795166,20261011,0,0
0,2,sub-11,0.8934672474861145,20261011,0,0
0,2,sub-11,1.3788971900939941,20261011,0,0
0,2,sub-14,0.9897498488426208,20261011,0,0
0,2,sub-14,0.9743822813034058,20261011,0,0
0,2,sub-11,0.9969249367713928,20261011,0,0
0,2,sub-11,0.9933273196220398,20261011,0,0
0,2,sub-12,0.9982500076293945,20261011,0,0
0,2,sub-11,1.1596026420593262,20261011,0,0
0,2,sub-14,1.226436972618103,20261011,0,0
0,2,sub-11,1.3454304933547974,20261011,0,0
0,2,sub-12,1.622799038887024,20261011,0,0
0,2,sub-11,0.9735864400863647,20261011,0,0
0,2,sub-11,2.817023992538452,20261011,0,0
0,2,sub-12,1.371376395225525,20261011,0,0
0,2,sub-11,1.6222612857818604,20261011,0,0
0,2,sub-12,1.096522569656372,20261011,0,0
0,2,sub-11,1.6214957237243652,20261011,0,0
0,2,sub-12,1.2822051048278809,20261011,0,0
0,2,sub-14,1.0008774995803833,20261011,0,0
0,2,sub-12,1.0178766250610352,20261011,0,0
0,2,sub-12,1.1569912433624268,20261011,0,0
0,2,sub-12,0.993746817111969,20261011,0,0
0,2,sub-12,1.17264986038208,20261011,0,0
0,2,sub-12,1.215633749961853,20261011,0,0
0,2,sub-11,0.8596659302711487,20261011,0,0
0,2,sub-11,0.9950258135795593,20261011,0,0
0,2,sub-11,0.9685428142547607,20261011,0,0
0,2,sub-14,1.0004217624664307,20261011,0,0
0,2,sub-14,1.1593503952026367,20261011,0,0
0,2,sub-11,1.0062534809112549,20261011,0,0
0,2,sub-14,0.9995750784873962,20261011,0,0
0,2,sub-14,1.3640532493591309,20261011,0,0
0,2,sub-11,1.0867254734039307,20261011,0,0
0,2,sub-12,1.1683543920516968,20261011,0,0
0,2,sub-12,0.9671400785446167,20261011,0,0
0,2,sub-14,1.3279011249542236,20261011,0,0
0,2,sub-12,1.7432796955108643,20261011,0,0
0,2,sub-12,1.0960485935211182,20261011,0,0
0,2,sub-14,2.071962594985962,20261011,0,0
0,2,sub-12,0.9234450459480286,20261011,0,0
0,2,sub-11,0.9981051683425903,20261011,0,0
0,2,sub-11,0.9988099932670593,20261011,0,0
0,2,sub-12,1.3132052421569824,20261011,0,0
0,2,sub-12,0.9970563054084778,20261011,0,0
0,2,sub-11,1.189273715019226,20261011,0,0
0,2,sub-12,0.7691715359687805,20261011,0,0
0,2,sub-14,0.9141054749488831,20261011,0,0
0,2,sub-14,2.9944448471069336,20261011,0,0
0,2,sub-14,0.9091202020645142,20261011,0,0
0,2,sub-11,1.2980238199234009,20261011,0,0
0,2,sub-14,1.0604686737060547,20261011,0,0
0,2,sub-14,2.091299295425415,20261011,0,0
0,2,sub-11,1.5349105596542358,20261011,0,0
0,2,sub-11,1.5418717861175537,20261011,0,0
0,2,sub-12,0.7331200838088989,20261011,0,0
0,2,sub-12,0.9990993142127991,20261011,0,0
0,2,sub-14,1.8976160287857056,20261011,0,0
0,2,sub-12,1.1950806379318237,20261011,0,0
0,2,sub-12,1.1009212732315063,20261011,0,0
0,2,sub-14,1.5130040645599365,20261011,0,0
0,2,sub-14,2.1462981700897217,20261011,0,0
0,2,sub-14,1.295386552810669,20261011,0,0
0,2,sub-14,0.9303715825080872,20261011,0,0
0,2,sub-11,3.0653061866760254,20261011,0,0
0,2,sub-12,0.9984456300735474,20261011,0,0
0,2,sub-11,0.8510520458221436,20261011,0,0
0,2,sub-12,1.149423599243164,20261011,0,0
0,2,sub-14,1.2853410243988037,20261011,0,0
0,2,sub-12,1.4198012351989746,20261011,0,0
0,2,sub-12,0.9954308271408081,20261011,0,0
0,2,sub-14,0.8465436100959778,20261011,0,0
10,2,sub-12,1.002135992050171,20261011,10,5
10,2,sub-14,3.00054669380188,20261011,10,5
10,2,sub-12,0.9991894960403442,20261011,10,5
10,2,sub-12,1.005154013633728,20261011,10,5
10,2,sub-12,2.8578457832336426,20261011,10,5
10,2,sub-11,1.6702830791473389,20261011,10,5
10,2,sub-12,0.8039994239807129,20261011,10,5
10,2,sub-11,1.5539953708648682,20261011,10,5
10,2,sub-11,2.875539541244507,20261011,10,5
10,2,sub-14,0.9163610935211182,20261011,10,5
10,2,sub-11,1.5411698818206787,20261011,10,5
10,2,sub-11,1.1370317935943604,20261011,10,5
10,2,sub-11,1.5184341669082642,20261011,10,5
10,2,sub-11,1.287768840789795,20261011,10,5
10,2,sub-12,1.3883662223815918,20261011,10,5
10,2,sub-14,1.0140289068222046,20261011,10,5
10,2,sub-11,0.9252208471298218,20261011,10,5
10,2,sub-12,1.266644835472107,20261011,10,5
10,2,sub-11,1.73629891872406,20261011,10,5
10,2,sub-12,1.2872037887573242,20261011,10,5
10,2,sub-14,1.1846359968185425,20261011,10,5
10,2,sub-11,0.9970354437828064,20261011,10,5
10,2,sub-11,1.25404691696167,20261011,10,5
10,2,sub-14,1.2163619995117188,20261011,10,5
10,2,sub-12,0.9894315004348755,20261011,10,5
10,2,sub-11,1.9040477275848389,20261011,10,5
10,2,sub-12,0.8382813334465027,20261011,10,5
10,2,sub-14,1.4662353992462158,20261011,10,5
10,2,sub-12,0.9492185115814209,20261011,10,5
10,2,sub-14,1.7068580389022827,20261011,10,5
10,2,sub-14,3.4963533878326416,20261011,10,5
10,2,sub-12,2.3921382427215576,20261011,10,5
10,2,sub-12,1.5780874490737915,20261011,10,5
10,2,sub-12,0.9518020749092102,20261011,10,5
10,2,sub-12,1.0039572715759277,20261011,10,5
10,2,sub-11,1.1974905729293823,20261011,10,5
10,2,sub-11,2.477742910385132,20261011,10,5
10,2,sub-14,1.0005515813827515,20261011,10,5
10,2,sub-14,2.8289453983306885,20261011,10,5
10,2,sub-12,0.8629833459854126,20261011,10,5
10,2,sub-12,0.9988363981246948,20261011,10,5
10,2,sub-11,1.0582911968231201,20261011,10,5
10,2,sub-11,1.0005205869674683,20261011,10,5
10,2,sub-12,0.9815846085548401,20261011,10,5
10,2,sub-12,1.5613120794296265,20261011,10,5
10,2,sub-11,1.149174451828003,20261011,10,5
10,2,sub-11,1.1813803911209106,20261011,10,5
10,2,sub-14,1.1071640253067017,20261011,10,5
10,2,sub-11,1.0682100057601929,20261011,10,5
10,2,sub-11,0.995471715927124,20261011,10,5
10,2,sub-11,1.4157609939575195,20261011,10,5
10,2,sub-14,1.0016512870788574,20261011,10,5
10,2,sub-11,1.2686184644699097,20261011,10,5
10,2,sub-12,0.9494175910949707,20261011,10,5
10,2,sub-11,0.9963205456733704,20261011,10,5
10,2,sub-12,1.3457952737808228,20261011,10,5
10,2,sub-12,1.3594022989273071,20261011,10,5
10,2,sub-12,2.342377185821533,20261011,10,5
10,2,sub-11,1.1029964685440063,20261011,10,5
10,2,sub-14,1.7909587621688843,20261011,10,5
10,2,sub-11,0.7756222486495972,20261011,10,5
10,2,sub-12,1.26749849319458,20261011,10,5
10,2,sub-11,1.0860753059387207,20261011,10,5
10,2,sub-11,0.9954795837402344,20261011,10,5
10,2,sub-14,0.9886343479156494,20261011,10,5
10,2,sub-11,1.4990993738174438,20261011,10,5
10,2,sub-12,0.9909572005271912,20261011,10,5
10,2,sub-12,1.5850893259048462,20261011,10,5
10,2,sub-12,1.094147801399231,20261011,10,5
10,2,sub-12,1.2327171564102173,20261011,10,5
10,2,sub-11,1.1561765670776367,20261011,10,5
10,2,sub-14,0.9831599593162537,20261011,10,5
10,2,sub-12,2.082510232925415,20261011,10,5
10,2,sub-12,1.4444302320480347,20261011,10,5
10,2,sub-14,1.14250910282135,20261011,10,5
10,2,sub-14,0.9413490891456604,20261011,10,5
10,2,sub-12,3.1259472370147705,20261011,10,5
10,2,sub-14,1.2679494619369507,20261011,10,5
10,2,sub-11,0.992059588432312,20261011,10,5
10,2,sub-12,1.5455108880996704,20261011,10,5
10,2,sub-12,0.9918145537376404,20261011,10,5
10,2,sub-11,0.8227719068527222,20261011,10,5
10,2,sub-12,1.193422555923462,20261011,10,5
10,2,sub-14,2.1737496852874756,20261011,10,5
10,2,sub-11,1.8483259677886963,20261011,10,5
10,2,sub-11,1.4130480289459229,20261011,10,5
10,2,sub-12,1.6578285694122314,20261011,10,5
10,2,sub-14,1.4728854894638062,20261011,10,5
10,2,sub-14,0.9732019901275635,20261011,10,5
10,2,sub-14,1.3805720806121826,20261011,10,5
10,2,sub-14,1.000002145767212,20261011,10,5
10,2,sub-12,1.5902806520462036,20261011,10,5
10,2,sub-12,1.5043083429336548,20261011,10,5
10,2,sub-14,1.0299931764602661,20261011,10,5
10,2,sub-11,1.3835258483886719,20261011,10,5
10,2,sub-12,0.9969600439071655,20261011,10,5
10,2,sub-12,1.632671594619751,20261011,10,5
10,2,sub-14,1.5215792655944824,20261011,10,5
10,2,sub-11,2.191138982772827,20261011,10,5
10,2,sub-14,1.0346019268035889,20261011,10,5
10,2,sub-12,1.0026780366897583,20261011,10,5
10,2,sub-14,1.1565459966659546,20261011,10,5
10,2,sub-12,1.1867400407791138,20261011,10,5
10,2,sub-14,3.496095657348633,20261011,10,5
10,2,sub-14,0.9979035258293152,20261011,10,5
10,2,sub-14,2.0667200088500977,20261011,10,5
10,2,sub-11,0.9993281960487366,20261011,10,5
10,2,sub-11,1.8011445999145508,20261011,10,5
10,2,sub-14,1.518310308456421,20261011,10,5
10,2,sub-14,1.3763887882232666,20261011,10,5
10,2,sub-14,0.9608041644096375,20261011,10,5
10,2,sub-11,0.9730591773986816,20261011,10,5
10,2,sub-14,1.2942215204238892,20261011,10,5
10,2,sub-11,0.990445077419281,20261011,10,5
10,2,sub-12,1.4569001197814941,20261011,10,5
10,2,sub-14,1.5956140756607056,20261011,10,5
10,2,sub-12,1.3917499780654907,20261011,10,5
10,2,sub-12,1.346980333328247,20261011,10,5
10,2,sub-14,1.6555253267288208,20261011,10,5
10,2,sub-11,0.992352306842804,20261011,10,5
10,2,sub-14,0.9979997873306274,20261011,10,5
10,2,sub-12,1.8503599166870117,20261011,10,5
10,2,sub-11,1.0141594409942627,20261011,10,5
10,2,sub-12,1.2355397939682007,20261011,10,5
10,2,sub-12,1.0829113721847534,20261011,10,5
10,2,sub-14,1.1990360021591187,20261011,10,5
10,2,sub-12,1.8301236629486084,20261011,10,5
10,2,sub-12,1.6261703968048096,20261011,10,5
10,2,sub-11,1.6042802333831787,20261011,10,5
10,2,sub-12,1.259482979774475,20261011,10,5
10,2,sub-14,0.9697655439376831,20261011,10,5
10,2,sub-14,0.9166691899299622,20261011,10,5
10,2,sub-11,1.3899897336959839,20261011,10,5
10,2,sub-11,1.0004997253417969,20261011,10,5
10,2,sub-14,0.9985144734382629,20261011,10,5
10,2,sub-12,1.0558547973632812,20261011,10,5
10,2,sub-12,0.9905024170875549,20261011,10,5
10,2,sub-14,0.9888654351234436,20261011,10,5
10,2,sub-14,1.9300445318222046,20261011,10,5
10,2,sub-12,0.9066962599754333,20261011,10,5
10,2,sub-11,1.316717505455017,20261011,10,5
10,2,sub-11,1.9438096284866333,20261011,10,5
10,2,sub-11,0.9522148966789246,20261011,10,5
10,2,sub-14,1.0951546430587769,20261011,10,5
10,2,sub-12,0.8612027764320374,20261011,10,5
10,2,sub-12,1.004211187362671,20261011,10,5
10,2,sub-14,0.8300220966339111,20261011,10,5
10,2,sub-11,0.9925506114959717,20261011,10,5
10,2,sub-11,0.9989731907844543,20261011,10,5
10,2,sub-11,0.934260368347168,20261011,10,5
10,2,sub-14,1.2460600137710571,20261011,10,5
10,2,sub-12,1.4408276081085205,20261011,10,5
10,2,sub-12,1.0396724939346313,20261011,10,5
10,2,sub-12,1.8188506364822388,20261011,10,5
10,2,sub-12,1.1826521158218384,20261011,10,5
10,2,sub-14,0.9628638625144958,20261011,10,5
10,2,sub-12,0.9877162575721741,20261011,10,5
10,2,sub-11,1.696068286895752,20261011,10,5
10,2,sub-11,1.5191056728363037,20261011,10,5
10,2,sub-12,1.2517116069793701,20261011,10,5
10,2,sub-12,1.1314719915390015,20261011,10,5
10,2,sub-14,1.0000832080841064,20261011,10,5
10,2,sub-11,1.5599511861801147,20261011,10,5
10,2,sub-12,0.9730424284934998,20261011,10,5
10,2,sub-12,0.8362743258476257,20261011,10,5
10,2,sub-12,1.1817058324813843,20261011,10,5
10,2,sub-11,1.7198816537857056,20261011,10,5
10,2,sub-11,1.5940841436386108,20261011,10,5
10,2,sub-12,1.6375057697296143,20261011,10,5
10,2,sub-14,1.0044162273406982,20261011,10,5
10,2,sub-11,3.254544973373413,20261011,10,5
10,2,sub-14,0.9987131953239441,20261011,10,5
10,2,sub-11,1.0479693412780762,20261011,10,5
10,2,sub-14,1.7268660068511963,20261011,10,5
10,2,sub-12,1.0056284666061401,20261011,10,5
10,2,sub-11,1.7879923582077026,20261011,10,5
10,2,sub-12,1.5886383056640625,20261011,10,5
10,2,sub-12,1.3247861862182617,20261011,10,5
10,2,sub-14,1.0134844779968262,20261011,10,5
10,2,sub-11,1.11393404006958,20261011,10,5
10,2,sub-14,0.9219521880149841,20261011,10,5
10,2,sub-12,0.8341442942619324,20261011,10,5
10,2,sub-11,1.7402582168579102,20261011,10,5
10,2,sub-12,1.2886664867401123,20261011,10,5
10,2,sub-12,0.9967261552810669,20261011,10,5
10,2,sub-11,1.0068596601486206,20261011,10,5
10,2,sub-14,0.9884980320930481,20261011,10,5
10,2,sub-12,1.1312551498413086,20261011,10,5
10,2,sub-12,1.1336565017700195,20261011,10,5
10,2,sub-12,1.0779147148132324,20261011,10,5
10,2,sub-12,1.108227014541626,20261011,10,5
10,2,sub-11,0.9944897294044495,20261011,10,5
10,2,sub-12,1.112714409828186,20261011,10,5
10,2,sub-11,1.3427315950393677,20261011,10,5
10,2,sub-14,1.0822548866271973,20261011,10,5
10,2,sub-12,1.0587016344070435,20261011,10,5
10,2,sub-12,1.0586137771606445,20261011,10,5
10,2,sub-11,1.1923643350601196,20261011,10,5
10,2,sub-14,1.1165318489074707,20261011,10,5
10,2,sub-14,1.1167688369750977,20261011,10,5
10,2,sub-12,0.9634217619895935,20261011,10,5
10,2,sub-12,1.4611858129501343,20261011,10,5
10,2,sub-14,1.409461259841919,20261011,10,5
10,2,sub-14,0.9916235208511353,20261011,10,5
10,2,sub-14,1.0537134408950806,20261011,10,5
10,2,sub-12,1.149209976196289,20261011,10,5
10,2,sub-14,0.9993467330932617,20261011,10,5
10,2,sub-11,1.0001614093780518,20261011,10,5
10,2,sub-11,1.1421678066253662,20261011,10,5
10,2,sub-11,0.9993899464607239,20261011,10,5
10,2,sub-14,0.8947972655296326,20261011,10,5
10,2,sub-14,1.775072455406189,20261011,10,5
10,2,sub-11,0.9644051790237427,20261011,10,5
10,2,sub-14,1.0977935791015625,20261011,10,5
10,2,sub-12,0.8014751076698303,20261011,10,5
10,2,sub-12,0.9112149477005005,20261011,10,5
10,2,sub-14,1.5115792751312256,20261011,10,5
10,2,sub-11,0.978338897228241,20261011,10,5
10,2,sub-11,1.36251699924469,20261011,10,5
10,2,sub-12,2.488856315612793,20261011,10,5
10,2,sub-12,2.055536985397339,20261011,10,5
10,2,sub-12,1.1068753004074097,20261011,10,5
10,2,sub-11,0.9558386206626892,20261011,10,5
10,2,sub-14,0.9976938962936401,20261011,10,5
10,2,sub-11,1.7468504905700684,20261011,10,5
10,2,sub-11,1.0000872611999512,20261011,10,5
10,2,sub-11,1.1250814199447632,20261011,10,5
10,2,sub-14,1.0005186796188354,20261011,10,5
10,2,sub-14,0.7488137483596802,20261011,10,5
10,2,sub-11,0.9987918734550476,20261011,10,5
10,2,sub-14,0.9909409880638123,20261011,10,5
10,2,sub-12,1.6082321405410767,20261011,10,5
10,2,sub-11,1.2882202863693237,20261011,10,5
10,2,sub-11,1.1402900218963623,20261011,10,5
10,2,sub-12,1.3995660543441772,20261011,10,5
10,2,sub-12,2.360424280166626,20261011,10,5
10,2,sub-11,1.562135100364685,20261011,10,5
10,2,sub-14,1.0271576642990112,20261011,10,5
10,2,sub-12,3.254148006439209,20261011,10,5
10,2,sub-11,0.8910287618637085,20261011,10,5
10,2,sub-14,1.3298369646072388,20261011,10,5
10,2,sub-11,2.4139201641082764,20261011,10,5
10,2,sub-11,0.9346131682395935,20261011,10,5
10,2,sub-11,1.0074975490570068,20261011,10,5
10,2,sub-14,1.095458745956421,20261011,10,5
10,2,sub-12,0.9652366638183594,20261011,10,5
10,2,sub-14,2.2068636417388916,20261011,10,5
10,2,sub-12,1.4553357362747192,20261011,10,5
10,2,sub-12,1.9529225826263428,20261011,10,5
10,2,sub-11,0.9487484097480774,20261011,10,5
10,2,sub-14,0.9981642365455627,20261011,10,5
10,2,sub-11,0.9495280385017395,20261011,10,5
10,2,sub-11,0.9727661609649658,20261011,10,5
10,2,sub-12,0.9985961318016052,20261011,10,5
10,2,sub-12,1.0791124105453491,20261011,10,5
10,2,sub-14,0.9672719240188599,20261011,10,5
10,2,sub-11,1.021978735923767,20261011,10,5
10,2,sub-14,0.9680101871490479,20261011,10,5
10,2,sub-11,0.9917571544647217,20261011,10,5
10,2,sub-14,0.7515133619308472,20261011,10,5
10,2,sub-12,1.4556175470352173,20261011,10,5
10,2,sub-11,1.1860785484313965,20261011,10,5
10,2,sub-12,1.284388780593872,20261011,10,5
10,2,sub-11,2.146912097930908,20261011,10,5
10,2,sub-12,1.3834015130996704,20261011,10,5
10,2,sub-11,2.0126254558563232,20261011,10,5
10,2,sub-12,1.5286661386489868,20261011,10,5
10,2,sub-12,1.0396754741668701,20261011,10,5
10,2,sub-14,1.0350242853164673,20261011,10,5
10,2,sub-12,1.0311274528503418,20261011,10,5
10,2,sub-14,1.0000004768371582,20261011,10,5
10,2,sub-14,0.8998774290084839,20261011,10,5
10,2,sub-12,0.9923586249351501,20261011,10,5
10,2,sub-12,1.4194364547729492,20261011,10,5
10,2,sub-12,1.1786497831344604,20261011,10,5
10,2,sub-14,0.9988052248954773,20261011,10,5
10,2,sub-12,1.1610277891159058,20261011,10,5
10,2,sub-11,0.8722087144851685,20261011,10,5
10,2,sub-12,0.9258065819740295,20261011,10,5
10,2,sub-12,1.5599123239517212,20261011,10,5
10,2,sub-11,1.4030572175979614,20261011,10,5
10,2,sub-12,0.7778318524360657,20261011,10,5
10,2,sub-14,0.9920475482940674,20261011,10,5
10,2,sub-14,1.4358290433883667,20261011,10,5
10,2,sub-11,1.2213693857192993,20261011,10,5
10,2,sub-11,0.7711214423179626,20261011,10,5
10,2,sub-12,1.2584331035614014,20261011,10,5
10,2,sub-14,1.089826226234436,20261011,10,5
10,2,sub-14,1.7277913093566895,20261011,10,5
10,2,sub-14,1.0159529447555542,20261011,10,5
10,2,sub-12,1.083777666091919,20261011,10,5
10,2,sub-12,0.9667469263076782,20261011,10,5
10,2,sub-11,1.1483935117721558,20261011,10,5
10,2,sub-14,1.194565773010254,20261011,10,5
10,2,sub-14,1.6275830268859863,20261011,10,5
10,2,sub-12,1.790777564048767,20261011,10,5
10,2,sub-14,1.1537525653839111,20261011,10,5
10,2,sub-11,0.9034165740013123,20261011,10,5
10,2,sub-14,0.9930610060691833,20261011,10,5
10,2,sub-11,0.9706665873527527,20261011,10,5
10,2,sub-14,1.2436022758483887,20261011,10,5
10,2,sub-14,1.254952311515808,20261011,10,5
10,2,sub-14,0.9913697242736816,20261011,10,5
10,2,sub-11,1.256485104560852,20261011,10,5
10,2,sub-14,1.5669708251953125,20261011,10,5
10,2,sub-12,1.1037355661392212,20261011,10,5
10,2,sub-11,0.9997401237487793,20261011,10,5
10,2,sub-12,1.1310874223709106,20261011,10,5
10,2,sub-14,0.9201236367225647,20261011,10,5
10,2,sub-11,0.9416630864143372,20261011,10,5
10,2,sub-11,0.9943038821220398,20261011,10,5
10,2,sub-11,1.286176323890686,20261011,10,5
10,2,sub-14,1.1143141984939575,20261011,10,5
10,2,sub-11,0.9028586149215698,20261011,10,5
10,2,sub-11,1.407341718673706,20261011,10,5
10,2,sub-14,0.989229142665863,20261011,10,5
10,2,sub-14,0.9742090702056885,20261011,10,5
10,2,sub-11,0.9970247149467468,20261011,10,5
10,2,sub-11,0.993664562702179,20261011,10,5
10,2,sub-12,0.998313844203949,20261011,10,5
10,2,sub-11,1.1520041227340698,20261011,10,5
10,2,sub-14,1.2302552461624146,20261011,10,5
10,2,sub-11,1.3866102695465088,20261011,10,5
10,2,sub-12,1.6278408765792847,20261011,10,5
10,2,sub-11,0.9926716089248657,20261011,10,5
10,2,sub-11,2.8370468616485596,20261011,10,5
10,2,sub-12,1.379243016242981,20261011,10,5
10,2,sub-11,1.6279021501541138,20261011,10,5
10,2,sub-12,1.106309413909912,20261011,10,5
10,2,sub-11,1.6258488893508911,20261011,10,5
10,2,sub-12,1.2868462800979614,20261011,10,5
10,2,sub-14,1.0011184215545654,20261011,10,5
10,2,sub-12,1.0226958990097046,20261011,10,5
10,2,sub-12,1.1618728637695312,20261011,10,5
10,2,sub-12,0.993684709072113,20261011,10,5
10,2,sub-12,1.1732866764068604,20261011,10,5
10,2,sub-12,1.2246817350387573,20261011,10,5
10,2,sub-11,0.8578372001647949,20261011,10,5
10,2,sub-11,0.995003342628479,20261011,10,5
10,2,sub-11,0.9765015840530396,20261011,10,5
10,2,sub-14,1.0004329681396484,20261011,10,5
10,2,sub-14,1.1613783836364746,20261011,10,5
10,2,sub-11,1.006420373916626,20261011,10,5
10,2,sub-14,0.9995843172073364,20261011,10,5
10,2,sub-14,1.3615026473999023,20261011,10,5
10,2,sub-11,1.0912442207336426,20261011,10,5
10,2,sub-12,1.172184944152832,20261011,10,5
10,2,sub-12,0.974673330783844,20261011,10,5
10,2,sub-14,1.3332529067993164,20261011,10,5
10,2,sub-12,1.7471009492874146,20261011,10,5
10,2,sub-12,1.1023786067962646,20261011,10,5
10,2,sub-14,2.0805470943450928,20261011,10,5
10,2,sub-12,0.9338087439537048,20261011,10,5
10,2,sub-11,0.9982098340988159,20261011,10,5
10,2,sub-11,0.998935878276825,20261011,10,5
10,2,sub-12,1.316665768623352,20261011,10,5
10,2,sub-12,0.9994400143623352,20261011,10,5
10,2,sub-11,1.1863718032836914,20261011,10,5
10,2,sub-12,0.7722480893135071,20261011,10,5
10,2,sub-14,0.9261870980262756,20261011,10,5
10,2,sub-14,3.00382399559021,20261011,10,5
10,2,sub-14,0.913442075252533,20261011,10,5
10,2,sub-11,1.3043545484542847,20261011,10,5
10,2,sub-14,1.0852751731872559,20261011,10,5
10,2,sub-14,2.100071668624878,20261011,10,5
10,2,sub-11,1.5327339172363281,20261011,10,5
10,2,sub-11,1.5433975458145142,20261011,10,5
10,2,sub-12,0.7354724407196045,20261011,10,5
10,2,sub-12,0.9992089867591858,20261011,10,5
10,2,sub-14,1.9036540985107422,20261011,10,5
10,2,sub-12,1.1958719491958618,20261011,10,5
10,2,sub-12,1.1009721755981445,20261011,10,5
10,2,sub-14,1.512708306312561,20261011,10,5
10,2,sub-14,2.1490302085876465,20261011,10,5
10,2,sub-14,1.2991024255752563,20261011,10,5
10,2,sub-14,0.9186776280403137,20261011,10,5
10,2,sub-11,3.0794472694396973,20261011,10,5
10,2,sub-12,0.998558759689331,20261011,10,5
10,2,sub-11,0.8516658544540405,20261011,10,5
10,2,sub-12,1.1662511825561523,20261011,10,5
10,2,sub-14,1.2815649509429932,20261011,10,5
10,2,sub-12,1.4262021780014038,20261011,10,5
10,2,sub-12,0.9954141974449158,20261011,10,5
10,2,sub-14,0.8528667688369751,20261011,10,5
30,2,sub-12,1.0019667148590088,20261011,30,15
30,2,sub-14,3.002174139022827,20261011,30,15
30,2,sub-12,0.9990608096122742,20261011,30,15
30,2,sub-12,1.0047900676727295,20261011,30,15
30,2,sub-12,2.8594465255737305,20261011,30,15
30,2,sub-11,1.6713685989379883,20261011,30,15
30,2,sub-12,0.8033854365348816,20261011,30,15
30,2,sub-11,1.5560250282287598,20261011,30,15
30,2,sub-11,2.877370834350586,20261011,30,15
30,2,sub-14,0.9121784567832947,20261011,30,15
30,2,sub-11,1.5422401428222656,20261011,30,15
30,2,sub-11,1.1378146409988403,20261011,30,15
30,2,sub-11,1.5181846618652344,20261011,30,15
30,2,sub-11,1.2914602756500244,20261011,30,15
30,2,sub-12,1.383810043334961,20261011,30,15
30,2,sub-14,1.0142234563827515,20261011,30,15
30,2,sub-11,0.9257875680923462,20261011,30,15
30,2,sub-12,1.2741044759750366,20261011,30,15
30,2,sub-11,1.737432599067688,20261011,30,15
30,2,sub-12,1.2840341329574585,20261011,30,15
30,2,sub-14,1.180853009223938,20261011,30,15
30,2,sub-11,0.9983706474304199,20261011,30,15
30,2,sub-11,1.255845546722412,20261011,30,15
30,2,sub-14,1.2136465311050415,20261011,30,15
30,2,sub-12,0.9892618656158447,20261011,30,15
30,2,sub-11,1.9047058820724487,20261011,30,15
30,2,sub-12,0.8382991552352905,20261011,30,15
30,2,sub-14,1.466002106666565,20261011,30,15
30,2,sub-12,0.9472754001617432,20261011,30,15
30,2,sub-14,1.7047547101974487,20261011,30,15
30,2,sub-14,3.4953484535217285,20261011,30,15
30,2,sub-12,2.393880844116211,20261011,30,15
30,2,sub-12,1.5790969133377075,20261011,30,15
30,2,sub-12,0.9510520696640015,20261011,30,15
30,2,sub-12,1.0038973093032837,20261011,30,15
30,2,sub-11,1.1981126070022583,20261011,30,15
30,2,sub-11,2.476848602294922,20261011,30,15
30,2,sub-14,1.0005922317504883,20261011,30,15
30,2,sub-14,2.8308658599853516,20261011,30,15
30,2,sub-12,0.8663856387138367,20261011,30,15
30,2,sub-12,0.9988551139831543,20261011,30,15
30,2,sub-11,1.05657958984375,20261011,30,15
30,2,sub-11,0.9996054768562317,20261011,30,15
30,2,sub-12,0.9793899655342102,20261011,30,15
30,2,sub-12,1.5659985542297363,20261011,30,15
30,2,sub-11,1.1504229307174683,20261011,30,15
30,2,sub-11,1.183341145515442,20261011,30,15
30,2,sub-14,1.10629403591156,20261011,30,15
30,2,sub-11,1.0696803331375122,20261011,30,15
30,2,sub-11,0.9954149127006531,20261011,30,15
30,2,sub-11,1.4170868396759033,20261011,30,15
30,2,sub-14,1.001685380935669,20261011,30,15
30,2,sub-11,1.2737435102462769,20261011,30,15
30,2,sub-12,0.9466915726661682,20261011,30,15
30,2,sub-11,0.9963592886924744,20261011,30,15
30,2,sub-12,1.3445221185684204,20261011,30,15
30,2,sub-12,1.3550926446914673,20261011,30,15
30,2,sub-12,2.3391876220703125,20261011,30,15
30,2,sub-11,1.0931458473205566,20261011,30,15
30,2,sub-14,1.7917834520339966,20261011,30,15
30,2,sub-11,0.7781783938407898,20261011,30,15
30,2,sub-12,1.2686070203781128,20261011,30,15
30,2,sub-11,1.0874625444412231,20261011,30,15
30,2,sub-11,0.9954436421394348,20261011,30,15
30,2,sub-14,0.9886100888252258,20261011,30,15
30,2,sub-11,1.5006027221679688,20261011,30,15
30,2,sub-12,0.9908735752105713,20261011,30,15
30,2,sub-12,1.5956279039382935,20261011,30,15
30,2,sub-12,1.0914033651351929,20261011,30,15
30,2,sub-12,1.234798550605774,20261011,30,15
30,2,sub-11,1.157516360282898,20261011,30,15
30,2,sub-14,0.9836305975914001,20261011,30,15
30,2,sub-12,2.0878963470458984,20261011,30,15
30,2,sub-12,1.4489294290542603,20261011,30,15
30,2,sub-14,1.1343334913253784,20261011,30,15
30,2,sub-14,0.9429720044136047,20261011,30,15
30,2,sub-12,3.1266846656799316,20261011,30,15
30,2,sub-14,1.2704620361328125,20261011,30,15
30,2,sub-11,0.9919695258140564,20261011,30,15
30,2,sub-12,1.5485321283340454,20261011,30,15
30,2,sub-12,0.9918325543403625,20261011,30,15
30,2,sub-11,0.8210220336914062,20261011,30,15
30,2,sub-12,1.1940330266952515,20261011,30,15
30,2,sub-14,2.1843738555908203,20261011,30,15
30,2,sub-11,1.849707841873169,20261011,30,15
30,2,sub-11,1.4138638973236084,20261011,30,15
30,2,sub-12,1.658503770828247,20261011,30,15
30,2,sub-14,1.4731025695800781,20261011,30,15
30,2,sub-14,0.9754709005355835,20261011,30,15
30,2,sub-14,1.3815605640411377,20261011,30,15
30,2,sub-14,0.999975323677063,20261011,30,15
30,2,sub-12,1.5860965251922607,20261011,30,15
30,2,sub-12,1.5066536664962769,20261011,30,15
30,2,sub-14,1.0271754264831543,20261011,30,15
30,2,sub-11,1.382277250289917,20261011,30,15
30,2,sub-12,0.9968641400337219,20261011,30,15
30,2,sub-12,1.633034586906433,20261011,30,15
30,2,sub-14,1.525281548500061,20261011,30,15
30,2,sub-11,2.1967947483062744,20261011,30,15
30,2,sub-14,1.0346262454986572,20261011,30,15
30,2,sub-12,1.002681016921997,20261011,30,15
30,2,sub-14,1.1501423120498657,20261011,30,15
30,2,sub-12,1.1719377040863037,20261011,30,15
30,2,sub-14,3.4946115016937256,20261011,30,15
30,2,sub-14,0.9982773065567017,20261011,30,15
30,2,sub-14,2.0665462017059326,20261011,30,15
30,2,sub-11,0.9992755651473999,20261011,30,15
30,2,sub-11,1.8015447854995728,20261011,30,15
30,2,sub-14,1.5180150270462036,20261011,30,15
30,2,sub-14,1.374875783920288,20261011,30,15
30,2,sub-14,0.9601507186889648,20261011,30,15
30,2,sub-11,0.9771820306777954,20261011,30,15
30,2,sub-14,1.2934343814849854,20261011,30,15
30,2,sub-11,0.9903789162635803,20261011,30,15
30,2,sub-12,1.4562795162200928,20261011,30,15
30,2,sub-14,1.594139575958252,20261011,30,15
30,2,sub-12,1.3852624893188477,20261011,30,15
30,2,sub-12,1.3389173746109009,20261011,30,15
30,2,sub-14,1.6585787534713745,20261011,30,15
30,2,sub-11,0.9918951392173767,20261011,30,15
30,2,sub-14,0.998056948184967,20261011,30,15
30,2,sub-12,1.8604048490524292,20261011,30,15
30,2,sub-11,1.0123790502548218,20261011,30,15
30,2,sub-12,1.2314120531082153,20261011,30,15
30,2,sub-12,1.0793147087097168,20261011,30,15
30,2,sub-14,1.2005975246429443,20261011,30,15
30,2,sub-12,1.832504153251648,20261011,30,15
30,2,sub-12,1.6297192573547363,20261011,30,15
30,2,sub-11,1.611752986907959,20261011,30,15
30,2,sub-12,1.2577810287475586,20261011,30,15
30,2,sub-14,0.9696089625358582,20261011,30,15
30,2,sub-14,0.9163051247596741,20261011,30,15
30,2,sub-11,1.3907344341278076,20261011,30,15
30,2,sub-11,1.0004099607467651,20261011,30,15
30,2,sub-14,0.9984982013702393,20261011,30,15
30,2,sub-12,1.0570484399795532,20261011,30,15
30,2,sub-12,0.9906429052352905,20261011,30,15
30,2,sub-14,0.9893943071365356,20261011,30,15
30,2,sub-14,1.922505259513855,20261011,30,15
30,2,sub-12,0.9077584743499756,20261011,30,15
30,2,sub-11,1.3187828063964844,20261011,30,15
30,2,sub-11,1.944173812866211,20261011,30,15
30,2,sub-11,0.9535500407218933,20261011,30,15
30,2,sub-14,1.0975265502929688,20261011,30,15
30,2,sub-12,0.8613431453704834,20261011,30,15
30,2,sub-12,1.003759503364563,20261011,30,15
30,2,sub-14,0.8356065154075623,20261011,30,15
30,2,sub-11,0.9926534295082092,20261011,30,15
30,2,sub-11,0.9989508986473083,20261011,30,15
30,2,sub-11,0.932608962059021,20261011,30,15
30,2,sub-14,1.2475554943084717,20261011,30,15
30,2,sub-12,1.4396984577178955,20261011,30,15
30,2,sub-12,1.0256975889205933,20261011,30,15
30,2,sub-12,1.816948652267456,20261011,30,15
30,2,sub-12,1.182342529296875,20261011,30,15
30,2,sub-14,0.9628787040710449,20261011,30,15
30,2,sub-12,0.9879211187362671,20261011,30,15
30,2,sub-11,1.698216199874878,20261011,30,15
30,2,sub-11,1.5218206644058228,20261011,30,15
30,2,sub-12,1.2581830024719238,20261011,30,15
30,2,sub-12,1.1291722059249878,20261011,30,15
30,2,sub-14,1.0030485391616821,20261011,30,15
30,2,sub-11,1.5567065477371216,20261011,30,15
30,2,sub-12,0.969566285610199,20261011,30,15
30,2,sub-12,0.8366100788116455,20261011,30,15
30,2,sub-12,1.1816062927246094,20261011,30,15
30,2,sub-11,1.7209734916687012,20261011,30,15
30,2,sub-11,1.5972926616668701,20261011,30,15
30,2,sub-12,1.6159509420394897,20261011,30,15
30,2,sub-14,1.0040372610092163,20261011,30,15
30,2,sub-11,3.2569432258605957,20261011,30,15
30,2,sub-14,0.9987423419952393,20261011,30,15
30,2,sub-11,1.047720193862915,20261011,30,15
30,2,sub-14,1.7274646759033203,20261011,30,15
30,2,sub-12,1.005690336227417,20261011,30,15
30,2,sub-11,1.7920658588409424,20261011,30,15
30,2,sub-12,1.589629054069519,20261011,30,15
30,2,sub-12,1.3245548009872437,20261011,30,15
30,2,sub-14,1.0131700038909912,20261011,30,15
30,2,sub-11,1.116225004196167,20261011,30,15
30,2,sub-14,0.9207375645637512,20261011,30,15
30,2,sub-12,0.8321466445922852,20261011,30,15
30,2,sub-11,1.741431474685669,20261011,30,15
30,2,sub-12,1.3010588884353638,20261011,30,15
30,2,sub-12,0.996608316898346,20261011,30,15
30,2,sub-11,1.0100860595703125,20261011,30,15
30,2,sub-14,0.9884853959083557,20261011,30,15
30,2,sub-12,1.1342424154281616,20261011,30,15
30,2,sub-12,1.1335335969924927,20261011,30,15
30,2,sub-12,1.0687880516052246,20261011,30,15
30,2,sub-12,1.1087112426757812,20261011,30,15
30,2,sub-11,0.9944109916687012,20261011,30,15
30,2,sub-12,1.103536605834961,20261011,30,15
30,2,sub-11,1.344924807548523,20261011,30,15
30,2,sub-14,1.0820153951644897,20261011,30,15
30,2,sub-12,1.0656226873397827,20261011,30,15
30,2,sub-12,1.0570034980773926,20261011,30,15
30,2,sub-11,1.19416081905365,20261011,30,15
30,2,sub-14,1.1205698251724243,20261011,30,15
30,2,sub-14,1.118628740310669,20261011,30,15
30,2,sub-12,0.9618634581565857,20261011,30,15
30,2,sub-12,1.461549162864685,20261011,30,15
30,2,sub-14,1.398136854171753,20261011,30,15
30,2,sub-14,0.9917470812797546,20261011,30,15
30,2,sub-14,1.0535424947738647,20261011,30,15
30,2,sub-12,1.1458003520965576,20261011,30,15
30,2,sub-14,0.9991939663887024,20261011,30,15
30,2,sub-11,0.9993103742599487,20261011,30,15
30,2,sub-11,1.1435065269470215,20261011,30,15
30,2,sub-11,0.9994842410087585,20261011,30,15
30,2,sub-14,0.8948934078216553,20261011,30,15
30,2,sub-14,1.775526523590088,20261011,30,15
30,2,sub-11,0.9640334248542786,20261011,30,15
30,2,sub-14,1.097168207168579,20261011,30,15
30,2,sub-12,0.8008659482002258,20261011,30,15
30,2,sub-12,0.9097867012023926,20261011,30,15
30,2,sub-14,1.512524127960205,20261011,30,15
30,2,sub-11,0.976783037185669,20261011,30,15
30,2,sub-11,1.3648451566696167,20261011,30,15
30,2,sub-12,2.4894373416900635,20261011,30,15
30,2,sub-12,2.0591936111450195,20261011,30,15
30,2,sub-12,1.1054564714431763,20261011,30,15
30,2,sub-11,0.9528022408485413,20261011,30,15
30,2,sub-14,0.9977021217346191,20261011,30,15
30,2,sub-11,1.7470722198486328,20261011,30,15
30,2,sub-11,1.0000594854354858,20261011,30,15
30,2,sub-11,1.1257402896881104,20261011,30,15
30,2,sub-14,1.000404953956604,20261011,30,15
30,2,sub-14,0.7500959038734436,20261011,30,15
30,2,sub-11,0.9987862706184387,20261011,30,15
30,2,sub-14,0.9907001256942749,20261011,30,15
30,2,sub-12,1.6161972284317017,20261011,30,15
30,2,sub-11,1.2888683080673218,20261011,30,15
30,2,sub-11,1.1413594484329224,20261011,30,15
30,2,sub-12,1.4020601511001587,20261011,30,15
30,2,sub-12,2.367025375366211,20261011,30,15
30,2,sub-11,1.5686233043670654,20261011,30,15
30,2,sub-14,1.029688835144043,20261011,30,15
30,2,sub-12,3.253912925720215,20261011,30,15
30,2,sub-11,0.8882286548614502,20261011,30,15
30,2,sub-14,1.3334368467330933,20261011,30,15
30,2,sub-11,2.415813684463501,20261011,30,15
30,2,sub-11,0.9338663220405579,20261011,30,15
30,2,sub-11,1.0076366662979126,20261011,30,15
30,2,sub-14,1.0948338508605957,20261011,30,15
30,2,sub-12,0.9627018570899963,20261011,30,15
30,2,sub-14,2.2083184719085693,20261011,30,15
30,2,sub-12,1.4526945352554321,20261011,30,15
30,2,sub-12,1.956403374671936,20261011,30,15
30,2,sub-11,0.9462436437606812,20261011,30,15
30,2,sub-14,0.9981430172920227,20261011,30,15
30,2,sub-11,0.9434636235237122,20261011,30,15
30,2,sub-11,0.9726447463035583,20261011,30,15
30,2,sub-12,0.9987495541572571,20261011,30,15
30,2,sub-12,1.0717610120773315,20261011,30,15
30,2,sub-14,0.9683878421783447,20261011,30,15
30,2,sub-11,1.0229995250701904,20261011,30,15
30,2,sub-14,0.9677385091781616,20261011,30,15
30,2,sub-11,0.9913529753684998,20261011,30,15
30,2,sub-14,0.7524484395980835,20261011,30,15
30,2,sub-12,1.45766019821167,20261011,30,15
30,2,sub-11,1.1839317083358765,20261011,30,15
30,2,sub-12,1.2707271575927734,20261011,30,15
30,2,sub-11,2.148601770401001,20261011,30,15
30,2,sub-12,1.3833942413330078,20261011,30,15
30,2,sub-11,2.013958692550659,20261011,30,15
30,2,sub-12,1.5243403911590576,20261011,30,15
30,2,sub-12,1.0403398275375366,20261011,30,15
30,2,sub-14,1.0368989706039429,20261011,30,15
30,2,sub-12,1.0351988077163696,20261011,30,15
30,2,sub-14,0.9997836351394653,20261011,30,15
30,2,sub-14,0.8999477028846741,20261011,30,15
30,2,sub-12,0.9898930788040161,20261011,30,15
30,2,sub-12,1.4183937311172485,20261011,30,15
30,2,sub-12,1.1982821226119995,20261011,30,15
30,2,sub-14,0.9988015294075012,20261011,30,15
30,2,sub-12,1.1586501598358154,20261011,30,15
30,2,sub-11,0.8737658858299255,20261011,30,15
30,2,sub-12,0.9259694814682007,20261011,30,15
30,2,sub-12,1.569243311882019,20261011,30,15
30,2,sub-11,1.4038076400756836,20261011,30,15
30,2,sub-12,0.7780745029449463,20261011,30,15
30,2,sub-14,0.9920146465301514,20261011,30,15
30,2,sub-14,1.4325000047683716,20261011,30,15
30,2,sub-11,1.2204759120941162,20261011,30,15
30,2,sub-11,0.7732406854629517,20261011,30,15
30,2,sub-12,1.2571214437484741,20261011,30,15
30,2,sub-14,1.0894168615341187,20261011,30,15
30,2,sub-14,1.726899266242981,20261011,30,15
30,2,sub-14,1.0222675800323486,20261011,30,15
30,2,sub-12,1.0800517797470093,20261011,30,15
30,2,sub-12,0.9670947194099426,20261011,30,15
30,2,sub-11,1.1487610340118408,20261011,30,15
30,2,sub-14,1.194356083869934,20261011,30,15
30,2,sub-14,1.628144383430481,20261011,30,15
30,2,sub-12,1.7903624773025513,20261011,30,15
30,2,sub-14,1.155210018157959,20261011,30,15
30,2,sub-11,0.9009733200073242,20261011,30,15
30,2,sub-14,0.9931892156600952,20261011,30,15
30,2,sub-11,0.9681853652000427,20261011,30,15
30,2,sub-14,1.2437653541564941,20261011,30,15
30,2,sub-14,1.2544571161270142,20261011,30,15
30,2,sub-14,0.9913563132286072,20261011,30,15
30,2,sub-11,1.2568546533584595,20261011,30,15
30,2,sub-14,1.5649129152297974,20261011,30,15
30,2,sub-12,1.103667140007019,20261011,30,15
30,2,sub-11,0.9952874183654785,20261011,30,15
30,2,sub-12,1.1300523281097412,20261011,30,15
30,2,sub-14,0.9196799397468567,20261011,30,15
30,2,sub-11,0.9421235918998718,20261011,30,15
30,2,sub-11,0.9968466758728027,20261011,30,15
30,2,sub-11,1.2864289283752441,20261011,30,15
30,2,sub-14,1.1153875589370728,20261011,30,15
30,2,sub-11,0.8998910188674927,20261011,30,15
30,2,sub-11,1.4108989238739014,20261011,30,15
30,2,sub-14,0.9896724820137024,20261011,30,15
30,2,sub-14,0.9739810228347778,20261011,30,15
30,2,sub-11,0.9969879984855652,20261011,30,15
30,2,sub-11,0.9935910701751709,20261011,30,15
30,2,sub-12,0.9983143210411072,20261011,30,15
30,2,sub-11,1.1539005041122437,20261011,30,15
30,2,sub-14,1.233248233795166,20261011,30,15
30,2,sub-11,1.3861274719238281,20261011,30,15
30,2,sub-12,1.6235350370407104,20261011,30,15
30,2,sub-11,0.9836395978927612,20261011,30,15
30,2,sub-11,2.8392293453216553,20261011,30,15
30,2,sub-12,1.3830353021621704,20261011,30,15
30,2,sub-11,1.6283180713653564,20261011,30,15
30,2,sub-12,1.1047807931900024,20261011,30,15
30,2,sub-11,1.6279937028884888,20261011,30,15
30,2,sub-12,1.2812913656234741,20261011,30,15
30,2,sub-14,1.0010876655578613,20261011,30,15
30,2,sub-12,1.0140845775604248,20261011,30,15
30,2,sub-12,1.1626026630401611,20261011,30,15
30,2,sub-12,0.9936041235923767,20261011,30,15
30,2,sub-12,1.1717278957366943,20261011,30,15
30,2,sub-12,1.222874641418457,20261011,30,15
30,2,sub-11,0.859653651714325,20261011,30,15
30,2,sub-11,0.9950037002563477,20261011,30,15
30,2,sub-11,0.9720691442489624,20261011,30,15
30,2,sub-14,1.0003876686096191,20261011,30,15
30,2,sub-14,1.1620824337005615,20261011,30,15
30,2,sub-11,1.0064467191696167,20261011,30,15
30,2,sub-14,0.9995888471603394,20261011,30,15
30,2,sub-14,1.3655427694320679,20261011,30,15
30,2,sub-11,1.0892664194107056,20261011,30,15
30,2,sub-12,1.17035973072052,20261011,30,15
30,2,sub-12,0.9737001061439514,20261011,30,15
30,2,sub-14,1.3287338018417358,20261011,30,15
30,2,sub-12,1.7487962245941162,20261011,30,15
30,2,sub-12,1.098017930984497,20261011,30,15
30,2,sub-14,2.0821478366851807,20261011,30,15
30,2,sub-12,0.9311109781265259,20261011,30,15
30,2,sub-11,0.9982200860977173,20261011,30,15
30,2,sub-11,0.9989137649536133,20261011,30,15
30,2,sub-12,1.3195627927780151,20261011,30,15
30,2,sub-12,0.9975786805152893,20261011,30,15
30,2,sub-11,1.1880041360855103,20261011,30,15
30,2,sub-12,0.7693858742713928,20261011,30,15
30,2,sub-14,0.9257312417030334,20261011,30,15
30,2,sub-14,3.0035641193389893,20261011,30,15
30,2,sub-14,0.913202702999115,20261011,30,15
30,2,sub-11,1.304876685142517,20261011,30,15
30,2,sub-14,1.0827715396881104,20261011,30,15
30,2,sub-14,2.1004087924957275,20261011,30,15
30,2,sub-11,1.5337748527526855,20261011,30,15
30,2,sub-11,1.5442026853561401,20261011,30,15
30,2,sub-12,0.7318571209907532,20261011,30,15
30,2,sub-12,0.9992077946662903,20261011,30,15
30,2,sub-14,1.9037803411483765,20261011,30,15
30,2,sub-12,1.1946719884872437,20261011,30,15
30,2,sub-12,1.0994423627853394,20261011,30,15
30,2,sub-14,1.515875220298767,20261011,30,15
30,2,sub-14,2.148285150527954,20261011,30,15
30,2,sub-14,1.2977073192596436,20261011,30,15
30,2,sub-14,0.9188610315322876,20261011,30,15
30,2,sub-11,3.0808210372924805,20261011,30,15
30,2,sub-12,0.9985530972480774,20261011,30,15
30,2,sub-11,0.8528959155082703,20261011,30,15
30,2,sub-12,1.1663193702697754,20261011,30,15
30,2,sub-14,1.2893894910812378,20261011,30,15
30,2,sub-12,1.4206587076187134,20261011,30,15
30,2,sub-12,0.9952119588851929,20261011,30,15
30,2,sub-14,0.8537423610687256,20261011,30,15
0,3,sub-15,2.064716339111328,20261010,0,0
0,3,sub-18,0.8191180229187012,20261010,0,0
0,3,sub-18,1.2526966333389282,20261010,0,0
0,3,sub-17,1.238118290901184,20261010,0,0
0,3,sub-18,1.5825656652450562,20261010,0,0
0,3,sub-15,1.407467007637024,20261010,0,0
0,3,sub-17,0.9969420433044434,20261010,0,0
0,3,sub-17,1.349952220916748,20261010,0,0
0,3,sub-17,0.883813738822937,20261010,0,0
0,3,sub-17,2.1192126274108887,20261010,0,0
0,3,sub-15,1.3706966638565063,20261010,0,0
0,3,sub-18,1.0170409679412842,20261010,0,0
0,3,sub-18,1.1015738248825073,20261010,0,0
0,3,sub-15,0.8258668184280396,20261010,0,0
0,3,sub-18,0.845712423324585,20261010,0,0
0,3,sub-15,1.7594218254089355,20261010,0,0
0,3,sub-15,0.8529434204101562,20261010,0,0
0,3,sub-15,0.9575018286705017,20261010,0,0
0,3,sub-15,0.8760842680931091,20261010,0,0
0,3,sub-17,2.14182186126709,20261010,0,0
0,3,sub-17,1.0061395168304443,20261010,0,0
0,3,sub-18,0.9743078947067261,20261010,0,0
0,3,sub-17,0.8693692088127136,20261010,0,0
0,3,sub-17,0.9771379232406616,20261010,0,0
0,3,sub-17,1.021896243095398,20261010,0,0
0,3,sub-18,1.543502926826477,20261010,0,0
0,3,sub-18,1.4074183702468872,20261010,0,0
0,3,sub-15,0.980846643447876,20261010,0,0
0,3,sub-18,1.4387186765670776,20261010,0,0
0,3,sub-18,0.9506699442863464,20261010,0,0
0,3,sub-18,0.9240385293960571,20261010,0,0
0,3,sub-15,1.2541210651397705,20261010,0,0
0,3,sub-15,1.7482866048812866,20261010,0,0
0,3,sub-18,0.9971984624862671,20261010,0,0
0,3,sub-17,0.9777592420578003,20261010,0,0
0,3,sub-15,1.6774359941482544,20261010,0,0
0,3,sub-17,1.060381293296814,20261010,0,0
0,3,sub-15,4.140842914581299,20261010,0,0
0,3,sub-18,0.953777551651001,20261010,0,0
0,3,sub-17,0.9123992919921875,20261010,0,0
0,3,sub-18,1.0054469108581543,20261010,0,0
0,3,sub-18,0.7953318357467651,20261010,0,0
0,3,sub-15,1.8273563385009766,20261010,0,0
0,3,sub-18,0.7872207760810852,20261010,0,0
0,3,sub-18,2.2312512397766113,20261010,0,0
0,3,sub-18,0.9347645044326782,20261010,0,0
0,3,sub-17,1.2631876468658447,20261010,0,0
0,3,sub-17,1.2017337083816528,20261010,0,0
0,3,sub-18,1.2885099649429321,20261010,0,0
0,3,sub-15,2.6661624908447266,20261010,0,0
0,3,sub-18,0.9521834254264832,20261010,0,0
0,3,sub-18,1.1129341125488281,20261010,0,0
0,3,sub-18,1.0235614776611328,20261010,0,0
0,3,sub-18,1.1213573217391968,20261010,0,0
0,3,sub-15,0.8591295480728149,20261010,0,0
0,3,sub-18,0.7756862640380859,20261010,0,0
0,3,sub-18,0.9552538990974426,20261010,0,0
0,3,sub-15,0.8327434659004211,20261010,0,0
0,3,sub-18,0.8934224247932434,20261010,0,0
0,3,sub-17,0.9743527173995972,20261010,0,0
0,3,sub-18,0.8877331614494324,20261010,0,0
0,3,sub-18,0.8419960737228394,20261010,0,0
0,3,sub-17,0.9106172323226929,20261010,0,0
0,3,sub-15,1.7448253631591797,20261010,0,0
0,3,sub-18,1.0069860219955444,20261010,0,0
0,3,sub-18,1.332473874092102,20261010,0,0
0,3,sub-17,0.9820669889450073,20261010,0,0
0,3,sub-15,1.378425121307373,20261010,0,0
0,3,sub-17,1.1471441984176636,20261010,0,0
0,3,sub-17,1.7144825458526611,20261010,0,0
0,3,sub-18,0.9695438742637634,20261010,0,0
0,3,sub-17,1.64332914352417,20261010,0,0
0,3,sub-15,1.4188565015792847,20261010,0,0
0,3,sub-17,0.9853942394256592,20261010,0,0
0,3,sub-18,0.8258255124092102,20261010,0,0
0,3,sub-18,0.7522029280662537,20261010,0,0
0,3,sub-17,0.8210569024085999,20261010,0,0
0,3,sub-18,0.935240626335144,20261010,0,0
0,3,sub-18,0.9067765474319458,20261010,0,0
0,3,sub-17,0.7333275675773621,20261010,0,0
0,3,sub-15,1.0491186380386353,20261010,0,0
0,3,sub-17,1.958507776260376,20261010,0,0
0,3,sub-17,0.8985636234283447,20261010,0,0
0,3,sub-15,3.1456689834594727,20261010,0,0
0,3,sub-17,0.9980968832969666,20261010,0,0
0,3,sub-17,1.078773021697998,20261010,0,0
0,3,sub-18,0.8857546448707581,20261010,0,0
0,3,sub-17,1.412423014640808,20261010,0,0
0,3,sub-15,0.6078693866729736,20261010,0,0
0,3,sub-17,1.011577844619751,20261010,0,0
0,3,sub-15,2.0297744274139404,20261010,0,0
0,3,sub-18,1.7251429557800293,20261010,0,0
0,3,sub-15,0.9081586599349976,20261010,0,0
0,3,sub-18,0.8043509721755981,20261010,0,0
0,3,sub-18,1.2129344940185547,20261010,0,0
0,3,sub-15,1.0461291074752808,20261010,0,0
0,3,sub-17,0.9032243490219116,20261010,0,0
0,3,sub-15,0.9044846892356873,20261010,0,0
0,3,sub-18,1.2284255027770996,20261010,0,0
0,3,sub-18,1.1549952030181885,20261010,0,0
0,3,sub-15,1.243674635887146,20261010,0,0
0,3,sub-18,0.9760498404502869,20261010,0,0
0,3,sub-17,0.9151470065116882,20261010,0,0
0,3,sub-17,1.0117008686065674,20261010,0,0
0,3,sub-15,1.3764890432357788,20261010,0,0
0,3,sub-18,1.2880932092666626,20261010,0,0
0,3,sub-18,0.9384016394615173,20261010,0,0
0,3,sub-18,1.6417818069458008,20261010,0,0
0,3,sub-18,0.9992579817771912,20261010,0,0
0,3,sub-15,1.014343023300171,20261010,0,0
0,3,sub-15,1.2604740858078003,20261010,0,0
0,3,sub-15,1.4681360721588135,20261010,0,0
0,3,sub-18,0.9936362504959106,20261010,0,0
0,3,sub-17,1.2430123090744019,20261010,0,0
0,3,sub-17,0.8922409415245056,20261010,0,0
0,3,sub-17,1.3945852518081665,20261010,0,0
0,3,sub-15,0.9996697902679443,20261010,0,0
0,3,sub-15,1.8459551334381104,20261010,0,0
0,3,sub-18,1.7798707485198975,20261010,0,0
0,3,sub-18,1.5788874626159668,20261010,0,0
0,3,sub-15,0.7683073878288269,20261010,0,0
0,3,sub-18,2.4454634189605713,20261010,0,0
0,3,sub-17,1.5512137413024902,20261010,0,0
0,3,sub-17,0.9013464450836182,20261010,0,0
0,3,sub-17,1.013442039489746,20261010,0,0
0,3,sub-15,0.7681981921195984,20261010,0,0
0,3,sub-17,0.8230187296867371,20261010,0,0
0,3,sub-18,0.8339911103248596,20261010,0,0
0,3,sub-17,0.8821948170661926,20261010,0,0
0,3,sub-15,1.6160935163497925,20261010,0,0
0,3,sub-15,1.3968669176101685,20261010,0,0
0,3,sub-17,1.0501528978347778,20261010,0,0
0,3,sub-15,0.6557894349098206,20261010,0,0
0,3,sub-18,1.1197395324707031,20261010,0,0
0,3,sub-17,1.0350146293640137,20261010,0,0
0,3,sub-15,0.7508497834205627,20261010,0,0
0,3,sub-17,1.0980526208877563,20261010,0,0
0,3,sub-15,1.649762749671936,20261010,0,0
0,3,sub-17,1.2169990539550781,20261010,0,0
0,3,sub-17,0.9853877425193787,20261010,0,0
0,3,sub-18,0.8810489773750305,20261010,0,0
0,3,sub-18,1.0513914823532104,20261010,0,0
0,3,sub-15,1.4537088871002197,20261010,0,0
0,3,sub-15,1.4245142936706543,20261010,0,0
0,3,sub-17,1.221758246421814,20261010,0,0
0,3,sub-17,1.2716823816299438,20261010,0,0
0,3,sub-15,0.8430430889129639,20261010,0,0
0,3,sub-17,1.794765591621399,20261010,0,0
0,3,sub-17,0.811806857585907,20261010,0,0
0,3,sub-18,1.003195881843567,20261010,0,0
0,3,sub-18,1.1695035696029663,20261010,0,0
0,3,sub-17,1.0130969285964966,20261010,0,0
0,3,sub-17,2.360649585723877,20261010,0,0
0,3,sub-15,1.532538890838623,20261010,0,0
0,3,sub-15,2.1241817474365234,20261010,0,0
0,3,sub-15,0.9366440176963806,20261010,0,0
0,3,sub-18,1.1223409175872803,20261010,0,0
0,3,sub-15,1.291607141494751,20261010,0,0
0,3,sub-18,0.8095015287399292,20261010,0,0
0,3,sub-17,1.2828714847564697,20261010,0,0
0,3,sub-18,1.0619102716445923,20261010,0,0
0,3,sub-18,1.1233370304107666,20261010,0,0
0,3,sub-18,0.9269067645072937,20261010,0,0
0,3,sub-15,1.4411160945892334,20261010,0,0
0,3,sub-18,0.9555094242095947,20261010,0,0
0,3,sub-17,1.9008883237838745,20261010,0,0
0,3,sub-18,0.7807024121284485,20261010,0,0
0,3,sub-17,1.706498622894287,20261010,0,0
0,3,sub-18,1.3151055574417114,20261010,0,0
0,3,sub-18,0.7749453783035278,20261010,0,0
0,3,sub-17,0.8231847882270813,20261010,0,0
0,3,sub-18,2.1086065769195557,20261010,0,0
0,3,sub-18,1.6758121252059937,20261010,0,0
0,3,sub-18,1.0780410766601562,20261010,0,0
0,3,sub-17,1.1681350469589233,20261010,0,0
0,3,sub-17,1.4396014213562012,20261010,0,0
0,3,sub-17,1.4254229068756104,20261010,0,0
0,3,sub-18,1.064803957939148,20261010,0,0
0,3,sub-18,1.176295518875122,20261010,0,0
0,3,sub-17,1.4663954973220825,20261010,0,0
0,3,sub-15,1.010244369506836,20261010,0,0
0,3,sub-18,1.319072961807251,20261010,0,0
0,3,sub-15,0.848475992679596,20261010,0,0
0,3,sub-15,1.114486575126648,20261010,0,0
0,3,sub-17,0.9911308288574219,20261010,0,0
0,3,sub-18,0.9778648018836975,20261010,0,0
0,3,sub-18,0.8816309571266174,20261010,0,0
0,3,sub-17,0.9246569871902466,20261010,0,0
0,3,sub-15,1.0449936389923096,20261010,0,0
0,3,sub-17,1.6160465478897095,20261010,0,0
0,3,sub-15,0.9605675935745239,20261010,0,0
0,3,sub-17,1.0201054811477661,20261010,0,0
0,3,sub-18,1.0071015357971191,20261010,0,0
0,3,sub-17,0.9134940505027771,20261010,0,0
0,3,sub-18,1.1994655132293701,20261010,0,0
0,3,sub-18,1.0042520761489868,20261010,0,0
0,3,sub-17,1.35979425907135,20261010,0,0
0,3,sub-17,1.7611548900604248,20261010,0,0
0,3,sub-17,0.8886338472366333,20261010,0,0
0,3,sub-17,0.8270084261894226,20261010,0,0
0,3,sub-18,0.9487038254737854,20261010,0,0
0,3,sub-17,0.8961584568023682,20261010,0,0
0,3,sub-15,1.7085212469100952,20261010,0,0
0,3,sub-15,1.2605926990509033,20261010,0,0
0,3,sub-15,0.9005894660949707,20261010,0,0
0,3,sub-18,0.6550436019897461,20261010,0,0
0,3,sub-17,0.9910510182380676,20261010,0,0
0,3,sub-17,1.2723777294158936,20261010,0,0
0,3,sub-15,1.292863368988037,20261010,0,0
0,3,sub-15,0.9782198071479797,20261010,0,0
0,3,sub-15,1.1456575393676758,20261010,0,0
0,3,sub-15,3.0426552295684814,20261010,0,0
0,3,sub-18,0.8784226775169373,20261010,0,0
0,3,sub-15,0.9969339966773987,20261010,0,0
0,3,sub-18,0.9238850474357605,20261010,0,0
0,3,sub-17,0.9757623076438904,20261010,0,0
0,3,sub-18,0.8750854730606079,20261010,0,0
0,3,sub-18,1.057363510131836,20261010,0,0
0,3,sub-18,0.8873157501220703,20261010,0,0
0,3,sub-18,0.8472045063972473,20261010,0,0
0,3,sub-18,0.7719408273696899,20261010,0,0
0,3,sub-18,0.9295913577079773,20261010,0,0
0,3,sub-17,1.1521425247192383,20261010,0,0
0,3,sub-17,2.233372926712036,20261010,0,0
0,3,sub-17,0.8812035918235779,20261010,0,0
0,3,sub-17,0.9271064400672913,20261010,0,0
0,3,sub-18,1.1405327320098877,20261010,0,0
0,3,sub-17,1.2970362901687622,20261010,0,0
0,3,sub-17,1.1834321022033691,20261010,0,0
0,3,sub-15,0.9104406833648682,20261010,0,0
0,3,sub-15,1.3868035078048706,20261010,0,0
0,3,sub-17,1.0451728105545044,20261010,0,0
0,3,sub-17,1.1506435871124268,20261010,0,0
0,3,sub-17,0.7443358302116394,20261010,0,0
0,3,sub-18,1.0133730173110962,20261010,0,0
0,3,sub-15,0.885253369808197,20261010,0,0
0,3,sub-15,1.049479603767395,20261010,0,0
0,3,sub-15,0.9139260649681091,20261010,0,0
0,3,sub-15,0.6974457502365112,20261010,0,0
0,3,sub-18,1.0097696781158447,20261010,0,0
0,3,sub-15,0.9774202704429626,20261010,0,0
0,3,sub-18,0.7327616810798645,20261010,0,0
0,3,sub-15,1.1981942653656006,20261010,0,0
0,3,sub-15,0.8431463837623596,20261010,0,0
0,3,sub-17,1.9845032691955566,20261010,0,0
0,3,sub-15,0.7396999001502991,20261010,0,0
0,3,sub-18,1.4111133813858032,20261010,0,0
0,3,sub-17,0.8366602063179016,20261010,0,0
0,3,sub-15,0.7858569025993347,20261010,0,0
0,3,sub-15,0.8425968885421753,20261010,0,0
0,3,sub-18,0.9439010620117188,20261010,0,0
0,3,sub-15,0.7964261770248413,20261010,0,0
0,3,sub-17,0.9491810202598572,20261010,0,0
0,3,sub-17,1.0770318508148193,20261010,0,0
0,3,sub-18,0.8297944068908691,20261010,0,0
0,3,sub-18,2.626680612564087,20261010,0,0
0,3,sub-18,0.8621121048927307,20261010,0,0
0,3,sub-15,1.223605751991272,20261010,0,0
0,3,sub-15,0.9429152011871338,20261010,0,0
0,3,sub-17,1.1451960802078247,20261010,0,0
0,3,sub-17,1.4682056903839111,20261010,0,0
0,3,sub-18,0.9194784164428711,20261010,0,0
0,3,sub-15,0.7086647152900696,20261010,0,0
0,3,sub-15,3.3858232498168945,20261010,0,0
0,3,sub-17,0.9887762665748596,20261010,0,0
0,3,sub-17,0.9964748024940491,20261010,0,0
0,3,sub-18,0.9686930179595947,20261010,0,0
0,3,sub-18,1.1913938522338867,20261010,0,0
0,3,sub-17,1.0451323986053467,20261010,0,0
0,3,sub-18,0.9912125468254089,20261010,0,0
0,3,sub-17,1.13158118724823,20261010,0,0
0,3,sub-18,1.0726710557937622,20261010,0,0
0,3,sub-17,0.7226884961128235,20261010,0,0
0,3,sub-18,0.8465641140937805,20261010,0,0
0,3,sub-15,0.8192862868309021,20261010,0,0
0,3,sub-15,1.3240479230880737,20261010,0,0
0,3,sub-17,0.9647722244262695,20261010,0,0
0,3,sub-17,1.288819432258606,20261010,0,0
0,3,sub-18,0.7930169701576233,20261010,0,0
0,3,sub-17,0.9174537658691406,20261010,0,0
0,3,sub-17,2.032667398452759,20261010,0,0
0,3,sub-17,1.0640805959701538,20261010,0,0
0,3,sub-18,0.978153645992279,20261010,0,0
0,3,sub-15,1.0090595483779907,20261010,0,0
0,3,sub-15,1.209606647491455,20261010,0,0
0,3,sub-18,0.8429352045059204,20261010,0,0
0,3,sub-15,0.7541329860687256,20261010,0,0
0,3,sub-18,1.1672687530517578,20261010,0,0
0,3,sub-18,1.250038981437683,20261010,0,0
0,3,sub-17,1.3140482902526855,20261010,0,0
0,3,sub-17,0.6775445938110352,20261010,0,0
0,3,sub-15,0.9261637926101685,20261010,0,0
0,3,sub-17,0.9985187649726868,20261010,0,0
0,3,sub-17,0.9841980934143066,20261010,0,0
0,3,sub-15,1.2832341194152832,20261010,0,0
0,3,sub-18,1.003388524055481,20261010,0,0
0,3,sub-17,1.4680689573287964,20261010,0,0
0,3,sub-17,2.3559048175811768,20261010,0,0
0,3,sub-15,0.7446376085281372,20261010,0,0
0,3,sub-15,1.0417027473449707,20261010,0,0
0,3,sub-17,2.176908016204834,20261010,0,0
0,3,sub-15,0.9377546310424805,20261010,0,0
0,3,sub-15,0.8298962712287903,20261010,0,0
0,3,sub-17,0.8546388745307922,20261010,0,0
0,3,sub-18,1.0234829187393188,20261010,0,0
0,3,sub-15,0.6979944705963135,20261010,0,0
0,3,sub-15,1.280267596244812,20261010,0,0
0,3,sub-17,1.1756539344787598,20261010,0,0
0,3,sub-18,3.5909736156463623,20261010,0,0
0,3,sub-15,0.8327770829200745,20261010,0,0
0,3,sub-15,1.237641453742981,20261010,0,0
0,3,sub-15,1.4688208103179932,20261010,0,0
0,3,sub-17,3.0049490928649902,20261010,0,0
0,3,sub-17,1.0506540536880493,20261010,0,0
0,3,sub-15,0.9813240170478821,20261010,0,0
0,3,sub-18,0.9963051080703735,20261010,0,0
0,3,sub-17,1.0164222717285156,20261010,0,0
0,3,sub-17,0.8109351992607117,20261010,0,0
0,3,sub-15,1.1021223068237305,20261010,0,0
0,3,sub-17,1.898724913597107,20261010,0,0
0,3,sub-18,0.9872686266899109,20261010,0,0
0,3,sub-15,1.014073371887207,20261010,0,0
0,3,sub-18,0.9226443767547607,20261010,0,0
0,3,sub-18,0.9253861904144287,20261010,0,0
0,3,sub-18,0.7231241464614868,20261010,0,0
0,3,sub-17,1.1486603021621704,20261010,0,0
0,3,sub-18,1.5111466646194458,20261010,0,0
0,3,sub-18,2.378580331802368,20261010,0,0
0,3,sub-17,1.1280425786972046,20261010,0,0
0,3,sub-15,0.9390610456466675,20261010,0,0
0,3,sub-15,1.1487194299697876,20261010,0,0
0,3,sub-15,0.9232285022735596,20261010,0,0
0,3,sub-18,0.9824036359786987,20261010,0,0
0,3,sub-18,1.142782211303711,20261010,0,0
0,3,sub-18,0.8438510298728943,20261010,0,0
0,3,sub-17,0.9327744245529175,20261010,0,0
0,3,sub-15,0.9798856973648071,20261010,0,0
0,3,sub-17,1.0090566873550415,20261010,0,0
0,3,sub-15,0.9310379028320312,20261010,0,0
0,3,sub-15,1.0245609283447266,20261010,0,0
0,3,sub-18,0.7698906064033508,20261010,0,0
0,3,sub-15,0.918093740940094,20261010,0,0
0,3,sub-15,1.2754926681518555,20261010,0,0
0,3,sub-17,1.0080007314682007,20261010,0,0
0,3,sub-15,0.8145642876625061,20261010,0,0
0,3,sub-15,1.070020079612732,20261010,0,0
0,3,sub-17,0.9781613945960999,20261010,0,0
0,3,sub-18,0.6927315592765808,20261010,0,0
0,3,sub-18,0.9165774583816528,20261010,0,0
0,3,sub-18,1.16136634349823,20261010,0,0
0,3,sub-15,0.993227481842041,20261010,0,0
0,3,sub-15,1.6516270637512207,20261010,0,0
0,3,sub-18,1.0513702630996704,20261010,0,0
0,3,sub-15,1.023381233215332,20261010,0,0
0,3,sub-18,1.0292975902557373,20261010,0,0
0,3,sub-17,0.7328259944915771,20261010,0,0
0,3,sub-17,0.9501704573631287,20261010,0,0
0,3,sub-15,1.0550190210342407,20261010,0,0
0,3,sub-18,0.955965518951416,20261010,0,0
0,3,sub-18,1.160794973373413,20261010,0,0
0,3,sub-17,1.255810260772705,20261010,0,0
0,3,sub-18,0.9087333679199219,20261010,0,0
0,3,sub-18,0.8382830023765564,20261010,0,0
0,3,sub-15,1.2414666414260864,20261010,0,0
0,3,sub-15,1.0151195526123047,20261010,0,0
0,3,sub-15,0.7462479472160339,20261010,0,0
0,3,sub-15,0.838321328163147,20261010,0,0
0,3,sub-18,0.9736268520355225,20261010,0,0
0,3,sub-15,0.9886013269424438,20261010,0,0
0,3,sub-15,1.0202172994613647,20261010,0,0
0,3,sub-18,0.9358538389205933,20261010,0,0
0,3,sub-18,0.9953001737594604,20261010,0,0
0,3,sub-18,1.0696632862091064,20261010,0,0
0,3,sub-18,0.8494396209716797,20261010,0,0
0,3,sub-15,1.4078612327575684,20261010,0,0
0,3,sub-15,0.9038471579551697,20261010,0,0
0,3,sub-18,2.7083277702331543,20261010,0,0
0,3,sub-15,1.7728452682495117,20261010,0,0
0,3,sub-15,0.9974376559257507,20261010,0,0
0,3,sub-15,0.8600398898124695,20261010,0,0
0,3,sub-17,1.6792633533477783,20261010,0,0
0,3,sub-18,0.7268064618110657,20261010,0,0
0,3,sub-15,0.9935025572776794,20261010,0,0
0,3,sub-17,1.2173296213150024,20261010,0,0
10,3,sub-15,2.4204018115997314,20261010,10,5
10,3,sub-18,0.7889916300773621,20261010,10,5
10,3,sub-18,1.2427433729171753,20261010,10,5
10,3,sub-17,1.2042444944381714,20261010,10,5
10,3,sub-18,1.5812828540802002,20261010,10,5
10,3,sub-15,1.3927339315414429,20261010,10,5
10,3,sub-17,0.9954437017440796,20261010,10,5
10,3,sub-17,1.352171540260315,20261010,10,5
10,3,sub-17,0.8823989629745483,20261010,10,5
10,3,sub-17,2.096550464630127,20261010,10,5
10,3,sub-15,1.373905062675476,20261010,10,5
10,3,sub-18,0.9957143068313599,20261010,10,5
10,3,sub-18,1.1074765920639038,20261010,10,5
10,3,sub-15,0.8309841156005859,20261010,10,5
10,3,sub-18,0.8148378729820251,20261010,10,5
10,3,sub-15,1.7617528438568115,20261010,10,5
10,3,sub-15,0.851538896560669,20261010,10,5
10,3,sub-15,0.9439437985420227,20261010,10,5
10,3,sub-15,0.8516619801521301,20261010,10,5
10,3,sub-17,2.1431357860565186,20261010,10,5
10,3,sub-17,1.0050536394119263,20261010,10,5
10,3,sub-18,0.9528394937515259,20261010,10,5
10,3,sub-17,0.8660725951194763,20261010,10,5
10,3,sub-17,0.9713466167449951,20261010,10,5
10,3,sub-17,1.0099117755889893,20261010,10,5
10,3,sub-18,1.548632264137268,20261010,10,5
10,3,sub-18,1.404868483543396,20261010,10,5
10,3,sub-15,0.9493460655212402,20261010,10,5
10,3,sub-18,1.4024235010147095,20261010,10,5
10,3,sub-18,0.9292325973510742,20261010,10,5
10,3,sub-18,0.9035018086433411,20261010,10,5
10,3,sub-15,1.2408605813980103,20261010,10,5
10,3,sub-15,1.7518168687820435,20261010,10,5
10,3,sub-18,0.9823606014251709,20261010,10,5
10,3,sub-17,0.9641072750091553,20261010,10,5
10,3,sub-15,1.618194341659546,20261010,10,5
10,3,sub-17,1.0251924991607666,20261010,10,5
10,3,sub-15,4.614702224731445,20261010,10,5
10,3,sub-18,0.899937629699707,20261010,10,5
10,3,sub-17,0.9034169912338257,20261010,10,5
10,3,sub-18,1.0035202503204346,20261010,10,5
10,3,sub-18,0.8014830350875854,20261010,10,5
10,3,sub-15,1.8207134008407593,20261010,10,5
10,3,sub-18,0.7582759857177734,20261010,10,5
10,3,sub-18,2.240894317626953,20261010,10,5
10,3,sub-18,0.9086582064628601,20261010,10,5
10,3,sub-17,1.2233878374099731,20261010,10,5
10,3,sub-17,1.1994982957839966,20261010,10,5
10,3,sub-18,1.262658715248108,20261010,10,5
10,3,sub-15,3.3049540519714355,20261010,10,5
10,3,sub-18,0.911337673664093,20261010,10,5
10,3,sub-18,1.1115175485610962,20261010,10,5
10,3,sub-18,0.9983662366867065,20261010,10,5
10,3,sub-18,1.1065495014190674,20261010,10,5
10,3,sub-15,0.8177626132965088,20261010,10,5
10,3,sub-18,0.7351251840591431,20261010,10,5
10,3,sub-18,0.9351673722267151,20261010,10,5
10,3,sub-15,0.7976939678192139,20261010,10,5
10,3,sub-18,0.8688136339187622,20261010,10,5
10,3,sub-17,0.954961359500885,20261010,10,5
10,3,sub-18,0.7945546507835388,20261010,10,5
10,3,sub-18,0.7945190668106079,20261010,10,5
10,3,sub-17,0.8828246593475342,20261010,10,5
10,3,sub-15,1.6986780166625977,20261010,10,5
10,3,sub-18,0.9815187454223633,20261010,10,5
10,3,sub-18,1.3364263772964478,20261010,10,5
10,3,sub-17,0.9773556590080261,20261010,10,5
10,3,sub-15,1.3307900428771973,20261010,10,5
10,3,sub-17,1.1504161357879639,20261010,10,5
10,3,sub-17,1.696895956993103,20261010,10,5
10,3,sub-18,0.9583947658538818,20261010,10,5
10,3,sub-17,1.6454390287399292,20261010,10,5
10,3,sub-15,1.4187649488449097,20261010,10,5
10,3,sub-17,0.9832006692886353,20261010,10,5
10,3,sub-18,0.819007158279419,20261010,10,5
10,3,sub-18,0.7257682085037231,20261010,10,5
10,3,sub-17,0.805611252784729,20261010,10,5
10,3,sub-18,0.931269645690918,20261010,10,5
10,3,sub-18,0.8745708465576172,20261010,10,5
10,3,sub-17,0.7433255910873413,20261010,10,5
10,3,sub-15,1.0508404970169067,20261010,10,5
10,3,sub-17,1.9514737129211426,20261010,10,5
10,3,sub-17,0.9017556309700012,20261010,10,5
10,3,sub-15,3.161386728286743,20261010,10,5
10,3,sub-17,0.9981930255889893,20261010,10,5
10,3,sub-17,1.0098720788955688,20261010,10,5
10,3,sub-18,0.8753634095191956,20261010,10,5
10,3,sub-17,1.3356881141662598,20261010,10,5
10,3,sub-15,0.615520179271698,20261010,10,5
10,3,sub-17,1.0012145042419434,20261010,10,5
10,3,sub-15,2.0934131145477295,20261010,10,5
10,3,sub-18,1.733865737915039,20261010,10,5
10,3,sub-15,0.9011994004249573,20261010,10,5
10,3,sub-18,0.7630969285964966,20261010,10,5
10,3,sub-18,1.2101320028305054,20261010,10,5
10,3,sub-15,0.9835668206214905,20261010,10,5
10,3,sub-17,0.8602182865142822,20261010,10,5
10,3,sub-15,0.8697268962860107,20261010,10,5
10,3,sub-18,1.1568697690963745,20261010,10,5
10,3,sub-18,1.1605602502822876,20261010,10,5
10,3,sub-15,1.2409677505493164,20261010,10,5
10,3,sub-18,0.9682112336158752,20261010,10,5
10,3,sub-17,0.8912716507911682,20261010,10,5
10,3,sub-17,1.0172505378723145,20261010,10,5
10,3,sub-15,1.3748527765274048,20261010,10,5
10,3,sub-18,1.2458560466766357,20261010,10,5
10,3,sub-18,0.9125665426254272,20261010,10,5
10,3,sub-18,1.637049674987793,20261010,10,5
10,3,sub-18,0.9975070357322693,20261010,10,5
10,3,sub-15,1.0054330825805664,20261010,10,5
10,3,sub-15,1.2040077447891235,20261010,10,5
10,3,sub-15,1.393998146057129,20261010,10,5
10,3,sub-18,0.9744175672531128,20261010,10,5
10,3,sub-17,1.2113112211227417,20261010,10,5
10,3,sub-17,0.8586475849151611,20261010,10,5
10,3,sub-17,1.3931505680084229,20261010,10,5
10,3,sub-15,0.9976788759231567,20261010,10,5
10,3,sub-15,1.8544906377792358,20261010,10,5
10,3,sub-18,1.783118486404419,20261010,10,5
10,3,sub-18,1.5727639198303223,20261010,10,5
10,3,sub-15,0.7443963885307312,20261010,10,5
10,3,sub-18,2.436009407043457,20261010,10,5
10,3,sub-17,1.526695728302002,20261010,10,5
10,3,sub-17,0.8613676428794861,20261010,10,5
10,3,sub-17,1.0093727111816406,20261010,10,5
10,3,sub-15,0.7215614318847656,20261010,10,5
10,3,sub-17,0.7886961102485657,20261010,10,5
10,3,sub-18,0.8037608861923218,20261010,10,5
10,3,sub-17,0.8824868202209473,20261010,10,5
10,3,sub-15,1.6114648580551147,20261010,10,5
10,3,sub-15,1.3891016244888306,20261010,10,5
10,3,sub-17,1.0326423645019531,20261010,10,5
10,3,sub-15,0.6393276453018188,20261010,10,5
10,3,sub-18,1.1033451557159424,20261010,10,5
10,3,sub-17,1.0196397304534912,20261010,10,5
10,3,sub-15,0.7458736896514893,20261010,10,5
10,3,sub-17,1.0668957233428955,20261010,10,5
10,3,sub-15,1.630216360092163,20261010,10,5
10,3,sub-17,1.2065001726150513,20261010,10,5
10,3,sub-17,0.9551305770874023,20261010,10,5
10,3,sub-18,0.8849971294403076,20261010,10,5
10,3,sub-18,1.0215259790420532,20261010,10,5
10,3,sub-15,1.3899221420288086,20261010,10,5
10,3,sub-15,1.4256398677825928,20261010,10,5
10,3,sub-17,1.2240204811096191,20261010,10,5
10,3,sub-17,1.208256721496582,20261010,10,5
10,3,sub-15,0.7853310704231262,20261010,10,5
10,3,sub-17,1.743444800376892,20261010,10,5
10,3,sub-17,0.816363513469696,20261010,10,5
10,3,sub-18,0.980320394039154,20261010,10,5
10,3,sub-18,1.1631965637207031,20261010,10,5
10,3,sub-17,1.0125126838684082,20261010,10,5
10,3,sub-17,2.3697240352630615,20261010,10,5
10,3,sub-15,1.4919025897979736,20261010,10,5
10,3,sub-15,2.0685205459594727,20261010,10,5
10,3,sub-15,0.9137248396873474,20261010,10,5
10,3,sub-18,1.084604263305664,20261010,10,5
10,3,sub-15,1.2684826850891113,20261010,10,5
10,3,sub-18,0.7974441647529602,20261010,10,5
10,3,sub-17,1.234161376953125,20261010,10,5
10,3,sub-18,1.04910409450531,20261010,10,5
10,3,sub-18,1.1207958459854126,20261010,10,5
10,3,sub-18,0.8983544111251831,20261010,10,5
10,3,sub-15,1.3732514381408691,20261010,10,5
10,3,sub-18,0.9380091428756714,20261010,10,5
10,3,sub-17,1.9113917350769043,20261010,10,5
10,3,sub-18,0.7601138949394226,20261010,10,5
10,3,sub-17,1.6974871158599854,20261010,10,5
10,3,sub-18,1.278562307357788,20261010,10,5
10,3,sub-18,0.7709169387817383,20261010,10,5
10,3,sub-17,0.7971128821372986,20261010,10,5
10,3,sub-18,2.123549222946167,20261010,10,5
10,3,sub-18,1.6710752248764038,20261010,10,5
10,3,sub-18,1.0804258584976196,20261010,10,5
10,3,sub-17,1.1329063177108765,20261010,10,5
10,3,sub-17,1.4404109716415405,20261010,10,5
10,3,sub-17,1.4293553829193115,20261010,10,5
10,3,sub-18,1.0623886585235596,20261010,10,5
10,3,sub-18,1.165154218673706,20261010,10,5
10,3,sub-17,1.4719867706298828,20261010,10,5
10,3,sub-15,0.9629793763160706,20261010,10,5
10,3,sub-18,1.313717246055603,20261010,10,5
10,3,sub-15,0.8056648969650269,20261010,10,5
10,3,sub-15,1.1150453090667725,20261010,10,5
10,3,sub-17,0.9744688868522644,20261010,10,5
10,3,sub-18,0.9056926369667053,20261010,10,5
10,3,sub-18,0.8782914280891418,20261010,10,5
10,3,sub-17,0.8947731256484985,20261010,10,5
10,3,sub-15,1.0416316986083984,20261010,10,5
10,3,sub-17,1.6160008907318115,20261010,10,5
10,3,sub-15,0.957939863204956,20261010,10,5
10,3,sub-17,1.0122321844100952,20261010,10,5
10,3,sub-18,0.9726446866989136,20261010,10,5
10,3,sub-17,0.934725284576416,20261010,10,5
10,3,sub-18,1.2010555267333984,20261010,10,5
10,3,sub-18,1.0028703212738037,20261010,10,5
10,3,sub-17,1.3520153760910034,20261010,10,5
10,3,sub-17,1.7605504989624023,20261010,10,5
10,3,sub-17,0.8631711602210999,20261010,10,5
10,3,sub-17,0.7907886505126953,20261010,10,5
10,3,sub-18,0.8946471214294434,20261010,10,5
10,3,sub-17,0.854720950126648,20261010,10,5
10,3,sub-15,1.7121905088424683,20261010,10,5
10,3,sub-15,1.2188817262649536,20261010,10,5
10,3,sub-15,0.8875470161437988,20261010,10,5
10,3,sub-18,0.6517684459686279,20261010,10,5
10,3,sub-17,0.9883050322532654,20261010,10,5
10,3,sub-17,1.239129662513733,20261010,10,5
10,3,sub-15,1.2492541074752808,20261010,10,5
10,3,sub-15,0.9734200239181519,20261010,10,5
10,3,sub-15,1.1509830951690674,20261010,10,5
10,3,sub-15,2.9499006271362305,20261010,10,5
10,3,sub-18,0.8729832172393799,20261010,10,5
10,3,sub-15,0.9968450665473938,20261010,10,5
10,3,sub-18,0.8649924993515015,20261010,10,5
10,3,sub-17,0.9683279395103455,20261010,10,5
10,3,sub-18,0.8346726298332214,20261010,10,5
10,3,sub-18,1.0605311393737793,20261010,10,5
10,3,sub-18,0.890716552734375,20261010,10,5
10,3,sub-18,0.8398177623748779,20261010,10,5
10,3,sub-18,0.7555616497993469,20261010,10,5
10,3,sub-18,0.9279108643531799,20261010,10,5
10,3,sub-17,1.0702588558197021,20261010,10,5
10,3,sub-17,2.234914779663086,20261010,10,5
10,3,sub-17,0.8740601539611816,20261010,10,5
10,3,sub-17,0.9119592308998108,20261010,10,5
10,3,sub-18,1.1426573991775513,20261010,10,5
10,3,sub-17,1.300450086593628,20261010,10,5
10,3,sub-17,1.1659691333770752,20261010,10,5
10,3,sub-15,0.896251380443573,20261010,10,5
10,3,sub-15,1.3820114135742188,20261010,10,5
10,3,sub-17,1.0151342153549194,20261010,10,5
10,3,sub-17,1.1290814876556396,20261010,10,5
10,3,sub-17,0.753302276134491,20261010,10,5
10,3,sub-18,1.013144612312317,20261010,10,5
10,3,sub-15,0.8425615429878235,20261010,10,5
10,3,sub-15,1.0174055099487305,20261010,10,5
10,3,sub-15,0.8629646301269531,20261010,10,5
10,3,sub-15,0.6948432326316833,20261010,10,5
10,3,sub-18,1.0068382024765015,20261010,10,5
10,3,sub-15,0.9582639336585999,20261010,10,5
10,3,sub-18,0.7390419840812683,20261010,10,5
10,3,sub-15,1.1379512548446655,20261010,10,5
10,3,sub-15,0.8313842415809631,20261010,10,5
10,3,sub-17,2.0119621753692627,20261010,10,5
10,3,sub-15,0.6883372664451599,20261010,10,5
10,3,sub-18,1.333571434020996,20261010,10,5
10,3,sub-17,0.8367283344268799,20261010,10,5
10,3,sub-15,0.7884754538536072,20261010,10,5
10,3,sub-15,0.8264159560203552,20261010,10,5
10,3,sub-18,0.9468520879745483,20261010,10,5
10,3,sub-15,0.7682934403419495,20261010,10,5
10,3,sub-17,0.9475923776626587,20261010,10,5
10,3,sub-17,1.0782814025878906,20261010,10,5
10,3,sub-18,0.8355961441993713,20261010,10,5
10,3,sub-18,2.6261117458343506,20261010,10,5
10,3,sub-18,0.8625720143318176,20261010,10,5
10,3,sub-15,1.2187833786010742,20261010,10,5
10,3,sub-15,0.9454883337020874,20261010,10,5
10,3,sub-17,1.0883276462554932,20261010,10,5
10,3,sub-17,1.4357258081436157,20261010,10,5
10,3,sub-18,0.8760454654693604,20261010,10,5
10,3,sub-15,0.68649822473526,20261010,10,5
10,3,sub-15,3.6227805614471436,20261010,10,5
10,3,sub-17,0.9752185344696045,20261010,10,5
10,3,sub-17,0.9855643510818481,20261010,10,5
10,3,sub-18,0.9091249108314514,20261010,10,5
10,3,sub-18,1.1877213716506958,20261010,10,5
10,3,sub-17,1.029964804649353,20261010,10,5
10,3,sub-18,0.9155214428901672,20261010,10,5
10,3,sub-17,1.1130177974700928,20261010,10,5
10,3,sub-18,1.0752841234207153,20261010,10,5
10,3,sub-17,0.7222608923912048,20261010,10,5
10,3,sub-18,0.8370753526687622,20261010,10,5
10,3,sub-15,0.8140609264373779,20261010,10,5
10,3,sub-15,1.3203167915344238,20261010,10,5
10,3,sub-17,0.9617310166358948,20261010,10,5
10,3,sub-17,1.230988621711731,20261010,10,5
10,3,sub-18,0.7728907465934753,20261010,10,5
10,3,sub-17,0.9126724004745483,20261010,10,5
10,3,sub-17,2.035966157913208,20261010,10,5
10,3,sub-17,1.0590276718139648,20261010,10,5
10,3,sub-18,0.9673539996147156,20261010,10,5
10,3,sub-15,1.00375497341156,20261010,10,5
10,3,sub-15,1.1962356567382812,20261010,10,5
10,3,sub-18,0.828923225402832,20261010,10,5
10,3,sub-15,0.7753180861473083,20261010,10,5
10,3,sub-18,1.11979079246521,20261010,10,5
10,3,sub-18,1.2371951341629028,20261010,10,5
10,3,sub-17,1.2689265012741089,20261010,10,5
10,3,sub-17,0.6778759956359863,20261010,10,5
10,3,sub-15,0.9399065971374512,20261010,10,5
10,3,sub-17,0.9974479079246521,20261010,10,5
10,3,sub-17,0.9453428387641907,20261010,10,5
10,3,sub-15,1.2824227809906006,20261010,10,5
10,3,sub-18,1.000810146331787,20261010,10,5
10,3,sub-17,1.47246515750885,20261010,10,5
10,3,sub-17,2.365168333053589,20261010,10,5
10,3,sub-15,0.7450864315032959,20261010,10,5
10,3,sub-15,1.0179184675216675,20261010,10,5
10,3,sub-17,2.1643965244293213,20261010,10,5
10,3,sub-15,0.869966447353363,20261010,10,5
10,3,sub-15,0.8302010893821716,20261010,10,5
10,3,sub-17,0.844180166721344,20261010,10,5
10,3,sub-18,1.0093486309051514,20261010,10,5
10,3,sub-15,0.6754869818687439,20261010,10,5
10,3,sub-15,1.2833400964736938,20261010,10,5
10,3,sub-17,1.1755129098892212,20261010,10,5
10,3,sub-18,3.592325210571289,20261010,10,5
10,3,sub-15,0.7880914807319641,20261010,10,5
10,3,sub-15,1.2182408571243286,20261010,10,5
10,3,sub-15,1.3885279893875122,20261010,10,5
10,3,sub-17,3.022305488586426,20261010,10,5
10,3,sub-17,1.0104244947433472,20261010,10,5
10,3,sub-15,0.9645240902900696,20261010,10,5
10,3,sub-18,0.9916599988937378,20261010,10,5
10,3,sub-17,1.0332775115966797,20261010,10,5
10,3,sub-17,0.7762201428413391,20261010,10,5
10,3,sub-15,1.0774863958358765,20261010,10,5
10,3,sub-17,1.9026728868484497,20261010,10,5
10,3,sub-18,0.9650678634643555,20261010,10,5
10,3,sub-15,1.0133774280548096,20261010,10,5
10,3,sub-18,0.9133324027061462,20261010,10,5
10,3,sub-18,0.880046010017395,20261010,10,5
10,3,sub-18,0.718196451663971,20261010,10,5
10,3,sub-17,1.1284475326538086,20261010,10,5
10,3,sub-18,1.4605965614318848,20261010,10,5
10,3,sub-18,2.374600887298584,20261010,10,5
10,3,sub-17,1.100604772567749,20261010,10,5
10,3,sub-15,0.9933969974517822,20261010,10,5
10,3,sub-15,1.0871704816818237,20261010,10,5
10,3,sub-15,0.9186646938323975,20261010,10,5
10,3,sub-18,0.9500110149383545,20261010,10,5
10,3,sub-18,1.0757769346237183,20261010,10,5
10,3,sub-18,0.7875115871429443,20261010,10,5
10,3,sub-17,0.9324204325675964,20261010,10,5
10,3,sub-15,0.9674357771873474,20261010,10,5
10,3,sub-17,0.9953485727310181,20261010,10,5
10,3,sub-15,0.8989922404289246,20261010,10,5
10,3,sub-15,0.9726066589355469,20261010,10,5
10,3,sub-18,0.7690215110778809,20261010,10,5
10,3,sub-15,0.8599343299865723,20261010,10,5
10,3,sub-15,1.2439013719558716,20261010,10,5
10,3,sub-17,0.9914538860321045,20261010,10,5
10,3,sub-15,0.8056558966636658,20261010,10,5
10,3,sub-15,1.0699732303619385,20261010,10,5
10,3,sub-17,0.9376400709152222,20261010,10,5
10,3,sub-18,0.7006571292877197,20261010,10,5
10,3,sub-18,0.9048146605491638,20261010,10,5
10,3,sub-18,1.162177324295044,20261010,10,5
10,3,sub-15,0.975557804107666,20261010,10,5
10,3,sub-15,1.6558318138122559,20261010,10,5
10,3,sub-18,1.0480149984359741,20261010,10,5
10,3,sub-15,1.0093026161193848,20261010,10,5
10,3,sub-18,1.0116134881973267,20261010,10,5
10,3,sub-17,0.7255412936210632,20261010,10,5
10,3,sub-17,0.9493901133537292,20261010,10,5
10,3,sub-15,1.0412360429763794,20261010,10,5
10,3,sub-18,0.9551394581794739,20261010,10,5
10,3,sub-18,1.110124945640564,20261010,10,5
10,3,sub-17,1.1987385749816895,20261010,10,5
10,3,sub-18,0.8589487671852112,20261010,10,5
10,3,sub-18,0.84156334400177,20261010,10,5
10,3,sub-15,1.187971591949463,20261010,10,5
10,3,sub-15,0.9713233709335327,20261010,10,5
10,3,sub-15,0.7262676358222961,20261010,10,5
10,3,sub-15,0.8043942451477051,20261010,10,5
10,3,sub-18,0.9242252707481384,20261010,10,5
10,3,sub-15,0.9817319512367249,20261010,10,5
10,3,sub-15,0.9760110974311829,20261010,10,5
10,3,sub-18,0.92042076587677,20261010,10,5
10,3,sub-18,0.9472531080245972,20261010,10,5
10,3,sub-18,1.0667542219161987,20261010,10,5
10,3,sub-18,0.8069267868995667,20261010,10,5
10,3,sub-15,1.4102948904037476,20261010,10,5
10,3,sub-15,0.918373703956604,20261010,10,5
10,3,sub-18,2.7080936431884766,20261010,10,5
10,3,sub-15,1.7099854946136475,20261010,10,5
10,3,sub-15,0.9975818395614624,20261010,10,5
10,3,sub-15,0.8648182153701782,20261010,10,5
10,3,sub-17,1.6808615922927856,20261010,10,5
10,3,sub-18,0.7288826704025269,20261010,10,5
10,3,sub-15,0.9933792352676392,20261010,10,5
10,3,sub-17,1.213100790977478,20261010,10,5
30,3,sub-15,2.3869056701660156,20261010,30,15
30,3,sub-18,0.7908497452735901,20261010,30,15
30,3,sub-18,1.242845058441162,20261010,30,15
30,3,sub-17,1.2047851085662842,20261010,30,15
30,3,sub-18,1.5827631950378418,20261010,30,15
30,3,sub-15,1.3923147916793823,20261010,30,15
30,3,sub-17,0.9951918125152588,20261010,30,15
30,3,sub-17,1.350821614265442,20261010,30,15
30,3,sub-17,0.880872368812561,20261010,30,15
30,3,sub-17,2.09820294380188,20261010,30,15
30,3,sub-15,1.3739969730377197,20261010,30,15
30,3,sub-18,0.9936389923095703,20261010,30,15
30,3,sub-18,1.1076408624649048,20261010,30,15
30,3,sub-15,0.830456018447876,20261010,30,15
30,3,sub-18,0.8139724135398865,20261010,30,15
30,3,sub-15,1.7620534896850586,20261010,30,15
30,3,sub-15,0.8337808847427368,20261010,30,15
30,3,sub-15,0.9441260099411011,20261010,30,15
30,3,sub-15,0.8501081466674805,20261010,30,15
30,3,sub-17,2.143540382385254,20261010,30,15
30,3,sub-17,1.0048420429229736,20261010,30,15
30,3,sub-18,0.9564253091812134,20261010,30,15
30,3,sub-17,0.8663370013237,20261010,30,15
30,3,sub-17,0.9704062342643738,20261010,30,15
30,3,sub-17,1.0116056203842163,20261010,30,15
30,3,sub-18,1.5473307371139526,20261010,30,15
30,3,sub-18,1.4045013189315796,20261010,30,15
30,3,sub-15,0.9560919404029846,20261010,30,15
30,3,sub-18,1.401836633682251,20261010,30,15
30,3,sub-18,0.9255840182304382,20261010,30,15
30,3,sub-18,0.9014756083488464,20261010,30,15
30,3,sub-15,1.2409148216247559,20261010,30,15
30,3,sub-15,1.750553011894226,20261010,30,15
30,3,sub-18,0.9826868176460266,20261010,30,15
30,3,sub-17,0.9638179540634155,20261010,30,15
30,3,sub-15,1.6201313734054565,20261010,30,15
30,3,sub-17,1.0273501873016357,20261010,30,15
30,3,sub-15,4.552086353302002,20261010,30,15
30,3,sub-18,0.8965164422988892,20261010,30,15
30,3,sub-17,0.902980387210846,20261010,30,15
30,3,sub-18,1.0036777257919312,20261010,30,15
30,3,sub-18,0.8020426630973816,20261010,30,15
30,3,sub-15,1.8196289539337158,20261010,30,15
30,3,sub-18,0.7584813237190247,20261010,30,15
30,3,sub-18,2.237856864929199,20261010,30,15
30,3,sub-18,0.9097443222999573,20261010,30,15
30,3,sub-17,1.2211570739746094,20261010,30,15
30,3,sub-17,1.1991567611694336,20261010,30,15
30,3,sub-18,1.26056969165802,20261010,30,15
30,3,sub-15,3.2478764057159424,20261010,30,15
30,3,sub-18,0.9116907119750977,20261010,30,15
30,3,sub-18,1.112111210823059,20261010,30,15
30,3,sub-18,0.998854398727417,20261010,30,15
30,3,sub-18,1.1085172891616821,20261010,30,15
30,3,sub-15,0.8167931437492371,20261010,30,15
30,3,sub-18,0.7337149381637573,20261010,30,15
30,3,sub-18,0.9354022145271301,20261010,30,15
30,3,sub-15,0.787952721118927,20261010,30,15
30,3,sub-18,0.8732388019561768,20261010,30,15
30,3,sub-17,0.9547449946403503,20261010,30,15
30,3,sub-18,0.7936684489250183,20261010,30,15
30,3,sub-18,0.7955117225646973,20261010,30,15
30,3,sub-17,0.8833198547363281,20261010,30,15
30,3,sub-15,1.6978758573532104,20261010,30,15
30,3,sub-18,0.9794676899909973,20261010,30,15
30,3,sub-18,1.3354231119155884,20261010,30,15
30,3,sub-17,0.9761480093002319,20261010,30,15
30,3,sub-15,1.330604076385498,20261010,30,15
30,3,sub-17,1.1464980840682983,20261010,30,15
30,3,sub-17,1.698745608329773,20261010,30,15
30,3,sub-18,0.960850715637207,20261010,30,15
30,3,sub-17,1.6456979513168335,20261010,30,15
30,3,sub-15,1.4175772666931152,20261010,30,15
30,3,sub-17,0.9829695224761963,20261010,30,15
30,3,sub-18,0.8195006847381592,20261010,30,15
30,3,sub-18,0.7265489101409912,20261010,30,15
30,3,sub-17,0.8058728575706482,20261010,30,15
30,3,sub-18,0.93194180727005,20261010,30,15
30,3,sub-18,0.892598032951355,20261010,30,15
30,3,sub-17,0.7406432032585144,20261010,30,15
30,3,sub-15,1.050246238708496,20261010,30,15
30,3,sub-17,1.950667142868042,20261010,30,15
30,3,sub-17,0.9016587734222412,20261010,30,15
30,3,sub-15,3.1582436561584473,20261010,30,15
30,3,sub-17,0.9982198476791382,20261010,30,15
30,3,sub-17,0.9935106039047241,20261010,30,15
30,3,sub-18,0.8770675659179688,20261010,30,15
30,3,sub-17,1.3358694314956665,20261010,30,15
30,3,sub-15,0.6154890060424805,20261010,30,15
30,3,sub-17,0.9983906745910645,20261010,30,15
30,3,sub-15,2.0832579135894775,20261010,30,15
30,3,sub-18,1.7339211702346802,20261010,30,15
30,3,sub-15,0.9014111161231995,20261010,30,15
30,3,sub-18,0.762478768825531,20261010,30,15
30,3,sub-18,1.2101616859436035,20261010,30,15
30,3,sub-15,0.9857115745544434,20261010,30,15
30,3,sub-17,0.86199551820755,20261010,30,15
30,3,sub-15,0.8630882501602173,20261010,30,15
30,3,sub-18,1.1580150127410889,20261010,30,15
30,3,sub-18,1.1611589193344116,20261010,30,15
30,3,sub-15,1.2397139072418213,20261010,30,15
30,3,sub-18,0.9666168689727783,20261010,30,15
30,3,sub-17,0.8912131190299988,20261010,30,15
30,3,sub-17,1.014309287071228,20261010,30,15
30,3,sub-15,1.3758429288864136,20261010,30,15
30,3,sub-18,1.2463457584381104,20261010,30,15
30,3,sub-18,0.911052405834198,20261010,30,15
30,3,sub-18,1.6370972394943237,20261010,30,15
30,3,sub-18,0.9974581003189087,20261010,30,15
30,3,sub-15,1.0078330039978027,20261010,30,15
30,3,sub-15,1.205146074295044,20261010,30,15
30,3,sub-15,1.395857572555542,20261010,30,15
30,3,sub-18,0.9735574722290039,20261010,30,15
30,3,sub-17,1.2117207050323486,20261010,30,15
30,3,sub-17,0.8637359738349915,20261010,30,15
30,3,sub-17,1.3928484916687012,20261010,30,15
30,3,sub-15,0.9976978898048401,20261010,30,15
30,3,sub-15,1.8548991680145264,20261010,30,15
30,3,sub-18,1.7828330993652344,20261010,30,15
30,3,sub-18,1.573279619216919,20261010,30,15
30,3,sub-15,0.7443815469741821,20261010,30,15
30,3,sub-18,2.43813419342041,20261010,30,15
30,3,sub-17,1.5257519483566284,20261010,30,15
30,3,sub-17,0.8666336536407471,20261010,30,15
30,3,sub-17,1.0090142488479614,20261010,30,15
30,3,sub-15,0.7138221263885498,20261010,30,15
30,3,sub-17,0.792240560054779,20261010,30,15
30,3,sub-18,0.8045960068702698,20261010,30,15
30,3,sub-17,0.8802834749221802,20261010,30,15
30,3,sub-15,1.6120891571044922,20261010,30,15
30,3,sub-15,1.3887501955032349,20261010,30,15
30,3,sub-17,1.029768943786621,20261010,30,15
30,3,sub-15,0.6397732496261597,20261010,30,15
30,3,sub-18,1.1039286851882935,20261010,30,15
30,3,sub-17,1.0205682516098022,20261010,30,15
30,3,sub-15,0.745429277420044,20261010,30,15
30,3,sub-17,1.0669816732406616,20261010,30,15
30,3,sub-15,1.6295825242996216,20261010,30,15
30,3,sub-17,1.206254243850708,20261010,30,15
30,3,sub-17,0.9544927477836609,20261010,30,15
30,3,sub-18,0.8854784965515137,20261010,30,15
30,3,sub-18,1.0217490196228027,20261010,30,15
30,3,sub-15,1.383680820465088,20261010,30,15
30,3,sub-15,1.4252989292144775,20261010,30,15
30,3,sub-17,1.2250691652297974,20261010,30,15
30,3,sub-17,1.2064083814620972,20261010,30,15
30,3,sub-15,0.7873021364212036,20261010,30,15
30,3,sub-17,1.7470816373825073,20261010,30,15
30,3,sub-17,0.8172606229782104,20261010,30,15
30,3,sub-18,0.9807421565055847,20261010,30,15
30,3,sub-18,1.1650506258010864,20261010,30,15
30,3,sub-17,1.0122671127319336,20261010,30,15
30,3,sub-17,2.3744823932647705,20261010,30,15
30,3,sub-15,1.494389533996582,20261010,30,15
30,3,sub-15,2.071380853652954,20261010,30,15
30,3,sub-15,0.9229254722595215,20261010,30,15
30,3,sub-18,1.0831706523895264,20261010,30,15
30,3,sub-15,1.2666432857513428,20261010,30,15
30,3,sub-18,0.8004109263420105,20261010,30,15
30,3,sub-17,1.2364012002944946,20261010,30,15
30,3,sub-18,1.0488110780715942,20261010,30,15
30,3,sub-18,1.1210638284683228,20261010,30,15
30,3,sub-18,0.9001519680023193,20261010,30,15
30,3,sub-15,1.3768073320388794,20261010,30,15
30,3,sub-18,0.9384249448776245,20261010,30,15
30,3,sub-17,1.9124456644058228,20261010,30,15
30,3,sub-18,0.7589796185493469,20261010,30,15
30,3,sub-17,1.7026726007461548,20261010,30,15
30,3,sub-18,1.2782891988754272,20261010,30,15
30,3,sub-18,0.7728478908538818,20261010,30,15
30,3,sub-17,0.801320493221283,20261010,30,15
30,3,sub-18,2.128570556640625,20261010,30,15
30,3,sub-18,1.6712068319320679,20261010,30,15
30,3,sub-18,1.0807381868362427,20261010,30,15
30,3,sub-17,1.1348395347595215,20261010,30,15
30,3,sub-17,1.4408924579620361,20261010,30,15
30,3,sub-17,1.4306117296218872,20261010,30,15
30,3,sub-18,1.062082290649414,20261010,30,15
30,3,sub-18,1.1655410528182983,20261010,30,15
30,3,sub-17,1.471861481666565,20261010,30,15
30,3,sub-15,0.9561194777488708,20261010,30,15
30,3,sub-18,1.3135229349136353,20261010,30,15
30,3,sub-15,0.8067831993103027,20261010,30,15
30,3,sub-15,1.1134564876556396,20261010,30,15
30,3,sub-17,0.9748993515968323,20261010,30,15
30,3,sub-18,0.906697690486908,20261010,30,15
30,3,sub-18,0.8778334259986877,20261010,30,15
30,3,sub-17,0.8959601521492004,20261010,30,15
30,3,sub-15,1.0415534973144531,20261010,30,15
30,3,sub-17,1.614662528038025,20261010,30,15
30,3,sub-15,0.9580041170120239,20261010,30,15
30,3,sub-17,1.0131813287734985,20261010,30,15
30,3,sub-18,0.9735753536224365,20261010,30,15
30,3,sub-17,0.9300328493118286,20261010,30,15
30,3,sub-18,1.2014038562774658,20261010,30,15
30,3,sub-18,1.0029106140136719,20261010,30,15
30,3,sub-17,1.3533045053482056,20261010,30,15
30,3,sub-17,1.760606050491333,20261010,30,15
30,3,sub-17,0.8636114597320557,20261010,30,15
30,3,sub-17,0.7880352139472961,20261010,30,15
30,3,sub-18,0.9024576544761658,20261010,30,15
30,3,sub-17,0.8546708822250366,20261010,30,15
30,3,sub-15,1.7121552228927612,20261010,30,15
30,3,sub-15,1.2198914289474487,20261010,30,15
30,3,sub-15,0.8725680708885193,20261010,30,15
30,3,sub-18,0.6519040465354919,20261010,30,15
30,3,sub-17,0.9877976775169373,20261010,30,15
30,3,sub-17,1.2388893365859985,20261010,30,15
30,3,sub-15,1.2506836652755737,20261010,30,15
30,3,sub-15,0.9722347259521484,20261010,30,15
30,3,sub-15,1.1479804515838623,20261010,30,15
30,3,sub-15,2.9551033973693848,20261010,30,15
30,3,sub-18,0.8726946115493774,20261010,30,15
30,3,sub-15,0.996833324432373,20261010,30,15
30,3,sub-18,0.8649576306343079,20261010,30,15
30,3,sub-17,0.9687888622283936,20261010,30,15
30,3,sub-18,0.8332584500312805,20261010,30,15
30,3,sub-18,1.0613503456115723,20261010,30,15
30,3,sub-18,0.8910104632377625,20261010,30,15
30,3,sub-18,0.8391723036766052,20261010,30,15
30,3,sub-18,0.7544764876365662,20261010,30,15
30,3,sub-18,0.926998496055603,20261010,30,15
30,3,sub-17,1.0780839920043945,20261010,30,15
30,3,sub-17,2.2364938259124756,20261010,30,15
30,3,sub-17,0.8744476437568665,20261010,30,15
30,3,sub-17,0.9110603332519531,20261010,30,15
30,3,sub-18,1.1425944566726685,20261010,30,15
30,3,sub-17,1.300130009651184,20261010,30,15
30,3,sub-17,1.1657721996307373,20261010,30,15
30,3,sub-15,0.8939950466156006,20261010,30,15
30,3,sub-15,1.38312828540802,20261010,30,15
30,3,sub-17,1.0114885568618774,20261010,30,15
30,3,sub-17,1.1286215782165527,20261010,30,15
30,3,sub-17,0.7527101635932922,20261010,30,15
30,3,sub-18,1.013305902481079,20261010,30,15
30,3,sub-15,0.8436026573181152,20261010,30,15
30,3,sub-15,1.013933539390564,20261010,30,15
30,3,sub-15,0.8574346899986267,20261010,30,15
30,3,sub-15,0.695343017578125,20261010,30,15
30,3,sub-18,1.0070853233337402,20261010,30,15
30,3,sub-15,0.9579971432685852,20261010,30,15
30,3,sub-18,0.7388722896575928,20261010,30,15
30,3,sub-15,1.1380093097686768,20261010,30,15
30,3,sub-15,0.8256323337554932,20261010,30,15
30,3,sub-17,2.0131328105926514,20261010,30,15
30,3,sub-15,0.6818103194236755,20261010,30,15
30,3,sub-18,1.3388477563858032,20261010,30,15
30,3,sub-17,0.8381887674331665,20261010,30,15
30,3,sub-15,0.7879000306129456,20261010,30,15
30,3,sub-15,0.8263573050498962,20261010,30,15
30,3,sub-18,0.9475065469741821,20261010,30,15
30,3,sub-15,0.7698068618774414,20261010,30,15
30,3,sub-17,0.9469699859619141,20261010,30,15
30,3,sub-17,1.0797959566116333,20261010,30,15
30,3,sub-18,0.8357563018798828,20261010,30,15
30,3,sub-18,2.6249303817749023,20261010,30,15
30,3,sub-18,0.8622815608978271,20261010,30,15
30,3,sub-15,1.2184029817581177,20261010,30,15
30,3,sub-15,0.9460039734840393,20261010,30,15
30,3,sub-17,1.091083288192749,20261010,30,15
30,3,sub-17,1.4350650310516357,20261010,30,15
30,3,sub-18,0.8774036765098572,20261010,30,15
30,3,sub-15,0.6881443858146667,20261010,30,15
30,3,sub-15,3.58493971824646,20261010,30,15
30,3,sub-17,0.9753351807594299,20261010,30,15
30,3,sub-17,0.9855161309242249,20261010,30,15
30,3,sub-18,0.9095029234886169,20261010,30,15
30,3,sub-18,1.1876147985458374,20261010,30,15
30,3,sub-17,1.0311609506607056,20261010,30,15
30,3,sub-18,0.9152657389640808,20261010,30,15
30,3,sub-17,1.1122790575027466,20261010,30,15
30,3,sub-18,1.0735666751861572,20261010,30,15
30,3,sub-17,0.7225201725959778,20261010,30,15
30,3,sub-18,0.8365399241447449,20261010,30,15
30,3,sub-15,0.8096025586128235,20261010,30,15
30,3,sub-15,1.3206311464309692,20261010,30,15
30,3,sub-17,0.9608795642852783,20261010,30,15
30,3,sub-17,1.229107141494751,20261010,30,15
30,3,sub-18,0.7720183730125427,20261010,30,15
30,3,sub-17,0.9330925345420837,20261010,30,15
30,3,sub-17,2.037137031555176,20261010,30,15
30,3,sub-17,1.0584012269973755,20261010,30,15
30,3,sub-18,0.968442440032959,20261010,30,15
30,3,sub-15,1.0040802955627441,20261010,30,15
30,3,sub-15,1.1965361833572388,20261010,30,15
30,3,sub-18,0.8292291164398193,20261010,30,15
30,3,sub-15,0.7635691165924072,20261010,30,15
30,3,sub-18,1.1209582090377808,20261010,30,15
30,3,sub-18,1.2373255491256714,20261010,30,15
30,3,sub-17,1.2696255445480347,20261010,30,15
30,3,sub-17,0.6772237420082092,20261010,30,15
30,3,sub-15,0.9245352149009705,20261010,30,15
30,3,sub-17,0.9973746538162231,20261010,30,15
30,3,sub-17,0.9459572434425354,20261010,30,15
30,3,sub-15,1.2825301885604858,20261010,30,15
30,3,sub-18,1.000744104385376,20261010,30,15
30,3,sub-17,1.4748464822769165,20261010,30,15
30,3,sub-17,2.366102933883667,20261010,30,15
30,3,sub-15,0.7450347542762756,20261010,30,15
30,3,sub-15,1.0188286304473877,20261010,30,15
30,3,sub-17,2.16487455368042,20261010,30,15
30,3,sub-15,0.8701268434524536,20261010,30,15
30,3,sub-15,0.8305483460426331,20261010,30,15
30,3,sub-17,0.8440261483192444,20261010,30,15
30,3,sub-18,1.010585069656372,20261010,30,15
30,3,sub-15,0.6743210554122925,20261010,30,15
30,3,sub-15,1.2814091444015503,20261010,30,15
30,3,sub-17,1.1751188039779663,20261010,30,15
30,3,sub-18,3.599430561065674,20261010,30,15
30,3,sub-15,0.7867274284362793,20261010,30,15
30,3,sub-15,1.2185940742492676,20261010,30,15
30,3,sub-15,1.3881847858428955,20261010,30,15
30,3,sub-17,3.0249197483062744,20261010,30,15
30,3,sub-17,1.0105363130569458,20261010,30,15
30,3,sub-15,0.9679824113845825,20261010,30,15
30,3,sub-18,0.9916906356811523,20261010,30,15
30,3,sub-17,1.030235767364502,20261010,30,15
30,3,sub-17,0.7758135795593262,20261010,30,15
30,3,sub-15,1.0775188207626343,20261010,30,15
30,3,sub-17,1.9048317670822144,20261010,30,15
30,3,sub-18,0.9675772190093994,20261010,30,15
30,3,sub-15,1.0139530897140503,20261010,30,15
30,3,sub-18,0.9127545952796936,20261010,30,15
30,3,sub-18,0.876075804233551,20261010,30,15
30,3,sub-18,0.717837929725647,20261010,30,15
30,3,sub-17,1.1284059286117554,20261010,30,15
30,3,sub-18,1.460026502609253,20261010,30,15
30,3,sub-18,2.374626874923706,20261010,30,15
30,3,sub-17,1.1009433269500732,20261010,30,15
30,3,sub-15,0.9888147711753845,20261010,30,15
30,3,sub-15,1.0856900215148926,20261010,30,15
30,3,sub-15,0.9209504723548889,20261010,30,15
30,3,sub-18,0.9485786557197571,20261010,30,15
30,3,sub-18,1.0753235816955566,20261010,30,15
30,3,sub-18,0.7881582975387573,20261010,30,15
30,3,sub-17,0.9325648546218872,20261010,30,15
30,3,sub-15,0.9659223556518555,20261010,30,15
30,3,sub-17,0.9964508414268494,20261010,30,15
30,3,sub-15,0.9000977873802185,20261010,30,15
30,3,sub-15,0.973213791847229,20261010,30,15
30,3,sub-18,0.7687051296234131,20261010,30,15
30,3,sub-15,0.8629730939865112,20261010,30,15
30,3,sub-15,1.2433661222457886,20261010,30,15
30,3,sub-17,0.9944464564323425,20261010,30,15
30,3,sub-15,0.8055611848831177,20261010,30,15
30,3,sub-15,1.0709589719772339,20261010,30,15
30,3,sub-17,0.9433369040489197,20261010,30,15
30,3,sub-18,0.7010249495506287,20261010,30,15
30,3,sub-18,0.9046798944473267,20261010,30,15
30,3,sub-18,1.1623162031173706,20261010,30,15
30,3,sub-15,0.9739212989807129,20261010,30,15
30,3,sub-15,1.6551544666290283,20261010,30,15
30,3,sub-18,1.0541828870773315,20261010,30,15
30,3,sub-15,1.0097321271896362,20261010,30,15
30,3,sub-18,1.0105286836624146,20261010,30,15
30,3,sub-17,0.7241289615631104,20261010,30,15
30,3,sub-17,0.9487014412879944,20261010,30,15
30,3,sub-15,1.0416760444641113,20261010,30,15
30,3,sub-18,0.9555978178977966,20261010,30,15
30,3,sub-18,1.1110142469406128,20261010,30,15
30,3,sub-17,1.2008610963821411,20261010,30,15
30,3,sub-18,0.8587093949317932,20261010,30,15
30,3,sub-18,0.8415599465370178,20261010,30,15
30,3,sub-15,1.1837759017944336,20261010,30,15
30,3,sub-15,0.963609516620636,20261010,30,15
30,3,sub-15,0.7185094952583313,20261010,30,15
30,3,sub-15,0.7954761385917664,20261010,30,15
30,3,sub-18,0.924959123134613,20261010,30,15
30,3,sub-15,0.9820002913475037,20261010,30,15
30,3,sub-15,0.9642658233642578,20261010,30,15
30,3,sub-18,0.919272780418396,20261010,30,15
30,3,sub-18,0.9431453347206116,20261010,30,15
30,3,sub-18,1.0670779943466187,20261010,30,15
30,3,sub-18,0.8051767945289612,20261010,30,15
30,3,sub-15,1.408927083015442,20261010,30,15
30,3,sub-15,0.900774359703064,20261010,30,15
30,3,sub-18,2.707547664642334,20261010,30,15
30,3,sub-15,1.714747428894043,20261010,30,15
30,3,sub-15,0.9975613951683044,20261010,30,15
30,3,sub-15,0.8551497459411621,20261010,30,15
30,3,sub-17,1.6810535192489624,20261010,30,15
30,3,sub-18,0.7287389636039734,20261010,30,15
30,3,sub-15,0.9933328628540039,20261010,30,15
30,3,sub-17,1.2122517824172974,20261010,30,15
0,3,sub-17,0.8714054226875305,20261011,0,0
0,3,sub-15,1.0243266820907593,20261011,0,0
0,3,sub-17,0.8256591558456421,20261011,0,0
0,3,sub-17,1.2115150690078735,20261011,0,0
0,3,sub-18,0.9576030969619751,20261011,0,0
0,3,sub-18,0.721036434173584,20261011,0,0
0,3,sub-15,0.9628022313117981,20261011,0,0
0,3,sub-18,0.9114386439323425,20261011,0,0
0,3,sub-18,0.7412879467010498,20261011,0,0
0,3,sub-18,0.8369237780570984,20261011,0,0
0,3,sub-18,0.7311561703681946,20261011,0,0
0,3,sub-18,1.0102492570877075,20261011,0,0
0,3,sub-18,1.1099966764450073,20261011,0,0
0,3,sub-17,0.921208381652832,20261011,0,0
0,3,sub-18,0.8966175317764282,20261011,0,0
0,3,sub-18,1.1791330575942993,20261011,0,0
0,3,sub-15,0.7896451950073242,20261011,0,0
0,3,sub-15,0.8229385614395142,20261011,0,0
0,3,sub-15,0.9677859544754028,20261011,0,0
0,3,sub-17,0.9330010414123535,20261011,0,0
0,3,sub-17,0.8577554821968079,20261011,0,0
0,3,sub-18,0.9866493940353394,20261011,0,0
0,3,sub-15,2.5274124145507812,20261011,0,0
0,3,sub-17,0.8749619126319885,20261011,0,0
0,3,sub-17,0.882082998752594,20261011,0,0
0,3,sub-17,0.852623701095581,20261011,0,0
0,3,sub-17,0.8317276239395142,20261011,0,0
0,3,sub-17,1.6662169694900513,20261011,0,0
0,3,sub-18,1.5439094305038452,20261011,0,0
0,3,sub-17,2.8752200603485107,20261011,0,0
0,3,sub-15,0.7323223352432251,20261011,0,0
0,3,sub-15,0.9043062329292297,20261011,0,0
0,3,sub-18,0.7912130951881409,20261011,0,0
0,3,sub-15,1.30680251121521,20261011,0,0
0,3,sub-18,1.024227499961853,20261011,0,0
0,3,sub-17,1.7779892683029175,20261011,0,0
0,3,sub-18,0.8013894557952881,20261011,0,0
0,3,sub-17,0.8823580741882324,20261011,0,0
0,3,sub-18,1.0409222841262817,20261011,0,0
0,3,sub-17,0.8554902076721191,20261011,0,0
0,3,sub-17,0.8337783217430115,20261011,0,0
0,3,sub-17,0.9734612107276917,20261011,0,0
0,3,sub-17,1.0072317123413086,20261011,0,0
0,3,sub-17,0.8170322179794312,20261011,0,0
0,3,sub-15,1.1866425275802612,20261011,0,0
0,3,sub-17,1.0282624959945679,20261011,0,0
0,3,sub-17,1.3437788486480713,20261011,0,0
0,3,sub-18,0.8452313542366028,20261011,0,0
0,3,sub-15,1.2475640773773193,20261011,0,0
0,3,sub-15,0.7940303683280945,20261011,0,0
0,3,sub-18,0.6097720265388489,20261011,0,0
0,3,sub-15,1.260877013206482,20261011,0,0
0,3,sub-18,0.9448017477989197,20261011,0,0
0,3,sub-17,2.0331902503967285,20261011,0,0
0,3,sub-17,1.2499151229858398,20261011,0,0
0,3,sub-17,1.8572112321853638,20261011,0,0
0,3,sub-15,1.137347936630249,20261011,0,0
0,3,sub-17,1.0541561841964722,20261011,0,0
0,3,sub-15,0.967926561832428,20261011,0,0
0,3,sub-17,0.7714096903800964,20261011,0,0
0,3,sub-15,1.6784175634384155,20261011,0,0
0,3,sub-15,0.6540393233299255,20261011,0,0
0,3,sub-18,0.830388605594635,20261011,0,0
0,3,sub-18,0.8646735548973083,20261011,0,0
0,3,sub-15,3.5390520095825195,20261011,0,0
0,3,sub-15,1.5321338176727295,20261011,0,0
0,3,sub-15,0.8562567234039307,20261011,0,0
0,3,sub-15,1.0705914497375488,20261011,0,0
0,3,sub-15,1.1535305976867676,20261011,0,0
0,3,sub-18,1.1653856039047241,20261011,0,0
0,3,sub-18,1.9454231262207031,20261011,0,0
0,3,sub-18,0.9640076160430908,20261011,0,0
0,3,sub-17,0.9570504426956177,20261011,0,0
0,3,sub-18,1.4649386405944824,20261011,0,0
0,3,sub-15,1.3383984565734863,20261011,0,0
0,3,sub-17,0.9887166023254395,20261011,0,0
0,3,sub-17,0.6978527307510376,20261011,0,0
0,3,sub-17,0.9474025964736938,20261011,0,0
0,3,sub-18,1.0628365278244019,20261011,0,0
0,3,sub-17,1.5293673276901245,20261011,0,0
0,3,sub-18,1.0077252388000488,20261011,0,0
0,3,sub-17,1.0518803596496582,20261011,0,0
0,3,sub-18,0.851229727268219,20261011,0,0
0,3,sub-15,0.7279253602027893,20261011,0,0
0,3,sub-15,1.3008387088775635,20261011,0,0
0,3,sub-15,0.948923647403717,20261011,0,0
0,3,sub-17,1.474141001701355,20261011,0,0
0,3,sub-17,1.599692940711975,20261011,0,0
0,3,sub-18,2.0897364616394043,20261011,0,0
0,3,sub-17,0.696000337600708,20261011,0,0
0,3,sub-18,0.9655524492263794,20261011,0,0
0,3,sub-18,1.088840365409851,20261011,0,0
0,3,sub-15,0.7490748763084412,20261011,0,0
0,3,sub-18,0.7429252862930298,20261011,0,0
0,3,sub-17,1.133502721786499,20261011,0,0
0,3,sub-17,1.1154364347457886,20261011,0,0
0,3,sub-17,0.6466697454452515,20261011,0,0
0,3,sub-18,1.4132583141326904,20261011,0,0
0,3,sub-17,1.206939697265625,20261011,0,0
0,3,sub-17,0.7694572806358337,20261011,0,0
0,3,sub-17,0.8740653991699219,20261011,0,0
0,3,sub-17,1.0751843452453613,20261011,0,0
0,3,sub-17,0.9588377475738525,20261011,0,0
0,3,sub-17,0.7278016209602356,20261011,0,0
0,3,sub-15,0.7688352465629578,20261011,0,0
0,3,sub-17,1.153079628944397,20261011,0,0
0,3,sub-17,0.7755957245826721,20261011,0,0
0,3,sub-15,0.9393154978752136,20261011,0,0
0,3,sub-17,1.8650777339935303,20261011,0,0
0,3,sub-17,0.8415274024009705,20261011,0,0
0,3,sub-17,0.6000722050666809,20261011,0,0
0,3,sub-15,1.2364187240600586,20261011,0,0
0,3,sub-15,1.7057641744613647,20261011,0,0
0,3,sub-17,1.0849714279174805,20261011,0,0
0,3,sub-18,0.9288061261177063,20261011,0,0
0,3,sub-17,1.178442358970642,20261011,0,0
0,3,sub-17,1.00063955783844,20261011,0,0
0,3,sub-15,0.9228830933570862,20261011,0,0
0,3,sub-15,0.9883118867874146,20261011,0,0
0,3,sub-18,1.2367280721664429,20261011,0,0
0,3,sub-18,1.1457089185714722,20261011,0,0
0,3,sub-18,0.8167439699172974,20261011,0,0
0,3,sub-17,0.9610065817832947,20261011,0,0
0,3,sub-17,0.8692464232444763,20261011,0,0
0,3,sub-18,0.8127042055130005,20261011,0,0
0,3,sub-18,0.8808078169822693,20261011,0,0
0,3,sub-17,1.1088292598724365,20261011,0,0
0,3,sub-15,1.1142748594284058,20261011,0,0
0,3,sub-18,1.233473539352417,20261011,0,0
0,3,sub-15,0.8772718906402588,20261011,0,0
0,3,sub-17,1.0048432350158691,20261011,0,0
0,3,sub-18,0.9396014213562012,20261011,0,0
0,3,sub-15,1.0917178392410278,20261011,0,0
0,3,sub-18,0.865571141242981,20261011,0,0
0,3,sub-17,1.3196101188659668,20261011,0,0
0,3,sub-15,1.588577389717102,20261011,0,0
0,3,sub-17,1.174673318862915,20261011,0,0
0,3,sub-17,0.5826764106750488,20261011,0,0
0,3,sub-18,1.0486148595809937,20261011,0,0
0,3,sub-18,0.9181376695632935,20261011,0,0
0,3,sub-18,0.9809063673019409,20261011,0,0
0,3,sub-17,0.9813695549964905,20261011,0,0
0,3,sub-15,3.590109348297119,20261011,0,0
0,3,sub-15,1.0032473802566528,20261011,0,0
0,3,sub-18,0.9668158888816833,20261011,0,0
0,3,sub-15,1.0095998048782349,20261011,0,0
0,3,sub-17,1.0431723594665527,20261011,0,0
0,3,sub-18,1.3114056587219238,20261011,0,0
0,3,sub-17,1.191149353981018,20261011,0,0
0,3,sub-18,1.31214439868927,20261011,0,0
0,3,sub-15,0.9189589619636536,20261011,0,0
0,3,sub-18,0.577856183052063,20261011,0,0
0,3,sub-17,1.2012583017349243,20261011,0,0
0,3,sub-17,0.8694826364517212,20261011,0,0
0,3,sub-17,1.2993751764297485,20261011,0,0
0,3,sub-18,0.8438973426818848,20261011,0,0
0,3,sub-18,0.9344754219055176,20261011,0,0
0,3,sub-15,0.8590188026428223,20261011,0,0
0,3,sub-15,0.9360663890838623,20261011,0,0
0,3,sub-18,0.9935483336448669,20261011,0,0
0,3,sub-17,1.0416752099990845,20261011,0,0
0,3,sub-17,0.8874182105064392,20261011,0,0
0,3,sub-15,0.8547842502593994,20261011,0,0
0,3,sub-17,1.0332385301589966,20261011,0,0
0,3,sub-17,0.766495943069458,20261011,0,0
0,3,sub-15,1.1909630298614502,20261011,0,0
0,3,sub-15,0.9742614030838013,20261011,0,0
0,3,sub-15,0.9826199412345886,20261011,0,0
0,3,sub-18,0.877314031124115,20261011,0,0
0,3,sub-15,0.9250142574310303,20261011,0,0
0,3,sub-17,0.8801386952400208,20261011,0,0
0,3,sub-15,1.2338849306106567,20261011,0,0
0,3,sub-17,0.8712013959884644,20261011,0,0
0,3,sub-17,0.799648106098175,20261011,0,0
0,3,sub-15,0.8989319801330566,20261011,0,0
0,3,sub-18,0.8362381458282471,20261011,0,0
0,3,sub-15,0.9083794951438904,20261011,0,0
0,3,sub-17,1.1918450593948364,20261011,0,0
0,3,sub-17,1.329216480255127,20261011,0,0
0,3,sub-15,0.9566323161125183,20261011,0,0
0,3,sub-17,0.7442843317985535,20261011,0,0
0,3,sub-15,1.0497082471847534,20261011,0,0
0,3,sub-18,0.9340071678161621,20261011,0,0
0,3,sub-15,0.7971608638763428,20261011,0,0
0,3,sub-17,0.7299543023109436,20261011,0,0
0,3,sub-18,0.9667931795120239,20261011,0,0
0,3,sub-18,1.0269553661346436,20261011,0,0
0,3,sub-17,2.3082401752471924,20261011,0,0
0,3,sub-18,0.9244992733001709,20261011,0,0
0,3,sub-17,0.8957213163375854,20261011,0,0
0,3,sub-17,1.2582372426986694,20261011,0,0
0,3,sub-18,1.0387694835662842,20261011,0,0
0,3,sub-18,0.8117610216140747,20261011,0,0
0,3,sub-15,0.8359968066215515,20261011,0,0
0,3,sub-15,3.001279830932617,20261011,0,0
0,3,sub-17,0.9034062027931213,20261011,0,0
0,3,sub-15,1.4721325635910034,20261011,0,0
0,3,sub-15,0.9079305529594421,20261011,0,0
0,3,sub-15,0.8403165340423584,20261011,0,0
0,3,sub-18,0.8835106492042542,20261011,0,0
0,3,sub-18,0.6387983560562134,20261011,0,0
0,3,sub-15,0.8777107000350952,20261011,0,0
0,3,sub-18,0.8603721261024475,20261011,0,0
0,3,sub-15,0.8977817893028259,20261011,0,0
0,3,sub-15,1.0953772068023682,20261011,0,0
0,3,sub-15,0.796983003616333,20261011,0,0
0,3,sub-18,0.5855004787445068,20261011,0,0
0,3,sub-15,1.0136792659759521,20261011,0,0
0,3,sub-18,0.8361247181892395,20261011,0,0
0,3,sub-17,1.2648136615753174,20261011,0,0
0,3,sub-17,1.7107807397842407,20261011,0,0
0,3,sub-15,0.821571409702301,20261011,0,0
0,3,sub-17,0.8106787800788879,20261011,0,0
0,3,sub-17,1.314224123954773,20261011,0,0
0,3,sub-15,0.8955298662185669,20261011,0,0
0,3,sub-17,1.7427035570144653,20261011,0,0
0,3,sub-17,1.2642608880996704,20261011,0,0
0,3,sub-15,0.8311254978179932,20261011,0,0
0,3,sub-15,1.1305586099624634,20261011,0,0
0,3,sub-15,0.9974413514137268,20261011,0,0
0,3,sub-17,0.9039067625999451,20261011,0,0
0,3,sub-18,0.7859447002410889,20261011,0,0
0,3,sub-17,0.9369452595710754,20261011,0,0
0,3,sub-17,0.8583051562309265,20261011,0,0
0,3,sub-15,0.8770309686660767,20261011,0,0
0,3,sub-18,1.3553756475448608,20261011,0,0
0,3,sub-18,1.001708984375,20261011,0,0
0,3,sub-15,0.9106689691543579,20261011,0,0
0,3,sub-17,0.7439004182815552,20261011,0,0
0,3,sub-15,0.8664951920509338,20261011,0,0
0,3,sub-18,1.538315773010254,20261011,0,0
0,3,sub-17,0.8358544707298279,20261011,0,0
0,3,sub-17,1.1598217487335205,20261011,0,0
0,3,sub-17,2.115338087081909,20261011,0,0
0,3,sub-18,0.8283602595329285,20261011,0,0
0,3,sub-15,1.9342843294143677,20261011,0,0
0,3,sub-17,0.9030136466026306,20261011,0,0
0,3,sub-18,1.044406771659851,20261011,0,0
0,3,sub-18,0.864409863948822,20261011,0,0
0,3,sub-17,2.101496458053589,20261011,0,0
0,3,sub-17,1.4839003086090088,20261011,0,0
0,3,sub-17,0.9367243051528931,20261011,0,0
0,3,sub-18,0.6455010771751404,20261011,0,0
0,3,sub-17,1.5921310186386108,20261011,0,0
0,3,sub-17,2.765415906906128,20261011,0,0
0,3,sub-18,0.6406614184379578,20261011,0,0
0,3,sub-17,0.9338372945785522,20261011,0,0
0,3,sub-18,1.6942261457443237,20261011,0,0
0,3,sub-15,0.9151607751846313,20261011,0,0
0,3,sub-18,1.14388108253479,20261011,0,0
0,3,sub-15,0.7980603575706482,20261011,0,0
0,3,sub-18,1.0438834428787231,20261011,0,0
0,3,sub-15,1.2445768117904663,20261011,0,0
0,3,sub-18,1.10392427444458,20261011,0,0
0,3,sub-18,2.0486230850219727,20261011,0,0
0,3,sub-17,1.824228048324585,20261011,0,0
0,3,sub-15,0.9192611575126648,20261011,0,0
0,3,sub-17,0.8743204474449158,20261011,0,0
0,3,sub-18,1.1553868055343628,20261011,0,0
0,3,sub-17,0.7993515729904175,20261011,0,0
0,3,sub-18,0.9019932150840759,20261011,0,0
0,3,sub-15,1.7523475885391235,20261011,0,0
0,3,sub-17,0.8256438374519348,20261011,0,0
0,3,sub-17,0.7963974475860596,20261011,0,0
0,3,sub-15,1.3512451648712158,20261011,0,0
0,3,sub-17,0.9578706622123718,20261011,0,0
0,3,sub-18,1.1305662393569946,20261011,0,0
0,3,sub-15,0.9522084593772888,20261011,0,0
0,3,sub-15,1.1360924243927002,20261011,0,0
0,3,sub-17,1.437593698501587,20261011,0,0
0,3,sub-15,3.1724588871002197,20261011,0,0
0,3,sub-18,0.9039183855056763,20261011,0,0
0,3,sub-17,2.386186361312866,20261011,0,0
0,3,sub-17,1.0931634902954102,20261011,0,0
0,3,sub-18,1.3049761056900024,20261011,0,0
0,3,sub-18,0.9291211366653442,20261011,0,0
0,3,sub-17,0.9188350439071655,20261011,0,0
0,3,sub-18,0.7116156816482544,20261011,0,0
0,3,sub-18,1.804178237915039,20261011,0,0
0,3,sub-17,0.7671113014221191,20261011,0,0
0,3,sub-17,1.1022353172302246,20261011,0,0
0,3,sub-15,1.517777681350708,20261011,0,0
0,3,sub-15,2.310837507247925,20261011,0,0
0,3,sub-17,1.9486267566680908,20261011,0,0
0,3,sub-15,1.4937703609466553,20261011,0,0
0,3,sub-17,1.0706911087036133,20261011,0,0
0,3,sub-15,0.917125940322876,20261011,0,0
0,3,sub-15,0.8437107801437378,20261011,0,0
0,3,sub-18,1.4243543148040771,20261011,0,0
0,3,sub-17,0.8066391348838806,20261011,0,0
0,3,sub-17,0.9397159218788147,20261011,0,0
0,3,sub-15,2.562440872192383,20261011,0,0
0,3,sub-15,1.0740838050842285,20261011,0,0
0,3,sub-15,0.8923824429512024,20261011,0,0
0,3,sub-17,0.9118256568908691,20261011,0,0
0,3,sub-15,1.146824598312378,20261011,0,0
0,3,sub-18,1.3801114559173584,20261011,0,0
0,3,sub-15,1.4278632402420044,20261011,0,0
0,3,sub-15,1.7821946144104004,20261011,0,0
0,3,sub-17,0.9096773266792297,20261011,0,0
0,3,sub-17,1.2930526733398438,20261011,0,0
0,3,sub-18,0.7919093370437622,20261011,0,0
0,3,sub-15,0.694433867931366,20261011,0,0
0,3,sub-15,0.8809772729873657,20261011,0,0
0,3,sub-17,0.8297731280326843,20261011,0,0
0,3,sub-17,0.9516642689704895,20261011,0,0
0,3,sub-18,0.6732110381126404,20261011,0,0
0,3,sub-17,0.9603008031845093,20261011,0,0
0,3,sub-17,1.6025563478469849,20261011,0,0
0,3,sub-15,1.0021886825561523,20261011,0,0
0,3,sub-17,0.77229905128479,20261011,0,0
0,3,sub-15,0.931346595287323,20261011,0,0
0,3,sub-18,0.9666653871536255,20261011,0,0
0,3,sub-18,1.1064426898956299,20261011,0,0
0,3,sub-15,0.8646792769432068,20261011,0,0
0,3,sub-17,0.9096700549125671,20261011,0,0
0,3,sub-17,1.0020861625671387,20261011,0,0
0,3,sub-18,1.52675461769104,20261011,0,0
0,3,sub-15,0.8571760654449463,20261011,0,0
0,3,sub-17,1.1713742017745972,20261011,0,0
0,3,sub-17,0.8788699507713318,20261011,0,0
0,3,sub-15,0.857961893081665,20261011,0,0
0,3,sub-15,1.3370816707611084,20261011,0,0
0,3,sub-18,0.9761124849319458,20261011,0,0
0,3,sub-18,0.8439931869506836,20261011,0,0
0,3,sub-17,0.8896199464797974,20261011,0,0
0,3,sub-17,1.1022266149520874,20261011,0,0
0,3,sub-18,1.166397213935852,20261011,0,0
0,3,sub-17,0.7808458805084229,20261011,0,0
0,3,sub-18,1.1783506870269775,20261011,0,0
0,3,sub-18,1.2256004810333252,20261011,0,0
0,3,sub-17,1.11623215675354,20261011,0,0
0,3,sub-17,0.9376088976860046,20261011,0,0
0,3,sub-17,1.0566109418869019,20261011,0,0
0,3,sub-18,1.5361779928207397,20261011,0,0
0,3,sub-18,0.7518392205238342,20261011,0,0
0,3,sub-15,1.0861945152282715,20261011,0,0
0,3,sub-17,0.9605012536048889,20261011,0,0
0,3,sub-15,1.299123764038086,20261011,0,0
0,3,sub-15,0.821850061416626,20261011,0,0
0,3,sub-18,0.9495992660522461,20261011,0,0
0,3,sub-18,1.2389183044433594,20261011,0,0
0,3,sub-18,0.6403805017471313,20261011,0,0
0,3,sub-15,1.132123589515686,20261011,0,0
0,3,sub-17,1.254852294921875,20261011,0,0
0,3,sub-18,0.7413442134857178,20261011,0,0
0,3,sub-15,1.1648139953613281,20261011,0,0
0,3,sub-15,1.0055593252182007,20261011,0,0
0,3,sub-15,1.278336763381958,20261011,0,0
0,3,sub-17,0.8860591650009155,20261011,0,0
0,3,sub-18,0.921690821647644,20261011,0,0
0,3,sub-17,0.788544774055481,20261011,0,0
0,3,sub-18,1.3421589136123657,20261011,0,0
0,3,sub-15,1.3804908990859985,20261011,0,0
0,3,sub-18,0.8146243691444397,20261011,0,0
0,3,sub-17,0.7949813604354858,20261011,0,0
0,3,sub-17,1.3812153339385986,20261011,0,0
0,3,sub-15,0.9608546495437622,20261011,0,0
0,3,sub-18,1.3298938274383545,20261011,0,0
0,3,sub-17,0.9620038866996765,20261011,0,0
0,3,sub-15,0.9300783276557922,20261011,0,0
0,3,sub-18,0.8196704387664795,20261011,0,0
0,3,sub-15,0.7271908521652222,20261011,0,0
0,3,sub-15,1.308010220527649,20261011,0,0
0,3,sub-18,0.9877410531044006,20261011,0,0
0,3,sub-15,1.005383849143982,20261011,0,0
0,3,sub-17,0.7982657551765442,20261011,0,0
0,3,sub-17,0.8692830204963684,20261011,0,0
0,3,sub-18,0.9346899390220642,20261011,0,0
0,3,sub-15,0.894942045211792,20261011,0,0
0,3,sub-17,1.539031982421875,20261011,0,0
0,3,sub-18,0.9763404726982117,20261011,0,0
0,3,sub-17,1.2393696308135986,20261011,0,0
0,3,sub-15,0.889560878276825,20261011,0,0
0,3,sub-17,0.935481607913971,20261011,0,0
0,3,sub-17,1.142148733139038,20261011,0,0
0,3,sub-18,0.7978416681289673,20261011,0,0
0,3,sub-15,0.9974331259727478,20261011,0,0
0,3,sub-17,1.4620321989059448,20261011,0,0
0,3,sub-18,1.273295283317566,20261011,0,0
0,3,sub-15,0.9612171053886414,20261011,0,0
0,3,sub-17,0.7831366658210754,20261011,0,0
0,3,sub-15,0.8935257792472839,20261011,0,0
0,3,sub-17,2.677337169647217,20261011,0,0
10,3,sub-17,0.8759520649909973,20261011,10,5
10,3,sub-15,1.0289905071258545,20261011,10,5
10,3,sub-17,0.852403998374939,20261011,10,5
10,3,sub-17,1.2268232107162476,20261011,10,5
10,3,sub-18,0.9585087299346924,20261011,10,5
10,3,sub-18,0.7284368872642517,20261011,10,5
10,3,sub-15,0.96410071849823,20261011,10,5
10,3,sub-18,0.9150490164756775,20261011,10,5
10,3,sub-18,0.7348241209983826,20261011,10,5
10,3,sub-18,0.8539940714836121,20261011,10,5
10,3,sub-18,0.7298669815063477,20261011,10,5
10,3,sub-18,1.0107601881027222,20261011,10,5
10,3,sub-18,1.1253496408462524,20261011,10,5
10,3,sub-17,0.9241756200790405,20261011,10,5
10,3,sub-18,0.9177209734916687,20261011,10,5
10,3,sub-18,1.1765483617782593,20261011,10,5
10,3,sub-15,0.7949737906455994,20261011,10,5
10,3,sub-15,0.8296921849250793,20261011,10,5
10,3,sub-15,0.9700959324836731,20261011,10,5
10,3,sub-17,0.9544105529785156,20261011,10,5
10,3,sub-17,0.8616822361946106,20261011,10,5
10,3,sub-18,1.002762794494629,20261011,10,5
10,3,sub-15,2.4371533393859863,20261011,10,5
10,3,sub-17,0.883126974105835,20261011,10,5
10,3,sub-17,0.9009777903556824,20261011,10,5
10,3,sub-17,0.8834518194198608,20261011,10,5
10,3,sub-17,0.8417545557022095,20261011,10,5
10,3,sub-17,1.6813373565673828,20261011,10,5
10,3,sub-18,1.5502331256866455,20261011,10,5
10,3,sub-17,2.874861001968384,20261011,10,5
10,3,sub-15,0.7354859113693237,20261011,10,5
10,3,sub-15,0.9056156277656555,20261011,10,5
10,3,sub-18,0.7875640988349915,20261011,10,5
10,3,sub-15,1.3070507049560547,20261011,10,5
10,3,sub-18,1.0289095640182495,20261011,10,5
10,3,sub-17,1.7917102575302124,20261011,10,5
10,3,sub-18,0.8058075308799744,20261011,10,5
10,3,sub-17,0.898902952671051,20261011,10,5
10,3,sub-18,1.041527509689331,20261011,10,5
10,3,sub-17,0.8692980408668518,20261011,10,5
10,3,sub-17,0.8491597771644592,20261011,10,5
10,3,sub-17,0.9839521646499634,20261011,10,5
10,3,sub-17,1.008408546447754,20261011,10,5
10,3,sub-17,0.8242071270942688,20261011,10,5
10,3,sub-15,1.1915557384490967,20261011,10,5
10,3,sub-17,1.047690510749817,20261011,10,5
10,3,sub-17,1.3697062730789185,20261011,10,5
10,3,sub-18,0.8470310568809509,20261011,10,5
10,3,sub-15,1.232864499092102,20261011,10,5
10,3,sub-15,0.807818591594696,20261011,10,5
10,3,sub-18,0.6034789681434631,20261011,10,5
10,3,sub-15,1.266823649406433,20261011,10,5
10,3,sub-18,0.9441837668418884,20261011,10,5
10,3,sub-17,2.041537284851074,20261011,10,5
10,3,sub-17,1.2517412900924683,20261011,10,5
10,3,sub-17,1.8587068319320679,20261011,10,5
10,3,sub-15,1.1600326299667358,20261011,10,5
10,3,sub-17,1.0564194917678833,20261011,10,5
10,3,sub-15,0.9703935980796814,20261011,10,5
10,3,sub-17,0.7957634925842285,20261011,10,5
10,3,sub-15,1.6883838176727295,20261011,10,5
10,3,sub-15,0.6576515436172485,20261011,10,5
10,3,sub-18,0.8327663540840149,20261011,10,5
10,3,sub-18,0.8637716174125671,20261011,10,5
10,3,sub-15,3.399810552597046,20261011,10,5
10,3,sub-15,1.493903636932373,20261011,10,5
10,3,sub-15,0.8660061359405518,20261011,10,5
10,3,sub-15,1.0891834497451782,20261011,10,5
10,3,sub-15,1.1540040969848633,20261011,10,5
10,3,sub-18,1.180009365081787,20261011,10,5
10,3,sub-18,1.9442790746688843,20261011,10,5
10,3,sub-18,0.968633770942688,20261011,10,5
10,3,sub-17,0.9762685894966125,20261011,10,5
10,3,sub-18,1.4614046812057495,20261011,10,5
10,3,sub-15,1.3281443119049072,20261011,10,5
10,3,sub-17,1.0043405294418335,20261011,10,5
10,3,sub-17,0.7190864682197571,20261011,10,5
10,3,sub-17,0.9491189122200012,20261011,10,5
10,3,sub-18,1.065832257270813,20261011,10,5
10,3,sub-17,1.534096598625183,20261011,10,5
10,3,sub-18,1.0077859163284302,20261011,10,5
10,3,sub-17,1.0693873167037964,20261011,10,5
10,3,sub-18,0.8626196384429932,20261011,10,5
10,3,sub-15,0.7368613481521606,20261011,10,5
10,3,sub-15,1.3119125366210938,20261011,10,5
10,3,sub-15,0.9495326280593872,20261011,10,5
10,3,sub-17,1.4759852886199951,20261011,10,5
10,3,sub-17,1.604538917541504,20261011,10,5
10,3,sub-18,2.095673084259033,20261011,10,5
10,3,sub-17,0.6975662708282471,20261011,10,5
10,3,sub-18,0.9667074680328369,20261011,10,5
10,3,sub-18,1.1077183485031128,20261011,10,5
10,3,sub-15,0.7583921551704407,20261011,10,5
10,3,sub-18,0.7386316061019897,20261011,10,5
10,3,sub-17,1.1322643756866455,20261011,10,5
10,3,sub-17,1.1163450479507446,20261011,10,5
10,3,sub-17,0.6514572501182556,20261011,10,5
10,3,sub-18,1.4093972444534302,20261011,10,5
10,3,sub-17,1.2215834856033325,20261011,10,5
10,3,sub-17,0.7894490957260132,20261011,10,5
10,3,sub-17,0.8960813283920288,20261011,10,5
10,3,sub-17,1.0762325525283813,20261011,10,5
10,3,sub-17,0.9789762496948242,20261011,10,5
10,3,sub-17,0.7369356155395508,20261011,10,5
10,3,sub-15,0.7719539999961853,20261011,10,5
10,3,sub-17,1.1626802682876587,20261011,10,5
10,3,sub-17,0.786282479763031,20261011,10,5
10,3,sub-15,0.9419260025024414,20261011,10,5
10,3,sub-17,1.876331090927124,20261011,10,5
10,3,sub-17,0.8381606340408325,20261011,10,5
10,3,sub-17,0.6089123487472534,20261011,10,5
10,3,sub-15,1.2357181310653687,20261011,10,5
10,3,sub-15,1.707029938697815,20261011,10,5
10,3,sub-17,1.0873388051986694,20261011,10,5
10,3,sub-18,0.9474098086357117,20261011,10,5
10,3,sub-17,1.1973696947097778,20261011,10,5
10,3,sub-17,0.9993022084236145,20261011,10,5
10,3,sub-15,0.9308660626411438,20261011,10,5
10,3,sub-15,0.9883898496627808,20261011,10,5
10,3,sub-18,1.2383307218551636,20261011,10,5
10,3,sub-18,1.1554515361785889,20261011,10,5
10,3,sub-18,0.8304927349090576,20261011,10,5
10,3,sub-17,0.9967800974845886,20261011,10,5
10,3,sub-17,0.8892313838005066,20261011,10,5
10,3,sub-18,0.827195942401886,20261011,10,5
10,3,sub-18,0.8990947604179382,20261011,10,5
10,3,sub-17,1.1106945276260376,20261011,10,5
10,3,sub-15,1.1194325685501099,20261011,10,5
10,3,sub-18,1.2434722185134888,20261011,10,5
10,3,sub-15,0.8789110779762268,20261011,10,5
10,3,sub-17,1.007214903831482,20261011,10,5
10,3,sub-18,0.936130166053772,20261011,10,5
10,3,sub-15,1.0924383401870728,20261011,10,5
10,3,sub-18,0.8843967318534851,20261011,10,5
10,3,sub-17,1.319527506828308,20261011,10,5
10,3,sub-15,1.6117862462997437,20261011,10,5
10,3,sub-17,1.178284764289856,20261011,10,5
10,3,sub-17,0.5888246893882751,20261011,10,5
10,3,sub-18,1.0710002183914185,20261011,10,5
10,3,sub-18,0.9138875007629395,20261011,10,5
10,3,sub-18,0.9913233518600464,20261011,10,5
10,3,sub-17,0.985557496547699,20261011,10,5
10,3,sub-15,3.589183807373047,20261011,10,5
10,3,sub-15,1.0040634870529175,20261011,10,5
10,3,sub-18,0.9734607934951782,20261011,10,5
10,3,sub-15,1.0107249021530151,20261011,10,5
10,3,sub-17,1.0514988899230957,20261011,10,5
10,3,sub-18,1.3114033937454224,20261011,10,5
10,3,sub-17,1.192254900932312,20261011,10,5
10,3,sub-18,1.3121356964111328,20261011,10,5
10,3,sub-15,0.9313291311264038,20261011,10,5
10,3,sub-18,0.5688279271125793,20261011,10,5
10,3,sub-17,1.202263355255127,20261011,10,5
10,3,sub-17,0.8795861601829529,20261011,10,5
10,3,sub-17,1.3160126209259033,20261011,10,5
10,3,sub-18,0.8458479642868042,20261011,10,5
10,3,sub-18,0.9373264312744141,20261011,10,5
10,3,sub-15,0.8709217309951782,20261011,10,5
10,3,sub-15,0.9451056718826294,20261011,10,5
10,3,sub-18,1.0010497570037842,20261011,10,5
10,3,sub-17,1.043170690536499,20261011,10,5
10,3,sub-17,0.8982890248298645,20261011,10,5
10,3,sub-15,0.8725733160972595,20261011,10,5
10,3,sub-17,1.0353928804397583,20261011,10,5
10,3,sub-17,0.778506875038147,20261011,10,5
10,3,sub-15,1.2137529850006104,20261011,10,5
10,3,sub-15,0.9742642045021057,20261011,10,5
10,3,sub-15,0.9961095452308655,20261011,10,5
10,3,sub-18,0.8899573087692261,20261011,10,5
10,3,sub-15,0.9333961606025696,20261011,10,5
10,3,sub-17,0.8856032490730286,20261011,10,5
10,3,sub-15,1.23511803150177,20261011,10,5
10,3,sub-17,0.8937592506408691,20261011,10,5
10,3,sub-17,0.8096770644187927,20261011,10,5
10,3,sub-15,0.9056839942932129,20261011,10,5
10,3,sub-18,0.8493762612342834,20261011,10,5
10,3,sub-15,0.9086509346961975,20261011,10,5
10,3,sub-17,1.197556734085083,20261011,10,5
10,3,sub-17,1.3330976963043213,20261011,10,5
10,3,sub-15,0.9577450752258301,20261011,10,5
10,3,sub-17,0.7602066993713379,20261011,10,5
10,3,sub-15,1.05037260055542,20261011,10,5
10,3,sub-18,0.9366676211357117,20261011,10,5
10,3,sub-15,0.8090808391571045,20261011,10,5
10,3,sub-17,0.7406194806098938,20261011,10,5
10,3,sub-18,0.9927209615707397,20261011,10,5
10,3,sub-18,1.0283936262130737,20261011,10,5
10,3,sub-17,2.291759490966797,20261011,10,5
10,3,sub-18,0.9389982223510742,20261011,10,5
10,3,sub-17,0.914190948009491,20261011,10,5
10,3,sub-17,1.2581647634506226,20261011,10,5
10,3,sub-18,1.046857237815857,20261011,10,5
10,3,sub-18,0.8222652077674866,20261011,10,5
10,3,sub-15,0.837544322013855,20261011,10,5
10,3,sub-15,3.084254264831543,20261011,10,5
10,3,sub-17,0.9129029512405396,20261011,10,5
10,3,sub-15,1.4735918045043945,20261011,10,5
10,3,sub-15,0.9174701571464539,20261011,10,5
10,3,sub-15,0.8417782783508301,20261011,10,5
10,3,sub-18,0.8811328411102295,20261011,10,5
10,3,sub-18,0.6403856873512268,20261011,10,5
10,3,sub-15,0.9052018523216248,20261011,10,5
10,3,sub-18,0.8702995181083679,20261011,10,5
10,3,sub-15,0.9205348491668701,20261011,10,5
10,3,sub-15,1.114240050315857,20261011,10,5
10,3,sub-15,0.800625205039978,20261011,10,5
10,3,sub-18,0.5972006320953369,20261011,10,5
10,3,sub-15,1.020622730255127,20261011,10,5
10,3,sub-18,0.8410770297050476,20261011,10,5
10,3,sub-17,1.2804336547851562,20261011,10,5
10,3,sub-17,1.710999608039856,20261011,10,5
10,3,sub-15,0.8349225521087646,20261011,10,5
10,3,sub-17,0.8259602785110474,20261011,10,5
10,3,sub-17,1.3269931077957153,20261011,10,5
10,3,sub-15,0.9196681380271912,20261011,10,5
10,3,sub-17,1.7384014129638672,20261011,10,5
10,3,sub-17,1.2703068256378174,20261011,10,5
10,3,sub-15,0.8400881886482239,20261011,10,5
10,3,sub-15,1.1650078296661377,20261011,10,5
10,3,sub-15,0.9979623556137085,20261011,10,5
10,3,sub-17,0.9181239008903503,20261011,10,5
10,3,sub-18,0.8046618700027466,20261011,10,5
10,3,sub-17,0.9565938711166382,20261011,10,5
10,3,sub-17,0.8641067743301392,20261011,10,5
10,3,sub-15,0.8845245242118835,20261011,10,5
10,3,sub-18,1.356162190437317,20261011,10,5
10,3,sub-18,1.0183720588684082,20261011,10,5
10,3,sub-15,0.9228970408439636,20261011,10,5
10,3,sub-17,0.7568378448486328,20261011,10,5
10,3,sub-15,0.8660208582878113,20261011,10,5
10,3,sub-18,1.55031156539917,20261011,10,5
10,3,sub-17,0.838507354259491,20261011,10,5
10,3,sub-17,1.1804050207138062,20261011,10,5
10,3,sub-17,2.1208488941192627,20261011,10,5
10,3,sub-18,0.8530001640319824,20261011,10,5
10,3,sub-15,1.8260724544525146,20261011,10,5
10,3,sub-17,0.9042074680328369,20261011,10,5
10,3,sub-18,1.0416206121444702,20261011,10,5
10,3,sub-18,0.8661370277404785,20261011,10,5
10,3,sub-17,2.1020278930664062,20261011,10,5
10,3,sub-17,1.4846786260604858,20261011,10,5
10,3,sub-17,0.9712544679641724,20261011,10,5
10,3,sub-18,0.660442054271698,20261011,10,5
10,3,sub-17,1.5982035398483276,20261011,10,5
10,3,sub-17,2.76645827293396,20261011,10,5
10,3,sub-18,0.6504935026168823,20261011,10,5
10,3,sub-17,0.9653344750404358,20261011,10,5
10,3,sub-18,1.6899669170379639,20261011,10,5
10,3,sub-15,0.9215168952941895,20261011,10,5
10,3,sub-18,1.1434099674224854,20261011,10,5
10,3,sub-15,0.7993931174278259,20261011,10,5
10,3,sub-18,1.0556243658065796,20261011,10,5
10,3,sub-15,1.2449029684066772,20261011,10,5
10,3,sub-18,1.1088593006134033,20261011,10,5
10,3,sub-18,2.0607519149780273,20261011,10,5
10,3,sub-17,1.8243979215621948,20261011,10,5
10,3,sub-15,0.9208218455314636,20261011,10,5
10,3,sub-17,0.8762353658676147,20261011,10,5
10,3,sub-18,1.1651898622512817,20261011,10,5
10,3,sub-17,0.8143287301063538,20261011,10,5
10,3,sub-18,0.9161200523376465,20261011,10,5
10,3,sub-15,1.6928033828735352,20261011,10,5
10,3,sub-17,0.8296982049942017,20261011,10,5
10,3,sub-17,0.8120645880699158,20261011,10,5
10,3,sub-15,1.3626056909561157,20261011,10,5
10,3,sub-17,0.9776946306228638,20261011,10,5
10,3,sub-18,1.1284340620040894,20261011,10,5
10,3,sub-15,0.9555649757385254,20261011,10,5
10,3,sub-15,1.134580135345459,20261011,10,5
10,3,sub-17,1.4376490116119385,20261011,10,5
10,3,sub-15,3.181162118911743,20261011,10,5
10,3,sub-18,0.9065947532653809,20261011,10,5
10,3,sub-17,2.3854775428771973,20261011,10,5
10,3,sub-17,1.0951207876205444,20261011,10,5
10,3,sub-18,1.306969165802002,20261011,10,5
10,3,sub-18,0.9342838525772095,20261011,10,5
10,3,sub-17,0.9198575615882874,20261011,10,5
10,3,sub-18,0.7215045690536499,20261011,10,5
10,3,sub-18,1.8058637380599976,20261011,10,5
10,3,sub-17,0.8107168674468994,20261011,10,5
10,3,sub-17,1.105234980583191,20261011,10,5
10,3,sub-15,1.504047155380249,20261011,10,5
10,3,sub-15,2.4402308464050293,20261011,10,5
10,3,sub-17,1.9538705348968506,20261011,10,5
10,3,sub-15,1.4412386417388916,20261011,10,5
10,3,sub-17,1.078831672668457,20261011,10,5
10,3,sub-15,0.9214324355125427,20261011,10,5
10,3,sub-15,0.8450618982315063,20261011,10,5
10,3,sub-18,1.4267512559890747,20261011,10,5
10,3,sub-17,0.817655622959137,20261011,10,5
10,3,sub-17,0.9516449570655823,20261011,10,5
10,3,sub-15,2.546907424926758,20261011,10,5
10,3,sub-15,1.078534483909607,20261011,10,5
10,3,sub-15,0.8988807797431946,20261011,10,5
10,3,sub-17,0.9124118685722351,20261011,10,5
10,3,sub-15,1.152736783027649,20261011,10,5
10,3,sub-18,1.3786253929138184,20261011,10,5
10,3,sub-15,1.439064860343933,20261011,10,5
10,3,sub-15,1.727185845375061,20261011,10,5
10,3,sub-17,0.9080770015716553,20261011,10,5
10,3,sub-17,1.29766845703125,20261011,10,5
10,3,sub-18,0.805358350276947,20261011,10,5
10,3,sub-15,0.6969500184059143,20261011,10,5
10,3,sub-15,0.8861247301101685,20261011,10,5
10,3,sub-17,0.833862841129303,20261011,10,5
10,3,sub-17,0.957334578037262,20261011,10,5
10,3,sub-18,0.6719473600387573,20261011,10,5
10,3,sub-17,0.9641052484512329,20261011,10,5
10,3,sub-17,1.6015371084213257,20261011,10,5
10,3,sub-15,1.005895972251892,20261011,10,5
10,3,sub-17,0.7860892415046692,20261011,10,5
10,3,sub-15,0.9406935572624207,20261011,10,5
10,3,sub-18,0.967353880405426,20261011,10,5
10,3,sub-18,1.1086153984069824,20261011,10,5
10,3,sub-15,0.8653969168663025,20261011,10,5
10,3,sub-17,0.9308292865753174,20261011,10,5
10,3,sub-17,1.003649115562439,20261011,10,5
10,3,sub-18,1.544069528579712,20261011,10,5
10,3,sub-15,0.8597015738487244,20261011,10,5
10,3,sub-17,1.1936185359954834,20261011,10,5
10,3,sub-17,0.8857277631759644,20261011,10,5
10,3,sub-15,0.8720976114273071,20261011,10,5
10,3,sub-15,1.339104175567627,20261011,10,5
10,3,sub-18,0.9752697348594666,20261011,10,5
10,3,sub-18,0.8650272488594055,20261011,10,5
10,3,sub-17,0.9032138586044312,20261011,10,5
10,3,sub-17,1.1205458641052246,20261011,10,5
10,3,sub-18,1.1685210466384888,20261011,10,5
10,3,sub-17,0.7885453104972839,20261011,10,5
10,3,sub-18,1.19851553440094,20261011,10,5
10,3,sub-18,1.2397462129592896,20261011,10,5
10,3,sub-17,1.1196752786636353,20261011,10,5
10,3,sub-17,0.9457373023033142,20261011,10,5
10,3,sub-17,1.0578827857971191,20261011,10,5
10,3,sub-18,1.5368096828460693,20261011,10,5
10,3,sub-18,0.7538115382194519,20261011,10,5
10,3,sub-15,1.0911650657653809,20261011,10,5
10,3,sub-17,0.974932849407196,20261011,10,5
10,3,sub-15,1.29978609085083,20261011,10,5
10,3,sub-15,0.8292850255966187,20261011,10,5
10,3,sub-18,0.9597156643867493,20261011,10,5
10,3,sub-18,1.2395516633987427,20261011,10,5
10,3,sub-18,0.6315880417823792,20261011,10,5
10,3,sub-15,1.1539283990859985,20261011,10,5
10,3,sub-17,1.2537633180618286,20261011,10,5
10,3,sub-18,0.733203113079071,20261011,10,5
10,3,sub-15,1.1678448915481567,20261011,10,5
10,3,sub-15,1.0070692300796509,20261011,10,5
10,3,sub-15,1.2869420051574707,20261011,10,5
10,3,sub-17,0.8978641629219055,20261011,10,5
10,3,sub-18,0.9393268823623657,20261011,10,5
10,3,sub-17,0.8064248561859131,20261011,10,5
10,3,sub-18,1.340791940689087,20261011,10,5
10,3,sub-15,1.3705062866210938,20261011,10,5
10,3,sub-18,0.8386776447296143,20261011,10,5
10,3,sub-17,0.8019011616706848,20261011,10,5
10,3,sub-17,1.390999436378479,20261011,10,5
10,3,sub-15,0.9636053442955017,20261011,10,5
10,3,sub-18,1.3308533430099487,20261011,10,5
10,3,sub-17,0.9667754769325256,20261011,10,5
10,3,sub-15,0.9394132494926453,20261011,10,5
10,3,sub-18,0.8399002552032471,20261011,10,5
10,3,sub-15,0.7311409711837769,20261011,10,5
10,3,sub-15,1.3402689695358276,20261011,10,5
10,3,sub-18,0.987784206867218,20261011,10,5
10,3,sub-15,1.0060187578201294,20261011,10,5
10,3,sub-17,0.8091685175895691,20261011,10,5
10,3,sub-17,0.8883365988731384,20261011,10,5
10,3,sub-18,0.9548143744468689,20261011,10,5
10,3,sub-15,0.9035112261772156,20261011,10,5
10,3,sub-17,1.5403517484664917,20261011,10,5
10,3,sub-18,0.997847855091095,20261011,10,5
10,3,sub-17,1.2419759035110474,20261011,10,5
10,3,sub-15,0.9027730226516724,20261011,10,5
10,3,sub-17,0.9355614185333252,20261011,10,5
10,3,sub-17,1.1459342241287231,20261011,10,5
10,3,sub-18,0.7975248694419861,20261011,10,5
10,3,sub-15,1.010854721069336,20261011,10,5
10,3,sub-17,1.4611058235168457,20261011,10,5
10,3,sub-18,1.2719093561172485,20261011,10,5
10,3,sub-15,0.9660695791244507,20261011,10,5
10,3,sub-17,0.7879214882850647,20261011,10,5
10,3,sub-15,0.8965626955032349,20261011,10,5
10,3,sub-17,2.6989407539367676,20261011,10,5
30,3,sub-17,0.8737980723381042,20261011,30,15
30,3,sub-15,1.0289671421051025,20261011,30,15
30,3,sub-17,0.8424800634384155,20261011,30,15
30,3,sub-17,1.2278211116790771,20261011,30,15
30,3,sub-18,0.9606386423110962,20261011,30,15
30,3,sub-18,0.7285775542259216,20261011,30,15
30,3,sub-15,0.9642675518989563,20261011,30,15
30,3,sub-18,0.9157145023345947,20261011,30,15
30,3,sub-18,0.7367818355560303,20261011,30,15
30,3,sub-18,0.8516323566436768,20261011,30,15
30,3,sub-18,0.7311261892318726,20261011,30,15
30,3,sub-18,1.010693907737732,20261011,30,15
30,3,sub-18,1.1244240999221802,20261011,30,15
30,3,sub-17,0.9264909625053406,20261011,30,15
30,3,sub-18,0.9187589287757874,20261011,30,15
30,3,sub-18,1.177381157875061,20261011,30,15
30,3,sub-15,0.7925963997840881,20261011,30,15
30,3,sub-15,0.829644501209259,20261011,30,15
30,3,sub-15,0.9704524874687195,20261011,30,15
30,3,sub-17,0.951981782913208,20261011,30,15
30,3,sub-17,0.860114336013794,20261011,30,15
30,3,sub-18,1.0037593841552734,20261011,30,15
30,3,sub-15,2.438552141189575,20261011,30,15
30,3,sub-17,0.8806934952735901,20261011,30,15
30,3,sub-17,0.8930779695510864,20261011,30,15
30,3,sub-17,0.8849987387657166,20261011,30,15
30,3,sub-17,0.8434417247772217,20261011,30,15
30,3,sub-17,1.661985158920288,20261011,30,15
30,3,sub-18,1.551134705543518,20261011,30,15
30,3,sub-17,2.8959832191467285,20261011,30,15
30,3,sub-15,0.7384432554244995,20261011,30,15
30,3,sub-15,0.9089746475219727,20261011,30,15
30,3,sub-18,0.7885615825653076,20261011,30,15
30,3,sub-15,1.3066802024841309,20261011,30,15
30,3,sub-18,1.0325109958648682,20261011,30,15
30,3,sub-17,1.792154312133789,20261011,30,15
30,3,sub-18,0.8058881163597107,20261011,30,15
30,3,sub-17,0.8926167488098145,20261011,30,15
30,3,sub-18,1.0419516563415527,20261011,30,15
30,3,sub-17,0.8695526719093323,20261011,30,15
30,3,sub-17,0.8433017730712891,20261011,30,15
30,3,sub-17,0.9793080687522888,20261011,30,15
30,3,sub-17,1.0083909034729004,20261011,30,15
30,3,sub-17,0.8188484907150269,20261011,30,15
30,3,sub-15,1.191676378250122,20261011,30,15
30,3,sub-17,1.0386710166931152,20261011,30,15
30,3,sub-17,1.3717329502105713,20261011,30,15
30,3,sub-18,0.8517430424690247,20261011,30,15
30,3,sub-15,1.2352955341339111,20261011,30,15
30,3,sub-15,0.8076091408729553,20261011,30,15
30,3,sub-18,0.6056904792785645,20261011,30,15
30,3,sub-15,1.266405701637268,20261011,30,15
30,3,sub-18,0.9448580145835876,20261011,30,15
30,3,sub-17,2.039926767349243,20261011,30,15
30,3,sub-17,1.2517141103744507,20261011,30,15
30,3,sub-17,1.8587217330932617,20261011,30,15
30,3,sub-15,1.152146577835083,20261011,30,15
30,3,sub-17,1.0554791688919067,20261011,30,15
30,3,sub-15,0.9698327779769897,20261011,30,15
30,3,sub-17,0.7964510917663574,20261011,30,15
30,3,sub-15,1.6849615573883057,20261011,30,15
30,3,sub-15,0.6576828956604004,20261011,30,15
30,3,sub-18,0.8322941660881042,20261011,30,15
30,3,sub-18,0.8644614219665527,20261011,30,15
30,3,sub-15,3.4094953536987305,20261011,30,15
30,3,sub-15,1.4959189891815186,20261011,30,15
30,3,sub-15,0.8642597794532776,20261011,30,15
30,3,sub-15,1.0895335674285889,20261011,30,15
30,3,sub-15,1.1532779932022095,20261011,30,15
30,3,sub-18,1.1843127012252808,20261011,30,15
30,3,sub-18,1.944033145904541,20261011,30,15
30,3,sub-18,0.968471109867096,20261011,30,15
30,3,sub-17,0.9751662015914917,20261011,30,15
30,3,sub-18,1.461037039756775,20261011,30,15
30,3,sub-15,1.3278472423553467,20261011,30,15
30,3,sub-17,0.9987754225730896,20261011,30,15
30,3,sub-17,0.7200075387954712,20261011,30,15
30,3,sub-17,0.9480700492858887,20261011,30,15
30,3,sub-18,1.0698944330215454,20261011,30,15
30,3,sub-17,1.5440007448196411,20261011,30,15
30,3,sub-18,1.00771164894104,20261011,30,15
30,3,sub-17,1.0699450969696045,20261011,30,15
30,3,sub-18,0.8632269501686096,20261011,30,15
30,3,sub-15,0.7374640703201294,20261011,30,15
30,3,sub-15,1.3114633560180664,20261011,30,15
30,3,sub-15,0.9494600296020508,20261011,30,15
30,3,sub-17,1.4800200462341309,20261011,30,15
30,3,sub-17,1.6042793989181519,20261011,30,15
30,3,sub-18,2.0956408977508545,20261011,30,15
30,3,sub-17,0.6973787546157837,20261011,30,15
30,3,sub-18,0.9678947925567627,20261011,30,15
30,3,sub-18,1.1087085008621216,20261011,30,15
30,3,sub-15,0.7580252885818481,20261011,30,15
30,3,sub-18,0.7418045997619629,20261011,30,15
30,3,sub-17,1.1329195499420166,20261011,30,15
30,3,sub-17,1.1163363456726074,20261011,30,15
30,3,sub-17,0.6471771001815796,20261011,30,15
30,3,sub-18,1.4115303754806519,20261011,30,15
30,3,sub-17,1.2234258651733398,20261011,30,15
30,3,sub-17,0.7886130213737488,20261011,30,15
30,3,sub-17,0.8953122496604919,20261011,30,15
30,3,sub-17,1.0773907899856567,20261011,30,15
30,3,sub-17,0.9687602519989014,20261011,30,15
30,3,sub-17,0.7327858805656433,20261011,30,15
30,3,sub-15,0.7714712023735046,20261011,30,15
30,3,sub-17,1.1638103723526,20261011,30,15
30,3,sub-17,0.7859620451927185,20261011,30,15
30,3,sub-15,0.9418837428092957,20261011,30,15
30,3,sub-17,1.8737077713012695,20261011,30,15
30,3,sub-17,0.8392602801322937,20261011,30,15
30,3,sub-17,0.604268491268158,20261011,30,15
30,3,sub-15,1.235718011856079,20261011,30,15
30,3,sub-15,1.7069082260131836,20261011,30,15
30,3,sub-17,1.0875775814056396,20261011,30,15
30,3,sub-18,0.947109580039978,20261011,30,15
30,3,sub-17,1.1859601736068726,20261011,30,15
30,3,sub-17,1.0008301734924316,20261011,30,15
30,3,sub-15,0.9315101504325867,20261011,30,15
30,3,sub-15,0.9883598685264587,20261011,30,15
30,3,sub-18,1.2385013103485107,20261011,30,15
30,3,sub-18,1.1491401195526123,20261011,30,15
30,3,sub-18,0.8290889859199524,20261011,30,15
30,3,sub-17,0.9956262111663818,20261011,30,15
30,3,sub-17,0.8896036744117737,20261011,30,15
30,3,sub-18,0.8268590569496155,20261011,30,15
30,3,sub-18,0.8991990685462952,20261011,30,15
30,3,sub-17,1.1091636419296265,20261011,30,15
30,3,sub-15,1.1176185607910156,20261011,30,15
30,3,sub-18,1.2439652681350708,20261011,30,15
30,3,sub-15,0.8786731362342834,20261011,30,15
30,3,sub-17,1.0063986778259277,20261011,30,15
30,3,sub-18,0.9367764592170715,20261011,30,15
30,3,sub-15,1.0925683975219727,20261011,30,15
30,3,sub-18,0.885644257068634,20261011,30,15
30,3,sub-17,1.3198766708374023,20261011,30,15
30,3,sub-15,1.6065287590026855,20261011,30,15
30,3,sub-17,1.1791423559188843,20261011,30,15
30,3,sub-17,0.5844268798828125,20261011,30,15
30,3,sub-18,1.071780800819397,20261011,30,15
30,3,sub-18,0.9194547533988953,20261011,30,15
30,3,sub-18,0.9911080002784729,20261011,30,15
30,3,sub-17,0.9835194945335388,20261011,30,15
30,3,sub-15,3.589674949645996,20261011,30,15
30,3,sub-15,1.0039604902267456,20261011,30,15
30,3,sub-18,0.9728862643241882,20261011,30,15
30,3,sub-15,1.01060950756073,20261011,30,15
30,3,sub-17,1.0558487176895142,20261011,30,15
30,3,sub-18,1.3117964267730713,20261011,30,15
30,3,sub-17,1.1910912990570068,20261011,30,15
30,3,sub-18,1.3128950595855713,20261011,30,15
30,3,sub-15,0.9309477806091309,20261011,30,15
30,3,sub-18,0.5722411870956421,20261011,30,15
30,3,sub-17,1.20266854763031,20261011,30,15
30,3,sub-17,0.8814474940299988,20261011,30,15
30,3,sub-17,1.317826271057129,20261011,30,15
30,3,sub-18,0.8474167585372925,20261011,30,15
30,3,sub-18,0.9371552467346191,20261011,30,15
30,3,sub-15,0.8718666434288025,20261011,30,15
30,3,sub-15,0.9430197477340698,20261011,30,15
30,3,sub-18,1.0006476640701294,20261011,30,15
30,3,sub-17,1.0421077013015747,20261011,30,15
30,3,sub-17,0.8904165625572205,20261011,30,15
30,3,sub-15,0.873155415058136,20261011,30,15
30,3,sub-17,1.033665418624878,20261011,30,15
30,3,sub-17,0.7739250063896179,20261011,30,15
30,3,sub-15,1.2076457738876343,20261011,30,15
30,3,sub-15,0.9739921689033508,20261011,30,15
30,3,sub-15,0.9962740540504456,20261011,30,15
30,3,sub-18,0.8855149149894714,20261011,30,15
30,3,sub-15,0.9328323006629944,20261011,30,15
30,3,sub-17,0.8832459449768066,20261011,30,15
30,3,sub-15,1.2351431846618652,20261011,30,15
30,3,sub-17,0.8940045833587646,20261011,30,15
30,3,sub-17,0.805097222328186,20261011,30,15
30,3,sub-15,0.9061256051063538,20261011,30,15
30,3,sub-18,0.8493785858154297,20261011,30,15
30,3,sub-15,0.9091425538063049,20261011,30,15
30,3,sub-17,1.19199538230896,20261011,30,15
30,3,sub-17,1.3342561721801758,20261011,30,15
30,3,sub-15,0.9579846262931824,20261011,30,15
30,3,sub-17,0.7532358169555664,20261011,30,15
30,3,sub-15,1.0501164197921753,20261011,30,15
30,3,sub-18,0.938250720500946,20261011,30,15
30,3,sub-15,0.8088029623031616,20261011,30,15
30,3,sub-17,0.7320808172225952,20261011,30,15
30,3,sub-18,0.9930410981178284,20261011,30,15
30,3,sub-18,1.0294755697250366,20261011,30,15
30,3,sub-17,2.3202927112579346,20261011,30,15
30,3,sub-18,0.939828097820282,20261011,30,15
30,3,sub-17,0.9078927636146545,20261011,30,15
30,3,sub-17,1.256097674369812,20261011,30,15
30,3,sub-18,1.0489587783813477,20261011,30,15
30,3,sub-18,0.8170933127403259,20261011,30,15
30,3,sub-15,0.8373121023178101,20261011,30,15
30,3,sub-15,3.084711790084839,20261011,30,15
30,3,sub-17,0.9109587073326111,20261011,30,15
30,3,sub-15,1.4725000858306885,20261011,30,15
30,3,sub-15,0.9172347187995911,20261011,30,15
30,3,sub-15,0.8417189717292786,20261011,30,15
30,3,sub-18,0.8858129978179932,20261011,30,15
30,3,sub-18,0.6406983137130737,20261011,30,15
30,3,sub-15,0.9019824266433716,20261011,30,15
30,3,sub-18,0.8759903907775879,20261011,30,15
30,3,sub-15,0.9182834029197693,20261011,30,15
30,3,sub-15,1.1066704988479614,20261011,30,15
30,3,sub-15,0.8004613518714905,20261011,30,15
30,3,sub-18,0.5972277522087097,20261011,30,15
30,3,sub-15,1.0209373235702515,20261011,30,15
30,3,sub-18,0.8443608283996582,20261011,30,15
30,3,sub-17,1.2824064493179321,20261011,30,15
30,3,sub-17,1.7116645574569702,20261011,30,15
30,3,sub-15,0.833167552947998,20261011,30,15
30,3,sub-17,0.8200889229774475,20261011,30,15
30,3,sub-17,1.323009967803955,20261011,30,15
30,3,sub-15,0.9165665507316589,20261011,30,15
30,3,sub-17,1.7394154071807861,20261011,30,15
30,3,sub-17,1.275229573249817,20261011,30,15
30,3,sub-15,0.8400300741195679,20261011,30,15
30,3,sub-15,1.15855073928833,20261011,30,15
30,3,sub-15,0.9978989362716675,20261011,30,15
30,3,sub-17,0.911239504814148,20261011,30,15
30,3,sub-18,0.8046505451202393,20261011,30,15
30,3,sub-17,0.94649338722229,20261011,30,15
30,3,sub-17,0.8696932792663574,20261011,30,15
30,3,sub-15,0.8851351737976074,20261011,30,15
30,3,sub-18,1.3581286668777466,20261011,30,15
30,3,sub-18,1.0204523801803589,20261011,30,15
30,3,sub-15,0.9208940267562866,20261011,30,15
30,3,sub-17,0.7501214146614075,20261011,30,15
30,3,sub-15,0.8667312264442444,20261011,30,15
30,3,sub-18,1.5518909692764282,20261011,30,15
30,3,sub-17,0.839186429977417,20261011,30,15
30,3,sub-17,1.1822453737258911,20261011,30,15
30,3,sub-17,2.123231887817383,20261011,30,15
30,3,sub-18,0.8522202372550964,20261011,30,15
30,3,sub-15,1.8270004987716675,20261011,30,15
30,3,sub-17,0.9025453925132751,20261011,30,15
30,3,sub-18,1.0421669483184814,20261011,30,15
30,3,sub-18,0.8680750727653503,20261011,30,15
30,3,sub-17,2.0984041690826416,20261011,30,15
30,3,sub-17,1.4841376543045044,20261011,30,15
30,3,sub-17,0.9644896984100342,20261011,30,15
30,3,sub-18,0.6604055762290955,20261011,30,15
30,3,sub-17,1.597503900527954,20261011,30,15
30,3,sub-17,2.7662346363067627,20261011,30,15
30,3,sub-18,0.6502804756164551,20261011,30,15
30,3,sub-17,0.9652484655380249,20261011,30,15
30,3,sub-18,1.6899620294570923,20261011,30,15
30,3,sub-15,0.9203585982322693,20261011,30,15
30,3,sub-18,1.1431593894958496,20261011,30,15
30,3,sub-15,0.8003109693527222,20261011,30,15
30,3,sub-18,1.0568169355392456,20261011,30,15
30,3,sub-15,1.2448457479476929,20261011,30,15
30,3,sub-18,1.1102744340896606,20261011,30,15
30,3,sub-18,2.058241367340088,20261011,30,15
30,3,sub-17,1.8248740434646606,20261011,30,15
30,3,sub-15,0.9209352135658264,20261011,30,15
30,3,sub-17,0.8782362341880798,20261011,30,15
30,3,sub-18,1.1655722856521606,20261011,30,15
30,3,sub-17,0.8148903846740723,20261011,30,15
30,3,sub-18,0.9166691899299622,20261011,30,15
30,3,sub-15,1.694291591644287,20261011,30,15
30,3,sub-17,0.8284075260162354,20261011,30,15
30,3,sub-17,0.8102988600730896,20261011,30,15
30,3,sub-15,1.3591856956481934,20261011,30,15
30,3,sub-17,0.970400869846344,20261011,30,15
30,3,sub-18,1.1305580139160156,20261011,30,15
30,3,sub-15,0.9558930397033691,20261011,30,15
30,3,sub-15,1.1345828771591187,20261011,30,15
30,3,sub-17,1.4377918243408203,20261011,30,15
30,3,sub-15,3.181297779083252,20261011,30,15
30,3,sub-18,0.9069716334342957,20261011,30,15
30,3,sub-17,2.3864288330078125,20261011,30,15
30,3,sub-17,1.09257173538208,20261011,30,15
30,3,sub-18,1.307355523109436,20261011,30,15
30,3,sub-18,0.9348307251930237,20261011,30,15
30,3,sub-17,0.9198972582817078,20261011,30,15
30,3,sub-18,0.7198519706726074,20261011,30,15
30,3,sub-18,1.8056035041809082,20261011,30,15
30,3,sub-17,0.8112003803253174,20261011,30,15
30,3,sub-17,1.104901909828186,20261011,30,15
30,3,sub-15,1.5049328804016113,20261011,30,15
30,3,sub-15,2.4370737075805664,20261011,30,15
30,3,sub-17,1.9557288885116577,20261011,30,15
30,3,sub-15,1.4433043003082275,20261011,30,15
30,3,sub-17,1.072498083114624,20261011,30,15
30,3,sub-15,0.9208682775497437,20261011,30,15
30,3,sub-15,0.8448649644851685,20261011,30,15
30,3,sub-18,1.4257619380950928,20261011,30,15
30,3,sub-17,0.8116506338119507,20261011,30,15
30,3,sub-17,0.9469270706176758,20261011,30,15
30,3,sub-15,2.547321081161499,20261011,30,15
30,3,sub-15,1.0786387920379639,20261011,30,15
30,3,sub-15,0.8989242911338806,20261011,30,15
30,3,sub-17,0.9116780161857605,20261011,30,15
30,3,sub-15,1.1525992155075073,20261011,30,15
30,3,sub-18,1.378162145614624,20261011,30,15
30,3,sub-15,1.4355454444885254,20261011,30,15
30,3,sub-15,1.7300398349761963,20261011,30,15
30,3,sub-17,0.9094090461730957,20261011,30,15
30,3,sub-17,1.298069715499878,20261011,30,15
30,3,sub-18,0.8062358498573303,20261011,30,15
30,3,sub-15,0.6970981359481812,20261011,30,15
30,3,sub-15,0.8869441747665405,20261011,30,15
30,3,sub-17,0.8322479724884033,20261011,30,15
30,3,sub-17,0.9525588750839233,20261011,30,15
30,3,sub-18,0.6723109483718872,20261011,30,15
30,3,sub-17,0.9645789265632629,20261011,30,15
30,3,sub-17,1.6081875562667847,20261011,30,15
30,3,sub-15,1.0062637329101562,20261011,30,15
30,3,sub-17,0.7862638235092163,20261011,30,15
30,3,sub-15,0.941631019115448,20261011,30,15
30,3,sub-18,0.9700812697410583,20261011,30,15
30,3,sub-18,1.1096837520599365,20261011,30,15
30,3,sub-15,0.865260124206543,20261011,30,15
30,3,sub-17,0.9248801469802856,20261011,30,15
30,3,sub-17,1.0031569004058838,20261011,30,15
30,3,sub-18,1.5466885566711426,20261011,30,15
30,3,sub-15,0.8597548604011536,20261011,30,15
30,3,sub-17,1.1850004196166992,20261011,30,15
30,3,sub-17,0.882098376750946,20261011,30,15
30,3,sub-15,0.8719766139984131,20261011,30,15
30,3,sub-15,1.3378740549087524,20261011,30,15
30,3,sub-18,0.976757824420929,20261011,30,15
30,3,sub-18,0.8656379580497742,20261011,30,15
30,3,sub-17,0.8982219696044922,20261011,30,15
30,3,sub-17,1.1153173446655273,20261011,30,15
30,3,sub-18,1.169019103050232,20261011,30,15
30,3,sub-17,0.7889325618743896,20261011,30,15
30,3,sub-18,1.2013779878616333,20261011,30,15
30,3,sub-18,1.2441685199737549,20261011,30,15
30,3,sub-17,1.1197559833526611,20261011,30,15
30,3,sub-17,0.9455958008766174,20261011,30,15
30,3,sub-17,1.0583298206329346,20261011,30,15
30,3,sub-18,1.537233591079712,20261011,30,15
30,3,sub-18,0.7535611391067505,20261011,30,15
30,3,sub-15,1.0921212434768677,20261011,30,15
30,3,sub-17,0.9758487343788147,20261011,30,15
30,3,sub-15,1.29954195022583,20261011,30,15
30,3,sub-15,0.8296380043029785,20261011,30,15
30,3,sub-18,0.9600957632064819,20261011,30,15
30,3,sub-18,1.243712067604065,20261011,30,15
30,3,sub-18,0.6352043747901917,20261011,30,15
30,3,sub-15,1.1548882722854614,20261011,30,15
30,3,sub-17,1.2556426525115967,20261011,30,15
30,3,sub-18,0.7379282116889954,20261011,30,15
30,3,sub-15,1.1676759719848633,20261011,30,15
30,3,sub-15,1.0068904161453247,20261011,30,15
30,3,sub-15,1.2864269018173218,20261011,30,15
30,3,sub-17,0.8930922150611877,20261011,30,15
30,3,sub-18,0.9400037527084351,20261011,30,15
30,3,sub-17,0.7998784780502319,20261011,30,15
30,3,sub-18,1.3413598537445068,20261011,30,15
30,3,sub-15,1.3720859289169312,20261011,30,15
30,3,sub-18,0.8388065099716187,20261011,30,15
30,3,sub-17,0.796690821647644,20261011,30,15
30,3,sub-17,1.3918735980987549,20261011,30,15
30,3,sub-15,0.9638673663139343,20261011,30,15
30,3,sub-18,1.3317638635635376,20261011,30,15
30,3,sub-17,0.9697967171669006,20261011,30,15
30,3,sub-15,0.9409033060073853,20261011,30,15
30,3,sub-18,0.8415505886077881,20261011,30,15
30,3,sub-15,0.7313822507858276,20261011,30,15
30,3,sub-15,1.3395609855651855,20261011,30,15
30,3,sub-18,0.9880358576774597,20261011,30,15
30,3,sub-15,1.0058841705322266,20261011,30,15
30,3,sub-17,0.809221088886261,20261011,30,15
30,3,sub-17,0.8878729343414307,20261011,30,15
30,3,sub-18,0.9447836875915527,20261011,30,15
30,3,sub-15,0.9034883975982666,20261011,30,15
30,3,sub-17,1.5423998832702637,20261011,30,15
30,3,sub-18,0.9969698190689087,20261011,30,15
30,3,sub-17,1.2420949935913086,20261011,30,15
30,3,sub-15,0.901711642742157,20261011,30,15
30,3,sub-17,0.9428425431251526,20261011,30,15
30,3,sub-17,1.1427903175354004,20261011,30,15
30,3,sub-18,0.7991254925727844,20261011,30,15
30,3,sub-15,1.0098705291748047,20261011,30,15
30,3,sub-17,1.4609380960464478,20261011,30,15
30,3,sub-18,1.2763067483901978,20261011,30,15
30,3,sub-15,0.9663551449775696,20261011,30,15
30,3,sub-17,0.786358654499054,20261011,30,15
30,3,sub-15,0.8964265584945679,20261011,30,15
30,3,sub-17,2.6700279712677,20261011,30,15
0,4,sub-19,1.3912134170532227,20261010,0,0
0,4,sub-23,0.8346521258354187,20261010,0,0
0,4,sub-23,0.9336861968040466,20261010,0,0
0,4,sub-23,0.9589208960533142,20261010,0,0
0,4,sub-23,0.997224748134613,20261010,0,0
0,4,sub-23,1.1518752574920654,20261010,0,0
0,4,sub-23,0.9677677750587463,20261010,0,0
0,4,sub-21,1.3728411197662354,20261010,0,0
0,4,sub-23,1.0853763818740845,20261010,0,0
0,4,sub-21,0.9684039354324341,20261010,0,0
0,4,sub-23,0.9412996172904968,20261010,0,0
0,4,sub-21,1.0655254125595093,20261010,0,0
0,4,sub-21,0.9731943011283875,20261010,0,0
0,4,sub-19,1.0073436498641968,20261010,0,0
0,4,sub-23,0.8402573466300964,20261010,0,0
0,4,sub-23,0.8123485445976257,20261010,0,0
0,4,sub-19,0.941653311252594,20261010,0,0
0,4,sub-21,1.0880073308944702,20261010,0,0
0,4,sub-21,1.1430790424346924,20261010,0,0
0,4,sub-19,0.8194462656974792,20261010,0,0
0,4,sub-19,0.9261381030082703,20261010,0,0
0,4,sub-21,1.3852598667144775,20261010,0,0
0,4,sub-23,0.9805205464363098,20261010,0,0
0,4,sub-23,1.0131365060806274,20261010,0,0
0,4,sub-21,0.7556838989257812,20261010,0,0
0,4,sub-19,1.1741148233413696,20261010,0,0
0,4,sub-19,1.002468466758728,20261010,0,0
0,4,sub-21,0.9391350746154785,20261010,0,0
0,4,sub-19,1.4131345748901367,20261010,0,0
0,4,sub-19,1.5816535949707031,20261010,0,0
0,4,sub-23,1.1090326309204102,20261010,0,0
0,4,sub-23,1.2125754356384277,20261010,0,0
0,4,sub-19,0.9066972732543945,20261010,0,0
0,4,sub-21,1.2887483835220337,20261010,0,0
0,4,sub-21,1.482588529586792,20261010,0,0
0,4,sub-23,1.0994154214859009,20261010,0,0
0,4,sub-19,2.4263744354248047,20261010,0,0
0,4,sub-23,0.9173415899276733,20261010,0,0
0,4,sub-23,0.9072410464286804,20261010,0,0
0,4,sub-21,1.4335951805114746,20261010,0,0
0,4,sub-21,0.9346258640289307,20261010,0,0
0,4,sub-23,1.5885201692581177,20261010,0,0
0,4,sub-19,1.118760585784912,20261010,0,0
0,4,sub-21,1.4429594278335571,20261010,0,0
0,4,sub-21,0.9193608164787292,20261010,0,0
0,4,sub-19,0.9621657133102417,20261010,0,0
0,4,sub-21,2.346442222595215,20261010,0,0
0,4,sub-19,0.8505406379699707,20261010,0,0
0,4,sub-19,0.8633846640586853,20261010,0,0
0,4,sub-23,0.9432094097137451,20261010,0,0
0,4,sub-21,0.8032018542289734,20261010,0,0
0,4,sub-21,0.9170204997062683,20261010,0,0
0,4,sub-19,1.915779948234558,20261010,0,0
0,4,sub-23,0.8579698204994202,20261010,0,0
0,4,sub-21,1.1223753690719604,20261010,0,0
0,4,sub-21,1.3572239875793457,20261010,0,0
0,4,sub-21,1.2927093505859375,20261010,0,0
0,4,sub-21,2.4854683876037598,20261010,0,0
0,4,sub-21,0.9273639917373657,20261010,0,0
0,4,sub-19,0.9932312965393066,20261010,0,0
0,4,sub-19,1.3719472885131836,20261010,0,0
0,4,sub-23,1.0147236585617065,20261010,0,0
0,4,sub-21,1.2129384279251099,20261010,0,0
0,4,sub-21,0.9770072102546692,20261010,0,0
0,4,sub-23,0.9323828816413879,20261010,0,0
0,4,sub-19,0.9201675653457642,20261010,0,0
0,4,sub-19,1.147532343864441,20261010,0,0
0,4,sub-19,1.8354381322860718,20261010,0,0
0,4,sub-19,0.9532399773597717,20261010,0,0
0,4,sub-23,1.0401142835617065,20261010,0,0
0,4,sub-19,1.320835828781128,20261010,0,0
0,4,sub-23,0.9299431443214417,20261010,0,0
0,4,sub-23,0.7820858359336853,20261010,0,0
0,4,sub-23,1.0156999826431274,20261010,0,0
0,4,sub-23,0.9187904596328735,20261010,0,0
0,4,sub-21,0.8795074820518494,20261010,0,0
0,4,sub-19,1.3107151985168457,20261010,0,0
0,4,sub-23,0.7926698327064514,20261010,0,0
0,4,sub-23,0.9136064052581787,20261010,0,0
0,4,sub-23,1.1081291437149048,20261010,0,0
0,4,sub-19,1.1402919292449951,20261010,0,0
0,4,sub-19,1.5784214735031128,20261010,0,0
0,4,sub-23,1.323725938796997,20261010,0,0
0,4,sub-23,1.026732325553894,20261010,0,0
0,4,sub-19,1.355545997619629,20261010,0,0
0,4,sub-21,0.9520615339279175,20261010,0,0
0,4,sub-23,0.7613204121589661,20261010,0,0
0,4,sub-23,0.9174917936325073,20261010,0,0
0,4,sub-19,0.9809363484382629,20261010,0,0
0,4,sub-23,1.2699484825134277,20261010,0,0
0,4,sub-21,1.0663102865219116,20261010,0,0
0,4,sub-21,1.2987337112426758,20261010,0,0
0,4,sub-21,1.7181035280227661,20261010,0,0
0,4,sub-21,1.0688735246658325,20261010,0,0
0,4,sub-23,1.1522899866104126,20261010,0,0
0,4,sub-23,0.9857726693153381,20261010,0,0
0,4,sub-21,1.544566035270691,20261010,0,0
0,4,sub-19,1.0296356678009033,20261010,0,0
0,4,sub-21,1.2973742485046387,20261010,0,0
0,4,sub-21,0.9173640608787537,20261010,0,0
0,4,sub-19,0.9621991515159607,20261010,0,0
0,4,sub-23,1.1586523056030273,20261010,0,0
0,4,sub-23,1.0039273500442505,20261010,0,0
0,4,sub-21,1.5336742401123047,20261010,0,0
0,4,sub-19,0.9455395340919495,20261010,0,0
0,4,sub-19,0.996981680393219,20261010,0,0
0,4,sub-23,1.0147591829299927,20261010,0,0
0,4,sub-21,0.8774348497390747,20261010,0,0
0,4,sub-23,1.1856319904327393,20261010,0,0
0,4,sub-23,1.4846160411834717,20261010,0,0
0,4,sub-23,1.0825786590576172,20261010,0,0
0,4,sub-21,1.059391736984253,20261010,0,0
0,4,sub-21,0.9006308317184448,20261010,0,0
0,4,sub-23,1.090686321258545,20261010,0,0
0,4,sub-21,1.0564309358596802,20261010,0,0
0,4,sub-23,0.9491010308265686,20261010,0,0
0,4,sub-19,1.0199949741363525,20261010,0,0
0,4,sub-19,1.0674490928649902,20261010,0,0
0,4,sub-23,1.2704402208328247,20261010,0,0
0,4,sub-19,1.2197037935256958,20261010,0,0
0,4,sub-19,1.637272834777832,20261010,0,0
0,4,sub-23,0.8592060804367065,20261010,0,0
0,4,sub-23,0.948952317237854,20261010,0,0
0,4,sub-23,1.3018646240234375,20261010,0,0
0,4,sub-19,1.0211973190307617,20261010,0,0
0,4,sub-23,1.1748268604278564,20261010,0,0
0,4,sub-19,1.0495942831039429,20261010,0,0
0,4,sub-23,1.1801694631576538,20261010,0,0
0,4,sub-23,1.0032647848129272,20261010,0,0
0,4,sub-21,1.263938069343567,20261010,0,0
0,4,sub-23,0.8824352025985718,20261010,0,0
0,4,sub-19,1.0463238954544067,20261010,0,0
0,4,sub-19,0.9189537763595581,20261010,0,0
0,4,sub-23,0.9892973303794861,20261010,0,0
0,4,sub-21,1.346374273300171,20261010,0,0
0,4,sub-19,0.9991810917854309,20261010,0,0
0,4,sub-23,1.0877131223678589,20261010,0,0
0,4,sub-19,0.9378110766410828,20261010,0,0
0,4,sub-19,1.046569585800171,20261010,0,0
0,4,sub-23,1.0068789720535278,20261010,0,0
0,4,sub-19,1.2316385507583618,20261010,0,0
0,4,sub-21,1.2669225931167603,20261010,0,0
0,4,sub-21,1.1039471626281738,20261010,0,0
0,4,sub-21,0.7960488796234131,20261010,0,0
0,4,sub-23,1.0814348459243774,20261010,0,0
0,4,sub-21,0.9237242341041565,20261010,0,0
0,4,sub-23,1.534450888633728,20261010,0,0
0,4,sub-19,1.1537812948226929,20261010,0,0
0,4,sub-19,1.9197773933410645,20261010,0,0
0,4,sub-23,0.9106397032737732,20261010,0,0
0,4,sub-23,0.9063977599143982,20261010,0,0
0,4,sub-19,0.8951135277748108,20261010,0,0
0,4,sub-19,0.9049200415611267,20261010,0,0
0,4,sub-21,1.4562907218933105,20261010,0,0
0,4,sub-23,1.1727886199951172,20261010,0,0
0,4,sub-19,1.1123275756835938,20261010,0,0
0,4,sub-23,0.9652478098869324,20261010,0,0
0,4,sub-19,0.9286604523658752,20261010,0,0
0,4,sub-19,0.9505087733268738,20261010,0,0
0,4,sub-19,0.9378344416618347,20261010,0,0
0,4,sub-19,1.2180838584899902,20261010,0,0
0,4,sub-23,1.0095902681350708,20261010,0,0
0,4,sub-23,0.919998824596405,20261010,0,0
0,4,sub-23,0.8543264269828796,20261010,0,0
0,4,sub-23,0.9032658338546753,20261010,0,0
0,4,sub-23,0.7937977313995361,20261010,0,0
0,4,sub-23,1.2542290687561035,20261010,0,0
0,4,sub-21,1.0574226379394531,20261010,0,0
0,4,sub-19,1.1258045434951782,20261010,0,0
0,4,sub-19,2.2625997066497803,20261010,0,0
0,4,sub-23,2.3717422485351562,20261010,0,0
0,4,sub-23,0.9607486724853516,20261010,0,0
0,4,sub-21,0.9575943350791931,20261010,0,0
0,4,sub-21,1.4560707807540894,20261010,0,0
0,4,sub-23,1.0027992725372314,20261010,0,0
0,4,sub-19,1.0176275968551636,20261010,0,0
0,4,sub-21,0.9529551267623901,20261010,0,0
0,4,sub-23,1.1516273021697998,20261010,0,0
0,4,sub-21,0.9901794791221619,20261010,0,0
0,4,sub-19,0.8641722202301025,20261010,0,0
0,4,sub-19,0.8486670255661011,20261010,0,0
0,4,sub-19,1.517012119293213,20261010,0,0
0,4,sub-19,1.0206975936889648,20261010,0,0
0,4,sub-23,1.0130672454833984,20261010,0,0
0,4,sub-23,1.7043111324310303,20261010,0,0
0,4,sub-21,0.987431526184082,20261010,0,0
0,4,sub-19,1.7644177675247192,20261010,0,0
0,4,sub-23,0.8008938431739807,20261010,0,0
0,4,sub-21,2.3660733699798584,20261010,0,0
0,4,sub-19,0.8575364351272583,20261010,0,0
0,4,sub-23,0.9575942158699036,20261010,0,0
0,4,sub-23,1.9445483684539795,20261010,0,0
0,4,sub-21,1.6588118076324463,20261010,0,0
0,4,sub-23,0.8901544213294983,20261010,0,0
0,4,sub-19,1.1891874074935913,20261010,0,0
0,4,sub-23,0.9463962912559509,20261010,0,0
0,4,sub-21,1.3179974555969238,20261010,0,0
0,4,sub-21,2.8807904720306396,20261010,0,0
0,4,sub-21,0.8554674983024597,20261010,0,0
0,4,sub-21,0.8685072660446167,20261010,0,0
0,4,sub-23,1.2204207181930542,20261010,0,0
0,4,sub-21,1.9808746576309204,20261010,0,0
0,4,sub-23,1.0258350372314453,20261010,0,0
0,4,sub-21,0.9964301586151123,20261010,0,0
0,4,sub-23,1.112648367881775,20261010,0,0
0,4,sub-21,0.8667888641357422,20261010,0,0
0,4,sub-19,1.0333002805709839,20261010,0,0
0,4,sub-21,1.1116724014282227,20261010,0,0
0,4,sub-23,0.9025071859359741,20261010,0,0
0,4,sub-19,1.023591160774231,20261010,0,0
0,4,sub-21,1.3235034942626953,20261010,0,0
0,4,sub-23,1.024397373199463,20261010,0,0
0,4,sub-23,0.9952105283737183,20261010,0,0
0,4,sub-23,1.0994559526443481,20261010,0,0
0,4,sub-23,0.8794785141944885,20261010,0,0
0,4,sub-21,0.9759204983711243,20261010,0,0
0,4,sub-19,3.0562992095947266,20261010,0,0
0,4,sub-23,0.7734084129333496,20261010,0,0
0,4,sub-23,1.040413737297058,20261010,0,0
0,4,sub-19,1.0043110847473145,20261010,0,0
0,4,sub-23,0.8668296933174133,20261010,0,0
0,4,sub-19,1.1483391523361206,20261010,0,0
0,4,sub-21,1.0798808336257935,20261010,0,0
0,4,sub-21,0.8346641659736633,20261010,0,0
0,4,sub-21,3.1547017097473145,20261010,0,0
0,4,sub-21,0.9364070892333984,20261010,0,0
0,4,sub-23,0.9998316764831543,20261010,0,0
0,4,sub-23,1.310841679573059,20261010,0,0
0,4,sub-21,1.595941424369812,20261010,0,0
0,4,sub-21,1.5173299312591553,20261010,0,0
0,4,sub-23,0.985569417476654,20261010,0,0
0,4,sub-23,1.2185003757476807,20261010,0,0
0,4,sub-19,1.018872857093811,20261010,0,0
0,4,sub-23,2.0914735794067383,20261010,0,0
0,4,sub-21,1.0311912298202515,20261010,0,0
0,4,sub-23,0.8099572658538818,20261010,0,0
0,4,sub-23,0.8960076570510864,20261010,0,0
0,4,sub-19,1.1674436330795288,20261010,0,0
0,4,sub-19,1.1023191213607788,20261010,0,0
0,4,sub-23,1.4396984577178955,20261010,0,0
0,4,sub-21,1.0755409002304077,20261010,0,0
0,4,sub-23,0.9308282136917114,20261010,0,0
0,4,sub-23,2.0834572315216064,20261010,0,0
0,4,sub-19,1.000050663948059,20261010,0,0
0,4,sub-19,0.9804239273071289,20261010,0,0
0,4,sub-23,0.9026563167572021,20261010,0,0
0,4,sub-19,0.9036051630973816,20261010,0,0
0,4,sub-19,1.139145851135254,20261010,0,0
0,4,sub-21,0.9788355827331543,20261010,0,0
0,4,sub-19,0.9591569304466248,20261010,0,0
0,4,sub-21,0.8346194624900818,20261010,0,0
0,4,sub-19,0.9446440935134888,20261010,0,0
0,4,sub-23,0.8404200077056885,20261010,0,0
0,4,sub-23,1.0747860670089722,20261010,0,0
0,4,sub-21,2.3370704650878906,20261010,0,0
0,4,sub-21,0.9154096245765686,20261010,0,0
0,4,sub-21,1.0042914152145386,20261010,0,0
0,4,sub-21,0.9749085307121277,20261010,0,0
0,4,sub-23,0.9634848237037659,20261010,0,0
0,4,sub-21,1.053082823753357,20261010,0,0
0,4,sub-19,0.9758511781692505,20261010,0,0
0,4,sub-21,0.9641863703727722,20261010,0,0
0,4,sub-23,1.007009744644165,20261010,0,0
0,4,sub-19,0.9692420363426208,20261010,0,0
0,4,sub-19,1.2993083000183105,20261010,0,0
0,4,sub-19,0.8145623207092285,20261010,0,0
0,4,sub-21,0.9775035977363586,20261010,0,0
0,4,sub-19,0.9016733169555664,20261010,0,0
0,4,sub-19,0.7963651418685913,20261010,0,0
0,4,sub-19,0.9500648975372314,20261010,0,0
0,4,sub-21,0.9266144037246704,20261010,0,0
0,4,sub-23,1.2927638292312622,20261010,0,0
0,4,sub-21,0.9050419926643372,20261010,0,0
0,4,sub-19,1.097243070602417,20261010,0,0
0,4,sub-21,0.8542819023132324,20261010,0,0
0,4,sub-23,1.0436906814575195,20261010,0,0
0,4,sub-23,0.9744256734848022,20261010,0,0
0,4,sub-19,0.859215497970581,20261010,0,0
0,4,sub-23,1.0794144868850708,20261010,0,0
0,4,sub-21,1.09615957736969,20261010,0,0
0,4,sub-23,1.9128822088241577,20261010,0,0
0,4,sub-21,1.2751994132995605,20261010,0,0
0,4,sub-19,0.8024879097938538,20261010,0,0
0,4,sub-23,0.9941158294677734,20261010,0,0
0,4,sub-19,2.2514700889587402,20261010,0,0
0,4,sub-19,0.9809110164642334,20261010,0,0
0,4,sub-23,1.167373538017273,20261010,0,0
0,4,sub-19,1.4014897346496582,20261010,0,0
0,4,sub-21,1.1508151292800903,20261010,0,0
0,4,sub-23,0.9195252060890198,20261010,0,0
0,4,sub-21,1.181368350982666,20261010,0,0
0,4,sub-23,1.543621301651001,20261010,0,0
0,4,sub-19,1.3024518489837646,20261010,0,0
0,4,sub-21,0.9469171762466431,20261010,0,0
0,4,sub-23,1.1177713871002197,20261010,0,0
0,4,sub-21,0.897911548614502,20261010,0,0
0,4,sub-19,1.275586485862732,20261010,0,0
0,4,sub-21,1.6502561569213867,20261010,0,0
0,4,sub-21,0.9468939304351807,20261010,0,0
0,4,sub-23,0.8488444685935974,20261010,0,0
0,4,sub-21,2.2618234157562256,20261010,0,0
0,4,sub-19,1.9211444854736328,20261010,0,0
0,4,sub-21,1.9483728408813477,20261010,0,0
0,4,sub-23,0.9984135031700134,20261010,0,0
0,4,sub-19,0.981330394744873,20261010,0,0
0,4,sub-21,1.1852796077728271,20261010,0,0
0,4,sub-21,2.0949671268463135,20261010,0,0
0,4,sub-21,1.143630027770996,20261010,0,0
0,4,sub-19,1.205833911895752,20261010,0,0
0,4,sub-21,0.8485741019248962,20261010,0,0
0,4,sub-23,1.1150133609771729,20261010,0,0
0,4,sub-21,1.7842679023742676,20261010,0,0
0,4,sub-19,0.8930439949035645,20261010,0,0
0,4,sub-21,1.2218761444091797,20261010,0,0
0,4,sub-19,0.9232926368713379,20261010,0,0
0,4,sub-19,1.0983792543411255,20261010,0,0
0,4,sub-23,0.883088231086731,20261010,0,0
0,4,sub-19,1.4296150207519531,20261010,0,0
0,4,sub-21,1.6181296110153198,20261010,0,0
0,4,sub-23,0.7439247965812683,20261010,0,0
0,4,sub-21,1.0203578472137451,20261010,0,0
0,4,sub-23,0.9263412952423096,20261010,0,0
0,4,sub-21,1.1144804954528809,20261010,0,0
0,4,sub-23,1.1977242231369019,20261010,0,0
0,4,sub-21,0.921156108379364,20261010,0,0
0,4,sub-23,0.8377943634986877,20261010,0,0
0,4,sub-19,0.9541760683059692,20261010,0,0
0,4,sub-21,1.100691556930542,20261010,0,0
0,4,sub-19,1.3540550470352173,20261010,0,0
0,4,sub-23,0.9982566237449646,20261010,0,0
0,4,sub-21,2.6601617336273193,20261010,0,0
0,4,sub-19,0.9048929214477539,20261010,0,0
0,4,sub-23,1.2401999235153198,20261010,0,0
0,4,sub-19,1.0215859413146973,20261010,0,0
0,4,sub-19,1.2125303745269775,20261010,0,0
0,4,sub-21,2.1903274059295654,20261010,0,0
0,4,sub-23,1.0193984508514404,20261010,0,0
0,4,sub-21,1.433137059211731,20261010,0,0
0,4,sub-19,0.9889116287231445,20261010,0,0
0,4,sub-19,1.0041007995605469,20261010,0,0
0,4,sub-19,1.46260404586792,20261010,0,0
0,4,sub-21,2.965904712677002,20261010,0,0
0,4,sub-21,1.0682843923568726,20261010,0,0
0,4,sub-19,0.947778582572937,20261010,0,0
0,4,sub-19,0.8380972743034363,20261010,0,0
0,4,sub-23,0.8337063789367676,20261010,0,0
0,4,sub-23,0.9911143183708191,20261010,0,0
0,4,sub-21,0.9762132167816162,20261010,0,0
0,4,sub-21,1.1974244117736816,20261010,0,0
0,4,sub-21,1.4301329851150513,20261010,0,0
0,4,sub-23,1.4539443254470825,20261010,0,0
0,4,sub-19,2.2022507190704346,20261010,0,0
0,4,sub-23,0.8138060569763184,20261010,0,0
0,4,sub-19,0.8476016521453857,20261010,0,0
0,4,sub-19,0.9650596380233765,20261010,0,0
0,4,sub-21,1.2193033695220947,20261010,0,0
0,4,sub-21,1.184463620185852,20261010,0,0
0,4,sub-19,1.2105097770690918,20261010,0,0
0,4,sub-23,2.433213233947754,20261010,0,0
0,4,sub-21,1.1413253545761108,20261010,0,0
0,4,sub-23,1.268314003944397,20261010,0,0
0,4,sub-21,0.876969575881958,20261010,0,0
0,4,sub-21,1.1169929504394531,20261010,0,0
0,4,sub-23,0.8621622920036316,20261010,0,0
0,4,sub-23,1.0677921772003174,20261010,0,0
0,4,sub-21,0.9755227565765381,20261010,0,0
0,4,sub-23,0.890092670917511,20261010,0,0
0,4,sub-23,1.0412728786468506,20261010,0,0
0,4,sub-21,0.9261632561683655,20261010,0,0
0,4,sub-23,1.8442929983139038,20261010,0,0
0,4,sub-23,1.132693886756897,20261010,0,0
0,4,sub-23,1.150915265083313,20261010,0,0
0,4,sub-23,1.1434539556503296,20261010,0,0
0,4,sub-21,1.6240670680999756,20261010,0,0
0,4,sub-19,0.7838548421859741,20261010,0,0
0,4,sub-21,1.4077798128128052,20261010,0,0
0,4,sub-19,0.8307622671127319,20261010,0,0
0,4,sub-19,0.8258928656578064,20261010,0,0
0,4,sub-23,0.829266369342804,20261010,0,0
0,4,sub-23,1.9224268198013306,20261010,0,0
0,4,sub-19,1.0355671644210815,20261010,0,0
0,4,sub-23,0.8877731561660767,20261010,0,0
0,4,sub-21,1.0012099742889404,20261010,0,0
0,4,sub-23,1.29649019241333,20261010,0,0
10,4,sub-19,1.3962481021881104,20261010,10,5
10,4,sub-23,0.8271034359931946,20261010,10,5
10,4,sub-23,0.9342867732048035,20261010,10,5
10,4,sub-23,0.9524915218353271,20261010,10,5
10,4,sub-23,0.9766037464141846,20261010,10,5
10,4,sub-23,1.1525096893310547,20261010,10,5
10,4,sub-23,0.9467648863792419,20261010,10,5
10,4,sub-21,1.359211802482605,20261010,10,5
10,4,sub-23,1.0856016874313354,20261010,10,5
10,4,sub-21,0.9432438611984253,20261010,10,5
10,4,sub-23,0.927959144115448,20261010,10,5
10,4,sub-21,1.0682264566421509,20261010,10,5
10,4,sub-21,0.9840565323829651,20261010,10,5
10,4,sub-19,0.962733805179596,20261010,10,5
10,4,sub-23,0.8328096270561218,20261010,10,5
10,4,sub-23,0.8202829957008362,20261010,10,5
10,4,sub-19,0.894533634185791,20261010,10,5
10,4,sub-21,1.0530896186828613,20261010,10,5
10,4,sub-21,1.1442753076553345,20261010,10,5
10,4,sub-19,0.8330837488174438,20261010,10,5
10,4,sub-19,0.9282471537590027,20261010,10,5
10,4,sub-21,1.3885555267333984,20261010,10,5
10,4,sub-23,0.9450588226318359,20261010,10,5
10,4,sub-23,1.0003249645233154,20261010,10,5
10,4,sub-21,0.7362749576568604,20261010,10,5
10,4,sub-19,1.1761211156845093,20261010,10,5
10,4,sub-19,1.0026568174362183,20261010,10,5
10,4,sub-21,0.9325908422470093,20261010,10,5
10,4,sub-19,1.408481240272522,20261010,10,5
10,4,sub-19,1.5867745876312256,20261010,10,5
10,4,sub-23,1.1039656400680542,20261010,10,5
10,4,sub-23,1.166890263557434,20261010,10,5
10,4,sub-19,0.9099751114845276,20261010,10,5
10,4,sub-21,1.289099931716919,20261010,10,5
10,4,sub-21,1.4869141578674316,20261010,10,5
10,4,sub-23,1.0856205224990845,20261010,10,5
10,4,sub-19,2.430210590362549,20261010,10,5
10,4,sub-23,0.9127101302146912,20261010,10,5
10,4,sub-23,0.8991000652313232,20261010,10,5
10,4,sub-21,1.4387142658233643,20261010,10,5
10,4,sub-21,0.9193829298019409,20261010,10,5
10,4,sub-23,1.5892505645751953,20261010,10,5
10,4,sub-19,1.1060489416122437,20261010,10,5
10,4,sub-21,1.436408519744873,20261010,10,5
10,4,sub-21,0.9064767956733704,20261010,10,5
10,4,sub-19,0.9553995132446289,20261010,10,5
10,4,sub-21,2.3549838066101074,20261010,10,5
10,4,sub-19,0.8565856218338013,20261010,10,5
10,4,sub-19,0.8534136414527893,20261010,10,5
10,4,sub-23,0.923648476600647,20261010,10,5
10,4,sub-21,0.8172469735145569,20261010,10,5
10,4,sub-21,0.919597327709198,20261010,10,5
10,4,sub-19,1.919129729270935,20261010,10,5
10,4,sub-23,0.8537658452987671,20261010,10,5
10,4,sub-21,1.1167391538619995,20261010,10,5
10,4,sub-21,1.3625636100769043,20261010,10,5
10,4,sub-21,1.2776708602905273,20261010,10,5
10,4,sub-21,2.488224506378174,20261010,10,5
10,4,sub-21,0.9163587093353271,20261010,10,5
10,4,sub-19,0.9912033677101135,20261010,10,5
10,4,sub-19,1.3812633752822876,20261010,10,5
10,4,sub-23,1.0087459087371826,20261010,10,5
10,4,sub-21,1.2096400260925293,20261010,10,5
10,4,sub-21,0.9488279223442078,20261010,10,5
10,4,sub-23,0.9316368699073792,20261010,10,5
10,4,sub-19,0.9066216945648193,20261010,10,5
10,4,sub-19,1.1334741115570068,20261010,10,5
10,4,sub-19,1.8495769500732422,20261010,10,5
10,4,sub-19,0.9567872285842896,20261010,10,5
10,4,sub-23,1.0420383214950562,20261010,10,5
10,4,sub-19,1.3245930671691895,20261010,10,5
10,4,sub-23,0.9097890853881836,20261010,10,5
10,4,sub-23,0.7712088823318481,20261010,10,5
10,4,sub-23,1.0117430686950684,20261010,10,5
10,4,sub-23,0.9171939492225647,20261010,10,5
10,4,sub-21,0.8698137998580933,20261010,10,5
10,4,sub-19,1.2953194379806519,20261010,10,5
10,4,sub-23,0.7909558415412903,20261010,10,5
10,4,sub-23,0.9119386076927185,20261010,10,5
10,4,sub-23,1.106238842010498,20261010,10,5
10,4,sub-19,1.1379395723342896,20261010,10,5
10,4,sub-19,1.5746591091156006,20261010,10,5
10,4,sub-23,1.324744701385498,20261010,10,5
10,4,sub-23,1.018490195274353,20261010,10,5
10,4,sub-19,1.3605520725250244,20261010,10,5
10,4,sub-21,0.921249508857727,20261010,10,5
10,4,sub-23,0.7454553246498108,20261010,10,5
10,4,sub-23,0.9110545516014099,20261010,10,5
10,4,sub-19,0.9052415490150452,20261010,10,5
10,4,sub-23,1.2650612592697144,20261010,10,5
10,4,sub-21,1.0413075685501099,20261010,10,5
10,4,sub-21,1.2851938009262085,20261010,10,5
10,4,sub-21,1.7153878211975098,20261010,10,5
10,4,sub-21,1.071360468864441,20261010,10,5
10,4,sub-23,1.1471267938613892,20261010,10,5
10,4,sub-23,0.9697275161743164,20261010,10,5
10,4,sub-21,1.53537118434906,20261010,10,5
10,4,sub-19,1.004496455192566,20261010,10,5
10,4,sub-21,1.2750012874603271,20261010,10,5
10,4,sub-21,0.9121635556221008,20261010,10,5
10,4,sub-19,0.947608232498169,20261010,10,5
10,4,sub-23,1.146925687789917,20261010,10,5
10,4,sub-23,1.0024501085281372,20261010,10,5
10,4,sub-21,1.5303560495376587,20261010,10,5
10,4,sub-19,0.9382398128509521,20261010,10,5
10,4,sub-19,0.9017064571380615,20261010,10,5
10,4,sub-23,1.0009526014328003,20261010,10,5
10,4,sub-21,0.8822429776191711,20261010,10,5
10,4,sub-23,1.1688786745071411,20261010,10,5
10,4,sub-23,1.4832689762115479,20261010,10,5
10,4,sub-23,1.068608283996582,20261010,10,5
10,4,sub-21,1.0582207441329956,20261010,10,5
10,4,sub-21,0.8748612403869629,20261010,10,5
10,4,sub-23,1.0821069478988647,20261010,10,5
10,4,sub-21,1.0337938070297241,20261010,10,5
10,4,sub-23,0.935200035572052,20261010,10,5
10,4,sub-19,1.0183773040771484,20261010,10,5
10,4,sub-19,1.0785051584243774,20261010,10,5
10,4,sub-23,1.248461127281189,20261010,10,5
10,4,sub-19,1.2239363193511963,20261010,10,5
10,4,sub-19,1.6421830654144287,20261010,10,5
10,4,sub-23,0.845542848110199,20261010,10,5
10,4,sub-23,0.9289741516113281,20261010,10,5
10,4,sub-23,1.2970677614212036,20261010,10,5
10,4,sub-19,1.0177193880081177,20261010,10,5
10,4,sub-23,1.1703377962112427,20261010,10,5
10,4,sub-19,1.0605367422103882,20261010,10,5
10,4,sub-23,1.148154854774475,20261010,10,5
10,4,sub-23,0.9772782325744629,20261010,10,5
10,4,sub-21,1.2104836702346802,20261010,10,5
10,4,sub-23,0.888283908367157,20261010,10,5
10,4,sub-19,1.0079303979873657,20261010,10,5
10,4,sub-19,0.8589683771133423,20261010,10,5
10,4,sub-23,0.9572596549987793,20261010,10,5
10,4,sub-21,1.3462765216827393,20261010,10,5
10,4,sub-19,0.9992318153381348,20261010,10,5
10,4,sub-23,1.0781623125076294,20261010,10,5
10,4,sub-19,0.9378587603569031,20261010,10,5
10,4,sub-19,1.0687849521636963,20261010,10,5
10,4,sub-23,1.0091235637664795,20261010,10,5
10,4,sub-19,1.2393356561660767,20261010,10,5
10,4,sub-21,1.2631882429122925,20261010,10,5
10,4,sub-21,1.1053279638290405,20261010,10,5
10,4,sub-21,0.7959777116775513,20261010,10,5
10,4,sub-23,1.0751134157180786,20261010,10,5
10,4,sub-21,0.9020223021507263,20261010,10,5
10,4,sub-23,1.5313012599945068,20261010,10,5
10,4,sub-19,1.1499676704406738,20261010,10,5
10,4,sub-19,1.9200077056884766,20261010,10,5
10,4,sub-23,0.9140540957450867,20261010,10,5
10,4,sub-23,0.9030876755714417,20261010,10,5
10,4,sub-19,0.8547850847244263,20261010,10,5
10,4,sub-19,0.904115617275238,20261010,10,5
10,4,sub-21,1.4419934749603271,20261010,10,5
10,4,sub-23,1.153243064880371,20261010,10,5
10,4,sub-19,1.0422838926315308,20261010,10,5
10,4,sub-23,0.9547051787376404,20261010,10,5
10,4,sub-19,0.9147131443023682,20261010,10,5
10,4,sub-19,0.9437460899353027,20261010,10,5
10,4,sub-19,0.9394735097885132,20261010,10,5
10,4,sub-19,1.2149450778961182,20261010,10,5
10,4,sub-23,1.0022794008255005,20261010,10,5
10,4,sub-23,0.9105502963066101,20261010,10,5
10,4,sub-23,0.8395587205886841,20261010,10,5
10,4,sub-23,0.9036006331443787,20261010,10,5
10,4,sub-23,0.7976695895195007,20261010,10,5
10,4,sub-23,1.2545747756958008,20261010,10,5
10,4,sub-21,1.0551888942718506,20261010,10,5
10,4,sub-19,1.1590718030929565,20261010,10,5
10,4,sub-19,2.2777183055877686,20261010,10,5
10,4,sub-23,2.3756444454193115,20261010,10,5
10,4,sub-23,0.9560986757278442,20261010,10,5
10,4,sub-21,0.9302980303764343,20261010,10,5
10,4,sub-21,1.458809494972229,20261010,10,5
10,4,sub-23,0.9853370189666748,20261010,10,5
10,4,sub-19,1.0131360292434692,20261010,10,5
10,4,sub-21,0.9365143179893494,20261010,10,5
10,4,sub-23,1.1379231214523315,20261010,10,5
10,4,sub-21,0.9991201758384705,20261010,10,5
10,4,sub-19,0.8724651336669922,20261010,10,5
10,4,sub-19,0.8552629947662354,20261010,10,5
10,4,sub-19,1.5206489562988281,20261010,10,5
10,4,sub-19,1.010267734527588,20261010,10,5
10,4,sub-23,1.0145361423492432,20261010,10,5
10,4,sub-23,1.708980917930603,20261010,10,5
10,4,sub-21,0.9639241695404053,20261010,10,5
10,4,sub-19,1.7702804803848267,20261010,10,5
10,4,sub-23,0.7889381647109985,20261010,10,5
10,4,sub-21,2.371752977371216,20261010,10,5
10,4,sub-19,0.8643741607666016,20261010,10,5
10,4,sub-23,0.9592695236206055,20261010,10,5
10,4,sub-23,1.9521021842956543,20261010,10,5
10,4,sub-21,1.647060751914978,20261010,10,5
10,4,sub-23,0.88797926902771,20261010,10,5
10,4,sub-19,1.1483616828918457,20261010,10,5
10,4,sub-23,0.9189561605453491,20261010,10,5
10,4,sub-21,1.3059521913528442,20261010,10,5
10,4,sub-21,2.880077838897705,20261010,10,5
10,4,sub-21,0.851012110710144,20261010,10,5
10,4,sub-21,0.8641371726989746,20261010,10,5
10,4,sub-23,1.2056903839111328,20261010,10,5
10,4,sub-21,1.987173080444336,20261010,10,5
10,4,sub-23,1.0359801054000854,20261010,10,5
10,4,sub-21,0.9823837876319885,20261010,10,5
10,4,sub-23,1.0993411540985107,20261010,10,5
10,4,sub-21,0.8592012524604797,20261010,10,5
10,4,sub-19,0.9523310661315918,20261010,10,5
10,4,sub-21,1.0851197242736816,20261010,10,5
10,4,sub-23,0.9010543823242188,20261010,10,5
10,4,sub-19,1.0189179182052612,20261010,10,5
10,4,sub-21,1.3239130973815918,20261010,10,5
10,4,sub-23,1.027972936630249,20261010,10,5
10,4,sub-23,0.9851424694061279,20261010,10,5
10,4,sub-23,1.0922679901123047,20261010,10,5
10,4,sub-23,0.8812321424484253,20261010,10,5
10,4,sub-21,0.9747095704078674,20261010,10,5
10,4,sub-19,3.055119037628174,20261010,10,5
10,4,sub-23,0.7597517967224121,20261010,10,5
10,4,sub-23,1.0437583923339844,20261010,10,5
10,4,sub-19,0.9964693188667297,20261010,10,5
10,4,sub-23,0.8605181574821472,20261010,10,5
10,4,sub-19,1.1436723470687866,20261010,10,5
10,4,sub-21,1.0607752799987793,20261010,10,5
10,4,sub-21,0.8237931132316589,20261010,10,5
10,4,sub-21,3.106215238571167,20261010,10,5
10,4,sub-21,0.9224141836166382,20261010,10,5
10,4,sub-23,0.9758962392807007,20261010,10,5
10,4,sub-23,1.3066786527633667,20261010,10,5
10,4,sub-21,1.593765377998352,20261010,10,5
10,4,sub-21,1.5013264417648315,20261010,10,5
10,4,sub-23,0.9907304644584656,20261010,10,5
10,4,sub-23,1.210409164428711,20261010,10,5
10,4,sub-19,1.0061516761779785,20261010,10,5
10,4,sub-23,2.0955278873443604,20261010,10,5
10,4,sub-21,1.0123316049575806,20261010,10,5
10,4,sub-23,0.811406672000885,20261010,10,5
10,4,sub-23,0.8902764916419983,20261010,10,5
10,4,sub-19,1.1649348735809326,20261010,10,5
10,4,sub-19,1.094512939453125,20261010,10,5
10,4,sub-23,1.4370733499526978,20261010,10,5
10,4,sub-21,1.0667041540145874,20261010,10,5
10,4,sub-23,0.9168183207511902,20261010,10,5
10,4,sub-23,2.0856525897979736,20261010,10,5
10,4,sub-19,1.0004321336746216,20261010,10,5
10,4,sub-19,0.9706064462661743,20261010,10,5
10,4,sub-23,0.9054007530212402,20261010,10,5
10,4,sub-19,0.9228123426437378,20261010,10,5
10,4,sub-19,1.1200658082962036,20261010,10,5
10,4,sub-21,0.9561735391616821,20261010,10,5
10,4,sub-19,0.9613908529281616,20261010,10,5
10,4,sub-21,0.8350095748901367,20261010,10,5
10,4,sub-19,0.9604766368865967,20261010,10,5
10,4,sub-23,0.8400111198425293,20261010,10,5
10,4,sub-23,1.0514549016952515,20261010,10,5
10,4,sub-21,2.3413424491882324,20261010,10,5
10,4,sub-21,0.9184178709983826,20261010,10,5
10,4,sub-21,1.0048439502716064,20261010,10,5
10,4,sub-21,0.9590943455696106,20261010,10,5
10,4,sub-23,0.9648755192756653,20261010,10,5
10,4,sub-21,1.0363343954086304,20261010,10,5
10,4,sub-19,0.963774561882019,20261010,10,5
10,4,sub-21,0.951479434967041,20261010,10,5
10,4,sub-23,1.0064183473587036,20261010,10,5
10,4,sub-19,0.9667677879333496,20261010,10,5
10,4,sub-19,1.2900625467300415,20261010,10,5
10,4,sub-19,0.7958357334136963,20261010,10,5
10,4,sub-21,0.9819155931472778,20261010,10,5
10,4,sub-19,0.9090903997421265,20261010,10,5
10,4,sub-19,0.7877039313316345,20261010,10,5
10,4,sub-19,0.9451635479927063,20261010,10,5
10,4,sub-21,0.8950162529945374,20261010,10,5
10,4,sub-23,1.2904616594314575,20261010,10,5
10,4,sub-21,0.8860006332397461,20261010,10,5
10,4,sub-19,1.094079852104187,20261010,10,5
10,4,sub-21,0.8545034527778625,20261010,10,5
10,4,sub-23,1.0397429466247559,20261010,10,5
10,4,sub-23,0.9633614420890808,20261010,10,5
10,4,sub-19,0.8648762702941895,20261010,10,5
10,4,sub-23,1.065089464187622,20261010,10,5
10,4,sub-21,1.1075319051742554,20261010,10,5
10,4,sub-23,1.916835904121399,20261010,10,5
10,4,sub-21,1.26661217212677,20261010,10,5
10,4,sub-19,0.7652278542518616,20261010,10,5
10,4,sub-23,0.9965000748634338,20261010,10,5
10,4,sub-19,2.258531093597412,20261010,10,5
10,4,sub-19,0.9254122376441956,20261010,10,5
10,4,sub-23,1.1601290702819824,20261010,10,5
10,4,sub-19,1.379976749420166,20261010,10,5
10,4,sub-21,1.1167690753936768,20261010,10,5
10,4,sub-23,0.9200461506843567,20261010,10,5
10,4,sub-21,1.1535649299621582,20261010,10,5
10,4,sub-23,1.5430958271026611,20261010,10,5
10,4,sub-19,1.2955589294433594,20261010,10,5
10,4,sub-21,0.9492743015289307,20261010,10,5
10,4,sub-23,1.0977773666381836,20261010,10,5
10,4,sub-21,0.9031343460083008,20261010,10,5
10,4,sub-19,1.2745728492736816,20261010,10,5
10,4,sub-21,1.6539397239685059,20261010,10,5
10,4,sub-21,0.9451187252998352,20261010,10,5
10,4,sub-23,0.8451632857322693,20261010,10,5
10,4,sub-21,2.2653071880340576,20261010,10,5
10,4,sub-19,1.9280521869659424,20261010,10,5
10,4,sub-21,1.952301263809204,20261010,10,5
10,4,sub-23,0.997591495513916,20261010,10,5
10,4,sub-19,0.9591529965400696,20261010,10,5
10,4,sub-21,1.16796875,20261010,10,5
10,4,sub-21,2.0960633754730225,20261010,10,5
10,4,sub-21,1.1174113750457764,20261010,10,5
10,4,sub-19,1.2055617570877075,20261010,10,5
10,4,sub-21,0.8230002522468567,20261010,10,5
10,4,sub-23,1.094842791557312,20261010,10,5
10,4,sub-21,1.7844732999801636,20261010,10,5
10,4,sub-19,0.9022060036659241,20261010,10,5
10,4,sub-21,1.2143464088439941,20261010,10,5
10,4,sub-19,0.9214644432067871,20261010,10,5
10,4,sub-19,1.053524374961853,20261010,10,5
10,4,sub-23,0.8856689929962158,20261010,10,5
10,4,sub-19,1.4267562627792358,20261010,10,5
10,4,sub-21,1.598262071609497,20261010,10,5
10,4,sub-23,0.7345874309539795,20261010,10,5
10,4,sub-21,1.0290242433547974,20261010,10,5
10,4,sub-23,0.9212701320648193,20261010,10,5
10,4,sub-21,1.0980125665664673,20261010,10,5
10,4,sub-23,1.1717705726623535,20261010,10,5
10,4,sub-21,0.8882352113723755,20261010,10,5
10,4,sub-23,0.8105977773666382,20261010,10,5
10,4,sub-19,0.9416578412055969,20261010,10,5
10,4,sub-21,1.0947624444961548,20261010,10,5
10,4,sub-19,1.3528343439102173,20261010,10,5
10,4,sub-23,0.9981191158294678,20261010,10,5
10,4,sub-21,2.6660091876983643,20261010,10,5
10,4,sub-19,0.912728488445282,20261010,10,5
10,4,sub-23,1.2337327003479004,20261010,10,5
10,4,sub-19,1.0159451961517334,20261010,10,5
10,4,sub-19,1.2176096439361572,20261010,10,5
10,4,sub-21,2.1961565017700195,20261010,10,5
10,4,sub-23,1.0149292945861816,20261010,10,5
10,4,sub-21,1.4273828268051147,20261010,10,5
10,4,sub-19,0.9802013039588928,20261010,10,5
10,4,sub-19,1.0113071203231812,20261010,10,5
10,4,sub-19,1.4539304971694946,20261010,10,5
10,4,sub-21,2.972973108291626,20261010,10,5
10,4,sub-21,1.0599104166030884,20261010,10,5
10,4,sub-19,0.9451682567596436,20261010,10,5
10,4,sub-19,0.8422562479972839,20261010,10,5
10,4,sub-23,0.833892822265625,20261010,10,5
10,4,sub-23,0.9752578735351562,20261010,10,5
10,4,sub-21,0.9581661224365234,20261010,10,5
10,4,sub-21,1.1879063844680786,20261010,10,5
10,4,sub-21,1.4311257600784302,20261010,10,5
10,4,sub-23,1.454322338104248,20261010,10,5
10,4,sub-19,2.205279588699341,20261010,10,5
10,4,sub-23,0.7927963733673096,20261010,10,5
10,4,sub-19,0.8532264828681946,20261010,10,5
10,4,sub-19,0.9581704139709473,20261010,10,5
10,4,sub-21,1.2193009853363037,20261010,10,5
10,4,sub-21,1.1755268573760986,20261010,10,5
10,4,sub-19,1.200196623802185,20261010,10,5
10,4,sub-23,2.4359195232391357,20261010,10,5
10,4,sub-21,1.1366069316864014,20261010,10,5
10,4,sub-23,1.2573822736740112,20261010,10,5
10,4,sub-21,0.856606662273407,20261010,10,5
10,4,sub-21,1.1104081869125366,20261010,10,5
10,4,sub-23,0.8457135558128357,20261010,10,5
10,4,sub-23,1.054955244064331,20261010,10,5
10,4,sub-21,0.9672499299049377,20261010,10,5
10,4,sub-23,0.8917229175567627,20261010,10,5
10,4,sub-23,1.031273603439331,20261010,10,5
10,4,sub-21,0.9324800968170166,20261010,10,5
10,4,sub-23,1.8488126993179321,20261010,10,5
10,4,sub-23,1.1184908151626587,20261010,10,5
10,4,sub-23,1.148153305053711,20261010,10,5
10,4,sub-23,1.1301120519638062,20261010,10,5
10,4,sub-21,1.6206272840499878,20261010,10,5
10,4,sub-19,0.786454439163208,20261010,10,5
10,4,sub-21,1.3989999294281006,20261010,10,5
10,4,sub-19,0.8127884268760681,20261010,10,5
10,4,sub-19,0.8136412501335144,20261010,10,5
10,4,sub-23,0.8532350063323975,20261010,10,5
10,4,sub-23,1.9250409603118896,20261010,10,5
10,4,sub-19,1.0335654020309448,20261010,10,5
10,4,sub-23,0.8740577697753906,20261010,10,5
10,4,sub-21,1.0009911060333252,20261010,10,5
10,4,sub-23,1.2986199855804443,20261010,10,5
30,4,sub-19,1.3985573053359985,20261010,30,15
30,4,sub-23,0.8253285884857178,20261010,30,15
30,4,sub-23,0.9245672821998596,20261010,30,15
30,4,sub-23,0.9528159499168396,20261010,30,15
30,4,sub-23,0.9765703678131104,20261010,30,15
30,4,sub-23,1.151232361793518,20261010,30,15
30,4,sub-23,0.9469371438026428,20261010,30,15
30,4,sub-21,1.3589451313018799,20261010,30,15
30,4,sub-23,1.0857380628585815,20261010,30,15
30,4,sub-21,0.9406479597091675,20261010,30,15
30,4,sub-23,0.9283111095428467,20261010,30,15
30,4,sub-21,1.0603010654449463,20261010,30,15
30,4,sub-21,0.9863606095314026,20261010,30,15
30,4,sub-19,0.9678705930709839,20261010,30,15
30,4,sub-23,0.8330060839653015,20261010,30,15
30,4,sub-23,0.8208852410316467,20261010,30,15
30,4,sub-19,0.8981602191925049,20261010,30,15
30,4,sub-21,1.057051420211792,20261010,30,15
30,4,sub-21,1.1439720392227173,20261010,30,15
30,4,sub-19,0.8251623511314392,20261010,30,15
30,4,sub-19,0.9217442274093628,20261010,30,15
30,4,sub-21,1.3889150619506836,20261010,30,15
30,4,sub-23,0.9435485005378723,20261010,30,15
30,4,sub-23,1.0001654624938965,20261010,30,15
30,4,sub-21,0.7389723658561707,20261010,30,15
30,4,sub-19,1.180578351020813,20261010,30,15
30,4,sub-19,1.002726435661316,20261010,30,15
30,4,sub-21,0.9336509108543396,20261010,30,15
30,4,sub-19,1.4024204015731812,20261010,30,15
30,4,sub-19,1.5877200365066528,20261010,30,15
30,4,sub-23,1.1032459735870361,20261010,30,15
30,4,sub-23,1.1585195064544678,20261010,30,15
30,4,sub-19,0.9034661650657654,20261010,30,15
30,4,sub-21,1.2885997295379639,20261010,30,15
30,4,sub-21,1.486081838607788,20261010,30,15
30,4,sub-23,1.0864506959915161,20261010,30,15
30,4,sub-19,2.4317965507507324,20261010,30,15
30,4,sub-23,0.9119967818260193,20261010,30,15
30,4,sub-23,0.8922626972198486,20261010,30,15
30,4,sub-21,1.438549518585205,20261010,30,15
30,4,sub-21,0.9179965257644653,20261010,30,15
30,4,sub-23,1.588181972503662,20261010,30,15
30,4,sub-19,1.1115012168884277,20261010,30,15
30,4,sub-21,1.439489483833313,20261010,30,15
30,4,sub-21,0.9048269391059875,20261010,30,15
30,4,sub-19,0.9684515595436096,20261010,30,15
30,4,sub-21,2.3558499813079834,20261010,30,15
30,4,sub-19,0.8534402251243591,20261010,30,15
30,4,sub-19,0.8538711667060852,20261010,30,15
30,4,sub-23,0.9212075471878052,20261010,30,15
30,4,sub-21,0.819637656211853,20261010,30,15
30,4,sub-21,0.9228758215904236,20261010,30,15
30,4,sub-19,1.920039176940918,20261010,30,15
30,4,sub-23,0.8521811366081238,20261010,30,15
30,4,sub-21,1.115694284439087,20261010,30,15
30,4,sub-21,1.362144112586975,20261010,30,15
30,4,sub-21,1.2764145135879517,20261010,30,15
30,4,sub-21,2.4872806072235107,20261010,30,15
30,4,sub-21,0.9147530794143677,20261010,30,15
30,4,sub-19,0.9894536733627319,20261010,30,15
30,4,sub-19,1.383875846862793,20261010,30,15
30,4,sub-23,1.0083541870117188,20261010,30,15
30,4,sub-21,1.210201382637024,20261010,30,15
30,4,sub-21,0.9533430337905884,20261010,30,15
30,4,sub-23,0.9306951761245728,20261010,30,15
30,4,sub-19,0.9064977169036865,20261010,30,15
30,4,sub-19,1.134080410003662,20261010,30,15
30,4,sub-19,1.8559041023254395,20261010,30,15
30,4,sub-19,0.9627105593681335,20261010,30,15
30,4,sub-23,1.039304256439209,20261010,30,15
30,4,sub-19,1.3255913257598877,20261010,30,15
30,4,sub-23,0.9102613925933838,20261010,30,15
30,4,sub-23,0.771450400352478,20261010,30,15
30,4,sub-23,1.011838436126709,20261010,30,15
30,4,sub-23,0.9163186550140381,20261010,30,15
30,4,sub-21,0.8694167137145996,20261010,30,15
30,4,sub-19,1.2958072423934937,20261010,30,15
30,4,sub-23,0.7916198372840881,20261010,30,15
30,4,sub-23,0.9109917879104614,20261010,30,15
30,4,sub-23,1.1063661575317383,20261010,30,15
30,4,sub-19,1.1400529146194458,20261010,30,15
30,4,sub-19,1.574643850326538,20261010,30,15
30,4,sub-23,1.3246185779571533,20261010,30,15
30,4,sub-23,1.0162749290466309,20261010,30,15
30,4,sub-19,1.3626270294189453,20261010,30,15
30,4,sub-21,0.9205823540687561,20261010,30,15
30,4,sub-23,0.7468001842498779,20261010,30,15
30,4,sub-23,0.9108229875564575,20261010,30,15
30,4,sub-19,0.9082935452461243,20261010,30,15
30,4,sub-23,1.2653688192367554,20261010,30,15
30,4,sub-21,1.0446131229400635,20261010,30,15
30,4,sub-21,1.28422212600708,20261010,30,15
30,4,sub-21,1.7153067588806152,20261010,30,15
30,4,sub-21,1.0648797750473022,20261010,30,15
30,4,sub-23,1.1458841562271118,20261010,30,15
30,4,sub-23,0.966170608997345,20261010,30,15
30,4,sub-21,1.5337669849395752,20261010,30,15
30,4,sub-19,1.004461646080017,20261010,30,15
30,4,sub-21,1.2742077112197876,20261010,30,15
30,4,sub-21,0.9114289283752441,20261010,30,15
30,4,sub-19,0.9565638899803162,20261010,30,15
30,4,sub-23,1.149828553199768,20261010,30,15
30,4,sub-23,1.0023096799850464,20261010,30,15
30,4,sub-21,1.5298181772232056,20261010,30,15
30,4,sub-19,0.9408810138702393,20261010,30,15
30,4,sub-19,0.9009637236595154,20261010,30,15
30,4,sub-23,1.001124382019043,20261010,30,15
30,4,sub-21,0.8807042241096497,20261010,30,15
30,4,sub-23,1.1597378253936768,20261010,30,15
30,4,sub-23,1.483024001121521,20261010,30,15
30,4,sub-23,1.066007137298584,20261010,30,15
30,4,sub-21,1.0573769807815552,20261010,30,15
30,4,sub-21,0.8796629309654236,20261010,30,15
30,4,sub-23,1.078210711479187,20261010,30,15
30,4,sub-21,1.0273685455322266,20261010,30,15
30,4,sub-23,0.9355272650718689,20261010,30,15
30,4,sub-19,1.0145533084869385,20261010,30,15
30,4,sub-19,1.0821802616119385,20261010,30,15
30,4,sub-23,1.2456753253936768,20261010,30,15
30,4,sub-19,1.226321816444397,20261010,30,15
30,4,sub-19,1.643180251121521,20261010,30,15
30,4,sub-23,0.8450127840042114,20261010,30,15
30,4,sub-23,0.9295830726623535,20261010,30,15
30,4,sub-23,1.2940419912338257,20261010,30,15
30,4,sub-19,1.0111632347106934,20261010,30,15
30,4,sub-23,1.1689165830612183,20261010,30,15
30,4,sub-19,1.047059178352356,20261010,30,15
30,4,sub-23,1.1402370929718018,20261010,30,15
30,4,sub-23,0.9771466851234436,20261010,30,15
30,4,sub-21,1.2087126970291138,20261010,30,15
30,4,sub-23,0.8886076211929321,20261010,30,15
30,4,sub-19,1.007975459098816,20261010,30,15
30,4,sub-19,0.8602542877197266,20261010,30,15
30,4,sub-23,0.9551990032196045,20261010,30,15
30,4,sub-21,1.3453840017318726,20261010,30,15
30,4,sub-19,0.999173641204834,20261010,30,15
30,4,sub-23,1.076512336730957,20261010,30,15
30,4,sub-19,0.9331580400466919,20261010,30,15
30,4,sub-19,1.0547274351119995,20261010,30,15
30,4,sub-23,1.0086381435394287,20261010,30,15
30,4,sub-19,1.2385122776031494,20261010,30,15
30,4,sub-21,1.2644953727722168,20261010,30,15
30,4,sub-21,1.1061021089553833,20261010,30,15
30,4,sub-21,0.7995179295539856,20261010,30,15
30,4,sub-23,1.0739024877548218,20261010,30,15
30,4,sub-21,0.9011030197143555,20261010,30,15
30,4,sub-23,1.5299527645111084,20261010,30,15
30,4,sub-19,1.1553515195846558,20261010,30,15
30,4,sub-19,1.9231047630310059,20261010,30,15
30,4,sub-23,0.9117776155471802,20261010,30,15
30,4,sub-23,0.9030861258506775,20261010,30,15
30,4,sub-19,0.8602742552757263,20261010,30,15
30,4,sub-19,0.9070200324058533,20261010,30,15
30,4,sub-21,1.4412165880203247,20261010,30,15
30,4,sub-23,1.1572197675704956,20261010,30,15
30,4,sub-19,1.0402628183364868,20261010,30,15
30,4,sub-23,0.9526956081390381,20261010,30,15
30,4,sub-19,0.9157437086105347,20261010,30,15
30,4,sub-19,0.9604768753051758,20261010,30,15
30,4,sub-19,0.9376322627067566,20261010,30,15
30,4,sub-19,1.2142103910446167,20261010,30,15
30,4,sub-23,1.0006840229034424,20261010,30,15
30,4,sub-23,0.9105308651924133,20261010,30,15
30,4,sub-23,0.8376086354255676,20261010,30,15
30,4,sub-23,0.9008179306983948,20261010,30,15
30,4,sub-23,0.7982437014579773,20261010,30,15
30,4,sub-23,1.2545907497406006,20261010,30,15
30,4,sub-21,1.0548858642578125,20261010,30,15
30,4,sub-19,1.1602563858032227,20261010,30,15
30,4,sub-19,2.2790772914886475,20261010,30,15
30,4,sub-23,2.375983238220215,20261010,30,15
30,4,sub-23,0.9549127221107483,20261010,30,15
30,4,sub-21,0.9342042803764343,20261010,30,15
30,4,sub-21,1.4607528448104858,20261010,30,15
30,4,sub-23,0.9877761006355286,20261010,30,15
30,4,sub-19,1.0099577903747559,20261010,30,15
30,4,sub-21,0.9394643902778625,20261010,30,15
30,4,sub-23,1.1381475925445557,20261010,30,15
30,4,sub-21,1.0008742809295654,20261010,30,15
30,4,sub-19,0.8665189743041992,20261010,30,15
30,4,sub-19,0.8507005572319031,20261010,30,15
30,4,sub-19,1.5216662883758545,20261010,30,15
30,4,sub-19,1.0119990110397339,20261010,30,15
30,4,sub-23,1.0146293640136719,20261010,30,15
30,4,sub-23,1.7085450887680054,20261010,30,15
30,4,sub-21,0.9637854099273682,20261010,30,15
30,4,sub-19,1.7699428796768188,20261010,30,15
30,4,sub-23,0.7892285585403442,20261010,30,15
30,4,sub-21,2.3720202445983887,20261010,30,15
30,4,sub-19,0.8601796627044678,20261010,30,15
30,4,sub-23,0.9567711353302002,20261010,30,15
30,4,sub-23,1.952222228050232,20261010,30,15
30,4,sub-21,1.6463414430618286,20261010,30,15
30,4,sub-23,0.877252995967865,20261010,30,15
30,4,sub-19,1.1494792699813843,20261010,30,15
30,4,sub-23,0.9188103079795837,20261010,30,15
30,4,sub-21,1.3051424026489258,20261010,30,15
30,4,sub-21,2.8795218467712402,20261010,30,15
30,4,sub-21,0.8500205874443054,20261010,30,15
30,4,sub-21,0.8633484840393066,20261010,30,15
30,4,sub-23,1.2026188373565674,20261010,30,15
30,4,sub-21,1.9866100549697876,20261010,30,15
30,4,sub-23,1.0361073017120361,20261010,30,15
30,4,sub-21,0.9848874807357788,20261010,30,15
30,4,sub-23,1.0950264930725098,20261010,30,15
30,4,sub-21,0.8582764863967896,20261010,30,15
30,4,sub-19,0.9524718523025513,20261010,30,15
30,4,sub-21,1.075670599937439,20261010,30,15
30,4,sub-23,0.8943653702735901,20261010,30,15
30,4,sub-19,1.0209969282150269,20261010,30,15
30,4,sub-21,1.3242350816726685,20261010,30,15
30,4,sub-23,1.0110024213790894,20261010,30,15
30,4,sub-23,0.9833267331123352,20261010,30,15
30,4,sub-23,1.089461088180542,20261010,30,15
30,4,sub-23,0.8804476261138916,20261010,30,15
30,4,sub-21,0.9749589562416077,20261010,30,15
30,4,sub-19,3.0669379234313965,20261010,30,15
30,4,sub-23,0.7601838111877441,20261010,30,15
30,4,sub-23,1.0419927835464478,20261010,30,15
30,4,sub-19,0.9970818161964417,20261010,30,15
30,4,sub-23,0.8592237830162048,20261010,30,15
30,4,sub-19,1.1456663608551025,20261010,30,15
30,4,sub-21,1.0608320236206055,20261010,30,15
30,4,sub-21,0.82328861951828,20261010,30,15
30,4,sub-21,3.101529598236084,20261010,30,15
30,4,sub-21,0.9259669780731201,20261010,30,15
30,4,sub-23,0.9761513471603394,20261010,30,15
30,4,sub-23,1.30531644821167,20261010,30,15
30,4,sub-21,1.59320867061615,20261010,30,15
30,4,sub-21,1.5008151531219482,20261010,30,15
30,4,sub-23,0.9908745884895325,20261010,30,15
30,4,sub-23,1.2079697847366333,20261010,30,15
30,4,sub-19,1.0066636800765991,20261010,30,15
30,4,sub-23,2.09675931930542,20261010,30,15
30,4,sub-21,1.0114245414733887,20261010,30,15
30,4,sub-23,0.8008254766464233,20261010,30,15
30,4,sub-23,0.8904274106025696,20261010,30,15
30,4,sub-19,1.1667041778564453,20261010,30,15
30,4,sub-19,1.0953369140625,20261010,30,15
30,4,sub-23,1.4384301900863647,20261010,30,15
30,4,sub-21,1.0646048784255981,20261010,30,15
30,4,sub-23,0.9147259593009949,20261010,30,15
30,4,sub-23,2.085768222808838,20261010,30,15
30,4,sub-19,1.0001413822174072,20261010,30,15
30,4,sub-19,0.9796943664550781,20261010,30,15
30,4,sub-23,0.9041582345962524,20261010,30,15
30,4,sub-19,0.9239387512207031,20261010,30,15
30,4,sub-19,1.1222065687179565,20261010,30,15
30,4,sub-21,0.9604014754295349,20261010,30,15
30,4,sub-19,0.9588720202445984,20261010,30,15
30,4,sub-21,0.8368602991104126,20261010,30,15
30,4,sub-19,0.9494730830192566,20261010,30,15
30,4,sub-23,0.8324535489082336,20261010,30,15
30,4,sub-23,1.0464065074920654,20261010,30,15
30,4,sub-21,2.3408825397491455,20261010,30,15
30,4,sub-21,0.9169905781745911,20261010,30,15
30,4,sub-21,1.0041974782943726,20261010,30,15
30,4,sub-21,0.9617427587509155,20261010,30,15
30,4,sub-23,0.9588946104049683,20261010,30,15
30,4,sub-21,1.0359227657318115,20261010,30,15
30,4,sub-19,0.9623273611068726,20261010,30,15
30,4,sub-21,0.9499407410621643,20261010,30,15
30,4,sub-23,1.0009212493896484,20261010,30,15
30,4,sub-19,0.9665060639381409,20261010,30,15
30,4,sub-19,1.279974102973938,20261010,30,15
30,4,sub-19,0.798258900642395,20261010,30,15
30,4,sub-21,0.9837759137153625,20261010,30,15
30,4,sub-19,0.905211865901947,20261010,30,15
30,4,sub-19,0.7905124425888062,20261010,30,15
30,4,sub-19,0.947912871837616,20261010,30,15
30,4,sub-21,0.8999846577644348,20261010,30,15
30,4,sub-23,1.2892366647720337,20261010,30,15
30,4,sub-21,0.8897116780281067,20261010,30,15
30,4,sub-19,1.0933867692947388,20261010,30,15
30,4,sub-21,0.8566641211509705,20261010,30,15
30,4,sub-23,1.039974570274353,20261010,30,15
30,4,sub-23,0.9629712104797363,20261010,30,15
30,4,sub-19,0.8633397221565247,20261010,30,15
30,4,sub-23,1.0662637948989868,20261010,30,15
30,4,sub-21,1.1101019382476807,20261010,30,15
30,4,sub-23,1.9177199602127075,20261010,30,15
30,4,sub-21,1.2663538455963135,20261010,30,15
30,4,sub-19,0.7694952487945557,20261010,30,15
30,4,sub-23,0.9955182671546936,20261010,30,15
30,4,sub-19,2.256887912750244,20261010,30,15
30,4,sub-19,0.9256402254104614,20261010,30,15
30,4,sub-23,1.1616263389587402,20261010,30,15
30,4,sub-19,1.3798710107803345,20261010,30,15
30,4,sub-21,1.1035351753234863,20261010,30,15
30,4,sub-23,0.9189123511314392,20261010,30,15
30,4,sub-21,1.1504610776901245,20261010,30,15
30,4,sub-23,1.5428650379180908,20261010,30,15
30,4,sub-19,1.298028588294983,20261010,30,15
30,4,sub-21,0.9514333009719849,20261010,30,15
30,4,sub-23,1.0971366167068481,20261010,30,15
30,4,sub-21,0.9050523638725281,20261010,30,15
30,4,sub-19,1.2777941226959229,20261010,30,15
30,4,sub-21,1.6545779705047607,20261010,30,15
30,4,sub-21,0.9469864964485168,20261010,30,15
30,4,sub-23,0.8448635935783386,20261010,30,15
30,4,sub-21,2.2653675079345703,20261010,30,15
30,4,sub-19,1.9287089109420776,20261010,30,15
30,4,sub-21,1.951837420463562,20261010,30,15
30,4,sub-23,0.997564435005188,20261010,30,15
30,4,sub-19,0.9579619765281677,20261010,30,15
30,4,sub-21,1.1679152250289917,20261010,30,15
30,4,sub-21,2.094637632369995,20261010,30,15
30,4,sub-21,1.108818531036377,20261010,30,15
30,4,sub-19,1.2071914672851562,20261010,30,15
30,4,sub-21,0.8221263289451599,20261010,30,15
30,4,sub-23,1.0961511135101318,20261010,30,15
30,4,sub-21,1.7837694883346558,20261010,30,15
30,4,sub-19,0.8962010741233826,20261010,30,15
30,4,sub-21,1.2128145694732666,20261010,30,15
30,4,sub-19,0.9156957864761353,20261010,30,15
30,4,sub-19,1.0538450479507446,20261010,30,15
30,4,sub-23,0.8803714513778687,20261010,30,15
30,4,sub-19,1.4267816543579102,20261010,30,15
30,4,sub-21,1.5964391231536865,20261010,30,15
30,4,sub-23,0.7342038750648499,20261010,30,15
30,4,sub-21,1.032655119895935,20261010,30,15
30,4,sub-23,0.9130772948265076,20261010,30,15
30,4,sub-21,1.0907249450683594,20261010,30,15
30,4,sub-23,1.1677443981170654,20261010,30,15
30,4,sub-21,0.8944337368011475,20261010,30,15
30,4,sub-23,0.8055034875869751,20261010,30,15
30,4,sub-19,0.9419768452644348,20261010,30,15
30,4,sub-21,1.095659613609314,20261010,30,15
30,4,sub-19,1.3621666431427002,20261010,30,15
30,4,sub-23,0.9981189370155334,20261010,30,15
30,4,sub-21,2.6650750637054443,20261010,30,15
30,4,sub-19,0.9116381406784058,20261010,30,15
30,4,sub-23,1.2306183576583862,20261010,30,15
30,4,sub-19,1.0139104127883911,20261010,30,15
30,4,sub-19,1.2191108465194702,20261010,30,15
30,4,sub-21,2.1963541507720947,20261010,30,15
30,4,sub-23,1.0140961408615112,20261010,30,15
30,4,sub-21,1.4268826246261597,20261010,30,15
30,4,sub-19,0.9796531200408936,20261010,30,15
30,4,sub-19,1.0066990852355957,20261010,30,15
30,4,sub-19,1.4546189308166504,20261010,30,15
30,4,sub-21,2.9711456298828125,20261010,30,15
30,4,sub-21,1.0594011545181274,20261010,30,15
30,4,sub-19,0.9441425800323486,20261010,30,15
30,4,sub-19,0.8326523900032043,20261010,30,15
30,4,sub-23,0.8315376043319702,20261010,30,15
30,4,sub-23,0.9727103114128113,20261010,30,15
30,4,sub-21,0.9625317454338074,20261010,30,15
30,4,sub-21,1.1905405521392822,20261010,30,15
30,4,sub-21,1.4306827783584595,20261010,30,15
30,4,sub-23,1.4539746046066284,20261010,30,15
30,4,sub-19,2.2096199989318848,20261010,30,15
30,4,sub-23,0.7932885885238647,20261010,30,15
30,4,sub-19,0.8474684953689575,20261010,30,15
30,4,sub-19,0.968071460723877,20261010,30,15
30,4,sub-21,1.2197191715240479,20261010,30,15
30,4,sub-21,1.1751924753189087,20261010,30,15
30,4,sub-19,1.2011876106262207,20261010,30,15
30,4,sub-23,2.4362339973449707,20261010,30,15
30,4,sub-21,1.1378573179244995,20261010,30,15
30,4,sub-23,1.254662275314331,20261010,30,15
30,4,sub-21,0.8594812750816345,20261010,30,15
30,4,sub-21,1.1124471426010132,20261010,30,15
30,4,sub-23,0.847073495388031,20261010,30,15
30,4,sub-23,1.0520867109298706,20261010,30,15
30,4,sub-21,0.9663893580436707,20261010,30,15
30,4,sub-23,0.8849973082542419,20261010,30,15
30,4,sub-23,1.0289711952209473,20261010,30,15
30,4,sub-21,0.9386122822761536,20261010,30,15
30,4,sub-23,1.8491123914718628,20261010,30,15
30,4,sub-23,1.1149476766586304,20261010,30,15
30,4,sub-23,1.1492443084716797,20261010,30,15
30,4,sub-23,1.1316267251968384,20261010,30,15
30,4,sub-21,1.619207739830017,20261010,30,15
30,4,sub-19,0.782794713973999,20261010,30,15
30,4,sub-21,1.3979506492614746,20261010,30,15
30,4,sub-19,0.8111854791641235,20261010,30,15
30,4,sub-19,0.8137603998184204,20261010,30,15
30,4,sub-23,0.8536008596420288,20261010,30,15
30,4,sub-23,1.9248920679092407,20261010,30,15
30,4,sub-19,1.0374552011489868,20261010,30,15
30,4,sub-23,0.8741443753242493,20261010,30,15
30,4,sub-21,1.0009961128234863,20261010,30,15
30,4,sub-23,1.298585295677185,20261010,30,15
0,4,sub-21,0.9898351430892944,20261011,0,0
0,4,sub-21,1.345923900604248,20261011,0,0
0,4,sub-23,1.1392606496810913,20261011,0,0
0,4,sub-21,0.9985459446907043,20261011,0,0
0,4,sub-19,1.1505364179611206,20261011,0,0
0,4,sub-21,1.064055323600769,20261011,0,0
0,4,sub-19,0.9611366987228394,20261011,0,0
0,4,sub-21,1.1965523958206177,20261011,0,0
0,4,sub-19,0.9459096789360046,20261011,0,0
0,4,sub-19,0.8403717279434204,20261011,0,0
0,4,sub-21,1.9792157411575317,20261011,0,0
0,4,sub-23,1.0972379446029663,20261011,0,0
0,4,sub-19,0.9695900678634644,20261011,0,0
0,4,sub-19,1.415980577468872,20261011,0,0
0,4,sub-23,2.4756765365600586,20261011,0,0
0,4,sub-21,0.9229298233985901,20261011,0,0
0,4,sub-23,2.1211774349212646,20261011,0,0
0,4,sub-21,0.8490144610404968,20261011,0,0
0,4,sub-21,1.156332015991211,20261011,0,0
0,4,sub-21,1.0046617984771729,20261011,0,0
0,4,sub-21,1.0031214952468872,20261011,0,0
0,4,sub-23,1.0010380744934082,20261011,0,0
0,4,sub-23,1.0588252544403076,20261011,0,0
0,4,sub-19,0.9749147295951843,20261011,0,0
0,4,sub-21,1.2514606714248657,20261011,0,0
0,4,sub-21,1.2418509721755981,20261011,0,0
0,4,sub-19,1.8587557077407837,20261011,0,0
0,4,sub-19,1.1105910539627075,20261011,0,0
0,4,sub-19,0.8410176038742065,20261011,0,0
0,4,sub-23,2.021111011505127,20261011,0,0
0,4,sub-19,1.2504606246948242,20261011,0,0
0,4,sub-23,0.9256131052970886,20261011,0,0
0,4,sub-21,0.9972624182701111,20261011,0,0
0,4,sub-21,1.000626564025879,20261011,0,0
0,4,sub-21,1.7542626857757568,20261011,0,0
0,4,sub-21,0.9810431003570557,20261011,0,0
0,4,sub-19,1.1259247064590454,20261011,0,0
0,4,sub-21,1.071433663368225,20261011,0,0
0,4,sub-23,0.8767450451850891,20261011,0,0
0,4,sub-19,1.0938596725463867,20261011,0,0
0,4,sub-23,1.2051862478256226,20261011,0,0
0,4,sub-23,1.4513005018234253,20261011,0,0
0,4,sub-21,2.682509422302246,20261011,0,0
0,4,sub-23,0.8788236975669861,20261011,0,0
0,4,sub-21,0.9878986477851868,20261011,0,0
0,4,sub-19,1.0311228036880493,20261011,0,0
0,4,sub-23,0.8211818933486938,20261011,0,0
0,4,sub-21,1.1042358875274658,20261011,0,0
0,4,sub-23,2.1359665393829346,20261011,0,0
0,4,sub-21,0.9465125203132629,20261011,0,0
0,4,sub-19,1.2532966136932373,20261011,0,0
0,4,sub-21,0.9738741517066956,20261011,0,0
0,4,sub-21,1.1803064346313477,20261011,0,0
0,4,sub-19,1.1883143186569214,20261011,0,0
0,4,sub-19,0.9515615701675415,20261011,0,0
0,4,sub-21,0.9023249745368958,20261011,0,0
0,4,sub-23,1.9649280309677124,20261011,0,0
0,4,sub-19,1.789672613143921,20261011,0,0
0,4,sub-19,1.2452346086502075,20261011,0,0
0,4,sub-21,2.505870819091797,20261011,0,0
0,4,sub-21,0.9889060258865356,20261011,0,0
0,4,sub-21,2.134610414505005,20261011,0,0
0,4,sub-19,0.9520769715309143,20261011,0,0
0,4,sub-19,1.2994455099105835,20261011,0,0
0,4,sub-21,0.9307501912117004,20261011,0,0
0,4,sub-19,1.277390480041504,20261011,0,0
0,4,sub-19,1.159329891204834,20261011,0,0
0,4,sub-19,1.168874979019165,20261011,0,0
0,4,sub-19,0.9083355665206909,20261011,0,0
0,4,sub-23,1.5585451126098633,20261011,0,0
0,4,sub-23,0.9849903583526611,20261011,0,0
0,4,sub-19,1.5793545246124268,20261011,0,0
0,4,sub-23,0.9211151003837585,20261011,0,0
0,4,sub-23,0.8027963042259216,20261011,0,0
0,4,sub-19,0.8675383925437927,20261011,0,0
0,4,sub-23,0.7926055788993835,20261011,0,0
0,4,sub-19,1.1313438415527344,20261011,0,0
0,4,sub-21,0.9765022993087769,20261011,0,0
0,4,sub-21,0.9869043231010437,20261011,0,0
0,4,sub-19,1.04067063331604,20261011,0,0
0,4,sub-23,0.8202426433563232,20261011,0,0
0,4,sub-19,0.9345057606697083,20261011,0,0
0,4,sub-19,1.0783854722976685,20261011,0,0
0,4,sub-21,1.9732744693756104,20261011,0,0
0,4,sub-21,1.1727083921432495,20261011,0,0
0,4,sub-23,1.0008257627487183,20261011,0,0
0,4,sub-21,0.9144300222396851,20261011,0,0
0,4,sub-23,1.2651716470718384,20261011,0,0
0,4,sub-23,0.9678112268447876,20261011,0,0
0,4,sub-21,0.9644683003425598,20261011,0,0
0,4,sub-23,1.1632658243179321,20261011,0,0
0,4,sub-23,1.0005968809127808,20261011,0,0
0,4,sub-19,1.2974698543548584,20261011,0,0
0,4,sub-19,0.9377500414848328,20261011,0,0
0,4,sub-23,2.1625277996063232,20261011,0,0
0,4,sub-23,0.8504858613014221,20261011,0,0
0,4,sub-23,0.8789036273956299,20261011,0,0
0,4,sub-19,0.9854328632354736,20261011,0,0
0,4,sub-23,1.072931170463562,20261011,0,0
0,4,sub-19,1.0971076488494873,20261011,0,0
0,4,sub-23,0.9129725098609924,20261011,0,0
0,4,sub-19,1.1369550228118896,20261011,0,0
0,4,sub-23,0.8000603318214417,20261011,0,0
0,4,sub-19,2.332449436187744,20261011,0,0
0,4,sub-19,2.5439531803131104,20261011,0,0
0,4,sub-23,0.8933879733085632,20261011,0,0
0,4,sub-19,1.526504635810852,20261011,0,0
0,4,sub-23,0.9965084791183472,20261011,0,0
0,4,sub-19,1.5544991493225098,20261011,0,0
0,4,sub-21,0.9981514811515808,20261011,0,0
0,4,sub-23,0.8641324043273926,20261011,0,0
0,4,sub-21,1.3185725212097168,20261011,0,0
0,4,sub-21,1.004589319229126,20261011,0,0
0,4,sub-19,0.9966558218002319,20261011,0,0
0,4,sub-23,2.5895073413848877,20261011,0,0
0,4,sub-23,0.9798656702041626,20261011,0,0
0,4,sub-19,0.9965184926986694,20261011,0,0
0,4,sub-21,2.236422538757324,20261011,0,0
0,4,sub-19,1.2314949035644531,20261011,0,0
0,4,sub-21,1.8465503454208374,20261011,0,0
0,4,sub-21,1.0238242149353027,20261011,0,0
0,4,sub-21,2.000516176223755,20261011,0,0
0,4,sub-19,1.652330994606018,20261011,0,0
0,4,sub-21,1.7056376934051514,20261011,0,0
0,4,sub-21,0.9798247218132019,20261011,0,0
0,4,sub-23,0.8297637104988098,20261011,0,0
0,4,sub-19,1.2772408723831177,20261011,0,0
0,4,sub-23,1.2389277219772339,20261011,0,0
0,4,sub-19,1.287441611289978,20261011,0,0
0,4,sub-21,0.9528246521949768,20261011,0,0
0,4,sub-19,1.0131280422210693,20261011,0,0
0,4,sub-21,1.1127389669418335,20261011,0,0
0,4,sub-19,0.9730240702629089,20261011,0,0
0,4,sub-23,1.0793017148971558,20261011,0,0
0,4,sub-21,1.11102294921875,20261011,0,0
0,4,sub-21,0.9329142570495605,20261011,0,0
0,4,sub-21,0.8549203276634216,20261011,0,0
0,4,sub-21,1.699726939201355,20261011,0,0
0,4,sub-23,1.9126006364822388,20261011,0,0
0,4,sub-19,1.2848498821258545,20261011,0,0
0,4,sub-23,1.7802790403366089,20261011,0,0
0,4,sub-21,1.1141204833984375,20261011,0,0
0,4,sub-23,0.8291954398155212,20261011,0,0
0,4,sub-19,0.9916413426399231,20261011,0,0
0,4,sub-19,1.3058701753616333,20261011,0,0
0,4,sub-21,0.8313781023025513,20261011,0,0
0,4,sub-21,0.8938334584236145,20261011,0,0
0,4,sub-19,1.7765682935714722,20261011,0,0
0,4,sub-23,0.9159194231033325,20261011,0,0
0,4,sub-21,1.1199136972427368,20261011,0,0
0,4,sub-23,1.1288726329803467,20261011,0,0
0,4,sub-21,0.8771165609359741,20261011,0,0
0,4,sub-19,0.9430987238883972,20261011,0,0
0,4,sub-19,1.333450198173523,20261011,0,0
0,4,sub-21,1.7128710746765137,20261011,0,0
0,4,sub-19,1.560197114944458,20261011,0,0
0,4,sub-21,0.9890670776367188,20261011,0,0
0,4,sub-21,0.82517009973526,20261011,0,0
0,4,sub-23,0.9901643991470337,20261011,0,0
0,4,sub-21,1.4766514301300049,20261011,0,0
0,4,sub-21,0.8533011078834534,20261011,0,0
0,4,sub-23,2.0816991329193115,20261011,0,0
0,4,sub-23,0.8928983211517334,20261011,0,0
0,4,sub-19,0.8902446031570435,20261011,0,0
0,4,sub-19,0.7796374559402466,20261011,0,0
0,4,sub-19,1.1241254806518555,20261011,0,0
0,4,sub-23,1.0333871841430664,20261011,0,0
0,4,sub-21,1.4193823337554932,20261011,0,0
0,4,sub-23,1.3261120319366455,20261011,0,0
0,4,sub-23,1.3807660341262817,20261011,0,0
0,4,sub-21,0.984129786491394,20261011,0,0
0,4,sub-21,0.9926674365997314,20261011,0,0
0,4,sub-23,1.2879133224487305,20261011,0,0
0,4,sub-23,2.438697338104248,20261011,0,0
0,4,sub-19,1.4444382190704346,20261011,0,0
0,4,sub-23,0.860482931137085,20261011,0,0
0,4,sub-21,1.0048425197601318,20261011,0,0
0,4,sub-19,0.9122281074523926,20261011,0,0
0,4,sub-19,1.0313096046447754,20261011,0,0
0,4,sub-19,0.9676423072814941,20261011,0,0
0,4,sub-19,0.999603271484375,20261011,0,0
0,4,sub-23,1.902300477027893,20261011,0,0
0,4,sub-21,1.0265814065933228,20261011,0,0
0,4,sub-19,1.1164731979370117,20261011,0,0
0,4,sub-19,1.4713603258132935,20261011,0,0
0,4,sub-23,1.231066107749939,20261011,0,0
0,4,sub-23,0.8370075821876526,20261011,0,0
0,4,sub-21,1.0309103727340698,20261011,0,0
0,4,sub-21,1.6111118793487549,20261011,0,0
0,4,sub-19,0.9784274101257324,20261011,0,0
0,4,sub-19,0.9897844791412354,20261011,0,0
0,4,sub-21,0.9943973422050476,20261011,0,0
0,4,sub-19,1.034245252609253,20261011,0,0
0,4,sub-23,1.0432921648025513,20261011,0,0
0,4,sub-19,1.4613505601882935,20261011,0,0
0,4,sub-23,0.8620468378067017,20261011,0,0
0,4,sub-23,1.1068665981292725,20261011,0,0
0,4,sub-23,1.1480426788330078,20261011,0,0
0,4,sub-23,0.9804592728614807,20261011,0,0
0,4,sub-21,0.8711170554161072,20261011,0,0
0,4,sub-21,0.9346375465393066,20261011,0,0
0,4,sub-19,0.9943848252296448,20261011,0,0
0,4,sub-23,1.226684331893921,20261011,0,0
0,4,sub-21,1.4510278701782227,20261011,0,0
0,4,sub-21,1.0099931955337524,20261011,0,0
0,4,sub-19,0.8844083547592163,20261011,0,0
0,4,sub-21,1.0189000368118286,20261011,0,0
0,4,sub-23,0.9645785689353943,20261011,0,0
0,4,sub-21,2.8217108249664307,20261011,0,0
0,4,sub-19,1.1994714736938477,20261011,0,0
0,4,sub-23,1.2616788148880005,20261011,0,0
0,4,sub-21,0.9896310567855835,20261011,0,0
0,4,sub-19,0.9783033728599548,20261011,0,0
0,4,sub-21,2.1313962936401367,20261011,0,0
0,4,sub-21,0.8668400049209595,20261011,0,0
0,4,sub-23,1.1736270189285278,20261011,0,0
0,4,sub-19,0.999988317489624,20261011,0,0
0,4,sub-19,2.1161749362945557,20261011,0,0
0,4,sub-21,1.2275058031082153,20261011,0,0
0,4,sub-19,0.8564374446868896,20261011,0,0
0,4,sub-23,1.3479348421096802,20261011,0,0
0,4,sub-19,1.0624266862869263,20261011,0,0
0,4,sub-21,1.209020972251892,20261011,0,0
0,4,sub-19,0.981261670589447,20261011,0,0
0,4,sub-23,0.9997314810752869,20261011,0,0
0,4,sub-19,1.0685454607009888,20261011,0,0
0,4,sub-23,1.0935825109481812,20261011,0,0
0,4,sub-19,0.8775807023048401,20261011,0,0
0,4,sub-19,1.5316675901412964,20261011,0,0
0,4,sub-19,0.9678863883018494,20261011,0,0
0,4,sub-23,1.4530160427093506,20261011,0,0
0,4,sub-19,0.9998578429222107,20261011,0,0
0,4,sub-21,1.1280725002288818,20261011,0,0
0,4,sub-19,0.9712091684341431,20261011,0,0
0,4,sub-19,0.9954491257667542,20261011,0,0
0,4,sub-21,0.9905800223350525,20261011,0,0
0,4,sub-23,1.0674519538879395,20261011,0,0
0,4,sub-19,1.88525390625,20261011,0,0
0,4,sub-21,1.1354496479034424,20261011,0,0
0,4,sub-23,1.1041685342788696,20261011,0,0
0,4,sub-23,1.2330540418624878,20261011,0,0
0,4,sub-21,0.9356164932250977,20261011,0,0
0,4,sub-21,1.0211656093597412,20261011,0,0
0,4,sub-21,1.171425461769104,20261011,0,0
0,4,sub-21,1.0341225862503052,20261011,0,0
0,4,sub-21,0.8618844151496887,20261011,0,0
0,4,sub-21,0.9887663722038269,20261011,0,0
0,4,sub-19,0.9162499904632568,20261011,0,0
0,4,sub-19,1.0702487230300903,20261011,0,0
0,4,sub-21,0.96879643201828,20261011,0,0
0,4,sub-21,1.143128514289856,20261011,0,0
0,4,sub-21,1.1869404315948486,20261011,0,0
0,4,sub-21,0.9763490557670593,20261011,0,0
0,4,sub-21,0.9562815427780151,20261011,0,0
0,4,sub-19,0.8365164399147034,20261011,0,0
0,4,sub-19,0.989720344543457,20261011,0,0
0,4,sub-19,1.200336217880249,20261011,0,0
0,4,sub-19,0.9179220199584961,20261011,0,0
0,4,sub-19,0.9791011214256287,20261011,0,0
0,4,sub-21,0.8921835422515869,20261011,0,0
0,4,sub-19,1.0582109689712524,20261011,0,0
0,4,sub-23,1.3748188018798828,20261011,0,0
0,4,sub-19,0.9670547842979431,20261011,0,0
0,4,sub-19,1.0157221555709839,20261011,0,0
0,4,sub-23,0.9548064470291138,20261011,0,0
0,4,sub-19,1.3131709098815918,20261011,0,0
0,4,sub-21,1.6986204385757446,20261011,0,0
0,4,sub-21,0.9715877175331116,20261011,0,0
0,4,sub-21,1.1923216581344604,20261011,0,0
0,4,sub-21,0.996749758720398,20261011,0,0
0,4,sub-23,0.9122576713562012,20261011,0,0
0,4,sub-23,1.0185925960540771,20261011,0,0
0,4,sub-19,0.8580048680305481,20261011,0,0
0,4,sub-21,0.9866079688072205,20261011,0,0
0,4,sub-19,1.6010398864746094,20261011,0,0
0,4,sub-19,1.1653878688812256,20261011,0,0
0,4,sub-23,1.228755235671997,20261011,0,0
0,4,sub-19,1.5210825204849243,20261011,0,0
0,4,sub-19,1.416571855545044,20261011,0,0
0,4,sub-21,0.9350089430809021,20261011,0,0
0,4,sub-19,0.8197091817855835,20261011,0,0
0,4,sub-21,0.8511064648628235,20261011,0,0
0,4,sub-19,1.064987301826477,20261011,0,0
0,4,sub-19,2.157212972640991,20261011,0,0
0,4,sub-19,0.7768827676773071,20261011,0,0
0,4,sub-19,2.045243740081787,20261011,0,0
0,4,sub-19,0.9254697561264038,20261011,0,0
0,4,sub-23,0.8881089091300964,20261011,0,0
0,4,sub-21,0.9685567021369934,20261011,0,0
0,4,sub-21,1.6593403816223145,20261011,0,0
0,4,sub-21,1.0927209854125977,20261011,0,0
0,4,sub-23,0.9689380526542664,20261011,0,0
0,4,sub-21,2.603660821914673,20261011,0,0
0,4,sub-23,1.187646508216858,20261011,0,0
0,4,sub-23,0.9198222160339355,20261011,0,0
0,4,sub-19,0.9833561778068542,20261011,0,0
0,4,sub-19,2.0320708751678467,20261011,0,0
0,4,sub-21,1.0075241327285767,20261011,0,0
0,4,sub-19,0.9968150854110718,20261011,0,0
0,4,sub-19,1.3493174314498901,20261011,0,0
0,4,sub-23,1.209930658340454,20261011,0,0
0,4,sub-19,1.230789065361023,20261011,0,0
0,4,sub-21,1.478219985961914,20261011,0,0
0,4,sub-21,1.0212510824203491,20261011,0,0
0,4,sub-19,1.0970377922058105,20261011,0,0
0,4,sub-23,1.0113376379013062,20261011,0,0
0,4,sub-21,1.0743308067321777,20261011,0,0
0,4,sub-21,1.6275084018707275,20261011,0,0
0,4,sub-21,1.0769861936569214,20261011,0,0
0,4,sub-21,1.2844632863998413,20261011,0,0
0,4,sub-21,0.875745415687561,20261011,0,0
0,4,sub-23,0.9451366066932678,20261011,0,0
0,4,sub-23,0.9412714838981628,20261011,0,0
0,4,sub-23,1.968050479888916,20261011,0,0
0,4,sub-21,1.0302973985671997,20261011,0,0
0,4,sub-21,1.2186899185180664,20261011,0,0
0,4,sub-23,0.8808627128601074,20261011,0,0
0,4,sub-19,1.2363556623458862,20261011,0,0
0,4,sub-21,0.9422250986099243,20261011,0,0
0,4,sub-23,0.7847743034362793,20261011,0,0
0,4,sub-21,1.0829081535339355,20261011,0,0
0,4,sub-21,0.9792986512184143,20261011,0,0
0,4,sub-21,1.2967697381973267,20261011,0,0
0,4,sub-19,1.251765251159668,20261011,0,0
0,4,sub-21,0.833855152130127,20261011,0,0
0,4,sub-23,0.9435529708862305,20261011,0,0
0,4,sub-19,1.1453860998153687,20261011,0,0
0,4,sub-23,0.9427596926689148,20261011,0,0
0,4,sub-21,0.9060977697372437,20261011,0,0
0,4,sub-19,1.1441389322280884,20261011,0,0
0,4,sub-21,1.050973892211914,20261011,0,0
0,4,sub-23,0.972361147403717,20261011,0,0
0,4,sub-19,1.7090346813201904,20261011,0,0
0,4,sub-19,0.9731073975563049,20261011,0,0
0,4,sub-23,1.119622826576233,20261011,0,0
0,4,sub-23,2.1810574531555176,20261011,0,0
0,4,sub-21,1.0005040168762207,20261011,0,0
0,4,sub-23,0.9097868800163269,20261011,0,0
0,4,sub-21,0.9922945499420166,20261011,0,0
0,4,sub-23,1.423456072807312,20261011,0,0
0,4,sub-19,0.9916167855262756,20261011,0,0
0,4,sub-19,1.7805712223052979,20261011,0,0
0,4,sub-19,1.1602160930633545,20261011,0,0
0,4,sub-21,1.0319433212280273,20261011,0,0
0,4,sub-19,1.0444360971450806,20261011,0,0
0,4,sub-21,0.7811533808708191,20261011,0,0
0,4,sub-21,1.0010957717895508,20261011,0,0
0,4,sub-19,0.9036248326301575,20261011,0,0
0,4,sub-21,1.0976598262786865,20261011,0,0
0,4,sub-23,1.16603684425354,20261011,0,0
0,4,sub-19,1.3950080871582031,20261011,0,0
0,4,sub-23,0.9524214267730713,20261011,0,0
0,4,sub-21,0.927351713180542,20261011,0,0
0,4,sub-19,0.9948833584785461,20261011,0,0
0,4,sub-19,0.9240170121192932,20261011,0,0
0,4,sub-21,1.0092536211013794,20261011,0,0
0,4,sub-23,1.6796178817749023,20261011,0,0
0,4,sub-21,0.9958367347717285,20261011,0,0
0,4,sub-19,0.9924671053886414,20261011,0,0
0,4,sub-19,1.2086178064346313,20261011,0,0
0,4,sub-19,1.1164155006408691,20261011,0,0
0,4,sub-19,1.5686180591583252,20261011,0,0
0,4,sub-21,1.7462183237075806,20261011,0,0
0,4,sub-21,1.1354113817214966,20261011,0,0
0,4,sub-19,0.9748449325561523,20261011,0,0
0,4,sub-19,1.1403424739837646,20261011,0,0
0,4,sub-19,1.0022668838500977,20261011,0,0
0,4,sub-19,0.9573916792869568,20261011,0,0
0,4,sub-19,0.7281690239906311,20261011,0,0
0,4,sub-21,1.2677677869796753,20261011,0,0
0,4,sub-23,1.6341875791549683,20261011,0,0
0,4,sub-19,1.0985242128372192,20261011,0,0
0,4,sub-21,0.9912374019622803,20261011,0,0
0,4,sub-19,0.9426980018615723,20261011,0,0
0,4,sub-21,0.9018759727478027,20261011,0,0
0,4,sub-23,1.9767707586288452,20261011,0,0
0,4,sub-19,1.8738211393356323,20261011,0,0
0,4,sub-19,1.1931864023208618,20261011,0,0
0,4,sub-23,2.0003342628479004,20261011,0,0
0,4,sub-19,0.8534016013145447,20261011,0,0
0,4,sub-19,0.9868630170822144,20261011,0,0
0,4,sub-23,1.0477144718170166,20261011,0,0
0,4,sub-21,1.7164562940597534,20261011,0,0
0,4,sub-23,0.9882299900054932,20261011,0,0
10,4,sub-21,0.9570820927619934,20261011,10,5
10,4,sub-21,1.3126403093338013,20261011,10,5
10,4,sub-23,1.150091290473938,20261011,10,5
10,4,sub-21,0.9558445811271667,20261011,10,5
10,4,sub-19,1.3859318494796753,20261011,10,5
10,4,sub-21,1.0582020282745361,20261011,10,5
10,4,sub-19,0.9821333289146423,20261011,10,5
10,4,sub-21,1.1252778768539429,20261011,10,5
10,4,sub-19,0.9545478224754333,20261011,10,5
10,4,sub-19,0.852098822593689,20261011,10,5
10,4,sub-21,1.9817705154418945,20261011,10,5
10,4,sub-23,1.0763837099075317,20261011,10,5
10,4,sub-19,0.9877908825874329,20261011,10,5
10,4,sub-19,1.422955870628357,20261011,10,5
10,4,sub-23,2.478942632675171,20261011,10,5
10,4,sub-21,0.9857276082038879,20261011,10,5
10,4,sub-23,2.1125283241271973,20261011,10,5
10,4,sub-21,0.81691974401474,20261011,10,5
10,4,sub-21,1.1453560590744019,20261011,10,5
10,4,sub-21,1.0077170133590698,20261011,10,5
10,4,sub-21,0.9911177754402161,20261011,10,5
10,4,sub-23,1.0000165700912476,20261011,10,5
10,4,sub-23,1.080752968788147,20261011,10,5
10,4,sub-19,1.0062551498413086,20261011,10,5
10,4,sub-21,1.2516192197799683,20261011,10,5
10,4,sub-21,1.191117763519287,20261011,10,5
10,4,sub-19,1.8690534830093384,20261011,10,5
10,4,sub-19,1.1004676818847656,20261011,10,5
10,4,sub-19,0.8453835248947144,20261011,10,5
10,4,sub-23,2.022747278213501,20261011,10,5
10,4,sub-19,1.2447030544281006,20261011,10,5
10,4,sub-23,0.9216711521148682,20261011,10,5
10,4,sub-21,0.9593020677566528,20261011,10,5
10,4,sub-21,1.0002433061599731,20261011,10,5
10,4,sub-21,1.7516969442367554,20261011,10,5
10,4,sub-21,0.9814520478248596,20261011,10,5
10,4,sub-19,1.149117350578308,20261011,10,5
10,4,sub-21,1.068457007408142,20261011,10,5
10,4,sub-23,0.8710962533950806,20261011,10,5
10,4,sub-19,1.0919005870819092,20261011,10,5
10,4,sub-23,1.2081663608551025,20261011,10,5
10,4,sub-23,1.4421324729919434,20261011,10,5
10,4,sub-21,2.689023494720459,20261011,10,5
10,4,sub-23,0.9016924500465393,20261011,10,5
10,4,sub-21,0.958691418170929,20261011,10,5
10,4,sub-19,1.0337673425674438,20261011,10,5
10,4,sub-23,0.8309398293495178,20261011,10,5
10,4,sub-21,1.0406341552734375,20261011,10,5
10,4,sub-23,2.1325838565826416,20261011,10,5
10,4,sub-21,0.9734127521514893,20261011,10,5
10,4,sub-19,1.2529101371765137,20261011,10,5
10,4,sub-21,0.9684199094772339,20261011,10,5
10,4,sub-21,1.1813558340072632,20261011,10,5
10,4,sub-19,1.1815742254257202,20261011,10,5
10,4,sub-19,0.9646576046943665,20261011,10,5
10,4,sub-21,0.9074697494506836,20261011,10,5
10,4,sub-23,1.9779189825057983,20261011,10,5
10,4,sub-19,1.7980549335479736,20261011,10,5
10,4,sub-19,1.4588263034820557,20261011,10,5
10,4,sub-21,2.5075037479400635,20261011,10,5
10,4,sub-21,0.991055428981781,20261011,10,5
10,4,sub-21,2.127781867980957,20261011,10,5
10,4,sub-19,0.9546858668327332,20261011,10,5
10,4,sub-19,1.3242511749267578,20261011,10,5
10,4,sub-21,0.9428515434265137,20261011,10,5
10,4,sub-19,1.275423526763916,20261011,10,5
10,4,sub-19,1.141188144683838,20261011,10,5
10,4,sub-19,1.1631085872650146,20261011,10,5
10,4,sub-19,0.9288964867591858,20261011,10,5
10,4,sub-23,1.5555531978607178,20261011,10,5
10,4,sub-23,1.0095857381820679,20261011,10,5
10,4,sub-19,1.5840542316436768,20261011,10,5
10,4,sub-23,0.9361863732337952,20261011,10,5
10,4,sub-23,0.8019312024116516,20261011,10,5
10,4,sub-19,1.0674487352371216,20261011,10,5
10,4,sub-23,0.7806398868560791,20261011,10,5
10,4,sub-19,1.1343132257461548,20261011,10,5
10,4,sub-21,0.9613215923309326,20261011,10,5
10,4,sub-21,0.9577006101608276,20261011,10,5
10,4,sub-19,1.0411603450775146,20261011,10,5
10,4,sub-23,0.8053909540176392,20261011,10,5
10,4,sub-19,0.9386252760887146,20261011,10,5
10,4,sub-19,1.0935176610946655,20261011,10,5
10,4,sub-21,1.9735833406448364,20261011,10,5
10,4,sub-21,1.1718554496765137,20261011,10,5
10,4,sub-23,1.0005805492401123,20261011,10,5
10,4,sub-21,0.9046562910079956,20261011,10,5
10,4,sub-23,1.2708216905593872,20261011,10,5
10,4,sub-23,0.9936694502830505,20261011,10,5
10,4,sub-21,0.9376391768455505,20261011,10,5
10,4,sub-23,1.1643410921096802,20261011,10,5
10,4,sub-23,1.0025349855422974,20261011,10,5
10,4,sub-19,1.298325538635254,20261011,10,5
10,4,sub-19,1.2022771835327148,20261011,10,5
10,4,sub-23,2.166991949081421,20261011,10,5
10,4,sub-23,0.8637767434120178,20261011,10,5
10,4,sub-23,0.8858130574226379,20261011,10,5
10,4,sub-19,1.054271936416626,20261011,10,5
10,4,sub-23,1.0673381090164185,20261011,10,5
10,4,sub-19,1.0980011224746704,20261011,10,5
10,4,sub-23,0.893872857093811,20261011,10,5
10,4,sub-19,1.1259559392929077,20261011,10,5
10,4,sub-23,0.8026246428489685,20261011,10,5
10,4,sub-19,2.326897144317627,20261011,10,5
10,4,sub-19,2.5436415672302246,20261011,10,5
10,4,sub-23,0.8788475394248962,20261011,10,5
10,4,sub-19,1.528802752494812,20261011,10,5
10,4,sub-23,0.9969397187232971,20261011,10,5
10,4,sub-19,1.555930495262146,20261011,10,5
10,4,sub-21,0.9986386895179749,20261011,10,5
10,4,sub-23,0.8517348766326904,20261011,10,5
10,4,sub-21,1.313276767730713,20261011,10,5
10,4,sub-21,1.0056569576263428,20261011,10,5
10,4,sub-19,1.0022367238998413,20261011,10,5
10,4,sub-23,2.593698263168335,20261011,10,5
10,4,sub-23,0.9862563014030457,20261011,10,5
10,4,sub-19,1.0865637063980103,20261011,10,5
10,4,sub-21,2.2415010929107666,20261011,10,5
10,4,sub-19,1.2306766510009766,20261011,10,5
10,4,sub-21,1.843593716621399,20261011,10,5
10,4,sub-21,0.9843920469284058,20261011,10,5
10,4,sub-21,2.0010299682617188,20261011,10,5
10,4,sub-19,1.6486358642578125,20261011,10,5
10,4,sub-21,1.7049213647842407,20261011,10,5
10,4,sub-21,0.9801765084266663,20261011,10,5
10,4,sub-23,0.8220504522323608,20261011,10,5
10,4,sub-19,1.4509388208389282,20261011,10,5
10,4,sub-23,1.2353092432022095,20261011,10,5
10,4,sub-19,1.5065481662750244,20261011,10,5
10,4,sub-21,0.9605724215507507,20261011,10,5
10,4,sub-19,1.0164521932601929,20261011,10,5
10,4,sub-21,1.1114839315414429,20261011,10,5
10,4,sub-19,0.9958899021148682,20261011,10,5
10,4,sub-23,1.0776172876358032,20261011,10,5
10,4,sub-21,1.10187828540802,20261011,10,5
10,4,sub-21,0.956143856048584,20261011,10,5
10,4,sub-21,0.8497370481491089,20261011,10,5
10,4,sub-21,1.7023634910583496,20261011,10,5
10,4,sub-23,1.9149614572525024,20261011,10,5
10,4,sub-19,1.2880799770355225,20261011,10,5
10,4,sub-23,1.7834157943725586,20261011,10,5
10,4,sub-21,1.1116966009140015,20261011,10,5
10,4,sub-23,0.8392231464385986,20261011,10,5
10,4,sub-19,1.4021230936050415,20261011,10,5
10,4,sub-19,1.3032333850860596,20261011,10,5
10,4,sub-21,0.8126612305641174,20261011,10,5
10,4,sub-21,0.8772774338722229,20261011,10,5
10,4,sub-19,1.7628772258758545,20261011,10,5
10,4,sub-23,0.923904538154602,20261011,10,5
10,4,sub-21,1.121498942375183,20261011,10,5
10,4,sub-23,1.0627996921539307,20261011,10,5
10,4,sub-21,0.8984197378158569,20261011,10,5
10,4,sub-19,0.9451500177383423,20261011,10,5
10,4,sub-19,1.3472163677215576,20261011,10,5
10,4,sub-21,1.7144289016723633,20261011,10,5
10,4,sub-19,1.5550484657287598,20261011,10,5
10,4,sub-21,0.9612799882888794,20261011,10,5
10,4,sub-21,0.8534583449363708,20261011,10,5
10,4,sub-23,0.9898487329483032,20261011,10,5
10,4,sub-21,1.4805855751037598,20261011,10,5
10,4,sub-21,0.8649200201034546,20261011,10,5
10,4,sub-23,2.0667319297790527,20261011,10,5
10,4,sub-23,0.8730390071868896,20261011,10,5
10,4,sub-19,0.8768947720527649,20261011,10,5
10,4,sub-19,0.7851021885871887,20261011,10,5
10,4,sub-19,1.1205437183380127,20261011,10,5
10,4,sub-23,1.009594440460205,20261011,10,5
10,4,sub-21,1.4112982749938965,20261011,10,5
10,4,sub-23,1.3384523391723633,20261011,10,5
10,4,sub-23,1.3643521070480347,20261011,10,5
10,4,sub-21,0.9853107929229736,20261011,10,5
10,4,sub-21,0.9924078583717346,20261011,10,5
10,4,sub-23,1.2731822729110718,20261011,10,5
10,4,sub-23,2.4576520919799805,20261011,10,5
10,4,sub-19,1.441888689994812,20261011,10,5
10,4,sub-23,0.8754922747612,20261011,10,5
10,4,sub-21,1.0054973363876343,20261011,10,5
10,4,sub-19,1.2410926818847656,20261011,10,5
10,4,sub-19,1.0315797328948975,20261011,10,5
10,4,sub-19,0.990176796913147,20261011,10,5
10,4,sub-19,0.9997203350067139,20261011,10,5
10,4,sub-23,1.9219175577163696,20261011,10,5
10,4,sub-21,1.042144775390625,20261011,10,5
10,4,sub-19,1.1175395250320435,20261011,10,5
10,4,sub-19,1.4713338613510132,20261011,10,5
10,4,sub-23,1.2234431505203247,20261011,10,5
10,4,sub-23,0.8643414378166199,20261011,10,5
10,4,sub-21,1.0094246864318848,20261011,10,5
10,4,sub-21,1.6071301698684692,20261011,10,5
10,4,sub-19,1.2530443668365479,20261011,10,5
10,4,sub-19,1.0033692121505737,20261011,10,5
10,4,sub-21,1.000537395477295,20261011,10,5
10,4,sub-19,1.0701560974121094,20261011,10,5
10,4,sub-23,1.0411100387573242,20261011,10,5
10,4,sub-19,1.4564200639724731,20261011,10,5
10,4,sub-23,0.8587281107902527,20261011,10,5
10,4,sub-23,1.0902690887451172,20261011,10,5
10,4,sub-23,1.123259425163269,20261011,10,5
10,4,sub-23,0.9682650566101074,20261011,10,5
10,4,sub-21,0.8802769780158997,20261011,10,5
10,4,sub-21,0.9490894079208374,20261011,10,5
10,4,sub-19,1.0052062273025513,20261011,10,5
10,4,sub-23,1.215889811515808,20261011,10,5
10,4,sub-21,1.4481595754623413,20261011,10,5
10,4,sub-21,1.0132219791412354,20261011,10,5
10,4,sub-19,0.9006804823875427,20261011,10,5
10,4,sub-21,1.0301668643951416,20261011,10,5
10,4,sub-23,0.9708834290504456,20261011,10,5
10,4,sub-21,2.8159618377685547,20261011,10,5
10,4,sub-19,1.1970174312591553,20261011,10,5
10,4,sub-23,1.2589610815048218,20261011,10,5
10,4,sub-21,0.9887935519218445,20261011,10,5
10,4,sub-19,0.9775530099868774,20261011,10,5
10,4,sub-21,2.1336491107940674,20261011,10,5
10,4,sub-21,0.8636250495910645,20261011,10,5
10,4,sub-23,1.1624146699905396,20261011,10,5
10,4,sub-19,0.9999797940254211,20261011,10,5
10,4,sub-19,2.1261260509490967,20261011,10,5
10,4,sub-21,1.2283369302749634,20261011,10,5
10,4,sub-19,0.8670482039451599,20261011,10,5
10,4,sub-23,1.3471623659133911,20261011,10,5
10,4,sub-19,1.0490193367004395,20261011,10,5
10,4,sub-21,1.1707050800323486,20261011,10,5
10,4,sub-19,0.9841769933700562,20261011,10,5
10,4,sub-23,1.0022987127304077,20261011,10,5
10,4,sub-19,1.0707725286483765,20261011,10,5
10,4,sub-23,1.089396357536316,20261011,10,5
10,4,sub-19,1.0418800115585327,20261011,10,5
10,4,sub-19,1.5392825603485107,20261011,10,5
10,4,sub-19,0.9713059663772583,20261011,10,5
10,4,sub-23,1.4237500429153442,20261011,10,5
10,4,sub-19,1.0083884000778198,20261011,10,5
10,4,sub-21,1.1208847761154175,20261011,10,5
10,4,sub-19,0.981374979019165,20261011,10,5
10,4,sub-19,1.021092414855957,20261011,10,5
10,4,sub-21,0.9552751779556274,20261011,10,5
10,4,sub-23,1.0633823871612549,20261011,10,5
10,4,sub-19,1.8836419582366943,20261011,10,5
10,4,sub-21,1.1265265941619873,20261011,10,5
10,4,sub-23,1.0961719751358032,20261011,10,5
10,4,sub-23,1.2274562120437622,20261011,10,5
10,4,sub-21,0.9202250838279724,20261011,10,5
10,4,sub-21,1.012558102607727,20261011,10,5
10,4,sub-21,1.1658328771591187,20261011,10,5
10,4,sub-21,1.0373585224151611,20261011,10,5
10,4,sub-21,0.8428328037261963,20261011,10,5
10,4,sub-21,0.9983665943145752,20261011,10,5
10,4,sub-19,0.9226766228675842,20261011,10,5
10,4,sub-19,1.06925630569458,20261011,10,5
10,4,sub-21,1.0124183893203735,20261011,10,5
10,4,sub-21,1.1327006816864014,20261011,10,5
10,4,sub-21,1.1923034191131592,20261011,10,5
10,4,sub-21,0.9407743215560913,20261011,10,5
10,4,sub-21,0.9321457743644714,20261011,10,5
10,4,sub-19,0.8544604182243347,20261011,10,5
10,4,sub-19,0.9894152879714966,20261011,10,5
10,4,sub-19,1.1940175294876099,20261011,10,5
10,4,sub-19,0.9329239130020142,20261011,10,5
10,4,sub-19,0.9844292998313904,20261011,10,5
10,4,sub-21,0.9132534265518188,20261011,10,5
10,4,sub-19,1.0513107776641846,20261011,10,5
10,4,sub-23,1.379286766052246,20261011,10,5
10,4,sub-19,0.979979932308197,20261011,10,5
10,4,sub-19,1.037134051322937,20261011,10,5
10,4,sub-23,0.9514471888542175,20261011,10,5
10,4,sub-19,1.5375412702560425,20261011,10,5
10,4,sub-21,1.6785311698913574,20261011,10,5
10,4,sub-21,0.9756137132644653,20261011,10,5
10,4,sub-21,1.1363636255264282,20261011,10,5
10,4,sub-21,1.013697862625122,20261011,10,5
10,4,sub-23,0.9189648032188416,20261011,10,5
10,4,sub-23,1.012639045715332,20261011,10,5
10,4,sub-19,0.8626359105110168,20261011,10,5
10,4,sub-21,0.9905927181243896,20261011,10,5
10,4,sub-19,1.6010000705718994,20261011,10,5
10,4,sub-19,1.1606723070144653,20261011,10,5
10,4,sub-23,1.2336267232894897,20261011,10,5
10,4,sub-19,1.5431326627731323,20261011,10,5
10,4,sub-19,1.4251772165298462,20261011,10,5
10,4,sub-21,0.9663636088371277,20261011,10,5
10,4,sub-19,0.836378812789917,20261011,10,5
10,4,sub-21,0.863689124584198,20261011,10,5
10,4,sub-19,1.08760666847229,20261011,10,5
10,4,sub-19,2.1522092819213867,20261011,10,5
10,4,sub-19,0.7929829955101013,20261011,10,5
10,4,sub-19,2.044835329055786,20261011,10,5
10,4,sub-19,0.945564329624176,20261011,10,5
10,4,sub-23,0.9189806580543518,20261011,10,5
10,4,sub-21,0.9591565132141113,20261011,10,5
10,4,sub-21,1.619574785232544,20261011,10,5
10,4,sub-21,1.0223674774169922,20261011,10,5
10,4,sub-23,0.942857027053833,20261011,10,5
10,4,sub-21,2.6077349185943604,20261011,10,5
10,4,sub-23,1.1895899772644043,20261011,10,5
10,4,sub-23,0.9173378348350525,20261011,10,5
10,4,sub-19,0.9944695234298706,20261011,10,5
10,4,sub-19,2.0277950763702393,20261011,10,5
10,4,sub-21,0.9955023527145386,20261011,10,5
10,4,sub-19,1.0004315376281738,20261011,10,5
10,4,sub-19,1.3414427042007446,20261011,10,5
10,4,sub-23,1.2045985460281372,20261011,10,5
10,4,sub-19,1.2343143224716187,20261011,10,5
10,4,sub-21,1.4722099304199219,20261011,10,5
10,4,sub-21,1.0213009119033813,20261011,10,5
10,4,sub-19,1.0993579626083374,20261011,10,5
10,4,sub-23,1.0248630046844482,20261011,10,5
10,4,sub-21,1.073038101196289,20261011,10,5
10,4,sub-21,1.6297675371170044,20261011,10,5
10,4,sub-21,1.080399751663208,20261011,10,5
10,4,sub-21,1.2682076692581177,20261011,10,5
10,4,sub-21,0.9289340972900391,20261011,10,5
10,4,sub-23,0.9859281778335571,20261011,10,5
10,4,sub-23,0.9536400437355042,20261011,10,5
10,4,sub-23,1.9682563543319702,20261011,10,5
10,4,sub-21,1.0223861932754517,20261011,10,5
10,4,sub-21,1.2104953527450562,20261011,10,5
10,4,sub-23,0.8861956000328064,20261011,10,5
10,4,sub-19,1.2441914081573486,20261011,10,5
10,4,sub-21,0.9739560484886169,20261011,10,5
10,4,sub-23,0.7677909731864929,20261011,10,5
10,4,sub-21,1.0749980211257935,20261011,10,5
10,4,sub-21,0.9812133312225342,20261011,10,5
10,4,sub-21,1.2945462465286255,20261011,10,5
10,4,sub-19,1.2537643909454346,20261011,10,5
10,4,sub-21,0.8092604279518127,20261011,10,5
10,4,sub-23,0.9736019968986511,20261011,10,5
10,4,sub-19,1.1490832567214966,20261011,10,5
10,4,sub-23,0.9572720527648926,20261011,10,5
10,4,sub-21,0.9219358563423157,20261011,10,5
10,4,sub-19,1.897236943244934,20261011,10,5
10,4,sub-21,1.0401031970977783,20261011,10,5
10,4,sub-23,0.9940552711486816,20261011,10,5
10,4,sub-19,1.7320901155471802,20261011,10,5
10,4,sub-19,0.9943179488182068,20261011,10,5
10,4,sub-23,1.1217572689056396,20261011,10,5
10,4,sub-23,2.185892105102539,20261011,10,5
10,4,sub-21,1.0067360401153564,20261011,10,5
10,4,sub-23,0.9307920336723328,20261011,10,5
10,4,sub-21,0.963434636592865,20261011,10,5
10,4,sub-23,1.4265540838241577,20261011,10,5
10,4,sub-19,1.0055750608444214,20261011,10,5
10,4,sub-19,1.773681402206421,20261011,10,5
10,4,sub-19,1.1543205976486206,20261011,10,5
10,4,sub-21,1.0305255651474,20261011,10,5
10,4,sub-19,1.050258994102478,20261011,10,5
10,4,sub-21,0.7532190084457397,20261011,10,5
10,4,sub-21,1.0045509338378906,20261011,10,5
10,4,sub-19,1.160807490348816,20261011,10,5
10,4,sub-21,1.0761797428131104,20261011,10,5
10,4,sub-23,1.094414234161377,20261011,10,5
10,4,sub-19,1.393264889717102,20261011,10,5
10,4,sub-23,0.9463925361633301,20261011,10,5
10,4,sub-21,0.9382138848304749,20261011,10,5
10,4,sub-19,1.0099564790725708,20261011,10,5
10,4,sub-19,0.9282001256942749,20261011,10,5
10,4,sub-21,1.0087502002716064,20261011,10,5
10,4,sub-23,1.6712000370025635,20261011,10,5
10,4,sub-21,1.0067583322525024,20261011,10,5
10,4,sub-19,1.0082846879959106,20261011,10,5
10,4,sub-19,1.3092039823532104,20261011,10,5
10,4,sub-19,1.1126090288162231,20261011,10,5
10,4,sub-19,1.5709166526794434,20261011,10,5
10,4,sub-21,1.6885986328125,20261011,10,5
10,4,sub-21,1.1330252885818481,20261011,10,5
10,4,sub-19,1.0304229259490967,20261011,10,5
10,4,sub-19,1.1422597169876099,20261011,10,5
10,4,sub-19,1.0104972124099731,20261011,10,5
10,4,sub-19,0.9577062129974365,20261011,10,5
10,4,sub-19,0.7355801463127136,20261011,10,5
10,4,sub-21,1.273733377456665,20261011,10,5
10,4,sub-23,1.640884518623352,20261011,10,5
10,4,sub-19,1.091238260269165,20261011,10,5
10,4,sub-21,0.9936584830284119,20261011,10,5
10,4,sub-19,0.9628124833106995,20261011,10,5
10,4,sub-21,0.8808562159538269,20261011,10,5
10,4,sub-23,1.9742528200149536,20261011,10,5
10,4,sub-19,1.8838189840316772,20261011,10,5
10,4,sub-19,1.203568696975708,20261011,10,5
10,4,sub-23,1.9951578378677368,20261011,10,5
10,4,sub-19,0.878919243812561,20261011,10,5
10,4,sub-19,1.004399299621582,20261011,10,5
10,4,sub-23,1.0577539205551147,20261011,10,5
10,4,sub-21,1.7163639068603516,20261011,10,5
10,4,sub-23,1.0065819025039673,20261011,10,5
30,4,sub-21,0.9686204195022583,20261011,30,15
30,4,sub-21,1.311910629272461,20261011,30,15
30,4,sub-23,1.1465730667114258,20261011,30,15
30,4,sub-21,0.9553238749504089,20261011,30,15
30,4,sub-19,1.4675530195236206,20261011,30,15
30,4,sub-21,1.0603275299072266,20261011,30,15
30,4,sub-19,0.9773725867271423,20261011,30,15
30,4,sub-21,1.1242181062698364,20261011,30,15
30,4,sub-19,0.9548256993293762,20261011,30,15
30,4,sub-19,0.8490355610847473,20261011,30,15
30,4,sub-21,1.980352759361267,20261011,30,15
30,4,sub-23,1.0760271549224854,20261011,30,15
30,4,sub-19,0.9906869530677795,20261011,30,15
30,4,sub-19,1.4238994121551514,20261011,30,15
30,4,sub-23,2.476820945739746,20261011,30,15
30,4,sub-21,0.9877141118049622,20261011,30,15
30,4,sub-23,2.1121199131011963,20261011,30,15
30,4,sub-21,0.8296509385108948,20261011,30,15
30,4,sub-21,1.14149808883667,20261011,30,15
30,4,sub-21,1.0106486082077026,20261011,30,15
30,4,sub-21,0.9961241483688354,20261011,30,15
30,4,sub-23,0.999779462814331,20261011,30,15
30,4,sub-23,1.0773189067840576,20261011,30,15
30,4,sub-19,1.0104689598083496,20261011,30,15
30,4,sub-21,1.2530643939971924,20261011,30,15
30,4,sub-21,1.2044620513916016,20261011,30,15
30,4,sub-19,1.8692378997802734,20261011,30,15
30,4,sub-19,1.1019186973571777,20261011,30,15
30,4,sub-19,0.8430593609809875,20261011,30,15
30,4,sub-23,2.02299427986145,20261011,30,15
30,4,sub-19,1.2452616691589355,20261011,30,15
30,4,sub-23,0.9195833802223206,20261011,30,15
30,4,sub-21,0.9585598707199097,20261011,30,15
30,4,sub-21,1.0001859664916992,20261011,30,15
30,4,sub-21,1.7518633604049683,20261011,30,15
30,4,sub-21,0.9814619421958923,20261011,30,15
30,4,sub-19,1.1523652076721191,20261011,30,15
30,4,sub-21,1.067209005355835,20261011,30,15
30,4,sub-23,0.8712450861930847,20261011,30,15
30,4,sub-19,1.085448980331421,20261011,30,15
30,4,sub-23,1.2081116437911987,20261011,30,15
30,4,sub-23,1.4421967267990112,20261011,30,15
30,4,sub-21,2.688431739807129,20261011,30,15
30,4,sub-23,0.8960824012756348,20261011,30,15
30,4,sub-21,0.958297610282898,20261011,30,15
30,4,sub-19,1.0400017499923706,20261011,30,15
30,4,sub-23,0.8314265012741089,20261011,30,15
30,4,sub-21,1.0393807888031006,20261011,30,15
30,4,sub-23,2.131469488143921,20261011,30,15
30,4,sub-21,0.9716693162918091,20261011,30,15
30,4,sub-19,1.2552363872528076,20261011,30,15
30,4,sub-21,0.9621118903160095,20261011,30,15
30,4,sub-21,1.1836539506912231,20261011,30,15
30,4,sub-19,1.1815190315246582,20261011,30,15
30,4,sub-19,0.9553022980690002,20261011,30,15
30,4,sub-21,0.9094106554985046,20261011,30,15
30,4,sub-23,1.972473382949829,20261011,30,15
30,4,sub-19,1.808001160621643,20261011,30,15
30,4,sub-19,1.526790976524353,20261011,30,15
30,4,sub-21,2.505924701690674,20261011,30,15
30,4,sub-21,0.9910091757774353,20261011,30,15
30,4,sub-21,2.127506732940674,20261011,30,15
30,4,sub-19,0.9584560394287109,20261011,30,15
30,4,sub-19,1.3873306512832642,20261011,30,15
30,4,sub-21,0.9401158094406128,20261011,30,15
30,4,sub-19,1.2756240367889404,20261011,30,15
30,4,sub-19,1.146599531173706,20261011,30,15
30,4,sub-19,1.1631159782409668,20261011,30,15
30,4,sub-19,0.9250622391700745,20261011,30,15
30,4,sub-23,1.5554100275039673,20261011,30,15
30,4,sub-23,1.0102171897888184,20261011,30,15
30,4,sub-19,1.5837901830673218,20261011,30,15
30,4,sub-23,0.9350637197494507,20261011,30,15
30,4,sub-23,0.8055761456489563,20261011,30,15
30,4,sub-19,1.1243304014205933,20261011,30,15
30,4,sub-23,0.7813534140586853,20261011,30,15
30,4,sub-19,1.1336570978164673,20261011,30,15
30,4,sub-21,0.9656509757041931,20261011,30,15
30,4,sub-21,0.9639517664909363,20261011,30,15
30,4,sub-19,1.0448365211486816,20261011,30,15
30,4,sub-23,0.8055045008659363,20261011,30,15
30,4,sub-19,0.9384390711784363,20261011,30,15
30,4,sub-19,1.095801591873169,20261011,30,15
30,4,sub-21,1.9640306234359741,20261011,30,15
30,4,sub-21,1.1730753183364868,20261011,30,15
30,4,sub-23,1.0005730390548706,20261011,30,15
30,4,sub-21,0.907421350479126,20261011,30,15
30,4,sub-23,1.2708048820495605,20261011,30,15
30,4,sub-23,0.9943481087684631,20261011,30,15
30,4,sub-21,0.9474527835845947,20261011,30,15
30,4,sub-23,1.1633573770523071,20261011,30,15
30,4,sub-23,1.0027567148208618,20261011,30,15
30,4,sub-19,1.300744652748108,20261011,30,15
30,4,sub-19,1.2370978593826294,20261011,30,15
30,4,sub-23,2.1650469303131104,20261011,30,15
30,4,sub-23,0.8604027032852173,20261011,30,15
30,4,sub-23,0.8842153549194336,20261011,30,15
30,4,sub-19,1.0642039775848389,20261011,30,15
30,4,sub-23,1.0650906562805176,20261011,30,15
30,4,sub-19,1.1068708896636963,20261011,30,15
30,4,sub-23,0.8938865661621094,20261011,30,15
30,4,sub-19,1.1207935810089111,20261011,30,15
30,4,sub-23,0.8013052940368652,20261011,30,15
30,4,sub-19,2.3314478397369385,20261011,30,15
30,4,sub-19,2.547363042831421,20261011,30,15
30,4,sub-23,0.8789560198783875,20261011,30,15
30,4,sub-19,1.5290491580963135,20261011,30,15
30,4,sub-23,0.9968769550323486,20261011,30,15
30,4,sub-19,1.5558624267578125,20261011,30,15
30,4,sub-21,0.9988158345222473,20261011,30,15
30,4,sub-23,0.8520193696022034,20261011,30,15
30,4,sub-21,1.3071250915527344,20261011,30,15
30,4,sub-21,1.0083688497543335,20261011,30,15
30,4,sub-19,1.001562237739563,20261011,30,15
30,4,sub-23,2.5907795429229736,20261011,30,15
30,4,sub-23,0.9821211099624634,20261011,30,15
30,4,sub-19,1.0941545963287354,20261011,30,15
30,4,sub-21,2.2383360862731934,20261011,30,15
30,4,sub-19,1.2313299179077148,20261011,30,15
30,4,sub-21,1.840179443359375,20261011,30,15
30,4,sub-21,0.9834415316581726,20261011,30,15
30,4,sub-21,1.9998763799667358,20261011,30,15
30,4,sub-19,1.6485607624053955,20261011,30,15
30,4,sub-21,1.703858494758606,20261011,30,15
30,4,sub-21,0.98018878698349,20261011,30,15
30,4,sub-23,0.8225380778312683,20261011,30,15
30,4,sub-19,1.5398401021957397,20261011,30,15
30,4,sub-23,1.235040307044983,20261011,30,15
30,4,sub-19,1.602279782295227,20261011,30,15
30,4,sub-21,0.9532304406166077,20261011,30,15
30,4,sub-19,1.0157456398010254,20261011,30,15
30,4,sub-21,1.108764410018921,20261011,30,15
30,4,sub-19,0.9956845045089722,20261011,30,15
30,4,sub-23,1.0772556066513062,20261011,30,15
30,4,sub-21,1.1072099208831787,20261011,30,15
30,4,sub-21,0.9553703665733337,20261011,30,15
30,4,sub-21,0.8515741229057312,20261011,30,15
30,4,sub-21,1.701149344444275,20261011,30,15
30,4,sub-23,1.9101327657699585,20261011,30,15
30,4,sub-19,1.2897571325302124,20261011,30,15
30,4,sub-23,1.7808992862701416,20261011,30,15
30,4,sub-21,1.1145048141479492,20261011,30,15
30,4,sub-23,0.8353484869003296,20261011,30,15
30,4,sub-19,1.4892199039459229,20261011,30,15
30,4,sub-19,1.3034449815750122,20261011,30,15
30,4,sub-21,0.8122968077659607,20261011,30,15
30,4,sub-21,0.8824467062950134,20261011,30,15
30,4,sub-19,1.7612769603729248,20261011,30,15
30,4,sub-23,0.9224663972854614,20261011,30,15
30,4,sub-21,1.122814416885376,20261011,30,15
30,4,sub-23,1.0622384548187256,20261011,30,15
30,4,sub-21,0.9001831412315369,20261011,30,15
30,4,sub-19,0.9492987394332886,20261011,30,15
30,4,sub-19,1.3513654470443726,20261011,30,15
30,4,sub-21,1.708787441253662,20261011,30,15
30,4,sub-19,1.5572807788848877,20261011,30,15
30,4,sub-21,0.9607016444206238,20261011,30,15
30,4,sub-21,0.8551987409591675,20261011,30,15
30,4,sub-23,0.9884160161018372,20261011,30,15
30,4,sub-21,1.4799585342407227,20261011,30,15
30,4,sub-21,0.8597557544708252,20261011,30,15
30,4,sub-23,2.0665371417999268,20261011,30,15
30,4,sub-23,0.8729771375656128,20261011,30,15
30,4,sub-19,0.8789802193641663,20261011,30,15
30,4,sub-19,0.7774850726127625,20261011,30,15
30,4,sub-19,1.1127110719680786,20261011,30,15
30,4,sub-23,1.0091300010681152,20261011,30,15
30,4,sub-21,1.402499794960022,20261011,30,15
30,4,sub-23,1.338860273361206,20261011,30,15
30,4,sub-23,1.3637982606887817,20261011,30,15
30,4,sub-21,0.9825095534324646,20261011,30,15
30,4,sub-21,0.9927860498428345,20261011,30,15
30,4,sub-23,1.2746027708053589,20261011,30,15
30,4,sub-23,2.4535112380981445,20261011,30,15
30,4,sub-19,1.4441337585449219,20261011,30,15
30,4,sub-23,0.8721001148223877,20261011,30,15
30,4,sub-21,1.0055153369903564,20261011,30,15
30,4,sub-19,1.3033491373062134,20261011,30,15
30,4,sub-19,1.0365320444107056,20261011,30,15
30,4,sub-19,0.9923460483551025,20261011,30,15
30,4,sub-19,0.9997619390487671,20261011,30,15
30,4,sub-23,1.9169046878814697,20261011,30,15
30,4,sub-21,1.0367790460586548,20261011,30,15
30,4,sub-19,1.1195976734161377,20261011,30,15
30,4,sub-19,1.477758526802063,20261011,30,15
30,4,sub-23,1.2247968912124634,20261011,30,15
30,4,sub-23,0.8601330518722534,20261011,30,15
30,4,sub-21,1.0184221267700195,20261011,30,15
30,4,sub-21,1.6093016862869263,20261011,30,15
30,4,sub-19,1.3768653869628906,20261011,30,15
30,4,sub-19,1.0023298263549805,20261011,30,15
30,4,sub-21,1.004152536392212,20261011,30,15
30,4,sub-19,1.0626963376998901,20261011,30,15
30,4,sub-23,1.0407750606536865,20261011,30,15
30,4,sub-19,1.4626142978668213,20261011,30,15
30,4,sub-23,0.859362781047821,20261011,30,15
30,4,sub-23,1.0910229682922363,20261011,30,15
30,4,sub-23,1.1198745965957642,20261011,30,15
30,4,sub-23,0.9664867520332336,20261011,30,15
30,4,sub-21,0.8707001805305481,20261011,30,15
30,4,sub-21,0.9526246786117554,20261011,30,15
30,4,sub-19,1.0067871809005737,20261011,30,15
30,4,sub-23,1.2155455350875854,20261011,30,15
30,4,sub-21,1.4488729238510132,20261011,30,15
30,4,sub-21,1.016221523284912,20261011,30,15
30,4,sub-19,0.8971704840660095,20261011,30,15
30,4,sub-21,1.0333868265151978,20261011,30,15
30,4,sub-23,0.9713279604911804,20261011,30,15
30,4,sub-21,2.8149025440216064,20261011,30,15
30,4,sub-19,1.2001419067382812,20261011,30,15
30,4,sub-23,1.2595664262771606,20261011,30,15
30,4,sub-21,0.9888128042221069,20261011,30,15
30,4,sub-19,0.9776995778083801,20261011,30,15
30,4,sub-21,2.131347894668579,20261011,30,15
30,4,sub-21,0.8661941289901733,20261011,30,15
30,4,sub-23,1.1656028032302856,20261011,30,15
30,4,sub-19,1.0005797147750854,20261011,30,15
30,4,sub-19,2.134608030319214,20261011,30,15
30,4,sub-21,1.232229232788086,20261011,30,15
30,4,sub-19,0.8678571581840515,20261011,30,15
30,4,sub-23,1.3455448150634766,20261011,30,15
30,4,sub-19,1.0489323139190674,20261011,30,15
30,4,sub-21,1.1702289581298828,20261011,30,15
30,4,sub-19,0.9840639233589172,20261011,30,15
30,4,sub-23,1.0004533529281616,20261011,30,15
30,4,sub-19,1.0735622644424438,20261011,30,15
30,4,sub-23,1.087384581565857,20261011,30,15
30,4,sub-19,1.064108967781067,20261011,30,15
30,4,sub-19,1.5395996570587158,20261011,30,15
30,4,sub-19,0.9718570709228516,20261011,30,15
30,4,sub-23,1.4265508651733398,20261011,30,15
30,4,sub-19,1.005401611328125,20261011,30,15
30,4,sub-21,1.1227751970291138,20261011,30,15
30,4,sub-19,0.9829164147377014,20261011,30,15
30,4,sub-19,1.0229096412658691,20261011,30,15
30,4,sub-21,0.967810332775116,20261011,30,15
30,4,sub-23,1.0659092664718628,20261011,30,15
30,4,sub-19,1.8836138248443604,20261011,30,15
30,4,sub-21,1.1282341480255127,20261011,30,15
30,4,sub-23,1.0938254594802856,20261011,30,15
30,4,sub-23,1.2263597249984741,20261011,30,15
30,4,sub-21,0.925612211227417,20261011,30,15
30,4,sub-21,1.0149537324905396,20261011,30,15
30,4,sub-21,1.1680554151535034,20261011,30,15
30,4,sub-21,1.0338095426559448,20261011,30,15
30,4,sub-21,0.848221480846405,20261011,30,15
30,4,sub-21,1.00255286693573,20261011,30,15
30,4,sub-19,0.9068477749824524,20261011,30,15
30,4,sub-19,1.0599945783615112,20261011,30,15
30,4,sub-21,1.0134087800979614,20261011,30,15
30,4,sub-21,1.1316050291061401,20261011,30,15
30,4,sub-21,1.1969221830368042,20261011,30,15
30,4,sub-21,0.9521886110305786,20261011,30,15
30,4,sub-21,0.940815806388855,20261011,30,15
30,4,sub-19,0.8508313298225403,20261011,30,15
30,4,sub-19,0.9901431798934937,20261011,30,15
30,4,sub-19,1.1990197896957397,20261011,30,15
30,4,sub-19,0.9320381879806519,20261011,30,15
30,4,sub-19,0.9839454293251038,20261011,30,15
30,4,sub-21,0.9149295687675476,20261011,30,15
30,4,sub-19,1.051203727722168,20261011,30,15
30,4,sub-23,1.3786952495574951,20261011,30,15
30,4,sub-19,0.9861437082290649,20261011,30,15
30,4,sub-19,1.0331811904907227,20261011,30,15
30,4,sub-23,0.9501824975013733,20261011,30,15
30,4,sub-19,1.643071174621582,20261011,30,15
30,4,sub-21,1.6778613328933716,20261011,30,15
30,4,sub-21,0.9692294597625732,20261011,30,15
30,4,sub-21,1.13546884059906,20261011,30,15
30,4,sub-21,1.0136924982070923,20261011,30,15
30,4,sub-23,0.9199212789535522,20261011,30,15
30,4,sub-23,1.0119153261184692,20261011,30,15
30,4,sub-19,0.8640232086181641,20261011,30,15
30,4,sub-21,0.9937041401863098,20261011,30,15
30,4,sub-19,1.6030488014221191,20261011,30,15
30,4,sub-19,1.159152626991272,20261011,30,15
30,4,sub-23,1.233685851097107,20261011,30,15
30,4,sub-19,1.545239806175232,20261011,30,15
30,4,sub-19,1.425510048866272,20261011,30,15
30,4,sub-21,0.9655553698539734,20261011,30,15
30,4,sub-19,0.8335028290748596,20261011,30,15
30,4,sub-21,0.8649802803993225,20261011,30,15
30,4,sub-19,1.0896047353744507,20261011,30,15
30,4,sub-19,2.1541295051574707,20261011,30,15
30,4,sub-19,0.7903991937637329,20261011,30,15
30,4,sub-19,2.0485591888427734,20261011,30,15
30,4,sub-19,0.9440664052963257,20261011,30,15
30,4,sub-23,0.9201465845108032,20261011,30,15
30,4,sub-21,0.9618265628814697,20261011,30,15
30,4,sub-21,1.618776798248291,20261011,30,15
30,4,sub-21,1.0208256244659424,20261011,30,15
30,4,sub-23,0.943515419960022,20261011,30,15
30,4,sub-21,2.6055901050567627,20261011,30,15
30,4,sub-23,1.1910512447357178,20261011,30,15
30,4,sub-23,0.9153549671173096,20261011,30,15
30,4,sub-19,0.9923574924468994,20261011,30,15
30,4,sub-19,2.0206637382507324,20261011,30,15
30,4,sub-21,0.9936298131942749,20261011,30,15
30,4,sub-19,0.9992257952690125,20261011,30,15
30,4,sub-19,1.3433341979980469,20261011,30,15
30,4,sub-23,1.2053163051605225,20261011,30,15
30,4,sub-19,1.2343748807907104,20261011,30,15
30,4,sub-21,1.470039963722229,20261011,30,15
30,4,sub-21,1.0223698616027832,20261011,30,15
30,4,sub-19,1.087755560874939,20261011,30,15
30,4,sub-23,1.0213119983673096,20261011,30,15
30,4,sub-21,1.07429838180542,20261011,30,15
30,4,sub-21,1.6281890869140625,20261011,30,15
30,4,sub-21,1.07855224609375,20261011,30,15
30,4,sub-21,1.2677260637283325,20261011,30,15
30,4,sub-21,0.9314925074577332,20261011,30,15
30,4,sub-23,0.9802644848823547,20261011,30,15
30,4,sub-23,0.9506807923316956,20261011,30,15
30,4,sub-23,1.9673843383789062,20261011,30,15
30,4,sub-21,1.0241633653640747,20261011,30,15
30,4,sub-21,1.2109252214431763,20261011,30,15
30,4,sub-23,0.8831177949905396,20261011,30,15
30,4,sub-19,1.245566964149475,20261011,30,15
30,4,sub-21,0.9727901816368103,20261011,30,15
30,4,sub-23,0.7682505249977112,20261011,30,15
30,4,sub-21,1.0748263597488403,20261011,30,15
30,4,sub-21,0.9826560616493225,20261011,30,15
30,4,sub-21,1.2947202920913696,20261011,30,15
30,4,sub-19,1.2554506063461304,20261011,30,15
30,4,sub-21,0.8184198141098022,20261011,30,15
30,4,sub-23,0.9685646891593933,20261011,30,15
30,4,sub-19,1.149667739868164,20261011,30,15
30,4,sub-23,0.9519768953323364,20261011,30,15
30,4,sub-21,0.9251968860626221,20261011,30,15
30,4,sub-19,1.9886260032653809,20261011,30,15
30,4,sub-21,1.0452497005462646,20261011,30,15
30,4,sub-23,0.994660496711731,20261011,30,15
30,4,sub-19,1.729842185974121,20261011,30,15
30,4,sub-19,0.9954956769943237,20261011,30,15
30,4,sub-23,1.1212023496627808,20261011,30,15
30,4,sub-23,2.182797431945801,20261011,30,15
30,4,sub-21,1.0067120790481567,20261011,30,15
30,4,sub-23,0.9254820942878723,20261011,30,15
30,4,sub-21,0.9700528979301453,20261011,30,15
30,4,sub-23,1.4263461828231812,20261011,30,15
30,4,sub-19,1.0070909261703491,20261011,30,15
30,4,sub-19,1.7624377012252808,20261011,30,15
30,4,sub-19,1.1535640954971313,20261011,30,15
30,4,sub-21,1.027212381362915,20261011,30,15
30,4,sub-19,1.0512430667877197,20261011,30,15
30,4,sub-21,0.7647126317024231,20261011,30,15
30,4,sub-21,1.0052682161331177,20261011,30,15
30,4,sub-19,1.2054413557052612,20261011,30,15
30,4,sub-21,1.0890928506851196,20261011,30,15
30,4,sub-23,1.093501329421997,20261011,30,15
30,4,sub-19,1.3940346240997314,20261011,30,15
30,4,sub-23,0.9466179609298706,20261011,30,15
30,4,sub-21,0.9349300265312195,20261011,30,15
30,4,sub-19,1.0131285190582275,20261011,30,15
30,4,sub-19,0.9269569516181946,20261011,30,15
30,4,sub-21,1.007062554359436,20261011,30,15
30,4,sub-23,1.6722686290740967,20261011,30,15
30,4,sub-21,1.0094184875488281,20261011,30,15
30,4,sub-19,1.0106271505355835,20261011,30,15
30,4,sub-19,1.3438289165496826,20261011,30,15
30,4,sub-19,1.11617112159729,20261011,30,15
30,4,sub-19,1.57097327709198,20261011,30,15
30,4,sub-21,1.6963664293289185,20261011,30,15
30,4,sub-21,1.135349988937378,20261011,30,15
30,4,sub-19,1.0271939039230347,20261011,30,15
30,4,sub-19,1.1427944898605347,20261011,30,15
30,4,sub-19,1.009055733680725,20261011,30,15
30,4,sub-19,0.9552038908004761,20261011,30,15
30,4,sub-19,0.7341058850288391,20261011,30,15
30,4,sub-21,1.2718747854232788,20261011,30,15
30,4,sub-23,1.6427146196365356,20261011,30,15
30,4,sub-19,1.093881607055664,20261011,30,15
30,4,sub-21,0.9944280385971069,20261011,30,15
30,4,sub-19,0.9587578177452087,20261011,30,15
30,4,sub-21,0.8708922266960144,20261011,30,15
30,4,sub-23,1.9741108417510986,20261011,30,15
30,4,sub-19,1.8885324001312256,20261011,30,15
30,4,sub-19,1.2061325311660767,20261011,30,15
30,4,sub-23,1.9953891038894653,20261011,30,15
30,4,sub-19,0.8822916150093079,20261011,30,15
30,4,sub-19,1.0029833316802979,20261011,30,15
30,4,sub-23,1.058406114578247,20261011,30,15
30,4,sub-21,1.7146615982055664,20261011,30,15
30,4,sub-23,1.0053282976150513,20261011,30,15
