participant,protocol,late_steps,w_max,center,artifact_rrmse,weight_min,weight_median,weight_max,fraction_steps_gt_0_10,fraction_steps_gt_0_25,fraction_steps_gt_0_50,fraction_steps_gt_0_90,evaluator_only
1,same_01,0,0.0,zero,0.3311431905035254,0,0,0,0,0,0,0,1
1,same_01,0,0.0,support,0.3311431905035254,0,0,0,0,0,0,0,1
1,same_01,0,0.0,wrong,0.3311431905035254,0,0,0,0,0,0,0,1
1,same_01,0,0.0,oracle,0.3311431905035254,0,0,0,0,0,0,0,1
1,same_01,1,0.05,zero,0.33113030933953447,4.1306015191366896e-05,4.1306015191366896e-05,4.1306015191366896e-05,0.0,0.0,0.0,0.0,1
1,same_01,1,0.05,support,0.3311280762413373,4.1306015191366896e-05,4.1306015191366896e-05,4.1306015191366896e-05,0.0,0.0,0.0,0.0,1
1,same_01,1,0.05,wrong,0.33113186161511055,4.1306015191366896e-05,4.1306015191366896e-05,4.1306015191366896e-05,0.0,0.0,0.0,0.0,1
1,same_01,1,0.05,oracle,0.33112785837809855,4.1306015191366896e-05,4.1306015191366896e-05,4.1306015191366896e-05,0.0,0.0,0.0,0.0,1
1,same_01,1,0.1,zero,0.33113030933953447,4.1306015191366896e-05,4.1306015191366896e-05,4.1306015191366896e-05,0.0,0.0,0.0,0.0,1
1,same_01,1,0.1,support,0.3311280762413373,4.1306015191366896e-05,4.1306015191366896e-05,4.1306015191366896e-05,0.0,0.0,0.0,0.0,1
1,same_01,1,0.1,wrong,0.33113186161511055,4.1306015191366896e-05,4.1306015191366896e-05,4.1306015191366896e-05,0.0,0.0,0.0,0.0,1
1,same_01,1,0.1,oracle,0.33112785837809855,4.1306015191366896e-05,4.1306015191366896e-05,4.1306015191366896e-05,0.0,0.0,0.0,0.0,1
1,same_01,1,0.25,zero,0.33113030933953447,4.1306015191366896e-05,4.1306015191366896e-05,4.1306015191366896e-05,0.0,0.0,0.0,0.0,1
1,same_01,1,0.25,support,0.3311280762413373,4.1306015191366896e-05,4.1306015191366896e-05,4.1306015191366896e-05,0.0,0.0,0.0,0.0,1
1,same_01,1,0.25,wrong,0.33113186161511055,4.1306015191366896e-05,4.1306015191366896e-05,4.1306015191366896e-05,0.0,0.0,0.0,0.0,1
1,same_01,1,0.25,oracle,0.33112785837809855,4.1306015191366896e-05,4.1306015191366896e-05,4.1306015191366896e-05,0.0,0.0,0.0,0.0,1
1,same_01,3,0.05,zero,0.326768169874616,4.1306015191366896e-05,0.006148516666144133,0.020261229947209358,0.0,0.0,0.0,0.0,1
1,same_01,3,0.05,support,0.325788629520302,4.1306015191366896e-05,0.006148516666144133,0.020261229947209358,0.0,0.0,0.0,0.0,1
1,same_01,3,0.05,wrong,0.32725188073044525,4.1306015191366896e-05,0.006148516666144133,0.020261229947209358,0.0,0.0,0.0,0.0,1
1,same_01,3,0.05,oracle,0.3262124824512854,4.1306015191366896e-05,0.006148516666144133,0.020261229947209358,0.0,0.0,0.0,0.0,1
1,same_01,3,0.1,zero,0.326768169874616,4.1306015191366896e-05,0.006148516666144133,0.020261229947209358,0.0,0.0,0.0,0.0,1
1,same_01,3,0.1,support,0.325788629520302,4.1306015191366896e-05,0.006148516666144133,0.020261229947209358,0.0,0.0,0.0,0.0,1
1,same_01,3,0.1,wrong,0.32725188073044525,4.1306015191366896e-05,0.006148516666144133,0.020261229947209358,0.0,0.0,0.0,0.0,1
1,same_01,3,0.1,oracle,0.3262124824512854,4.1306015191366896e-05,0.006148516666144133,0.020261229947209358,0.0,0.0,0.0,0.0,1
1,same_01,3,0.25,zero,0.326768169874616,4.1306015191366896e-05,0.006148516666144133,0.020261229947209358,0.0,0.0,0.0,0.0,1
1,same_01,3,0.25,support,0.325788629520302,4.1306015191366896e-05,0.006148516666144133,0.020261229947209358,0.0,0.0,0.0,0.0,1
1,same_01,3,0.25,wrong,0.32725188073044525,4.1306015191366896e-05,0.006148516666144133,0.020261229947209358,0.0,0.0,0.0,0.0,1
1,same_01,3,0.25,oracle,0.3262124824512854,4.1306015191366896e-05,0.006148516666144133,0.020261229947209358,0.0,0.0,0.0,0.0,1
1,same_01,5,0.05,zero,0.3174038359822435,4.1306015191366896e-05,0.020261229947209358,0.05000000074505806,0.0,0.0,0.0,0.0,1
1,same_01,5,0.05,support,0.315228117515586,4.1306015191366896e-05,0.020261229947209358,0.05000000074505806,0.0,0.0,0.0,0.0,1
1,same_01,5,0.05,wrong,0.31862956179634216,4.1306015191366896e-05,0.020261229947209358,0.05000000074505806,0.0,0.0,0.0,0.0,1
1,same_01,5,0.05,oracle,0.3160696415081533,4.1306015191366896e-05,0.020261229947209358,0.05000000074505806,0.0,0.0,0.0,0.0,1
1,same_01,5,0.1,zero,0.31539870443152535,4.1306015191366896e-05,0.020261229947209358,0.07239992171525955,0.0,0.0,0.0,0.0,1
1,same_01,5,0.1,support,0.3130163426829158,4.1306015191366896e-05,0.020261229947209358,0.07239992171525955,0.0,0.0,0.0,0.0,1
1,same_01,5,0.1,wrong,0.3167920215420306,4.1306015191366896e-05,0.020261229947209358,0.07239992171525955,0.0,0.0,0.0,0.0,1
1,same_01,5,0.1,oracle,0.3139028009684748,4.1306015191366896e-05,0.020261229947209358,0.07239992171525955,0.0,0.0,0.0,0.0,1
1,same_01,5,0.25,zero,0.31539870443152535,4.1306015191366896e-05,0.020261229947209358,0.07239992171525955,0.0,0.0,0.0,0.0,1
1,same_01,5,0.25,support,0.3130163426829158,4.1306015191366896e-05,0.020261229947209358,0.07239992171525955,0.0,0.0,0.0,0.0,1
1,same_01,5,0.25,wrong,0.3167920215420306,4.1306015191366896e-05,0.020261229947209358,0.07239992171525955,0.0,0.0,0.0,0.0,1
1,same_01,5,0.25,oracle,0.3139028009684748,4.1306015191366896e-05,0.020261229947209358,0.07239992171525955,0.0,0.0,0.0,0.0,1
1,same_03,0,0.0,zero,0.7210172166184422,0,0,0,0,0,0,0,1
1,same_03,0,0.0,support,0.7210172166184422,0,0,0,0,0,0,0,1
1,same_03,0,0.0,wrong,0.7210172166184422,0,0,0,0,0,0,0,1
1,same_03,0,0.0,oracle,0.7210172166184422,0,0,0,0,0,0,0,1
1,same_03,1,0.05,zero,0.7210316284485264,4.1306015191366896e-05,4.1306015191366896e-05,4.1306015191366896e-05,0.0,0.0,0.0,0.0,1
1,same_03,1,0.05,support,0.7209925445142653,4.1306015191366896e-05,4.1306015191366896e-05,4.1306015191366896e-05,0.0,0.0,0.0,0.0,1
1,same_03,1,0.05,wrong,0.7210386267857689,4.1306015191366896e-05,4.1306015191366896e-05,4.1306015191366896e-05,0.0,0.0,0.0,0.0,1
1,same_03,1,0.05,oracle,0.7209895198091859,4.1306015191366896e-05,4.1306015191366896e-05,4.1306015191366896e-05,0.0,0.0,0.0,0.0,1
1,same_03,1,0.1,zero,0.7210316284485264,4.1306015191366896e-05,4.1306015191366896e-05,4.1306015191366896e-05,0.0,0.0,0.0,0.0,1
1,same_03,1,0.1,support,0.7209925445142653,4.1306015191366896e-05,4.1306015191366896e-05,4.1306015191366896e-05,0.0,0.0,0.0,0.0,1
1,same_03,1,0.1,wrong,0.7210386267857689,4.1306015191366896e-05,4.1306015191366896e-05,4.1306015191366896e-05,0.0,0.0,0.0,0.0,1
1,same_03,1,0.1,oracle,0.7209895198091859,4.1306015191366896e-05,4.1306015191366896e-05,4.1306015191366896e-05,0.0,0.0,0.0,0.0,1
1,same_03,1,0.25,zero,0.7210316284485264,4.1306015191366896e-05,4.1306015191366896e-05,4.1306015191366896e-05,0.0,0.0,0.0,0.0,1
1,same_03,1,0.25,support,0.7209925445142653,4.1306015191366896e-05,4.1306015191366896e-05,4.1306015191366896e-05,0.0,0.0,0.0,0.0,1
1,same_03,1,0.25,wrong,0.7210386267857689,4.1306015191366896e-05,4.1306015191366896e-05,4.1306015191366896e-05,0.0,0.0,0.0,0.0,1
1,same_03,1,0.25,oracle,0.7209895198091859,4.1306015191366896e-05,4.1306015191366896e-05,4.1306015191366896e-05,0.0,0.0,0.0,0.0,1
1,same_03,3,0.05,zero,0.7248157124266603,4.1306015191366896e-05,0.006148516666144133,0.020261229947209358,0.0,0.0,0.0,0.0,1
1,same_03,3,0.05,support,0.7120818226583513,4.1306015191366896e-05,0.006148516666144133,0.020261229947209358,0.0,0.0,0.0,0.0,1
1,same_03,3,0.05,wrong,0.7273787644798081,4.1306015191366896e-05,0.006148516666144133,0.020261229947209358,0.0,0.0,0.0,0.0,1
1,same_03,3,0.05,oracle,0.7109745433675269,4.1306015191366896e-05,0.006148516666144133,0.020261229947209358,0.0,0.0,0.0,0.0,1
1,same_03,3,0.1,zero,0.7248157124266603,4.1306015191366896e-05,0.006148516666144133,0.020261229947209358,0.0,0.0,0.0,0.0,1
1,same_03,3,0.1,support,0.7120818226583513,4.1306015191366896e-05,0.006148516666144133,0.020261229947209358,0.0,0.0,0.0,0.0,1
1,same_03,3,0.1,wrong,0.7273787644798081,4.1306015191366896e-05,0.006148516666144133,0.020261229947209358,0.0,0.0,0.0,0.0,1
1,same_03,3,0.1,oracle,0.7109745433675269,4.1306015191366896e-05,0.006148516666144133,0.020261229947209358,0.0,0.0,0.0,0.0,1
1,same_03,3,0.25,zero,0.7248157124266603,4.1306015191366896e-05,0.006148516666144133,0.020261229947209358,0.0,0.0,0.0,0.0,1
1,same_03,3,0.25,support,0.7120818226583513,4.1306015191366896e-05,0.006148516666144133,0.020261229947209358,0.0,0.0,0.0,0.0,1
1,same_03,3,0.25,wrong,0.7273787644798081,4.1306015191366896e-05,0.006148516666144133,0.020261229947209358,0.0,0.0,0.0,0.0,1
1,same_03,3,0.25,oracle,0.7109745433675269,4.1306015191366896e-05,0.006148516666144133,0.020261229947209358,0.0,0.0,0.0,0.0,1
1,same_03,5,0.05,zero,0.7306052944883095,4.1306015191366896e-05,0.020261229947209358,0.05000000074505806,0.0,0.0,0.0,0.0,1
1,same_03,5,0.05,support,0.6969659479860582,4.1306015191366896e-05,0.020261229947209358,0.05000000074505806,0.0,0.0,0.0,0.0,1
1,same_03,5,0.05,wrong,0.737723611698948,4.1306015191366896e-05,0.020261229947209358,0.05000000074505806,0.0,0.0,0.0,0.0,1
1,same_03,5,0.05,oracle,0.6940507846769048,4.1306015191366896e-05,0.020261229947209358,0.05000000074505806,0.0,0.0,0.0,0.0,1
1,same_03,5,0.1,zero,0.7319843820806791,4.1306015191366896e-05,0.020261229947209358,0.07239992171525955,0.0,0.0,0.0,0.0,1
1,same_03,5,0.1,support,0.6938426137979121,4.1306015191366896e-05,0.020261229947209358,0.07239992171525955,0.0,0.0,0.0,0.0,1
1,same_03,5,0.1,wrong,0.7401774778295244,4.1306015191366896e-05,0.020261229947209358,0.07239992171525955,0.0,0.0,0.0,0.0,1
1,same_03,5,0.1,oracle,0.6905447363343029,4.1306015191366896e-05,0.020261229947209358,0.07239992171525955,0.0,0.0,0.0,0.0,1
1,same_03,5,0.25,zero,0.7319843820806791,4.1306015191366896e-05,0.020261229947209358,0.07239992171525955,0.0,0.0,0.0,0.0,1
1,same_03,5,0.25,support,0.6938426137979121,4.1306015191366896e-05,0.020261229947209358,0.07239992171525955,0.0,0.0,0.0,0.0,1
1,same_03,5,0.25,wrong,0.7401774778295244,4.1306015191366896e-05,0.020261229947209358,0.07239992171525955,0.0,0.0,0.0,0.0,1
1,same_03,5,0.25,oracle,0.6905447363343029,4.1306015191366896e-05,0.020261229947209358,0.07239992171525955,0.0,0.0,0.0,0.0,1
2,same_01,0,0.0,zero,0.3171972859458865,0,0,0,0,0,0,0,1
2,same_01,0,0.0,support,0.3171972859458865,0,0,0,0,0,0,0,1
2,same_01,0,0.0,wrong,0.3171972859458865,0,0,0,0,0,0,0,1
2,same_01,0,0.0,oracle,0.3171972859458865,0,0,0,0,0,0,0,1
2,same_01,1,0.05,zero,0.31718969777358574,4.1306015191366896e-05,4.1306015191366896e-05,4.1306015191366896e-05,0.0,0.0,0.0,0.0,1
2,same_01,1,0.05,support,0.31718504938989156,4.1306015191366896e-05,4.1306015191366896e-05,4.1306015191366896e-05,0.0,0.0,0.0,0.0,1
2,same_01,1,0.05,wrong,0.3171922606662171,4.1306015191366896e-05,4.1306015191366896e-05,4.1306015191366896e-05,0.0,0.0,0.0,0.0,1
2,same_01,1,0.05,oracle,0.31718429559794115,4.1306015191366896e-05,4.1306015191366896e-05,4.1306015191366896e-05,0.0,0.0,0.0,0.0,1
2,same_01,1,0.1,zero,0.31718969777358574,4.1306015191366896e-05,4.1306015191366896e-05,4.1306015191366896e-05,0.0,0.0,0.0,0.0,1
2,same_01,1,0.1,support,0.31718504938989156,4.1306015191366896e-05,4.1306015191366896e-05,4.1306015191366896e-05,0.0,0.0,0.0,0.0,1
2,same_01,1,0.1,wrong,0.3171922606662171,4.1306015191366896e-05,4.1306015191366896e-05,4.1306015191366896e-05,0.0,0.0,0.0,0.0,1
2,same_01,1,0.1,oracle,0.31718429559794115,4.1306015191366896e-05,4.1306015191366896e-05,4.1306015191366896e-05,0.0,0.0,0.0,0.0,1
2,same_01,1,0.25,zero,0.31718969777358574,4.1306015191366896e-05,4.1306015191366896e-05,4.1306015191366896e-05,0.0,0.0,0.0,0.0,1
2,same_01,1,0.25,support,0.31718504938989156,4.1306015191366896e-05,4.1306015191366896e-05,4.1306015191366896e-05,0.0,0.0,0.0,0.0,1
2,same_01,1,0.25,wrong,0.3171922606662171,4.1306015191366896e-05,4.1306015191366896e-05,4.1306015191366896e-05,0.0,0.0,0.0,0.0,1
2,same_01,1,0.25,oracle,0.31718429559794115,4.1306015191366896e-05,4.1306015191366896e-05,4.1306015191366896e-05,0.0,0.0,0.0,0.0,1
2,same_01,3,0.05,zero,0.3144805443774355,4.1306015191366896e-05,0.006148516666144133,0.020261229947209358,0.0,0.0,0.0,0.0,1
2,same_01,3,0.05,support,0.31249631269998873,4.1306015191366896e-05,0.006148516666144133,0.020261229947209358,0.0,0.0,0.0,0.0,1
2,same_01,3,0.05,wrong,0.3158225201867397,4.1306015191366896e-05,0.006148516666144133,0.020261229947209358,0.0,0.0,0.0,0.0,1
2,same_01,3,0.05,oracle,0.31251827317214387,4.1306015191366896e-05,0.006148516666144133,0.020261229947209358,0.0,0.0,0.0,0.0,1
2,same_01,3,0.1,zero,0.3144805443774355,4.1306015191366896e-05,0.006148516666144133,0.020261229947209358,0.0,0.0,0.0,0.0,1
2,same_01,3,0.1,support,0.31249631269998873,4.1306015191366896e-05,0.006148516666144133,0.020261229947209358,0.0,0.0,0.0,0.0,1
2,same_01,3,0.1,wrong,0.3158225201867397,4.1306015191366896e-05,0.006148516666144133,0.020261229947209358,0.0,0.0,0.0,0.0,1
2,same_01,3,0.1,oracle,0.31251827317214387,4.1306015191366896e-05,0.006148516666144133,0.020261229947209358,0.0,0.0,0.0,0.0,1
2,same_01,3,0.25,zero,0.3144805443774355,4.1306015191366896e-05,0.006148516666144133,0.020261229947209358,0.0,0.0,0.0,0.0,1
2,same_01,3,0.25,support,0.31249631269998873,4.1306015191366896e-05,0.006148516666144133,0.020261229947209358,0.0,0.0,0.0,0.0,1
2,same_01,3,0.25,wrong,0.3158225201867397,4.1306015191366896e-05,0.006148516666144133,0.020261229947209358,0.0,0.0,0.0,0.0,1
2,same_01,3,0.25,oracle,0.31251827317214387,4.1306015191366896e-05,0.006148516666144133,0.020261229947209358,0.0,0.0,0.0,0.0,1
2,same_01,5,0.05,zero,0.30892964558105895,4.1306015191366896e-05,0.020261229947209358,0.05000000074505806,0.0,0.0,0.0,0.0,1
2,same_01,5,0.05,support,0.3030581339417772,4.1306015191366896e-05,0.020261229947209358,0.05000000074505806,0.0,0.0,0.0,0.0,1
2,same_01,5,0.05,wrong,0.3136197390964725,4.1306015191366896e-05,0.020261229947209358,0.05000000074505806,0.0,0.0,0.0,0.0,1
2,same_01,5,0.05,oracle,0.30330743806617416,4.1306015191366896e-05,0.020261229947209358,0.05000000074505806,0.0,0.0,0.0,0.0,1
2,same_01,5,0.1,zero,0.3077553633543213,4.1306015191366896e-05,0.020261229947209358,0.07239992171525955,0.0,0.0,0.0,0.0,1
2,same_01,5,0.1,support,0.30109023442325594,4.1306015191366896e-05,0.020261229947209358,0.07239992171525955,0.0,0.0,0.0,0.0,1
2,same_01,5,0.1,wrong,0.31320286702150074,4.1306015191366896e-05,0.020261229947209358,0.07239992171525955,0.0,0.0,0.0,0.0,1
2,same_01,5,0.1,oracle,0.30135554406339976,4.1306015191366896e-05,0.020261229947209358,0.07239992171525955,0.0,0.0,0.0,0.0,1
2,same_01,5,0.25,zero,0.3077553633543213,4.1306015191366896e-05,0.020261229947209358,0.07239992171525955,0.0,0.0,0.0,0.0,1
2,same_01,5,0.25,support,0.30109023442325594,4.1306015191366896e-05,0.020261229947209358,0.07239992171525955,0.0,0.0,0.0,0.0,1
2,same_01,5,0.25,wrong,0.31320286702150074,4.1306015191366896e-05,0.020261229947209358,0.07239992171525955,0.0,0.0,0.0,0.0,1
2,same_01,5,0.25,oracle,0.30135554406339976,4.1306015191366896e-05,0.020261229947209358,0.07239992171525955,0.0,0.0,0.0,0.0,1
2,same_02,0,0.0,zero,0.40133069051037895,0,0,0,0,0,0,0,1
2,same_02,0,0.0,support,0.40133069051037895,0,0,0,0,0,0,0,1
2,same_02,0,0.0,wrong,0.40133069051037895,0,0,0,0,0,0,0,1
2,same_02,0,0.0,oracle,0.40133069051037895,0,0,0,0,0,0,0,1
2,same_02,1,0.05,zero,0.40131846620265105,4.1306015191366896e-05,4.1306015191366896e-05,4.1306015191366896e-05,0.0,0.0,0.0,0.0,1
2,same_02,1,0.05,support,0.4013186567113429,4.1306015191366896e-05,4.1306015191366896e-05,4.1306015191366896e-05,0.0,0.0,0.0,0.0,1
2,same_02,1,0.05,wrong,0.4013208475612994,4.1306015191366896e-05,4.1306015191366896e-05,4.1306015191366896e-05,0.0,0.0,0.0,0.0,1
2,same_02,1,0.05,oracle,0.4013140209998409,4.1306015191366896e-05,4.1306015191366896e-05,4.1306015191366896e-05,0.0,0.0,0.0,0.0,1
2,same_02,1,0.1,zero,0.40131846620265105,4.1306015191366896e-05,4.1306015191366896e-05,4.1306015191366896e-05,0.0,0.0,0.0,0.0,1
2,same_02,1,0.1,support,0.4013186567113429,4.1306015191366896e-05,4.1306015191366896e-05,4.1306015191366896e-05,0.0,0.0,0.0,0.0,1
2,same_02,1,0.1,wrong,0.4013208475612994,4.1306015191366896e-05,4.1306015191366896e-05,4.1306015191366896e-05,0.0,0.0,0.0,0.0,1
2,same_02,1,0.1,oracle,0.4013140209998409,4.1306015191366896e-05,4.1306015191366896e-05,4.1306015191366896e-05,0.0,0.0,0.0,0.0,1
2,same_02,1,0.25,zero,0.40131846620265105,4.1306015191366896e-05,4.1306015191366896e-05,4.1306015191366896e-05,0.0,0.0,0.0,0.0,1
2,same_02,1,0.25,support,0.4013186567113429,4.1306015191366896e-05,4.1306015191366896e-05,4.1306015191366896e-05,0.0,0.0,0.0,0.0,1
2,same_02,1,0.25,wrong,0.4013208475612994,4.1306015191366896e-05,4.1306015191366896e-05,4.1306015191366896e-05,0.0,0.0,0.0,0.0,1
2,same_02,1,0.25,oracle,0.4013140209998409,4.1306015191366896e-05,4.1306015191366896e-05,4.1306015191366896e-05,0.0,0.0,0.0,0.0,1
2,same_02,3,0.05,zero,0.39748574883685395,4.1306015191366896e-05,0.006148516666144133,0.020261229947209358,0.0,0.0,0.0,0.0,1
2,same_02,3,0.05,support,0.3974864156172755,4.1306015191366896e-05,0.006148516666144133,0.020261229947209358,0.0,0.0,0.0,0.0,1
2,same_02,3,0.05,wrong,0.39792658594982494,4.1306015191366896e-05,0.006148516666144133,0.020261229947209358,0.0,0.0,0.0,0.0,1
2,same_02,3,0.05,oracle,0.396394134032479,4.1306015191366896e-05,0.006148516666144133,0.020261229947209358,0.0,0.0,0.0,0.0,1
2,same_02,3,0.1,zero,0.39748574883685395,4.1306015191366896e-05,0.006148516666144133,0.020261229947209358,0.0,0.0,0.0,0.0,1
2,same_02,3,0.1,support,0.3974864156172755,4.1306015191366896e-05,0.006148516666144133,0.020261229947209358,0.0,0.0,0.0,0.0,1
2,same_02,3,0.1,wrong,0.39792658594982494,4.1306015191366896e-05,0.006148516666144133,0.020261229947209358,0.0,0.0,0.0,0.0,1
2,same_02,3,0.1,oracle,0.396394134032479,4.1306015191366896e-05,0.006148516666144133,0.020261229947209358,0.0,0.0,0.0,0.0,1
2,same_02,3,0.25,zero,0.39748574883685395,4.1306015191366896e-05,0.006148516666144133,0.020261229947209358,0.0,0.0,0.0,0.0,1
2,same_02,3,0.25,support,0.3974864156172755,4.1306015191366896e-05,0.006148516666144133,0.020261229947209358,0.0,0.0,0.0,0.0,1
2,same_02,3,0.25,wrong,0.39792658594982494,4.1306015191366896e-05,0.006148516666144133,0.020261229947209358,0.0,0.0,0.0,0.0,1
2,same_02,3,0.25,oracle,0.396394134032479,4.1306015191366896e-05,0.006148516666144133,0.020261229947209358,0.0,0.0,0.0,0.0,1
2,same_02,5,0.05,zero,0.39028502830761086,4.1306015191366896e-05,0.020261229947209358,0.05000000074505806,0.0,0.0,0.0,0.0,1
2,same_02,5,0.05,support,0.3902914103487883,4.1306015191366896e-05,0.020261229947209358,0.05000000074505806,0.0,0.0,0.0,0.0,1
2,same_02,5,0.05,wrong,0.3913626089716853,4.1306015191366896e-05,0.020261229947209358,0.05000000074505806,0.0,0.0,0.0,0.0,1
2,same_02,5,0.05,oracle,0.38775589841733493,4.1306015191366896e-05,0.020261229947209358,0.05000000074505806,0.0,0.0,0.0,0.0,1
2,same_02,5,0.1,zero,0.38877305607464013,4.1306015191366896e-05,0.020261229947209358,0.07239992171525955,0.0,0.0,0.0,0.0,1
2,same_02,5,0.1,support,0.38878661394321107,4.1306015191366896e-05,0.020261229947209358,0.07239992171525955,0.0,0.0,0.0,0.0,1
2,same_02,5,0.1,wrong,0.3900049170276749,4.1306015191366896e-05,0.020261229947209358,0.07239992171525955,0.0,0.0,0.0,0.0,1
2,same_02,5,0.1,oracle,0.3859432717171558,4.1306015191366896e-05,0.020261229947209358,0.07239992171525955,0.0,0.0,0.0,0.0,1
2,same_02,5,0.25,zero,0.38877305607464013,4.1306015191366896e-05,0.020261229947209358,0.07239992171525955,0.0,0.0,0.0,0.0,1
2,same_02,5,0.25,support,0.38878661394321107,4.1306015191366896e-05,0.020261229947209358,0.07239992171525955,0.0,0.0,0.0,0.0,1
2,same_02,5,0.25,wrong,0.3900049170276749,4.1306015191366896e-05,0.020261229947209358,0.07239992171525955,0.0,0.0,0.0,0.0,1
2,same_02,5,0.25,oracle,0.3859432717171558,4.1306015191366896e-05,0.020261229947209358,0.07239992171525955,0.0,0.0,0.0,0.0,1
2,same_03,0,0.0,zero,0.3930916096881176,0,0,0,0,0,0,0,1
2,same_03,0,0.0,support,0.3930916096881176,0,0,0,0,0,0,0,1
2,same_03,0,0.0,wrong,0.3930916096881176,0,0,0,0,0,0,0,1
2,same_03,0,0.0,oracle,0.3930916096881176,0,0,0,0,0,0,0,1
2,same_03,1,0.05,zero,0.3930852282938714,4.1306015191366896e-05,4.1306015191366896e-05,4.1306015191366896e-05,0.0,0.0,0.0,0.0,1
2,same_03,1,0.05,support,0.3930817029082388,4.1306015191366896e-05,4.1306015191366896e-05,4.1306015191366896e-05,0.0,0.0,0.0,0.0,1
2,same_03,1,0.05,wrong,0.3930842465409104,4.1306015191366896e-05,4.1306015191366896e-05,4.1306015191366896e-05,0.0,0.0,0.0,0.0,1
2,same_03,1,0.05,oracle,0.39307652639262647,4.1306015191366896e-05,4.1306015191366896e-05,4.1306015191366896e-05,0.0,0.0,0.0,0.0,1
2,same_03,1,0.1,zero,0.3930852282938714,4.1306015191366896e-05,4.1306015191366896e-05,4.1306015191366896e-05,0.0,0.0,0.0,0.0,1
2,same_03,1,0.1,support,0.3930817029082388,4.1306015191366896e-05,4.1306015191366896e-05,4.1306015191366896e-05,0.0,0.0,0.0,0.0,1
2,same_03,1,0.1,wrong,0.3930842465409104,4.1306015191366896e-05,4.1306015191366896e-05,4.1306015191366896e-05,0.0,0.0,0.0,0.0,1
2,same_03,1,0.1,oracle,0.39307652639262647,4.1306015191366896e-05,4.1306015191366896e-05,4.1306015191366896e-05,0.0,0.0,0.0,0.0,1
2,same_03,1,0.25,zero,0.3930852282938714,4.1306015191366896e-05,4.1306015191366896e-05,4.1306015191366896e-05,0.0,0.0,0.0,0.0,1
2,same_03,1,0.25,support,0.3930817029082388,4.1306015191366896e-05,4.1306015191366896e-05,4.1306015191366896e-05,0.0,0.0,0.0,0.0,1
2,same_03,1,0.25,wrong,0.3930842465409104,4.1306015191366896e-05,4.1306015191366896e-05,4.1306015191366896e-05,0.0,0.0,0.0,0.0,1
2,same_03,1,0.25,oracle,0.39307652639262647,4.1306015191366896e-05,4.1306015191366896e-05,4.1306015191366896e-05,0.0,0.0,0.0,0.0,1
2,same_03,3,0.05,zero,0.39108062262298665,4.1306015191366896e-05,0.006148516666144133,0.020261229947209358,0.0,0.0,0.0,0.0,1
2,same_03,3,0.05,support,0.38998226418534093,4.1306015191366896e-05,0.006148516666144133,0.020261229947209358,0.0,0.0,0.0,0.0,1
2,same_03,3,0.05,wrong,0.3913183407149437,4.1306015191366896e-05,0.006148516666144133,0.020261229947209358,0.0,0.0,0.0,0.0,1
2,same_03,3,0.05,oracle,0.3892528663604793,4.1306015191366896e-05,0.006148516666144133,0.020261229947209358,0.0,0.0,0.0,0.0,1
2,same_03,3,0.1,zero,0.39108062262298665,4.1306015191366896e-05,0.006148516666144133,0.020261229947209358,0.0,0.0,0.0,0.0,1
2,same_03,3,0.1,support,0.38998226418534093,4.1306015191366896e-05,0.006148516666144133,0.020261229947209358,0.0,0.0,0.0,0.0,1
2,same_03,3,0.1,wrong,0.3913183407149437,4.1306015191366896e-05,0.006148516666144133,0.020261229947209358,0.0,0.0,0.0,0.0,1
2,same_03,3,0.1,oracle,0.3892528663604793,4.1306015191366896e-05,0.006148516666144133,0.020261229947209358,0.0,0.0,0.0,0.0,1
2,same_03,3,0.25,zero,0.39108062262298665,4.1306015191366896e-05,0.006148516666144133,0.020261229947209358,0.0,0.0,0.0,0.0,1
2,same_03,3,0.25,support,0.38998226418534093,4.1306015191366896e-05,0.006148516666144133,0.020261229947209358,0.0,0.0,0.0,0.0,1
2,same_03,3,0.25,wrong,0.3913183407149437,4.1306015191366896e-05,0.006148516666144133,0.020261229947209358,0.0,0.0,0.0,0.0,1
2,same_03,3,0.25,oracle,0.3892528663604793,4.1306015191366896e-05,0.006148516666144133,0.020261229947209358,0.0,0.0,0.0,0.0,1
2,same_03,5,0.05,zero,0.38830614413016784,4.1306015191366896e-05,0.020261229947209358,0.05000000074505806,0.0,0.0,0.0,0.0,1
2,same_03,5,0.05,support,0.38535021984010903,4.1306015191366896e-05,0.020261229947209358,0.05000000074505806,0.0,0.0,0.0,0.0,1
2,same_03,5,0.05,wrong,0.3892933859826863,4.1306015191366896e-05,0.020261229947209358,0.05000000074505806,0.0,0.0,0.0,0.0,1
2,same_03,5,0.05,oracle,0.38390766773937623,4.1306015191366896e-05,0.020261229947209358,0.05000000074505806,0.0,0.0,0.0,0.0,1
2,same_03,5,0.1,zero,0.38776653700271435,4.1306015191366896e-05,0.020261229947209358,0.07239992171525955,0.0,0.0,0.0,0.0,1
2,same_03,5,0.1,support,0.3844111285078124,4.1306015191366896e-05,0.020261229947209358,0.07239992171525955,0.0,0.0,0.0,0.0,1
2,same_03,5,0.1,wrong,0.38895557371384554,4.1306015191366896e-05,0.020261229947209358,0.07239992171525955,0.0,0.0,0.0,0.0,1
2,same_03,5,0.1,oracle,0.3828075242963469,4.1306015191366896e-05,0.020261229947209358,0.07239992171525955,0.0,0.0,0.0,0.0,1
2,same_03,5,0.25,zero,0.38776653700271435,4.1306015191366896e-05,0.020261229947209358,0.07239992171525955,0.0,0.0,0.0,0.0,1
2,same_03,5,0.25,support,0.3844111285078124,4.1306015191366896e-05,0.020261229947209358,0.07239992171525955,0.0,0.0,0.0,0.0,1
2,same_03,5,0.25,wrong,0.38895557371384554,4.1306015191366896e-05,0.020261229947209358,0.07239992171525955,0.0,0.0,0.0,0.0,1
2,same_03,5,0.25,oracle,0.3828075242963469,4.1306015191366896e-05,0.020261229947209358,0.07239992171525955,0.0,0.0,0.0,0.0,1
3,same_01,0,0.0,zero,0.433439507185214,0,0,0,0,0,0,0,1
3,same_01,0,0.0,support,0.433439507185214,0,0,0,0,0,0,0,1
3,same_01,0,0.0,wrong,0.433439507185214,0,0,0,0,0,0,0,1
3,same_01,0,0.0,oracle,0.433439507185214,0,0,0,0,0,0,0,1
3,same_01,1,0.05,zero,0.43343384637681015,4.1306015191366896e-05,4.1306015191366896e-05,4.1306015191366896e-05,0.0,0.0,0.0,0.0,1
3,same_01,1,0.05,support,0.4334252877736281,4.1306015191366896e-05,4.1306015191366896e-05,4.1306015191366896e-05,0.0,0.0,0.0,0.0,1
3,same_01,1,0.05,wrong,0.4334332061663359,4.1306015191366896e-05,4.1306015191366896e-05,4.1306015191366896e-05,0.0,0.0,0.0,0.0,1
3,same_01,1,0.05,oracle,0.43342238997884996,4.1306015191366896e-05,4.1306015191366896e-05,4.1306015191366896e-05,0.0,0.0,0.0,0.0,1
3,same_01,1,0.1,zero,0.43343384637681015,4.1306015191366896e-05,4.1306015191366896e-05,4.1306015191366896e-05,0.0,0.0,0.0,0.0,1
3,same_01,1,0.1,support,0.4334252877736281,4.1306015191366896e-05,4.1306015191366896e-05,4.1306015191366896e-05,0.0,0.0,0.0,0.0,1
3,same_01,1,0.1,wrong,0.4334332061663359,4.1306015191366896e-05,4.1306015191366896e-05,4.1306015191366896e-05,0.0,0.0,0.0,0.0,1
3,same_01,1,0.1,oracle,0.43342238997884996,4.1306015191366896e-05,4.1306015191366896e-05,4.1306015191366896e-05,0.0,0.0,0.0,0.0,1
3,same_01,1,0.25,zero,0.43343384637681015,4.1306015191366896e-05,4.1306015191366896e-05,4.1306015191366896e-05,0.0,0.0,0.0,0.0,1
3,same_01,1,0.25,support,0.4334252877736281,4.1306015191366896e-05,4.1306015191366896e-05,4.1306015191366896e-05,0.0,0.0,0.0,0.0,1
3,same_01,1,0.25,wrong,0.4334332061663359,4.1306015191366896e-05,4.1306015191366896e-05,4.1306015191366896e-05,0.0,0.0,0.0,0.0,1
3,same_01,1,0.25,oracle,0.43342238997884996,4.1306015191366896e-05,4.1306015191366896e-05,4.1306015191366896e-05,0.0,0.0,0.0,0.0,1
3,same_01,3,0.05,zero,0.43103396687116585,4.1306015191366896e-05,0.006148516666144133,0.020261229947209358,0.0,0.0,0.0,0.0,1
3,same_01,3,0.05,support,0.42925782084387804,4.1306015191366896e-05,0.006148516666144133,0.020261229947209358,0.0,0.0,0.0,0.0,1
3,same_01,3,0.05,wrong,0.43072730605400195,4.1306015191366896e-05,0.006148516666144133,0.020261229947209358,0.0,0.0,0.0,0.0,1
3,same_01,3,0.05,oracle,0.42828584656281976,4.1306015191366896e-05,0.006148516666144133,0.020261229947209358,0.0,0.0,0.0,0.0,1
3,same_01,3,0.1,zero,0.43103396687116585,4.1306015191366896e-05,0.006148516666144133,0.020261229947209358,0.0,0.0,0.0,0.0,1
3,same_01,3,0.1,support,0.42925782084387804,4.1306015191366896e-05,0.006148516666144133,0.020261229947209358,0.0,0.0,0.0,0.0,1
3,same_01,3,0.1,wrong,0.43072730605400195,4.1306015191366896e-05,0.006148516666144133,0.020261229947209358,0.0,0.0,0.0,0.0,1
3,same_01,3,0.1,oracle,0.42828584656281976,4.1306015191366896e-05,0.006148516666144133,0.020261229947209358,0.0,0.0,0.0,0.0,1
3,same_01,3,0.25,zero,0.43103396687116585,4.1306015191366896e-05,0.006148516666144133,0.020261229947209358,0.0,0.0,0.0,0.0,1
3,same_01,3,0.25,support,0.42925782084387804,4.1306015191366896e-05,0.006148516666144133,0.020261229947209358,0.0,0.0,0.0,0.0,1
3,same_01,3,0.25,wrong,0.43072730605400195,4.1306015191366896e-05,0.006148516666144133,0.020261229947209358,0.0,0.0,0.0,0.0,1
3,same_01,3,0.25,oracle,0.42828584656281976,4.1306015191366896e-05,0.006148516666144133,0.020261229947209358,0.0,0.0,0.0,0.0,1
3,same_01,5,0.05,zero,0.4264507337813251,4.1306015191366896e-05,0.020261229947209358,0.05000000074505806,0.0,0.0,0.0,0.0,1
3,same_01,5,0.05,support,0.4224685572409371,4.1306015191366896e-05,0.020261229947209358,0.05000000074505806,0.0,0.0,0.0,0.0,1
3,same_01,5,0.05,wrong,0.42628785075856157,4.1306015191366896e-05,0.020261229947209358,0.05000000074505806,0.0,0.0,0.0,0.0,1
3,same_01,5,0.05,oracle,0.41972235756401377,4.1306015191366896e-05,0.020261229947209358,0.05000000074505806,0.0,0.0,0.0,0.0,1
3,same_01,5,0.1,zero,0.4254969212605625,4.1306015191366896e-05,0.020261229947209358,0.07239992171525955,0.0,0.0,0.0,0.0,1
3,same_01,5,0.1,support,0.4210721571107417,4.1306015191366896e-05,0.020261229947209358,0.07239992171525955,0.0,0.0,0.0,0.0,1
3,same_01,5,0.1,wrong,0.42545497062685533,4.1306015191366896e-05,0.020261229947209358,0.07239992171525955,0.0,0.0,0.0,0.0,1
3,same_01,5,0.1,oracle,0.4179481995587249,4.1306015191366896e-05,0.020261229947209358,0.07239992171525955,0.0,0.0,0.0,0.0,1
3,same_01,5,0.25,zero,0.4254969212605625,4.1306015191366896e-05,0.020261229947209358,0.07239992171525955,0.0,0.0,0.0,0.0,1
3,same_01,5,0.25,support,0.4210721571107417,4.1306015191366896e-05,0.020261229947209358,0.07239992171525955,0.0,0.0,0.0,0.0,1
3,same_01,5,0.25,wrong,0.42545497062685533,4.1306015191366896e-05,0.020261229947209358,0.07239992171525955,0.0,0.0,0.0,0.0,1
3,same_01,5,0.25,oracle,0.4179481995587249,4.1306015191366896e-05,0.020261229947209358,0.07239992171525955,0.0,0.0,0.0,0.0,1
3,same_02,0,0.0,zero,0.36698633257560176,0,0,0,0,0,0,0,1
3,same_02,0,0.0,support,0.36698633257560176,0,0,0,0,0,0,0,1
3,same_02,0,0.0,wrong,0.36698633257560176,0,0,0,0,0,0,0,1
3,same_02,0,0.0,oracle,0.36698633257560176,0,0,0,0,0,0,0,1
3,same_02,1,0.05,zero,0.3669775181984484,4.1306015191366896e-05,4.1306015191366896e-05,4.1306015191366896e-05,0.0,0.0,0.0,0.0,1
3,same_02,1,0.05,support,0.36697254181577516,4.1306015191366896e-05,4.1306015191366896e-05,4.1306015191366896e-05,0.0,0.0,0.0,0.0,1
3,same_02,1,0.05,wrong,0.36697338747557584,4.1306015191366896e-05,4.1306015191366896e-05,4.1306015191366896e-05,0.0,0.0,0.0,0.0,1
3,same_02,1,0.05,oracle,0.3669702975647656,4.1306015191366896e-05,4.1306015191366896e-05,4.1306015191366896e-05,0.0,0.0,0.0,0.0,1
3,same_02,1,0.1,zero,0.3669775181984484,4.1306015191366896e-05,4.1306015191366896e-05,4.1306015191366896e-05,0.0,0.0,0.0,0.0,1
3,same_02,1,0.1,support,0.36697254181577516,4.1306015191366896e-05,4.1306015191366896e-05,4.1306015191366896e-05,0.0,0.0,0.0,0.0,1
3,same_02,1,0.1,wrong,0.36697338747557584,4.1306015191366896e-05,4.1306015191366896e-05,4.1306015191366896e-05,0.0,0.0,0.0,0.0,1
3,same_02,1,0.1,oracle,0.3669702975647656,4.1306015191366896e-05,4.1306015191366896e-05,4.1306015191366896e-05,0.0,0.0,0.0,0.0,1
3,same_02,1,0.25,zero,0.3669775181984484,4.1306015191366896e-05,4.1306015191366896e-05,4.1306015191366896e-05,0.0,0.0,0.0,0.0,1
3,same_02,1,0.25,support,0.36697254181577516,4.1306015191366896e-05,4.1306015191366896e-05,4.1306015191366896e-05,0.0,0.0,0.0,0.0,1
3,same_02,1,0.25,wrong,0.36697338747557584,4.1306015191366896e-05,4.1306015191366896e-05,4.1306015191366896e-05,0.0,0.0,0.0,0.0,1
3,same_02,1,0.25,oracle,0.3669702975647656,4.1306015191366896e-05,4.1306015191366896e-05,4.1306015191366896e-05,0.0,0.0,0.0,0.0,1
3,same_02,3,0.05,zero,0.3640813935841081,4.1306015191366896e-05,0.006148516666144133,0.020261229947209358,0.0,0.0,0.0,0.0,1
3,same_02,3,0.05,support,0.36273581873970595,4.1306015191366896e-05,0.006148516666144133,0.020261229947209358,0.0,0.0,0.0,0.0,1
3,same_02,3,0.05,wrong,0.36255910836673916,4.1306015191366896e-05,0.006148516666144133,0.020261229947209358,0.0,0.0,0.0,0.0,1
3,same_02,3,0.05,oracle,0.36183554883111985,4.1306015191366896e-05,0.006148516666144133,0.020261229947209358,0.0,0.0,0.0,0.0,1
3,same_02,3,0.1,zero,0.3640813935841081,4.1306015191366896e-05,0.006148516666144133,0.020261229947209358,0.0,0.0,0.0,0.0,1
3,same_02,3,0.1,support,0.36273581873970595,4.1306015191366896e-05,0.006148516666144133,0.020261229947209358,0.0,0.0,0.0,0.0,1
3,same_02,3,0.1,wrong,0.36255910836673916,4.1306015191366896e-05,0.006148516666144133,0.020261229947209358,0.0,0.0,0.0,0.0,1
3,same_02,3,0.1,oracle,0.36183554883111985,4.1306015191366896e-05,0.006148516666144133,0.020261229947209358,0.0,0.0,0.0,0.0,1
3,same_02,3,0.25,zero,0.3640813935841081,4.1306015191366896e-05,0.006148516666144133,0.020261229947209358,0.0,0.0,0.0,0.0,1
3,same_02,3,0.25,support,0.36273581873970595,4.1306015191366896e-05,0.006148516666144133,0.020261229947209358,0.0,0.0,0.0,0.0,1
3,same_02,3,0.25,wrong,0.36255910836673916,4.1306015191366896e-05,0.006148516666144133,0.020261229947209358,0.0,0.0,0.0,0.0,1
3,same_02,3,0.25,oracle,0.36183554883111985,4.1306015191366896e-05,0.006148516666144133,0.020261229947209358,0.0,0.0,0.0,0.0,1
3,same_02,5,0.05,zero,0.3584465671798633,4.1306015191366896e-05,0.020261229947209358,0.05000000074505806,0.0,0.0,0.0,0.0,1
3,same_02,5,0.05,support,0.3554076886860915,4.1306015191366896e-05,0.020261229947209358,0.05000000074505806,0.0,0.0,0.0,0.0,1
3,same_02,5,0.05,wrong,0.35465414075292473,4.1306015191366896e-05,0.020261229947209358,0.05000000074505806,0.0,0.0,0.0,0.0,1
3,same_02,5,0.05,oracle,0.35276870970191426,4.1306015191366896e-05,0.020261229947209358,0.05000000074505806,0.0,0.0,0.0,0.0,1
3,same_02,5,0.1,zero,0.3572812804998924,4.1306015191366896e-05,0.020261229947209358,0.07239992171525955,0.0,0.0,0.0,0.0,1
3,same_02,5,0.1,support,0.3539021540378516,4.1306015191366896e-05,0.020261229947209358,0.07239992171525955,0.0,0.0,0.0,0.0,1
3,same_02,5,0.1,wrong,0.3530411097338666,4.1306015191366896e-05,0.020261229947209358,0.07239992171525955,0.0,0.0,0.0,0.0,1
3,same_02,5,0.1,oracle,0.3508862059348292,4.1306015191366896e-05,0.020261229947209358,0.07239992171525955,0.0,0.0,0.0,0.0,1
3,same_02,5,0.25,zero,0.3572812804998924,4.1306015191366896e-05,0.020261229947209358,0.07239992171525955,0.0,0.0,0.0,0.0,1
3,same_02,5,0.25,support,0.3539021540378516,4.1306015191366896e-05,0.020261229947209358,0.07239992171525955,0.0,0.0,0.0,0.0,1
3,same_02,5,0.25,wrong,0.3530411097338666,4.1306015191366896e-05,0.020261229947209358,0.07239992171525955,0.0,0.0,0.0,0.0,1
3,same_02,5,0.25,oracle,0.3508862059348292,4.1306015191366896e-05,0.020261229947209358,0.07239992171525955,0.0,0.0,0.0,0.0,1
3,same_03,0,0.0,zero,0.40319163260144064,0,0,0,0,0,0,0,1
3,same_03,0,0.0,support,0.40319163260144064,0,0,0,0,0,0,0,1
3,same_03,0,0.0,wrong,0.40319163260144064,0,0,0,0,0,0,0,1
3,same_03,0,0.0,oracle,0.40319163260144064,0,0,0,0,0,0,0,1
3,same_03,1,0.05,zero,0.4031802604387746,4.1306015191366896e-05,4.1306015191366896e-05,4.1306015191366896e-05,0.0,0.0,0.0,0.0,1
3,same_03,1,0.05,support,0.4031793920190801,4.1306015191366896e-05,4.1306015191366896e-05,4.1306015191366896e-05,0.0,0.0,0.0,0.0,1
3,same_03,1,0.05,wrong,0.403175546160433,4.1306015191366896e-05,4.1306015191366896e-05,4.1306015191366896e-05,0.0,0.0,0.0,0.0,1
3,same_03,1,0.05,oracle,0.4031745950341009,4.1306015191366896e-05,4.1306015191366896e-05,4.1306015191366896e-05,0.0,0.0,0.0,0.0,1
3,same_03,1,0.1,zero,0.4031802604387746,4.1306015191366896e-05,4.1306015191366896e-05,4.1306015191366896e-05,0.0,0.0,0.0,0.0,1
3,same_03,1,0.1,support,0.4031793920190801,4.1306015191366896e-05,4.1306015191366896e-05,4.1306015191366896e-05,0.0,0.0,0.0,0.0,1
3,same_03,1,0.1,wrong,0.403175546160433,4.1306015191366896e-05,4.1306015191366896e-05,4.1306015191366896e-05,0.0,0.0,0.0,0.0,1
3,same_03,1,0.1,oracle,0.4031745950341009,4.1306015191366896e-05,4.1306015191366896e-05,4.1306015191366896e-05,0.0,0.0,0.0,0.0,1
3,same_03,1,0.25,zero,0.4031802604387746,4.1306015191366896e-05,4.1306015191366896e-05,4.1306015191366896e-05,0.0,0.0,0.0,0.0,1
3,same_03,1,0.25,support,0.4031793920190801,4.1306015191366896e-05,4.1306015191366896e-05,4.1306015191366896e-05,0.0,0.0,0.0,0.0,1
3,same_03,1,0.25,wrong,0.403175546160433,4.1306015191366896e-05,4.1306015191366896e-05,4.1306015191366896e-05,0.0,0.0,0.0,0.0,1
3,same_03,1,0.25,oracle,0.4031745950341009,4.1306015191366896e-05,4.1306015191366896e-05,4.1306015191366896e-05,0.0,0.0,0.0,0.0,1
3,same_03,3,0.05,zero,0.3992877966014356,4.1306015191366896e-05,0.006148516666144133,0.020261229947209358,0.0,0.0,0.0,0.0,1
3,same_03,3,0.05,support,0.39901093613216554,4.1306015191366896e-05,0.006148516666144133,0.020261229947209358,0.0,0.0,0.0,0.0,1
3,same_03,3,0.05,wrong,0.39827617036398166,4.1306015191366896e-05,0.006148516666144133,0.020261229947209358,0.0,0.0,0.0,0.0,1
3,same_03,3,0.05,oracle,0.39790456944137365,4.1306015191366896e-05,0.006148516666144133,0.020261229947209358,0.0,0.0,0.0,0.0,1
3,same_03,3,0.1,zero,0.3992877966014356,4.1306015191366896e-05,0.006148516666144133,0.020261229947209358,0.0,0.0,0.0,0.0,1
3,same_03,3,0.1,support,0.39901093613216554,4.1306015191366896e-05,0.006148516666144133,0.020261229947209358,0.0,0.0,0.0,0.0,1
3,same_03,3,0.1,wrong,0.39827617036398166,4.1306015191366896e-05,0.006148516666144133,0.020261229947209358,0.0,0.0,0.0,0.0,1
3,same_03,3,0.1,oracle,0.39790456944137365,4.1306015191366896e-05,0.006148516666144133,0.020261229947209358,0.0,0.0,0.0,0.0,1
3,same_03,3,0.25,zero,0.3992877966014356,4.1306015191366896e-05,0.006148516666144133,0.020261229947209358,0.0,0.0,0.0,0.0,1
3,same_03,3,0.25,support,0.39901093613216554,4.1306015191366896e-05,0.006148516666144133,0.020261229947209358,0.0,0.0,0.0,0.0,1
3,same_03,3,0.25,wrong,0.39827617036398166,4.1306015191366896e-05,0.006148516666144133,0.020261229947209358,0.0,0.0,0.0,0.0,1
3,same_03,3,0.25,oracle,0.39790456944137365,4.1306015191366896e-05,0.006148516666144133,0.020261229947209358,0.0,0.0,0.0,0.0,1
3,same_03,5,0.05,zero,0.39265034081642247,4.1306015191366896e-05,0.020261229947209358,0.05000000074505806,0.0,0.0,0.0,0.0,1
3,same_03,5,0.05,support,0.3921639017275466,4.1306015191366896e-05,0.020261229947209358,0.05000000074505806,0.0,0.0,0.0,0.0,1
3,same_03,5,0.05,wrong,0.3907801783276592,4.1306015191366896e-05,0.020261229947209358,0.05000000074505806,0.0,0.0,0.0,0.0,1
3,same_03,5,0.05,oracle,0.38943710524013814,4.1306015191366896e-05,0.020261229947209358,0.05000000074505806,0.0,0.0,0.0,0.0,1
3,same_03,5,0.1,zero,0.3913176474119166,4.1306015191366896e-05,0.020261229947209358,0.07239992171525955,0.0,0.0,0.0,0.0,1
3,same_03,5,0.1,support,0.3908046594923803,4.1306015191366896e-05,0.020261229947209358,0.07239992171525955,0.0,0.0,0.0,0.0,1
3,same_03,5,0.1,wrong,0.3893476993649235,4.1306015191366896e-05,0.020261229947209358,0.07239992171525955,0.0,0.0,0.0,0.0,1
3,same_03,5,0.1,oracle,0.38772065303730124,4.1306015191366896e-05,0.020261229947209358,0.07239992171525955,0.0,0.0,0.0,0.0,1
3,same_03,5,0.25,zero,0.3913176474119166,4.1306015191366896e-05,0.020261229947209358,0.07239992171525955,0.0,0.0,0.0,0.0,1
3,same_03,5,0.25,support,0.3908046594923803,4.1306015191366896e-05,0.020261229947209358,0.07239992171525955,0.0,0.0,0.0,0.0,1
3,same_03,5,0.25,wrong,0.3893476993649235,4.1306015191366896e-05,0.020261229947209358,0.07239992171525955,0.0,0.0,0.0,0.0,1
3,same_03,5,0.25,oracle,0.38772065303730124,4.1306015191366896e-05,0.020261229947209358,0.07239992171525955,0.0,0.0,0.0,0.0,1
4,same_01,0,0.0,zero,0.34843718354870584,0,0,0,0,0,0,0,1
4,same_01,0,0.0,support,0.34843718354870584,0,0,0,0,0,0,0,1
4,same_01,0,0.0,wrong,0.34843718354870584,0,0,0,0,0,0,0,1
4,same_01,0,0.0,oracle,0.34843718354870584,0,0,0,0,0,0,0,1
4,same_01,1,0.05,zero,0.3484269815748129,4.1306015191366896e-05,4.1306015191366896e-05,4.1306015191366896e-05,0.0,0.0,0.0,0.0,1
4,same_01,1,0.05,support,0.3484191978465834,4.1306015191366896e-05,4.1306015191366896e-05,4.1306015191366896e-05,0.0,0.0,0.0,0.0,1
4,same_01,1,0.05,wrong,0.34842395876773347,4.1306015191366896e-05,4.1306015191366896e-05,4.1306015191366896e-05,0.0,0.0,0.0,0.0,1
4,same_01,1,0.05,oracle,0.3484201298787662,4.1306015191366896e-05,4.1306015191366896e-05,4.1306015191366896e-05,0.0,0.0,0.0,0.0,1
4,same_01,1,0.1,zero,0.3484269815748129,4.1306015191366896e-05,4.1306015191366896e-05,4.1306015191366896e-05,0.0,0.0,0.0,0.0,1
4,same_01,1,0.1,support,0.3484191978465834,4.1306015191366896e-05,4.1306015191366896e-05,4.1306015191366896e-05,0.0,0.0,0.0,0.0,1
4,same_01,1,0.1,wrong,0.34842395876773347,4.1306015191366896e-05,4.1306015191366896e-05,4.1306015191366896e-05,0.0,0.0,0.0,0.0,1
4,same_01,1,0.1,oracle,0.3484201298787662,4.1306015191366896e-05,4.1306015191366896e-05,4.1306015191366896e-05,0.0,0.0,0.0,0.0,1
4,same_01,1,0.25,zero,0.3484269815748129,4.1306015191366896e-05,4.1306015191366896e-05,4.1306015191366896e-05,0.0,0.0,0.0,0.0,1
4,same_01,1,0.25,support,0.3484191978465834,4.1306015191366896e-05,4.1306015191366896e-05,4.1306015191366896e-05,0.0,0.0,0.0,0.0,1
4,same_01,1,0.25,wrong,0.34842395876773347,4.1306015191366896e-05,4.1306015191366896e-05,4.1306015191366896e-05,0.0,0.0,0.0,0.0,1
4,same_01,1,0.25,oracle,0.3484201298787662,4.1306015191366896e-05,4.1306015191366896e-05,4.1306015191366896e-05,0.0,0.0,0.0,0.0,1
4,same_01,3,0.05,zero,0.34575691089151633,4.1306015191366896e-05,0.006148516666144133,0.020261229947209358,0.0,0.0,0.0,0.0,1
4,same_01,3,0.05,support,0.3428586182737248,4.1306015191366896e-05,0.006148516666144133,0.020261229947209358,0.0,0.0,0.0,0.0,1
4,same_01,3,0.05,wrong,0.34346453995279136,4.1306015191366896e-05,0.006148516666144133,0.020261229947209358,0.0,0.0,0.0,0.0,1
4,same_01,3,0.05,oracle,0.3431687834701307,4.1306015191366896e-05,0.006148516666144133,0.020261229947209358,0.0,0.0,0.0,0.0,1
4,same_01,3,0.1,zero,0.34575691089151633,4.1306015191366896e-05,0.006148516666144133,0.020261229947209358,0.0,0.0,0.0,0.0,1
4,same_01,3,0.1,support,0.3428586182737248,4.1306015191366896e-05,0.006148516666144133,0.020261229947209358,0.0,0.0,0.0,0.0,1
4,same_01,3,0.1,wrong,0.34346453995279136,4.1306015191366896e-05,0.006148516666144133,0.020261229947209358,0.0,0.0,0.0,0.0,1
4,same_01,3,0.1,oracle,0.3431687834701307,4.1306015191366896e-05,0.006148516666144133,0.020261229947209358,0.0,0.0,0.0,0.0,1
4,same_01,3,0.25,zero,0.34575691089151633,4.1306015191366896e-05,0.006148516666144133,0.020261229947209358,0.0,0.0,0.0,0.0,1
4,same_01,3,0.25,support,0.3428586182737248,4.1306015191366896e-05,0.006148516666144133,0.020261229947209358,0.0,0.0,0.0,0.0,1
4,same_01,3,0.25,wrong,0.34346453995279136,4.1306015191366896e-05,0.006148516666144133,0.020261229947209358,0.0,0.0,0.0,0.0,1
4,same_01,3,0.25,oracle,0.3431687834701307,4.1306015191366896e-05,0.006148516666144133,0.020261229947209358,0.0,0.0,0.0,0.0,1
4,same_01,5,0.05,zero,0.3406167534032849,4.1306015191366896e-05,0.020261229947209358,0.05000000074505806,0.0,0.0,0.0,0.0,1
4,same_01,5,0.05,support,0.33273382672149726,4.1306015191366896e-05,0.020261229947209358,0.05000000074505806,0.0,0.0,0.0,0.0,1
4,same_01,5,0.05,wrong,0.33410620632560567,4.1306015191366896e-05,0.020261229947209358,0.05000000074505806,0.0,0.0,0.0,0.0,1
4,same_01,5,0.05,oracle,0.3335235602610505,4.1306015191366896e-05,0.020261229947209358,0.05000000074505806,0.0,0.0,0.0,0.0,1
4,same_01,5,0.1,zero,0.3395506849165561,4.1306015191366896e-05,0.020261229947209358,0.07239992171525955,0.0,0.0,0.0,0.0,1
4,same_01,5,0.1,support,0.3306428503044376,4.1306015191366896e-05,0.020261229947209358,0.07239992171525955,0.0,0.0,0.0,0.0,1
4,same_01,5,0.1,wrong,0.33220596903525634,4.1306015191366896e-05,0.020261229947209358,0.07239992171525955,0.0,0.0,0.0,0.0,1
4,same_01,5,0.1,oracle,0.331528154927818,4.1306015191366896e-05,0.020261229947209358,0.07239992171525955,0.0,0.0,0.0,0.0,1
4,same_01,5,0.25,zero,0.3395506849165561,4.1306015191366896e-05,0.020261229947209358,0.07239992171525955,0.0,0.0,0.0,0.0,1
4,same_01,5,0.25,support,0.3306428503044376,4.1306015191366896e-05,0.020261229947209358,0.07239992171525955,0.0,0.0,0.0,0.0,1
4,same_01,5,0.25,wrong,0.33220596903525634,4.1306015191366896e-05,0.020261229947209358,0.07239992171525955,0.0,0.0,0.0,0.0,1
4,same_01,5,0.25,oracle,0.331528154927818,4.1306015191366896e-05,0.020261229947209358,0.07239992171525955,0.0,0.0,0.0,0.0,1
4,same_02,0,0.0,zero,0.4116583131511924,0,0,0,0,0,0,0,1
4,same_02,0,0.0,support,0.4116583131511924,0,0,0,0,0,0,0,1
4,same_02,0,0.0,wrong,0.4116583131511924,0,0,0,0,0,0,0,1
4,same_02,0,0.0,oracle,0.4116583131511924,0,0,0,0,0,0,0,1
4,same_02,1,0.05,zero,0.411670251181988,4.1306015191366896e-05,4.1306015191366896e-05,4.1306015191366896e-05,0.0,0.0,0.0,0.0,1
4,same_02,1,0.05,support,0.41164707431092057,4.1306015191366896e-05,4.1306015191366896e-05,4.1306015191366896e-05,0.0,0.0,0.0,0.0,1
4,same_02,1,0.05,wrong,0.41164489905151314,4.1306015191366896e-05,4.1306015191366896e-05,4.1306015191366896e-05,0.0,0.0,0.0,0.0,1
4,same_02,1,0.05,oracle,0.4116426461042697,4.1306015191366896e-05,4.1306015191366896e-05,4.1306015191366896e-05,0.0,0.0,0.0,0.0,1
4,same_02,1,0.1,zero,0.411670251181988,4.1306015191366896e-05,4.1306015191366896e-05,4.1306015191366896e-05,0.0,0.0,0.0,0.0,1
4,same_02,1,0.1,support,0.41164707431092057,4.1306015191366896e-05,4.1306015191366896e-05,4.1306015191366896e-05,0.0,0.0,0.0,0.0,1
4,same_02,1,0.1,wrong,0.41164489905151314,4.1306015191366896e-05,4.1306015191366896e-05,4.1306015191366896e-05,0.0,0.0,0.0,0.0,1
4,same_02,1,0.1,oracle,0.4116426461042697,4.1306015191366896e-05,4.1306015191366896e-05,4.1306015191366896e-05,0.0,0.0,0.0,0.0,1
4,same_02,1,0.25,zero,0.411670251181988,4.1306015191366896e-05,4.1306015191366896e-05,4.1306015191366896e-05,0.0,0.0,0.0,0.0,1
4,same_02,1,0.25,support,0.41164707431092057,4.1306015191366896e-05,4.1306015191366896e-05,4.1306015191366896e-05,0.0,0.0,0.0,0.0,1
4,same_02,1,0.25,wrong,0.41164489905151314,4.1306015191366896e-05,4.1306015191366896e-05,4.1306015191366896e-05,0.0,0.0,0.0,0.0,1
4,same_02,1,0.25,oracle,0.4116426461042697,4.1306015191366896e-05,4.1306015191366896e-05,4.1306015191366896e-05,0.0,0.0,0.0,0.0,1
4,same_02,3,0.05,zero,0.41691065826208695,4.1306015191366896e-05,0.006148516666144133,0.020261229947209358,0.0,0.0,0.0,0.0,1
4,same_02,3,0.05,support,0.40811906251149715,4.1306015191366896e-05,0.006148516666144133,0.020261229947209358,0.0,0.0,0.0,0.0,1
4,same_02,3,0.05,wrong,0.40644084987865287,4.1306015191366896e-05,0.006148516666144133,0.020261229947209358,0.0,0.0,0.0,0.0,1
4,same_02,3,0.05,oracle,0.40614141506283985,4.1306015191366896e-05,0.006148516666144133,0.020261229947209358,0.0,0.0,0.0,0.0,1
4,same_02,3,0.1,zero,0.41691065826208695,4.1306015191366896e-05,0.006148516666144133,0.020261229947209358,0.0,0.0,0.0,0.0,1
4,same_02,3,0.1,support,0.40811906251149715,4.1306015191366896e-05,0.006148516666144133,0.020261229947209358,0.0,0.0,0.0,0.0,1
4,same_02,3,0.1,wrong,0.40644084987865287,4.1306015191366896e-05,0.006148516666144133,0.020261229947209358,0.0,0.0,0.0,0.0,1
4,same_02,3,0.1,oracle,0.40614141506283985,4.1306015191366896e-05,0.006148516666144133,0.020261229947209358,0.0,0.0,0.0,0.0,1
4,same_02,3,0.25,zero,0.41691065826208695,4.1306015191366896e-05,0.006148516666144133,0.020261229947209358,0.0,0.0,0.0,0.0,1
4,same_02,3,0.25,support,0.40811906251149715,4.1306015191366896e-05,0.006148516666144133,0.020261229947209358,0.0,0.0,0.0,0.0,1
4,same_02,3,0.25,wrong,0.40644084987865287,4.1306015191366896e-05,0.006148516666144133,0.020261229947209358,0.0,0.0,0.0,0.0,1
4,same_02,3,0.25,oracle,0.40614141506283985,4.1306015191366896e-05,0.006148516666144133,0.020261229947209358,0.0,0.0,0.0,0.0,1
4,same_02,5,0.05,zero,0.43071169515640667,4.1306015191366896e-05,0.020261229947209358,0.05000000074505806,0.0,0.0,0.0,0.0,1
4,same_02,5,0.05,support,0.40202996761520515,4.1306015191366896e-05,0.020261229947209358,0.05000000074505806,0.0,0.0,0.0,0.0,1
4,same_02,5,0.05,wrong,0.39677658666649746,4.1306015191366896e-05,0.020261229947209358,0.05000000074505806,0.0,0.0,0.0,0.0,1
4,same_02,5,0.05,oracle,0.3957639257244956,4.1306015191366896e-05,0.020261229947209358,0.05000000074505806,0.0,0.0,0.0,0.0,1
4,same_02,5,0.1,zero,0.4340143863355422,4.1306015191366896e-05,0.020261229947209358,0.07239992171525955,0.0,0.0,0.0,0.0,1
4,same_02,5,0.1,support,0.40075399670112105,4.1306015191366896e-05,0.020261229947209358,0.07239992171525955,0.0,0.0,0.0,0.0,1
4,same_02,5,0.1,wrong,0.39480556857984384,4.1306015191366896e-05,0.020261229947209358,0.07239992171525955,0.0,0.0,0.0,0.0,1
4,same_02,5,0.1,oracle,0.3935467666775114,4.1306015191366896e-05,0.020261229947209358,0.07239992171525955,0.0,0.0,0.0,0.0,1
4,same_02,5,0.25,zero,0.4340143863355422,4.1306015191366896e-05,0.020261229947209358,0.07239992171525955,0.0,0.0,0.0,0.0,1
4,same_02,5,0.25,support,0.40075399670112105,4.1306015191366896e-05,0.020261229947209358,0.07239992171525955,0.0,0.0,0.0,0.0,1
4,same_02,5,0.25,wrong,0.39480556857984384,4.1306015191366896e-05,0.020261229947209358,0.07239992171525955,0.0,0.0,0.0,0.0,1
4,same_02,5,0.25,oracle,0.3935467666775114,4.1306015191366896e-05,0.020261229947209358,0.07239992171525955,0.0,0.0,0.0,0.0,1
4,same_03,0,0.0,zero,0.645913840234658,0,0,0,0,0,0,0,1
4,same_03,0,0.0,support,0.645913840234658,0,0,0,0,0,0,0,1
4,same_03,0,0.0,wrong,0.645913840234658,0,0,0,0,0,0,0,1
4,same_03,0,0.0,oracle,0.645913840234658,0,0,0,0,0,0,0,1
4,same_03,1,0.05,zero,0.6459040244629032,4.1306015191366896e-05,4.1306015191366896e-05,4.1306015191366896e-05,0.0,0.0,0.0,0.0,1
4,same_03,1,0.05,support,0.6458874349974166,4.1306015191366896e-05,4.1306015191366896e-05,4.1306015191366896e-05,0.0,0.0,0.0,0.0,1
4,same_03,1,0.05,wrong,0.645882243184257,4.1306015191366896e-05,4.1306015191366896e-05,4.1306015191366896e-05,0.0,0.0,0.0,0.0,1
4,same_03,1,0.05,oracle,0.6458881650961422,4.1306015191366896e-05,4.1306015191366896e-05,4.1306015191366896e-05,0.0,0.0,0.0,0.0,1
4,same_03,1,0.1,zero,0.6459040244629032,4.1306015191366896e-05,4.1306015191366896e-05,4.1306015191366896e-05,0.0,0.0,0.0,0.0,1
4,same_03,1,0.1,support,0.6458874349974166,4.1306015191366896e-05,4.1306015191366896e-05,4.1306015191366896e-05,0.0,0.0,0.0,0.0,1
4,same_03,1,0.1,wrong,0.645882243184257,4.1306015191366896e-05,4.1306015191366896e-05,4.1306015191366896e-05,0.0,0.0,0.0,0.0,1
4,same_03,1,0.1,oracle,0.6458881650961422,4.1306015191366896e-05,4.1306015191366896e-05,4.1306015191366896e-05,0.0,0.0,0.0,0.0,1
4,same_03,1,0.25,zero,0.6459040244629032,4.1306015191366896e-05,4.1306015191366896e-05,4.1306015191366896e-05,0.0,0.0,0.0,0.0,1
4,same_03,1,0.25,support,0.6458874349974166,4.1306015191366896e-05,4.1306015191366896e-05,4.1306015191366896e-05,0.0,0.0,0.0,0.0,1
4,same_03,1,0.25,wrong,0.645882243184257,4.1306015191366896e-05,4.1306015191366896e-05,4.1306015191366896e-05,0.0,0.0,0.0,0.0,1
4,same_03,1,0.25,oracle,0.6458881650961422,4.1306015191366896e-05,4.1306015191366896e-05,4.1306015191366896e-05,0.0,0.0,0.0,0.0,1
4,same_03,3,0.05,zero,0.6408495915468353,4.1306015191366896e-05,0.006148516666144133,0.020261229947209358,0.0,0.0,0.0,0.0,1
4,same_03,3,0.05,support,0.6371351331584267,4.1306015191366896e-05,0.006148516666144133,0.020261229947209358,0.0,0.0,0.0,0.0,1
4,same_03,3,0.05,wrong,0.6361751344563853,4.1306015191366896e-05,0.006148516666144133,0.020261229947209358,0.0,0.0,0.0,0.0,1
4,same_03,3,0.05,oracle,0.6374292007006694,4.1306015191366896e-05,0.006148516666144133,0.020261229947209358,0.0,0.0,0.0,0.0,1
4,same_03,3,0.1,zero,0.6408495915468353,4.1306015191366896e-05,0.006148516666144133,0.020261229947209358,0.0,0.0,0.0,0.0,1
4,same_03,3,0.1,support,0.6371351331584267,4.1306015191366896e-05,0.006148516666144133,0.020261229947209358,0.0,0.0,0.0,0.0,1
4,same_03,3,0.1,wrong,0.6361751344563853,4.1306015191366896e-05,0.006148516666144133,0.020261229947209358,0.0,0.0,0.0,0.0,1
4,same_03,3,0.1,oracle,0.6374292007006694,4.1306015191366896e-05,0.006148516666144133,0.020261229947209358,0.0,0.0,0.0,0.0,1
4,same_03,3,0.25,zero,0.6408495915468353,4.1306015191366896e-05,0.006148516666144133,0.020261229947209358,0.0,0.0,0.0,0.0,1
4,same_03,3,0.25,support,0.6371351331584267,4.1306015191366896e-05,0.006148516666144133,0.020261229947209358,0.0,0.0,0.0,0.0,1
4,same_03,3,0.25,wrong,0.6361751344563853,4.1306015191366896e-05,0.006148516666144133,0.020261229947209358,0.0,0.0,0.0,0.0,1
4,same_03,3,0.25,oracle,0.6374292007006694,4.1306015191366896e-05,0.006148516666144133,0.020261229947209358,0.0,0.0,0.0,0.0,1
4,same_03,5,0.05,zero,0.6296696708842909,4.1306015191366896e-05,0.020261229947209358,0.05000000074505806,0.0,0.0,0.0,0.0,1
4,same_03,5,0.05,support,0.6203446065950928,4.1306015191366896e-05,0.020261229947209358,0.05000000074505806,0.0,0.0,0.0,0.0,1
4,same_03,5,0.05,wrong,0.6181445352076739,4.1306015191366896e-05,0.020261229947209358,0.05000000074505806,0.0,0.0,0.0,0.0,1
4,same_03,5,0.05,oracle,0.6211746071629429,4.1306015191366896e-05,0.020261229947209358,0.05000000074505806,0.0,0.0,0.0,0.0,1
4,same_03,5,0.1,zero,0.6272826131010459,4.1306015191366896e-05,0.020261229947209358,0.07239992171525955,0.0,0.0,0.0,0.0,1
4,same_03,5,0.1,support,0.6167882551418101,4.1306015191366896e-05,0.020261229947209358,0.07239992171525955,0.0,0.0,0.0,0.0,1
4,same_03,5,0.1,wrong,0.6143456692943816,4.1306015191366896e-05,0.020261229947209358,0.07239992171525955,0.0,0.0,0.0,0.0,1
4,same_03,5,0.1,oracle,0.6177259858327218,4.1306015191366896e-05,0.020261229947209358,0.07239992171525955,0.0,0.0,0.0,0.0,1
4,same_03,5,0.25,zero,0.6272826131010459,4.1306015191366896e-05,0.020261229947209358,0.07239992171525955,0.0,0.0,0.0,0.0,1
4,same_03,5,0.25,support,0.6167882551418101,4.1306015191366896e-05,0.020261229947209358,0.07239992171525955,0.0,0.0,0.0,0.0,1
4,same_03,5,0.25,wrong,0.6143456692943816,4.1306015191366896e-05,0.020261229947209358,0.07239992171525955,0.0,0.0,0.0,0.0,1
4,same_03,5,0.25,oracle,0.6177259858327218,4.1306015191366896e-05,0.020261229947209358,0.07239992171525955,0.0,0.0,0.0,0.0,1
5,same_01,0,0.0,zero,0.17090605316927962,0,0,0,0,0,0,0,1
5,same_01,0,0.0,support,0.17090605316927962,0,0,0,0,0,0,0,1
5,same_01,0,0.0,wrong,0.17090605316927962,0,0,0,0,0,0,0,1
5,same_01,0,0.0,oracle,0.17090605316927962,0,0,0,0,0,0,0,1
5,same_01,1,0.05,zero,0.1708991845096776,4.1306015191366896e-05,4.1306015191366896e-05,4.1306015191366896e-05,0.0,0.0,0.0,0.0,1
5,same_01,1,0.05,support,0.17089834013544755,4.1306015191366896e-05,4.1306015191366896e-05,4.1306015191366896e-05,0.0,0.0,0.0,0.0,1
5,same_01,1,0.05,wrong,0.17088895459112138,4.1306015191366896e-05,4.1306015191366896e-05,4.1306015191366896e-05,0.0,0.0,0.0,0.0,1
5,same_01,1,0.05,oracle,0.17089872984663065,4.1306015191366896e-05,4.1306015191366896e-05,4.1306015191366896e-05,0.0,0.0,0.0,0.0,1
5,same_01,1,0.1,zero,0.1708991845096776,4.1306015191366896e-05,4.1306015191366896e-05,4.1306015191366896e-05,0.0,0.0,0.0,0.0,1
5,same_01,1,0.1,support,0.17089834013544755,4.1306015191366896e-05,4.1306015191366896e-05,4.1306015191366896e-05,0.0,0.0,0.0,0.0,1
5,same_01,1,0.1,wrong,0.17088895459112138,4.1306015191366896e-05,4.1306015191366896e-05,4.1306015191366896e-05,0.0,0.0,0.0,0.0,1
5,same_01,1,0.1,oracle,0.17089872984663065,4.1306015191366896e-05,4.1306015191366896e-05,4.1306015191366896e-05,0.0,0.0,0.0,0.0,1
5,same_01,1,0.25,zero,0.1708991845096776,4.1306015191366896e-05,4.1306015191366896e-05,4.1306015191366896e-05,0.0,0.0,0.0,0.0,1
5,same_01,1,0.25,support,0.17089834013544755,4.1306015191366896e-05,4.1306015191366896e-05,4.1306015191366896e-05,0.0,0.0,0.0,0.0,1
5,same_01,1,0.25,wrong,0.17088895459112138,4.1306015191366896e-05,4.1306015191366896e-05,4.1306015191366896e-05,0.0,0.0,0.0,0.0,1
5,same_01,1,0.25,oracle,0.17089872984663065,4.1306015191366896e-05,4.1306015191366896e-05,4.1306015191366896e-05,0.0,0.0,0.0,0.0,1
5,same_01,3,0.05,zero,0.16851140785289942,4.1306015191366896e-05,0.006148516666144133,0.020261229947209358,0.0,0.0,0.0,0.0,1
5,same_01,3,0.05,support,0.16829591380661482,4.1306015191366896e-05,0.006148516666144133,0.020261229947209358,0.0,0.0,0.0,0.0,1
5,same_01,3,0.05,wrong,0.16514954809397972,4.1306015191366896e-05,0.006148516666144133,0.020261229947209358,0.0,0.0,0.0,0.0,1
5,same_01,3,0.05,oracle,0.16840167167892675,4.1306015191366896e-05,0.006148516666144133,0.020261229947209358,0.0,0.0,0.0,0.0,1
5,same_01,3,0.1,zero,0.16851140785289942,4.1306015191366896e-05,0.006148516666144133,0.020261229947209358,0.0,0.0,0.0,0.0,1
5,same_01,3,0.1,support,0.16829591380661482,4.1306015191366896e-05,0.006148516666144133,0.020261229947209358,0.0,0.0,0.0,0.0,1
5,same_01,3,0.1,wrong,0.16514954809397972,4.1306015191366896e-05,0.006148516666144133,0.020261229947209358,0.0,0.0,0.0,0.0,1
5,same_01,3,0.1,oracle,0.16840167167892675,4.1306015191366896e-05,0.006148516666144133,0.020261229947209358,0.0,0.0,0.0,0.0,1
5,same_01,3,0.25,zero,0.16851140785289942,4.1306015191366896e-05,0.006148516666144133,0.020261229947209358,0.0,0.0,0.0,0.0,1
5,same_01,3,0.25,support,0.16829591380661482,4.1306015191366896e-05,0.006148516666144133,0.020261229947209358,0.0,0.0,0.0,0.0,1
5,same_01,3,0.25,wrong,0.16514954809397972,4.1306015191366896e-05,0.006148516666144133,0.020261229947209358,0.0,0.0,0.0,0.0,1
5,same_01,3,0.25,oracle,0.16840167167892675,4.1306015191366896e-05,0.006148516666144133,0.020261229947209358,0.0,0.0,0.0,0.0,1
5,same_01,5,0.05,zero,0.1642962267446992,4.1306015191366896e-05,0.020261229947209358,0.05000000074505806,0.0,0.0,0.0,0.0,1
5,same_01,5,0.05,support,0.16391442345102958,4.1306015191366896e-05,0.020261229947209358,0.05000000074505806,0.0,0.0,0.0,0.0,1
5,same_01,5,0.05,wrong,0.15723438406162854,4.1306015191366896e-05,0.020261229947209358,0.05000000074505806,0.0,0.0,0.0,0.0,1
5,same_01,5,0.05,oracle,0.16387136036529779,4.1306015191366896e-05,0.020261229947209358,0.05000000074505806,0.0,0.0,0.0,0.0,1
5,same_01,5,0.1,zero,0.16339510082362593,4.1306015191366896e-05,0.020261229947209358,0.07239992171525955,0.0,0.0,0.0,0.0,1
5,same_01,5,0.1,support,0.1629771518177244,4.1306015191366896e-05,0.020261229947209358,0.07239992171525955,0.0,0.0,0.0,0.0,1
5,same_01,5,0.1,wrong,0.15738161369900797,4.1306015191366896e-05,0.020261229947209358,0.07239992171525955,0.0,0.0,0.0,0.0,1
5,same_01,5,0.1,oracle,0.16288688496494044,4.1306015191366896e-05,0.020261229947209358,0.07239992171525955,0.0,0.0,0.0,0.0,1
5,same_01,5,0.25,zero,0.16339510082362593,4.1306015191366896e-05,0.020261229947209358,0.07239992171525955,0.0,0.0,0.0,0.0,1
5,same_01,5,0.25,support,0.1629771518177244,4.1306015191366896e-05,0.020261229947209358,0.07239992171525955,0.0,0.0,0.0,0.0,1
5,same_01,5,0.25,wrong,0.15738161369900797,4.1306015191366896e-05,0.020261229947209358,0.07239992171525955,0.0,0.0,0.0,0.0,1
5,same_01,5,0.25,oracle,0.16288688496494044,4.1306015191366896e-05,0.020261229947209358,0.07239992171525955,0.0,0.0,0.0,0.0,1
5,same_02,0,0.0,zero,0.6437002702840597,0,0,0,0,0,0,0,1
5,same_02,0,0.0,support,0.6437002702840597,0,0,0,0,0,0,0,1
5,same_02,0,0.0,wrong,0.6437002702840597,0,0,0,0,0,0,0,1
5,same_02,0,0.0,oracle,0.6437002702840597,0,0,0,0,0,0,0,1
5,same_02,1,0.05,zero,0.643685157311325,4.1306015191366896e-05,4.1306015191366896e-05,4.1306015191366896e-05,0.0,0.0,0.0,0.0,1
5,same_02,1,0.05,support,0.6436729564728714,4.1306015191366896e-05,4.1306015191366896e-05,4.1306015191366896e-05,0.0,0.0,0.0,0.0,1
5,same_02,1,0.05,wrong,0.6436852577297485,4.1306015191366896e-05,4.1306015191366896e-05,4.1306015191366896e-05,0.0,0.0,0.0,0.0,1
5,same_02,1,0.05,oracle,0.6436734083557771,4.1306015191366896e-05,4.1306015191366896e-05,4.1306015191366896e-05,0.0,0.0,0.0,0.0,1
5,same_02,1,0.1,zero,0.643685157311325,4.1306015191366896e-05,4.1306015191366896e-05,4.1306015191366896e-05,0.0,0.0,0.0,0.0,1
5,same_02,1,0.1,support,0.6436729564728714,4.1306015191366896e-05,4.1306015191366896e-05,4.1306015191366896e-05,0.0,0.0,0.0,0.0,1
5,same_02,1,0.1,wrong,0.6436852577297485,4.1306015191366896e-05,4.1306015191366896e-05,4.1306015191366896e-05,0.0,0.0,0.0,0.0,1
5,same_02,1,0.1,oracle,0.6436734083557771,4.1306015191366896e-05,4.1306015191366896e-05,4.1306015191366896e-05,0.0,0.0,0.0,0.0,1
5,same_02,1,0.25,zero,0.643685157311325,4.1306015191366896e-05,4.1306015191366896e-05,4.1306015191366896e-05,0.0,0.0,0.0,0.0,1
5,same_02,1,0.25,support,0.6436729564728714,4.1306015191366896e-05,4.1306015191366896e-05,4.1306015191366896e-05,0.0,0.0,0.0,0.0,1
5,same_02,1,0.25,wrong,0.6436852577297485,4.1306015191366896e-05,4.1306015191366896e-05,4.1306015191366896e-05,0.0,0.0,0.0,0.0,1
5,same_02,1,0.25,oracle,0.6436734083557771,4.1306015191366896e-05,4.1306015191366896e-05,4.1306015191366896e-05,0.0,0.0,0.0,0.0,1
5,same_02,3,0.05,zero,0.637693742283206,4.1306015191366896e-05,0.006148516666144133,0.020261229947209358,0.0,0.0,0.0,0.0,1
5,same_02,3,0.05,support,0.6326681516521815,4.1306015191366896e-05,0.006148516666144133,0.020261229947209358,0.0,0.0,0.0,0.0,1
5,same_02,3,0.05,wrong,0.6378941272472736,4.1306015191366896e-05,0.006148516666144133,0.020261229947209358,0.0,0.0,0.0,0.0,1
5,same_02,3,0.05,oracle,0.6326418922344397,4.1306015191366896e-05,0.006148516666144133,0.020261229947209358,0.0,0.0,0.0,0.0,1
5,same_02,3,0.1,zero,0.637693742283206,4.1306015191366896e-05,0.006148516666144133,0.020261229947209358,0.0,0.0,0.0,0.0,1
5,same_02,3,0.1,support,0.6326681516521815,4.1306015191366896e-05,0.006148516666144133,0.020261229947209358,0.0,0.0,0.0,0.0,1
5,same_02,3,0.1,wrong,0.6378941272472736,4.1306015191366896e-05,0.006148516666144133,0.020261229947209358,0.0,0.0,0.0,0.0,1
5,same_02,3,0.1,oracle,0.6326418922344397,4.1306015191366896e-05,0.006148516666144133,0.020261229947209358,0.0,0.0,0.0,0.0,1
5,same_02,3,0.25,zero,0.637693742283206,4.1306015191366896e-05,0.006148516666144133,0.020261229947209358,0.0,0.0,0.0,0.0,1
5,same_02,3,0.25,support,0.6326681516521815,4.1306015191366896e-05,0.006148516666144133,0.020261229947209358,0.0,0.0,0.0,0.0,1
5,same_02,3,0.25,wrong,0.6378941272472736,4.1306015191366896e-05,0.006148516666144133,0.020261229947209358,0.0,0.0,0.0,0.0,1
5,same_02,3,0.25,oracle,0.6326418922344397,4.1306015191366896e-05,0.006148516666144133,0.020261229947209358,0.0,0.0,0.0,0.0,1
5,same_02,5,0.05,zero,0.625765640267768,4.1306015191366896e-05,0.020261229947209358,0.05000000074505806,0.0,0.0,0.0,0.0,1
5,same_02,5,0.05,support,0.611389086041667,4.1306015191366896e-05,0.020261229947209358,0.05000000074505806,0.0,0.0,0.0,0.0,1
5,same_02,5,0.05,wrong,0.6269586111387895,4.1306015191366896e-05,0.020261229947209358,0.05000000074505806,0.0,0.0,0.0,0.0,1
5,same_02,5,0.05,oracle,0.6112404667749067,4.1306015191366896e-05,0.020261229947209358,0.05000000074505806,0.0,0.0,0.0,0.0,1
5,same_02,5,0.1,zero,0.6232836483036603,4.1306015191366896e-05,0.020261229947209358,0.07239992171525955,0.0,0.0,0.0,0.0,1
5,same_02,5,0.1,support,0.6069545080420732,4.1306015191366896e-05,0.020261229947209358,0.07239992171525955,0.0,0.0,0.0,0.0,1
5,same_02,5,0.1,wrong,0.6247011547695979,4.1306015191366896e-05,0.020261229947209358,0.07239992171525955,0.0,0.0,0.0,0.0,1
5,same_02,5,0.1,oracle,0.6067761147127492,4.1306015191366896e-05,0.020261229947209358,0.07239992171525955,0.0,0.0,0.0,0.0,1
5,same_02,5,0.25,zero,0.6232836483036603,4.1306015191366896e-05,0.020261229947209358,0.07239992171525955,0.0,0.0,0.0,0.0,1
5,same_02,5,0.25,support,0.6069545080420732,4.1306015191366896e-05,0.020261229947209358,0.07239992171525955,0.0,0.0,0.0,0.0,1
5,same_02,5,0.25,wrong,0.6247011547695979,4.1306015191366896e-05,0.020261229947209358,0.07239992171525955,0.0,0.0,0.0,0.0,1
5,same_02,5,0.25,oracle,0.6067761147127492,4.1306015191366896e-05,0.020261229947209358,0.07239992171525955,0.0,0.0,0.0,0.0,1
5,same_03,0,0.0,zero,0.5020875195925141,0,0,0,0,0,0,0,1
5,same_03,0,0.0,support,0.5020875195925141,0,0,0,0,0,0,0,1
5,same_03,0,0.0,wrong,0.5020875195925141,0,0,0,0,0,0,0,1
5,same_03,0,0.0,oracle,0.5020875195925141,0,0,0,0,0,0,0,1
5,same_03,1,0.05,zero,0.5020764026437258,4.1306015191366896e-05,4.1306015191366896e-05,4.1306015191366896e-05,0.0,0.0,0.0,0.0,1
5,same_03,1,0.05,support,0.5020660750640822,4.1306015191366896e-05,4.1306015191366896e-05,4.1306015191366896e-05,0.0,0.0,0.0,0.0,1
5,same_03,1,0.05,wrong,0.5020666342005597,4.1306015191366896e-05,4.1306015191366896e-05,4.1306015191366896e-05,0.0,0.0,0.0,0.0,1
5,same_03,1,0.05,oracle,0.5020626544644551,4.1306015191366896e-05,4.1306015191366896e-05,4.1306015191366896e-05,0.0,0.0,0.0,0.0,1
5,same_03,1,0.1,zero,0.5020764026437258,4.1306015191366896e-05,4.1306015191366896e-05,4.1306015191366896e-05,0.0,0.0,0.0,0.0,1
5,same_03,1,0.1,support,0.5020660750640822,4.1306015191366896e-05,4.1306015191366896e-05,4.1306015191366896e-05,0.0,0.0,0.0,0.0,1
5,same_03,1,0.1,wrong,0.5020666342005597,4.1306015191366896e-05,4.1306015191366896e-05,4.1306015191366896e-05,0.0,0.0,0.0,0.0,1
5,same_03,1,0.1,oracle,0.5020626544644551,4.1306015191366896e-05,4.1306015191366896e-05,4.1306015191366896e-05,0.0,0.0,0.0,0.0,1
5,same_03,1,0.25,zero,0.5020764026437258,4.1306015191366896e-05,4.1306015191366896e-05,4.1306015191366896e-05,0.0,0.0,0.0,0.0,1
5,same_03,1,0.25,support,0.5020660750640822,4.1306015191366896e-05,4.1306015191366896e-05,4.1306015191366896e-05,0.0,0.0,0.0,0.0,1
5,same_03,1,0.25,wrong,0.5020666342005597,4.1306015191366896e-05,4.1306015191366896e-05,4.1306015191366896e-05,0.0,0.0,0.0,0.0,1
5,same_03,1,0.25,oracle,0.5020626544644551,4.1306015191366896e-05,4.1306015191366896e-05,4.1306015191366896e-05,0.0,0.0,0.0,0.0,1
5,same_03,3,0.05,zero,0.4991238331386279,4.1306015191366896e-05,0.006148516666144133,0.020261229947209358,0.0,0.0,0.0,0.0,1
5,same_03,3,0.05,support,0.49391554263132303,4.1306015191366896e-05,0.006148516666144133,0.020261229947209358,0.0,0.0,0.0,0.0,1
5,same_03,3,0.05,wrong,0.4945680220102039,4.1306015191366896e-05,0.006148516666144133,0.020261229947209358,0.0,0.0,0.0,0.0,1
5,same_03,3,0.05,oracle,0.49297188470918024,4.1306015191366896e-05,0.006148516666144133,0.020261229947209358,0.0,0.0,0.0,0.0,1
5,same_03,3,0.1,zero,0.4991238331386279,4.1306015191366896e-05,0.006148516666144133,0.020261229947209358,0.0,0.0,0.0,0.0,1
5,same_03,3,0.1,support,0.49391554263132303,4.1306015191366896e-05,0.006148516666144133,0.020261229947209358,0.0,0.0,0.0,0.0,1
5,same_03,3,0.1,wrong,0.4945680220102039,4.1306015191366896e-05,0.006148516666144133,0.020261229947209358,0.0,0.0,0.0,0.0,1
5,same_03,3,0.1,oracle,0.49297188470918024,4.1306015191366896e-05,0.006148516666144133,0.020261229947209358,0.0,0.0,0.0,0.0,1
5,same_03,3,0.25,zero,0.4991238331386279,4.1306015191366896e-05,0.006148516666144133,0.020261229947209358,0.0,0.0,0.0,0.0,1
5,same_03,3,0.25,support,0.49391554263132303,4.1306015191366896e-05,0.006148516666144133,0.020261229947209358,0.0,0.0,0.0,0.0,1
5,same_03,3,0.25,wrong,0.4945680220102039,4.1306015191366896e-05,0.006148516666144133,0.020261229947209358,0.0,0.0,0.0,0.0,1
5,same_03,3,0.25,oracle,0.49297188470918024,4.1306015191366896e-05,0.006148516666144133,0.020261229947209358,0.0,0.0,0.0,0.0,1
5,same_03,5,0.05,zero,0.49331022805883984,4.1306015191366896e-05,0.020261229947209358,0.05000000074505806,0.0,0.0,0.0,0.0,1
5,same_03,5,0.05,support,0.47747725909614597,4.1306015191366896e-05,0.020261229947209358,0.05000000074505806,0.0,0.0,0.0,0.0,1
5,same_03,5,0.05,wrong,0.4792216991252356,4.1306015191366896e-05,0.020261229947209358,0.05000000074505806,0.0,0.0,0.0,0.0,1
5,same_03,5,0.05,oracle,0.4747391019849852,4.1306015191366896e-05,0.020261229947209358,0.05000000074505806,0.0,0.0,0.0,0.0,1
5,same_03,5,0.1,zero,0.4921280162030836,4.1306015191366896e-05,0.020261229947209358,0.07239992171525955,0.0,0.0,0.0,0.0,1
5,same_03,5,0.1,support,0.4741285907322991,4.1306015191366896e-05,0.020261229947209358,0.07239992171525955,0.0,0.0,0.0,0.0,1
5,same_03,5,0.1,wrong,0.4760314308364312,4.1306015191366896e-05,0.020261229947209358,0.07239992171525955,0.0,0.0,0.0,0.0,1
5,same_03,5,0.1,oracle,0.4709433546717924,4.1306015191366896e-05,0.020261229947209358,0.07239992171525955,0.0,0.0,0.0,0.0,1
5,same_03,5,0.25,zero,0.4921280162030836,4.1306015191366896e-05,0.020261229947209358,0.07239992171525955,0.0,0.0,0.0,0.0,1
5,same_03,5,0.25,support,0.4741285907322991,4.1306015191366896e-05,0.020261229947209358,0.07239992171525955,0.0,0.0,0.0,0.0,1
5,same_03,5,0.25,wrong,0.4760314308364312,4.1306015191366896e-05,0.020261229947209358,0.07239992171525955,0.0,0.0,0.0,0.0,1
5,same_03,5,0.25,oracle,0.4709433546717924,4.1306015191366896e-05,0.020261229947209358,0.07239992171525955,0.0,0.0,0.0,0.0,1
6,same_01,0,0.0,zero,0.40518289838838895,0,0,0,0,0,0,0,1
6,same_01,0,0.0,support,0.40518289838838895,0,0,0,0,0,0,0,1
6,same_01,0,0.0,wrong,0.40518289838838895,0,0,0,0,0,0,0,1
6,same_01,0,0.0,oracle,0.40518289838838895,0,0,0,0,0,0,0,1
6,same_01,1,0.05,zero,0.40516860386792075,4.1306015191366896e-05,4.1306015191366896e-05,4.1306015191366896e-05,0.0,0.0,0.0,0.0,1
6,same_01,1,0.05,support,0.4051676828292308,4.1306015191366896e-05,4.1306015191366896e-05,4.1306015191366896e-05,0.0,0.0,0.0,0.0,1
6,same_01,1,0.05,wrong,0.40517545639577407,4.1306015191366896e-05,4.1306015191366896e-05,4.1306015191366896e-05,0.0,0.0,0.0,0.0,1
6,same_01,1,0.05,oracle,0.4051653618117321,4.1306015191366896e-05,4.1306015191366896e-05,4.1306015191366896e-05,0.0,0.0,0.0,0.0,1
6,same_01,1,0.1,zero,0.40516860386792075,4.1306015191366896e-05,4.1306015191366896e-05,4.1306015191366896e-05,0.0,0.0,0.0,0.0,1
6,same_01,1,0.1,support,0.4051676828292308,4.1306015191366896e-05,4.1306015191366896e-05,4.1306015191366896e-05,0.0,0.0,0.0,0.0,1
6,same_01,1,0.1,wrong,0.40517545639577407,4.1306015191366896e-05,4.1306015191366896e-05,4.1306015191366896e-05,0.0,0.0,0.0,0.0,1
6,same_01,1,0.1,oracle,0.4051653618117321,4.1306015191366896e-05,4.1306015191366896e-05,4.1306015191366896e-05,0.0,0.0,0.0,0.0,1
6,same_01,1,0.25,zero,0.40516860386792075,4.1306015191366896e-05,4.1306015191366896e-05,4.1306015191366896e-05,0.0,0.0,0.0,0.0,1
6,same_01,1,0.25,support,0.4051676828292308,4.1306015191366896e-05,4.1306015191366896e-05,4.1306015191366896e-05,0.0,0.0,0.0,0.0,1
6,same_01,1,0.25,wrong,0.40517545639577407,4.1306015191366896e-05,4.1306015191366896e-05,4.1306015191366896e-05,0.0,0.0,0.0,0.0,1
6,same_01,1,0.25,oracle,0.4051653618117321,4.1306015191366896e-05,4.1306015191366896e-05,4.1306015191366896e-05,0.0,0.0,0.0,0.0,1
6,same_01,3,0.05,zero,0.40129305726830944,4.1306015191366896e-05,0.006148516666144133,0.020261229947209358,0.0,0.0,0.0,0.0,1
6,same_01,3,0.05,support,0.4004992692837548,4.1306015191366896e-05,0.006148516666144133,0.020261229947209358,0.0,0.0,0.0,0.0,1
6,same_01,3,0.05,wrong,0.40266301021575507,4.1306015191366896e-05,0.006148516666144133,0.020261229947209358,0.0,0.0,0.0,0.0,1
6,same_01,3,0.05,oracle,0.40039404982381377,4.1306015191366896e-05,0.006148516666144133,0.020261229947209358,0.0,0.0,0.0,0.0,1
6,same_01,3,0.1,zero,0.40129305726830944,4.1306015191366896e-05,0.006148516666144133,0.020261229947209358,0.0,0.0,0.0,0.0,1
6,same_01,3,0.1,support,0.4004992692837548,4.1306015191366896e-05,0.006148516666144133,0.020261229947209358,0.0,0.0,0.0,0.0,1
6,same_01,3,0.1,wrong,0.40266301021575507,4.1306015191366896e-05,0.006148516666144133,0.020261229947209358,0.0,0.0,0.0,0.0,1
6,same_01,3,0.1,oracle,0.40039404982381377,4.1306015191366896e-05,0.006148516666144133,0.020261229947209358,0.0,0.0,0.0,0.0,1
6,same_01,3,0.25,zero,0.40129305726830944,4.1306015191366896e-05,0.006148516666144133,0.020261229947209358,0.0,0.0,0.0,0.0,1
6,same_01,3,0.25,support,0.4004992692837548,4.1306015191366896e-05,0.006148516666144133,0.020261229947209358,0.0,0.0,0.0,0.0,1
6,same_01,3,0.25,wrong,0.40266301021575507,4.1306015191366896e-05,0.006148516666144133,0.020261229947209358,0.0,0.0,0.0,0.0,1
6,same_01,3,0.25,oracle,0.40039404982381377,4.1306015191366896e-05,0.006148516666144133,0.020261229947209358,0.0,0.0,0.0,0.0,1
6,same_01,5,0.05,zero,0.3953527998166422,4.1306015191366896e-05,0.020261229947209358,0.05000000074505806,0.0,0.0,0.0,0.0,1
6,same_01,5,0.05,support,0.3929449836318026,4.1306015191366896e-05,0.020261229947209358,0.05000000074505806,0.0,0.0,0.0,0.0,1
6,same_01,5,0.05,wrong,0.39929164019502755,4.1306015191366896e-05,0.020261229947209358,0.05000000074505806,0.0,0.0,0.0,0.0,1
6,same_01,5,0.05,oracle,0.39292700495657457,4.1306015191366896e-05,0.020261229947209358,0.05000000074505806,0.0,0.0,0.0,0.0,1
6,same_01,5,0.1,zero,0.39415861789278833,4.1306015191366896e-05,0.020261229947209358,0.07239992171525955,0.0,0.0,0.0,0.0,1
6,same_01,5,0.1,support,0.3914275908108682,4.1306015191366896e-05,0.020261229947209358,0.07239992171525955,0.0,0.0,0.0,0.0,1
6,same_01,5,0.1,wrong,0.39875316413532963,4.1306015191366896e-05,0.020261229947209358,0.07239992171525955,0.0,0.0,0.0,0.0,1
6,same_01,5,0.1,oracle,0.391390454530889,4.1306015191366896e-05,0.020261229947209358,0.07239992171525955,0.0,0.0,0.0,0.0,1
6,same_01,5,0.25,zero,0.39415861789278833,4.1306015191366896e-05,0.020261229947209358,0.07239992171525955,0.0,0.0,0.0,0.0,1
6,same_01,5,0.25,support,0.3914275908108682,4.1306015191366896e-05,0.020261229947209358,0.07239992171525955,0.0,0.0,0.0,0.0,1
6,same_01,5,0.25,wrong,0.39875316413532963,4.1306015191366896e-05,0.020261229947209358,0.07239992171525955,0.0,0.0,0.0,0.0,1
6,same_01,5,0.25,oracle,0.391390454530889,4.1306015191366896e-05,0.020261229947209358,0.07239992171525955,0.0,0.0,0.0,0.0,1
6,same_02,0,0.0,zero,0.21768474708577326,0,0,0,0,0,0,0,1
6,same_02,0,0.0,support,0.21768474708577326,0,0,0,0,0,0,0,1
6,same_02,0,0.0,wrong,0.21768474708577326,0,0,0,0,0,0,0,1
6,same_02,0,0.0,oracle,0.21768474708577326,0,0,0,0,0,0,0,1
6,same_02,1,0.05,zero,0.21767758793164046,4.1306015191366896e-05,4.1306015191366896e-05,4.1306015191366896e-05,0.0,0.0,0.0,0.0,1
6,same_02,1,0.05,support,0.21767230727276118,4.1306015191366896e-05,4.1306015191366896e-05,4.1306015191366896e-05,0.0,0.0,0.0,0.0,1
6,same_02,1,0.05,wrong,0.21767723310475925,4.1306015191366896e-05,4.1306015191366896e-05,4.1306015191366896e-05,0.0,0.0,0.0,0.0,1
6,same_02,1,0.05,oracle,0.21767570943638698,4.1306015191366896e-05,4.1306015191366896e-05,4.1306015191366896e-05,0.0,0.0,0.0,0.0,1
6,same_02,1,0.1,zero,0.21767758793164046,4.1306015191366896e-05,4.1306015191366896e-05,4.1306015191366896e-05,0.0,0.0,0.0,0.0,1
6,same_02,1,0.1,support,0.21767230727276118,4.1306015191366896e-05,4.1306015191366896e-05,4.1306015191366896e-05,0.0,0.0,0.0,0.0,1
6,same_02,1,0.1,wrong,0.21767723310475925,4.1306015191366896e-05,4.1306015191366896e-05,4.1306015191366896e-05,0.0,0.0,0.0,0.0,1
6,same_02,1,0.1,oracle,0.21767570943638698,4.1306015191366896e-05,4.1306015191366896e-05,4.1306015191366896e-05,0.0,0.0,0.0,0.0,1
6,same_02,1,0.25,zero,0.21767758793164046,4.1306015191366896e-05,4.1306015191366896e-05,4.1306015191366896e-05,0.0,0.0,0.0,0.0,1
6,same_02,1,0.25,support,0.21767230727276118,4.1306015191366896e-05,4.1306015191366896e-05,4.1306015191366896e-05,0.0,0.0,0.0,0.0,1
6,same_02,1,0.25,wrong,0.21767723310475925,4.1306015191366896e-05,4.1306015191366896e-05,4.1306015191366896e-05,0.0,0.0,0.0,0.0,1
6,same_02,1,0.25,oracle,0.21767570943638698,4.1306015191366896e-05,4.1306015191366896e-05,4.1306015191366896e-05,0.0,0.0,0.0,0.0,1
6,same_02,3,0.05,zero,0.21562472657427775,4.1306015191366896e-05,0.006148516666144133,0.020261229947209358,0.0,0.0,0.0,0.0,1
6,same_02,3,0.05,support,0.21862777257519928,4.1306015191366896e-05,0.006148516666144133,0.020261229947209358,0.0,0.0,0.0,0.0,1
6,same_02,3,0.05,wrong,0.21525537266310088,4.1306015191366896e-05,0.006148516666144133,0.020261229947209358,0.0,0.0,0.0,0.0,1
6,same_02,3,0.05,oracle,0.21486696246118572,4.1306015191366896e-05,0.006148516666144133,0.020261229947209358,0.0,0.0,0.0,0.0,1
6,same_02,3,0.1,zero,0.21562472657427775,4.1306015191366896e-05,0.006148516666144133,0.020261229947209358,0.0,0.0,0.0,0.0,1
6,same_02,3,0.1,support,0.21862777257519928,4.1306015191366896e-05,0.006148516666144133,0.020261229947209358,0.0,0.0,0.0,0.0,1
6,same_02,3,0.1,wrong,0.21525537266310088,4.1306015191366896e-05,0.006148516666144133,0.020261229947209358,0.0,0.0,0.0,0.0,1
6,same_02,3,0.1,oracle,0.21486696246118572,4.1306015191366896e-05,0.006148516666144133,0.020261229947209358,0.0,0.0,0.0,0.0,1
6,same_02,3,0.25,zero,0.21562472657427775,4.1306015191366896e-05,0.006148516666144133,0.020261229947209358,0.0,0.0,0.0,0.0,1
6,same_02,3,0.25,support,0.21862777257519928,4.1306015191366896e-05,0.006148516666144133,0.020261229947209358,0.0,0.0,0.0,0.0,1
6,same_02,3,0.25,wrong,0.21525537266310088,4.1306015191366896e-05,0.006148516666144133,0.020261229947209358,0.0,0.0,0.0,0.0,1
6,same_02,3,0.25,oracle,0.21486696246118572,4.1306015191366896e-05,0.006148516666144133,0.020261229947209358,0.0,0.0,0.0,0.0,1
6,same_02,5,0.05,zero,0.21246839536067072,4.1306015191366896e-05,0.020261229947209358,0.05000000074505806,0.0,0.0,0.0,0.0,1
6,same_02,5,0.05,support,0.25568436838107694,4.1306015191366896e-05,0.020261229947209358,0.05000000074505806,0.0,0.0,0.0,0.0,1
6,same_02,5,0.05,wrong,0.21513752839419803,4.1306015191366896e-05,0.020261229947209358,0.05000000074505806,0.0,0.0,0.0,0.0,1
6,same_02,5,0.05,oracle,0.21000504104607948,4.1306015191366896e-05,0.020261229947209358,0.05000000074505806,0.0,0.0,0.0,0.0,1
6,same_02,5,0.1,zero,0.21185581805850467,4.1306015191366896e-05,0.020261229947209358,0.07239992171525955,0.0,0.0,0.0,0.0,1
6,same_02,5,0.1,support,0.26638726206524366,4.1306015191366896e-05,0.020261229947209358,0.07239992171525955,0.0,0.0,0.0,0.0,1
6,same_02,5,0.1,wrong,0.21641459208403513,4.1306015191366896e-05,0.020261229947209358,0.07239992171525955,0.0,0.0,0.0,0.0,1
6,same_02,5,0.1,oracle,0.20898810720451302,4.1306015191366896e-05,0.020261229947209358,0.07239992171525955,0.0,0.0,0.0,0.0,1
6,same_02,5,0.25,zero,0.21185581805850467,4.1306015191366896e-05,0.020261229947209358,0.07239992171525955,0.0,0.0,0.0,0.0,1
6,same_02,5,0.25,support,0.26638726206524366,4.1306015191366896e-05,0.020261229947209358,0.07239992171525955,0.0,0.0,0.0,0.0,1
6,same_02,5,0.25,wrong,0.21641459208403513,4.1306015191366896e-05,0.020261229947209358,0.07239992171525955,0.0,0.0,0.0,0.0,1
6,same_02,5,0.25,oracle,0.20898810720451302,4.1306015191366896e-05,0.020261229947209358,0.07239992171525955,0.0,0.0,0.0,0.0,1
6,same_03,0,0.0,zero,0.4587881955272877,0,0,0,0,0,0,0,1
6,same_03,0,0.0,support,0.4587881955272877,0,0,0,0,0,0,0,1
6,same_03,0,0.0,wrong,0.4587881955272877,0,0,0,0,0,0,0,1
6,same_03,0,0.0,oracle,0.4587881955272877,0,0,0,0,0,0,0,1
6,same_03,1,0.05,zero,0.4587774007386108,4.1306015191366896e-05,4.1306015191366896e-05,4.1306015191366896e-05,0.0,0.0,0.0,0.0,1
6,same_03,1,0.05,support,0.4587708853125879,4.1306015191366896e-05,4.1306015191366896e-05,4.1306015191366896e-05,0.0,0.0,0.0,0.0,1
6,same_03,1,0.05,wrong,0.4587777477139611,4.1306015191366896e-05,4.1306015191366896e-05,4.1306015191366896e-05,0.0,0.0,0.0,0.0,1
6,same_03,1,0.05,oracle,0.45876957451682,4.1306015191366896e-05,4.1306015191366896e-05,4.1306015191366896e-05,0.0,0.0,0.0,0.0,1
6,same_03,1,0.1,zero,0.4587774007386108,4.1306015191366896e-05,4.1306015191366896e-05,4.1306015191366896e-05,0.0,0.0,0.0,0.0,1
6,same_03,1,0.1,support,0.4587708853125879,4.1306015191366896e-05,4.1306015191366896e-05,4.1306015191366896e-05,0.0,0.0,0.0,0.0,1
6,same_03,1,0.1,wrong,0.4587777477139611,4.1306015191366896e-05,4.1306015191366896e-05,4.1306015191366896e-05,0.0,0.0,0.0,0.0,1
6,same_03,1,0.1,oracle,0.45876957451682,4.1306015191366896e-05,4.1306015191366896e-05,4.1306015191366896e-05,0.0,0.0,0.0,0.0,1
6,same_03,1,0.25,zero,0.4587774007386108,4.1306015191366896e-05,4.1306015191366896e-05,4.1306015191366896e-05,0.0,0.0,0.0,0.0,1
6,same_03,1,0.25,support,0.4587708853125879,4.1306015191366896e-05,4.1306015191366896e-05,4.1306015191366896e-05,0.0,0.0,0.0,0.0,1
6,same_03,1,0.25,wrong,0.4587777477139611,4.1306015191366896e-05,4.1306015191366896e-05,4.1306015191366896e-05,0.0,0.0,0.0,0.0,1
6,same_03,1,0.25,oracle,0.45876957451682,4.1306015191366896e-05,4.1306015191366896e-05,4.1306015191366896e-05,0.0,0.0,0.0,0.0,1
6,same_03,3,0.05,zero,0.4555988752126834,4.1306015191366896e-05,0.006148516666144133,0.020261229947209358,0.0,0.0,0.0,0.0,1
6,same_03,3,0.05,support,0.4531416343344597,4.1306015191366896e-05,0.006148516666144133,0.020261229947209358,0.0,0.0,0.0,0.0,1
6,same_03,3,0.05,wrong,0.4559994775310483,4.1306015191366896e-05,0.006148516666144133,0.020261229947209358,0.0,0.0,0.0,0.0,1
6,same_03,3,0.05,oracle,0.45301826532100886,4.1306015191366896e-05,0.006148516666144133,0.020261229947209358,0.0,0.0,0.0,0.0,1
6,same_03,3,0.1,zero,0.4555988752126834,4.1306015191366896e-05,0.006148516666144133,0.020261229947209358,0.0,0.0,0.0,0.0,1
6,same_03,3,0.1,support,0.4531416343344597,4.1306015191366896e-05,0.006148516666144133,0.020261229947209358,0.0,0.0,0.0,0.0,1
6,same_03,3,0.1,wrong,0.4559994775310483,4.1306015191366896e-05,0.006148516666144133,0.020261229947209358,0.0,0.0,0.0,0.0,1
6,same_03,3,0.1,oracle,0.45301826532100886,4.1306015191366896e-05,0.006148516666144133,0.020261229947209358,0.0,0.0,0.0,0.0,1
6,same_03,3,0.25,zero,0.4555988752126834,4.1306015191366896e-05,0.006148516666144133,0.020261229947209358,0.0,0.0,0.0,0.0,1
6,same_03,3,0.25,support,0.4531416343344597,4.1306015191366896e-05,0.006148516666144133,0.020261229947209358,0.0,0.0,0.0,0.0,1
6,same_03,3,0.25,wrong,0.4559994775310483,4.1306015191366896e-05,0.006148516666144133,0.020261229947209358,0.0,0.0,0.0,0.0,1
6,same_03,3,0.25,oracle,0.45301826532100886,4.1306015191366896e-05,0.006148516666144133,0.020261229947209358,0.0,0.0,0.0,0.0,1
6,same_03,5,0.05,zero,0.4512114104605712,4.1306015191366896e-05,0.020261229947209358,0.05000000074505806,0.0,0.0,0.0,0.0,1
6,same_03,5,0.05,support,0.4436247558727787,4.1306015191366896e-05,0.020261229947209358,0.05000000074505806,0.0,0.0,0.0,0.0,1
6,same_03,5,0.05,wrong,0.45311530276065126,4.1306015191366896e-05,0.020261229947209358,0.05000000074505806,0.0,0.0,0.0,0.0,1
6,same_03,5,0.05,oracle,0.4434119057717593,4.1306015191366896e-05,0.020261229947209358,0.05000000074505806,0.0,0.0,0.0,0.0,1
6,same_03,5,0.1,zero,0.4504254341864393,4.1306015191366896e-05,0.020261229947209358,0.07239992171525955,0.0,0.0,0.0,0.0,1
6,same_03,5,0.1,support,0.44170794837910304,4.1306015191366896e-05,0.020261229947209358,0.07239992171525955,0.0,0.0,0.0,0.0,1
6,same_03,5,0.1,wrong,0.4527583036779779,4.1306015191366896e-05,0.020261229947209358,0.07239992171525955,0.0,0.0,0.0,0.0,1
6,same_03,5,0.1,oracle,0.44143784734527913,4.1306015191366896e-05,0.020261229947209358,0.07239992171525955,0.0,0.0,0.0,0.0,1
6,same_03,5,0.25,zero,0.4504254341864393,4.1306015191366896e-05,0.020261229947209358,0.07239992171525955,0.0,0.0,0.0,0.0,1
6,same_03,5,0.25,support,0.44170794837910304,4.1306015191366896e-05,0.020261229947209358,0.07239992171525955,0.0,0.0,0.0,0.0,1
6,same_03,5,0.25,wrong,0.4527583036779779,4.1306015191366896e-05,0.020261229947209358,0.07239992171525955,0.0,0.0,0.0,0.0,1
6,same_03,5,0.25,oracle,0.44143784734527913,4.1306015191366896e-05,0.020261229947209358,0.07239992171525955,0.0,0.0,0.0,0.0,1
7,same_01,0,0.0,zero,0.31521735929853206,0,0,0,0,0,0,0,1
7,same_01,0,0.0,support,0.31521735929853206,0,0,0,0,0,0,0,1
7,same_01,0,0.0,wrong,0.31521735929853206,0,0,0,0,0,0,0,1
7,same_01,0,0.0,oracle,0.31521735929853206,0,0,0,0,0,0,0,1
7,same_01,1,0.05,zero,0.3152081198606311,4.1306015191366896e-05,4.1306015191366896e-05,4.1306015191366896e-05,0.0,0.0,0.0,0.0,1
7,same_01,1,0.05,support,0.3152123842165854,4.1306015191366896e-05,4.1306015191366896e-05,4.1306015191366896e-05,0.0,0.0,0.0,0.0,1
7,same_01,1,0.05,wrong,0.3152146940760606,4.1306015191366896e-05,4.1306015191366896e-05,4.1306015191366896e-05,0.0,0.0,0.0,0.0,1
7,same_01,1,0.05,oracle,0.315204870827523,4.1306015191366896e-05,4.1306015191366896e-05,4.1306015191366896e-05,0.0,0.0,0.0,0.0,1
7,same_01,1,0.1,zero,0.3152081198606311,4.1306015191366896e-05,4.1306015191366896e-05,4.1306015191366896e-05,0.0,0.0,0.0,0.0,1
7,same_01,1,0.1,support,0.3152123842165854,4.1306015191366896e-05,4.1306015191366896e-05,4.1306015191366896e-05,0.0,0.0,0.0,0.0,1
7,same_01,1,0.1,wrong,0.3152146940760606,4.1306015191366896e-05,4.1306015191366896e-05,4.1306015191366896e-05,0.0,0.0,0.0,0.0,1
7,same_01,1,0.1,oracle,0.315204870827523,4.1306015191366896e-05,4.1306015191366896e-05,4.1306015191366896e-05,0.0,0.0,0.0,0.0,1
7,same_01,1,0.25,zero,0.3152081198606311,4.1306015191366896e-05,4.1306015191366896e-05,4.1306015191366896e-05,0.0,0.0,0.0,0.0,1
7,same_01,1,0.25,support,0.3152123842165854,4.1306015191366896e-05,4.1306015191366896e-05,4.1306015191366896e-05,0.0,0.0,0.0,0.0,1
7,same_01,1,0.25,wrong,0.3152146940760606,4.1306015191366896e-05,4.1306015191366896e-05,4.1306015191366896e-05,0.0,0.0,0.0,0.0,1
7,same_01,1,0.25,oracle,0.315204870827523,4.1306015191366896e-05,4.1306015191366896e-05,4.1306015191366896e-05,0.0,0.0,0.0,0.0,1
7,same_01,3,0.05,zero,0.31230584488765867,4.1306015191366896e-05,0.006148516666144133,0.020261229947209358,0.0,0.0,0.0,0.0,1
7,same_01,3,0.05,support,0.31269499275156026,4.1306015191366896e-05,0.006148516666144133,0.020261229947209358,0.0,0.0,0.0,0.0,1
7,same_01,3,0.05,wrong,0.31329778992538676,4.1306015191366896e-05,0.006148516666144133,0.020261229947209358,0.0,0.0,0.0,0.0,1
7,same_01,3,0.05,oracle,0.31137989583493775,4.1306015191366896e-05,0.006148516666144133,0.020261229947209358,0.0,0.0,0.0,0.0,1
7,same_01,3,0.1,zero,0.31230584488765867,4.1306015191366896e-05,0.006148516666144133,0.020261229947209358,0.0,0.0,0.0,0.0,1
7,same_01,3,0.1,support,0.31269499275156026,4.1306015191366896e-05,0.006148516666144133,0.020261229947209358,0.0,0.0,0.0,0.0,1
7,same_01,3,0.1,wrong,0.31329778992538676,4.1306015191366896e-05,0.006148516666144133,0.020261229947209358,0.0,0.0,0.0,0.0,1
7,same_01,3,0.1,oracle,0.31137989583493775,4.1306015191366896e-05,0.006148516666144133,0.020261229947209358,0.0,0.0,0.0,0.0,1
7,same_01,3,0.25,zero,0.31230584488765867,4.1306015191366896e-05,0.006148516666144133,0.020261229947209358,0.0,0.0,0.0,0.0,1
7,same_01,3,0.25,support,0.31269499275156026,4.1306015191366896e-05,0.006148516666144133,0.020261229947209358,0.0,0.0,0.0,0.0,1
7,same_01,3,0.25,wrong,0.31329778992538676,4.1306015191366896e-05,0.006148516666144133,0.020261229947209358,0.0,0.0,0.0,0.0,1
7,same_01,3,0.25,oracle,0.31137989583493775,4.1306015191366896e-05,0.006148516666144133,0.020261229947209358,0.0,0.0,0.0,0.0,1
7,same_01,5,0.05,zero,0.3070890399543446,4.1306015191366896e-05,0.020261229947209358,0.05000000074505806,0.0,0.0,0.0,0.0,1
7,same_01,5,0.05,support,0.30773120627153494,4.1306015191366896e-05,0.020261229947209358,0.05000000074505806,0.0,0.0,0.0,0.0,1
7,same_01,5,0.05,wrong,0.3098969660518279,4.1306015191366896e-05,0.020261229947209358,0.05000000074505806,0.0,0.0,0.0,0.0,1
7,same_01,5,0.05,oracle,0.3046585347418884,4.1306015191366896e-05,0.020261229947209358,0.05000000074505806,0.0,0.0,0.0,0.0,1
7,same_01,5,0.1,zero,0.30599904011273865,4.1306015191366896e-05,0.020261229947209358,0.07239992171525955,0.0,0.0,0.0,0.0,1
7,same_01,5,0.1,support,0.3067007297317912,4.1306015191366896e-05,0.020261229947209358,0.07239992171525955,0.0,0.0,0.0,0.0,1
7,same_01,5,0.1,wrong,0.309268481209991,4.1306015191366896e-05,0.020261229947209358,0.07239992171525955,0.0,0.0,0.0,0.0,1
7,same_01,5,0.1,oracle,0.3032529217935216,4.1306015191366896e-05,0.020261229947209358,0.07239992171525955,0.0,0.0,0.0,0.0,1
7,same_01,5,0.25,zero,0.30599904011273865,4.1306015191366896e-05,0.020261229947209358,0.07239992171525955,0.0,0.0,0.0,0.0,1
7,same_01,5,0.25,support,0.3067007297317912,4.1306015191366896e-05,0.020261229947209358,0.07239992171525955,0.0,0.0,0.0,0.0,1
7,same_01,5,0.25,wrong,0.309268481209991,4.1306015191366896e-05,0.020261229947209358,0.07239992171525955,0.0,0.0,0.0,0.0,1
7,same_01,5,0.25,oracle,0.3032529217935216,4.1306015191366896e-05,0.020261229947209358,0.07239992171525955,0.0,0.0,0.0,0.0,1
7,same_02,0,0.0,zero,0.4683548190598552,0,0,0,0,0,0,0,1
7,same_02,0,0.0,support,0.4683548190598552,0,0,0,0,0,0,0,1
7,same_02,0,0.0,wrong,0.4683548190598552,0,0,0,0,0,0,0,1
7,same_02,0,0.0,oracle,0.4683548190598552,0,0,0,0,0,0,0,1
7,same_02,1,0.05,zero,0.4683437201190654,4.1306015191366896e-05,4.1306015191366896e-05,4.1306015191366896e-05,0.0,0.0,0.0,0.0,1
7,same_02,1,0.05,support,0.46834014885105096,4.1306015191366896e-05,4.1306015191366896e-05,4.1306015191366896e-05,0.0,0.0,0.0,0.0,1
7,same_02,1,0.05,wrong,0.46834228460937327,4.1306015191366896e-05,4.1306015191366896e-05,4.1306015191366896e-05,0.0,0.0,0.0,0.0,1
7,same_02,1,0.05,oracle,0.46833937857755764,4.1306015191366896e-05,4.1306015191366896e-05,4.1306015191366896e-05,0.0,0.0,0.0,0.0,1
7,same_02,1,0.1,zero,0.4683437201190654,4.1306015191366896e-05,4.1306015191366896e-05,4.1306015191366896e-05,0.0,0.0,0.0,0.0,1
7,same_02,1,0.1,support,0.46834014885105096,4.1306015191366896e-05,4.1306015191366896e-05,4.1306015191366896e-05,0.0,0.0,0.0,0.0,1
7,same_02,1,0.1,wrong,0.46834228460937327,4.1306015191366896e-05,4.1306015191366896e-05,4.1306015191366896e-05,0.0,0.0,0.0,0.0,1
7,same_02,1,0.1,oracle,0.46833937857755764,4.1306015191366896e-05,4.1306015191366896e-05,4.1306015191366896e-05,0.0,0.0,0.0,0.0,1
7,same_02,1,0.25,zero,0.4683437201190654,4.1306015191366896e-05,4.1306015191366896e-05,4.1306015191366896e-05,0.0,0.0,0.0,0.0,1
7,same_02,1,0.25,support,0.46834014885105096,4.1306015191366896e-05,4.1306015191366896e-05,4.1306015191366896e-05,0.0,0.0,0.0,0.0,1
7,same_02,1,0.25,wrong,0.46834228460937327,4.1306015191366896e-05,4.1306015191366896e-05,4.1306015191366896e-05,0.0,0.0,0.0,0.0,1
7,same_02,1,0.25,oracle,0.46833937857755764,4.1306015191366896e-05,4.1306015191366896e-05,4.1306015191366896e-05,0.0,0.0,0.0,0.0,1
7,same_02,3,0.05,zero,0.462543735776652,4.1306015191366896e-05,0.006148516666144133,0.020261229947209358,0.0,0.0,0.0,0.0,1
7,same_02,3,0.05,support,0.46158628582447647,4.1306015191366896e-05,0.006148516666144133,0.020261229947209358,0.0,0.0,0.0,0.0,1
7,same_02,3,0.05,wrong,0.46193465951803847,4.1306015191366896e-05,0.006148516666144133,0.020261229947209358,0.0,0.0,0.0,0.0,1
7,same_02,3,0.05,oracle,0.46111939505024035,4.1306015191366896e-05,0.006148516666144133,0.020261229947209358,0.0,0.0,0.0,0.0,1
7,same_02,3,0.1,zero,0.462543735776652,4.1306015191366896e-05,0.006148516666144133,0.020261229947209358,0.0,0.0,0.0,0.0,1
7,same_02,3,0.1,support,0.46158628582447647,4.1306015191366896e-05,0.006148516666144133,0.020261229947209358,0.0,0.0,0.0,0.0,1
7,same_02,3,0.1,wrong,0.46193465951803847,4.1306015191366896e-05,0.006148516666144133,0.020261229947209358,0.0,0.0,0.0,0.0,1
7,same_02,3,0.1,oracle,0.46111939505024035,4.1306015191366896e-05,0.006148516666144133,0.020261229947209358,0.0,0.0,0.0,0.0,1
7,same_02,3,0.25,zero,0.462543735776652,4.1306015191366896e-05,0.006148516666144133,0.020261229947209358,0.0,0.0,0.0,0.0,1
7,same_02,3,0.25,support,0.46158628582447647,4.1306015191366896e-05,0.006148516666144133,0.020261229947209358,0.0,0.0,0.0,0.0,1
7,same_02,3,0.25,wrong,0.46193465951803847,4.1306015191366896e-05,0.006148516666144133,0.020261229947209358,0.0,0.0,0.0,0.0,1
7,same_02,3,0.25,oracle,0.46111939505024035,4.1306015191366896e-05,0.006148516666144133,0.020261229947209358,0.0,0.0,0.0,0.0,1
7,same_02,5,0.05,zero,0.45055344850530976,4.1306015191366896e-05,0.020261229947209358,0.05000000074505806,0.0,0.0,0.0,0.0,1
7,same_02,5,0.05,support,0.4484402031764332,4.1306015191366896e-05,0.020261229947209358,0.05000000074505806,0.0,0.0,0.0,0.0,1
7,same_02,5,0.05,wrong,0.44920004296514504,4.1306015191366896e-05,0.020261229947209358,0.05000000074505806,0.0,0.0,0.0,0.0,1
7,same_02,5,0.05,oracle,0.4468940892132167,4.1306015191366896e-05,0.020261229947209358,0.05000000074505806,0.0,0.0,0.0,0.0,1
7,same_02,5,0.1,zero,0.44798623198942567,4.1306015191366896e-05,0.020261229947209358,0.07239992171525955,0.0,0.0,0.0,0.0,1
7,same_02,5,0.1,support,0.4456440403708806,4.1306015191366896e-05,0.020261229947209358,0.07239992171525955,0.0,0.0,0.0,0.0,1
7,same_02,5,0.1,wrong,0.44649904394844686,4.1306015191366896e-05,0.020261229947209358,0.07239992171525955,0.0,0.0,0.0,0.0,1
7,same_02,5,0.1,oracle,0.44385087869090295,4.1306015191366896e-05,0.020261229947209358,0.07239992171525955,0.0,0.0,0.0,0.0,1
7,same_02,5,0.25,zero,0.44798623198942567,4.1306015191366896e-05,0.020261229947209358,0.07239992171525955,0.0,0.0,0.0,0.0,1
7,same_02,5,0.25,support,0.4456440403708806,4.1306015191366896e-05,0.020261229947209358,0.07239992171525955,0.0,0.0,0.0,0.0,1
7,same_02,5,0.25,wrong,0.44649904394844686,4.1306015191366896e-05,0.020261229947209358,0.07239992171525955,0.0,0.0,0.0,0.0,1
7,same_02,5,0.25,oracle,0.44385087869090295,4.1306015191366896e-05,0.020261229947209358,0.07239992171525955,0.0,0.0,0.0,0.0,1
7,same_03,0,0.0,zero,0.5362569758726531,0,0,0,0,0,0,0,1
7,same_03,0,0.0,support,0.5362569758726531,0,0,0,0,0,0,0,1
7,same_03,0,0.0,wrong,0.5362569758726531,0,0,0,0,0,0,0,1
7,same_03,0,0.0,oracle,0.5362569758726531,0,0,0,0,0,0,0,1
7,same_03,1,0.05,zero,0.5362386732070352,4.1306015191366896e-05,4.1306015191366896e-05,4.1306015191366896e-05,0.0,0.0,0.0,0.0,1
7,same_03,1,0.05,support,0.5362329082705081,4.1306015191366896e-05,4.1306015191366896e-05,4.1306015191366896e-05,0.0,0.0,0.0,0.0,1
7,same_03,1,0.05,wrong,0.5362342789547173,4.1306015191366896e-05,4.1306015191366896e-05,4.1306015191366896e-05,0.0,0.0,0.0,0.0,1
7,same_03,1,0.05,oracle,0.5362352868107536,4.1306015191366896e-05,4.1306015191366896e-05,4.1306015191366896e-05,0.0,0.0,0.0,0.0,1
7,same_03,1,0.1,zero,0.5362386732070352,4.1306015191366896e-05,4.1306015191366896e-05,4.1306015191366896e-05,0.0,0.0,0.0,0.0,1
7,same_03,1,0.1,support,0.5362329082705081,4.1306015191366896e-05,4.1306015191366896e-05,4.1306015191366896e-05,0.0,0.0,0.0,0.0,1
7,same_03,1,0.1,wrong,0.5362342789547173,4.1306015191366896e-05,4.1306015191366896e-05,4.1306015191366896e-05,0.0,0.0,0.0,0.0,1
7,same_03,1,0.1,oracle,0.5362352868107536,4.1306015191366896e-05,4.1306015191366896e-05,4.1306015191366896e-05,0.0,0.0,0.0,0.0,1
7,same_03,1,0.25,zero,0.5362386732070352,4.1306015191366896e-05,4.1306015191366896e-05,4.1306015191366896e-05,0.0,0.0,0.0,0.0,1
7,same_03,1,0.25,support,0.5362329082705081,4.1306015191366896e-05,4.1306015191366896e-05,4.1306015191366896e-05,0.0,0.0,0.0,0.0,1
7,same_03,1,0.25,wrong,0.5362342789547173,4.1306015191366896e-05,4.1306015191366896e-05,4.1306015191366896e-05,0.0,0.0,0.0,0.0,1
7,same_03,1,0.25,oracle,0.5362352868107536,4.1306015191366896e-05,4.1306015191366896e-05,4.1306015191366896e-05,0.0,0.0,0.0,0.0,1
7,same_03,3,0.05,zero,0.5299232053985959,4.1306015191366896e-05,0.006148516666144133,0.020261229947209358,0.0,0.0,0.0,0.0,1
7,same_03,3,0.05,support,0.5285438939416588,4.1306015191366896e-05,0.006148516666144133,0.020261229947209358,0.0,0.0,0.0,0.0,1
7,same_03,3,0.05,wrong,0.5286422203765531,4.1306015191366896e-05,0.006148516666144133,0.020261229947209358,0.0,0.0,0.0,0.0,1
7,same_03,3,0.05,oracle,0.5290471769319085,4.1306015191366896e-05,0.006148516666144133,0.020261229947209358,0.0,0.0,0.0,0.0,1
7,same_03,3,0.1,zero,0.5299232053985959,4.1306015191366896e-05,0.006148516666144133,0.020261229947209358,0.0,0.0,0.0,0.0,1
7,same_03,3,0.1,support,0.5285438939416588,4.1306015191366896e-05,0.006148516666144133,0.020261229947209358,0.0,0.0,0.0,0.0,1
7,same_03,3,0.1,wrong,0.5286422203765531,4.1306015191366896e-05,0.006148516666144133,0.020261229947209358,0.0,0.0,0.0,0.0,1
7,same_03,3,0.1,oracle,0.5290471769319085,4.1306015191366896e-05,0.006148516666144133,0.020261229947209358,0.0,0.0,0.0,0.0,1
7,same_03,3,0.25,zero,0.5299232053985959,4.1306015191366896e-05,0.006148516666144133,0.020261229947209358,0.0,0.0,0.0,0.0,1
7,same_03,3,0.25,support,0.5285438939416588,4.1306015191366896e-05,0.006148516666144133,0.020261229947209358,0.0,0.0,0.0,0.0,1
7,same_03,3,0.25,wrong,0.5286422203765531,4.1306015191366896e-05,0.006148516666144133,0.020261229947209358,0.0,0.0,0.0,0.0,1
7,same_03,3,0.25,oracle,0.5290471769319085,4.1306015191366896e-05,0.006148516666144133,0.020261229947209358,0.0,0.0,0.0,0.0,1
7,same_03,5,0.05,zero,0.5184943598332445,4.1306015191366896e-05,0.020261229947209358,0.05000000074505806,0.0,0.0,0.0,0.0,1
7,same_03,5,0.05,support,0.5149632354247239,4.1306015191366896e-05,0.020261229947209358,0.05000000074505806,0.0,0.0,0.0,0.0,1
7,same_03,5,0.05,wrong,0.5150969577636104,4.1306015191366896e-05,0.020261229947209358,0.05000000074505806,0.0,0.0,0.0,0.0,1
7,same_03,5,0.05,oracle,0.5159311803619152,4.1306015191366896e-05,0.020261229947209358,0.05000000074505806,0.0,0.0,0.0,0.0,1
7,same_03,5,0.1,zero,0.5161290023447056,4.1306015191366896e-05,0.020261229947209358,0.07239992171525955,0.0,0.0,0.0,0.0,1
7,same_03,5,0.1,support,0.5121479306873723,4.1306015191366896e-05,0.020261229947209358,0.07239992171525955,0.0,0.0,0.0,0.0,1
7,same_03,5,0.1,wrong,0.5122542796563149,4.1306015191366896e-05,0.020261229947209358,0.07239992171525955,0.0,0.0,0.0,0.0,1
7,same_03,5,0.1,oracle,0.5131668731399965,4.1306015191366896e-05,0.020261229947209358,0.07239992171525955,0.0,0.0,0.0,0.0,1
7,same_03,5,0.25,zero,0.5161290023447056,4.1306015191366896e-05,0.020261229947209358,0.07239992171525955,0.0,0.0,0.0,0.0,1
7,same_03,5,0.25,support,0.5121479306873723,4.1306015191366896e-05,0.020261229947209358,0.07239992171525955,0.0,0.0,0.0,0.0,1
7,same_03,5,0.25,wrong,0.5122542796563149,4.1306015191366896e-05,0.020261229947209358,0.07239992171525955,0.0,0.0,0.0,0.0,1
7,same_03,5,0.25,oracle,0.5131668731399965,4.1306015191366896e-05,0.020261229947209358,0.07239992171525955,0.0,0.0,0.0,0.0,1
8,same_01,0,0.0,zero,0.25177239369786486,0,0,0,0,0,0,0,1
8,same_01,0,0.0,support,0.25177239369786486,0,0,0,0,0,0,0,1
8,same_01,0,0.0,wrong,0.25177239369786486,0,0,0,0,0,0,0,1
8,same_01,0,0.0,oracle,0.25177239369786486,0,0,0,0,0,0,0,1
8,same_01,1,0.05,zero,0.2517649302657811,4.1306015191366896e-05,4.1306015191366896e-05,4.1306015191366896e-05,0.0,0.0,0.0,0.0,1
8,same_01,1,0.05,support,0.2517642973245443,4.1306015191366896e-05,4.1306015191366896e-05,4.1306015191366896e-05,0.0,0.0,0.0,0.0,1
8,same_01,1,0.05,wrong,0.25176680271693996,4.1306015191366896e-05,4.1306015191366896e-05,4.1306015191366896e-05,0.0,0.0,0.0,0.0,1
8,same_01,1,0.05,oracle,0.25176084252029357,4.1306015191366896e-05,4.1306015191366896e-05,4.1306015191366896e-05,0.0,0.0,0.0,0.0,1
8,same_01,1,0.1,zero,0.2517649302657811,4.1306015191366896e-05,4.1306015191366896e-05,4.1306015191366896e-05,0.0,0.0,0.0,0.0,1
8,same_01,1,0.1,support,0.2517642973245443,4.1306015191366896e-05,4.1306015191366896e-05,4.1306015191366896e-05,0.0,0.0,0.0,0.0,1
8,same_01,1,0.1,wrong,0.25176680271693996,4.1306015191366896e-05,4.1306015191366896e-05,4.1306015191366896e-05,0.0,0.0,0.0,0.0,1
8,same_01,1,0.1,oracle,0.25176084252029357,4.1306015191366896e-05,4.1306015191366896e-05,4.1306015191366896e-05,0.0,0.0,0.0,0.0,1
8,same_01,1,0.25,zero,0.2517649302657811,4.1306015191366896e-05,4.1306015191366896e-05,4.1306015191366896e-05,0.0,0.0,0.0,0.0,1
8,same_01,1,0.25,support,0.2517642973245443,4.1306015191366896e-05,4.1306015191366896e-05,4.1306015191366896e-05,0.0,0.0,0.0,0.0,1
8,same_01,1,0.25,wrong,0.25176680271693996,4.1306015191366896e-05,4.1306015191366896e-05,4.1306015191366896e-05,0.0,0.0,0.0,0.0,1
8,same_01,1,0.25,oracle,0.25176084252029357,4.1306015191366896e-05,4.1306015191366896e-05,4.1306015191366896e-05,0.0,0.0,0.0,0.0,1
8,same_01,3,0.05,zero,0.24969252242123768,4.1306015191366896e-05,0.006148516666144133,0.020261229947209358,0.0,0.0,0.0,0.0,1
8,same_01,3,0.05,support,0.24917100521467833,4.1306015191366896e-05,0.006148516666144133,0.020261229947209358,0.0,0.0,0.0,0.0,1
8,same_01,3,0.05,wrong,0.24946627230163856,4.1306015191366896e-05,0.006148516666144133,0.020261229947209358,0.0,0.0,0.0,0.0,1
8,same_01,3,0.05,oracle,0.24812570276212784,4.1306015191366896e-05,0.006148516666144133,0.020261229947209358,0.0,0.0,0.0,0.0,1
8,same_01,3,0.1,zero,0.24969252242123768,4.1306015191366896e-05,0.006148516666144133,0.020261229947209358,0.0,0.0,0.0,0.0,1
8,same_01,3,0.1,support,0.24917100521467833,4.1306015191366896e-05,0.006148516666144133,0.020261229947209358,0.0,0.0,0.0,0.0,1
8,same_01,3,0.1,wrong,0.24946627230163856,4.1306015191366896e-05,0.006148516666144133,0.020261229947209358,0.0,0.0,0.0,0.0,1
8,same_01,3,0.1,oracle,0.24812570276212784,4.1306015191366896e-05,0.006148516666144133,0.020261229947209358,0.0,0.0,0.0,0.0,1
8,same_01,3,0.25,zero,0.24969252242123768,4.1306015191366896e-05,0.006148516666144133,0.020261229947209358,0.0,0.0,0.0,0.0,1
8,same_01,3,0.25,support,0.24917100521467833,4.1306015191366896e-05,0.006148516666144133,0.020261229947209358,0.0,0.0,0.0,0.0,1
8,same_01,3,0.25,wrong,0.24946627230163856,4.1306015191366896e-05,0.006148516666144133,0.020261229947209358,0.0,0.0,0.0,0.0,1
8,same_01,3,0.25,oracle,0.24812570276212784,4.1306015191366896e-05,0.006148516666144133,0.020261229947209358,0.0,0.0,0.0,0.0,1
8,same_01,5,0.05,zero,0.24621514326634064,4.1306015191366896e-05,0.020261229947209358,0.05000000074505806,0.0,0.0,0.0,0.0,1
8,same_01,5,0.05,support,0.24495071128310486,4.1306015191366896e-05,0.020261229947209358,0.05000000074505806,0.0,0.0,0.0,0.0,1
8,same_01,5,0.05,wrong,0.24544596142833763,4.1306015191366896e-05,0.020261229947209358,0.05000000074505806,0.0,0.0,0.0,0.0,1
8,same_01,5,0.05,oracle,0.24194856550682725,4.1306015191366896e-05,0.020261229947209358,0.05000000074505806,0.0,0.0,0.0,0.0,1
8,same_01,5,0.1,zero,0.24550208221799924,4.1306015191366896e-05,0.020261229947209358,0.07239992171525955,0.0,0.0,0.0,0.0,1
8,same_01,5,0.1,support,0.2441085302224593,4.1306015191366896e-05,0.020261229947209358,0.07239992171525955,0.0,0.0,0.0,0.0,1
8,same_01,5,0.1,wrong,0.2446741950802844,4.1306015191366896e-05,0.020261229947209358,0.07239992171525955,0.0,0.0,0.0,0.0,1
8,same_01,5,0.1,oracle,0.24067648548364698,4.1306015191366896e-05,0.020261229947209358,0.07239992171525955,0.0,0.0,0.0,0.0,1
8,same_01,5,0.25,zero,0.24550208221799924,4.1306015191366896e-05,0.020261229947209358,0.07239992171525955,0.0,0.0,0.0,0.0,1
8,same_01,5,0.25,support,0.2441085302224593,4.1306015191366896e-05,0.020261229947209358,0.07239992171525955,0.0,0.0,0.0,0.0,1
8,same_01,5,0.25,wrong,0.2446741950802844,4.1306015191366896e-05,0.020261229947209358,0.07239992171525955,0.0,0.0,0.0,0.0,1
8,same_01,5,0.25,oracle,0.24067648548364698,4.1306015191366896e-05,0.020261229947209358,0.07239992171525955,0.0,0.0,0.0,0.0,1
8,same_02,0,0.0,zero,0.1365196974261386,0,0,0,0,0,0,0,1
8,same_02,0,0.0,support,0.1365196974261386,0,0,0,0,0,0,0,1
8,same_02,0,0.0,wrong,0.1365196974261386,0,0,0,0,0,0,0,1
8,same_02,0,0.0,oracle,0.1365196974261386,0,0,0,0,0,0,0,1
8,same_02,1,0.05,zero,0.13651119776404463,4.1306015191366896e-05,4.1306015191366896e-05,4.1306015191366896e-05,0.0,0.0,0.0,0.0,1
8,same_02,1,0.05,support,0.13651791810879202,4.1306015191366896e-05,4.1306015191366896e-05,4.1306015191366896e-05,0.0,0.0,0.0,0.0,1
8,same_02,1,0.05,wrong,0.1365246247664829,4.1306015191366896e-05,4.1306015191366896e-05,4.1306015191366896e-05,0.0,0.0,0.0,0.0,1
8,same_02,1,0.05,oracle,0.13651474271168124,4.1306015191366896e-05,4.1306015191366896e-05,4.1306015191366896e-05,0.0,0.0,0.0,0.0,1
8,same_02,1,0.1,zero,0.13651119776404463,4.1306015191366896e-05,4.1306015191366896e-05,4.1306015191366896e-05,0.0,0.0,0.0,0.0,1
8,same_02,1,0.1,support,0.13651791810879202,4.1306015191366896e-05,4.1306015191366896e-05,4.1306015191366896e-05,0.0,0.0,0.0,0.0,1
8,same_02,1,0.1,wrong,0.1365246247664829,4.1306015191366896e-05,4.1306015191366896e-05,4.1306015191366896e-05,0.0,0.0,0.0,0.0,1
8,same_02,1,0.1,oracle,0.13651474271168124,4.1306015191366896e-05,4.1306015191366896e-05,4.1306015191366896e-05,0.0,0.0,0.0,0.0,1
8,same_02,1,0.25,zero,0.13651119776404463,4.1306015191366896e-05,4.1306015191366896e-05,4.1306015191366896e-05,0.0,0.0,0.0,0.0,1
8,same_02,1,0.25,support,0.13651791810879202,4.1306015191366896e-05,4.1306015191366896e-05,4.1306015191366896e-05,0.0,0.0,0.0,0.0,1
8,same_02,1,0.25,wrong,0.1365246247664829,4.1306015191366896e-05,4.1306015191366896e-05,4.1306015191366896e-05,0.0,0.0,0.0,0.0,1
8,same_02,1,0.25,oracle,0.13651474271168124,4.1306015191366896e-05,4.1306015191366896e-05,4.1306015191366896e-05,0.0,0.0,0.0,0.0,1
8,same_02,3,0.05,zero,0.1319863663776354,4.1306015191366896e-05,0.006148516666144133,0.020261229947209358,0.0,0.0,0.0,0.0,1
8,same_02,3,0.05,support,0.13570106088910042,4.1306015191366896e-05,0.006148516666144133,0.020261229947209358,0.0,0.0,0.0,0.0,1
8,same_02,3,0.05,wrong,0.13993182586634972,4.1306015191366896e-05,0.006148516666144133,0.020261229947209358,0.0,0.0,0.0,0.0,1
8,same_02,3,0.05,oracle,0.13400563151190464,4.1306015191366896e-05,0.006148516666144133,0.020261229947209358,0.0,0.0,0.0,0.0,1
8,same_02,3,0.1,zero,0.1319863663776354,4.1306015191366896e-05,0.006148516666144133,0.020261229947209358,0.0,0.0,0.0,0.0,1
8,same_02,3,0.1,support,0.13570106088910042,4.1306015191366896e-05,0.006148516666144133,0.020261229947209358,0.0,0.0,0.0,0.0,1
8,same_02,3,0.1,wrong,0.13993182586634972,4.1306015191366896e-05,0.006148516666144133,0.020261229947209358,0.0,0.0,0.0,0.0,1
8,same_02,3,0.1,oracle,0.13400563151190464,4.1306015191366896e-05,0.006148516666144133,0.020261229947209358,0.0,0.0,0.0,0.0,1
8,same_02,3,0.25,zero,0.1319863663776354,4.1306015191366896e-05,0.006148516666144133,0.020261229947209358,0.0,0.0,0.0,0.0,1
8,same_02,3,0.25,support,0.13570106088910042,4.1306015191366896e-05,0.006148516666144133,0.020261229947209358,0.0,0.0,0.0,0.0,1
8,same_02,3,0.25,wrong,0.13993182586634972,4.1306015191366896e-05,0.006148516666144133,0.020261229947209358,0.0,0.0,0.0,0.0,1
8,same_02,3,0.25,oracle,0.13400563151190464,4.1306015191366896e-05,0.006148516666144133,0.020261229947209358,0.0,0.0,0.0,0.0,1
8,same_02,5,0.05,zero,0.12291921154659455,4.1306015191366896e-05,0.020261229947209358,0.05000000074505806,0.0,0.0,0.0,0.0,1
8,same_02,5,0.05,support,0.13464322935245884,4.1306015191366896e-05,0.020261229947209358,0.05000000074505806,0.0,0.0,0.0,0.0,1
8,same_02,5,0.05,wrong,0.15318082813466607,4.1306015191366896e-05,0.020261229947209358,0.05000000074505806,0.0,0.0,0.0,0.0,1
8,same_02,5,0.05,oracle,0.12869713401784533,4.1306015191366896e-05,0.020261229947209358,0.05000000074505806,0.0,0.0,0.0,0.0,1
8,same_02,5,0.1,zero,0.1213492240423311,4.1306015191366896e-05,0.020261229947209358,0.07239992171525955,0.0,0.0,0.0,0.0,1
8,same_02,5,0.1,support,0.13447649363002986,4.1306015191366896e-05,0.020261229947209358,0.07239992171525955,0.0,0.0,0.0,0.0,1
8,same_02,5,0.1,wrong,0.15631608110869633,4.1306015191366896e-05,0.020261229947209358,0.07239992171525955,0.0,0.0,0.0,0.0,1
8,same_02,5,0.1,oracle,0.12758538916560305,4.1306015191366896e-05,0.020261229947209358,0.07239992171525955,0.0,0.0,0.0,0.0,1
8,same_02,5,0.25,zero,0.1213492240423311,4.1306015191366896e-05,0.020261229947209358,0.07239992171525955,0.0,0.0,0.0,0.0,1
8,same_02,5,0.25,support,0.13447649363002986,4.1306015191366896e-05,0.020261229947209358,0.07239992171525955,0.0,0.0,0.0,0.0,1
8,same_02,5,0.25,wrong,0.15631608110869633,4.1306015191366896e-05,0.020261229947209358,0.07239992171525955,0.0,0.0,0.0,0.0,1
8,same_02,5,0.25,oracle,0.12758538916560305,4.1306015191366896e-05,0.020261229947209358,0.07239992171525955,0.0,0.0,0.0,0.0,1
8,same_03,0,0.0,zero,0.7207230890688585,0,0,0,0,0,0,0,1
8,same_03,0,0.0,support,0.7207230890688585,0,0,0,0,0,0,0,1
8,same_03,0,0.0,wrong,0.7207230890688585,0,0,0,0,0,0,0,1
8,same_03,0,0.0,oracle,0.7207230890688585,0,0,0,0,0,0,0,1
8,same_03,1,0.05,zero,0.7207095356321201,4.1306015191366896e-05,4.1306015191366896e-05,4.1306015191366896e-05,0.0,0.0,0.0,0.0,1
8,same_03,1,0.05,support,0.7207002796265428,4.1306015191366896e-05,4.1306015191366896e-05,4.1306015191366896e-05,0.0,0.0,0.0,0.0,1
8,same_03,1,0.05,wrong,0.7206965606957305,4.1306015191366896e-05,4.1306015191366896e-05,4.1306015191366896e-05,0.0,0.0,0.0,0.0,1
8,same_03,1,0.05,oracle,0.7206968086244513,4.1306015191366896e-05,4.1306015191366896e-05,4.1306015191366896e-05,0.0,0.0,0.0,0.0,1
8,same_03,1,0.1,zero,0.7207095356321201,4.1306015191366896e-05,4.1306015191366896e-05,4.1306015191366896e-05,0.0,0.0,0.0,0.0,1
8,same_03,1,0.1,support,0.7207002796265428,4.1306015191366896e-05,4.1306015191366896e-05,4.1306015191366896e-05,0.0,0.0,0.0,0.0,1
8,same_03,1,0.1,wrong,0.7206965606957305,4.1306015191366896e-05,4.1306015191366896e-05,4.1306015191366896e-05,0.0,0.0,0.0,0.0,1
8,same_03,1,0.1,oracle,0.7206968086244513,4.1306015191366896e-05,4.1306015191366896e-05,4.1306015191366896e-05,0.0,0.0,0.0,0.0,1
8,same_03,1,0.25,zero,0.7207095356321201,4.1306015191366896e-05,4.1306015191366896e-05,4.1306015191366896e-05,0.0,0.0,0.0,0.0,1
8,same_03,1,0.25,support,0.7207002796265428,4.1306015191366896e-05,4.1306015191366896e-05,4.1306015191366896e-05,0.0,0.0,0.0,0.0,1
8,same_03,1,0.25,wrong,0.7206965606957305,4.1306015191366896e-05,4.1306015191366896e-05,4.1306015191366896e-05,0.0,0.0,0.0,0.0,1
8,same_03,1,0.25,oracle,0.7206968086244513,4.1306015191366896e-05,4.1306015191366896e-05,4.1306015191366896e-05,0.0,0.0,0.0,0.0,1
8,same_03,3,0.05,zero,0.7135291893054885,4.1306015191366896e-05,0.006148516666144133,0.020261229947209358,0.0,0.0,0.0,0.0,1
8,same_03,3,0.05,support,0.7117382348691775,4.1306015191366896e-05,0.006148516666144133,0.020261229947209358,0.0,0.0,0.0,0.0,1
8,same_03,3,0.05,wrong,0.7105495819386501,4.1306015191366896e-05,0.006148516666144133,0.020261229947209358,0.0,0.0,0.0,0.0,1
8,same_03,3,0.05,oracle,0.7105354500015633,4.1306015191366896e-05,0.006148516666144133,0.020261229947209358,0.0,0.0,0.0,0.0,1
8,same_03,3,0.1,zero,0.7135291893054885,4.1306015191366896e-05,0.006148516666144133,0.020261229947209358,0.0,0.0,0.0,0.0,1
8,same_03,3,0.1,support,0.7117382348691775,4.1306015191366896e-05,0.006148516666144133,0.020261229947209358,0.0,0.0,0.0,0.0,1
8,same_03,3,0.1,wrong,0.7105495819386501,4.1306015191366896e-05,0.006148516666144133,0.020261229947209358,0.0,0.0,0.0,0.0,1
8,same_03,3,0.1,oracle,0.7105354500015633,4.1306015191366896e-05,0.006148516666144133,0.020261229947209358,0.0,0.0,0.0,0.0,1
8,same_03,3,0.25,zero,0.7135291893054885,4.1306015191366896e-05,0.006148516666144133,0.020261229947209358,0.0,0.0,0.0,0.0,1
8,same_03,3,0.25,support,0.7117382348691775,4.1306015191366896e-05,0.006148516666144133,0.020261229947209358,0.0,0.0,0.0,0.0,1
8,same_03,3,0.25,wrong,0.7105495819386501,4.1306015191366896e-05,0.006148516666144133,0.020261229947209358,0.0,0.0,0.0,0.0,1
8,same_03,3,0.25,oracle,0.7105354500015633,4.1306015191366896e-05,0.006148516666144133,0.020261229947209358,0.0,0.0,0.0,0.0,1
8,same_03,5,0.05,zero,0.6985832195852714,4.1306015191366896e-05,0.020261229947209358,0.05000000074505806,0.0,0.0,0.0,0.0,1
8,same_03,5,0.05,support,0.6945867738914352,4.1306015191366896e-05,0.020261229947209358,0.05000000074505806,0.0,0.0,0.0,0.0,1
8,same_03,5,0.05,wrong,0.6914533680747803,4.1306015191366896e-05,0.020261229947209358,0.05000000074505806,0.0,0.0,0.0,0.0,1
8,same_03,5,0.05,oracle,0.6914305586324647,4.1306015191366896e-05,0.020261229947209358,0.05000000074505806,0.0,0.0,0.0,0.0,1
8,same_03,5,0.1,zero,0.6954182441781651,4.1306015191366896e-05,0.020261229947209358,0.07239992171525955,0.0,0.0,0.0,0.0,1
8,same_03,5,0.1,support,0.6909561470251719,4.1306015191366896e-05,0.020261229947209358,0.07239992171525955,0.0,0.0,0.0,0.0,1
8,same_03,5,0.1,wrong,0.6874183694648565,4.1306015191366896e-05,0.020261229947209358,0.07239992171525955,0.0,0.0,0.0,0.0,1
8,same_03,5,0.1,oracle,0.6873859734453357,4.1306015191366896e-05,0.020261229947209358,0.07239992171525955,0.0,0.0,0.0,0.0,1
8,same_03,5,0.25,zero,0.6954182441781651,4.1306015191366896e-05,0.020261229947209358,0.07239992171525955,0.0,0.0,0.0,0.0,1
8,same_03,5,0.25,support,0.6909561470251719,4.1306015191366896e-05,0.020261229947209358,0.07239992171525955,0.0,0.0,0.0,0.0,1
8,same_03,5,0.25,wrong,0.6874183694648565,4.1306015191366896e-05,0.020261229947209358,0.07239992171525955,0.0,0.0,0.0,0.0,1
8,same_03,5,0.25,oracle,0.6873859734453357,4.1306015191366896e-05,0.020261229947209358,0.07239992171525955,0.0,0.0,0.0,0.0,1
9,same_01,0,0.0,zero,0.43535530676810497,0,0,0,0,0,0,0,1
9,same_01,0,0.0,support,0.43535530676810497,0,0,0,0,0,0,0,1
9,same_01,0,0.0,wrong,0.43535530676810497,0,0,0,0,0,0,0,1
9,same_01,0,0.0,oracle,0.43535530676810497,0,0,0,0,0,0,0,1
9,same_01,1,0.05,zero,0.43534028351359083,4.1306015191366896e-05,4.1306015191366896e-05,4.1306015191366896e-05,0.0,0.0,0.0,0.0,1
9,same_01,1,0.05,support,0.435343622014594,4.1306015191366896e-05,4.1306015191366896e-05,4.1306015191366896e-05,0.0,0.0,0.0,0.0,1
9,same_01,1,0.05,wrong,0.4353497425997664,4.1306015191366896e-05,4.1306015191366896e-05,4.1306015191366896e-05,0.0,0.0,0.0,0.0,1
9,same_01,1,0.05,oracle,0.4353385524389966,4.1306015191366896e-05,4.1306015191366896e-05,4.1306015191366896e-05,0.0,0.0,0.0,0.0,1
9,same_01,1,0.1,zero,0.43534028351359083,4.1306015191366896e-05,4.1306015191366896e-05,4.1306015191366896e-05,0.0,0.0,0.0,0.0,1
9,same_01,1,0.1,support,0.435343622014594,4.1306015191366896e-05,4.1306015191366896e-05,4.1306015191366896e-05,0.0,0.0,0.0,0.0,1
9,same_01,1,0.1,wrong,0.4353497425997664,4.1306015191366896e-05,4.1306015191366896e-05,4.1306015191366896e-05,0.0,0.0,0.0,0.0,1
9,same_01,1,0.1,oracle,0.4353385524389966,4.1306015191366896e-05,4.1306015191366896e-05,4.1306015191366896e-05,0.0,0.0,0.0,0.0,1
9,same_01,1,0.25,zero,0.43534028351359083,4.1306015191366896e-05,4.1306015191366896e-05,4.1306015191366896e-05,0.0,0.0,0.0,0.0,1
9,same_01,1,0.25,support,0.435343622014594,4.1306015191366896e-05,4.1306015191366896e-05,4.1306015191366896e-05,0.0,0.0,0.0,0.0,1
9,same_01,1,0.25,wrong,0.4353497425997664,4.1306015191366896e-05,4.1306015191366896e-05,4.1306015191366896e-05,0.0,0.0,0.0,0.0,1
9,same_01,1,0.25,oracle,0.4353385524389966,4.1306015191366896e-05,4.1306015191366896e-05,4.1306015191366896e-05,0.0,0.0,0.0,0.0,1
9,same_01,3,0.05,zero,0.4292249533890357,4.1306015191366896e-05,0.006148516666144133,0.020261229947209358,0.0,0.0,0.0,0.0,1
9,same_01,3,0.05,support,0.4294900241862761,4.1306015191366896e-05,0.006148516666144133,0.020261229947209358,0.0,0.0,0.0,0.0,1
9,same_01,3,0.05,wrong,0.43028341276726395,4.1306015191366896e-05,0.006148516666144133,0.020261229947209358,0.0,0.0,0.0,0.0,1
9,same_01,3,0.05,oracle,0.4289358639318005,4.1306015191366896e-05,0.006148516666144133,0.020261229947209358,0.0,0.0,0.0,0.0,1
9,same_01,3,0.1,zero,0.4292249533890357,4.1306015191366896e-05,0.006148516666144133,0.020261229947209358,0.0,0.0,0.0,0.0,1
9,same_01,3,0.1,support,0.4294900241862761,4.1306015191366896e-05,0.006148516666144133,0.020261229947209358,0.0,0.0,0.0,0.0,1
9,same_01,3,0.1,wrong,0.43028341276726395,4.1306015191366896e-05,0.006148516666144133,0.020261229947209358,0.0,0.0,0.0,0.0,1
9,same_01,3,0.1,oracle,0.4289358639318005,4.1306015191366896e-05,0.006148516666144133,0.020261229947209358,0.0,0.0,0.0,0.0,1
9,same_01,3,0.25,zero,0.4292249533890357,4.1306015191366896e-05,0.006148516666144133,0.020261229947209358,0.0,0.0,0.0,0.0,1
9,same_01,3,0.25,support,0.4294900241862761,4.1306015191366896e-05,0.006148516666144133,0.020261229947209358,0.0,0.0,0.0,0.0,1
9,same_01,3,0.25,wrong,0.43028341276726395,4.1306015191366896e-05,0.006148516666144133,0.020261229947209358,0.0,0.0,0.0,0.0,1
9,same_01,3,0.25,oracle,0.4289358639318005,4.1306015191366896e-05,0.006148516666144133,0.020261229947209358,0.0,0.0,0.0,0.0,1
9,same_01,5,0.05,zero,0.41540028255910955,4.1306015191366896e-05,0.020261229947209358,0.05000000074505806,0.0,0.0,0.0,0.0,1
9,same_01,5,0.05,support,0.41567719267009257,4.1306015191366896e-05,0.020261229947209358,0.05000000074505806,0.0,0.0,0.0,0.0,1
9,same_01,5,0.05,wrong,0.417291110608742,4.1306015191366896e-05,0.020261229947209358,0.05000000074505806,0.0,0.0,0.0,0.0,1
9,same_01,5,0.05,oracle,0.41474760561299495,4.1306015191366896e-05,0.020261229947209358,0.05000000074505806,0.0,0.0,0.0,0.0,1
9,same_01,5,0.1,zero,0.4124168373200593,4.1306015191366896e-05,0.020261229947209358,0.07239992171525955,0.0,0.0,0.0,0.0,1
9,same_01,5,0.1,support,0.41270975987103886,4.1306015191366896e-05,0.020261229947209358,0.07239992171525955,0.0,0.0,0.0,0.0,1
9,same_01,5,0.1,wrong,0.4145168780992221,4.1306015191366896e-05,0.020261229947209358,0.07239992171525955,0.0,0.0,0.0,0.0,1
9,same_01,5,0.1,oracle,0.41169222804214545,4.1306015191366896e-05,0.020261229947209358,0.07239992171525955,0.0,0.0,0.0,0.0,1
9,same_01,5,0.25,zero,0.4124168373200593,4.1306015191366896e-05,0.020261229947209358,0.07239992171525955,0.0,0.0,0.0,0.0,1
9,same_01,5,0.25,support,0.41270975987103886,4.1306015191366896e-05,0.020261229947209358,0.07239992171525955,0.0,0.0,0.0,0.0,1
9,same_01,5,0.25,wrong,0.4145168780992221,4.1306015191366896e-05,0.020261229947209358,0.07239992171525955,0.0,0.0,0.0,0.0,1
9,same_01,5,0.25,oracle,0.41169222804214545,4.1306015191366896e-05,0.020261229947209358,0.07239992171525955,0.0,0.0,0.0,0.0,1
9,same_02,0,0.0,zero,0.42449125592292114,0,0,0,0,0,0,0,1
9,same_02,0,0.0,support,0.42449125592292114,0,0,0,0,0,0,0,1
9,same_02,0,0.0,wrong,0.42449125592292114,0,0,0,0,0,0,0,1
9,same_02,0,0.0,oracle,0.42449125592292114,0,0,0,0,0,0,0,1
9,same_02,1,0.05,zero,0.42447832259997825,4.1306015191366896e-05,4.1306015191366896e-05,4.1306015191366896e-05,0.0,0.0,0.0,0.0,1
9,same_02,1,0.05,support,0.4244748430765469,4.1306015191366896e-05,4.1306015191366896e-05,4.1306015191366896e-05,0.0,0.0,0.0,0.0,1
9,same_02,1,0.05,wrong,0.4244760248014859,4.1306015191366896e-05,4.1306015191366896e-05,4.1306015191366896e-05,0.0,0.0,0.0,0.0,1
9,same_02,1,0.05,oracle,0.4244757950216366,4.1306015191366896e-05,4.1306015191366896e-05,4.1306015191366896e-05,0.0,0.0,0.0,0.0,1
9,same_02,1,0.1,zero,0.42447832259997825,4.1306015191366896e-05,4.1306015191366896e-05,4.1306015191366896e-05,0.0,0.0,0.0,0.0,1
9,same_02,1,0.1,support,0.4244748430765469,4.1306015191366896e-05,4.1306015191366896e-05,4.1306015191366896e-05,0.0,0.0,0.0,0.0,1
9,same_02,1,0.1,wrong,0.4244760248014859,4.1306015191366896e-05,4.1306015191366896e-05,4.1306015191366896e-05,0.0,0.0,0.0,0.0,1
9,same_02,1,0.1,oracle,0.4244757950216366,4.1306015191366896e-05,4.1306015191366896e-05,4.1306015191366896e-05,0.0,0.0,0.0,0.0,1
9,same_02,1,0.25,zero,0.42447832259997825,4.1306015191366896e-05,4.1306015191366896e-05,4.1306015191366896e-05,0.0,0.0,0.0,0.0,1
9,same_02,1,0.25,support,0.4244748430765469,4.1306015191366896e-05,4.1306015191366896e-05,4.1306015191366896e-05,0.0,0.0,0.0,0.0,1
9,same_02,1,0.25,wrong,0.4244760248014859,4.1306015191366896e-05,4.1306015191366896e-05,4.1306015191366896e-05,0.0,0.0,0.0,0.0,1
9,same_02,1,0.25,oracle,0.4244757950216366,4.1306015191366896e-05,4.1306015191366896e-05,4.1306015191366896e-05,0.0,0.0,0.0,0.0,1
9,same_02,3,0.05,zero,0.41895382416181626,4.1306015191366896e-05,0.006148516666144133,0.020261229947209358,0.0,0.0,0.0,0.0,1
9,same_02,3,0.05,support,0.41828802063580145,4.1306015191366896e-05,0.006148516666144133,0.020261229947209358,0.0,0.0,0.0,0.0,1
9,same_02,3,0.05,wrong,0.4184962996562897,4.1306015191366896e-05,0.006148516666144133,0.020261229947209358,0.0,0.0,0.0,0.0,1
9,same_02,3,0.05,oracle,0.4184785737822056,4.1306015191366896e-05,0.006148516666144133,0.020261229947209358,0.0,0.0,0.0,0.0,1
9,same_02,3,0.1,zero,0.41895382416181626,4.1306015191366896e-05,0.006148516666144133,0.020261229947209358,0.0,0.0,0.0,0.0,1
9,same_02,3,0.1,support,0.41828802063580145,4.1306015191366896e-05,0.006148516666144133,0.020261229947209358,0.0,0.0,0.0,0.0,1
9,same_02,3,0.1,wrong,0.4184962996562897,4.1306015191366896e-05,0.006148516666144133,0.020261229947209358,0.0,0.0,0.0,0.0,1
9,same_02,3,0.1,oracle,0.4184785737822056,4.1306015191366896e-05,0.006148516666144133,0.020261229947209358,0.0,0.0,0.0,0.0,1
9,same_02,3,0.25,zero,0.41895382416181626,4.1306015191366896e-05,0.006148516666144133,0.020261229947209358,0.0,0.0,0.0,0.0,1
9,same_02,3,0.25,support,0.41828802063580145,4.1306015191366896e-05,0.006148516666144133,0.020261229947209358,0.0,0.0,0.0,0.0,1
9,same_02,3,0.25,wrong,0.4184962996562897,4.1306015191366896e-05,0.006148516666144133,0.020261229947209358,0.0,0.0,0.0,0.0,1
9,same_02,3,0.25,oracle,0.4184785737822056,4.1306015191366896e-05,0.006148516666144133,0.020261229947209358,0.0,0.0,0.0,0.0,1
9,same_02,5,0.05,zero,0.407525395103014,4.1306015191366896e-05,0.020261229947209358,0.05000000074505806,0.0,0.0,0.0,0.0,1
9,same_02,5,0.05,support,0.4059933215453702,4.1306015191366896e-05,0.020261229947209358,0.05000000074505806,0.0,0.0,0.0,0.0,1
9,same_02,5,0.05,wrong,0.4066197998914725,4.1306015191366896e-05,0.020261229947209358,0.05000000074505806,0.0,0.0,0.0,0.0,1
9,same_02,5,0.05,oracle,0.40643078955262746,4.1306015191366896e-05,0.020261229947209358,0.05000000074505806,0.0,0.0,0.0,0.0,1
9,same_02,5,0.1,zero,0.40510026574845853,4.1306015191366896e-05,0.020261229947209358,0.07239992171525955,0.0,0.0,0.0,0.0,1
9,same_02,5,0.1,support,0.40337803295272356,4.1306015191366896e-05,0.020261229947209358,0.07239992171525955,0.0,0.0,0.0,0.0,1
9,same_02,5,0.1,wrong,0.4041089954788438,4.1306015191366896e-05,0.020261229947209358,0.07239992171525955,0.0,0.0,0.0,0.0,1
9,same_02,5,0.1,oracle,0.40385718958977124,4.1306015191366896e-05,0.020261229947209358,0.07239992171525955,0.0,0.0,0.0,0.0,1
9,same_02,5,0.25,zero,0.40510026574845853,4.1306015191366896e-05,0.020261229947209358,0.07239992171525955,0.0,0.0,0.0,0.0,1
9,same_02,5,0.25,support,0.40337803295272356,4.1306015191366896e-05,0.020261229947209358,0.07239992171525955,0.0,0.0,0.0,0.0,1
9,same_02,5,0.25,wrong,0.4041089954788438,4.1306015191366896e-05,0.020261229947209358,0.07239992171525955,0.0,0.0,0.0,0.0,1
9,same_02,5,0.25,oracle,0.40385718958977124,4.1306015191366896e-05,0.020261229947209358,0.07239992171525955,0.0,0.0,0.0,0.0,1
9,same_03,0,0.0,zero,0.6648896611506467,0,0,0,0,0,0,0,1
9,same_03,0,0.0,support,0.6648896611506467,0,0,0,0,0,0,0,1
9,same_03,0,0.0,wrong,0.6648896611506467,0,0,0,0,0,0,0,1
9,same_03,0,0.0,oracle,0.6648896611506467,0,0,0,0,0,0,0,1
9,same_03,1,0.05,zero,0.6648844688095575,4.1306015191366896e-05,4.1306015191366896e-05,4.1306015191366896e-05,0.0,0.0,0.0,0.0,1
9,same_03,1,0.05,support,0.6648577881645763,4.1306015191366896e-05,4.1306015191366896e-05,4.1306015191366896e-05,0.0,0.0,0.0,0.0,1
9,same_03,1,0.05,wrong,0.664862780800239,4.1306015191366896e-05,4.1306015191366896e-05,4.1306015191366896e-05,0.0,0.0,0.0,0.0,1
9,same_03,1,0.05,oracle,0.6648639390917127,4.1306015191366896e-05,4.1306015191366896e-05,4.1306015191366896e-05,0.0,0.0,0.0,0.0,1
9,same_03,1,0.1,zero,0.6648844688095575,4.1306015191366896e-05,4.1306015191366896e-05,4.1306015191366896e-05,0.0,0.0,0.0,0.0,1
9,same_03,1,0.1,support,0.6648577881645763,4.1306015191366896e-05,4.1306015191366896e-05,4.1306015191366896e-05,0.0,0.0,0.0,0.0,1
9,same_03,1,0.1,wrong,0.664862780800239,4.1306015191366896e-05,4.1306015191366896e-05,4.1306015191366896e-05,0.0,0.0,0.0,0.0,1
9,same_03,1,0.1,oracle,0.6648639390917127,4.1306015191366896e-05,4.1306015191366896e-05,4.1306015191366896e-05,0.0,0.0,0.0,0.0,1
9,same_03,1,0.25,zero,0.6648844688095575,4.1306015191366896e-05,4.1306015191366896e-05,4.1306015191366896e-05,0.0,0.0,0.0,0.0,1
9,same_03,1,0.25,support,0.6648577881645763,4.1306015191366896e-05,4.1306015191366896e-05,4.1306015191366896e-05,0.0,0.0,0.0,0.0,1
9,same_03,1,0.25,wrong,0.664862780800239,4.1306015191366896e-05,4.1306015191366896e-05,4.1306015191366896e-05,0.0,0.0,0.0,0.0,1
9,same_03,1,0.25,oracle,0.6648639390917127,4.1306015191366896e-05,4.1306015191366896e-05,4.1306015191366896e-05,0.0,0.0,0.0,0.0,1
9,same_03,3,0.05,zero,0.6599317342911083,4.1306015191366896e-05,0.006148516666144133,0.020261229947209358,0.0,0.0,0.0,0.0,1
9,same_03,3,0.05,support,0.6553027222690262,4.1306015191366896e-05,0.006148516666144133,0.020261229947209358,0.0,0.0,0.0,0.0,1
9,same_03,3,0.05,wrong,0.6561597381363367,4.1306015191366896e-05,0.006148516666144133,0.020261229947209358,0.0,0.0,0.0,0.0,1
9,same_03,3,0.05,oracle,0.6563733430605281,4.1306015191366896e-05,0.006148516666144133,0.020261229947209358,0.0,0.0,0.0,0.0,1
9,same_03,3,0.1,zero,0.6599317342911083,4.1306015191366896e-05,0.006148516666144133,0.020261229947209358,0.0,0.0,0.0,0.0,1
9,same_03,3,0.1,support,0.6553027222690262,4.1306015191366896e-05,0.006148516666144133,0.020261229947209358,0.0,0.0,0.0,0.0,1
9,same_03,3,0.1,wrong,0.6561597381363367,4.1306015191366896e-05,0.006148516666144133,0.020261229947209358,0.0,0.0,0.0,0.0,1
9,same_03,3,0.1,oracle,0.6563733430605281,4.1306015191366896e-05,0.006148516666144133,0.020261229947209358,0.0,0.0,0.0,0.0,1
9,same_03,3,0.25,zero,0.6599317342911083,4.1306015191366896e-05,0.006148516666144133,0.020261229947209358,0.0,0.0,0.0,0.0,1
9,same_03,3,0.25,support,0.6553027222690262,4.1306015191366896e-05,0.006148516666144133,0.020261229947209358,0.0,0.0,0.0,0.0,1
9,same_03,3,0.25,wrong,0.6561597381363367,4.1306015191366896e-05,0.006148516666144133,0.020261229947209358,0.0,0.0,0.0,0.0,1
9,same_03,3,0.25,oracle,0.6563733430605281,4.1306015191366896e-05,0.006148516666144133,0.020261229947209358,0.0,0.0,0.0,0.0,1
9,same_03,5,0.05,zero,0.6476607145361535,4.1306015191366896e-05,0.020261229947209358,0.05000000074505806,0.0,0.0,0.0,0.0,1
9,same_03,5,0.05,support,0.637472662320748,4.1306015191366896e-05,0.020261229947209358,0.05000000074505806,0.0,0.0,0.0,0.0,1
9,same_03,5,0.05,wrong,0.639292617813588,4.1306015191366896e-05,0.020261229947209358,0.05000000074505806,0.0,0.0,0.0,0.0,1
9,same_03,5,0.05,oracle,0.6397359638604327,4.1306015191366896e-05,0.020261229947209358,0.05000000074505806,0.0,0.0,0.0,0.0,1
9,same_03,5,0.1,zero,0.6450756875543666,4.1306015191366896e-05,0.020261229947209358,0.07239992171525955,0.0,0.0,0.0,0.0,1
9,same_03,5,0.1,support,0.6337154443675379,4.1306015191366896e-05,0.020261229947209358,0.07239992171525955,0.0,0.0,0.0,0.0,1
9,same_03,5,0.1,wrong,0.6357168122698166,4.1306015191366896e-05,0.020261229947209358,0.07239992171525955,0.0,0.0,0.0,0.0,1
9,same_03,5,0.1,oracle,0.6362072488562315,4.1306015191366896e-05,0.020261229947209358,0.07239992171525955,0.0,0.0,0.0,0.0,1
9,same_03,5,0.25,zero,0.6450756875543666,4.1306015191366896e-05,0.020261229947209358,0.07239992171525955,0.0,0.0,0.0,0.0,1
9,same_03,5,0.25,support,0.6337154443675379,4.1306015191366896e-05,0.020261229947209358,0.07239992171525955,0.0,0.0,0.0,0.0,1
9,same_03,5,0.25,wrong,0.6357168122698166,4.1306015191366896e-05,0.020261229947209358,0.07239992171525955,0.0,0.0,0.0,0.0,1
9,same_03,5,0.25,oracle,0.6362072488562315,4.1306015191366896e-05,0.020261229947209358,0.07239992171525955,0.0,0.0,0.0,0.0,1
