fold,seed,participant,condition,scale,heldout_eog_remaining_ratio,artifact_attenuation_db,low_eog_observation_retention,output_input_rms
0,20261201,sub-02,POP,0.9746944995973741,0.9990427273526309,0.008318746858559548,0.9972042972221971,0.9995871186256409
0,20261201,sub-02,MATCH_EB120,0.9746944995973741,0.9990074610205417,0.008625365251110616,0.994763845577836,0.9997619390487671
0,20261201,sub-02,POP,0.934644677885095,0.9993333030517733,0.005792787345793546,0.9934197035618126,0.9995183944702148
0,20261201,sub-02,MATCH_EB120,0.934644677885095,0.9989712669497117,0.008940060998783004,0.9895613575354218,0.999668300151825
0,20261201,sub-02,POP,0.7975253889002536,0.9969492705362664,0.026538801403670216,0.9388876333832741,1.000330924987793
0,20261201,sub-02,MATCH_EB120,0.7975253889002536,0.9961150745045385,0.033809750893324615,0.9266791939735413,1.0013984441757202
0,20261201,sub-02,POP,0.8916253302171883,0.9999456847097085,0.0004717894299376944,0.9945973502472043,1.000077486038208
0,20261201,sub-02,MATCH_EB120,0.8916253302171883,0.9999034919895926,0.0008382983794928843,0.9907102668657899,1.0002576112747192
0,20261201,sub-02,POP,0.0,1.0,-0.0,1.0,1.0
0,20261201,sub-02,MATCH_EB120,0.0,1.0,-0.0,1.0,1.0
0,20261201,sub-02,POP,0.0,1.0,-0.0,1.0,1.0
0,20261201,sub-02,MATCH_EB120,0.0,1.0,-0.0,1.0,1.0
0,20261201,sub-02,POP,0.0,1.0,-0.0,1.0,1.0
0,20261201,sub-02,MATCH_EB120,0.0,1.0,-0.0,1.0,1.0
0,20261201,sub-02,POP,0.0,1.0,-0.0,1.0,1.0
0,20261201,sub-02,MATCH_EB120,0.0,1.0,-0.0,1.0,1.0
0,20261201,sub-02,POP,0.6945992217748,0.9971005347112885,0.02522101693359586,0.9734231699258089,0.9984991550445557
0,20261201,sub-02,MATCH_EB120,0.6945992217748,0.9972282015411579,0.02410896356341188,0.9757931474596262,0.9985922574996948
0,20261201,sub-02,POP,0.803327307822161,0.999629024337989,0.0032228514953380255,0.9960317625664175,0.9999595284461975
0,20261201,sub-02,MATCH_EB120,0.803327307822161,0.9996295300734894,0.0032184571034936,0.9960726508870721,0.9999591112136841
0,20261201,sub-02,POP,0.0,1.0,-0.0,1.0,1.0
0,20261201,sub-02,MATCH_EB120,0.0,1.0,-0.0,1.0,1.0
0,20261201,sub-02,POP,0.16187674724118378,0.9998034114602226,0.0017077142246384978,0.9989396379096434,0.99998939037323
0,20261201,sub-02,MATCH_EB120,0.16187674724118378,0.9998034878511466,0.0017070505710616766,0.9989543434930965,0.999991238117218
0,20261201,sub-02,POP,1.0,0.9997644112209594,0.0020465392150174773,0.9991675920318812,1.0000391006469727
0,20261201,sub-02,MATCH_EB120,1.0,0.9997644112209594,0.0020465392150174773,0.9991675920318812,1.0000391006469727
0,20261201,sub-02,POP,0.2946120842971983,0.9998105800542477,0.0016454365882275055,0.9998348288791021,1.0000123977661133
0,20261201,sub-02,MATCH_EB120,0.2946120842971983,0.9998105800542477,0.0016454365882275055,0.9998348288791021,1.0000123977661133
0,20261201,sub-02,POP,0.8079349315164512,0.9999399581303197,0.0005215327107627125,0.9995814194262493,1.0000336170196533
0,20261201,sub-02,MATCH_EB120,0.8079349315164512,0.9999399581303197,0.0005215327107627125,0.9995814194262493,1.0000336170196533
0,20261201,sub-02,POP,1.0,1.0001093517906425,-0.0009497656569045573,0.99947822955437,1.0000413656234741
0,20261201,sub-02,MATCH_EB120,1.0,1.0001093517906425,-0.0009497656569045573,0.99947822955437,1.0000413656234741
0,20261201,sub-02,POP,0.0,1.0,-0.0,1.0,1.0
0,20261201,sub-02,MATCH_EB120,0.0,1.0,-0.0,1.0,1.0
0,20261201,sub-02,POP,0.0,1.0,-0.0,1.0,1.0
0,20261201,sub-02,MATCH_EB120,0.0,1.0,-0.0,1.0,1.0
0,20261201,sub-02,POP,0.0,1.0,-0.0,1.0,1.0
0,20261201,sub-02,MATCH_EB120,0.0,1.0,-0.0,1.0,1.0
0,20261201,sub-02,POP,0.0,1.0,-0.0,1.0,1.0
0,20261201,sub-02,MATCH_EB120,0.0,1.0,-0.0,1.0,1.0
0,20261201,sub-02,POP,0.6228609267313855,0.8634958087429379,1.2747953216115573,0.9461803659796715,0.9871817827224731
0,20261201,sub-02,MATCH_EB120,0.6228609267313855,0.9135425829040105,0.7854240819549807,0.9506847485899925,0.9930704236030579
0,20261201,sub-02,POP,1.0,1.0007530157728382,-0.006538150542181893,0.9991815504035912,0.9999422430992126
0,20261201,sub-02,MATCH_EB120,1.0,1.0008606002625826,-0.007471864220088115,0.9992008533445187,0.9999317526817322
0,20261201,sub-02,POP,0.0,1.0,-0.0,1.0,1.0
0,20261201,sub-02,MATCH_EB120,0.0,1.0,-0.0,1.0,1.0
0,20261201,sub-02,POP,1.0,1.0026052655393036,-0.022599622709237994,0.9993693988653831,1.0000455379486084
0,20261201,sub-02,MATCH_EB120,1.0,1.0024690104791618,-0.021419121387170732,0.9994472026010044,1.0000442266464233
0,20261201,sub-03,POP,0.44500799699145,0.9996856757938658,0.002730614536662821,0.9981060448335484,0.9999688863754272
0,20261201,sub-03,MATCH_EB120,0.44500799699145,0.9996766592813991,0.0028089559466535907,0.9978145880158991,0.9999681711196899
0,20261201,sub-03,POP,0.8904571816290041,0.9704841443189896,0.26023111362202334,0.948227271437645,0.9886483550071716
0,20261201,sub-03,MATCH_EB120,0.8904571816290041,0.9731056374730308,0.23680022893200192,0.95592100918293,0.9893938899040222
0,20261201,sub-03,POP,0.4379344080314586,1.0016554319014166,-0.014367010273768027,0.9767834767699242,0.9988805055618286
0,20261201,sub-03,MATCH_EB120,0.4379344080314586,0.9998230496059618,0.001537107593936249,0.9851023582741618,0.9990701675415039
0,20261201,sub-03,POP,0.9409522957002422,0.9994953316418956,0.004384600139877799,0.9959112522192299,0.9996849894523621
0,20261201,sub-03,MATCH_EB120,0.9409522957002422,0.999500531927811,0.004339408340964939,0.9956898507662117,0.9996566772460938
0,20261201,sub-03,POP,0.947218439553213,0.9985592837953386,0.012522925111705873,0.9966113076079637,0.9999090433120728
0,20261201,sub-03,MATCH_EB120,0.947218439553213,0.9983808124187807,0.014075483135255777,0.9938344610854983,0.9998582005500793
0,20261201,sub-03,POP,0.3592519838595944,1.0000239776872444,-0.00020826504833361363,0.998967127641663,1.0000944137573242
0,20261201,sub-03,MATCH_EB120,0.3592519838595944,0.9997059558192171,0.0025544108762302394,0.9982348855119199,1.0000622272491455
0,20261201,sub-03,POP,0.6171646366223957,0.9987189228876332,0.011134427970041287,0.9984588022343814,0.9998236298561096
0,20261201,sub-03,MATCH_EB120,0.6171646366223957,0.9987900758028238,0.010515630888838338,0.9972310939338058,0.9998425245285034
0,20261201,sub-03,POP,0.8854735151863428,0.99877497264697,0.010646975142219567,0.9973667687736452,0.9998646974563599
0,20261201,sub-03,MATCH_EB120,0.8854735151863428,0.9988931475084671,0.009619323155587165,0.9960104958154261,0.9998524188995361
0,20261201,sub-03,POP,0.6162658712367516,0.9995207606856645,0.004163617558859237,0.9977094880305231,0.9999226927757263
0,20261201,sub-03,MATCH_EB120,0.6162658712367516,0.9995691077582194,0.0037434890361292892,0.9986329561797902,0.9999417066574097
0,20261201,sub-03,POP,0.7031659927147427,0.9997192337614196,0.002439046979451937,0.9968909807503223,1.0000783205032349
0,20261201,sub-03,MATCH_EB120,0.7031659927147427,0.9997428516661804,0.0022338492757902656,0.997942108893767,0.9999977946281433
0,20261201,sub-03,POP,0.0,1.0,-0.0,1.0,1.0
0,20261201,sub-03,MATCH_EB120,0.0,1.0,-0.0,1.0,1.0
0,20261201,sub-03,POP,0.9550555626366788,0.9999114336031171,0.0007693120170657874,0.9955224259756505,1.0000773668289185
0,20261201,sub-03,MATCH_EB120,0.9550555626366788,0.9998701444775917,0.0011279839755910953,0.9968421519733965,1.0000088214874268
0,20261201,sub-03,POP,0.0,1.0,-0.0,1.0,1.0
0,20261201,sub-03,MATCH_EB120,0.0,1.0,-0.0,1.0,1.0
0,20261201,sub-03,POP,0.17799492115288187,0.9998716337003357,0.001115047080895856,0.9993613160331734,1.0000063180923462
0,20261201,sub-03,MATCH_EB120,0.17799492115288187,0.9998772335700495,0.0010664011222777268,0.999433069024235,1.0000052452087402
0,20261201,sub-03,POP,0.0,1.0,-0.0,1.0,1.0
0,20261201,sub-03,MATCH_EB120,0.0,1.0,-0.0,1.0,1.0
0,20261201,sub-03,POP,0.7385335782141257,0.9993148539702281,0.005953142419462969,0.9968327761162072,1.0001156330108643
0,20261201,sub-03,MATCH_EB120,0.7385335782141257,0.9995354280436322,0.004036158357552803,0.9971254679840058,1.0000920295715332
0,20261201,sub-03,POP,0.035621615697699144,0.9998997115911442,0.0008711377345373293,0.9998943947139196,1.0000001192092896
0,20261201,sub-03,MATCH_EB120,0.035621615697699144,1.000009597243594,-8.336019867421974e-05,0.9998889262205921,0.999998927116394
0,20261201,sub-03,POP,0.9287225091868329,0.9989432946428849,0.009183278976875249,0.9977136603556573,0.9999216198921204
0,20261201,sub-03,MATCH_EB120,0.9287225091868329,0.9988823376140101,0.009713321255927125,0.9973603682592511,0.9998968243598938
0,20261201,sub-03,POP,0.0,1.0,-0.0,1.0,1.0
0,20261201,sub-03,MATCH_EB120,0.0,1.0,-0.0,1.0,1.0
0,20261201,sub-03,POP,0.0,1.0,-0.0,1.0,1.0
0,20261201,sub-03,MATCH_EB120,0.0,1.0,-0.0,1.0,1.0
0,20261201,sub-03,POP,0.0,1.0,-0.0,1.0,1.0
0,20261201,sub-03,MATCH_EB120,0.0,1.0,-0.0,1.0,1.0
0,20261201,sub-03,POP,0.0,1.0,-0.0,1.0,1.0
0,20261201,sub-03,MATCH_EB120,0.0,1.0,-0.0,1.0,1.0
0,20261201,sub-03,POP,0.0,1.0,-0.0,1.0,1.0
0,20261201,sub-03,MATCH_EB120,0.0,1.0,-0.0,1.0,1.0
0,20261201,sub-03,POP,1.0,0.998181654492397,0.015808325261180704,0.9889612104743719,1.0000451803207397
0,20261201,sub-03,MATCH_EB120,1.0,0.999222694220081,0.006754217605807644,0.9971612980589271,0.9999774098396301
0,20261201,sub-05,POP,0.5269139328661183,0.9811759133984337,0.1650624340693582,0.8698561191558838,0.99410480260849
0,20261201,sub-05,MATCH_EB120,0.5269139328661183,0.9815846381990958,0.16144493874185362,0.867907389998436,0.9938520193099976
0,20261201,sub-05,POP,0.9798766487907036,0.9986494991958211,0.011738228970319915,0.9940552208572626,0.9994128346443176
0,20261201,sub-05,MATCH_EB120,0.9798766487907036,0.9988391158615717,0.010089168820710873,0.9933417914435267,0.9993861317634583
0,20261201,sub-05,POP,0.7116616671178,0.9997838229778944,0.0018778927422395243,0.9932598187588155,1.0000079870224
0,20261201,sub-05,MATCH_EB120,0.7116616671178,0.9997206180933409,0.0024270194565636067,0.9929876830428839,0.9999423027038574
0,20261201,sub-05,POP,0.9155527443904564,1.0054528617013272,-0.047234290641669785,0.7975031137466431,1.0022019147872925
0,20261201,sub-05,MATCH_EB120,0.9155527443904564,1.00607311486695,-0.052590871444266385,0.7785144001245499,1.0027905702590942
0,20261201,sub-05,POP,0.6024382597292499,0.9749410242223642,0.22043309381304457,0.9159701690077782,0.9738379120826721
0,20261201,sub-05,MATCH_EB120,0.6024382597292499,0.9865273756572066,0.11781717565793018,0.9290917813777924,0.9804073572158813
0,20261201,sub-05,POP,0.5991383151807907,0.9990685131322206,0.00809456270782584,0.9968422844540328,0.999810516834259
0,20261201,sub-05,MATCH_EB120,0.5991383151807907,0.9987107588065806,0.01120543152793346,0.996196283493191,0.9997032880783081
0,20261201,sub-05,POP,0.0,1.0,-0.0,1.0,1.0
0,20261201,sub-05,MATCH_EB120,0.0,1.0,-0.0,1.0,1.0
0,20261201,sub-05,POP,0.08141048810923421,1.0001805335269394,-0.0015679527612031492,0.9995823771168943,1.0001742839813232
0,20261201,sub-05,MATCH_EB120,0.08141048810923421,1.0001942063565765,-0.0016866912024585856,0.9995916322222911,1.000177264213562
0,20261201,sub-05,POP,0.3985462771438857,0.9992134905895602,0.006834221880731748,0.9971564619336277,1.0000088214874268
0,20261201,sub-05,MATCH_EB120,0.3985462771438857,0.9991816402910562,0.007111092228836695,0.996967894025147,1.0000158548355103
0,20261201,sub-05,POP,0.5903930999658633,1.0039050359534263,-0.03385265633941184,0.9569380395114422,1.0047370195388794
0,20261201,sub-05,MATCH_EB120,0.5903930999658633,1.0046912709966245,-0.040652580385831354,0.953170295804739,1.005439281463623
0,20261201,sub-05,POP,1.0,0.9984308338633002,0.013640308643427544,0.9925117748789489,0.9998645782470703
0,20261201,sub-05,MATCH_EB120,1.0,0.9983762715785262,0.014114988428745482,0.9920444972813129,0.9998746514320374
0,20261201,sub-05,POP,0.3409752158753893,0.9894835361768499,0.09182855076927786,0.9211787655949593,0.9949672222137451
0,20261201,sub-05,MATCH_EB120,0.3409752158753893,0.9877806323590415,0.10678986804612339,0.9136945381760597,0.9946638345718384
0,20261201,sub-05,POP,1.0,1.0005337626735786,-0.0046349667995005716,0.994998263195157,1.0005078315734863
0,20261201,sub-05,MATCH_EB120,1.0,1.000481858493749,-0.004184361643711584,0.9946311991661787,1.0005048513412476
0,20261201,sub-05,POP,0.0,1.0,-0.0,1.0,1.0
0,20261201,sub-05,MATCH_EB120,0.0,1.0,-0.0,1.0,1.0
0,20261201,sub-05,POP,0.27743706425979564,0.9838758409999988,0.14119406736339332,0.9657256938517094,0.9938216805458069
0,20261201,sub-05,MATCH_EB120,0.27743706425979564,0.9849176845642225,0.1320012912330702,0.9679871797561646,0.994082510471344
0,20261201,sub-05,POP,0.8851849713687788,0.9987017197741739,0.011284045273228183,0.9974642931483686,0.9992468953132629
0,20261201,sub-05,MATCH_EB120,0.8851849713687788,0.9986835193780028,0.011442338855674404,0.9972213765140623,0.9992494583129883
0,20261201,sub-05,POP,0.0,1.0,-0.0,1.0,1.0
0,20261201,sub-05,MATCH_EB120,0.0,1.0,-0.0,1.0,1.0
0,20261201,sub-05,POP,1.0,0.5896140370181935,4.588643714412367,0.6646988689899445,0.8245195150375366
0,20261201,sub-05,MATCH_EB120,1.0,0.7882005471671378,2.067265359680171,0.5080145597457886,0.8862495422363281
0,20261201,sub-05,POP,0.3944358354675989,0.9996788491033662,0.002789929263451523,0.9986725398339331,0.9998818635940552
0,20261201,sub-05,MATCH_EB120,0.3944358354675989,0.9997972361434314,0.0017613630571615673,0.9983213980449364,0.9997933506965637
0,20261201,sub-05,POP,0.4523385511168308,1.0041905843316443,-0.03632289898243441,0.9587918519973755,0.9988038539886475
0,20261201,sub-05,MATCH_EB120,0.4523385511168308,1.005116229422065,-0.04432571031333061,0.9422214850783348,0.9976087808609009
0,20261201,sub-05,POP,0.17758683874712367,0.9998751732744374,0.0010842988382623534,0.9994980246992782,0.9999886751174927
0,20261201,sub-05,MATCH_EB120,0.17758683874712367,0.9998702935873652,0.0011266886564464985,0.9994933189591393,0.999987781047821
0,20261201,sub-05,POP,0.0,1.0,-0.0,1.0,1.0
0,20261201,sub-05,MATCH_EB120,0.0,1.0,-0.0,1.0,1.0
0,20261201,sub-05,POP,0.0,1.0,-0.0,1.0,1.0
0,20261201,sub-05,MATCH_EB120,0.0,1.0,-0.0,1.0,1.0
0,20261201,sub-05,POP,0.8238296228735266,0.9995406933039592,0.003990403751584236,0.9975270188879222,1.000165581703186
0,20261201,sub-05,MATCH_EB120,0.8238296228735266,0.9994814062973212,0.004505616061526146,0.997767195571214,1.0001318454742432
0,20261202,sub-02,POP,0.9746944995973741,0.9999190053497751,0.0007035390849631024,0.9958857432939112,1.0003578662872314
0,20261202,sub-02,MATCH_EB120,0.9746944995973741,1.000003438079366,-2.986272660559696e-05,0.9958701594732702,1.000339150428772
0,20261202,sub-02,POP,0.934644677885095,0.9987688401442849,0.010700306880113938,0.9944774112664163,0.9992849826812744
0,20261202,sub-02,MATCH_EB120,0.934644677885095,0.9990996050766613,0.007824253922888451,0.994620546232909,0.9992856979370117
0,20261202,sub-02,POP,0.7975253889002536,0.9990126787334819,0.008579999863785787,0.9957766328006983,0.9996787905693054
0,20261202,sub-02,MATCH_EB120,0.7975253889002536,0.9993560429177101,0.005595141857445486,0.9959501619450748,0.9997206330299377
0,20261202,sub-02,POP,0.8916253302171883,0.999759258034295,0.0020913098884929025,0.9929230082780123,0.9998588562011719
0,20261202,sub-02,MATCH_EB120,0.8916253302171883,0.9999650352452607,0.0003037053104093347,0.9929950693622231,0.9998980164527893
0,20261202,sub-02,POP,0.0,1.0,-0.0,1.0,1.0
0,20261202,sub-02,MATCH_EB120,0.0,1.0,-0.0,1.0,1.0
0,20261202,sub-02,POP,0.0,1.0,-0.0,1.0,1.0
0,20261202,sub-02,MATCH_EB120,0.0,1.0,-0.0,1.0,1.0
0,20261202,sub-02,POP,0.0,1.0,-0.0,1.0,1.0
0,20261202,sub-02,MATCH_EB120,0.0,1.0,-0.0,1.0,1.0
0,20261202,sub-02,POP,0.0,1.0,-0.0,1.0,1.0
0,20261202,sub-02,MATCH_EB120,0.0,1.0,-0.0,1.0,1.0
0,20261202,sub-02,POP,0.6945992217748,0.9992632588390581,0.006401610870539952,0.9965457434300333,0.9996919631958008
0,20261202,sub-02,MATCH_EB120,0.6945992217748,0.9992604232477296,0.006426258697892673,0.9965705019421875,0.9996885061264038
0,20261202,sub-02,POP,0.803327307822161,0.9990937353124356,0.007875284144274226,0.9969139189925045,0.999877393245697
0,20261202,sub-02,MATCH_EB120,0.803327307822161,0.9990537268956657,0.008223115021900521,0.99693896737881,0.9998616576194763
0,20261202,sub-02,POP,0.0,1.0,-0.0,1.0,1.0
0,20261202,sub-02,MATCH_EB120,0.0,1.0,-0.0,1.0,1.0
0,20261202,sub-02,POP,0.16187674724118378,0.997451052534892,0.022168141106462362,0.9924401673488319,0.9988948702812195
0,20261202,sub-02,MATCH_EB120,0.16187674724118378,0.9975728301716661,0.02110775569064156,0.9928697142750025,0.9989849328994751
0,20261202,sub-02,POP,1.0,1.0021465435546657,-0.018624658242731185,0.9959616158157587,0.999964714050293
0,20261202,sub-02,MATCH_EB120,1.0,1.0021465435546657,-0.018624658242731185,0.9959616158157587,0.999964714050293
0,20261202,sub-02,POP,0.2946120842971983,0.9997098307143154,0.0025207441307638686,0.9989898360799998,1.0000017881393433
0,20261202,sub-02,MATCH_EB120,0.2946120842971983,0.9997098307143154,0.0025207441307638686,0.9989898360799998,1.0000017881393433
0,20261202,sub-02,POP,0.8079349315164512,1.000863717655148,-0.007498918223018913,0.9989026804687455,1.000084400177002
0,20261202,sub-02,MATCH_EB120,0.8079349315164512,1.000863717655148,-0.007498918223018913,0.9989026804687455,1.000084400177002
0,20261202,sub-02,POP,1.0,1.000168815848473,-0.0014661920742445767,0.9983816400635988,1.0000165700912476
0,20261202,sub-02,MATCH_EB120,1.0,1.000168815848473,-0.0014661920742445767,0.9983816400635988,1.0000165700912476
0,20261202,sub-02,POP,0.0,1.0,-0.0,1.0,1.0
0,20261202,sub-02,MATCH_EB120,0.0,1.0,-0.0,1.0,1.0
0,20261202,sub-02,POP,0.0,1.0,-0.0,1.0,1.0
0,20261202,sub-02,MATCH_EB120,0.0,1.0,-0.0,1.0,1.0
0,20261202,sub-02,POP,0.0,1.0,-0.0,1.0,1.0
0,20261202,sub-02,MATCH_EB120,0.0,1.0,-0.0,1.0,1.0
0,20261202,sub-02,POP,0.0,1.0,-0.0,1.0,1.0
0,20261202,sub-02,MATCH_EB120,0.0,1.0,-0.0,1.0,1.0
0,20261202,sub-02,POP,0.6228609267313855,0.9528821748059015,0.4192159430607053,0.9589188992977142,0.9966484308242798
0,20261202,sub-02,MATCH_EB120,0.6228609267313855,0.9644234196791674,0.3146450386014542,0.9697875883430243,0.9977447390556335
0,20261202,sub-02,POP,1.0,1.0022676902430732,-0.019674607648460383,0.9985028215451166,1.0001873970031738
0,20261202,sub-02,MATCH_EB120,1.0,1.0018834460500732,-0.01634401781926048,0.9985743042780086,1.0001732110977173
0,20261202,sub-02,POP,0.0,1.0,-0.0,1.0,1.0
0,20261202,sub-02,MATCH_EB120,0.0,1.0,-0.0,1.0,1.0
0,20261202,sub-02,POP,1.0,1.0050815298253737,-0.04402584243616308,0.9986002565128729,1.0002754926681519
0,20261202,sub-02,MATCH_EB120,1.0,1.0042953109225696,-0.0372286993307682,0.9985639095539227,1.0002702474594116
0,20261202,sub-03,POP,0.44500799699145,0.9989258990906035,0.009334535973867181,0.9979667456354946,0.9997666478157043
0,20261202,sub-03,MATCH_EB120,0.44500799699145,0.9988475157536199,0.010016123795382421,0.9975314112380147,0.9997574090957642
0,20261202,sub-03,POP,0.8904571816290041,0.9976507103630953,0.020429677536143158,0.9964278398547322,0.9992966055870056
0,20261202,sub-03,MATCH_EB120,0.8904571816290041,0.9970986672792873,0.025237284424077612,0.9957396141253412,0.999251127243042
0,20261202,sub-03,POP,0.4379344080314586,0.999193104767379,0.007011432066151341,0.9976273281499743,0.9997681975364685
0,20261202,sub-03,MATCH_EB120,0.4379344080314586,0.9991671704982114,0.007236879101538073,0.9972381468396634,0.9997655749320984
0,20261202,sub-03,POP,0.9409522957002422,0.9993754200239564,0.005426727631235964,0.9957760744728148,0.9996607303619385
0,20261202,sub-03,MATCH_EB120,0.9409522957002422,0.9992913970365828,0.006157028839609743,0.9949631351046264,0.9996377229690552
0,20261202,sub-03,POP,0.947218439553213,0.9979021010840261,0.01824125931231652,0.9947029049508274,0.9994301795959473
0,20261202,sub-03,MATCH_EB120,0.947218439553213,0.9978629871519606,0.01858171951905873,0.9924733894877136,0.9994932413101196
0,20261202,sub-03,POP,0.3592519838595944,0.9991344915608332,0.00752096598288359,0.9985169105930254,0.9997745752334595
0,20261202,sub-03,MATCH_EB120,0.3592519838595944,0.9993152238902817,0.005949927132356093,0.9977900325320661,0.9997762441635132
0,20261202,sub-03,POP,0.6171646366223957,0.999149000630537,0.007394833551031129,0.9979937204625458,0.9998083710670471
0,20261202,sub-03,MATCH_EB120,0.6171646366223957,0.9990527314886507,0.008231769210911604,0.9969308460131288,0.999784529209137
0,20261202,sub-03,POP,0.8854735151863428,0.9982754065863818,0.01499255981531858,0.9966393846552819,0.9997349977493286
0,20261202,sub-03,MATCH_EB120,0.8854735151863428,0.9979496634796985,0.01782727894849844,0.995239466894418,0.9997168183326721
0,20261202,sub-03,POP,0.6162658712367516,1.0013525032271737,-0.011739756525448975,0.9450930841267109,0.9996364116668701
0,20261202,sub-03,MATCH_EB120,0.6162658712367516,1.0006922028331313,-0.0060103174762433514,0.9448944926261902,0.9994000196456909
0,20261202,sub-03,POP,0.7031659927147427,0.999607306652871,0.003411560967261831,0.9975467880722135,0.999830424785614
0,20261202,sub-03,MATCH_EB120,0.7031659927147427,0.999479797446147,0.004519597627268163,0.9973522867076099,0.999828577041626
0,20261202,sub-03,POP,0.0,1.0,-0.0,1.0,1.0
0,20261202,sub-03,MATCH_EB120,0.0,1.0,-0.0,1.0,1.0
0,20261202,sub-03,POP,0.9550555626366788,0.9994603013698663,0.004689028184046959,0.9950028420425951,0.9998788833618164
0,20261202,sub-03,MATCH_EB120,0.9550555626366788,0.9993832879583912,0.005358345179760289,0.9947764612734318,0.9998777508735657
0,20261202,sub-03,POP,0.0,1.0,-0.0,1.0,1.0
0,20261202,sub-03,MATCH_EB120,0.0,1.0,-0.0,1.0,1.0
0,20261202,sub-03,POP,0.17799492115288187,0.9996653368599127,0.002907333616565179,0.9994011027738452,0.9999588131904602
0,20261202,sub-03,MATCH_EB120,0.17799492115288187,0.9996211306744296,0.0032914407014911747,0.9993220396572724,0.999956488609314
0,20261202,sub-03,POP,0.0,1.0,-0.0,1.0,1.0
0,20261202,sub-03,MATCH_EB120,0.0,1.0,-0.0,1.0,1.0
0,20261202,sub-03,POP,0.7385335782141257,0.9990722777125942,0.008061833552994455,0.9973570315632969,0.999859631061554
0,20261202,sub-03,MATCH_EB120,0.7385335782141257,0.9987703008684586,0.01068760356061028,0.9969546012580395,0.9998559951782227
0,20261202,sub-03,POP,0.035621615697699144,0.9997650182813422,0.0020412651146103633,0.9998890251663397,0.9999954700469971
0,20261202,sub-03,MATCH_EB120,0.035621615697699144,0.9996980001759069,0.0026235333160301378,0.9998757735447725,0.9999964237213135
0,20261202,sub-03,POP,0.9287225091868329,0.9988000384239243,0.010428992266861264,0.9972146218642592,0.9998673796653748
0,20261202,sub-03,MATCH_EB120,0.9287225091868329,0.9987833550223129,0.010574077759324986,0.9968258521985263,0.9998767971992493
0,20261202,sub-03,POP,0.0,1.0,-0.0,1.0,1.0
0,20261202,sub-03,MATCH_EB120,0.0,1.0,-0.0,1.0,1.0
0,20261202,sub-03,POP,0.0,1.0,-0.0,1.0,1.0
0,20261202,sub-03,MATCH_EB120,0.0,1.0,-0.0,1.0,1.0
0,20261202,sub-03,POP,0.0,1.0,-0.0,1.0,1.0
0,20261202,sub-03,MATCH_EB120,0.0,1.0,-0.0,1.0,1.0
0,20261202,sub-03,POP,0.0,1.0,-0.0,1.0,1.0
0,20261202,sub-03,MATCH_EB120,0.0,1.0,-0.0,1.0,1.0
0,20261202,sub-03,POP,0.0,1.0,-0.0,1.0,1.0
0,20261202,sub-03,MATCH_EB120,0.0,1.0,-0.0,1.0,1.0
0,20261202,sub-03,POP,1.0,1.0001211981892522,-0.0010526503078104115,0.996033672709018,1.0002182722091675
0,20261202,sub-03,MATCH_EB120,1.0,1.0000263850889362,-0.00022917494720257675,0.995831576641649,1.000256896018982
0,20261202,sub-05,POP,0.5269139328661183,0.9991792921819087,0.007131504374191926,0.9940059720538557,0.9994266629219055
0,20261202,sub-05,MATCH_EB120,0.5269139328661183,0.9991962319276528,0.00698424800494726,0.9940064563415945,0.9994437098503113
0,20261202,sub-05,POP,0.9798766487907036,0.9977521954455885,0.019546158498820132,0.9928584401495755,0.9989045858383179
0,20261202,sub-05,MATCH_EB120,0.9798766487907036,0.9977600618106423,0.01947767845971054,0.992838320787996,0.9989127516746521
0,20261202,sub-05,POP,0.7116616671178,0.9993932172236841,0.005272047885091323,0.9923551743850112,0.9994485974311829
0,20261202,sub-05,MATCH_EB120,0.7116616671178,0.999409380687546,0.005131569717389171,0.9923036266118288,0.9994606375694275
0,20261202,sub-05,POP,0.9155527443904564,0.9627226142543227,0.3299765306538991,0.7772357016801834,0.983666718006134
0,20261202,sub-05,MATCH_EB120,0.9155527443904564,0.9479940448305715,0.4638878166425772,0.7078787684440613,0.9742575883865356
0,20261202,sub-05,POP,0.6024382597292499,0.9987086599243762,0.011223685740363271,0.9957174845039845,0.999206006526947
0,20261202,sub-05,MATCH_EB120,0.6024382597292499,0.9983488732896216,0.01435335725414249,0.9960377854295075,0.9991118907928467
0,20261202,sub-05,POP,0.5991383151807907,0.9998410428044073,0.0013807944046050115,0.9956825482659042,0.9997398257255554
0,20261202,sub-05,MATCH_EB120,0.5991383151807907,0.9998351264188391,0.0014321917987361558,0.9960473012179136,0.9997310042381287
0,20261202,sub-05,POP,0.0,1.0,-0.0,1.0,1.0
0,20261202,sub-05,MATCH_EB120,0.0,1.0,-0.0,1.0,1.0
0,20261202,sub-05,POP,0.08141048810923421,0.9995879854674548,0.0035794502023644348,0.999607917125104,0.9999482035636902
0,20261202,sub-05,MATCH_EB120,0.08141048810923421,0.9995904131137784,0.0035583552685033003,0.9996296276221983,0.9999482035636902
0,20261202,sub-05,POP,0.3985462771438857,0.9995947115662314,0.003521004166636666,0.9980298650916666,0.9997135400772095
0,20261202,sub-05,MATCH_EB120,0.3985462771438857,0.9997219049603102,0.0024158387555977138,0.9978982908651233,0.9997165203094482
0,20261202,sub-05,POP,0.5903930999658633,0.9995382131696616,0.004011955850130005,0.9976257970556617,0.9996622800827026
0,20261202,sub-05,MATCH_EB120,0.5903930999658633,0.9996796611745147,0.002782873439958815,0.9973968786653131,0.9996887445449829
0,20261202,sub-05,POP,1.0,0.9849078602545472,0.1320879312604922,0.9029911383986473,0.9974548816680908
0,20261202,sub-05,MATCH_EB120,1.0,0.9828581480323265,0.15018315245663524,0.9000225886702538,0.9975868463516235
0,20261202,sub-05,POP,0.3409752158753893,0.9283871980290949,0.6454171373438315,0.9073872193694115,0.9557764530181885
0,20261202,sub-05,MATCH_EB120,0.3409752158753893,0.924866733752859,0.6784168255514473,0.9050591215491295,0.9545754194259644
0,20261202,sub-05,POP,1.0,1.000025375185763,-0.00022040326670829676,0.9904198944568634,1.0001920461654663
0,20261202,sub-05,MATCH_EB120,1.0,1.0000527809479944,-0.0004584373909984925,0.9901511399075389,1.0001953840255737
0,20261202,sub-05,POP,0.0,1.0,-0.0,1.0,1.0
0,20261202,sub-05,MATCH_EB120,0.0,1.0,-0.0,1.0,1.0
0,20261202,sub-05,POP,0.27743706425979564,0.9994939720906997,0.004396415022151884,0.9986601243726909,0.999761700630188
0,20261202,sub-05,MATCH_EB120,0.27743706425979564,0.999518027697692,0.004187367405084475,0.9986194217344746,0.9997703433036804
0,20261202,sub-05,POP,0.8851849713687788,0.9982889301775039,0.014874893263998046,0.996217283885926,0.9999185800552368
0,20261202,sub-05,MATCH_EB120,0.8851849713687788,0.9982853209289116,0.014906296588899194,0.9962391406297684,0.9999147057533264
0,20261202,sub-05,POP,0.0,1.0,-0.0,1.0,1.0
0,20261202,sub-05,MATCH_EB120,0.0,1.0,-0.0,1.0,1.0
0,20261202,sub-05,POP,1.0,0.910885083847182,0.8107281926816297,0.7880649566650391,0.9567038416862488
0,20261202,sub-05,MATCH_EB120,1.0,0.8469343135629738,1.4430054265231627,0.6684340536594391,0.9297050833702087
0,20261202,sub-05,POP,0.3944358354675989,0.840986409781666,1.5042204456236608,0.9307852685451508,0.9596772789955139
0,20261202,sub-05,MATCH_EB120,0.3944358354675989,0.7925204864781514,2.0197900509885978,0.8950061202049255,0.9463173747062683
0,20261202,sub-05,POP,0.4523385511168308,0.9994544978053598,0.004739464671717164,0.9986059665679932,0.9998836517333984
0,20261202,sub-05,MATCH_EB120,0.4523385511168308,0.9994393799117838,0.004870849690829453,0.9985231504542753,0.999887228012085
0,20261202,sub-05,POP,0.17758683874712367,0.9997887456133606,0.0018351261339553224,0.9993575308471918,0.9999376535415649
0,20261202,sub-05,MATCH_EB120,0.17758683874712367,0.9997962230498398,0.0017701644653567968,0.9994735512300394,0.9999402761459351
0,20261202,sub-05,POP,0.0,1.0,-0.0,1.0,1.0
0,20261202,sub-05,MATCH_EB120,0.0,1.0,-0.0,1.0,1.0
0,20261202,sub-05,POP,0.0,1.0,-0.0,1.0,1.0
0,20261202,sub-05,MATCH_EB120,0.0,1.0,-0.0,1.0,1.0
0,20261202,sub-05,POP,0.8238296228735266,0.4967024423732308,6.078074089944173,0.7086277008056641,0.8078193068504333
0,20261202,sub-05,MATCH_EB120,0.8238296228735266,0.42089232930040504,7.516579782633417,0.6342153251171112,0.7518845796585083
0,20261203,sub-02,POP,0.9746944995973741,1.006074258079525,-0.05260074131601956,0.8028324842453003,1.0060404539108276
0,20261203,sub-02,MATCH_EB120,0.9746944995973741,1.0056132879284936,-0.048620067541579944,0.8343093246221542,1.0067123174667358
0,20261203,sub-02,POP,0.934644677885095,0.9999246928263352,0.0006541344302235443,0.9933254406787455,1.000362515449524
0,20261203,sub-02,MATCH_EB120,0.934644677885095,0.9999427804986104,0.0004970164938687105,0.9914196468889713,1.0006392002105713
0,20261203,sub-02,POP,0.7975253889002536,0.9999927505906838,6.29677975014361e-05,0.9957970231771469,1.0002495050430298
0,20261203,sub-02,MATCH_EB120,0.7975253889002536,1.0001774521786646,-0.001541193299904453,0.9948467146605253,1.0004143714904785
0,20261203,sub-02,POP,0.8916253302171883,1.0005887962083468,-0.005112713859407679,0.9934824099764228,1.000613808631897
0,20261203,sub-02,MATCH_EB120,0.8916253302171883,1.0005422506602537,-0.004708652871412147,0.9915576577186584,1.0006461143493652
0,20261203,sub-02,POP,0.0,1.0,-0.0,1.0,1.0
0,20261203,sub-02,MATCH_EB120,0.0,1.0,-0.0,1.0,1.0
0,20261203,sub-02,POP,0.0,1.0,-0.0,1.0,1.0
0,20261203,sub-02,MATCH_EB120,0.0,1.0,-0.0,1.0,1.0
0,20261203,sub-02,POP,0.0,1.0,-0.0,1.0,1.0
0,20261203,sub-02,MATCH_EB120,0.0,1.0,-0.0,1.0,1.0
0,20261203,sub-02,POP,0.0,1.0,-0.0,1.0,1.0
0,20261203,sub-02,MATCH_EB120,0.0,1.0,-0.0,1.0,1.0
0,20261203,sub-02,POP,0.6945992217748,1.0002701621462844,-0.002346281663032931,0.9962674798443913,1.0002226829528809
0,20261203,sub-02,MATCH_EB120,0.6945992217748,1.000336777638857,-0.0029247209410120495,0.9963433635421097,1.0002418756484985
0,20261203,sub-02,POP,0.803327307822161,1.0023909224618972,-0.020742501650086433,0.935133770108223,1.0002837181091309
0,20261203,sub-02,MATCH_EB120,0.803327307822161,1.0022729299327129,-0.019720015923543853,0.941349271684885,1.00037682056427
0,20261203,sub-02,POP,0.0,1.0,-0.0,1.0,1.0
0,20261203,sub-02,MATCH_EB120,0.0,1.0,-0.0,1.0,1.0
0,20261203,sub-02,POP,0.16187674724118378,0.9999533543648844,0.0004051682884509433,0.9988745644222945,1.0000078678131104
0,20261203,sub-02,MATCH_EB120,0.16187674724118378,0.9999617067591334,0.0003326172325874297,0.998894348856993,1.0000083446502686
0,20261203,sub-02,POP,1.0,0.9986371458828605,0.011845674251954055,0.9986751349642873,1.0002002716064453
0,20261203,sub-02,MATCH_EB120,1.0,0.9986371458828605,0.011845674251954055,0.9986751349642873,1.0002002716064453
0,20261203,sub-02,POP,0.2946120842971983,0.9998185536571003,0.0015761659087523095,0.9995760335004888,1.0000598430633545
0,20261203,sub-02,MATCH_EB120,0.2946120842971983,0.9998185536571003,0.0015761659087523095,0.9995760335004888,1.0000598430633545
0,20261203,sub-02,POP,0.8079349315164512,0.9999098328374576,0.0007832173335937168,0.9992303988547064,1.000144600868225
0,20261203,sub-02,MATCH_EB120,0.8079349315164512,0.9999098328374576,0.0007832173335937168,0.9992303988547064,1.000144600868225
0,20261203,sub-02,POP,1.0,1.0006518024729818,-0.005659640062751131,0.9989999164827168,1.0001773834228516
0,20261203,sub-02,MATCH_EB120,1.0,1.0006518024729818,-0.005659640062751131,0.9989999164827168,1.0001773834228516
0,20261203,sub-02,POP,0.0,1.0,-0.0,1.0,1.0
0,20261203,sub-02,MATCH_EB120,0.0,1.0,-0.0,1.0,1.0
0,20261203,sub-02,POP,0.0,1.0,-0.0,1.0,1.0
0,20261203,sub-02,MATCH_EB120,0.0,1.0,-0.0,1.0,1.0
0,20261203,sub-02,POP,0.0,1.0,-0.0,1.0,1.0
0,20261203,sub-02,MATCH_EB120,0.0,1.0,-0.0,1.0,1.0
0,20261203,sub-02,POP,0.0,1.0,-0.0,1.0,1.0
0,20261203,sub-02,MATCH_EB120,0.0,1.0,-0.0,1.0,1.0
0,20261203,sub-02,POP,0.6228609267313855,0.9486520015559162,0.4578614526374357,0.9286927804350853,0.9947838187217712
0,20261203,sub-02,MATCH_EB120,0.6228609267313855,0.9598239021192317,0.35616878406620595,0.9444991052150726,0.9960123300552368
0,20261203,sub-02,POP,1.0,0.9946090694024605,0.046951698909083406,0.9953338885679841,1.0007758140563965
0,20261203,sub-02,MATCH_EB120,1.0,0.9947715832850473,0.04553258623194386,0.9957874384708703,1.0007330179214478
0,20261203,sub-02,POP,0.0,1.0,-0.0,1.0,1.0
0,20261203,sub-02,MATCH_EB120,0.0,1.0,-0.0,1.0,1.0
0,20261203,sub-02,POP,1.0,0.9956162125414234,0.038160799727107966,0.9990353732719086,1.0001657009124756
0,20261203,sub-02,MATCH_EB120,1.0,0.996098340123967,0.0339556719896704,0.9990484419977292,1.000159740447998
0,20261203,sub-03,POP,0.44500799699145,0.9998747612391371,0.0010878781789427335,0.997703256085515,0.9999657869338989
0,20261203,sub-03,MATCH_EB120,0.44500799699145,0.9998613901298676,0.0012040334821064212,0.9979246533475816,0.9999669790267944
0,20261203,sub-03,POP,0.8904571816290041,0.9992825849751084,0.006233624046131933,0.9959165654145181,1.0000014305114746
0,20261203,sub-03,MATCH_EB120,0.8904571816290041,0.99943037872954,0.004949077174380248,0.9962510264012963,0.9999812245368958
0,20261203,sub-03,POP,0.4379344080314586,0.9997293053814698,0.002351541871397881,0.997785028303042,0.9999663233757019
0,20261203,sub-03,MATCH_EB120,0.4379344080314586,0.9997125019466343,0.002497535398180895,0.9979978441260755,0.9999656677246094
0,20261203,sub-03,POP,0.9409522957002422,1.0003785367157663,-0.0032873059933399055,0.9950736984610558,1.000262975692749
0,20261203,sub-03,MATCH_EB120,0.9409522957002422,1.0003348544505553,-0.0029080219474600317,0.9957244172692299,1.0002295970916748
0,20261203,sub-03,POP,0.947218439553213,1.000220677756965,-0.0019165711780373305,0.9953063013963401,1.000080943107605
0,20261203,sub-03,MATCH_EB120,0.947218439553213,1.0001084273221401,-0.0009417366997882759,0.9953951179049909,1.0000494718551636
0,20261203,sub-03,POP,0.3592519838595944,1.000531883008842,-0.004618648933574224,0.9985871961107478,1.0000015497207642
0,20261203,sub-03,MATCH_EB120,0.3592519838595944,1.0001113431088282,-0.0009670601184999111,0.9986469828290865,0.9999938011169434
0,20261203,sub-03,POP,0.6171646366223957,0.9953908318101441,0.04012727410232828,0.9897144520655274,0.9961079359054565
0,20261203,sub-03,MATCH_EB120,0.6171646366223957,0.9956446257498996,0.0379129226149196,0.9817169066518545,0.9966000318527222
0,20261203,sub-03,POP,0.8854735151863428,0.9998901294983417,0.0009543754816997538,0.9964562687091529,0.9999943971633911
0,20261203,sub-03,MATCH_EB120,0.8854735151863428,0.9998280103565765,0.0014940115426057235,0.9969025361351669,0.9999603033065796
0,20261203,sub-03,POP,0.6162658712367516,1.0000743496308506,-0.0006457686821652864,0.9975246516987681,1.000109314918518
0,20261203,sub-03,MATCH_EB120,0.6162658712367516,0.9999903977431422,8.340454377937785e-05,0.9978531750384718,1.0000662803649902
0,20261203,sub-03,POP,0.7031659927147427,1.000566583403872,-0.004919887285125192,0.9967425293289125,1.0004220008850098
0,20261203,sub-03,MATCH_EB120,0.7031659927147427,1.0003741974483507,-0.0032496297755459647,0.9972628420218825,1.0003211498260498
0,20261203,sub-03,POP,0.0,1.0,-0.0,1.0,1.0
0,20261203,sub-03,MATCH_EB120,0.0,1.0,-0.0,1.0,1.0
0,20261203,sub-03,POP,0.9550555626366788,1.0003059397711453,-0.0026569526750375586,0.9951653508469462,1.0003209114074707
0,20261203,sub-03,MATCH_EB120,0.9550555626366788,1.0003096308094859,-0.0026890027621678915,0.995922944508493,1.0003036260604858
0,20261203,sub-03,POP,0.0,1.0,-0.0,1.0,1.0
0,20261203,sub-03,MATCH_EB120,0.0,1.0,-0.0,1.0,1.0
0,20261203,sub-03,POP,0.17799492115288187,0.9999384939119613,0.0005342515228020814,0.9992390123661608,1.000010371208191
0,20261203,sub-03,MATCH_EB120,0.17799492115288187,0.9999247778022056,0.0006533962836354992,0.9993457486853004,1.0000075101852417
0,20261203,sub-03,POP,0.0,1.0,-0.0,1.0,1.0
0,20261203,sub-03,MATCH_EB120,0.0,1.0,-0.0,1.0,1.0
0,20261203,sub-03,POP,0.7385335782141257,0.9991128801095704,0.007708845304788913,0.9969191220588982,1.0000934600830078
0,20261203,sub-03,MATCH_EB120,0.7385335782141257,0.9991960727446039,0.006985631763674035,0.9973318744450808,1.0000786781311035
0,20261203,sub-03,POP,0.035621615697699144,0.9998780518840554,0.0010592924673376468,0.9998780343594262,0.9999998211860657
0,20261203,sub-03,MATCH_EB120,0.035621615697699144,0.9999051688110415,0.0008237322999138636,0.9998868696857244,0.9999996423721313
0,20261203,sub-03,POP,0.9287225091868329,0.9726150368124054,0.2411804088223404,0.9264202862977982,0.9947139620780945
0,20261203,sub-03,MATCH_EB120,0.9287225091868329,0.972874161726185,0.23886661502840567,0.9315771237015724,0.9949896931648254
0,20261203,sub-03,POP,0.0,1.0,-0.0,1.0,1.0
0,20261203,sub-03,MATCH_EB120,0.0,1.0,-0.0,1.0,1.0
0,20261203,sub-03,POP,0.0,1.0,-0.0,1.0,1.0
0,20261203,sub-03,MATCH_EB120,0.0,1.0,-0.0,1.0,1.0
0,20261203,sub-03,POP,0.0,1.0,-0.0,1.0,1.0
0,20261203,sub-03,MATCH_EB120,0.0,1.0,-0.0,1.0,1.0
0,20261203,sub-03,POP,0.0,1.0,-0.0,1.0,1.0
0,20261203,sub-03,MATCH_EB120,0.0,1.0,-0.0,1.0,1.0
0,20261203,sub-03,POP,0.0,1.0,-0.0,1.0,1.0
0,20261203,sub-03,MATCH_EB120,0.0,1.0,-0.0,1.0,1.0
0,20261203,sub-03,POP,1.0,1.0010412351022877,-0.00903934795881013,0.9970858737360686,1.0005300045013428
0,20261203,sub-03,MATCH_EB120,1.0,1.0009389235261594,-0.008151559879702303,0.9973658712115139,1.0004884004592896
0,20261203,sub-05,POP,0.5269139328661183,0.999083842697798,0.007961288671519642,0.9936747658066452,0.9997267127037048
0,20261203,sub-05,MATCH_EB120,0.5269139328661183,0.9990607777909714,0.00816181393196725,0.9936345769092441,0.9997307658195496
0,20261203,sub-05,POP,0.9798766487907036,0.9987391464393858,0.01095854489012488,0.990593264810741,0.9998786449432373
0,20261203,sub-05,MATCH_EB120,0.9798766487907036,0.9986633132530163,0.011618080162877284,0.990458719432354,0.9998104572296143
0,20261203,sub-05,POP,0.7116616671178,0.9997016183340917,0.0025920969564403053,0.9913912629708648,1.0
0,20261203,sub-05,MATCH_EB120,0.7116616671178,0.9996468399317953,0.0030680511654707387,0.991445860825479,0.9999687075614929
0,20261203,sub-05,POP,0.9155527443904564,1.0010614245774383,-0.009214527340513236,0.9855483258143067,1.0011730194091797
0,20261203,sub-05,MATCH_EB120,0.9155527443904564,1.0009549074515531,-0.008290263151381717,0.9859913717955351,1.0010449886322021
0,20261203,sub-05,POP,0.6024382597292499,0.9456610951775323,0.48528955240884175,0.9350001588463783,0.9778574705123901
0,20261203,sub-05,MATCH_EB120,0.6024382597292499,0.9506121028414611,0.4399332145891065,0.9403161779046059,0.9801052212715149
0,20261203,sub-05,POP,0.5991383151807907,1.0002691184073482,-0.0023372183056686088,0.9960348689928651,1.0001338720321655
0,20261203,sub-05,MATCH_EB120,0.5991383151807907,1.0002962600285288,-0.0025729008069536132,0.9961561313830316,1.0001424551010132
0,20261203,sub-05,POP,0.0,1.0,-0.0,1.0,1.0
0,20261203,sub-05,MATCH_EB120,0.0,1.0,-0.0,1.0,1.0
0,20261203,sub-05,POP,0.08141048810923421,1.0001228375551652,-0.0010668879219639263,0.9993237293092534,1.000024437904358
0,20261203,sub-05,MATCH_EB120,0.08141048810923421,1.0001224245323301,-0.0010633008910820737,0.9995565201388672,1.0000219345092773
0,20261203,sub-05,POP,0.3985462771438857,0.9995237785614532,0.00413739209411592,0.9969924639444798,1.000082015991211
0,20261203,sub-05,MATCH_EB120,0.3985462771438857,0.9994406052302743,0.004860200746160834,0.9968211015220731,1.0000786781311035
0,20261203,sub-05,POP,0.5903930999658633,0.9997963361307999,0.0017691820564809822,0.9966905540786684,1.0001987218856812
0,20261203,sub-05,MATCH_EB120,0.5903930999658633,0.9997084805529755,0.0025324748949829656,0.9964903800282627,1.000185489654541
0,20261203,sub-05,POP,1.0,0.9954365594273603,0.03972825906127572,0.9295001402497292,0.9927442073822021
0,20261203,sub-05,MATCH_EB120,1.0,0.9956029535342137,0.03827647385811045,0.9010313302278519,0.9891096353530884
0,20261203,sub-05,POP,0.3409752158753893,0.9970296988164806,0.025838100767568654,0.959772877395153,0.9978989362716675
0,20261203,sub-05,MATCH_EB120,0.3409752158753893,0.9959691332144123,0.03508241791917559,0.95314547047019,0.9973052144050598
0,20261203,sub-05,POP,1.0,1.0057942547338974,-0.05018301057603955,0.9923061113804579,1.0056982040405273
0,20261203,sub-05,MATCH_EB120,1.0,1.0057842147781269,-0.05009630657804358,0.9924231744371355,1.0057789087295532
0,20261203,sub-05,POP,0.0,1.0,-0.0,1.0,1.0
0,20261203,sub-05,MATCH_EB120,0.0,1.0,-0.0,1.0,1.0
0,20261203,sub-05,POP,0.27743706425979564,0.9567177298900137,0.3843235523761002,0.9691292457282543,0.9909059405326843
0,20261203,sub-05,MATCH_EB120,0.27743706425979564,0.9596651151587177,0.3576058394551354,0.9723935723304749,0.9913545846939087
0,20261203,sub-05,POP,0.8851849713687788,0.9820080620265905,0.15769893511052122,0.733081042766571,0.9581397175788879
0,20261203,sub-05,MATCH_EB120,0.8851849713687788,0.9827668295969368,0.15099020554286818,0.7569187879562378,0.9587160348892212
0,20261203,sub-05,POP,0.0,1.0,-0.0,1.0,1.0
0,20261203,sub-05,MATCH_EB120,0.0,1.0,-0.0,1.0,1.0
0,20261203,sub-05,POP,1.0,1.001251531944894,-0.01086387152788054,0.995590758509934,1.0007597208023071
0,20261203,sub-05,MATCH_EB120,1.0,1.0008536236574006,-0.00741131809223891,0.9957091454416513,1.00056791305542
0,20261203,sub-05,POP,0.3944358354675989,0.9821560161468585,0.15639037522302876,0.9681976325809956,0.9938580393791199
0,20261203,sub-05,MATCH_EB120,0.3944358354675989,0.977363020094115,0.19888194280299795,0.956766951829195,0.991215169429779
0,20261203,sub-05,POP,0.4523385511168308,0.992867096232047,0.06217763303276065,0.9612216241657734,0.9953345656394958
0,20261203,sub-05,MATCH_EB120,0.4523385511168308,0.9891771478609769,0.09451850679943966,0.9470101371407509,0.9931237101554871
0,20261203,sub-05,POP,0.17758683874712367,0.9999820142284498,0.00015622383164786525,0.9993305833195336,1.0000243186950684
0,20261203,sub-05,MATCH_EB120,0.17758683874712367,1.0000000073376851,-6.373432297098892e-08,0.9993554823449813,1.0000241994857788
0,20261203,sub-05,POP,0.0,1.0,-0.0,1.0,1.0
0,20261203,sub-05,MATCH_EB120,0.0,1.0,-0.0,1.0,1.0
0,20261203,sub-05,POP,0.0,1.0,-0.0,1.0,1.0
0,20261203,sub-05,MATCH_EB120,0.0,1.0,-0.0,1.0,1.0
0,20261203,sub-05,POP,0.8238296228735266,1.0437891768682792,-0.3722557861858678,0.7559951692819595,0.9502424597740173
0,20261203,sub-05,MATCH_EB120,0.8238296228735266,1.0373216877527414,-0.31826915962469926,0.7826603502035141,0.9556249976158142
1,20261201,sub-06,POP,1.0,0.9990439513141298,0.008308105483873994,0.9945341758430004,0.999626636505127
1,20261201,sub-06,MATCH_EB120,1.0,0.9986201031879106,0.011993908504243794,0.9933567717671394,0.9997386932373047
1,20261201,sub-06,POP,1.0,0.9996834975056477,0.002749540877345973,0.9927487187087536,0.9999424815177917
1,20261201,sub-06,MATCH_EB120,1.0,0.9989546433430578,0.009084601706765956,0.9919478083029389,0.9999304413795471
1,20261201,sub-06,POP,1.0,0.9906068851984173,0.08197315571474856,0.8610561937093735,0.9917044043540955
1,20261201,sub-06,MATCH_EB120,1.0,0.9837984696383248,0.14187714698216944,0.8439510315656662,0.9895678758621216
1,20261201,sub-06,POP,0.0037536918911668664,0.9997290298419442,0.0023539358256679066,0.9985203451942652,0.9996920824050903
1,20261201,sub-06,MATCH_EB120,0.0037536918911668664,0.9997545061273374,0.002132594464917272,0.9982944219373167,0.9996505975723267
1,20261201,sub-06,POP,0.8468679354762952,1.0001048272579325,-0.0009104702732451366,0.9951947904191911,0.9999759793281555
1,20261201,sub-06,MATCH_EB120,0.8468679354762952,1.0000613058080436,-0.0005324791609736397,0.9950425988063216,0.9999901652336121
1,20261201,sub-06,POP,0.01532074492461889,1.0000362231890807,-0.0003146249243690395,0.9999386628114735,1.0000100135803223
1,20261201,sub-06,MATCH_EB120,0.01532074492461889,1.0000320323901493,-0.000278225349592242,0.9999366866977653,1.0000089406967163
1,20261201,sub-06,POP,1.0,0.9989714999534444,0.008938035070172327,0.9952850667759776,0.9994227290153503
1,20261201,sub-06,MATCH_EB120,1.0,0.9990166470111529,0.00854549784576274,0.9954677554778755,0.9993817806243896
1,20261201,sub-06,POP,1.0,1.2216421437708487,-1.7388801288294553,0.31676822900772095,0.4902586340904236
1,20261201,sub-06,MATCH_EB120,1.0,1.0531538272504408,-0.44983620712501976,0.36277687549591064,0.49594172835350037
1,20261201,sub-06,POP,0.0,1.0,-0.0,1.0,1.0
1,20261201,sub-06,MATCH_EB120,0.0,1.0,-0.0,1.0,1.0
1,20261201,sub-06,POP,0.9401534928009672,1.0001435864317323,-0.0012470863693517622,0.9933222103863955,1.0003732442855835
1,20261201,sub-06,MATCH_EB120,0.9401534928009672,1.0000066774255338,-5.7999187610926704e-05,0.9928506617434323,1.0003103017807007
1,20261201,sub-06,POP,0.09630865105763081,0.9999187811698396,0.0007054864450859907,0.9994043803890236,1.0000005960464478
1,20261201,sub-06,MATCH_EB120,0.09630865105763081,0.9998939045975411,0.000921581845526766,0.9993480903794989,0.9999958276748657
1,20261201,sub-06,POP,0.0,1.0,-0.0,1.0,1.0
1,20261201,sub-06,MATCH_EB120,0.0,1.0,-0.0,1.0,1.0
1,20261201,sub-06,POP,0.0,1.0,-0.0,1.0,1.0
1,20261201,sub-06,MATCH_EB120,0.0,1.0,-0.0,1.0,1.0
1,20261201,sub-06,POP,1.0,0.9992412105377729,0.006593263293251015,0.9947531288489699,0.9999416470527649
1,20261201,sub-06,MATCH_EB120,1.0,0.9985415871949408,0.012676858966787018,0.9930006084032357,1.0000263452529907
1,20261201,sub-06,POP,0.0,1.0,-0.0,1.0,1.0
1,20261201,sub-06,MATCH_EB120,0.0,1.0,-0.0,1.0,1.0
1,20261201,sub-06,POP,0.0,1.0,-0.0,1.0,1.0
1,20261201,sub-06,MATCH_EB120,0.0,1.0,-0.0,1.0,1.0
1,20261201,sub-06,POP,0.11371558673709592,0.9937943566987045,0.05406947484395173,0.9846517480909824,0.9976205825805664
1,20261201,sub-06,MATCH_EB120,0.11371558673709592,0.9929833158851031,0.06116096926472223,0.983600614592433,0.99741131067276
1,20261201,sub-06,POP,0.2521444992296448,1.0024681521633036,-0.021411684508890916,0.9773124177008867,1.0008467435836792
1,20261201,sub-06,MATCH_EB120,0.2521444992296448,1.0022173098989324,-0.019237988657352663,0.9748060274869204,1.0008021593093872
1,20261201,sub-06,POP,0.0,1.0,-0.0,1.0,1.0
1,20261201,sub-06,MATCH_EB120,0.0,1.0,-0.0,1.0,1.0
1,20261201,sub-06,POP,0.0,1.0,-0.0,1.0,1.0
1,20261201,sub-06,MATCH_EB120,0.0,1.0,-0.0,1.0,1.0
1,20261201,sub-06,POP,0.35124506236877306,0.9996467882971672,0.003068499816608452,0.9988047110382468,0.9999732971191406
1,20261201,sub-06,MATCH_EB120,0.35124506236877306,0.9995288411096307,0.004093398520035785,0.9987106710905209,0.9999498724937439
1,20261201,sub-06,POP,0.511248125285962,1.0013820747841617,-0.011996261090020268,0.9726980719715357,1.0012389421463013
1,20261201,sub-06,MATCH_EB120,0.511248125285962,1.0013046468222948,-0.011324632597399964,0.9653410650789738,1.001480221748352
1,20261201,sub-06,POP,0.7332323287638531,0.9224667653447737,0.7009854331856755,0.889612965285778,0.974043071269989
1,20261201,sub-06,MATCH_EB120,0.7332323287638531,0.9026038387754964,0.8900564751370882,0.8600499927997589,0.9680034518241882
1,20261201,sub-06,POP,0.0,1.0,-0.0,1.0,1.0
1,20261201,sub-06,MATCH_EB120,0.0,1.0,-0.0,1.0,1.0
1,20261201,sub-07,POP,0.0,1.0,-0.0,1.0,1.0
1,20261201,sub-07,MATCH_EB120,0.0,1.0,-0.0,1.0,1.0
1,20261201,sub-07,POP,0.870501247922997,0.797628534556597,1.9639863572478078,0.7699429094791412,0.8977115154266357
1,20261201,sub-07,MATCH_EB120,0.870501247922997,0.8215026691099678,1.7078204235717553,0.785062849521637,0.9103611707687378
1,20261201,sub-07,POP,1.0,0.999975975060172,0.00020868048268525845,0.9950334425084293,1.0000550746917725
1,20261201,sub-07,MATCH_EB120,1.0,1.0000774570905033,-0.0006727576852074286,0.9947203630581498,1.0000125169754028
1,20261201,sub-07,POP,0.9903675075228353,1.0012983498889867,-0.01127000922186069,0.9931353922002017,1.0005435943603516
1,20261201,sub-07,MATCH_EB120,0.9903675075228353,1.0013061009025557,-0.011337246112717522,0.993396760430187,1.0005604028701782
1,20261201,sub-07,POP,0.8408457586080647,0.9976217554491473,0.020681772617249558,0.9970145833212882,0.9998188018798828
1,20261201,sub-07,MATCH_EB120,0.8408457586080647,0.9978136071816615,0.01901155767385299,0.9960122066549957,0.999857485294342
1,20261201,sub-07,POP,1.0,0.9958400059270441,0.036208615552144635,0.994111533742398,0.9995773434638977
1,20261201,sub-07,MATCH_EB120,1.0,0.9961130843807726,0.03382710432276949,0.9918419821187854,0.9996528625488281
1,20261201,sub-07,POP,1.0,1.0016642647134826,-0.014443603970649302,0.9930537911131978,1.000794768333435
1,20261201,sub-07,MATCH_EB120,1.0,1.0019185324006128,-0.016648195748914324,0.9905625339597464,1.0007721185684204
1,20261201,sub-07,POP,1.0,1.000470031677884,-0.0040816840952130565,0.995178846642375,1.000751256942749
1,20261201,sub-07,MATCH_EB120,1.0,1.000589158785846,-0.005115861313770624,0.9946215199306607,1.0007685422897339
1,20261201,sub-07,POP,1.0,1.0031894150893423,-0.027658823151048582,0.8703586161136627,1.0032472610473633
1,20261201,sub-07,MATCH_EB120,1.0,1.0039374143001358,-0.03413279260824211,0.8644426763057709,1.0036617517471313
1,20261201,sub-07,POP,0.7040657540920628,0.9992116130346042,0.006850542967880032,0.995213377289474,0.9997819662094116
1,20261201,sub-07,MATCH_EB120,0.7040657540920628,0.9994152275535231,0.005080754620961081,0.9957472090609372,0.9997473955154419
1,20261201,sub-07,POP,0.5185632939165938,0.8418953773935329,1.4948375012134363,0.8486599773168564,0.8922036290168762
1,20261201,sub-07,MATCH_EB120,0.5185632939165938,0.8212810708621295,1.71016373619356,0.8049923330545425,0.8742987513542175
1,20261201,sub-07,POP,0.941211815192183,0.9991704737945423,0.007208163166116332,0.9943524352274835,1.0000149011611938
1,20261201,sub-07,MATCH_EB120,0.941211815192183,0.9991662522374214,0.007244861665198196,0.9951077937148511,0.9999766945838928
1,20261201,sub-07,POP,0.5151032201336935,0.9975030668232097,0.02171520801527156,0.9975597714073956,0.9996019005775452
1,20261201,sub-07,MATCH_EB120,0.5151032201336935,0.9977152787310706,0.019867541344983742,0.9969281111843884,0.9995887279510498
1,20261201,sub-07,POP,0.03854979058465003,0.9997997120019676,0.00173985368846129,0.9998362661426654,0.9999898672103882
1,20261201,sub-07,MATCH_EB120,0.03854979058465003,0.9999299892896011,0.0006081265919432733,0.9998254742531572,0.9999913573265076
1,20261201,sub-07,POP,0.6716781171512292,0.9979655568830739,0.017688948075236594,0.9966889130882919,0.999743640422821
1,20261201,sub-07,MATCH_EB120,0.6716781171512292,0.9980724757617991,0.016758419130864715,0.9961592708714306,0.9997380375862122
1,20261201,sub-07,POP,0.5858068856411246,0.8256821740920144,1.6637418284170233,0.8942544087767601,0.9279483556747437
1,20261201,sub-07,MATCH_EB120,0.5858068856411246,0.8376681511246321,1.5385599299910302,0.9104033783078194,0.9317816495895386
1,20261201,sub-07,POP,1.0,1.0010362375522435,-0.008995984833518579,0.9971729118842632,1.0003852844238281
1,20261201,sub-07,MATCH_EB120,1.0,1.001306653930236,-0.011342043383069898,0.997258460149169,1.0003901720046997
1,20261201,sub-07,POP,0.0,1.0,-0.0,1.0,1.0
1,20261201,sub-07,MATCH_EB120,0.0,1.0,-0.0,1.0,1.0
1,20261201,sub-07,POP,0.7241421098763698,0.9987965907918931,0.010458974046863969,0.99785699066706,0.9997683763504028
1,20261201,sub-07,MATCH_EB120,0.7241421098763698,0.9991135446932874,0.007703067680442634,0.9975878880359232,0.9997801780700684
1,20261201,sub-07,POP,0.0,1.0,-0.0,1.0,1.0
1,20261201,sub-07,MATCH_EB120,0.0,1.0,-0.0,1.0,1.0
1,20261201,sub-07,POP,0.0,1.0,-0.0,1.0,1.0
1,20261201,sub-07,MATCH_EB120,0.0,1.0,-0.0,1.0,1.0
1,20261201,sub-07,POP,0.0,1.0,-0.0,1.0,1.0
1,20261201,sub-07,MATCH_EB120,0.0,1.0,-0.0,1.0,1.0
1,20261201,sub-07,POP,0.0,1.0,-0.0,1.0,1.0
1,20261201,sub-07,MATCH_EB120,0.0,1.0,-0.0,1.0,1.0
1,20261201,sub-07,POP,0.2645674146409985,1.0037849735054454,-0.03281380156684434,0.9749405384063721,1.000259518623352
1,20261201,sub-07,MATCH_EB120,0.2645674146409985,1.0035044635153854,-0.030386170765864542,0.9740626364946365,1.0002280473709106
1,20261201,sub-09,POP,0.0,1.0,-0.0,1.0,1.0
1,20261201,sub-09,MATCH_EB120,0.0,1.0,-0.0,1.0,1.0
1,20261201,sub-09,POP,0.0,1.0,-0.0,1.0,1.0
1,20261201,sub-09,MATCH_EB120,0.0,1.0,-0.0,1.0,1.0
1,20261201,sub-09,POP,0.0,1.0,-0.0,1.0,1.0
1,20261201,sub-09,MATCH_EB120,0.0,1.0,-0.0,1.0,1.0
1,20261201,sub-09,POP,0.06206022168720689,0.9828659585451064,0.15011412827181092,0.998645112500526,0.9987296462059021
1,20261201,sub-09,MATCH_EB120,0.06206022168720689,0.9850981793130849,0.13040967209740476,0.9987769256113097,0.9989202618598938
1,20261201,sub-09,POP,0.06585820065581582,1.000011036295045,-9.585951180762888e-05,0.999961727324262,1.0000048875808716
1,20261201,sub-09,MATCH_EB120,0.06585820065581582,1.000011036295045,-9.585951180762888e-05,0.999961727324262,1.0000048875808716
1,20261201,sub-09,POP,1.0,0.9999575166128118,0.0003690138511021377,0.9916171757504344,0.9995067715644836
1,20261201,sub-09,MATCH_EB120,1.0,0.9999575166128118,0.0003690138511021377,0.9916171757504344,0.9995067715644836
1,20261201,sub-09,POP,1.0,1.0058957224280318,-0.05105922629897262,0.8530248701572418,0.7378171682357788
1,20261201,sub-09,MATCH_EB120,1.0,1.0058957224280318,-0.05105922629897262,0.8530248701572418,0.7378171682357788
1,20261201,sub-09,POP,1.0,1.0000141814502752,-0.0001231776385814499,0.9940740428864956,1.0001122951507568
1,20261201,sub-09,MATCH_EB120,1.0,1.0000141814502752,-0.0001231776385814499,0.9940740428864956,1.0001122951507568
1,20261201,sub-09,POP,0.24366175333733947,1.0000554112343618,-0.00048128253226921035,0.9994138972251676,1.0000269412994385
1,20261201,sub-09,MATCH_EB120,0.24366175333733947,1.00006953991212,-0.0006039950014787733,0.9995250706851948,1.000025749206543
1,20261201,sub-09,POP,0.9342060588310089,1.0003765785214145,-0.0032703037526359588,0.9953919756226242,1.00041663646698
1,20261201,sub-09,MATCH_EB120,0.9342060588310089,1.0003050389567436,-0.002649130690092882,0.9954056721180677,1.000418782234192
1,20261201,sub-09,POP,0.0,1.0,-0.0,1.0,1.0
1,20261201,sub-09,MATCH_EB120,0.0,1.0,-0.0,1.0,1.0
1,20261201,sub-09,POP,0.4776750000460447,1.000000730082844,-6.341416694386595e-06,0.999952412010316,1.000001311302185
1,20261201,sub-09,MATCH_EB120,0.4776750000460447,0.9999975966540899,2.0875222422098344e-05,0.9999519017837883,1.0000015497207642
1,20261201,sub-09,POP,0.9060875870484776,0.9997469863124554,0.0021979270314705455,0.9949388201348484,0.9999009370803833
1,20261201,sub-09,MATCH_EB120,0.9060875870484776,0.9995293140365734,0.004089288793442044,0.9943864024244249,0.9998183250427246
1,20261201,sub-09,POP,0.20671365022020025,0.9995154898681262,0.004209421369998348,0.999030583712738,0.9998449087142944
1,20261201,sub-09,MATCH_EB120,0.20671365022020025,0.9997917251881276,0.0018092404464596897,0.9989317927975208,0.9998618960380554
1,20261201,sub-09,POP,0.0,1.0,-0.0,1.0,1.0
1,20261201,sub-09,MATCH_EB120,0.0,1.0,-0.0,1.0,1.0
1,20261201,sub-09,POP,0.0,1.0,-0.0,1.0,1.0
1,20261201,sub-09,MATCH_EB120,0.0,1.0,-0.0,1.0,1.0
1,20261201,sub-09,POP,0.0,1.0,-0.0,1.0,1.0
1,20261201,sub-09,MATCH_EB120,0.0,1.0,-0.0,1.0,1.0
1,20261201,sub-09,POP,0.0,1.0,-0.0,1.0,1.0
1,20261201,sub-09,MATCH_EB120,0.0,1.0,-0.0,1.0,1.0
1,20261201,sub-09,POP,0.0,1.0,-0.0,1.0,1.0
1,20261201,sub-09,MATCH_EB120,0.0,1.0,-0.0,1.0,1.0
1,20261201,sub-09,POP,0.0,1.0,-0.0,1.0,1.0
1,20261201,sub-09,MATCH_EB120,0.0,1.0,-0.0,1.0,1.0
1,20261201,sub-09,POP,1.0,0.9949024024728758,0.044390408128606486,0.9968511336483061,1.000300645828247
1,20261201,sub-09,MATCH_EB120,1.0,0.9949024024728758,0.044390408128606486,0.9968511336483061,1.000300645828247
1,20261201,sub-09,POP,1.0,1.0003687980314757,-0.0032027484527656683,0.9997533308342099,1.0000144243240356
1,20261201,sub-09,MATCH_EB120,1.0,1.0003687980314757,-0.0032027484527656683,0.9997533308342099,1.0000144243240356
1,20261201,sub-09,POP,1.0,0.999868194980785,0.0011449193053572238,0.999842690085643,1.0000075101852417
1,20261201,sub-09,MATCH_EB120,1.0,0.999868194980785,0.0011449193053572238,0.999842690085643,1.0000075101852417
1,20261201,sub-09,POP,1.0,1.0010066816298953,-0.008739527314824308,0.997953032143414,1.0002838373184204
1,20261201,sub-09,MATCH_EB120,1.0,1.0010066816298953,-0.008739527314824308,0.997953032143414,1.0002838373184204
1,20261202,sub-06,POP,1.0,0.9988027588978429,0.010405334174019445,0.9933533933945,1.0000839233398438
1,20261202,sub-06,MATCH_EB120,1.0,0.9987608564062195,0.010769738506442875,0.9938876363448799,0.9999499917030334
1,20261202,sub-06,POP,1.0,0.9990686415646713,0.008093446117715048,0.9930054326541722,1.0001957416534424
1,20261202,sub-06,MATCH_EB120,1.0,0.9990720034999506,0.00806421754576414,0.9934939122758806,1.0000823736190796
1,20261202,sub-06,POP,1.0,0.9991141362484182,0.007697924940574004,0.9743062760680914,1.0055713653564453
1,20261202,sub-06,MATCH_EB120,1.0,0.9975135855094539,0.021623615649113664,0.9706492219120264,1.0065885782241821
1,20261202,sub-06,POP,0.0037536918911668664,1.0000081948846715,-7.117957219969613e-05,0.9999852990249565,1.0000041723251343
1,20261202,sub-06,MATCH_EB120,0.0037536918911668664,1.0000081304980153,-7.062032137451994e-05,0.9999855938567634,1.0000041723251343
1,20261202,sub-06,POP,0.8468679354762952,0.9986070606292896,0.012107352009152974,0.9954560305923223,0.9993290305137634
1,20261202,sub-06,MATCH_EB120,0.8468679354762952,0.9985817293006866,0.012327686837540605,0.995572108309716,0.9993259906768799
1,20261202,sub-06,POP,0.01532074492461889,1.0000326448243317,-0.00028354471329101723,0.9999322241637856,1.0000146627426147
1,20261202,sub-06,MATCH_EB120,0.01532074492461889,1.000032175882465,-0.000279471667999278,0.9999361508962465,1.0000147819519043
1,20261202,sub-06,POP,1.0,0.999338189309615,0.005750317638771491,0.9944737749174237,1.0001497268676758
1,20261202,sub-06,MATCH_EB120,1.0,0.999320312080379,0.005905701502573215,0.9946572226472199,1.000132441520691
1,20261202,sub-06,POP,1.0,1.0140253111015214,-0.12097591127827362,0.43212175369262695,0.5568155646324158
1,20261202,sub-06,MATCH_EB120,1.0,0.9767254333160248,0.2045500675760028,0.44214731454849243,0.5589662194252014
1,20261202,sub-06,POP,0.0,1.0,-0.0,1.0,1.0
1,20261202,sub-06,MATCH_EB120,0.0,1.0,-0.0,1.0,1.0
1,20261202,sub-06,POP,0.9401534928009672,1.0010165393597135,-0.008825063938361756,0.9956586882472038,1.001380205154419
1,20261202,sub-06,MATCH_EB120,0.9401534928009672,1.0010230854031898,-0.008881864223929324,0.9958242918364704,1.001368522644043
1,20261202,sub-06,POP,0.09630865105763081,0.9999385223196625,0.0005340047614708427,0.9995225039310753,1.000044345855713
1,20261202,sub-06,MATCH_EB120,0.09630865105763081,0.9999369164697672,0.0005479538651951769,0.9995390162512194,1.0000405311584473
1,20261202,sub-06,POP,0.0,1.0,-0.0,1.0,1.0
1,20261202,sub-06,MATCH_EB120,0.0,1.0,-0.0,1.0,1.0
1,20261202,sub-06,POP,0.0,1.0,-0.0,1.0,1.0
1,20261202,sub-06,MATCH_EB120,0.0,1.0,-0.0,1.0,1.0
1,20261202,sub-06,POP,1.0,0.999266431890374,0.006374029820657271,0.9952027467079461,1.0003896951675415
1,20261202,sub-06,MATCH_EB120,1.0,0.9991934348260257,0.007008562898527426,0.9954841220751405,1.000299334526062
1,20261202,sub-06,POP,0.0,1.0,-0.0,1.0,1.0
1,20261202,sub-06,MATCH_EB120,0.0,1.0,-0.0,1.0,1.0
1,20261202,sub-06,POP,0.0,1.0,-0.0,1.0,1.0
1,20261202,sub-06,MATCH_EB120,0.0,1.0,-0.0,1.0,1.0
1,20261202,sub-06,POP,0.11371558673709592,0.9993764729558096,0.005417576270424248,0.9958283551968634,0.9998641014099121
1,20261202,sub-06,MATCH_EB120,0.11371558673709592,0.9993569028286028,0.0055876679566749105,0.9957290319725871,0.9998570680618286
1,20261202,sub-06,POP,0.2521444992296448,0.9931969707605324,0.05929227417369899,0.976198511198163,0.995832622051239
1,20261202,sub-06,MATCH_EB120,0.2521444992296448,0.9929813996969599,0.061177730689139925,0.9758458752185106,0.9957149624824524
1,20261202,sub-06,POP,0.0,1.0,-0.0,1.0,1.0
1,20261202,sub-06,MATCH_EB120,0.0,1.0,-0.0,1.0,1.0
1,20261202,sub-06,POP,0.0,1.0,-0.0,1.0,1.0
1,20261202,sub-06,MATCH_EB120,0.0,1.0,-0.0,1.0,1.0
1,20261202,sub-06,POP,0.35124506236877306,0.9997144244434354,0.0024808320170036334,0.9987939926795661,1.000184416770935
1,20261202,sub-06,MATCH_EB120,0.35124506236877306,0.9996978579794304,0.002624768792133193,0.9988487041555345,1.0001640319824219
1,20261202,sub-06,POP,0.511248125285962,0.9993468696088283,0.005674871914437699,0.9983591826166958,1.000134825706482
1,20261202,sub-06,MATCH_EB120,0.511248125285962,0.9993197852891292,0.005910280266567295,0.99848145339638,1.0001177787780762
1,20261202,sub-06,POP,0.7332323287638531,1.000135334738464,-0.0011754230665024451,0.9974048330914229,1.0007619857788086
1,20261202,sub-06,MATCH_EB120,0.7332323287638531,1.0000591630251514,-0.0005138683062673316,0.9976002715993673,1.0006710290908813
1,20261202,sub-06,POP,0.0,1.0,-0.0,1.0,1.0
1,20261202,sub-06,MATCH_EB120,0.0,1.0,-0.0,1.0,1.0
1,20261202,sub-07,POP,0.0,1.0,-0.0,1.0,1.0
1,20261202,sub-07,MATCH_EB120,0.0,1.0,-0.0,1.0,1.0
1,20261202,sub-07,POP,0.870501247922997,0.8681575278194026,1.2280292924263627,0.7897811979055405,0.9376764297485352
1,20261202,sub-07,MATCH_EB120,0.870501247922997,0.865239572702511,1.2572725166673993,0.8026870936155319,0.9369927644729614
1,20261202,sub-07,POP,1.0,0.6667869315762103,3.5202584108325494,0.4693916440010071,0.7424997687339783
1,20261202,sub-07,MATCH_EB120,1.0,0.6610635546036427,3.595135709324409,0.4745825529098511,0.7349158525466919
1,20261202,sub-07,POP,0.9903675075228353,1.253760379458581,-1.9642908284128051,0.5599059760570526,0.8728652596473694
1,20261202,sub-07,MATCH_EB120,0.9903675075228353,1.2198064258797343,-1.7258183373898552,0.5950972139835358,0.8830559253692627
1,20261202,sub-07,POP,0.8408457586080647,0.9969740193553438,0.02632318076040889,0.9966364318970591,0.9994493126869202
1,20261202,sub-07,MATCH_EB120,0.8408457586080647,0.9968991467802727,0.026975514053555593,0.9962408118881285,0.9993921518325806
1,20261202,sub-07,POP,1.0,0.9979361308512584,0.017945064161939982,0.9932152470573783,0.9999111890792847
1,20261202,sub-07,MATCH_EB120,1.0,0.9978127914255852,0.019018658769784362,0.9925148575566709,0.9997567534446716
1,20261202,sub-07,POP,1.0,1.0029241393677544,-0.025361689322625152,0.9913232512772083,1.0017883777618408
1,20261202,sub-07,MATCH_EB120,1.0,1.0028475403289998,-0.024698273038446628,0.9923462546430528,1.001707911491394
1,20261202,sub-07,POP,1.0,1.0015333259837353,-0.013308100051480958,0.9950742432847619,1.0027239322662354
1,20261202,sub-07,MATCH_EB120,1.0,1.0015564291871253,-0.013508462391133156,0.9947877950035036,1.0027827024459839
1,20261202,sub-07,POP,1.0,0.9874990313478011,0.1092664341416618,0.9622471146285534,0.9903006553649902
1,20261202,sub-07,MATCH_EB120,1.0,0.9874214512210813,0.10994884381343355,0.9545051604509354,0.9899592995643616
1,20261202,sub-07,POP,0.7040657540920628,0.9905769954044825,0.0822352408790625,0.9853437412530184,0.996209979057312
1,20261202,sub-07,MATCH_EB120,0.7040657540920628,0.9897417670984272,0.08956204245921184,0.9839152358472347,0.9956541061401367
1,20261202,sub-07,POP,0.5185632939165938,0.970972082479928,0.2558651361182878,0.8136321902275085,0.9352825880050659
1,20261202,sub-07,MATCH_EB120,0.5185632939165938,0.9595063349737065,0.3590430713051297,0.7606159001588821,0.9157782196998596
1,20261202,sub-07,POP,0.941211815192183,0.9060058162622203,0.8573802857025992,0.8522212356328964,0.9258831739425659
1,20261202,sub-07,MATCH_EB120,0.941211815192183,0.9046241957796864,0.8706360091605461,0.8154611438512802,0.9174720048904419
1,20261202,sub-07,POP,0.5151032201336935,0.9984921192049134,0.013107170684316364,0.9973423951305449,0.9999514222145081
1,20261202,sub-07,MATCH_EB120,0.5151032201336935,0.9983059404702463,0.014726891756383226,0.9967390547972172,0.9999134540557861
1,20261202,sub-07,POP,0.03854979058465003,0.9998468574651254,0.0013302810207185315,0.9998563717963407,1.0000027418136597
1,20261202,sub-07,MATCH_EB120,0.03854979058465003,0.9997868342017623,0.0018517319680769512,0.9998309328657342,0.9999979138374329
1,20261202,sub-07,POP,0.6716781171512292,0.9986823630034175,0.011452396243874395,0.9966856020037085,0.9997962117195129
1,20261202,sub-07,MATCH_EB120,0.6716781171512292,0.9986362923651697,0.01185309793298239,0.9964069796260446,0.9997701644897461
1,20261202,sub-07,POP,0.5858068856411246,1.0011799976456541,-0.010243286983923213,0.997453618561849,1.0007766485214233
1,20261202,sub-07,MATCH_EB120,0.5858068856411246,1.001273480592261,-0.011054274671459823,0.9970895098522305,1.0008139610290527
1,20261202,sub-07,POP,1.0,1.1330882025422568,-1.0852743558988112,0.7899144738912582,0.988067626953125
1,20261202,sub-07,MATCH_EB120,1.0,1.0793951096688386,-0.6636089221909176,0.8121484965085983,0.9823232889175415
1,20261202,sub-07,POP,0.0,1.0,-0.0,1.0,1.0
1,20261202,sub-07,MATCH_EB120,0.0,1.0,-0.0,1.0,1.0
1,20261202,sub-07,POP,0.7241421098763698,0.9981933721763228,0.015706361944635414,0.9974664556793869,1.0000438690185547
1,20261202,sub-07,MATCH_EB120,0.7241421098763698,0.9982159745331316,0.015509687272545997,0.9973165770061314,1.0000510215759277
1,20261202,sub-07,POP,0.0,1.0,-0.0,1.0,1.0
1,20261202,sub-07,MATCH_EB120,0.0,1.0,-0.0,1.0,1.0
1,20261202,sub-07,POP,0.0,1.0,-0.0,1.0,1.0
1,20261202,sub-07,MATCH_EB120,0.0,1.0,-0.0,1.0,1.0
1,20261202,sub-07,POP,0.0,1.0,-0.0,1.0,1.0
1,20261202,sub-07,MATCH_EB120,0.0,1.0,-0.0,1.0,1.0
1,20261202,sub-07,POP,0.0,1.0,-0.0,1.0,1.0
1,20261202,sub-07,MATCH_EB120,0.0,1.0,-0.0,1.0,1.0
1,20261202,sub-07,POP,0.2645674146409985,1.000791343826678,-0.006870806917384175,0.9994782174471766,1.0001877546310425
1,20261202,sub-07,MATCH_EB120,0.2645674146409985,1.0008172759798863,-0.007095869718002425,0.9994197328342125,1.0001980066299438
1,20261202,sub-09,POP,0.0,1.0,-0.0,1.0,1.0
1,20261202,sub-09,MATCH_EB120,0.0,1.0,-0.0,1.0,1.0
1,20261202,sub-09,POP,0.0,1.0,-0.0,1.0,1.0
1,20261202,sub-09,MATCH_EB120,0.0,1.0,-0.0,1.0,1.0
1,20261202,sub-09,POP,0.0,1.0,-0.0,1.0,1.0
1,20261202,sub-09,MATCH_EB120,0.0,1.0,-0.0,1.0,1.0
1,20261202,sub-09,POP,0.06206022168720689,0.9795070290202237,0.17984886252745466,0.9991244208067656,0.9988113641738892
1,20261202,sub-09,MATCH_EB120,0.06206022168720689,0.9789756708335204,0.1845620199953001,0.9991231139283627,0.998832643032074
1,20261202,sub-09,POP,0.06585820065581582,1.0000421457492863,-0.00036606561301371065,0.9999496751370316,1.0000139474868774
1,20261202,sub-09,MATCH_EB120,0.06585820065581582,1.0000421457492863,-0.00036606561301371065,0.9999496751370316,1.0000139474868774
1,20261202,sub-09,POP,1.0,1.0010862378418055,-0.009429821426868788,0.945132352411747,0.992962121963501
1,20261202,sub-09,MATCH_EB120,1.0,1.0010862378418055,-0.009429821426868788,0.945132352411747,0.992962121963501
1,20261202,sub-09,POP,1.0,1.0067626590397667,-0.0585419827049007,0.7692087739706039,0.7524699568748474
1,20261202,sub-09,MATCH_EB120,1.0,1.0067626590397667,-0.0585419827049007,0.7692087739706039,0.7524699568748474
1,20261202,sub-09,POP,1.0,1.0006479859858162,-0.005626512006158139,0.7279849946498871,0.9455848932266235
1,20261202,sub-09,MATCH_EB120,1.0,1.0006479859858162,-0.005626512006158139,0.7279849946498871,0.9455848932266235
1,20261202,sub-09,POP,0.24366175333733947,0.9999820765101977,0.0001556828495462655,0.999794342336827,1.0000444650650024
1,20261202,sub-09,MATCH_EB120,0.24366175333733947,0.9999816649516239,0.00015925766670650803,0.9997972716810182,1.000044345855713
1,20261202,sub-09,POP,0.9342060588310089,1.0002872683613266,-0.002494822958293741,0.9993269793922082,1.0001972913742065
1,20261202,sub-09,MATCH_EB120,0.9342060588310089,1.0002797577077145,-0.0024296047401234804,0.9993378706858493,1.0001966953277588
1,20261202,sub-09,POP,0.0,1.0,-0.0,1.0,1.0
1,20261202,sub-09,MATCH_EB120,0.0,1.0,-0.0,1.0,1.0
1,20261202,sub-09,POP,0.4776750000460447,0.9999831565257787,0.0001463017903261508,0.9999487719323952,1.000003695487976
1,20261202,sub-09,MATCH_EB120,0.4776750000460447,0.9999839083906003,0.00013977106791879875,0.9999484232794202,1.0000038146972656
1,20261202,sub-09,POP,0.9060875870484776,0.9969275671121041,0.026727893872663076,0.9955493649467826,0.9993664026260376
1,20261202,sub-09,MATCH_EB120,0.9060875870484776,0.9968767755672013,0.02717043454149772,0.995175810996443,0.9993500113487244
1,20261202,sub-09,POP,0.20671365022020025,0.9854115539713214,0.12764699838534013,0.9761631488800049,0.997491180896759
1,20261202,sub-09,MATCH_EB120,0.20671365022020025,0.992555869214669,0.06490076416856266,0.9818251766264439,0.998435914516449
1,20261202,sub-09,POP,0.0,1.0,-0.0,1.0,1.0
1,20261202,sub-09,MATCH_EB120,0.0,1.0,-0.0,1.0,1.0
1,20261202,sub-09,POP,0.0,1.0,-0.0,1.0,1.0
1,20261202,sub-09,MATCH_EB120,0.0,1.0,-0.0,1.0,1.0
1,20261202,sub-09,POP,0.0,1.0,-0.0,1.0,1.0
1,20261202,sub-09,MATCH_EB120,0.0,1.0,-0.0,1.0,1.0
1,20261202,sub-09,POP,0.0,1.0,-0.0,1.0,1.0
1,20261202,sub-09,MATCH_EB120,0.0,1.0,-0.0,1.0,1.0
1,20261202,sub-09,POP,0.0,1.0,-0.0,1.0,1.0
1,20261202,sub-09,MATCH_EB120,0.0,1.0,-0.0,1.0,1.0
1,20261202,sub-09,POP,0.0,1.0,-0.0,1.0,1.0
1,20261202,sub-09,MATCH_EB120,0.0,1.0,-0.0,1.0,1.0
1,20261202,sub-09,POP,1.0,1.0005038688934034,-0.004375447366792175,0.9993775563780218,1.000096082687378
1,20261202,sub-09,MATCH_EB120,1.0,1.0005038688934034,-0.004375447366792175,0.9993775563780218,1.000096082687378
1,20261202,sub-09,POP,1.0,1.003984011652308,-0.03453593533408272,0.9997226209379733,0.999984622001648
1,20261202,sub-09,MATCH_EB120,1.0,1.003984011652308,-0.03453593533408272,0.9997226209379733,0.999984622001648
1,20261202,sub-09,POP,1.0,0.9986145995795085,0.012041778426717966,0.9998478095949395,0.9999998211860657
1,20261202,sub-09,MATCH_EB120,1.0,0.9986145995795085,0.012041778426717966,0.9998478095949395,0.9999998211860657
1,20261202,sub-09,POP,1.0,0.9999434084437332,0.0004915619214380786,0.9995010139537044,1.000136137008667
1,20261202,sub-09,MATCH_EB120,1.0,0.9999434084437332,0.0004915619214380786,0.9995010139537044,1.000136137008667
1,20261203,sub-06,POP,1.0,0.999313067063431,0.005968673949939108,0.994978800881654,0.9998869895935059
1,20261203,sub-06,MATCH_EB120,1.0,0.9993024217160781,0.006061202315486778,0.9949910747818649,0.9998759031295776
1,20261203,sub-06,POP,1.0,0.999425976402073,0.004987337182840571,0.9913846608251333,0.999991774559021
1,20261203,sub-06,MATCH_EB120,1.0,0.9994130134396875,0.005099997443358523,0.9913458293303847,0.999980628490448
1,20261203,sub-06,POP,1.0,0.9991002829047386,0.007818361079125712,0.9907663483172655,0.999761700630188
1,20261203,sub-06,MATCH_EB120,1.0,0.9990877635083759,0.007927201781419278,0.9907235149294138,0.9997521638870239
1,20261203,sub-06,POP,0.0037536918911668664,1.0000044108299264,-3.831189745955076e-05,0.9999877413538343,1.0000032186508179
1,20261203,sub-06,MATCH_EB120,0.0037536918911668664,1.000004407855505,-3.828606207765991e-05,0.9999876874471738,1.0000032186508179
1,20261203,sub-06,POP,0.8468679354762952,0.9996007323319626,0.0034686874140774458,0.9954516110010445,0.9997453093528748
1,20261203,sub-06,MATCH_EB120,0.8468679354762952,0.9996117854712567,0.0033726432494782803,0.9954840214923024,0.9997526407241821
1,20261203,sub-06,POP,0.01532074492461889,1.0000369367262296,-0.0003208224025937445,0.9999481650193047,1.0000096559524536
1,20261203,sub-06,MATCH_EB120,0.01532074492461889,1.0000368478739663,-0.0003200506701114005,0.999948383145238,1.0000096559524536
1,20261203,sub-06,POP,1.0,0.9999908599659982,7.938968944027098e-05,0.9960547327063978,1.0002431869506836
1,20261203,sub-06,MATCH_EB120,1.0,0.9999944681410302,4.80492494058704e-05,0.9960917751304805,1.000244379043579
1,20261203,sub-06,POP,1.0,0.9604685882355157,0.3503366801593887,0.437924325466156,0.45334169268608093
1,20261203,sub-06,MATCH_EB120,1.0,0.8953851421411885,0.959802329934472,0.4694873094558716,0.46078962087631226
1,20261203,sub-06,POP,0.0,1.0,-0.0,1.0,1.0
1,20261203,sub-06,MATCH_EB120,0.0,1.0,-0.0,1.0,1.0
1,20261203,sub-06,POP,0.9401534928009672,1.0005072372116939,-0.004404689424317992,0.9964215166401118,1.0005909204483032
1,20261203,sub-06,MATCH_EB120,0.9401534928009672,1.0005074870172426,-0.004406858107437245,0.9964717247057706,1.00059175491333
1,20261203,sub-06,POP,0.09630865105763081,0.9999730778213438,0.00023384622046288662,0.9994194389437325,1.0000172853469849
1,20261203,sub-06,MATCH_EB120,0.09630865105763081,0.9999730208615898,0.0002343409799342486,0.9994240689557046,1.0000172853469849
1,20261203,sub-06,POP,0.0,1.0,-0.0,1.0,1.0
1,20261203,sub-06,MATCH_EB120,0.0,1.0,-0.0,1.0,1.0
1,20261203,sub-06,POP,0.0,1.0,-0.0,1.0,1.0
1,20261203,sub-06,MATCH_EB120,0.0,1.0,-0.0,1.0,1.0
1,20261203,sub-06,POP,1.0,0.994778484841227,0.04547232521487466,0.732914537191391,0.9926943778991699
1,20261203,sub-06,MATCH_EB120,1.0,0.9977843112972252,0.01926657980704388,0.7762661725282669,0.9931479692459106
1,20261203,sub-06,POP,0.0,1.0,-0.0,1.0,1.0
1,20261203,sub-06,MATCH_EB120,0.0,1.0,-0.0,1.0,1.0
1,20261203,sub-06,POP,0.0,1.0,-0.0,1.0,1.0
1,20261203,sub-06,MATCH_EB120,0.0,1.0,-0.0,1.0,1.0
1,20261203,sub-06,POP,0.11371558673709592,0.9999149617209199,0.0007386645149257213,0.9995897816552315,0.9999925494194031
1,20261203,sub-06,MATCH_EB120,0.11371558673709592,0.9998993251212563,0.0008744949066659751,0.999569291685475,0.9999906420707703
1,20261203,sub-06,POP,0.2521444992296448,0.9666507992377631,0.2946077128287407,0.959868960082531,0.9891794323921204
1,20261203,sub-06,MATCH_EB120,0.2521444992296448,0.9670887437812642,0.29067343113996624,0.9610251188278198,0.9894436597824097
1,20261203,sub-06,POP,0.0,1.0,-0.0,1.0,1.0
1,20261203,sub-06,MATCH_EB120,0.0,1.0,-0.0,1.0,1.0
1,20261203,sub-06,POP,0.0,1.0,-0.0,1.0,1.0
1,20261203,sub-06,MATCH_EB120,0.0,1.0,-0.0,1.0,1.0
1,20261203,sub-06,POP,0.35124506236877306,0.9999734600106112,0.00023052647792555817,0.9986509914742783,1.000038743019104
1,20261203,sub-06,MATCH_EB120,0.35124506236877306,0.9999405993130318,0.0005159631358650389,0.9986941730603576,1.0000426769256592
1,20261203,sub-06,POP,0.511248125285962,0.9999184496242824,0.0007083664475929825,0.9987012122292072,1.0000557899475098
1,20261203,sub-06,MATCH_EB120,0.511248125285962,0.9998339712145301,0.0014422274362815605,0.998756741755642,1.000052571296692
1,20261203,sub-06,POP,0.7332323287638531,0.9999072385028764,0.0008057534987051657,0.9976186642888933,1.0001277923583984
1,20261203,sub-06,MATCH_EB120,0.7332323287638531,0.9998138675308643,0.0016168765662553798,0.9977014160249382,1.0001261234283447
1,20261203,sub-06,POP,0.0,1.0,-0.0,1.0,1.0
1,20261203,sub-06,MATCH_EB120,0.0,1.0,-0.0,1.0,1.0
1,20261203,sub-07,POP,0.0,1.0,-0.0,1.0,1.0
1,20261203,sub-07,MATCH_EB120,0.0,1.0,-0.0,1.0,1.0
1,20261203,sub-07,POP,0.870501247922997,0.7041011988191477,3.0472983248237244,0.5850263833999634,0.8222561478614807
1,20261203,sub-07,MATCH_EB120,0.870501247922997,0.7006168974767328,3.090387851573844,0.5859959125518799,0.8200065493583679
1,20261203,sub-07,POP,1.0,1.0003076648207976,-0.002671931670346903,0.9954476673156023,1.0004780292510986
1,20261203,sub-07,MATCH_EB120,1.0,1.0003191481534854,-0.002771643380455109,0.9954895311966538,1.0004817247390747
1,20261203,sub-07,POP,0.9903675075228353,1.001712321985949,-0.014860320595771798,0.9955786438658834,1.000902533531189
1,20261203,sub-07,MATCH_EB120,0.9903675075228353,1.0017088945722699,-0.014830601296889902,0.9956348659470677,1.0009007453918457
1,20261203,sub-07,POP,0.8408457586080647,0.9988357515547079,0.010118424830889393,0.9972056823316962,0.9998339414596558
1,20261203,sub-07,MATCH_EB120,0.8408457586080647,0.9988257025911368,0.0102058111979593,0.9972046408802271,0.999836802482605
1,20261203,sub-07,POP,1.0,0.9987160156216144,0.011159712590131878,0.9937991183251143,1.0000473260879517
1,20261203,sub-07,MATCH_EB120,1.0,0.9987110253022801,0.011203113787881396,0.9937763903290033,1.0000483989715576
1,20261203,sub-07,POP,1.0,0.9994686402127703,0.00461655910556528,0.9925334295257926,0.9998935461044312
1,20261203,sub-07,MATCH_EB120,1.0,0.9994894207776539,0.004435967329554732,0.9925217018462718,0.9999076128005981
1,20261203,sub-07,POP,1.0,1.0006125851654069,-0.005319218069889303,0.9938126723282039,1.000365972518921
1,20261203,sub-07,MATCH_EB120,1.0,1.0006074739754305,-0.005274849903728614,0.9938255930319428,1.0003652572631836
1,20261203,sub-07,POP,1.0,0.993517206219247,0.056492143275243815,0.9503474719822407,0.9947141408920288
1,20261203,sub-07,MATCH_EB120,1.0,0.9935488482119521,0.05621551547419473,0.9430645108222961,0.9943551421165466
1,20261203,sub-07,POP,0.7040657540920628,0.9994819208379357,0.004501144500760919,0.9949005441740155,0.9998410940170288
1,20261203,sub-07,MATCH_EB120,0.7040657540920628,0.999521117553447,0.004160516359022091,0.9949945993721485,0.9998438358306885
1,20261203,sub-07,POP,0.5185632939165938,0.9225649787752827,0.7000607108637955,0.8888653665781021,0.9580955505371094
1,20261203,sub-07,MATCH_EB120,0.5185632939165938,0.9123173086085806,0.7970817112763726,0.8751578032970428,0.9519439935684204
1,20261203,sub-07,POP,0.941211815192183,1.0004135847869144,-0.003591609148854781,0.9959259484894574,1.0002866983413696
1,20261203,sub-07,MATCH_EB120,0.941211815192183,1.000445588743079,-0.003869472613638198,0.9960185848176479,1.0002985000610352
1,20261203,sub-07,POP,0.5151032201336935,0.9989279994534912,0.009316272856372987,0.9969623007345945,0.9997534155845642
1,20261203,sub-07,MATCH_EB120,0.5151032201336935,0.9990266978542099,0.00845811184006056,0.9970948328264058,0.999779462814331
1,20261203,sub-07,POP,0.03854979058465003,1.0000945441370728,-0.0008211611231669349,0.9995495819894131,1.0000064373016357
1,20261203,sub-07,MATCH_EB120,0.03854979058465003,1.0001102173414667,-0.0009572829105606142,0.999601769290166,1.0000077486038208
1,20261203,sub-07,POP,0.6716781171512292,0.999909268032877,0.0007881236076177941,0.9970006425864995,0.9998186230659485
1,20261203,sub-07,MATCH_EB120,0.6716781171512292,0.9999398599370498,0.0005223856579222364,0.9971405470278114,0.9998445510864258
1,20261203,sub-07,POP,0.5858068856411246,1.0002863501436097,-0.0024868497073425506,0.9973247973248363,1.00019109249115
1,20261203,sub-07,MATCH_EB120,0.5858068856411246,1.000289340219209,-0.0025128137003976227,0.9974654242396355,1.0002069473266602
1,20261203,sub-07,POP,1.0,1.0070895500137638,-0.06136179136413667,0.9736560992896557,1.002694010734558
1,20261203,sub-07,MATCH_EB120,1.0,1.007182108161201,-0.062160045016811306,0.9737791940569878,1.002711296081543
1,20261203,sub-07,POP,0.0,1.0,-0.0,1.0,1.0
1,20261203,sub-07,MATCH_EB120,0.0,1.0,-0.0,1.0,1.0
1,20261203,sub-07,POP,0.7241421098763698,0.9993823010572006,0.005366922588608907,0.9975898351985961,1.000012755393982
1,20261203,sub-07,MATCH_EB120,0.7241421098763698,0.999402045117009,0.005195323561593153,0.9976168908178806,1.0000156164169312
1,20261203,sub-07,POP,0.0,1.0,-0.0,1.0,1.0
1,20261203,sub-07,MATCH_EB120,0.0,1.0,-0.0,1.0,1.0
1,20261203,sub-07,POP,0.0,1.0,-0.0,1.0,1.0
1,20261203,sub-07,MATCH_EB120,0.0,1.0,-0.0,1.0,1.0
1,20261203,sub-07,POP,0.0,1.0,-0.0,1.0,1.0
1,20261203,sub-07,MATCH_EB120,0.0,1.0,-0.0,1.0,1.0
1,20261203,sub-07,POP,0.0,1.0,-0.0,1.0,1.0
1,20261203,sub-07,MATCH_EB120,0.0,1.0,-0.0,1.0,1.0
1,20261203,sub-07,POP,0.2645674146409985,1.0008964621919314,-0.007783083564740317,0.9626184329390526,0.9919544458389282
1,20261203,sub-07,MATCH_EB120,0.2645674146409985,1.0038721574693044,-0.033568183654383896,0.9862021449953318,0.9994513392448425
1,20261203,sub-09,POP,0.0,1.0,-0.0,1.0,1.0
1,20261203,sub-09,MATCH_EB120,0.0,1.0,-0.0,1.0,1.0
1,20261203,sub-09,POP,0.0,1.0,-0.0,1.0,1.0
1,20261203,sub-09,MATCH_EB120,0.0,1.0,-0.0,1.0,1.0
1,20261203,sub-09,POP,0.0,1.0,-0.0,1.0,1.0
1,20261203,sub-09,MATCH_EB120,0.0,1.0,-0.0,1.0,1.0
1,20261203,sub-09,POP,0.06206022168720689,1.0000667638417626,-0.000579884003936887,0.9999700693169871,1.0000042915344238
1,20261203,sub-09,MATCH_EB120,0.06206022168720689,1.0000652060872965,-0.0005663544133108151,0.9999697142029618,1.0000042915344238
1,20261203,sub-09,POP,0.06585820065581582,0.9999966269548818,2.9297947052711834e-05,0.9999646504438715,0.9999993443489075
1,20261203,sub-09,MATCH_EB120,0.06585820065581582,0.9999966269548818,2.9297947052711834e-05,0.9999646504438715,0.9999993443489075
1,20261203,sub-09,POP,1.0,1.0001102649046092,-0.0009576959932288207,0.9918858828023076,0.9999296069145203
1,20261203,sub-09,MATCH_EB120,1.0,1.0001102649046092,-0.0009576959932288207,0.9918858828023076,0.9999296069145203
1,20261203,sub-09,POP,1.0,1.0001101978884674,-0.0009571139625756883,0.9894713070243597,0.9993450045585632
1,20261203,sub-09,MATCH_EB120,1.0,1.0001101978884674,-0.0009571139625756883,0.9894713070243597,0.9993450045585632
1,20261203,sub-09,POP,1.0,1.001388529645649,-0.012052249743322847,0.8960207551717758,0.9892269372940063
1,20261203,sub-09,MATCH_EB120,1.0,1.001388529645649,-0.012052249743322847,0.8960207551717758,0.9892269372940063
1,20261203,sub-09,POP,0.24366175333733947,0.999986698284417,0.00011553800197941703,0.9999383172180387,1.000007152557373
1,20261203,sub-09,MATCH_EB120,0.24366175333733947,0.9999843652462147,0.00013580280752191866,0.9999381218440249,1.0000072717666626
1,20261203,sub-09,POP,0.9342060588310089,0.9999968253052101,2.7575092351254596e-05,0.9997416341211647,1.0000112056732178
1,20261203,sub-09,MATCH_EB120,0.9342060588310089,0.9999936803590475,5.489187731466849e-05,0.9997408900526352,1.0000115633010864
1,20261203,sub-09,POP,0.0,1.0,-0.0,1.0,1.0
1,20261203,sub-09,MATCH_EB120,0.0,1.0,-0.0,1.0,1.0
1,20261203,sub-09,POP,0.4776750000460447,1.00004042745205,-0.0003511412890286345,0.9999425946552947,1.000013828277588
1,20261203,sub-09,MATCH_EB120,0.4776750000460447,1.0000409815869662,-0.00035595424784595547,0.9999421634420287,1.000014066696167
1,20261203,sub-09,POP,0.9060875870484776,0.9983635923993537,0.014225298192156934,0.9951149201951921,0.999729335308075
1,20261203,sub-09,MATCH_EB120,0.9060875870484776,0.998757369070772,0.010800066751203628,0.9956519147381186,0.9998351335525513
1,20261203,sub-09,POP,0.20671365022020025,0.9999141964277473,0.0007453123348267148,0.9991847289493307,0.999986469745636
1,20261203,sub-09,MATCH_EB120,0.20671365022020025,1.0000244801593436,-0.00021262935979144196,0.9992381009506062,1.0000004768371582
1,20261203,sub-09,POP,0.0,1.0,-0.0,1.0,1.0
1,20261203,sub-09,MATCH_EB120,0.0,1.0,-0.0,1.0,1.0
1,20261203,sub-09,POP,0.0,1.0,-0.0,1.0,1.0
1,20261203,sub-09,MATCH_EB120,0.0,1.0,-0.0,1.0,1.0
1,20261203,sub-09,POP,0.0,1.0,-0.0,1.0,1.0
1,20261203,sub-09,MATCH_EB120,0.0,1.0,-0.0,1.0,1.0
1,20261203,sub-09,POP,0.0,1.0,-0.0,1.0,1.0
1,20261203,sub-09,MATCH_EB120,0.0,1.0,-0.0,1.0,1.0
1,20261203,sub-09,POP,0.0,1.0,-0.0,1.0,1.0
1,20261203,sub-09,MATCH_EB120,0.0,1.0,-0.0,1.0,1.0
1,20261203,sub-09,POP,0.0,1.0,-0.0,1.0,1.0
1,20261203,sub-09,MATCH_EB120,0.0,1.0,-0.0,1.0,1.0
1,20261203,sub-09,POP,1.0,0.9999988455935972,1.0027052399874794e-05,0.999808169901371,1.000042200088501
1,20261203,sub-09,MATCH_EB120,1.0,0.9999988455935972,1.0027052399874794e-05,0.999808169901371,1.000042200088501
1,20261203,sub-09,POP,1.0,1.0008532119675713,-0.0074077452489442735,0.9997870290535502,1.0000181198120117
1,20261203,sub-09,MATCH_EB120,1.0,1.0008532119675713,-0.0074077452489442735,0.9997870290535502,1.0000181198120117
1,20261203,sub-09,POP,1.0,1.0008475885035946,-0.007358941963784087,0.9998024521482876,1.0000221729278564
1,20261203,sub-09,MATCH_EB120,1.0,1.0008475885035946,-0.007358941963784087,0.9998024521482876,1.0000221729278564
1,20261203,sub-09,POP,1.0,1.0002800763497701,-0.0024323716553460413,0.999836128190509,1.0000144243240356
1,20261203,sub-09,MATCH_EB120,1.0,1.0002800763497701,-0.0024323716553460413,0.999836128190509,1.0000144243240356
2,20261201,sub-11,POP,0.0,1.0,-0.0,1.0,1.0
2,20261201,sub-11,MATCH_EB120,0.0,1.0,-0.0,1.0,1.0
2,20261201,sub-11,POP,0.0,1.0,-0.0,1.0,1.0
2,20261201,sub-11,MATCH_EB120,0.0,1.0,-0.0,1.0,1.0
2,20261201,sub-11,POP,0.0,1.0,-0.0,1.0,1.0
2,20261201,sub-11,MATCH_EB120,0.0,1.0,-0.0,1.0,1.0
2,20261201,sub-11,POP,1.0,1.000539098250774,-0.004681286187044815,0.9955461733043194,1.0006252527236938
2,20261201,sub-11,MATCH_EB120,1.0,1.0005372683160838,-0.0046654001258932196,0.9954222440719604,1.0006293058395386
2,20261201,sub-11,POP,1.0,0.9992267539341695,0.006718928018105498,0.9976486333180219,0.9997628331184387
2,20261201,sub-11,MATCH_EB120,1.0,0.9992727098938488,0.006319459915881191,0.9976280350238085,0.9997852444648743
2,20261201,sub-11,POP,0.8761945229452622,0.9138650643726872,0.7823584950504957,0.9230951070785522,0.9788932204246521
2,20261201,sub-11,MATCH_EB120,0.8761945229452622,0.9228513528947551,0.697364935418207,0.9323635473847389,0.9809550046920776
2,20261201,sub-11,POP,0.0,1.0,-0.0,1.0,1.0
2,20261201,sub-11,MATCH_EB120,0.0,1.0,-0.0,1.0,1.0
2,20261201,sub-11,POP,1.0,1.0013333258265769,-0.01157340713332972,0.997325467178598,1.0005991458892822
2,20261201,sub-11,MATCH_EB120,1.0,1.0013802695387535,-0.011980602554767381,0.9973926113452762,1.000617504119873
2,20261201,sub-11,POP,0.7643244353301154,1.0031369267917238,-0.02720435315681944,0.9486681260168552,1.0014561414718628
2,20261201,sub-11,MATCH_EB120,0.7643244353301154,1.00304737905445,-0.02642894906104584,0.9477605409920216,1.0012531280517578
2,20261201,sub-11,POP,0.0,1.0,-0.0,1.0,1.0
2,20261201,sub-11,MATCH_EB120,0.0,1.0,-0.0,1.0,1.0
2,20261201,sub-11,POP,0.09592801560528179,0.9929910489438171,0.06109332640311861,0.9864038852974772,0.9982999563217163
2,20261201,sub-11,MATCH_EB120,0.09592801560528179,0.992546812986495,0.06498001588602972,0.9859173176810145,0.9982151389122009
2,20261201,sub-11,POP,0.03592084303208369,1.0000319888176215,-0.00027784689553899235,0.9999200127640506,1.0000128746032715
2,20261201,sub-11,MATCH_EB120,0.03592084303208369,1.0000320825754367,-0.0002786612394872258,0.9999189678201219,1.0000131130218506
2,20261201,sub-11,POP,0.34300503664359694,0.999872057577985,0.001111364854520507,0.9995794217393268,0.9999738335609436
2,20261201,sub-11,MATCH_EB120,0.34300503664359694,0.9998053092865045,0.0016912266893864085,0.9995830081461463,0.9999754428863525
2,20261201,sub-11,POP,0.8949712664052898,1.0002522236475386,-0.0021905105289642605,0.9991303832503036,1.0001285076141357
2,20261201,sub-11,MATCH_EB120,0.8949712664052898,1.0001368721360488,-0.0011887749150213218,0.9991138414479792,1.0001277923583984
2,20261201,sub-11,POP,0.22047131016380986,1.0001363900170785,-0.001184587854935389,0.9998063088132767,0.9999932050704956
2,20261201,sub-11,MATCH_EB120,0.22047131016380986,1.0001615103313697,-0.0014027476376155554,0.999807517422596,0.9999924898147583
2,20261201,sub-11,POP,0.7516428214014637,1.0020942778551785,-0.018171644719749427,0.9989574612118304,1.0003106594085693
2,20261201,sub-11,MATCH_EB120,0.7516428214014637,1.0020537296033651,-0.01782017602681426,0.9989569311728701,1.0003106594085693
2,20261201,sub-11,POP,0.0,1.0,-0.0,1.0,1.0
2,20261201,sub-11,MATCH_EB120,0.0,1.0,-0.0,1.0,1.0
2,20261201,sub-11,POP,0.0,1.0,-0.0,1.0,1.0
2,20261201,sub-11,MATCH_EB120,0.0,1.0,-0.0,1.0,1.0
2,20261201,sub-11,POP,0.0,1.0,-0.0,1.0,1.0
2,20261201,sub-11,MATCH_EB120,0.0,1.0,-0.0,1.0,1.0
2,20261201,sub-11,POP,0.0,1.0,-0.0,1.0,1.0
2,20261201,sub-11,MATCH_EB120,0.0,1.0,-0.0,1.0,1.0
2,20261201,sub-11,POP,0.9192729702917734,1.0004971878859923,-0.00431744590512643,0.9991485609207302,1.0001897811889648
2,20261201,sub-11,MATCH_EB120,0.9192729702917734,1.0004866187080452,-0.004225688327767156,0.9991243941476569,1.0001829862594604
2,20261201,sub-11,POP,0.5496900191825764,0.999882705302825,0.0010188685498997848,0.9994550843257457,1.0000054836273193
2,20261201,sub-11,MATCH_EB120,0.5496900191825764,0.9998775400071483,0.001063739117059471,0.9994551926502027,1.000003695487976
2,20261201,sub-11,POP,1.0,1.0000363573409705,-0.00031579011059382846,0.9986025812104344,1.0002003908157349
2,20261201,sub-11,MATCH_EB120,1.0,1.0000875768131774,-0.000760649226980789,0.9985533679137006,1.0002018213272095
2,20261201,sub-11,POP,0.954760168138806,0.8838593265185968,1.072337020513411,0.8895780816674232,0.918187141418457
2,20261201,sub-11,MATCH_EB120,0.954760168138806,0.8981669719852537,0.9328583831120586,0.8587403148412704,0.9062299728393555
2,20261201,sub-12,POP,1.0,1.001277321835152,-0.011087596784221906,0.9957810803316534,1.0009976625442505
2,20261201,sub-12,MATCH_EB120,1.0,1.001271329497205,-0.011035614240829716,0.995983901899308,1.000985860824585
2,20261201,sub-12,POP,0.0,1.0,-0.0,1.0,1.0
2,20261201,sub-12,MATCH_EB120,0.0,1.0,-0.0,1.0,1.0
2,20261201,sub-12,POP,0.0,1.0,-0.0,1.0,1.0
2,20261201,sub-12,MATCH_EB120,0.0,1.0,-0.0,1.0,1.0
2,20261201,sub-12,POP,0.85578655109985,1.00703523664772,-0.060893339849546646,0.9045097157359123,0.9949212074279785
2,20261201,sub-12,MATCH_EB120,0.85578655109985,1.0066875710071423,-0.05789413320250531,0.9052411615848541,0.9952769875526428
2,20261201,sub-12,POP,0.022951114643792136,0.9918105818562968,0.07142524864002245,0.997961136046797,0.9991515278816223
2,20261201,sub-12,MATCH_EB120,0.022951114643792136,0.9910696133934036,0.07791678616101426,0.9977871188893914,0.9990870356559753
2,20261201,sub-12,POP,1.0,1.0000518356732002,-0.00045022726791594354,0.9960640463978052,1.0000141859054565
2,20261201,sub-12,MATCH_EB120,1.0,1.0000599121904996,-0.0005203750864043504,0.9961181811522692,1.0000125169754028
2,20261201,sub-12,POP,0.0,1.0,-0.0,1.0,1.0
2,20261201,sub-12,MATCH_EB120,0.0,1.0,-0.0,1.0,1.0
2,20261201,sub-12,POP,1.0,0.5731979797909229,4.833906978445733,0.6604767441749573,0.7795462608337402
2,20261201,sub-12,MATCH_EB120,1.0,0.5807636378140758,4.720011661278387,0.6269306540489197,0.7700629234313965
2,20261201,sub-12,POP,0.7884720886720905,0.34162284277651095,9.329061954033403,0.7249285876750946,0.606524646282196
2,20261201,sub-12,MATCH_EB120,0.7884720886720905,0.5172535462815672,5.725930462727926,0.6617895066738129,0.6571433544158936
2,20261201,sub-12,POP,0.0,1.0,-0.0,1.0,1.0
2,20261201,sub-12,MATCH_EB120,0.0,1.0,-0.0,1.0,1.0
2,20261201,sub-12,POP,0.387020535558342,1.0037951203106428,-0.032901602826077556,0.9773311242461205,1.0016757249832153
2,20261201,sub-12,MATCH_EB120,0.387020535558342,1.0038316315821125,-0.033217530947943504,0.9764717891812325,1.001691460609436
2,20261201,sub-12,POP,0.0,1.0,-0.0,1.0,1.0
2,20261201,sub-12,MATCH_EB120,0.0,1.0,-0.0,1.0,1.0
2,20261201,sub-12,POP,0.0,1.0,-0.0,1.0,1.0
2,20261201,sub-12,MATCH_EB120,0.0,1.0,-0.0,1.0,1.0
2,20261201,sub-12,POP,0.0,1.0,-0.0,1.0,1.0
2,20261201,sub-12,MATCH_EB120,0.0,1.0,-0.0,1.0,1.0
2,20261201,sub-12,POP,0.6688873726886949,0.23837331612399534,12.454847236077855,0.6941589117050171,0.6846451759338379
2,20261201,sub-12,MATCH_EB120,0.6688873726886949,0.23905886496824005,12.429902936422732,0.6485102474689484,0.6819311380386353
2,20261201,sub-12,POP,0.573173404523567,1.0009720209942619,-0.008438766417086139,0.9975486693438143,1.0003993511199951
2,20261201,sub-12,MATCH_EB120,0.573173404523567,1.0009798851602634,-0.0085070070953711,0.9975867364555597,1.0003992319107056
2,20261201,sub-12,POP,0.16572176616618792,1.000060051567867,-0.0005215856302251564,0.9991655347985215,0.9999873638153076
2,20261201,sub-12,MATCH_EB120,0.16572176616618792,0.9995076635244377,0.004277433346181247,0.997967341914773,0.9999411106109619
2,20261201,sub-12,POP,0.18353973105460586,1.000240833712293,-0.002091603191930162,0.994469272904098,1.0000007152557373
2,20261201,sub-12,MATCH_EB120,0.18353973105460586,1.0001136773811368,-0.0009873330692425858,0.9940791064873338,0.9999591708183289
2,20261201,sub-12,POP,0.0,1.0,-0.0,1.0,1.0
2,20261201,sub-12,MATCH_EB120,0.0,1.0,-0.0,1.0,1.0
2,20261201,sub-12,POP,0.20971564411262725,0.8199861500883022,1.7238696594237721,0.91668601334095,0.9681335687637329
2,20261201,sub-12,MATCH_EB120,0.20971564411262725,0.7971412782832171,1.9692940252430917,0.8895510360598564,0.9602001905441284
2,20261201,sub-12,POP,0.03963875347154777,0.9998820948858357,0.0010241711880916956,0.9998023350781295,0.9999828338623047
2,20261201,sub-12,MATCH_EB120,0.03963875347154777,0.9998662353509008,0.0011619426947112256,0.999786271029734,0.9999806880950928
2,20261201,sub-12,POP,0.0,1.0,-0.0,1.0,1.0
2,20261201,sub-12,MATCH_EB120,0.0,1.0,-0.0,1.0,1.0
2,20261201,sub-12,POP,0.33720387652452527,1.0003102197499671,-0.0026941166492687194,0.9989685204345733,1.0001089572906494
2,20261201,sub-12,MATCH_EB120,0.33720387652452527,1.0002907164183006,-0.0025247637479748333,0.9988658926449716,1.0001031160354614
2,20261201,sub-12,POP,0.48170063731977136,0.7816592828017115,2.139650203357169,0.9581075236201286,0.9501252174377441
2,20261201,sub-12,MATCH_EB120,0.48170063731977136,0.7563450659175668,2.425600438296898,0.946027547121048,0.9399839639663696
2,20261201,sub-14,POP,1.0,1.000440848992961,-0.0038283219059717273,0.9954714286141098,1.0003015995025635
2,20261201,sub-14,MATCH_EB120,1.0,1.0004504478300178,-0.003911659206165676,0.9954546052031219,1.0003143548965454
2,20261201,sub-14,POP,0.0,1.0,-0.0,1.0,1.0
2,20261201,sub-14,MATCH_EB120,0.0,1.0,-0.0,1.0,1.0
2,20261201,sub-14,POP,0.0,1.0,-0.0,1.0,1.0
2,20261201,sub-14,MATCH_EB120,0.0,1.0,-0.0,1.0,1.0
2,20261201,sub-14,POP,0.0,1.0,-0.0,1.0,1.0
2,20261201,sub-14,MATCH_EB120,0.0,1.0,-0.0,1.0,1.0
2,20261201,sub-14,POP,0.3668551688275819,1.0003228054166176,-0.0028033997713338317,0.9992836799356155,1.0000730752944946
2,20261201,sub-14,MATCH_EB120,0.3668551688275819,1.0003052120172584,-0.002650633416105201,0.9992738488363102,1.0000708103179932
2,20261201,sub-14,POP,0.7797749333816077,1.000889212820687,-0.00772017249552788,0.9979517811443657,1.0003712177276611
2,20261201,sub-14,MATCH_EB120,0.7797749333816077,1.0008698790262742,-0.007552388864377122,0.9979317875113338,1.000367522239685
2,20261201,sub-14,POP,0.6575194811463069,1.0024589285762069,-0.021331766330958398,0.9539860524237156,0.9988911151885986
2,20261201,sub-14,MATCH_EB120,0.6575194811463069,1.0019991182969814,-0.017346787532240317,0.943627379834652,0.9986385107040405
2,20261201,sub-14,POP,1.0,0.5095759304996477,5.855821876329225,0.8652483224868774,0.7470115423202515
2,20261201,sub-14,MATCH_EB120,1.0,0.5000582592778239,6.019587904922212,0.8545640856027603,0.7414072155952454
2,20261201,sub-14,POP,0.0,1.0,-0.0,1.0,1.0
2,20261201,sub-14,MATCH_EB120,0.0,1.0,-0.0,1.0,1.0
2,20261201,sub-14,POP,0.0,1.0,-0.0,1.0,1.0
2,20261201,sub-14,MATCH_EB120,0.0,1.0,-0.0,1.0,1.0
2,20261201,sub-14,POP,0.0,1.0,-0.0,1.0,1.0
2,20261201,sub-14,MATCH_EB120,0.0,1.0,-0.0,1.0,1.0
2,20261201,sub-14,POP,0.0,1.0,-0.0,1.0,1.0
2,20261201,sub-14,MATCH_EB120,0.0,1.0,-0.0,1.0,1.0
2,20261201,sub-14,POP,0.02043748428413267,0.9892570133321561,0.09381724245358625,0.9938212754204869,0.9961767196655273
2,20261201,sub-14,MATCH_EB120,0.02043748428413267,0.9875529646526228,0.10879205803960292,0.9928363203071058,0.9956023097038269
2,20261201,sub-14,POP,1.0,0.9992253278720786,0.00673132423020485,0.9939065692014992,0.9999341368675232
2,20261201,sub-14,MATCH_EB120,1.0,0.9991094670206038,0.007738517392214061,0.9936444824561477,0.9999291896820068
2,20261201,sub-14,POP,0.4669983896505457,1.0005245978242103,-0.004555404032382344,0.9990163132315502,1.000314712524414
2,20261201,sub-14,MATCH_EB120,0.4669983896505457,1.0005020280923718,-0.0043594664097842545,0.999086364347022,1.0003066062927246
2,20261201,sub-14,POP,0.40283295233689065,1.0000442021542786,-0.00038392654870073755,0.9989607328316197,1.0002676248550415
2,20261201,sub-14,MATCH_EB120,0.40283295233689065,1.0000250062674696,-0.00021719896384447365,0.9989695227704942,1.0002681016921997
2,20261201,sub-14,POP,0.02187110229699706,0.9970277826118122,0.02585479431068719,0.999025707016699,0.9998618960380554
2,20261201,sub-14,MATCH_EB120,0.02187110229699706,0.9966644259982486,0.029020855216166448,0.9989270342048258,0.999845564365387
2,20261201,sub-14,POP,0.654483941554556,1.0001892123626706,-0.0016433222367747424,0.9989122505066916,1.0000957250595093
2,20261201,sub-14,MATCH_EB120,0.654483941554556,1.00019269203957,-0.0016735405560454565,0.9989568691235036,1.0000923871994019
2,20261201,sub-14,POP,0.2759154864598865,1.0004848460896933,-0.004210299035470173,0.994263625703752,0.9999417066574097
2,20261201,sub-14,MATCH_EB120,0.2759154864598865,1.0006185045267688,-0.005370601360687448,0.993590047582984,0.9999284744262695
2,20261201,sub-14,POP,0.1007108420721361,1.00002684243728,-0.00023314731872376814,0.9998658114782302,1.0000160932540894
2,20261201,sub-14,MATCH_EB120,0.1007108420721361,1.000033595329026,-0.0002918004187364508,0.9998685164173367,1.0000157356262207
2,20261201,sub-14,POP,0.35953865127630247,1.0001525434296785,-0.0013248743473300427,0.9993092576041818,1.0000736713409424
2,20261201,sub-14,MATCH_EB120,0.35953865127630247,1.0001480847770725,-0.0012861528032538858,0.9992701704031788,1.0000739097595215
2,20261201,sub-14,POP,0.3301012623625944,1.0000180346696217,-0.00015664573747016102,0.9994704935816117,1.0000139474868774
2,20261201,sub-14,MATCH_EB120,0.3301012623625944,1.0000291689264058,-0.0002533543806020222,0.9994339713593945,1.0000139474868774
2,20261201,sub-14,POP,0.8930340854769434,1.0021628814138928,-0.018766261969584704,0.9658343642950058,0.9989139437675476
2,20261201,sub-14,MATCH_EB120,0.8930340854769434,1.001895075214629,-0.016444836985494187,0.9637314565479755,0.9988524913787842
2,20261201,sub-14,POP,0.0,1.0,-0.0,1.0,1.0
2,20261201,sub-14,MATCH_EB120,0.0,1.0,-0.0,1.0,1.0
2,20261202,sub-11,POP,0.0,1.0,-0.0,1.0,1.0
2,20261202,sub-11,MATCH_EB120,0.0,1.0,-0.0,1.0,1.0
2,20261202,sub-11,POP,0.0,1.0,-0.0,1.0,1.0
2,20261202,sub-11,MATCH_EB120,0.0,1.0,-0.0,1.0,1.0
2,20261202,sub-11,POP,0.0,1.0,-0.0,1.0,1.0
2,20261202,sub-11,MATCH_EB120,0.0,1.0,-0.0,1.0,1.0
2,20261202,sub-11,POP,1.0,1.0004932387060848,-0.004283160742756923,0.9918346852064133,1.0006840229034424
2,20261202,sub-11,MATCH_EB120,1.0,1.0004898192480802,-0.00425347429965458,0.9918564520776272,1.0006827116012573
2,20261202,sub-11,POP,1.0,1.0012887991843664,-0.011187160027171223,0.9956186101771891,1.0005744695663452
2,20261202,sub-11,MATCH_EB120,1.0,1.0012932754132164,-0.011225989926109493,0.9956653555855155,1.0005900859832764
2,20261202,sub-11,POP,0.8761945229452622,1.0016657424366073,-0.014456417975263045,0.9981276071630418,1.000840425491333
2,20261202,sub-11,MATCH_EB120,0.8761945229452622,1.0016727366874747,-0.014517068026932476,0.9981269770069048,1.0008492469787598
2,20261202,sub-11,POP,0.0,1.0,-0.0,1.0,1.0
2,20261202,sub-11,MATCH_EB120,0.0,1.0,-0.0,1.0,1.0
2,20261202,sub-11,POP,1.0,0.7151896493908948,2.911575590197672,0.7493465542793274,0.854636549949646
2,20261202,sub-11,MATCH_EB120,1.0,0.7317479917827662,2.712769215501718,0.7736353278160095,0.8668420910835266
2,20261202,sub-11,POP,0.7643244353301154,1.0042162742733893,-0.03654510495415932,0.9158408790826797,0.9996410012245178
2,20261202,sub-11,MATCH_EB120,0.7643244353301154,1.0041848141532486,-0.03627298885828585,0.9181639328598976,0.9997524619102478
2,20261202,sub-11,POP,0.0,1.0,-0.0,1.0,1.0
2,20261202,sub-11,MATCH_EB120,0.0,1.0,-0.0,1.0,1.0
2,20261202,sub-11,POP,0.09592801560528179,0.9752300049214135,0.21785890473902508,0.9817858766764402,0.993746817111969
2,20261202,sub-11,MATCH_EB120,0.09592801560528179,0.9761321021301508,0.20982808634015665,0.9822243638336658,0.9939236640930176
2,20261202,sub-11,POP,0.03592084303208369,1.0004695486671689,-0.0040774906874685565,0.9985505363438278,1.0004609823226929
2,20261202,sub-11,MATCH_EB120,0.03592084303208369,1.0004566389576355,-0.003965410278944249,0.9985980411292985,1.000449299812317
2,20261202,sub-11,POP,0.34300503664359694,1.0001905844249155,-0.0016552375553109183,0.9993913008947857,1.0000288486480713
2,20261202,sub-11,MATCH_EB120,0.34300503664359694,1.000167816384136,-0.0014575122982637134,0.9993963704910129,1.0000290870666504
2,20261202,sub-11,POP,0.8949712664052898,0.9259245505458011,0.6684880118605487,0.9028240293264389,1.0004079341888428
2,20261202,sub-11,MATCH_EB120,0.8949712664052898,0.9253314012299226,0.6740539949629638,0.9118859097361565,1.000107765197754
2,20261202,sub-11,POP,0.22047131016380986,1.0036409867245712,-0.03156777474948227,0.9844492943957448,1.0021374225616455
2,20261202,sub-11,MATCH_EB120,0.22047131016380986,1.0042006024092973,-0.03640955134125242,0.985547804273665,1.0019646883010864
2,20261202,sub-11,POP,0.7516428214014637,1.0023699918112985,-0.020561132071434344,0.9988704688148573,1.0004805326461792
2,20261202,sub-11,MATCH_EB120,0.7516428214014637,1.0023803383587517,-0.02065078809289718,0.9988723329734057,1.0004805326461792
2,20261202,sub-11,POP,0.0,1.0,-0.0,1.0,1.0
2,20261202,sub-11,MATCH_EB120,0.0,1.0,-0.0,1.0,1.0
2,20261202,sub-11,POP,0.0,1.0,-0.0,1.0,1.0
2,20261202,sub-11,MATCH_EB120,0.0,1.0,-0.0,1.0,1.0
2,20261202,sub-11,POP,0.0,1.0,-0.0,1.0,1.0
2,20261202,sub-11,MATCH_EB120,0.0,1.0,-0.0,1.0,1.0
2,20261202,sub-11,POP,0.0,1.0,-0.0,1.0,1.0
2,20261202,sub-11,MATCH_EB120,0.0,1.0,-0.0,1.0,1.0
2,20261202,sub-11,POP,0.9192729702917734,1.000431303927984,-0.003745450663190258,0.9979667866136879,1.0003553628921509
2,20261202,sub-11,MATCH_EB120,0.9192729702917734,1.0004231668751102,-0.0036748033030028944,0.997941461391747,1.0003482103347778
2,20261202,sub-11,POP,0.5496900191825764,0.9993462247128745,0.0056804770722272396,0.9981786252465099,1.0002093315124512
2,20261202,sub-11,MATCH_EB120,0.5496900191825764,0.9993394184393013,0.005739634490309454,0.998129578656517,1.0002084970474243
2,20261202,sub-11,POP,1.0,1.0000902799205977,-0.0007841260319598125,0.9968556617386639,1.0003727674484253
2,20261202,sub-11,MATCH_EB120,1.0,1.0000911568236865,-0.0007917420245020401,0.996786757139489,1.0003619194030762
2,20261202,sub-11,POP,0.954760168138806,1.0008649232687485,-0.007509381006501223,0.9983968824381009,1.000645399093628
2,20261202,sub-11,MATCH_EB120,0.954760168138806,1.0008618206094235,-0.0074824548972667404,0.9983765272190794,1.0006393194198608
2,20261202,sub-12,POP,1.0,1.0007615164454577,-0.006611930575286845,0.9934448106214404,1.0008286237716675
2,20261202,sub-12,MATCH_EB120,1.0,1.0007813810663746,-0.006784339475646611,0.9935642532072961,1.0008347034454346
2,20261202,sub-12,POP,0.0,1.0,-0.0,1.0,1.0
2,20261202,sub-12,MATCH_EB120,0.0,1.0,-0.0,1.0,1.0
2,20261202,sub-12,POP,0.0,1.0,-0.0,1.0,1.0
2,20261202,sub-12,MATCH_EB120,0.0,1.0,-0.0,1.0,1.0
2,20261202,sub-12,POP,0.85578655109985,1.0050212319090641,-0.043504733708193966,0.9558454602956772,0.9988539814949036
2,20261202,sub-12,MATCH_EB120,0.85578655109985,1.004582457434049,-0.039711800059879565,0.9563944078981876,0.9989426732063293
2,20261202,sub-12,POP,0.022951114643792136,0.999996167084312,3.329234646097239e-05,0.9998950631561456,1.000001311302185
2,20261202,sub-12,MATCH_EB120,0.022951114643792136,0.9999962287546156,3.275668297392436e-05,0.9998966072598705,1.000001311302185
2,20261202,sub-12,POP,1.0,0.9996480739111978,0.003057329176601592,0.9932163646444678,0.9998096227645874
2,20261202,sub-12,MATCH_EB120,1.0,0.9996587187005093,0.0029648376535173996,0.9932989319786429,0.9998117089271545
2,20261202,sub-12,POP,0.0,1.0,-0.0,1.0,1.0
2,20261202,sub-12,MATCH_EB120,0.0,1.0,-0.0,1.0,1.0
2,20261202,sub-12,POP,1.0,0.8922023913463619,0.9907323412976485,0.7029716670513153,0.8328477144241333
2,20261202,sub-12,MATCH_EB120,1.0,0.8906829581018973,1.0055371437186913,0.6812114119529724,0.8218715190887451
2,20261202,sub-12,POP,0.7884720886720905,0.75554792379448,2.434759670062229,0.793859213590622,0.8357895612716675
2,20261202,sub-12,MATCH_EB120,0.7884720886720905,0.7740348827425299,2.224789338248418,0.7969036400318146,0.8454417586326599
2,20261202,sub-12,POP,0.0,1.0,-0.0,1.0,1.0
2,20261202,sub-12,MATCH_EB120,0.0,1.0,-0.0,1.0,1.0
2,20261202,sub-12,POP,0.387020535558342,0.9993435193793532,0.005703990705065711,0.9811704847961664,0.9989649057388306
2,20261202,sub-12,MATCH_EB120,0.387020535558342,1.0001461466665842,-0.001269321065659184,0.9824065752327442,0.9995170831680298
2,20261202,sub-12,POP,0.0,1.0,-0.0,1.0,1.0
2,20261202,sub-12,MATCH_EB120,0.0,1.0,-0.0,1.0,1.0
2,20261202,sub-12,POP,0.0,1.0,-0.0,1.0,1.0
2,20261202,sub-12,MATCH_EB120,0.0,1.0,-0.0,1.0,1.0
2,20261202,sub-12,POP,0.0,1.0,-0.0,1.0,1.0
2,20261202,sub-12,MATCH_EB120,0.0,1.0,-0.0,1.0,1.0
2,20261202,sub-12,POP,0.6688873726886949,0.4833036888781867,6.315597800788419,0.7868642508983612,0.7642852663993835
2,20261202,sub-12,MATCH_EB120,0.6688873726886949,0.660029900337489,3.6087277965128797,0.8345556706190109,0.8368238210678101
2,20261202,sub-12,POP,0.573173404523567,1.0006373977086065,-0.0055346024683674,0.998228871379979,1.0003681182861328
2,20261202,sub-12,MATCH_EB120,0.573173404523567,1.000652592630632,-0.0056664988116382,0.9982540011405945,1.0003763437271118
2,20261202,sub-12,POP,0.16572176616618792,1.0002692996144127,-0.002338791826626166,0.9995023551746272,1.000037670135498
2,20261202,sub-12,MATCH_EB120,0.16572176616618792,1.000268787909395,-0.002334348408789102,0.9995004289667122,1.0000375509262085
2,20261202,sub-12,POP,0.18353973105460586,1.0002132830525865,-0.001852355525436654,0.9996704758959822,1.0000429153442383
2,20261202,sub-12,MATCH_EB120,0.18353973105460586,1.0002128979484253,-0.0018490112658230327,0.9996710032282863,1.0000426769256592
2,20261202,sub-12,POP,0.0,1.0,-0.0,1.0,1.0
2,20261202,sub-12,MATCH_EB120,0.0,1.0,-0.0,1.0,1.0
2,20261202,sub-12,POP,0.20971564411262725,1.0005836739892706,-0.005068248896731284,0.9994679274968803,1.0001131296157837
2,20261202,sub-12,MATCH_EB120,0.20971564411262725,1.0005867314227508,-0.005094789894651975,0.9994682224933058,1.0001131296157837
2,20261202,sub-12,POP,0.03963875347154777,0.9999909786530548,7.83587774045115e-05,0.9999241547411657,1.0000007152557373
2,20261202,sub-12,MATCH_EB120,0.03963875347154777,0.9999910148435855,7.80444276179181e-05,0.9999240713659674,1.0000004768371582
2,20261202,sub-12,POP,0.0,1.0,-0.0,1.0,1.0
2,20261202,sub-12,MATCH_EB120,0.0,1.0,-0.0,1.0,1.0
2,20261202,sub-12,POP,0.33720387652452527,1.0011813917372496,-0.01025538162958313,0.9809603728353977,0.9990957379341125
2,20261202,sub-12,MATCH_EB120,0.33720387652452527,1.0007852232478123,-0.006817686119085976,0.9252132400870323,0.9947457313537598
2,20261202,sub-12,POP,0.48170063731977136,0.7985148983969037,1.9543395308680378,0.894874706864357,0.9441447257995605
2,20261202,sub-12,MATCH_EB120,0.48170063731977136,0.7802890341339419,2.154889928806628,0.8425177931785583,0.927569568157196
2,20261202,sub-14,POP,1.0,1.0190205394796255,-0.16365875555078205,0.7854755222797394,0.9862922430038452
2,20261202,sub-14,MATCH_EB120,1.0,1.0180463305386165,-0.15535085744917293,0.7384254336357117,0.9821774959564209
2,20261202,sub-14,POP,0.0,1.0,-0.0,1.0,1.0
2,20261202,sub-14,MATCH_EB120,0.0,1.0,-0.0,1.0,1.0
2,20261202,sub-14,POP,0.0,1.0,-0.0,1.0,1.0
2,20261202,sub-14,MATCH_EB120,0.0,1.0,-0.0,1.0,1.0
2,20261202,sub-14,POP,0.0,1.0,-0.0,1.0,1.0
2,20261202,sub-14,MATCH_EB120,0.0,1.0,-0.0,1.0,1.0
2,20261202,sub-14,POP,0.3668551688275819,1.000020806617315,-0.00018072210163888597,0.9987153486581519,1.0000978708267212
2,20261202,sub-14,MATCH_EB120,0.3668551688275819,1.000023937017314,-0.00020791180227017292,0.9987191400723532,1.0000979900360107
2,20261202,sub-14,POP,0.7797749333816077,1.0003681405242284,-0.0031970395209452497,0.9967324261087924,1.0003623962402344
2,20261202,sub-14,MATCH_EB120,0.7797749333816077,1.0003630596837978,-0.003152924030324264,0.9967396804131567,1.000359058380127
2,20261202,sub-14,POP,0.6575194811463069,0.9991638003948072,0.007266175896376828,0.9973532962612808,1.0000096559524536
2,20261202,sub-14,MATCH_EB120,0.6575194811463069,0.9991593458665916,0.007304899904096016,0.9973602273967117,1.0000079870224
2,20261202,sub-14,POP,1.0,1.0088301723289974,-0.07636125480633058,0.8285500705242157,0.9909557700157166
2,20261202,sub-14,MATCH_EB120,1.0,1.014749422964716,-0.12717626057363085,0.7992045879364014,0.9905605912208557
2,20261202,sub-14,POP,0.0,1.0,-0.0,1.0,1.0
2,20261202,sub-14,MATCH_EB120,0.0,1.0,-0.0,1.0,1.0
2,20261202,sub-14,POP,0.0,1.0,-0.0,1.0,1.0
2,20261202,sub-14,MATCH_EB120,0.0,1.0,-0.0,1.0,1.0
2,20261202,sub-14,POP,0.0,1.0,-0.0,1.0,1.0
2,20261202,sub-14,MATCH_EB120,0.0,1.0,-0.0,1.0,1.0
2,20261202,sub-14,POP,0.0,1.0,-0.0,1.0,1.0
2,20261202,sub-14,MATCH_EB120,0.0,1.0,-0.0,1.0,1.0
2,20261202,sub-14,POP,0.02043748428413267,0.9999794835310879,0.00017820561281451703,0.9998470077553065,1.0000015497207642
2,20261202,sub-14,MATCH_EB120,0.02043748428413267,0.9999813266125599,0.00016219649685730517,0.9998515945189865,1.0000017881393433
2,20261202,sub-14,POP,1.0,0.9993043186666841,0.006044714125709364,0.9948914805427194,1.0000132322311401
2,20261202,sub-14,MATCH_EB120,1.0,0.9993447983991568,0.005692873989407387,0.9950620727613568,1.000034213066101
2,20261202,sub-14,POP,0.4669983896505457,0.9951554151683182,0.04218178851765658,0.9739874172955751,1.0008348226547241
2,20261202,sub-14,MATCH_EB120,0.4669983896505457,0.9961411249513341,0.03358260008213521,0.9788186531513929,1.0015255212783813
2,20261202,sub-14,POP,0.40283295233689065,0.9995631167343358,0.0037955489965802256,0.9983828008407727,1.0002561807632446
2,20261202,sub-14,MATCH_EB120,0.40283295233689065,0.9995786987537242,0.003660147195968102,0.9984439864056185,1.0002518892288208
2,20261202,sub-14,POP,0.02187110229699706,0.9999937429242681,5.434843929540652e-05,0.999961950306897,1.0000056028366089
2,20261202,sub-14,MATCH_EB120,0.02187110229699706,0.9999938523996461,5.339754234635804e-05,0.9999620488924847,1.0000056028366089
2,20261202,sub-14,POP,0.654483941554556,1.000149189443568,-0.0012957463885569017,0.9984117484418675,1.0001848936080933
2,20261202,sub-14,MATCH_EB120,0.654483941554556,1.000151701071247,-0.0013175588278120482,0.9984149667434394,1.0001846551895142
2,20261202,sub-14,POP,0.2759154864598865,0.9999871938998164,0.00011123308512142469,0.9994969569379464,1.0000927448272705
2,20261202,sub-14,MATCH_EB120,0.2759154864598865,0.9999878976395726,0.00010512040313599455,0.9995001519564539,1.0000923871994019
2,20261202,sub-14,POP,0.1007108420721361,0.9999374253625007,0.0005435334013406154,0.9998396131122718,1.0000319480895996
2,20261202,sub-14,MATCH_EB120,0.1007108420721361,0.9999367985138834,0.000548978481681211,0.9998396166920429,1.00003182888031
2,20261202,sub-14,POP,0.35953865127630247,0.9994126087928836,0.0051035142258546795,0.9986178665421903,0.999968409538269
2,20261202,sub-14,MATCH_EB120,0.35953865127630247,0.9994109661976077,0.005117790024344414,0.9986175190424547,0.9999693632125854
2,20261202,sub-14,POP,0.3301012623625944,0.9997624628913323,0.0020634661954331657,0.999040671333205,0.9999844431877136
2,20261202,sub-14,MATCH_EB120,0.3301012623625944,0.9997700682500109,0.00199739144534855,0.9990356086054817,0.9999839067459106
2,20261202,sub-14,POP,0.8930340854769434,0.99903902422703,0.008350942678635745,0.9976970420684665,1.0000319480895996
2,20261202,sub-14,MATCH_EB120,0.8930340854769434,0.9990545135902497,0.008216275410115388,0.9976893111597747,1.0000317096710205
2,20261202,sub-14,POP,0.0,1.0,-0.0,1.0,1.0
2,20261202,sub-14,MATCH_EB120,0.0,1.0,-0.0,1.0,1.0
2,20261203,sub-11,POP,0.0,1.0,-0.0,1.0,1.0
2,20261203,sub-11,MATCH_EB120,0.0,1.0,-0.0,1.0,1.0
2,20261203,sub-11,POP,0.0,1.0,-0.0,1.0,1.0
2,20261203,sub-11,MATCH_EB120,0.0,1.0,-0.0,1.0,1.0
2,20261203,sub-11,POP,0.0,1.0,-0.0,1.0,1.0
2,20261203,sub-11,MATCH_EB120,0.0,1.0,-0.0,1.0,1.0
2,20261203,sub-11,POP,1.0,1.00067693188315,-0.005877766430154959,0.9948431891389191,1.0006446838378906
2,20261203,sub-11,MATCH_EB120,1.0,1.0006744500417941,-0.0058562239860724665,0.9947334942407906,1.0006464719772339
2,20261203,sub-11,POP,1.0,0.6012618693322561,4.418726745098275,0.9043795838952065,0.8761510848999023
2,20261203,sub-11,MATCH_EB120,1.0,0.6078430294419959,4.324171185886352,0.9024654999375343,0.8825455904006958
2,20261203,sub-11,POP,0.8761945229452622,0.6618650972852017,3.584610406823473,0.9033289924263954,0.8992002606391907
2,20261203,sub-11,MATCH_EB120,0.8761945229452622,0.6960526661362013,3.147157973679655,0.9106826782226562,0.9096921682357788
2,20261203,sub-11,POP,0.0,1.0,-0.0,1.0,1.0
2,20261203,sub-11,MATCH_EB120,0.0,1.0,-0.0,1.0,1.0
2,20261203,sub-11,POP,1.0,0.7391747197360438,2.6250578938456015,0.7164131999015808,0.8625046610832214
2,20261203,sub-11,MATCH_EB120,1.0,0.7387372300960058,2.6302002662888206,0.7505846619606018,0.8711621761322021
2,20261203,sub-11,POP,0.7643244353301154,0.9996501027440537,0.0030397007723079955,0.9973441269248724,0.9999336004257202
2,20261203,sub-11,MATCH_EB120,0.7643244353301154,0.9996486897070673,0.0030519785602653414,0.997327942866832,0.9999298453330994
2,20261203,sub-11,POP,0.0,1.0,-0.0,1.0,1.0
2,20261203,sub-11,MATCH_EB120,0.0,1.0,-0.0,1.0,1.0
2,20261203,sub-11,POP,0.09592801560528179,0.9977158108015438,0.019862909257777683,0.9981461686547846,0.9996799230575562
2,20261203,sub-11,MATCH_EB120,0.09592801560528179,0.9976646055893119,0.020308701768102157,0.9980770336696878,0.9996728897094727
2,20261203,sub-11,POP,0.03592084303208369,0.9975300232604666,0.021480484450808315,0.9947968702763319,0.9994656443595886
2,20261203,sub-11,MATCH_EB120,0.03592084303208369,0.9973819227933322,0.022770149709250856,0.9945837636478245,0.9994317889213562
2,20261203,sub-11,POP,0.34300503664359694,0.9849979906629275,0.13129310872579478,0.9916452709585428,0.9998006224632263
2,20261203,sub-11,MATCH_EB120,0.34300503664359694,0.9846621647457072,0.13425498707301373,0.9914964251220226,0.9997766613960266
2,20261203,sub-11,POP,0.8949712664052898,0.9264617594877119,0.6634500371275677,0.9566219449043274,0.995397686958313
2,20261203,sub-11,MATCH_EB120,0.8949712664052898,0.9262417832721898,0.6655126327840288,0.9559303149580956,0.995365560054779
2,20261203,sub-11,POP,0.22047131016380986,0.996135633674087,0.03363048161057676,0.9948382372967899,1.0002385377883911
2,20261203,sub-11,MATCH_EB120,0.22047131016380986,0.996082976555196,0.034089641986957075,0.994750342797488,1.0002305507659912
2,20261203,sub-11,POP,0.7516428214014637,0.984949921588614,0.13171700082159749,0.9479939602315426,1.0015727281570435
2,20261203,sub-11,MATCH_EB120,0.7516428214014637,0.9844817587001446,0.13584652844032868,0.9471543282270432,1.0012986660003662
2,20261203,sub-11,POP,0.0,1.0,-0.0,1.0,1.0
2,20261203,sub-11,MATCH_EB120,0.0,1.0,-0.0,1.0,1.0
2,20261203,sub-11,POP,0.0,1.0,-0.0,1.0,1.0
2,20261203,sub-11,MATCH_EB120,0.0,1.0,-0.0,1.0,1.0
2,20261203,sub-11,POP,0.0,1.0,-0.0,1.0,1.0
2,20261203,sub-11,MATCH_EB120,0.0,1.0,-0.0,1.0,1.0
2,20261203,sub-11,POP,0.0,1.0,-0.0,1.0,1.0
2,20261203,sub-11,MATCH_EB120,0.0,1.0,-0.0,1.0,1.0
2,20261203,sub-11,POP,0.9192729702917734,0.9989693816087251,0.008956453741732692,0.985163351520896,1.0008262395858765
2,20261203,sub-11,MATCH_EB120,0.9192729702917734,0.9987985327631701,0.010442085991828698,0.9833656009286642,1.0010662078857422
2,20261203,sub-11,POP,0.5496900191825764,0.9990107857608772,0.008596458280240053,0.9985194924520329,1.0000555515289307
2,20261203,sub-11,MATCH_EB120,0.5496900191825764,0.9989682828932498,0.00896600691401766,0.9984846910228953,1.00005304813385
2,20261203,sub-11,POP,1.0,0.9955703550346732,0.03856087599245226,0.9545475654304028,0.9944735169410706
2,20261203,sub-11,MATCH_EB120,1.0,1.0024100319013753,-0.020908086649431296,0.9507482014596462,0.992988109588623
2,20261203,sub-11,POP,0.954760168138806,0.9548464255330974,0.40132946689846855,0.9578726403415203,0.9840303063392639
2,20261203,sub-11,MATCH_EB120,0.954760168138806,0.9374298839491229,0.5612241179305915,0.9455880299210548,0.972812294960022
2,20261203,sub-12,POP,1.0,1.0005621477319098,-0.004881381259466035,0.9953538849949837,1.000579833984375
2,20261203,sub-12,MATCH_EB120,1.0,1.0005325953555373,-0.004624833006946501,0.9953050706535578,1.0005578994750977
2,20261203,sub-12,POP,0.0,1.0,-0.0,1.0,1.0
2,20261203,sub-12,MATCH_EB120,0.0,1.0,-0.0,1.0,1.0
2,20261203,sub-12,POP,0.0,1.0,-0.0,1.0,1.0
2,20261203,sub-12,MATCH_EB120,0.0,1.0,-0.0,1.0,1.0
2,20261203,sub-12,POP,0.85578655109985,1.00030414435411,-0.002641362636432462,0.9979761498980224,1.0001704692840576
2,20261203,sub-12,MATCH_EB120,0.85578655109985,1.0003066735593542,-0.002663324326758057,0.9980149581097066,1.0001704692840576
2,20261203,sub-12,POP,0.022951114643792136,0.9999880511618184,0.00010378690981588902,0.9999415350284835,0.9999992847442627
2,20261203,sub-12,MATCH_EB120,0.022951114643792136,0.9999885134748395,9.977126288240652e-05,0.9999430224888783,0.9999993443489075
2,20261203,sub-12,POP,1.0,0.9998090284786646,0.0016589159662278368,0.9955891976132989,0.9999163746833801
2,20261203,sub-12,MATCH_EB120,1.0,0.9997948895672462,0.0017817493164495016,0.9956328650005162,0.999901533126831
2,20261203,sub-12,POP,0.0,1.0,-0.0,1.0,1.0
2,20261203,sub-12,MATCH_EB120,0.0,1.0,-0.0,1.0,1.0
2,20261203,sub-12,POP,1.0,0.9372911559877837,0.562509616667135,0.62135910987854,0.8397568464279175
2,20261203,sub-12,MATCH_EB120,1.0,0.9541986062939042,0.4072244421758687,0.5903151333332062,0.8254638910293579
2,20261203,sub-12,POP,0.7884720886720905,1.000413075894795,-0.0035871907943066357,0.9973822080064565,1.0003422498703003
2,20261203,sub-12,MATCH_EB120,0.7884720886720905,1.0004129112612907,-0.0035857613961909926,0.9974454722832888,1.0003403425216675
2,20261203,sub-12,POP,0.0,1.0,-0.0,1.0,1.0
2,20261203,sub-12,MATCH_EB120,0.0,1.0,-0.0,1.0,1.0
2,20261203,sub-12,POP,0.387020535558342,1.000328144245764,-0.0028497571639328344,0.9992580749094486,1.0002517700195312
2,20261203,sub-12,MATCH_EB120,0.387020535558342,1.000331328426106,-0.002877405486313277,0.9992677592090331,1.0002522468566895
2,20261203,sub-12,POP,0.0,1.0,-0.0,1.0,1.0
2,20261203,sub-12,MATCH_EB120,0.0,1.0,-0.0,1.0,1.0
2,20261203,sub-12,POP,0.0,1.0,-0.0,1.0,1.0
2,20261203,sub-12,MATCH_EB120,0.0,1.0,-0.0,1.0,1.0
2,20261203,sub-12,POP,0.0,1.0,-0.0,1.0,1.0
2,20261203,sub-12,MATCH_EB120,0.0,1.0,-0.0,1.0,1.0
2,20261203,sub-12,POP,0.6688873726886949,0.36423466964555573,8.772374365817042,0.7521938681602478,0.6963979601860046
2,20261203,sub-12,MATCH_EB120,0.6688873726886949,0.2988979116807682,10.489542384974648,0.7561165392398834,0.6888296008110046
2,20261203,sub-12,POP,0.573173404523567,0.9986442800726808,0.011783623121220537,0.9911802504211664,1.00015389919281
2,20261203,sub-12,MATCH_EB120,0.573173404523567,0.9985302763639514,0.012775247644212465,0.9907157002016902,1.0001424551010132
2,20261203,sub-12,POP,0.16572176616618792,0.9990139919330635,0.00856858229183215,0.990477068349719,0.9998374581336975
2,20261203,sub-12,MATCH_EB120,0.16572176616618792,0.9989869020871132,0.00880411713363881,0.989569615572691,0.9998317360877991
2,20261203,sub-12,POP,0.18353973105460586,0.9999972749041693,2.3669913889652525e-05,0.9997522147605196,1.0000267028808594
2,20261203,sub-12,MATCH_EB120,0.18353973105460586,1.0000051142744035,-4.4421909455006286e-05,0.9997517970623448,1.0000265836715698
2,20261203,sub-12,POP,0.0,1.0,-0.0,1.0,1.0
2,20261203,sub-12,MATCH_EB120,0.0,1.0,-0.0,1.0,1.0
2,20261203,sub-12,POP,0.20971564411262725,0.9999655321793678,0.0002993888457461666,0.9997487493092194,0.9999904632568359
2,20261203,sub-12,MATCH_EB120,0.20971564411262725,0.9999713716847587,0.000248665946170269,0.9997494199778885,0.999989926815033
2,20261203,sub-12,POP,0.03963875347154777,0.9999761497772947,0.0002071628727120545,0.9999471010378329,1.0000004768371582
2,20261203,sub-12,MATCH_EB120,0.03963875347154777,0.9999759530707077,0.00020887148533585678,0.9999479049365618,1.0000004768371582
2,20261203,sub-12,POP,0.0,1.0,-0.0,1.0,1.0
2,20261203,sub-12,MATCH_EB120,0.0,1.0,-0.0,1.0,1.0
2,20261203,sub-12,POP,0.33720387652452527,0.9999603974490321,0.0003439901985827561,0.9992570801405236,1.0000563859939575
2,20261203,sub-12,MATCH_EB120,0.33720387652452527,0.9999389741558878,0.0005300799214798356,0.9992334182024933,1.0000559091567993
2,20261203,sub-12,POP,0.48170063731977136,0.8866432614111609,1.045021645399172,0.9546178430318832,0.9707211852073669
2,20261203,sub-12,MATCH_EB120,0.48170063731977136,0.8496491754405578,1.4152071944509184,0.9450919181108475,0.9625697731971741
2,20261203,sub-14,POP,1.0,0.9999992422684135,6.581575428940256e-06,0.9956123251467943,1.000149130821228
2,20261203,sub-14,MATCH_EB120,1.0,0.9968941857975853,0.027018738742308805,0.9396542720496655,1.0001850128173828
2,20261203,sub-14,POP,0.0,1.0,-0.0,1.0,1.0
2,20261203,sub-14,MATCH_EB120,0.0,1.0,-0.0,1.0,1.0
2,20261203,sub-14,POP,0.0,1.0,-0.0,1.0,1.0
2,20261203,sub-14,MATCH_EB120,0.0,1.0,-0.0,1.0,1.0
2,20261203,sub-14,POP,0.0,1.0,-0.0,1.0,1.0
2,20261203,sub-14,MATCH_EB120,0.0,1.0,-0.0,1.0,1.0
2,20261203,sub-14,POP,0.3668551688275819,0.9997945815618468,0.0017844251666135572,0.9991045578499325,0.9999940395355225
2,20261203,sub-14,MATCH_EB120,0.3668551688275819,0.9997999327040675,0.0017379363105622214,0.9991094330325723,0.9999927878379822
2,20261203,sub-14,POP,0.7797749333816077,0.9999939046679465,5.294354287876687e-05,0.9979837290011346,1.0000698566436768
2,20261203,sub-14,MATCH_EB120,0.7797749333816077,1.0000012425450335,-1.079260232642781e-05,0.9979770458303392,1.0000689029693604
2,20261203,sub-14,POP,0.6575194811463069,0.9985121620309447,0.012932819756194276,0.9976012941915542,0.9996885657310486
2,20261203,sub-14,MATCH_EB120,0.6575194811463069,0.998530647244238,0.012772021477999707,0.9976010569371283,0.9996917247772217
2,20261203,sub-14,POP,1.0,0.9995428908333229,0.003971307504002612,0.9950194214470685,1.0000791549682617
2,20261203,sub-14,MATCH_EB120,1.0,0.9995556245954965,0.0038606535746789415,0.9950615959241986,1.0000752210617065
2,20261203,sub-14,POP,0.0,1.0,-0.0,1.0,1.0
2,20261203,sub-14,MATCH_EB120,0.0,1.0,-0.0,1.0,1.0
2,20261203,sub-14,POP,0.0,1.0,-0.0,1.0,1.0
2,20261203,sub-14,MATCH_EB120,0.0,1.0,-0.0,1.0,1.0
2,20261203,sub-14,POP,0.0,1.0,-0.0,1.0,1.0
2,20261203,sub-14,MATCH_EB120,0.0,1.0,-0.0,1.0,1.0
2,20261203,sub-14,POP,0.0,1.0,-0.0,1.0,1.0
2,20261203,sub-14,MATCH_EB120,0.0,1.0,-0.0,1.0,1.0
2,20261203,sub-14,POP,0.02043748428413267,0.9999989989776462,8.694774042053284e-06,0.9999350924190367,1.0000039339065552
2,20261203,sub-14,MATCH_EB120,0.02043748428413267,0.9999981834720083,1.5778175991061253e-05,0.999932652390271,1.0000040531158447
2,20261203,sub-14,POP,1.0,0.9979081432993143,0.018188667122943078,0.9930443963967264,1.0000345706939697
2,20261203,sub-14,MATCH_EB120,1.0,0.9997102512374754,0.002517090453589531,0.9969971207901835,1.0001689195632935
2,20261203,sub-14,POP,0.4669983896505457,1.000042143597437,-0.00036604692307528675,0.9992457465268672,1.000107765197754
2,20261203,sub-14,MATCH_EB120,0.4669983896505457,1.0000216924277963,-0.00018841599022726923,0.9992030883440748,1.0001109838485718
2,20261203,sub-14,POP,0.40283295233689065,0.999866415705781,0.0011603759426909166,0.9991203015088104,1.000232458114624
2,20261203,sub-14,MATCH_EB120,0.40283295233689065,0.9998535026568377,0.0012725529700681212,0.9990819520317018,1.0002390146255493
2,20261203,sub-14,POP,0.02187110229699706,0.9999841543295755,0.00013763483500894272,0.9999375550687546,1.0000028610229492
2,20261203,sub-14,MATCH_EB120,0.02187110229699706,0.9999842335010524,0.00013694714942919455,0.9999347088378272,1.0000027418136597
2,20261203,sub-14,POP,0.654483941554556,1.0000429595256328,-0.0003731336837846941,0.9989842494251207,1.0000284910202026
2,20261203,sub-14,MATCH_EB120,0.654483941554556,1.000055171443367,-0.00047919984930617365,0.9989848404657096,1.0000276565551758
2,20261203,sub-14,POP,0.2759154864598865,0.9995129076923137,0.004231860765217423,0.9995790447574109,1.0000160932540894
2,20261203,sub-14,MATCH_EB120,0.2759154864598865,0.9995043261837931,0.004306435445890569,0.9995859043556266,1.0000139474868774
2,20261203,sub-14,POP,0.1007108420721361,0.9999118372000617,0.0007658061087481815,0.9996916054806206,1.0000276565551758
2,20261203,sub-14,MATCH_EB120,0.1007108420721361,0.9999074326767101,0.0008040667699155049,0.9996799405489583,1.000027060508728
2,20261203,sub-14,POP,0.35953865127630247,0.9995697043020886,0.00373830528982733,0.9992034205351956,0.9999829530715942
2,20261203,sub-14,MATCH_EB120,0.35953865127630247,0.999579670455765,0.0036517035460624913,0.9992047942942008,0.9999812245368958
2,20261203,sub-14,POP,0.3301012623625944,0.9993990565802285,0.005221297232142581,0.9918371140956879,0.9996364116668701
2,20261203,sub-14,MATCH_EB120,0.3301012623625944,0.9993760374454271,0.005421361426513637,0.9910353366285563,0.9996104836463928
2,20261203,sub-14,POP,0.8930340854769434,0.9856811379158263,0.12527108129691286,0.9002669528126717,0.9905012845993042
2,20261203,sub-14,MATCH_EB120,0.8930340854769434,0.994173482925144,0.05075649509042082,0.8914836123585701,0.9912011623382568
2,20261203,sub-14,POP,0.0,1.0,-0.0,1.0,1.0
2,20261203,sub-14,MATCH_EB120,0.0,1.0,-0.0,1.0,1.0
3,20261201,sub-15,POP,1.0,1.0013482511677896,-0.011702873413017722,0.9926933418028057,1.001099705696106
3,20261201,sub-15,MATCH_EB120,1.0,1.0013786578466013,-0.011966622859085625,0.993507559876889,1.0011253356933594
3,20261201,sub-15,POP,0.49955222619474,0.9993202070632486,0.005906614290236002,0.997503601713106,0.9996524453163147
3,20261201,sub-15,MATCH_EB120,0.49955222619474,0.9992803555402913,0.006253002594972161,0.9976564422249794,0.9996217489242554
3,20261201,sub-15,POP,0.7610504841206176,1.0184061389441286,-0.1584201715436389,0.9116813763976097,1.0089019536972046
3,20261201,sub-15,MATCH_EB120,0.7610504841206176,1.0140866484514368,-0.12150129593439155,0.9368687123060226,1.0067079067230225
3,20261201,sub-15,POP,0.5969167533680935,0.999887112697848,0.0009805819967004384,0.9963020370341837,0.9999938011169434
3,20261201,sub-15,MATCH_EB120,0.5969167533680935,0.9998991357756744,0.0008761397072404226,0.9969353240448982,0.9999869465827942
3,20261201,sub-15,POP,1.0,0.9995507027284137,0.003903423480121254,0.9568454064428806,0.9966090321540833
3,20261201,sub-15,MATCH_EB120,1.0,0.9996000738976125,0.0034744087884191937,0.9608841761946678,0.9967347979545593
3,20261201,sub-15,POP,1.0,0.9997290026279184,0.0023541722677646744,0.970840809866786,0.9968785643577576
3,20261201,sub-15,MATCH_EB120,1.0,0.9997467562304816,0.002199926004100138,0.974845277145505,0.9970167875289917
3,20261201,sub-15,POP,0.16444476665804533,1.0004247667579118,-0.0036886938193332096,0.9994718804373406,1.0000227689743042
3,20261201,sub-15,MATCH_EB120,0.16444476665804533,1.0004159338236127,-0.0036120041633496687,0.9995018819463439,1.0000224113464355
3,20261201,sub-15,POP,1.0,0.9987255861067783,0.011076477938520254,0.9744637440890074,0.9954327344894409
3,20261201,sub-15,MATCH_EB120,1.0,0.9988957093425395,0.009597046719369255,0.9787428341805935,0.9959404468536377
3,20261201,sub-15,POP,0.7343241263808398,0.998705480232145,0.011251339951122898,0.9947528494521976,0.9992359280586243
3,20261201,sub-15,MATCH_EB120,0.7343241263808398,0.9987741091162735,0.010654484877421967,0.995097094681114,0.9992777705192566
3,20261201,sub-15,POP,1.0,1.001292363761655,-0.011218081645239625,0.9929542955942452,1.0011892318725586
3,20261201,sub-15,MATCH_EB120,1.0,1.001316818121846,-0.011430212774687271,0.9932682551443577,1.001194715499878
3,20261201,sub-15,POP,0.0,1.0,-0.0,1.0,1.0
3,20261201,sub-15,MATCH_EB120,0.0,1.0,-0.0,1.0,1.0
3,20261201,sub-15,POP,0.26210843895971436,0.9998758529744652,0.0010783943037966984,0.999003678560257,0.9999492764472961
3,20261201,sub-15,MATCH_EB120,0.26210843895971436,0.9998758738513261,0.0010782129471738815,0.9990587295615114,0.9999479651451111
3,20261201,sub-15,POP,0.2771089670828979,0.999659106367575,0.0029614692712547335,0.9991614541504532,0.9999204277992249
3,20261201,sub-15,MATCH_EB120,0.2771089670828979,0.9996664593613314,0.0028975804345672067,0.9993139738799073,0.9999232888221741
3,20261201,sub-15,POP,0.0,1.0,-0.0,1.0,1.0
3,20261201,sub-15,MATCH_EB120,0.0,1.0,-0.0,1.0,1.0
3,20261201,sub-15,POP,0.23921500248768987,1.000285211302656,-0.002476960686594359,0.999579160445137,1.000038981437683
3,20261201,sub-15,MATCH_EB120,0.23921500248768987,1.0002827326025583,-0.002455437083200251,0.9996296749741305,1.0000371932983398
3,20261201,sub-15,POP,0.3441623687984243,0.9997955670241541,0.0017758637953247034,0.9984682103386149,0.9999404549598694
3,20261201,sub-15,MATCH_EB120,0.3441623687984243,0.9997727510887355,0.001974083276247667,0.9987534215906635,0.9999316334724426
3,20261201,sub-15,POP,0.8853001367421847,1.001802992247111,-0.01564649066080795,0.9976280976552516,1.0003447532653809
3,20261201,sub-15,MATCH_EB120,0.8853001367421847,1.0017841140590453,-0.01548281037199611,0.9976680024992675,1.0003422498703003
3,20261201,sub-15,POP,0.35697409037271177,0.9985158014889188,0.01290116078007283,0.9994355859234929,1.0000331401824951
3,20261201,sub-15,MATCH_EB120,0.35697409037271177,0.9985136870362531,0.012919554001209553,0.9994369390187785,1.0000327825546265
3,20261201,sub-15,POP,0.2078412137629234,0.9991249567751848,0.007603856216116113,0.9995801909535658,1.0000132322311401
3,20261201,sub-15,MATCH_EB120,0.2078412137629234,0.9991418631711638,0.007456881759863028,0.9995848490507342,1.0000121593475342
3,20261201,sub-15,POP,0.23424009450427563,0.999767890231521,0.002016313845048601,0.9996728295518551,0.9999769330024719
3,20261201,sub-15,MATCH_EB120,0.23424009450427563,0.9997698325601032,0.00199943909293615,0.9996693873254117,0.9999748468399048
3,20261201,sub-15,POP,0.7882424301885309,1.003762804956401,-0.03262197194016256,0.9725485071539879,1.000093698501587
3,20261201,sub-15,MATCH_EB120,0.7882424301885309,1.003609955138631,-0.031299211486991545,0.9747750852257013,1.0000985860824585
3,20261201,sub-15,POP,0.755354638218812,0.9999918244560847,7.101216246137914e-05,0.9973807903006673,1.0000354051589966
3,20261201,sub-15,MATCH_EB120,0.755354638218812,0.9999895519129408,9.07514052151316e-05,0.9974630277138203,1.000028371810913
3,20261201,sub-15,POP,0.8603879828515545,1.000145498520828,-0.001263692163972695,0.9973623654805124,1.0000489950180054
3,20261201,sub-15,MATCH_EB120,0.8603879828515545,1.0001394874454017,-0.0012114880649313768,0.9974669944494963,1.0000463724136353
3,20261201,sub-15,POP,0.5692545962940728,0.9999608475482958,0.0003400805320987602,0.9981300070649013,1.0000474452972412
3,20261201,sub-15,MATCH_EB120,0.5692545962940728,0.9999497354726519,0.0004366031101717858,0.9982508752727881,1.0000449419021606
3,20261201,sub-17,POP,0.11271996932770269,0.9995607592575373,0.0038160347539086797,0.9992392838466913,0.9999300837516785
3,20261201,sub-17,MATCH_EB120,0.11271996932770269,0.9996050385061072,0.0034312696015361805,0.9992574192583561,0.9999250769615173
3,20261201,sub-17,POP,0.9523849330968989,0.9998490705287784,0.001311055671121239,0.9961960630025715,1.0002164840698242
3,20261201,sub-17,MATCH_EB120,0.9523849330968989,0.9999486534802668,0.00044600165411525465,0.9963724655099213,1.000213384628296
3,20261201,sub-17,POP,0.043954975294683285,0.9996714230069675,0.0028544524784787223,0.9996608681394719,0.9999582767486572
3,20261201,sub-17,MATCH_EB120,0.043954975294683285,0.9996844658027972,0.0027411276964484197,0.9996811143355444,0.9999597072601318
3,20261201,sub-17,POP,0.7540064223458467,0.9513448817912304,0.4332402794142869,0.476162850856781,0.9113732576370239
3,20261201,sub-17,MATCH_EB120,0.7540064223458467,0.9734016621679634,0.23415832992589636,0.6976014971733093,0.9511076211929321
3,20261201,sub-17,POP,0.099021361182196,0.9982185740711256,0.015487067647834113,0.9992809745017439,0.9997755885124207
3,20261201,sub-17,MATCH_EB120,0.099021361182196,0.9986040604586476,0.012133447548895284,0.9992906129336916,0.9997982382774353
3,20261201,sub-17,POP,0.0,1.0,-0.0,1.0,1.0
3,20261201,sub-17,MATCH_EB120,0.0,1.0,-0.0,1.0,1.0
3,20261201,sub-17,POP,1.0,0.78855500013792,2.0633602021010886,0.8002936393022537,0.8641348481178284
3,20261201,sub-17,MATCH_EB120,1.0,0.8292109220999433,1.626699723061444,0.8341008126735687,0.8900105953216553
3,20261201,sub-17,POP,1.0,0.9839160377799553,0.14083920789037568,0.8225019425153732,0.8163461685180664
3,20261201,sub-17,MATCH_EB120,1.0,0.7618017700654238,2.363160451596671,0.8834511488676071,0.8893792629241943
3,20261201,sub-17,POP,0.9101398946783763,1.0004371341432083,-0.0037960692896243644,0.9968659756705165,1.0004501342773438
3,20261201,sub-17,MATCH_EB120,0.9101398946783763,1.0004903393972024,-0.004257990044452354,0.997229985659942,1.0004618167877197
3,20261201,sub-17,POP,1.0,1.0020892117617084,-0.01812773304299413,0.9940313152037561,1.0016419887542725
3,20261201,sub-17,MATCH_EB120,1.0,1.0021260135817056,-0.018446717294754687,0.9946419978514314,1.001630187034607
3,20261201,sub-17,POP,0.6085194933830879,1.0059352017798189,-0.051400123029928003,0.9098308235406876,1.0026932954788208
3,20261201,sub-17,MATCH_EB120,0.6085194933830879,1.0093028239210247,-0.08042976728622592,0.9231561571359634,1.0041074752807617
3,20261201,sub-17,POP,0.11814728167810305,0.9858217190026604,0.12403235947287491,0.9925033743493259,0.9985358119010925
3,20261201,sub-17,MATCH_EB120,0.11814728167810305,0.991916220412928,0.07050015669264205,0.9942427715286613,0.9993388056755066
3,20261201,sub-17,POP,0.2776072473807159,0.998795877679175,0.0104651755303664,0.9983333748532459,0.9998545050621033
3,20261201,sub-17,MATCH_EB120,0.2776072473807159,0.998979700031917,0.008866737055848305,0.9987834674539044,0.9998740553855896
3,20261201,sub-17,POP,1.0,0.9986411673542372,0.011810696596281336,0.9938009115867317,0.9994370341300964
3,20261201,sub-17,MATCH_EB120,1.0,0.9986223532632457,0.011974337614415688,0.994678954128176,0.9994212985038757
3,20261201,sub-17,POP,0.6090436701301365,0.9991368812929323,0.007500191077573659,0.9980950145982206,0.9996441602706909
3,20261201,sub-17,MATCH_EB120,0.6090436701301365,0.9991504890810851,0.007381894031946492,0.9983252186793834,0.9996749758720398
3,20261201,sub-17,POP,0.6982549544022822,6.32920569614955,-16.026984205325494,0.48679399490356445,0.643069863319397
3,20261201,sub-17,MATCH_EB120,0.6982549544022822,1.0216259538788595,-0.1858383484430529,0.9780159424990416,0.9999915361404419
3,20261201,sub-17,POP,0.0,1.0,-0.0,1.0,1.0
3,20261201,sub-17,MATCH_EB120,0.0,1.0,-0.0,1.0,1.0
3,20261201,sub-17,POP,0.8316091585154748,1.0117045292517524,-0.101073885411995,0.9717342276126146,1.0051189661026
3,20261201,sub-17,MATCH_EB120,0.8316091585154748,1.0106690743927504,-0.092179537305221,0.9836205132305622,1.0048367977142334
3,20261201,sub-17,POP,0.3021079574605176,1.0015629909722763,-0.013565368575634213,0.9733671564608812,1.0007286071777344
3,20261201,sub-17,MATCH_EB120,0.3021079574605176,1.001682496267871,-0.014601696690728232,0.9748076237738132,1.0006988048553467
3,20261201,sub-17,POP,0.6224081510238205,0.9687583212389532,0.27569108114205204,0.9341985434293747,0.9971245527267456
3,20261201,sub-17,MATCH_EB120,0.6224081510238205,0.9734995716439218,0.23328470481472754,0.93477363884449,0.9975261092185974
3,20261201,sub-17,POP,0.0,1.0,-0.0,1.0,1.0
3,20261201,sub-17,MATCH_EB120,0.0,1.0,-0.0,1.0,1.0
3,20261201,sub-17,POP,0.0,1.0,-0.0,1.0,1.0
3,20261201,sub-17,MATCH_EB120,0.0,1.0,-0.0,1.0,1.0
3,20261201,sub-17,POP,0.06789793651900117,0.9999398798689354,0.0005222125213530352,0.9997991598793305,0.9999865889549255
3,20261201,sub-17,MATCH_EB120,0.06789793651900117,0.99993874281751,0.0005320894239623691,0.9998031012510182,0.9999871850013733
3,20261201,sub-17,POP,0.0,1.0,-0.0,1.0,1.0
3,20261201,sub-17,MATCH_EB120,0.0,1.0,-0.0,1.0,1.0
3,20261201,sub-18,POP,0.25929947190168584,0.9995299961129265,0.004083361565673088,0.9990395826171152,0.9999238848686218
3,20261201,sub-18,MATCH_EB120,0.25929947190168584,0.9996084844202328,0.0034013269971530087,0.9991020538145676,0.9999316930770874
3,20261201,sub-18,POP,0.7292686469633104,0.7612891604594848,2.3690070764349884,0.8490171879529953,0.8580463528633118
3,20261201,sub-18,MATCH_EB120,0.7292686469633104,0.8159290068217375,1.7669525427380186,0.874695286154747,0.8921665549278259
3,20261201,sub-18,POP,1.0,1.0138334434866505,-0.11933226531023991,0.899579830467701,1.009639859199524
3,20261201,sub-18,MATCH_EB120,1.0,1.0124081168103527,-0.1071123676503678,0.9265797361731529,1.0084236860275269
3,20261201,sub-18,POP,0.1291672887574996,0.9974413214461019,0.02225288067877424,0.9875445058569312,0.9998116493225098
3,20261201,sub-18,MATCH_EB120,0.1291672887574996,0.9984410477985179,0.013551452553172635,0.990887600928545,0.9998878240585327
3,20261201,sub-18,POP,0.6083240220328077,1.0006703308775575,-0.00582046942114065,0.9971206563059241,1.0002903938293457
3,20261201,sub-18,MATCH_EB120,0.6083240220328077,1.0006616556958556,-0.005745167900594569,0.9970355560071766,1.0002951622009277
3,20261201,sub-18,POP,0.5936951171099469,0.9996449890369101,0.0030841335287065713,0.9973647233564407,0.999983549118042
3,20261201,sub-18,MATCH_EB120,0.5936951171099469,0.9996332572514666,0.003186071309313701,0.9972857639659196,0.9999863505363464
3,20261201,sub-18,POP,0.7753639215182881,1.0010463931391869,-0.009084103381722945,0.9977877149358392,1.0006234645843506
3,20261201,sub-18,MATCH_EB120,0.7753639215182881,1.0010260194920342,-0.00890732331164884,0.9977510995231569,1.0006177425384521
3,20261201,sub-18,POP,0.49375033738620694,0.9922275631598916,0.06777425670059295,0.9746306333690882,0.9874069690704346
3,20261201,sub-18,MATCH_EB120,0.49375033738620694,0.9908755925354735,0.07961738187860062,0.9731849934905767,0.9863635301589966
3,20261201,sub-18,POP,0.0,1.0,-0.0,1.0,1.0
3,20261201,sub-18,MATCH_EB120,0.0,1.0,-0.0,1.0,1.0
3,20261201,sub-18,POP,0.0,1.0,-0.0,1.0,1.0
3,20261201,sub-18,MATCH_EB120,0.0,1.0,-0.0,1.0,1.0
3,20261201,sub-18,POP,0.0,1.0,-0.0,1.0,1.0
3,20261201,sub-18,MATCH_EB120,0.0,1.0,-0.0,1.0,1.0
3,20261201,sub-18,POP,0.0,1.0,-0.0,1.0,1.0
3,20261201,sub-18,MATCH_EB120,0.0,1.0,-0.0,1.0,1.0
3,20261201,sub-18,POP,0.0,1.0,-0.0,1.0,1.0
3,20261201,sub-18,MATCH_EB120,0.0,1.0,-0.0,1.0,1.0
3,20261201,sub-18,POP,0.0,1.0,-0.0,1.0,1.0
3,20261201,sub-18,MATCH_EB120,0.0,1.0,-0.0,1.0,1.0
3,20261201,sub-18,POP,0.0,1.0,-0.0,1.0,1.0
3,20261201,sub-18,MATCH_EB120,0.0,1.0,-0.0,1.0,1.0
3,20261201,sub-18,POP,0.5376593914019723,0.8790276748285011,1.1199490324016173,0.875477246940136,0.9209253191947937
3,20261201,sub-18,MATCH_EB120,0.5376593914019723,0.8474272993319412,1.437950991778381,0.8533045649528503,0.9060395956039429
3,20261201,sub-18,POP,0.3385761923290538,0.9881914743696214,0.10317794619575991,0.9633458591997623,0.9951088428497314
3,20261201,sub-18,MATCH_EB120,0.3385761923290538,0.9878779792197243,0.10593390630836955,0.9626023322343826,0.9950169324874878
3,20261201,sub-18,POP,0.025895808647196213,0.9999643542393153,0.00030962066173706324,0.9999424837369588,0.9999936819076538
3,20261201,sub-18,MATCH_EB120,0.025895808647196213,0.9999636085041199,0.00031609826865781226,0.9999424478992296,0.9999935626983643
3,20261201,sub-18,POP,0.0,1.0,-0.0,1.0,1.0
3,20261201,sub-18,MATCH_EB120,0.0,1.0,-0.0,1.0,1.0
3,20261201,sub-18,POP,0.6921691455623111,1.0012452560773164,-0.010809428001690075,0.9983913421165198,1.000878095626831
3,20261201,sub-18,MATCH_EB120,0.6921691455623111,1.00123934173069,-0.010758120379014774,0.9983902238309383,1.0008785724639893
3,20261201,sub-18,POP,0.1523216430884532,0.999665905938031,0.0029023890134647593,0.9999004368291935,1.0000178813934326
3,20261201,sub-18,MATCH_EB120,0.1523216430884532,0.999660094039086,0.0029528875442941926,0.9998997555303504,1.000017762184143
3,20261201,sub-18,POP,0.5554025121067407,1.2217940003301875,-1.7399597636053552,0.5490050911903381,0.6687979698181152
3,20261201,sub-18,MATCH_EB120,0.5554025121067407,1.2916371762305259,-2.2228107299904667,0.4817602038383484,0.6251803636550903
3,20261201,sub-18,POP,1.0,0.8741833254412029,1.1679496338419595,0.9857201315462589,0.9976836442947388
3,20261201,sub-18,MATCH_EB120,1.0,0.8770748746126567,1.1392665991995914,0.9851876581087708,0.9976620674133301
3,20261201,sub-18,POP,1.0,6.06799788423957,-15.660908413740003,0.10121506452560425,0.2893819808959961
3,20261201,sub-18,MATCH_EB120,1.0,6.889917997769955,-16.76428106129347,-0.05242276191711426,0.2788849174976349
3,20261202,sub-15,POP,1.0,0.9999520251735711,0.00041671404373891103,0.9948693914338946,1.0000643730163574
3,20261202,sub-15,MATCH_EB120,1.0,0.9998356820100183,0.0014273652006322583,0.9934586151503026,0.9999986886978149
3,20261202,sub-15,POP,0.49955222619474,0.9989667023674429,0.008979749375939712,0.9966415001545101,0.999548614025116
3,20261202,sub-15,MATCH_EB120,0.49955222619474,0.9989452419385315,0.009166347106283335,0.9955475777387619,0.9995436072349548
3,20261202,sub-15,POP,0.7610504841206176,0.9512212096476127,0.43436949389688845,0.9569550156593323,0.9734118580818176
3,20261202,sub-15,MATCH_EB120,0.7610504841206176,0.9662234884574176,0.298448184362075,0.9742999393492937,0.9813486337661743
3,20261202,sub-15,POP,0.5969167533680935,0.9997392747356854,0.002264926146258432,0.9962747485842556,0.9998326897621155
3,20261202,sub-15,MATCH_EB120,0.5969167533680935,0.9997035234364823,0.0025755445241508767,0.9950515045784414,0.9998132586479187
3,20261202,sub-15,POP,1.0,1.0000283521736282,-0.0002462603601418522,0.9985685822321102,1.000067949295044
3,20261202,sub-15,MATCH_EB120,1.0,1.0000222598416264,-0.00019334437582814337,0.9985036476282403,1.0000636577606201
3,20261202,sub-15,POP,1.0,1.0001575224179422,-0.00136811458623703,0.9990927239414304,1.0002187490463257
3,20261202,sub-15,MATCH_EB120,1.0,1.0001546727308495,-0.0013433663817811153,0.9990525120520033,1.0002185106277466
3,20261202,sub-15,POP,0.16444476665804533,0.9998616551000814,0.0012017316613221153,0.9995216303213965,1.000014305114746
3,20261202,sub-15,MATCH_EB120,0.16444476665804533,0.9998783273746221,0.0010568992951658393,0.9995555382047314,1.0000141859054565
3,20261202,sub-15,POP,1.0,1.0000824778001431,-0.0007163635279958615,0.9981730172876269,1.0002180337905884
3,20261202,sub-15,MATCH_EB120,1.0,1.0000757142972148,-0.0006576211342841767,0.9981122851604596,1.0002233982086182
3,20261202,sub-15,POP,0.7343241263808398,0.9995208035529913,0.004163245039471628,0.9954587859101593,0.999694287776947
3,20261202,sub-15,MATCH_EB120,0.7343241263808398,0.9994743288983341,0.004567121682130232,0.9952229005284607,0.9996821284294128
3,20261202,sub-15,POP,1.0,1.0006953023794602,-0.006037221129105262,0.9952668217010796,1.0007107257843018
3,20261202,sub-15,MATCH_EB120,1.0,1.0007030983275114,-0.006104888560409787,0.9953886410221457,1.0007414817810059
3,20261202,sub-15,POP,0.0,1.0,-0.0,1.0,1.0
3,20261202,sub-15,MATCH_EB120,0.0,1.0,-0.0,1.0,1.0
3,20261202,sub-15,POP,0.26210843895971436,0.9998185259354357,0.0015764067397721552,0.9989774117711931,0.9999418258666992
3,20261202,sub-15,MATCH_EB120,0.26210843895971436,0.9998141533293536,0.0016143936903294037,0.9989197193644941,0.9999417662620544
3,20261202,sub-15,POP,0.2771089670828979,0.9996818981245164,0.002763437334718042,0.9993848016601987,0.9999129772186279
3,20261202,sub-15,MATCH_EB120,0.2771089670828979,0.9997634718581534,0.0020547003431837176,0.9993443489656784,0.9999436736106873
3,20261202,sub-15,POP,0.0,1.0,-0.0,1.0,1.0
3,20261202,sub-15,MATCH_EB120,0.0,1.0,-0.0,1.0,1.0
3,20261202,sub-15,POP,0.23921500248768987,1.0000584634855703,-0.0005077925400035932,0.9995967457070947,0.9999940395355225
3,20261202,sub-15,MATCH_EB120,0.23921500248768987,1.0000598969679713,-0.0005202428731232799,0.999576753936708,0.9999908208847046
3,20261202,sub-15,POP,0.3441623687984243,0.9995463942260293,0.003940863558718222,0.998654687195085,0.9998354315757751
3,20261202,sub-15,MATCH_EB120,0.3441623687984243,0.9995214329858106,0.004157775236079609,0.998635773663409,0.9998364448547363
3,20261202,sub-15,POP,0.8853001367421847,1.0007365553073668,-0.00639528316126303,0.9984582271426916,1.0000861883163452
3,20261202,sub-15,MATCH_EB120,0.8853001367421847,1.0007350424774393,-0.006382152548961132,0.9984460538253188,1.0000873804092407
3,20261202,sub-15,POP,0.35697409037271177,0.9988659272038727,0.00985602092823588,0.9995703768508974,1.0000386238098145
3,20261202,sub-15,MATCH_EB120,0.35697409037271177,0.9988565610749089,0.009937466837758192,0.9995679298881441,1.0000386238098145
3,20261202,sub-15,POP,0.2078412137629234,0.9970344633143027,0.02579659367562132,0.9955680444836617,0.9998979568481445
3,20261202,sub-15,MATCH_EB120,0.2078412137629234,0.9973048166213544,0.023441669389321105,0.9957608273252845,0.9998776912689209
3,20261202,sub-15,POP,0.23424009450427563,0.9999395818000453,0.0005248016708830875,0.9996661345358007,1.0000395774841309
3,20261202,sub-15,MATCH_EB120,0.23424009450427563,0.9999391631174579,0.0005284385221237769,0.9996612813265529,1.00003981590271
3,20261202,sub-15,POP,0.7882424301885309,1.000551605713268,-0.004789865412025168,0.9980587792815641,1.0000581741333008
3,20261202,sub-15,MATCH_EB120,0.7882424301885309,1.0005424052678404,-0.00470999504794785,0.9979865308851004,1.0000483989715576
3,20261202,sub-15,POP,0.755354638218812,1.000281961983264,-0.002448745458418473,0.9981695364695042,1.0001018047332764
3,20261202,sub-15,MATCH_EB120,0.755354638218812,1.0002687569223963,-0.002334079331458355,0.9981106998166069,1.0001065731048584
3,20261202,sub-15,POP,0.8603879828515545,1.001070727863264,-0.0092952485994527,0.997971385717392,1.0003949403762817
3,20261202,sub-15,MATCH_EB120,0.8603879828515545,1.0010885839557113,-0.009450177378049873,0.9978617739398032,1.0003994703292847
3,20261202,sub-15,POP,0.5692545962940728,0.9996023742743251,0.0034544199991201844,0.9987931795185432,0.9999493956565857
3,20261202,sub-15,MATCH_EB120,0.5692545962940728,0.9995945912596738,0.0035220495598674273,0.9987356428755447,0.9999455809593201
3,20261202,sub-17,POP,0.11271996932770269,0.999372360474302,0.005453319191111254,0.999220869562123,0.999884843826294
3,20261202,sub-17,MATCH_EB120,0.11271996932770269,0.9993227098481678,0.005884860615868202,0.9989973789779469,0.9998777508735657
3,20261202,sub-17,POP,0.9523849330968989,0.9999069724365055,0.0008080647365408634,0.9956836346536875,1.0002433061599731
3,20261202,sub-17,MATCH_EB120,0.9523849330968989,0.99981514249238,0.0016058003366521815,0.993995233438909,1.000293493270874
3,20261202,sub-17,POP,0.043954975294683285,0.9995420244088213,0.003978836616491167,0.9996718295442406,0.9999445080757141
3,20261202,sub-17,MATCH_EB120,0.043954975294683285,0.9995064113263931,0.00428831516453073,0.9996094757807441,0.9999410510063171
3,20261202,sub-17,POP,0.7540064223458467,1.001559439747478,-0.013534571110432549,0.9899858487769961,1.0016502141952515
3,20261202,sub-17,MATCH_EB120,0.7540064223458467,1.0015464835351082,-0.013422209373127093,0.989275673404336,1.0016645193099976
3,20261202,sub-17,POP,0.099021361182196,0.9990446546129594,0.008301990864133382,0.9992936631315388,0.9998361468315125
3,20261202,sub-17,MATCH_EB120,0.099021361182196,0.9989763955200868,0.008895469043632658,0.9992493246681988,0.9998313784599304
3,20261202,sub-17,POP,0.0,1.0,-0.0,1.0,1.0
3,20261202,sub-17,MATCH_EB120,0.0,1.0,-0.0,1.0,1.0
3,20261202,sub-17,POP,1.0,0.6925064858626906,3.1915230947667035,0.8191351145505905,0.8196560740470886
3,20261202,sub-17,MATCH_EB120,1.0,0.7803149611425553,2.1546013237073676,0.8547140210866928,0.8767167925834656
3,20261202,sub-17,POP,1.0,1.4917831312379937,-3.4741138387062556,0.6695057451725006,0.7867861986160278
3,20261202,sub-17,MATCH_EB120,1.0,0.7648676204270366,2.328274478442978,0.7901839315891266,0.901284396648407
3,20261202,sub-17,POP,0.9101398946783763,1.000255023148336,-0.002214820518350067,0.9966928178910166,1.000419020652771
3,20261202,sub-17,MATCH_EB120,0.9101398946783763,1.0002048309341047,-0.0017789567016331144,0.9966570332180709,1.0004030466079712
3,20261202,sub-17,POP,1.0,0.9112075066968742,0.8076542223104416,0.7355384826660156,0.9790093898773193
3,20261202,sub-17,MATCH_EB120,1.0,0.9508980218949283,0.4373211208324173,0.8330536633729935,0.9887098670005798
3,20261202,sub-17,POP,0.6085194933830879,1.009058605019729,-0.07832780635482908,0.9162180200219154,0.9872704148292542
3,20261202,sub-17,MATCH_EB120,0.6085194933830879,1.0101807999505952,-0.08798219632108924,0.9359768778085709,1.0035864114761353
3,20261202,sub-17,POP,0.11814728167810305,0.9774441977592458,0.1981605414961399,0.9850983442738652,0.9977036118507385
3,20261202,sub-17,MATCH_EB120,0.11814728167810305,0.9838506778040716,0.1414162168752158,0.988665271550417,0.9985467195510864
3,20261202,sub-17,POP,0.2776072473807159,0.990256885789785,0.08504258059184469,0.9832559339702129,0.9973598718643188
3,20261202,sub-17,MATCH_EB120,0.2776072473807159,0.9923958540528985,0.06630117509269133,0.9838156625628471,0.9977124929428101
3,20261202,sub-17,POP,1.0,0.9996955040103199,0.0026452213116765124,0.9960548658855259,1.0000795125961304
3,20261202,sub-17,MATCH_EB120,1.0,0.9996418102504253,0.0031117539667547146,0.9962086679879576,1.000097632408142
3,20261202,sub-17,POP,0.6090436701301365,0.9996993419962876,0.0026118748992712453,0.9981631834525615,0.9999555945396423
3,20261202,sub-17,MATCH_EB120,0.6090436701301365,0.999626284453943,0.0032466586902868753,0.99808184732683,0.9999385476112366
3,20261202,sub-17,POP,0.6982549544022822,4.6056384790236935,-13.265796897804892,0.6422269940376282,0.643861711025238
3,20261202,sub-17,MATCH_EB120,0.6982549544022822,1.32636425700449,-2.4532561990625634,0.9226420521736145,0.9423332810401917
3,20261202,sub-17,POP,0.0,1.0,-0.0,1.0,1.0
3,20261202,sub-17,MATCH_EB120,0.0,1.0,-0.0,1.0,1.0
3,20261202,sub-17,POP,0.8316091585154748,1.0010663880717954,-0.00925759388594801,0.9972296166233718,1.0004934072494507
3,20261202,sub-17,MATCH_EB120,0.8316091585154748,1.0010755191427512,-0.00933682051250641,0.9972181899938732,1.0004955530166626
3,20261202,sub-17,POP,0.3021079574605176,1.000230991214381,-0.0020061325049030394,0.9994776138919406,1.0000660419464111
3,20261202,sub-17,MATCH_EB120,0.3021079574605176,1.0002252033368293,-0.0019558711037390695,0.9994423498865217,1.0000652074813843
3,20261202,sub-17,POP,0.6224081510238205,1.0099161458771346,-0.08570630942146074,0.864477276802063,0.9735485315322876
3,20261202,sub-17,MATCH_EB120,0.6224081510238205,1.002206173203626,-0.01914147002525668,0.8879381939768791,0.9837222099304199
3,20261202,sub-17,POP,0.0,1.0,-0.0,1.0,1.0
3,20261202,sub-17,MATCH_EB120,0.0,1.0,-0.0,1.0,1.0
3,20261202,sub-17,POP,0.0,1.0,-0.0,1.0,1.0
3,20261202,sub-17,MATCH_EB120,0.0,1.0,-0.0,1.0,1.0
3,20261202,sub-17,POP,0.06789793651900117,0.9999486236677823,0.00044626061536687744,0.9992269721115008,0.9999863505363464
3,20261202,sub-17,MATCH_EB120,0.06789793651900117,0.9999758728537153,0.00020956825806293895,0.999434998317156,0.9999987483024597
3,20261202,sub-17,POP,0.0,1.0,-0.0,1.0,1.0
3,20261202,sub-17,MATCH_EB120,0.0,1.0,-0.0,1.0,1.0
3,20261202,sub-18,POP,0.25929947190168584,0.9992946503020929,0.00612875134290485,0.9988288490567356,0.9998524785041809
3,20261202,sub-18,MATCH_EB120,0.25929947190168584,0.9992697454231814,0.006345227759825389,0.9985911711119115,0.9998530149459839
3,20261202,sub-18,POP,0.7292686469633104,0.7966047173276664,1.9751425223473036,0.8454353511333466,0.8645922541618347
3,20261202,sub-18,MATCH_EB120,0.7292686469633104,0.8256338635931633,1.664250052950576,0.877409502863884,0.8896468281745911
3,20261202,sub-18,POP,1.0,1.0004987767611,-0.004331239829829956,0.9960267841815948,1.0003795623779297
3,20261202,sub-18,MATCH_EB120,1.0,1.0004411851704502,-0.0038312406193390927,0.9951311280019581,1.0003483295440674
3,20261202,sub-18,POP,0.1291672887574996,1.000037710870401,-0.0003275462824700332,0.9996133869572077,1.0000449419021606
3,20261202,sub-18,MATCH_EB120,0.1291672887574996,1.0000249698006383,-0.0002168822248867543,0.9996091414650436,1.0000447034835815
3,20261202,sub-18,POP,0.6083240220328077,1.0004745071072372,-0.004120538830754861,0.9966435709502548,1.0001418590545654
3,20261202,sub-18,MATCH_EB120,0.6083240220328077,1.000499256386627,-0.004335403726372318,0.9968364725355059,1.0001307725906372
3,20261202,sub-18,POP,0.5936951171099469,0.9993921009044633,0.005281750003137843,0.997871583327651,0.9998664259910583
3,20261202,sub-18,MATCH_EB120,0.5936951171099469,0.9994267706336266,0.004980434615723329,0.9979908200912178,0.9998683929443359
3,20261202,sub-18,POP,0.7753639215182881,1.0026385118605863,-0.022887641433758047,0.9053199738264084,1.0029535293579102
3,20261202,sub-18,MATCH_EB120,0.7753639215182881,1.0026649519726332,-0.023116689953757763,0.9035182371735573,1.0029776096343994
3,20261202,sub-18,POP,0.49375033738620694,1.00030531206041,-0.0026515021146978246,0.994642099365592,1.0002015829086304
3,20261202,sub-18,MATCH_EB120,0.49375033738620694,1.0003498392919186,-0.0030381340823057964,0.994815933983773,1.0001943111419678
3,20261202,sub-18,POP,0.0,1.0,-0.0,1.0,1.0
3,20261202,sub-18,MATCH_EB120,0.0,1.0,-0.0,1.0,1.0
3,20261202,sub-18,POP,0.0,1.0,-0.0,1.0,1.0
3,20261202,sub-18,MATCH_EB120,0.0,1.0,-0.0,1.0,1.0
3,20261202,sub-18,POP,0.0,1.0,-0.0,1.0,1.0
3,20261202,sub-18,MATCH_EB120,0.0,1.0,-0.0,1.0,1.0
3,20261202,sub-18,POP,0.0,1.0,-0.0,1.0,1.0
3,20261202,sub-18,MATCH_EB120,0.0,1.0,-0.0,1.0,1.0
3,20261202,sub-18,POP,0.0,1.0,-0.0,1.0,1.0
3,20261202,sub-18,MATCH_EB120,0.0,1.0,-0.0,1.0,1.0
3,20261202,sub-18,POP,0.0,1.0,-0.0,1.0,1.0
3,20261202,sub-18,MATCH_EB120,0.0,1.0,-0.0,1.0,1.0
3,20261202,sub-18,POP,0.0,1.0,-0.0,1.0,1.0
3,20261202,sub-18,MATCH_EB120,0.0,1.0,-0.0,1.0,1.0
3,20261202,sub-18,POP,0.5376593914019723,1.010170283510706,-0.08789177180328045,0.9776293113827705,1.0087312459945679
3,20261202,sub-18,MATCH_EB120,0.5376593914019723,1.0111340025271545,-0.09617430275230829,0.975079009309411,1.0090959072113037
3,20261202,sub-18,POP,0.3385761923290538,0.9995899057469987,0.003562764007237795,0.9987897410755977,0.9998707175254822
3,20261202,sub-18,MATCH_EB120,0.3385761923290538,0.9995950606617892,0.0035179707322621372,0.9987983149476349,0.9998711943626404
3,20261202,sub-18,POP,0.025895808647196213,0.9998417171760597,0.0013749359575902212,0.9998838167521171,0.9999796748161316
3,20261202,sub-18,MATCH_EB120,0.025895808647196213,0.999843216827945,0.0013619080945012792,0.9998854992009001,0.9999799132347107
3,20261202,sub-18,POP,0.0,1.0,-0.0,1.0,1.0
3,20261202,sub-18,MATCH_EB120,0.0,1.0,-0.0,1.0,1.0
3,20261202,sub-18,POP,0.6921691455623111,1.0005528123079002,-0.004800339975689973,0.9979313402436674,1.0006073713302612
3,20261202,sub-18,MATCH_EB120,0.6921691455623111,1.0005587670229863,-0.004852033243170548,0.9979792914818972,1.0006059408187866
3,20261202,sub-18,POP,0.1523216430884532,1.000946608429755,-0.008218247233643719,0.999510481429752,1.0000430345535278
3,20261202,sub-18,MATCH_EB120,0.1523216430884532,1.0009650040859366,-0.008377877297647865,0.9995072432793677,1.0000433921813965
3,20261202,sub-18,POP,0.5554025121067407,1.1344757982929219,-1.0959047108104998,0.6134451925754547,0.7054926156997681
3,20261202,sub-18,MATCH_EB120,0.5554025121067407,1.1496430249790428,-1.211260174919499,0.5921894013881683,0.6912342309951782
3,20261202,sub-18,POP,1.0,1.5391460247912228,-3.7455964999773155,0.7916076332330704,0.8235940933227539
3,20261202,sub-18,MATCH_EB120,1.0,1.7363504146780853,-4.792747502108038,0.7522274106740952,0.7864987850189209
3,20261202,sub-18,POP,1.0,5.2775427885179536,-14.448635262111756,0.3016311526298523,0.3682582974433899
3,20261202,sub-18,MATCH_EB120,1.0,5.602046307220052,-14.966933888705007,0.2558295726776123,0.33674606680870056
3,20261203,sub-15,POP,1.0,1.0012638019029656,-0.010970313161433416,0.9926265710964799,1.0011861324310303
3,20261203,sub-15,MATCH_EB120,1.0,1.0012221881448355,-0.010609309376746574,0.9933777861297131,1.0011380910873413
3,20261203,sub-15,POP,0.49955222619474,0.9994322863462113,0.004932498398691364,0.9965691820252687,0.9997290968894958
3,20261203,sub-15,MATCH_EB120,0.49955222619474,0.9993043367622877,0.006044556839874415,0.9966957266442478,0.9996586441993713
3,20261203,sub-15,POP,0.7610504841206176,1.0009511989409805,-0.008258082108072395,0.996162619208917,1.0005971193313599
3,20261203,sub-15,MATCH_EB120,0.7610504841206176,1.0011862587753797,-0.01029760619913342,0.9958716635592282,1.0007362365722656
3,20261203,sub-15,POP,0.5969167533680935,1.0000464789003085,-0.0004037012168567203,0.9964468260295689,1.0000755786895752
3,20261203,sub-15,MATCH_EB120,0.5969167533680935,0.9999836831897351,0.00014172716947721337,0.9966287531424314,1.000011920928955
3,20261203,sub-15,POP,1.0,0.9998915987928061,0.0009416119591779653,0.9979660415556282,0.9998703598976135
3,20261203,sub-15,MATCH_EB120,1.0,0.9998942242193561,0.0009188053515861017,0.9980078907683492,0.9998658299446106
3,20261203,sub-15,POP,1.0,1.0000382719923573,-0.00033241994069811557,0.9990904154838063,1.000052571296692
3,20261203,sub-15,MATCH_EB120,1.0,1.0000365364401453,-0.00031734568956460227,0.9990947970072739,1.0000485181808472
3,20261203,sub-15,POP,0.16444476665804533,1.000458436767049,-0.003981018711651789,0.999792621616507,1.0000170469284058
3,20261203,sub-15,MATCH_EB120,0.16444476665804533,1.000448980093763,-0.003898916341683144,0.999809873799677,1.0000165700912476
3,20261203,sub-15,POP,1.0,0.9999737229654375,0.00022824242100547373,0.9982366666663438,0.9999681115150452
3,20261203,sub-15,MATCH_EB120,1.0,0.9999719347221963,0.00024377532649210527,0.9982793481322005,0.9999536871910095
3,20261203,sub-15,POP,0.7343241263808398,0.9981061140618962,0.016465681232790533,0.9951894506812096,0.9990140795707703
3,20261203,sub-15,MATCH_EB120,0.7343241263808398,0.9982411449409854,0.015290671915149188,0.9954280122183263,0.9990793466567993
3,20261203,sub-15,POP,1.0,1.0010744705534051,-0.00932772236163654,0.9949261541478336,1.0010831356048584
3,20261203,sub-15,MATCH_EB120,1.0,1.0011103228249196,-0.009638791424504167,0.9949687742628157,1.0011087656021118
3,20261203,sub-15,POP,0.0,1.0,-0.0,1.0,1.0
3,20261203,sub-15,MATCH_EB120,0.0,1.0,-0.0,1.0,1.0
3,20261203,sub-15,POP,0.26210843895971436,0.9999193616655057,0.0007004439157101906,0.9986052174353972,1.0000003576278687
3,20261203,sub-15,MATCH_EB120,0.26210843895971436,0.9999056783398779,0.0008193061700664194,0.9987221108749509,0.9999890923500061
3,20261203,sub-15,POP,0.2771089670828979,0.9996601861947445,0.0029520868182798658,0.9992450278950855,1.000003695487976
3,20261203,sub-15,MATCH_EB120,0.2771089670828979,0.9996022526024536,0.0034554772480214838,0.999307502002921,0.9999802112579346
3,20261203,sub-15,POP,0.0,1.0,-0.0,1.0,1.0
3,20261203,sub-15,MATCH_EB120,0.0,1.0,-0.0,1.0,1.0
3,20261203,sub-15,POP,0.23921500248768987,1.0059343009346988,-0.05139234455196685,0.9969463776797056,1.0014303922653198
3,20261203,sub-15,MATCH_EB120,0.23921500248768987,1.0044032483199983,-0.03816217172111141,0.9977193465456367,1.0010690689086914
3,20261203,sub-15,POP,0.3441623687984243,0.9994372287078727,0.004889545311840134,0.9918468883261085,0.9996485710144043
3,20261203,sub-15,MATCH_EB120,0.3441623687984243,0.9997977234982486,0.0017571290895411758,0.9984500075224787,0.9999677538871765
3,20261203,sub-15,POP,0.8853001367421847,1.001568099390691,-0.013609670377736844,0.9807262737303972,1.000260829925537
3,20261203,sub-15,MATCH_EB120,0.8853001367421847,1.0015211212374433,-0.013202252624815496,0.9819436781108379,1.0002466440200806
3,20261203,sub-15,POP,0.35697409037271177,1.0005247777553816,-0.004556966075093929,0.9989360556937754,0.9999014735221863
3,20261203,sub-15,MATCH_EB120,0.35697409037271177,1.000526660474872,-0.00457331057618954,0.9989702069433406,0.9998997449874878
3,20261203,sub-15,POP,0.2078412137629234,0.9992036738832668,0.00691955624333669,0.9993360944208689,0.9999597668647766
3,20261203,sub-15,MATCH_EB120,0.2078412137629234,0.9992295037700032,0.006695024797324669,0.9993559517315589,0.9999570846557617
3,20261203,sub-15,POP,0.23424009450427563,0.9988695046500861,0.009824912401551044,0.996978459879756,0.9993430376052856
3,20261203,sub-15,MATCH_EB120,0.23424009450427563,0.9995675561737642,0.003756971747526292,0.9987068029586226,0.9997198581695557
3,20261203,sub-15,POP,0.7882424301885309,1.0003682184633058,-0.0031977162420153407,0.9973108195699751,1.000089168548584
3,20261203,sub-15,MATCH_EB120,0.7882424301885309,1.000278694878601,-0.002420375700730952,0.9974099739920348,1.0000560283660889
3,20261203,sub-15,POP,0.755354638218812,0.9998736983051945,0.0010971118671841463,0.9977210378274322,1.0001072883605957
3,20261203,sub-15,MATCH_EB120,0.755354638218812,0.9998310484734168,0.0014676182957518182,0.9978650680277497,1.0000892877578735
3,20261203,sub-15,POP,0.8603879828515545,1.000499164692706,-0.004334607680487461,0.9979200831148773,1.0001977682113647
3,20261203,sub-15,MATCH_EB120,0.8603879828515545,1.000482372717269,-0.004188825980129236,0.9980217209085822,1.0001871585845947
3,20261203,sub-15,POP,0.5692545962940728,0.9996880364167862,0.0027101040037513114,0.998634856659919,0.9999631643295288
3,20261203,sub-15,MATCH_EB120,0.5692545962940728,0.9996437394925626,0.0030949907942388532,0.9985992745496333,0.9999513626098633
3,20261203,sub-17,POP,0.11271996932770269,0.9995243670497459,0.004132278115871332,0.9992410616832785,0.999946117401123
3,20261203,sub-17,MATCH_EB120,0.11271996932770269,0.9995576185708036,0.003843326442744192,0.9991824254975654,0.9999458193778992
3,20261203,sub-17,POP,0.9523849330968989,0.9995884428018184,0.0035754762101206606,0.9950540885329247,1.000076174736023
3,20261203,sub-17,MATCH_EB120,0.9523849330968989,0.9995654714250802,0.0037750874974463748,0.9946939619258046,0.9999921321868896
3,20261203,sub-17,POP,0.043954975294683285,0.9997351005750116,0.002301191976310276,0.9996024781430606,0.9999819397926331
3,20261203,sub-17,MATCH_EB120,0.043954975294683285,0.9997330860236769,0.0023186948009915383,0.9996252163255122,0.9999851584434509
3,20261203,sub-17,POP,0.7540064223458467,0.9251147635341372,0.676087765154677,0.6000933945178986,0.9216079711914062
3,20261203,sub-17,MATCH_EB120,0.7540064223458467,0.9619081938282421,0.3373275159259209,0.7594551593065262,0.9685370326042175
3,20261203,sub-17,POP,0.099021361182196,0.9902922106642539,0.08473273928400016,0.9970438503660262,0.9988266229629517
3,20261203,sub-17,MATCH_EB120,0.099021361182196,0.9979123847706761,0.018151749021707513,0.9991402297164313,0.9997696280479431
3,20261203,sub-17,POP,0.0,1.0,-0.0,1.0,1.0
3,20261203,sub-17,MATCH_EB120,0.0,1.0,-0.0,1.0,1.0
3,20261203,sub-17,POP,1.0,0.7241074252177875,2.803939982177713,0.6936220824718475,0.8153398633003235
3,20261203,sub-17,MATCH_EB120,1.0,0.754775514042588,2.4436439477965752,0.763454481959343,0.8455368876457214
3,20261203,sub-17,POP,1.0,0.8704096782399894,1.2055257724295392,0.6253071427345276,0.8631205558776855
3,20261203,sub-17,MATCH_EB120,1.0,0.8840852737234776,1.0701168689362177,0.7113502025604248,0.9523830413818359
3,20261203,sub-17,POP,0.9101398946783763,0.9956406593578743,0.037947525033419284,0.9294535294175148,0.9998869299888611
3,20261203,sub-17,MATCH_EB120,0.9101398946783763,0.9972343407316904,0.02405549118145207,0.9463981427252293,0.9995787143707275
3,20261203,sub-17,POP,1.0,1.010125690754948,-0.08750833515818732,0.5628013610839844,1.0005137920379639
3,20261203,sub-17,MATCH_EB120,1.0,1.011365167687089,-0.09815984134304837,0.6945677697658539,0.99955153465271
3,20261203,sub-17,POP,0.6085194933830879,1.0372607407191186,-0.3177588119029581,0.9232498705387115,0.8993277549743652
3,20261203,sub-17,MATCH_EB120,0.6085194933830879,1.0145795601436514,-0.1257221742888491,0.9540788792073727,0.9581779837608337
3,20261203,sub-17,POP,0.11814728167810305,0.9999491841926185,0.0004413917097181953,0.9996201674221084,1.0000349283218384
3,20261203,sub-17,MATCH_EB120,0.11814728167810305,0.9999391041167995,0.0005289510265251451,0.9996388883737382,1.0000306367874146
3,20261203,sub-17,POP,0.2776072473807159,0.9735654266562901,0.2326971441834572,0.9768491946160793,0.9956257343292236
3,20261203,sub-17,MATCH_EB120,0.2776072473807159,0.9781750238549985,0.19166860785417833,0.9791507702320814,0.9962243437767029
3,20261203,sub-17,POP,1.0,0.9995011235653747,0.004334266875904048,0.9947947869077325,0.9999205470085144
3,20261203,sub-17,MATCH_EB120,1.0,0.9993188108775722,0.005918749662947781,0.9952739533036947,0.9998604655265808
3,20261203,sub-17,POP,0.6090436701301365,1.0000839356053621,-0.0007290248097382571,0.9984363154508173,1.0000171661376953
3,20261203,sub-17,MATCH_EB120,0.6090436701301365,0.999897636035161,0.0008891676116436828,0.9983039713697508,0.9999587535858154
3,20261203,sub-17,POP,0.6982549544022822,5.864711242704071,-15.364932677581876,0.8624500185251236,0.6733920574188232
3,20261203,sub-17,MATCH_EB120,0.6982549544022822,2.560104606369045,-8.165154220617437,0.9240665212273598,0.8541242480278015
3,20261203,sub-17,POP,0.0,1.0,-0.0,1.0,1.0
3,20261203,sub-17,MATCH_EB120,0.0,1.0,-0.0,1.0,1.0
3,20261203,sub-17,POP,0.8316091585154748,1.0013024683773373,-0.01130573549837326,0.9972816831432283,1.00067138671875
3,20261203,sub-17,MATCH_EB120,0.8316091585154748,1.001257342898118,-0.010914281590007423,0.9975033402442932,1.0006499290466309
3,20261203,sub-17,POP,0.3021079574605176,1.0001905169152963,-0.0016546512859228193,0.999391445890069,1.0000509023666382
3,20261203,sub-17,MATCH_EB120,0.3021079574605176,1.0001435201991702,-0.0012465111631996529,0.9993729565758258,1.0000412464141846
3,20261203,sub-17,POP,0.6224081510238205,1.1314678870512151,-1.072844649255245,0.796648845076561,0.893059492111206
3,20261203,sub-17,MATCH_EB120,0.6224081510238205,0.9924775457522542,0.06558620245471883,0.9026974886655807,0.979494035243988
3,20261203,sub-17,POP,0.0,1.0,-0.0,1.0,1.0
3,20261203,sub-17,MATCH_EB120,0.0,1.0,-0.0,1.0,1.0
3,20261203,sub-17,POP,0.0,1.0,-0.0,1.0,1.0
3,20261203,sub-17,MATCH_EB120,0.0,1.0,-0.0,1.0,1.0
3,20261203,sub-17,POP,0.06789793651900117,0.9999755500216422,0.00021237240993010622,0.9997634453320643,1.000004529953003
3,20261203,sub-17,MATCH_EB120,0.06789793651900117,0.9999752215576251,0.0002152254823588061,0.999773066767375,1.000003695487976
3,20261203,sub-17,POP,0.0,1.0,-0.0,1.0,1.0
3,20261203,sub-17,MATCH_EB120,0.0,1.0,-0.0,1.0,1.0
3,20261203,sub-18,POP,0.25929947190168584,0.986270407380439,0.12007995000236733,0.9856394454836845,0.9971151351928711
3,20261203,sub-18,MATCH_EB120,0.25929947190168584,0.9881408108241749,0.10362327410728,0.9873191611841321,0.997458279132843
3,20261203,sub-18,POP,0.7292686469633104,0.999616197210506,0.0033343085717297146,0.9969308411236852,0.9998835921287537
3,20261203,sub-18,MATCH_EB120,0.7292686469633104,0.9995484642854023,0.0039228751104144225,0.9969254923053086,0.9998466968536377
3,20261203,sub-18,POP,1.0,1.0012560327347295,-0.010902915938483342,0.9948492324911058,1.0009013414382935
3,20261203,sub-18,MATCH_EB120,1.0,1.001141993135752,-0.009913566808727833,0.9941489459015429,1.0008093118667603
3,20261203,sub-18,POP,0.1291672887574996,0.9984884256891334,0.013139300662270936,0.9961297502741218,0.9995185732841492
3,20261203,sub-18,MATCH_EB120,0.1291672887574996,0.9990518908842124,0.008239077534308095,0.9970155889168382,0.9996834397315979
3,20261203,sub-18,POP,0.6083240220328077,0.9999792294144497,0.00018041288745484775,0.9961313379462808,1.000137209892273
3,20261203,sub-18,MATCH_EB120,0.6083240220328077,0.9999977426016917,1.9607534705897524e-05,0.9960069181397557,1.0001550912857056
3,20261203,sub-18,POP,0.5936951171099469,0.999425279263544,0.004993395931142436,0.9976909374818206,0.999909520149231
3,20261203,sub-18,MATCH_EB120,0.5936951171099469,0.9994400649521242,0.0048648961704107095,0.9976472803391516,0.9999225735664368
3,20261203,sub-18,POP,0.7753639215182881,0.9999109324938756,0.0007736649832506957,0.9974773407448083,1.0000889301300049
3,20261203,sub-18,MATCH_EB120,0.7753639215182881,0.9999158033055969,0.0007313539847010123,0.9974466434214264,1.0000957250595093
3,20261203,sub-18,POP,0.49375033738620694,1.000456576005777,-0.003964863735605516,0.998572469688952,1.0002632141113281
3,20261203,sub-18,MATCH_EB120,0.49375033738620694,1.0004608448590635,-0.004001925523503714,0.9985438378062099,1.000267505645752
3,20261203,sub-18,POP,0.0,1.0,-0.0,1.0,1.0
3,20261203,sub-18,MATCH_EB120,0.0,1.0,-0.0,1.0,1.0
3,20261203,sub-18,POP,0.0,1.0,-0.0,1.0,1.0
3,20261203,sub-18,MATCH_EB120,0.0,1.0,-0.0,1.0,1.0
3,20261203,sub-18,POP,0.0,1.0,-0.0,1.0,1.0
3,20261203,sub-18,MATCH_EB120,0.0,1.0,-0.0,1.0,1.0
3,20261203,sub-18,POP,0.0,1.0,-0.0,1.0,1.0
3,20261203,sub-18,MATCH_EB120,0.0,1.0,-0.0,1.0,1.0
3,20261203,sub-18,POP,0.0,1.0,-0.0,1.0,1.0
3,20261203,sub-18,MATCH_EB120,0.0,1.0,-0.0,1.0,1.0
3,20261203,sub-18,POP,0.0,1.0,-0.0,1.0,1.0
3,20261203,sub-18,MATCH_EB120,0.0,1.0,-0.0,1.0,1.0
3,20261203,sub-18,POP,0.0,1.0,-0.0,1.0,1.0
3,20261203,sub-18,MATCH_EB120,0.0,1.0,-0.0,1.0,1.0
3,20261203,sub-18,POP,0.5376593914019723,0.8003840318477846,1.9340316878122368,0.8432409912347794,0.8421095013618469
3,20261203,sub-18,MATCH_EB120,0.5376593914019723,0.7995957943952063,1.9425899758147378,0.8331168740987778,0.8338463306427002
3,20261203,sub-18,POP,0.3385761923290538,0.9999967670050641,2.80814826071085e-05,0.998420940246433,0.9999455809593201
3,20261203,sub-18,MATCH_EB120,0.3385761923290538,0.9999948834438785,4.44419554928913e-05,0.9984326235717162,0.9999474287033081
3,20261203,sub-18,POP,0.025895808647196213,0.9998816193297853,0.0010283023035243498,0.9998872282230877,0.9999869465827942
3,20261203,sub-18,MATCH_EB120,0.025895808647196213,0.9998816916701732,0.0010276738885291986,0.9998882515719743,0.9999870657920837
3,20261203,sub-18,POP,0.0,1.0,-0.0,1.0,1.0
3,20261203,sub-18,MATCH_EB120,0.0,1.0,-0.0,1.0,1.0
3,20261203,sub-18,POP,0.6921691455623111,1.0006605555952335,-0.005735618860923812,0.9973524131346494,1.0003372430801392
3,20261203,sub-18,MATCH_EB120,0.6921691455623111,1.0006600734259137,-0.005731433555043335,0.9973472736310214,1.0003389120101929
3,20261203,sub-18,POP,0.1523216430884532,0.9998475020878801,0.001324681042822881,0.9999048925601528,1.0000042915344238
3,20261203,sub-18,MATCH_EB120,0.1523216430884532,0.9998441952763155,0.0013534080714359944,0.9999041214105091,1.0000042915344238
3,20261203,sub-18,POP,0.5554025121067407,1.1578836767418585,-1.2732986302007319,0.5439233183860779,0.673000156879425
3,20261203,sub-18,MATCH_EB120,0.5554025121067407,1.181330448310344,-1.4474279574167024,0.5071057379245758,0.6487096548080444
3,20261203,sub-18,POP,1.0,0.8106130945155671,1.8237277002674364,0.9700252953916788,0.9956381320953369
3,20261203,sub-18,MATCH_EB120,1.0,0.8160763723569573,1.7653839195028473,0.9697261992841959,0.9956476092338562
3,20261203,sub-18,POP,1.0,6.013664601152522,-15.582784052507783,0.16753625869750977,0.2840384542942047
3,20261203,sub-18,MATCH_EB120,1.0,6.500891147617234,-16.259457883518547,0.09379720687866211,0.256224125623703
4,20261201,sub-19,POP,0.0,1.0,-0.0,1.0,1.0
4,20261201,sub-19,MATCH_EB120,0.0,1.0,-0.0,1.0,1.0
4,20261201,sub-19,POP,0.5311981961163468,0.9991590829896717,0.007307185145408574,0.9987202784977853,0.99982088804245
4,20261201,sub-19,MATCH_EB120,0.5311981961163468,0.9991014805225933,0.00780794934122758,0.9987350606825203,0.999803364276886
4,20261201,sub-19,POP,0.9921198413124553,0.9968868614381897,0.027082555757188858,0.9637104421854019,0.9971403479576111
4,20261201,sub-19,MATCH_EB120,0.9921198413124553,0.9966209282965736,0.029399944176514686,0.9638223238289356,0.9969726800918579
4,20261201,sub-19,POP,0.0,1.0,-0.0,1.0,1.0
4,20261201,sub-19,MATCH_EB120,0.0,1.0,-0.0,1.0,1.0
4,20261201,sub-19,POP,0.0,1.0,-0.0,1.0,1.0
4,20261201,sub-19,MATCH_EB120,0.0,1.0,-0.0,1.0,1.0
4,20261201,sub-19,POP,0.8506546069710462,1.0010140281271307,-0.008803273772493469,0.9598497226834297,0.998783528804779
4,20261201,sub-19,MATCH_EB120,0.8506546069710462,0.9953660759600969,0.040343299053017784,0.973855359479785,0.9969701766967773
4,20261201,sub-19,POP,0.8824658087789129,1.002173991893421,-0.018862557557710533,0.9827288091182709,0.9977093935012817
4,20261201,sub-19,MATCH_EB120,0.8824658087789129,1.000657622611917,-0.005710160071137855,0.975328616797924,0.9975209832191467
4,20261201,sub-19,POP,0.07941043002720556,1.0000185334903204,-0.00016097835979064383,0.9999056432061479,0.9999989867210388
4,20261201,sub-19,MATCH_EB120,0.07941043002720556,1.0000071503170929,-6.210664310494929e-05,0.9999007534788689,0.9999983906745911
4,20261201,sub-19,POP,0.8187081947102204,0.9747183506374208,0.22241715135404846,0.9208791851997375,0.9864845871925354
4,20261201,sub-19,MATCH_EB120,0.8187081947102204,0.9768725102265219,0.2032422305980601,0.9337610974907875,0.9874593615531921
4,20261201,sub-19,POP,0.8389583589250335,0.5955801718459581,4.501195385664819,0.8543326705694199,0.8555794358253479
4,20261201,sub-19,MATCH_EB120,0.8389583589250335,0.6199049036046337,4.15349856511207,0.8665488511323929,0.8621686697006226
4,20261201,sub-19,POP,0.4007502928627359,0.866025075690303,1.2493906567370392,0.9109727516770363,0.9706810116767883
4,20261201,sub-19,MATCH_EB120,0.4007502928627359,0.8728811314906698,1.1808978853977792,0.9154002591967583,0.9720508456230164
4,20261201,sub-19,POP,0.0,1.0,-0.0,1.0,1.0
4,20261201,sub-19,MATCH_EB120,0.0,1.0,-0.0,1.0,1.0
4,20261201,sub-19,POP,0.0,1.0,-0.0,1.0,1.0
4,20261201,sub-19,MATCH_EB120,0.0,1.0,-0.0,1.0,1.0
4,20261201,sub-19,POP,0.0,1.0,-0.0,1.0,1.0
4,20261201,sub-19,MATCH_EB120,0.0,1.0,-0.0,1.0,1.0
4,20261201,sub-19,POP,0.0,1.0,-0.0,1.0,1.0
4,20261201,sub-19,MATCH_EB120,0.0,1.0,-0.0,1.0,1.0
4,20261201,sub-19,POP,0.0,1.0,-0.0,1.0,1.0
4,20261201,sub-19,MATCH_EB120,0.0,1.0,-0.0,1.0,1.0
4,20261201,sub-19,POP,0.0,1.0,-0.0,1.0,1.0
4,20261201,sub-19,MATCH_EB120,0.0,1.0,-0.0,1.0,1.0
4,20261201,sub-19,POP,0.0,1.0,-0.0,1.0,1.0
4,20261201,sub-19,MATCH_EB120,0.0,1.0,-0.0,1.0,1.0
4,20261201,sub-19,POP,0.8053305787605697,0.9991327291235662,0.007536287592963429,0.9972360585816205,0.9997783899307251
4,20261201,sub-19,MATCH_EB120,0.8053305787605697,0.9990947872574475,0.007866138782687703,0.9973419283051044,0.9997645616531372
4,20261201,sub-19,POP,0.5550586063141022,1.0059225107879917,-0.05129054017650689,0.9104258939623833,1.00019371509552
4,20261201,sub-19,MATCH_EB120,0.5550586063141022,1.0063794970667275,-0.05523560650944494,0.908227726817131,1.0004504919052124
4,20261201,sub-19,POP,1.0,1.0001339172743324,-0.0011631127867730254,0.9997078020242043,1.0000414848327637
4,20261201,sub-19,MATCH_EB120,1.0,1.0001339172743324,-0.0011631127867730254,0.9997078020242043,1.0000414848327637
4,20261201,sub-19,POP,1.0,0.9999935459449677,5.605939063395652e-05,0.9998144324345049,1.0000444650650024
4,20261201,sub-19,MATCH_EB120,1.0,0.9999935459449677,5.605939063395652e-05,0.9998144324345049,1.0000444650650024
4,20261201,sub-19,POP,1.0,1.0000797293745638,-0.0006924929427253065,0.9996423235570546,1.0000642538070679
4,20261201,sub-19,MATCH_EB120,1.0,1.0000797293745638,-0.0006924929427253065,0.9996423235570546,1.0000642538070679
4,20261201,sub-19,POP,1.0,0.9998936800446065,0.0009235324947083547,0.999696318351198,1.0000560283660889
4,20261201,sub-19,MATCH_EB120,1.0,0.9998936800446065,0.0009235324947083547,0.999696318351198,1.0000560283660889
4,20261201,sub-21,POP,0.13115609137287135,0.9993323568524322,0.0058010114156990715,0.9995501053344924,0.9999834299087524
4,20261201,sub-21,MATCH_EB120,0.13115609137287135,0.9993341257352507,0.005785636843624657,0.9995504693652038,0.9999834299087524
4,20261201,sub-21,POP,0.0,1.0,-0.0,1.0,1.0
4,20261201,sub-21,MATCH_EB120,0.0,1.0,-0.0,1.0,1.0
4,20261201,sub-21,POP,1.0,0.9990329123633234,0.008404080879184239,0.9948614342138171,0.9994099736213684
4,20261201,sub-21,MATCH_EB120,1.0,0.9990305985479269,0.00842419790255927,0.9948995425365865,0.999394416809082
4,20261201,sub-21,POP,0.6572523991298852,0.990668458596252,0.08143328149678128,0.7583824545145035,0.9549636244773865
4,20261201,sub-21,MATCH_EB120,0.6572523991298852,0.9909594592120995,0.07888224834942328,0.7632323354482651,0.9552825093269348
4,20261201,sub-21,POP,0.6619268818670386,0.9993608272726034,0.005553558800622345,0.9973714349325746,0.9996851682662964
4,20261201,sub-21,MATCH_EB120,0.6619268818670386,0.9993365783075582,0.005764319902971113,0.9974910647142678,0.9996760487556458
4,20261201,sub-21,POP,0.9596891160169303,0.9992369475222485,0.0066303195725219855,0.9921701494604349,0.9993681907653809
4,20261201,sub-21,MATCH_EB120,0.9596891160169303,0.9993911622179679,0.005289908293688307,0.9912915406748652,0.9994934797286987
4,20261201,sub-21,POP,0.0,1.0,-0.0,1.0,1.0
4,20261201,sub-21,MATCH_EB120,0.0,1.0,-0.0,1.0,1.0
4,20261201,sub-21,POP,0.24490559282040827,0.999478812084601,0.004528160827728197,0.9987162604229525,0.9998593330383301
4,20261201,sub-21,MATCH_EB120,0.24490559282040827,0.9995224442243617,0.004148987528564087,0.9987089829519391,0.9998645782470703
4,20261201,sub-21,POP,0.1320356982632271,0.9999959642856103,3.50538405331328e-05,0.9999290673222276,1.0000168085098267
4,20261201,sub-21,MATCH_EB120,0.1320356982632271,0.9999925665302093,6.456653820697842e-05,0.9999279522889992,1.0000170469284058
4,20261201,sub-21,POP,0.0,1.0,-0.0,1.0,1.0
4,20261201,sub-21,MATCH_EB120,0.0,1.0,-0.0,1.0,1.0
4,20261201,sub-21,POP,0.0,1.0,-0.0,1.0,1.0
4,20261201,sub-21,MATCH_EB120,0.0,1.0,-0.0,1.0,1.0
4,20261201,sub-21,POP,1.0,4.086841673982307,-12.227756265620629,0.14043885469436646,0.32152143120765686
4,20261201,sub-21,MATCH_EB120,1.0,3.1876415199314194,-10.069389499967713,0.32283180952072144,0.43365907669067383
4,20261201,sub-21,POP,1.0,0.999321092503046,0.005898918229554392,0.9953786744736135,0.9996986389160156
4,20261201,sub-21,MATCH_EB120,1.0,0.9993345755394845,0.005781727291300569,0.9955630609765649,0.9997049570083618
4,20261201,sub-21,POP,1.0,0.9996255257947007,0.003253250786808067,0.9955161046236753,0.9998078942298889
4,20261201,sub-21,MATCH_EB120,1.0,0.9996253435870214,0.003254834015624074,0.9956252509728074,0.9998025298118591
4,20261201,sub-21,POP,1.0,0.9994057676570098,0.005162970704641446,0.9949539578519762,0.9996112585067749
4,20261201,sub-21,MATCH_EB120,1.0,0.9994104876667184,0.005121948941575702,0.9950574762187898,0.9996126890182495
4,20261201,sub-21,POP,0.8997971696448035,0.9579518585616985,0.3731263129248621,0.7075578272342682,0.9602887034416199
4,20261201,sub-21,MATCH_EB120,0.8997971696448035,0.956137638941709,0.38959170405507715,0.7058578729629517,0.9566536545753479
4,20261201,sub-21,POP,0.5654066648806508,2.748189354214568,-8.780933058706406,0.5671883821487427,0.5574202537536621
4,20261201,sub-21,MATCH_EB120,0.5654066648806508,2.7575042140661554,-8.810323696183126,0.5659877061843872,0.5580260157585144
4,20261201,sub-21,POP,1.0,1.2109616702493724,-1.6626079386226285,0.3755699396133423,0.7009430527687073
4,20261201,sub-21,MATCH_EB120,1.0,1.2109079312281232,-1.6622224750884895,0.3759365677833557,0.7018989324569702
4,20261201,sub-21,POP,0.0,1.0,-0.0,1.0,1.0
4,20261201,sub-21,MATCH_EB120,0.0,1.0,-0.0,1.0,1.0
4,20261201,sub-21,POP,1.0,1.3867269727202653,-2.839819258768619,0.5132278203964233,0.7558055520057678
4,20261201,sub-21,MATCH_EB120,1.0,1.3895741412001847,-2.8576344732229675,0.5115857422351837,0.7554425001144409
4,20261201,sub-21,POP,0.05326003377429284,0.9998363909512921,0.0014212064051504054,0.9998641893034801,0.9999790787696838
4,20261201,sub-21,MATCH_EB120,0.05326003377429284,0.999838823967829,0.0014000700596383915,0.9998641995334765,0.9999794960021973
4,20261201,sub-21,POP,0.2591547542667334,0.9994858781503551,0.004466753972854542,0.9994168963166885,0.9999037384986877
4,20261201,sub-21,MATCH_EB120,0.2591547542667334,0.9994935152924896,0.004400384730681104,0.9994212394230999,0.9999054670333862
4,20261201,sub-21,POP,0.5151859861283473,0.9980263618041441,0.01715974269210291,0.9275462850928307,0.9877812266349792
4,20261201,sub-21,MATCH_EB120,0.5151859861283473,0.9980081045006132,0.017318638669341174,0.9301508665084839,0.9881232380867004
4,20261201,sub-21,POP,0.3299016670476072,0.999556445933497,0.003853516354777097,0.99940132786287,0.9999737739562988
4,20261201,sub-21,MATCH_EB120,0.3299016670476072,0.9995729420328453,0.003710170657131419,0.9994086436927319,0.9999760985374451
4,20261201,sub-23,POP,1.0,0.9991452678877383,0.007427283418408533,0.9958500731736422,0.999724268913269
4,20261201,sub-23,MATCH_EB120,1.0,0.9991331461742822,0.00753266199284975,0.9958599065430462,0.9997285008430481
4,20261201,sub-23,POP,0.946774525350511,1.0003464242111202,-0.003008481390429571,0.995527624618262,1.0001510381698608
4,20261201,sub-23,MATCH_EB120,0.946774525350511,1.0003532740900534,-0.003067957875079872,0.9955774596892297,1.0001518726348877
4,20261201,sub-23,POP,1.0,0.9986170599022265,0.012020378714269848,0.9944186396896839,0.9994553327560425
4,20261201,sub-23,MATCH_EB120,1.0,0.9985567331872571,0.012545111404457679,0.9944779062643647,0.9994443655014038
4,20261201,sub-23,POP,0.6252364508624498,0.9843254993993649,0.13722528305306247,0.9586611427366734,0.9863993525505066
4,20261201,sub-23,MATCH_EB120,0.6252364508624498,0.9857021517457135,0.12508590796381505,0.9596431218087673,0.9871069192886353
4,20261201,sub-23,POP,1.0,0.9975456910794895,0.021344059606450562,0.9967141239903867,0.9992140531539917
4,20261201,sub-23,MATCH_EB120,1.0,0.9976182686905205,0.020712130469197988,0.996754644671455,0.9992166757583618
4,20261201,sub-23,POP,1.0,0.9978237136418092,0.01892358217193213,0.9947799490764737,0.9990558624267578
4,20261201,sub-23,MATCH_EB120,1.0,0.9978874119170559,0.01836911696699369,0.9948672577738762,0.9990661144256592
4,20261201,sub-23,POP,1.0,1.6592443982161975,-4.398207201853089,0.8167798221111298,0.8177806735038757
4,20261201,sub-23,MATCH_EB120,1.0,1.7482119143330157,-4.851881513876252,0.8003706485033035,0.8057621717453003
4,20261201,sub-23,POP,0.9614318317721938,0.9958536826700629,0.036089325441269395,0.9948109434917569,0.9986609220504761
4,20261201,sub-23,MATCH_EB120,0.9614318317721938,0.9959696737120476,0.0350777042173353,0.994855088647455,0.9986820816993713
4,20261201,sub-23,POP,1.0,1.1163162884046587,-0.9557452333826182,0.8154647946357727,0.9750876426696777
4,20261201,sub-23,MATCH_EB120,1.0,1.0940672676809196,-0.7808804999942809,0.8359213173389435,0.973912239074707
4,20261201,sub-23,POP,1.0,0.997128005659298,0.024981716755257156,0.9955623117275536,0.9995023012161255
4,20261201,sub-23,MATCH_EB120,1.0,0.9967252303047973,0.028490964339392397,0.9956794898025692,0.9994322657585144
4,20261201,sub-23,POP,1.0,0.9993730801176024,0.005447064525400391,0.9968750895932317,0.9999098181724548
4,20261201,sub-23,MATCH_EB120,1.0,0.9992159123046164,0.006813170599478426,0.9967218064703047,0.9998968243598938
4,20261201,sub-23,POP,0.23671543923156366,1.0001453509650424,-0.0012624106970605974,0.9993925401358865,1.0000680685043335
4,20261201,sub-23,MATCH_EB120,0.23671543923156366,1.0001288502582866,-0.0011191070262468734,0.9993512197397649,1.0000741481781006
4,20261201,sub-23,POP,1.0,1.0445146362012332,-0.37829059770801055,0.745715320110321,0.9918234944343567
4,20261201,sub-23,MATCH_EB120,1.0,1.0396593605814197,-0.3378213618848118,0.7834024578332901,0.9908514022827148
4,20261201,sub-23,POP,1.0,0.9877831976134791,0.10676731092435297,0.9497798793017864,0.9987702965736389
4,20261201,sub-23,MATCH_EB120,1.0,0.9961989935764242,0.03307802710636085,0.9960930086672306,0.999347448348999
4,20261201,sub-23,POP,1.0,0.9969905266517906,0.026179366212201675,0.9964929688721895,0.9995428323745728
4,20261201,sub-23,MATCH_EB120,1.0,0.9964491704416798,0.03089700118089763,0.9966009429190308,0.999489963054657
4,20261201,sub-23,POP,0.0,1.0,-0.0,1.0,1.0
4,20261201,sub-23,MATCH_EB120,0.0,1.0,-0.0,1.0,1.0
4,20261201,sub-23,POP,0.6382170328804182,0.9981910917842767,0.01572620505001053,0.9981884193839505,0.9998763203620911
4,20261201,sub-23,MATCH_EB120,0.6382170328804182,0.9980482242640157,0.016969474337408124,0.9980604001320899,0.9998805522918701
4,20261201,sub-23,POP,0.19921259335728903,0.9992779419210306,0.00627398214863661,0.9994682339020073,0.9999520778656006
4,20261201,sub-23,MATCH_EB120,0.19921259335728903,0.9992318734669143,0.00667442602460852,0.9994316776283085,0.9999526143074036
4,20261201,sub-23,POP,0.8884443263796751,0.9987955223954293,0.01046826520666833,0.9978523359168321,0.9998801946640015
4,20261201,sub-23,MATCH_EB120,0.8884443263796751,0.998688251075068,0.011401185777297292,0.9977039997465909,0.9998754262924194
4,20261201,sub-23,POP,0.13767454081448877,0.9999923568210902,6.638806220255528e-05,0.9996303739317227,1.0000331401824951
4,20261201,sub-23,MATCH_EB120,0.13767454081448877,0.9999805888608171,0.00016860464910134428,0.9996107632759959,1.0000333786010742
4,20261201,sub-23,POP,0.0,1.0,-0.0,1.0,1.0
4,20261201,sub-23,MATCH_EB120,0.0,1.0,-0.0,1.0,1.0
4,20261201,sub-23,POP,0.0,1.0,-0.0,1.0,1.0
4,20261201,sub-23,MATCH_EB120,0.0,1.0,-0.0,1.0,1.0
4,20261201,sub-23,POP,0.0,1.0,-0.0,1.0,1.0
4,20261201,sub-23,MATCH_EB120,0.0,1.0,-0.0,1.0,1.0
4,20261201,sub-23,POP,0.0,1.0,-0.0,1.0,1.0
4,20261201,sub-23,MATCH_EB120,0.0,1.0,-0.0,1.0,1.0
4,20261202,sub-19,POP,0.0,1.0,-0.0,1.0,1.0
4,20261202,sub-19,MATCH_EB120,0.0,1.0,-0.0,1.0,1.0
4,20261202,sub-19,POP,0.5311981961163468,0.5873503985626772,4.6220546441802,0.9439583867788315,0.9196807146072388
4,20261202,sub-19,MATCH_EB120,0.5311981961163468,0.580081468454427,4.730220169584002,0.9430016130208969,0.9186451435089111
4,20261202,sub-19,POP,0.9921198413124553,1.0014442140467081,-0.012535234219993453,0.9961770945228636,1.0008251667022705
4,20261202,sub-19,MATCH_EB120,0.9921198413124553,1.001435645015206,-0.012460911577428088,0.9962370691355318,1.0008195638656616
4,20261202,sub-19,POP,0.0,1.0,-0.0,1.0,1.0
4,20261202,sub-19,MATCH_EB120,0.0,1.0,-0.0,1.0,1.0
4,20261202,sub-19,POP,0.0,1.0,-0.0,1.0,1.0
4,20261202,sub-19,MATCH_EB120,0.0,1.0,-0.0,1.0,1.0
4,20261202,sub-19,POP,0.8506546069710462,1.0007125168928062,-0.006186639315303434,0.995906148571521,1.0004123449325562
4,20261202,sub-19,MATCH_EB120,0.8506546069710462,1.0007324423562913,-0.006359584742581274,0.9958003894425929,1.0004223585128784
4,20261202,sub-19,POP,0.8824658087789129,1.0016370950440985,-0.014208000127385292,0.9955622497946024,1.001063346862793
4,20261202,sub-19,MATCH_EB120,0.8824658087789129,1.0016687753999967,-0.014482718111402518,0.9954458316788077,1.0010796785354614
4,20261202,sub-19,POP,0.07941043002720556,1.0000330257469026,-0.0002868532560648571,0.9999247883024509,1.0000276565551758
4,20261202,sub-19,MATCH_EB120,0.07941043002720556,1.000032862161366,-0.00028543241695692603,0.9999235044888337,1.0000280141830444
4,20261202,sub-19,POP,0.8187081947102204,0.8870113047170934,1.0414169033662066,0.8204748779535294,0.9199544191360474
4,20261202,sub-19,MATCH_EB120,0.8187081947102204,0.888712706128753,1.024772211596771,0.8248960673809052,0.9216668605804443
4,20261202,sub-19,POP,0.8389583589250335,0.8401650573529765,1.5127076964831518,0.8774353712797165,0.934711217880249
4,20261202,sub-19,MATCH_EB120,0.8389583589250335,0.8451060338359466,1.4617759506906782,0.8793560937047005,0.9363071918487549
4,20261202,sub-19,POP,0.4007502928627359,0.8405856045508314,1.5083610355450467,0.8646848648786545,0.9615883827209473
4,20261202,sub-19,MATCH_EB120,0.4007502928627359,0.8444138027863107,1.468893526592775,0.8671475052833557,0.9622436761856079
4,20261202,sub-19,POP,0.0,1.0,-0.0,1.0,1.0
4,20261202,sub-19,MATCH_EB120,0.0,1.0,-0.0,1.0,1.0
4,20261202,sub-19,POP,0.0,1.0,-0.0,1.0,1.0
4,20261202,sub-19,MATCH_EB120,0.0,1.0,-0.0,1.0,1.0
4,20261202,sub-19,POP,0.0,1.0,-0.0,1.0,1.0
4,20261202,sub-19,MATCH_EB120,0.0,1.0,-0.0,1.0,1.0
4,20261202,sub-19,POP,0.0,1.0,-0.0,1.0,1.0
4,20261202,sub-19,MATCH_EB120,0.0,1.0,-0.0,1.0,1.0
4,20261202,sub-19,POP,0.0,1.0,-0.0,1.0,1.0
4,20261202,sub-19,MATCH_EB120,0.0,1.0,-0.0,1.0,1.0
4,20261202,sub-19,POP,0.0,1.0,-0.0,1.0,1.0
4,20261202,sub-19,MATCH_EB120,0.0,1.0,-0.0,1.0,1.0
4,20261202,sub-19,POP,0.0,1.0,-0.0,1.0,1.0
4,20261202,sub-19,MATCH_EB120,0.0,1.0,-0.0,1.0,1.0
4,20261202,sub-19,POP,0.8053305787605697,0.9998734667093541,0.0010991237374300379,0.9975915320683271,1.0000643730163574
4,20261202,sub-19,MATCH_EB120,0.8053305787605697,0.9998612512200522,0.0012052402047803593,0.9975789713207632,1.0000609159469604
4,20261202,sub-19,POP,0.5550586063141022,0.9994245950941942,0.0049993419699537875,0.9975644717924297,0.9996129870414734
4,20261202,sub-19,MATCH_EB120,0.5550586063141022,0.999552858102467,0.003884693743931512,0.9981990969972685,0.9997888803482056
4,20261202,sub-19,POP,1.0,1.0002858568851902,-0.0024825665445761444,0.9997120996704325,1.0000243186950684
4,20261202,sub-19,MATCH_EB120,1.0,1.0002858568851902,-0.0024825665445761444,0.9997120996704325,1.0000243186950684
4,20261202,sub-19,POP,1.0,0.9999802175025659,0.00017183028909929885,0.999841698052478,1.0000158548355103
4,20261202,sub-19,MATCH_EB120,1.0,0.9999802175025659,0.00017183028909929885,0.999841698052478,1.0000158548355103
4,20261202,sub-19,POP,1.0,0.9998739468218334,0.0010949530066856564,0.9995615013467614,1.0000463724136353
4,20261202,sub-19,MATCH_EB120,1.0,0.9998739468218334,0.0010949530066856564,0.9995615013467614,1.0000463724136353
4,20261202,sub-19,POP,1.0,0.9998438533458504,0.00135637850503573,0.9997179099300411,1.0000343322753906
4,20261202,sub-19,MATCH_EB120,1.0,0.9998438533458504,0.00135637850503573,0.9997179099300411,1.0000343322753906
4,20261202,sub-21,POP,0.13115609137287135,0.9999048086287314,0.0008268611009802701,0.9996147273050155,0.9999791383743286
4,20261202,sub-21,MATCH_EB120,0.13115609137287135,0.9998994673486588,0.0008732594108495939,0.9996157180285081,0.999979555606842
4,20261202,sub-21,POP,0.0,1.0,-0.0,1.0,1.0
4,20261202,sub-21,MATCH_EB120,0.0,1.0,-0.0,1.0,1.0
4,20261202,sub-21,POP,1.0,1.0002646183617383,-0.00229814183440925,0.9944527726620436,1.0004100799560547
4,20261202,sub-21,MATCH_EB120,1.0,1.0002606357869517,-0.0022635587118015887,0.994518072810024,1.000415563583374
4,20261202,sub-21,POP,0.6572523991298852,0.9970560956941462,0.025608140384883626,0.6853901445865631,0.9537493586540222
4,20261202,sub-21,MATCH_EB120,0.6572523991298852,0.9973689549043407,0.022883083764203786,0.6946181058883667,0.9544376730918884
4,20261202,sub-21,POP,0.6619268818670386,1.0006692122981042,-0.0058107600665078755,0.9971518388483673,1.0004351139068604
4,20261202,sub-21,MATCH_EB120,0.6619268818670386,1.0006727058888765,-0.005841084663831727,0.9971045274287462,1.0004382133483887
4,20261202,sub-21,POP,0.9596891160169303,1.000278849250211,-0.0024217161818094594,0.9925471842288971,1.000291109085083
4,20261202,sub-21,MATCH_EB120,0.9596891160169303,1.000284384736377,-0.0024697832672314337,0.9924685708247125,1.0002959966659546
4,20261202,sub-21,POP,0.0,1.0,-0.0,1.0,1.0
4,20261202,sub-21,MATCH_EB120,0.0,1.0,-0.0,1.0,1.0
4,20261202,sub-21,POP,0.24490559282040827,0.9997885296319744,0.0018370025210375411,0.998871140065603,1.0001527070999146
4,20261202,sub-21,MATCH_EB120,0.24490559282040827,0.9997882197245133,0.0018396949128212756,0.9988595891045406,1.0001546144485474
4,20261202,sub-21,POP,0.1320356982632271,1.0001768879517778,-0.001536293355558618,0.9999182562896749,1.0000311136245728
4,20261202,sub-21,MATCH_EB120,0.1320356982632271,1.0001788177144835,-0.001553052080860626,0.9999176301644184,1.0000319480895996
4,20261202,sub-21,POP,0.0,1.0,-0.0,1.0,1.0
4,20261202,sub-21,MATCH_EB120,0.0,1.0,-0.0,1.0,1.0
4,20261202,sub-21,POP,0.0,1.0,-0.0,1.0,1.0
4,20261202,sub-21,MATCH_EB120,0.0,1.0,-0.0,1.0,1.0
4,20261202,sub-21,POP,1.0,4.530946972577438,-13.123779589857081,0.1150011420249939,0.30650007724761963
4,20261202,sub-21,MATCH_EB120,1.0,2.702608955080535,-8.63566422927972,0.4940439462661743,0.5376060605049133
4,20261202,sub-21,POP,1.0,0.9870926212078226,0.11284189104073429,0.8898584768176079,0.9866471290588379
4,20261202,sub-21,MATCH_EB120,1.0,0.987077766042714,0.11297260956991904,0.8899917602539062,0.9864488840103149
4,20261202,sub-21,POP,1.0,0.9993534585321673,0.005617604038758609,0.856707289814949,1.0008213520050049
4,20261202,sub-21,MATCH_EB120,1.0,0.9993731391815158,0.005446551180956096,0.8567355424165726,1.0006773471832275
4,20261202,sub-21,POP,1.0,1.0007999090804156,-0.006945144621027953,0.995281477458775,1.0007812976837158
4,20261202,sub-21,MATCH_EB120,1.0,1.0007884085108454,-0.006845331210662779,0.9952466869726777,1.0007792711257935
4,20261202,sub-21,POP,0.8997971696448035,1.0049204595127375,-0.04263376524425708,0.7781315594911575,1.0044896602630615
4,20261202,sub-21,MATCH_EB120,0.8997971696448035,1.0048478812029016,-0.0420064221053944,0.7765907794237137,1.0042009353637695
4,20261202,sub-21,POP,0.5654066648806508,2.9180327746765378,-9.301803309621793,0.5763102769851685,0.5607832670211792
4,20261202,sub-21,MATCH_EB120,0.5654066648806508,3.073475027065041,-9.752593773885131,0.5473069548606873,0.5360711216926575
4,20261202,sub-21,POP,1.0,1.2674212134184808,-2.05841943677681,0.3071686625480652,0.7130513787269592
4,20261202,sub-21,MATCH_EB120,1.0,1.2935939490128257,-2.2359595084603066,0.26373618841171265,0.7120214104652405
4,20261202,sub-21,POP,0.0,1.0,-0.0,1.0,1.0
4,20261202,sub-21,MATCH_EB120,0.0,1.0,-0.0,1.0,1.0
4,20261202,sub-21,POP,1.0,1.4171216669413662,-3.0281427637769136,0.43802064657211304,0.7594050168991089
4,20261202,sub-21,MATCH_EB120,1.0,1.4526222755860132,-3.243053993394641,0.4033436179161072,0.7594246864318848
4,20261202,sub-21,POP,0.05326003377429284,0.9999870749350498,0.00011226641324924098,0.9999008136655902,1.0000014305114746
4,20261202,sub-21,MATCH_EB120,0.05326003377429284,0.9999874569057599,0.00010894861556757252,0.9999023134150775,1.000001311302185
4,20261202,sub-21,POP,0.2591547542667334,0.9989968909847129,0.008717267117678928,0.9937708065845072,0.9999153017997742
4,20261202,sub-21,MATCH_EB120,0.2591547542667334,0.999050127463612,0.008254408960411658,0.9940465078689158,0.9999098777770996
4,20261202,sub-21,POP,0.5151859861283473,1.0018997759713681,-0.016485589914096585,0.9903819719329476,1.0008702278137207
4,20261202,sub-21,MATCH_EB120,0.5151859861283473,1.0018045562827205,-0.01566005124127574,0.9911026200279593,1.0008318424224854
4,20261202,sub-21,POP,0.3299016670476072,0.9898754007912683,0.08838936369229078,0.9759767483919859,0.9970748424530029
4,20261202,sub-21,MATCH_EB120,0.3299016670476072,0.9912456899836029,0.07637376035504469,0.9777069333940744,0.9970150589942932
4,20261202,sub-23,POP,1.0,0.9998375019911316,0.0014115544619369691,0.9958347799256444,1.000298261642456
4,20261202,sub-23,MATCH_EB120,1.0,0.9998045204713139,0.0016980795879754363,0.9957484775222838,1.000306487083435
4,20261202,sub-23,POP,0.946774525350511,1.1565607902961483,-1.2633692954630928,0.6631710231304169,0.8963412642478943
4,20261202,sub-23,MATCH_EB120,0.946774525350511,1.1429567269915946,-1.1605957612823163,0.6870021820068359,0.9024983048439026
4,20261202,sub-23,POP,1.0,1.0005846605057698,-0.0050768126674947,0.9955527354031801,1.0006048679351807
4,20261202,sub-23,MATCH_EB120,1.0,1.0005561558179972,-0.004829365241349148,0.9954784717410803,1.0006147623062134
4,20261202,sub-23,POP,0.6252364508624498,1.014277793541125,-0.12313834411412841,0.9241918101906776,1.0085264444351196
4,20261202,sub-23,MATCH_EB120,0.6252364508624498,1.0138983455215773,-0.11988828747836738,0.9288637712597847,1.00823175907135
4,20261202,sub-23,POP,1.0,0.9997102232891253,0.002517333280235994,0.9965070898178965,1.0002719163894653
4,20261202,sub-23,MATCH_EB120,1.0,0.9996789033493906,0.002789457937116719,0.9963848555926234,1.000287652015686
4,20261202,sub-23,POP,1.0,1.0000645810814588,-0.0005609260338479636,0.9944745865650475,1.0003242492675781
4,20261202,sub-23,MATCH_EB120,1.0,1.0000471203321388,-0.0004092723622177327,0.9942749310284853,1.0003385543823242
4,20261202,sub-23,POP,1.0,1.657723228807845,-4.390240461134618,0.7520493566989899,0.7551679611206055
4,20261202,sub-23,MATCH_EB120,1.0,1.5433500447500763,-3.7692887774144057,0.7756935656070709,0.7736401557922363
4,20261202,sub-23,POP,0.9614318317721938,0.9998298775895235,0.0014777901885397629,0.994334879796952,1.0003662109375
4,20261202,sub-23,MATCH_EB120,0.9614318317721938,0.9997975971809179,0.0017582264899827,0.9942816919647157,1.0003790855407715
4,20261202,sub-23,POP,1.0,0.9998907776346238,0.0009487452247085321,0.9953317474573851,1.000175952911377
4,20261202,sub-23,MATCH_EB120,1.0,0.9996757710752867,0.0028166733056857927,0.9953139391727746,1.0002104043960571
4,20261202,sub-23,POP,1.0,1.0269232698938826,-0.23075990005481054,0.8322143107652664,0.9933890700340271
4,20261202,sub-23,MATCH_EB120,1.0,1.0172583987299224,-0.14862568359572437,0.8566122800111771,0.9927302002906799
4,20261202,sub-23,POP,1.0,1.0006296349638986,-0.005467218813191871,0.9971962051931769,1.0003910064697266
4,20261202,sub-23,MATCH_EB120,1.0,1.00054866317135,-0.0047643208706028934,0.9968290938995779,1.0004024505615234
4,20261202,sub-23,POP,0.23671543923156366,1.00014446189132,-0.0012546894196902695,0.9994403338059783,1.000078797340393
4,20261202,sub-23,MATCH_EB120,0.23671543923156366,1.000148452875577,-0.0012893495922563312,0.9993818133370951,1.000084400177002
4,20261202,sub-23,POP,1.0,1.0189797267982255,-0.16331087095784363,0.8381180763244629,0.9932798743247986
4,20261202,sub-23,MATCH_EB120,1.0,1.0196217878460425,-0.16878214285338225,0.8662010133266449,0.995079755783081
4,20261202,sub-23,POP,1.0,1.0015273271194927,-0.01325607419526425,0.9028953015804291,1.0045992136001587
4,20261202,sub-23,MATCH_EB120,1.0,1.001932906454241,-0.01677280722564148,0.9175956696271896,1.00360906124115
4,20261202,sub-23,POP,1.0,1.0014197429270557,-0.012322984712091197,0.9972248119302094,1.0003421306610107
4,20261202,sub-23,MATCH_EB120,1.0,1.001151364371147,-0.009994871095243964,0.9970779453869909,1.0003485679626465
4,20261202,sub-23,POP,0.0,1.0,-0.0,1.0,1.0
4,20261202,sub-23,MATCH_EB120,0.0,1.0,-0.0,1.0,1.0
4,20261202,sub-23,POP,0.6382170328804182,1.000346808250334,-0.0030118159568421673,0.9980945698916912,1.0001177787780762
4,20261202,sub-23,MATCH_EB120,0.6382170328804182,1.0001020190335823,-0.0008860808688895354,0.9980171027127653,1.0001224279403687
4,20261202,sub-23,POP,0.19921259335728903,1.0002558918165674,-0.0022223637477652397,0.9994522836641409,1.0000324249267578
4,20261202,sub-23,MATCH_EB120,0.19921259335728903,1.0001565936883399,-0.0013600490101712255,0.999421319749672,1.0000313520431519
4,20261202,sub-23,POP,0.8884443263796751,1.0017293086927015,-0.015007611794987129,0.9978168315719813,1.0003082752227783
4,20261202,sub-23,MATCH_EB120,0.8884443263796751,1.0015006716880435,-0.013024898059958876,0.9975675537716597,1.0003234148025513
4,20261202,sub-23,POP,0.13767454081448877,1.0001668121178604,-0.00144879081145483,0.9996935237722937,1.0000454187393188
4,20261202,sub-23,MATCH_EB120,0.13767454081448877,1.000157018461351,-0.0013637379632175722,0.9996626935026143,1.000046730041504
4,20261202,sub-23,POP,0.0,1.0,-0.0,1.0,1.0
4,20261202,sub-23,MATCH_EB120,0.0,1.0,-0.0,1.0,1.0
4,20261202,sub-23,POP,0.0,1.0,-0.0,1.0,1.0
4,20261202,sub-23,MATCH_EB120,0.0,1.0,-0.0,1.0,1.0
4,20261202,sub-23,POP,0.0,1.0,-0.0,1.0,1.0
4,20261202,sub-23,MATCH_EB120,0.0,1.0,-0.0,1.0,1.0
4,20261202,sub-23,POP,0.0,1.0,-0.0,1.0,1.0
4,20261202,sub-23,MATCH_EB120,0.0,1.0,-0.0,1.0,1.0
4,20261203,sub-19,POP,0.0,1.0,-0.0,1.0,1.0
4,20261203,sub-19,MATCH_EB120,0.0,1.0,-0.0,1.0,1.0
4,20261203,sub-19,POP,0.5311981961163468,0.5905587565093692,4.574737732107071,0.9288090392947197,0.9231932163238525
4,20261203,sub-19,MATCH_EB120,0.5311981961163468,0.5912719169505609,4.564254955212876,0.92972182482481,0.9233660101890564
4,20261203,sub-19,POP,0.9921198413124553,1.0010262285466385,-0.008909137275518174,0.9966815037187189,1.0002851486206055
4,20261203,sub-19,MATCH_EB120,0.9921198413124553,1.0010149786346585,-0.008811521408725227,0.9966334167402238,1.0002819299697876
4,20261203,sub-19,POP,0.0,1.0,-0.0,1.0,1.0
4,20261203,sub-19,MATCH_EB120,0.0,1.0,-0.0,1.0,1.0
4,20261203,sub-19,POP,0.0,1.0,-0.0,1.0,1.0
4,20261203,sub-19,MATCH_EB120,0.0,1.0,-0.0,1.0,1.0
4,20261203,sub-19,POP,0.8506546069710462,1.000223203005082,-0.0019385003375228982,0.9957698462530971,1.000025987625122
4,20261203,sub-19,MATCH_EB120,0.8506546069710462,1.0002481004412573,-0.002154705771241319,0.9957562806084752,1.0000452995300293
4,20261203,sub-19,POP,0.8824658087789129,1.0013252629488527,-0.011503466838493593,0.9956660834141076,1.0005956888198853
4,20261203,sub-19,MATCH_EB120,0.8824658087789129,1.0013333738397165,-0.01157382361484665,0.9956241967156529,1.0006078481674194
4,20261203,sub-19,POP,0.07941043002720556,1.0000192944740094,-0.0001675880551135908,0.9999350900907302,1.0000022649765015
4,20261203,sub-19,MATCH_EB120,0.07941043002720556,1.0000221080527274,-0.00019202598345024539,0.999933036553557,1.0000020265579224
4,20261203,sub-19,POP,0.8187081947102204,0.5726377204831442,4.842400955204717,0.8204769343137741,0.861971378326416
4,20261203,sub-19,MATCH_EB120,0.8187081947102204,0.5883856264112812,4.606758902660105,0.8257016688585281,0.8662124872207642
4,20261203,sub-19,POP,0.8389583589250335,0.42361764639381594,7.460519140703907,0.8383217453956604,0.7997785210609436
4,20261203,sub-19,MATCH_EB120,0.8389583589250335,0.42467315896191327,7.438903745719899,0.8508140593767166,0.8001868724822998
4,20261203,sub-19,POP,0.4007502928627359,0.8330147834880179,1.5869458222772632,0.8754270151257515,0.964050829410553
4,20261203,sub-19,MATCH_EB120,0.4007502928627359,0.8405633351502504,1.5085911514511348,0.878007709980011,0.9650784730911255
4,20261203,sub-19,POP,0.0,1.0,-0.0,1.0,1.0
4,20261203,sub-19,MATCH_EB120,0.0,1.0,-0.0,1.0,1.0
4,20261203,sub-19,POP,0.0,1.0,-0.0,1.0,1.0
4,20261203,sub-19,MATCH_EB120,0.0,1.0,-0.0,1.0,1.0
4,20261203,sub-19,POP,0.0,1.0,-0.0,1.0,1.0
4,20261203,sub-19,MATCH_EB120,0.0,1.0,-0.0,1.0,1.0
4,20261203,sub-19,POP,0.0,1.0,-0.0,1.0,1.0
4,20261203,sub-19,MATCH_EB120,0.0,1.0,-0.0,1.0,1.0
4,20261203,sub-19,POP,0.0,1.0,-0.0,1.0,1.0
4,20261203,sub-19,MATCH_EB120,0.0,1.0,-0.0,1.0,1.0
4,20261203,sub-19,POP,0.0,1.0,-0.0,1.0,1.0
4,20261203,sub-19,MATCH_EB120,0.0,1.0,-0.0,1.0,1.0
4,20261203,sub-19,POP,0.0,1.0,-0.0,1.0,1.0
4,20261203,sub-19,MATCH_EB120,0.0,1.0,-0.0,1.0,1.0
4,20261203,sub-19,POP,0.8053305787605697,0.911714811682127,0.8028197922482574,0.7782365679740906,0.9562731385231018
4,20261203,sub-19,MATCH_EB120,0.8053305787605697,0.9158390850159515,0.7636165229027997,0.7851771265268326,0.9575241208076477
4,20261203,sub-19,POP,0.5550586063141022,0.7785559689988469,2.1742032263708717,0.870949313044548,0.9131079912185669
4,20261203,sub-19,MATCH_EB120,0.5550586063141022,0.7900450009207515,2.046963412293711,0.8763931170105934,0.9173996448516846
4,20261203,sub-19,POP,1.0,1.000153383475549,-0.0013321697771172993,0.9997890452505089,1.000012755393982
4,20261203,sub-19,MATCH_EB120,1.0,1.000153383475549,-0.0013321697771172993,0.9997890452505089,1.000012755393982
4,20261203,sub-19,POP,1.0,0.9999968356434321,2.748529541080688e-05,0.9998358708544401,1.0000211000442505
4,20261203,sub-19,MATCH_EB120,1.0,0.9999968356434321,2.748529541080688e-05,0.9998358708544401,1.0000211000442505
4,20261203,sub-19,POP,1.0,1.0000279736531423,-0.00024297266556712034,0.999656919419067,1.0000357627868652
4,20261203,sub-19,MATCH_EB120,1.0,1.0000279736531423,-0.00024297266556712034,0.999656919419067,1.0000357627868652
4,20261203,sub-19,POP,1.0,0.9999308716611454,0.000600461876859345,0.9997478503210004,1.000022292137146
4,20261203,sub-19,MATCH_EB120,1.0,0.9999308716611454,0.000600461876859345,0.9997478503210004,1.000022292137146
4,20261203,sub-21,POP,0.13115609137287135,0.9996076693567619,0.0034084093242362982,0.9996099845739082,0.9999498128890991
4,20261203,sub-21,MATCH_EB120,0.13115609137287135,0.9996024591765973,0.0034536822540386187,0.9996016994409729,0.9999487996101379
4,20261203,sub-21,POP,0.0,1.0,-0.0,1.0,1.0
4,20261203,sub-21,MATCH_EB120,0.0,1.0,-0.0,1.0,1.0
4,20261203,sub-21,POP,1.0,0.9995685375240416,0.0037484441638040798,0.9943020730279386,0.9998440742492676
4,20261203,sub-21,MATCH_EB120,1.0,0.9995574838126149,0.0038444974556124793,0.9941554246470332,0.9998519420623779
4,20261203,sub-21,POP,0.6572523991298852,0.9996004550694314,0.0034710966480870813,0.6690917015075684,0.9517541527748108
4,20261203,sub-21,MATCH_EB120,0.6572523991298852,0.9989382347669027,0.009227275103489231,0.6919093728065491,0.9530593156814575
4,20261203,sub-21,POP,0.6619268818670386,0.9997491940761153,0.002178745808035539,0.9970106785185635,0.9998475313186646
4,20261203,sub-21,MATCH_EB120,0.6619268818670386,0.9996993337337166,0.002611946688636045,0.9971226535271853,0.999822735786438
4,20261203,sub-21,POP,0.9596891160169303,0.9999337477347384,0.000575478927935687,0.9930909923277795,1.0000019073486328
4,20261203,sub-21,MATCH_EB120,0.9596891160169303,0.9999477036134095,0.00045425252038129344,0.9930372494272888,1.0000102519989014
4,20261203,sub-21,POP,0.0,1.0,-0.0,1.0,1.0
4,20261203,sub-21,MATCH_EB120,0.0,1.0,-0.0,1.0,1.0
4,20261203,sub-21,POP,0.24490559282040827,0.9999118464638804,0.0007657256371469918,0.9987723388476297,0.9999687671661377
4,20261203,sub-21,MATCH_EB120,0.24490559282040827,0.9999158095207814,0.0007312999957490311,0.9987709039123729,0.9999678134918213
4,20261203,sub-21,POP,0.1320356982632271,1.000031377965884,-0.00027254127286270856,0.9997902514296584,1.0000214576721191
4,20261203,sub-21,MATCH_EB120,0.1320356982632271,1.000052612692931,-0.00045697602309587135,0.9999203302868409,1.0000189542770386
4,20261203,sub-21,POP,0.0,1.0,-0.0,1.0,1.0
4,20261203,sub-21,MATCH_EB120,0.0,1.0,-0.0,1.0,1.0
4,20261203,sub-21,POP,0.0,1.0,-0.0,1.0,1.0
4,20261203,sub-21,MATCH_EB120,0.0,1.0,-0.0,1.0,1.0
4,20261203,sub-21,POP,1.0,6.636937141596848,-16.439354089206972,-0.02833545207977295,0.46773412823677063
4,20261203,sub-21,MATCH_EB120,1.0,1.9839920700522227,-5.950798639231705,0.676930844783783,0.6953014731407166
4,20261203,sub-21,POP,1.0,0.9808968908016654,0.16753284137861274,0.8881243914365768,0.9884105324745178
4,20261203,sub-21,MATCH_EB120,1.0,0.982710116263545,0.15149146378049103,0.8951388150453568,0.9893778562545776
4,20261203,sub-21,POP,1.0,0.9996133541071184,0.003359012970719915,0.995772719848901,0.9997968673706055
4,20261203,sub-21,MATCH_EB120,1.0,0.9996436260044217,0.0030959768910691207,0.9957589022815228,0.9998157620429993
4,20261203,sub-21,POP,1.0,0.9997244545563415,0.0023936871138253678,0.7741051018238068,0.997242271900177
4,20261203,sub-21,MATCH_EB120,1.0,1.0003362425705946,-0.002920074960555695,0.7773997038602829,0.9968765377998352
4,20261203,sub-21,POP,0.8997971696448035,1.0004419942672957,-0.0038382652432441093,0.9964126867707819,1.000320315361023
4,20261203,sub-21,MATCH_EB120,0.8997971696448035,1.0004401875073672,-0.0038225788450294827,0.9964804647024721,1.0003176927566528
4,20261203,sub-21,POP,0.5654066648806508,3.0770202535644997,-9.762607097405148,0.5327525734901428,0.5278698205947876
4,20261203,sub-21,MATCH_EB120,0.5654066648806508,3.3230041344002923,-10.430617632351929,0.4879757761955261,0.4914066195487976
4,20261203,sub-21,POP,1.0,1.305332906407848,-2.314425727400164,0.2953357696533203,0.6987372040748596
4,20261203,sub-21,MATCH_EB120,1.0,1.3470951846988077,-2.587965674355143,0.24470126628875732,0.7019898891448975
4,20261203,sub-21,POP,0.0,1.0,-0.0,1.0,1.0
4,20261203,sub-21,MATCH_EB120,0.0,1.0,-0.0,1.0,1.0
4,20261203,sub-21,POP,1.0,1.4975080686859996,-3.5073834215791058,0.47895312309265137,0.7632360458374023
4,20261203,sub-21,MATCH_EB120,1.0,1.5564962020271136,-3.842961306144156,0.44299083948135376,0.767509400844574
4,20261203,sub-21,POP,0.05326003377429284,0.999748757812587,0.0021825360963490348,0.999686244467739,0.9999534487724304
4,20261203,sub-21,MATCH_EB120,0.05326003377429284,0.9996896500342577,0.002696083938037122,0.9996405281417537,0.9999440312385559
4,20261203,sub-21,POP,0.2591547542667334,0.9997367945508195,0.002286474403181734,0.9995039117056876,0.9999693632125854
4,20261203,sub-21,MATCH_EB120,0.2591547542667334,0.9997261244318767,0.002379178773623994,0.9995011302526109,0.999969482421875
4,20261203,sub-21,POP,0.5151859861283473,0.9996558747263145,0.0029895485680186593,0.9991144491941668,0.9999433755874634
4,20261203,sub-21,MATCH_EB120,0.5151859861283473,0.9996546446918366,0.00300023619620014,0.9991072545526549,0.9999441504478455
4,20261203,sub-21,POP,0.3299016670476072,0.9998593485952,0.0012217685032742446,0.99937285046326,0.9999777674674988
4,20261203,sub-21,MATCH_EB120,0.3299016670476072,0.9998592802454934,0.0012223622648159164,0.9993729294510558,0.9999774694442749
4,20261203,sub-23,POP,1.0,0.9984635849754897,0.013355393684135288,0.9960336834192276,0.9994878768920898
4,20261203,sub-23,MATCH_EB120,1.0,0.9984275458319155,0.013668913053259096,0.9960486744530499,0.9994771480560303
4,20261203,sub-23,POP,0.946774525350511,1.0372443049614104,-0.31762117986598504,0.7373540103435516,0.9466403126716614
4,20261203,sub-23,MATCH_EB120,0.946774525350511,1.0344581635016066,-0.2942586244855199,0.7475095093250275,0.9488513469696045
4,20261203,sub-23,POP,1.0,0.9992095517645481,0.0068684610769721354,0.995112725533545,0.9997477531433105
4,20261203,sub-23,MATCH_EB120,1.0,0.9992065714721599,0.00689436808449893,0.9950779327191412,0.9997525811195374
4,20261203,sub-23,POP,0.6252364508624498,1.000458581313403,-0.00398227364992965,0.9971051970496774,1.0000916719436646
4,20261203,sub-23,MATCH_EB120,0.6252364508624498,1.0004611599085016,-0.004004660747208878,0.9971313525456935,1.0000884532928467
4,20261203,sub-23,POP,1.0,0.9986512700526888,0.011722826715882848,0.9965242419857532,0.9995418190956116
4,20261203,sub-23,MATCH_EB120,1.0,0.9986949938439065,0.01134254210324488,0.9966787588782609,0.9995502829551697
4,20261203,sub-23,POP,1.0,0.9958685743973016,0.035959439962650344,0.9358126074075699,0.9982125163078308
4,20261203,sub-23,MATCH_EB120,1.0,0.9949620653922011,0.0438695429729448,0.9341372400522232,0.9984486699104309
4,20261203,sub-23,POP,1.0,1.7715173429677091,-4.966908167742456,0.5889458656311035,0.8112140893936157
4,20261203,sub-23,MATCH_EB120,1.0,1.7796967641130221,-5.0069202159398,0.5674678981304169,0.8100171685218811
4,20261203,sub-23,POP,0.9614318317721938,0.9997675213511283,0.002019518643885241,0.9948733453638852,1.0000619888305664
4,20261203,sub-23,MATCH_EB120,0.9614318317721938,1.0000051028623451,-4.432278608149782e-05,0.9949275148101151,1.0001254081726074
4,20261203,sub-23,POP,1.0,0.9781592486200218,0.19180868815840188,0.9035217985510826,0.992273211479187
4,20261203,sub-23,MATCH_EB120,1.0,0.9841265232284371,0.13898126699100244,0.9073507338762283,0.9921690821647644
4,20261203,sub-23,POP,1.0,1.0389342397084493,-0.33176118722489134,0.7639065086841583,0.9838957190513611
4,20261203,sub-23,MATCH_EB120,1.0,1.022610133112199,-0.19420183729811621,0.7848290354013443,0.9809136390686035
4,20261203,sub-23,POP,1.0,0.9994993425080447,0.0043497446786055416,0.9968079475220293,0.999942421913147
4,20261203,sub-23,MATCH_EB120,1.0,0.9995370245494035,0.004022284850448447,0.9968107638414949,0.9999517202377319
4,20261203,sub-23,POP,0.23671543923156366,1.0001906463970398,-0.001655775735757921,0.999420216830913,1.000030279159546
4,20261203,sub-23,MATCH_EB120,0.23671543923156366,1.00019477066872,-0.0016915918023477023,0.9994232031167485,1.0000346899032593
4,20261203,sub-23,POP,1.0,0.9987471228698339,0.0108891753073216,0.997358140302822,1.000013828277588
4,20261203,sub-23,MATCH_EB120,1.0,0.998830481714529,0.010164251555536354,0.9974251352250576,1.0000182390213013
4,20261203,sub-23,POP,1.0,1.0057240109604195,-0.04957637460872719,0.8653740286827087,1.0141667127609253
4,20261203,sub-23,MATCH_EB120,1.0,1.0062379779413775,-0.05401409320971925,0.8700631707906723,1.0131410360336304
4,20261203,sub-23,POP,1.0,0.9980079242386185,0.017320207530281215,0.9968321586493403,0.9997275471687317
4,20261203,sub-23,MATCH_EB120,1.0,0.9980519596348102,0.016936965930525905,0.9969408186152577,0.9997262358665466
4,20261203,sub-23,POP,0.0,1.0,-0.0,1.0,1.0
4,20261203,sub-23,MATCH_EB120,0.0,1.0,-0.0,1.0,1.0
4,20261203,sub-23,POP,0.6382170328804182,0.9990247312248387,0.0084752104246405,0.998260147520341,0.9999338984489441
4,20261203,sub-23,MATCH_EB120,0.6382170328804182,0.9990714188622893,0.008069300362290048,0.9982956276508048,0.9999352097511292
4,20261203,sub-23,POP,0.19921259335728903,0.9975407087593393,0.02138744207146056,0.9944751942530274,0.9999982118606567
4,20261203,sub-23,MATCH_EB120,0.19921259335728903,0.9982542569916752,0.015176582170577387,0.9964247799944133,0.9999741911888123
4,20261203,sub-23,POP,0.8884443263796751,0.9989466118914426,0.009154435290563721,0.9980227828491479,0.9998645186424255
4,20261203,sub-23,MATCH_EB120,0.8884443263796751,0.9989987703253177,0.008700926997025243,0.998077075695619,0.9998612403869629
4,20261203,sub-23,POP,0.13767454081448877,1.0018754656375348,-0.01627483087050089,0.9958544056862593,0.9969795346260071
4,20261203,sub-23,MATCH_EB120,0.13767454081448877,1.001850623036321,-0.0160594520383386,0.996715359389782,0.9972806572914124
4,20261203,sub-23,POP,0.0,1.0,-0.0,1.0,1.0
4,20261203,sub-23,MATCH_EB120,0.0,1.0,-0.0,1.0,1.0
4,20261203,sub-23,POP,0.0,1.0,-0.0,1.0,1.0
4,20261203,sub-23,MATCH_EB120,0.0,1.0,-0.0,1.0,1.0
4,20261203,sub-23,POP,0.0,1.0,-0.0,1.0,1.0
4,20261203,sub-23,MATCH_EB120,0.0,1.0,-0.0,1.0,1.0
4,20261203,sub-23,POP,0.0,1.0,-0.0,1.0,1.0
4,20261203,sub-23,MATCH_EB120,0.0,1.0,-0.0,1.0,1.0
