common_random_numbers,erp_amplitude_relative_preservation,erp_latency_relative_preservation,fold,method,motion_coherence_reduction,nonartifact_observation_preservation,observation_change_ratio,output_input_RMS_ratio,participant,posterior_samples,posterior_sd_rms,protocol,query_imu_event_used_for_inference,query_session,reference_free_covariance_distortion,reference_free_psd_distortion,seed,ssvep_phase_relative_preservation,ssvep_snr_relative_preservation,status,support_seconds,task
False,1.0,1.0,3,RAW,0.0,1.0,0.0,1.0,sub-03,0,nan,S0_STATIC_XSESSION,False,ses-03,0.0,0.0,20260811,nan,nan,success,60,ERP
False,0.987144771307461,1.0,3,POP,0.024216197431087494,0.6822993457317352,0.3107358515262604,0.8688995838165283,sub-03,0,nan,S0_STATIC_XSESSION,False,ses-03,0.35190531265268926,0.5081846117973328,20260811,nan,nan,success,60,ERP
False,0.9031079673800745,1.0,3,DET-NULL,0.014610379934310913,0.7300885915756226,0.2615987956523895,0.8873568773269653,sub-03,0,nan,S0_STATIC_XSESSION,False,ses-03,0.30863919212868385,0.49730339646339417,20260811,nan,nan,success,60,ERP
False,0.9253664090683907,1.0,3,DET-MATCH,0.01990506798028946,0.7706281989812851,0.22152911126613617,0.9010393023490906,sub-03,0,nan,S0_STATIC_XSESSION,False,ses-03,0.27544337083631365,0.4393274486064911,20260811,nan,nan,success,60,ERP
True,0.9523990710052923,1.0,3,DIFF-NULL,0.02250491827726364,0.7110764384269714,0.2802700996398926,0.8953785300254822,sub-03,8,7.031915968621683,S0_STATIC_XSESSION,False,ses-03,0.3020828496441412,0.4525461792945862,20260811,nan,nan,success,60,ERP
True,0.9523990710052923,1.0,3,DIFF-POP,0.02250491827726364,0.7110764384269714,0.2802700996398926,0.8953785300254822,sub-03,8,7.031915968621683,S0_STATIC_XSESSION,False,ses-03,0.3020828496441412,0.4525461792945862,20260811,nan,nan,success,60,ERP
True,0.9706814258885855,1.0,3,DIFF-MATCH,0.017510131001472473,0.742212563753128,0.24874348938465118,0.9109653830528259,sub-03,8,6.511081731807419,S0_STATIC_XSESSION,False,ses-03,0.2511090647211192,0.40087592601776123,20260811,nan,nan,success,60,ERP
False,0.9253231620813054,1.0,3,DET-WRONG-1,0.024420619010925293,0.7793024182319641,0.21357585489749908,0.9091042280197144,sub-03,0,nan,S0_STATIC_XSESSION,False,ses-03,0.25407253909823097,0.4049926698207855,20260811,nan,nan,success,60,ERP
True,0.9668899419370071,1.0,3,DIFF-WRONG-1,0.015632815659046173,0.7480400502681732,0.24382328987121582,0.9117671847343445,sub-03,8,nan,S0_STATIC_XSESSION,False,ses-03,0.25095409409059166,0.40060508251190186,20260811,nan,nan,success,60,ERP
False,0.9612363662843523,0.873046875,3,DET-WRONG-2,-0.02170567214488983,0.6596111953258514,0.32749927043914795,0.8756158351898193,sub-03,0,nan,S0_STATIC_XSESSION,False,ses-03,0.4001907005519382,0.6105653047561646,20260811,nan,nan,success,60,ERP
True,0.9439520694877761,1.0,3,DIFF-WRONG-2,0.012627191841602325,0.7258374094963074,0.26460736989974976,0.9027576446533203,sub-03,8,nan,S0_STATIC_XSESSION,False,ses-03,0.29448294144473686,0.45294085144996643,20260811,nan,nan,success,60,ERP
False,0.8897920964936661,1.0,3,DET-WRONG-3,0.008648805320262909,0.7446074187755585,0.2442234456539154,0.9085928201675415,sub-03,0,nan,S0_STATIC_XSESSION,False,ses-03,0.23808469401968488,0.38738957047462463,20260811,nan,nan,success,60,ERP
True,0.9815429272888818,1.0,3,DIFF-WRONG-3,0.02348891645669937,0.7059301435947418,0.2825165390968323,0.906884491443634,sub-03,8,nan,S0_STATIC_XSESSION,False,ses-03,0.27729004408043983,0.4234901964664459,20260811,nan,nan,success,60,ERP
False,0.9029241059035514,1.0,3,DET-SHUFFLED,0.025852397084236145,0.7445314526557922,0.24784953892230988,0.9042853713035583,sub-03,0,nan,S0_STATIC_XSESSION,False,ses-03,0.24930122984300804,0.41461899876594543,20260811,nan,nan,success,60,ERP
True,0.9728188155531652,1.0,3,DIFF-SHUFFLED,0.019417166709899902,0.7402046322822571,0.250792533159256,0.9101882576942444,sub-03,8,nan,S0_STATIC_XSESSION,False,ses-03,0.2516245068040268,0.39929333329200745,20260811,nan,nan,success,60,ERP
False,1.0,1.0,3,RAW,0.0,1.0,0.0,1.0,sub-03,0,nan,S0_STATIC_XSESSION,False,ses-04,0.0,0.0,20260811,nan,nan,success,60,ERP
False,0.8134209675989952,1.0,3,POP,-0.009022369980812073,0.7112469375133514,0.29145121574401855,0.8537366986274719,sub-03,0,nan,S0_STATIC_XSESSION,False,ses-04,0.35583620150433737,0.4591062068939209,20260811,nan,nan,success,60,ERP
False,-0.8284052129018478,0.1796875,3,DET-NULL,0.01456528902053833,0.6666116118431091,0.32706910371780396,0.8390222787857056,sub-03,0,nan,S0_STATIC_XSESSION,False,ses-04,0.38958287750442483,0.5546171069145203,20260811,nan,nan,success,60,ERP
False,-0.8268575076748252,0.1796875,3,DET-MATCH,0.017757460474967957,0.7459247708320618,0.24868915975093842,0.8675335645675659,sub-03,0,nan,S0_STATIC_XSESSION,False,ses-04,0.3186378713461435,0.4665794372558594,20260811,nan,nan,success,60,ERP
True,-0.773728307788482,0.1796875,3,DIFF-NULL,0.022979050874710083,0.706234872341156,0.3063585162162781,0.8307754993438721,sub-03,8,7.125004739551754,S0_STATIC_XSESSION,False,ses-04,0.38019221733971204,0.4709550440311432,20260811,nan,nan,success,60,ERP
True,-0.773728307788482,0.1796875,3,DIFF-POP,0.022979050874710083,0.706234872341156,0.3063585162162781,0.8307754993438721,sub-03,8,7.125004739551754,S0_STATIC_XSESSION,False,ses-04,0.38019221733971204,0.4709550440311432,20260811,nan,nan,success,60,ERP
True,-0.814985879702312,0.1796875,3,DIFF-MATCH,0.014168187975883484,0.7439199388027191,0.2674334645271301,0.8560037612915039,sub-03,8,6.602017476008489,S0_STATIC_XSESSION,False,ses-04,0.3183171024268936,0.4162514805793762,20260811,nan,nan,success,60,ERP
False,-0.8458454733175151,0.1796875,3,DET-WRONG-1,0.022440269589424133,0.7571632862091064,0.24195517599582672,0.8780574202537537,sub-03,0,nan,S0_STATIC_XSESSION,False,ses-04,0.2976565270908193,0.4238978922367096,20260811,nan,nan,success,60,ERP
True,-0.8057723841918853,0.1796875,3,DIFF-WRONG-1,0.018326088786125183,0.7485238909721375,0.26271897554397583,0.8569579124450684,sub-03,8,nan,S0_STATIC_XSESSION,False,ses-04,0.3177181964095773,0.4159182012081146,20260811,nan,nan,success,60,ERP
False,-0.7574124837461005,0.1796875,3,DET-WRONG-2,0.00417819619178772,0.6649101674556732,0.33578118681907654,0.8610100746154785,sub-03,0,nan,S0_STATIC_XSESSION,False,ses-04,0.38962507312507905,0.5800276398658752,20260811,nan,nan,success,60,ERP
True,-0.7856363798234707,0.1796875,3,DIFF-WRONG-2,0.017954036593437195,0.7268882393836975,0.2829800546169281,0.844913125038147,sub-03,8,nan,S0_STATIC_XSESSION,False,ses-04,0.35818663516981103,0.4583457410335541,20260811,nan,nan,success,60,ERP
False,0.8271170827939054,1.0,3,DET-WRONG-3,0.006453379988670349,0.7560870945453644,0.2341238558292389,0.880529522895813,sub-03,0,nan,S0_STATIC_XSESSION,False,ses-04,0.3040774294052571,0.3973679840564728,20260811,nan,nan,success,60,ERP
True,0.8104530098481196,1.0,3,DIFF-WRONG-3,0.011437252163887024,0.7134783267974854,0.2903331220149994,0.8563290238380432,sub-03,8,nan,S0_STATIC_XSESSION,False,ses-04,0.32600663564722693,0.4250921607017517,20260811,nan,nan,success,60,ERP
False,-0.8332115147401005,0.1796875,3,DET-SHUFFLED,0.028316378593444824,0.6961073875427246,0.29962804913520813,0.8546780943870544,sub-03,0,nan,S0_STATIC_XSESSION,False,ses-04,0.36327833704432405,0.4775455594062805,20260811,nan,nan,success,60,ERP
True,-0.8152367752466243,0.1796875,3,DIFF-SHUFFLED,0.014483854174613953,0.7401647865772247,0.27205947041511536,0.8544908761978149,sub-03,8,nan,S0_STATIC_XSESSION,False,ses-04,0.3216245479342614,0.41716650128364563,20260811,nan,nan,success,60,ERP
False,1.0,1.0,3,RAW,0.0,1.0,0.0,1.0,sub-03,0,nan,S1_MOTION_WITHIN_SESSION,False,ses-03,0.0,0.0,20260811,nan,nan,success,60,ERP
False,0.893150458348076,0.541015625,3,POP,0.02538808435201645,0.6842997074127197,0.3093244135379791,0.8692885041236877,sub-03,0,nan,S1_MOTION_WITHIN_SESSION,False,ses-03,0.35199784721468363,0.5155516862869263,20260811,nan,nan,success,60,ERP
False,0.975053404280687,1.0,3,DET-NULL,0.01410934329032898,0.7346284091472626,0.2595365345478058,0.8884143233299255,sub-03,0,nan,S1_MOTION_WITHIN_SESSION,False,ses-03,0.3033370228434658,0.4991207718849182,20260811,nan,nan,success,60,ERP
False,0.9606059260748452,0.51171875,3,DET-MATCH,0.017792969942092896,0.7753485143184662,0.21866533160209656,0.910391092300415,sub-03,0,nan,S1_MOTION_WITHIN_SESSION,False,ses-03,0.23868179159206662,0.39986521005630493,20260811,nan,nan,success,60,ERP
True,0.9070945918356893,1.0,3,DIFF-NULL,0.019369810819625854,0.716374546289444,0.2774437367916107,0.8954475522041321,sub-03,8,7.03317500698951,S1_MOTION_WITHIN_SESSION,False,ses-03,0.29284412410016214,0.44045573472976685,20260811,nan,nan,success,60,ERP
True,0.9070945918356893,1.0,3,DIFF-POP,0.019369810819625854,0.716374546289444,0.2774437367916107,0.8954475522041321,sub-03,8,7.03317500698951,S1_MOTION_WITHIN_SESSION,False,ses-03,0.29284412410016214,0.44045573472976685,20260811,nan,nan,success,60,ERP
True,0.9258548730969969,1.0,3,DIFF-MATCH,0.011817827820777893,0.7506374567747116,0.24324579536914825,0.9114892482757568,sub-03,8,6.5433304571336315,S1_MOTION_WITHIN_SESSION,False,ses-03,0.24695623541053122,0.3937421143054962,20260811,nan,nan,success,60,ERP
False,0.984457487193292,1.0,3,DET-WRONG-1,0.006910085678100586,0.7649442404508591,0.2292696088552475,0.9076263308525085,sub-03,0,nan,S1_MOTION_WITHIN_SESSION,False,ses-03,0.2590728077035942,0.4245937168598175,20260811,nan,nan,success,60,ERP
True,0.9149100950608817,1.0,3,DIFF-WRONG-1,0.012657798826694489,0.7489390671253204,0.2452864944934845,0.9098078608512878,sub-03,8,nan,S1_MOTION_WITHIN_SESSION,False,ses-03,0.25089554577567197,0.3950446844100952,20260811,nan,nan,success,60,ERP
False,0.9745949003013684,1.0,3,DET-WRONG-2,0.0166541188955307,0.7666387408971786,0.22671319544315338,0.8994623422622681,sub-03,0,nan,S1_MOTION_WITHIN_SESSION,False,ses-03,0.27998904412151954,0.46212106943130493,20260811,nan,nan,success,60,ERP
True,0.9224457148660561,1.0,3,DIFF-WRONG-2,0.015229009091854095,0.7448600232601166,0.24859751760959625,0.9083176851272583,sub-03,8,nan,S1_MOTION_WITHIN_SESSION,False,ses-03,0.2533066890329485,0.3973645269870758,20260811,nan,nan,success,60,ERP
False,0.98194529221982,1.0,3,DET-WRONG-3,0.006689436733722687,0.7693576961755753,0.22224387526512146,0.9032384157180786,sub-03,0,nan,S1_MOTION_WITHIN_SESSION,False,ses-03,0.2894366298213299,0.45655155181884766,20260811,nan,nan,success,60,ERP
True,0.9405343501589545,1.0,3,DIFF-WRONG-3,0.012844741344451904,0.7484155595302582,0.24458758533000946,0.9128481149673462,sub-03,8,nan,S1_MOTION_WITHIN_SESSION,False,ses-03,0.242790190228818,0.3854316473007202,20260811,nan,nan,success,60,ERP
False,0.9640490118185043,1.0,3,DET-SHUFFLED,0.013729438185691833,0.771134227514267,0.22368881106376648,0.9045911431312561,sub-03,0,nan,S1_MOTION_WITHIN_SESSION,False,ses-03,0.259831000930754,0.4370206594467163,20260811,nan,nan,success,60,ERP
True,0.9314526899766249,1.0,3,DIFF-SHUFFLED,0.011298246681690216,0.7466891705989838,0.24660150706768036,0.9108564257621765,sub-03,8,nan,S1_MOTION_WITHIN_SESSION,False,ses-03,0.2500951698819359,0.39747154712677,20260811,nan,nan,success,60,ERP
False,1.0,1.0,3,RAW,0.0,1.0,0.0,1.0,sub-03,0,nan,S1_MOTION_WITHIN_SESSION,False,ses-04,0.0,0.0,20260811,nan,nan,success,60,ERP
False,0.8284645199375503,1.0,3,POP,-0.011270448565483093,0.7193440496921539,0.28784823417663574,0.8556258678436279,sub-03,0,nan,S1_MOTION_WITHIN_SESSION,False,ses-04,0.34222207235283236,0.3953838050365448,20260811,nan,nan,success,60,ERP
False,0.8049886207994698,1.0,3,DET-NULL,0.015306919813156128,0.6922076344490051,0.3193168342113495,0.8413301110267639,sub-03,0,nan,S1_MOTION_WITHIN_SESSION,False,ses-04,0.3674518955993809,0.45530495047569275,20260811,nan,nan,success,60,ERP
False,0.8632426190544,1.0,3,DET-MATCH,0.02060583233833313,0.7561838924884796,0.2567979097366333,0.8718587756156921,sub-03,0,nan,S1_MOTION_WITHIN_SESSION,False,ses-04,0.3001648401124669,0.3813892602920532,20260811,nan,nan,success,60,ERP
True,0.7544735663372437,0.892578125,3,DIFF-NULL,0.023204132914543152,0.7115826308727264,0.30402007699012756,0.831817090511322,sub-03,8,7.12621603241886,S1_MOTION_WITHIN_SESSION,False,ses-04,0.36869516127980745,0.40736809372901917,20260811,nan,nan,success,60,ERP
True,0.7544735663372437,0.892578125,3,DIFF-POP,0.023204132914543152,0.7115826308727264,0.30402007699012756,0.831817090511322,sub-03,8,7.12621603241886,S1_MOTION_WITHIN_SESSION,False,ses-04,0.36869516127980745,0.40736809372901917,20260811,nan,nan,success,60,ERP
True,0.7972886174336083,0.892578125,3,DIFF-MATCH,0.017347335815429688,0.7398239374160767,0.27540314197540283,0.8523811101913452,sub-03,8,6.788343308919884,S1_MOTION_WITHIN_SESSION,False,ses-04,0.32137536783285964,0.3692586123943329,20260811,nan,nan,success,60,ERP
False,0.8590937547736976,1.0,3,DET-WRONG-1,0.011529862880706787,0.7592013478279114,0.24865314364433289,0.8773230314254761,sub-03,0,nan,S1_MOTION_WITHIN_SESSION,False,ses-04,0.3107467540668291,0.3626161515712738,20260811,nan,nan,success,60,ERP
True,0.7935401353076268,0.892578125,3,DIFF-WRONG-1,0.019243285059928894,0.7479651272296906,0.26502811908721924,0.8534876704216003,sub-03,8,nan,S1_MOTION_WITHIN_SESSION,False,ses-04,0.31958396992808463,0.3659796118736267,20260811,nan,nan,success,60,ERP
False,0.8256197456962284,1.0,3,DET-WRONG-2,0.011127233505249023,0.7441747784614563,0.2652871608734131,0.874498188495636,sub-03,0,nan,S1_MOTION_WITHIN_SESSION,False,ses-04,0.30401598231481547,0.40757837891578674,20260811,nan,nan,success,60,ERP
True,0.7888016238986513,0.892578125,3,DIFF-WRONG-2,0.015550374984741211,0.7356984615325928,0.2783576250076294,0.8468086123466492,sub-03,8,nan,S1_MOTION_WITHIN_SESSION,False,ses-04,0.3340629965543048,0.3800579607486725,20260811,nan,nan,success,60,ERP
False,0.8451504410572948,1.0,3,DET-WRONG-3,0.006538495421409607,0.7799934297800064,0.22297526895999908,0.8837382197380066,sub-03,0,nan,S1_MOTION_WITHIN_SESSION,False,ses-04,0.2976994821880823,0.3751843273639679,20260811,nan,nan,success,60,ERP
True,0.8084399232583609,0.892578125,3,DIFF-WRONG-3,0.017005130648612976,0.7472280561923981,0.2653760313987732,0.8577560186386108,sub-03,8,nan,S1_MOTION_WITHIN_SESSION,False,ses-04,0.3094996149116664,0.36043351888656616,20260811,nan,nan,success,60,ERP
False,0.8236092390305283,1.0,3,DET-SHUFFLED,0.016533643007278442,0.7227153778076172,0.28942376375198364,0.8574755787849426,sub-03,0,nan,S1_MOTION_WITHIN_SESSION,False,ses-04,0.3343153109322849,0.42541587352752686,20260811,nan,nan,success,60,ERP
True,0.8049484893755292,0.892578125,3,DIFF-SHUFFLED,0.016017571091651917,0.7437437772750854,0.2703995704650879,0.8548229336738586,sub-03,8,nan,S1_MOTION_WITHIN_SESSION,False,ses-04,0.31579876785427835,0.3659709692001343,20260811,nan,nan,success,60,ERP
False,1.0,1.0,3,RAW,0.0,1.0,0.0,1.0,sub-03,0,nan,S2_MOTION_XSPEED,False,ses-04,0.0,0.0,20260811,nan,nan,success,60,ERP
False,0.8134209675989952,1.0,3,POP,-0.009022369980812073,0.7112469375133514,0.29145121574401855,0.8537366986274719,sub-03,0,nan,S2_MOTION_XSPEED,False,ses-04,0.35583620150433737,0.4591062068939209,20260811,nan,nan,success,60,ERP
False,-0.8284052129018478,0.1796875,3,DET-NULL,0.01456528902053833,0.6666116118431091,0.32706910371780396,0.8390222787857056,sub-03,0,nan,S2_MOTION_XSPEED,False,ses-04,0.38958287750442483,0.5546171069145203,20260811,nan,nan,success,60,ERP
False,0.7935609331019998,1.0,3,DET-MATCH,0.026854529976844788,0.7479350864887238,0.24886499345302582,0.8725796341896057,sub-03,0,nan,S2_MOTION_XSPEED,False,ses-04,0.31846984332389383,0.426065593957901,20260811,nan,nan,success,60,ERP
True,-0.773728307788482,0.1796875,3,DIFF-NULL,0.022979050874710083,0.706234872341156,0.3063585162162781,0.8307754993438721,sub-03,8,7.125004739551754,S2_MOTION_XSPEED,False,ses-04,0.38019221733971204,0.4709550440311432,20260811,nan,nan,success,60,ERP
True,-0.773728307788482,0.1796875,3,DIFF-POP,0.022979050874710083,0.706234872341156,0.3063585162162781,0.8307754993438721,sub-03,8,7.125004739551754,S2_MOTION_XSPEED,False,ses-04,0.38019221733971204,0.4709550440311432,20260811,nan,nan,success,60,ERP
True,-0.804471615404895,0.1796875,3,DIFF-MATCH,0.017403706908226013,0.7485621273517609,0.2621272802352905,0.8568226099014282,sub-03,8,6.640258081666716,S2_MOTION_XSPEED,False,ses-04,0.3192831842467001,0.4201439917087555,20260811,nan,nan,success,60,ERP
False,-0.7512010044349073,0.1796875,3,DET-WRONG-1,0.004579901695251465,0.6668620407581329,0.3334288001060486,0.8635481595993042,sub-03,0,nan,S2_MOTION_XSPEED,False,ses-04,0.38595138300299187,0.5772108435630798,20260811,nan,nan,success,60,ERP
True,-0.7820094342409529,0.1796875,3,DIFF-WRONG-1,0.018567562103271484,0.7208378612995148,0.2892242670059204,0.8427304625511169,sub-03,8,nan,S2_MOTION_XSPEED,False,ses-04,0.3652747991316082,0.46520695090293884,20260811,nan,nan,success,60,ERP
False,0.8266983821374148,1.0,3,DET-WRONG-2,0.00649319589138031,0.7581343948841095,0.23264306783676147,0.8805222511291504,sub-03,0,nan,S2_MOTION_XSPEED,False,ses-04,0.30286468756197904,0.40117454528808594,20260811,nan,nan,success,60,ERP
True,-0.8072233959105295,0.1796875,3,DIFF-WRONG-2,0.011183127760887146,0.7053793370723724,0.29787859320640564,0.8550356030464172,sub-03,8,nan,S2_MOTION_XSPEED,False,ses-04,0.3320613944827936,0.42941805720329285,20260811,nan,nan,success,60,ERP
False,-0.8827665571009935,0.1796875,3,DET-WRONG-3,0.021963000297546387,0.6619723439216614,0.33024245500564575,0.8458164930343628,sub-03,0,nan,S2_MOTION_XSPEED,False,ses-04,0.3830037111832526,0.4827811121940613,20260811,nan,nan,success,60,ERP
True,-0.7444762120264796,0.1796875,3,DIFF-WRONG-3,0.027018830180168152,0.6799564063549042,0.3312201499938965,0.8194836974143982,sub-03,8,nan,S2_MOTION_XSPEED,False,ses-04,0.4143902444511872,0.4934383034706116,20260811,nan,nan,success,60,ERP
False,-0.8043256361240043,0.1796875,3,DET-SHUFFLED,0.021899834275245667,0.7255810499191284,0.2705190181732178,0.86379075050354,sub-03,0,nan,S2_MOTION_XSPEED,False,ses-04,0.33524147951676947,0.4730629324913025,20260811,nan,nan,success,60,ERP
True,-0.8078639079221981,0.1796875,3,DIFF-SHUFFLED,0.015902593731880188,0.7457241117954254,0.2652930021286011,0.8570156097412109,sub-03,8,nan,S2_MOTION_XSPEED,False,ses-04,0.31886050705032537,0.4221189320087433,20260811,nan,nan,success,60,ERP
False,nan,nan,3,RAW,0.0,1.0,0.0,1.0,sub-03,0,nan,S0_STATIC_XSESSION,False,ses-03,0.0,0.0,20260811,1.0,1.0,success,60,SSVEP
False,nan,nan,3,POP,0.041517727077007294,0.6732166707515717,0.31625890731811523,0.8742029070854187,sub-03,0,nan,S0_STATIC_XSESSION,False,ses-03,0.3584986288244845,0.46997207403182983,20260811,0.9698555653047716,0.9379503666326545,success,60,SSVEP
False,nan,nan,3,DET-NULL,0.019279032945632935,0.7392610907554626,0.24938340485095978,0.8973523378372192,sub-03,0,nan,S0_STATIC_XSESSION,False,ses-03,0.28876369595540563,0.4250454902648926,20260811,0.9998804109281842,0.979131293974422,success,60,SSVEP
False,nan,nan,3,DET-MATCH,0.026113875210285187,0.7480445504188538,0.24265529215335846,0.9033984541893005,sub-03,0,nan,S0_STATIC_XSESSION,False,ses-03,0.2638850855404696,0.3791602849960327,20260811,0.9992663472637939,0.9951388078904954,success,60,SSVEP
True,nan,nan,3,DIFF-NULL,0.028024353086948395,0.705662727355957,0.28531527519226074,0.9111899137496948,sub-03,8,7.009692490100861,S0_STATIC_XSESSION,False,ses-03,0.27430277396088953,0.3544314503669739,20260811,0.9680681300352418,0.9806965911376007,success,60,SSVEP
True,nan,nan,3,DIFF-POP,0.028024353086948395,0.705662727355957,0.28531527519226074,0.9111899137496948,sub-03,8,7.009692490100861,S0_STATIC_XSESSION,False,ses-03,0.27430277396088953,0.3544314503669739,20260811,0.9680681300352418,0.9806965911376007,success,60,SSVEP
True,nan,nan,3,DIFF-MATCH,0.021633543074131012,0.7453553974628448,0.24842481315135956,0.9254528880119324,sub-03,8,6.464736454627094,S0_STATIC_XSESSION,False,ses-03,0.2190919132283835,0.29493436217308044,20260811,0.9708673209072188,0.9737857274013497,success,60,SSVEP
False,nan,nan,3,DET-WRONG-1,0.016356006264686584,0.6986480951309204,0.2903517484664917,0.8961162567138672,sub-03,0,nan,S0_STATIC_XSESSION,False,ses-03,0.3080485118816858,0.44798246026039124,20260811,0.992067203432032,0.9631185878315071,success,60,SSVEP
True,nan,nan,3,DIFF-WRONG-1,0.022436782717704773,0.6850736141204834,0.31032267212867737,0.9450328350067139,sub-03,8,nan,S0_STATIC_XSESSION,False,ses-03,0.22176126720442463,0.2926875650882721,20260811,0.9691964349181925,0.9929337339324164,success,60,SSVEP
False,nan,nan,3,DET-WRONG-2,0.039198026061058044,0.6980907618999481,0.29157841205596924,0.8959417343139648,sub-03,0,nan,S0_STATIC_XSESSION,False,ses-03,0.293528555701963,0.3887016475200653,20260811,0.9967486394227838,0.9418532127684496,success,60,SSVEP
True,nan,nan,3,DIFF-WRONG-2,0.03033248335123062,0.7097458839416504,0.28155168890953064,0.9113615155220032,sub-03,8,nan,S0_STATIC_XSESSION,False,ses-03,0.27019429288508984,0.34437528252601624,20260811,0.9675666567295919,0.9720019518623989,success,60,SSVEP
False,nan,nan,3,DET-WRONG-3,0.02535931020975113,0.7835055291652679,0.20995669066905975,0.9330292344093323,sub-03,0,nan,S0_STATIC_XSESSION,False,ses-03,0.1829976747650376,0.2843138575553894,20260811,0.9876690016691683,0.997503938788464,success,60,SSVEP
True,nan,nan,3,DIFF-WRONG-3,0.01908472180366516,0.7460606098175049,0.24690043926239014,0.9234155416488647,sub-03,8,nan,S0_STATIC_XSESSION,False,ses-03,0.2315337577707353,0.31131061911582947,20260811,0.9683404003708364,0.968980095338832,success,60,SSVEP
False,nan,nan,3,DET-SHUFFLED,0.026092462241649628,0.7430478632450104,0.24700970947742462,0.9036742448806763,sub-03,0,nan,S0_STATIC_XSESSION,False,ses-03,0.2668160420083615,0.386141300201416,20260811,0.9887533053020012,0.99801213394464,success,60,SSVEP
True,nan,nan,3,DIFF-SHUFFLED,0.021912403404712677,0.7451106011867523,0.24879297614097595,0.9247739315032959,sub-03,8,nan,S0_STATIC_XSESSION,False,ses-03,0.2209988494439599,0.29813992977142334,20260811,0.9695475405370347,0.9728733508169206,success,60,SSVEP
False,nan,nan,3,RAW,0.0,1.0,0.0,1.0,sub-03,0,nan,S0_STATIC_XSESSION,False,ses-04,0.0,0.0,20260811,1.0,1.0,success,60,SSVEP
False,nan,nan,3,POP,0.024592548608779907,0.6625545024871826,0.3345775902271271,0.8624027967453003,sub-03,0,nan,S0_STATIC_XSESSION,False,ses-04,0.4121456914656802,0.4726068675518036,20260811,0.9778156101195037,0.7601123956070623,success,60,SSVEP
False,nan,nan,3,DET-NULL,0.044027701020240784,0.6472468376159668,0.35531339049339294,0.8556175231933594,sub-03,0,nan,S0_STATIC_XSESSION,False,ses-04,0.4312644760049223,0.51014244556427,20260811,0.974575620897127,0.792375761432461,success,60,SSVEP
False,nan,nan,3,DET-MATCH,0.035761818289756775,0.6908906996250153,0.30941617488861084,0.8695958852767944,sub-03,0,nan,S0_STATIC_XSESSION,False,ses-04,0.3727614580281135,0.4387563169002533,20260811,0.9664826091104886,0.8403399093809724,success,60,SSVEP
True,nan,nan,3,DIFF-NULL,0.03937860578298569,0.7049177587032318,0.2889193296432495,0.8728229999542236,sub-03,8,7.173466841379802,S0_STATIC_XSESSION,False,ses-04,0.37189091638360394,0.42144790291786194,20260811,0.9976336056653818,0.7843081027205152,success,60,SSVEP
True,nan,nan,3,DIFF-POP,0.03937860578298569,0.7049177587032318,0.2889193296432495,0.8728229999542236,sub-03,8,7.173466841379802,S0_STATIC_XSESSION,False,ses-04,0.37189091638360394,0.42144790291786194,20260811,0.9976336056653818,0.7843081027205152,success,60,SSVEP
True,nan,nan,3,DIFF-MATCH,0.034304842352867126,0.7543463110923767,0.24078084528446198,0.8954155445098877,sub-03,8,6.624366753189652,S0_STATIC_XSESSION,False,ses-04,0.28926694112872614,0.3496936857700348,20260811,0.9999489036522808,0.8147438583808235,success,60,SSVEP
False,nan,nan,3,DET-WRONG-1,0.02173273265361786,0.6267316043376923,0.37276190519332886,0.8636905550956726,sub-03,0,nan,S0_STATIC_XSESSION,False,ses-04,0.4274118125877314,0.4848833382129669,20260811,0.9646824927163864,0.7948762943095347,success,60,SSVEP
True,nan,nan,3,DIFF-WRONG-1,0.022775888442993164,0.6992697417736053,0.29264941811561584,0.9237688779830933,sub-03,8,nan,S0_STATIC_XSESSION,False,ses-04,0.28297328847230135,0.3279162347316742,20260811,0.9980604069926096,0.8446500123462386,success,60,SSVEP
False,nan,nan,3,DET-WRONG-2,0.06353113055229187,0.6485234498977661,0.35107243061065674,0.8666497468948364,sub-03,0,nan,S0_STATIC_XSESSION,False,ses-04,0.4129529073307953,0.4564020335674286,20260811,0.9959159308609529,0.79590579569886,success,60,SSVEP
True,nan,nan,3,DIFF-WRONG-2,0.04432623088359833,0.7106580436229706,0.2828161418437958,0.8733311891555786,sub-03,8,nan,S0_STATIC_XSESSION,False,ses-04,0.3656819992162174,0.41263875365257263,20260811,0.9972828867570117,0.7819653095434635,success,60,SSVEP
False,nan,nan,3,DET-WRONG-3,0.022625505924224854,0.7677222192287445,0.230373814702034,0.9295263886451721,sub-03,0,nan,S0_STATIC_XSESSION,False,ses-04,0.2055902018244895,0.3011554777622223,20260811,0.9896694399594457,0.9959736410100395,success,60,SSVEP
True,nan,nan,3,DIFF-WRONG-3,0.03235805034637451,0.7509844899177551,0.2442016452550888,0.8902683258056641,sub-03,8,nan,S0_STATIC_XSESSION,False,ses-04,0.3096865233697547,0.3685618042945862,20260811,0.9972229235985011,0.8049490328316201,success,60,SSVEP
False,nan,nan,3,DET-SHUFFLED,0.04622597247362137,0.6652232110500336,0.3355993926525116,0.8662046790122986,sub-03,0,nan,S0_STATIC_XSESSION,False,ses-04,0.39434034906592974,0.4640180170536041,20260811,0.9621701995268832,0.7626059433908167,success,60,SSVEP
True,nan,nan,3,DIFF-SHUFFLED,0.03353522717952728,0.7526871860027313,0.24200834333896637,0.8947736024856567,sub-03,8,nan,S0_STATIC_XSESSION,False,ses-04,0.2928392101595675,0.3535456657409668,20260811,0.9988036269719489,0.8156882005069057,success,60,SSVEP
False,nan,nan,3,RAW,0.0,1.0,0.0,1.0,sub-03,0,nan,S1_MOTION_WITHIN_SESSION,False,ses-03,0.0,0.0,20260811,1.0,1.0,success,60,SSVEP
False,nan,nan,3,POP,0.042983680963516235,0.6892759501934052,0.31267452239990234,0.8764208555221558,sub-03,0,nan,S1_MOTION_WITHIN_SESSION,False,ses-03,0.3311432950671342,0.3843322694301605,20260811,0.9991988565341814,0.9178073060311134,success,60,SSVEP
False,nan,nan,3,DET-NULL,0.020307399332523346,0.7588915973901749,0.24473848938941956,0.899787187576294,sub-03,0,nan,S1_MOTION_WITHIN_SESSION,False,ses-03,0.2612080737570453,0.341734915971756,20260811,0.9895168405523749,0.945532160540571,success,60,SSVEP
False,nan,nan,3,DET-MATCH,0.02312018722295761,0.7897962480783463,0.21357664465904236,0.9180794358253479,sub-03,0,nan,S1_MOTION_WITHIN_SESSION,False,ses-03,0.22153967256622495,0.29218894243240356,20260811,0.9894292442989775,0.9777965084491951,success,60,SSVEP
True,nan,nan,3,DIFF-NULL,0.031134888529777527,0.7242043018341064,0.28185775876045227,0.9127331376075745,sub-03,8,7.01055447657903,S1_MOTION_WITHIN_SESSION,False,ses-03,0.23802265274781848,0.29084208607673645,20260811,0.9745373785258917,0.9090433799156925,success,60,SSVEP
True,nan,nan,3,DIFF-POP,0.031134888529777527,0.7242043018341064,0.28185775876045227,0.9127331376075745,sub-03,8,7.01055447657903,S1_MOTION_WITHIN_SESSION,False,ses-03,0.23802265274781848,0.29084208607673645,20260811,0.9745373785258917,0.9090433799156925,success,60,SSVEP
True,nan,nan,3,DIFF-MATCH,0.023664236068725586,0.7535639703273773,0.25184983015060425,0.9226562976837158,sub-03,8,6.540441163380941,S1_MOTION_WITHIN_SESSION,False,ses-03,0.2064280112101136,0.2623867392539978,20260811,0.9744176998881672,0.9224932157349462,success,60,SSVEP
False,nan,nan,3,DET-WRONG-1,0.037419743835926056,0.764240488409996,0.2390240728855133,0.9176481366157532,sub-03,0,nan,S1_MOTION_WITHIN_SESSION,False,ses-03,0.2171440848914999,0.28952348232269287,20260811,0.9731981645045824,0.9582216313213524,success,60,SSVEP
True,nan,nan,3,DIFF-WRONG-1,0.032089218497276306,0.6909775137901306,0.316002756357193,0.9581038355827332,sub-03,8,nan,S1_MOTION_WITHIN_SESSION,False,ses-03,0.18536868134658901,0.2339629828929901,20260811,0.97529321298554,0.8603348881978352,success,60,SSVEP
False,nan,nan,3,DET-WRONG-2,0.024012640118598938,0.7436379194259644,0.26042360067367554,0.8946117758750916,sub-03,0,nan,S1_MOTION_WITHIN_SESSION,False,ses-03,0.2739389690286894,0.3575900197029114,20260811,0.981571155843278,0.9604555476742657,success,60,SSVEP
True,nan,nan,3,DIFF-WRONG-2,0.02422475814819336,0.7200725674629211,0.2862430512905121,0.910247266292572,sub-03,8,nan,S1_MOTION_WITHIN_SESSION,False,ses-03,0.25167357091652875,0.30835893750190735,20260811,0.980228516655188,0.9115566538285158,success,60,SSVEP
False,nan,nan,3,DET-WRONG-3,0.028845831751823425,0.7570129185914993,0.24613432586193085,0.901772677898407,sub-03,0,nan,S1_MOTION_WITHIN_SESSION,False,ses-03,0.25119116489839527,0.32235920429229736,20260811,0.9805627064158113,0.9607292983112377,success,60,SSVEP
True,nan,nan,3,DIFF-WRONG-3,0.025572218000888824,0.7529048323631287,0.253160685300827,0.9222970604896545,sub-03,8,nan,S1_MOTION_WITHIN_SESSION,False,ses-03,0.20564365251353636,0.2591727077960968,20260811,0.9738415415082563,0.9233609396493392,success,60,SSVEP
False,nan,nan,3,DET-SHUFFLED,0.025614969432353973,0.7836215645074844,0.21941770613193512,0.9116864800453186,sub-03,0,nan,S1_MOTION_WITHIN_SESSION,False,ses-03,0.23065815569646625,0.3017246425151825,20260811,0.9919617099254954,0.9609775094352936,success,60,SSVEP
True,nan,nan,3,DIFF-SHUFFLED,0.023248277604579926,0.7497475743293762,0.2557294964790344,0.9217739105224609,sub-03,8,nan,S1_MOTION_WITHIN_SESSION,False,ses-03,0.21122759604435432,0.26803112030029297,20260811,0.974200498544086,0.9193778738089575,success,60,SSVEP
False,nan,nan,3,RAW,0.0,1.0,0.0,1.0,sub-03,0,nan,S1_MOTION_WITHIN_SESSION,False,ses-04,0.0,0.0,20260811,1.0,1.0,success,60,SSVEP
False,nan,nan,3,POP,0.024195551872253418,0.6706494390964508,0.33120083808898926,0.8627349138259888,sub-03,0,nan,S1_MOTION_WITHIN_SESSION,False,ses-04,0.41068824873106835,0.4047977924346924,20260811,0.986455539160005,0.7209638583286713,success,60,SSVEP
False,nan,nan,3,DET-NULL,0.03942759335041046,0.648786336183548,0.35507240891456604,0.854857861995697,sub-03,0,nan,S1_MOTION_WITHIN_SESSION,False,ses-04,0.4349121177936179,0.4725743532180786,20260811,0.9867056901497187,0.7737379763936011,success,60,SSVEP
False,nan,nan,3,DET-MATCH,0.031679317355155945,0.6797340512275696,0.32426732778549194,0.8771344423294067,sub-03,0,nan,S1_MOTION_WITHIN_SESSION,False,ses-04,0.3814377711117773,0.42863717675209045,20260811,0.9925588317664298,0.886015882400877,success,60,SSVEP
True,nan,nan,3,DIFF-NULL,0.036843568086624146,0.7111396193504333,0.2873954772949219,0.8741011023521423,sub-03,8,7.168319075794543,S1_MOTION_WITHIN_SESSION,False,ses-04,0.3623146852772885,0.3928483724594116,20260811,0.9934170372721971,0.8806842103860644,success,60,SSVEP
True,nan,nan,3,DIFF-POP,0.036843568086624146,0.7111396193504333,0.2873954772949219,0.8741011023521423,sub-03,8,7.168319075794543,S1_MOTION_WITHIN_SESSION,False,ses-04,0.3623146852772885,0.3928483724594116,20260811,0.9934170372721971,0.8806842103860644,success,60,SSVEP
True,nan,nan,3,DIFF-MATCH,0.03343191742897034,0.7321479320526123,0.2671012878417969,0.8830739855766296,sub-03,8,6.810685707350909,S1_MOTION_WITHIN_SESSION,False,ses-04,0.3320257388809317,0.3705161213874817,20260811,0.991967645571155,0.8977773614406401,success,60,SSVEP
False,nan,nan,3,DET-WRONG-1,0.03088173270225525,0.5358075797557831,0.46929454803466797,0.8746786117553711,sub-03,0,nan,S1_MOTION_WITHIN_SESSION,False,ses-04,0.4579770021491034,0.5079275369644165,20260811,0.9851473058889583,0.565753946600597,success,60,SSVEP
True,nan,nan,3,DIFF-WRONG-1,0.042915426194667816,0.62139692902565,0.377784788608551,0.8658940196037292,sub-03,8,nan,S1_MOTION_WITHIN_SESSION,False,ses-04,0.44068157274973274,0.4582711160182953,20260811,0.9934923874393536,0.8616734352841308,success,60,SSVEP
False,nan,nan,3,DET-WRONG-2,0.0185716450214386,0.636197417974472,0.36629700660705566,0.8638252019882202,sub-03,0,nan,S1_MOTION_WITHIN_SESSION,False,ses-04,0.4207666563700826,0.45720916986465454,20260811,0.9821205315732378,0.7632601124339622,success,60,SSVEP
True,nan,nan,3,DIFF-WRONG-2,0.02355314791202545,0.7140218615531921,0.2863664925098419,0.9235594272613525,sub-03,8,nan,S1_MOTION_WITHIN_SESSION,False,ses-04,0.2741048879376898,0.30545368790626526,20260811,0.9906292649007871,0.9478546592189594,success,60,SSVEP
False,nan,nan,3,DET-WRONG-3,0.05662758648395538,0.6558774709701538,0.34600454568862915,0.8613049983978271,sub-03,0,nan,S1_MOTION_WITHIN_SESSION,False,ses-04,0.41297181402109573,0.44961121678352356,20260811,0.9759825854019961,0.7931264156904202,success,60,SSVEP
True,nan,nan,3,DIFF-WRONG-3,0.044342055916786194,0.7109126150608063,0.2872958481311798,0.8720424771308899,sub-03,8,nan,S1_MOTION_WITHIN_SESSION,False,ses-04,0.36461884691090457,0.3947581946849823,20260811,0.9936534848139291,0.8756753784617324,success,60,SSVEP
False,nan,nan,3,DET-SHUFFLED,0.037789613008499146,0.6598056852817535,0.34503138065338135,0.8715528249740601,sub-03,0,nan,S1_MOTION_WITHIN_SESSION,False,ses-04,0.39931758588824856,0.44954603910446167,20260811,0.9869807477945838,0.8455719379216509,success,60,SSVEP
True,nan,nan,3,DIFF-SHUFFLED,0.03093627095222473,0.7391928136348724,0.26011452078819275,0.8856843113899231,sub-03,8,nan,S1_MOTION_WITHIN_SESSION,False,ses-04,0.3228408035955848,0.3624287545681,20260811,0.9925965136318062,0.9006619290208118,success,60,SSVEP
False,nan,nan,3,RAW,0.0,1.0,0.0,1.0,sub-03,0,nan,S2_MOTION_XSPEED,False,ses-04,0.0,0.0,20260811,1.0,1.0,success,60,SSVEP
False,nan,nan,3,POP,0.024592548608779907,0.6625545024871826,0.3345775902271271,0.8624027967453003,sub-03,0,nan,S2_MOTION_XSPEED,False,ses-04,0.4121456914656802,0.4726068675518036,20260811,0.9778156101195037,0.7601123956070623,success,60,SSVEP
False,nan,nan,3,DET-NULL,0.044027701020240784,0.6472468376159668,0.35531339049339294,0.8556175231933594,sub-03,0,nan,S2_MOTION_XSPEED,False,ses-04,0.4312644760049223,0.51014244556427,20260811,0.974575620897127,0.792375761432461,success,60,SSVEP
False,nan,nan,3,DET-MATCH,0.03198748826980591,0.7011500000953674,0.3009723722934723,0.8813726305961609,sub-03,0,nan,S2_MOTION_XSPEED,False,ses-04,0.3524000419812163,0.4362548291683197,20260811,0.9776421109451299,0.9157240513855982,success,60,SSVEP
True,nan,nan,3,DIFF-NULL,0.03937860578298569,0.7049177587032318,0.2889193296432495,0.8728229999542236,sub-03,8,7.173466841379802,S2_MOTION_XSPEED,False,ses-04,0.37189091638360394,0.42144790291786194,20260811,0.9976336056653818,0.7843081027205152,success,60,SSVEP
True,nan,nan,3,DIFF-POP,0.03937860578298569,0.7049177587032318,0.2889193296432495,0.8728229999542236,sub-03,8,7.173466841379802,S2_MOTION_XSPEED,False,ses-04,0.37189091638360394,0.42144790291786194,20260811,0.9976336056653818,0.7843081027205152,success,60,SSVEP
True,nan,nan,3,DIFF-MATCH,0.03462681174278259,0.7425699532032013,0.2522485852241516,0.888041079044342,sub-03,8,6.70669379764133,S2_MOTION_XSPEED,False,ses-04,0.31620677278392745,0.3781816065311432,20260811,0.9979983656192357,0.8038294333107723,success,60,SSVEP
False,nan,nan,3,DET-WRONG-1,0.06258539110422134,0.6506491899490356,0.3488684296607971,0.863382875919342,sub-03,0,nan,S2_MOTION_XSPEED,False,ses-04,0.4156133135612665,0.45964354276657104,20260811,0.9953757206793328,0.8131622421986784,success,60,SSVEP
True,nan,nan,3,DIFF-WRONG-1,0.04626450687646866,0.707850843667984,0.28576719760894775,0.8721937537193298,sub-03,8,nan,S2_MOTION_XSPEED,False,ses-04,0.3698600960239236,0.4153633117675781,20260811,0.9968043912903559,0.7754103100488757,success,60,SSVEP
False,nan,nan,3,DET-WRONG-2,0.01822061836719513,0.7677185386419296,0.2304069697856903,0.9307124614715576,sub-03,0,nan,S2_MOTION_XSPEED,False,ses-04,0.20505413732857,0.29740846157073975,20260811,0.9903135993993937,0.9937974925726385,success,60,SSVEP
True,nan,nan,3,DIFF-WRONG-2,0.03220267593860626,0.7509211152791977,0.24427641928195953,0.8903495669364929,sub-03,8,nan,S2_MOTION_XSPEED,False,ses-04,0.30983335098655385,0.368264377117157,20260811,0.9974071501287152,0.8060408777062533,success,60,SSVEP
False,nan,nan,3,DET-WRONG-3,0.03588353097438812,0.6780117452144623,0.3232339024543762,0.8872034549713135,sub-03,0,nan,S2_MOTION_XSPEED,False,ses-04,0.34325725868216217,0.4407559931278229,20260811,0.9644331825243916,0.8031312059850971,success,60,SSVEP
True,nan,nan,3,DIFF-WRONG-3,0.03273695707321167,0.7043744623661041,0.29128512740135193,0.9344866871833801,sub-03,8,nan,S2_MOTION_XSPEED,False,ses-04,0.24372011426853055,0.34342941641807556,20260811,0.9960485938369537,0.7714630386018536,success,60,SSVEP
False,nan,nan,3,DET-SHUFFLED,0.030634507536888123,0.6864804029464722,0.3162975013256073,0.871618926525116,sub-03,0,nan,S2_MOTION_XSPEED,False,ses-04,0.37476058660859396,0.4591679573059082,20260811,0.9707338197251907,0.8944271907071777,success,60,SSVEP
True,nan,nan,3,DIFF-SHUFFLED,0.0338076651096344,0.7384259104728699,0.2564845681190491,0.8861759305000305,sub-03,8,nan,S2_MOTION_XSPEED,False,ses-04,0.32321435327448644,0.38444283604621887,20260811,0.9980476237049007,0.8007871814225058,success,60,SSVEP
False,1.0,1.0,3,RAW,0.0,1.0,0.0,1.0,sub-09,0,nan,S0_STATIC_XSESSION,False,ses-03,0.0,0.0,20260811,nan,nan,success,60,ERP
False,0.7732806292440925,1.0,3,POP,0.04953694902360439,0.8117032796144485,0.22751189768314362,0.9302077889442444,sub-09,0,nan,S0_STATIC_XSESSION,False,ses-03,0.13510962343901922,0.08154170215129852,20260811,nan,nan,success,60,ERP
False,0.7978974673993604,1.0,3,DET-NULL,0.024676937609910965,0.8563518822193146,0.17089815437793732,0.9430501461029053,sub-09,0,nan,S0_STATIC_XSESSION,False,ses-03,0.11001814999752971,0.06279267370700836,20260811,nan,nan,success,60,ERP
False,0.847550328176434,1.0,3,DET-MATCH,0.02147124707698822,0.8764415830373764,0.15124107897281647,0.9537219405174255,sub-09,0,nan,S0_STATIC_XSESSION,False,ses-03,0.0893847013947033,0.047421809285879135,20260811,nan,nan,success,60,ERP
True,0.7845654249601047,1.0,3,DIFF-NULL,0.02061622217297554,0.7756638377904892,0.2525388300418854,0.9552115797996521,sub-09,8,6.972516087760702,S0_STATIC_XSESSION,False,ses-03,0.1477404013798802,0.1224689781665802,20260811,nan,nan,success,60,ERP
True,0.7845654249601047,1.0,3,DIFF-POP,0.02061622217297554,0.7756638377904892,0.2525388300418854,0.9552115797996521,sub-09,8,6.972516087760702,S0_STATIC_XSESSION,False,ses-03,0.1477404013798802,0.1224689781665802,20260811,nan,nan,success,60,ERP
True,0.8219589762764828,1.0,3,DIFF-MATCH,0.01691911369562149,0.801545649766922,0.2264147847890854,0.9617477655410767,sub-09,8,6.425092596756785,S0_STATIC_XSESSION,False,ses-03,0.1241933033552682,0.10215725004673004,20260811,nan,nan,success,60,ERP
False,0.8233449958936214,1.0,3,DET-WRONG-1,0.015745006501674652,0.8712253272533417,0.15529575943946838,0.9456590414047241,sub-09,0,nan,S0_STATIC_XSESSION,False,ses-03,0.10280118375984508,0.05999315530061722,20260811,nan,nan,success,60,ERP
True,0.8126866399139998,1.0,3,DIFF-WRONG-1,0.01838512346148491,0.7954226434230804,0.23349756002426147,0.9613238573074341,sub-09,8,nan,S0_STATIC_XSESSION,False,ses-03,0.12733819122610496,0.10593463480472565,20260811,nan,nan,success,60,ERP
False,0.8488167620370308,1.0,3,DET-WRONG-2,0.02350727468729019,0.8645395338535309,0.16463255882263184,0.9507220983505249,sub-09,0,nan,S0_STATIC_XSESSION,False,ses-03,0.09931658205432545,0.057648010551929474,20260811,nan,nan,success,60,ERP
True,0.8122588420680124,1.0,3,DIFF-WRONG-2,0.017745807766914368,0.7990452498197556,0.22906272113323212,0.9606929421424866,sub-09,8,nan,S0_STATIC_XSESSION,False,ses-03,0.12634726007757427,0.10485144704580307,20260811,nan,nan,success,60,ERP
False,0.8321061382013394,1.0,3,DET-WRONG-3,0.010387636721134186,0.8844609707593918,0.1411609947681427,0.9521219730377197,sub-09,0,nan,S0_STATIC_XSESSION,False,ses-03,0.0890860286116733,0.04776913672685623,20260811,nan,nan,success,60,ERP
True,0.8199944580581837,1.0,3,DIFF-WRONG-3,0.017359182238578796,0.8002917915582657,0.22794711589813232,0.9611725807189941,sub-09,8,nan,S0_STATIC_XSESSION,False,ses-03,0.1258684212541932,0.104983389377594,20260811,nan,nan,success,60,ERP
False,0.8129256111159334,1.0,3,DET-SHUFFLED,0.026147156953811646,0.8624480068683624,0.1645108163356781,0.9464264512062073,sub-09,0,nan,S0_STATIC_XSESSION,False,ses-03,0.10399927862584515,0.05759739130735397,20260811,nan,nan,success,60,ERP
True,0.8156289436257653,1.0,3,DIFF-SHUFFLED,0.0182235948741436,0.7949649691581726,0.23245279490947723,0.960355281829834,sub-09,8,nan,S0_STATIC_XSESSION,False,ses-03,0.13119896605439582,0.10675361752510071,20260811,nan,nan,success,60,ERP
False,1.0,1.0,3,RAW,0.0,1.0,0.0,1.0,sub-09,0,nan,S0_STATIC_XSESSION,False,ses-04,0.0,0.0,20260811,nan,nan,success,60,ERP
False,-1.0207109259043623,0.8046875,3,POP,0.10437453910708427,0.6565115451812744,0.39365044236183167,0.9018294811248779,sub-09,0,nan,S0_STATIC_XSESSION,False,ses-04,0.2499692607566653,0.17742827534675598,20260811,nan,nan,success,60,ERP
False,-0.9578688576484866,0.8046875,3,DET-NULL,0.058830223977565765,0.7038483321666718,0.33558419346809387,0.9059654474258423,sub-09,0,nan,S0_STATIC_XSESSION,False,ses-04,0.23740356976418314,0.14904183149337769,20260811,nan,nan,success,60,ERP
False,-0.9349950486128566,0.8046875,3,DET-MATCH,0.04709935188293457,0.7483795285224915,0.28802940249443054,0.9168946743011475,sub-09,0,nan,S0_STATIC_XSESSION,False,ses-04,0.22014120181136557,0.12310502678155899,20260811,nan,nan,success,60,ERP
True,0.8922471780784591,1.0,3,DIFF-NULL,0.030539274215698242,0.7445884346961975,0.2775561809539795,0.9329279065132141,sub-09,8,6.984508696724387,S0_STATIC_XSESSION,False,ses-04,0.1864774655331441,0.15856139361858368,20260811,nan,nan,success,60,ERP
True,0.8922471780784591,1.0,3,DIFF-POP,0.030539274215698242,0.7445884346961975,0.2775561809539795,0.9329279065132141,sub-09,8,6.984508696724387,S0_STATIC_XSESSION,False,ses-04,0.1864774655331441,0.15856139361858368,20260811,nan,nan,success,60,ERP
True,0.9231570778213987,1.0,3,DIFF-MATCH,0.023440703749656677,0.7728240340948105,0.24784007668495178,0.9402967691421509,sub-09,8,6.443687980315264,S0_STATIC_XSESSION,False,ses-04,0.16732114243783378,0.13721996545791626,20260811,nan,nan,success,60,ERP
False,-0.876970361812003,0.8046875,3,DET-WRONG-1,0.026255011558532715,0.7609771490097046,0.26943713426589966,0.9115167856216431,sub-09,0,nan,S0_STATIC_XSESSION,False,ses-04,0.21484332495764874,0.13092854619026184,20260811,nan,nan,success,60,ERP
True,0.914933904882136,1.0,3,DIFF-WRONG-1,0.02618575096130371,0.763841524720192,0.2574003040790558,0.9386413097381592,sub-09,8,nan,S0_STATIC_XSESSION,False,ses-04,0.17405428940186396,0.14143027365207672,20260811,nan,nan,success,60,ERP
False,-0.9450020744035823,0.8046875,3,DET-WRONG-2,0.061112187802791595,0.730144590139389,0.30764374136924744,0.9144725203514099,sub-09,0,nan,S0_STATIC_XSESSION,False,ses-04,0.22760295702298475,0.13312965631484985,20260811,nan,nan,success,60,ERP
True,0.9121931641662525,1.0,3,DIFF-WRONG-2,0.025247693061828613,0.7679101973772049,0.25296077132225037,0.9384592175483704,sub-09,8,nan,S0_STATIC_XSESSION,False,ses-04,0.17183677652592796,0.14231044054031372,20260811,nan,nan,success,60,ERP
False,-0.8773951419470356,0.677734375,3,DET-WRONG-3,0.014042302966117859,0.7908501774072647,0.23847557604312897,0.9206603169441223,sub-09,0,nan,S0_STATIC_XSESSION,False,ses-04,0.19895605151091886,0.1114019975066185,20260811,nan,nan,success,60,ERP
True,0.9202511790095638,1.0,3,DIFF-WRONG-3,0.024379685521125793,0.7711963206529617,0.2492562085390091,0.9398406744003296,sub-09,8,nan,S0_STATIC_XSESSION,False,ses-04,0.16862116019469067,0.14121507108211517,20260811,nan,nan,success,60,ERP
False,-0.9466196505807267,0.8046875,3,DET-SHUFFLED,0.05392371863126755,0.7253947257995605,0.3106914758682251,0.9102864265441895,sub-09,0,nan,S0_STATIC_XSESSION,False,ses-04,0.22776391878558117,0.14112375676631927,20260811,nan,nan,success,60,ERP
True,0.9193096156687773,1.0,3,DIFF-SHUFFLED,0.025483161211013794,0.7654416263103485,0.2554413080215454,0.9384433031082153,sub-09,8,nan,S0_STATIC_XSESSION,False,ses-04,0.17365645732100723,0.14325658977031708,20260811,nan,nan,success,60,ERP
False,1.0,1.0,3,RAW,0.0,1.0,0.0,1.0,sub-09,0,nan,S1_MOTION_WITHIN_SESSION,False,ses-03,0.0,0.0,20260811,nan,nan,success,60,ERP
False,0.8045740950379483,1.0,3,POP,0.0490262471139431,0.8050860017538071,0.22435760498046875,0.9320292472839355,sub-09,0,nan,S1_MOTION_WITHIN_SESSION,False,ses-03,0.14252825367997166,0.08128281682729721,20260811,nan,nan,success,60,ERP
False,0.8385938073561419,1.0,3,DET-NULL,0.02517775446176529,0.8497392386198044,0.16794735193252563,0.9444921016693115,sub-09,0,nan,S1_MOTION_WITHIN_SESSION,False,ses-03,0.12102759630780173,0.09014081954956055,20260811,nan,nan,success,60,ERP
False,0.8621445214077359,1.0,3,DET-MATCH,0.025803659111261368,0.8602383136749268,0.15632908046245575,0.9505084156990051,sub-09,0,nan,S1_MOTION_WITHIN_SESSION,False,ses-03,0.10929756198491432,0.07359879463911057,20260811,nan,nan,success,60,ERP
True,0.6796213080241624,0.990234375,3,DIFF-NULL,0.022957775741815567,0.7662463635206223,0.24978938698768616,0.9542595148086548,sub-09,8,6.978479757616597,S1_MOTION_WITHIN_SESSION,False,ses-03,0.16406707069774848,0.16181527078151703,20260811,nan,nan,success,60,ERP
True,0.6796213080241624,0.990234375,3,DIFF-POP,0.022957775741815567,0.7662463635206223,0.24978938698768616,0.9542595148086548,sub-09,8,6.978479757616597,S1_MOTION_WITHIN_SESSION,False,ses-03,0.16406707069774848,0.16181527078151703,20260811,nan,nan,success,60,ERP
True,0.7289676438980104,0.990234375,3,DIFF-MATCH,0.021556295454502106,0.7909708470106125,0.22592923045158386,0.9621978998184204,sub-09,8,6.5007006152983635,S1_MOTION_WITHIN_SESSION,False,ses-03,0.13609055246360785,0.1320050060749054,20260811,nan,nan,success,60,ERP
False,0.8860434561340227,1.0,3,DET-WRONG-1,0.026540745049715042,0.8532478660345078,0.16501329839229584,0.9493497610092163,sub-09,0,nan,S1_MOTION_WITHIN_SESSION,False,ses-03,0.11788236859817765,0.084359310567379,20260811,nan,nan,success,60,ERP
True,0.7307758149452808,0.990234375,3,DIFF-WRONG-1,0.020009808242321014,0.7938545048236847,0.22294919192790985,0.961570680141449,sub-09,8,nan,S1_MOTION_WITHIN_SESSION,False,ses-03,0.1358125406741101,0.13526782393455505,20260811,nan,nan,success,60,ERP
False,0.8822783034879972,1.0,3,DET-WRONG-2,0.013680756092071533,0.875066339969635,0.14157916605472565,0.9568950533866882,sub-09,0,nan,S1_MOTION_WITHIN_SESSION,False,ses-03,0.09759097096244952,0.05204034224152565,20260811,nan,nan,success,60,ERP
True,0.7406441259076713,0.990234375,3,DIFF-WRONG-2,0.017547287046909332,0.7976896315813065,0.2195221483707428,0.9626522660255432,sub-09,8,nan,S1_MOTION_WITHIN_SESSION,False,ses-03,0.13243324878958754,0.1299295425415039,20260811,nan,nan,success,60,ERP
False,0.8691016969051124,1.0,3,DET-WRONG-3,0.011574521660804749,0.8498263508081436,0.15969666838645935,0.9503864049911499,sub-09,0,nan,S1_MOTION_WITHIN_SESSION,False,ses-03,0.12244717746138457,0.08538022637367249,20260811,nan,nan,success,60,ERP
True,0.7142917759891885,0.990234375,3,DIFF-WRONG-3,0.01661769300699234,0.7786921411752701,0.2365119457244873,0.9611448049545288,sub-09,8,nan,S1_MOTION_WITHIN_SESSION,False,ses-03,0.1522623243229114,0.14521005749702454,20260811,nan,nan,success,60,ERP
False,0.837984221964517,1.0,3,DET-SHUFFLED,0.02909892052412033,0.8498021066188812,0.16844385862350464,0.9477835893630981,sub-09,0,nan,S1_MOTION_WITHIN_SESSION,False,ses-03,0.11383343471613176,0.07606712728738785,20260811,nan,nan,success,60,ERP
True,0.729195142759852,0.990234375,3,DIFF-SHUFFLED,0.020762670785188675,0.7922863215208054,0.22502189874649048,0.962596595287323,sub-09,8,nan,S1_MOTION_WITHIN_SESSION,False,ses-03,0.13466521457313665,0.1308407038450241,20260811,nan,nan,success,60,ERP
False,1.0,1.0,3,RAW,0.0,1.0,0.0,1.0,sub-09,0,nan,S1_MOTION_WITHIN_SESSION,False,ses-04,0.0,0.0,20260811,nan,nan,success,60,ERP
False,0.9184752724886449,0.599609375,3,POP,0.1090976819396019,0.6619984209537506,0.3943350613117218,0.9024010300636292,sub-09,0,nan,S1_MOTION_WITHIN_SESSION,False,ses-04,0.23935557074840982,0.15821625292301178,20260811,nan,nan,success,60,ERP
False,0.9899978750536215,1.0,3,DET-NULL,0.060647957026958466,0.7093915641307831,0.3377092778682709,0.9056984782218933,sub-09,0,nan,S1_MOTION_WITHIN_SESSION,False,ses-04,0.22809896362015292,0.14023777842521667,20260811,nan,nan,success,60,ERP
False,0.980814393313752,0.599609375,3,DET-MATCH,0.04895973950624466,0.7284427285194397,0.3155721426010132,0.9153261780738831,sub-09,0,nan,S1_MOTION_WITHIN_SESSION,False,ses-04,0.21353983595314247,0.1319514662027359,20260811,nan,nan,success,60,ERP
True,0.861621301287174,1.0,3,DIFF-NULL,0.031092479825019836,0.7457367479801178,0.27713900804519653,0.9320215582847595,sub-09,8,6.984659139212075,S1_MOTION_WITHIN_SESSION,False,ses-04,0.18025904804826004,0.1575694978237152,20260811,nan,nan,success,60,ERP
True,0.861621301287174,1.0,3,DIFF-POP,0.031092479825019836,0.7457367479801178,0.27713900804519653,0.9320215582847595,sub-09,8,6.984659139212075,S1_MOTION_WITHIN_SESSION,False,ses-04,0.18025904804826004,0.1575694978237152,20260811,nan,nan,success,60,ERP
True,0.8960438512087712,1.0,3,DIFF-MATCH,0.025590628385543823,0.7684706896543503,0.2538575530052185,0.9387345314025879,sub-09,8,6.5515516299706,S1_MOTION_WITHIN_SESSION,False,ses-04,0.1657455595032586,0.14011672139167786,20260811,nan,nan,success,60,ERP
False,0.9847998391881815,0.599609375,3,DET-WRONG-1,0.07636302709579468,0.7187057435512543,0.3270525634288788,0.916590690612793,sub-09,0,nan,S1_MOTION_WITHIN_SESSION,False,ses-04,0.21580544788798298,0.13226555287837982,20260811,nan,nan,success,60,ERP
True,0.9047443000714798,1.0,3,DIFF-WRONG-1,0.02613687515258789,0.7709702551364899,0.25168853998184204,0.9389773607254028,sub-09,8,nan,S1_MOTION_WITHIN_SESSION,False,ses-04,0.16392570096991285,0.1360280066728592,20260811,nan,nan,success,60,ERP
False,0.9796759538771838,1.0,3,DET-WRONG-2,0.011338263750076294,0.7954403907060623,0.2378004640340805,0.9326992630958557,sub-09,0,nan,S1_MOTION_WITHIN_SESSION,False,ses-04,0.17890915231902732,0.09361878037452698,20260811,nan,nan,success,60,ERP
True,0.8869091003230059,1.0,3,DIFF-WRONG-2,0.021478012204170227,0.7777029275894165,0.242643803358078,0.9417499303817749,sub-09,8,nan,S1_MOTION_WITHIN_SESSION,False,ses-04,0.15692295751505006,0.14074814319610596,20260811,nan,nan,success,60,ERP
False,0.9466793085747794,1.0,3,DET-WRONG-3,0.031119778752326965,0.7766921520233154,0.24984969198703766,0.925176203250885,sub-09,0,nan,S1_MOTION_WITHIN_SESSION,False,ses-04,0.17919596072049715,0.1050674170255661,20260811,nan,nan,success,60,ERP
True,0.8540342821558624,1.0,3,DIFF-WRONG-3,0.02175423502922058,0.7622539550065994,0.25714343786239624,0.9402898550033569,sub-09,8,nan,S1_MOTION_WITHIN_SESSION,False,ses-04,0.15950178486169392,0.13735273480415344,20260811,nan,nan,success,60,ERP
False,0.9998411561582563,1.0,3,DET-SHUFFLED,0.060507580637931824,0.7135178446769714,0.3331763744354248,0.910652220249176,sub-09,0,nan,S1_MOTION_WITHIN_SESSION,False,ses-04,0.22202360489344483,0.13568668067455292,20260811,nan,nan,success,60,ERP
True,0.9054174535645332,1.0,3,DIFF-SHUFFLED,0.027624592185020447,0.7623064965009689,0.26114150881767273,0.939612090587616,sub-09,8,nan,S1_MOTION_WITHIN_SESSION,False,ses-04,0.16770319218155424,0.13714751601219177,20260811,nan,nan,success,60,ERP
False,1.0,1.0,3,RAW,0.0,1.0,0.0,1.0,sub-09,0,nan,S2_MOTION_XSPEED,False,ses-04,0.0,0.0,20260811,nan,nan,success,60,ERP
False,-1.0207109259043623,0.8046875,3,POP,0.10437453910708427,0.6565115451812744,0.39365044236183167,0.9018294811248779,sub-09,0,nan,S2_MOTION_XSPEED,False,ses-04,0.2499692607566653,0.17742827534675598,20260811,nan,nan,success,60,ERP
False,-0.9578688576484866,0.8046875,3,DET-NULL,0.058830223977565765,0.7038483321666718,0.33558419346809387,0.9059654474258423,sub-09,0,nan,S2_MOTION_XSPEED,False,ses-04,0.23740356976418314,0.14904183149337769,20260811,nan,nan,success,60,ERP
False,-0.940753378190563,0.8046875,3,DET-MATCH,0.050128594040870667,0.7324011921882629,0.30284491181373596,0.9142873287200928,sub-09,0,nan,S2_MOTION_XSPEED,False,ses-04,0.22169838451136045,0.13784855604171753,20260811,nan,nan,success,60,ERP
True,0.8922471780784591,1.0,3,DIFF-NULL,0.030539274215698242,0.7445884346961975,0.2775561809539795,0.9329279065132141,sub-09,8,6.984508696724387,S2_MOTION_XSPEED,False,ses-04,0.1864774655331441,0.15856139361858368,20260811,nan,nan,success,60,ERP
True,0.8922471780784591,1.0,3,DIFF-POP,0.030539274215698242,0.7445884346961975,0.2775561809539795,0.9329279065132141,sub-09,8,6.984508696724387,S2_MOTION_XSPEED,False,ses-04,0.1864774655331441,0.15856139361858368,20260811,nan,nan,success,60,ERP
True,0.9223001908630268,1.0,3,DIFF-MATCH,0.02681843936443329,0.7665482759475708,0.2556845545768738,0.9398112893104553,sub-09,8,6.513430601007798,S2_MOTION_XSPEED,False,ses-04,0.17416515872494404,0.13607348501682281,20260811,nan,nan,success,60,ERP
False,-1.0021255226137953,0.8046875,3,DET-WRONG-1,0.07337598502635956,0.6784659922122955,0.36700254678726196,0.9089411497116089,sub-09,0,nan,S2_MOTION_XSPEED,False,ses-04,0.23964120115870322,0.14275997877120972,20260811,nan,nan,success,60,ERP
True,0.9220893947696842,1.0,3,DIFF-WRONG-1,0.02502506971359253,0.7695591151714325,0.25189146399497986,0.9404937624931335,sub-09,8,nan,S2_MOTION_XSPEED,False,ses-04,0.17076011303144603,0.13763657212257385,20260811,nan,nan,success,60,ERP
False,-0.8601392249750808,0.8046875,3,DET-WRONG-2,0.02349524199962616,0.7699404656887054,0.25542372465133667,0.9251366257667542,sub-09,0,nan,S2_MOTION_XSPEED,False,ses-04,0.19565310508873526,0.12374315410852432,20260811,nan,nan,success,60,ERP
True,0.9241222990946563,1.0,3,DIFF-WRONG-2,0.021920010447502136,0.7706870138645172,0.2496025264263153,0.9407765865325928,sub-09,8,nan,S2_MOTION_XSPEED,False,ses-04,0.1660327800445037,0.1419239342212677,20260811,nan,nan,success,60,ERP
False,-0.910381570571277,0.8046875,3,DET-WRONG-3,0.035563334822654724,0.7553141117095947,0.2782100439071655,0.9143437147140503,sub-09,0,nan,S2_MOTION_XSPEED,False,ses-04,0.21706290148694868,0.12879441678524017,20260811,nan,nan,success,60,ERP
True,0.9143056553420674,1.0,3,DIFF-WRONG-3,0.02582089602947235,0.7658300846815109,0.25505557656288147,0.9379542469978333,sub-09,8,nan,S2_MOTION_XSPEED,False,ses-04,0.17286521231831894,0.1478295922279358,20260811,nan,nan,success,60,ERP
False,-0.9700988342288113,0.8046875,3,DET-SHUFFLED,0.05852902680635452,0.7049737274646759,0.3359052836894989,0.9098548889160156,sub-09,0,nan,S2_MOTION_XSPEED,False,ses-04,0.23329349323836807,0.1415480375289917,20260811,nan,nan,success,60,ERP
True,0.9235915336593095,1.0,3,DIFF-SHUFFLED,0.025341078639030457,0.7690028995275497,0.25278544425964355,0.9406884908676147,sub-09,8,nan,S2_MOTION_XSPEED,False,ses-04,0.17105259836712236,0.13614843785762787,20260811,nan,nan,success,60,ERP
False,nan,nan,3,RAW,0.0,1.0,0.0,1.0,sub-09,0,nan,S0_STATIC_XSESSION,False,ses-03,0.0,0.0,20260811,1.0,1.0,success,60,SSVEP
False,nan,nan,3,POP,0.04035198874771595,0.7992543429136276,0.20477962493896484,0.9452301263809204,sub-09,0,nan,S0_STATIC_XSESSION,False,ses-03,0.12692521400613932,0.21693404018878937,20260811,0.9889552778516996,0.9543478416139596,success,60,SSVEP
False,nan,nan,3,DET-NULL,0.02045604959130287,0.8518533259630203,0.1479499191045761,0.953798234462738,sub-09,0,nan,S0_STATIC_XSESSION,False,ses-03,0.12104188410563536,0.18091998994350433,20260811,0.9850822239314508,0.993824886843532,success,60,SSVEP
False,nan,nan,3,DET-MATCH,0.027889665216207504,0.8390408456325531,0.16084960103034973,0.9571320414543152,sub-09,0,nan,S0_STATIC_XSESSION,False,ses-03,0.11684529186900627,0.17065423727035522,20260811,0.985278759993786,0.9528005125900594,success,60,SSVEP
True,nan,nan,3,DIFF-NULL,0.01594405248761177,0.7737845629453659,0.23474560678005219,0.9600908756256104,sub-09,8,7.04578805146394,S0_STATIC_XSESSION,False,ses-03,0.08564244777201108,0.15577469766139984,20260811,0.9700653997256652,0.9242079259114868,success,60,SSVEP
True,nan,nan,3,DIFF-POP,0.01594405248761177,0.7737845629453659,0.23474560678005219,0.9600908756256104,sub-09,8,7.04578805146394,S0_STATIC_XSESSION,False,ses-03,0.08564244777201108,0.15577469766139984,20260811,0.9700653997256652,0.9242079259114868,success,60,SSVEP
True,nan,nan,3,DIFF-MATCH,0.011818606406450272,0.7946332544088364,0.21032333374023438,0.9641145467758179,sub-09,8,6.436416187992802,S0_STATIC_XSESSION,False,ses-03,0.07761159779519489,0.135872021317482,20260811,0.972470206456911,0.9380733237531201,success,60,SSVEP
False,nan,nan,3,DET-WRONG-1,0.02289630100131035,0.8513986468315125,0.14723895490169525,0.9577865600585938,sub-09,0,nan,S0_STATIC_XSESSION,False,ses-03,0.119894871775952,0.17924928665161133,20260811,0.9836995649693439,0.9988176606801145,success,60,SSVEP
True,nan,nan,3,DIFF-WRONG-1,0.01218440756201744,0.7935405075550079,0.21206271648406982,0.9639455080032349,sub-09,8,nan,S0_STATIC_XSESSION,False,ses-03,0.07943407451934067,0.14068643748760223,20260811,0.9714500605456832,0.9312867732626305,success,60,SSVEP
False,nan,nan,3,DET-WRONG-2,0.020985152572393417,0.8576737493276596,0.1413494497537613,0.9566851258277893,sub-09,0,nan,S0_STATIC_XSESSION,False,ses-03,0.11646209669610444,0.1688835173845291,20260811,0.9845904569868837,0.9849377175635439,success,60,SSVEP
True,nan,nan,3,DIFF-WRONG-2,0.013529222458600998,0.7916319072246552,0.21301323175430298,0.9630631804466248,sub-09,8,nan,S0_STATIC_XSESSION,False,ses-03,0.07911539258935356,0.14873401820659637,20260811,0.9710653792516754,0.934564063527234,success,60,SSVEP
False,nan,nan,3,DET-WRONG-3,0.030580822378396988,0.8304483443498611,0.16826646029949188,0.953587532043457,sub-09,0,nan,S0_STATIC_XSESSION,False,ses-03,0.13178731315588454,0.1942579746246338,20260811,0.9841994389386726,0.9848434385955961,success,60,SSVEP
True,nan,nan,3,DIFF-WRONG-3,0.014121908694505692,0.7925878614187241,0.21068347990512848,0.964986264705658,sub-09,8,nan,S0_STATIC_XSESSION,False,ses-03,0.0777095106872258,0.13831821084022522,20260811,0.971892070644174,0.9365485983009985,success,60,SSVEP
False,nan,nan,3,DET-SHUFFLED,0.02732057310640812,0.8422298729419708,0.15743927657604218,0.9574538469314575,sub-09,0,nan,S0_STATIC_XSESSION,False,ses-03,0.1131288703864185,0.1654849797487259,20260811,0.9862621910208326,0.9448712245040176,success,60,SSVEP
True,nan,nan,3,DIFF-SHUFFLED,0.011936705559492111,0.798884704709053,0.2059822976589203,0.9644172191619873,sub-09,8,nan,S0_STATIC_XSESSION,False,ses-03,0.07657891619491444,0.13529618084430695,20260811,0.9725007194501981,0.9381634637293784,success,60,SSVEP
False,nan,nan,3,RAW,0.0,1.0,0.0,1.0,sub-09,0,nan,S0_STATIC_XSESSION,False,ses-04,0.0,0.0,20260811,1.0,1.0,success,60,SSVEP
False,nan,nan,3,POP,0.07901309430599213,0.6714806258678436,0.3264349102973938,0.8930359482765198,sub-09,0,nan,S0_STATIC_XSESSION,False,ses-04,0.2610607525866933,0.45231133699417114,20260811,0.939745776899743,0.880188489705573,success,60,SSVEP
False,nan,nan,3,DET-NULL,0.06825889647006989,0.6982713639736176,0.29857832193374634,0.906221866607666,sub-09,0,nan,S0_STATIC_XSESSION,False,ses-04,0.24418012337423628,0.40814393758773804,20260811,0.939895339933658,0.9465047225083477,success,60,SSVEP
False,nan,nan,3,DET-MATCH,0.0836571455001831,0.6693481206893921,0.3268333375453949,0.9118829965591431,sub-09,0,nan,S0_STATIC_XSESSION,False,ses-04,0.24868637061690216,0.39556512236595154,20260811,0.9409092868695669,0.9726537382184718,success,60,SSVEP
True,nan,nan,3,DIFF-NULL,0.04055222123861313,0.7350600957870483,0.26555582880973816,0.938748300075531,sub-09,8,6.9748926692538795,S0_STATIC_XSESSION,False,ses-04,0.180162360377413,0.3308461308479309,20260811,0.987062404759324,0.978593310306549,success,60,SSVEP
True,nan,nan,3,DIFF-POP,0.04055222123861313,0.7350600957870483,0.26555582880973816,0.938748300075531,sub-09,8,6.9748926692538795,S0_STATIC_XSESSION,False,ses-04,0.180162360377413,0.3308461308479309,20260811,0.987062404759324,0.978593310306549,success,60,SSVEP
True,nan,nan,3,DIFF-MATCH,0.029490619897842407,0.766056165099144,0.2340274453163147,0.9478858113288879,sub-09,8,6.362455297399451,S0_STATIC_XSESSION,False,ses-04,0.15878907223819572,0.28614240884780884,20260811,0.9885725698554666,0.9855125155417259,success,60,SSVEP
False,nan,nan,3,DET-WRONG-1,0.05150119960308075,0.740226536989212,0.25850909948349,0.9155645966529846,sub-09,0,nan,S0_STATIC_XSESSION,False,ses-04,0.2304530534644577,0.36933717131614685,20260811,0.9358790068709669,0.9207151959805755,success,60,SSVEP
True,nan,nan,3,DIFF-WRONG-1,0.03312575817108154,0.763096958398819,0.23706591129302979,0.947931170463562,sub-09,8,nan,S0_STATIC_XSESSION,False,ses-04,0.1580306919601441,0.2902963161468506,20260811,0.9877339239316947,0.9837388028909245,success,60,SSVEP
False,nan,nan,3,DET-WRONG-2,0.06776672601699829,0.7192893624305725,0.2777559757232666,0.9115167260169983,sub-09,0,nan,S0_STATIC_XSESSION,False,ses-04,0.23815869755763341,0.3888123035430908,20260811,0.945673439527062,0.9624812317164726,success,60,SSVEP
True,nan,nan,3,DIFF-WRONG-2,0.035768941044807434,0.756595104932785,0.24311164021492004,0.9449495673179626,sub-09,8,nan,S0_STATIC_XSESSION,False,ses-04,0.16845930097682427,0.3003714680671692,20260811,0.9892214534693106,0.984166798172775,success,60,SSVEP
False,nan,nan,3,DET-WRONG-3,0.08253708481788635,0.6624642312526703,0.3349103331565857,0.9062745571136475,sub-09,0,nan,S0_STATIC_XSESSION,False,ses-04,0.25477825248485736,0.4092685282230377,20260811,0.9381263841976796,0.942654644776681,success,60,SSVEP
True,nan,nan,3,DIFF-WRONG-3,0.03319835662841797,0.7592787742614746,0.2402997463941574,0.9467017650604248,sub-09,8,nan,S0_STATIC_XSESSION,False,ses-04,0.16690740801889195,0.2971862256526947,20260811,0.9898818722080813,0.9859598450052207,success,60,SSVEP
False,nan,nan,3,DET-SHUFFLED,0.08613913506269455,0.6700455546379089,0.32603663206100464,0.9122292399406433,sub-09,0,nan,S0_STATIC_XSESSION,False,ses-04,0.24493560974230824,0.39637529850006104,20260811,0.9447670314965779,0.9834569775420243,success,60,SSVEP
True,nan,nan,3,DIFF-SHUFFLED,0.029752269387245178,0.7690255343914032,0.2309175580739975,0.9482964277267456,sub-09,8,nan,S0_STATIC_XSESSION,False,ses-04,0.15831006584381155,0.28487980365753174,20260811,0.9886928606477633,0.9870449189873339,success,60,SSVEP
False,nan,nan,3,RAW,0.0,1.0,0.0,1.0,sub-09,0,nan,S1_MOTION_WITHIN_SESSION,False,ses-03,0.0,0.0,20260811,1.0,1.0,success,60,SSVEP
False,nan,nan,3,POP,0.04087265022099018,0.802504152059555,0.20378883183002472,0.9458093047142029,sub-09,0,nan,S1_MOTION_WITHIN_SESSION,False,ses-03,0.1120178639867792,0.20100529491901398,20260811,0.9870145307216105,0.9681153528128384,success,60,SSVEP
False,nan,nan,3,DET-NULL,0.020228054374456406,0.856507197022438,0.14663057029247284,0.9547114968299866,sub-09,0,nan,S1_MOTION_WITHIN_SESSION,False,ses-03,0.10244694789181005,0.1526847779750824,20260811,0.9932362723845309,0.9635254703617571,success,60,SSVEP
False,nan,nan,3,DET-MATCH,0.022174078971147537,0.8587078005075455,0.1440393626689911,0.9589530229568481,sub-09,0,nan,S1_MOTION_WITHIN_SESSION,False,ses-03,0.09380419274198987,0.1412535160779953,20260811,0.9940102228843899,0.9562446207553683,success,60,SSVEP
True,nan,nan,3,DIFF-NULL,0.014466695487499237,0.780260443687439,0.23498310148715973,0.9572775363922119,sub-09,8,7.059956250070524,S1_MOTION_WITHIN_SESSION,False,ses-03,0.07841055115762377,0.14691506326198578,20260811,0.9890976675676362,0.9062988387107087,success,60,SSVEP
True,nan,nan,3,DIFF-POP,0.014466695487499237,0.780260443687439,0.23498310148715973,0.9572775363922119,sub-09,8,7.059956250070524,S1_MOTION_WITHIN_SESSION,False,ses-03,0.07841055115762377,0.14691506326198578,20260811,0.9890976675676362,0.9062988387107087,success,60,SSVEP
True,nan,nan,3,DIFF-MATCH,0.014035705476999283,0.7976483851671219,0.2088223248720169,0.9636988043785095,sub-09,8,6.633404282962575,S1_MOTION_WITHIN_SESSION,False,ses-03,0.07592873572700226,0.1425708383321762,20260811,0.9861506480988482,0.9161760724164023,success,60,SSVEP
False,nan,nan,3,DET-WRONG-1,0.018150482326745987,0.8679205924272537,0.13641051948070526,0.9624374508857727,sub-09,0,nan,S1_MOTION_WITHIN_SESSION,False,ses-03,0.07930020558493617,0.12939734756946564,20260811,0.9903967421001632,0.9487563320423652,success,60,SSVEP
True,nan,nan,3,DIFF-WRONG-1,0.012089654803276062,0.7975090593099594,0.2136470377445221,0.9603747725486755,sub-09,8,nan,S1_MOTION_WITHIN_SESSION,False,ses-03,0.0743703449557825,0.1370983123779297,20260811,0.9893578957755638,0.9139783455427475,success,60,SSVEP
False,nan,nan,3,DET-WRONG-2,0.04171779192984104,0.809109628200531,0.19169825315475464,0.9529339671134949,sub-09,0,nan,S1_MOTION_WITHIN_SESSION,False,ses-03,0.13069533821267648,0.1718488186597824,20260811,0.9950859547870067,0.9868115652057586,success,60,SSVEP
True,nan,nan,3,DIFF-WRONG-2,0.016161054372787476,0.7945057600736618,0.21069304645061493,0.9613296389579773,sub-09,8,nan,S1_MOTION_WITHIN_SESSION,False,ses-03,0.07887452979980769,0.14811761677265167,20260811,0.9871688476169469,0.9075971105605918,success,60,SSVEP
False,nan,nan,3,DET-WRONG-3,0.02042815461754799,0.8570184111595154,0.14420577883720398,0.9575056433677673,sub-09,0,nan,S1_MOTION_WITHIN_SESSION,False,ses-03,0.09177577715986761,0.14416855573654175,20260811,0.9962137397552373,0.930312098916216,success,60,SSVEP
True,nan,nan,3,DIFF-WRONG-3,0.020437557250261307,0.7838787585496902,0.2223365157842636,0.9631354212760925,sub-09,8,nan,S1_MOTION_WITHIN_SESSION,False,ses-03,0.07095227739584212,0.15110427141189575,20260811,0.9862789302797949,0.9145049658111799,success,60,SSVEP
False,nan,nan,3,DET-SHUFFLED,0.024416882544755936,0.8523605465888977,0.14954997599124908,0.9562695026397705,sub-09,0,nan,S1_MOTION_WITHIN_SESSION,False,ses-03,0.10586752856271406,0.150324746966362,20260811,0.9922037826451824,0.96109841365929,success,60,SSVEP
True,nan,nan,3,DIFF-SHUFFLED,0.012106787413358688,0.7985789328813553,0.20801767706871033,0.9638711214065552,sub-09,8,nan,S1_MOTION_WITHIN_SESSION,False,ses-03,0.07340341254290408,0.1391112357378006,20260811,0.9892038999449969,0.9201372749901233,success,60,SSVEP
False,nan,nan,3,RAW,0.0,1.0,0.0,1.0,sub-09,0,nan,S1_MOTION_WITHIN_SESSION,False,ses-04,0.0,0.0,20260811,1.0,1.0,success,60,SSVEP
False,nan,nan,3,POP,0.07776310294866562,0.6761378049850464,0.3263227939605713,0.8930848836898804,sub-09,0,nan,S1_MOTION_WITHIN_SESSION,False,ses-04,0.264575787968301,0.38086023926734924,20260811,0.9324358879031116,0.888205232941787,success,60,SSVEP
False,nan,nan,3,DET-NULL,0.06638315320014954,0.7020264267921448,0.29970410466194153,0.9061416387557983,sub-09,0,nan,S1_MOTION_WITHIN_SESSION,False,ses-04,0.2499937544418782,0.36060598492622375,20260811,0.9504694065073055,0.995106782076312,success,60,SSVEP
False,nan,nan,3,DET-MATCH,0.05675871670246124,0.705210953950882,0.2955198884010315,0.9165430068969727,sub-09,0,nan,S1_MOTION_WITHIN_SESSION,False,ses-04,0.2391047470691548,0.3431633412837982,20260811,0.9539627771726615,0.9935377488301714,success,60,SSVEP
True,nan,nan,3,DIFF-NULL,0.03787044435739517,0.7391464114189148,0.26273274421691895,0.940016508102417,sub-09,8,6.978216579404928,S1_MOTION_WITHIN_SESSION,False,ses-04,0.1820217588732866,0.28958481550216675,20260811,0.9811685190651878,0.9931233040768825,success,60,SSVEP
True,nan,nan,3,DIFF-POP,0.03787044435739517,0.7391464114189148,0.26273274421691895,0.940016508102417,sub-09,8,6.978216579404928,S1_MOTION_WITHIN_SESSION,False,ses-04,0.1820217588732866,0.28958481550216675,20260811,0.9811685190651878,0.9931233040768825,success,60,SSVEP
True,nan,nan,3,DIFF-MATCH,0.031254857778549194,0.7462959289550781,0.2547488510608673,0.9523484706878662,sub-09,8,6.6281791299076405,S1_MOTION_WITHIN_SESSION,False,ses-04,0.17342593893791725,0.26659202575683594,20260811,0.9869182940303901,0.9736695701598791,success,60,SSVEP
False,nan,nan,3,DET-WRONG-1,0.08287118375301361,0.6594221889972687,0.3430534303188324,0.9064344167709351,sub-09,0,nan,S1_MOTION_WITHIN_SESSION,False,ses-04,0.2637536830146881,0.3660808801651001,20260811,0.9518030224866709,0.9859734727644694,success,60,SSVEP
True,nan,nan,3,DIFF-WRONG-1,0.03182559460401535,0.7602718025445938,0.24061116576194763,0.9462058544158936,sub-09,8,nan,S1_MOTION_WITHIN_SESSION,False,ses-04,0.17180826883105843,0.2666862905025482,20260811,0.9841854826657122,0.9835995829980085,success,60,SSVEP
False,nan,nan,3,DET-WRONG-2,0.0471169576048851,0.7458673417568207,0.2570679485797882,0.9165163040161133,sub-09,0,nan,S1_MOTION_WITHIN_SESSION,False,ses-04,0.2336958191145534,0.32547807693481445,20260811,0.9451702789184975,0.9517653601585658,success,60,SSVEP
True,nan,nan,3,DIFF-WRONG-2,0.03168362379074097,0.7583218961954117,0.24464689195156097,0.9479869604110718,sub-09,8,nan,S1_MOTION_WITHIN_SESSION,False,ses-04,0.16393253111002964,0.25989800691604614,20260811,0.9865352869003721,0.9925381096151622,success,60,SSVEP
False,nan,nan,3,DET-WRONG-3,0.032107844948768616,0.7949677854776382,0.2053200900554657,0.9295898675918579,sub-09,0,nan,S1_MOTION_WITHIN_SESSION,False,ses-04,0.1907460625316851,0.2749635577201843,20260811,0.9708783529562252,0.9982618069815165,success,60,SSVEP
True,nan,nan,3,DIFF-WRONG-3,0.037505291402339935,0.7457505464553833,0.25628989934921265,0.9459580183029175,sub-09,8,nan,S1_MOTION_WITHIN_SESSION,False,ses-04,0.1739057247392189,0.27902793884277344,20260811,0.9841390416020204,0.9947157140299471,success,60,SSVEP
False,nan,nan,3,DET-SHUFFLED,0.06912083178758621,0.689395397901535,0.3122366666793823,0.9109032154083252,sub-09,0,nan,S1_MOTION_WITHIN_SESSION,False,ses-04,0.24980620407042406,0.3567349910736084,20260811,0.9522785441057682,0.9802367534397844,success,60,SSVEP
True,nan,nan,3,DIFF-SHUFFLED,0.030753888189792633,0.7500937879085541,0.2510996460914612,0.9528170824050903,sub-09,8,nan,S1_MOTION_WITHIN_SESSION,False,ses-04,0.17145142306131275,0.26417645812034607,20260811,0.9867952083237141,0.9739687870426511,success,60,SSVEP
False,nan,nan,3,RAW,0.0,1.0,0.0,1.0,sub-09,0,nan,S2_MOTION_XSPEED,False,ses-04,0.0,0.0,20260811,1.0,1.0,success,60,SSVEP
False,nan,nan,3,POP,0.07901309430599213,0.6714806258678436,0.3264349102973938,0.8930359482765198,sub-09,0,nan,S2_MOTION_XSPEED,False,ses-04,0.2610607525866933,0.45231133699417114,20260811,0.939745776899743,0.880188489705573,success,60,SSVEP
False,nan,nan,3,DET-NULL,0.06825889647006989,0.6982713639736176,0.29857832193374634,0.906221866607666,sub-09,0,nan,S2_MOTION_XSPEED,False,ses-04,0.24418012337423628,0.40814393758773804,20260811,0.939895339933658,0.9465047225083477,success,60,SSVEP
False,nan,nan,3,DET-MATCH,0.06526699662208557,0.7040951550006866,0.29326358437538147,0.9117637276649475,sub-09,0,nan,S2_MOTION_XSPEED,False,ses-04,0.23253647358205315,0.39708927273750305,20260811,0.9417210722874825,0.9471245494249971,success,60,SSVEP
True,nan,nan,3,DIFF-NULL,0.04055222123861313,0.7350600957870483,0.26555582880973816,0.938748300075531,sub-09,8,6.9748926692538795,S2_MOTION_XSPEED,False,ses-04,0.180162360377413,0.3308461308479309,20260811,0.987062404759324,0.978593310306549,success,60,SSVEP
True,nan,nan,3,DIFF-POP,0.04055222123861313,0.7350600957870483,0.26555582880973816,0.938748300075531,sub-09,8,6.9748926692538795,S2_MOTION_XSPEED,False,ses-04,0.180162360377413,0.3308461308479309,20260811,0.987062404759324,0.978593310306549,success,60,SSVEP
True,nan,nan,3,DIFF-MATCH,0.03485191613435745,0.7585141509771347,0.2409147471189499,0.948911726474762,sub-09,8,6.543704025833695,S2_MOTION_XSPEED,False,ses-04,0.16717885035022326,0.29737362265586853,20260811,0.9909031882003224,0.99208196132459,success,60,SSVEP
False,nan,nan,3,DET-WRONG-1,0.041582345962524414,0.7719750851392746,0.22614581882953644,0.9201096296310425,sub-09,0,nan,S2_MOTION_XSPEED,False,ses-04,0.21433054104918065,0.3464103043079376,20260811,0.9474486234629672,0.9390321080578721,success,60,SSVEP
True,nan,nan,3,DIFF-WRONG-1,0.03768543154001236,0.752057820558548,0.24807009100914001,0.9440032243728638,sub-09,8,nan,S2_MOTION_XSPEED,False,ses-04,0.16903109317417503,0.31007707118988037,20260811,0.9897036707471759,0.9827823387383319,success,60,SSVEP
False,nan,nan,3,DET-WRONG-2,0.039239704608917236,0.7689283192157745,0.22601363062858582,0.9239087104797363,sub-09,0,nan,S2_MOTION_XSPEED,False,ses-04,0.21504880863411444,0.34039783477783203,20260811,0.9500367689814317,0.9798785907941548,success,60,SSVEP
True,nan,nan,3,DIFF-WRONG-2,0.029799312353134155,0.7663920819759369,0.23384679853916168,0.9473874568939209,sub-09,8,nan,S2_MOTION_XSPEED,False,ses-04,0.15758806570897269,0.2880113124847412,20260811,0.9886645429535836,0.9855077436462011,success,60,SSVEP
False,nan,nan,3,DET-WRONG-3,0.04963620752096176,0.7422822415828705,0.254675954580307,0.9211368560791016,sub-09,0,nan,S2_MOTION_XSPEED,False,ses-04,0.2141761916424693,0.36261335015296936,20260811,0.9374295563213987,0.9678862033618223,success,60,SSVEP
True,nan,nan,3,DIFF-WRONG-3,0.03197803348302841,0.7594707906246185,0.2404828816652298,0.9450236558914185,sub-09,8,nan,S2_MOTION_XSPEED,False,ses-04,0.16645872595440647,0.298073947429657,20260811,0.9899524308142855,0.9858580708858531,success,60,SSVEP
False,nan,nan,3,DET-SHUFFLED,0.07410746812820435,0.6912689805030823,0.30563512444496155,0.9074310064315796,sub-09,0,nan,S2_MOTION_XSPEED,False,ses-04,0.24788255613741367,0.40104812383651733,20260811,0.9397173491044387,0.9519495312635328,success,60,SSVEP
True,nan,nan,3,DIFF-SHUFFLED,0.03177785128355026,0.7631559818983078,0.2367139607667923,0.9492532014846802,sub-09,8,nan,S2_MOTION_XSPEED,False,ses-04,0.16141768680181065,0.28861474990844727,20260811,0.9898482430450112,0.9887888441280978,success,60,SSVEP
False,1.0,1.0,3,RAW,0.0,1.0,0.0,1.0,sub-19,0,nan,S0_STATIC_XSESSION,False,ses-03,0.0,0.0,20260811,nan,nan,success,60,ERP
False,0.8513319561560767,1.0,3,POP,0.052205007523298264,0.7070045173168182,0.07394847273826599,0.9760457277297974,sub-19,0,nan,S0_STATIC_XSESSION,False,ses-03,0.3019294289560727,0.41821953654289246,20260811,nan,nan,success,60,ERP
False,0.855508311724527,1.0,3,DET-NULL,0.02351025491952896,0.7825288325548172,0.022222675383090973,0.996103048324585,sub-19,0,nan,S0_STATIC_XSESSION,False,ses-03,0.23354612972787225,0.3309325575828552,20260811,nan,nan,success,60,ERP
False,0.8652392188407194,1.0,3,DET-MATCH,0.0214676596224308,0.7855041176080704,0.020694255828857422,0.9972507953643799,sub-19,0,nan,S0_STATIC_XSESSION,False,ses-03,0.21505853494838206,0.2987057566642761,20260811,nan,nan,success,60,ERP
True,0.9321820001071697,1.0,3,DIFF-NULL,0.02042996510863304,0.7091878056526184,0.05139855667948723,0.9895499348640442,sub-19,8,7.300996324067475,S0_STATIC_XSESSION,False,ses-03,0.19016222460725746,0.2427632361650467,20260811,nan,nan,success,60,ERP
True,0.9321820001071697,1.0,3,DIFF-POP,0.02042996510863304,0.7091878056526184,0.05139855667948723,0.9895499348640442,sub-19,8,7.300996324067475,S0_STATIC_XSESSION,False,ses-03,0.19016222460725746,0.2427632361650467,20260811,nan,nan,success,60,ERP
True,0.932406934078658,1.0,3,DIFF-MATCH,0.017143845558166504,0.7385961413383484,0.04889728128910065,0.9898951053619385,sub-19,8,6.7898491659472064,S0_STATIC_XSESSION,False,ses-03,0.16254811769765978,0.21385276317596436,20260811,nan,nan,success,60,ERP
False,0.8807875758753154,1.0,3,DET-WRONG-1,0.01630663499236107,0.7977847754955292,0.01980629563331604,0.9966297149658203,sub-19,0,nan,S0_STATIC_XSESSION,False,ses-03,0.22223961464475891,0.3150291442871094,20260811,nan,nan,success,60,ERP
True,0.9277090604042115,1.0,3,DIFF-WRONG-1,0.017597928643226624,0.7344874739646912,0.04933728277683258,0.9899179935455322,sub-19,8,nan,S0_STATIC_XSESSION,False,ses-03,0.1644753013650305,0.21678689122200012,20260811,nan,nan,success,60,ERP
False,0.888043869730903,1.0,3,DET-WRONG-2,0.012817665934562683,0.820486456155777,0.017504442483186722,0.9971572756767273,sub-19,0,nan,S0_STATIC_XSESSION,False,ses-03,0.19618054294307352,0.27980494499206543,20260811,nan,nan,success,60,ERP
True,0.9316106325038689,1.0,3,DIFF-WRONG-2,0.016788393259048462,0.7397707104682922,0.048875294625759125,0.9899012446403503,sub-19,8,nan,S0_STATIC_XSESSION,False,ses-03,0.16086798848050826,0.21169587969779968,20260811,nan,nan,success,60,ERP
False,0.9250279860103566,1.0,3,DET-WRONG-3,0.010446932166814804,0.8214555382728577,0.017645927146077156,0.997013509273529,sub-19,0,nan,S0_STATIC_XSESSION,False,ses-03,0.18014894046238877,0.25986194610595703,20260811,nan,nan,success,60,ERP
True,0.9321504876184104,1.0,3,DIFF-WRONG-3,0.016492947936058044,0.7414005398750305,0.04870925471186638,0.9900122880935669,sub-19,8,nan,S0_STATIC_XSESSION,False,ses-03,0.16155375473372724,0.2117718756198883,20260811,nan,nan,success,60,ERP
False,0.8489643766934991,1.0,3,DET-SHUFFLED,0.027082644402980804,0.7788550704717636,0.022478124126791954,0.9962818622589111,sub-19,0,nan,S0_STATIC_XSESSION,False,ses-03,0.2303392541972342,0.32753831148147583,20260811,nan,nan,success,60,ERP
True,0.9314500818068283,1.0,3,DIFF-SHUFFLED,0.017972737550735474,0.7344529628753662,0.04894735664129257,0.9898102879524231,sub-19,8,nan,S0_STATIC_XSESSION,False,ses-03,0.1686035896138242,0.22167307138442993,20260811,nan,nan,success,60,ERP
False,1.0,1.0,3,RAW,0.0,1.0,0.0,1.0,sub-19,0,nan,S0_STATIC_XSESSION,False,ses-04,0.0,0.0,20260811,nan,nan,success,60,ERP
False,0.9945967696816591,0.86328125,3,POP,0.02872050553560257,0.7395799160003662,0.34158867597579956,0.8775375485420227,sub-19,0,nan,S0_STATIC_XSESSION,False,ses-04,0.1862455849808463,0.09933774173259735,20260811,nan,nan,success,60,ERP
False,0.9571388916384419,0.873046875,3,DET-NULL,0.022081471979618073,0.7557898759841919,0.3244223892688751,0.8859452605247498,sub-19,0,nan,S0_STATIC_XSESSION,False,ses-04,0.14119189464821086,0.08280704915523529,20260811,nan,nan,success,60,ERP
False,0.9558693154186804,0.873046875,3,DET-MATCH,0.02456352859735489,0.7801017016172409,0.29564526677131653,0.9038817882537842,sub-19,0,nan,S0_STATIC_XSESSION,False,ses-04,0.12385404385323712,0.0746997743844986,20260811,nan,nan,success,60,ERP
True,0.9412119699323662,1.0,3,DIFF-NULL,0.01360311359167099,0.7863382250070572,0.2631480097770691,0.9099037647247314,sub-19,8,7.008749239862302,S0_STATIC_XSESSION,False,ses-04,0.15550310359740463,0.12710052728652954,20260811,nan,nan,success,60,ERP
True,0.9412119699323662,1.0,3,DIFF-POP,0.01360311359167099,0.7863382250070572,0.2631480097770691,0.9099037647247314,sub-19,8,7.008749239862302,S0_STATIC_XSESSION,False,ses-04,0.15550310359740463,0.12710052728652954,20260811,nan,nan,success,60,ERP
True,0.9577481512896664,1.0,3,DIFF-MATCH,0.01201418787240982,0.805298462510109,0.23819640278816223,0.9165703654289246,sub-19,8,6.501522772729734,S0_STATIC_XSESSION,False,ses-04,0.14785646579981354,0.12148072570562363,20260811,nan,nan,success,60,ERP
False,0.9909964745296406,0.873046875,3,DET-WRONG-1,0.012711629271507263,0.8038831055164337,0.2614271342754364,0.8968837857246399,sub-19,0,nan,S0_STATIC_XSESSION,False,ses-04,0.12505611790854304,0.07136963307857513,20260811,nan,nan,success,60,ERP
True,0.9601125169260527,1.0,3,DIFF-WRONG-1,0.012310810387134552,0.8027546554803848,0.24207384884357452,0.9158291816711426,sub-19,8,nan,S0_STATIC_XSESSION,False,ses-04,0.14842042177279197,0.12158741056919098,20260811,nan,nan,success,60,ERP
False,0.9711502008434368,0.873046875,3,DET-WRONG-2,0.00742311030626297,0.8229295760393143,0.23598559200763702,0.9066942930221558,sub-19,0,nan,S0_STATIC_XSESSION,False,ses-04,0.11458183592311365,0.06453824043273926,20260811,nan,nan,success,60,ERP
True,0.9610499297527241,1.0,3,DIFF-WRONG-2,0.011564455926418304,0.8077543526887894,0.23488236963748932,0.9180565476417542,sub-19,8,nan,S0_STATIC_XSESSION,False,ses-04,0.1454315112519559,0.1210610419511795,20260811,nan,nan,success,60,ERP
False,0.982873045116709,0.873046875,3,DET-WRONG-3,0.0011769235134124756,0.8386133313179016,0.21355454623699188,0.9168039560317993,sub-19,0,nan,S0_STATIC_XSESSION,False,ses-04,0.10153597768528806,0.061373669654130936,20260811,nan,nan,success,60,ERP
True,0.9530307659985188,1.0,3,DIFF-WRONG-3,0.010181598365306854,0.8099686205387115,0.232156902551651,0.9190256595611572,sub-19,8,nan,S0_STATIC_XSESSION,False,ses-04,0.14547623802828136,0.11979258805513382,20260811,nan,nan,success,60,ERP
False,0.9007654038328291,0.873046875,3,DET-SHUFFLED,0.02501751482486725,0.7474805414676666,0.3360636830329895,0.887744128704071,sub-19,0,nan,S0_STATIC_XSESSION,False,ses-04,0.14046410402189505,0.08161132037639618,20260811,nan,nan,success,60,ERP
True,0.9551684076227782,1.0,3,DIFF-SHUFFLED,0.012641288340091705,0.8024493753910065,0.2423790544271469,0.9146507382392883,sub-19,8,nan,S0_STATIC_XSESSION,False,ses-04,0.148875632939238,0.12231983989477158,20260811,nan,nan,success,60,ERP
False,1.0,1.0,3,RAW,0.0,1.0,0.0,1.0,sub-19,0,nan,S1_MOTION_WITHIN_SESSION,False,ses-03,0.0,0.0,20260811,nan,nan,success,60,ERP
False,0.8766320454144119,1.0,3,POP,0.050558986607939005,0.7129551470279694,0.07441487908363342,0.9757212996482849,sub-19,0,nan,S1_MOTION_WITHIN_SESSION,False,ses-03,0.2881337618460214,0.41977185010910034,20260811,nan,nan,success,60,ERP
False,0.8784026139433021,1.0,3,DET-NULL,0.023307379335165024,0.7867095917463303,0.021361077204346657,0.9961662292480469,sub-19,0,nan,S1_MOTION_WITHIN_SESSION,False,ses-03,0.2232179112291974,0.3351803421974182,20260811,nan,nan,success,60,ERP
False,0.8703234749625313,1.0,3,DET-MATCH,0.02860543318092823,0.7774426341056824,0.02245219610631466,0.9962946176528931,sub-19,0,nan,S1_MOTION_WITHIN_SESSION,False,ses-03,0.21822432807395076,0.32973411679267883,20260811,nan,nan,success,60,ERP
True,0.976997069657626,1.0,3,DIFF-NULL,0.022751856595277786,0.7147278189659119,0.050384216010570526,0.9895230531692505,sub-19,8,7.301382925931145,S1_MOTION_WITHIN_SESSION,False,ses-03,0.19262662574719402,0.24690601229667664,20260811,nan,nan,success,60,ERP
True,0.976997069657626,1.0,3,DIFF-POP,0.022751856595277786,0.7147278189659119,0.050384216010570526,0.9895230531692505,sub-19,8,7.301382925931145,S1_MOTION_WITHIN_SESSION,False,ses-03,0.19262662574719402,0.24690601229667664,20260811,nan,nan,success,60,ERP
True,0.9646096688466246,1.0,3,DIFF-MATCH,0.019482523202896118,0.7462599277496338,0.047719113528728485,0.9900646209716797,sub-19,8,6.740409315333647,S1_MOTION_WITHIN_SESSION,False,ses-03,0.15719949084378043,0.20914290845394135,20260811,nan,nan,success,60,ERP
False,0.9138081221427826,1.0,3,DET-WRONG-1,0.010847106575965881,0.8218221962451935,0.016561154276132584,0.9977238178253174,sub-19,0,nan,S1_MOTION_WITHIN_SESSION,False,ses-03,0.17409042028752586,0.2538384199142456,20260811,nan,nan,success,60,ERP
True,0.9683278497297867,1.0,3,DIFF-WRONG-1,0.01713234931230545,0.7508949190378189,0.0468720868229866,0.9901297092437744,sub-19,8,nan,S1_MOTION_WITHIN_SESSION,False,ses-03,0.15377432914811068,0.20229125022888184,20260811,nan,nan,success,60,ERP
False,0.8808635752261363,1.0,3,DET-WRONG-2,0.021177947521209717,0.802529975771904,0.0196770578622818,0.9965369701385498,sub-19,0,nan,S1_MOTION_WITHIN_SESSION,False,ses-03,0.19876162755422547,0.29835739731788635,20260811,nan,nan,success,60,ERP
True,0.9595059474153783,1.0,3,DIFF-WRONG-2,0.020303688943386078,0.7453092336654663,0.048125218600034714,0.9900704622268677,sub-19,8,nan,S1_MOTION_WITHIN_SESSION,False,ses-03,0.15730484317225896,0.21043284237384796,20260811,nan,nan,success,60,ERP
False,0.955800533489455,1.0,3,DET-WRONG-3,0.010973278433084488,0.7836984694004059,0.02004530280828476,0.9971460700035095,sub-19,0,nan,S1_MOTION_WITHIN_SESSION,False,ses-03,0.192962872373579,0.2853558361530304,20260811,nan,nan,success,60,ERP
True,0.9865120353649927,1.0,3,DIFF-WRONG-3,0.016718104481697083,0.7301844358444214,0.04991891607642174,0.9899911284446716,sub-19,8,nan,S1_MOTION_WITHIN_SESSION,False,ses-03,0.16593212567070953,0.21278388798236847,20260811,nan,nan,success,60,ERP
False,0.8747839632165724,1.0,3,DET-SHUFFLED,0.026650533080101013,0.7843568325042725,0.021779950708150864,0.9962618350982666,sub-19,0,nan,S1_MOTION_WITHIN_SESSION,False,ses-03,0.2153119795668725,0.3254585266113281,20260811,nan,nan,success,60,ERP
True,0.9612412113992513,1.0,3,DIFF-SHUFFLED,0.019558489322662354,0.7442229092121124,0.04802770912647247,0.990159273147583,sub-19,8,nan,S1_MOTION_WITHIN_SESSION,False,ses-03,0.15638431254977653,0.20920690894126892,20260811,nan,nan,success,60,ERP
False,1.0,1.0,3,RAW,0.0,1.0,0.0,1.0,sub-19,0,nan,S1_MOTION_WITHIN_SESSION,False,ses-04,0.0,0.0,20260811,nan,nan,success,60,ERP
False,0.8806755085458227,1.0,3,POP,0.028749391436576843,0.7420727014541626,0.3356873095035553,0.8813244104385376,sub-19,0,nan,S1_MOTION_WITHIN_SESSION,False,ses-04,0.1847354308244193,0.1185532882809639,20260811,nan,nan,success,60,ERP
False,0.958055046988285,0.873046875,3,DET-NULL,0.021332532167434692,0.7647169530391693,0.3167908191680908,0.8898360729217529,sub-19,0,nan,S1_MOTION_WITHIN_SESSION,False,ses-04,0.13558046489346975,0.09906671941280365,20260811,nan,nan,success,60,ERP
False,0.9951373449563727,0.873046875,3,DET-MATCH,0.0310809388756752,0.7440554797649384,0.3470151722431183,0.8907027840614319,sub-19,0,nan,S1_MOTION_WITHIN_SESSION,False,ses-04,0.1380863421485038,0.09916185587644577,20260811,nan,nan,success,60,ERP
True,-0.828068886174848,0.658203125,3,DIFF-NULL,0.014415904879570007,0.7925533354282379,0.25929367542266846,0.9106383919715881,sub-19,8,7.01333306887135,S1_MOTION_WITHIN_SESSION,False,ses-04,0.15378180206136927,0.12512452900409698,20260811,nan,nan,success,60,ERP
True,-0.828068886174848,0.658203125,3,DIFF-POP,0.014415904879570007,0.7925533354282379,0.25929367542266846,0.9106383919715881,sub-19,8,7.01333306887135,S1_MOTION_WITHIN_SESSION,False,ses-04,0.15378180206136927,0.12512452900409698,20260811,nan,nan,success,60,ERP
True,-0.8172239963410408,0.658203125,3,DIFF-MATCH,0.014696024358272552,0.8031158447265625,0.24728350341320038,0.9175885319709778,sub-19,8,6.636105839510142,S1_MOTION_WITHIN_SESSION,False,ses-04,0.14675362970045536,0.11705464124679565,20260811,nan,nan,success,60,ERP
False,0.8201141925922427,0.86328125,3,DET-WRONG-1,0.007890574634075165,0.8253330141305923,0.23319514095783234,0.9230513572692871,sub-19,0,nan,S1_MOTION_WITHIN_SESSION,False,ses-04,0.09725765975401239,0.07614242285490036,20260811,nan,nan,success,60,ERP
True,-0.8369613016011581,0.658203125,3,DIFF-WRONG-1,0.011142365634441376,0.8176486641168594,0.22546274960041046,0.9222361445426941,sub-19,8,nan,S1_MOTION_WITHIN_SESSION,False,ses-04,0.14094770325759712,0.11420640349388123,20260811,nan,nan,success,60,ERP
False,0.9603725997731772,0.873046875,3,DET-WRONG-2,0.025466375052928925,0.7728471010923386,0.30500924587249756,0.901044487953186,sub-19,0,nan,S1_MOTION_WITHIN_SESSION,False,ses-04,0.12565128014157195,0.09384176880121231,20260811,nan,nan,success,60,ERP
True,-0.8203757155204638,0.658203125,3,DIFF-WRONG-2,0.013329386711120605,0.8088397681713104,0.2375972867012024,0.916980504989624,sub-19,8,nan,S1_MOTION_WITHIN_SESSION,False,ses-04,0.14726414582861463,0.11765781044960022,20260811,nan,nan,success,60,ERP
False,-0.8975615871053482,0.658203125,3,DET-WRONG-3,0.0037778466939926147,0.8189703226089478,0.23752185702323914,0.9233459234237671,sub-19,0,nan,S1_MOTION_WITHIN_SESSION,False,ses-04,0.09859168047736477,0.07748236507177353,20260811,nan,nan,success,60,ERP
True,-0.8273881453536986,0.658203125,3,DIFF-WRONG-3,0.011245481669902802,0.803559198975563,0.2410256564617157,0.9219922423362732,sub-19,8,nan,S1_MOTION_WITHIN_SESSION,False,ses-04,0.14684778868397252,0.11992143094539642,20260811,nan,nan,success,60,ERP
False,0.9835706554742,0.873046875,3,DET-SHUFFLED,0.027720101177692413,0.7540775090456009,0.33271318674087524,0.8918241262435913,sub-19,0,nan,S1_MOTION_WITHIN_SESSION,False,ses-04,0.13542047922939576,0.09772302955389023,20260811,nan,nan,success,60,ERP
True,-0.8124117564503008,0.658203125,3,DIFF-SHUFFLED,0.014386951923370361,0.7947883903980255,0.25988346338272095,0.9214723706245422,sub-19,8,nan,S1_MOTION_WITHIN_SESSION,False,ses-04,0.1466557112631762,0.1164117306470871,20260811,nan,nan,success,60,ERP
False,1.0,1.0,3,RAW,0.0,1.0,0.0,1.0,sub-19,0,nan,S2_MOTION_XSPEED,False,ses-04,0.0,0.0,20260811,nan,nan,success,60,ERP
False,0.9945967696816591,0.86328125,3,POP,0.02872050553560257,0.7395799160003662,0.34158867597579956,0.8775375485420227,sub-19,0,nan,S2_MOTION_XSPEED,False,ses-04,0.1862455849808463,0.09933774173259735,20260811,nan,nan,success,60,ERP
False,0.9571388916384419,0.873046875,3,DET-NULL,0.022081471979618073,0.7557898759841919,0.3244223892688751,0.8859452605247498,sub-19,0,nan,S2_MOTION_XSPEED,False,ses-04,0.14119189464821086,0.08280704915523529,20260811,nan,nan,success,60,ERP
False,0.893853647009297,0.873046875,3,DET-MATCH,0.029086515307426453,0.7351038455963135,0.35311460494995117,0.8862582445144653,sub-19,0,nan,S2_MOTION_XSPEED,False,ses-04,0.14359720854448443,0.0828896015882492,20260811,nan,nan,success,60,ERP
True,0.9412119699323662,1.0,3,DIFF-NULL,0.01360311359167099,0.7863382250070572,0.2631480097770691,0.9099037647247314,sub-19,8,7.008749239862302,S2_MOTION_XSPEED,False,ses-04,0.15550310359740463,0.12710052728652954,20260811,nan,nan,success,60,ERP
True,0.9412119699323662,1.0,3,DIFF-POP,0.01360311359167099,0.7863382250070572,0.2631480097770691,0.9099037647247314,sub-19,8,7.008749239862302,S2_MOTION_XSPEED,False,ses-04,0.15550310359740463,0.12710052728652954,20260811,nan,nan,success,60,ERP
True,0.9615785938103366,1.0,3,DIFF-MATCH,0.012790925800800323,0.806698814034462,0.23712414503097534,0.9174869060516357,sub-19,8,6.450623544596009,S2_MOTION_XSPEED,False,ses-04,0.1461508631208777,0.11948901414871216,20260811,nan,nan,success,60,ERP
False,0.9710430986893044,0.873046875,3,DET-WRONG-1,0.015670597553253174,0.8107525110244751,0.25246408581733704,0.9167072772979736,sub-19,0,nan,S2_MOTION_XSPEED,False,ses-04,0.10106631466183791,0.06610360741615295,20260811,nan,nan,success,60,ERP
True,0.9637181916383245,1.0,3,DIFF-WRONG-1,0.012060828506946564,0.808259055018425,0.23389758169651031,0.9196614623069763,sub-19,8,nan,S2_MOTION_XSPEED,False,ses-04,0.14402287513435297,0.12097292393445969,20260811,nan,nan,success,60,ERP
False,0.9629446108739106,0.873046875,3,DET-WRONG-2,0.018700703978538513,0.7939556390047073,0.274362176656723,0.899915337562561,sub-19,0,nan,S2_MOTION_XSPEED,False,ses-04,0.12392293107317555,0.07187148928642273,20260811,nan,nan,success,60,ERP
True,0.9596576017490026,1.0,3,DIFF-WRONG-2,0.012421488761901855,0.8033578395843506,0.24100948870182037,0.9159240126609802,sub-19,8,nan,S2_MOTION_XSPEED,False,ses-04,0.14791822094534363,0.12153161317110062,20260811,nan,nan,success,60,ERP
False,0.9782356685580549,0.873046875,3,DET-WRONG-3,0.0012038648128509521,0.836468443274498,0.21647506952285767,0.9158076047897339,sub-19,0,nan,S2_MOTION_XSPEED,False,ses-04,0.10330088244045069,0.06172872334718704,20260811,nan,nan,success,60,ERP
True,0.958000501570636,1.0,3,DIFF-WRONG-3,0.00995028018951416,0.80683334171772,0.2366725504398346,0.9190991520881653,sub-19,8,nan,S2_MOTION_XSPEED,False,ses-04,0.14600249176118985,0.12043143808841705,20260811,nan,nan,success,60,ERP
False,0.9089660054828478,0.873046875,3,DET-SHUFFLED,0.025906510651111603,0.744887113571167,0.3398897349834442,0.8872172832489014,sub-19,0,nan,S2_MOTION_XSPEED,False,ses-04,0.1412714823807115,0.0817728117108345,20260811,nan,nan,success,60,ERP
True,0.959154857390792,1.0,3,DIFF-SHUFFLED,0.012337259948253632,0.8057151734828949,0.23875996470451355,0.9177414774894714,sub-19,8,nan,S2_MOTION_XSPEED,False,ses-04,0.1461947500142572,0.11879889667034149,20260811,nan,nan,success,60,ERP
False,nan,nan,3,RAW,0.0,1.0,0.0,1.0,sub-19,0,nan,S0_STATIC_XSESSION,False,ses-03,0.0,0.0,20260811,1.0,1.0,success,60,SSVEP
False,nan,nan,3,POP,0.034580616280436516,0.7991766333580017,0.22230598330497742,0.9115495681762695,sub-19,0,nan,S0_STATIC_XSESSION,False,ses-03,0.20672909187743216,0.24857620894908905,20260811,0.9946317152760836,0.9506592716442525,success,60,SSVEP
False,nan,nan,3,DET-NULL,0.021138137206435204,0.8492336720228195,0.15999458730220795,0.9262658953666687,sub-19,0,nan,S0_STATIC_XSESSION,False,ses-03,0.16548838348540398,0.19023561477661133,20260811,0.9987949446514146,0.9793021395556739,success,60,SSVEP
False,nan,nan,3,DET-MATCH,0.02118552476167679,0.8572182953357697,0.15480604767799377,0.9298341274261475,sub-19,0,nan,S0_STATIC_XSESSION,False,ses-03,0.15149275472059315,0.17230594158172607,20260811,0.9971825779764515,0.9834105565094886,success,60,SSVEP
True,nan,nan,3,DIFF-NULL,0.01364617794752121,0.7633813768625259,0.24410349130630493,0.9172924160957336,sub-19,8,7.021753399800032,S0_STATIC_XSESSION,False,ses-03,0.24110333390837208,0.2691647708415985,20260811,0.9549531916104551,0.8976896773803792,success,60,SSVEP
True,nan,nan,3,DIFF-POP,0.01364617794752121,0.7633813768625259,0.24410349130630493,0.9172924160957336,sub-19,8,7.021753399800032,S0_STATIC_XSESSION,False,ses-03,0.24110333390837208,0.2691647708415985,20260811,0.9549531916104551,0.8976896773803792,success,60,SSVEP
True,nan,nan,3,DIFF-MATCH,0.01293092966079712,0.7722609639167786,0.2337968349456787,0.9209641218185425,sub-19,8,6.783385065885691,S0_STATIC_XSESSION,False,ses-03,0.23190395883618847,0.2611895799636841,20260811,0.9552600387074005,0.9056767669649535,success,60,SSVEP
False,nan,nan,3,DET-WRONG-1,0.021156994625926018,0.8629276901483536,0.14988788962364197,0.9319729208946228,sub-19,0,nan,S0_STATIC_XSESSION,False,ses-03,0.148530230664176,0.17191031575202942,20260811,0.9923826706494508,0.9661484784699342,success,60,SSVEP
True,nan,nan,3,DIFF-WRONG-1,0.01176714152097702,0.786926731467247,0.21828250586986542,0.927234947681427,sub-19,8,nan,S0_STATIC_XSESSION,False,ses-03,0.21422603226155684,0.2523641884326935,20260811,0.9564025758288129,0.9087087966655804,success,60,SSVEP
False,nan,nan,3,DET-WRONG-2,0.02763843536376953,0.8438847959041595,0.16875045001506805,0.9311621189117432,sub-19,0,nan,S0_STATIC_XSESSION,False,ses-03,0.15413091223449935,0.1750447005033493,20260811,0.9962706461983859,0.9870765730098999,success,60,SSVEP
True,nan,nan,3,DIFF-WRONG-2,0.01190219447016716,0.7901643514633179,0.21561673283576965,0.9298925399780273,sub-19,8,nan,S0_STATIC_XSESSION,False,ses-03,0.20916438998315884,0.2459268718957901,20260811,0.9580497882914752,0.9163479544407664,success,60,SSVEP
False,nan,nan,3,DET-WRONG-3,0.02397102676331997,0.8497323840856552,0.16464969515800476,0.9264167547225952,sub-19,0,nan,S0_STATIC_XSESSION,False,ses-03,0.15793820513374637,0.18024681508541107,20260811,0.9927342725638563,0.9798173380693005,success,60,SSVEP
True,nan,nan,3,DIFF-WRONG-3,0.01143648475408554,0.78934545814991,0.21669796109199524,0.9258520603179932,sub-19,8,nan,S0_STATIC_XSESSION,False,ses-03,0.21662859223233247,0.25218743085861206,20260811,0.9563794046370627,0.912604140171917,success,60,SSVEP
False,nan,nan,3,DET-SHUFFLED,0.020686030387878418,0.8677671253681183,0.14606860280036926,0.9357928037643433,sub-19,0,nan,S0_STATIC_XSESSION,False,ses-03,0.14242584482112192,0.16515512764453888,20260811,0.9898878912666609,0.9674329314982124,success,60,SSVEP
True,nan,nan,3,DIFF-SHUFFLED,0.01144496351480484,0.788410946726799,0.21729739010334015,0.9271610379219055,sub-19,8,nan,S0_STATIC_XSESSION,False,ses-03,0.21447183141016274,0.2500923275947571,20260811,0.9571816857852659,0.914012168137354,success,60,SSVEP
False,nan,nan,3,RAW,0.0,1.0,0.0,1.0,sub-19,0,nan,S0_STATIC_XSESSION,False,ses-04,0.0,0.0,20260811,1.0,1.0,success,60,SSVEP
False,nan,nan,3,POP,0.04384223371744156,0.8995325341820717,0.14708201587200165,0.9695771336555481,sub-19,0,nan,S0_STATIC_XSESSION,False,ses-04,0.039573903413767014,0.07339731603860855,20260811,0.9799314284222497,0.9466248442852601,success,60,SSVEP
False,nan,nan,3,DET-NULL,0.02266472578048706,0.9167230799794197,0.1294286996126175,0.9648140072822571,sub-19,0,nan,S0_STATIC_XSESSION,False,ses-04,0.034801174475919176,0.07586625963449478,20260811,0.9869654313522493,0.9575865462461917,success,60,SSVEP
False,nan,nan,3,DET-MATCH,0.019519120454788208,0.9248457327485085,0.11746801435947418,0.9679640531539917,sub-19,0,nan,S0_STATIC_XSESSION,False,ses-04,0.03110693456524351,0.06718035042285919,20260811,0.9939088282324962,0.9922376629117581,success,60,SSVEP
True,nan,nan,3,DIFF-NULL,0.023859456181526184,0.8705379068851471,0.1548653393983841,0.9547941088676453,sub-19,8,7.273540249953033,S0_STATIC_XSESSION,False,ses-04,0.08685662247908764,0.14156247675418854,20260811,0.991120781727737,0.9194874602254686,success,60,SSVEP
True,nan,nan,3,DIFF-POP,0.023859456181526184,0.8705379068851471,0.1548653393983841,0.9547941088676453,sub-19,8,7.273540249953033,S0_STATIC_XSESSION,False,ses-04,0.08685662247908764,0.14156247675418854,20260811,0.991120781727737,0.9194874602254686,success,60,SSVEP
True,nan,nan,3,DIFF-MATCH,0.021441198885440826,0.8746618330478668,0.1488153487443924,0.956092894077301,sub-19,8,7.040664334669181,S0_STATIC_XSESSION,False,ses-04,0.08656586111856439,0.1370907425880432,20260811,0.9904676921817199,0.9176209514708197,success,60,SSVEP
False,nan,nan,3,DET-WRONG-1,0.023622669279575348,0.9240047261118889,0.12012355029582977,0.9690690636634827,sub-19,0,nan,S0_STATIC_XSESSION,False,ses-04,0.026931672090452583,0.06535343825817108,20260811,0.9859893715233148,0.9365770554019587,success,60,SSVEP
True,nan,nan,3,DIFF-WRONG-1,0.02082974463701248,0.8806198835372925,0.1420789211988449,0.9578607082366943,sub-19,8,nan,S0_STATIC_XSESSION,False,ses-04,0.08348351345757506,0.12960593402385712,20260811,0.9895643181059033,0.9181913863396582,success,60,SSVEP
False,nan,nan,3,DET-WRONG-2,0.028648801147937775,0.9105684235692024,0.14093376696109772,0.965438187122345,sub-19,0,nan,S0_STATIC_XSESSION,False,ses-04,0.03644057284602418,0.07571908831596375,20260811,0.992060770761595,0.9545275381241451,success,60,SSVEP
True,nan,nan,3,DIFF-WRONG-2,0.019884467124938965,0.8834778368473053,0.13923226296901703,0.9586148858070374,sub-19,8,nan,S0_STATIC_XSESSION,False,ses-04,0.08240292196065242,0.12699607014656067,20260811,0.9892195234182507,0.9132811883364806,success,60,SSVEP
False,nan,nan,3,DET-WRONG-3,0.02634020894765854,0.917137086391449,0.13171179592609406,0.9661098122596741,sub-19,0,nan,S0_STATIC_XSESSION,False,ses-04,0.02969014838725953,0.07178942114114761,20260811,0.9853683702059908,0.9474398400604636,success,60,SSVEP
True,nan,nan,3,DIFF-WRONG-3,0.0212923064827919,0.8833029493689537,0.1391177922487259,0.9585779309272766,sub-19,8,nan,S0_STATIC_XSESSION,False,ses-04,0.08153030193241437,0.12471464276313782,20260811,0.9896012858684584,0.9164025849956384,success,60,SSVEP
False,nan,nan,3,DET-SHUFFLED,0.022547632455825806,0.9265133738517761,0.11687688529491425,0.9712051749229431,sub-19,0,nan,S0_STATIC_XSESSION,False,ses-04,0.02363493968495378,0.06169630587100983,20260811,0.9852199224819739,0.9235672699992414,success,60,SSVEP
True,nan,nan,3,DIFF-SHUFFLED,0.01957026869058609,0.881855383515358,0.14002692699432373,0.9582986235618591,sub-19,8,nan,S0_STATIC_XSESSION,False,ses-04,0.08338462324460177,0.12852999567985535,20260811,0.9897406368626587,0.9167138325996843,success,60,SSVEP
False,nan,nan,3,RAW,0.0,1.0,0.0,1.0,sub-19,0,nan,S1_MOTION_WITHIN_SESSION,False,ses-03,0.0,0.0,20260811,1.0,1.0,success,60,SSVEP
False,nan,nan,3,POP,0.03646518103778362,0.8023874312639236,0.21878182888031006,0.913608968257904,sub-19,0,nan,S1_MOTION_WITHIN_SESSION,False,ses-03,0.20117975775611588,0.25488606095314026,20260811,0.9956785692311786,0.9156258807033589,success,60,SSVEP
False,nan,nan,3,DET-NULL,0.021051626652479172,0.8543724119663239,0.15686099231243134,0.9268161058425903,sub-19,0,nan,S1_MOTION_WITHIN_SESSION,False,ses-03,0.1610913627688312,0.18372538685798645,20260811,0.9994694927279172,0.9310042105662929,success,60,SSVEP
False,nan,nan,3,DET-MATCH,0.024902360513806343,0.8523454815149307,0.16229084134101868,0.9276217818260193,sub-19,0,nan,S1_MOTION_WITHIN_SESSION,False,ses-03,0.1554429168662823,0.17567254602909088,20260811,0.996832975335279,0.929115279424111,success,60,SSVEP
True,nan,nan,3,DIFF-NULL,0.014965593814849854,0.765404462814331,0.2416645586490631,0.9168331623077393,sub-19,8,7.034953357504426,S1_MOTION_WITHIN_SESSION,False,ses-03,0.23604234272939564,0.2568109631538391,20260811,0.9785208137397181,0.8837318615565692,success,60,SSVEP
True,nan,nan,3,DIFF-POP,0.014965593814849854,0.765404462814331,0.2416645586490631,0.9168331623077393,sub-19,8,7.034953357504426,S1_MOTION_WITHIN_SESSION,False,ses-03,0.23604234272939564,0.2568109631538391,20260811,0.9785208137397181,0.8837318615565692,success,60,SSVEP
True,nan,nan,3,DIFF-MATCH,0.012780603021383286,0.7870627641677856,0.2188228815793991,0.9241858124732971,sub-19,8,6.555501299796345,S1_MOTION_WITHIN_SESSION,False,ses-03,0.21667362971878504,0.238865926861763,20260811,0.9895290160555186,0.8897537898262093,success,60,SSVEP
False,nan,nan,3,DET-WRONG-1,0.03453925997018814,0.8383118212223053,0.1816069632768631,0.9318749308586121,sub-19,0,nan,S1_MOTION_WITHIN_SESSION,False,ses-03,0.15341429976719342,0.16434045135974884,20260811,0.9925101391749561,0.9338577566673336,success,60,SSVEP
True,nan,nan,3,DIFF-WRONG-1,0.015852678567171097,0.7880721837282181,0.217520609498024,0.9263694882392883,sub-19,8,nan,S1_MOTION_WITHIN_SESSION,False,ses-03,0.2125317121945318,0.23402221500873566,20260811,0.9921999461373714,0.8969196729255382,success,60,SSVEP
False,nan,nan,3,DET-WRONG-2,0.021120235323905945,0.8572592586278915,0.15696492791175842,0.9287059903144836,sub-19,0,nan,S1_MOTION_WITHIN_SESSION,False,ses-03,0.16156109782272057,0.18141210079193115,20260811,0.9930265855497019,0.9389907285901969,success,60,SSVEP
True,nan,nan,3,DIFF-WRONG-2,0.019552510231733322,0.7740055173635483,0.23279397189617157,0.9246765971183777,sub-19,8,nan,S1_MOTION_WITHIN_SESSION,False,ses-03,0.22562590141378763,0.24417121708393097,20260811,0.9860995979953646,0.8959635068835874,success,60,SSVEP
False,nan,nan,3,DET-WRONG-3,0.02084983140230179,0.8840053305029869,0.13040144741535187,0.9457308650016785,sub-19,0,nan,S1_MOTION_WITHIN_SESSION,False,ses-03,0.11892346229131152,0.13242876529693604,20260811,0.9941518988471965,0.9678541069170111,success,60,SSVEP
True,nan,nan,3,DIFF-WRONG-3,0.010929517447948456,0.7983258068561554,0.20673631131649017,0.9291958212852478,sub-19,8,nan,S1_MOTION_WITHIN_SESSION,False,ses-03,0.20361715818175383,0.22830866277217865,20260811,0.9889598153345487,0.892120088383626,success,60,SSVEP
False,nan,nan,3,DET-SHUFFLED,0.023146450519561768,0.8586622178554535,0.1544652134180069,0.9315212965011597,sub-19,0,nan,S1_MOTION_WITHIN_SESSION,False,ses-03,0.15022212619835904,0.17043952643871307,20260811,0.9952405499472546,0.9295097296658479,success,60,SSVEP
True,nan,nan,3,DIFF-SHUFFLED,0.012737385928630829,0.7917674481868744,0.2143399715423584,0.9285573959350586,sub-19,8,nan,S1_MOTION_WITHIN_SESSION,False,ses-03,0.2075821407497186,0.23049940168857574,20260811,0.9902124133806092,0.8916190823735661,success,60,SSVEP
False,nan,nan,3,RAW,0.0,1.0,0.0,1.0,sub-19,0,nan,S1_MOTION_WITHIN_SESSION,False,ses-04,0.0,0.0,20260811,1.0,1.0,success,60,SSVEP
False,nan,nan,3,POP,0.043905287981033325,0.8765145987272263,0.13991060853004456,0.9717417359352112,sub-19,0,nan,S1_MOTION_WITHIN_SESSION,False,ses-04,0.043836451993234125,0.12076736986637115,20260811,0.9895131308788393,0.9545273498352235,success,60,SSVEP
False,nan,nan,3,DET-NULL,0.02354907989501953,0.894935704767704,0.12251096963882446,0.9674997925758362,sub-19,0,nan,S1_MOTION_WITHIN_SESSION,False,ses-04,0.04491692432724908,0.12222687900066376,20260811,0.9823151826920407,0.9941582978747526,success,60,SSVEP
False,nan,nan,3,DET-MATCH,0.033461444079875946,0.8876806274056435,0.13352470099925995,0.9687986969947815,sub-19,0,nan,S1_MOTION_WITHIN_SESSION,False,ses-04,0.04253787213747173,0.11667332053184509,20260811,0.9819751422742226,0.9981917057883127,success,60,SSVEP
True,nan,nan,3,DIFF-NULL,0.023397088050842285,0.8447425961494446,0.15091556310653687,0.955754280090332,sub-19,8,7.296130920410156,S1_MOTION_WITHIN_SESSION,False,ses-04,0.10841876920876543,0.15731534361839294,20260811,0.9987606378629285,0.978740125326088,success,60,SSVEP
True,nan,nan,3,DIFF-POP,0.023397088050842285,0.8447425961494446,0.15091556310653687,0.955754280090332,sub-19,8,7.296130920410156,S1_MOTION_WITHIN_SESSION,False,ses-04,0.10841876920876543,0.15731534361839294,20260811,0.9987606378629285,0.978740125326088,success,60,SSVEP
True,nan,nan,3,DIFF-MATCH,0.0193309485912323,0.8568524271249771,0.13916997611522675,0.9587626457214355,sub-19,8,6.882947807312012,S1_MOTION_WITHIN_SESSION,False,ses-04,0.10485168542520806,0.14405657351016998,20260811,0.9935821716167436,0.9657646512474942,success,60,SSVEP
False,nan,nan,3,DET-WRONG-1,0.018496252596378326,0.9150064960122108,0.10149075090885162,0.9746321439743042,sub-19,0,nan,S1_MOTION_WITHIN_SESSION,False,ses-04,0.03218353802189431,0.09686638414859772,20260811,0.992495530836706,0.9348826931814667,success,60,SSVEP
True,nan,nan,3,DIFF-WRONG-1,0.020679771900177002,0.8530792891979218,0.1409948617219925,0.9589387774467468,sub-19,8,nan,S1_MOTION_WITHIN_SESSION,False,ses-04,0.10568731891404626,0.144661545753479,20260811,0.9951118248310069,0.980322188763436,success,60,SSVEP
False,nan,nan,3,DET-WRONG-2,0.012057073414325714,0.9251017868518829,0.08695700019598007,0.9760733246803284,sub-19,0,nan,S1_MOTION_WITHIN_SESSION,False,ses-04,0.030585667712720453,0.09283409267663956,20260811,0.976089923451755,0.9551909750324818,success,60,SSVEP
True,nan,nan,3,DIFF-WRONG-2,0.02578636258840561,0.8542360067367554,0.14363355934619904,0.9581793546676636,sub-19,8,nan,S1_MOTION_WITHIN_SESSION,False,ses-04,0.09916389957698352,0.1483878195285797,20260811,0.9970410395426503,0.965632003044471,success,60,SSVEP
False,nan,nan,3,DET-WRONG-3,0.019614912569522858,0.9037644490599632,0.11258210241794586,0.9707863926887512,sub-19,0,nan,S1_MOTION_WITHIN_SESSION,False,ses-04,0.04022128240241157,0.11061664670705795,20260811,0.988071217126373,0.9831566783618935,success,60,SSVEP
True,nan,nan,3,DIFF-WRONG-3,0.01866808533668518,0.8587779402732849,0.13721759617328644,0.9591620564460754,sub-19,8,nan,S1_MOTION_WITHIN_SESSION,False,ses-04,0.10360580694523129,0.1429990828037262,20260811,0.9935892952516816,0.9688120825572124,success,60,SSVEP
False,nan,nan,3,DET-SHUFFLED,0.028454825282096863,0.893784262239933,0.12519396841526031,0.9689441323280334,sub-19,0,nan,S1_MOTION_WITHIN_SESSION,False,ses-04,0.04267555274640198,0.11539176851511002,20260811,0.9817072972964946,0.9887869398955502,success,60,SSVEP
True,nan,nan,3,DIFF-SHUFFLED,0.020883269608020782,0.8576268702745438,0.14041142165660858,0.9590649604797363,sub-19,8,nan,S1_MOTION_WITHIN_SESSION,False,ses-04,0.10647971985576798,0.14363066852092743,20260811,0.9910107770629921,0.960447034209783,success,60,SSVEP
False,nan,nan,3,RAW,0.0,1.0,0.0,1.0,sub-19,0,nan,S2_MOTION_XSPEED,False,ses-04,0.0,0.0,20260811,1.0,1.0,success,60,SSVEP
False,nan,nan,3,POP,0.04384223371744156,0.8995325341820717,0.14708201587200165,0.9695771336555481,sub-19,0,nan,S2_MOTION_XSPEED,False,ses-04,0.039573903413767014,0.07339731603860855,20260811,0.9799314284222497,0.9466248442852601,success,60,SSVEP
False,nan,nan,3,DET-NULL,0.02266472578048706,0.9167230799794197,0.1294286996126175,0.9648140072822571,sub-19,0,nan,S2_MOTION_XSPEED,False,ses-04,0.034801174475919176,0.07586625963449478,20260811,0.9869654313522493,0.9575865462461917,success,60,SSVEP
False,nan,nan,3,DET-MATCH,0.02723558247089386,0.9141871482133865,0.13555504381656647,0.9650536775588989,sub-19,0,nan,S2_MOTION_XSPEED,False,ses-04,0.03336374985544707,0.07459547370672226,20260811,0.9895018087344285,0.9543542923611467,success,60,SSVEP
True,nan,nan,3,DIFF-NULL,0.023859456181526184,0.8705379068851471,0.1548653393983841,0.9547941088676453,sub-19,8,7.273540249953033,S2_MOTION_XSPEED,False,ses-04,0.08685662247908764,0.14156247675418854,20260811,0.991120781727737,0.9194874602254686,success,60,SSVEP
True,nan,nan,3,DIFF-POP,0.023859456181526184,0.8705379068851471,0.1548653393983841,0.9547941088676453,sub-19,8,7.273540249953033,S2_MOTION_XSPEED,False,ses-04,0.08685662247908764,0.14156247675418854,20260811,0.991120781727737,0.9194874602254686,success,60,SSVEP
True,nan,nan,3,DIFF-MATCH,0.021344758570194244,0.8801452144980431,0.14241138100624084,0.9578912854194641,sub-19,8,6.8059118182946605,S2_MOTION_XSPEED,False,ses-04,0.08299363130830952,0.12841209769248962,20260811,0.9906836712975116,0.9179558072120954,success,60,SSVEP
False,nan,nan,3,DET-WRONG-1,0.015088662505149841,0.9393590502440929,0.09642519056797028,0.97511887550354,sub-19,0,nan,S2_MOTION_XSPEED,False,ses-04,0.01945987311973745,0.05314759165048599,20260811,0.980019042189042,0.9320783476250354,success,60,SSVEP
True,nan,nan,3,DIFF-WRONG-1,0.016327306628227234,0.8827806115150452,0.1373831331729889,0.9587874412536621,sub-19,8,nan,S2_MOTION_XSPEED,False,ses-04,0.08204645990891238,0.12799479067325592,20260811,0.9911592646429148,0.9216610526582475,success,60,SSVEP
False,nan,nan,3,DET-WRONG-2,0.011476002633571625,0.9278113320469856,0.1129375547170639,0.9710609316825867,sub-19,0,nan,S2_MOTION_XSPEED,False,ses-04,0.02921763673999335,0.06351877748966217,20260811,0.9958189651919788,0.9422744968096451,success,60,SSVEP
True,nan,nan,3,DIFF-WRONG-2,0.018253706395626068,0.8802991956472397,0.14116670191287994,0.9577212929725647,sub-19,8,nan,S2_MOTION_XSPEED,False,ses-04,0.0839094732804496,0.13119398057460785,20260811,0.9902817534638814,0.9176228069753094,success,60,SSVEP
False,nan,nan,3,DET-WRONG-3,0.039270054548978806,0.9049998074769974,0.15188400447368622,0.9661874175071716,sub-19,0,nan,S2_MOTION_XSPEED,False,ses-04,0.033005095114780086,0.07494016736745834,20260811,0.993838520048631,0.9653976096229643,success,60,SSVEP
True,nan,nan,3,DIFF-WRONG-3,0.02415301650762558,0.8816287890076637,0.14407864212989807,0.9577202796936035,sub-19,8,nan,S2_MOTION_XSPEED,False,ses-04,0.08293421903979961,0.12392351031303406,20260811,0.9873430428810057,0.9035901153278911,success,60,SSVEP
False,nan,nan,3,DET-SHUFFLED,0.027284085750579834,0.9156261086463928,0.1328556388616562,0.9667689800262451,sub-19,0,nan,S2_MOTION_XSPEED,False,ses-04,0.032070316252040404,0.07158979773521423,20260811,0.9865211181245473,0.935144024460135,success,60,SSVEP
True,nan,nan,3,DIFF-SHUFFLED,0.01943328231573105,0.8825893476605415,0.1396045833826065,0.9585881233215332,sub-19,8,nan,S2_MOTION_XSPEED,False,ses-04,0.08297905468923378,0.12724721431732178,20260811,0.989559981950302,0.9151110704706521,success,60,SSVEP
False,1.0,1.0,3,RAW,0.0,1.0,0.0,1.0,sub-23,0,nan,S0_STATIC_XSESSION,False,ses-03,0.0,0.0,20260811,nan,nan,success,60,ERP
False,0.7470579631650676,1.0,3,POP,0.021540969610214233,0.767082616686821,0.2446025311946869,0.915848433971405,sub-23,0,nan,S0_STATIC_XSESSION,False,ses-03,0.20178909470989337,0.11726462841033936,20260811,nan,nan,success,60,ERP
False,0.8091114570268172,1.0,3,DET-NULL,0.006502438336610794,0.8190815895795822,0.1898089498281479,0.9266103506088257,sub-23,0,nan,S0_STATIC_XSESSION,False,ses-03,0.16605804704194954,0.11323507875204086,20260811,nan,nan,success,60,ERP
False,0.8478986129888746,1.0,3,DET-MATCH,-0.0034001804888248444,0.861212894320488,0.14824455976486206,0.9426113367080688,sub-23,0,nan,S0_STATIC_XSESSION,False,ses-03,0.12801491886434416,0.0848679170012474,20260811,nan,nan,success,60,ERP
True,0.8036812704630972,1.0,3,DIFF-NULL,0.010641034692525864,0.7734348475933075,0.23240356147289276,0.9287769198417664,sub-23,8,7.11907410085871,S0_STATIC_XSESSION,False,ses-03,0.1729845561201151,0.1311751753091812,20260811,nan,nan,success,60,ERP
True,0.8036812704630972,1.0,3,DIFF-POP,0.010641034692525864,0.7734348475933075,0.23240356147289276,0.9287769198417664,sub-23,8,7.11907410085871,S0_STATIC_XSESSION,False,ses-03,0.1729845561201151,0.1311751753091812,20260811,nan,nan,success,60,ERP
True,0.8199568985410457,1.0,3,DIFF-MATCH,0.008371822535991669,0.8017436116933823,0.2039136290550232,0.935286819934845,sub-23,8,6.609168226799269,S0_STATIC_XSESSION,False,ses-03,0.15443329385023738,0.12000001221895218,20260811,nan,nan,success,60,ERP
False,0.9350617354335327,1.0,3,DET-WRONG-1,0.002060830593109131,0.7911376357078552,0.2195013463497162,0.9346134066581726,sub-23,0,nan,S0_STATIC_XSESSION,False,ses-03,0.15516680015848258,0.12038276344537735,20260811,nan,nan,success,60,ERP
True,0.8315048045859057,1.0,3,DIFF-WRONG-1,0.006803516298532486,0.7883078008890152,0.21748997271060944,0.9347133040428162,sub-23,8,nan,S0_STATIC_XSESSION,False,ses-03,0.15740046740347738,0.1234448254108429,20260811,nan,nan,success,60,ERP
False,0.8611164842295016,1.0,3,DET-WRONG-2,0.004467230290174484,0.8245270699262619,0.18643230199813843,0.9293341636657715,sub-23,0,nan,S0_STATIC_XSESSION,False,ses-03,0.16209748128148388,0.1062755137681961,20260811,nan,nan,success,60,ERP
True,0.8074143434433929,1.0,3,DIFF-WRONG-2,0.007358379662036896,0.7832433879375458,0.2265169769525528,0.9327529668807983,sub-23,8,nan,S0_STATIC_XSESSION,False,ses-03,0.15866809730898765,0.12123702466487885,20260811,nan,nan,success,60,ERP
False,0.8074788208640789,1.0,3,DET-WRONG-3,0.01080220565199852,0.8149389326572418,0.1926325112581253,0.9307695031166077,sub-23,0,nan,S0_STATIC_XSESSION,False,ses-03,0.16747124696981605,0.11176499724388123,20260811,nan,nan,success,60,ERP
True,0.8009397075032714,1.0,3,DIFF-WRONG-3,0.01140650361776352,0.7579542696475983,0.24781534075737,0.926331102848053,sub-23,8,nan,S0_STATIC_XSESSION,False,ses-03,0.18110156694459786,0.13574989140033722,20260811,nan,nan,success,60,ERP
False,0.8190542146514419,1.0,3,DET-SHUFFLED,0.0008508749306201935,0.8533264845609665,0.15467508137226105,0.938909649848938,sub-23,0,nan,S0_STATIC_XSESSION,False,ses-03,0.13867568465220875,0.09124020487070084,20260811,nan,nan,success,60,ERP
True,0.8155745549021843,1.0,3,DIFF-SHUFFLED,0.008330002427101135,0.7995033711194992,0.20655131340026855,0.93389493227005,sub-23,8,nan,S0_STATIC_XSESSION,False,ses-03,0.1558637953030867,0.12099589407444,20260811,nan,nan,success,60,ERP
False,1.0,1.0,3,RAW,0.0,1.0,0.0,1.0,sub-23,0,nan,S0_STATIC_XSESSION,False,ses-04,0.0,0.0,20260811,nan,nan,success,60,ERP
False,0.5755358723152864,1.0,3,POP,0.038957901298999786,0.7321906387805939,0.2924323081970215,0.8944440484046936,sub-23,0,nan,S0_STATIC_XSESSION,False,ses-04,0.26099262055593836,0.41036564111709595,20260811,nan,nan,success,60,ERP
False,0.6389483057727903,1.0,3,DET-NULL,0.017660193145275116,0.7579184621572495,0.26215893030166626,0.8955875635147095,sub-23,0,nan,S0_STATIC_XSESSION,False,ses-04,0.2579366737878456,0.40837565064430237,20260811,nan,nan,success,60,ERP
False,0.7714815861788182,1.0,3,DET-MATCH,0.011990562081336975,0.8251825720071793,0.1885758638381958,0.9220879673957825,sub-23,0,nan,S0_STATIC_XSESSION,False,ses-04,0.19296638349265463,0.29808780550956726,20260811,nan,nan,success,60,ERP
True,0.5715411579414793,1.0,3,DIFF-NULL,0.019016563892364502,0.7198110818862915,0.2900410592556,0.8756518959999084,sub-23,8,7.300608312896409,S0_STATIC_XSESSION,False,ses-04,0.3178299167661408,0.45898526906967163,20260811,nan,nan,success,60,ERP
True,0.5715411579414793,1.0,3,DIFF-POP,0.019016563892364502,0.7198110818862915,0.2900410592556,0.8756518959999084,sub-23,8,7.300608312896409,S0_STATIC_XSESSION,False,ses-04,0.3178299167661408,0.45898526906967163,20260811,nan,nan,success,60,ERP
True,0.6176379134830756,1.0,3,DIFF-MATCH,0.015034675598144531,0.7623424828052521,0.24632912874221802,0.892212986946106,sub-23,8,6.79244254646501,S0_STATIC_XSESSION,False,ses-04,0.2704083988363187,0.39855507016181946,20260811,nan,nan,success,60,ERP
False,0.7898219060242837,1.0,3,DET-WRONG-1,0.008804954588413239,0.7615426778793335,0.2604334354400635,0.9003669023513794,sub-23,0,nan,S0_STATIC_XSESSION,False,ses-04,0.2642488208086453,0.41022756695747375,20260811,nan,nan,success,60,ERP
True,0.6293994117799855,1.0,3,DIFF-WRONG-1,0.0129728764295578,0.7410596609115601,0.2703767418861389,0.8839205503463745,sub-23,8,nan,S0_STATIC_XSESSION,False,ses-04,0.29599819134432453,0.4385305345058441,20260811,nan,nan,success,60,ERP
False,0.6251423285584898,0.8046875,3,DET-WRONG-2,0.018186867237091064,0.7875478863716125,0.2279151976108551,0.913153350353241,sub-23,0,nan,S0_STATIC_XSESSION,False,ses-04,0.2108008959502548,0.3336576819419861,20260811,nan,nan,success,60,ERP
True,0.6042515361303549,1.0,3,DIFF-WRONG-2,0.016889415681362152,0.7368162870407104,0.2629756033420563,0.8961539268493652,sub-23,8,nan,S0_STATIC_XSESSION,False,ses-04,0.26849393033749896,0.3611687421798706,20260811,nan,nan,success,60,ERP
False,0.6111693201521253,1.0,3,DET-WRONG-3,0.028781335800886154,0.7600767314434052,0.2584296762943268,0.906432569026947,sub-23,0,nan,S0_STATIC_XSESSION,False,ses-04,0.24148887115336182,0.37403854727745056,20260811,nan,nan,success,60,ERP
True,0.5498476548030911,1.0,3,DIFF-WRONG-3,0.020680367946624756,0.6976901292800903,0.31382685899734497,0.8706707954406738,sub-23,8,nan,S0_STATIC_XSESSION,False,ses-04,0.3387480523576659,0.4826871156692505,20260811,nan,nan,success,60,ERP
False,0.7493767134255686,1.0,3,DET-SHUFFLED,0.01345207542181015,0.8120142817497253,0.2030891478061676,0.9170774221420288,sub-23,0,nan,S0_STATIC_XSESSION,False,ses-04,0.2059709687757938,0.32313627004623413,20260811,nan,nan,success,60,ERP
True,0.605332695592289,1.0,3,DIFF-SHUFFLED,0.014533229172229767,0.7584152519702911,0.24912922084331512,0.8905863761901855,sub-23,8,nan,S0_STATIC_XSESSION,False,ses-04,0.2729824708675712,0.39891624450683594,20260811,nan,nan,success,60,ERP
False,1.0,1.0,3,RAW,0.0,1.0,0.0,1.0,sub-23,0,nan,S1_MOTION_WITHIN_SESSION,False,ses-03,0.0,0.0,20260811,nan,nan,success,60,ERP
False,0.7635747226664655,1.0,3,POP,0.024196220561861992,0.7631664127111435,0.24832642078399658,0.9141585826873779,sub-23,0,nan,S1_MOTION_WITHIN_SESSION,False,ses-03,0.1973634457871184,0.13992732763290405,20260811,nan,nan,success,60,ERP
False,0.8205373558723388,1.0,3,DET-NULL,0.007731255143880844,0.8107674717903137,0.19285862147808075,0.9258639812469482,sub-23,0,nan,S1_MOTION_WITHIN_SESSION,False,ses-03,0.16442517665699063,0.13769695162773132,20260811,nan,nan,success,60,ERP
False,0.8473454219810401,1.0,3,DET-MATCH,0.0011630430817604065,0.839305654168129,0.16446377336978912,0.9368444681167603,sub-23,0,nan,S1_MOTION_WITHIN_SESSION,False,ses-03,0.13721266495106413,0.11492689698934555,20260811,nan,nan,success,60,ERP
True,0.8204992763256003,1.0,3,DIFF-NULL,0.011136770248413086,0.7791087478399277,0.2352360188961029,0.9287239909172058,sub-23,8,7.109344608989763,S1_MOTION_WITHIN_SESSION,False,ses-03,0.16409650245735138,0.16711470484733582,20260811,nan,nan,success,60,ERP
True,0.8204992763256003,1.0,3,DIFF-POP,0.011136770248413086,0.7791087478399277,0.2352360188961029,0.9287239909172058,sub-23,8,7.109344608989763,S1_MOTION_WITHIN_SESSION,False,ses-03,0.16409650245735138,0.16711470484733582,20260811,nan,nan,success,60,ERP
True,0.8384902972467249,1.0,3,DIFF-MATCH,0.009048845618963242,0.8000009506940842,0.21138322353363037,0.9336162209510803,sub-23,8,6.698061840033826,S1_MOTION_WITHIN_SESSION,False,ses-03,0.1515644744976217,0.15745434165000916,20260811,nan,nan,success,60,ERP
False,0.898974310455372,1.0,3,DET-WRONG-1,-0.0024206824600696564,0.8517863154411316,0.15308217704296112,0.9422007203102112,sub-23,0,nan,S1_MOTION_WITHIN_SESSION,False,ses-03,0.12238885195361882,0.10310806334018707,20260811,nan,nan,success,60,ERP
True,0.8516738405968004,1.0,3,DIFF-WRONG-1,0.007279984652996063,0.8056692481040955,0.20494583249092102,0.936582624912262,sub-23,8,nan,S1_MOTION_WITHIN_SESSION,False,ses-03,0.14528423012693567,0.15283331274986267,20260811,nan,nan,success,60,ERP
False,0.8287850335905289,1.0,3,DET-WRONG-2,0.006353292614221573,0.8335214853286743,0.16956286132335663,0.9370484948158264,sub-23,0,nan,S1_MOTION_WITHIN_SESSION,False,ses-03,0.14500955916974875,0.11367808282375336,20260811,nan,nan,success,60,ERP
True,0.8433985160844029,1.0,3,DIFF-WRONG-2,0.008361916989088058,0.8033423721790314,0.207056924700737,0.9356259703636169,sub-23,8,nan,S1_MOTION_WITHIN_SESSION,False,ses-03,0.14831430550659222,0.15369755029678345,20260811,nan,nan,success,60,ERP
False,0.837039623007271,1.0,3,DET-WRONG-3,0.0020676590502262115,0.8388937264680862,0.16425615549087524,0.9414060115814209,sub-23,0,nan,S1_MOTION_WITHIN_SESSION,False,ses-03,0.13514339772222392,0.10885105282068253,20260811,nan,nan,success,60,ERP
True,0.8482363138424955,1.0,3,DIFF-WRONG-3,0.008143242448568344,0.8041860312223434,0.20645180344581604,0.9358500242233276,sub-23,8,nan,S1_MOTION_WITHIN_SESSION,False,ses-03,0.14620629132920868,0.15168270468711853,20260811,nan,nan,success,60,ERP
False,0.8289325266294378,1.0,3,DET-SHUFFLED,0.006722860038280487,0.8284657299518585,0.17473454773426056,0.9317000508308411,sub-23,0,nan,S1_MOTION_WITHIN_SESSION,False,ses-03,0.15377122440684254,0.12032856047153473,20260811,nan,nan,success,60,ERP
True,0.8308375472416226,1.0,3,DIFF-SHUFFLED,0.009531479328870773,0.7962843328714371,0.21425950527191162,0.9340112805366516,sub-23,8,nan,S1_MOTION_WITHIN_SESSION,False,ses-03,0.15328962777742827,0.15751919150352478,20260811,nan,nan,success,60,ERP
False,1.0,1.0,3,RAW,0.0,1.0,0.0,1.0,sub-23,0,nan,S1_MOTION_WITHIN_SESSION,False,ses-04,0.0,0.0,20260811,nan,nan,success,60,ERP
False,0.6964147969492342,0.765625,3,POP,0.04017727077007294,0.7233198285102844,0.2941090762615204,0.8931685090065002,sub-23,0,nan,S1_MOTION_WITHIN_SESSION,False,ses-04,0.27110361053032306,0.42903733253479004,20260811,nan,nan,success,60,ERP
False,0.7534850968650988,0.765625,3,DET-NULL,0.017745070159435272,0.7486661672592163,0.26316219568252563,0.8950479626655579,sub-23,0,nan,S1_MOTION_WITHIN_SESSION,False,ses-04,0.26412991170236993,0.4415435791015625,20260811,nan,nan,success,60,ERP
False,0.8349759010143155,1.0,3,DET-MATCH,0.010794512927532196,0.7891960740089417,0.22320343554019928,0.9095686078071594,sub-23,0,nan,S1_MOTION_WITHIN_SESSION,False,ses-04,0.23690256175322053,0.3997041881084442,20260811,nan,nan,success,60,ERP
True,0.6138745003487394,1.0,3,DIFF-NULL,0.019482068717479706,0.7239082157611847,0.29041871428489685,0.8749668598175049,sub-23,8,7.295358543395996,S1_MOTION_WITHIN_SESSION,False,ses-04,0.31253884170639995,0.46941155195236206,20260811,nan,nan,success,60,ERP
True,0.6138745003487394,1.0,3,DIFF-POP,0.019482068717479706,0.7239082157611847,0.29041871428489685,0.8749668598175049,sub-23,8,7.295358543395996,S1_MOTION_WITHIN_SESSION,False,ses-04,0.31253884170639995,0.46941155195236206,20260811,nan,nan,success,60,ERP
True,0.630505498118684,0.765625,3,DIFF-MATCH,0.01569449156522751,0.7507335990667343,0.2605198621749878,0.8862680196762085,sub-23,8,6.976451963697161,S1_MOTION_WITHIN_SESSION,False,ses-04,0.28027705458762625,0.4227031469345093,20260811,nan,nan,success,60,ERP
False,0.8526455908708476,1.0,3,DET-WRONG-1,0.0030784830451011658,0.8139109462499619,0.1961584836244583,0.9186052083969116,sub-23,0,nan,S1_MOTION_WITHIN_SESSION,False,ses-04,0.20940757215509062,0.3512818217277527,20260811,nan,nan,success,60,ERP
True,0.665191284721462,0.765625,3,DIFF-WRONG-1,0.015461273491382599,0.7627705782651901,0.24622802436351776,0.8930080533027649,sub-23,8,nan,S1_MOTION_WITHIN_SESSION,False,ses-04,0.26274680970142955,0.39662688970565796,20260811,nan,nan,success,60,ERP
False,0.8074293020833659,0.765625,3,DET-WRONG-2,0.01929447054862976,0.7697733491659164,0.2397560179233551,0.905666708946228,sub-23,0,nan,S1_MOTION_WITHIN_SESSION,False,ses-04,0.2401350330555553,0.39800527691841125,20260811,nan,nan,success,60,ERP
True,0.6400837111343256,0.765625,3,DIFF-WRONG-2,0.016698211431503296,0.7570176422595978,0.2541213035583496,0.8893368244171143,sub-23,8,nan,S1_MOTION_WITHIN_SESSION,False,ses-04,0.2729686892557976,0.41386306285858154,20260811,nan,nan,success,60,ERP
False,0.8280459765171727,0.765625,3,DET-WRONG-3,0.019702289253473282,0.7858148366212845,0.22585108876228333,0.9130323529243469,sub-23,0,nan,S1_MOTION_WITHIN_SESSION,False,ses-04,0.2276426502165212,0.38855668902397156,20260811,nan,nan,success,60,ERP
True,0.6424876963809297,0.765625,3,DIFF-WRONG-3,0.01698794960975647,0.7543955147266388,0.2567959427833557,0.8885474801063538,sub-23,8,nan,S1_MOTION_WITHIN_SESSION,False,ses-04,0.27366281598514136,0.4139965772628784,20260811,nan,nan,success,60,ERP
False,0.7896559580480603,0.765625,3,DET-SHUFFLED,0.012728683650493622,0.7768857777118683,0.23431062698364258,0.9052007794380188,sub-23,0,nan,S1_MOTION_WITHIN_SESSION,False,ses-04,0.24385836743192768,0.4087250828742981,20260811,nan,nan,success,60,ERP
True,0.6368545487030961,0.765625,3,DIFF-SHUFFLED,0.015203192830085754,0.7516663819551468,0.26024898886680603,0.8857337832450867,sub-23,8,nan,S1_MOTION_WITHIN_SESSION,False,ses-04,0.2794983971150318,0.4237298369407654,20260811,nan,nan,success,60,ERP
False,1.0,1.0,3,RAW,0.0,1.0,0.0,1.0,sub-23,0,nan,S2_MOTION_XSPEED,False,ses-04,0.0,0.0,20260811,nan,nan,success,60,ERP
False,0.5755358723152864,1.0,3,POP,0.038957901298999786,0.7321906387805939,0.2924323081970215,0.8944440484046936,sub-23,0,nan,S2_MOTION_XSPEED,False,ses-04,0.26099262055593836,0.41036564111709595,20260811,nan,nan,success,60,ERP
False,0.6389483057727903,1.0,3,DET-NULL,0.017660193145275116,0.7579184621572495,0.26215893030166626,0.8955875635147095,sub-23,0,nan,S2_MOTION_XSPEED,False,ses-04,0.2579366737878456,0.40837565064430237,20260811,nan,nan,success,60,ERP
False,0.7102008817686525,1.0,3,DET-MATCH,0.015892937779426575,0.7933369427919388,0.22426952421665192,0.9109011292457581,sub-23,0,nan,S2_MOTION_XSPEED,False,ses-04,0.22094956292628132,0.35495078563690186,20260811,nan,nan,success,60,ERP
True,0.5715411579414793,1.0,3,DIFF-NULL,0.019016563892364502,0.7198110818862915,0.2900410592556,0.8756518959999084,sub-23,8,7.300608312896409,S2_MOTION_XSPEED,False,ses-04,0.3178299167661408,0.45898526906967163,20260811,nan,nan,success,60,ERP
True,0.5715411579414793,1.0,3,DIFF-POP,0.019016563892364502,0.7198110818862915,0.2900410592556,0.8756518959999084,sub-23,8,7.300608312896409,S2_MOTION_XSPEED,False,ses-04,0.3178299167661408,0.45898526906967163,20260811,nan,nan,success,60,ERP
True,0.6072323126527055,1.0,3,DIFF-MATCH,0.01634981483221054,0.7546932846307755,0.25325119495391846,0.8888569474220276,sub-23,8,6.892670753738643,S2_MOTION_XSPEED,False,ses-04,0.27948994396320587,0.4060799181461334,20260811,nan,nan,success,60,ERP
False,0.6362550645750866,1.0,3,DET-WRONG-1,0.01717057079076767,0.791061520576477,0.22443585097789764,0.913688600063324,sub-23,0,nan,S2_MOTION_XSPEED,False,ses-04,0.20897582945877427,0.33106520771980286,20260811,nan,nan,success,60,ERP
True,0.6034483972569777,0.775390625,3,DIFF-WRONG-1,0.017372041940689087,0.7288092076778412,0.2707671523094177,0.8953964114189148,sub-23,8,nan,S2_MOTION_XSPEED,False,ses-04,0.27363480175171506,0.36685609817504883,20260811,nan,nan,success,60,ERP
False,0.6128731239438048,1.0,3,DET-WRONG-2,0.02766936644911766,0.7606000304222107,0.2570311725139618,0.9057158827781677,sub-23,0,nan,S2_MOTION_XSPEED,False,ses-04,0.2424370924766477,0.3710905611515045,20260811,nan,nan,success,60,ERP
True,0.5412137929800849,1.0,3,DIFF-WRONG-2,0.021062582731246948,0.6899974048137665,0.32251980900764465,0.8686890602111816,sub-23,8,nan,S2_MOTION_XSPEED,False,ses-04,0.3453515366890212,0.4915617108345032,20260811,nan,nan,success,60,ERP
False,0.6135943885131255,0.775390625,3,DET-WRONG-3,0.03768954053521156,0.7657047361135483,0.25776395201683044,0.9072749614715576,sub-23,0,nan,S2_MOTION_XSPEED,False,ses-04,0.22950480345656202,0.3717101812362671,20260811,nan,nan,success,60,ERP
True,0.6290351401087706,1.0,3,DIFF-WRONG-3,0.015000268816947937,0.7661710530519485,0.24240265786647797,0.8936214447021484,sub-23,8,nan,S2_MOTION_XSPEED,False,ses-04,0.2683596301718579,0.39527687430381775,20260811,nan,nan,success,60,ERP
False,0.6358882239251273,1.0,3,DET-SHUFFLED,0.020741544663906097,0.7827989757061005,0.23542332649230957,0.9071788787841797,sub-23,0,nan,S2_MOTION_XSPEED,False,ses-04,0.2264159393712111,0.3595503866672516,20260811,nan,nan,success,60,ERP
True,0.5937900837991352,1.0,3,DIFF-SHUFFLED,0.016598843038082123,0.7537787705659866,0.2549305260181427,0.8899519443511963,sub-23,8,nan,S2_MOTION_XSPEED,False,ses-04,0.27481905294947756,0.4033730626106262,20260811,nan,nan,success,60,ERP
False,nan,nan,3,RAW,0.0,1.0,0.0,1.0,sub-23,0,nan,S0_STATIC_XSESSION,False,ses-03,0.0,0.0,20260811,1.0,1.0,success,60,SSVEP
False,nan,nan,3,POP,0.00924512930214405,0.833481565117836,0.18624863028526306,0.9593408703804016,sub-23,0,nan,S0_STATIC_XSESSION,False,ses-03,0.07315282641560777,0.082400843501091,20260811,0.9863123829521191,0.9634246921231582,success,60,SSVEP
False,nan,nan,3,DET-NULL,0.0049844663590192795,0.8301573097705841,0.1773989498615265,0.9570969343185425,sub-23,0,nan,S0_STATIC_XSESSION,False,ses-03,0.09480151063480834,0.11133939027786255,20260811,0.9765366161961753,0.9576150299424059,success,60,SSVEP
False,nan,nan,3,DET-MATCH,0.0052104853093624115,0.8514879196882248,0.15780062973499298,0.9618123769760132,sub-23,0,nan,S0_STATIC_XSESSION,False,ses-03,0.08017178349943724,0.0920979380607605,20260811,0.9829277388755937,0.9633696642984807,success,60,SSVEP
True,nan,nan,3,DIFF-NULL,0.005249159410595894,0.7999722212553024,0.21594320237636566,0.9481520652770996,sub-23,8,7.281460101516158,S0_STATIC_XSESSION,False,ses-03,0.12440794583814183,0.13897304236888885,20260811,0.998018206003682,0.9407845527226545,success,60,SSVEP
True,nan,nan,3,DIFF-POP,0.005249159410595894,0.7999722212553024,0.21594320237636566,0.9481520652770996,sub-23,8,7.281460101516158,S0_STATIC_XSESSION,False,ses-03,0.12440794583814183,0.13897304236888885,20260811,0.998018206003682,0.9407845527226545,success,60,SSVEP
True,nan,nan,3,DIFF-MATCH,0.004247408360242844,0.8238314837217331,0.19233664870262146,0.9508250951766968,sub-23,8,6.76552521387736,S0_STATIC_XSESSION,False,ses-03,0.11514306750783806,0.12442045658826828,20260811,0.9990361642677131,0.9414894113174357,success,60,SSVEP
False,nan,nan,3,DET-WRONG-1,0.007162438705563545,0.8212247937917709,0.19115552306175232,0.954685628414154,sub-23,0,nan,S0_STATIC_XSESSION,False,ses-03,0.10948659139969678,0.10307814925909042,20260811,0.9590588329412544,0.9443642844214137,success,60,SSVEP
True,nan,nan,3,DIFF-WRONG-1,0.004918823018670082,0.8025127202272415,0.2116594761610031,0.947646975517273,sub-23,8,nan,S0_STATIC_XSESSION,False,ses-03,0.12572285096392846,0.14824442565441132,20260811,0.9999727085507677,0.944792081238081,success,60,SSVEP
False,nan,nan,3,DET-WRONG-2,0.0027770940214395523,0.8612382560968399,0.148169606924057,0.9728732705116272,sub-23,0,nan,S0_STATIC_XSESSION,False,ses-03,0.07295212425257475,0.0743614137172699,20260811,0.9965774615626666,0.9695015363840847,success,60,SSVEP
True,nan,nan,3,DIFF-WRONG-2,0.004078064113855362,0.8278906494379044,0.1868465095758438,0.9515604972839355,sub-23,8,nan,S0_STATIC_XSESSION,False,ses-03,0.1130337653948586,0.12539663910865784,20260811,0.9983868483735489,0.9458163200555509,success,60,SSVEP
False,nan,nan,3,DET-WRONG-3,0.004586074501276016,0.834393173456192,0.17583154141902924,0.9708315134048462,sub-23,0,nan,S0_STATIC_XSESSION,False,ses-03,0.073214774983404,0.08819916099309921,20260811,0.9958127680847838,0.9355551662752672,success,60,SSVEP
True,nan,nan,3,DIFF-WRONG-3,0.005564752966165543,0.8087988942861557,0.20803532004356384,0.955251157283783,sub-23,8,nan,S0_STATIC_XSESSION,False,ses-03,0.1192002799450842,0.12645727396011353,20260811,0.9994934510789222,0.9118887682650296,success,60,SSVEP
False,nan,nan,3,DET-SHUFFLED,0.0072825513780117035,0.8418083637952805,0.16785386204719543,0.9582716226577759,sub-23,0,nan,S0_STATIC_XSESSION,False,ses-03,0.08909917049048376,0.09659025073051453,20260811,0.9748143625633693,0.9482433866896504,success,60,SSVEP
True,nan,nan,3,DIFF-SHUFFLED,0.004607141017913818,0.8127670139074326,0.20221474766731262,0.9484820365905762,sub-23,8,nan,S0_STATIC_XSESSION,False,ses-03,0.12004635509728072,0.13609297573566437,20260811,0.9998181015384916,0.9424196055399428,success,60,SSVEP
False,nan,nan,3,RAW,0.0,1.0,0.0,1.0,sub-23,0,nan,S0_STATIC_XSESSION,False,ses-04,0.0,0.0,20260811,1.0,1.0,success,60,SSVEP
False,nan,nan,3,POP,-0.0010577552020549774,0.7860475927591324,0.226044699549675,0.9354865550994873,sub-23,0,nan,S0_STATIC_XSESSION,False,ses-04,0.17898863820905944,0.12476592510938644,20260811,0.9331079395288606,0.9491063423022732,success,60,SSVEP
False,nan,nan,3,DET-NULL,-0.0014636702835559845,0.7916812300682068,0.221661776304245,0.9344055652618408,sub-23,0,nan,S0_STATIC_XSESSION,False,ses-04,0.18386024633998146,0.15703389048576355,20260811,0.9673872914675917,0.9884401710111281,success,60,SSVEP
False,nan,nan,3,DET-MATCH,-0.0020211823284626007,0.8191446512937546,0.19269238412380219,0.9417029619216919,sub-23,0,nan,S0_STATIC_XSESSION,False,ses-04,0.15954175478236404,0.13404580950737,20260811,0.9717481336564331,0.9939027273396952,success,60,SSVEP
True,nan,nan,3,DIFF-NULL,0.006230365484952927,0.7608809322118759,0.24848824739456177,0.9225254654884338,sub-23,8,7.379963797110098,S0_STATIC_XSESSION,False,ses-04,0.2218364055112044,0.22186489403247833,20260811,0.9839292170855652,0.9472299869986655,success,60,SSVEP
True,nan,nan,3,DIFF-POP,0.006230365484952927,0.7608809322118759,0.24848824739456177,0.9225254654884338,sub-23,8,7.379963797110098,S0_STATIC_XSESSION,False,ses-04,0.2218364055112044,0.22186489403247833,20260811,0.9839292170855652,0.9472299869986655,success,60,SSVEP
True,nan,nan,3,DIFF-MATCH,0.00699976459145546,0.7886168956756592,0.22074930369853973,0.9299798607826233,sub-23,8,6.872110232600459,S0_STATIC_XSESSION,False,ses-04,0.19231298707244096,0.19782328605651855,20260811,0.9805846526901564,0.9448361502604983,success,60,SSVEP
False,nan,nan,3,DET-WRONG-1,-0.006882190704345703,0.7966398000717163,0.21694613993167877,0.9359997510910034,sub-23,0,nan,S0_STATIC_XSESSION,False,ses-04,0.17056735481930468,0.12377387285232544,20260811,0.9718764068850331,0.9416286848585843,success,60,SSVEP
True,nan,nan,3,DIFF-WRONG-1,0.0031372159719467163,0.7583421766757965,0.25142112374305725,0.923191487789154,sub-23,8,nan,S0_STATIC_XSESSION,False,ses-04,0.22271741588965704,0.22174829244613647,20260811,0.984137837176748,0.9460964851771263,success,60,SSVEP
False,nan,nan,3,DET-WRONG-2,-0.006098221987485886,0.8377512097358704,0.17566773295402527,0.9506520628929138,sub-23,0,nan,S0_STATIC_XSESSION,False,ses-04,0.14079813763084856,0.10237972438335419,20260811,0.9449558309914505,0.981017633937853,success,60,SSVEP
True,nan,nan,3,DIFF-WRONG-2,0.006718114018440247,0.7947657406330109,0.21315594017505646,0.9296634197235107,sub-23,8,nan,S0_STATIC_XSESSION,False,ses-04,0.1929333651566879,0.20090819895267487,20260811,0.9794726511788233,0.938443000390744,success,60,SSVEP
False,nan,nan,3,DET-WRONG-3,0.002632874995470047,0.8036495447158813,0.21164089441299438,0.9491533041000366,sub-23,0,nan,S0_STATIC_XSESSION,False,ses-04,0.1413512120631341,0.1149650365114212,20260811,0.996974217491633,0.9600495225502622,success,60,SSVEP
True,nan,nan,3,DIFF-WRONG-3,0.005788739770650864,0.7679617702960968,0.24339225888252258,0.941747784614563,sub-23,8,nan,S0_STATIC_XSESSION,False,ses-04,0.1830087237737364,0.17727886140346527,20260811,0.9955099858191288,0.9486623501730194,success,60,SSVEP
False,nan,nan,3,DET-SHUFFLED,0.0004992038011550903,0.8104780912399292,0.20258942246437073,0.9384436011314392,sub-23,0,nan,S0_STATIC_XSESSION,False,ses-04,0.16183811760820604,0.13149580359458923,20260811,0.9839799609381183,0.98923448853196,success,60,SSVEP
True,nan,nan,3,DIFF-SHUFFLED,0.005081463605165482,0.7741308808326721,0.2352614402770996,0.9273483753204346,sub-23,8,nan,S0_STATIC_XSESSION,False,ses-04,0.2052923805676144,0.2099713832139969,20260811,0.9841701451464733,0.9485053582823654,success,60,SSVEP
False,nan,nan,3,RAW,0.0,1.0,0.0,1.0,sub-23,0,nan,S1_MOTION_WITHIN_SESSION,False,ses-03,0.0,0.0,20260811,1.0,1.0,success,60,SSVEP
False,nan,nan,3,POP,0.010028233751654625,0.8273415267467499,0.18678033351898193,0.9584255814552307,sub-23,0,nan,S1_MOTION_WITHIN_SESSION,False,ses-03,0.0876106983524586,0.08522473275661469,20260811,0.980860655885778,0.9576788118990258,success,60,SSVEP
False,nan,nan,3,DET-NULL,0.006917664781212807,0.8276181817054749,0.17983832955360413,0.9573079943656921,sub-23,0,nan,S1_MOTION_WITHIN_SESSION,False,ses-03,0.10278376811314868,0.11745467036962509,20260811,0.9874757575954831,0.9919968850402497,success,60,SSVEP
False,nan,nan,3,DET-MATCH,0.0015076659619808197,0.8689786195755005,0.1374875009059906,0.9639835357666016,sub-23,0,nan,S1_MOTION_WITHIN_SESSION,False,ses-03,0.08508093773588686,0.08817476034164429,20260811,0.9953621737163626,0.9948951901978741,success,60,SSVEP
True,nan,nan,3,DIFF-NULL,0.00482422299683094,0.7893895357847214,0.21650543808937073,0.948472261428833,sub-23,8,7.30050418757591,S1_MOTION_WITHIN_SESSION,False,ses-03,0.13224733722019597,0.1336960792541504,20260811,0.9974106523539767,0.8953662291654383,success,60,SSVEP
True,nan,nan,3,DIFF-POP,0.00482422299683094,0.7893895357847214,0.21650543808937073,0.948472261428833,sub-23,8,7.30050418757591,S1_MOTION_WITHIN_SESSION,False,ses-03,0.13224733722019597,0.1336960792541504,20260811,0.9974106523539767,0.8953662291654383,success,60,SSVEP
True,nan,nan,3,DIFF-MATCH,0.0037192609161138535,0.8121953159570694,0.19424204528331757,0.9495052099227905,sub-23,8,6.942680491118872,S1_MOTION_WITHIN_SESSION,False,ses-03,0.12133060486814165,0.12192246317863464,20260811,0.9956978223501397,0.9021586421311025,success,60,SSVEP
False,nan,nan,3,DET-WRONG-1,0.0077696293592453,0.8235920071601868,0.18492698669433594,0.9546521306037903,sub-23,0,nan,S1_MOTION_WITHIN_SESSION,False,ses-03,0.11243801166538152,0.11830151081085205,20260811,0.9852723485040638,0.9894752226908375,success,60,SSVEP
True,nan,nan,3,DIFF-WRONG-1,0.003813019022345543,0.7903310656547546,0.21586982905864716,0.9503379464149475,sub-23,8,nan,S1_MOTION_WITHIN_SESSION,False,ses-03,0.13096250059359946,0.13138596713542938,20260811,0.9985624052526061,0.8976935313309176,success,60,SSVEP
False,nan,nan,3,DET-WRONG-2,0.01023019477725029,0.8260350972414017,0.18248464167118073,0.9571112394332886,sub-23,0,nan,S1_MOTION_WITHIN_SESSION,False,ses-03,0.10045011035026508,0.10849587619304657,20260811,0.9863081292698592,0.9837889909321047,success,60,SSVEP
True,nan,nan,3,DIFF-WRONG-2,0.004047570750117302,0.8121739029884338,0.19369041919708252,0.9501423835754395,sub-23,8,nan,S1_MOTION_WITHIN_SESSION,False,ses-03,0.12184587979204373,0.12275099009275436,20260811,0.9961847447645618,0.9028036517646882,success,60,SSVEP
False,nan,nan,3,DET-WRONG-3,0.0023621730506420135,0.8620684146881104,0.14547589421272278,0.9593625068664551,sub-23,0,nan,S1_MOTION_WITHIN_SESSION,False,ses-03,0.09612309296251462,0.08644744753837585,20260811,0.991192418543174,0.977913290897485,success,60,SSVEP
True,nan,nan,3,DIFF-WRONG-3,0.0032888930290937424,0.8138595372438431,0.19146662950515747,0.950303852558136,sub-23,8,nan,S1_MOTION_WITHIN_SESSION,False,ses-03,0.12015221628441519,0.12397386133670807,20260811,0.9970174267111618,0.9058266371222755,success,60,SSVEP
False,nan,nan,3,DET-SHUFFLED,0.0031807441264390945,0.8639957010746002,0.14240193367004395,0.9634604454040527,sub-23,0,nan,S1_MOTION_WITHIN_SESSION,False,ses-03,0.08555676027399484,0.09045346826314926,20260811,0.9954410872294126,0.9953609015134922,success,60,SSVEP
True,nan,nan,3,DIFF-SHUFFLED,0.0033047720789909363,0.8124964535236359,0.19352662563323975,0.9503456950187683,sub-23,8,nan,S1_MOTION_WITHIN_SESSION,False,ses-03,0.1198014242079261,0.11897548288106918,20260811,0.9945872549675996,0.9035818823833341,success,60,SSVEP
False,nan,nan,3,RAW,0.0,1.0,0.0,1.0,sub-23,0,nan,S1_MOTION_WITHIN_SESSION,False,ses-04,0.0,0.0,20260811,1.0,1.0,success,60,SSVEP
False,nan,nan,3,POP,-0.0046266354620456696,0.7698868215084076,0.22819705307483673,0.9346647262573242,sub-23,0,nan,S1_MOTION_WITHIN_SESSION,False,ses-04,0.1952657767331217,0.2927718758583069,20260811,0.95632994454443,0.9337835335041488,success,60,SSVEP
False,nan,nan,3,DET-NULL,-0.0033296942710876465,0.7778731733560562,0.22134055197238922,0.9340934157371521,sub-23,0,nan,S1_MOTION_WITHIN_SESSION,False,ses-04,0.20246712133942624,0.30836570262908936,20260811,0.9852790426098699,0.9677199624181199,success,60,SSVEP
False,nan,nan,3,DET-MATCH,-0.0032955817878246307,0.8308506011962891,0.168972909450531,0.9492868781089783,sub-23,0,nan,S1_MOTION_WITHIN_SESSION,False,ses-04,0.1711476851035956,0.263069748878479,20260811,0.9742021788045656,0.99559761007242,success,60,SSVEP
True,nan,nan,3,DIFF-NULL,0.002217944711446762,0.7499045133590698,0.251573383808136,0.9200605154037476,sub-23,8,7.375951234032126,S1_MOTION_WITHIN_SESSION,False,ses-04,0.23597519788015267,0.36155784130096436,20260811,0.9894585699525739,0.9911010569869271,success,60,SSVEP
True,nan,nan,3,DIFF-POP,0.002217944711446762,0.7499045133590698,0.251573383808136,0.9200605154037476,sub-23,8,7.375951234032126,S1_MOTION_WITHIN_SESSION,False,ses-04,0.23597519788015267,0.36155784130096436,20260811,0.9894585699525739,0.9911010569869271,success,60,SSVEP
True,nan,nan,3,DIFF-MATCH,0.002799924463033676,0.7718424201011658,0.23096825182437897,0.9283356666564941,sub-23,8,7.123814029853885,S1_MOTION_WITHIN_SESSION,False,ses-04,0.20742509557401098,0.3139081299304962,20260811,0.9904263250985491,0.9983531219420753,success,60,SSVEP
False,nan,nan,3,DET-WRONG-1,-0.0007918737828731537,0.7635115534067154,0.23641134798526764,0.9372923970222473,sub-23,0,nan,S1_MOTION_WITHIN_SESSION,False,ses-04,0.19235904744076243,0.2929273843765259,20260811,0.9970882903985454,0.9804122730575897,success,60,SSVEP
True,nan,nan,3,DIFF-WRONG-1,0.002763897180557251,0.7569695115089417,0.24415595829486847,0.9426591396331787,sub-23,8,nan,S1_MOTION_WITHIN_SESSION,False,ses-04,0.19180721564168493,0.27501994371414185,20260811,0.9921155892201604,0.9890614054727803,success,60,SSVEP
False,nan,nan,3,DET-WRONG-2,-0.007188502699136734,0.7813622057437897,0.2180272787809372,0.935455322265625,sub-23,0,nan,S1_MOTION_WITHIN_SESSION,False,ses-04,0.1903258312155321,0.25670355558395386,20260811,0.9916397249797544,0.9750555583253059,success,60,SSVEP
True,nan,nan,3,DIFF-WRONG-2,-0.001394115388393402,0.7416039705276489,0.26085054874420166,0.9196192026138306,sub-23,8,nan,S1_MOTION_WITHIN_SESSION,False,ses-04,0.24094015869004706,0.36678844690322876,20260811,0.9895482687404935,0.9936695232892238,success,60,SSVEP
False,nan,nan,3,DET-WRONG-3,-0.004603460431098938,0.8225911855697632,0.17851483821868896,0.9500645995140076,sub-23,0,nan,S1_MOTION_WITHIN_SESSION,False,ses-04,0.16696825187396167,0.2507011592388153,20260811,0.9840085878231891,0.9582925550851531,success,60,SSVEP
True,nan,nan,3,DIFF-WRONG-3,0.0035011880099773407,0.7859185934066772,0.21504108607769012,0.928718626499176,sub-23,8,nan,S1_MOTION_WITHIN_SESSION,False,ses-04,0.20419301933977488,0.31156474351882935,20260811,0.9903417480882837,0.9958137833056895,success,60,SSVEP
False,nan,nan,3,DET-SHUFFLED,-0.0033067986369132996,0.8040258586406708,0.19326016306877136,0.9439777135848999,sub-23,0,nan,S1_MOTION_WITHIN_SESSION,False,ses-04,0.1888303032618506,0.29160457849502563,20260811,0.976647811631782,0.9574311257119401,success,60,SSVEP
True,nan,nan,3,DIFF-SHUFFLED,0.0026244595646858215,0.7777285277843475,0.2239658534526825,0.92742520570755,sub-23,8,nan,S1_MOTION_WITHIN_SESSION,False,ses-04,0.20809824915883549,0.3162604868412018,20260811,0.9902553355194372,0.9988909462576022,success,60,SSVEP
False,nan,nan,3,RAW,0.0,1.0,0.0,1.0,sub-23,0,nan,S2_MOTION_XSPEED,False,ses-04,0.0,0.0,20260811,1.0,1.0,success,60,SSVEP
False,nan,nan,3,POP,-0.0010577552020549774,0.7860475927591324,0.226044699549675,0.9354865550994873,sub-23,0,nan,S2_MOTION_XSPEED,False,ses-04,0.17898863820905944,0.12476592510938644,20260811,0.9331079395288606,0.9491063423022732,success,60,SSVEP
False,nan,nan,3,DET-NULL,-0.0014636702835559845,0.7916812300682068,0.221661776304245,0.9344055652618408,sub-23,0,nan,S2_MOTION_XSPEED,False,ses-04,0.18386024633998146,0.15703389048576355,20260811,0.9673872914675917,0.9884401710111281,success,60,SSVEP
False,nan,nan,3,DET-MATCH,-0.00023850798606872559,0.8395542204380035,0.1711444854736328,0.9463330507278442,sub-23,0,nan,S2_MOTION_XSPEED,False,ses-04,0.14781458528808686,0.12392142415046692,20260811,0.970909672357099,0.9661506202690149,success,60,SSVEP
True,nan,nan,3,DIFF-NULL,0.006230365484952927,0.7608809322118759,0.24848824739456177,0.9225254654884338,sub-23,8,7.379963797110098,S2_MOTION_XSPEED,False,ses-04,0.2218364055112044,0.22186489403247833,20260811,0.9839292170855652,0.9472299869986655,success,60,SSVEP
True,nan,nan,3,DIFF-POP,0.006230365484952927,0.7608809322118759,0.24848824739456177,0.9225254654884338,sub-23,8,7.379963797110098,S2_MOTION_XSPEED,False,ses-04,0.2218364055112044,0.22186489403247833,20260811,0.9839292170855652,0.9472299869986655,success,60,SSVEP
True,nan,nan,3,DIFF-MATCH,0.006527639925479889,0.7844768911600113,0.2244851291179657,0.9294036030769348,sub-23,8,7.019681432512072,S2_MOTION_XSPEED,False,ses-04,0.1979130167236355,0.20311272144317627,20260811,0.9808140478005795,0.9455009159731278,success,60,SSVEP
False,nan,nan,3,DET-WRONG-1,-0.005873385816812515,0.8373787999153137,0.17619279026985168,0.9508379697799683,sub-23,0,nan,S2_MOTION_XSPEED,False,ses-04,0.14252644052841987,0.10308025032281876,20260811,0.9461873236327756,0.9799318878440475,success,60,SSVEP
True,nan,nan,3,DIFF-WRONG-1,0.0069279745221138,0.7968970686197281,0.21106886863708496,0.930620014667511,sub-23,8,nan,S2_MOTION_XSPEED,False,ses-04,0.18966736143193444,0.1991320550441742,20260811,0.9791373881613964,0.9390615289576212,success,60,SSVEP
False,nan,nan,3,DET-WRONG-2,0.0026521384716033936,0.8019605129957199,0.2134283483028412,0.9496952295303345,sub-23,0,nan,S2_MOTION_XSPEED,False,ses-04,0.14158306491119427,0.11650440096855164,20260811,0.9987067855484929,0.9589743535334776,success,60,SSVEP
True,nan,nan,3,DIFF-WRONG-2,0.005277469754219055,0.7465389966964722,0.2664583623409271,0.9470887184143066,sub-23,8,nan,S2_MOTION_XSPEED,False,ses-04,0.19125666370742164,0.17522181570529938,20260811,0.992675655780826,0.9606984474080187,success,60,SSVEP
False,nan,nan,3,DET-WRONG-3,-0.003402572125196457,0.7881917059421539,0.22597788274288177,0.933477520942688,sub-23,0,nan,S2_MOTION_XSPEED,False,ses-04,0.1820009928506277,0.15144659578800201,20260811,0.9685038653227631,0.9903185193482194,success,60,SSVEP
True,nan,nan,3,DIFF-WRONG-3,0.00634363666176796,0.7613827735185623,0.24738523364067078,0.9205588102340698,sub-23,8,nan,S2_MOTION_XSPEED,False,ses-04,0.22477945958230977,0.22291593253612518,20260811,0.9807570113827808,0.9441893360372741,success,60,SSVEP
False,nan,nan,3,DET-SHUFFLED,-0.0005889348685741425,0.8355134427547455,0.17537042498588562,0.9449273347854614,sub-23,0,nan,S2_MOTION_XSPEED,False,ses-04,0.1496803290866837,0.1260259449481964,20260811,0.9726586894380206,0.9743668910247293,success,60,SSVEP
True,nan,nan,3,DIFF-SHUFFLED,0.006670225411653519,0.7852899432182312,0.2238408625125885,0.9315557479858398,sub-23,8,nan,S2_MOTION_XSPEED,False,ses-04,0.19338637540019438,0.1973421424627304,20260811,0.9811232077220267,0.944309133577814,success,60,SSVEP
