budget_seconds,fold_id,study,recording_key,arm,composite_proxy,fixed_lambda,reliability_lambda,full_lambda,normalized_frobenius,frequency_magnitude,frequency_phase,common_eog_response
60.0,study01_layout_01_heldout_00,study01,study01/study01_p01,POP,1.3129620458613802,0.51,0.18915899941811135,0.0,0.7180011910139011,0.4135754149876983,0.6592577339416826,0.8334608574795136
60.0,study01_layout_01_heldout_00,study01,study01/study01_p01,RAW_MATCH,1.185818805725145,0.51,0.18915899941811135,0.0,0.7245214333213126,0.41934154600249585,0.788613938784428,0.6876158658442063
60.0,study01_layout_01_heldout_00,study01,study01/study01_p01,FIXED_LAMBDA,1.0183633459540289,0.51,0.18915899941811135,0.0,0.6237120782401518,0.34502254902999324,0.5786986246546737,0.6154709344585683
60.0,study01_layout_01_heldout_00,study01,study01/study01_p01,RELIABILITY_ONLY,1.1756108664384242,0.51,0.18915899941811135,0.0,0.6764548504310228,0.3876060057340629,0.6117824447240985,0.7268266162319514
60.0,study01_layout_01_heldout_00,study01,study01/study01_p01,FULL_FEATURE,1.3129620458613802,0.51,0.18915899941811135,0.0,0.7180011910139011,0.4135754149876983,0.6592577339416826,0.8334608574795136
60.0,study01_layout_01_heldout_00,study01,study01/study01_p01,EB_SHUFFLED,1.3129620458613802,0.51,0.18915899941811135,0.0,0.7180011910139011,0.4135754149876983,0.6592577339416826,0.8334608574795136
60.0,study01_layout_01_heldout_00,study01,study01/study01_p01,EB_WRONG_0,1.3129620458613802,0.51,0.18915899941811135,0.0,0.7180011910139009,0.4135754149876983,0.6592577339416827,0.8334608574795136
60.0,study01_layout_01_heldout_00,study01,study01/study01_p01,EB_WRONG_1,1.3129620458613802,0.51,0.18915899941811135,0.0,0.7180011910139009,0.4135754149876983,0.6592577339416827,0.8334608574795136
60.0,study01_layout_01_heldout_00,study01,study01/study01_p02,POP,1.3815881611305194,0.51,0.9695543270213285,0.0,0.7998416860110453,0.5339441078028986,0.726043841741965,0.7750396691534245
60.0,study01_layout_01_heldout_00,study01,study01/study01_p02,RAW_MATCH,1.0928540537297908,0.51,0.9695543270213285,0.0,0.6856537330255942,0.3657016875834049,0.739614150940541,0.6531909510523319
60.0,study01_layout_01_heldout_00,study01,study01/study01_p02,FIXED_LAMBDA,1.0999568659438683,0.51,0.9695543270213285,0.0,0.6369716547857155,0.42381870020273726,0.6712479203133993,0.6090133737097911
60.0,study01_layout_01_heldout_00,study01,study01/study01_p02,RELIABILITY_ONLY,1.0807956382144042,0.51,0.9695543270213285,0.0,0.6724330217318546,0.36478795632572814,0.7157190411667937,0.6444357777719967
60.0,study01_layout_01_heldout_00,study01,study01/study01_p02,FULL_FEATURE,1.3815881611305194,0.51,0.9695543270213285,0.0,0.7998416860110453,0.5339441078028986,0.726043841741965,0.7750396691534245
60.0,study01_layout_01_heldout_00,study01,study01/study01_p02,EB_SHUFFLED,1.3815881611305194,0.51,0.9695543270213285,0.0,0.7998416860110453,0.5339441078028986,0.726043841741965,0.7750396691534245
60.0,study01_layout_01_heldout_00,study01,study01/study01_p02,EB_WRONG_0,1.3815881611305196,0.51,0.9695543270213285,0.0,0.7998416860110452,0.5339441078028987,0.726043841741965,0.7750396691534245
60.0,study01_layout_01_heldout_00,study01,study01/study01_p02,EB_WRONG_1,1.3815881611305196,0.51,0.9695543270213285,0.0,0.7998416860110452,0.5339441078028987,0.726043841741965,0.7750396691534245
60.0,study01_layout_01_heldout_00,study01,study01/study01_p03,POP,2.8058901875146907,0.51,1.0,0.0,0.9909634157495255,0.7173111830715254,0.5999021683016327,2.028588787613002
60.0,study01_layout_01_heldout_00,study01,study01/study01_p03,RAW_MATCH,0.9515186378663312,0.51,1.0,0.0,0.5837023749384282,0.34043757609212766,0.4920718551807782,0.5618738762561257
60.0,study01_layout_01_heldout_00,study01,study01/study01_p03,FIXED_LAMBDA,1.73682368973851,0.51,1.0,0.0,0.8181909655575986,0.5879975587238332,0.5481085744657941,1.0940152735680975
60.0,study01_layout_01_heldout_00,study01,study01/study01_p03,RELIABILITY_ONLY,0.9515186378663312,0.51,1.0,0.0,0.5837023749384284,0.34043757609212766,0.4920718551807781,0.5618738762561257
60.0,study01_layout_01_heldout_00,study01,study01/study01_p03,FULL_FEATURE,2.8058901875146907,0.51,1.0,0.0,0.9909634157495255,0.7173111830715254,0.5999021683016327,2.028588787613002
60.0,study01_layout_01_heldout_00,study01,study01/study01_p03,EB_SHUFFLED,2.8058901875146907,0.51,1.0,0.0,0.9909634157495255,0.7173111830715254,0.5999021683016327,2.028588787613002
60.0,study01_layout_01_heldout_00,study01,study01/study01_p03,EB_WRONG_0,2.8058901875146907,0.51,1.0,0.0,0.9909634157495255,0.7173111830715255,0.5999021683016327,2.028588787613002
60.0,study01_layout_01_heldout_00,study01,study01/study01_p03,EB_WRONG_1,2.8058901875146907,0.51,1.0,0.0,0.9909634157495255,0.7173111830715255,0.5999021683016327,2.028588787613002
60.0,study01_layout_01_heldout_01,study01,study01/study01_p04,POP,1.0561699162967186,0.97,0.5224193377737059,1.0,0.6442699321865514,0.3978876960641924,0.5455730023802449,0.6037249199945016
60.0,study01_layout_01_heldout_01,study01,study01/study01_p04,RAW_MATCH,0.9489865998387345,0.97,0.5224193377737059,1.0,0.48747479303265373,0.2923403353557227,0.4965016499687882,0.606996099486133
60.0,study01_layout_01_heldout_01,study01,study01/study01_p04,FIXED_LAMBDA,0.9265726639844809,0.97,0.5224193377737059,1.0,0.4828759141952734,0.288252977049726,0.48869285218451974,0.5894504017163029
60.0,study01_layout_01_heldout_01,study01,study01/study01_p04,RELIABILITY_ONLY,0.739327510712912,0.97,0.5224193377737059,1.0,0.4456631667336469,0.2630715094662669,0.4314371286146955,0.4331122883851755
60.0,study01_layout_01_heldout_01,study01,study01/study01_p04,FULL_FEATURE,0.9489865998387345,0.97,0.5224193377737059,1.0,0.48747479303265373,0.2923403353557227,0.4965016499687882,0.606996099486133
60.0,study01_layout_01_heldout_01,study01,study01/study01_p04,EB_SHUFFLED,1.7356988670488467,0.97,0.5224193377737059,1.0,1.3240708991922685,0.5879703212443351,1.548562708918025,0.992872274912709
60.0,study01_layout_01_heldout_01,study01,study01/study01_p04,EB_WRONG_0,2.499513154287916,0.97,0.5224193377737059,1.0,0.901039147123031,0.4763045087522315,0.7678774780345282,1.9464208977322315
60.0,study01_layout_01_heldout_01,study01,study01/study01_p05,POP,1.0921455993677955,0.97,0.010040130248001737,1.0,0.5716644313219853,0.3696757711176718,0.4839549366008125,0.6740743345900425
60.0,study01_layout_01_heldout_01,study01,study01/study01_p05,RAW_MATCH,1.7787905506005806,0.97,0.010040130248001737,1.0,0.9344846832561841,0.5599978199927896,0.8045912423545009,1.1383336063723408
60.0,study01_layout_01_heldout_01,study01,study01/study01_p05,FIXED_LAMBDA,1.7472482789659867,0.97,0.010040130248001737,1.0,0.9289965429340287,0.5570073084640904,0.8001450732517786,1.1102264631767182
60.0,study01_layout_01_heldout_01,study01,study01/study01_p05,RELIABILITY_ONLY,1.088935560248713,0.97,0.010040130248001737,1.0,0.5680779482489676,0.3703573119823148,0.4786260236307047,0.6707156459033278
60.0,study01_layout_01_heldout_01,study01,study01/study01_p05,FULL_FEATURE,1.7787905506005806,0.97,0.010040130248001737,1.0,0.9344846832561841,0.5599978199927896,0.8045912423545009,1.1383336063723408
60.0,study01_layout_01_heldout_01,study01,study01/study01_p05,EB_SHUFFLED,1.8497874934764909,0.97,0.010040130248001737,1.0,1.3847424624309737,0.6869012597234126,1.6251971908580503,1.000366514667273
60.0,study01_layout_01_heldout_01,study01,study01/study01_p05,EB_WRONG_0,0.7717088846809459,0.97,0.010040130248001737,1.0,0.4473877558522474,0.2505417970287536,0.5037370248330649,0.4707933851688858
60.0,study02_layout_02_heldout_00,study02,study02/study02_p02,POP,0.9485348476743825,0.5700000000000001,0.5283506582098783,0.3756369234686302,0.5343587812333241,0.3085453783693643,0.3243346137312543,0.6075560079318927
60.0,study02_layout_02_heldout_00,study02,study02/study02_p02,RAW_MATCH,0.8356219329251164,0.5700000000000001,0.5283506582098783,0.3756369234686302,0.5916711288543481,0.21213978407200684,0.5813568907050953,0.5653464597826
60.0,study02_layout_02_heldout_00,study02,study02/study02_p02,FIXED_LAMBDA,0.7493744648377109,0.5700000000000001,0.5283506582098783,0.3756369234686302,0.4481999073341327,0.22140251876065584,0.4021915436851729,0.48775279170853775
60.0,study02_layout_02_heldout_00,study02,study02/study02_p02,RELIABILITY_ONLY,0.7511903292957723,0.5700000000000001,0.5283506582098783,0.3756369234686302,0.4358704261711056,0.22467644471303105,0.3841213052699813,0.4881017540557432
60.0,study02_layout_02_heldout_00,study02,study02/study02_p02,FULL_FEATURE,0.7748262850198001,0.5700000000000001,0.5283506582098783,0.3756369234686302,0.40592064659981303,0.24022783430187516,0.3263666197169685,0.5019617887462281
60.0,study02_layout_02_heldout_00,study02,study02/study02_p02,EB_SHUFFLED,1.0809863738912608,0.5700000000000001,0.5283506582098783,0.3756369234686302,0.53907702171168,0.30990425058516413,0.3573323328963306,0.7353488900164636
60.0,study02_layout_02_heldout_00,study02,study02/study02_p02,EB_WRONG_0,0.8826079357686326,0.5700000000000001,0.5283506582098783,0.3756369234686302,0.5410385608789123,0.28851524186769717,0.4201570934606059,0.5520769845548749
60.0,study02_layout_02_heldout_00,study02,study02/study02_p02,EB_WRONG_1,1.0469025603400615,0.5700000000000001,0.5283506582098783,0.3756369234686302,0.6942589728095416,0.33818890358516934,0.5539784794548197,0.6533158088094101
60.0,study02_layout_02_heldout_00,study02,study02/study02_p03,POP,0.9941216079906828,0.5700000000000001,0.5484478083443969,0.5358075814305452,0.6369681001052927,0.3351959356010642,0.5406538075268105,0.6048602916369376
60.0,study02_layout_02_heldout_00,study02,study02/study02_p03,RAW_MATCH,1.3021363105330928,0.5700000000000001,0.5484478083443969,0.5358075814305452,0.6945338687271405,0.35196565849903133,0.6399442530578291,0.8861762267282786
60.0,study02_layout_02_heldout_00,study02,study02/study02_p03,FIXED_LAMBDA,1.010835795358649,0.5700000000000001,0.5484478083443969,0.5358075814305452,0.6131630504180616,0.31499706233616465,0.5374476207758131,0.6420939709449032
60.0,study02_layout_02_heldout_00,study02,study02/study02_p03,RELIABILITY_ONLY,1.0006361314339494,0.5700000000000001,0.5484478083443969,0.5358075814305452,0.6097047734789819,0.3137676313269202,0.5343505278156239,0.6334334473254667
60.0,study02_layout_02_heldout_00,study02,study02/study02_p03,FULL_FEATURE,0.9949040886484237,0.5700000000000001,0.5484478083443969,0.5358075814305452,0.6077485944890847,0.3130634810133664,0.5327174262459557,0.6285688650104617
60.0,study02_layout_02_heldout_00,study02,study02/study02_p03,EB_SHUFFLED,1.1242005627680798,0.5700000000000001,0.5484478083443969,0.5358075814305452,0.6458003175127259,0.34548327883981056,0.550981666966427,0.7236191172316265
60.0,study02_layout_02_heldout_00,study02,study02/study02_p03,EB_WRONG_0,1.0258832560720594,0.5700000000000001,0.5484478083443969,0.5358075814305452,0.6402054000969851,0.3389811127329894,0.5946921464678269,0.6274329286922873
60.0,study02_layout_02_heldout_00,study02,study02/study02_p03,EB_WRONG_1,1.4650285747685012,0.5700000000000001,0.5484478083443969,0.5358075814305452,0.8165405743787713,0.42654996724047833,0.6835205666728469,0.9701265508607382
60.0,study02_layout_02_heldout_00,study02,study02/study02_p06,POP,0.9178115783062188,0.5700000000000001,0.5395952390827737,0.720623184569882,0.5102607489163065,0.304140740451537,0.6735175210815304,0.5463190857465289
60.0,study02_layout_02_heldout_00,study02,study02/study02_p06,RAW_MATCH,1.0067904726411807,0.5700000000000001,0.5395952390827737,0.720623184569882,0.5904435563365956,0.2949182585699858,0.6858918489855992,0.643283029172635
60.0,study02_layout_02_heldout_00,study02,study02/study02_p06,FIXED_LAMBDA,0.8037052994771424,0.5700000000000001,0.5395952390827737,0.720623184569882,0.490252387006935,0.2640196026706294,0.6488188821987265,0.47480380858664034
60.0,study02_layout_02_heldout_00,study02,study02/study02_p06,RELIABILITY_ONLY,0.7969069233493404,0.5700000000000001,0.5395952390827737,0.720623184569882,0.4834143872768256,0.2628914169007058,0.6492614809075953,0.46908935835787513
60.0,study02_layout_02_heldout_00,study02,study02/study02_p06,FULL_FEATURE,0.8554342721968069,0.5700000000000001,0.5395952390827737,0.720623184569882,0.5261235784086002,0.272864026729798,0.6527168912896273,0.5172985563380462
60.0,study02_layout_02_heldout_00,study02,study02/study02_p06,EB_SHUFFLED,1.264604762174255,0.5700000000000001,0.5395952390827737,0.720623184569882,0.5649505084515483,0.34288499390278987,0.7241069675367336,0.849309071517792
60.0,study02_layout_02_heldout_00,study02,study02/study02_p06,EB_WRONG_0,1.0003116967883994,0.5700000000000001,0.5395952390827737,0.720623184569882,0.6072835939623831,0.33905566317024227,0.7479337260432962,0.5864626610138276
60.0,study02_layout_02_heldout_00,study02,study02/study02_p06,EB_WRONG_1,1.0296992672693923,0.5700000000000001,0.5395952390827737,0.720623184569882,0.6435187140870794,0.3421188132233239,0.7545303148890092,0.6121274225571676
60.0,study02_layout_02_heldout_01,study02,study02/study02_p07,POP,1.4208992292914773,0.56,0.5197131503388771,0.5832696290275671,0.7029451646264163,0.4510572765292304,0.5097334539792796,0.918868607364319
60.0,study02_layout_02_heldout_01,study02,study02/study02_p07,RAW_MATCH,2.6879202366073467,0.56,0.5197131503388771,0.5832696290275671,0.9463790236678185,0.5771500400771262,0.7195315728876149,2.038817039241459
60.0,study02_layout_02_heldout_01,study02,study02/study02_p07,FIXED_LAMBDA,2.0114422168517043,0.56,0.5197131503388771,0.5832696290275671,0.8327692908859833,0.5373532842400376,0.5686476228263403,1.4172241703290327
60.0,study02_layout_02_heldout_01,study02,study02/study02_p07,RELIABILITY_ONLY,1.9537885804346438,0.56,0.5197131503388771,0.5832696290275671,0.8205742573129147,0.5321122995617995,0.5563346359896156,1.3660428172738825
60.0,study02_layout_02_heldout_01,study02,study02/study02_p07,FULL_FEATURE,2.045256771731088,0.56,0.5197131503388771,0.5832696290275671,0.8397213484349749,0.5402385029408551,0.5762399364449785,1.4473942751457354
60.0,study02_layout_02_heldout_01,study02,study02/study02_p07,EB_SHUFFLED,1.2209952133386097,0.56,0.5197131503388771,0.5832696290275671,0.7388864279020186,0.4618104434882464,0.5723976496697766,0.7019450048833855
60.0,study02_layout_02_heldout_01,study02,study02/study02_p07,EB_WRONG_0,3.489041222147423,0.56,0.5197131503388771,0.5832696290275671,0.9022633916710409,0.6212800138657639,0.6216952564769666,2.8055916826339624
60.0,study02_layout_02_heldout_01,study02,study02/study02_p08,POP,1.2909889116724695,0.56,0.49981917412191196,0.8326874700219733,0.6255780007466732,0.43140034462525606,0.8794242990595779,0.7716461371412556
60.0,study02_layout_02_heldout_01,study02,study02/study02_p08,RAW_MATCH,0.6846046044611969,0.56,0.49981917412191196,0.8326874700219733,0.3990030609823982,0.20899673620396678,0.7595306966034909,0.39965479859688097
60.0,study02_layout_02_heldout_01,study02,study02/study02_p08,FIXED_LAMBDA,0.8033761268473478,0.56,0.49981917412191196,0.8326874700219733,0.3651627400448319,0.2157672918920503,0.7979413367842824,0.5078147012768692
60.0,study02_layout_02_heldout_01,study02,study02/study02_p08,RELIABILITY_ONLY,0.8330119012247866,0.56,0.49981917412191196,0.8326874700219733,0.36530123663027786,0.2209208073014099,0.8036708781056271,0.531724006112814
60.0,study02_layout_02_heldout_01,study02,study02/study02_p08,FULL_FEATURE,0.7085104731601024,0.56,0.49981917412191196,0.8326874700219733,0.3833312955971322,0.20753721400259995,0.7703631718279816,0.4239369419747043
60.0,study02_layout_02_heldout_01,study02,study02/study02_p08,EB_SHUFFLED,1.6480657817916766,0.56,0.49981917412191196,0.8326874700219733,1.0519777126370162,0.5850992984603027,1.0152977339920037,0.9614367099321736
60.0,study02_layout_02_heldout_01,study02,study02/study02_p08,EB_WRONG_0,1.234842738169333,0.56,0.49981917412191196,0.8326874700219733,0.7087073297622044,0.4097566981054958,0.8548909638267678,0.7395969436811605
60.0,study02_layout_02_heldout_02,study02,study02/study02_p09,POP,2.2974319868177435,0.43,0.454791108248664,0.28852684606342105,1.1683715295079093,0.8735684133563858,0.8571929559610225,1.3381442778652552
60.0,study02_layout_02_heldout_02,study02,study02/study02_p09,RAW_MATCH,0.9143730184275667,0.43,0.454791108248664,0.28852684606342105,0.49405390631117896,0.31058351578960736,0.5619177750261615,0.5475977251353431
60.0,study02_layout_02_heldout_02,study02,study02/study02_p09,FIXED_LAMBDA,1.4970930243245708,0.43,0.454791108248664,0.28852684606342105,0.8235477371354346,0.591224381986613,0.736492332875181,0.8322194090504399
60.0,study02_layout_02_heldout_02,study02,study02/study02_p09,RELIABILITY_ONLY,1.4513624654391082,0.43,0.454791108248664,0.28852684606342105,0.7999316408249948,0.5717731349703644,0.7317391636837746,0.8064154141003663
60.0,study02_layout_02_heldout_02,study02,study02/study02_p09,FULL_FEATURE,1.7662550610201861,0.43,0.454791108248664,0.28852684606342105,0.9541762803017493,0.7017829136276166,0.756636176986174,0.9888085296939522
60.0,study02_layout_02_heldout_02,study02,study02/study02_p09,EB_SHUFFLED,2.08591663916321,0.43,0.454791108248664,0.28852684606342105,1.1773375340458965,0.875056382720862,0.8783206853278706,1.123028187909561
60.0,study02_layout_02_heldout_02,study02,study02/study02_p09,EB_WRONG_0,1.8453932138448659,0.43,0.454791108248664,0.28852684606342105,1.028590286759952,0.7031749042939213,0.8534830666757829,1.0568700028833662
60.0,study02_layout_02_heldout_02,study02,study02/study02_p10,POP,2.0659568564166872,0.43,0.44004773640101713,0.4160441781138727,1.1455978808610663,0.8704457632706056,0.7290666277627695,1.1226044303698046
60.0,study02_layout_02_heldout_02,study02,study02/study02_p10,RAW_MATCH,1.3133485400183598,0.43,0.44004773640101713,0.4160441781138727,0.8094674984947148,0.4849054329532372,0.750356017101198,0.7534075053550028
60.0,study02_layout_02_heldout_02,study02,study02/study02_p10,FIXED_LAMBDA,1.65013353278274,0.43,0.44004773640101713,0.4160441781138727,0.9741576870210309,0.687990351046539,0.681601621804875,0.8939830195557135
60.0,study02_layout_02_heldout_02,study02,study02/study02_p10,RELIABILITY_ONLY,1.640887171590081,0.43,0.44004773640101713,0.4160441781138727,0.9698578786418769,0.6831550564218429,0.6813842750384267,0.8895936876643955
60.0,study02_layout_02_heldout_02,study02,study02/study02_p10,FULL_FEATURE,1.6630629898261926,0.43,0.44004773640101713,0.4160441781138727,0.9801415939159885,0.6946974405412477,0.681975614771309,0.900167987807814
60.0,study02_layout_02_heldout_02,study02,study02/study02_p10,EB_SHUFFLED,1.9103157574287013,0.43,0.44004773640101713,0.4160441781138727,1.1473787624179477,0.8690726446729442,0.7386962663034738,0.9673734861254096
60.0,study02_layout_02_heldout_02,study02,study02/study02_p10,EB_WRONG_0,1.692112257529708,0.43,0.44004773640101713,0.4160441781138727,0.9922946819529912,0.7101861393080701,0.6842585521809036,0.9135002630035476
60.0,study02_layout_02_heldout_03,study02,study02/study02_p11,POP,1.7347981285597873,0.56,0.5051786306558078,0.1093237304989429,0.7669095289450918,0.5809556087771806,0.4814090461154827,1.1057016151710586
60.0,study02_layout_02_heldout_03,study02,study02/study02_p11,RAW_MATCH,1.6654083647581293,0.56,0.5051786306558078,0.1093237304989429,0.7613379692203213,0.5194656246040302,0.5197080132466111,1.0939719388294378
60.0,study02_layout_02_heldout_03,study02,study02/study02_p11,FIXED_LAMBDA,1.5404365545693173,0.56,0.5051786306558078,0.1093237304989429,0.7051795682403433,0.527110543342538,0.45190043691736587,0.9681359675350427
60.0,study02_layout_02_heldout_03,study02,study02/study02_p11,RELIABILITY_ONLY,1.5432228239722805,0.56,0.5051786306558078,0.1093237304989429,0.704571531978043,0.5313637542263554,0.45021894526913064,0.966837175219012
60.0,study02_layout_02_heldout_03,study02,study02/study02_p11,FULL_FEATURE,1.6697191292945095,0.56,0.5051786306558078,0.1093237304989429,0.7450646968787535,0.5683429214342643,0.46518335534441946,1.054857872325803
60.0,study02_layout_02_heldout_03,study02,study02/study02_p11,EB_SHUFFLED,1.6112133547896037,0.56,0.5051786306558078,0.1093237304989429,0.767099437296276,0.5809662716409072,0.48175683597376456,0.9820713995513202
60.0,study02_layout_02_heldout_03,study02,study02/study02_p11,EB_WRONG_0,1.9591166458876528,0.56,0.5051786306558078,0.1093237304989429,0.8322259673701533,0.5950815397767092,0.6346510410481881,1.3005700020061248
60.0,study02_layout_02_heldout_03,study02,study02/study02_p12,POP,0.844522914483469,0.56,0.517095105271746,0.7660288489123179,0.5084459526393259,0.30608243539736146,0.40865531944447697,0.4975749471416598
60.0,study02_layout_02_heldout_03,study02,study02/study02_p12,RAW_MATCH,1.024753347776612,0.56,0.517095105271746,0.7660288489123179,0.685607604645209,0.27482469498047607,0.5932954305396543,0.6905991097421704
60.0,study02_layout_02_heldout_03,study02,study02/study02_p12,FIXED_LAMBDA,0.8215875441163468,0.56,0.517095105271746,0.7660288489123179,0.5384798227931521,0.2523791446503057,0.4494869658072558,0.5242597028853155
60.0,study02_layout_02_heldout_03,study02,study02/study02_p12,RELIABILITY_ONLY,0.8098890111112621,0.56,0.517095105271746,0.7660288489123179,0.5267393894911642,0.25240039215284793,0.440199603895226,0.5134686585688916
60.0,study02_layout_02_heldout_03,study02,study02/study02_p12,FULL_FEATURE,0.901165383606601,0.56,0.517095105271746,0.7660288489123179,0.6044861672810924,0.25867577123804714,0.5115274012324407,0.5913368722453098
60.0,study02_layout_02_heldout_03,study02,study02/study02_p12,EB_SHUFFLED,1.25203454060589,0.56,0.517095105271746,0.7660288489123179,0.596807795839381,0.35347839585489743,0.5610932731243814,0.8424468174385542
60.0,study02_layout_02_heldout_03,study02,study02/study02_p12,EB_WRONG_0,0.8322451099274859,0.56,0.517095105271746,0.7660288489123179,0.49885066257965066,0.3001415304567609,0.4112714473097487,0.49097643473975017
60.0,study02_layout_02_heldout_04,study02,study02/study02_p13,POP,0.8596854237872312,0.49,0.5516021426822099,0.450130600492889,0.4234928328518516,0.2858228093225742,0.2944594164777437,0.5444166728168827
60.0,study02_layout_02_heldout_04,study02,study02/study02_p13,RAW_MATCH,0.9832724981406502,0.49,0.5516021426822099,0.450130600492889,0.5030748585293745,0.2892542381110867,0.3805619820724037,0.6559620618223231
60.0,study02_layout_02_heldout_04,study02,study02/study02_p13,FIXED_LAMBDA,0.6622018688763113,0.49,0.5516021426822099,0.450130600492889,0.4078939870054572,0.23307068897878022,0.29458479472093885,0.3996727004254372
60.0,study02_layout_02_heldout_04,study02,study02/study02_p13,RELIABILITY_ONLY,0.6812389150876933,0.49,0.5516021426822099,0.450130600492889,0.4207888024959545,0.23858044291952824,0.3027416047619541,0.41238431169196965
60.0,study02_layout_02_heldout_04,study02,study02/study02_p13,FULL_FEATURE,0.6543658636822969,0.49,0.5516021426822099,0.450130600492889,0.3997044165909714,0.2299621850980184,0.29015504179087154,0.39538817440519136
60.0,study02_layout_02_heldout_04,study02,study02/study02_p13,EB_SHUFFLED,1.0551440902392004,0.49,0.5516021426822099,0.450130600492889,0.4348392191132625,0.2893268754545451,0.3324752876844569,0.7325696860162096
60.0,study02_layout_02_heldout_04,study02,study02/study02_p13,EB_WRONG_0,1.1533874257551844,0.49,0.5516021426822099,0.450130600492889,0.615944020266165,0.42848403581440425,0.39824062549531697,0.6850793273912483
60.0,study02_layout_02_heldout_04,study02,study02/study02_p14,POP,1.8865947405182868,0.49,0.42506896591107757,0.5565277021268814,0.9232065004879548,0.6121307573404134,0.7988984554208268,1.1945741376357908
60.0,study02_layout_02_heldout_04,study02,study02/study02_p14,RAW_MATCH,1.1636763770861371,0.49,0.42506896591107757,0.5565277021268814,0.6288117205493475,0.36956669216979,0.79369020950633,0.714740663965714
60.0,study02_layout_02_heldout_04,study02,study02/study02_p14,FIXED_LAMBDA,1.3769963131609606,0.49,0.42506896591107757,0.5565277021268814,0.738314102153154,0.45566346407301683,0.743387849497091,0.8469940641382346
60.0,study02_layout_02_heldout_04,study02,study02/study02_p14,RELIABILITY_ONLY,1.4353330227586718,0.49,0.42506896591107757,0.5565277021268814,0.7626249335345644,0.4759512425894789,0.74713164946372,0.8846686152228208
60.0,study02_layout_02_heldout_04,study02,study02/study02_p14,FULL_FEATURE,1.32258094538536,0.49,0.42506896591107757,0.5565277021268814,0.7146308035575873,0.43617523913667045,0.7419978798132056,0.812205918267369
60.0,study02_layout_02_heldout_04,study02,study02/study02_p14,EB_SHUFFLED,1.5323979063088724,0.49,0.42506896591107757,0.5565277021268814,0.9315209029442216,0.6126579896318385,0.848796572895338,0.8348602593875
60.0,study02_layout_02_heldout_04,study02,study02/study02_p14,EB_WRONG_0,2.8590205386622336,0.49,0.42506896591107757,0.5565277021268814,1.0658493533404334,0.7687301899760806,0.8359076490720554,2.0066995837789476
60.0,study02_layout_02_heldout_05,study02,study02/study02_p15,POP,0.9609304631736876,0.59,0.5253438023093314,0.7427695917042539,0.5788869464521434,0.34821272308690243,0.3782786325507961,0.5748898768317056
60.0,study02_layout_02_heldout_05,study02,study02/study02_p15,RAW_MATCH,1.1339682805480344,0.59,0.5253438023093314,0.7427695917042539,0.7078156877913917,0.38143272782996535,0.8143281911457886,0.6711027336034903
60.0,study02_layout_02_heldout_05,study02,study02/study02_p15,FIXED_LAMBDA,0.9026742055631511,0.59,0.5253438023093314,0.7427695917042539,0.5396683654687197,0.3122344112203462,0.5167236718756478,0.5387674271552402
60.0,study02_layout_02_heldout_05,study02,study02/study02_p15,RELIABILITY_ONLY,0.8866861242476631,0.59,0.5253438023093314,0.7427695917042539,0.5328839684512747,0.310323579905834,0.4806476733841739,0.5282977770034117
60.0,study02_layout_02_heldout_05,study02,study02/study02_p15,FULL_FEATURE,0.96360047224911,0.59,0.5253438023093314,0.7427695917042539,0.5762194709160209,0.3266125004025104,0.6087775432298076,0.5761102175236189
60.0,study02_layout_02_heldout_05,study02,study02/study02_p15,EB_SHUFFLED,1.2162907488474277,0.59,0.5253438023093314,0.7427695917042539,0.6089403353898817,0.36898793081204095,0.454178558314317,0.8018849622039551
60.0,study02_layout_02_heldout_05,study02,study02/study02_p15,EB_WRONG_0,0.9609304631736876,0.59,0.5253438023093314,0.7427695917042539,0.5788869464521434,0.34821272308690243,0.3782786325507961,0.5748898768317056
60.0,study02_layout_02_heldout_05,study02,study02/study02_p16,POP,0.881797001010313,0.59,0.5174665005762344,0.0,0.513915370733984,0.3536403920221489,0.29499442748023635,0.49865716624014045
60.0,study02_layout_02_heldout_05,study02,study02/study02_p16,RAW_MATCH,0.9825545874031455,0.59,0.5174665005762344,0.0,0.6075551509906558,0.3487921050530074,0.5268842644456304,0.581074055905575
60.0,study02_layout_02_heldout_05,study02,study02/study02_p16,FIXED_LAMBDA,0.8348616607181907,0.59,0.5174665005762344,0.0,0.4926742240683394,0.31215975309914407,0.3618956676093591,0.48651234085811074
60.0,study02_layout_02_heldout_05,study02,study02/study02_p16,RELIABILITY_ONLY,0.8232457656909395,0.59,0.5174665005762344,0.0,0.4833389236336272,0.3116175651486694,0.339648768803795,0.4776633236618906
60.0,study02_layout_02_heldout_05,study02,study02/study02_p16,FULL_FEATURE,0.881797001010313,0.59,0.5174665005762344,0.0,0.513915370733984,0.3536403920221489,0.29499442748023635,0.49865716624014045
60.0,study02_layout_02_heldout_05,study02,study02/study02_p16,EB_SHUFFLED,0.881797001010313,0.59,0.5174665005762344,0.0,0.513915370733984,0.3536403920221489,0.29499442748023635,0.49865716624014045
60.0,study02_layout_02_heldout_05,study02,study02/study02_p16,EB_WRONG_0,1.115764516740661,0.59,0.5174665005762344,0.0,0.6563965981958836,0.4087780216369565,0.6321066074034228,0.643775834363362
60.0,study02_layout_02_heldout_06,study02,study02/study02_p17,POP,0.7884444361098643,0.59,0.5798426749017881,0.2193711167115025,0.4673646225659702,0.2645308156929542,0.40169222544554056,0.48374439787235596
60.0,study02_layout_02_heldout_06,study02,study02/study02_p17,RAW_MATCH,0.9432868746208294,0.59,0.5798426749017881,0.2193711167115025,0.5705531562411794,0.3182744981484989,0.4140446599096147,0.583607910481369
60.0,study02_layout_02_heldout_06,study02,study02/study02_p17,FIXED_LAMBDA,0.7347528812621441,0.59,0.5798426749017881,0.2193711167115025,0.45306557227232397,0.24997743073781145,0.32585249009088896,0.45219020151524375
60.0,study02_layout_02_heldout_06,study02,study02/study02_p17,RELIABILITY_ONLY,0.7318358230815349,0.59,0.5798426749017881,0.2193711167115025,0.4511720900962499,0.2490574326835911,0.32518240546448973,0.4502601498514948
60.0,study02_layout_02_heldout_06,study02,study02/study02_p17,FULL_FEATURE,0.7184891875032342,0.59,0.5798426749017881,0.2193711167115025,0.4334076715867541,0.2453050323638212,0.3504674839271704,0.43813740674669593
60.0,study02_layout_02_heldout_06,study02,study02/study02_p17,EB_SHUFFLED,0.7621007809019769,0.59,0.5798426749017881,0.2193711167115025,0.4678579846837575,0.26447811334709237,0.40374268830448673,0.45724839872443573
60.0,study02_layout_02_heldout_06,study02,study02/study02_p17,EB_WRONG_0,1.0380569050625454,0.59,0.5798426749017881,0.2193711167115025,0.659905527639616,0.3479912146373794,0.6326719687272542,0.6267984935524407
60.0,study02_layout_02_heldout_06,study02,study02/study02_p18,POP,0.9680784810230743,0.59,0.505682323088268,0.8318012152579147,0.5048715095846449,0.3281706234823488,0.4887242117694542,0.59103543636378
60.0,study02_layout_02_heldout_06,study02,study02/study02_p18,RAW_MATCH,1.0427023975965044,0.59,0.505682323088268,0.8318012152579147,0.655894080539435,0.355122355139613,0.6253163415030096,0.6250484083065906
60.0,study02_layout_02_heldout_06,study02,study02/study02_p18,FIXED_LAMBDA,0.8050124862723926,0.59,0.505682323088268,0.8318012152579147,0.4649344221884912,0.30879194693274997,0.44535816549731433,0.4516847227899112
60.0,study02_layout_02_heldout_06,study02,study02/study02_p18,RELIABILITY_ONLY,0.7916976723663867,0.59,0.505682323088268,0.8318012152579147,0.4543677726501833,0.30633383029044586,0.4392132935932897,0.44144251271661183
60.0,study02_layout_02_heldout_06,study02,study02/study02_p18,FULL_FEATURE,0.9189012602579186,0.59,0.505682323088268,0.8318012152579147,0.5503156724879286,0.3325942394845395,0.519154754491197,0.5343915453242595
60.0,study02_layout_02_heldout_06,study02,study02/study02_p18,EB_SHUFFLED,1.3241975114599078,0.59,0.505682323088268,0.8318012152579147,0.7175680281788728,0.43525367539614607,0.5806618152910137,0.8308776545346604
60.0,study02_layout_02_heldout_06,study02,study02/study02_p18,EB_WRONG_0,0.8902154777763995,0.59,0.505682323088268,0.8318012152579147,0.4749904594960341,0.30104239121937476,0.48631042864873947,0.5405420436921509
60.0,study03_layout_03_heldout_00,study03,study03/study03_p03,POP,0.9957372694659898,0.66,0.42817476320435444,0.25255118903659723,0.6400010779173246,0.3109838407232375,0.6961042504768923,0.6151430036950631
60.0,study03_layout_03_heldout_00,study03,study03/study03_p03,RAW_MATCH,1.2605447960989933,0.66,0.42817476320435444,0.25255118903659723,0.8520062927085658,0.3989329015762792,0.695961102470658,0.7920157842756482
60.0,study03_layout_03_heldout_00,study03,study03/study03_p03,FIXED_LAMBDA,1.0480137133129854,0.66,0.42817476320435444,0.25255118903659723,0.6857449282559464,0.3412605538271257,0.6412559956801733,0.6426275599178424
60.0,study03_layout_03_heldout_00,study03,study03/study03_p03,RELIABILITY_ONLY,0.954448200533059,0.66,0.42817476320435444,0.25255118903659723,0.6113618902918806,0.3039953234068616,0.6440062593267755,0.5860522511935199
60.0,study03_layout_03_heldout_00,study03,study03/study03_p03,FULL_FEATURE,0.9339216062598994,0.66,0.42817476320435444,0.25255118903659723,0.5988953638132035,0.2925090984973928,0.6508387844252513,0.5763286293199814
60.0,study03_layout_03_heldout_00,study03,study03/study03_p03,EB_SHUFFLED,1.0147004388216163,0.66,0.42817476320435444,0.25255118903659723,0.6412618852153309,0.3107398974920005,0.7033796712036702,0.6336225742092487
60.0,study03_layout_03_heldout_00,study03,study03/study03_p03,EB_WRONG_0,0.9957372694659898,0.66,0.42817476320435444,0.25255118903659723,0.6400010779173246,0.3109838407232375,0.6961042504768923,0.6151430036950631
60.0,study03_layout_03_heldout_00,study03,study03/study03_p19,POP,1.4770448451825549,0.66,0.7664473440692564,0.0,0.9606856454735292,0.5470219753585175,0.8542784192300481,0.8445950279010326
60.0,study03_layout_03_heldout_00,study03,study03/study03_p19,RAW_MATCH,0.7547391142791358,0.66,0.7664473440692564,0.0,0.4614017743976343,0.2047953395518257,0.8991810898714583,0.46002566574016424
60.0,study03_layout_03_heldout_00,study03,study03/study03_p19,FIXED_LAMBDA,0.8345409256037135,0.66,0.7664473440692564,0.0,0.5007512646697486,0.22854241084867224,0.7929245391522851,0.5267060608398128
60.0,study03_layout_03_heldout_00,study03,study03/study03_p19,RELIABILITY_ONLY,0.7892664858324777,0.66,0.7664473440692564,0.0,0.4770762421932971,0.21281984059684178,0.8125924571583873,0.4951873995197972
60.0,study03_layout_03_heldout_00,study03,study03/study03_p19,FULL_FEATURE,1.4770448451825549,0.66,0.7664473440692564,0.0,0.9606856454735292,0.5470219753585175,0.8542784192300481,0.8445950279010326
60.0,study03_layout_03_heldout_00,study03,study03/study03_p19,EB_SHUFFLED,1.4770448451825549,0.66,0.7664473440692564,0.0,0.9606856454735292,0.5470219753585175,0.8542784192300481,0.8445950279010326
60.0,study03_layout_03_heldout_00,study03,study03/study03_p19,EB_WRONG_0,1.5231725129740767,0.66,0.7664473440692564,0.0,0.9849399464089782,0.575947798811954,0.8816378920739459,0.8590609249547282
60.0,study03_layout_03_heldout_01,study03,study03/study03_p20,POP,1.213653648702461,0.63,0.5490092411364232,1.0,0.7458466280108783,0.3975067657851067,1.1221054990131956,0.7039363330160348
60.0,study03_layout_03_heldout_01,study03,study03/study03_p20,RAW_MATCH,0.9498790645607507,0.63,0.5490092411364232,1.0,0.662199654535648,0.2643120745451479,0.6084501128181697,0.6247219787337858
60.0,study03_layout_03_heldout_01,study03,study03/study03_p20,FIXED_LAMBDA,0.8831191845050763,0.63,0.5490092411364232,1.0,0.5372212776382791,0.2638614925657094,0.9180786603717193,0.5274498259021949
60.0,study03_layout_03_heldout_01,study03,study03/study03_p20,RELIABILITY_ONLY,0.8963894098286982,0.63,0.5490092411364232,1.0,0.5355964518037561,0.2726561046927044,0.9710748287080869,0.5266258222651851
60.0,study03_layout_03_heldout_01,study03,study03/study03_p20,FULL_FEATURE,0.9498790645607507,0.63,0.5490092411364232,1.0,0.662199654535648,0.2643120745451479,0.6084501128181697,0.6247219787337858
60.0,study03_layout_03_heldout_01,study03,study03/study03_p20,EB_SHUFFLED,1.8213665037809132,0.63,0.5490092411364232,1.0,1.4137562744739387,0.6657783735514295,1.5457756544327774,1.001010564786206
60.0,study03_layout_03_heldout_01,study03,study03/study03_p20,EB_WRONG_0,1.213653648702461,0.63,0.5490092411364232,1.0,0.7458466280108783,0.3975067657851067,1.1221054990131956,0.7039363330160348
60.0,study03_layout_03_heldout_01,study03,study03/study03_p21,POP,1.0052919154651845,0.63,0.7203067759839943,0.0,0.4915202763851158,0.2915975568191373,0.3866113265365378,0.6750332259923933
60.0,study03_layout_03_heldout_01,study03,study03/study03_p21,RAW_MATCH,0.7009945599933772,0.63,0.7203067759839943,0.0,0.4388438039517647,0.20030142202026757,0.40152894596181005,0.46054024337692867
60.0,study03_layout_03_heldout_01,study03,study03/study03_p21,FIXED_LAMBDA,0.7504989926626602,0.63,0.7203067759839943,0.0,0.40508881763362986,0.20518437661928637,0.36425827062437816,0.5088887889809359
60.0,study03_layout_03_heldout_01,study03,study03/study03_p21,RELIABILITY_ONLY,0.7326318080481997,0.63,0.7203067759839943,0.0,0.41192029797741564,0.20264406778884034,0.371983434240251,0.49278939683533435
60.0,study03_layout_03_heldout_01,study03,study03/study03_p21,FULL_FEATURE,1.0052919154651845,0.63,0.7203067759839943,0.0,0.4915202763851158,0.2915975568191373,0.3866113265365378,0.6750332259923933
60.0,study03_layout_03_heldout_01,study03,study03/study03_p21,EB_SHUFFLED,1.0052919154651845,0.63,0.7203067759839943,0.0,0.4915202763851158,0.2915975568191373,0.3866113265365378,0.6750332259923933
60.0,study03_layout_03_heldout_01,study03,study03/study03_p21,EB_WRONG_0,1.4940896299920516,0.63,0.7203067759839943,0.0,1.0149500630672714,0.4781756524361132,1.326094089709003,0.883304568585038
60.0,study03_layout_03_heldout_02,study03,study03/study03_p22,POP,1.339763474435539,0.63,0.3865709064939378,0.13686900317732822,0.7190421556052582,0.4914417709059322,0.5044200853469067,0.797879694994916
60.0,study03_layout_03_heldout_02,study03,study03/study03_p22,RAW_MATCH,1.1832641183435706,0.63,0.3865709064939378,0.13686900317732822,0.6732069149878879,0.3463978469117642,0.5741164968298041,0.7794546217488261
60.0,study03_layout_03_heldout_02,study03,study03/study03_p22,FIXED_LAMBDA,1.0088280170984238,0.63,0.3865709064939378,0.13686900317732822,0.594893875118634,0.3233243391232626,0.4906180463587748,0.6364418733392838
60.0,study03_layout_03_heldout_02,study03,study03/study03_p22,RELIABILITY_ONLY,1.056847722233841,0.63,0.3865709064939378,0.13686900317732822,0.6042161376563804,0.37069183345834056,0.4706068385128022,0.6390952049242202
60.0,study03_layout_03_heldout_02,study03,study03/study03_p22,FULL_FEATURE,1.2187481440914092,0.63,0.3865709064939378,0.13686900317732822,0.6692084689467583,0.4472312070228291,0.47250913949830076,0.7242660231187501
60.0,study03_layout_03_heldout_02,study03,study03/study03_p22,EB_SHUFFLED,1.2674773753436217,0.63,0.3865709064939378,0.13686900317732822,0.7192748069499032,0.4915994837498645,0.5042139755779141,0.7254564940359658
60.0,study03_layout_03_heldout_02,study03,study03/study03_p22,EB_WRONG_0,1.339763474435539,0.63,0.3865709064939378,0.13686900317732822,0.7190421556052582,0.4914417709059322,0.5044200853469067,0.797879694994916
60.0,study03_layout_03_heldout_02,study03,study03/study03_p23,POP,1.692497049098301,0.63,0.7751551710962589,0.0,0.8894413309010066,0.5880772952666152,0.9236547038354724,1.0120542834481383
60.0,study03_layout_03_heldout_02,study03,study03/study03_p23,RAW_MATCH,1.2877396740355334,0.63,0.7751551710962589,0.0,0.7383392836419405,0.42911439246050537,0.9011798666584498,0.768507294909183
60.0,study03_layout_03_heldout_02,study03,study03/study03_p23,FIXED_LAMBDA,1.3168286772874234,0.63,0.7751551710962589,0.0,0.7398807465688784,0.4714157877985374,0.839750326883613,0.7614378568005247
60.0,study03_layout_03_heldout_02,study03,study03/study03_p23,RELIABILITY_ONLY,1.281954503796367,0.63,0.7751551710962589,0.0,0.7287910499944112,0.4477758734989024,0.8581308486969373,0.748365545427771
60.0,study03_layout_03_heldout_02,study03,study03/study03_p23,FULL_FEATURE,1.692497049098301,0.63,0.7751551710962589,0.0,0.8894413309010066,0.5880772952666152,0.9236547038354724,1.0120542834481383
60.0,study03_layout_03_heldout_02,study03,study03/study03_p23,EB_SHUFFLED,1.692497049098301,0.63,0.7751551710962589,0.0,0.8894413309010066,0.5880772952666152,0.9236547038354724,1.0120542834481383
60.0,study03_layout_03_heldout_02,study03,study03/study03_p23,EB_WRONG_0,1.6442600396681522,0.63,0.7751551710962589,0.0,0.8790279488394491,0.574352153126469,0.9170936668552339,0.9781985198561597
60.0,study03_layout_03_heldout_03,study03,study03/study03_p24,POP,1.0130094600181598,0.65,0.9174013370721776,0.7289598744198968,0.5767462471482282,0.33847045201114045,0.5558175125373208,0.6189572567532872
60.0,study03_layout_03_heldout_03,study03,study03/study03_p24,RAW_MATCH,0.7266526153502728,0.65,0.9174013370721776,0.7289598744198968,0.4341141181217498,0.2229974141313046,0.5833870650315351,0.44531649471581475
60.0,study03_layout_03_heldout_03,study03,study03/study03_p24,FIXED_LAMBDA,0.7389293463453296,0.65,0.9174013370721776,0.7289598744198968,0.4151216761888879,0.22132541752070106,0.46953300090934136,0.4706506287336944
60.0,study03_layout_03_heldout_03,study03,study03/study03_p24,RELIABILITY_ONLY,0.723187495562144,0.65,0.9174013370721776,0.7289598744198968,0.4260255249620776,0.22075763872199414,0.5548861164706715,0.44694124519308265
60.0,study03_layout_03_heldout_03,study03,study03/study03_p24,FULL_FEATURE,0.7297560617839361,0.65,0.9174013370721776,0.7289598744198968,0.4151888753442783,0.22001492343708484,0.4889921279404329,0.460841925552808
60.0,study03_layout_03_heldout_03,study03,study03/study03_p24,EB_SHUFFLED,1.2939620743113003,0.65,0.9174013370721776,0.7289598744198968,0.6278110998999781,0.35718284478234297,0.5800757563472771,0.8787716538942296
60.0,study03_layout_03_heldout_03,study03,study03/study03_p24,EB_WRONG_0,1.1799645439706865,0.65,0.9174013370721776,0.7289598744198968,0.65058424571027,0.405600717436998,0.549562829533711,0.7194075435803174
60.0,study03_layout_03_heldout_03,study03,study03/study03_p25,POP,0.9295902460901277,0.65,0.7063331681377388,0.8014296449060218,0.4969383424401578,0.3184955409293325,0.47564904559391835,0.5635298006014035
60.0,study03_layout_03_heldout_03,study03,study03/study03_p25,RAW_MATCH,0.7492365229402462,0.65,0.7063331681377388,0.8014296449060218,0.4584510414715277,0.2552263765537887,0.4500645528941536,0.4490036910970421
60.0,study03_layout_03_heldout_03,study03,study03/study03_p25,FIXED_LAMBDA,0.6559366646058042,0.65,0.7063331681377388,0.8014296449060218,0.3914059528171717,0.2342413378540756,0.3902925440540084,0.3826660723463277
60.0,study03_layout_03_heldout_03,study03,study03/study03_p25,RELIABILITY_ONLY,0.6569274622813221,0.65,0.7063331681377388,0.8014296449060218,0.39344976227051437,0.23244894654654497,0.39316248772698503,0.3851622669620786
60.0,study03_layout_03_heldout_03,study03,study03/study03_p25,FULL_FEATURE,0.6708750464906188,0.65,0.7063331681377388,0.8014296449060218,0.40434555208041784,0.23354902215639411,0.40278423535762625,0.3970476007984621
60.0,study03_layout_03_heldout_03,study03,study03/study03_p25,EB_SHUFFLED,1.2080443077695329,0.65,0.7063331681377388,0.8014296449060218,0.5378694857053842,0.3419283232953073,0.5371942368901497,0.8123965607852106
60.0,study03_layout_03_heldout_03,study03,study03/study03_p25,EB_WRONG_0,1.2574252284032204,0.65,0.7063331681377388,0.8014296449060218,0.5723976264345282,0.35676699360208675,0.6211721731745657,0.8385410174836769
60.0,study03_layout_03_heldout_04,study03,study03/study03_p26,POP,0.936294224976802,0.68,0.6809703323101302,0.7350739305443739,0.5126327141782185,0.3051877857594168,0.5056725134768161,0.5805391878697036
60.0,study03_layout_03_heldout_04,study03,study03/study03_p26,RAW_MATCH,0.9941110718214577,0.68,0.6809703323101302,0.7350739305443739,0.6038030698931446,0.3176479904763238,0.612655302363499,0.615197551108784
60.0,study03_layout_03_heldout_04,study03,study03/study03_p26,FIXED_LAMBDA,0.847283587290883,0.68,0.6809703323101302,0.7350739305443739,0.5260054306730787,0.28115588692629645,0.5433410033260584,0.5117936000319807
60.0,study03_layout_03_heldout_04,study03,study03/study03_p26,RELIABILITY_ONLY,0.8476361126351248,0.68,0.6809703323101302,0.7350739305443739,0.5262550723669324,0.2812666161656232,0.5437424538222682,0.5119952510872748
60.0,study03_layout_03_heldout_04,study03,study03/study03_p26,FULL_FEATURE,0.8675238515527477,0.68,0.6809703323101302,0.7350739305443739,0.5401393617450163,0.2875239213841948,0.5553410092123136,0.5244658292473215
60.0,study03_layout_03_heldout_04,study03,study03/study03_p26,EB_SHUFFLED,1.2600301735825898,0.68,0.6809703323101302,0.7350739305443739,0.5660333402308046,0.334606540531386,0.5513491557696413,0.8702887174742397
60.0,study03_layout_03_heldout_04,study03,study03/study03_p26,EB_WRONG_0,1.025347635258631,0.68,0.6809703323101302,0.7350739305443739,0.6255157437273473,0.36564518567387844,0.6177497933190746,0.5979274702528452
60.0,study03_layout_03_heldout_04,study03,study03/study03_p27,POP,1.1544333353036496,0.68,1.0,1.0,0.6993066602141537,0.3735725406037059,0.6961503198082739,0.7112457627191162
60.0,study03_layout_03_heldout_04,study03,study03/study03_p27,RAW_MATCH,0.9417943300767269,0.68,1.0,1.0,0.5784989031249838,0.30620968970305834,0.5261775362190925,0.5829668867517592
60.0,study03_layout_03_heldout_04,study03,study03/study03_p27,FIXED_LAMBDA,0.9574121752575752,0.68,1.0,1.0,0.5652629976490922,0.30148001330037083,0.5343337812043438,0.6024987838367699
60.0,study03_layout_03_heldout_04,study03,study03/study03_p27,RELIABILITY_ONLY,0.9417943300767269,0.68,1.0,1.0,0.5784989031249838,0.30620968970305834,0.5261775362190925,0.5829668867517592
60.0,study03_layout_03_heldout_04,study03,study03/study03_p27,FULL_FEATURE,0.9417943300767269,0.68,1.0,1.0,0.5784989031249838,0.30620968970305834,0.5261775362190925,0.5829668867517592
60.0,study03_layout_03_heldout_04,study03,study03/study03_p27,EB_SHUFFLED,1.7921860050298495,0.68,1.0,1.0,1.3848758522278617,0.6304473187601294,1.6268488530230119,0.999053800967419
60.0,study03_layout_03_heldout_04,study03,study03/study03_p27,EB_WRONG_0,1.093827575168175,0.68,1.0,1.0,0.6813161364750598,0.3689270185341185,0.7803184507781609,0.6468687115562403
60.0,study04_layout_04_heldout_00,study04,study04/study04_p03,POP,0.901701432629938,0.59,0.5246550537813528,0.4673657640949869,0.5427604984098157,0.30148713828182205,0.49816221779194136,0.5503980725689217
60.0,study04_layout_04_heldout_00,study04,study04/study04_p03,RAW_MATCH,1.1439287639076743,0.59,0.5246550537813528,0.4673657640949869,0.6410071987837778,0.3864450271222122,0.6297340430384943,0.6945103324816128
60.0,study04_layout_04_heldout_00,study04,study04/study04_p03,FIXED_LAMBDA,0.8684751556712065,0.59,0.5246550537813528,0.4673657640949869,0.5104043867674865,0.30926047812257024,0.46300735573745905,0.5129139419748903
60.0,study04_layout_04_heldout_00,study04,study04/study04_p03,RELIABILITY_ONLY,0.8408306000469425,0.59,0.5246550537813528,0.4673657640949869,0.49730381049659644,0.29887658301461917,0.4511948186337908,0.4968345351689442
60.0,study04_layout_04_heldout_00,study04,study04/study04_p03,FULL_FEATURE,0.8219446022553875,0.59,0.5246550537813528,0.4673657640949869,0.48887096869357016,0.29094701103887827,0.4433361516123568,0.4866639760552735
60.0,study04_layout_04_heldout_00,study04,study04/study04_p03,EB_SHUFFLED,0.9573359792733586,0.59,0.5246550537813528,0.4673657640949869,0.5458551847981302,0.3033385265877791,0.5123996510375864,0.6027574875818208
60.0,study04_layout_04_heldout_00,study04,study04/study04_p03,EB_WRONG_0,1.9193542793083496,0.59,0.5246550537813528,0.4673657640949869,0.8163380083858867,0.4650302640329607,0.659642275810193,1.3883597876943694
60.0,study04_layout_04_heldout_00,study04,study04/study04_p03,EB_WRONG_1,0.942415294709462,0.59,0.5246550537813528,0.4673657640949869,0.5291867796127016,0.29762341563418726,0.49840255896397984,0.5949516231788767
60.0,study04_layout_04_heldout_00,study04,study04/study04_p08,POP,1.1461165730201643,0.59,0.5253717593213266,0.8861564540205057,0.6548766579252684,0.3672894264530602,0.44252830413129124,0.734574316153975
60.0,study04_layout_04_heldout_00,study04,study04/study04_p08,RAW_MATCH,0.7399619532435575,0.59,0.5253717593213266,0.8861564540205057,0.4543056384442304,0.2276874250716493,0.4246518614362951,0.46980934202827873
60.0,study04_layout_04_heldout_00,study04,study04/study04_p08,FIXED_LAMBDA,0.8006429377460005,0.59,0.5253717593213266,0.8861564540205057,0.4338420929241431,0.22336361858420947,0.37738458858529034,0.539540860303262
60.0,study04_layout_04_heldout_00,study04,study04/study04_p08,RELIABILITY_ONLY,0.8238283872403943,0.59,0.5253717593213266,0.8861564540205057,0.43749433489996586,0.22966776255645324,0.3751668001051833,0.5566439446734227
60.0,study04_layout_04_heldout_00,study04,study04/study04_p08,FULL_FEATURE,0.7445556816347948,0.59,0.5253717593213266,0.8861564540205057,0.4443483044834818,0.22215672881228854,0.408892182448466,0.48150973457765966
60.0,study04_layout_04_heldout_00,study04,study04/study04_p08,EB_SHUFFLED,1.5797059036998333,0.59,0.5253717593213266,0.8861564540205057,1.059395098571462,0.5260594023252265,0.8406964016911564,0.9695768612054911
60.0,study04_layout_04_heldout_00,study04,study04/study04_p08,EB_WRONG_0,1.20353357646948,0.59,0.5253717593213266,0.8861564540205057,0.7264972300975175,0.3801314741186714,0.5849317101055521,0.7649089313402532
60.0,study04_layout_04_heldout_00,study04,study04/study04_p08,EB_WRONG_1,1.1600001965059754,0.59,0.5253717593213266,0.8861564540205057,0.6891726816077334,0.39413827900969794,0.4302577867804543,0.722836138818232
60.0,study04_layout_04_heldout_00,study04,study04/study04_p24,POP,0.8488938805925617,0.59,0.5831889022833542,0.5691745944143087,0.45895776712610753,0.3075353374087206,0.3717143599433456,0.5041871071895065
60.0,study04_layout_04_heldout_00,study04,study04/study04_p24,RAW_MATCH,0.5676472062152488,0.59,0.5831889022833542,0.5691745944143087,0.33819349341060806,0.17506560040370864,0.46456429591658505,0.34612517621988165
60.0,study04_layout_04_heldout_00,study04,study04/study04_p24,FIXED_LAMBDA,0.577932311363405,0.59,0.5831889022833542,0.5691745944143087,0.31392123196137595,0.17187969546966383,0.37885630231971684,0.3681669856617694
60.0,study04_layout_04_heldout_00,study04,study04/study04_p24,RELIABILITY_ONLY,0.5793589729164133,0.59,0.5831889022833542,0.5691745944143087,0.3142634111491638,0.1724432026228071,0.3776753998697296,0.3691482303066332
60.0,study04_layout_04_heldout_00,study04,study04/study04_p24,FULL_FEATURE,0.5824698028707629,0.59,0.5831889022833542,0.5691745944143087,0.315064556897995,0.17368866504659428,0.37558120347385965,0.3712230174767826
60.0,study04_layout_04_heldout_00,study04,study04/study04_p24,EB_SHUFFLED,1.1165814371893412,0.59,0.5831889022833542,0.5691745944143087,0.48292639644310037,0.3185777986061464,0.4392594659298209,0.7540776919902128
60.0,study04_layout_04_heldout_00,study04,study04/study04_p24,EB_WRONG_0,0.9000679916009743,0.59,0.5831889022833542,0.5691745944143087,0.5003479573060525,0.31806909653658866,0.47751773320202323,0.5342471217441833
60.0,study04_layout_04_heldout_00,study04,study04/study04_p24,EB_WRONG_1,1.2381444365737753,0.59,0.5831889022833542,0.5691745944143087,0.6787915264275564,0.4191814670700435,0.5661054707507293,0.7623524224286589
60.0,study04_layout_04_heldout_01,study04,study04/study04_p28,POP,1.5456517072711102,0.58,0.7075365612899556,0.6072950770185003,0.5602314255072456,0.325334224818199,0.4291502126187181,1.1774024611910394
60.0,study04_layout_04_heldout_01,study04,study04/study04_p28,RAW_MATCH,1.4407476180789927,0.58,0.7075365612899556,0.6072950770185003,0.7203777146378642,0.3326071164154906,0.6980082964208065,1.0383396720214213
60.0,study04_layout_04_heldout_01,study04,study04/study04_p28,FIXED_LAMBDA,1.2604303296254713,0.58,0.7075365612899556,0.6072950770185003,0.5679578172663128,0.28965410356166615,0.5072770778011806,0.9200485182836871
60.0,study04_layout_04_heldout_01,study04,study04/study04_p28,RELIABILITY_ONLY,1.2752916875553573,0.58,0.7075365612899556,0.6072950770185003,0.601835853160804,0.2920772407299291,0.5501856081412656,0.9281958860113017
60.0,study04_layout_04_heldout_01,study04,study04/study04_p28,FULL_FEATURE,1.2607088923393757,0.58,0.7075365612899556,0.6072950770185003,0.5741226339958135,0.28952303079938546,0.5159004226189425,0.919595819278096
60.0,study04_layout_04_heldout_01,study04,study04/study04_p28,EB_SHUFFLED,0.9239159246611985,0.58,0.7075365612899556,0.6072950770185003,0.5716501118737188,0.3284319456014353,0.45039030502085015,0.5504449485576782
60.0,study04_layout_04_heldout_01,study04,study04/study04_p28,EB_WRONG_0,3.265211603113885,0.58,0.7075365612899556,0.6072950770185003,0.6988454739448805,0.36579579132530055,0.5351925632750787,2.8458965554610764
60.0,study04_layout_04_heldout_01,study04,study04/study04_p29,POP,1.2675096827148828,0.58,0.5610884864911858,0.9069018298103626,0.7134119307826349,0.5073407059243038,0.3310655855107033,0.7270624182395087
60.0,study04_layout_04_heldout_01,study04,study04/study04_p29,RAW_MATCH,1.1239089479352273,0.58,0.5610884864911858,0.9069018298103626,0.6713957751288366,0.44533380685038004,0.33320357280864105,0.645254783803983
60.0,study04_layout_04_heldout_01,study04,study04/study04_p29,FIXED_LAMBDA,1.0856679589505032,0.58,0.5610884864911858,0.9069018298103626,0.6370757059412245,0.44394084350338137,0.28782262555758764,0.612944852891363
60.0,study04_layout_04_heldout_01,study04,study04/study04_p29,RELIABILITY_ONLY,1.0866946436374307,0.58,0.5610884864911858,0.9069018298103626,0.6360442162226024,0.4442301016515318,0.28573038125247274,0.6138915038606517
60.0,study04_layout_04_heldout_01,study04,study04/study04_p29,FULL_FEATURE,1.105759988821995,0.58,0.5610884864911858,0.9069018298103626,0.6630507455568591,0.4437981871266348,0.32380261906142704,0.6295815397892176
60.0,study04_layout_04_heldout_01,study04,study04/study04_p29,EB_SHUFFLED,1.6538096775914253,0.58,0.5610884864911858,0.9069018298103626,0.9858660128052128,0.6146626762345185,0.6879611685665016,0.9703508845002566
60.0,study04_layout_04_heldout_01,study04,study04/study04_p29,EB_WRONG_0,1.3596951948477105,0.58,0.5610884864911858,0.9069018298103626,0.7877515229144245,0.5257072498184067,0.45971769448967936,0.7880161755803359
60.0,study04_layout_04_heldout_02,study04,study04/study04_p30,POP,1.0068461739162455,0.61,0.5870347911011469,0.4448299706883908,0.5293673016711392,0.3100146088583718,0.5098449451313215,0.6458470705447417
60.0,study04_layout_04_heldout_02,study04,study04/study04_p30,RAW_MATCH,1.019964014870571,0.61,0.5870347911011469,0.4448299706883908,0.6154984582747913,0.3062502180118665,0.6452336160170616,0.6491904352569984
60.0,study04_layout_04_heldout_02,study04,study04/study04_p30,FIXED_LAMBDA,0.8213826048968511,0.61,0.5870347911011469,0.4448299706883908,0.48552084904000553,0.25736708665031616,0.5155984612431213,0.5124556721222229
60.0,study04_layout_04_heldout_02,study04,study04/study04_p30,RELIABILITY_ONLY,0.8174103305570921,0.61,0.5870347911011469,0.4448299706883908,0.4815577196285085,0.25702029560493683,0.5095666936033718,0.5094333655918181
60.0,study04_layout_04_heldout_02,study04,study04/study04_p30,FULL_FEATURE,0.8145033975769155,0.61,0.5870347911011469,0.4448299706883908,0.4684273859399364,0.2600802687698482,0.4854429189388646,0.5058788369131808
60.0,study04_layout_04_heldout_02,study04,study04/study04_p30,EB_SHUFFLED,0.888634585452219,0.61,0.5870347911011469,0.4448299706883908,0.5277062687458288,0.30828804682172345,0.5291551665014085,0.5274310219803546
60.0,study04_layout_04_heldout_02,study04,study04/study04_p30,EB_WRONG_0,1.114383998396454,0.61,0.5870347911011469,0.4448299706883908,0.5779064815772657,0.3116813952828196,0.5815496762179057,0.7445476354918439
60.0,study04_layout_04_heldout_02,study04,study04/study04_p31,POP,1.0352905411976163,0.61,0.5962714606244534,0.3691516650746205,0.6459911742847919,0.3595226257764535,0.5235044283884543,0.6234174725823173
60.0,study04_layout_04_heldout_02,study04,study04/study04_p31,RAW_MATCH,1.0400647308807263,0.61,0.5962714606244534,0.3691516650746205,0.6451324666338315,0.28559734417085836,0.49135115699302717,0.7053322710105652
60.0,study04_layout_04_heldout_02,study04,study04/study04_p31,FIXED_LAMBDA,0.8735373255005106,0.61,0.5962714606244534,0.3691516650746205,0.5778268619637612,0.2485605647706796,0.4442687805857614,0.5805498826712548
60.0,study04_layout_04_heldout_02,study04,study04/study04_p31,RELIABILITY_ONLY,0.8707593021046038,0.61,0.5962714606244534,0.3691516650746205,0.5763487498922084,0.24835561900036446,0.44355912486554827,0.5780477706176845
60.0,study04_layout_04_heldout_02,study04,study04/study04_p31,FULL_FEATURE,0.8680284269327494,0.61,0.5962714606244534,0.3691516650746205,0.5689765968925036,0.2637347999344977,0.4454910654326539,0.5597445204549863
60.0,study04_layout_04_heldout_02,study04,study04/study04_p31,EB_SHUFFLED,1.0815474135298264,0.61,0.5962714606244534,0.3691516650746205,0.6452132082411557,0.3644211046580182,0.5270613959956518,0.6644201692722429
60.0,study04_layout_04_heldout_02,study04,study04/study04_p31,EB_WRONG_0,1.130335882921141,0.61,0.5962714606244534,0.3691516650746205,0.714307021583265,0.38835381490004856,0.6260846489088083,0.6793736031302116
60.0,study04_layout_04_heldout_03,study04,study04/study04_p32,POP,1.0006091800062684,0.56,0.5014097434012451,0.41376829318892816,0.6327275595229658,0.3126251468654113,0.6865992886922557,0.6193241042716316
60.0,study04_layout_04_heldout_03,study04,study04/study04_p32,RAW_MATCH,1.251757151060179,0.56,0.5014097434012451,0.41376829318892816,0.7871192476209472,0.38152198460017717,0.6749927238058673,0.802735894079415
60.0,study04_layout_04_heldout_03,study04,study04/study04_p32,FIXED_LAMBDA,1.004422790479825,0.56,0.5014097434012451,0.41376829318892816,0.6388892687394659,0.3208470027240161,0.635561630821177,0.6200196246736912
60.0,study04_layout_04_heldout_03,study04,study04/study04_p32,RELIABILITY_ONLY,0.9855270405256784,0.56,0.5014097434012451,0.41376829318892816,0.6249825235538693,0.31627679695542904,0.6342647713383784,0.6058237664364114
60.0,study04_layout_04_heldout_03,study04,study04/study04_p32,FULL_FEATURE,0.9646834476709583,0.56,0.5014097434012451,0.41376829318892816,0.6092515832591064,0.3110606017993756,0.6324649997006861,0.590376345901514
60.0,study04_layout_04_heldout_03,study04,study04/study04_p32,EB_SHUFFLED,1.0364600420561603,0.56,0.5014097434012451,0.41376829318892816,0.6304778195672506,0.31217978169882743,0.6882144498044575,0.6554588153768872
60.0,study04_layout_04_heldout_03,study04,study04/study04_p32,EB_WRONG_0,1.6595784487751828,0.56,0.5014097434012451,0.41376829318892816,1.0455786071319295,0.5339769982839843,1.3179244065565063,0.9938090098355479
60.0,study04_layout_04_heldout_03,study04,study04/study04_p33,POP,1.7237823842609514,0.56,0.5282198703938422,0.6871211811539866,1.3030611141108575,0.3371175532015242,1.649533526991386,1.2217114783602885
60.0,study04_layout_04_heldout_03,study04,study04/study04_p33,RAW_MATCH,1.1185675617298134,0.56,0.5282198703938422,0.6871211811539866,0.7230360613220237,0.32880363412129165,0.6446611758085997,0.7252978100276617
60.0,study04_layout_04_heldout_03,study04,study04/study04_p33,FIXED_LAMBDA,1.406058614405401,0.56,0.5282198703938422,0.6871211811539866,0.9051702095413863,0.4537439533785843,1.190008969066605,0.8333137641201561
60.0,study04_layout_04_heldout_03,study04,study04/study04_p33,RELIABILITY_ONLY,1.4250693033070994,0.56,0.5282198703938422,0.6871211811539866,0.9264036214454794,0.4476031390937965,1.2763986174538748,0.8498263024679154
60.0,study04_layout_04_heldout_03,study04,study04/study04_p33,FULL_FEATURE,1.3027336424987341,0.56,0.5282198703938422,0.6871211811539866,0.8302467195630595,0.44023896732948536,0.8512648222345839,0.7773681929457903
60.0,study04_layout_04_heldout_03,study04,study04/study04_p33,EB_SHUFFLED,1.4920606851043772,0.56,0.5282198703938422,0.6871211811539866,1.291590538789496,0.33545403425030457,1.6206769767582734,0.9945389531782453
60.0,study04_layout_04_heldout_03,study04,study04/study04_p33,EB_WRONG_0,1.6730452538780864,0.56,0.5282198703938422,0.6871211811539866,1.261883258962768,0.34143914409024934,1.6435204583373368,1.1672540639541034
60.0,study04_layout_04_heldout_04,study04,study04/study04_p34,POP,1.1939333093246023,0.59,0.6472914331498163,0.8255007121274126,0.7850180356190346,0.3970432150827182,0.6336054422659139,0.7335295500152926
60.0,study04_layout_04_heldout_04,study04,study04/study04_p34,RAW_MATCH,1.2222732400301963,0.59,0.6472914331498163,0.8255007121274126,0.7431534658205706,0.29837279113224874,0.5611030974959611,0.8677901391483515
60.0,study04_layout_04_heldout_04,study04,study04/study04_p34,FIXED_LAMBDA,1.020963335910289,0.59,0.6472914331498163,0.8255007121274126,0.6857214526135907,0.2866599330795168,0.5235385614877393,0.6819495466819983
60.0,study04_layout_04_heldout_04,study04,study04/study04_p34,RELIABILITY_ONLY,1.035617384633756,0.59,0.6472914331498163,0.8255007121274126,0.6918022954503502,0.2842828092977602,0.5233210394089243,0.6990024713951034
60.0,study04_layout_04_heldout_04,study04,study04/study04_p34,FULL_FEATURE,1.1126996616725784,0.59,0.6472914331498163,0.8255007121274126,0.7162443253243068,0.28673657753883197,0.5360929367587645,0.77235379045787
60.0,study04_layout_04_heldout_04,study04,study04/study04_p34,EB_SHUFFLED,1.451703607498327,0.59,0.6472914331498163,0.8255007121274126,0.9072228027302918,0.44387791658382514,0.8304150729824954,0.9247841836162524
60.0,study04_layout_04_heldout_04,study04,study04/study04_p34,EB_WRONG_0,1.1908977425412834,0.59,0.6472914331498163,0.8255007121274126,0.8056750646772514,0.3740109626410878,0.6121466807196522,0.7556721118282304
60.0,study04_layout_04_heldout_04,study04,study04/study04_p35,POP,1.1292040106291756,0.59,0.6452810344404912,0.7652469948136091,0.5033811391366011,0.27129644702707956,0.47744721813413565,0.8101628417886826
60.0,study04_layout_04_heldout_04,study04,study04/study04_p35,RAW_MATCH,0.9635153642489727,0.59,0.6452810344404912,0.7652469948136091,0.5900526119263508,0.30332956311914383,0.4233551055844262,0.6178502905713862
60.0,study04_layout_04_heldout_04,study04,study04/study04_p35,FIXED_LAMBDA,0.8682033598564225,0.59,0.6452810344404912,0.7652469948136091,0.4716893071080195,0.2714656882240883,0.4031414858304277,0.5564235230492914
60.0,study04_layout_04_heldout_04,study04,study04/study04_p35,RELIABILITY_ONLY,0.8655886869438743,0.59,0.6452810344404912,0.7652469948136091,0.479096695563494,0.2737882932684424,0.4011377581531215,0.5516866178601197
60.0,study04_layout_04_heldout_04,study04,study04/study04_p35,FULL_FEATURE,0.8759910640829299,0.59,0.6452810344404912,0.7652469948136091,0.5043413508033174,0.2801696600475853,0.39923922307726084,0.5558974817276185
60.0,study04_layout_04_heldout_04,study04,study04/study04_p35,EB_SHUFFLED,1.08683503046767,0.59,0.6452810344404912,0.7652469948136091,0.5541115732766438,0.313168564787942,0.5265774668403227,0.7210087189956955
60.0,study04_layout_04_heldout_04,study04,study04/study04_p35,EB_WRONG_0,2.2004411706454383,0.59,0.6452810344404912,0.7652469948136091,0.7877913090374655,0.3833141674445483,0.6494918585253391,1.7521778173483562
60.0,study04_layout_04_heldout_05,study04,study04/study04_p36,POP,0.8659703875453819,0.6,0.5983730434981627,0.6987689220938521,0.514891279161534,0.29818475583994297,0.4657732817961316,0.5212083035258258
60.0,study04_layout_04_heldout_05,study04,study04/study04_p36,RAW_MATCH,0.8066165077861138,0.6,0.5983730434981627,0.6987689220938521,0.4971134136110221,0.2673224971489138,0.49928356103758315,0.4893656545334418
60.0,study04_layout_04_heldout_05,study04,study04/study04_p36,FIXED_LAMBDA,0.7230301180939671,0.6,0.5983730434981627,0.6987689220938521,0.4298954656694798,0.24760311554186265,0.3988908486489267,0.43553791768721173
60.0,study04_layout_04_heldout_05,study04,study04/study04_p36,RELIABILITY_ONLY,0.72296526084981,0.6,0.5983730434981627,0.6987689220938521,0.42975619349424893,0.24760240309591602,0.39861568726941654,0.43550128902695234
60.0,study04_layout_04_heldout_05,study04,study04/study04_p36,FULL_FEATURE,0.7311757743494349,0.6,0.5983730434981627,0.6987689220938521,0.44107972773235826,0.24893485939540513,0.4153813015189612,0.4407027848021337
60.0,study04_layout_04_heldout_05,study04,study04/study04_p36,EB_SHUFFLED,1.1702803999584506,0.6,0.5983730434981627,0.6987689220938521,0.5262192458294637,0.29897418169962514,0.5488816487405194,0.8164180533847735
60.0,study04_layout_04_heldout_05,study04,study04/study04_p36,EB_WRONG_0,1.1744016324886017,0.6,0.5983730434981627,0.6987689220938521,0.7403221577567873,0.38524808370915925,0.6993619259928818,0.7192173561801544
60.0,study04_layout_04_heldout_05,study04,study04/study04_p37,POP,1.2683442268285745,0.6,0.5650366264381835,0.7797344360139034,0.5520996475789766,0.3066899253930864,0.6358856663417457,0.8980657348013136
60.0,study04_layout_04_heldout_05,study04,study04/study04_p37,RAW_MATCH,1.1506991502541601,0.6,0.5650366264381835,0.7797344360139034,0.7036351299135702,0.32389302747681126,0.7361077458352926,0.7531953481938195
60.0,study04_layout_04_heldout_05,study04,study04/study04_p37,FIXED_LAMBDA,0.9353496158326351,0.6,0.5650366264381835,0.7797344360139034,0.5201766614101876,0.27263454413088206,0.5933701792139521,0.6033780537803578
60.0,study04_layout_04_heldout_05,study04,study04/study04_p37,RELIABILITY_ONLY,0.9351937706503615,0.6,0.5650366264381835,0.7797344360139034,0.5131569155081565,0.2717295239954876,0.5911169565055296,0.604352551004321
60.0,study04_layout_04_heldout_05,study04,study04/study04_p37,FULL_FEATURE,0.9866574386739372,0.6,0.5650366264381835,0.7797344360139034,0.5811806761282927,0.2856471231783252,0.6376790146996266,0.6372424140256493
60.0,study04_layout_04_heldout_05,study04,study04/study04_p37,EB_SHUFFLED,1.1271131196664244,0.6,0.5650366264381835,0.7797344360139034,0.5895671497003274,0.3274358027769783,0.6941409694304373,0.7302632199464024
60.0,study04_layout_04_heldout_05,study04,study04/study04_p37,EB_WRONG_0,1.5382243896631813,0.6,0.5650366264381835,0.7797344360139034,0.6136363477009107,0.3302367883350528,0.6996627110503021,1.1380213302230984
60.0,study04_layout_04_heldout_06,study04,study04/study04_p38,POP,1.3287168784493264,0.58,0.5927677316819275,0.8519312029775319,0.7986527324186786,0.5245612387398788,0.526027139765179,0.7515529257329296
60.0,study04_layout_04_heldout_06,study04,study04/study04_p38,RAW_MATCH,0.7049738946394255,0.58,0.5927677316819275,0.8519312029775319,0.4494874530705416,0.19075345592651283,0.5037627917235222,0.46384415954056046
60.0,study04_layout_04_heldout_06,study04,study04/study04_p38,FIXED_LAMBDA,0.6800531060681005,0.58,0.5927677316819275,0.8519312029775319,0.4397782218325962,0.20440916418414723,0.44291867135865354,0.431352074748088
60.0,study04_layout_04_heldout_06,study04,study04/study04_p38,RELIABILITY_ONLY,0.6745893268231148,0.58,0.5927677316819275,0.8519312029775319,0.43838322739378394,0.20220371308759172,0.44374776992238707,0.42801083674328433
60.0,study04_layout_04_heldout_06,study04,study04/study04_p38,FULL_FEATURE,0.6494995818130188,0.58,0.5927677316819275,0.8519312029775319,0.4374958977034261,0.18299036260622634,0.4720754353755201,0.4193016756692404
60.0,study04_layout_04_heldout_06,study04,study04/study04_p38,EB_SHUFFLED,1.5438378794965173,0.58,0.5927677316819275,0.8519312029775319,0.8895040312608541,0.5301695801971072,0.713165406304327,0.9423517586689775
60.0,study04_layout_04_heldout_06,study04,study04/study04_p38,EB_WRONG_0,1.3823069211055885,0.58,0.5927677316819275,0.8519312029775319,0.8541496916832181,0.5467618250820865,0.6106790030072843,0.7744771957227736
60.0,study04_layout_04_heldout_06,study04,study04/study04_p39,POP,0.7746042712282551,0.58,0.5835539569121049,0.5106935762247903,0.43603798236309504,0.2575817192937998,0.39107217517134235,0.4779153344173211
60.0,study04_layout_04_heldout_06,study04,study04/study04_p39,RAW_MATCH,0.8867827512146598,0.58,0.5835539569121049,0.5106935762247903,0.5655909218326649,0.27937595878075994,0.45906737637904343,0.5615000547959955
60.0,study04_layout_04_heldout_06,study04,study04/study04_p39,FIXED_LAMBDA,0.7207254984158932,0.58,0.5835539569121049,0.5106935762247903,0.44923100445899633,0.24131938614088871,0.37774137987054074,0.44163197428795037
60.0,study04_layout_04_heldout_06,study04,study04/study04_p39,RELIABILITY_ONLY,0.7216436073704992,0.58,0.5835539569121049,0.5106935762247903,0.45015380789259135,0.24159486036085698,0.37841312513872377,0.4422074344957698
60.0,study04_layout_04_heldout_06,study04,study04/study04_p39,FULL_FEATURE,0.7051426217508652,0.58,0.5835539569121049,0.5106935762247903,0.43209732039560217,0.23627005107521334,0.3660368673241814,0.43226888394323365
60.0,study04_layout_04_heldout_06,study04,study04/study04_p39,EB_SHUFFLED,1.0254267774213113,0.58,0.5835539569121049,0.5106935762247903,0.44797026095905107,0.2730244832719372,0.4273496415585929,0.7096673299935147
60.0,study04_layout_04_heldout_06,study04,study04/study04_p39,EB_WRONG_0,1.5229842900811532,0.58,0.5835539569121049,0.5106935762247903,0.8109852834934751,0.47078133482953216,0.7538831679725513,0.9768146384543659
60.0,study05_layout_05_heldout_00,study05,study05/study05_p06,POP,0.9055929565299973,0.79,0.6822957333734969,0.4336923646999372,0.5476023269554732,0.3335103711854436,0.4326682910592981,0.5288157562386239
60.0,study05_layout_05_heldout_00,study05,study05/study05_p06,RAW_MATCH,0.848580513964597,0.79,0.6822957333734969,0.4336923646999372,0.5328545630175228,0.2898134896686184,0.3840691621624287,0.5203601080797357
60.0,study05_layout_05_heldout_00,study05,study05/study05_p06,FIXED_LAMBDA,0.7945278527990602,0.79,0.6822957333734969,0.4336923646999372,0.4998451467816711,0.2789067783581695,0.3691713073402956,0.4787039437068612
60.0,study05_layout_05_heldout_00,study05,study05/study05_p06,RELIABILITY_ONLY,0.778997099024668,0.79,0.6822957333734969,0.4336923646999372,0.48695435292798916,0.27663697258611736,0.3676259185602157,0.465597534582529
60.0,study05_layout_05_heldout_00,study05,study05/study05_p06,FULL_FEATURE,0.7788621777266544,0.79,0.6822957333734969,0.4336923646999372,0.4758021453211828,0.2822589166437693,0.36788884176977776,0.45981437690590743
60.0,study05_layout_05_heldout_00,study05,study05/study05_p06,EB_SHUFFLED,1.0425194384948624,0.79,0.6822957333734969,0.4336923646999372,0.5475665502163914,0.3323151320851372,0.43392827644937415,0.6668114787647877
60.0,study05_layout_05_heldout_00,study05,study05/study05_p06,EB_WRONG_0,1.0630606831873073,0.79,0.6822957333734969,0.4336923646999372,0.6233136652044371,0.2830188325471694,0.7140170883793714,0.7086401418022007
60.0,study05_layout_05_heldout_00,study05,study05/study05_p06,EB_WRONG_1,0.98424188809811,0.79,0.6822957333734969,0.4336923646999372,0.5968710248842408,0.3528704414100879,0.4675895112335679,0.5846124955646653
60.0,study05_layout_05_heldout_00,study05,study05/study05_p10,POP,1.1954804411204292,0.79,0.5722863429515092,0.9146932936079137,0.7479534608945678,0.39757336862711495,0.7071334481906925,0.727193727674245
60.0,study05_layout_05_heldout_00,study05,study05/study05_p10,RAW_MATCH,1.0515797424497841,0.79,0.5722863429515092,0.9146932936079137,0.7057385619458023,0.31867833404870466,0.6779985455833998,0.6651015538427395
60.0,study05_layout_05_heldout_00,study05,study05/study05_p10,FIXED_LAMBDA,1.026016567722598,0.79,0.5722863429515092,0.9146932936079137,0.6857742324416773,0.316908202000679,0.6335828441096288,0.6457500813109563
60.0,study05_layout_05_heldout_00,study05,study05/study05_p10,RELIABILITY_ONLY,1.0339368004699443,0.79,0.5722863429515092,0.9146932936079137,0.671493036226305,0.3268717304198041,0.6276468774255125,0.644300382307589
60.0,study05_layout_05_heldout_00,study05,study05/study05_p10,FULL_FEATURE,1.0376606449556176,0.79,0.5722863429515092,0.9146932936079137,0.6972782670270183,0.3170852623478676,0.6539223570380622,0.6551831469039436
60.0,study05_layout_05_heldout_00,study05,study05/study05_p10,EB_SHUFFLED,1.607327962096445,0.79,0.5722863429515092,0.9146932936079137,1.0742073874706308,0.5440905063836098,0.9174256880805667,0.9714948869047784
60.0,study05_layout_05_heldout_00,study05,study05/study05_p10,EB_WRONG_0,1.1420401189051248,0.79,0.5722863429515092,0.9146932936079137,0.7080093707325678,0.3830097890943764,0.654062398861155,0.6936240899246329
60.0,study05_layout_05_heldout_00,study05,study05/study05_p10,EB_WRONG_1,1.1900646336913436,0.79,0.5722863429515092,0.9146932936079137,0.7514302947541134,0.37325282590995257,0.6808129956476009,0.748730508216631
60.0,study05_layout_05_heldout_00,study05,study05/study05_p24,POP,1.3941690336418422,0.79,0.6451775791014389,0.5903036694992682,0.8672044737910978,0.49503289128959144,0.6313765142022721,0.8359984909320235
60.0,study05_layout_05_heldout_00,study05,study05/study05_p24,RAW_MATCH,1.27157036165717,0.79,0.6451775791014389,0.5903036694992682,0.821252340840621,0.4036322554675697,0.976815657526254,0.7702565404369749
60.0,study05_layout_05_heldout_00,study05,study05/study05_p24,FIXED_LAMBDA,1.231408413275061,0.79,0.6451775791014389,0.5903036694992682,0.7974407424617026,0.4051458622825723,0.8016689584011994,0.7460956551523688
60.0,study05_layout_05_heldout_00,study05,study05/study05_p24,RELIABILITY_ONLY,1.2197586159283023,0.79,0.6451775791014389,0.5903036694992682,0.7920656635946022,0.41055138119037177,0.6785056034217699,0.7413566743957535
60.0,study05_layout_05_heldout_00,study05,study05/study05_p24,FULL_FEATURE,1.2214588031833078,0.79,0.6451775791014389,0.5903036694992682,0.792576049493286,0.41395781349004557,0.6532614332362381,0.7421748463696384
60.0,study05_layout_05_heldout_00,study05,study05/study05_p24,EB_SHUFFLED,1.3896025241121166,0.79,0.6451775791014389,0.5903036694992682,0.8680298453726095,0.5012975126878106,0.6409521035963119,0.8242098010646748
60.0,study05_layout_05_heldout_00,study05,study05/study05_p24,EB_WRONG_0,1.498338798792774,0.79,0.6451775791014389,0.5903036694992682,0.9165221756802612,0.5306832569476054,0.5851004179920212,0.9091455000459666
60.0,study05_layout_05_heldout_00,study05,study05/study05_p24,EB_WRONG_1,1.760082789973004,0.79,0.6451775791014389,0.5903036694992682,0.9377041651293391,0.49157906884598374,0.8190639810143336,1.1865973230255868
60.0,study05_layout_05_heldout_01,study05,study05/study05_p40,POP,1.5741115219315636,0.6,0.581466480977986,1.0,1.45676456548775,0.3908061233449328,1.1192393021180798,1.0713814683748226
60.0,study05_layout_05_heldout_01,study05,study05/study05_p40,RAW_MATCH,0.9292165102913376,0.6,0.581466480977986,1.0,0.5096225939732393,0.26755609624930127,0.5423026105621792,0.6074301529858184
60.0,study05_layout_05_heldout_01,study05,study05/study05_p40,FIXED_LAMBDA,1.1995113528191392,0.6,0.581466480977986,1.0,0.7158563787982976,0.36026937943919035,0.6268110666522558,0.7765608667147232
60.0,study05_layout_05_heldout_01,study05,study05/study05_p40,RELIABILITY_ONLY,1.2168349916875165,0.6,0.581466480977986,1.0,0.7329995640535489,0.368196921399377,0.6352881286460188,0.7851092574235377
60.0,study05_layout_05_heldout_01,study05,study05/study05_p40,FULL_FEATURE,0.9292165102913376,0.6,0.581466480977986,1.0,0.5096225939732393,0.26755609624930127,0.5423026105621792,0.6074301529858184
60.0,study05_layout_05_heldout_01,study05,study05/study05_p40,EB_SHUFFLED,1.9475874243196811,0.6,0.581466480977986,1.0,1.4430716811033852,0.7756495992761917,1.7084700582133947,1.00109081922215
60.0,study05_layout_05_heldout_01,study05,study05/study05_p40,EB_WRONG_0,1.5722180195301836,0.6,0.581466480977986,1.0,1.449892289313895,0.3861714943955232,1.123308810964773,1.0737156440381832
60.0,study05_layout_05_heldout_01,study05,study05/study05_p41,POP,1.2140308940823688,0.6,0.5408753592880287,0.09183991596925543,0.6469507433020913,0.42907876534269984,0.4224775168203327,0.7427043770576357
60.0,study05_layout_05_heldout_01,study05,study05/study05_p41,RAW_MATCH,0.9478448969643041,0.6,0.5408753592880287,0.09183991596925543,0.504765940125975,0.36109755214556016,0.3718472605674454,0.5495626187619993
60.0,study05_layout_05_heldout_01,study05,study05/study05_p41,FIXED_LAMBDA,1.0163838099676394,0.6,0.5408753592880287,0.09183991596925543,0.5115883901154764,0.3703014521339125,0.35085939956979745,0.6109964178767472
60.0,study05_layout_05_heldout_01,study05,study05/study05_p41,RELIABILITY_ONLY,1.0305397664168514,0.6,0.5408753592880287,0.09183991596925543,0.5161099869200463,0.37337167187457365,0.3500802926960542,0.6221600652726724
60.0,study05_layout_05_heldout_01,study05,study05/study05_p41,FULL_FEATURE,1.17587551098898,0.6,0.5408753592880287,0.09183991596925543,0.6098668431521725,0.41601608382206595,0.39602838080923713,0.7202565890859904
60.0,study05_layout_05_heldout_01,study05,study05/study05_p41,EB_SHUFFLED,1.2318142402161603,0.6,0.5408753592880287,0.09183991596925543,0.6455566394302449,0.4273497128904421,0.42457562702400303,0.762006964623318
60.0,study05_layout_05_heldout_01,study05,study05/study05_p41,EB_WRONG_0,1.6316645910370862,0.6,0.5408753592880287,0.09183991596925543,1.2577018916364633,0.466533636610353,1.1165095967158327,1.0534799947551499
60.0,study05_layout_05_heldout_02,study05,study05/study05_p43,POP,0.8492108159631215,0.76,0.6888827166768918,0.7145490638367954,0.5553636552549067,0.2632911664567269,0.43611129668941767,0.5423085198374529
60.0,study05_layout_05_heldout_02,study05,study05/study05_p43,RAW_MATCH,0.9179741488551567,0.76,0.6888827166768918,0.7145490638367954,0.5833497610413001,0.3235706076725096,0.4370632617943674,0.5506972150032103
60.0,study05_layout_05_heldout_02,study05,study05/study05_p43,FIXED_LAMBDA,0.8250644909431255,0.76,0.6888827166768918,0.7145490638367954,0.5115249366885251,0.28887132815250016,0.39218963334001067,0.4969741994566242
60.0,study05_layout_05_heldout_02,study05,study05/study05_p43,RELIABILITY_ONLY,0.8033458039280783,0.76,0.6888827166768918,0.7145490638367954,0.49416114236439845,0.2783561716964703,0.3830114291144745,0.4866884893201605
60.0,study05_layout_05_heldout_02,study05,study05/study05_p43,FULL_FEATURE,0.810813102999175,0.76,0.6888827166768918,0.7145490638367954,0.5001119437086513,0.2821441719733333,0.38596209647535107,0.4900727213783065
60.0,study05_layout_05_heldout_02,study05,study05/study05_p43,EB_SHUFFLED,1.1578587141044403,0.76,0.6888827166768918,0.7145490638367954,0.5800531641727946,0.2854399738379446,0.4627904934910526,0.8261396909173904
60.0,study05_layout_05_heldout_02,study05,study05/study05_p43,EB_WRONG_0,1.057575421477817,0.76,0.6888827166768918,0.7145490638367954,0.6840139943878898,0.3442323490599771,0.48002440825356724,0.6653406315924831
60.0,study05_layout_05_heldout_02,study05,study05/study05_p44,POP,0.8579561055936598,0.76,0.8791408149625562,0.9184428551410065,0.44493831685431195,0.28473453807120735,0.27571803047540344,0.545649764474912
60.0,study05_layout_05_heldout_02,study05,study05/study05_p44,RAW_MATCH,0.8650137248281546,0.76,0.8791408149625562,0.9184428551410065,0.5563100840035079,0.28549017746800315,0.405128966680983,0.5390106506920532
60.0,study05_layout_05_heldout_02,study05,study05/study05_p44,FIXED_LAMBDA,0.8101204473362407,0.76,0.8791408149625562,0.9184428551410065,0.489804832971453,0.2654820077826634,0.33639774808848455,0.5109986647447288
60.0,study05_layout_05_heldout_02,study05,study05/study05_p44,RELIABILITY_ONLY,0.8351151934169067,0.76,0.8791408149625562,0.9184428551410065,0.5227146575171943,0.2752739744847238,0.370961777762224,0.5227450411559604
60.0,study05_layout_05_heldout_02,study05,study05/study05_p44,FULL_FEATURE,0.8443351986627206,0.76,0.8791408149625562,0.9184428551410065,0.5336784967195758,0.27859107035776637,0.3817311952880434,0.5275710087761498
60.0,study05_layout_05_heldout_02,study05,study05/study05_p44,EB_SHUFFLED,1.4934819978953295,0.76,0.8791408149625562,0.9184428551410065,0.8807080450421028,0.47968980229612274,0.5372560905090783,0.9600665865482991
60.0,study05_layout_05_heldout_02,study05,study05/study05_p44,EB_WRONG_0,1.0754724527616777,0.76,0.8791408149625562,0.9184428551410065,0.642192604917004,0.4117135802034942,0.3611473857536219,0.6276441339828214
60.0,study05_layout_05_heldout_03,study05,study05/study05_p45,POP,0.7882227123129637,0.75,0.7332911286650494,0.4990401443512175,0.4586842177751757,0.2796624270900277,0.5326372369791038,0.45529656152502557
60.0,study05_layout_05_heldout_03,study05,study05/study05_p45,RAW_MATCH,0.6757099924712591,0.75,0.7332911286650494,0.4990401443512175,0.40987366522289154,0.21929430779840467,0.5471633382915569,0.4016993508436987
60.0,study05_layout_05_heldout_03,study05,study05/study05_p45,FIXED_LAMBDA,0.6287470438740201,0.75,0.7332911286650494,0.4990401443512175,0.38005734987228246,0.20731873380006938,0.4927851675610342,0.3721497933178474
60.0,study05_layout_05_heldout_03,study05,study05/study05_p45,RELIABILITY_ONLY,0.6272199151550755,0.75,0.7332911286650494,0.4990401443512175,0.37871513294016995,0.20698059258907414,0.4904723927317362,0.3711920832928277
60.0,study05_layout_05_heldout_03,study05,study05/study05_p45,FULL_FEATURE,0.6318749850971097,0.75,0.7332911286650494,0.4990401443512175,0.37254281478205126,0.21150897718529682,0.4811225316873119,0.37225375474308176
60.0,study05_layout_05_heldout_03,study05,study05/study05_p45,EB_SHUFFLED,1.006231488827399,0.75,0.7332911286650494,0.4990401443512175,0.4622374839833245,0.2825994746650365,0.5365338500841185,0.6699786291539507
60.0,study05_layout_05_heldout_03,study05,study05/study05_p45,EB_WRONG_0,1.1620511331985643,0.75,0.7332911286650494,0.4990401443512175,0.779653809312753,0.3826509855053689,0.7238606274935966,0.7070140849438358
60.0,study05_layout_05_heldout_03,study05,study05/study05_p46,POP,1.3404028888464805,0.75,0.634581997092433,0.7683117371500674,0.9591432991636181,0.36951009154641085,0.7771145264083676,0.8931813446592328
60.0,study05_layout_05_heldout_03,study05,study05/study05_p46,RAW_MATCH,1.1811881881853925,0.75,0.634581997092433,0.7683117371500674,0.8369754605652117,0.358390927480529,0.5333708903018705,0.7694601716746765
60.0,study05_layout_05_heldout_03,study05,study05/study05_p46,FIXED_LAMBDA,1.1341294458646467,0.75,0.634581997092433,0.7683117371500674,0.8085305655506426,0.34093512090665373,0.5503025530619403,0.738164069651799
60.0,study05_layout_05_heldout_03,study05,study05/study05_p46,RELIABILITY_ONLY,1.1317288415381421,0.75,0.634581997092433,0.7683117371500674,0.8086390708050426,0.33536277284324695,0.5793255274454348,0.7384335159503518
60.0,study05_layout_05_heldout_03,study05,study05/study05_p46,FULL_FEATURE,1.1356639218871813,0.75,0.634581997092433,0.7683117371500674,0.8094029404815778,0.34198875380124605,0.5468197497574966,0.7389931931101855
60.0,study05_layout_05_heldout_03,study05,study05/study05_p46,EB_SHUFFLED,1.3967310380170546,0.75,0.634581997092433,0.7683117371500674,0.9923703211730364,0.3945141020403183,0.8792454961027747,0.9142923863664588
60.0,study05_layout_05_heldout_03,study05,study05/study05_p46,EB_WRONG_0,1.343877490373436,0.75,0.634581997092433,0.7683117371500674,0.9675324897252046,0.342687697772907,0.7583154011507839,0.9253582524854506
60.0,study05_layout_05_heldout_04,study05,study05/study05_p47,POP,1.4425315256485178,0.67,0.6443769456138664,0.7625099406887085,1.05496265353078,0.4209613870863992,0.8025764411915547,0.941312494442963
60.0,study05_layout_05_heldout_04,study05,study05/study05_p47,RAW_MATCH,1.0774687388958226,0.67,0.6443769456138664,0.7625099406887085,0.7181984219791763,0.3554135603805548,0.5236179229367607,0.6696933862215917
60.0,study05_layout_05_heldout_04,study05,study05/study05_p47,FIXED_LAMBDA,1.08778914600381,0.67,0.6443769456138664,0.7625099406887085,0.7280022289052098,0.36298872276391997,0.5214611898439921,0.6726543042554909
60.0,study05_layout_05_heldout_04,study05,study05/study05_p47,RELIABILITY_ONLY,1.0945768738770587,0.67,0.6443769456138664,0.7625099406887085,0.734063332025447,0.3646336243931304,0.5277281065429164,0.6771704388296368
60.0,study05_layout_05_heldout_04,study05,study05/study05_p47,FULL_FEATURE,1.0702241163518886,0.67,0.6443769456138664,0.7625099406887085,0.7132413153621048,0.3580118911284382,0.5085322945390468,0.6613589957695458
60.0,study05_layout_05_heldout_04,study05,study05/study05_p47,EB_SHUFFLED,1.4479366668160847,0.67,0.6443769456138664,0.7625099406887085,1.0606959549397716,0.4306450135037519,0.8764124386985335,0.9296504094424795
60.0,study05_layout_05_heldout_04,study05,study05/study05_p47,EB_WRONG_0,1.6162754415388627,0.67,0.6443769456138664,0.7625099406887085,1.1106544631752215,0.4503852754678579,0.8648638966770433,1.0794037764033004
60.0,study05_layout_05_heldout_04,study05,study05/study05_p48,POP,1.3322457153088718,0.67,0.6074611847091328,0.5941364663382729,0.7066900385080149,0.4447032775626748,0.52578547824453,0.834963889921744
60.0,study05_layout_05_heldout_04,study05,study05/study05_p48,RAW_MATCH,1.1783067072533968,0.67,0.6074611847091328,0.5941364663382729,0.6418805364301259,0.3681559398323938,0.6739861886673908,0.742752148554264
60.0,study05_layout_05_heldout_04,study05,study05/study05_p48,FIXED_LAMBDA,1.20380262340334,0.67,0.6074611847091328,0.5941364663382729,0.6209279235229296,0.3751948472648678,0.6032762287721267,0.7682801532612598
60.0,study05_layout_05_heldout_04,study05,study05/study05_p48,RELIABILITY_ONLY,1.2109892041393786,0.67,0.6074611847091328,0.5941364663382729,0.6195603849858083,0.3782828710646757,0.590059788257113,0.7737003542489916
60.0,study05_layout_05_heldout_04,study05,study05/study05_p48,FULL_FEATURE,1.212611751162141,0.67,0.6074611847091328,0.5941364663382729,0.6194281591927898,0.37902527579655804,0.5870833767674963,0.7748781376888333
60.0,study05_layout_05_heldout_04,study05,study05/study05_p48,EB_SHUFFLED,1.4400776608819656,0.67,0.6074611847091328,0.5941364663382729,0.7212660565869413,0.45299854250008154,0.5766883343629764,0.9294102849455865
60.0,study05_layout_05_heldout_04,study05,study05/study05_p48,EB_WRONG_0,1.551502332649696,0.67,0.6074611847091328,0.5941364663382729,1.077643959668615,0.5424148472793202,0.8021383385909816,0.9288736515112777
60.0,study05_layout_05_heldout_05,study05,study05/study05_p49,POP,1.4137637354023216,0.74,0.6066465623499405,0.8751718042210284,0.9292616419947769,0.46708992581066683,0.6122729671615595,0.8854465128754989
60.0,study05_layout_05_heldout_05,study05,study05/study05_p49,RAW_MATCH,1.2748840956899898,0.74,0.6066465623499405,0.8751718042210284,0.7553494201337468,0.3928388303005241,0.5965800610855908,0.8223872592809066
60.0,study05_layout_05_heldout_05,study05,study05/study05_p49,FIXED_LAMBDA,1.2054707087815466,0.74,0.6066465623499405,0.8751718042210284,0.748517230242459,0.38768531291975206,0.5900052108961448,0.75878487477218
60.0,study05_layout_05_heldout_05,study05,study05/study05_p49,RELIABILITY_ONLY,1.1949354565786487,0.74,0.6066465623499405,0.8751718042210284,0.7565567542664117,0.38828339268142076,0.5883783027823002,0.747814233618998
60.0,study05_layout_05_heldout_05,study05,study05/study05_p49,FULL_FEATURE,1.2335028741431693,0.74,0.6066465623499405,0.8751718042210284,0.7491146548453884,0.38887587454439465,0.5928446508438859,0.7853425345143861
60.0,study05_layout_05_heldout_05,study05,study05/study05_p49,EB_SHUFFLED,1.5130969528360834,0.74,0.6066465623499405,0.8751718042210284,0.9932305944503813,0.49523111877436404,0.746789507721167,0.9431868832896028
60.0,study05_layout_05_heldout_05,study05,study05/study05_p49,EB_WRONG_0,1.752718048290384,0.74,0.6066465623499405,0.8751718042210284,1.0496159790987685,0.563082635554128,0.8594797116427614,1.10368744157198
60.0,study05_layout_05_heldout_05,study05,study05/study05_p50,POP,1.2806157824451936,0.74,0.6773736632105417,0.8047781705358439,0.8278296803997768,0.4513727920973697,0.5980541022400312,0.7694375801238209
60.0,study05_layout_05_heldout_05,study05,study05/study05_p50,RAW_MATCH,1.219546148098611,0.74,0.6773736632105417,0.8047781705358439,0.7808274898047917,0.3335155601461669,0.7746211320760644,0.8085684747448377
60.0,study05_layout_05_heldout_05,study05,study05/study05_p50,FIXED_LAMBDA,1.1689295886537925,0.74,0.6773736632105417,0.8047781705358439,0.7675906401160166,0.3432495141091128,0.6800897384337733,0.7576711007013024
60.0,study05_layout_05_heldout_05,study05,study05/study05_p50,RELIABILITY_ONLY,1.1636069702608223,0.74,0.6773736632105417,0.8047781705358439,0.7661098206502505,0.3479895755140762,0.6625135589130802,0.7493660388554381
60.0,study05_layout_05_heldout_05,study05,study05/study05_p50,FULL_FEATURE,1.1774043995178545,0.74,0.6773736632105417,0.8047781705358439,0.7699338750005914,0.33934705777112595,0.701104623269667,0.7679468794197619
60.0,study05_layout_05_heldout_05,study05,study05/study05_p50,EB_SHUFFLED,1.4322986690591386,0.74,0.6773736632105417,0.8047781705358439,0.8872648211726054,0.46227959908829985,0.6773722426161264,0.9022818457092262
60.0,study05_layout_05_heldout_05,study05,study05/study05_p50,EB_WRONG_0,1.6884199858808655,0.74,0.6773736632105417,0.8047781705358439,1.0031885473673343,0.6332333092158827,0.6606148801830671,0.9891251886466761
120.0,study01_layout_01_heldout_00,study01,study01/study01_p01,POP,1.104792226078998,0.49,0.48074611812516177,0.0,0.6495727208614468,0.38190029632567385,0.6665730749630915,0.6562346222570149
120.0,study01_layout_01_heldout_00,study01,study01/study01_p01,RAW_MATCH,0.9992267559844088,0.49,0.48074611812516177,0.0,0.5832849450709019,0.3637855957918745,0.695020287758176,0.5659391314167166
120.0,study01_layout_01_heldout_00,study01,study01/study01_p01,FIXED_LAMBDA,0.8289371576094708,0.49,0.48074611812516177,0.0,0.4928302020639514,0.2871803170137913,0.5085427058543966,0.4909025700102398
120.0,study01_layout_01_heldout_00,study01,study01/study01_p01,RELIABILITY_ONLY,0.8313854342841264,0.49,0.48074611812516177,0.0,0.4945429353223652,0.2883188516581202,0.5097569962094664,0.49209088300505954
120.0,study01_layout_01_heldout_00,study01,study01/study01_p01,FULL_FEATURE,1.104792226078998,0.49,0.48074611812516177,0.0,0.6495727208614468,0.38190029632567385,0.6665730749630915,0.6562346222570149
120.0,study01_layout_01_heldout_00,study01,study01/study01_p01,EB_SHUFFLED,1.104792226078998,0.49,0.48074611812516177,0.0,0.6495727208614468,0.38190029632567385,0.6665730749630915,0.6562346222570149
120.0,study01_layout_01_heldout_00,study01,study01/study01_p01,EB_WRONG_0,1.0571532307645621,0.49,0.48074611812516177,0.0,0.6771787648473475,0.3243997307618183,0.7647287312826891,0.6562806268744749
120.0,study01_layout_01_heldout_00,study01,study01/study01_p01,EB_WRONG_1,1.152268225930888,0.49,0.48074611812516177,0.0,0.7139848303603841,0.4038842766312559,0.6925900268914585,0.6791249466104862
120.0,study01_layout_01_heldout_00,study01,study01/study01_p02,POP,1.225859330859263,0.49,1.0,1.0,0.6848206958105366,0.43831965977576925,0.6958631841964456,0.7179533526638491
120.0,study01_layout_01_heldout_00,study01,study01/study01_p02,RAW_MATCH,0.9690360548115933,0.49,1.0,1.0,0.5686735908968268,0.3358124801107984,0.6316886079427972,0.5700547139065152
120.0,study01_layout_01_heldout_00,study01,study01/study01_p02,FIXED_LAMBDA,0.933932825468299,0.49,1.0,1.0,0.5338843348994554,0.3532552519992789,0.6045579331793589,0.5202217801510843
120.0,study01_layout_01_heldout_00,study01,study01/study01_p02,RELIABILITY_ONLY,0.9690360548115933,0.49,1.0,1.0,0.5686735908968268,0.3358124801107984,0.6316886079427972,0.5700547139065152
120.0,study01_layout_01_heldout_00,study01,study01/study01_p02,FULL_FEATURE,0.9690360548115933,0.49,1.0,1.0,0.5686735908968268,0.3358124801107984,0.6316886079427972,0.5700547139065152
120.0,study01_layout_01_heldout_00,study01,study01/study01_p02,EB_SHUFFLED,1.715693865189112,0.49,1.0,1.0,1.4370512033222236,0.5378120945091516,1.731114631215789,1.0047703075583816
120.0,study01_layout_01_heldout_00,study01,study01/study01_p02,EB_WRONG_0,1.225859330859263,0.49,1.0,1.0,0.6848206958105367,0.43831965977576925,0.6958631841964457,0.7179533526638491
120.0,study01_layout_01_heldout_00,study01,study01/study01_p02,EB_WRONG_1,1.3080935622286436,0.49,1.0,1.0,0.7997774577130383,0.5052874511080246,0.617793806258312,0.7410267304947876
120.0,study01_layout_01_heldout_00,study01,study01/study01_p03,POP,1.6583079524397477,0.49,0.0,1.0,0.7284595070202868,0.42453696619770964,0.5869596490676589,1.175075021335272
120.0,study01_layout_01_heldout_00,study01,study01/study01_p03,RAW_MATCH,0.7687944357322736,0.49,0.0,1.0,0.41428750443375717,0.26682496279727586,0.39253998879079066,0.4627154740559187
120.0,study01_layout_01_heldout_00,study01,study01/study01_p03,FIXED_LAMBDA,1.0463575901438165,0.49,0.0,1.0,0.5267572300648409,0.31956966452266294,0.4131293939695619,0.6854749862241974
120.0,study01_layout_01_heldout_00,study01,study01/study01_p03,RELIABILITY_ONLY,1.6583079524397477,0.49,0.0,1.0,0.7284595070202868,0.42453696619770964,0.5869596490676589,1.175075021335272
120.0,study01_layout_01_heldout_00,study01,study01/study01_p03,FULL_FEATURE,0.7687944357322736,0.49,0.0,1.0,0.41428750443375717,0.26682496279727586,0.39253998879079066,0.4627154740559187
120.0,study01_layout_01_heldout_00,study01,study01/study01_p03,EB_SHUFFLED,1.812461886906251,0.49,0.0,1.0,1.3804323612506337,0.6599591807620432,1.5342247862787644,0.9990802275163314
120.0,study01_layout_01_heldout_00,study01,study01/study01_p03,EB_WRONG_0,1.6583079524397477,0.49,0.0,1.0,0.728459507020287,0.42453696619770964,0.5869596490676587,1.175075021335272
120.0,study01_layout_01_heldout_00,study01,study01/study01_p03,EB_WRONG_1,1.4092530091501252,0.49,0.0,1.0,0.8235252323211971,0.4780295606508349,0.7191376922086516,0.8593096792784253
120.0,study01_layout_01_heldout_01,study01,study01/study01_p04,POP,1.0603163258551793,0.58,0.4430124022324126,0.4402594679239792,0.6332848852007102,0.37705995361455863,0.42877833394357895,0.6403785388462627
120.0,study01_layout_01_heldout_01,study01,study01/study01_p04,RAW_MATCH,1.1098795763488716,0.58,0.4430124022324126,0.4402594679239792,0.5992169348901014,0.3579076097381916,0.4449445237072622,0.7074775142399539
120.0,study01_layout_01_heldout_01,study01,study01/study01_p04,FIXED_LAMBDA,0.9815298085032156,0.58,0.4430124022324126,0.4402594679239792,0.5671289157842258,0.3378647457617057,0.3868466678796489,0.6049803959535449
120.0,study01_layout_01_heldout_01,study01,study01/study01_p04,RELIABILITY_ONLY,0.9709575090915821,0.58,0.4430124022324126,0.4402594679239792,0.5688589229777936,0.33921852168059874,0.38137390905711266,0.5936015965052721
120.0,study01_layout_01_heldout_01,study01,study01/study01_p04,FULL_FEATURE,0.9709267194381881,0.58,0.4430124022324126,0.4402594679239792,0.5689754242219381,0.3392911987411123,0.3813638057064519,0.5934991401264306
120.0,study01_layout_01_heldout_01,study01,study01/study01_p04,EB_SHUFFLED,1.0616362983038026,0.58,0.4430124022324126,0.4402594679239792,0.6372524296611879,0.37829233977689064,0.43748889293276777,0.6395950692336353
120.0,study01_layout_01_heldout_01,study01,study01/study01_p04,EB_WRONG_0,1.0603163258551793,0.58,0.4430124022324126,0.4402594679239792,0.6332848852007102,0.37705995361455863,0.42877833394357895,0.6403785388462627
120.0,study01_layout_01_heldout_01,study01,study01/study01_p05,POP,0.8963775220664536,0.58,0.5637534104911244,0.0,0.4443909229442873,0.2958996095234989,0.3382609064477322,0.5666518218981814
120.0,study01_layout_01_heldout_01,study01,study01/study01_p05,RAW_MATCH,1.6393585312723433,0.58,0.5637534104911244,0.0,0.8631062007073965,0.5116039435936515,0.82178520352526,1.0455760673261658
120.0,study01_layout_01_heldout_01,study01,study01/study01_p05,FIXED_LAMBDA,1.2293651776106733,0.58,0.5637534104911244,0.0,0.7208829469425438,0.4639227382272273,0.6915094231794081,0.6962914970655052
120.0,study01_layout_01_heldout_01,study01,study01/study01_p05,RELIABILITY_ONLY,1.2151047815665528,0.58,0.5637534104911244,0.0,0.7131565920358781,0.46141853358682816,0.6844658870552333,0.6852396592742013
120.0,study01_layout_01_heldout_01,study01,study01/study01_p05,FULL_FEATURE,0.8963775220664536,0.58,0.5637534104911244,0.0,0.4443909229442873,0.2958996095234989,0.3382609064477322,0.5666518218981814
120.0,study01_layout_01_heldout_01,study01,study01/study01_p05,EB_SHUFFLED,0.8963775220664536,0.58,0.5637534104911244,0.0,0.4443909229442873,0.2958996095234989,0.3382609064477322,0.5666518218981814
120.0,study01_layout_01_heldout_01,study01,study01/study01_p05,EB_WRONG_0,0.7832794523641082,0.58,0.5637534104911244,0.0,0.36022633903669754,0.24093914435340574,0.31428617199345765,0.5109116908113568
120.0,study02_layout_02_heldout_00,study02,study02/study02_p02,POP,0.8806258919971192,0.54,0.5530458606418122,0.5232315248814686,0.5121954638861423,0.2914058109459875,0.3248495238222183,0.5567351286689098
120.0,study02_layout_02_heldout_00,study02,study02/study02_p02,RAW_MATCH,0.7801703910731623,0.54,0.5530458606418122,0.5232315248814686,0.5248082979000249,0.22126941413781515,0.478124261716527,0.5110885507636945
120.0,study02_layout_02_heldout_00,study02,study02/study02_p02,FIXED_LAMBDA,0.6573469361090509,0.54,0.5530458606418122,0.5232315248814686,0.39734931169559234,0.20764205609156516,0.3411704325551094,0.4155878367619748
120.0,study02_layout_02_heldout_00,study02,study02/study02_p02,RELIABILITY_ONLY,0.6571512046403881,0.54,0.5530458606418122,0.5232315248814686,0.40017311201969286,0.20720991820683643,0.3446638080765823,0.41547490562589345
120.0,study02_layout_02_heldout_00,study02,study02/study02_p02,FULL_FEATURE,0.6579776477276238,0.54,0.5530458606418122,0.5232315248814686,0.39391755627996583,0.20828765168604949,0.3368864287051508,0.4160013531710592
120.0,study02_layout_02_heldout_00,study02,study02/study02_p02,EB_SHUFFLED,1.0874265524018987,0.54,0.5530458606418122,0.5232315248814686,0.5133285723859187,0.29198083621700943,0.34781844059945416,0.7606638721249438
120.0,study02_layout_02_heldout_00,study02,study02/study02_p02,EB_WRONG_0,0.7243978494548755,0.54,0.5530458606418122,0.5232315248814686,0.45717478726010563,0.23700167124072236,0.3523602036139896,0.4521601578527542
120.0,study02_layout_02_heldout_00,study02,study02/study02_p02,EB_WRONG_1,0.8937313465099256,0.54,0.5530458606418122,0.5232315248814686,0.5773647115769963,0.3047335139405564,0.41237895316569145,0.5477599372528
120.0,study02_layout_02_heldout_00,study02,study02/study02_p03,POP,1.0284893248975093,0.54,0.574157142560207,0.450074001438093,0.6596400556422404,0.34168438008812124,0.5549554786717884,0.6313093969422092
120.0,study02_layout_02_heldout_00,study02,study02/study02_p03,RAW_MATCH,1.073551799756566,0.54,0.574157142560207,0.450074001438093,0.6058276708859118,0.3014358745107263,0.5540550926845017,0.7167104159773895
120.0,study02_layout_02_heldout_00,study02,study02/study02_p03,FIXED_LAMBDA,0.8623818529223968,0.54,0.574157142560207,0.450074001438093,0.5585576054452046,0.27142518329681375,0.49875667410357394,0.5410810022152256
120.0,study02_layout_02_heldout_00,study02,study02/study02_p03,RELIABILITY_ONLY,0.8686568544100208,0.54,0.574157142560207,0.450074001438093,0.5607404128044376,0.27153144994310274,0.5000814802647913,0.547117256440439
120.0,study02_layout_02_heldout_00,study02,study02/study02_p03,FULL_FEATURE,0.8542449593424537,0.54,0.574157142560207,0.450074001438093,0.5553510092098568,0.27264629839778176,0.4960272377984908,0.5319959371648229
120.0,study02_layout_02_heldout_00,study02,study02/study02_p03,EB_SHUFFLED,1.1490833665836528,0.54,0.574157142560207,0.450074001438093,0.6601280366962489,0.3394348061287894,0.5764110351208842,0.7520074569427752
120.0,study02_layout_02_heldout_00,study02,study02/study02_p03,EB_WRONG_0,1.0320142491417166,0.54,0.574157142560207,0.450074001438093,0.6845778305060914,0.326082618213019,0.6555104930448375,0.6403805816242139
120.0,study02_layout_02_heldout_00,study02,study02/study02_p03,EB_WRONG_1,1.0925664003950555,0.54,0.574157142560207,0.450074001438093,0.7239634019446358,0.3455969154739285,0.6088783026099508,0.6860816546601319
120.0,study02_layout_02_heldout_00,study02,study02/study02_p06,POP,0.9760614600064323,0.54,0.5168021873104998,0.5161040369918805,0.5452758293578516,0.3290275714372528,0.6858671811923994,0.5784471704499397
120.0,study02_layout_02_heldout_00,study02,study02/study02_p06,RAW_MATCH,0.8553168891922058,0.54,0.5168021873104998,0.5161040369918805,0.49991006105690994,0.26764009149622847,0.6074618729729057,0.5269306103986868
120.0,study02_layout_02_heldout_00,study02,study02/study02_p06,FIXED_LAMBDA,0.7334285037910121,0.54,0.5168021873104998,0.5161040369918805,0.4286018721435474,0.24857001024787653,0.613957480015864,0.42346274554154917
120.0,study02_layout_02_heldout_00,study02,study02/study02_p06,RELIABILITY_ONLY,0.7347296899995542,0.54,0.5168021873104998,0.5161040369918805,0.42643122891041657,0.2489052058541088,0.6158267974436412,0.4242418044010813
120.0,study02_layout_02_heldout_00,study02,study02/study02_p06,FULL_FEATURE,0.7347799405753925,0.54,0.5168021873104998,0.5161040369918805,0.42637085343625664,0.24891774161747107,0.6158711403252616,0.4242750849253953
120.0,study02_layout_02_heldout_00,study02,study02/study02_p06,EB_SHUFFLED,1.163779256968544,0.54,0.5168021873104998,0.5161040369918805,0.54618719651852,0.3266515836701483,0.6983223165633566,0.7672954416420599
120.0,study02_layout_02_heldout_00,study02,study02/study02_p06,EB_WRONG_0,1.08707923976344,0.54,0.5168021873104998,0.5161040369918805,0.6886297347671525,0.3659382322769577,0.8225174790566998,0.6388892595808121
120.0,study02_layout_02_heldout_00,study02,study02/study02_p06,EB_WRONG_1,0.8881370832494274,0.54,0.5168021873104998,0.5161040369918805,0.5515667177712429,0.28833191960406285,0.705105489062407,0.5292946147391239
120.0,study02_layout_02_heldout_01,study02,study02/study02_p07,POP,1.156039444601322,0.6,0.5537357857850181,1.0,0.6415062679090167,0.38823447595905114,0.5098357847059732,0.7168213901716736
120.0,study02_layout_02_heldout_01,study02,study02/study02_p07,RAW_MATCH,2.4214231728593143,0.6,0.5537357857850181,1.0,0.9045490184986804,0.5445653156024237,0.6629849761641963,1.810559359640471
120.0,study02_layout_02_heldout_01,study02,study02/study02_p07,FIXED_LAMBDA,1.8023083005367249,0.6,0.5537357857850181,1.0,0.7984989546419906,0.4930772326547314,0.5461700548910787,1.2546140623928856
120.0,study02_layout_02_heldout_01,study02,study02/study02_p07,RELIABILITY_ONLY,1.7338892745866277,0.6,0.5537357857850181,1.0,0.7836703910478883,0.4851143820832648,0.5360280636936903,1.1951720861339938
120.0,study02_layout_02_heldout_01,study02,study02/study02_p07,FULL_FEATURE,2.4214231728593143,0.6,0.5537357857850181,1.0,0.9045490184986804,0.5445653156024237,0.6629849761641963,1.810559359640471
120.0,study02_layout_02_heldout_01,study02,study02/study02_p07,EB_SHUFFLED,1.6736712166859773,0.6,0.5537357857850181,1.0,1.33370698540134,0.528061565400299,1.5186735850887143,0.9937422927768068
120.0,study02_layout_02_heldout_01,study02,study02/study02_p07,EB_WRONG_0,1.782314234961321,0.6,0.5537357857850181,1.0,0.7541798723435933,0.4982672953534368,0.4980083980551505,1.2342460998023692
120.0,study02_layout_02_heldout_01,study02,study02/study02_p08,POP,1.244106453381441,0.6,0.572509218788388,0.4763319631688881,0.6437572353254482,0.4395213952858435,0.8771017094534599,0.7168748871502515
120.0,study02_layout_02_heldout_01,study02,study02/study02_p08,RAW_MATCH,0.6427215112994588,0.6,0.572509218788388,0.4763319631688881,0.37536474515542273,0.2013525172057231,0.7173604385540039,0.36963295023833526
120.0,study02_layout_02_heldout_01,study02,study02/study02_p08,FIXED_LAMBDA,0.7124832039382907,0.6,0.572509218788388,0.4763319631688881,0.3507238479935116,0.20471837274795826,0.7619295800119741,0.4315718731891351
120.0,study02_layout_02_heldout_01,study02,study02/study02_p08,RELIABILITY_ONLY,0.7248017468839661,0.6,0.572509218788388,0.4763319631688881,0.35176997555239514,0.2072230558190647,0.7641590553145523,0.44116278553344623
120.0,study02_layout_02_heldout_01,study02,study02/study02_p08,FULL_FEATURE,0.7762166875864578,0.6,0.572509218788388,0.4763319631688881,0.36121480785018867,0.22042407045758822,0.7732838142651979,0.47846423570234975
120.0,study02_layout_02_heldout_01,study02,study02/study02_p08,EB_SHUFFLED,1.3622720563557853,0.6,0.572509218788388,0.4763319631688881,0.6417629198017323,0.4383494146725965,0.8847002862407616,0.8354526130591128
120.0,study02_layout_02_heldout_01,study02,study02/study02_p08,EB_WRONG_0,1.2128826536263595,0.6,0.572509218788388,0.4763319631688881,0.7788629335283578,0.402831794896224,0.8442576595673282,0.7256250927734027
120.0,study02_layout_02_heldout_02,study02,study02/study02_p09,POP,1.5891153076651616,0.48,0.4505654308484285,0.0,1.0917154004093041,0.5135668360207691,0.8652508377334156,0.9890233878710509
120.0,study02_layout_02_heldout_02,study02,study02/study02_p09,RAW_MATCH,1.0779472616947672,0.48,0.4505654308484285,0.0,0.6269305987409781,0.30584076784067915,0.517750569172113,0.7203314369368766
120.0,study02_layout_02_heldout_02,study02,study02/study02_p09,FIXED_LAMBDA,1.0661822460853836,0.48,0.4505654308484285,0.0,0.6910854681987847,0.3527673612899177,0.5979094483300107,0.6536239399624649
120.0,study02_layout_02_heldout_02,study02,study02/study02_p09,RELIABILITY_ONLY,1.0895542732071184,0.48,0.4505654308484285,0.0,0.7066121073154122,0.3628108818276712,0.6082348238208674,0.6659199089973605
120.0,study02_layout_02_heldout_02,study02,study02/study02_p09,FULL_FEATURE,1.5891153076651616,0.48,0.4505654308484285,0.0,1.0917154004093041,0.5135668360207691,0.8652508377334156,0.9890233878710509
120.0,study02_layout_02_heldout_02,study02,study02/study02_p09,EB_SHUFFLED,1.5891153076651616,0.48,0.4505654308484285,0.0,1.0917154004093041,0.5135668360207691,0.8652508377334156,0.9890233878710509
120.0,study02_layout_02_heldout_02,study02,study02/study02_p09,EB_WRONG_0,1.5149222378291487,0.48,0.4505654308484285,0.0,1.0108343660068937,0.5126963799514519,0.8935993060993082,0.9128659272677659
120.0,study02_layout_02_heldout_02,study02,study02/study02_p10,POP,1.7121258409136546,0.48,0.42355526864284904,1.0,1.0435471542891726,0.6907685057805307,0.7343499754548607,0.9479223375876378
120.0,study02_layout_02_heldout_02,study02,study02/study02_p10,RAW_MATCH,1.2302300688048553,0.48,0.42355526864284904,1.0,0.7815774876658463,0.43572438167397687,0.6749127913612676,0.7270144079947518
120.0,study02_layout_02_heldout_02,study02,study02/study02_p10,FIXED_LAMBDA,1.3765086114293048,0.48,0.42355526864284904,1.0,0.856818066422487,0.53377733897446,0.6473460332896077,0.7779966691258839
120.0,study02_layout_02_heldout_02,study02,study02/study02_p10,RELIABILITY_ONLY,1.410066150041533,0.48,0.42355526864284904,1.0,0.8761497009300535,0.5519794656415777,0.6518907032258073,0.7928976140773746
120.0,study02_layout_02_heldout_02,study02,study02/study02_p10,FULL_FEATURE,1.2302300688048553,0.48,0.42355526864284904,1.0,0.7815774876658463,0.43572438167397687,0.6749127913612676,0.7270144079947518
120.0,study02_layout_02_heldout_02,study02,study02/study02_p10,EB_SHUFFLED,1.807411537103536,0.48,0.42355526864284904,1.0,1.4612350617871437,0.6551067230608898,1.4562757404625433,1.0066772399963917
120.0,study02_layout_02_heldout_02,study02,study02/study02_p10,EB_WRONG_0,1.7121258409136546,0.48,0.42355526864284904,1.0,1.0435471542891726,0.6907685057805307,0.7343499754548607,0.9479223375876378
120.0,study02_layout_02_heldout_03,study02,study02/study02_p11,POP,1.5186417759272088,0.53,0.5017030785853006,1.0,0.6849312194126074,0.49581976121073135,0.466400268867805,0.9761819878296971
120.0,study02_layout_02_heldout_03,study02,study02/study02_p11,RAW_MATCH,1.2779376595543812,0.53,0.5017030785853006,1.0,0.6233170798138217,0.42098758546765763,0.42309557588758323,0.8146405164979653
120.0,study02_layout_02_heldout_03,study02,study02/study02_p11,FIXED_LAMBDA,1.25624775062789,0.53,0.5017030785853006,1.0,0.5922154848968164,0.4357544283208733,0.40506736420516126,0.7799865858865005
120.0,study02_layout_02_heldout_03,study02,study02/study02_p11,RELIABILITY_ONLY,1.263735939933893,0.53,0.5017030785853006,1.0,0.5943920346483725,0.43828977541451836,0.4066818902760991,0.7847779754917648
120.0,study02_layout_02_heldout_03,study02,study02/study02_p11,FULL_FEATURE,1.2779376595543812,0.53,0.5017030785853006,1.0,0.6233170798138217,0.42098758546765763,0.42309557588758323,0.8146405164979653
120.0,study02_layout_02_heldout_03,study02,study02/study02_p11,EB_SHUFFLED,1.8339294792710457,0.53,0.5017030785853006,1.0,1.4289735021933971,0.6517386399665236,1.6868720483820676,1.0135036344663153
120.0,study02_layout_02_heldout_03,study02,study02/study02_p11,EB_WRONG_0,1.529690429318411,0.53,0.5017030785853006,1.0,0.6843347991392033,0.49933762729329956,0.4645661143219093,0.9838961905929204
120.0,study02_layout_02_heldout_03,study02,study02/study02_p12,POP,0.8978984306861215,0.53,0.5475370061134234,0.11422996484423818,0.5274626995333962,0.3176726393850022,0.40104456946965555,0.5401213343541538
120.0,study02_layout_02_heldout_03,study02,study02/study02_p12,RAW_MATCH,0.8406980740968057,0.53,0.5475370061134234,0.11422996484423818,0.5830892995952288,0.23987343763833513,0.4920773064075458,0.551616905817716
120.0,study02_layout_02_heldout_03,study02,study02/study02_p12,FIXED_LAMBDA,0.7834534787324061,0.53,0.5475370061134234,0.11422996484423818,0.49390961913592063,0.2440705835545442,0.42697857959521096,0.4966850372183408
120.0,study02_layout_02_heldout_03,study02,study02/study02_p12,RELIABILITY_ONLY,0.7831486310798942,0.53,0.5475370061134234,0.11422996484423818,0.4959895854747206,0.24302141597646273,0.42936848100718367,0.4971903670027131
120.0,study02_layout_02_heldout_03,study02,study02/study02_p12,FULL_FEATURE,0.8563283661447936,0.53,0.5475370061134234,0.11422996484423818,0.5028557172642257,0.2950898672462171,0.3953919093993931,0.5216993079586372
120.0,study02_layout_02_heldout_03,study02,study02/study02_p12,EB_SHUFFLED,0.9292554393424233,0.53,0.5475370061134234,0.11422996484423818,0.5272603265238227,0.31769542949542984,0.40116585928617315,0.5714434239183761
120.0,study02_layout_02_heldout_03,study02,study02/study02_p12,EB_WRONG_0,1.1373467596114764,0.53,0.5475370061134234,0.11422996484423818,0.6801839872880828,0.4234713927521821,0.5616699314923336,0.657708373710061
120.0,study02_layout_02_heldout_04,study02,study02/study02_p13,POP,0.6863633660242547,0.53,0.9293959354215318,0.9958737213131338,0.3859450859961631,0.2449455582551723,0.28274493032171294,0.4131433147369111
120.0,study02_layout_02_heldout_04,study02,study02/study02_p13,RAW_MATCH,0.8934845791412012,0.53,0.9293959354215318,0.9958737213131338,0.5293270204995706,0.3252001480249514,0.42663794489973916,0.5256206366262759
120.0,study02_layout_02_heldout_04,study02,study02/study02_p13,FIXED_LAMBDA,0.710586866034598,0.53,0.9293959354215318,0.9958737213131338,0.38419750151143,0.25109591261143127,0.27961807118024085,0.43152914630514255
120.0,study02_layout_02_heldout_04,study02,study02/study02_p13,RELIABILITY_ONLY,0.8608365617600043,0.53,0.9293959354215318,0.9958737213131338,0.5030282179324908,0.312830605877491,0.39900586470321564,0.5081053694121918
120.0,study02_layout_02_heldout_04,study02,study02/study02_p13,FULL_FEATURE,0.8915296472576981,0.53,0.9293959354215318,0.9958737213131338,0.5277704552096738,0.324479775959909,0.42479217774878225,0.5245706535229109
120.0,study02_layout_02_heldout_04,study02,study02/study02_p13,EB_SHUFFLED,1.8420062877681622,0.53,0.9293959354215318,0.9958737213131338,1.50769557106257,0.6686302885477327,1.6370339218600392,1.0096726070344255
120.0,study02_layout_02_heldout_04,study02,study02/study02_p13,EB_WRONG_0,0.9642333976210402,0.53,0.9293959354215318,0.9958737213131338,0.5584112677867195,0.36612448987738005,0.3636316315322973,0.5617457445904305
120.0,study02_layout_02_heldout_04,study02,study02/study02_p14,POP,1.5903864685762195,0.53,0.610500089818874,0.5241603158078814,0.9157818088077756,0.5545693778417039,0.798684021132233,0.9559486886212922
120.0,study02_layout_02_heldout_04,study02,study02/study02_p14,RAW_MATCH,0.9670616841068196,0.53,0.610500089818874,0.5241603158078814,0.5872514800395228,0.3076838622580158,0.7702139361886099,0.5823564282299427
120.0,study02_layout_02_heldout_04,study02,study02/study02_p14,FIXED_LAMBDA,1.1383060335281963,0.53,0.610500089818874,0.5241603158078814,0.6928235380126695,0.3828942268481786,0.7429433380477288,0.6811174728752447
120.0,study02_layout_02_heldout_04,study02,study02/study02_p14,RELIABILITY_ONLY,1.087312835190853,0.53,0.610500089818874,0.5241603158078814,0.6641577182928375,0.36176542471009765,0.7419790291098713,0.6513495075697682
120.0,study02_layout_02_heldout_04,study02,study02/study02_p14,FULL_FEATURE,1.1422624557671044,0.53,0.610500089818874,0.5241603158078814,0.6950225880893514,0.38452304343092825,0.7429771573251406,0.683441696603662
120.0,study02_layout_02_heldout_04,study02,study02/study02_p14,EB_SHUFFLED,1.4702049763895595,0.53,0.610500089818874,0.5241603158078814,0.9257801066119874,0.5591742004981676,0.821729385473179,0.828857837344074
120.0,study02_layout_02_heldout_04,study02,study02/study02_p14,EB_WRONG_0,1.3924828455741576,0.53,0.610500089818874,0.5241603158078814,0.7788315241812227,0.505801997848928,0.8806518616661883,0.7986156615586107
120.0,study02_layout_02_heldout_05,study02,study02/study02_p15,POP,0.909982046198375,0.5700000000000001,0.5279380498176547,0.7345869961857533,0.5583201358295876,0.33247712239044547,0.3620752505015574,0.5412973987577737
120.0,study02_layout_02_heldout_05,study02,study02/study02_p15,RAW_MATCH,1.028831885936058,0.5700000000000001,0.5279380498176547,0.7345869961857533,0.6140205739451468,0.33738418507763923,0.7361896774190563,0.6178287331165131
120.0,study02_layout_02_heldout_05,study02,study02/study02_p15,FIXED_LAMBDA,0.8374625757715272,0.5700000000000001,0.5279380498176547,0.7345869961857533,0.49528821580241345,0.28084097878645753,0.41378756868601596,0.515242840116468
120.0,study02_layout_02_heldout_05,study02,study02/study02_p15,RELIABILITY_ONLY,0.8303024860364591,0.5700000000000001,0.5279380498176547,0.7345869961857533,0.49404971969401534,0.2804828527848718,0.3949485911975256,0.5103247741318347
120.0,study02_layout_02_heldout_05,study02,study02/study02_p15,FULL_FEATURE,0.8868935237033566,0.5700000000000001,0.5279380498176547,0.7345869961857533,0.5169240152340887,0.29219365788085233,0.5059691156787066,0.5441029542546336
120.0,study02_layout_02_heldout_05,study02,study02/study02_p15,EB_SHUFFLED,1.200127123997131,0.5700000000000001,0.5279380498176547,0.7345869961857533,0.5801318806011017,0.3421036623827272,0.41014798229102034,0.8170086633853018
120.0,study02_layout_02_heldout_05,study02,study02/study02_p15,EB_WRONG_0,1.2339545071215323,0.5700000000000001,0.5279380498176547,0.7345869961857533,0.7513380193789205,0.4750089869068877,0.5234264087526899,0.7066028793393756
120.0,study02_layout_02_heldout_05,study02,study02/study02_p16,POP,0.8625295259016049,0.5700000000000001,0.5313229518817231,1.0,0.5017014659143699,0.34543954351571005,0.28952622929102867,0.488137359456792
120.0,study02_layout_02_heldout_05,study02,study02/study02_p16,RAW_MATCH,0.879281504814134,0.5700000000000001,0.5313229518817231,1.0,0.5322274892991554,0.3130116751991299,0.42060803982228123,0.524209025632776
120.0,study02_layout_02_heldout_05,study02,study02/study02_p16,FIXED_LAMBDA,0.7808725687114503,0.5700000000000001,0.5313229518817231,1.0,0.45135276828465914,0.2921870118887035,0.30906538772439635,0.45777901805030713
120.0,study02_layout_02_heldout_05,study02,study02/study02_p16,RELIABILITY_ONLY,0.7787328398954678,0.5700000000000001,0.5313229518817231,1.0,0.44922921969499247,0.29322024451299744,0.30147564360685636,0.4553650310217847
120.0,study02_layout_02_heldout_05,study02,study02/study02_p16,FULL_FEATURE,0.8792815048141341,0.5700000000000001,0.5313229518817231,1.0,0.5322274892991554,0.3130116751991299,0.42060803982228134,0.524209025632776
120.0,study02_layout_02_heldout_05,study02,study02/study02_p16,EB_SHUFFLED,1.70820908485921,0.5700000000000001,0.5313229518817231,1.0,1.419471357551059,0.5489961572005007,1.5795383799519962,1.0012590896635096
120.0,study02_layout_02_heldout_05,study02,study02/study02_p16,EB_WRONG_0,1.1198947534509942,0.5700000000000001,0.5313229518817231,1.0,0.644071363434029,0.429467525284048,0.5556929820381121,0.634857929963135
120.0,study02_layout_02_heldout_06,study02,study02/study02_p17,POP,0.8410704310482213,0.53,0.5404602947372815,0.27130749944749744,0.5063518665755671,0.30727740819855337,0.40029349363202765,0.49376367348646527
120.0,study02_layout_02_heldout_06,study02,study02/study02_p17,RAW_MATCH,0.8088694738252986,0.53,0.5404602947372815,0.27130749944749744,0.5099920670048849,0.27329733628910735,0.36017633357373985,0.4995545041788173
120.0,study02_layout_02_heldout_06,study02,study02/study02_p17,FIXED_LAMBDA,0.7212607761448249,0.53,0.5404602947372815,0.27130749944749744,0.42799194926331197,0.2553246606676738,0.29699450534072147,0.43623666494307894
120.0,study02_layout_02_heldout_06,study02,study02/study02_p17,RELIABILITY_ONLY,0.7209004743534938,0.53,0.5404602947372815,0.27130749944749744,0.42834428890001275,0.25474204782410187,0.296611034854636,0.43649732304392835
120.0,study02_layout_02_heldout_06,study02,study02/study02_p17,FULL_FEATURE,0.7560249115285247,0.53,0.5404602947372815,0.27130749944749744,0.44500151145297395,0.2755259796434598,0.32745779427570776,0.4477531524574941
120.0,study02_layout_02_heldout_06,study02,study02/study02_p17,EB_SHUFFLED,0.9112201374811282,0.53,0.5404602947372815,0.27130749944749744,0.5067795214876699,0.30777921502050076,0.4033403819552035,0.5631068842651071
120.0,study02_layout_02_heldout_06,study02,study02/study02_p17,EB_WRONG_0,0.9181964414717516,0.53,0.5404602947372815,0.27130749944749744,0.5312052653733074,0.3185481711419538,0.4501664757767566,0.5546316227521222
120.0,study02_layout_02_heldout_06,study02,study02/study02_p18,POP,0.9751680266379449,0.53,0.5073578793059307,0.5599560741266704,0.527843520359855,0.34673668598541807,0.4881240743967683,0.57961893321285
120.0,study02_layout_02_heldout_06,study02,study02/study02_p18,RAW_MATCH,0.8343871725514291,0.53,0.5073578793059307,0.5599560741266704,0.5056662562654832,0.2870907051492291,0.502986525543001,0.4969978148478999
120.0,study02_layout_02_heldout_06,study02,study02/study02_p18,FIXED_LAMBDA,0.7493299526196371,0.53,0.5073578793059307,0.5599560741266704,0.4313908212341574,0.2842839968223234,0.43073843047595606,0.4219721127497181
120.0,study02_layout_02_heldout_06,study02,study02/study02_p18,RELIABILITY_ONLY,0.7537779852380833,0.53,0.5073578793059307,0.5599560741266704,0.4334116308971255,0.286702228572773,0.4316724385256029,0.42390851281274994
120.0,study02_layout_02_heldout_06,study02,study02/study02_p18,FULL_FEATURE,0.7445003878396006,0.53,0.5073578793059307,0.5599560741266704,0.42929708358873386,0.28121235603644473,0.43057203404597516,0.42023082839855835
120.0,study02_layout_02_heldout_06,study02,study02/study02_p18,EB_SHUFFLED,1.0279003509671036,0.53,0.5073578793059307,0.5599560741266704,0.535900403539488,0.35269299875449056,0.5015455643138911,0.6250527957812241
120.0,study02_layout_02_heldout_06,study02,study02/study02_p18,EB_WRONG_0,0.8824878122620851,0.53,0.5073578793059307,0.5599560741266704,0.48759575051148746,0.3091158993063552,0.4898081364313946,0.5243910993125904
120.0,study03_layout_03_heldout_00,study03,study03/study03_p03,POP,0.9704748163456054,0.79,0.28950098677483166,0.514224994988808,0.6310026719073885,0.30626541961429277,0.6707796934661128,0.5971314273847014
120.0,study03_layout_03_heldout_00,study03,study03/study03_p03,RAW_MATCH,1.137019203021178,0.79,0.28950098677483166,0.514224994988808,0.7391332065441324,0.3890766107898109,0.6162641671059546,0.6863161755207716
120.0,study03_layout_03_heldout_00,study03,study03/study03_p03,FIXED_LAMBDA,1.0123046116222243,0.79,0.28950098677483166,0.514224994988808,0.6384121952671866,0.343615165555826,0.5845687945185166,0.6102325666145465
120.0,study03_layout_03_heldout_00,study03,study03/study03_p03,RELIABILITY_ONLY,0.8877216590282417,0.79,0.28950098677483166,0.514224994988808,0.5644691010960506,0.2794572876042736,0.6310363693582604,0.5451607344881422
120.0,study03_layout_03_heldout_00,study03,study03/study03_p03,FULL_FEATURE,0.902718738858749,0.79,0.28950098677483166,0.514224994988808,0.5603254054013125,0.29197091415509174,0.602144722886171,0.5505333524150401
120.0,study03_layout_03_heldout_00,study03,study03/study03_p03,EB_SHUFFLED,1.0872485040177255,0.79,0.28950098677483166,0.514224994988808,0.6346237017493747,0.31119684260166786,0.6892971700593227,0.7071219444101254
120.0,study03_layout_03_heldout_00,study03,study03/study03_p03,EB_WRONG_0,1.540745149450462,0.79,0.28950098677483166,0.514224994988808,0.9358079027246224,0.5192590005366412,0.8036124108010122,0.9411249078337197
120.0,study03_layout_03_heldout_00,study03,study03/study03_p19,POP,1.466668095304669,0.79,1.0,0.7422243009536349,0.9521922685978527,0.5462335353416686,0.8452543576717895,0.8359091241958214
120.0,study03_layout_03_heldout_00,study03,study03/study03_p19,RAW_MATCH,0.7101227398040818,0.79,1.0,0.7422243009536349,0.4410514638872978,0.20032411772220068,0.7602603884654728,0.43377258323533385
120.0,study03_layout_03_heldout_00,study03,study03/study03_p19,FIXED_LAMBDA,0.7712160111016293,0.79,1.0,0.7422243009536349,0.4716159883488158,0.21937113677808895,0.7322672199608949,0.4786181523274509
120.0,study03_layout_03_heldout_00,study03,study03/study03_p19,RELIABILITY_ONLY,0.7101227398040818,0.79,1.0,0.7422243009536349,0.4410514638872978,0.20032411772220068,0.760260388465473,0.43377258323533385
120.0,study03_layout_03_heldout_00,study03,study03/study03_p19,FULL_FEATURE,0.7944520633781798,0.79,1.0,0.7422243009536349,0.4844376427261176,0.22775651786728665,0.7343476967718222,0.4932607758337108
120.0,study03_layout_03_heldout_00,study03,study03/study03_p19,EB_SHUFFLED,1.5168337709815114,0.79,1.0,0.7422243009536349,1.037346105004791,0.4889650226036319,0.9664178415405983,0.9312269642238197
120.0,study03_layout_03_heldout_00,study03,study03/study03_p19,EB_WRONG_0,1.5553688235857297,0.79,1.0,0.7422243009536349,1.0151657226073945,0.5951193424290158,0.8857828055081601,0.871671200605898
120.0,study03_layout_03_heldout_01,study03,study03/study03_p20,POP,1.2593353371723262,0.73,0.7794247940655591,1.0,0.7763597726347775,0.42560582574601274,1.15495569087067,0.7182339423392464
120.0,study03_layout_03_heldout_01,study03,study03/study03_p20,RAW_MATCH,0.7310646790338257,0.73,0.7794247940655591,1.0,0.49363940838720705,0.20451325611811713,0.43540135156177046,0.48301128775953145
120.0,study03_layout_03_heldout_01,study03,study03/study03_p20,FIXED_LAMBDA,0.7331832226444583,0.73,0.7794247940655591,1.0,0.4265775659319377,0.2088957450687476,0.7118607366106867,0.453101403914642
120.0,study03_layout_03_heldout_01,study03,study03/study03_p20,RELIABILITY_ONLY,0.7199537653660608,0.73,0.7794247940655591,1.0,0.4322942520391274,0.2042419911971531,0.6332057838298157,0.4523911957859261
120.0,study03_layout_03_heldout_01,study03,study03/study03_p20,FULL_FEATURE,0.7310646790338257,0.73,0.7794247940655591,1.0,0.49363940838720705,0.20451325611811713,0.43540135156177046,0.48301128775953145
120.0,study03_layout_03_heldout_01,study03,study03/study03_p20,EB_SHUFFLED,1.8510739559161773,0.73,0.7794247940655591,1.0,1.3347755283241787,0.7005968869758484,1.5455510682161424,0.9959219621187146
120.0,study03_layout_03_heldout_01,study03,study03/study03_p20,EB_WRONG_0,1.3997993966575564,0.73,0.7794247940655591,1.0,0.7729440195309161,0.4072136195668862,1.149875557833332,0.877598221307337
120.0,study03_layout_03_heldout_01,study03,study03/study03_p21,POP,1.0106900142298072,0.73,0.9396282468406917,0.6541929232882122,0.47222423057874907,0.2974071552346761,0.3461452178136826,0.6786683372137629
120.0,study03_layout_03_heldout_01,study03,study03/study03_p21,RAW_MATCH,0.6923831715624171,0.73,0.9396282468406917,0.6541929232882122,0.42245881418365927,0.21706748012045338,0.3841813230786737,0.4368975591340964
120.0,study03_layout_03_heldout_01,study03,study03/study03_p21,FIXED_LAMBDA,0.7231375152565658,0.73,0.9396282468406917,0.6541929232882122,0.3979546190634046,0.21760315806301858,0.36012116726481985,0.46952224046706514
120.0,study03_layout_03_heldout_01,study03,study03/study03_p21,RELIABILITY_ONLY,0.6959707622164062,0.73,0.9396282468406917,0.6541929232882122,0.4168387745477341,0.2167764784537391,0.37929507818839525,0.4412647759438275
120.0,study03_layout_03_heldout_01,study03,study03/study03_p21,FULL_FEATURE,0.7385670807743148,0.73,0.9396282468406917,0.6541929232882122,0.39198905511815907,0.21902600376421144,0.35282623968755666,0.4842584530413476
120.0,study03_layout_03_heldout_01,study03,study03/study03_p21,EB_SHUFFLED,1.231054244599554,0.73,0.9396282468406917,0.6541929232882122,0.5100127663672692,0.30848689049086636,0.38868201580996586,0.883699152527691
120.0,study03_layout_03_heldout_01,study03,study03/study03_p21,EB_WRONG_0,1.4823925062156822,0.73,0.9396282468406917,0.6541929232882122,0.976595382761433,0.4906462544300126,1.3387110082719322,0.8578751509584763
120.0,study03_layout_03_heldout_02,study03,study03/study03_p22,POP,1.2528577661162623,0.77,0.44531410758207307,0.2849976985708956,0.6192972384001197,0.38696591719754375,0.48411717195697795,0.8174801317230208
120.0,study03_layout_03_heldout_02,study03,study03/study03_p22,RAW_MATCH,0.998923780697158,0.77,0.44531410758207307,0.2849976985708956,0.5963300240369154,0.29380451734266344,0.5161091909836562,0.6535083442561289
120.0,study03_layout_03_heldout_02,study03,study03/study03_p22,FIXED_LAMBDA,0.9249069678106299,0.77,0.44531410758207307,0.2849976985708956,0.5414711840726294,0.27950961267863805,0.4742322062253236,0.5979741345094595
120.0,study03_layout_03_heldout_02,study03,study03/study03_p22,RELIABILITY_ONLY,0.9763953892476198,0.77,0.44531410758207307,0.2849976985708956,0.5344081857607562,0.309727058545545,0.44933919266725175,0.6217344114353497
120.0,study03_layout_03_heldout_02,study03,study03/study03_p22,FULL_FEATURE,1.0559248898285096,0.77,0.44531410758207307,0.2849976985708956,0.5571876234182767,0.33555254581110633,0.4529267824553119,0.6750796657718722
120.0,study03_layout_03_heldout_02,study03,study03/study03_p22,EB_SHUFFLED,1.0439246476175312,0.77,0.44531410758207307,0.2849976985708956,0.6187242309804031,0.3871831847320356,0.48166291493712393,0.6085751713917832
120.0,study03_layout_03_heldout_02,study03,study03/study03_p22,EB_WRONG_0,1.2184136858963464,0.77,0.44531410758207307,0.2849976985708956,0.6376377537739922,0.3959119001677976,0.5241362857782402,0.7700881571507248
120.0,study03_layout_03_heldout_02,study03,study03/study03_p23,POP,1.534082793342575,0.77,0.8352698456676363,0.3896116840101239,0.8448802985926286,0.5405316365703232,0.9115262376940294,0.9023985330028489
120.0,study03_layout_03_heldout_02,study03,study03/study03_p23,RAW_MATCH,1.2018027812232028,0.77,0.8352698456676363,0.3896116840101239,0.694080452838863,0.41011681549871515,0.8199619025815539,0.7096897754663323
120.0,study03_layout_03_heldout_02,study03,study03/study03_p23,FIXED_LAMBDA,1.2096069751357765,0.77,0.8352698456676363,0.3896116840101239,0.6970200095855815,0.4239018862694368,0.7922688547798974,0.7064782033883499
120.0,study03_layout_03_heldout_02,study03,study03/study03_p23,RELIABILITY_ONLY,1.201773513645223,0.77,0.8352698456676363,0.3896116840101239,0.6938163126389936,0.4179036791939205,0.7974765071749238,0.70412218373381
120.0,study03_layout_03_heldout_02,study03,study03/study03_p23,FULL_FEATURE,1.3296581581299458,0.77,0.8352698456676363,0.3896116840101239,0.7507229870068924,0.479888802438552,0.8085503704658044,0.7689143186448133
120.0,study03_layout_03_heldout_02,study03,study03/study03_p23,EB_SHUFFLED,1.3978183303349563,0.77,0.8352698456676363,0.3896116840101239,0.8471948287410732,0.5431859244844477,0.9125637558685532,0.7633760302636534
120.0,study03_layout_03_heldout_02,study03,study03/study03_p23,EB_WRONG_0,1.473735529353021,0.77,0.8352698456676363,0.3896116840101239,0.843029494368459,0.5320442011726615,0.9039130491644506,0.8513000232639144
120.0,study03_layout_03_heldout_03,study03,study03/study03_p24,POP,0.8825459694878603,0.79,0.8303657519701875,1.0,0.4902981064174125,0.2777871486883697,0.5286845066471147,0.5518903701347793
120.0,study03_layout_03_heldout_03,study03,study03/study03_p24,RAW_MATCH,0.6650021929778388,0.79,0.8303657519701875,1.0,0.39967157705331346,0.2217925066980213,0.4803693546537651,0.395172750814441
120.0,study03_layout_03_heldout_03,study03,study03/study03_p24,FIXED_LAMBDA,0.6427589356197378,0.79,0.8303657519701875,1.0,0.37275682483161804,0.20656385244733916,0.4365834751175241,0.39253673566064634
120.0,study03_layout_03_heldout_03,study03,study03/study03_p24,RELIABILITY_ONLY,0.6447407600308518,0.79,0.8303657519701875,1.0,0.3771534226910893,0.20897218049903693,0.44473230429478283,0.39129534910233654
120.0,study03_layout_03_heldout_03,study03,study03/study03_p24,FULL_FEATURE,0.6650021929778388,0.79,0.8303657519701875,1.0,0.39967157705331346,0.2217925066980213,0.4803693546537651,0.395172750814441
120.0,study03_layout_03_heldout_03,study03,study03/study03_p24,EB_SHUFFLED,1.7290827176380152,0.79,0.8303657519701875,1.0,1.5033151291628095,0.558990843302703,1.6599828484682684,1.0040935894884853
120.0,study03_layout_03_heldout_03,study03,study03/study03_p24,EB_WRONG_0,1.194822394950334,0.79,0.8303657519701875,1.0,0.6984399898892728,0.426505130347979,0.6074898010465071,0.7075682844977043
120.0,study03_layout_03_heldout_03,study03,study03/study03_p25,POP,0.9204779055791856,0.79,0.8168696124986403,0.9561108487333182,0.49668167563853427,0.34206665672658126,0.4388879110285403,0.5345224577497503
120.0,study03_layout_03_heldout_03,study03,study03/study03_p25,RAW_MATCH,0.5353046606246445,0.79,0.8168696124986403,0.9561108487333182,0.32372741117407267,0.17774948252028078,0.3548343130539174,0.322071746798972
120.0,study03_layout_03_heldout_03,study03,study03/study03_p25,FIXED_LAMBDA,0.48593924905069763,0.79,0.8168696124986403,0.9561108487333182,0.28833638555747676,0.1644588453015501,0.323186273143557,0.28916177643479185
120.0,study03_layout_03_heldout_03,study03,study03/study03_p25,RELIABILITY_ONLY,0.4865085691989815,0.79,0.8168696124986403,0.9561108487333182,0.2895980425839602,0.1635183523200789,0.32373302845158014,0.29061691403374457
120.0,study03_layout_03_heldout_03,study03,study03/study03_p25,FULL_FEATURE,0.5169795373450579,0.79,0.8168696124986403,0.9561108487333182,0.3117530682074957,0.17130632068546464,0.34284866312742396,0.3113883503468508
120.0,study03_layout_03_heldout_03,study03,study03/study03_p25,EB_SHUFFLED,1.5346403367865893,0.79,0.8168696124986403,0.9561108487333182,0.9510625545691229,0.5117834444645812,0.669069848591296,0.9559499074628784
120.0,study03_layout_03_heldout_03,study03,study03/study03_p25,EB_WRONG_0,1.5728977413153287,0.79,0.8168696124986403,0.9561108487333182,0.7181076444878652,0.4345448125528547,0.6830495969476904,1.070047969067705
120.0,study03_layout_03_heldout_04,study03,study03/study03_p26,POP,0.8555910486732543,0.79,0.6836772981899405,0.8221498845946309,0.4903323406923302,0.28857274469188743,0.498365964981835,0.5171817074831834
120.0,study03_layout_03_heldout_04,study03,study03/study03_p26,RAW_MATCH,0.8510434746934151,0.79,0.6836772981899405,0.8221498845946309,0.5217970648332513,0.2775120465361569,0.5321669864189835,0.5203147295153598
120.0,study03_layout_03_heldout_04,study03,study03/study03_p26,FIXED_LAMBDA,0.7781521876262889,0.79,0.6836772981899405,0.8221498845946309,0.47904268495001373,0.2575615727736474,0.505150056468051,0.47007560920583646
120.0,study03_layout_03_heldout_04,study03,study03/study03_p26,RELIABILITY_ONLY,0.7523077399366573,0.79,0.6836772981899405,0.8221498845946309,0.4593766211505829,0.24938007385085406,0.4935512679109521,0.45357253929470814
120.0,study03_layout_03_heldout_04,study03,study03/study03_p26,FULL_FEATURE,0.7875483834832917,0.79,0.6836772981899405,0.8221498845946309,0.48537276987166433,0.260346570378271,0.5086459145862503,0.47633722164639564
120.0,study03_layout_03_heldout_04,study03,study03/study03_p26,EB_SHUFFLED,1.2808839939922494,0.79,0.6836772981899405,0.8221498845946309,0.600613419427427,0.3269481048547529,0.5630494050143104,0.8976309486360655
120.0,study03_layout_03_heldout_04,study03,study03/study03_p26,EB_WRONG_0,0.9777510324445227,0.79,0.6836772981899405,0.8221498845946309,0.5859649276906744,0.34377526976981204,0.5864766050443092,0.5753281021702796
120.0,study03_layout_03_heldout_04,study03,study03/study03_p27,POP,1.1114661666825265,0.79,0.8917650170982779,0.9667391441018983,0.6720286965768562,0.3598510152224762,0.683429957763539,0.6832721556836964
120.0,study03_layout_03_heldout_04,study03,study03/study03_p27,RAW_MATCH,0.7992509896704806,0.79,0.8917650170982779,0.9667391441018983,0.479765404500486,0.25278833698931763,0.47837755440130825,0.4986248972410321
120.0,study03_layout_03_heldout_04,study03,study03/study03_p27,FIXED_LAMBDA,0.8225044253867237,0.79,0.8917650170982779,0.9667391441018983,0.48070541220833174,0.25321331126464036,0.4869176895372841,0.520599345168355
120.0,study03_layout_03_heldout_04,study03,study03/study03_p27,RELIABILITY_ONLY,0.8086660869146035,0.79,0.8917650170982779,0.9667391441018983,0.47850661026079666,0.2520399063251998,0.48084617842893623,0.5085415627465101
120.0,study03_layout_03_heldout_04,study03,study03/study03_p27,FULL_FEATURE,0.8015992354233028,0.79,0.8917650170982779,0.9667391441018983,0.4790336776609168,0.252372309584617,0.4788490461205822,0.5013420212266275
120.0,study03_layout_03_heldout_04,study03,study03/study03_p27,EB_SHUFFLED,1.6562172797875325,0.79,0.8917650170982779,0.9667391441018983,1.2188745892563817,0.5663075565860286,0.9911438579345022,0.9907953374080537
120.0,study03_layout_03_heldout_04,study03,study03/study03_p27,EB_WRONG_0,1.13559068650201,0.79,0.8917650170982779,0.9667391441018983,0.7010176736350339,0.3937126206098657,0.8058713205415169,0.6612909338379925
120.0,study04_layout_04_heldout_00,study04,study04/study04_p03,POP,0.9033692962524298,0.76,0.6849701710351722,0.8333368220080384,0.5303366597752881,0.2974008777269402,0.4846467253597095,0.5575037459895187
120.0,study04_layout_04_heldout_00,study04,study04/study04_p03,RAW_MATCH,0.7714596354939085,0.76,0.6849701710351722,0.8333368220080384,0.48047678911022,0.25272328765532176,0.5007366982956761,0.46866267800901906
120.0,study04_layout_04_heldout_00,study04,study04/study04_p03,FIXED_LAMBDA,0.6839210117461529,0.76,0.6849701710351722,0.8333368220080384,0.4204009700606892,0.22908809134950459,0.4338938301763139,0.4114435373790169
120.0,study04_layout_04_heldout_00,study04,study04/study04_p03,RELIABILITY_ONLY,0.6725192651402492,0.76,0.6849701710351722,0.8333368220080384,0.41156437037001486,0.22646081340195462,0.4244533928770688,0.40361311245058773
120.0,study04_layout_04_heldout_00,study04,study04/study04_p03,FULL_FEATURE,0.7027286096538023,0.76,0.6849701710351722,0.8333368220080384,0.43404217371525255,0.23377680478549093,0.4488426317838153,0.42406754168992994
120.0,study04_layout_04_heldout_00,study04,study04/study04_p03,EB_SHUFFLED,1.2541866973452804,0.76,0.6849701710351722,0.8333368220080384,0.6121463867312451,0.33086902465038914,0.6558762413390948,0.8577300485609817
120.0,study04_layout_04_heldout_00,study04,study04/study04_p03,EB_WRONG_0,2.4808555874153204,0.76,0.6849701710351722,0.8333368220080384,0.8329356620392553,0.4702431001251236,0.6217197173076712,1.9484405155594298
120.0,study04_layout_04_heldout_00,study04,study04/study04_p03,EB_WRONG_1,1.246831420444998,0.76,0.6849701710351722,0.8333368220080384,0.5869500160307575,0.36290208749411734,0.5535102791323671,0.828578305037644
120.0,study04_layout_04_heldout_00,study04,study04/study04_p08,POP,1.1398244973943574,0.76,0.8094851094580983,1.0,0.6461171511602001,0.35987349639467653,0.4322929422271078,0.7367217067769701
120.0,study04_layout_04_heldout_00,study04,study04/study04_p08,RAW_MATCH,0.6256960419439019,0.76,0.8094851094580983,1.0,0.4010667424062998,0.19354223004597917,0.37228519409929184,0.3949252924879935
120.0,study04_layout_04_heldout_00,study04,study04/study04_p08,FIXED_LAMBDA,0.6449749346239821,0.76,0.8094851094580983,1.0,0.3846430822641323,0.183720041215021,0.3496880851703719,0.4262860848919239
120.0,study04_layout_04_heldout_00,study04,study04/study04_p08,RELIABILITY_ONLY,0.6362956289025397,0.76,0.8094851094580983,1.0,0.38728711402743365,0.1850521149235831,0.3537967142281047,0.41586384255614606
120.0,study04_layout_04_heldout_00,study04,study04/study04_p08,FULL_FEATURE,0.6256960419439019,0.76,0.8094851094580983,1.0,0.4010667424062998,0.19354223004597917,0.37228519409929184,0.3949252924879935
120.0,study04_layout_04_heldout_00,study04,study04/study04_p08,EB_SHUFFLED,1.9908779287463494,0.76,0.8094851094580983,1.0,1.438302448792436,0.8275997405973374,1.6018615613308513,1.0030920320159267
120.0,study04_layout_04_heldout_00,study04,study04/study04_p08,EB_WRONG_0,1.2823608810024512,0.76,0.8094851094580983,1.0,0.8139754804939239,0.4001584063617521,0.6850588190623853,0.8136965927344605
120.0,study04_layout_04_heldout_00,study04,study04/study04_p08,EB_WRONG_1,1.235535908156364,0.76,0.8094851094580983,1.0,0.7613455473904596,0.45559118304133883,0.5109188362247914,0.728852841492546
120.0,study04_layout_04_heldout_00,study04,study04/study04_p24,POP,0.8814192137642947,0.76,0.8824105592689566,1.0,0.4887933712911011,0.3390376514942729,0.369146851743709,0.5054668770956509
120.0,study04_layout_04_heldout_00,study04,study04/study04_p24,RAW_MATCH,0.419697927176089,0.76,0.8824105592689566,1.0,0.25737051192683164,0.124338263979376,0.39630678843675604,0.2557289843530374
120.0,study04_layout_04_heldout_00,study04,study04/study04_p24,FIXED_LAMBDA,0.4380789493510264,0.76,0.8824105592689566,1.0,0.251506580972074,0.1318201365205021,0.35186578636084065,0.27107223419444026
120.0,study04_layout_04_heldout_00,study04,study04/study04_p24,RELIABILITY_ONLY,0.4200061086549346,0.76,0.8824105592689566,1.0,0.25047723561411067,0.12520652132584986,0.3712735066788333,0.25767223666120137
120.0,study04_layout_04_heldout_00,study04,study04/study04_p24,FULL_FEATURE,0.419697927176089,0.76,0.8824105592689566,1.0,0.25737051192683164,0.124338263979376,0.39630678843675604,0.2557289843530374
120.0,study04_layout_04_heldout_00,study04,study04/study04_p24,EB_SHUFFLED,1.7484147253437043,0.76,0.8824105592689566,1.0,1.4037500552539064,0.5935224848282371,1.5476187079702963,1.0001303697184376
120.0,study04_layout_04_heldout_00,study04,study04/study04_p24,EB_WRONG_0,1.0548331697831206,0.76,0.8824105592689566,1.0,0.6097894478818039,0.3769339704792484,0.584315521638584,0.6194676471400138
120.0,study04_layout_04_heldout_00,study04,study04/study04_p24,EB_WRONG_1,1.7108314018314337,0.76,0.8824105592689566,1.0,0.789868520174863,0.4981675612046019,0.616796601793522,1.1509841804474794
120.0,study04_layout_04_heldout_01,study04,study04/study04_p28,POP,0.8906325062633782,0.75,0.5243021935107977,0.5871924270563663,0.5143013200964046,0.2862528822581377,0.4255522503754696,0.5618243989676935
120.0,study04_layout_04_heldout_01,study04,study04/study04_p28,RAW_MATCH,0.7933217552289649,0.75,0.5243021935107977,0.5871924270563663,0.5137810481221792,0.22898713704083826,0.5544261116122805,0.5088920070268985
120.0,study04_layout_04_heldout_01,study04,study04/study04_p28,FIXED_LAMBDA,0.7503156314031452,0.75,0.5243021935107977,0.5871924270563663,0.4737404177106713,0.22903928570533788,0.49066768193767574,0.47220957750403975
120.0,study04_layout_04_heldout_01,study04,study04/study04_p28,RELIABILITY_ONLY,0.7545756826360545,0.75,0.5243021935107977,0.5871924270563663,0.4626273104826001,0.24149356865029842,0.4488122971113709,0.4682008842746189
120.0,study04_layout_04_heldout_01,study04,study04/study04_p28,FULL_FEATURE,0.749760988213373,0.75,0.5243021935107977,0.5871924270563663,0.4632824091156949,0.23743745588839385,0.4592940126094198,0.46639413106403715
120.0,study04_layout_04_heldout_01,study04,study04/study04_p28,EB_SHUFFLED,0.9688590244513005,0.75,0.5243021935107977,0.5871924270563663,0.5162205850028402,0.2901199188588887,0.4456690432894948,0.6341722012634623
120.0,study04_layout_04_heldout_01,study04,study04/study04_p28,EB_WRONG_0,1.4656368861499713,0.75,0.5243021935107977,0.5871924270563663,0.5902191983224995,0.3506626532939188,0.4512442033059118,1.0698498125254614
120.0,study04_layout_04_heldout_01,study04,study04/study04_p29,POP,1.2537506679290011,0.75,0.7001657673690301,0.6334533029949259,0.6903768695361344,0.47688191125897256,0.33315351635923685,0.743553405034105
120.0,study04_layout_04_heldout_01,study04,study04/study04_p29,RAW_MATCH,0.8062819752499673,0.75,0.7001657673690301,0.6334533029949259,0.48650464919570485,0.28967720288509097,0.2960690238913341,0.48699786997574285
120.0,study04_layout_04_heldout_01,study04,study04/study04_p29,FIXED_LAMBDA,0.8554539965251124,0.75,0.7001657673690301,0.6334533029949259,0.48522432580904035,0.3038143978749651,0.2730167280250652,0.5243379258476408
120.0,study04_layout_04_heldout_01,study04,study04/study04_p29,RELIABILITY_ONLY,0.8694629336945248,0.75,0.7001657673690301,0.6334533029949259,0.48676378457930974,0.30801471688976195,0.2690337798426666,0.5345448388204961
120.0,study04_layout_04_heldout_01,study04,study04/study04_p29,FULL_FEATURE,0.8902935626360625,0.75,0.7001657673690301,0.6334533029949259,0.49021505260347714,0.3144561251765594,0.2637085090375067,0.5494665865557524
120.0,study04_layout_04_heldout_01,study04,study04/study04_p29,EB_SHUFFLED,1.4241915779636964,0.75,0.7001657673690301,0.6334533029949259,0.7018098877611076,0.49032386125449107,0.38479673363011985,0.8953880433461933
120.0,study04_layout_04_heldout_01,study04,study04/study04_p29,EB_WRONG_0,1.3257854124519919,0.75,0.7001657673690301,0.6334533029949259,0.7472583962210917,0.503078325778619,0.40453394217204236,0.7822536924561686
120.0,study04_layout_04_heldout_02,study04,study04/study04_p30,POP,1.1458464781256652,0.8,0.6535260617099603,0.7006007529723002,0.5133978526254003,0.2998982713000491,0.4930300126057501,0.796645205565041
120.0,study04_layout_04_heldout_02,study04,study04/study04_p30,RAW_MATCH,0.8696388135772803,0.8,0.6535260617099603,0.7006007529723002,0.5355494264756089,0.2424211737827838,0.6288179732990778,0.5643358424645888
120.0,study04_layout_04_heldout_02,study04,study04/study04_p30,FIXED_LAMBDA,0.7963249093800298,0.8,0.6535260617099603,0.7006007529723002,0.4727523465849514,0.22141835476828345,0.5694565826178608,0.5179608963499602
120.0,study04_layout_04_heldout_02,study04,study04/study04_p30,RELIABILITY_ONLY,0.794319958745981,0.8,0.6535260617099603,0.7006007529723002,0.4506844999045996,0.22310656663471265,0.5400800050455512,0.5172053916067133
120.0,study04_layout_04_heldout_02,study04,study04/study04_p30,FULL_FEATURE,0.7903082189036142,0.8,0.6535260617099603,0.7006007529723002,0.4556028013211396,0.2213378021700559,0.5473734408649783,0.5142330726470605
120.0,study04_layout_04_heldout_02,study04,study04/study04_p30,EB_SHUFFLED,1.005121088716086,0.8,0.6535260617099603,0.7006007529723002,0.5307580966639581,0.30998012156430693,0.5416334585396038,0.6409776212978188
120.0,study04_layout_04_heldout_02,study04,study04/study04_p30,EB_WRONG_0,1.401766995036064,0.8,0.6535260617099603,0.7006007529723002,0.6947750128522724,0.3858643001964333,0.6747207970509407,0.9484306151345367
120.0,study04_layout_04_heldout_02,study04,study04/study04_p31,POP,1.0476096109063557,0.8,0.6398948639660604,0.6746340254970997,0.6597372553542067,0.34056846627182996,0.534736454855286,0.6535674991489971
120.0,study04_layout_04_heldout_02,study04,study04/study04_p31,RAW_MATCH,0.9445303575761365,0.8,0.6398948639660604,0.6746340254970997,0.6338307014446989,0.22918903420441128,0.5383033000327988,0.6615109933684453
120.0,study04_layout_04_heldout_02,study04,study04/study04_p31,FIXED_LAMBDA,0.843617477600699,0.8,0.6398948639660604,0.6746340254970997,0.5798995854996711,0.2062688014354983,0.46542202229339924,0.5908064739358608
120.0,study04_layout_04_heldout_02,study04,study04/study04_p31,RELIABILITY_ONLY,0.8010362228596404,0.8,0.6398948639660604,0.6746340254970997,0.5513146655402206,0.20123024189826388,0.4363732524038049,0.5561686557209959
120.0,study04_layout_04_heldout_02,study04,study04/study04_p31,FULL_FEATURE,0.806892022034899,0.8,0.6398948639660604,0.6746340254970997,0.5559439948644131,0.20111832840841343,0.43999240552156305,0.5617744530743293
120.0,study04_layout_04_heldout_02,study04,study04/study04_p31,EB_SHUFFLED,1.177878305573735,0.8,0.6398948639660604,0.6746340254970997,0.6399669200473292,0.3507944520037959,0.5749995969159444,0.7695838938783447
120.0,study04_layout_04_heldout_02,study04,study04/study04_p31,EB_WRONG_0,1.155441148212398,0.8,0.6398948639660604,0.6746340254970997,0.7592981811024876,0.37750984606205706,0.705809007384441,0.707350401411897
120.0,study04_layout_04_heldout_03,study04,study04/study04_p32,POP,0.9954976797770726,0.74,0.7216574377019437,0.6620159915521964,0.6359606920313932,0.3018072230737141,0.6787947218246104,0.6258109845208975
120.0,study04_layout_04_heldout_03,study04,study04/study04_p32,RAW_MATCH,1.1434918716819376,0.74,0.7216574377019437,0.6620159915521964,0.7261517904316498,0.33349669839048685,0.6300992668020206,0.7469852466112487
120.0,study04_layout_04_heldout_03,study04,study04/study04_p32,FIXED_LAMBDA,1.011796578528164,0.74,0.7216574377019437,0.6620159915521964,0.6537356296436126,0.30116312240314014,0.6153597249594248,0.6490974836290813
120.0,study04_layout_04_heldout_03,study04,study04/study04_p32,RELIABILITY_ONLY,1.0046165698505956,0.74,0.7216574377019437,0.6620159915521964,0.6492307792187113,0.2995735593710021,0.6148637048444627,0.6435566399951472
120.0,study04_layout_04_heldout_03,study04,study04/study04_p32,FULL_FEATURE,0.9834518477698794,0.74,0.7216574377019437,0.6620159915521964,0.6354814436665523,0.29517126384302333,0.6127623114309695,0.6270043527837591
120.0,study04_layout_04_heldout_03,study04,study04/study04_p32,EB_SHUFFLED,1.1467884228958347,0.74,0.7216574377019437,0.6620159915521964,0.6397862435349101,0.3027321250708695,0.7173742132544236,0.7723188764995228
120.0,study04_layout_04_heldout_03,study04,study04/study04_p32,EB_WRONG_0,1.5801680719614708,0.74,0.7216574377019437,0.6620159915521964,1.0176469969505395,0.45133793666898914,1.4115978205511037,0.9876703532373713
120.0,study04_layout_04_heldout_03,study04,study04/study04_p33,POP,1.7107164181387629,0.74,0.8067627578762891,0.7666572590152713,1.241666102074444,0.3172612239875105,1.648152383574574,1.228639955793795
120.0,study04_layout_04_heldout_03,study04,study04/study04_p33,RAW_MATCH,1.1018188549418921,0.74,0.8067627578762891,0.7666572590152713,0.7162328823441432,0.291119685994313,0.6383376427243783,0.7468654046751412
120.0,study04_layout_04_heldout_03,study04,study04/study04_p33,FIXED_LAMBDA,1.2305787567430757,0.74,0.8067627578762891,0.7666572590152713,0.7853235621156023,0.3910070690934291,0.7274144346934539,0.7668302441803012
120.0,study04_layout_04_heldout_03,study04,study04/study04_p33,RELIABILITY_ONLY,1.1817956460845849,0.74,0.8067627578762891,0.7666572590152713,0.7608085395108762,0.3628429241203244,0.6682087351923417,0.7521318484450263
120.0,study04_layout_04_heldout_03,study04,study04/study04_p33,FULL_FEATURE,1.209947113598537,0.74,0.8067627578762891,0.7666572590152713,0.7749360884121175,0.3799502321842785,0.6979493151497094,0.7602019498992875
120.0,study04_layout_04_heldout_03,study04,study04/study04_p33,EB_SHUFFLED,1.476189415026906,0.74,0.8067627578762891,0.7666572590152713,1.2289015772423904,0.3422454522082933,1.598598145170329,0.9740841483015797
120.0,study04_layout_04_heldout_03,study04,study04/study04_p33,EB_WRONG_0,1.7075677728990044,0.74,0.8067627578762891,0.7666572590152713,1.1989650560153944,0.35090896563960494,1.62906494634294,1.1937523126251055
120.0,study04_layout_04_heldout_04,study04,study04/study04_p34,POP,1.1723415192099722,0.77,0.7319793502254418,1.0,0.768236600330703,0.3877393035235911,0.6121689649328107,0.7233853191930999
120.0,study04_layout_04_heldout_04,study04,study04/study04_p34,RAW_MATCH,1.0498688879549254,0.77,0.7319793502254418,1.0,0.7070822695167267,0.2720331991798448,0.49936140644975757,0.7278995481301048
120.0,study04_layout_04_heldout_04,study04,study04/study04_p34,FIXED_LAMBDA,0.9685310420586255,0.77,0.7319793502254418,1.0,0.6809050954176923,0.2674949025484795,0.47733595323716865,0.6533025441864291
120.0,study04_layout_04_heldout_04,study04,study04/study04_p34,RELIABILITY_ONLY,0.9602357746032195,0.77,0.7319793502254418,1.0,0.6768184762086235,0.26805921119684073,0.47495347823098555,0.6446812155832803
120.0,study04_layout_04_heldout_04,study04,study04/study04_p34,FULL_FEATURE,1.0498688879549254,0.77,0.7319793502254418,1.0,0.7070822695167267,0.2720331991798448,0.49936140644975757,0.7278995481301048
120.0,study04_layout_04_heldout_04,study04,study04/study04_p34,EB_SHUFFLED,1.8108018459664592,0.77,0.7319793502254418,1.0,1.3929018250474203,0.6445071676365771,1.66371025646325,0.9999236526835571
120.0,study04_layout_04_heldout_04,study04,study04/study04_p34,EB_WRONG_0,1.1910407331116382,0.77,0.7319793502254418,1.0,0.7717993616788394,0.370815718049164,0.5722807949774686,0.7629969355647271
120.0,study04_layout_04_heldout_04,study04,study04/study04_p35,POP,1.1368198637071307,0.77,0.6218864974267052,0.6457092822457159,0.49394430573351555,0.26463506894584166,0.47880589346571356,0.8243042054147178
120.0,study04_layout_04_heldout_04,study04,study04/study04_p35,RAW_MATCH,0.6546286595908837,0.77,0.6218864974267052,0.6457092822457159,0.41862199918851634,0.2028121279375408,0.3461666567011424,0.41719986598322867
120.0,study04_layout_04_heldout_04,study04,study04/study04_p35,FIXED_LAMBDA,0.6677239257155371,0.77,0.6218864974267052,0.6457092822457159,0.3923995033599825,0.20805823114836808,0.344927032045468,0.4251729913626222
120.0,study04_layout_04_heldout_04,study04,study04/study04_p35,RELIABILITY_ONLY,0.7228353059839341,0.77,0.6218864974267052,0.6457092822457159,0.39834456024246734,0.21760917525603682,0.36468514702917315,0.4687576160249799
120.0,study04_layout_04_heldout_04,study04,study04/study04_p35,FULL_FEATURE,0.7120385873510473,0.77,0.6218864974267052,0.6457092822457159,0.3964951396432303,0.2159202280413481,0.360794411901128,0.46003891811958636
120.0,study04_layout_04_heldout_04,study04,study04/study04_p35,EB_SHUFFLED,0.910976733642259,0.77,0.6218864974267052,0.6457092822457159,0.5009491209077125,0.2710711277780302,0.49491571043646265,0.5904140348205825
120.0,study04_layout_04_heldout_04,study04,study04/study04_p35,EB_WRONG_0,2.8179920297087833,0.77,0.6218864974267052,0.6457092822457159,0.81537549729692,0.3801278007420943,0.6419217971765044,2.3736720492490386
120.0,study04_layout_04_heldout_05,study04,study04/study04_p36,POP,0.9088676430075031,0.78,0.8496515062469372,0.7588480851766851,0.5441904153518441,0.322568474156471,0.4557819744224526,0.5407209714087868
120.0,study04_layout_04_heldout_05,study04,study04/study04_p36,RAW_MATCH,0.6142202893754248,0.78,0.8496515062469372,0.7588480851766851,0.3692033868339474,0.20425299441681743,0.3812531876939546,0.37184197618921194
120.0,study04_layout_04_heldout_05,study04,study04/study04_p36,FIXED_LAMBDA,0.625905722595682,0.78,0.8496515062469372,0.7588480851766851,0.36422711569740174,0.21132011567021278,0.35751324153619357,0.37883428277184983
120.0,study04_layout_04_heldout_05,study04,study04/study04_p36,RELIABILITY_ONLY,0.6185093747671874,0.78,0.8496515062469372,0.7588480851766851,0.36347495031479327,0.20801607412651923,0.3618745703824227,0.37430584360242586
120.0,study04_layout_04_heldout_05,study04,study04/study04_p36,FULL_FEATURE,0.6287679855393076,0.78,0.8496515062469372,0.7588480851766851,0.364935386791914,0.21252204273883785,0.35625564286998246,0.3806203785134715
120.0,study04_layout_04_heldout_05,study04,study04/study04_p36,EB_SHUFFLED,1.2390045534035097,0.78,0.8496515062469372,0.7588480851766851,0.5531570185465485,0.32982993450871534,0.5083628156674752,0.8583383373280468
120.0,study04_layout_04_heldout_05,study04,study04/study04_p36,EB_WRONG_0,1.0091667808445621,0.78,0.8496515062469372,0.7588480851766851,0.5806861531267543,0.3347197967704028,0.5218028491573291,0.6222666991584265
120.0,study04_layout_04_heldout_05,study04,study04/study04_p37,POP,1.4630254238873541,0.78,0.8272889343859289,0.4824443597283053,0.5686187519524812,0.31467966923819535,0.6327672660109983,1.0850690280480588
120.0,study04_layout_04_heldout_05,study04,study04/study04_p37,RAW_MATCH,1.0402567289668636,0.78,0.8272889343859289,0.4824443597283053,0.6418166942397995,0.28820751717512966,0.6829036153624098,0.6837588502554929
120.0,study04_layout_04_heldout_05,study04,study04/study04_p37,FIXED_LAMBDA,0.9202825498308057,0.78,0.8272889343859289,0.4824443597283053,0.5297650489096821,0.25642947442521735,0.59764961745562,0.6040881136600263
120.0,study04_layout_04_heldout_05,study04,study04/study04_p37,RELIABILITY_ONLY,0.9331611895545862,0.78,0.8272889343859289,0.4824443597283053,0.5480333800991997,0.25996541453837585,0.6110029321962858,0.6120954817965817
120.0,study04_layout_04_heldout_05,study04,study04/study04_p37,FULL_FEATURE,0.9985264060809533,0.78,0.8272889343859289,0.4824443597283053,0.4897868924723766,0.2629420082731138,0.585463157708833,0.6770380820369561
120.0,study04_layout_04_heldout_05,study04,study04/study04_p37,EB_SHUFFLED,0.9526168040522375,0.78,0.8272889343859289,0.4824443597283053,0.5742784411264437,0.32170703562907865,0.6485934810711066,0.5660504203160481
120.0,study04_layout_04_heldout_05,study04,study04/study04_p37,EB_WRONG_0,1.6461432531413716,0.78,0.8272889343859289,0.4824443597283053,0.5763915853508838,0.29894859303455956,0.7028243091327846,1.2769122291935335
120.0,study04_layout_04_heldout_06,study04,study04/study04_p38,POP,1.2467806632433014,0.77,0.869141344363738,0.48656407555301967,0.7656222441792059,0.4926381496284796,0.49998749368054235,0.7041437642467674
120.0,study04_layout_04_heldout_06,study04,study04/study04_p38,RAW_MATCH,0.644064806884197,0.77,0.869141344363738,0.48656407555301967,0.40315271182463475,0.18097632250092027,0.38232019151904884,0.4248564652313718
120.0,study04_layout_04_heldout_06,study04,study04/study04_p38,FIXED_LAMBDA,0.5833837402568491,0.77,0.869141344363738,0.48656407555301967,0.38444047037248924,0.17270840006470098,0.36356194318161983,0.37431914587398624
120.0,study04_layout_04_heldout_06,study04,study04/study04_p38,RELIABILITY_ONLY,0.5936925598956128,0.77,0.869141344363738,0.48656407555301967,0.389073602032682,0.17042371770733764,0.3693631336243296,0.3863325288258422
120.0,study04_layout_04_heldout_06,study04,study04/study04_p38,FULL_FEATURE,0.6889861193518101,0.77,0.869141344363738,0.48656407555301967,0.42695463872330275,0.22365615679762993,0.3740008638017344,0.42792987617400674
120.0,study04_layout_04_heldout_06,study04,study04/study04_p38,EB_SHUFFLED,1.3408355026711183,0.77,0.869141344363738,0.48656407555301967,0.7665226490618399,0.4950484878814953,0.5203628759196914,0.7937507271976539
120.0,study04_layout_04_heldout_06,study04,study04/study04_p38,EB_WRONG_0,1.4476722906220605,0.77,0.869141344363738,0.48656407555301967,0.904454337891561,0.5331137220858809,0.6986265202414984,0.8446959165120298
120.0,study04_layout_04_heldout_06,study04,study04/study04_p39,POP,0.7146415061417293,0.77,0.7839109798098888,0.962691745129261,0.42609732929921895,0.24415363726146064,0.410527975765243,0.4294350713037443
120.0,study04_layout_04_heldout_06,study04,study04/study04_p39,RAW_MATCH,0.645755539477421,0.77,0.7839109798098888,0.962691745129261,0.4050077782535789,0.2070420645651452,0.3420215678994104,0.4045113181223348
120.0,study04_layout_04_heldout_06,study04,study04/study04_p39,FIXED_LAMBDA,0.5847697266038211,0.77,0.7839109798098888,0.962691745129261,0.3706972084048485,0.19421366482355484,0.31763421019360544,0.35879264076090567
120.0,study04_layout_04_heldout_06,study04,study04/study04_p39,RELIABILITY_ONLY,0.5873501734071092,0.77,0.7839109798098888,0.962691745129261,0.37247495997367586,0.19467798877072817,0.3188227281386146,0.36078991182251946
120.0,study04_layout_04_heldout_06,study04,study04/study04_p39,FULL_FEATURE,0.6334580585002484,0.77,0.7839109798098888,0.962691745129261,0.3988990567791768,0.2042945806851685,0.33742062759016167,0.3954214150560637
120.0,study04_layout_04_heldout_06,study04,study04/study04_p39,EB_SHUFFLED,1.62649454834649,0.77,0.7839109798098888,0.962691745129261,1.120008738243613,0.5498830362622177,0.9806737924508452,0.9785441328391881
120.0,study04_layout_04_heldout_06,study04,study04/study04_p39,EB_WRONG_0,0.9782139752508494,0.77,0.7839109798098888,0.962691745129261,0.606597301445963,0.3410927373342994,0.5255165562218307,0.584569582294367
120.0,study05_layout_05_heldout_00,study05,study05/study05_p06,POP,0.9380153589742439,0.79,0.7949518259537821,0.6932883991452821,0.5939002340897164,0.32900958663070856,0.43140958234040877,0.5658648141094945
120.0,study05_layout_05_heldout_00,study05,study05/study05_p06,RAW_MATCH,0.9848533256202767,0.79,0.7949518259537821,0.6932883991452821,0.5890133885512542,0.3570189688897885,0.38708375244410154,0.5891259814860781
120.0,study05_layout_05_heldout_00,study05,study05/study05_p06,FIXED_LAMBDA,0.9059476460888659,0.79,0.7949518259537821,0.6932883991452821,0.5485479587811739,0.33260987835214223,0.3690764133000097,0.5364301264067227
120.0,study05_layout_05_heldout_00,study05,study05/study05_p06,RELIABILITY_ONLY,0.9074656272540774,0.79,0.7949518259537821,0.6932883991452821,0.5493680039647795,0.33309535097920656,0.36943640510733566,0.5374266357641373
120.0,study05_layout_05_heldout_00,study05,study05/study05_p06,FULL_FEATURE,0.880025464422376,0.79,0.7949518259537821,0.6932883991452821,0.5343732425468029,0.32405079809945836,0.3632257907613538,0.5196520872467821
120.0,study05_layout_05_heldout_00,study05,study05/study05_p06,EB_SHUFFLED,1.1721749738900322,0.79,0.7949518259537821,0.6932883991452821,0.5954024841952894,0.32379633592779244,0.4496913755167967,0.80340950041056
120.0,study05_layout_05_heldout_00,study05,study05/study05_p06,EB_WRONG_0,0.9432973993412126,0.79,0.7949518259537821,0.6932883991452821,0.6076475452186606,0.309589930634428,0.4706900473049494,0.5866384639762896
120.0,study05_layout_05_heldout_00,study05,study05/study05_p06,EB_WRONG_1,1.0013645200548114,0.79,0.7949518259537821,0.6932883991452821,0.6060968874389716,0.37331466948600833,0.4145527184053318,0.5865945787282697
120.0,study05_layout_05_heldout_00,study05,study05/study05_p10,POP,1.235374786806163,0.79,0.7919088626133161,0.3098252356913383,0.815599694872621,0.412665697149825,0.6860392142039669,0.7541051682359413
120.0,study05_layout_05_heldout_00,study05,study05/study05_p10,RAW_MATCH,0.9686542637657798,0.79,0.7919088626133161,0.3098252356913383,0.6516176860356788,0.29106188418091733,0.5676576010324603,0.6208266194816164
120.0,study05_layout_05_heldout_00,study05,study05/study05_p10,FIXED_LAMBDA,0.9659586580290078,0.79,0.7919088626133161,0.3098252356913383,0.6452142712994859,0.29311849230785114,0.5592656846949021,0.6169135972516665
120.0,study05_layout_05_heldout_00,study05,study05/study05_p10,RELIABILITY_ONLY,0.9658245048531393,0.79,0.7919088626133161,0.3098252356913383,0.6452161711088821,0.2930298932817486,0.5592941070798106,0.6168652008634097
120.0,study05_layout_05_heldout_00,study05,study05/study05_p10,FULL_FEATURE,1.088411605080815,0.79,0.7919088626133161,0.3098252356913383,0.701444296365815,0.35181187106718986,0.6128068902623156,0.6753190449873935
120.0,study05_layout_05_heldout_00,study05,study05/study05_p10,EB_SHUFFLED,1.2783016400589169,0.79,0.7919088626133161,0.3098252356913383,0.816685849644008,0.4131970568023507,0.6904428060539448,0.7960603026511718
120.0,study05_layout_05_heldout_00,study05,study05/study05_p10,EB_WRONG_0,1.3025634147831369,0.79,0.7919088626133161,0.3098252356913383,0.8398314976838487,0.46609058363019074,0.6650024645740871,0.7699725846955373
120.0,study05_layout_05_heldout_00,study05,study05/study05_p10,EB_WRONG_1,1.233797369361671,0.79,0.7919088626133161,0.3098252356913383,0.7922229028104174,0.41262615657275736,0.6555687559376141,0.7556143371951523
120.0,study05_layout_05_heldout_00,study05,study05/study05_p24,POP,1.294554748060178,0.79,0.8010877430044953,0.5842962154589211,0.7842406112860493,0.46251023184985013,0.613779318451302,0.7706665843651976
120.0,study05_layout_05_heldout_00,study05,study05/study05_p24,RAW_MATCH,1.0094892039809185,0.79,0.8010877430044953,0.5842962154589211,0.6377825436380307,0.3337049859784573,0.6376866118782243,0.6120155568146387
120.0,study05_layout_05_heldout_00,study05,study05/study05_p24,FIXED_LAMBDA,1.0138743379165176,0.79,0.8010877430044953,0.5842962154589211,0.6401305744117446,0.34181379677021745,0.5874276548708277,0.6133177756592174
120.0,study05_layout_05_heldout_00,study05,study05/study05_p24,RELIABILITY_ONLY,1.0124976563017614,0.79,0.8010877430044953,0.5842962154589211,0.6394163457525441,0.3408330070298034,0.588977707796293,0.6127668784923286
120.0,study05_layout_05_heldout_00,study05,study05/study05_p24,FULL_FEATURE,1.0592167650932933,0.79,0.8010877430044953,0.5842962154589211,0.6634686898379991,0.36854226987305566,0.5771019029523324,0.6329643049250043
120.0,study05_layout_05_heldout_00,study05,study05/study05_p24,EB_SHUFFLED,1.3066376295128028,0.79,0.8010877430044953,0.5842962154589211,0.7853476849993258,0.45961402957333575,0.6215151183546482,0.7848720881040022
120.0,study05_layout_05_heldout_00,study05,study05/study05_p24,EB_WRONG_0,1.4492782190087894,0.79,0.8010877430044953,0.5842962154589211,0.8339437518302847,0.5484685539219981,0.5513887508268238,0.845670790004109
120.0,study05_layout_05_heldout_00,study05,study05/study05_p24,EB_WRONG_1,1.368136047234605,0.79,0.8010877430044953,0.5842962154589211,0.8216566000742895,0.4773881172612207,0.6049721896993847,0.8302507110034457
120.0,study05_layout_05_heldout_01,study05,study05/study05_p40,POP,1.4912036275084506,0.71,0.7338111878011353,0.9622084610659193,1.2516241622753135,0.39193066352063677,1.1363721671141676,0.9856357472763971
120.0,study05_layout_05_heldout_01,study05,study05/study05_p40,RAW_MATCH,0.9313350532746063,0.71,0.7338111878011353,0.9622084610659193,0.5300935012470512,0.2733978903380994,0.47864805925958415,0.6100723570105484
120.0,study05_layout_05_heldout_01,study05,study05/study05_p40,FIXED_LAMBDA,1.0521590495794428,0.71,0.7338111878011353,0.9622084610659193,0.5788730217186119,0.3022304894645041,0.5172593824219694,0.6982026218727418
120.0,study05_layout_05_heldout_01,study05,study05/study05_p40,RELIABILITY_ONLY,1.0389453207710646,0.71,0.7338111878011353,0.9622084610659193,0.5708695525940912,0.2976815158715503,0.511773338440636,0.6900864710554507
120.0,study05_layout_05_heldout_01,study05,study05/study05_p40,FULL_FEATURE,0.9428024144196239,0.71,0.7338111878011353,0.9622084610659193,0.531868858497438,0.2746670421476441,0.48050152930468815,0.620085219341511
120.0,study05_layout_05_heldout_01,study05,study05/study05_p40,EB_SHUFFLED,1.6238360514325463,0.71,0.7338111878011353,0.9622084610659193,1.3258053119453197,0.48894892186876854,1.3661942049199907,0.9982677090717786
120.0,study05_layout_05_heldout_01,study05,study05/study05_p40,EB_WRONG_0,1.5751197497101246,0.71,0.7338111878011353,0.9622084610659193,1.2707230218074161,0.4289179035835091,1.1553367173048892,1.0306681743961266
120.0,study05_layout_05_heldout_01,study05,study05/study05_p41,POP,1.1891455208531285,0.71,0.7340481885938899,1.0,0.6592922970171597,0.44316317751739154,0.41480074832059416,0.7045022685036776
120.0,study05_layout_05_heldout_01,study05,study05/study05_p41,RAW_MATCH,0.7180942427639316,0.71,0.7340481885938899,1.0,0.3934154583632338,0.23890945125285687,0.32570169179519026,0.4466146223315557
120.0,study05_layout_05_heldout_01,study05,study05/study05_p41,FIXED_LAMBDA,0.8065960879524197,0.71,0.7340481885938899,1.0,0.4131853672969283,0.2677672250028269,0.3304681806462552,0.5057820448849673
120.0,study05_layout_05_heldout_01,study05,study05/study05_p41,RELIABILITY_ONLY,0.7975664411072898,0.71,0.7340481885938899,1.0,0.4102818527495172,0.2644457891155898,0.3290183288684507,0.5002188191048549
120.0,study05_layout_05_heldout_01,study05,study05/study05_p41,FULL_FEATURE,0.7180942427639316,0.71,0.7340481885938899,1.0,0.3934154583632338,0.23890945125285687,0.32570169179519026,0.4466146223315557
120.0,study05_layout_05_heldout_01,study05,study05/study05_p41,EB_SHUFFLED,1.8766763524948542,0.71,0.7340481885938899,1.0,1.4255011838864797,0.7194999398737292,1.5654628998366384,1.0006301226374612
120.0,study05_layout_05_heldout_01,study05,study05/study05_p41,EB_WRONG_0,1.6470932080055694,0.71,0.7340481885938899,1.0,1.2055966604607353,0.4805145422707128,1.1293677437462994,1.0536418913602266
120.0,study05_layout_05_heldout_02,study05,study05/study05_p43,POP,0.8969136241798431,0.75,0.8433512661713622,0.5196903881358947,0.563801879049868,0.3083519674976076,0.4390817279381688,0.5446534838884186
120.0,study05_layout_05_heldout_02,study05,study05/study05_p43,RAW_MATCH,0.7180453822679593,0.75,0.8433512661713622,0.5196903881358947,0.4488571436671924,0.2443412191509019,0.3676003998701408,0.43694412313004327
120.0,study05_layout_05_heldout_02,study05,study05/study05_p43,FIXED_LAMBDA,0.6629344795834646,0.75,0.8433512661713622,0.5196903881358947,0.4046569671982884,0.22072015646026324,0.34047879571024664,0.4081664435521767
120.0,study05_layout_05_heldout_02,study05,study05/study05_p43,RELIABILITY_ONLY,0.6770766155823374,0.75,0.8433512661713622,0.5196903881358947,0.4175079949945387,0.22788048556562931,0.34801445172269113,0.41439468484443903
120.0,study05_layout_05_heldout_02,study05,study05/study05_p43,FULL_FEATURE,0.6698017094948653,0.75,0.8433512661713622,0.5196903881358947,0.40203971700721264,0.21873805206398084,0.33765904307431494,0.41729775312345296
120.0,study05_layout_05_heldout_02,study05,study05/study05_p43,EB_SHUFFLED,1.07677843173781,0.75,0.8433512661713622,0.5196903881358947,0.5652012376542073,0.31026940681698106,0.4473386738442435,0.7217751575364045
120.0,study05_layout_05_heldout_02,study05,study05/study05_p43,EB_WRONG_0,0.9142509345884214,0.75,0.8433512661713622,0.5196903881358947,0.5603945165097444,0.32144504133107815,0.42665843480484905,0.5501400497768584
120.0,study05_layout_05_heldout_02,study05,study05/study05_p44,POP,1.1295311946044921,0.75,0.7310486833002227,0.39672303395483594,0.5763575782380187,0.3820416586352584,0.2881529207702559,0.7186742438922081
120.0,study05_layout_05_heldout_02,study05,study05/study05_p44,RAW_MATCH,0.7975730660093068,0.75,0.7310486833002227,0.39672303395483594,0.4755320689629857,0.26832053303425135,0.28787588132430536,0.5004649448426248
120.0,study05_layout_05_heldout_02,study05,study05/study05_p44,FIXED_LAMBDA,0.8190618629263193,0.75,0.7310486833002227,0.39672303395483594,0.4538604853941329,0.2590618961809579,0.2678375620800725,0.5332162105373542
120.0,study05_layout_05_heldout_02,study05,study05/study05_p44,RELIABILITY_ONLY,0.821978412494804,0.75,0.7310486833002227,0.39672303395483594,0.4525677157464147,0.2588611801343702,0.266719983573323,0.5364452340031015
120.0,study05_layout_05_heldout_02,study05,study05/study05_p44,FULL_FEATURE,0.9115507400239518,0.75,0.7310486833002227,0.39672303395483594,0.4517079638414401,0.2788383956767206,0.25032971930412423,0.6076793724168188
120.0,study05_layout_05_heldout_02,study05,study05/study05_p44,EB_SHUFFLED,1.2328043423842854,0.75,0.7310486833002227,0.39672303395483594,0.5766146318587246,0.3814915435132058,0.2916418549031258,0.822148613380767
120.0,study05_layout_05_heldout_02,study05,study05/study05_p44,EB_WRONG_0,1.0810311490507551,0.75,0.7310486833002227,0.39672303395483594,0.5464793970598175,0.3462520081120543,0.30336027322257075,0.7044431136164439
120.0,study05_layout_05_heldout_03,study05,study05/study05_p45,POP,0.9467678426598773,0.8300000000000001,0.9708530541780975,0.4705029613060363,0.6058549927019837,0.31767522751609006,0.5083022773754436,0.5782623874062429
120.0,study05_layout_05_heldout_03,study05,study05/study05_p45,RAW_MATCH,0.8660567504078331,0.8300000000000001,0.9708530541780975,0.4705029613060363,0.5531420377544156,0.2521912966706826,0.4928357645006624,0.5645818772870843
120.0,study05_layout_05_heldout_03,study05,study05/study05_p45,FIXED_LAMBDA,0.8202478323840323,0.8300000000000001,0.9708530541780975,0.4705029613060363,0.5381759770112443,0.24190714773978791,0.47529959826410495,0.5308107248178339
120.0,study05_layout_05_heldout_03,study05,study05/study05_p45,RELIABILITY_ONLY,0.8571156894109309,0.8300000000000001,0.9708530541780975,0.4705029613060363,0.5503247234739754,0.2502748853884116,0.48937106737322944,0.5579036972851964
120.0,study05_layout_05_heldout_03,study05,study05/study05_p45,FULL_FEATURE,0.791522389252923,0.8300000000000001,0.9708530541780975,0.4705029613060363,0.5279325949479773,0.23831606598610497,0.4623184834070505,0.5069744749261129
120.0,study05_layout_05_heldout_03,study05,study05/study05_p45,EB_SHUFFLED,1.0853163832552655,0.8300000000000001,0.9708530541780975,0.4705029613060363,0.6065694106385349,0.31988027750341747,0.5138114859350895,0.714054957158339
120.0,study05_layout_05_heldout_03,study05,study05/study05_p45,EB_WRONG_0,1.737643959004611,0.8300000000000001,0.9708530541780975,0.4705029613060363,1.098379688029773,0.5443084582373355,0.8091986980686162,1.1124156309604138
120.0,study05_layout_05_heldout_03,study05,study05/study05_p46,POP,1.2882686782833273,0.8300000000000001,0.8014945749055953,1.0,0.9275128265860171,0.35825145203085557,0.7436131327629294,0.8556559129761788
120.0,study05_layout_05_heldout_03,study05,study05/study05_p46,RAW_MATCH,1.0443565310056373,0.8300000000000001,0.8014945749055953,1.0,0.6170597517002167,0.34185098806890335,0.3522064306537803,0.667284899871356
120.0,study05_layout_05_heldout_03,study05,study05/study05_p46,FIXED_LAMBDA,0.9317015183114332,0.8300000000000001,0.8014945749055953,1.0,0.5822307628700585,0.3100490652719239,0.36655669300617966,0.5849967837388913
120.0,study05_layout_05_heldout_03,study05,study05/study05_p46,RELIABILITY_ONLY,0.9179888632014201,0.8300000000000001,0.8014945749055953,1.0,0.5777530050885112,0.3053693290355442,0.37267000269078676,0.5753525338967972
120.0,study05_layout_05_heldout_03,study05,study05/study05_p46,FULL_FEATURE,1.0443565310056373,0.8300000000000001,0.8014945749055953,1.0,0.6170597517002167,0.34185098806890335,0.3522064306537803,0.667284899871356
120.0,study05_layout_05_heldout_03,study05,study05/study05_p46,EB_SHUFFLED,1.9249514492339599,0.8300000000000001,0.8014945749055953,1.0,1.3716675840450567,0.779080249806255,1.4766704578636836,0.9982041536413365
120.0,study05_layout_05_heldout_03,study05,study05/study05_p46,EB_WRONG_0,1.3268332855475429,0.8300000000000001,0.8014945749055953,1.0,0.928203566098169,0.3557709617723285,0.7477594908164229,0.8962863746935721
120.0,study05_layout_05_heldout_04,study05,study05/study05_p47,POP,1.391213398711542,0.73,0.7437393146292793,0.3734674537126852,0.9473243310681312,0.4192146158461075,0.7800615093704518,0.8939926319283895
120.0,study05_layout_05_heldout_04,study05,study05/study05_p47,RAW_MATCH,1.0016767289181778,0.73,0.7437393146292793,0.3734674537126852,0.6485324873141002,0.33884376993620685,0.41847084756017494,0.6209858742259534
120.0,study05_layout_05_heldout_04,study05,study05/study05_p47,FIXED_LAMBDA,1.0192614524404127,0.73,0.7437393146292793,0.3734674537126852,0.6531821337306354,0.34791199006597684,0.43326708418709753,0.628022753955726
120.0,study05_layout_05_heldout_04,study05,study05/study05_p47,RELIABILITY_ONLY,1.0158613982273903,0.73,0.7437393146292793,0.3734674537126852,0.6508653576579463,0.3467470646367896,0.4291347622381532,0.6262008573667853
120.0,study05_layout_05_heldout_04,study05,study05/study05_p47,FULL_FEATURE,1.1707801881523194,0.73,0.7437393146292793,0.3734674537126852,0.7764954403768674,0.3871434462714374,0.6071313375989862,0.7229236081209834
120.0,study05_layout_05_heldout_04,study05,study05/study05_p47,EB_SHUFFLED,1.3381917884060754,0.73,0.7437393146292793,0.3734674537126852,0.9478341867238093,0.41995533129775187,0.7841101142950833,0.8398254456788152
120.0,study05_layout_05_heldout_04,study05,study05/study05_p47,EB_WRONG_0,1.8032104062615266,0.73,0.7437393146292793,0.3734674537126852,1.0554791840834932,0.5177816375298842,0.8447614914697266,1.2009526195846698
120.0,study05_layout_05_heldout_04,study05,study05/study05_p48,POP,1.4015058213301703,0.73,0.7440100385397185,0.8693959152300715,0.7705507499426196,0.5402927945321054,0.4987935765705567,0.8113336691410092
120.0,study05_layout_05_heldout_04,study05,study05/study05_p48,RAW_MATCH,1.0595360096869506,0.73,0.7440100385397185,0.8693959152300715,0.5943182693704585,0.3464372439202328,0.5255778412965211,0.6605409816370656
120.0,study05_layout_05_heldout_04,study05,study05/study05_p48,FIXED_LAMBDA,1.1075193426643932,0.73,0.7440100385397185,0.8693959152300715,0.5972246485201693,0.3647616368675769,0.4963787470220411,0.6931198310946122
120.0,study05_layout_05_heldout_04,study05,study05/study05_p48,RELIABILITY_ONLY,1.1043906943664128,0.73,0.7440100385397185,0.8693959152300715,0.5965903133775013,0.3633577477287911,0.497740940191708,0.6912588526184509
120.0,study05_layout_05_heldout_04,study05,study05/study05_p48,FULL_FEATURE,1.0797339036713969,0.73,0.7440100385397185,0.8693959152300715,0.5935251715836498,0.35326505797305485,0.5105416348791713,0.675414682210425
120.0,study05_layout_05_heldout_04,study05,study05/study05_p48,EB_SHUFFLED,1.5766517618300337,0.73,0.7440100385397185,0.8693959152300715,0.7941450473515466,0.5497600218991412,0.5543611461125673,0.9714556253196359
120.0,study05_layout_05_heldout_04,study05,study05/study05_p48,EB_WRONG_0,1.5036760244178247,0.73,0.7440100385397185,0.8693959152300715,0.8535086487380091,0.5905203509160432,0.5835863139490698,0.8547970421068746
120.0,study05_layout_05_heldout_05,study05,study05/study05_p49,POP,1.2978680813207892,0.8200000000000001,0.777199441467574,0.9373316334264435,0.8584798350407609,0.4063762129667343,0.6087352906257886,0.8306183392914761
120.0,study05_layout_05_heldout_05,study05,study05/study05_p49,RAW_MATCH,0.9901946422569273,0.8200000000000001,0.777199441467574,0.9373316334264435,0.5260891996043476,0.27337813384719106,0.5974273404899663,0.6570737743607397
120.0,study05_layout_05_heldout_05,study05,study05/study05_p49,FIXED_LAMBDA,0.8762450353297524,0.8200000000000001,0.777199441467574,0.9373316334264435,0.49706387185879597,0.2579167252333137,0.5826099430911944,0.5600673157873193
120.0,study05_layout_05_heldout_05,study05,study05/study05_p49,RELIABILITY_ONLY,0.8595941784503263,0.8200000000000001,0.777199441467574,0.9373316334264435,0.49353319093630826,0.2572954722733313,0.5802753239425394,0.544271173782741
120.0,study05_layout_05_heldout_05,study05,study05/study05_p49,FULL_FEATURE,0.94322904694547,0.8200000000000001,0.777199441467574,0.9373316334264435,0.5140442871803538,0.2657127470372923,0.5909754852350851,0.6184187513846692
120.0,study05_layout_05_heldout_05,study05,study05/study05_p49,EB_SHUFFLED,1.4844109956907752,0.8200000000000001,0.777199441467574,0.9373316334264435,0.9482293301512803,0.4543369534660804,0.682593134328759,0.961814728791819
120.0,study05_layout_05_heldout_05,study05,study05/study05_p49,EB_WRONG_0,1.378086128818203,0.8200000000000001,0.777199441467574,0.9373316334264435,0.9288840051029555,0.45706784937959666,0.7170474543279541,0.849313534005811
120.0,study05_layout_05_heldout_05,study05,study05/study05_p50,POP,1.2260138618350656,0.8200000000000001,0.8553394709173399,0.7849698526866612,0.7581027793199353,0.4212980097046999,0.5339946423578985,0.7513163878945759
120.0,study05_layout_05_heldout_05,study05,study05/study05_p50,RAW_MATCH,1.0883435904920014,0.8200000000000001,0.8553394709173399,0.7849698526866612,0.704916977385584,0.3722649310314614,0.5396961195740975,0.6621090475031303
120.0,study05_layout_05_heldout_05,study05,study05/study05_p50,FIXED_LAMBDA,1.0448049940455062,0.8200000000000001,0.8553394709173399,0.7849698526866612,0.678431080451943,0.35744748223283807,0.48475355735364467,0.6388821560773036
120.0,study05_layout_05_heldout_05,study05,study05/study05_p50,RELIABILITY_ONLY,1.0511186984879732,0.8200000000000001,0.8553394709173399,0.7849698526866612,0.6822732876734672,0.3597938526715936,0.4924197595264592,0.6420828698637338
120.0,study05_layout_05_heldout_05,study05,study05/study05_p50,FULL_FEATURE,1.039773727991541,0.8200000000000001,0.8553394709173399,0.7849698526866612,0.6753233245732074,0.3554609383055003,0.4792454024358164,0.6363882494424593
120.0,study05_layout_05_heldout_05,study05,study05/study05_p50,EB_SHUFFLED,1.3490065248364742,0.8200000000000001,0.8553394709173399,0.7849698526866612,0.7881828276408548,0.425281210128989,0.5947485037984834,0.8642504643276369
120.0,study05_layout_05_heldout_05,study05,study05/study05_p50,EB_WRONG_0,1.8073804799382889,0.8200000000000001,0.8553394709173399,0.7849698526866612,1.0848330463167242,0.5077930875006168,0.6820291598536586,1.2313844764523063
