algorithmic_seed_count,artifact_attenuation,artifact_normalized_parallel_error,clean_interval_preservation,common_eligibility_status,comparator_supervision,comparison_family,conditional_actual_optimizer_updates,conditional_checkpoint_operator_scope,conditional_development_windows,conditional_model_parameters,conditional_training_objective,conditional_training_walltime_seconds,conditional_training_windows,confirmatory,correlation,cross_scope_models_share_weights,d_perp_y,delta_snr_db,deployable_operator_source,deterministic_actual_training_updates,deterministic_checkpoint_operator_scope,deterministic_development_windows,deterministic_fixed_checkpoint_updates,deterministic_model_parameters,deterministic_training_objective,deterministic_training_walltime_seconds,deterministic_training_windows,e_parallel,e_parallel_artifact_normalized,e_parallel_neural_normalized,e_perp,effective_operator_source,failed_algorithmic_seed_count,fallback_used,fixed_optimizer_updates_each,formal_G1_or_G3_evidence,function_evaluations,function_evaluations_per_seed_per_window,latency_seconds,matched_deterministic_updates,method_id,model_parameters,network_calls_total,network_forward_invocations,operator_role,operator_source,operator_specificity_interpretation_allowed,oracle_or_qy_role,overlap_fraction,parallel_artifact_norm,parallel_clean_norm,parallel_error_norm,parallel_metric_schema_version,partition,peak_memory_mb,planned_total_function_evaluations_per_window,projector_distance,projector_max_angle_degrees,projector_overlap_fraction,psd_distortion,query_clean_target_used_by_method,query_clean_target_used_for_scoring_only,query_oracle_geometry,records_are_participants,rrmse,same_paired_supervision_exposure,same_supervision_G3_comparison,seeds_are_statistical_units,shared_prior_model_parameters,shared_prior_training_history_steps,shared_prior_update_status,source_method_id,source_record,status,successful_algorithmic_seed_count,time_rrmse,total_function_evaluations_per_window,training_model_parameters,training_objectives_equal,training_selected_checkpoint_updates,training_updates,training_updates_completed,training_walltime_seconds
5,6.313851223679281,0.7954944355017456,-0.20184471323864916,included,paired_supervised_epsilon_prediction_operator_conditioned_diffusion,operator_conditioned_diffusion,6000,population_projector,68,4563667,valid_time_masked_epsilon_MSE,686.1026103699987,154,False,0.6572768964891504,False,1.390617429290591,-4.122820467993067,True,6000,,68,6000,4557587,paired_task_loss,881.0162402186543,154,0.9952869956146111,0.7954944355017456,0.9952869956146111,1.390617429242458,population_projector,,False,6000,False,100,100,22.426660061988514,6000,task_matched_multichannel_operator_conditioned_diffusion_DDIM100,4563667,1000,1000,deployable_external_eog_operator,population_projector,False,deployable_or_support_derived_geometry,0.3876868996152973,252.7676730483923,202.02743356508174,201.07527738472064,parallel_error_denominators_v2_side_by_side,development,404.64306640625,,0.025188247321354853,1.872808775362896,0.9993655521968783,0.34171357381444034,False,True,False,False,1.2522549870040174,True,False,False,,,,task_matched_multichannel_operator_conditioned_diffusion_DDIM100,sim31,success,,1.2522549870040174,500,,False,,6000,,686.1026103699987
5,0.7367618487244093,0.9573366217706258,0.8230436626566762,included,clean_prior_sampling,frozen_deterministic_or_current_cgdr_arm,,,,,,,,False,0.8857974903535465,False,0.24929482278580792,0.09129659848390545,True,,,,,,,,,1.1977766877438285,0.9573366217706258,1.1977766877438285,0.24929482279490053,population_projector,0,False,,False,100,100,58.06745660700835,,M1_observation_warm_start_sdedit,,1000,,deployable_external_eog_operator,population_projector,False,deployable_or_support_derived_geometry,0.3876868996152973,252.7676730483923,202.02743356508174,241.98375020896995,parallel_error_denominators_v2_side_by_side,development,1541.650390625,500,0.025188247321354853,1.872808775362896,0.9993655521968783,0.48833923027737147,False,True,False,False,0.7708802454235915,,False,False,4435667,3000,training_history_steps_captured_amp_skips_not_audited,M1_observation_warm_start_sdedit,sim31,success,5,0.7708802454235915,500,,,,,,
5,2.870711049075521,1.3230746426547348,0.02819550044915642,included,clean_prior_sampling,frozen_deterministic_or_current_cgdr_arm,,,,,,,,False,0.8315368279681175,False,0.028798522622574416,-2.433762419161529,True,,,,,,,,,1.6553717126017744,1.3230746426547348,1.6553717126017744,0.0287985223241499,population_projector,0,False,,False,100,100,57.24221409196616,,M2_final_hard_q_consistency,,1000,,deployable_external_eog_operator,population_projector,False,deployable_or_support_derived_geometry,0.3876868996152973,252.7676730483923,202.02743356508174,334.43049869317053,parallel_error_denominators_v2_side_by_side,development,1541.650390625,500,0.025188247321354853,1.872808775362896,0.9993655521968783,0.33775370613184014,False,True,False,False,1.0309553756005647,,False,False,4435667,3000,training_history_steps_captured_amp_skips_not_audited,M2_final_hard_q_consistency,sim31,success,5,1.0309553756005647,500,,,,,,
5,-9.779652201822017,5.028491162432258,-2.25450068673589,included,clean_prior_sampling,frozen_deterministic_or_current_cgdr_arm,,,,,,,,False,0.774771969993728,False,0.07249153229421464,-14.029664382709955,True,,,,,,,,,6.291422841160581,5.028491162432258,6.291422841160581,0.07249153249083672,population_projector,0,False,,False,100,100,57.39798491593683,,M4_per_step_quadratic_proximal_q_consistency,,1000,,deployable_external_eog_operator,population_projector,False,deployable_or_support_derived_geometry,0.3876868996152973,252.7676730483923,202.02743356508174,1271.040010072407,parallel_error_denominators_v2_side_by_side,development,1541.650390625,500,0.025188247321354853,1.872808775362896,0.9993655521968783,18.736395864288934,False,True,False,False,3.9177341805241244,,False,False,4435667,3000,training_history_steps_captured_amp_skips_not_audited,M4_per_step_quadratic_proximal_q_consistency,sim31,success,5,3.9177341805241244,500,,,,,,
,9.6891134959212,0.7973892585796045,0.24567386944896996,included,no_learned_training,frozen_deterministic_or_current_cgdr_arm,,,,,,,,False,0.9299867408031164,False,0.023225582829430783,1.962876503551364,True,,,,,,,,,0.9976577133521826,0.7973892585796045,0.9976577133521826,0.023225582579064555,population_projector,,False,,False,0,0,0.0008885969873517752,,hard_Q_population_projector_y,,0,,deployable_external_eog_operator,population_projector,False,deployable_or_support_derived_geometry,0.3876868996152973,252.7676730483923,202.02743356508174,201.55422740494942,parallel_error_denominators_v2_side_by_side,development,0.0,,0.025188247321354853,1.872808775362896,0.9993655521968783,0.44339223781114817,False,True,False,False,0.6214524740689945,,False,,,,,deterministic_Qy,sim31,success,,0.6214524740689945,0,,,,,,
,5.317759190053755,0.6597601183437055,0.622836934724485,included,no_learned_training,frozen_deterministic_or_current_cgdr_arm,,,,,,,,False,0.9541405403029513,False,0.011612791414715391,3.6109214741067768,True,,,,,,,,,0.8254622995552129,0.6597601183437055,0.8254622995552129,0.01161279116594258,population_projector,,False,,False,0,0,0.000543328991625458,,deterministic_soft_proximal,,0,,deployable_external_eog_operator,population_projector,False,deployable_or_support_derived_geometry,0.3876868996152973,252.7676730483923,202.02743356508174,166.76602988387037,parallel_error_denominators_v2_side_by_side,development,0.0,,0.025188247321354853,1.872808775362896,0.9993655521968783,0.24667775982249235,False,True,False,False,0.514050366121347,,False,,,,,deterministic_soft_proximal,sim31,success,,0.514050366121347,0,,,,,,
,14.502586801811198,0.30012837816184634,0.4552381510961062,included,paired_supervised_clean_target_stronger_differently_supervised_exploratory,frozen_deterministic_or_current_cgdr_arm,,,,,,,,False,0.9905704713841736,False,0.0060582048709545075,10.452073769234133,True,,population_projector,,,,,,,0.3755071795203455,0.30012837816184634,0.3755071795203455,0.006058205096845071,population_projector,,False,,False,1,1,0.7875003039953299,,task_matched_multichannel_deterministic_UNet,,2,2,deployable_external_eog_operator,population_projector,False,deployable_or_support_derived_geometry,0.3876868996152973,252.7676730483923,202.02743356508174,75.86275176375783,parallel_error_denominators_v2_side_by_side,development,256.94140625,,0.025188247321354853,1.872808775362896,0.9993655521968783,0.11174687208083259,False,True,False,False,0.2338557528655371,,False,,,,,task_matched_multichannel_deterministic_UNet,sim31,success,,0.2338557528655371,1,4557587,,6000,,6000,881.0162402186543
5,8.301419891289743,0.7244603465019332,-0.1754427266350569,included,paired_supervised_epsilon_prediction_operator_conditioned_diffusion,operator_conditioned_diffusion,6000,matching_p0,68,4563667,valid_time_masked_epsilon_MSE,691.4832467429806,154,False,0.6521503485150404,False,1.4444291685976745,-4.199381587995493,True,6000,,68,6000,4557587,paired_task_loss,946.5513398670591,154,0.906412326136563,0.7244603465019332,0.906412326136563,1.444429168423588,matching_p0,,False,6000,False,100,100,21.966748398990603,6000,task_matched_multichannel_operator_conditioned_diffusion_DDIM100,4563667,1000,1000,deployable_external_eog_operator,matching_p0,False,deployable_or_support_derived_geometry,0.3876868996152973,252.7676730483923,202.02743356508174,183.12015600112568,parallel_error_denominators_v2_side_by_side,development,404.64306640625,,0.18626353061553377,15.021513752012575,0.9653058971626359,0.3763725563846514,False,True,False,False,1.2633416839150424,True,False,False,,,,task_matched_multichannel_operator_conditioned_diffusion_DDIM100,sim31,success,,1.2633416839150424,500,,False,,6000,,691.4832467429806
5,0.7367616984587724,0.9573366287108526,0.823043663480555,included,clean_prior_sampling,frozen_deterministic_or_current_cgdr_arm,,,,,,,,False,0.8857974862382753,False,0.2492948226404508,0.09129653987199818,True,,,,,,,,,1.1977766964271293,0.9573366287108526,1.1977766964271293,0.24929482264954342,matching_p0,0,False,,False,100,100,54.17914835296688,,M1_observation_warm_start_sdedit,,1000,,deployable_external_eog_operator,matching_p0,False,deployable_or_support_derived_geometry,0.3876868996152973,252.7676730483923,202.02743356508174,241.98375196323494,parallel_error_denominators_v2_side_by_side,development,1541.650390625,500,0.18626353061553377,15.021513752012575,0.9653058971626359,0.488339241775221,False,True,False,False,0.7708802506254493,,False,False,4435667,3000,training_history_steps_captured_amp_skips_not_audited,M1_observation_warm_start_sdedit,sim31,success,5,0.7708802506254493,500,,,,,,
5,2.8946607992889306,1.35423411407997,-0.002632020927280987,included,clean_prior_sampling,frozen_deterministic_or_current_cgdr_arm,,,,,,,,False,0.77302094275979,False,0.2095275886970137,-2.7375219736344816,True,,,,,,,,,1.694357047150596,1.35423411407997,1.694357047150596,0.20952758875473054,matching_p0,0,False,,False,100,100,54.159284313966054,,M2_final_hard_q_consistency,,1000,,deployable_external_eog_operator,matching_p0,False,deployable_or_support_derived_geometry,0.3876868996152973,252.7676730483923,202.02743356508174,342.3066057787451,parallel_error_denominators_v2_side_by_side,development,1541.650390625,500,0.18626353061553377,15.021513752012575,0.9653058971626359,0.35473871457083267,False,True,False,False,1.0676473960986137,,False,False,4435667,3000,training_history_steps_captured_amp_skips_not_audited,M2_final_hard_q_consistency,sim31,success,5,1.0676473960986137,500,,,,,,
5,-9.90224367168757,4.922783289978764,-2.2134814909354676,included,clean_prior_sampling,frozen_deterministic_or_current_cgdr_arm,,,,,,,,False,0.7413944479377417,False,0.5894990749916084,-13.906598788204626,True,,,,,,,,,6.159165887382279,4.922783289978764,6.159165887382279,0.5894990746855158,matching_p0,0,False,,False,100,100,54.09137359200395,,M4_per_step_quadratic_proximal_q_consistency,,1000,,deployable_external_eog_operator,matching_p0,False,deployable_or_support_derived_geometry,0.3876868996152973,252.7676730483923,202.02743356508174,1244.320477129441,parallel_error_denominators_v2_side_by_side,development,1541.650390625,500,0.18626353061553377,15.021513752012575,0.9653058971626359,18.482840713941076,False,True,False,False,3.862617341143006,,False,False,4435667,3000,training_history_steps_captured_amp_skips_not_audited,M4_per_step_quadratic_proximal_q_consistency,sim31,success,5,3.862617341143006,500,,,,,,
,9.493405230536634,0.8085972101311283,0.2406177389939692,included,no_learned_training,frozen_deterministic_or_current_cgdr_arm,,,,,,,,False,0.8996641284081102,False,0.1300651737334615,1.7334361887683667,True,,,,,,,,,1.0116806001617857,0.8085972101311283,1.0116806001617857,0.13006517398647344,matching_p0,,False,,False,0,0,0.0005705200019292533,,hard_Q_matching_p0_y,,0,,deployable_external_eog_operator,matching_p0,False,deployable_or_support_derived_geometry,0.3876868996152973,252.7676730483923,202.02743356508174,204.3872352382672,parallel_error_denominators_v2_side_by_side,development,0.0,,0.18626353061553377,15.021513752012575,0.9653058971626359,0.4572570980852399,False,True,False,False,0.6380870593739013,,False,,,,,deterministic_Qy,sim31,success,,0.6380870593739013,0,,,,,,
,5.173336638245959,0.6668681227608976,0.6203088694969846,included,no_learned_training,frozen_deterministic_or_current_cgdr_arm,,,,,,,,False,0.9468284301108413,False,0.06503258686673075,3.4777282420528417,True,,,,,,,,,0.83435551620825,0.6668681227608976,0.83435551620825,0.06503258712835124,matching_p0,,False,,False,0,0,0.0006214460008777678,,deterministic_soft_proximal,,0,,deployable_external_eog_operator,matching_p0,False,deployable_or_support_derived_geometry,0.3876868996152973,252.7676730483923,202.02743356508174,168.5627036204217,parallel_error_denominators_v2_side_by_side,development,0.0,,0.18626353061553377,15.021513752012575,0.9653058971626359,0.2580804243430966,False,True,False,False,0.521993787644835,,False,,,,,deterministic_soft_proximal,sim31,success,,0.521993787644835,0,,,,,,
,14.781986557891742,0.32285036042652254,0.41476363473350397,included,paired_supervised_clean_target_stronger_differently_supervised_exploratory,frozen_deterministic_or_current_cgdr_arm,,,,,,,,False,0.9890301317510368,False,0.006757174004924437,9.818055439191864,True,,matching_p0,,,,,,,0.4039359056727215,0.32285036042652254,0.4039359056727215,0.0067571742149995125,matching_p0,,False,,False,1,1,0.05828500501229428,,task_matched_multichannel_deterministic_UNet,,2,2,deployable_external_eog_operator,matching_p0,False,deployable_or_support_derived_geometry,0.3876868996152973,252.7676730483923,202.02743356508174,81.60613434784686,parallel_error_denominators_v2_side_by_side,development,265.06640625,,0.18626353061553377,15.021513752012575,0.9653058971626359,0.11407487326150308,False,True,False,False,0.2515642797338921,,False,,,,,task_matched_multichannel_deterministic_UNet,sim31,success,,0.2515642797338921,1,4557587,,6000,,6000,946.5513398670591
5,6.666091163553384,1.08701732548381,-0.27872448009071915,included,paired_supervised_epsilon_prediction_operator_conditioned_diffusion,operator_conditioned_diffusion,6000,query_derived_oracle_projector,68,4563667,valid_time_masked_epsilon_MSE,835.6562490770593,154,False,0.6362345905636256,False,1.4468884262906399,-5.177013779201908,False,6000,,68,6000,4557587,paired_task_loss,833.7473276946694,154,1.3600273738928461,1.08701732548381,1.3600273738928461,1.4468884260365387,query_derived_oracle_projector,,False,6000,False,100,100,21.976848404010525,6000,task_matched_multichannel_operator_conditioned_diffusion_DDIM100,4563667,1000,1000,nondeployable_query_clean_mechanism_upper_bound,query_derived_oracle_projector,False,nondeployable_query_clean_oracle_geometry,0.3876868996152973,252.7676730483923,202.02743356508174,274.76283992582955,parallel_error_denominators_v2_side_by_side,development,404.64306640625,,0.0,0.0,1.0,0.29554579269861325,True,False,True,False,1.4138470677462276,True,False,False,,,,task_matched_multichannel_operator_conditioned_diffusion_DDIM100,sim31,success,,1.4138470677462276,500,,False,,6000,,835.6562490770593
5,0.7367619485741927,0.9573366186099577,0.8230436641604759,included,clean_prior_sampling,frozen_deterministic_or_current_cgdr_arm,,,,,,,,False,0.885797491327166,False,0.24929482255433577,0.09129662584066839,False,,,,,,,,,1.197776683789342,0.9573366186099577,1.197776683789342,0.24929482256342816,query_derived_oracle_projector,0,False,,False,100,100,56.4278955119953,,M1_observation_warm_start_sdedit,,1000,,nondeployable_query_clean_mechanism_upper_bound,query_derived_oracle_projector,False,nondeployable_query_clean_oracle_geometry,0.3876868996152973,252.7676730483923,202.02743356508174,241.98374941005522,parallel_error_denominators_v2_side_by_side,development,1541.650390625,500,0.0,0.0,1.0,0.4883392320121256,True,False,True,False,0.7708802429956552,,False,False,4435667,3000,training_history_steps_captured_amp_skips_not_audited,M1_observation_warm_start_sdedit,sim31,success,5,0.7708802429956552,500,,,,,,
5,2.872364403003017,1.3204540216905298,0.029630347066648466,included,clean_prior_sampling,frozen_deterministic_or_current_cgdr_arm,,,,,,,,False,0.828037610652339,False,1.3329884191329124e-07,-2.414465672786469,False,,,,,,,,,1.6520929090681413,1.3204540216905298,1.6520929090681413,1.4307680900121867e-07,query_derived_oracle_projector,0,False,,False,100,100,56.497268040053314,,M2_final_hard_q_consistency,,1000,,nondeployable_query_clean_mechanism_upper_bound,query_derived_oracle_projector,False,nondeployable_query_clean_oracle_geometry,0.3876868996152973,252.7676730483923,202.02743356508174,333.76809043010655,parallel_error_denominators_v2_side_by_side,development,1541.650390625,500,0.0,0.0,1.0,0.34035165442430637,True,False,True,False,1.028667526797204,,False,False,4435667,3000,training_history_steps_captured_amp_skips_not_audited,M2_final_hard_q_consistency,sim31,success,5,1.028667526797204,500,,,,,,
5,-9.781827513408606,5.024636088207315,-2.2559672131764663,included,clean_prior_sampling,frozen_deterministic_or_current_cgdr_arm,,,,,,,,False,0.771480219291688,False,0.01645689263758824,-14.022139269103528,False,,,,,,,,,6.286599545016726,5.024636088207315,6.286599545016726,0.016456892436633865,query_derived_oracle_projector,0,False,,False,100,100,56.68994191297679,,M4_per_step_quadratic_proximal_q_consistency,,1000,,nondeployable_query_clean_mechanism_upper_bound,query_derived_oracle_projector,False,nondeployable_query_clean_oracle_geometry,0.3876868996152973,252.7676730483923,202.02743356508174,1270.0655719311396,parallel_error_denominators_v2_side_by_side,development,1541.650390625,500,0.0,0.0,1.0,18.695766512274183,True,False,True,False,3.9143414793798352,,False,False,4435667,3000,training_history_steps_captured_amp_skips_not_audited,M4_per_step_quadratic_proximal_q_consistency,sim31,success,5,3.9143414793798352,500,,,,,,
,9.644395657703226,0.7992613577860633,0.2448684514391729,included,no_learned_training,frozen_deterministic_or_current_cgdr_arm,,,,,,,,False,0.9280943165312143,False,5.935722990491482e-16,1.9462236706902847,False,,,,,,,,,1.0000000000000002,0.7992613577860633,1.0000000000000002,5.192990591111109e-08,query_derived_oracle_projector,,False,,False,0,0,0.00042384499101899564,,deterministic_Qy,,0,,nondeployable_query_clean_mechanism_upper_bound,query_derived_oracle_projector,False,nondeployable_query_clean_oracle_Qy,0.3876868996152973,252.7676730483923,202.02743356508174,202.02743356508176,parallel_error_denominators_v2_side_by_side,development,0.0,,0.0,0.0,1.0,0.4462465196851289,True,False,True,False,0.6226450831856772,,False,,,,,deterministic_Qy,sim31,success,,0.6226450831856772,0,,,,,,
,5.305964041065415,0.6603587744705204,0.6224342257195865,included,no_learned_training,frozen_deterministic_or_current_cgdr_arm,,,,,,,,False,0.9553731557558833,False,3.0464445819515635e-16,3.604400942552515,False,,,,,,,,,0.8262113112783284,0.6603587744705204,0.8262113112783284,5.1929905912249245e-08,query_derived_oracle_projector,,False,,False,0,0,0.00040150299901142716,,deterministic_soft_proximal,,0,,nondeployable_query_clean_mechanism_upper_bound,query_derived_oracle_projector,False,nondeployable_query_clean_oracle_geometry,0.3876868996152973,252.7676730483923,202.02743356508174,166.91735080000154,parallel_error_denominators_v2_side_by_side,development,0.0,,0.0,0.0,1.0,0.24900232920288043,True,False,True,False,0.5144364106398426,,False,,,,,deterministic_soft_proximal,sim31,success,,0.5144364106398426,0,,,,,,
,14.568188456238797,0.29226771043132477,0.44457161891297836,included,paired_supervised_clean_target_stronger_differently_supervised_exploratory,frozen_deterministic_or_current_cgdr_arm,,,,,,,,False,0.9911247364768463,False,0.006102054261456323,10.68247362142808,False,,query_derived_oracle_projector,,,,,,,0.36567226425270954,0.29226771043132477,0.36567226425270954,0.006102054299820013,query_derived_oracle_projector,,False,,False,1,1,0.05945566401351243,,task_matched_multichannel_deterministic_UNet,,2,2,nondeployable_query_clean_mechanism_upper_bound,query_derived_oracle_projector,False,nondeployable_query_clean_oracle_geometry,0.3876868996152973,252.7676730483923,202.02743356508174,73.8758290729073,parallel_error_denominators_v2_side_by_side,development,265.06640625,,0.0,0.0,1.0,0.10587681949031783,True,False,True,False,0.22773410022063004,,False,,,,,task_matched_multichannel_deterministic_UNet,sim31,success,,0.22773410022063004,1,4557587,,6000,,6000,833.7473276946694
,,,,excluded_matching_p0_ineligible,,operator_conditioned_diffusion,,,,,,,,,,False,,,True,,,,,,,,,,,,,,,,,,,,,,task_matched_multichannel_operator_conditioned_diffusion_DDIM100,,,,,population_projector,False,deployable_or_support_derived_geometry,,,,,,,,,,,,,,,False,,,,,,,,,task_matched_multichannel_operator_conditioned_diffusion_DDIM100,sim32,ineligible_common_record,,,,,,,,,
5,0.4083480862399109,0.9510890887120578,0.8145637362339765,excluded_matching_p0_ineligible,clean_prior_sampling,frozen_deterministic_or_current_cgdr_arm,,,,,,,,False,0.8757572204489349,False,0.2439648353515067,0.18992568187430514,True,,,,,,,,,1.247986987720614,0.9510890887120578,1.247986987720614,0.24396483525825535,population_projector,0,False,,False,100,100,61.34479969702079,,M1_observation_warm_start_sdedit,,1000,,deployable_external_eog_operator,population_projector,False,deployable_or_support_derived_geometry,0.39638704282623044,285.5945322845986,217.65118236354073,271.62584345170524,parallel_error_denominators_v2_side_by_side,development,1541.650390625,500,0.02518824843219343,1.872808869055211,0.9993655521409177,0.5128100643809168,False,True,False,False,0.8082622558488809,,False,False,4435667,3000,training_history_steps_captured_amp_skips_not_audited,M1_observation_warm_start_sdedit,sim32,success,5,0.8082622558488809,500,,,,,,
5,2.431212723627064,1.252327596319717,-0.06496029381718027,excluded_matching_p0_ineligible,clean_prior_sampling,frozen_deterministic_or_current_cgdr_arm,,,,,,,,False,0.8247096122724568,False,0.029820753248438303,-1.9565364158012795,True,,,,,,,,,1.6432619857797626,1.252327596319717,1.6432619857797626,0.029820753115696867,population_projector,0,False,,False,100,100,60.7772907379549,,M2_final_hard_q_consistency,,1000,,deployable_external_eog_operator,population_projector,False,deployable_or_support_derived_geometry,0.39638704282623044,285.5945322845986,217.65118236354073,357.65791413802515,parallel_error_denominators_v2_side_by_side,development,1541.650390625,500,0.02518824843219343,1.872808869055211,0.9993655521409177,0.3826024753806847,False,True,False,False,1.034845233189416,,False,False,4435667,3000,training_history_steps_captured_amp_skips_not_audited,M2_final_hard_q_consistency,sim32,success,5,1.034845233189416,500,,,,,,
5,-9.629442242698193,4.717073122573455,-2.5869257382823356,excluded_matching_p0_ineligible,clean_prior_sampling,frozen_deterministic_or_current_cgdr_arm,,,,,,,,False,0.7755504121487317,False,0.07263795185544991,-13.47436288610484,True,,,,,,,,,6.189584074684468,4.717073122573455,6.189584074684468,0.07263795184848112,population_projector,0,False,,False,100,100,58.850438615016174,,M4_per_step_quadratic_proximal_q_consistency,,1000,,deployable_external_eog_operator,population_projector,False,deployable_or_support_derived_geometry,0.39638704282623044,285.5945322845986,217.65118236354073,1347.1702921936167,parallel_error_denominators_v2_side_by_side,development,1541.650390625,500,0.02518824843219343,1.872808869055211,0.9993655521409177,18.424162234735427,False,True,False,False,3.8973259304164336,,False,False,4435667,3000,training_history_steps_captured_amp_skips_not_audited,M4_per_step_quadratic_proximal_q_consistency,sim32,success,5,3.8973259304164336,500,,,,,,
,6.9667733128095,0.7601980507894291,0.3115267759927547,excluded_matching_p0_ineligible,no_learned_training,frozen_deterministic_or_current_cgdr_arm,,,,,,,,False,0.9301057081052986,False,0.02488373458764129,2.3773514080228453,True,,,,,,,,,0.9975062133879723,0.7601980507894291,0.9975062133879723,0.02488373448129476,population_projector,,False,,False,0,0,0.0004717850242741406,,hard_Q_population_projector_y,,0,,deployable_external_eog_operator,population_projector,False,deployable_or_support_derived_geometry,0.39638704282623044,285.5945322845986,217.65118236354073,217.10840675887053,parallel_error_denominators_v2_side_by_side,development,0.0,,0.02518824843219343,1.872808869055211,0.9993655521409177,0.4641333485905783,False,True,False,False,0.6283201857602966,,False,,,,,deterministic_Qy,sim32,success,,0.6283201857602966,0,,,,,,
,4.92278041342341,0.6449551927353927,0.6557633879963773,excluded_matching_p0_ineligible,no_learned_training,frozen_deterministic_or_current_cgdr_arm,,,,,,,,False,0.9487929584244651,False,0.012441867293820645,3.8079799472436324,True,,,,,,,,,0.8462884263414077,0.6449551927353927,0.8462884263414077,0.012441867192790708,population_projector,,False,,False,0,0,0.0004077850026078522,,deterministic_soft_proximal,,0,,deployable_external_eog_operator,population_projector,False,deployable_or_support_derived_geometry,0.39638704282623044,285.5945322845986,217.65118236354073,184.1956766137876,parallel_error_denominators_v2_side_by_side,development,0.0,,0.02518824843219343,1.872808869055211,0.9993655521409177,0.25453898019637694,False,True,False,False,0.5329047427095183,,False,,,,,deterministic_soft_proximal,sim32,success,,0.5329047427095183,0,,,,,,
,14.95159143597401,0.2630685377662098,0.6364597431067045,excluded_matching_p0_ineligible,paired_supervised_clean_target_stronger_differently_supervised_exploratory,frozen_deterministic_or_current_cgdr_arm,,,,,,,,False,0.9917900876365794,False,0.0064398627530837214,11.596320627377278,True,,population_projector,,,,,,,0.3451896524809291,0.2630685377662098,0.3451896524809291,0.0064398629109025714,population_projector,,False,,False,1,1,0.8359840679913759,,task_matched_multichannel_deterministic_UNet,,2,2,deployable_external_eog_operator,population_projector,False,deployable_or_support_derived_geometry,0.39638704282623044,285.5945322845986,217.65118236354073,75.13093600213395,parallel_error_denominators_v2_side_by_side,development,256.94140625,,0.02518824843219343,1.872808869055211,0.9993655521409177,0.14059279265749489,False,True,False,False,0.21738649051541772,,False,,,,,task_matched_multichannel_deterministic_UNet,sim32,success,,0.21738649051541772,1,4557587,,6000,,6000,881.0162402186543
,,,,excluded_matching_p0_ineligible,,operator_conditioned_diffusion,,,,,,,,,,False,,,True,,,,,,,,,,,,,,,,,,,,,,task_matched_multichannel_operator_conditioned_diffusion_DDIM100,,,,,matching_p0,False,deployable_or_support_derived_geometry,,,,,,,,,,,,,,,False,,,,,,,,,task_matched_multichannel_operator_conditioned_diffusion_DDIM100,sim32,ineligible_common_record,,,,,,,,,
5,0.4083480415442909,0.9510890931156113,0.8145637361491685,excluded_matching_p0_ineligible,clean_prior_sampling,frozen_deterministic_or_current_cgdr_arm,,,,,,,,False,0.8757572209930271,False,0.24396483393659635,0.18992564664041267,True,,,,,,,,,1.2479869934988084,0.9510890931156113,1.2479869934988084,0.2439648338433448,population_projector,0,True,,False,100,100,59.20536766201258,,M1_observation_warm_start_sdedit,,1000,,deployable_external_eog_operator,matching_p0,False,deployable_or_support_derived_geometry,0.39638704282623044,285.5945322845986,217.65118236354073,271.62584470933604,parallel_error_denominators_v2_side_by_side,development,1541.650390625,500,0.02518824843219343,1.872808869055211,0.9993655521409177,0.512810066911579,False,True,False,False,0.8082622591275578,,False,False,4435667,3000,training_history_steps_captured_amp_skips_not_audited,M1_observation_warm_start_sdedit,sim32,success,5,0.8082622591275578,500,,,,,,
5,2.43121263134619,1.2523275980346433,-0.06496028528327202,excluded_matching_p0_ineligible,clean_prior_sampling,frozen_deterministic_or_current_cgdr_arm,,,,,,,,False,0.824709613906048,False,0.02982075294508867,-1.9565364276454096,True,,,,,,,,,1.643261988030031,1.2523275980346433,1.643261988030031,0.02982075281234882,population_projector,0,True,,False,100,100,58.7954957629554,,M2_final_hard_q_consistency,,1000,,deployable_external_eog_operator,matching_p0,False,deployable_or_support_derived_geometry,0.39638704282623044,285.5945322845986,217.65118236354073,357.65791462779873,parallel_error_denominators_v2_side_by_side,development,1541.650390625,500,0.02518824843219343,1.872808869055211,0.9993655521409177,0.3826024840126907,False,True,False,False,1.034845234600537,,False,False,4435667,3000,training_history_steps_captured_amp_skips_not_audited,M2_final_hard_q_consistency,sim32,success,5,1.034845234600537,500,,,,,,
5,-9.629442232416958,4.717073149610964,-2.586925768342489,excluded_matching_p0_ineligible,clean_prior_sampling,frozen_deterministic_or_current_cgdr_arm,,,,,,,,False,0.7755504123489416,False,0.07263795401687256,-13.474362935934728,True,,,,,,,,,6.189584110162175,4.717073149610964,6.189584110162175,0.07263795400990394,population_projector,0,True,,False,100,100,60.34160347501165,,M4_per_step_quadratic_proximal_q_consistency,,1000,,deployable_external_eog_operator,matching_p0,False,deployable_or_support_derived_geometry,0.39638704282623044,285.5945322845986,217.65118236354073,1347.1702999153815,parallel_error_denominators_v2_side_by_side,development,1541.650390625,500,0.02518824843219343,1.872808869055211,0.9993655521409177,18.424162335050706,False,True,False,False,3.897325952774916,,False,False,4435667,3000,training_history_steps_captured_amp_skips_not_audited,M4_per_step_quadratic_proximal_q_consistency,sim32,success,5,3.897325952774916,500,,,,,,
,6.9667733128095,0.7601980507894291,0.3115267759927547,excluded_matching_p0_ineligible,no_learned_training,frozen_deterministic_or_current_cgdr_arm,,,,,,,,False,0.9301057081052986,False,0.02488373458764129,2.3773514080228453,True,,,,,,,,,0.9975062133879723,0.7601980507894291,0.9975062133879723,0.02488373448129476,population_projector,,True,,False,0,0,0.0006772000051569194,,hard_Q_matching_p0_y,,0,,deployable_external_eog_operator,matching_p0,False,deployable_or_support_derived_geometry,0.39638704282623044,285.5945322845986,217.65118236354073,217.10840675887053,parallel_error_denominators_v2_side_by_side,development,0.0,,0.02518824843219343,1.872808869055211,0.9993655521409177,0.4641333485905783,False,True,False,False,0.6283201857602966,,False,,,,,deterministic_Qy,sim32,success,,0.6283201857602966,0,,,,,,
,4.92278041342341,0.6449551927353927,0.6557633879963773,excluded_matching_p0_ineligible,no_learned_training,frozen_deterministic_or_current_cgdr_arm,,,,,,,,False,0.9487929584244651,False,0.012441867293820645,3.8079799472436324,True,,,,,,,,,0.8462884263414077,0.6449551927353927,0.8462884263414077,0.012441867192790708,population_projector,,True,,False,0,0,0.00048666298971511424,,deterministic_soft_proximal,,0,,deployable_external_eog_operator,matching_p0,False,deployable_or_support_derived_geometry,0.39638704282623044,285.5945322845986,217.65118236354073,184.1956766137876,parallel_error_denominators_v2_side_by_side,development,0.0,,0.02518824843219343,1.872808869055211,0.9993655521409177,0.25453898019637694,False,True,False,False,0.5329047427095183,,False,,,,,deterministic_soft_proximal,sim32,success,,0.5329047427095183,0,,,,,,
,14.95159143597401,0.2630685377662098,0.6364597431067045,excluded_matching_p0_ineligible,paired_supervised_clean_target_stronger_differently_supervised_exploratory,frozen_deterministic_or_current_cgdr_arm,,,,,,,,False,0.9917900876365794,False,0.0064398627530837214,11.596320627377278,True,,population_projector,,,,,,,0.3451896524809291,0.2630685377662098,0.3451896524809291,0.0064398629109025714,population_projector,,True,,False,1,1,0.04908183999941684,,task_matched_multichannel_deterministic_UNet,,2,2,deployable_external_eog_operator,matching_p0,False,deployable_or_support_derived_geometry,0.39638704282623044,285.5945322845986,217.65118236354073,75.13093600213395,parallel_error_denominators_v2_side_by_side,development,265.06640625,,0.02518824843219343,1.872808869055211,0.9993655521409177,0.14059279265749489,False,True,False,False,0.21738649051541772,,False,,,,,task_matched_multichannel_deterministic_UNet,sim32,success,,0.21738649051541772,1,4557587,,6000,,6000,881.0162402186543
,,,,excluded_matching_p0_ineligible,,operator_conditioned_diffusion,,,,,,,,,,False,,,False,,,,,,,,,,,,,,,,,,,,,,task_matched_multichannel_operator_conditioned_diffusion_DDIM100,,,,,query_derived_oracle_projector,False,nondeployable_query_clean_oracle_geometry,,,,,,,,,,,,,,,True,,,,,,,,,task_matched_multichannel_operator_conditioned_diffusion_DDIM100,sim32,ineligible_common_record,,,,,,,,,
5,0.4083480080550211,0.9510890959088837,0.8145637366462377,excluded_matching_p0_ineligible,clean_prior_sampling,frozen_deterministic_or_current_cgdr_arm,,,,,,,,False,0.8757572217814011,False,0.24396483350283926,0.18992562338277422,False,,,,,,,,,1.247986997164046,0.9510890959088837,1.247986997164046,0.24396483340958772,query_derived_oracle_projector,0,False,,False,100,100,59.78176533995429,,M1_observation_warm_start_sdedit,,1000,,nondeployable_query_clean_mechanism_upper_bound,query_derived_oracle_projector,False,nondeployable_query_clean_oracle_geometry,0.39638704282623044,285.5945322845986,217.65118236354073,271.62584550707936,parallel_error_denominators_v2_side_by_side,development,1541.650390625,500,0.0,0.0,0.9999999999999989,0.512810075216692,True,False,True,False,0.8082622612917887,,False,False,4435667,3000,training_history_steps_captured_amp_skips_not_audited,M1_observation_warm_start_sdedit,sim32,success,5,0.8082622612917887,500,,,,,,
5,2.4582099629261376,1.250620349193366,-0.06273364060759112,excluded_matching_p0_ineligible,clean_prior_sampling,frozen_deterministic_or_current_cgdr_arm,,,,,,,,False,0.8201553813692919,False,1.294596001663191e-07,-1.942509818581668,False,,,,,,,,,1.6410217937474951,1.250620349193366,1.6410217937474951,1.3997835043643945e-07,query_derived_oracle_projector,0,False,,False,100,100,60.22547776403371,,M2_final_hard_q_consistency,,1000,,nondeployable_query_clean_mechanism_upper_bound,query_derived_oracle_projector,False,nondeployable_query_clean_oracle_geometry,0.39638704282623044,285.5945322845986,217.65118236354073,357.17033369348076,parallel_error_denominators_v2_side_by_side,development,1541.650390625,500,0.0,0.0,0.9999999999999989,0.38689284102733573,True,False,True,False,1.0331754395399957,,False,False,4435667,3000,training_history_steps_captured_amp_skips_not_audited,M2_final_hard_q_consistency,sim32,success,5,1.0331754395399957,500,,,,,,
5,-9.591908012938049,4.705545616947477,-2.5826208877394263,excluded_matching_p0_ineligible,clean_prior_sampling,frozen_deterministic_or_current_cgdr_arm,,,,,,,,False,0.7716596633186679,False,0.01620254415608673,-13.452245298721973,False,,,,,,,,,6.174458071039975,4.705545616947477,6.174458071039975,0.01620254399802304,query_derived_oracle_projector,0,False,,False,100,100,59.927018265007064,,M4_per_step_quadratic_proximal_q_consistency,,1000,,nondeployable_query_clean_mechanism_upper_bound,query_derived_oracle_projector,False,nondeployable_query_clean_oracle_geometry,0.39638704282623044,285.5945322845986,217.65118236354073,1343.8780996159576,parallel_error_denominators_v2_side_by_side,development,1541.650390625,500,0.0,0.0,0.9999999999999989,18.33731805842988,True,False,True,False,3.887414476877953,,False,False,4435667,3000,training_history_steps_captured_amp_skips_not_audited,M4_per_step_quadratic_proximal_q_consistency,sim32,success,5,3.887414476877953,500,,,,,,
,6.9478309419562105,0.7620985619803409,0.31026511285789304,excluded_matching_p0_ineligible,no_learned_training,frozen_deterministic_or_current_cgdr_arm,,,,,,,,False,0.9288404020629334,False,8.62361975519688e-16,2.359777157037533,False,,,,,,,,,0.9999999999999994,0.7620985619803409,0.9999999999999994,5.3634701720806136e-08,query_derived_oracle_projector,,False,,False,0,0,0.0005141549918334931,,deterministic_Qy,,0,,nondeployable_query_clean_mechanism_upper_bound,query_derived_oracle_projector,False,nondeployable_query_clean_oracle_Qy,0.39638704282623044,285.5945322845986,217.65118236354073,217.6511823635406,parallel_error_denominators_v2_side_by_side,development,0.0,,0.0,0.0,0.9999999999999989,0.46757342334461677,True,False,True,False,0.6295927595090595,,False,,,,,deterministic_Qy,sim32,success,,0.6295927595090595,0,,,,,,
,4.923273153935614,0.6453388675905477,0.6551325564289465,excluded_matching_p0_ineligible,no_learned_training,frozen_deterministic_or_current_cgdr_arm,,,,,,,,False,0.950080253595994,False,4.367225247547904e-16,3.8042435467102904,False,,,,,,,,,0.8467918715311715,0.6453388675905477,0.8467918715311715,5.363470172172697e-08,query_derived_oracle_projector,,False,,False,0,0,0.00028918200405314565,,deterministic_soft_proximal,,0,,nondeployable_query_clean_mechanism_upper_bound,query_derived_oracle_projector,False,nondeployable_query_clean_oracle_geometry,0.39638704282623044,285.5945322845986,217.65118236354073,184.30525205459497,parallel_error_denominators_v2_side_by_side,development,0.0,,0.0,0.0,0.9999999999999989,0.2562035919952511,True,False,True,False,0.533134031127152,,False,,,,,deterministic_soft_proximal,sim32,success,,0.533134031127152,0,,,,,,
,15.577273151483734,0.26281930839494894,0.6180473010044685,excluded_matching_p0_ineligible,paired_supervised_clean_target_stronger_differently_supervised_exploratory,frozen_deterministic_or_current_cgdr_arm,,,,,,,,False,0.9918704183872065,False,0.006818720506805651,11.60426995204283,False,,query_derived_oracle_projector,,,,,,,0.344862622115443,0.26281930839494894,0.344862622115443,0.006818720548841092,query_derived_oracle_projector,,False,,False,1,1,0.06465486902743578,,task_matched_multichannel_deterministic_UNet,,2,2,nondeployable_query_clean_mechanism_upper_bound,query_derived_oracle_projector,False,nondeployable_query_clean_oracle_geometry,0.39638704282623044,285.5945322845986,217.65118236354073,75.05975745641712,parallel_error_denominators_v2_side_by_side,development,265.06640625,,0.0,0.0,0.9999999999999989,0.13538204614854282,True,False,True,False,0.2171876294503064,,False,,,,,task_matched_multichannel_deterministic_UNet,sim32,success,,0.2171876294503064,1,4557587,,6000,,6000,833.7473276946694
5,5.4754698474695696,1.0440467884570404,-0.5164415584043394,included,paired_supervised_epsilon_prediction_operator_conditioned_diffusion,operator_conditioned_diffusion,6000,population_projector,68,4563667,valid_time_masked_epsilon_MSE,686.1026103699987,154,False,0.5126527562846664,False,1.9799430602444164,-6.179345196215605,True,6000,,68,6000,4557587,paired_task_loss,881.0162402186543,154,1.2913495707435523,1.0440467884570404,1.2913495707435523,1.9799430615171763,population_projector,,False,6000,False,100,100,26.701124544255435,6000,task_matched_multichannel_operator_conditioned_diffusion_DDIM100,4563667,1000,1000,deployable_external_eog_operator,population_projector,False,deployable_or_support_derived_geometry,0.4558452904614329,215.26559665663365,174.04067802124146,224.74735485464697,parallel_error_denominators_v2_side_by_side,development,404.71142578125,,0.025188246938491927,1.8728087305445302,0.9993655522161659,0.5240346589632164,False,True,False,False,1.7009825435352417,True,False,False,,,,task_matched_multichannel_operator_conditioned_diffusion_DDIM100,sim33,success,,1.7009825435352417,500,,False,,6000,,686.1026103699987
5,0.6200060748781203,0.9452949040755458,0.7695357373189748,included,clean_prior_sampling,frozen_deterministic_or_current_cgdr_arm,,,,,,,,False,0.8501188100078475,False,0.3482691322119919,0.051440907898227355,True,,,,,,,,,1.1692063824151617,0.9452949040755458,1.1692063824151617,0.3482691326377861,population_projector,0,False,,False,100,100,58.32919531001244,,M1_observation_warm_start_sdedit,,1000,,deployable_external_eog_operator,population_projector,False,deployable_or_support_derived_geometry,0.4558452904614329,215.26559665663368,174.04067802124146,203.48947154229768,parallel_error_denominators_v2_side_by_side,development,1541.650390625,500,0.025188246938491976,1.8728087305451138,0.999365552216166,0.6478604447561483,False,True,False,False,0.830157606258591,,False,False,4435667,3000,training_history_steps_captured_amp_skips_not_audited,M1_observation_warm_start_sdedit,sim33,success,5,0.830157606258591,500,,,,,,
5,4.826432476264728,1.5089983841389916,-0.10482878827915432,included,clean_prior_sampling,frozen_deterministic_or_current_cgdr_arm,,,,,,,,False,0.7642966530846039,False,0.03652139094353061,-3.5757600322276555,True,,,,,,,,,1.8664339923792435,1.5089983841389916,1.8664339923792435,0.0365213912161729,population_projector,0,False,,False,100,100,58.15310439100722,,M2_final_hard_q_consistency,,1000,,deployable_external_eog_operator,population_projector,False,deployable_or_support_derived_geometry,0.4558452904614329,215.26559665663368,174.04067802124146,324.83543751557613,parallel_error_denominators_v2_side_by_side,development,1541.650390625,500,0.025188246938491976,1.8728087305451138,0.999365552216166,0.40474522310080907,False,True,False,False,1.2604354185458007,,False,False,4435667,3000,training_history_steps_captured_amp_skips_not_audited,M2_final_hard_q_consistency,sim33,success,5,1.2604354185458007,500,,,,,,
5,-1.4789644599952065,3.1029144081859616,-1.1887714346320468,included,clean_prior_sampling,frozen_deterministic_or_current_cgdr_arm,,,,,,,,False,0.816504600418893,False,0.05766636359681499,-9.836566197182533,True,,,,,,,,,3.8379000188168297,3.1029144081859616,3.8379000188168297,0.057666363656682804,population_projector,0,False,,False,100,100,57.8151281280152,,M4_per_step_quadratic_proximal_q_consistency,,1000,,deployable_external_eog_operator,population_projector,False,deployable_or_support_derived_geometry,0.4558452904614329,215.26559665663368,174.04067802124146,667.9507214526164,parallel_error_denominators_v2_side_by_side,development,1541.650390625,500,0.025188246938491976,1.8728087305451138,0.999365552216166,3.6034928138141904,False,True,False,False,2.59155784337145,,False,False,4435667,3000,training_history_steps_captured_amp_skips_not_audited,M4_per_step_quadratic_proximal_q_consistency,sim33,success,5,2.59155784337145,500,,,,,,
,12.57027243861158,0.8059185563012831,0.2205842232551961,included,no_learned_training,frozen_deterministic_or_current_cgdr_arm,,,,,,,,False,0.9120820021547682,False,0.028826997103417316,1.869843364211346,True,,,,,,,,,0.9968160366375651,0.8059185563012831,0.9968160366375651,0.02882699736096181,population_projector,,False,,False,0,0,0.0004667459870688617,,hard_Q_population_projector_y,,0,,deployable_external_eog_operator,population_projector,False,deployable_or_support_derived_geometry,0.4558452904614329,215.26559665663368,174.04067802124146,173.4865388788485,parallel_error_denominators_v2_side_by_side,development,0.0,,0.025188246938491976,1.8728087305451138,0.999365552216166,0.4957889139046446,False,True,False,False,0.6733493242790384,,False,,,,,deterministic_Qy,sim33,success,,0.6733493242790384,0,,,,,,
,6.368157222231354,0.6158869168811318,0.6102921116275981,included,no_learned_training,frozen_deterministic_or_current_cgdr_arm,,,,,,,,False,0.9523092855484719,False,0.014413498551708658,4.208124822945639,True,,,,,,,,,0.7617717084465176,0.6158869168811318,0.7617717084465176,0.01441349880139716,population_projector,,False,,False,0,0,0.002005682996241376,,deterministic_soft_proximal,,0,,deployable_external_eog_operator,population_projector,False,deployable_or_support_derived_geometry,0.4558452904614329,215.26559665663368,174.04067802124146,132.5792646354314,parallel_error_denominators_v2_side_by_side,development,0.0,,0.025188246938491976,1.8728087305451138,0.999365552216166,0.20043069016253628,False,True,False,False,0.5144300809059625,,False,,,,,deterministic_soft_proximal,sim33,success,,0.5144300809059625,0,,,,,,
,17.063372401385408,0.4368325900026722,0.4924376358614867,included,paired_supervised_clean_target_stronger_differently_supervised_exploratory,frozen_deterministic_or_current_cgdr_arm,,,,,,,,False,0.9780877633858811,False,0.007227036956435318,7.1927719293356995,True,,population_projector,,,,,,,0.5403048827154707,0.4368325900026722,0.5403048827154707,0.007227037149146675,population_projector,,False,,False,1,1,0.849939728010213,,task_matched_multichannel_deterministic_UNet,,2,2,deployable_external_eog_operator,population_projector,False,deployable_or_support_derived_geometry,0.4558452904614329,215.26559665663368,174.04067802124146,94.03502812598786,parallel_error_denominators_v2_side_by_side,development,256.94140625,,0.025188246938491976,1.8728087305451138,0.999365552216166,0.25237762131687247,False,True,False,False,0.3648329042250905,,False,,,,,task_matched_multichannel_deterministic_UNet,sim33,success,,0.3648329042250905,1,4557587,,6000,,6000,881.0162402186543
5,5.535870602077453,0.9971127911424778,-0.5420769169864734,included,paired_supervised_epsilon_prediction_operator_conditioned_diffusion,operator_conditioned_diffusion,6000,matching_p0,68,4563667,valid_time_masked_epsilon_MSE,691.4832467429806,154,False,0.526823487248196,False,2.0725183883269014,-6.380745152140954,True,6000,,68,6000,4557587,paired_task_loss,946.5513398670591,154,1.2332983435806297,0.9971127911424778,1.2332983435806297,2.0725183897294936,matching_p0,,False,6000,False,100,100,26.004952611401677,6000,task_matched_multichannel_operator_conditioned_diffusion_DDIM100,4563667,1000,1000,deployable_external_eog_operator,matching_p0,False,deployable_or_support_derived_geometry,0.4558452904614329,215.26559665663365,174.04067802124146,214.6440799192468,parallel_error_denominators_v2_side_by_side,development,404.71142578125,,0.25385622349036857,18.814420140140804,0.9355570177952084,0.5864310479513813,False,True,False,False,1.7408840827085557,True,False,False,,,,task_matched_multichannel_operator_conditioned_diffusion_DDIM100,sim33,success,,1.7408840827085557,500,,False,,6000,,691.4832467429806
5,0.6200059114916558,0.9452949123353379,0.7695357397505199,included,clean_prior_sampling,frozen_deterministic_or_current_cgdr_arm,,,,,,,,False,0.8501188172625159,False,0.34826913942527615,0.05144082204211792,True,,,,,,,,,1.1692063926314462,0.9452949123353379,1.1692063926314462,0.34826913985106994,matching_p0,0,False,,False,100,100,58.03008986194618,,M1_observation_warm_start_sdedit,,1000,,deployable_external_eog_operator,matching_p0,False,deployable_or_support_derived_geometry,0.4558452904614329,215.26559665663368,174.04067802124146,203.48947332034675,parallel_error_denominators_v2_side_by_side,development,1541.650390625,500,0.25385622349036874,18.814420140140886,0.9355570177952084,0.6478604343908557,False,True,False,False,0.8301576144643252,,False,False,4435667,3000,training_history_steps_captured_amp_skips_not_audited,M1_observation_warm_start_sdedit,sim33,success,5,0.8301576144643252,500,,,,,,
5,5.184027793091297,1.4788029142817056,-0.09705253786942292,included,clean_prior_sampling,frozen_deterministic_or_current_cgdr_arm,,,,,,,,False,0.7355216991293522,False,0.4151801140907612,-3.657425972889658,True,,,,,,,,,1.8290861383656962,1.4788029142817056,1.8290861383656962,0.4151801141366836,matching_p0,0,False,,False,100,100,57.80987207600265,,M2_final_hard_q_consistency,,1000,,deployable_external_eog_operator,matching_p0,False,deployable_or_support_derived_geometry,0.4558452904614329,215.26559665663368,174.04067802124146,318.33539168042006,parallel_error_denominators_v2_side_by_side,development,1541.650390625,500,0.25385622349036874,18.814420140140886,0.9355570177952084,0.3725503010769875,False,True,False,False,1.2723420937931165,,False,False,4435667,3000,training_history_steps_captured_amp_skips_not_audited,M2_final_hard_q_consistency,sim33,success,5,1.2723420937931165,500,,,,,,
5,0.5959117826729045,3.2283137630105485,-1.305412187787037,included,clean_prior_sampling,frozen_deterministic_or_current_cgdr_arm,,,,,,,,False,0.7926043238370951,False,0.6563675839854746,-10.317385618305126,True,,,,,,,,,3.9930026490960397,3.2283137630105485,3.9930026490960397,0.6563675841572016,matching_p0,0,False,,False,100,100,57.95877626599395,,M4_per_step_quadratic_proximal_q_consistency,,1000,,deployable_external_eog_operator,matching_p0,False,deployable_or_support_derived_geometry,0.4558452904614329,215.26559665663368,174.04067802124146,694.944888389288,parallel_error_denominators_v2_side_by_side,development,1541.650390625,500,0.25385622349036874,18.814420140140886,0.9355570177952084,4.159499546777556,False,True,False,False,2.7390620941452544,,False,False,4435667,3000,training_history_steps_captured_amp_skips_not_audited,M4_per_step_quadratic_proximal_q_consistency,sim33,success,5,2.7390620941452544,500,,,,,,
,12.363620311615906,0.8015495076548013,0.22295484044156955,included,no_learned_training,frozen_deterministic_or_current_cgdr_arm,,,,,,,,False,0.8675372966369861,False,0.2933362380104264,1.489724750314726,True,,,,,,,,,0.9914120938674044,0.8015495076548013,0.9914120938674044,0.29333623807380266,matching_p0,,False,,False,0,0,0.0005510839982889593,,hard_Q_matching_p0_y,,0,,deployable_external_eog_operator,matching_p0,False,deployable_or_support_derived_geometry,0.4558452904614329,215.26559665663368,174.04067802124146,172.54603301514175,parallel_error_denominators_v2_side_by_side,development,0.0,,0.25385622349036874,18.814420140140886,0.9355570177952084,0.4786683713356667,False,True,False,False,0.7034712601613219,,False,,,,,deterministic_Qy,sim33,success,,0.7034712601613219,0,,,,,,
,5.971683157983848,0.632220220051657,0.6114774202207848,included,no_learned_training,frozen_deterministic_or_current_cgdr_arm,,,,,,,,False,0.9433430707732235,False,0.1466681190052132,3.8039783175289346,True,,,,,,,,,0.7819738720576458,0.632220220051657,0.7819738720576458,0.14666811898804977,matching_p0,,False,,False,0,0,0.0005231510149315,,deterministic_soft_proximal,,0,,deployable_external_eog_operator,matching_p0,False,deployable_or_support_derived_geometry,0.4558452904614329,215.26559665663368,174.04067802124146,136.0952628878082,parallel_error_denominators_v2_side_by_side,development,0.0,,0.25385622349036874,18.814420140140886,0.9355570177952084,0.21222300145347703,False,True,False,False,0.5389316396764009,,False,,,,,deterministic_soft_proximal,sim33,success,,0.5389316396764009,0,,,,,,
,15.937058845533903,0.36432598087195617,0.6015953725749791,included,paired_supervised_clean_target_stronger_differently_supervised_exploratory,frozen_deterministic_or_current_cgdr_arm,,,,,,,,False,0.9849025691103028,False,0.0079168689146331,8.768597260995923,True,,matching_p0,,,,,,,0.45062367339400416,0.36432598087195617,0.45062367339400416,0.007916868587211322,matching_p0,,False,,False,1,1,0.06392734099063091,,task_matched_multichannel_deterministic_UNet,,2,2,deployable_external_eog_operator,matching_p0,False,deployable_or_support_derived_geometry,0.4558452904614329,215.26559665663368,174.04067802124146,78.42684964991496,parallel_error_denominators_v2_side_by_side,development,265.06640625,,0.25385622349036874,18.814420140140886,0.9355570177952084,0.0938913499778272,False,True,False,False,0.3043005475344636,,False,,,,,task_matched_multichannel_deterministic_UNet,sim33,success,,0.3043005475344636,1,4557587,,6000,,6000,946.5513398670591
5,12.580728016868242,1.0763854136530437,-0.5518253172822944,included,paired_supervised_epsilon_prediction_operator_conditioned_diffusion,operator_conditioned_diffusion,6000,query_derived_oracle_projector,68,4563667,valid_time_masked_epsilon_MSE,835.6562490770593,154,False,0.4977514633368257,False,1.9627743229594001,-6.195803408286002,False,6000,,68,6000,4557587,paired_task_loss,833.7473276946694,154,1.3313482281092937,1.0763854136530437,1.3313482281092937,1.9627743242480922,query_derived_oracle_projector,,False,6000,False,100,100,26.084990640170872,6000,task_matched_multichannel_operator_conditioned_diffusion_DDIM100,4563667,1000,1000,nondeployable_query_clean_mechanism_upper_bound,query_derived_oracle_projector,False,nondeployable_query_clean_oracle_geometry,0.4558452904614329,215.26559665663365,174.04067802124146,231.7087483025199,parallel_error_denominators_v2_side_by_side,development,404.71142578125,,0.0,1.9090959104164224e-06,1.0,0.5764530390589158,True,False,True,False,1.7042086576407947,True,False,False,,,,task_matched_multichannel_operator_conditioned_diffusion_DDIM100,sim33,success,,1.7042086576407947,500,,False,,6000,,835.6562490770593
5,0.6200061238142186,0.9452948990162914,0.7695357377078085,included,clean_prior_sampling,frozen_deterministic_or_current_cgdr_arm,,,,,,,,False,0.8501188121328075,False,0.34826913072526855,0.05144095348442508,False,,,,,,,,,1.1692063761575244,0.9452948990162914,1.1692063761575244,0.34826913115106267,query_derived_oracle_projector,0,False,,False,100,100,57.062157973996364,,M1_observation_warm_start_sdedit,,1000,,nondeployable_query_clean_mechanism_upper_bound,query_derived_oracle_projector,False,nondeployable_query_clean_oracle_geometry,0.4558452904614329,215.26559665663368,174.04067802124146,203.48947045321424,parallel_error_denominators_v2_side_by_side,development,1541.650390625,500,0.0,1.9090959104164224e-06,1.0,0.6478604376787338,True,False,True,False,0.8301576019016708,,False,False,4435667,3000,training_history_steps_captured_amp_skips_not_audited,M1_observation_warm_start_sdedit,sim33,success,5,0.8301576019016708,500,,,,,,
5,4.840528617383625,1.506107019908136,-0.10257782314162367,included,clean_prior_sampling,frozen_deterministic_or_current_cgdr_arm,,,,,,,,False,0.7574654149728055,False,1.6321641382831681e-07,-3.5571166551450877,False,,,,,,,,,1.862857752310638,1.506107019908136,1.862857752310638,1.7389045895246335e-07,query_derived_oracle_projector,0,False,,False,100,100,56.77466281098896,,M2_final_hard_q_consistency,,1000,,nondeployable_query_clean_mechanism_upper_bound,query_derived_oracle_projector,False,nondeployable_query_clean_oracle_geometry,0.4558452904614329,215.26559665663368,174.04067802124146,324.21302626926933,parallel_error_denominators_v2_side_by_side,development,1541.650390625,500,0.0,1.9090959104164224e-06,1.0,0.4100393596502154,True,False,True,False,1.2577329237010433,,False,False,4435667,3000,training_history_steps_captured_amp_skips_not_audited,M2_final_hard_q_consistency,sim33,success,5,1.2577329237010433,500,,,,,,
5,-1.528375872145844,3.1085556757287818,-1.1949762548339429,included,clean_prior_sampling,frozen_deterministic_or_current_cgdr_arm,,,,,,,,False,0.810416307229634,False,0.012290106581467206,-9.851225974295108,False,,,,,,,,,3.8448775302659444,3.1085556757287818,3.8448775302659444,0.0122901067128528,query_derived_oracle_projector,0,False,,False,100,100,57.13258138898527,,M4_per_step_quadratic_proximal_q_consistency,,1000,,nondeployable_query_clean_mechanism_upper_bound,query_derived_oracle_projector,False,nondeployable_query_clean_oracle_geometry,0.4558452904614329,215.26559665663368,174.04067802124146,669.1650922761213,parallel_error_denominators_v2_side_by_side,development,1541.650390625,500,0.0,1.9090959104164224e-06,1.0,3.5032322260640703,True,False,True,False,2.5959354880992205,,False,False,4435667,3000,training_history_steps_captured_amp_skips_not_audited,M4_per_step_quadratic_proximal_q_consistency,sim33,success,5,2.5959354880992205,500,,,,,,
,12.536149331278306,0.8084927676522814,0.21905398187992042,included,no_learned_training,frozen_deterministic_or_current_cgdr_arm,,,,,,,,False,0.9074262201597743,False,5.471420803990981e-16,1.8464772141683925,False,,,,,,,,,1.0,0.8084927676522814,1.0,5.854659788059162e-08,query_derived_oracle_projector,,False,,False,0,0,0.0005069910257589072,,deterministic_Qy,,0,,nondeployable_query_clean_mechanism_upper_bound,query_derived_oracle_projector,False,nondeployable_query_clean_oracle_Qy,0.4558452904614329,215.26559665663368,174.04067802124146,174.04067802124146,parallel_error_denominators_v2_side_by_side,development,0.0,,0.0,1.9090959104164224e-06,1.0,0.5032296947049959,True,False,True,False,0.6751631584005712,,False,,,,,deterministic_Qy,sim33,success,,0.6751631584005712,0,,,,,,
,6.371283347009815,0.6164640530903521,0.6095269909399602,included,no_learned_training,frozen_deterministic_or_current_cgdr_arm,,,,,,,,False,0.9531530795741546,False,2.8214919762409576e-16,4.201844853373362,False,,,,,,,,,0.7624855505887252,0.6164640530903521,0.7624855505887252,5.8546597878678444e-08,query_derived_oracle_projector,,False,,False,0,0,0.0005880729877389967,,deterministic_soft_proximal,,0,,nondeployable_query_clean_mechanism_upper_bound,query_derived_oracle_projector,False,nondeployable_query_clean_oracle_geometry,0.4558452904614329,215.26559665663368,174.04067802124146,132.70350220586135,parallel_error_denominators_v2_side_by_side,development,0.0,,0.0,1.9090959104164224e-06,1.0,0.20391646964683866,True,False,True,False,0.5148021525702828,,False,,,,,deterministic_soft_proximal,sim33,success,,0.5148021525702828,0,,,,,,
,16.92402631514558,0.44071687111914537,0.47888246765810627,included,paired_supervised_clean_target_stronger_differently_supervised_exploratory,frozen_deterministic_or_current_cgdr_arm,,,,,,,,False,0.9776817470984082,False,0.0072364482580164115,7.11589293856573,False,,query_derived_oracle_projector,,,,,,,0.5451092313403229,0.44071687111914537,0.5451092313403229,0.0072364480896765435,query_derived_oracle_projector,,False,,False,1,1,0.05617506901035085,,task_matched_multichannel_deterministic_UNet,,2,2,nondeployable_query_clean_mechanism_upper_bound,query_derived_oracle_projector,False,nondeployable_query_clean_oracle_geometry,0.4558452904614329,215.26559665663368,174.04067802124146,94.87118021810755,parallel_error_denominators_v2_side_by_side,development,265.06640625,,0.0,1.9090959104164224e-06,1.0,0.25844548011703566,True,False,True,False,0.3680763807520767,,False,,,,,task_matched_multichannel_deterministic_UNet,sim33,success,,0.3680763807520767,1,4557587,,6000,,6000,833.7473276946694
5,7.739970530362818,0.7819294695973322,-0.476299624304501,included,paired_supervised_epsilon_prediction_operator_conditioned_diffusion,operator_conditioned_diffusion,6000,population_projector,68,4563667,valid_time_masked_epsilon_MSE,686.1026103699987,154,False,0.5764108112021207,False,1.9324424833358351,-4.6430091317083875,True,6000,,68,6000,4557587,paired_task_loss,881.0162402186543,154,1.3137964459489782,0.7819294695973322,1.3137964459489782,1.9324424818260522,population_projector,,False,6000,False,100,100,26.359511389862746,6000,task_matched_multichannel_operator_conditioned_diffusion_DDIM100,4563667,1000,1000,deployable_external_eog_operator,population_projector,False,deployable_or_support_derived_geometry,0.3649977745262455,259.15713879269333,154.24200963807647,202.6426040785329,parallel_error_denominators_v2_side_by_side,development,404.74853515625,,0.025188247449243303,1.8728087727840672,0.9993655521904354,0.5915889582451881,False,True,False,False,1.7324314782408041,True,False,False,,,,task_matched_multichannel_operator_conditioned_diffusion_DDIM100,sim34,success,,1.7324314782408041,500,,False,,6000,,686.1026103699987
5,0.8342852288499901,0.9545198267184287,0.7866000383652616,included,clean_prior_sampling,frozen_deterministic_or_current_cgdr_arm,,,,,,,,False,0.815503220435239,False,0.3508154636238649,0.057039051084834876,True,,,,,,,,,1.603782444184253,0.9545198267184287,1.603782444184253,0.35081546358841564,population_projector,0,False,,False,100,100,61.698637201450765,,M1_observation_warm_start_sdedit,,1000,,deployable_external_eog_operator,population_projector,False,deployable_or_support_derived_geometry,0.3649977745262455,259.1571387926933,154.24200963807647,247.37062721324537,parallel_error_denominators_v2_side_by_side,development,1541.650390625,500,0.025188247449243202,1.872808772783678,0.9993655521904353,1.2972018369325837,False,True,False,False,1.0084483439218648,,False,False,4435667,3000,training_history_steps_captured_amp_skips_not_audited,M1_observation_warm_start_sdedit,sim34,success,5,1.0084483439218648,500,,,,,,
5,3.666319020256105,1.2001783053684385,-0.10894990281198202,included,clean_prior_sampling,frozen_deterministic_or_current_cgdr_arm,,,,,,,,False,0.7977075233558051,False,0.0383851387324496,-1.587652261911999,True,,,,,,,,,2.016537364821556,1.2001783053684385,2.016537364821556,0.03838513811681636,population_projector,0,False,,False,100,100,60.76018332503736,,M2_final_hard_q_consistency,,1000,,deployable_external_eog_operator,population_projector,False,deployable_or_support_derived_geometry,0.3649977745262455,259.1571387926933,154.24200963807647,311.0347756603478,parallel_error_denominators_v2_side_by_side,development,1541.650390625,500,0.025188247449243202,1.872808772783678,0.9993655521904353,0.4063721715603276,False,True,False,False,1.218675899891268,,False,False,4435667,3000,training_history_steps_captured_amp_skips_not_audited,M2_final_hard_q_consistency,sim34,success,5,1.218675899891268,500,,,,,,
5,-2.8363750808694825,2.6893431117302926,-1.1106184411637252,included,clean_prior_sampling,frozen_deterministic_or_current_cgdr_arm,,,,,,,,False,0.8268237121925477,False,0.059216896190386746,-8.594221703358606,True,,,,,,,,,4.518629313137578,2.6893431117302926,4.518629313137578,0.059216895961392735,population_projector,0,False,,False,100,100,60.6528232851997,,M4_per_step_quadratic_proximal_q_consistency,,1000,,deployable_external_eog_operator,population_projector,False,deployable_or_support_derived_geometry,0.3649977745262455,259.1571387926933,154.24200963807647,696.9624660678611,parallel_error_denominators_v2_side_by_side,development,1541.650390625,500,0.025188247449243202,1.872808772783678,0.9993655521904353,6.061227663217062,False,True,False,False,2.730339768660345,,False,False,4435667,3000,training_history_steps_captured_amp_skips_not_audited,M4_per_step_quadratic_proximal_q_consistency,sim34,success,5,2.730339768660345,500,,,,,,
,9.59769791792634,0.5930475433830541,0.18922752716490687,included,no_learned_training,frozen_deterministic_or_current_cgdr_arm,,,,,,,,False,0.9335708873838615,False,0.030854748505406517,4.530971228924066,True,,,,,,,,,0.9964373835106407,0.5930475433830541,0.9964373835106407,0.03085474823234546,population_projector,,False,,False,0,0,0.0004032384604215622,,hard_Q_population_projector_y,,0,,deployable_external_eog_operator,population_projector,False,deployable_or_support_derived_geometry,0.3649977745262455,259.1571387926933,154.24200963807647,153.69250451118793,parallel_error_denominators_v2_side_by_side,development,0.0,,0.025188247449243202,1.872808772783678,0.9993655521904353,0.42170890333101285,False,True,False,False,0.6024999957990778,,False,,,,,deterministic_Qy,sim34,success,,0.6024999957990778,0,,,,,,
,5.810211301058459,0.5694783655804878,0.5946137635824534,included,no_learned_training,frozen_deterministic_or_current_cgdr_arm,,,,,,,,False,0.9423134691401149,False,0.015427374252703258,4.88849168076439,True,,,,,,,,,0.9568364946390432,0.5694783655804878,0.9568364946390432,0.015427373992860895,population_projector,,False,,False,0,0,0.0023558475077152252,,deterministic_soft_proximal,,0,,deployable_external_eog_operator,population_projector,False,deployable_or_support_derived_geometry,0.3649977745262455,259.1571387926933,154.24200963807647,147.5843838281786,parallel_error_denominators_v2_side_by_side,development,0.0,,0.025188247449243202,1.872808772783678,0.9993655521904353,0.20373659976295705,False,True,False,False,0.5782039119222847,,False,,,,,deterministic_soft_proximal,sim34,success,,0.5782039119222847,0,,,,,,
,14.773783542057844,0.24727656041662147,0.35319953027909246,included,paired_supervised_clean_target_stronger_differently_supervised_exploratory,frozen_deterministic_or_current_cgdr_arm,,,,,,,,False,0.9891591916279281,False,0.008355636100077314,12.13328613582525,True,,population_projector,,,,,,,0.4154736186233559,0.24727656041662147,0.4154736186233559,0.008355636097739141,population_projector,,False,,False,1,1,0.7665953878313303,,task_matched_multichannel_deterministic_UNet,,2,2,deployable_external_eog_operator,population_projector,False,deployable_or_support_derived_geometry,0.3649977745262455,259.1571387926933,154.24200963807647,64.08348588807017,parallel_error_denominators_v2_side_by_side,development,256.94140625,,0.025188247449243202,1.872808772783678,0.9993655521904353,0.1512837750319201,False,True,False,False,0.25109687216343746,,False,,,,,task_matched_multichannel_deterministic_UNet,sim34,success,,0.25109687216343746,1,4557587,,6000,,6000,881.0162402186543
5,7.8978166256903375,0.901221851161922,-0.4589502765826541,included,paired_supervised_epsilon_prediction_operator_conditioned_diffusion,operator_conditioned_diffusion,6000,matching_p0,68,4563667,valid_time_masked_epsilon_MSE,691.4832467429806,154,False,0.5698558555892226,False,1.9386761268047783,-4.9532127724553385,True,6000,,68,6000,4557587,paired_task_loss,946.5513398670591,154,1.5142312844121661,0.901221851161922,1.5142312844121661,1.9386761250684235,matching_p0,,False,6000,False,100,100,25.563921730965376,6000,task_matched_multichannel_operator_conditioned_diffusion_DDIM100,4563667,1000,1000,deployable_external_eog_operator,matching_p0,False,deployable_or_support_derived_geometry,0.3649977745262455,259.15713879269333,154.24200963807647,233.55807636457823,parallel_error_denominators_v2_side_by_side,development,404.74853515625,,0.12638705012891654,10.00345934579161,0.9840263135597098,0.7003745717939672,False,True,False,False,1.795420783866717,True,False,False,,,,task_matched_multichannel_operator_conditioned_diffusion_DDIM100,sim34,success,,1.795420783866717,500,,False,,6000,,691.4832467429806
5,0.8342851901257986,0.9545198462016492,0.7866000250144386,included,clean_prior_sampling,frozen_deterministic_or_current_cgdr_arm,,,,,,,,False,0.8155032659462393,False,0.3508153407031777,0.05703912129287423,True,,,,,,,,,1.6037824769199238,0.9545198462016492,1.6037824769199238,0.35081534066774106,matching_p0,0,False,,False,100,100,58.15621974505484,,M1_observation_warm_start_sdedit,,1000,,deployable_external_eog_operator,matching_p0,False,deployable_or_support_derived_geometry,0.3649977745262455,259.1571387926933,154.24200963807647,247.37063226246104,parallel_error_denominators_v2_side_by_side,development,1541.650390625,500,0.12638705012891654,10.003459345791612,0.9840263135597105,1.2972015671062176,False,True,False,False,1.0084483357705776,,False,False,4435667,3000,training_history_steps_captured_amp_skips_not_audited,M1_observation_warm_start_sdedit,sim34,success,5,1.0084483357705776,500,,,,,,
5,3.8722574087539567,1.1821154804245613,-0.08376118714708469,included,clean_prior_sampling,frozen_deterministic_or_current_cgdr_arm,,,,,,,,False,0.8279086451382899,False,0.19918603580935285,-1.5285291933236245,True,,,,,,,,,1.9861882398201862,1.1821154804245613,1.9861882398201862,0.19918603572313265,matching_p0,0,False,,False,100,100,57.92165745142847,,M2_final_hard_q_consistency,,1000,,deployable_external_eog_operator,matching_p0,False,deployable_or_support_derived_geometry,0.3649977745262455,259.1571387926933,154.24200963807647,306.3536656293793,parallel_error_denominators_v2_side_by_side,development,1541.650390625,500,0.12638705012891654,10.003459345791612,0.9840263135597105,0.36567722776627265,False,True,False,False,1.2104087912653032,,False,False,4435667,3000,training_history_steps_captured_amp_skips_not_audited,M2_final_hard_q_consistency,sim34,success,5,1.2104087912653032,500,,,,,,
5,-1.3249051949459478,2.74269111116091,-1.1403374873515664,included,clean_prior_sampling,frozen_deterministic_or_current_cgdr_arm,,,,,,,,False,0.8619560345945996,False,0.30248223414665304,-8.795969827245754,True,,,,,,,,,4.608264522930254,2.74269111116091,4.608264522930254,0.3024822337630807,matching_p0,0,False,,False,100,100,58.32022094912827,,M4_per_step_quadratic_proximal_q_consistency,,1000,,deployable_external_eog_operator,matching_p0,False,deployable_or_support_derived_geometry,0.3649977745262455,259.1571387926933,154.24200963807647,710.787980960614,parallel_error_denominators_v2_side_by_side,development,1541.650390625,500,0.12638705012891654,10.003459345791612,0.9840263135597105,5.907229322890223,False,True,False,False,2.7944999168354565,,False,False,4435667,3000,training_history_steps_captured_amp_skips_not_audited,M4_per_step_quadratic_proximal_q_consistency,sim34,success,5,2.7944999168354565,500,,,,,,
,9.692483067381048,0.584020394071176,0.19451195241627628,included,no_learned_training,frozen_deterministic_or_current_cgdr_arm,,,,,,,,False,0.9271947653167808,False,0.1482830101606217,4.502244602007113,True,,,,,,,,,0.98126998396359,0.584020394071176,0.98126998396359,0.14828301014664108,matching_p0,,False,,False,0,0,0.0007064901292324066,,hard_Q_matching_p0_y,,0,,deployable_external_eog_operator,matching_p0,False,deployable_or_support_derived_geometry,0.3649977745262455,259.1571387926933,154.24200963807647,151.3530543240672,parallel_error_denominators_v2_side_by_side,development,0.0,,0.12638705012891654,10.003459345791612,0.9840263135597105,0.3933598936662168,False,True,False,False,0.6044959277892057,,False,,,,,deterministic_Qy,sim34,success,,0.6044959277892057,0,,,,,,
,5.694050654622558,0.5717125101321662,0.5972559762081382,included,no_learned_training,frozen_deterministic_or_current_cgdr_arm,,,,,,,,False,0.9352858591843453,False,0.07414150508031085,4.811667040946151,True,,,,,,,,,0.9605903001750371,0.5717125101321662,0.9605903001750371,0.07414150512959893,matching_p0,,False,,False,0,0,0.0006391946226358414,,deterministic_soft_proximal,,0,,deployable_external_eog_operator,matching_p0,False,deployable_or_support_derived_geometry,0.3649977745262455,259.1571387926933,154.24200963807647,148.16337833784084,parallel_error_denominators_v2_side_by_side,development,0.0,,0.12638705012891654,10.003459345791612,0.9840263135597105,0.1984259667772956,False,True,False,False,0.583340672017025,,False,,,,,deterministic_soft_proximal,sim34,success,,0.583340672017025,0,,,,,,
,15.61307856688555,0.21838231723007856,0.3598310170836111,included,paired_supervised_clean_target_stronger_differently_supervised_exploratory,frozen_deterministic_or_current_cgdr_arm,,,,,,,,False,0.9915737362132995,False,0.008796932995193867,13.211309910439047,True,,matching_p0,,,,,,,0.36692556476062804,0.21838231723007856,0.36692556476062804,0.008796932535472438,matching_p0,,False,,False,1,1,0.06928119622170925,,task_matched_multichannel_deterministic_UNet,,2,2,deployable_external_eog_operator,matching_p0,False,deployable_or_support_derived_geometry,0.3649977745262455,259.1571387926933,154.24200963807647,56.59533649626544,parallel_error_denominators_v2_side_by_side,development,265.06640625,,0.12638705012891654,10.003459345791612,0.9840263135597105,0.11637394674093561,False,True,False,False,0.22178905687228015,,False,,,,,task_matched_multichannel_deterministic_UNet,sim34,success,,0.22178905687228015,1,4557587,,6000,,6000,946.5513398670591
5,5.391068672935867,0.8857259234885052,-0.4325381587163257,included,paired_supervised_epsilon_prediction_operator_conditioned_diffusion,operator_conditioned_diffusion,6000,query_derived_oracle_projector,68,4563667,valid_time_masked_epsilon_MSE,835.6562490770593,154,False,0.5512146903879853,False,1.8734066643994438,-4.694345287208327,False,6000,,68,6000,4557587,paired_task_loss,833.7473276946694,154,1.4881950554483168,0.8857259234885052,1.4881950554483168,1.873406663038769,query_derived_oracle_projector,,False,6000,False,100,100,25.472176472190768,6000,task_matched_multichannel_operator_conditioned_diffusion_DDIM100,4563667,1000,1000,nondeployable_query_clean_mechanism_upper_bound,query_derived_oracle_projector,False,nondeployable_query_clean_oracle_geometry,0.3649977745262455,259.15713879269333,154.24200963807647,229.54219608579703,parallel_error_denominators_v2_side_by_side,development,404.74853515625,,0.0,1.478779333471098e-06,0.9999999999999992,0.5753330578744137,True,False,True,False,1.74270097440595,True,False,False,,,,task_matched_multichannel_operator_conditioned_diffusion_DDIM100,sim34,success,,1.74270097440595,500,,False,,6000,,835.6562490770593
5,0.8342843062563643,0.95451974733148,0.7865999836111468,included,clean_prior_sampling,frozen_deterministic_or_current_cgdr_arm,,,,,,,,False,0.8155032214333354,False,0.35081543517161945,0.05703977210678701,False,,,,,,,,,1.6037823107984488,0.95451974733148,1.6037823107984488,0.3508154351361902,query_derived_oracle_projector,0,False,,False,100,100,58.92026586458087,,M1_observation_warm_start_sdedit,,1000,,nondeployable_query_clean_mechanism_upper_bound,query_derived_oracle_projector,False,nondeployable_query_clean_oracle_geometry,0.3649977745262455,259.1571387926933,154.24200963807647,247.37060663955089,parallel_error_denominators_v2_side_by_side,development,1541.650390625,500,0.0,0.0,0.9999999999999988,1.2972011100428098,True,False,True,False,1.0084482602098455,,False,False,4435667,3000,training_history_steps_captured_amp_skips_not_audited,M1_observation_warm_start_sdedit,sim34,success,5,1.0084482602098455,500,,,,,,
5,3.6523863970898622,1.1983150305147345,-0.1065766776538668,included,clean_prior_sampling,frozen_deterministic_or_current_cgdr_arm,,,,,,,,False,0.7917768111784559,False,1.5985509194675372e-07,-1.5714201344967855,False,,,,,,,,,2.0134066938648996,1.1983150305147345,2.0134066938648996,1.6968436421696712e-07,query_derived_oracle_projector,0,False,,False,100,100,59.84775572177023,,M2_final_hard_q_consistency,,1000,,nondeployable_query_clean_mechanism_upper_bound,query_derived_oracle_projector,False,nondeployable_query_clean_oracle_geometry,0.3649977745262455,259.1571387926933,154.24200963807647,310.5518946804775,parallel_error_denominators_v2_side_by_side,development,1541.650390625,500,0.0,0.0,0.9999999999999988,0.40831798234591526,True,False,True,False,1.2164005739469663,,False,False,4435667,3000,training_history_steps_captured_amp_skips_not_audited,M2_final_hard_q_consistency,sim34,success,5,1.2164005739469663,500,,,,,,
5,-2.7350495228823943,2.688027625266719,-1.1183371178175698,included,clean_prior_sampling,frozen_deterministic_or_current_cgdr_arm,,,,,,,,False,0.8226459914952726,False,0.012028486418747698,-8.588728146323492,False,,,,,,,,,4.516419035218998,2.688027625266719,4.516419035218998,0.012028486591143374,query_derived_oracle_projector,0,False,,False,100,100,60.15756926126778,,M4_per_step_quadratic_proximal_q_consistency,,1000,,nondeployable_query_clean_mechanism_upper_bound,query_derived_oracle_projector,False,nondeployable_query_clean_oracle_geometry,0.3649977745262455,259.1571387926933,154.24200963807647,696.6215483598407,parallel_error_denominators_v2_side_by_side,development,1541.650390625,500,0.0,0.0,0.9999999999999988,5.902748399802422,True,False,True,False,2.728613459027235,,False,False,4435667,3000,training_history_steps_captured_amp_skips_not_audited,M4_per_step_quadratic_proximal_q_consistency,sim34,success,5,2.728613459027235,500,,,,,,
,9.57690863739219,0.595167898351659,0.18813776488028444,included,no_learned_training,frozen_deterministic_or_current_cgdr_arm,,,,,,,,False,0.9316797141503006,False,8.627544193414607e-16,4.507210028568538,False,,,,,,,,,0.9999999999999998,0.595167898351659,0.9999999999999998,5.887472548430419e-08,query_derived_oracle_projector,,False,,False,0,0,0.0005105761811137199,,deterministic_Qy,,0,,nondeployable_query_clean_mechanism_upper_bound,query_derived_oracle_projector,False,nondeployable_query_clean_oracle_Qy,0.3649977745262455,259.1571387926933,154.24200963807647,154.24200963807644,parallel_error_denominators_v2_side_by_side,development,0.0,,0.0,0.0,0.9999999999999988,0.4261358455793296,True,False,True,False,0.6041504568617387,,False,,,,,deterministic_Qy,sim34,success,,0.6041504568617387,0,,,,,,
,5.816997204796468,0.5696989727198124,0.5940688824401422,included,no_learned_training,frozen_deterministic_or_current_cgdr_arm,,,,,,,,False,0.9440862371270579,False,4.3688375373790556e-16,4.88709127323321,False,,,,,,,,,0.9572071583457646,0.5696989727198124,0.9572071583457646,5.887472548445922e-08,query_derived_oracle_projector,,False,,False,0,0,0.00022147130221128464,,deterministic_soft_proximal,,0,,nondeployable_query_clean_mechanism_upper_bound,query_derived_oracle_projector,False,nondeployable_query_clean_oracle_geometry,0.3649977745262455,259.1571387926933,154.24200963807647,147.6415557432032,parallel_error_denominators_v2_side_by_side,development,0.0,,0.0,0.0,0.9999999999999988,0.20737852663763282,True,False,True,False,0.5782971420259209,,False,,,,,deterministic_soft_proximal,sim34,success,,0.5782971420259209,0,,,,,,
,14.468292724528746,0.2521837511265583,0.3436340881839144,included,paired_supervised_clean_target_stronger_differently_supervised_exploratory,frozen_deterministic_or_current_cgdr_arm,,,,,,,,False,0.9890634851677693,False,0.008141386991123793,11.962869486949682,False,,query_derived_oracle_projector,,,,,,,0.42371867136146135,0.2521837511265583,0.42371867136146135,0.008141386826657968,query_derived_oracle_projector,,False,,False,1,1,0.06848099362105131,,task_matched_multichannel_deterministic_UNet,,2,2,nondeployable_query_clean_mechanism_upper_bound,query_derived_oracle_projector,False,nondeployable_query_clean_oracle_geometry,0.3649977745262455,259.1571387926933,154.24200963807647,65.35521939196748,parallel_error_denominators_v2_side_by_side,development,265.06640625,,0.0,0.0,0.9999999999999988,0.14837525739955967,True,False,True,False,0.2560720246795085,,False,,,,,task_matched_multichannel_deterministic_UNet,sim34,success,,0.2560720246795085,1,4557587,,6000,,6000,833.7473276946694
,,,,excluded_matching_p0_ineligible,,operator_conditioned_diffusion,,,,,,,,,,False,,,True,,,,,,,,,,,,,,,,,,,,,,task_matched_multichannel_operator_conditioned_diffusion_DDIM100,,,,,population_projector,False,deployable_or_support_derived_geometry,,,,,,,,,,,,,,,False,,,,,,,,,task_matched_multichannel_operator_conditioned_diffusion_DDIM100,sim35,ineligible_common_record,,,,,,,,,
5,0.7054655183939265,0.9281875121301548,0.8549086277186585,excluded_matching_p0_ineligible,clean_prior_sampling,frozen_deterministic_or_current_cgdr_arm,,,,,,,,False,0.877852933798592,False,0.20240599015575628,0.48686758264135543,True,,,,,,,,,1.3207524705579377,0.9281875121301548,1.3207524705579377,0.2024059901536728,population_projector,0,False,,False,100,100,85.58504762640223,,M1_observation_warm_start_sdedit,,1000,,deployable_external_eog_operator,population_projector,False,deployable_or_support_derived_geometry,0.3842936070415334,295.29692573861183,207.52633438211055,274.0909188410052,parallel_error_denominators_v2_side_by_side,development,1541.650390625,500,0.02518824693249674,1.872808739327613,0.9993655522164683,0.8027237043843499,False,True,False,False,0.8340150955652076,,False,False,4435667,3000,training_history_steps_captured_amp_skips_not_audited,M1_observation_warm_start_sdedit,sim35,success,5,0.8340150955652076,500,,,,,,
5,1.7801358763127084,1.145971822227971,0.017486373374845376,excluded_matching_p0_ineligible,clean_prior_sampling,frozen_deterministic_or_current_cgdr_arm,,,,,,,,False,0.7934805746302055,False,0.03350889727109573,-1.1864160860200323,True,,,,,,,,,1.6306458507762578,1.145971822227971,1.6306458507762578,0.03350889716843207,population_projector,0,False,,False,100,100,85.41611195215955,,M2_final_hard_q_consistency,,1000,,deployable_external_eog_operator,population_projector,False,deployable_or_support_derived_geometry,0.3842936070415334,295.29692573861183,207.52633438211055,338.4019560869948,parallel_error_denominators_v2_side_by_side,development,1541.650390625,500,0.02518824693249674,1.872808739327613,0.9993655522164683,0.40688704427335215,False,True,False,False,1.0112024072564267,,False,False,4435667,3000,training_history_steps_captured_amp_skips_not_audited,M2_final_hard_q_consistency,sim35,success,5,1.0112024072564267,500,,,,,,
5,-5.0611750624763,2.7477547982287267,-1.1039683128285356,excluded_matching_p0_ineligible,clean_prior_sampling,frozen_deterministic_or_current_cgdr_arm,,,,,,,,False,0.8614971350448306,False,0.051223082050512854,-8.780753594164866,True,,,,,,,,,3.909882314532937,2.7477547982287267,3.909882314532937,0.05122308237084553,population_projector,0,False,,False,100,100,85.59345895377919,,M4_per_step_quadratic_proximal_q_consistency,,1000,,deployable_external_eog_operator,population_projector,False,deployable_or_support_derived_geometry,0.3842936070415334,295.29692573861183,207.52633438211055,811.4035446004626,parallel_error_denominators_v2_side_by_side,development,1541.650390625,500,0.02518824693249674,1.872808739327613,0.9993655522164683,3.5780716823175776,False,True,False,False,2.4241247753760375,,False,False,4435667,3000,training_history_steps_captured_amp_skips_not_audited,M4_per_step_quadratic_proximal_q_consistency,sim35,success,5,2.4241247753760375,500,,,,,,
,6.3603334435889325,0.7014393461616178,0.2753755703463101,excluded_matching_p0_ineligible,no_learned_training,frozen_deterministic_or_current_cgdr_arm,,,,,,,,False,0.9216953015726946,False,0.029747185716857194,3.0740212667590923,True,,,,,,,,,0.9981040870323551,0.7014393461616178,0.9981040870323551,0.02974718567840928,population_projector,,False,,False,0,0,0.0006254441104829311,,hard_Q_population_projector_y,,0,,deployable_external_eog_operator,population_projector,False,deployable_or_support_derived_geometry,0.3842936070415334,295.29692573861183,207.52633438211055,207.1328825136277,parallel_error_denominators_v2_side_by_side,development,0.0,,0.02518824693249674,1.872808739327613,0.9993655522164683,0.3958872062664112,False,True,False,False,0.6191790124483504,,False,,,,,deterministic_Qy,sim35,success,,0.6191790124483504,0,,,,,,
,6.141498654898028,0.5573097731250816,0.637687785173155,excluded_matching_p0_ineligible,no_learned_training,frozen_deterministic_or_current_cgdr_arm,,,,,,,,False,0.9476384206995658,False,0.014873592858428597,5.075619788455075,True,,,,,,,,,0.7930167666571883,0.5573097731250816,0.7930167666571883,0.014873592821122454,population_projector,,False,,False,0,0,0.0030915620736777782,,deterministic_soft_proximal,,0,,deployable_external_eog_operator,population_projector,False,deployable_or_support_derived_geometry,0.3842936070415334,295.29692573861183,207.52633438211055,164.5718626879198,parallel_error_denominators_v2_side_by_side,development,0.0,,0.02518824693249674,1.872808739327613,0.9993655522164683,0.16944280948950116,False,True,False,False,0.49174086528587485,,False,,,,,deterministic_soft_proximal,sim35,success,,0.49174086528587485,0,,,,,,
,12.554418393803061,0.3741851667990307,0.49215062391088527,excluded_matching_p0_ineligible,paired_supervised_clean_target_stronger_differently_supervised_exploratory,frozen_deterministic_or_current_cgdr_arm,,,,,,,,False,0.9768931271555753,False,0.008569262970552695,8.536466682385434,True,,population_projector,,,,,,,0.5324419656991183,0.3741851667990307,0.5324419656991183,0.008569262273966781,population_projector,,False,,False,1,1,0.9169100793078542,,task_matched_multichannel_deterministic_UNet,,2,2,deployable_external_eog_operator,population_projector,False,deployable_or_support_derived_geometry,0.3842936070415334,295.29692573861183,207.52633438211055,110.49572941274344,parallel_error_denominators_v2_side_by_side,development,256.94140625,,0.02518824693249674,1.872808739327613,0.9993655522164683,0.23061728259424386,False,True,False,False,0.33013681445858484,,False,,,,,task_matched_multichannel_deterministic_UNet,sim35,success,,0.33013681445858484,1,4557587,,6000,,6000,881.0162402186543
,,,,excluded_matching_p0_ineligible,,operator_conditioned_diffusion,,,,,,,,,,False,,,True,,,,,,,,,,,,,,,,,,,,,,task_matched_multichannel_operator_conditioned_diffusion_DDIM100,,,,,matching_p0,False,deployable_or_support_derived_geometry,,,,,,,,,,,,,,,False,,,,,,,,,task_matched_multichannel_operator_conditioned_diffusion_DDIM100,sim35,ineligible_common_record,,,,,,,,,
5,0.7054651876234614,0.928187540959074,0.8549086270600658,excluded_matching_p0_ineligible,clean_prior_sampling,frozen_deterministic_or_current_cgdr_arm,,,,,,,,False,0.877852929831784,False,0.20240597243150305,0.48686735022864314,True,,,,,,,,,1.320752511579677,0.928187540959074,1.320752511579677,0.2024059724294103,population_projector,0,True,,False,100,100,84.61206372780725,,M1_observation_warm_start_sdedit,,1000,,deployable_external_eog_operator,matching_p0,False,deployable_or_support_derived_geometry,0.3842936070415334,295.29692573861183,207.52633438211055,274.0909273540964,parallel_error_denominators_v2_side_by_side,development,1541.650390625,500,0.02518824693249674,1.872808739327613,0.9993655522164683,0.802723567672406,False,True,False,False,0.8340151178813687,,False,False,4435667,3000,training_history_steps_captured_amp_skips_not_audited,M1_observation_warm_start_sdedit,sim35,success,5,0.8340151178813687,500,,,,,,
5,1.78007611325008,1.1459719962248855,0.017490726152669,excluded_matching_p0_ineligible,clean_prior_sampling,frozen_deterministic_or_current_cgdr_arm,,,,,,,,False,0.793480328581083,False,0.033508890984488525,-1.1864174028355472,True,,,,,,,,,1.6306460983629272,1.1459719962248855,1.6306460983629272,0.033508890881811644,population_projector,0,True,,False,100,100,86.33351477980614,,M2_final_hard_q_consistency,,1000,,deployable_external_eog_operator,matching_p0,False,deployable_or_support_derived_geometry,0.3842936070415334,295.29692573861183,207.52633438211055,338.4020074677488,parallel_error_denominators_v2_side_by_side,development,1541.650390625,500,0.02518824693249674,1.872808739327613,0.9993655522164683,0.4068924264489708,False,True,False,False,1.011202560558757,,False,False,4435667,3000,training_history_steps_captured_amp_skips_not_audited,M2_final_hard_q_consistency,sim35,success,5,1.011202560558757,500,,,,,,
5,-5.061169775790896,2.7477538801720787,-1.1039670647987623,excluded_matching_p0_ineligible,clean_prior_sampling,frozen_deterministic_or_current_cgdr_arm,,,,,,,,False,0.861496947169832,False,0.0512231019694387,-8.780750693834596,True,,,,,,,,,3.909881008196049,2.7477538801720787,3.909881008196049,0.05122310228977987,population_projector,0,True,,False,100,100,86.61772505333647,,M4_per_step_quadratic_proximal_q_consistency,,1000,,deployable_external_eog_operator,matching_p0,False,deployable_or_support_derived_geometry,0.3842936070415334,295.29692573861183,207.52633438211055,811.4032735011568,parallel_error_denominators_v2_side_by_side,development,1541.650390625,500,0.02518824693249674,1.872808739327613,0.9993655522164683,3.5780743921594387,False,True,False,False,2.424123965929731,,False,False,4435667,3000,training_history_steps_captured_amp_skips_not_audited,M4_per_step_quadratic_proximal_q_consistency,sim35,success,5,2.424123965929731,500,,,,,,
,6.3603334435889325,0.7014393461616178,0.2753755703463101,excluded_matching_p0_ineligible,no_learned_training,frozen_deterministic_or_current_cgdr_arm,,,,,,,,False,0.9216953015726946,False,0.029747185716857194,3.0740212667590923,True,,,,,,,,,0.9981040870323551,0.7014393461616178,0.9981040870323551,0.02974718567840928,population_projector,,True,,False,0,0,0.001414082944393158,,hard_Q_matching_p0_y,,0,,deployable_external_eog_operator,matching_p0,False,deployable_or_support_derived_geometry,0.3842936070415334,295.29692573861183,207.52633438211055,207.1328825136277,parallel_error_denominators_v2_side_by_side,development,0.0,,0.02518824693249674,1.872808739327613,0.9993655522164683,0.3958872062664112,False,True,False,False,0.6191790124483504,,False,,,,,deterministic_Qy,sim35,success,,0.6191790124483504,0,,,,,,
,6.141498654898028,0.5573097731250816,0.637687785173155,excluded_matching_p0_ineligible,no_learned_training,frozen_deterministic_or_current_cgdr_arm,,,,,,,,False,0.9476384206995658,False,0.014873592858428597,5.075619788455075,True,,,,,,,,,0.7930167666571883,0.5573097731250816,0.7930167666571883,0.014873592821122454,population_projector,,True,,False,0,0,0.0003143521025776863,,deterministic_soft_proximal,,0,,deployable_external_eog_operator,matching_p0,False,deployable_or_support_derived_geometry,0.3842936070415334,295.29692573861183,207.52633438211055,164.5718626879198,parallel_error_denominators_v2_side_by_side,development,0.0,,0.02518824693249674,1.872808739327613,0.9993655522164683,0.16944280948950116,False,True,False,False,0.49174086528587485,,False,,,,,deterministic_soft_proximal,sim35,success,,0.49174086528587485,0,,,,,,
,12.554418393803061,0.3741851667990307,0.49215062391088527,excluded_matching_p0_ineligible,paired_supervised_clean_target_stronger_differently_supervised_exploratory,frozen_deterministic_or_current_cgdr_arm,,,,,,,,False,0.9768931271555753,False,0.008569262970552695,8.536466682385434,True,,population_projector,,,,,,,0.5324419656991183,0.3741851667990307,0.5324419656991183,0.008569262273966781,population_projector,,True,,False,1,1,0.14574444806203246,,task_matched_multichannel_deterministic_UNet,,2,2,deployable_external_eog_operator,matching_p0,False,deployable_or_support_derived_geometry,0.3842936070415334,295.29692573861183,207.52633438211055,110.49572941274344,parallel_error_denominators_v2_side_by_side,development,265.06640625,,0.02518824693249674,1.872808739327613,0.9993655522164683,0.23061728259424386,False,True,False,False,0.33013681445858484,,False,,,,,task_matched_multichannel_deterministic_UNet,sim35,success,,0.33013681445858484,1,4557587,,6000,,6000,881.0162402186543
,,,,excluded_matching_p0_ineligible,,operator_conditioned_diffusion,,,,,,,,,,False,,,False,,,,,,,,,,,,,,,,,,,,,,task_matched_multichannel_operator_conditioned_diffusion_DDIM100,,,,,query_derived_oracle_projector,False,nondeployable_query_clean_oracle_geometry,,,,,,,,,,,,,,,True,,,,,,,,,task_matched_multichannel_operator_conditioned_diffusion_DDIM100,sim35,ineligible_common_record,,,,,,,,,
5,0.7054650133190525,0.9281875856808891,0.8549085880711895,excluded_matching_p0_ineligible,clean_prior_sampling,frozen_deterministic_or_current_cgdr_arm,,,,,,,,False,0.8778529035083639,False,0.2024060074142984,0.4868668924626036,False,,,,,,,,,1.320752575216008,0.9281875856808891,1.320752575216008,0.2024060074122634,query_derived_oracle_projector,0,False,,False,100,100,84.74260589201003,,M1_observation_warm_start_sdedit,,1000,,nondeployable_query_clean_mechanism_upper_bound,query_derived_oracle_projector,False,nondeployable_query_clean_oracle_geometry,0.3842936070415334,295.29692573861183,207.52633438211055,274.0909405603109,parallel_error_denominators_v2_side_by_side,development,1541.650390625,500,0.0,0.0,1.0,0.802723556792889,True,False,True,False,0.8340151618358541,,False,False,4435667,3000,training_history_steps_captured_amp_skips_not_audited,M1_observation_warm_start_sdedit,sim35,success,5,0.8340151618358541,500,,,,,,
5,1.7934143125445408,1.1432624705401697,0.01913778007036193,excluded_matching_p0_ineligible,clean_prior_sampling,frozen_deterministic_or_current_cgdr_arm,,,,,,,,False,0.7899561501995742,False,1.3129956271516455e-07,-1.1629189459876323,False,,,,,,,,,1.626790613673292,1.1432624705401697,1.626790613673292,1.4490870434612358e-07,query_derived_oracle_projector,0,False,,False,100,100,84.53007845627144,,M2_final_hard_q_consistency,,1000,,nondeployable_query_clean_mechanism_upper_bound,query_derived_oracle_projector,False,nondeployable_query_clean_oracle_geometry,0.3842936070415334,295.29692573861183,207.52633438211055,337.6018928628424,parallel_error_denominators_v2_side_by_side,development,1541.650390625,500,0.0,0.0,1.0,0.4165457137188452,True,False,True,False,1.0084705909259026,,False,False,4435667,3000,training_history_steps_captured_amp_skips_not_audited,M2_final_hard_q_consistency,sim35,success,5,1.0084705909259026,500,,,,,,
5,-4.977147333557134,2.7353956164640336,-1.1048192514538475,excluded_matching_p0_ineligible,clean_prior_sampling,frozen_deterministic_or_current_cgdr_arm,,,,,,,,False,0.861855005962026,False,0.007629671706549825,-8.740429668199088,False,,,,,,,,,3.8922959759575226,2.7353956164640336,3.8922959759575226,0.007629671905569781,query_derived_oracle_projector,0,False,,False,100,100,84.887223075144,,M4_per_step_quadratic_proximal_q_consistency,,1000,,nondeployable_query_clean_mechanism_upper_bound,query_derived_oracle_projector,False,nondeployable_query_clean_oracle_geometry,0.3842936070415334,295.29692573861183,207.52633438211055,807.7539162207041,parallel_error_denominators_v2_side_by_side,development,1541.650390625,500,0.0,0.0,1.0,3.444968294841073,True,False,True,False,2.4128969470449904,,False,False,4435667,3000,training_history_steps_captured_amp_skips_not_audited,M4_per_step_quadratic_proximal_q_consistency,sim35,success,5,2.4128969470449904,500,,,,,,
,6.3553048575071935,0.7027717402171904,0.27415993223480895,excluded_matching_p0_ineligible,no_learned_training,frozen_deterministic_or_current_cgdr_arm,,,,,,,,False,0.9185913571299827,False,8.829947967990238e-16,3.0637142125869854,False,,,,,,,,,1.0000000000000004,0.7027717402171904,1.0000000000000004,6.081813152366457e-08,query_derived_oracle_projector,,False,,False,0,0,0.0006621517241001129,,deterministic_Qy,,0,,nondeployable_query_clean_mechanism_upper_bound,query_derived_oracle_projector,False,nondeployable_query_clean_oracle_Qy,0.3842936070415334,295.29692573861183,207.52633438211055,207.52633438211066,parallel_error_denominators_v2_side_by_side,development,0.0,,0.0,0.0,1.0,0.40207368404006577,True,False,True,False,0.6199141932893097,,False,,,,,deterministic_Qy,sim35,success,,0.6199141932893097,0,,,,,,
,6.15264517519435,0.5571216787593929,0.6370799661174045,excluded_matching_p0_ineligible,no_learned_training,frozen_deterministic_or_current_cgdr_arm,,,,,,,,False,0.9497924123606085,False,4.463594292284303e-16,5.08099883826405,False,,,,,,,,,0.7927491202011278,0.5571216787593929,0.7927491202011278,6.081813152393295e-08,query_derived_oracle_projector,,False,,False,0,0,0.000376290176063776,,deterministic_soft_proximal,,0,,nondeployable_query_clean_mechanism_upper_bound,query_derived_oracle_projector,False,nondeployable_query_clean_oracle_geometry,0.3842936070415334,295.29692573861183,207.52633438211055,164.51631899998318,parallel_error_denominators_v2_side_by_side,development,0.0,,0.0,0.0,1.0,0.17435201144976006,True,False,True,False,0.49143643133029274,,False,,,,,deterministic_soft_proximal,sim35,success,,0.49143643133029274,0,,,,,,
,12.274000171782685,0.40871917360905385,0.4641646139784623,excluded_matching_p0_ineligible,paired_supervised_clean_target_stronger_differently_supervised_exploratory,frozen_deterministic_or_current_cgdr_arm,,,,,,,,False,0.9716564528929772,False,0.009170705646386668,7.769769982718591,False,,query_derived_oracle_projector,,,,,,,0.5815816860859262,0.40871917360905385,0.5815816860859262,0.009170705069145378,query_derived_oracle_projector,,False,,False,1,1,0.1469786106608808,,task_matched_multichannel_deterministic_UNet,,2,2,nondeployable_query_clean_mechanism_upper_bound,query_derived_oracle_projector,False,nondeployable_query_clean_oracle_geometry,0.3842936070415334,295.29692573861183,207.52633438211055,120.69351545717957,parallel_error_denominators_v2_side_by_side,development,265.06640625,,0.0,0.0,1.0,0.224596515995623,True,False,True,False,0.3606025482308754,,False,,,,,task_matched_multichannel_deterministic_UNet,sim35,success,,0.3606025482308754,1,4557587,,6000,,6000,833.7473276946694
5,5.030642855054447,1.1601715516650741,-0.8224684890834153,included,paired_supervised_epsilon_prediction_operator_conditioned_diffusion,operator_conditioned_diffusion,6000,population_projector,68,4563667,valid_time_masked_epsilon_MSE,686.1026103699987,154,False,0.4222615577565966,False,2.382349169342455,-7.51553922876718,True,6000,,68,6000,4557587,paired_task_loss,881.0162402186543,154,2.0580550626725054,1.1601715516650741,2.0580550626725054,2.3823491687078264,population_projector,,False,6000,False,100,100,26.631397635675967,6000,task_matched_multichannel_operator_conditioned_diffusion_DDIM100,4563667,1000,1000,deployable_external_eog_operator,population_projector,False,deployable_or_support_derived_geometry,0.29561583278139825,177.35118698727516,99.97682060531517,205.75780179666972,parallel_error_denominators_v2_side_by_side,development,404.71142578125,,0.02518824832246257,1.8728088359646882,0.9993655521464463,1.1654226025998438,False,True,False,False,2.2912663906106583,True,False,False,,,,task_matched_multichannel_operator_conditioned_diffusion_DDIM100,sim36,success,,2.2912663906106583,500,,False,,6000,,686.1026103699987
5,0.21661288539424334,0.979934664568787,0.8039319887881777,included,clean_prior_sampling,frozen_deterministic_or_current_cgdr_arm,,,,,,,,False,0.8290053832975245,False,0.2827022077723499,-0.0893556446759356,True,,,,,,,,,1.7383286933812754,0.979934664568787,1.7383286933812754,0.28270220754375347,population_projector,0,False,,False,100,100,86.12665025237948,,M1_observation_warm_start_sdedit,,1000,,deployable_external_eog_operator,population_projector,False,deployable_or_support_derived_geometry,0.29561583278139825,177.35118698727516,99.97682060531517,173.7925759312517,parallel_error_denominators_v2_side_by_side,development,1541.650390625,500,0.02518824832246257,1.8728088359646882,0.9993655521464463,0.9865913487427841,False,True,False,False,0.9744653598883348,,False,False,4435667,3000,training_history_steps_captured_amp_skips_not_audited,M1_observation_warm_start_sdedit,sim36,success,5,0.9744653598883348,500,,,,,,
5,14.706800036834082,1.6605286342570424,-0.29649520202766944,included,clean_prior_sampling,frozen_deterministic_or_current_cgdr_arm,,,,,,,,False,0.6967281109732886,False,0.036211943489522475,-4.406490993410689,True,,,,,,,,,2.9456500269642376,1.6605286342570424,2.9456500269642376,0.036211943161069286,population_projector,0,False,,False,100,100,76.8348976727575,,M2_final_hard_q_consistency,,1000,,deployable_external_eog_operator,population_projector,False,deployable_or_support_derived_geometry,0.29561583278139825,177.35118698727516,99.97682060531517,294.49672431184536,parallel_error_denominators_v2_side_by_side,development,1541.650390625,500,0.02518824832246257,1.8728088359646882,0.9993655521464463,0.5152316603779606,False,True,False,False,1.601854895906975,,False,False,4435667,3000,training_history_steps_captured_amp_skips_not_audited,M2_final_hard_q_consistency,sim36,success,5,1.601854895906975,500,,,,,,
5,3.4187525892135606,3.3477478894481307,-1.4263749630828504,included,clean_prior_sampling,frozen_deterministic_or_current_cgdr_arm,,,,,,,,False,0.7732001693185414,False,0.06328172300820675,-10.496229766146632,True,,,,,,,,,5.938647161742272,3.3477478894481307,5.938647161742272,0.06328172258876373,population_projector,0,False,,False,100,100,76.6830250909552,,M4_per_step_quadratic_proximal_q_consistency,,1000,,deployable_external_eog_operator,population_projector,False,deployable_or_support_derived_geometry,0.29561583278139825,177.35118698727516,99.97682060531517,593.7270619277712,parallel_error_denominators_v2_side_by_side,development,1541.650390625,500,0.02518824832246257,1.8728088359646882,0.9993655521464463,3.396271566595048,False,True,False,False,3.229312782052324,,False,False,4435667,3000,training_history_steps_captured_amp_skips_not_audited,M4_per_step_quadratic_proximal_q_consistency,sim36,success,5,3.229312782052324,500,,,,,,
,24.508452114346795,0.5639289557677866,0.21915100076877359,included,no_learned_training,frozen_deterministic_or_current_cgdr_arm,,,,,,,,False,0.9431043034918019,False,0.022710755020682604,4.970181895099625,True,,,,,,,,,1.0003665757360005,0.5639289557677866,1.0003665757360005,0.022710754989893837,population_projector,,False,,False,0,0,0.0003506438806653023,,hard_Q_population_projector_y,,0,,deployable_external_eog_operator,population_projector,False,deployable_or_support_derived_geometry,0.29561583278139825,177.35118698727516,99.97682060531517,100.01346968191154,parallel_error_denominators_v2_side_by_side,development,0.0,,0.02518824832246257,1.8728088359646882,0.9993655521464463,0.3209482893719021,False,True,False,False,0.544238835275297,,False,,,,,deterministic_Qy,sim36,success,,0.544238835275297,0,,,,,,
,5.779289380743035,0.5649274355070625,0.6095755003843868,included,no_learned_training,frozen_deterministic_or_current_cgdr_arm,,,,,,,,False,0.9460925503445972,False,0.011355377510341302,4.95881820912038,True,,,,,,,,,1.002137801964952,0.5649274355070625,1.002137801964952,0.011355377482408661,population_projector,,False,,False,0,0,0.0006124814972281456,,deterministic_soft_proximal,,0,,deployable_external_eog_operator,population_projector,False,deployable_or_support_derived_geometry,0.29561583278139825,177.35118698727516,99.97682060531517,100.19055124885487,parallel_error_denominators_v2_side_by_side,development,0.0,,0.02518824832246257,1.8728088359646882,0.9993655521464463,0.18908346010078875,False,True,False,False,0.5449513249397231,,False,,,,,deterministic_soft_proximal,sim36,success,,0.5449513249397231,0,,,,,,
,15.902366886029956,0.30888818643376303,0.37851791440854854,included,paired_supervised_clean_target_stronger_differently_supervised_exploratory,frozen_deterministic_or_current_cgdr_arm,,,,,,,,False,0.9832216318088919,False,0.006331877860559162,10.202592398855906,True,,population_projector,,,,,,,0.5479438751772248,0.30888818643376303,0.5479438751772248,0.006331877803084729,population_projector,,False,,False,1,1,0.6717868717387319,,task_matched_multichannel_deterministic_UNet,,2,2,deployable_external_eog_operator,population_projector,False,deployable_or_support_derived_geometry,0.29561583278139825,177.35118698727516,99.97682060531517,54.78168651037461,parallel_error_denominators_v2_side_by_side,development,256.94140625,,0.02518824832246257,1.8728088359646882,0.9993655521464463,0.12306438021662724,False,True,False,False,0.29796757284313496,,False,,,,,task_matched_multichannel_deterministic_UNet,sim36,success,,0.29796757284313496,1,4557587,,6000,,6000,881.0162402186543
5,15.332240998084108,1.038361250357908,-0.7194705747814611,included,paired_supervised_epsilon_prediction_operator_conditioned_diffusion,operator_conditioned_diffusion,6000,matching_p0,68,4563667,valid_time_masked_epsilon_MSE,691.4832467429806,154,False,0.45381134998489014,False,2.448161257162394,-7.494646427523164,True,6000,,68,6000,4557587,paired_task_loss,946.5513398670591,154,1.8419729609082585,1.038361250357908,1.8419729609082585,2.4481612563817485,matching_p0,,False,6000,False,100,100,25.849151050671935,6000,task_matched_multichannel_operator_conditioned_diffusion_DDIM100,4563667,1000,1000,deployable_external_eog_operator,matching_p0,False,deployable_or_support_derived_geometry,0.29561583278139825,177.35118698727516,99.97682060531517,184.15460027256617,parallel_error_denominators_v2_side_by_side,development,404.71142578125,,0.19389594324579768,15.484488586014743,0.9624043631928224,1.3673831912582468,False,True,False,False,2.285761664248908,True,False,False,,,,task_matched_multichannel_operator_conditioned_diffusion_DDIM100,sim36,success,,2.285761664248908,500,,False,,6000,,691.4832467429806
5,0.21661351289146774,0.9799347410538813,0.803932014337792,included,clean_prior_sampling,frozen_deterministic_or_current_cgdr_arm,,,,,,,,False,0.8290053334293204,False,0.2827021649811005,-0.08935620448653572,True,,,,,,,,,1.7383288290599477,0.9799347410538813,1.7383288290599477,0.2827021647525237,matching_p0,0,False,,False,100,100,76.08073999453336,,M1_observation_warm_start_sdedit,,1000,,deployable_external_eog_operator,matching_p0,False,deployable_or_support_derived_geometry,0.29561583278139825,177.35118698727516,99.97682060531517,173.79258949597397,parallel_error_denominators_v2_side_by_side,development,1541.650390625,500,0.19389594324579768,15.484488586014743,0.9624043631928224,0.986592338243672,False,True,False,False,0.9744654226931918,,False,False,4435667,3000,training_history_steps_captured_amp_skips_not_audited,M1_observation_warm_start_sdedit,sim36,success,5,0.9744654226931918,500,,,,,,
5,16.340622444103573,1.6314130103468052,-0.3034791330310369,included,clean_prior_sampling,frozen_deterministic_or_current_cgdr_arm,,,,,,,,False,0.7388458418019154,False,0.4760274097190094,-4.522607085580164,True,,,,,,,,,2.8940011504637466,1.6314130103468052,2.8940011504637466,0.4760274090350628,matching_p0,0,False,,False,100,100,76.1149679031223,,M2_final_hard_q_consistency,,1000,,deployable_external_eog_operator,matching_p0,False,deployable_or_support_derived_geometry,0.29561583278139825,177.35118698727516,99.97682060531517,289.3330338514897,parallel_error_denominators_v2_side_by_side,development,1541.650390625,500,0.19389594324579768,15.484488586014743,0.9624043631928224,0.5645343417058784,False,True,False,False,1.6234128435898303,,False,False,4435667,3000,training_history_steps_captured_amp_skips_not_audited,M2_final_hard_q_consistency,sim36,success,5,1.6234128435898303,500,,,,,,
5,14.759861163762729,3.2507319963356878,-1.3044456755489944,included,clean_prior_sampling,frozen_deterministic_or_current_cgdr_arm,,,,,,,,False,0.7639243722791861,False,0.7617077683319697,-10.416526604772853,True,,,,,,,,,5.766548432297302,3.2507319963356878,5.766548432297302,0.7617077680065922,matching_p0,0,False,,False,100,100,84.50855014566332,,M4_per_step_quadratic_proximal_q_consistency,,1000,,deployable_external_eog_operator,matching_p0,False,deployable_or_support_derived_geometry,0.29561583278139825,177.35118698727516,99.97682060531517,576.5211781276488,parallel_error_denominators_v2_side_by_side,development,1541.650390625,500,0.19389594324579768,15.484488586014743,0.9624043631928224,4.581921320253263,False,True,False,False,3.199815615729464,,False,False,4435667,3000,training_history_steps_captured_amp_skips_not_audited,M4_per_step_quadratic_proximal_q_consistency,sim36,success,5,3.199815615729464,500,,,,,,
,20.657892416922206,0.5249636178656631,0.23741822820204672,included,no_learned_training,frozen_deterministic_or_current_cgdr_arm,,,,,,,,False,0.92496689536134,False,0.26387598052103023,4.837142353543308,True,,,,,,,,,0.9312450645050816,0.5249636178656631,0.9312450645050816,0.2638759799931195,matching_p0,,False,,False,0,0,0.0007619764655828476,,hard_Q_matching_p0_y,,0,,deployable_external_eog_operator,matching_p0,False,deployable_or_support_derived_geometry,0.29561583278139825,177.35118698727516,99.97682060531517,93.1029207536097,parallel_error_denominators_v2_side_by_side,development,0.0,,0.19389594324579768,15.484488586014743,0.9624043631928224,0.29326794015997665,False,True,False,False,0.5526389689076984,,False,,,,,deterministic_Qy,sim36,success,,0.5526389689076984,0,,,,,,
,5.4621216206810095,0.5712979293401262,0.6187091141010234,included,no_learned_training,frozen_deterministic_or_current_cgdr_arm,,,,,,,,False,0.9380325729186649,False,0.13193799026051511,4.690803588329182,True,,,,,,,,,1.0134385678439672,0.5712979293401262,1.0134385678439672,0.13193798976503096,matching_p0,,False,,False,0,0,0.00024012848734855652,,deterministic_soft_proximal,,0,,deployable_external_eog_operator,matching_p0,False,deployable_or_support_derived_geometry,0.29561583278139825,177.35118698727516,99.97682060531517,101.32036589184384,parallel_error_denominators_v2_side_by_side,development,0.0,,0.19389594324579768,15.484488586014743,0.9624043631928224,0.21581690802965026,False,True,False,False,0.5620286359056613,,False,,,,,deterministic_soft_proximal,sim36,success,,0.5620286359056613,0,,,,,,
,19.939959500186024,0.3240255206911778,0.36466535869649586,included,paired_supervised_clean_target_stronger_differently_supervised_exploratory,frozen_deterministic_or_current_cgdr_arm,,,,,,,,False,0.9815595056569454,False,0.00730019691658856,9.78674678100793,True,,matching_p0,,,,,,,0.5747963414001097,0.3240255206911778,0.5747963414001097,0.007300196913681936,matching_p0,,False,,False,1,1,0.08010827098041773,,task_matched_multichannel_deterministic_UNet,,2,2,deployable_external_eog_operator,matching_p0,False,deployable_or_support_derived_geometry,0.29561583278139825,177.35118698727516,99.97682060531517,57.466310708750264,parallel_error_denominators_v2_side_by_side,development,265.06640625,,0.19389594324579768,15.484488586014743,0.9624043631928224,0.12758679329065808,False,True,False,False,0.31258007009295286,,False,,,,,task_matched_multichannel_deterministic_UNet,sim36,success,,0.31258007009295286,1,4557587,,6000,,6000,946.5513398670591
5,14.32069860276094,1.1285169327833249,-0.8104123926934375,included,paired_supervised_epsilon_prediction_operator_conditioned_diffusion,operator_conditioned_diffusion,6000,query_derived_oracle_projector,68,4563667,valid_time_masked_epsilon_MSE,835.6562490770593,154,False,0.40430661146219177,False,2.3970641669314343,-7.500743385561972,False,6000,,68,6000,4557587,paired_task_loss,833.7473276946694,154,2.0019022044567922,1.1285169327833249,2.0019022044567922,2.397064166270073,query_derived_oracle_projector,,False,6000,False,100,100,27.711334626190364,6000,task_matched_multichannel_operator_conditioned_diffusion_DDIM100,4563667,1000,1000,nondeployable_query_clean_mechanism_upper_bound,query_derived_oracle_projector,False,nondeployable_query_clean_oracle_geometry,0.29561583278139825,177.35118698727516,99.97682060531517,200.14381756436168,parallel_error_denominators_v2_side_by_side,development,404.71142578125,,0.0,2.0913097891518726e-06,1.0,0.9112725351798908,True,False,True,False,2.287366691005237,True,False,False,,,,task_matched_multichannel_operator_conditioned_diffusion_DDIM100,sim36,success,,2.287366691005237,500,,False,,6000,,835.6562490770593
5,0.2166159991967456,0.9799345875813813,0.8039320221703938,included,clean_prior_sampling,frozen_deterministic_or_current_cgdr_arm,,,,,,,,False,0.8290054172155973,False,0.28270214916406067,-0.08935489598151419,False,,,,,,,,,1.7383285568115416,0.9799345875813813,1.7383285568115416,0.282702148935498,query_derived_oracle_projector,0,False,,False,100,100,81.65821011457592,,M1_observation_warm_start_sdedit,,1000,,nondeployable_query_clean_mechanism_upper_bound,query_derived_oracle_projector,False,nondeployable_query_clean_oracle_geometry,0.29561583278139825,177.35118698727516,99.97682060531517,173.79256227744392,parallel_error_denominators_v2_side_by_side,development,1541.650390625,500,0.0,2.0913097891518726e-06,1.0,0.9865914941665616,True,False,True,False,0.9744652758927077,,False,False,4435667,3000,training_history_steps_captured_amp_skips_not_audited,M1_observation_warm_start_sdedit,sim36,success,5,0.9744652758927077,500,,,,,,
5,14.663267660080239,1.6551091002868163,-0.292941464214292,included,clean_prior_sampling,frozen_deterministic_or_current_cgdr_arm,,,,,,,,False,0.6903388321950449,False,1.8976610249842829e-07,-4.376532531308736,False,,,,,,,,,2.9360361907098134,1.6551091002868163,2.9360361907098134,1.9747516376002246e-07,query_derived_oracle_projector,0,False,,False,100,100,75.69358752761036,,M2_final_hard_q_consistency,,1000,,nondeployable_query_clean_mechanism_upper_bound,query_derived_oracle_projector,False,nondeployable_query_clean_oracle_geometry,0.29561583278139825,177.35118698727516,99.97682060531517,293.5355635293079,parallel_error_denominators_v2_side_by_side,development,1541.650390625,500,0.0,2.0913097891518726e-06,1.0,0.5160961603848206,True,False,True,False,1.5963394626299703,,False,False,4435667,3000,training_history_steps_captured_amp_skips_not_audited,M2_final_hard_q_consistency,sim36,success,5,1.5963394626299703,500,,,,,,
5,2.667435167917552,3.3634405915384034,-1.442844587002412,included,clean_prior_sampling,frozen_deterministic_or_current_cgdr_arm,,,,,,,,False,0.7686311571323067,False,0.009687157323527384,-10.535702501334175,False,,,,,,,,,5.96648480776759,3.3634405915384034,5.96648480776759,0.009687157225644144,query_derived_oracle_projector,0,False,,False,100,100,75.70617655012757,,M4_per_step_quadratic_proximal_q_consistency,,1000,,nondeployable_query_clean_mechanism_upper_bound,query_derived_oracle_projector,False,nondeployable_query_clean_oracle_geometry,0.29561583278139825,177.35118698727516,99.97682060531517,596.5101812705187,parallel_error_denominators_v2_side_by_side,development,1541.650390625,500,0.0,2.0913097891518726e-06,1.0,3.318450269065829,True,False,True,False,3.2440216828101107,,False,False,4435667,3000,training_history_steps_captured_amp_skips_not_audited,M4_per_step_quadratic_proximal_q_consistency,sim36,success,5,3.2440216828101107,500,,,,,,
,24.548742720259668,0.5637223088475212,0.21893322155317352,included,no_learned_training,frozen_deterministic_or_current_cgdr_arm,,,,,,,,False,0.941173957941533,False,6.542878315351498e-16,4.97869555984372,False,,,,,,,,,1.0000000000000004,0.5637223088475212,1.0000000000000004,5.4664250796647695e-08,query_derived_oracle_projector,,False,,False,0,0,0.0007959464564919472,,deterministic_Qy,,0,,nondeployable_query_clean_mechanism_upper_bound,query_derived_oracle_projector,False,nondeployable_query_clean_oracle_Qy,0.29561583278139825,177.35118698727516,99.97682060531517,99.97682060531521,parallel_error_denominators_v2_side_by_side,development,0.0,,0.0,2.0913097891518726e-06,1.0,0.32396410512136936,True,False,True,False,0.5437056490247276,,False,,,,,deterministic_Qy,sim36,success,,0.5437056490247276,0,,,,,,
,5.777832230015287,0.5646217595248456,0.6094666107765867,included,no_learned_training,frozen_deterministic_or_current_cgdr_arm,,,,,,,,False,0.9482953290705955,False,3.339911597335183e-16,4.964847778494224,False,,,,,,,,,1.0015955562928909,0.5646217595248456,1.0015955562928909,5.466425079665923e-08,query_derived_oracle_projector,,False,,False,0,0,0.00021724030375480652,,deterministic_soft_proximal,,0,,nondeployable_query_clean_mechanism_upper_bound,query_derived_oracle_projector,False,nondeployable_query_clean_oracle_geometry,0.29561583278139825,177.35118698727516,99.97682060531517,100.1363392505752,parallel_error_denominators_v2_side_by_side,development,0.0,,0.0,2.0913097891518726e-06,1.0,0.18354825095831945,True,False,True,False,0.5445731619945092,,False,,,,,deterministic_soft_proximal,sim36,success,,0.5445731619945092,0,,,,,,
,17.082466769337707,0.3154040100465836,0.3790035797880409,included,paired_supervised_clean_target_stronger_differently_supervised_exploratory,frozen_deterministic_or_current_cgdr_arm,,,,,,,,False,0.9825541457290545,False,0.006604097249060182,10.021214279134497,False,,query_derived_oracle_projector,,,,,,,0.559502444903056,0.3154040100465836,0.559502444903056,0.006604096921786097,query_derived_oracle_projector,,False,,False,1,1,0.10312893148511648,,task_matched_multichannel_deterministic_UNet,,2,2,nondeployable_query_clean_mechanism_upper_bound,query_derived_oracle_projector,False,nondeployable_query_clean_oracle_geometry,0.29561583278139825,177.35118698727516,99.97682060531517,55.93727556230806,parallel_error_denominators_v2_side_by_side,development,265.06640625,,0.0,2.0913097891518726e-06,1.0,0.12892450411925058,True,False,True,False,0.3042551298465789,,False,,,,,task_matched_multichannel_deterministic_UNet,sim36,success,,0.3042551298465789,1,4557587,,6000,,6000,833.7473276946694
5,5.935675530347587,1.0567497239500467,-0.6180521570528854,included,paired_supervised_epsilon_prediction_operator_conditioned_diffusion,operator_conditioned_diffusion,6000,population_projector,68,4563667,valid_time_masked_epsilon_MSE,686.1026103699987,154,False,0.535840022830917,False,2.105143131853664,-6.971427438449727,True,6000,,68,6000,4557587,paired_task_loss,881.0162402186543,154,1.359201257263022,1.0567497239500467,1.359201257263022,2.105143131312288,population_projector,,False,6000,False,100,100,25.44276037439704,6000,task_matched_multichannel_operator_conditioned_diffusion_DDIM100,4563667,1000,1000,deployable_external_eog_operator,population_projector,False,deployable_or_support_derived_geometry,0.40953421608470236,179.8449690226831,139.82559268023678,190.05112136852506,parallel_error_denominators_v2_side_by_side,development,404.71142578125,,0.02518824708751783,1.872808738356343,0.9993655522086579,0.5748275935373202,False,True,False,False,1.8366571449814795,True,False,False,,,,task_matched_multichannel_operator_conditioned_diffusion_DDIM100,sim44,success,,1.8366571449814795,500,,False,,6000,,686.1026103699987
5,0.1828234718667761,0.9763057869322314,0.7739500733598637,included,clean_prior_sampling,frozen_deterministic_or_current_cgdr_arm,,,,,,,,False,0.8592018539759426,False,0.30979753340914645,-0.15702299715589993,True,,,,,,,,,1.2557335223247061,0.9763057869322314,1.2557335223247061,0.3097975334200693,population_projector,0,False,,False,100,100,81.25416856398806,,M1_observation_warm_start_sdedit,,1000,,deployable_external_eog_operator,population_projector,False,deployable_or_support_derived_geometry,0.40953421608470236,179.8449690226831,139.82559268023678,175.5836840074934,parallel_error_denominators_v2_side_by_side,development,1541.650390625,500,0.02518824708751783,1.872808738356343,0.9993655522086579,1.0597716125970151,False,True,False,False,0.8381232156346797,,False,False,4435667,3000,training_history_steps_captured_amp_skips_not_audited,M1_observation_warm_start_sdedit,sim44,success,5,0.8381232156346797,500,,,,,,
5,7.630009064173721,1.6992197419300274,-0.26365226524922014,included,clean_prior_sampling,frozen_deterministic_or_current_cgdr_arm,,,,,,,,False,0.745086583531265,False,0.03556681083169959,-4.606648861089878,True,,,,,,,,,2.185552129566127,1.6992197419300274,2.185552129566127,0.03556681101228977,population_projector,0,False,,False,100,100,78.31090913619846,,M2_final_hard_q_consistency,,1000,,deployable_external_eog_operator,population_projector,False,deployable_or_support_derived_geometry,0.40953421608470236,179.8449690226831,139.82559268023678,305.59612185013737,parallel_error_denominators_v2_side_by_side,development,1541.650390625,500,0.02518824708751783,1.872808738356343,0.9993655522086579,0.6114393070365406,False,True,False,False,1.3989080321422986,,False,False,4435667,3000,training_history_steps_captured_amp_skips_not_audited,M2_final_hard_q_consistency,sim44,success,5,1.3989080321422986,500,,,,,,
5,0.4499221747205472,4.19239689903187,-1.9426321193520981,included,clean_prior_sampling,frozen_deterministic_or_current_cgdr_arm,,,,,,,,False,0.8019115351477295,False,0.06882241375123886,-12.450267702908686,True,,,,,,,,,5.392299621153321,4.19239689903187,5.392299621153321,0.06882241424189764,population_projector,0,False,,False,100,100,78.61946023255587,,M4_per_step_quadratic_proximal_q_consistency,,1000,,deployable_external_eog_operator,population_projector,False,deployable_or_support_derived_geometry,0.40953421608470236,179.8449690226831,139.82559268023678,753.9814904371793,parallel_error_denominators_v2_side_by_side,development,1541.650390625,500,0.02518824708751783,1.872808738356343,0.9993655522086579,12.940793275062182,False,True,False,False,3.4511998260659027,,False,False,4435667,3000,training_history_steps_captured_amp_skips_not_audited,M4_per_step_quadratic_proximal_q_consistency,sim44,success,5,3.4511998260659027,500,,,,,,
,14.761455032697583,0.7760934074606433,0.24649220014535544,included,no_learned_training,frozen_deterministic_or_current_cgdr_arm,,,,,,,,False,0.9255482595859836,False,0.02325608967157578,2.1983227568922867,True,,,,,,,,,0.9982185102741636,0.7760934074606433,0.9982185102741636,0.02325608962910029,population_projector,,False,,False,0,0,0.0003616372123360634,,hard_Q_population_projector_y,,0,,deployable_external_eog_operator,population_projector,False,deployable_or_support_derived_geometry,0.40953421608470236,179.8449690226831,139.82559268023678,139.57649482346795,parallel_error_denominators_v2_side_by_side,development,0.0,,0.02518824708751783,1.872808738356343,0.9993655522086579,0.4675448129283058,False,True,False,False,0.6390584517179729,,False,,,,,deterministic_Qy,sim44,success,,0.6390584517179729,0,,,,,,
,6.702809545435926,0.6111656529176869,0.6232461000726777,included,no_learned_training,frozen_deterministic_or_current_cgdr_arm,,,,,,,,False,0.952234801701768,False,0.01162804483578789,4.275451304003984,True,,,,,,,,,0.7860869087683466,0.6111656529176869,0.7860869087683466,0.011628044795748256,population_projector,,False,,False,0,0,0.0005940129049122334,,deterministic_soft_proximal,,0,,deployable_external_eog_operator,population_projector,False,deployable_or_support_derived_geometry,0.40953421608470236,179.8449690226831,139.82559268023678,109.91506791670929,parallel_error_denominators_v2_side_by_side,development,0.0,,0.02518824708751783,1.872808738356343,0.9993655522086579,0.37153386465496197,False,True,False,False,0.5031345666695433,,False,,,,,deterministic_soft_proximal,sim44,success,,0.5031345666695433,0,,,,,,
,22.09913264208844,0.2356951652650279,0.5036149199321798,included,paired_supervised_clean_target_stronger_differently_supervised_exploratory,frozen_deterministic_or_current_cgdr_arm,,,,,,,,False,0.9934645713029041,False,0.006788143113650163,12.549848111204504,True,,population_projector,,,,,,,0.30315329893020654,0.2356951652650279,0.30315329893020654,0.0067881429723357116,population_projector,,False,,False,1,1,0.6780610489659011,,task_matched_multichannel_deterministic_UNet,,2,2,deployable_external_eog_operator,population_projector,False,deployable_or_support_derived_geometry,0.40953421608470236,179.8449690226831,139.82559268023678,42.388589695885116,parallel_error_denominators_v2_side_by_side,development,256.94140625,,0.02518824708751783,1.872808738356343,0.9993655522086579,0.05801623989338013,False,True,False,False,0.19407264066589677,,False,,,,,task_matched_multichannel_deterministic_UNet,sim44,success,,0.19407264066589677,1,4557587,,6000,,6000,881.0162402186543
5,7.523263759200688,1.1481250135830374,-0.633306860769794,included,paired_supervised_epsilon_prediction_operator_conditioned_diffusion,operator_conditioned_diffusion,6000,matching_p0,68,4563667,valid_time_masked_epsilon_MSE,691.4832467429806,154,False,0.516151821712884,False,2.1292977884926008,-7.217792410119133,True,6000,,68,6000,4557587,paired_task_loss,946.5513398670591,154,1.4767289989194798,1.1481250135830374,1.4767289989194798,2.1292977879482597,matching_p0,,False,6000,False,100,100,24.91908985376358,6000,task_matched_multichannel_operator_conditioned_diffusion_DDIM100,4563667,1000,1000,deployable_external_eog_operator,matching_p0,False,deployable_or_support_derived_geometry,0.40953421608470236,179.8449690226831,139.82559268023678,206.484507502009,parallel_error_denominators_v2_side_by_side,development,404.71142578125,,0.07193648107190186,5.502950368737901,0.9948251426909916,0.665556538335276,False,True,False,False,1.8894975852495515,True,False,False,,,,task_matched_multichannel_operator_conditioned_diffusion_DDIM100,sim44,success,,1.8894975852495515,500,,False,,6000,,691.4832467429806
5,0.1828214856070715,0.9763058641127368,0.773950027020443,included,clean_prior_sampling,frozen_deterministic_or_current_cgdr_arm,,,,,,,,False,0.8592018459955737,False,0.3097976745626746,-0.15702394768545064,True,,,,,,,,,1.2557336215949852,0.9763058641127368,1.2557336215949852,0.3097976745736015,matching_p0,0,False,,False,100,100,76.92367017874494,,M1_observation_warm_start_sdedit,,1000,,deployable_external_eog_operator,matching_p0,False,deployable_or_support_derived_geometry,0.40953421608470236,179.8449690226831,139.82559268023678,175.583697888019,parallel_error_denominators_v2_side_by_side,development,1541.650390625,500,0.07193648107190186,5.502950368737901,0.9948251426909916,1.0597716919421332,False,True,False,False,0.8381233073536585,,False,False,4435667,3000,training_history_steps_captured_amp_skips_not_audited,M1_observation_warm_start_sdedit,sim44,success,5,0.8381233073536585,500,,,,,,
5,7.7733671937876405,1.6933313171321283,-0.26074967015208195,included,clean_prior_sampling,frozen_deterministic_or_current_cgdr_arm,,,,,,,,False,0.7414262986803891,False,0.08800841241312843,-4.585051011037521,True,,,,,,,,,2.1779783831934414,1.6933313171321283,2.1779783831934414,0.08800841229775465,matching_p0,0,False,,False,100,100,76.84963665856048,,M2_final_hard_q_consistency,,1000,,deployable_external_eog_operator,matching_p0,False,deployable_or_support_derived_geometry,0.40953421608470236,179.8449690226831,139.82559268023678,304.5371182747668,parallel_error_denominators_v2_side_by_side,development,1541.650390625,500,0.07193648107190186,5.502950368737901,0.9948251426909916,0.6084371551470361,False,True,False,False,1.395433906312888,,False,False,4435667,3000,training_history_steps_captured_amp_skips_not_audited,M2_final_hard_q_consistency,sim44,success,5,1.395433906312888,500,,,,,,
5,-1.2071912292909,4.178263018839164,-1.9302213000079251,included,clean_prior_sampling,frozen_deterministic_or_current_cgdr_arm,,,,,,,,False,0.8036472269573363,False,0.17558838625433731,-12.42659481134827,True,,,,,,,,,5.374120493879814,4.178263018839164,5.374120493879814,0.17558838644235028,matching_p0,0,False,,False,100,100,82.94921161606908,,M4_per_step_quadratic_proximal_q_consistency,,1000,,deployable_external_eog_operator,matching_p0,False,deployable_or_support_derived_geometry,0.40953421608470236,179.8449690226831,139.82559268023678,751.4395831917518,parallel_error_denominators_v2_side_by_side,development,1541.650390625,500,0.07193648107190186,5.502950368737901,0.9948251426909916,12.44428666965227,False,True,False,False,3.441806586046087,,False,False,4435667,3000,training_history_steps_captured_amp_skips_not_audited,M4_per_step_quadratic_proximal_q_consistency,sim44,success,5,3.441806586046087,500,,,,,,
,14.75926690837152,0.7827221608812556,0.24382101564391823,included,no_learned_training,frozen_deterministic_or_current_cgdr_arm,,,,,,,,False,0.9232893514070847,False,0.058932450486626195,2.106443706902666,True,,,,,,,,,1.006744474160584,0.7827221608812556,1.006744474160584,0.05893245029828582,matching_p0,,False,,False,0,0,0.0008551310747861862,,hard_Q_matching_p0_y,,0,,deployable_external_eog_operator,matching_p0,False,deployable_or_support_derived_geometry,0.40953421608470236,179.8449690226831,139.82559268023678,140.76864277705698,parallel_error_denominators_v2_side_by_side,development,0.0,,0.07193648107190186,5.502950368737901,0.9948251426909916,0.46868478238466993,False,True,False,False,0.6458542702427688,,False,,,,,deterministic_Qy,sim44,success,,0.6458542702427688,0,,,,,,
,6.678853866645539,0.614604802017786,0.6219105078219591,included,no_learned_training,frozen_deterministic_or_current_cgdr_arm,,,,,,,,False,0.95433859949441,False,0.029466225243313098,4.219389650278675,True,,,,,,,,,0.7905103741119636,0.614604802017786,0.7905103741119636,0.02946622506100837,matching_p0,,False,,False,0,0,0.00018789200112223625,,deterministic_soft_proximal,,0,,deployable_external_eog_operator,matching_p0,False,deployable_or_support_derived_geometry,0.40953421608470236,179.8449690226831,139.82559268023678,110.533581580081,parallel_error_denominators_v2_side_by_side,development,0.0,,0.07193648107190186,5.502950368737901,0.9948251426909916,0.38560181855993864,False,True,False,False,0.5063924689098306,,False,,,,,deterministic_soft_proximal,sim44,success,,0.5063924689098306,0,,,,,,
,23.420664134095905,0.23663895294363016,0.5194046935662309,included,paired_supervised_clean_target_stronger_differently_supervised_exploratory,frozen_deterministic_or_current_cgdr_arm,,,,,,,,False,0.9934172733075013,False,0.007337133834323182,12.514638124758097,True,,matching_p0,,,,,,,0.30436720736119294,0.23663895294363016,0.30436720736119294,0.0073371338146434855,matching_p0,,False,,False,1,1,0.07961115194484591,,task_matched_multichannel_deterministic_UNet,,2,2,deployable_external_eog_operator,matching_p0,False,deployable_or_support_derived_geometry,0.40953421608470236,179.8449690226831,139.82559268023678,42.55832516170733,parallel_error_denominators_v2_side_by_side,development,265.06640625,,0.07193648107190186,5.502950368737901,0.9948251426909916,0.04871942841532913,False,True,False,False,0.19486094953565797,,False,,,,,task_matched_multichannel_deterministic_UNet,sim44,success,,0.19486094953565797,1,4557587,,6000,,6000,946.5513398670591
5,8.924337687935115,1.132650441278128,-0.6673977197016963,included,paired_supervised_epsilon_prediction_operator_conditioned_diffusion,operator_conditioned_diffusion,6000,query_derived_oracle_projector,68,4563667,valid_time_masked_epsilon_MSE,835.6562490770593,154,False,0.5088921584472323,False,2.1343105953528254,-7.204034432204059,False,6000,,68,6000,4557587,paired_task_loss,833.7473276946694,154,1.4568254610658613,1.132650441278128,1.4568254610658613,2.1343105947205636,query_derived_oracle_projector,,False,6000,False,100,100,25.087340618483722,6000,task_matched_multichannel_operator_conditioned_diffusion_DDIM100,4563667,1000,1000,nondeployable_query_clean_mechanism_upper_bound,query_derived_oracle_projector,False,nondeployable_query_clean_oracle_geometry,0.40953421608470236,179.8449690226831,139.82559268023678,203.70148352519328,parallel_error_denominators_v2_side_by_side,development,404.71142578125,,0.0,0.0,0.9999999999999992,0.5311136799284896,True,False,True,False,1.886507092607549,True,False,False,,,,task_matched_multichannel_operator_conditioned_diffusion_DDIM100,sim44,success,,1.886507092607549,500,,False,,6000,,835.6562490770593
5,0.18282107116170374,0.9763059279965334,0.773950141597995,included,clean_prior_sampling,frozen_deterministic_or_current_cgdr_arm,,,,,,,,False,0.8592019269482883,False,0.30979749111989313,-0.15702405526110125,False,,,,,,,,,1.2557337037629148,0.9763059279965334,1.2557337037629148,0.3097974911308655,query_derived_oracle_projector,0,False,,False,100,100,81.61161390738562,,M1_observation_warm_start_sdedit,,1000,,nondeployable_query_clean_mechanism_upper_bound,query_derived_oracle_projector,False,nondeployable_query_clean_oracle_geometry,0.40953421608470236,179.8449690226831,139.82559268023678,175.58370937719843,parallel_error_denominators_v2_side_by_side,development,1541.650390625,500,0.0,0.0,0.9999999999999992,1.0597720258685566,True,False,True,False,0.8381233177339033,,False,False,4435667,3000,training_history_steps_captured_amp_skips_not_audited,M1_observation_warm_start_sdedit,sim44,success,5,0.8381233177339033,500,,,,,,
5,7.67848952372751,1.694615889471108,-0.26056933619108547,included,clean_prior_sampling,frozen_deterministic_or_current_cgdr_arm,,,,,,,,False,0.7377513893436657,False,1.7806956618613575e-07,-4.581425484557535,False,,,,,,,,,2.179630612002795,1.694615889471108,2.179630612002795,1.8634441287574112e-07,query_derived_oracle_projector,0,False,,False,100,100,77.43681551422924,,M2_final_hard_q_consistency,,1000,,nondeployable_query_clean_mechanism_upper_bound,query_derived_oracle_projector,False,nondeployable_query_clean_oracle_geometry,0.40953421608470236,179.8449690226831,139.82559268023678,304.768142147278,parallel_error_denominators_v2_side_by_side,development,1541.650390625,500,0.0,0.0,0.9999999999999992,0.6130921479668768,True,False,True,False,1.3948515679371847,,False,False,4435667,3000,training_history_steps_captured_amp_skips_not_audited,M2_final_hard_q_consistency,sim44,success,5,1.3948515679371847,500,,,,,,
5,0.07735695772857229,4.2072583771533605,-1.9521075693124628,included,clean_prior_sampling,frozen_deterministic_or_current_cgdr_arm,,,,,,,,False,0.7975432068752266,False,0.01408684999373983,-12.480026108583749,False,,,,,,,,,5.411414591604424,4.2072583771533605,5.411414591604424,0.014086850024373283,query_derived_oracle_projector,0,False,,False,100,100,87.57678970461711,,M4_per_step_quadratic_proximal_q_consistency,,1000,,nondeployable_query_clean_mechanism_upper_bound,query_derived_oracle_projector,False,nondeployable_query_clean_oracle_geometry,0.40953421608470236,179.8449690226831,139.82559268023678,756.65425250957,parallel_error_denominators_v2_side_by_side,development,1541.650390625,500,0.0,0.0,0.9999999999999992,12.90175268754118,True,False,True,False,3.463044132404316,,False,False,4435667,3000,training_history_steps_captured_amp_skips_not_audited,M4_per_step_quadratic_proximal_q_consistency,sim44,success,5,3.463044132404316,500,,,,,,
,14.751953785495965,0.7774784773801543,0.24612606742219567,included,no_learned_training,frozen_deterministic_or_current_cgdr_arm,,,,,,,,False,0.9235177178959821,False,1.2797398238301498e-15,2.1862324906375554,False,,,,,,,,,0.9999999999999992,0.7774784773801543,0.9999999999999992,5.456889791451454e-08,query_derived_oracle_projector,,False,,False,0,0,0.0003712219186127186,,deterministic_Qy,,0,,nondeployable_query_clean_mechanism_upper_bound,query_derived_oracle_projector,False,nondeployable_query_clean_oracle_Qy,0.40953421608470236,179.8449690226831,139.82559268023678,139.82559268023667,parallel_error_denominators_v2_side_by_side,development,0.0,,0.0,0.0,0.9999999999999992,0.470510292321726,True,False,True,False,0.6399486042524853,,False,,,,,deterministic_Qy,sim44,success,,0.6399486042524853,0,,,,,,
,6.6986960415251415,0.6118223087664567,0.6230630337110978,included,no_learned_training,frozen_deterministic_or_current_cgdr_arm,,,,,,,,False,0.9534612332437858,False,6.433780543011976e-16,4.26749382922581,False,,,,,,,,,0.7869315055872613,0.6118223087664567,0.7869315055872613,5.456889791218909e-08,query_derived_oracle_projector,,False,,False,0,0,0.0002840626984834671,,deterministic_soft_proximal,,0,,nondeployable_query_clean_mechanism_upper_bound,query_derived_oracle_projector,False,nondeployable_query_clean_oracle_geometry,0.40953421608470236,179.8449690226831,139.82559268023678,110.03316416748987,parallel_error_denominators_v2_side_by_side,development,0.0,,0.0,0.0,0.9999999999999992,0.37577425102553075,True,False,True,False,0.5035957186428759,,False,,,,,deterministic_soft_proximal,sim44,success,,0.5035957186428759,0,,,,,,
,25.459408271068842,0.22748087238605316,0.49413144506440687,included,paired_supervised_clean_target_stronger_differently_supervised_exploratory,frozen_deterministic_or_current_cgdr_arm,,,,,,,,False,0.9940006623621845,False,0.007183335353418027,12.857329709369056,False,,query_derived_oracle_projector,,,,,,,0.29258799954513004,0.22748087238605316,0.29258799954513004,0.007183335207503004,query_derived_oracle_projector,,False,,False,1,1,0.08887325180694461,,task_matched_multichannel_deterministic_UNet,,2,2,nondeployable_query_clean_mechanism_upper_bound,query_derived_oracle_projector,False,nondeployable_query_clean_oracle_geometry,0.40953421608470236,179.8449690226831,139.82559268023678,40.91129044752266,parallel_error_denominators_v2_side_by_side,development,265.06640625,,0.0,0.0,0.9999999999999992,0.06011462642304629,True,False,True,False,0.18732262509673359,,False,,,,,task_matched_multichannel_deterministic_UNet,sim44,success,,0.18732262509673359,1,4557587,,6000,,6000,833.7473276946694
5,12.035607293852648,0.6735352042541091,-0.6509918923713685,included,paired_supervised_epsilon_prediction_operator_conditioned_diffusion,operator_conditioned_diffusion,6000,population_projector,68,4563667,valid_time_masked_epsilon_MSE,686.1026103699987,154,False,0.4828554014983372,False,2.1817822518025904,-4.181530511965689,True,6000,,68,6000,4557587,paired_task_loss,881.0162402186543,154,1.5430736486029244,0.6735352042541091,1.5430736486029244,2.1817822520537535,population_projector,,False,6000,False,100,100,22.560047806997318,6000,task_matched_multichannel_operator_conditioned_diffusion_DDIM100,4563667,1000,1000,deployable_external_eog_operator,population_projector,False,deployable_or_support_derived_geometry,0.29518574419544946,287.5555960908747,125.51495343260723,193.67881714747938,parallel_error_denominators_v2_side_by_side,development,404.82861328125,,0.025188247583929013,1.8728087822016872,0.9993655521836509,0.6498000323546276,False,True,False,False,2.0144225292292597,True,False,False,,,,task_matched_multichannel_operator_conditioned_diffusion_DDIM100,sim45,success,,2.0144225292292597,500,,False,,6000,,686.1026103699987
5,0.15224546995222504,0.9754416619206234,0.7980969353111576,included,clean_prior_sampling,frozen_deterministic_or_current_cgdr_arm,,,,,,,,False,0.77504366661163,False,0.2944670242025212,0.03956076936345089,True,,,,,,,,,2.234743358257021,0.9754416619206234,2.234743358257021,0.2944670242945377,population_projector,0,False,,False,100,100,82.7513273395598,,M1_observation_warm_start_sdedit,,1000,,deployable_external_eog_operator,population_projector,False,deployable_or_support_derived_geometry,0.2951857441954496,287.5555960908747,125.51495343260726,280.49370854545833,parallel_error_denominators_v2_side_by_side,development,1541.650390625,500,0.025188247583929145,1.872808782201882,0.9993655521836509,2.3870560832325545,False,True,False,False,1.2390704672293098,,False,False,4435667,3000,training_history_steps_captured_amp_skips_not_audited,M1_observation_warm_start_sdedit,sim45,success,5,1.2390704672293098,500,,,,,,
5,11.604087240702388,1.2272266121896604,-0.26484876662429024,included,clean_prior_sampling,frozen_deterministic_or_current_cgdr_arm,,,,,,,,False,0.7427011504168565,False,0.04033614169038831,-1.780629035388519,True,,,,,,,,,2.811584359916629,1.2272266121896604,2.811584359916629,0.04033614163447602,population_projector,0,False,,False,100,100,82.11961529497057,,M2_final_hard_q_consistency,,1000,,deployable_external_eog_operator,population_projector,False,deployable_or_support_derived_geometry,0.2951857441954496,287.5555960908747,125.51495343260726,352.89588000678253,parallel_error_denominators_v2_side_by_side,development,1541.650390625,500,0.025188247583929145,1.872808782201882,0.9993655521836509,0.768397397223037,False,True,False,False,1.5279371700915623,,False,False,4435667,3000,training_history_steps_captured_amp_skips_not_audited,M2_final_hard_q_consistency,sim45,success,5,1.5279371700915623,500,,,,,,
5,3.2597877034740863,2.921024985766878,-1.6518750365179526,included,clean_prior_sampling,frozen_deterministic_or_current_cgdr_arm,,,,,,,,False,0.8288570285035566,False,0.07104949963439681,-9.311874139351083,True,,,,,,,,,6.692087739406537,2.921024985766878,6.692087739406537,0.07104949950961545,population_projector,0,False,,False,100,100,82.37424920266494,,M4_per_step_quadratic_proximal_q_consistency,,1000,,deployable_external_eog_operator,population_projector,False,deployable_or_support_derived_geometry,0.2951857441954496,287.5555960908747,125.51495343260726,839.9570809785334,parallel_error_denominators_v2_side_by_side,development,1541.650390625,500,0.025188247583929145,1.872808782201882,0.9993655521836509,10.448311210390797,False,True,False,False,3.6363673634082976,,False,False,4435667,3000,training_history_steps_captured_amp_skips_not_audited,M4_per_step_quadratic_proximal_q_consistency,sim45,success,5,3.6363673634082976,500,,,,,,
,20.40809943552425,0.4348837767760613,0.20811265252763345,included,no_learned_training,frozen_deterministic_or_current_cgdr_arm,,,,,,,,False,0.9399575063920345,False,0.02816812849283049,7.224255178400062,True,,,,,,,,,0.9963216353200183,0.4348837767760613,0.9963216353200183,0.02816812840080593,population_projector,,False,,False,0,0,0.0005435459315776825,,hard_Q_population_projector_y,,0,,deployable_external_eog_operator,population_projector,False,deployable_or_support_derived_geometry,0.2951857441954496,287.5555960908747,125.51495343260726,125.05326366109121,parallel_error_denominators_v2_side_by_side,development,0.0,,0.025188247583929145,1.872808782201882,0.9993655521836509,0.38512427547363426,False,True,False,False,0.5418278017931043,,False,,,,,deterministic_Qy,sim45,success,,0.5418278017931043,0,,,,,,
,5.669545077524639,0.559523072921143,0.6040563262638168,included,no_learned_training,frozen_deterministic_or_current_cgdr_arm,,,,,,,,False,0.9101707286028915,False,0.014084064246415244,5.042388389403131,True,,,,,,,,,1.2818710947204073,0.559523072921143,1.2818710947204073,0.014084064153226628,population_projector,,False,,False,0,0,0.001451685093343258,,deterministic_soft_proximal,,0,,deployable_external_eog_operator,population_projector,False,deployable_or_support_derived_geometry,0.2951857441954496,287.5555960908747,125.51495343260726,160.89399076043722,parallel_error_denominators_v2_side_by_side,development,0.0,,0.025188247583929145,1.872808782201882,0.9993655521836509,0.4678233760838754,False,True,False,False,0.6965537342846343,,False,,,,,deterministic_soft_proximal,sim45,success,,0.6965537342846343,0,,,,,,
,21.100215818195714,0.20068246161002237,0.3483887362671655,included,paired_supervised_clean_target_stronger_differently_supervised_exploratory,frozen_deterministic_or_current_cgdr_arm,,,,,,,,False,0.9883421295365914,False,0.0068915864264585186,13.94748237068857,True,,population_projector,,,,,,,0.45976485904716424,0.20068246161002237,0.45976485904716424,0.006891586377794442,population_projector,,False,,False,1,1,0.6115403133444488,,task_matched_multichannel_deterministic_UNet,,2,2,deployable_external_eog_operator,population_projector,False,deployable_or_support_derived_geometry,0.2951857441954496,287.5555960908747,125.51495343260726,57.70736487325406,parallel_error_denominators_v2_side_by_side,development,256.94140625,,0.025188247583929145,1.872808782201882,0.9993655521836509,0.10597576239050745,False,True,False,False,0.24986183537790976,,False,,,,,task_matched_multichannel_deterministic_UNet,sim45,success,,0.24986183537790976,1,4557587,,6000,,6000,881.0162402186543
5,12.575068414135623,0.7254096608308547,-0.6906542941861775,included,paired_supervised_epsilon_prediction_operator_conditioned_diffusion,operator_conditioned_diffusion,6000,matching_p0,68,4563667,valid_time_masked_epsilon_MSE,691.4832467429806,154,False,0.4438637416277387,False,2.2282097861875885,-4.447965319315026,True,6000,,68,6000,4557587,paired_task_loss,946.5513398670591,154,1.6619183748675568,0.7254096608308547,1.6619183748675568,2.228209786383821,matching_p0,,False,6000,False,100,100,22.128512536990456,6000,task_matched_multichannel_operator_conditioned_diffusion_DDIM100,4563667,1000,1000,deployable_external_eog_operator,matching_p0,False,deployable_or_support_derived_geometry,0.29518574419544946,287.5555960908747,125.51495343260723,208.59560743029567,parallel_error_denominators_v2_side_by_side,development,404.82861328125,,0.17592431079651843,14.243443582172707,0.96905063687077,0.7475054345335794,False,True,False,False,2.0771712852545297,True,False,False,,,,task_matched_multichannel_operator_conditioned_diffusion_DDIM100,sim45,success,,2.0771712852545297,500,,False,,6000,,691.4832467429806
5,0.15224643118790707,0.9754415550221421,0.7980969097671494,included,clean_prior_sampling,frozen_deterministic_or_current_cgdr_arm,,,,,,,,False,0.7750437571180852,False,0.2944670461510341,0.0395616575857463,True,,,,,,,,,2.234743113351887,0.9754415550221421,2.234743113351887,0.29446704624308473,matching_p0,0,False,,False,100,100,81.04882237641141,,M1_observation_warm_start_sdedit,,1000,,deployable_external_eog_operator,matching_p0,False,deployable_or_support_derived_geometry,0.2951857441954496,287.5555960908747,125.51495343260726,280.49367780620184,parallel_error_denominators_v2_side_by_side,development,1541.650390625,500,0.17592431079651827,14.243443582172654,0.9690506368707702,2.3870553308277587,False,True,False,False,1.2390703405215109,,False,False,4435667,3000,training_history_steps_captured_amp_skips_not_audited,M1_observation_warm_start_sdedit,sim45,success,5,1.2390703405215109,500,,,,,,
5,11.817117659647465,1.2221283306308273,-0.26438682763274657,included,clean_prior_sampling,frozen_deterministic_or_current_cgdr_arm,,,,,,,,False,0.6739564205021422,False,0.29291506277046514,-1.8543694980275391,True,,,,,,,,,2.7999041628357557,1.2221283306308273,2.7999041628357557,0.292915062701778,matching_p0,0,False,,False,100,100,80.93988194689155,,M2_final_hard_q_consistency,,1000,,deployable_external_eog_operator,matching_p0,False,deployable_or_support_derived_geometry,0.2951857441954496,287.5555960908747,125.51495343260726,351.4298406140931,parallel_error_denominators_v2_side_by_side,development,1541.650390625,500,0.17592431079651827,14.243443582172654,0.9690506368707702,0.8875404067269469,False,True,False,False,1.5409640935959268,,False,False,4435667,3000,training_history_steps_captured_amp_skips_not_audited,M2_final_hard_q_consistency,sim45,success,5,1.5409640935959268,500,,,,,,
5,-1.3152227042053675,3.049193947463061,-1.8082181169860023,included,clean_prior_sampling,frozen_deterministic_or_current_cgdr_arm,,,,,,,,False,0.7778238792114086,False,0.6696893386076073,-9.777969271902,True,,,,,,,,,6.985723686144017,3.049193947463061,6.985723686144017,0.6696893387448166,matching_p0,0,False,,False,100,100,80.90022488962859,,M4_per_step_quadratic_proximal_q_consistency,,1000,,deployable_external_eog_operator,matching_p0,False,deployable_or_support_derived_geometry,0.2951857441954496,287.5555960908747,125.51495343260726,876.8127831594278,parallel_error_denominators_v2_side_by_side,development,1541.650390625,500,0.17592431079651827,14.243443582172654,0.9690506368707702,12.605269102310894,False,True,False,False,3.8368295649895523,,False,False,4435667,3000,training_history_steps_captured_amp_skips_not_audited,M4_per_step_quadratic_proximal_q_consistency,sim45,success,5,3.8368295649895523,500,,,,,,
,19.031936489563307,0.4494311554204284,0.211223914824182,included,no_learned_training,frozen_deterministic_or_current_cgdr_arm,,,,,,,,False,0.8954866550188568,False,0.21611094814408896,6.512386708166011,True,,,,,,,,,1.0296497768938964,0.4494311554204284,1.0296497768938964,0.2161109481262307,matching_p0,,False,,False,0,0,0.0011148899793624878,,hard_Q_matching_p0_y,,0,,deployable_external_eog_operator,matching_p0,False,deployable_or_support_derived_geometry,0.2951857441954496,287.5555960908747,125.51495343260726,129.23644379873184,parallel_error_denominators_v2_side_by_side,development,0.0,,0.17592431079651827,14.243443582172654,0.9690506368707702,0.3864531343757833,False,True,False,False,0.5881047795148493,,False,,,,,deterministic_Qy,sim45,success,,0.5881047795148493,0,,,,,,
,5.5085707731367215,0.5726854773758004,0.6056119574120911,included,no_learned_training,frozen_deterministic_or_current_cgdr_arm,,,,,,,,False,0.9176604393053445,False,0.10805547407204448,4.771904970855864,True,,,,,,,,,1.31202625118135,0.5726854773758004,1.31202625118135,0.10805547404477056,matching_p0,,False,,False,0,0,0.00034129293635487556,,deterministic_soft_proximal,,0,,deployable_external_eog_operator,matching_p0,False,deployable_or_support_derived_geometry,0.2951857441954496,287.5555960908747,125.51495343260726,164.67891381938543,parallel_error_denominators_v2_side_by_side,development,0.0,,0.17592431079651827,14.243443582172654,0.9690506368707702,0.5365599900834729,False,True,False,False,0.718586072909462,,False,,,,,deterministic_soft_proximal,sim45,success,,0.718586072909462,0,,,,,,
,21.636717163745423,0.20122706424107803,0.3347541439402085,included,paired_supervised_clean_target_stronger_differently_supervised_exploratory,frozen_deterministic_or_current_cgdr_arm,,,,,,,,False,0.9884549637766182,False,0.007329342946180565,13.923651959262891,True,,matching_p0,,,,,,,0.4610125473099811,0.20122706424107803,0.4610125473099811,0.00732934330454268,matching_p0,,False,,False,1,1,0.08618837781250477,,task_matched_multichannel_deterministic_UNet,,2,2,deployable_external_eog_operator,matching_p0,False,deployable_or_support_derived_geometry,0.2951857441954496,287.5555960908747,125.51495343260726,57.86396840745993,parallel_error_denominators_v2_side_by_side,development,265.06640625,,0.17592431079651827,14.243443582172654,0.9690506368707702,0.10518225705897354,False,True,False,False,0.25054829193170663,,False,,,,,task_matched_multichannel_deterministic_UNet,sim45,success,,0.25054829193170663,1,4557587,,6000,,6000,946.5513398670591
5,15.043599946599258,0.916067294294146,-0.7078696218270528,included,paired_supervised_epsilon_prediction_operator_conditioned_diffusion,operator_conditioned_diffusion,6000,query_derived_oracle_projector,68,4563667,valid_time_masked_epsilon_MSE,835.6562490770593,154,False,0.4509263371900141,False,2.084302795203154,-4.49549067366885,False,6000,,68,6000,4557587,paired_task_loss,833.7473276946694,154,2.0987162857176713,0.916067294294146,2.0987162857176713,2.084302795359903,query_derived_oracle_projector,,False,6000,False,100,100,22.09353572301916,6000,task_matched_multichannel_operator_conditioned_diffusion_DDIM100,4563667,1000,1000,nondeployable_query_clean_mechanism_upper_bound,query_derived_oracle_projector,False,nondeployable_query_clean_oracle_geometry,0.29518574419544946,287.5555960908747,125.51495343260723,263.4202768701079,parallel_error_denominators_v2_side_by_side,development,404.82861328125,,0.0,0.0,1.0,0.5651316991093568,True,False,True,False,2.0885677996292125,True,False,False,,,,task_matched_multichannel_operator_conditioned_diffusion_DDIM100,sim45,success,,2.0885677996292125,500,,False,,6000,,835.6562490770593
5,0.15224679643539082,0.9754414987722876,0.7980969141791439,included,clean_prior_sampling,frozen_deterministic_or_current_cgdr_arm,,,,,,,,False,0.7750437942003193,False,0.29446704666435175,0.03956213792549904,False,,,,,,,,,2.2347429844830944,0.9754414987722876,2.2347429844830944,0.2944670467564052,query_derived_oracle_projector,0,False,,False,100,100,81.48683639708906,,M1_observation_warm_start_sdedit,,1000,,nondeployable_query_clean_mechanism_upper_bound,query_derived_oracle_projector,False,nondeployable_query_clean_oracle_geometry,0.2951857441954496,287.5555960908747,125.51495343260726,280.49366163124137,parallel_error_denominators_v2_side_by_side,development,1541.650390625,500,0.0,8.537736462515939e-07,1.0,2.387055299880962,True,False,True,False,1.2390702719994884,,False,False,4435667,3000,training_history_steps_captured_amp_skips_not_audited,M1_observation_warm_start_sdedit,sim45,success,5,1.2390702719994884,500,,,,,,
5,11.631112563930962,1.2226652503085758,-0.2614645783620708,included,clean_prior_sampling,frozen_deterministic_or_current_cgdr_arm,,,,,,,,False,0.7355026909216852,False,1.9655217687885534e-07,-1.746151383676727,False,,,,,,,,,2.8011342494012648,1.2226652503085758,2.8011342494012648,2.0549017325976096e-07,query_derived_oracle_projector,0,False,,False,100,100,81.37868228042498,,M2_final_hard_q_consistency,,1000,,nondeployable_query_clean_mechanism_upper_bound,query_derived_oracle_projector,False,nondeployable_query_clean_oracle_geometry,0.2951857441954496,287.5555960908747,125.51495343260726,351.584234872081,parallel_error_denominators_v2_side_by_side,development,1541.650390625,500,0.0,8.537736462515939e-07,1.0,0.7677480507861516,True,False,True,False,1.5218842183541648,,False,False,4435667,3000,training_history_steps_captured_amp_skips_not_audited,M2_final_hard_q_consistency,sim45,success,5,1.5218842183541648,500,,,,,,
5,2.740424122117535,2.9512042522900677,-1.6817958596015115,included,clean_prior_sampling,frozen_deterministic_or_current_cgdr_arm,,,,,,,,False,0.8236048724832138,False,0.011794067409230271,-9.40001691239424,False,,,,,,,,,6.761228640449223,2.9512042522900677,6.761228640449223,0.011794067354859281,query_derived_oracle_projector,0,False,,False,100,100,81.51935169054195,,M4_per_step_quadratic_proximal_q_consistency,,1000,,nondeployable_query_clean_mechanism_upper_bound,query_derived_oracle_projector,False,nondeployable_query_clean_oracle_geometry,0.2951857441954496,287.5555960908747,125.51495343260726,848.6352979531946,parallel_error_denominators_v2_side_by_side,development,1541.650390625,500,0.0,8.537736462515939e-07,1.0,10.795340073561373,True,False,True,False,3.6734564029305394,,False,False,4435667,3000,training_history_steps_captured_amp_skips_not_audited,M4_per_step_quadratic_proximal_q_consistency,sim45,success,5,3.6734564029305394,500,,,,,,
,20.387883057868965,0.4364893437613415,0.207321483236797,included,no_learned_training,frozen_deterministic_or_current_cgdr_arm,,,,,,,,False,0.9394527095359404,False,6.109507146627064e-16,7.20052708966712,False,,,,,,,,,1.0000000000000002,0.4364893437613415,1.0000000000000002,6.017557008823024e-08,query_derived_oracle_projector,,False,,False,0,0,0.000543477013707161,,deterministic_Qy,,0,,nondeployable_query_clean_mechanism_upper_bound,query_derived_oracle_projector,False,nondeployable_query_clean_oracle_Qy,0.2951857441954496,287.5555960908747,125.51495343260726,125.51495343260729,parallel_error_denominators_v2_side_by_side,development,0.0,,0.0,8.537736462515939e-07,1.0,0.38827765974905426,True,False,True,False,0.5433099890444241,,False,,,,,deterministic_Qy,sim45,success,,0.5433099890444241,0,,,,,,
,5.671594530669485,0.5597005247133854,0.6036607416183984,included,no_learned_training,frozen_deterministic_or_current_cgdr_arm,,,,,,,,False,0.9134259844725484,False,3.135958598373312e-16,5.040885718930922,False,,,,,,,,,1.2822776379608751,0.5597005247133854,1.2822776379608751,6.017557009119628e-08,query_derived_oracle_projector,,False,,False,0,0,0.0006222673691809177,,deterministic_soft_proximal,,0,,nondeployable_query_clean_mechanism_upper_bound,query_derived_oracle_projector,False,nondeployable_query_clean_oracle_geometry,0.2951857441954496,287.5555960908747,125.51495343260726,160.94501801633288,parallel_error_denominators_v2_side_by_side,development,0.0,,0.0,8.537736462515939e-07,1.0,0.46997542492511807,True,False,True,False,0.6966742494324316,,False,,,,,deterministic_soft_proximal,sim45,success,,0.6966742494324316,0,,,,,,
,21.637005869401918,0.19500118401855487,0.34049261003506526,included,paired_supervised_clean_target_stronger_differently_supervised_exploratory,frozen_deterministic_or_current_cgdr_arm,,,,,,,,False,0.9891867020559816,False,0.0070260845845283824,14.196690933271288,False,,query_derived_oracle_projector,,,,,,,0.4467490141641931,0.19500118401855487,0.4467490141641931,0.007026084544282548,query_derived_oracle_projector,,False,,False,1,1,0.08580675115808845,,task_matched_multichannel_deterministic_UNet,,2,2,nondeployable_query_clean_mechanism_upper_bound,query_derived_oracle_projector,False,nondeployable_query_clean_oracle_geometry,0.2951857441954496,287.5555960908747,125.51495343260726,56.0736817088819,parallel_error_denominators_v2_side_by_side,development,265.06640625,,0.0,8.537736462515939e-07,1.0,0.097804813173575,True,False,True,False,0.24279486516306784,,False,,,,,task_matched_multichannel_deterministic_UNet,sim45,success,,0.24279486516306784,1,4557587,,6000,,6000,833.7473276946694
