attention_entropy,attention_max,context_distance,fold,match_basis_query_operator_distance,match_basis_support_operator_distance,operator_aux_query_error,participant,seed,session,task,wrong_basis_query_operator_distance
2.7492904663085938,0.10067591816186905,2.1725854873657227,0,3.104116201400757,3.089181900024414,1.034414529800415,sub-02,20260825,ses-02,SSVEP,3.0432944297790527
2.7708425521850586,0.07185163348913193,1.4121142625808716,0,3.0936849117279053,3.121093511581421,0.9915071725845337,sub-02,20260825,ses-04,SSVEP,3.17126727104187
2.7697110176086426,0.0715271607041359,8.954432487487793,0,3.102590799331665,3.0773839950561523,0.7992092967033386,sub-05,20260825,ses-04,SSVEP,3.0010664463043213
2.6426827907562256,0.1574656218290329,9.561100006103516,0,3.1333823204040527,3.1345291137695312,0.999645471572876,sub-02,20260825,ses-03,SSVEP,3.087296485900879
2.7695276737213135,0.07094506174325943,0.8517041802406311,0,3.0622496604919434,3.080570697784424,0.5935984253883362,sub-05,20260825,ses-03,ERP,3.0243616104125977
2.7704038619995117,0.07135755568742752,1.2120834589004517,0,3.0543017387390137,2.9883742332458496,0.9682662487030029,sub-03,20260825,ses-03,SSVEP,3.0625100135803223
2.768681764602661,0.0741136372089386,1.1555336713790894,0,3.073546886444092,3.081465721130371,1.237188696861267,sub-03,20260825,ses-02,SSVEP,3.089695930480957
2.77070951461792,0.06884076446294785,1.4115465879440308,0,3.0310723781585693,2.96519136428833,0.94677734375,sub-03,20260825,ses-03,SSVEP,3.0640995502471924
2.6782615184783936,0.1119513064622879,9.352850914001465,0,3.185537099838257,3.165584087371826,1.0002079010009766,sub-02,20260825,ses-03,SSVEP,3.0886600017547607
2.705125331878662,0.13414810597896576,9.586694717407227,0,3.117854595184326,3.112328052520752,1.0014628171920776,sub-02,20260825,ses-03,SSVEP,3.0794901847839355
2.697134017944336,0.10854865610599518,11.340214729309082,0,3.1580023765563965,3.1521077156066895,1.0017138719558716,sub-02,20260825,ses-03,SSVEP,3.126333236694336
2.769357919692993,0.07857869565486908,1.8179644346237183,0,3.043708086013794,3.035226583480835,0.7986397743225098,sub-02,20260825,ses-03,ERP,3.0918784141540527
2.771223783493042,0.06770463287830353,1.800279140472412,0,3.061201810836792,3.0595059394836426,0.8863815665245056,sub-03,20260825,ses-02,ERP,3.1410937309265137
2.7692832946777344,0.07300624251365662,4.73063850402832,0,3.0753591060638428,3.081937313079834,1.1407008171081543,sub-03,20260825,ses-02,SSVEP,3.1081480979919434
2.7705116271972656,0.07225876301527023,1.0239022970199585,0,3.0874502658843994,3.0968399047851562,0.7814014554023743,sub-05,20260825,ses-04,ERP,3.073198080062866
2.7708120346069336,0.06804278492927551,1.3370471000671387,0,3.0746490955352783,3.0754079818725586,0.8589857220649719,sub-03,20260825,ses-02,ERP,3.049471139907837
2.759645462036133,0.07654408365488052,1.9592618942260742,0,3.0957601070404053,3.0859129428863525,1.0346709489822388,sub-02,20260825,ses-02,SSVEP,3.0945212841033936
2.6881473064422607,0.11904118955135345,11.566056251525879,0,3.167086124420166,3.1577539443969727,1.0011321306228638,sub-02,20260825,ses-03,SSVEP,3.1081759929656982
2.7685635089874268,0.07896541804075241,1.174996256828308,0,3.1075239181518555,3.136014699935913,0.9120253920555115,sub-02,20260825,ses-04,ERP,3.1271626949310303
2.759229898452759,0.07217427343130112,1.144640326499939,0,3.089674234390259,3.071415662765503,1.0196068286895752,sub-02,20260825,ses-02,SSVEP,3.097639799118042
2.6853837966918945,0.10422699898481369,7.202301502227783,0,3.1635377407073975,3.158493995666504,1.0016895532608032,sub-02,20260825,ses-03,SSVEP,3.028413772583008
2.7697486877441406,0.07173461467027664,1.14944326877594,0,3.0716075897216797,3.114187479019165,1.284071445465088,sub-05,20260825,ses-02,ERP,3.066920757293701
2.770108699798584,0.07139471918344498,0.6515108346939087,0,3.039151668548584,3.0381417274475098,0.8201296925544739,sub-02,20260825,ses-03,ERP,3.030446767807007
2.771522045135498,0.06901803612709045,0.8318004608154297,0,3.073240280151367,3.0878000259399414,0.7805747985839844,sub-05,20260825,ses-04,ERP,3.0885682106018066
2.7650718688964844,0.07600374519824982,0.6823205351829529,0,3.08376407623291,3.1018471717834473,0.6568225622177124,sub-02,20260825,ses-02,ERP,3.0922842025756836
2.769686460494995,0.0700460821390152,1.6229629516601562,0,3.0709569454193115,3.0670275688171387,1.1780908107757568,sub-03,20260825,ses-02,SSVEP,3.0642940998077393
2.7713325023651123,0.06604000926017761,1.06033456325531,0,3.081794261932373,3.025669813156128,0.6249722838401794,sub-05,20260825,ses-03,SSVEP,3.074500799179077
2.747178077697754,0.11605577170848846,1.9609291553497314,0,3.1283011436462402,3.0884416103363037,0.9367736577987671,sub-02,20260825,ses-04,SSVEP,3.174412488937378
2.769531726837158,0.06993203610181808,0.698166012763977,0,3.065943956375122,3.085853099822998,0.5927674770355225,sub-05,20260825,ses-03,ERP,3.0556933879852295
2.76901912689209,0.07469738274812698,3.9247331619262695,0,3.060279607772827,3.067230701446533,1.17075514793396,sub-03,20260825,ses-02,SSVEP,3.132903575897217
2.762021064758301,0.07306496798992157,0.7728697061538696,0,3.09826397895813,3.0834882259368896,1.032203197479248,sub-02,20260825,ses-02,SSVEP,3.083848237991333
2.7706198692321777,0.07554503530263901,1.1066056489944458,0,3.126415729522705,3.1338050365448,0.919501006603241,sub-02,20260825,ses-04,ERP,3.127547025680542
2.7706542015075684,0.06747227907180786,0.6854304671287537,0,3.0844788551330566,3.0285825729370117,0.6244071125984192,sub-05,20260825,ses-03,SSVEP,3.0780889987945557
2.771141529083252,0.07017375528812408,0.8775152564048767,0,3.09843111038208,3.1078615188598633,0.8051571846008301,sub-05,20260825,ses-04,ERP,3.0993030071258545
2.76658296585083,0.07298707962036133,1.7733043432235718,0,3.0355212688446045,3.0477070808410645,1.1768494844436646,sub-03,20260825,ses-02,SSVEP,3.068164110183716
2.7712175846099854,0.06881967931985855,3.184075355529785,0,3.0313968658447266,3.052323579788208,1.1598738431930542,sub-03,20260825,ses-02,SSVEP,3.0433690547943115
2.7686610221862793,0.07045267522335052,1.0267730951309204,0,3.066300868988037,3.052884340286255,0.7608465552330017,sub-02,20260825,ses-03,ERP,3.035569667816162
2.7688355445861816,0.07015436142683029,0.8993871212005615,0,3.100644111633301,3.0632107257843018,0.8125316500663757,sub-05,20260825,ses-04,SSVEP,3.090449571609497
2.7707784175872803,0.06841916590929031,1.5073952674865723,0,3.0328972339630127,3.0360376834869385,0.9723440408706665,sub-03,20260825,ses-02,ERP,3.067140817642212
2.7706375122070312,0.06904684007167816,0.8067080974578857,0,3.06024432182312,3.0815024375915527,0.5971387624740601,sub-05,20260825,ses-03,ERP,3.0538461208343506
2.7685093879699707,0.08082783967256546,1.3811454772949219,0,3.135451555252075,3.149660587310791,0.9053534865379333,sub-02,20260825,ses-04,ERP,3.1143407821655273
2.7383790016174316,0.08036593347787857,1.8874844312667847,0,3.0813817977905273,3.0717051029205322,1.0458049774169922,sub-02,20260825,ses-02,SSVEP,3.093618631362915
2.767940044403076,0.07434748858213425,4.3756279945373535,0,3.0773768424987793,3.08125638961792,1.1813467741012573,sub-03,20260825,ses-02,SSVEP,3.1317102909088135
2.769240379333496,0.07050897181034088,1.577436089515686,0,3.0891003608703613,3.0774953365325928,1.0288318395614624,sub-02,20260825,ses-02,SSVEP,3.0739145278930664
2.770698070526123,0.06801915913820267,2.3765652179718018,0,2.9821736812591553,3.044701337814331,0.677522599697113,sub-03,20260825,ses-03,ERP,2.98850417137146
2.7707724571228027,0.06880846619606018,1.9849590063095093,0,3.073621988296509,3.0068435668945312,0.9865906238555908,sub-03,20260825,ses-04,ERP,3.1156551837921143
2.770195245742798,0.07222558557987213,1.2540003061294556,0,3.0872867107391357,3.117748498916626,1.2720940113067627,sub-05,20260825,ses-02,ERP,3.0647571086883545
2.7710366249084473,0.07103808969259262,0.8772906064987183,0,3.0860555171966553,3.096618890762329,0.7935507297515869,sub-05,20260825,ses-04,ERP,3.0955870151519775
2.769679069519043,0.07109906524419785,1.9692214727401733,0,3.123792886734009,3.1255645751953125,0.9292975068092346,sub-02,20260825,ses-04,ERP,3.1340513229370117
2.769683361053467,0.0718742311000824,3.0581562519073486,0,3.0849013328552246,3.0673375129699707,0.776185929775238,sub-02,20260825,ses-03,ERP,3.0319666862487793
2.7692904472351074,0.070339135825634,1.3983066082000732,0,3.063507318496704,3.009868621826172,0.9383956789970398,sub-03,20260825,ses-04,ERP,3.105194091796875
2.7579593658447266,0.07375412434339523,1.302278995513916,0,3.0929861068725586,3.0801727771759033,1.0271294116973877,sub-02,20260825,ses-02,SSVEP,3.1172947883605957
2.7698421478271484,0.06866118311882019,2.5848944187164307,0,3.0602779388427734,3.074618339538574,1.274482011795044,sub-03,20260825,ses-02,SSVEP,3.013420820236206
2.7590322494506836,0.0749417170882225,1.1033564805984497,0,3.102158308029175,3.091559410095215,1.041534423828125,sub-02,20260825,ses-02,SSVEP,3.1136481761932373
2.770470142364502,0.0692891925573349,1.068018913269043,0,3.0395283699035645,3.0394110679626465,0.8754627704620361,sub-03,20260825,ses-02,ERP,3.050196409225464
2.767760992050171,0.07242804765701294,1.9006223678588867,0,3.088380813598633,3.08579683303833,1.0644993782043457,sub-05,20260825,ses-02,SSVEP,3.0833985805511475
2.770876169204712,0.06744879484176636,1.1378697156906128,0,3.087325096130371,3.064582347869873,0.7658094167709351,sub-02,20260825,ses-03,ERP,3.0586886405944824
2.769099712371826,0.07130485028028488,1.122330665588379,0,3.130110025405884,3.1313915252685547,0.926914393901825,sub-02,20260825,ses-04,ERP,3.105228900909424
2.6964402198791504,0.10586676746606827,9.506224632263184,0,3.1396541595458984,3.1330623626708984,0.9994840025901794,sub-02,20260825,ses-03,SSVEP,3.029276132583618
2.7718513011932373,0.06643854826688766,1.6223901510238647,0,3.0316264629364014,3.0346920490264893,0.9250911474227905,sub-03,20260825,ses-02,ERP,3.04862904548645
2.770228147506714,0.0722067803144455,1.5703116655349731,0,3.0581862926483154,2.993854284286499,0.8864220976829529,sub-03,20260825,ses-04,ERP,3.091970205307007
2.7661490440368652,0.07519804686307907,2.6867499351501465,0,3.088009834289551,3.0761091709136963,0.7591996192932129,sub-02,20260825,ses-03,ERP,3.0499517917633057
2.7685463428497314,0.07315447926521301,1.9235684871673584,0,3.123692035675049,3.0915303230285645,0.939203143119812,sub-02,20260825,ses-04,SSVEP,3.1243371963500977
2.7693610191345215,0.07133940607309341,1.0800155401229858,0,3.0838541984558105,3.098682403564453,1.275547742843628,sub-05,20260825,ses-02,ERP,3.048722982406616
2.7701663970947266,0.07170632481575012,1.2019425630569458,0,3.1247174739837646,3.133741617202759,0.9765177965164185,sub-02,20260825,ses-04,SSVEP,3.139810562133789
2.768153667449951,0.07183733582496643,1.3155698776245117,0,3.1013565063476562,3.089942693710327,1.087031364440918,sub-05,20260825,ses-02,SSVEP,3.1076855659484863
2.7334256172180176,0.0832001268863678,1.6863956451416016,0,3.0668020248413086,3.0391108989715576,0.6705989837646484,sub-05,20260825,ses-03,SSVEP,3.096813201904297
2.756908893585205,0.09110762178897858,0.7033588290214539,0,3.093785285949707,3.080503225326538,1.0253525972366333,sub-02,20260825,ses-02,SSVEP,3.1037378311157227
2.770885467529297,0.06886458396911621,0.8245571851730347,0,3.1050846576690674,3.113283157348633,0.7985377907752991,sub-05,20260825,ses-04,ERP,3.109468460083008
2.764052629470825,0.09217994660139084,8.974020004272461,0,3.115943670272827,3.1328656673431396,0.950151801109314,sub-02,20260825,ses-04,SSVEP,2.9932827949523926
2.7655935287475586,0.07928304374217987,1.0009325742721558,0,3.0992627143859863,3.08263897895813,0.7933778762817383,sub-02,20260825,ses-03,ERP,3.0776453018188477
2.7527403831481934,0.10283821076154709,2.325692653656006,0,3.142908811569214,3.1230907440185547,0.9462952613830566,sub-02,20260825,ses-04,SSVEP,3.0856847763061523
2.769336700439453,0.06894396990537643,1.7930903434753418,0,3.061553955078125,3.075971841812134,1.2499942779541016,sub-03,20260825,ses-02,SSVEP,3.064507007598877
2.7702956199645996,0.06786056607961655,0.9363722801208496,0,3.052258253097534,2.995033025741577,0.9075667858123779,sub-03,20260825,ses-03,SSVEP,3.0539369583129883
2.7691421508789062,0.06803102791309357,2.0664730072021484,0,3.0512874126434326,3.0747039318084717,0.5967413187026978,sub-05,20260825,ses-03,ERP,3.069017171859741
2.7699546813964844,0.06963381916284561,9.129827499389648,0,3.0326571464538574,3.0640268325805664,0.9494109153747559,sub-03,20260825,ses-04,SSVEP,2.9607720375061035
2.76887845993042,0.0717645213007927,1.5529221296310425,0,3.099898338317871,3.0796303749084473,0.9168359041213989,sub-02,20260825,ses-04,SSVEP,3.150313138961792
2.7674753665924072,0.07985519617795944,1.1579139232635498,0,3.104926586151123,3.128551721572876,0.9053270220756531,sub-02,20260825,ses-04,ERP,3.126481056213379
2.7719099521636963,0.06595226377248764,2.462099313735962,0,2.9660511016845703,3.0223641395568848,0.7943195700645447,sub-03,20260825,ses-03,ERP,3.0026068687438965
2.759230613708496,0.07562825828790665,2.1307265758514404,0,3.0951855182647705,3.084764242172241,1.0466939210891724,sub-02,20260825,ses-02,SSVEP,3.0750796794891357
2.756430149078369,0.0744156762957573,4.416628360748291,0,3.1257920265197754,3.126296043395996,1.2315281629562378,sub-05,20260825,ses-02,SSVEP,3.127380609512329
2.7705514430999756,0.07120149582624435,0.6318070292472839,0,3.046247959136963,2.9836795330047607,0.9143045544624329,sub-03,20260825,ses-03,SSVEP,3.0568366050720215
2.7416446208953857,0.07889111340045929,1.32565438747406,0,3.099634885787964,3.0923402309417725,1.1485949754714966,sub-05,20260825,ses-02,SSVEP,3.094012975692749
2.7686843872070312,0.06935598701238632,0.7007178068161011,0,3.093029022216797,3.0747509002685547,0.7666135430335999,sub-02,20260825,ses-03,ERP,3.0954506397247314
2.769711494445801,0.0732017308473587,0.998019814491272,0,3.126912832260132,3.134312868118286,0.926299512386322,sub-02,20260825,ses-04,ERP,3.129636526107788
2.7562501430511475,0.08051076531410217,1.9327218532562256,0,3.1023032665252686,3.0875885486602783,0.9636529088020325,sub-02,20260825,ses-04,SSVEP,3.1754684448242188
2.768758535385132,0.0712200477719307,1.0532867908477783,0,3.078619956970215,3.1071064472198486,0.6726800799369812,sub-02,20260825,ses-02,ERP,3.0959908962249756
2.7715559005737305,0.06634631752967834,1.3584601879119873,0,3.080220937728882,3.021226644515991,0.9999557137489319,sub-03,20260825,ses-04,ERP,3.089542865753174
2.7638156414031982,0.07213335484266281,0.9192184805870056,0,3.100827932357788,3.090991258621216,1.0755064487457275,sub-05,20260825,ses-02,SSVEP,3.1016128063201904
2.673926591873169,0.138624370098114,9.739595413208008,0,3.1408748626708984,3.1335816383361816,1.0003184080123901,sub-02,20260825,ses-03,SSVEP,3.1050639152526855
2.7697839736938477,0.06824791431427002,0.9936001896858215,0,3.0311942100524902,3.0597422122955322,0.9394295811653137,sub-03,20260825,ses-04,SSVEP,3.0360450744628906
2.7711310386657715,0.06912385672330856,0.6483197808265686,0,3.051300048828125,3.0729525089263916,0.5997753143310547,sub-05,20260825,ses-03,ERP,3.0419580936431885
2.7716293334960938,0.06808766722679138,1.2059506177902222,0,3.0550577640533447,3.0571534633636475,0.8735734820365906,sub-03,20260825,ses-02,ERP,3.0477962493896484
2.7676098346710205,0.08114473521709442,1.2809066772460938,0,3.140608310699463,3.1406664848327637,0.9385280609130859,sub-02,20260825,ses-04,ERP,3.1379268169403076
2.760819435119629,0.07584549486637115,1.956655740737915,0,3.07395076751709,3.0919902324676514,0.6633278727531433,sub-02,20260825,ses-02,ERP,3.1068317890167236
2.7200701236724854,0.11169509589672089,10.125264167785645,0,3.140822649002075,3.1326236724853516,1.0015983581542969,sub-02,20260825,ses-03,SSVEP,3.1184585094451904
2.770954132080078,0.06727740168571472,1.0753225088119507,0,3.0679609775543213,3.108781099319458,1.2627391815185547,sub-05,20260825,ses-02,ERP,3.0662124156951904
2.768312454223633,0.0709928348660469,0.9924532771110535,0,3.0675861835479736,3.0899927616119385,0.6027515530586243,sub-05,20260825,ses-03,ERP,3.0301685333251953
2.7706217765808105,0.06961853802204132,2.378540515899658,0,2.976759433746338,3.0390849113464355,0.6799997687339783,sub-03,20260825,ses-03,ERP,3.0808920860290527
2.7682759761810303,0.07613229751586914,7.681207180023193,0,3.119962692260742,3.127653121948242,0.9493777751922607,sub-02,20260825,ses-04,ERP,3.0187320709228516
2.7718305587768555,0.06699219346046448,1.355189561843872,0,3.092021942138672,3.059901475906372,0.8197490572929382,sub-05,20260825,ses-04,SSVEP,3.1002962589263916
2.7431559562683105,0.08439204096794128,0.999990701675415,0,3.0902223587036133,3.067704439163208,1.0304787158966064,sub-02,20260825,ses-02,SSVEP,3.093107223510742
2.7696006298065186,0.07265635579824448,1.1489148139953613,0,3.042848587036133,2.9749319553375244,0.9245375990867615,sub-03,20260825,ses-03,SSVEP,3.067831039428711
2.770416736602783,0.07213674485683441,1.5546603202819824,0,3.055410385131836,3.0643534660339355,1.1669131517410278,sub-03,20260825,ses-02,SSVEP,3.0623908042907715
2.7698206901550293,0.07161897420883179,1.0706809759140015,0,3.068894147872925,3.0181288719177246,0.920013964176178,sub-03,20260825,ses-03,SSVEP,3.0657050609588623
2.770991802215576,0.06803148984909058,1.239495873451233,0,3.0382063388824463,3.069096088409424,0.9550358653068542,sub-03,20260825,ses-04,SSVEP,3.04573655128479
2.7675347328186035,0.07679818570613861,4.825145244598389,0,3.106410503387451,3.1226210594177246,0.973254382610321,sub-02,20260825,ses-04,SSVEP,3.194977045059204
2.7682831287384033,0.08053847402334213,1.5036548376083374,0,3.069786548614502,3.034911870956421,0.9499683380126953,sub-03,20260825,ses-04,ERP,3.084765911102295
2.770188808441162,0.07223400473594666,2.962489604949951,0,3.0732998847961426,3.1208128929138184,1.3461183309555054,sub-05,20260825,ses-02,ERP,3.048793315887451
2.7624478340148926,0.07594148814678192,2.7889504432678223,0,3.113964319229126,3.102938413619995,1.1032335758209229,sub-05,20260825,ses-02,SSVEP,3.0583202838897705
2.7659976482391357,0.07264752686023712,1.1731654405593872,0,3.0959279537200928,3.07736873626709,0.7650143504142761,sub-02,20260825,ses-03,ERP,3.0520331859588623
2.715562343597412,0.10531879216432571,10.783806800842285,0,3.141329288482666,3.1385674476623535,1.00203537940979,sub-02,20260825,ses-03,SSVEP,3.119800567626953
2.769343614578247,0.07193775475025177,1.7092927694320679,0,3.0625553131103516,3.0684564113616943,1.2255592346191406,sub-03,20260825,ses-02,SSVEP,3.0491604804992676
2.765511989593506,0.07147710770368576,1.0828258991241455,0,3.104428291320801,3.0965442657470703,1.1079816818237305,sub-05,20260825,ses-02,SSVEP,3.0962207317352295
2.7714884281158447,0.06839592754840851,1.1269012689590454,0,2.974519729614258,3.038533926010132,0.6866213083267212,sub-03,20260825,ses-03,ERP,2.9629030227661133
2.768838405609131,0.07201740145683289,0.6900286674499512,0,3.0714595317840576,3.092764377593994,0.5893989205360413,sub-05,20260825,ses-03,ERP,3.066291570663452
2.771423101425171,0.06870213150978088,3.038593053817749,0,3.0840461254119873,3.0403056144714355,1.0039616823196411,sub-03,20260825,ses-04,ERP,3.0713553428649902
2.7693724632263184,0.07184488326311111,2.563565731048584,0,3.0648934841156006,3.0460221767425537,0.7802444100379944,sub-02,20260825,ses-03,ERP,3.1305091381073
2.768106460571289,0.07417859882116318,1.077871561050415,0,3.0830843448638916,3.068495035171509,0.7692408561706543,sub-02,20260825,ses-03,ERP,3.0756001472473145
2.760225296020508,0.07400073856115341,1.6792371273040771,0,3.101444959640503,3.0870578289031982,1.035902976989746,sub-02,20260825,ses-02,SSVEP,3.0558931827545166
2.7689342498779297,0.07896289974451065,1.9338949918746948,0,3.120335817337036,3.140360116958618,0.9272125363349915,sub-02,20260825,ses-04,ERP,3.0958364009857178
2.749603748321533,0.0777646079659462,1.176596999168396,0,3.0909018516540527,3.084566116333008,1.0454344749450684,sub-02,20260825,ses-02,SSVEP,3.0820796489715576
2.768960475921631,0.06992319226264954,1.2521522045135498,0,3.085573434829712,3.111673355102539,0.6628609895706177,sub-02,20260825,ses-02,ERP,3.0801773071289062
2.7605347633361816,0.07649888098239899,11.697965621948242,0,3.087907552719116,3.083524703979492,0.9428699016571045,sub-02,20260825,ses-04,SSVEP,3.1818408966064453
2.7721128463745117,0.06764160096645355,1.4936732053756714,0,3.0970242023468018,3.0682168006896973,0.8052353858947754,sub-05,20260825,ses-04,SSVEP,3.120035171508789
2.7717926502227783,0.06650825589895248,1.170364260673523,0,3.0793540477752686,3.0918679237365723,0.7884477972984314,sub-05,20260825,ses-04,ERP,3.1046407222747803
2.7712039947509766,0.06745535880327225,1.5665889978408813,0,3.0991547107696533,3.071805477142334,0.8021076917648315,sub-05,20260825,ses-04,SSVEP,3.0862345695495605
2.769458770751953,0.0673227459192276,2.0945277214050293,0,3.0664310455322266,3.0909461975097656,0.6060231328010559,sub-05,20260825,ses-03,ERP,3.1132521629333496
2.7675814628601074,0.0674712210893631,2.53235125541687,0,3.0412135124206543,3.0531814098358154,0.9476795792579651,sub-03,20260825,ses-02,ERP,3.0392894744873047
2.7704052925109863,0.07100071012973785,1.0269911289215088,0,3.033458948135376,3.066896915435791,0.9622157216072083,sub-03,20260825,ses-04,SSVEP,3.0286993980407715
2.7677149772644043,0.07147476822137833,1.011844515800476,0,3.124781847000122,3.14579701423645,0.9043785929679871,sub-02,20260825,ses-04,ERP,3.1166553497314453
2.7710578441619873,0.0691065788269043,1.7232110500335693,0,3.128755569458008,3.131490468978882,0.9262071847915649,sub-02,20260825,ses-04,ERP,3.131420135498047
2.76460337638855,0.0706818625330925,1.7660211324691772,0,3.0560708045959473,3.0739939212799072,1.2784292697906494,sub-03,20260825,ses-02,SSVEP,3.077218532562256
2.7360353469848633,0.07807379215955734,3.213263988494873,0,3.078249454498291,3.0577595233917236,1.042696475982666,sub-02,20260825,ses-02,SSVEP,3.1788840293884277
2.770576000213623,0.0728323757648468,1.7585906982421875,0,3.055539608001709,3.036834478378296,0.7797242403030396,sub-02,20260825,ses-03,ERP,3.099442958831787
2.7701005935668945,0.07033612579107285,0.9880977869033813,0,3.0681118965148926,3.114084243774414,1.2710055112838745,sub-05,20260825,ses-02,ERP,3.056666374206543
2.769521713256836,0.06968509405851364,0.8043360114097595,0,3.0777747631073,3.1110620498657227,1.3151042461395264,sub-05,20260825,ses-02,ERP,3.066922903060913
2.7674508094787598,0.07301126420497894,1.0426216125488281,0,3.0843417644500732,3.1080422401428223,1.2314032316207886,sub-05,20260825,ses-02,ERP,3.0480797290802
2.7649903297424316,0.06968820840120316,1.743562936782837,0,3.05767560005188,3.0289390087127686,0.6459934711456299,sub-05,20260825,ses-03,SSVEP,3.101972818374634
2.77097749710083,0.07005085051059723,1.2037510871887207,0,3.126690626144409,3.164271831512451,0.9748085141181946,sub-02,20260825,ses-04,SSVEP,3.1631381511688232
2.764735221862793,0.07393735647201538,1.830381989479065,0,3.099785804748535,3.084266185760498,0.7882521152496338,sub-02,20260825,ses-03,ERP,3.0287129878997803
2.651031970977783,0.1340303272008896,9.28108024597168,0,3.1436727046966553,3.132822275161743,1.0002328157424927,sub-02,20260825,ses-03,SSVEP,3.0869998931884766
2.759592056274414,0.07173821330070496,1.3633931875228882,0,3.054872989654541,3.030228614807129,0.6622717976570129,sub-05,20260825,ses-03,SSVEP,3.0852787494659424
2.7682595252990723,0.07185870409011841,5.343677520751953,0,3.0939548015594482,3.05660343170166,0.8186577558517456,sub-05,20260825,ses-04,SSVEP,3.122136354446411
2.75008487701416,0.08959472924470901,2.848353385925293,0,3.0959901809692383,3.078037738800049,1.0380793809890747,sub-02,20260825,ses-02,SSVEP,3.096622943878174
2.770385980606079,0.06849388033151627,1.0714980363845825,0,3.0704731941223145,3.0909712314605713,0.5973823070526123,sub-05,20260825,ses-03,ERP,3.056812286376953
2.7699828147888184,0.07200748473405838,0.9594325423240662,0,3.069949150085449,3.0523104667663574,0.7887585163116455,sub-02,20260825,ses-03,ERP,3.1021788120269775
2.7683441638946533,0.07391972839832306,2.4333443641662598,0,3.0598185062408447,3.081981658935547,0.5940309166908264,sub-05,20260825,ses-03,ERP,2.9988789558410645
2.765908718109131,0.07129038870334625,1.7857844829559326,0,3.101922035217285,3.0709474086761475,0.8029011487960815,sub-05,20260825,ses-04,SSVEP,3.079059600830078
2.7705650329589844,0.07435792684555054,0.8221666216850281,0,3.0835745334625244,3.1185641288757324,1.262392520904541,sub-05,20260825,ses-02,ERP,3.0955398082733154
2.7708091735839844,0.0724542960524559,0.659118115901947,0,3.0894808769226074,3.097834587097168,0.7974478006362915,sub-05,20260825,ses-04,ERP,3.10528826713562
2.7697880268096924,0.06939123570919037,1.1543622016906738,0,3.0578315258026123,3.001171588897705,0.9288274645805359,sub-03,20260825,ses-03,SSVEP,3.072976589202881
2.756363868713379,0.0712190493941307,1.4815385341644287,0,3.0670926570892334,3.0420966148376465,0.6717529296875,sub-05,20260825,ses-03,SSVEP,3.082162618637085
2.769627332687378,0.06995763629674911,1.4497649669647217,0,3.0846564769744873,3.11316180229187,1.2653250694274902,sub-05,20260825,ses-02,ERP,3.0637216567993164
2.7712693214416504,0.06658165901899338,0.8978850245475769,0,3.0827372074127197,3.095775604248047,0.7830307483673096,sub-05,20260825,ses-04,ERP,3.097527503967285
2.757956027984619,0.07226432114839554,1.5151739120483398,0,3.0935020446777344,3.084280014038086,1.104480504989624,sub-05,20260825,ses-02,SSVEP,3.1180129051208496
2.762989044189453,0.06957360357046127,1.3671951293945312,0,3.0806994438171387,3.0753798484802246,0.7208882570266724,sub-02,20260825,ses-02,ERP,3.1053693294525146
2.769263744354248,0.0691586583852768,2.4274752140045166,0,3.059206008911133,3.082720994949341,0.5946146249771118,sub-05,20260825,ses-03,ERP,3.0597712993621826
2.770142078399658,0.06967920064926147,2.3183541297912598,0,3.0808539390563965,3.031867742538452,0.9912431240081787,sub-03,20260825,ses-04,ERP,3.1177284717559814
2.7707724571228027,0.06835153698921204,1.755016803741455,0,3.01863694190979,3.056029796600342,0.9386449456214905,sub-03,20260825,ses-04,SSVEP,3.032276153564453
2.767030715942383,0.07060251384973526,1.068297266960144,0,3.090106964111328,3.068146228790283,1.0317460298538208,sub-05,20260825,ses-02,SSVEP,3.1169724464416504
2.7715487480163574,0.06709235161542892,2.596252679824829,0,3.0308187007904053,3.0679783821105957,0.9608612656593323,sub-03,20260825,ses-04,SSVEP,3.0310122966766357
2.7666592597961426,0.07272891700267792,2.003962993621826,0,3.1033308506011963,3.1186182498931885,0.9202343225479126,sub-02,20260825,ses-04,ERP,3.0847558975219727
2.768718957901001,0.06629683077335358,0.8527868986129761,0,3.1026599407196045,3.0741405487060547,0.7937176823616028,sub-05,20260825,ses-04,SSVEP,3.1075634956359863
2.769131660461426,0.07078004628419876,3.512887716293335,0,3.0569417476654053,3.074617862701416,1.2028791904449463,sub-03,20260825,ses-02,SSVEP,3.0206429958343506
2.767642021179199,0.07601328194141388,1.9544546604156494,0,3.0823826789855957,3.1017704010009766,1.2079145908355713,sub-05,20260825,ses-02,ERP,3.088104724884033
2.6612894535064697,0.172927126288414,9.7113037109375,0,3.160658836364746,3.1618692874908447,1.0017255544662476,sub-02,20260825,ses-03,SSVEP,3.099285125732422
2.768009901046753,0.07322362810373306,12.408851623535156,0,3.0745553970336914,3.050255298614502,0.9309172034263611,sub-02,20260825,ses-04,SSVEP,3.186358690261841
2.768221139907837,0.0755196064710617,1.4137011766433716,0,3.1503334045410156,3.1451191902160645,0.9112319350242615,sub-02,20260825,ses-04,ERP,3.1295952796936035
2.7712783813476562,0.06803659349679947,0.7380865812301636,0,3.0913262367248535,3.1024832725524902,0.7879722118377686,sub-05,20260825,ses-04,ERP,3.08172869682312
2.7697033882141113,0.07155705243349075,1.3097001314163208,0,3.038926124572754,3.069631338119507,0.9742836356163025,sub-03,20260825,ses-04,SSVEP,3.0440421104431152
2.769669771194458,0.07097138464450836,1.6886942386627197,0,3.059649705886841,3.0156383514404297,0.9022157192230225,sub-03,20260825,ses-03,SSVEP,3.0769705772399902
2.7618260383605957,0.07067777961492538,1.1078511476516724,0,3.0893454551696777,3.0836474895477295,0.7136405110359192,sub-02,20260825,ses-02,ERP,3.078930616378784
2.7681832313537598,0.07306662201881409,0.850914716720581,0,3.055699586868286,3.008741855621338,0.8991130590438843,sub-03,20260825,ses-03,SSVEP,3.0599210262298584
2.7702107429504395,0.06956014782190323,1.3435652256011963,0,3.038700580596924,3.0695509910583496,0.9354664087295532,sub-03,20260825,ses-04,SSVEP,3.029622793197632
2.7653470039367676,0.0704393982887268,1.5011420249938965,0,2.9908392429351807,3.045616865158081,0.6542864441871643,sub-03,20260825,ses-03,ERP,3.0328285694122314
2.770787000656128,0.06788166612386703,1.1769438982009888,0,2.9909961223602295,3.054595470428467,0.7062110900878906,sub-03,20260825,ses-03,ERP,2.9709439277648926
2.7709035873413086,0.07372824847698212,2.0958364009857178,0,3.0833935737609863,3.1232073307037354,1.3690985441207886,sub-05,20260825,ses-02,ERP,3.10217547416687
2.7671992778778076,0.07167614251375198,1.2164802551269531,0,3.083609104156494,3.0948400497436523,0.699019730091095,sub-02,20260825,ses-02,ERP,3.0745718479156494
2.768195867538452,0.06965237110853195,3.129697799682617,0,2.9689338207244873,3.0199990272521973,0.7121971845626831,sub-03,20260825,ses-03,ERP,2.9793944358825684
2.770799160003662,0.0689006969332695,1.4543182849884033,0,3.078524112701416,3.0888118743896484,0.7826352715492249,sub-05,20260825,ses-04,ERP,3.102217435836792
2.766512155532837,0.0742342621088028,0.7367293834686279,0,3.0879452228546143,3.0697262287139893,0.780540943145752,sub-02,20260825,ses-03,ERP,3.0860583782196045
2.771888256072998,0.06783092767000198,0.79011470079422,0,3.0670368671417236,3.062002658843994,0.880272626876831,sub-03,20260825,ses-02,ERP,3.064791679382324
2.760434865951538,0.09956330806016922,1.112801432609558,0,3.1119327545166016,3.109459638595581,0.9361801147460938,sub-02,20260825,ses-04,SSVEP,3.125784158706665
2.73081374168396,0.09613768011331558,10.786745071411133,0,3.187379837036133,3.1780519485473633,1.0022602081298828,sub-02,20260825,ses-03,SSVEP,3.0827038288116455
2.771742582321167,0.06666848063468933,0.7740607261657715,0,3.09257173538208,3.02866268157959,0.9206343293190002,sub-03,20260825,ses-04,ERP,3.0873944759368896
2.770408868789673,0.06851408630609512,0.7177332639694214,0,3.0851285457611084,3.1105222702026367,0.6593867540359497,sub-02,20260825,ses-02,ERP,3.081178903579712
2.764026165008545,0.07024242728948593,1.211320400238037,0,3.080843210220337,3.0744645595550537,0.6932578682899475,sub-02,20260825,ses-02,ERP,3.1067922115325928
2.764923095703125,0.0730903223156929,0.8712634444236755,0,3.083063840866089,3.098252296447754,0.695220947265625,sub-02,20260825,ses-02,ERP,3.1035542488098145
2.7491719722747803,0.07264312356710434,2.0739405155181885,0,3.0630850791931152,3.044891119003296,0.7017217874526978,sub-05,20260825,ses-03,SSVEP,3.0878076553344727
2.769019603729248,0.07355766743421555,1.8160415887832642,0,3.090813636779785,3.1245245933532715,1.3998866081237793,sub-05,20260825,ses-02,ERP,3.116368532180786
2.7280521392822266,0.09290608018636703,1.6540203094482422,0,3.0843591690063477,3.0721065998077393,1.0436519384384155,sub-02,20260825,ses-02,SSVEP,3.071742296218872
2.687516927719116,0.1376749724149704,2.8720829486846924,0,2.8062751293182373,2.805582046508789,0.9498167634010315,sub-03,20260826,ses-04,ERP,2.8038992881774902
2.6492037773132324,0.11562950909137726,2.0974154472351074,0,2.7284319400787354,2.7634899616241455,1.2864713668823242,sub-05,20260826,ses-02,ERP,2.692131996154785
2.6966311931610107,0.09308803826570511,2.3209428787231445,0,2.667929172515869,2.718766927719116,0.5662474036216736,sub-03,20260826,ses-03,ERP,2.711671829223633
2.610506057739258,0.19371190667152405,1.3620167970657349,0,2.795130968093872,2.824460506439209,0.6468509435653687,sub-03,20260826,ses-02,ERP,2.7516682147979736
2.759042501449585,0.09033654630184174,2.2479381561279297,0,2.7392678260803223,2.75221586227417,0.5567103624343872,sub-05,20260826,ses-03,ERP,2.7617685794830322
2.703444004058838,0.08672894537448883,1.8174947500228882,0,2.7340612411499023,2.7669143676757812,1.1323840618133545,sub-05,20260826,ses-02,ERP,2.7269697189331055
2.7258858680725098,0.09128352254629135,2.9028871059417725,0,2.771399736404419,2.737433671951294,0.8067499399185181,sub-05,20260826,ses-04,SSVEP,2.8217756748199463
2.710897445678711,0.0943472608923912,6.782502174377441,0,2.764296770095825,2.7242274284362793,0.5202745199203491,sub-05,20260826,ses-03,SSVEP,2.786438465118408
2.6773109436035156,0.10607318580150604,1.7987618446350098,0,2.7564821243286133,2.7870521545410156,0.6858391761779785,sub-03,20260826,ses-02,ERP,2.800365686416626
2.6736342906951904,0.09920526295900345,2.2392542362213135,0,2.6620848178863525,2.7109792232513428,0.5477848052978516,sub-03,20260826,ses-03,ERP,2.6928539276123047
2.7175679206848145,0.08907271176576614,2.0462586879730225,0,2.738419771194458,2.7722220420837402,0.7269138693809509,sub-03,20260826,ses-02,ERP,2.81358003616333
2.37743878364563,0.17082592844963074,5.748215198516846,0,2.7605512142181396,2.745562791824341,1.9850609302520752,sub-03,20260826,ses-02,SSVEP,2.803579568862915
2.600900888442993,0.17162485420703888,3.4147002696990967,0,2.7511866092681885,2.67360258102417,0.6825507879257202,sub-02,20260826,ses-03,ERP,2.7562673091888428
2.7036895751953125,0.1087709292769432,14.944287300109863,0,3.0827953815460205,3.0598392486572266,1.006759762763977,sub-02,20260826,ses-03,SSVEP,2.9830434322357178
2.677055835723877,0.10606654733419418,2.5555906295776367,0,2.71669864654541,2.8478612899780273,0.8289718627929688,sub-02,20260826,ses-04,ERP,2.672013998031616
2.697420835494995,0.10035479068756104,2.3981099128723145,0,2.813276767730713,2.805551290512085,0.935562014579773,sub-03,20260826,ses-04,ERP,2.7426817417144775
2.7020273208618164,0.08875997364521027,0.8739957213401794,0,2.765744209289551,2.7310426235198975,0.8220681548118591,sub-05,20260826,ses-04,SSVEP,2.7828121185302734
2.7544918060302734,0.09229414165019989,3.1271374225616455,0,2.749664783477783,2.7608962059020996,0.5686628818511963,sub-05,20260826,ses-03,ERP,2.759077548980713
2.681403398513794,0.14848095178604126,8.424812316894531,0,2.827793598175049,2.837836980819702,0.9297656416893005,sub-03,20260826,ses-04,ERP,2.7813477516174316
2.705073833465576,0.08525795489549637,0.8666297793388367,0,2.749518871307373,2.782648801803589,0.6898302435874939,sub-03,20260826,ses-02,ERP,2.753087043762207
2.6918177604675293,0.08972933143377304,2.6888582706451416,0,2.7288260459899902,2.7600154876708984,1.2106801271438599,sub-05,20260826,ses-02,ERP,2.6833488941192627
2.6717629432678223,0.12145720422267914,2.560128688812256,0,2.813448429107666,2.842532157897949,0.9539502859115601,sub-03,20260826,ses-04,SSVEP,2.731783866882324
2.656088352203369,0.13658569753170013,0.9139087796211243,0,2.6748600006103516,2.6955790519714355,0.8925085663795471,sub-03,20260826,ses-03,SSVEP,2.6880548000335693
2.7417778968811035,0.08098798990249634,3.475245237350464,0,2.7927613258361816,2.7738869190216064,0.7858917117118835,sub-05,20260826,ses-04,ERP,2.8027868270874023
2.6882877349853516,0.10988768935203552,6.163458347320557,0,2.6671295166015625,2.722318649291992,0.5626723766326904,sub-03,20260826,ses-03,ERP,2.761920928955078
2.767385721206665,0.070789635181427,2.051191806793213,0,2.7705705165863037,2.7316153049468994,0.5695328712463379,sub-05,20260826,ses-03,SSVEP,2.7651443481445312
2.72576904296875,0.08806677907705307,3.065070629119873,0,2.7627816200256348,2.7144627571105957,0.5166576504707336,sub-05,20260826,ses-03,SSVEP,2.8225786685943604
2.536038875579834,0.17065943777561188,3.6014933586120605,0,2.7396373748779297,2.6507914066314697,0.7510110139846802,sub-02,20260826,ses-03,ERP,2.754138231277466
2.74862003326416,0.07915336638689041,2.6845240592956543,0,2.7892935276031494,2.772672653198242,0.7657855153083801,sub-05,20260826,ses-04,ERP,2.8371894359588623
2.7410593032836914,0.0807432308793068,1.8660465478897095,0,2.795447826385498,2.7768442630767822,0.7822160124778748,sub-05,20260826,ses-04,ERP,2.7703566551208496
2.687983989715576,0.15380877256393433,3.0495707988739014,0,2.8255763053894043,2.828751564025879,0.9425733089447021,sub-03,20260826,ses-04,ERP,2.734646797180176
2.6750049591064453,0.10735520720481873,3.8676581382751465,0,2.7447543144226074,2.7721245288848877,0.7204784750938416,sub-03,20260826,ses-02,ERP,2.888113498687744
2.7354183197021484,0.0880991742014885,10.042661666870117,0,2.792478322982788,2.7741692066192627,0.7818819880485535,sub-05,20260826,ses-04,ERP,2.8430349826812744
2.682126045227051,0.117307648062706,1.7276148796081543,0,2.747236967086792,2.698410987854004,0.6119922995567322,sub-02,20260826,ses-02,ERP,2.776294708251953
2.495262622833252,0.18034932017326355,2.1756515502929688,0,2.754852056503296,2.739299774169922,1.9803037643432617,sub-03,20260826,ses-02,SSVEP,2.7635371685028076
2.64579439163208,0.1399196982383728,4.975943088531494,0,2.7950828075408936,2.8233582973480225,0.9550381302833557,sub-03,20260826,ses-04,SSVEP,2.749859571456909
2.6858980655670166,0.09607429802417755,9.024291038513184,0,2.804961919784546,2.790802001953125,0.9338001012802124,sub-03,20260826,ses-04,ERP,2.7833664417266846
2.700218677520752,0.09662966430187225,1.2124691009521484,0,2.7741026878356934,2.7773544788360596,0.7679589986801147,sub-05,20260826,ses-02,SSVEP,2.8074445724487305
2.7013065814971924,0.10268417000770569,2.8518428802490234,0,2.825730085372925,2.829019546508789,0.9238451719284058,sub-03,20260826,ses-04,ERP,2.789828300476074
2.69185209274292,0.10836725682020187,1.395283579826355,0,2.75,2.688326358795166,0.5779374837875366,sub-02,20260826,ses-02,ERP,2.702749490737915
2.6154534816741943,0.2070472538471222,1.2407430410385132,0,2.7917208671569824,2.824094533920288,0.6764121651649475,sub-03,20260826,ses-02,ERP,2.788945198059082
2.6012163162231445,0.16440436244010925,2.02951979637146,0,2.7436509132385254,2.6699883937835693,0.6933040022850037,sub-02,20260826,ses-03,ERP,2.703730344772339
2.706083297729492,0.11464542895555496,2.1861298084259033,0,2.7965428829193115,2.8282978534698486,0.9498021006584167,sub-03,20260826,ses-04,SSVEP,2.7472681999206543
2.673506259918213,0.15643948316574097,3.856084108352661,0,2.912564754486084,2.940528392791748,0.9616736769676208,sub-02,20260826,ses-04,SSVEP,2.8793931007385254
2.673856258392334,0.10916006565093994,1.470672607421875,0,2.667773485183716,2.7185614109039307,0.542873740196228,sub-03,20260826,ses-03,ERP,2.699855089187622
2.7042574882507324,0.08781184256076813,1.7128973007202148,0,2.6707658767700195,2.7331318855285645,0.53376704454422,sub-03,20260826,ses-03,ERP,2.7004377841949463
2.5913288593292236,0.1530710905790329,3.8043906688690186,0,2.7596538066864014,2.7536308765411377,1.3347113132476807,sub-03,20260826,ses-02,SSVEP,2.716376543045044
2.6401710510253906,0.09562699496746063,2.0893187522888184,0,2.7401952743530273,2.7535598278045654,1.1934744119644165,sub-05,20260826,ses-02,ERP,2.6924591064453125
2.7297115325927734,0.08496002852916718,2.4371421337127686,0,2.788761615753174,2.7908289432525635,0.9581820368766785,sub-03,20260826,ses-04,ERP,2.7906277179718018
2.517373561859131,0.21293693780899048,5.1823320388793945,0,2.785245656967163,2.8251681327819824,0.9721193909645081,sub-03,20260826,ses-04,SSVEP,2.801257848739624
2.704195499420166,0.09062283486127853,16.45488739013672,0,2.770268201828003,2.7324841022491455,0.7984538674354553,sub-05,20260826,ses-04,SSVEP,3.108261823654175
2.64168119430542,0.14637401700019836,2.7646164894104004,0,2.836245059967041,2.858048439025879,0.9077510833740234,sub-03,20260826,ses-04,ERP,2.8069231510162354
2.6688804626464844,0.11844504624605179,1.8296592235565186,0,2.736624002456665,2.690664768218994,0.587894082069397,sub-02,20260826,ses-02,ERP,2.761068344116211
2.7441678047180176,0.08307231962680817,2.413369655609131,0,2.7887542247772217,2.7720959186553955,0.7702105045318604,sub-05,20260826,ses-04,ERP,2.7933061122894287
2.7114644050598145,0.0860820785164833,8.14858341217041,0,2.783505916595459,2.7910525798797607,0.7017649412155151,sub-05,20260826,ses-02,SSVEP,2.8030710220336914
2.7219583988189697,0.08659623563289642,1.2738823890686035,0,2.6533892154693604,2.680117607116699,0.8997378349304199,sub-03,20260826,ses-03,SSVEP,2.629570960998535
2.681057929992676,0.10463476926088333,2.816416025161743,0,2.8090877532958984,2.806008815765381,0.9383830428123474,sub-03,20260826,ses-04,ERP,2.8830480575561523
2.731444835662842,0.07890672236680984,4.276132106781006,0,2.765127420425415,2.708611249923706,0.5127117037773132,sub-05,20260826,ses-03,SSVEP,2.8799476623535156
2.7339911460876465,0.09606350213289261,2.030911445617676,0,2.789426326751709,2.772568941116333,0.7528296113014221,sub-05,20260826,ses-04,ERP,2.7763640880584717
2.361518383026123,0.19131040573120117,7.333554267883301,0,2.762786388397217,2.7496626377105713,2.020618200302124,sub-03,20260826,ses-02,SSVEP,2.717439889907837
2.6022627353668213,0.16479265689849854,2.7796506881713867,0,2.750990390777588,2.6760737895965576,0.7247238159179688,sub-02,20260826,ses-03,ERP,2.718113660812378
2.6328697204589844,0.1104523316025734,1.759757399559021,0,2.72935152053833,2.747236967086792,1.1354341506958008,sub-05,20260826,ses-02,ERP,2.7176458835601807
2.7305655479431152,0.08665874600410461,3.577677011489868,0,2.7277002334594727,2.849599599838257,0.8398452401161194,sub-02,20260826,ses-04,ERP,2.70672607421875
2.696247100830078,0.08905644714832306,1.270681381225586,0,2.6616086959838867,2.7147536277770996,0.5429935455322266,sub-03,20260826,ses-03,ERP,2.6609137058258057
2.747964382171631,0.07686939090490341,2.206061601638794,0,2.7852277755737305,2.799365758895874,0.7892289161682129,sub-05,20260826,ses-02,SSVEP,2.8291614055633545
2.706592559814453,0.10177811235189438,14.762166023254395,0,3.0508925914764404,3.0281214714050293,1.0061527490615845,sub-02,20260826,ses-03,SSVEP,2.7436270713806152
2.6794261932373047,0.10962896794080734,0.817048192024231,0,2.7404463291168213,2.774296998977661,0.7123810648918152,sub-03,20260826,ses-02,ERP,2.732754945755005
2.7040488719940186,0.12412160634994507,14.6987943649292,0,3.0623292922973633,3.0454745292663574,1.0057272911071777,sub-02,20260826,ses-03,SSVEP,2.8184118270874023
2.709932327270508,0.11940453201532364,13.6968412399292,0,3.059293746948242,3.0400311946868896,1.006487488746643,sub-02,20260826,ses-03,SSVEP,2.9047183990478516
2.671175718307495,0.10749679803848267,2.347111463546753,0,2.6601548194885254,2.6859264373779297,0.8858179450035095,sub-03,20260826,ses-03,SSVEP,2.685420274734497
2.6143360137939453,0.1427086442708969,1.526835322380066,0,2.7544751167297363,2.6796586513519287,0.713377833366394,sub-02,20260826,ses-03,ERP,2.734402894973755
2.754138231277466,0.0802757665514946,6.531803607940674,0,2.7715981006622314,2.735490083694458,0.565116822719574,sub-05,20260826,ses-03,SSVEP,2.7942848205566406
2.6329715251922607,0.11853370070457458,1.8184375762939453,0,2.670534372329712,2.7202987670898438,0.5354670882225037,sub-03,20260826,ses-03,ERP,2.7150235176086426
2.742326021194458,0.09130068868398666,10.884720802307129,0,2.78611159324646,2.7687277793884277,0.7575071454048157,sub-05,20260826,ses-04,ERP,2.8476126194000244
2.740398406982422,0.09788087010383606,0.8517937064170837,0,2.7445428371429443,2.7539446353912354,0.5533860921859741,sub-05,20260826,ses-03,ERP,2.7366340160369873
2.6770718097686768,0.10571528971195221,1.3811794519424438,0,2.75949764251709,2.6930429935455322,0.631000280380249,sub-02,20260826,ses-02,ERP,2.7388336658477783
2.6978702545166016,0.11411109566688538,4.103609085083008,0,2.8015666007995605,2.8301737308502197,0.9613184928894043,sub-03,20260826,ses-04,SSVEP,2.7398488521575928
2.5557546615600586,0.18415121734142303,1.6515271663665771,0,2.7360591888427734,2.640554428100586,0.6816652417182922,sub-02,20260826,ses-03,ERP,2.708165168762207
2.5274455547332764,0.15327471494674683,3.8541183471679688,0,2.7837557792663574,2.820582151412964,0.9929001331329346,sub-03,20260826,ses-04,SSVEP,2.778193950653076
2.7408156394958496,0.08328121155500412,1.8277864456176758,0,2.792121648788452,2.774902820587158,0.7620100378990173,sub-05,20260826,ses-04,ERP,2.7679784297943115
2.7057909965515137,0.10722319781780243,1.5401757955551147,0,2.8187646865844727,2.818392753601074,0.9409839510917664,sub-03,20260826,ses-04,ERP,2.767585039138794
2.7061195373535156,0.11049750447273254,1.3202850818634033,0,2.814558982849121,2.815922975540161,0.9676031470298767,sub-03,20260826,ses-04,ERP,2.8565714359283447
2.712521553039551,0.10785935819149017,14.656559944152832,0,3.069876194000244,3.0529487133026123,1.0058929920196533,sub-02,20260826,ses-03,SSVEP,2.72200870513916
2.7390241622924805,0.08597550541162491,1.6794342994689941,0,2.7921831607818604,2.774183750152588,0.7731022834777832,sub-05,20260826,ses-04,ERP,2.761270523071289
2.7157328128814697,0.10003520548343658,3.6004281044006348,0,2.72076416015625,2.8479862213134766,0.8435913920402527,sub-02,20260826,ses-04,ERP,2.7000632286071777
2.7275900840759277,0.08973337709903717,1.9430620670318604,0,2.7764971256256104,2.788193702697754,0.7784594297409058,sub-05,20260826,ses-02,SSVEP,2.7731802463531494
2.671966552734375,0.10853098332881927,1.9277359247207642,0,2.7481603622436523,2.7838566303253174,0.7505148649215698,sub-03,20260826,ses-02,ERP,2.820647716522217
2.6216063499450684,0.13906659185886383,2.7559361457824707,0,2.742551326751709,2.6510062217712402,0.6974257230758667,sub-02,20260826,ses-03,ERP,2.7313127517700195
2.582869291305542,0.14801476895809174,2.8524625301361084,0,2.7657077312469482,2.6954753398895264,0.7121123671531677,sub-02,20260826,ses-03,ERP,2.711214780807495
2.6582961082458496,0.09604433178901672,2.610722064971924,0,2.735844850540161,2.7535252571105957,1.1925281286239624,sub-05,20260826,ses-02,ERP,2.7394983768463135
2.7477939128875732,0.08515796065330505,2.302135944366455,0,2.792811393737793,2.774872303009033,0.7863540053367615,sub-05,20260826,ses-04,ERP,2.769984245300293
2.619981288909912,0.12609979510307312,3.719780683517456,0,2.8233602046966553,2.8091893196105957,1.0253942012786865,sub-02,20260826,ses-02,SSVEP,2.755016803741455
2.718319892883301,0.08955198526382446,1.6635807752609253,0,2.7269554138183594,2.8462393283843994,0.8346996307373047,sub-02,20260826,ses-04,ERP,2.747361898422241
2.6861696243286133,0.09279768168926239,2.888533115386963,0,2.7551097869873047,2.685021162033081,0.5572725534439087,sub-02,20260826,ses-02,ERP,2.7936081886291504
2.680408000946045,0.12956823408603668,1.666695237159729,0,2.651984453201294,2.6815524101257324,0.8848639726638794,sub-03,20260826,ses-03,SSVEP,2.6415188312530518
2.584761619567871,0.1904238909482956,4.3679280281066895,0,2.8064064979553223,2.836146354675293,0.9354676008224487,sub-03,20260826,ses-04,SSVEP,2.744701623916626
2.721548557281494,0.08980972319841385,9.657837867736816,0,2.7673513889312744,2.722132921218872,0.5585537552833557,sub-05,20260826,ses-03,SSVEP,3.0330402851104736
2.68511962890625,0.13606813549995422,3.473785161972046,0,2.953450918197632,2.976628065109253,0.9560579061508179,sub-02,20260826,ses-04,SSVEP,2.8467063903808594
2.7340586185455322,0.09647995233535767,15.084318161010742,0,3.0609700679779053,3.039896249771118,1.0061273574829102,sub-02,20260826,ses-03,SSVEP,2.7610130310058594
2.6635446548461914,0.12485547363758087,4.769385814666748,0,2.7990243434906006,2.8306310176849365,0.9639062285423279,sub-03,20260826,ses-04,SSVEP,2.7336742877960205
2.6848950386047363,0.10768559575080872,0.8581817746162415,0,2.7262582778930664,2.6946310997009277,0.5633254051208496,sub-02,20260826,ses-02,ERP,2.7444398403167725
2.5952441692352295,0.21049977838993073,2.417945146560669,0,2.755659580230713,2.7325451374053955,1.0198360681533813,sub-02,20260826,ses-02,SSVEP,2.7966017723083496
2.6284828186035156,0.12236335128545761,1.3708267211914062,0,2.721038341522217,2.7479727268218994,1.41944420337677,sub-05,20260826,ses-02,ERP,2.7128355503082275
2.7397046089172363,0.08707661181688309,1.5843721628189087,0,2.785534381866455,2.768061399459839,0.758131742477417,sub-05,20260826,ses-04,ERP,2.7761337757110596
2.7195873260498047,0.10466930270195007,2.055187940597534,0,2.7230005264282227,2.637049674987793,0.6729698181152344,sub-02,20260826,ses-03,ERP,2.716750144958496
2.7175278663635254,0.09032349288463593,2.0848209857940674,0,2.7837798595428467,2.798915386199951,0.7944507598876953,sub-05,20260826,ses-02,SSVEP,2.80470609664917
2.7308409214019775,0.08347264677286148,15.368536949157715,0,2.784623384475708,2.7966198921203613,0.7146987318992615,sub-05,20260826,ses-02,SSVEP,3.1630136966705322
2.7317261695861816,0.09372597932815552,14.992454528808594,0,3.023681402206421,2.9991226196289062,1.0060570240020752,sub-02,20260826,ses-03,SSVEP,2.727367401123047
2.7126317024230957,0.10462111234664917,3.1784965991973877,0,2.807288885116577,2.813802719116211,0.9511152505874634,sub-03,20260826,ses-04,ERP,2.801480293273926
2.542534828186035,0.1792522370815277,3.799661159515381,0,2.789013624191284,2.826418161392212,0.9642406702041626,sub-03,20260826,ses-04,SSVEP,2.7292842864990234
2.5834012031555176,0.18661604821681976,5.680394172668457,0,2.788588047027588,2.765906810760498,1.0110520124435425,sub-02,20260826,ses-02,SSVEP,2.803605556488037
2.7263951301574707,0.09592682868242264,2.1345674991607666,0,2.7360970973968506,2.747753858566284,0.5403199791908264,sub-05,20260826,ses-03,ERP,2.7323668003082275
2.628114938735962,0.16800160706043243,2.438645839691162,0,2.838548183441162,2.844305992126465,0.9157553911209106,sub-03,20260826,ses-04,ERP,2.7768125534057617
2.6964468955993652,0.09253653883934021,3.9412546157836914,0,2.7340774536132812,2.7643747329711914,0.7092665433883667,sub-03,20260826,ses-02,ERP,2.8677549362182617
2.7144455909729004,0.09220580011606216,14.558771133422852,0,2.768768548965454,2.7351551055908203,0.8065930604934692,sub-05,20260826,ses-04,SSVEP,2.9004030227661133
2.705301284790039,0.09594472497701645,1.2198089361190796,0,2.7296133041381836,2.7640633583068848,0.7105778455734253,sub-03,20260826,ses-02,ERP,2.748030662536621
2.569573163986206,0.16842548549175262,4.2634382247924805,0,2.7706949710845947,2.749405860900879,1.0169073343276978,sub-02,20260826,ses-02,SSVEP,2.7838246822357178
2.659501075744629,0.10503998398780823,3.32310152053833,0,2.755366325378418,2.7858636379241943,0.7204300761222839,sub-03,20260826,ses-02,ERP,2.862959384918213
2.6952953338623047,0.09925448894500732,4.454006671905518,0,2.7317166328430176,2.7571616172790527,1.1373772621154785,sub-05,20260826,ses-02,ERP,2.770090103149414
2.7393431663513184,0.08763470500707626,15.865516662597656,0,2.7909109592437744,2.804001808166504,0.7230444550514221,sub-05,20260826,ses-02,SSVEP,3.1641786098480225
2.7006404399871826,0.12036066502332687,14.175654411315918,0,3.070896625518799,3.0443291664123535,1.0066711902618408,sub-02,20260826,ses-03,SSVEP,2.7171945571899414
2.6668848991394043,0.10610021650791168,3.059495687484741,0,2.7398693561553955,2.6922812461853027,0.565540611743927,sub-02,20260826,ses-02,ERP,2.7615818977355957
2.5893359184265137,0.20782482624053955,2.135268211364746,0,2.8012964725494385,2.8317131996154785,0.6975695490837097,sub-03,20260826,ses-02,ERP,2.8567147254943848
2.669036388397217,0.13332714140415192,14.74082088470459,0,3.0696842670440674,3.050496816635132,1.0064045190811157,sub-02,20260826,ses-03,SSVEP,2.848541259765625
2.6536078453063965,0.11201073974370956,3.436974287033081,0,2.7151458263397217,2.842109441757202,0.8280532956123352,sub-02,20260826,ses-04,ERP,2.746387004852295
2.7399487495422363,0.09404802322387695,2.5786893367767334,0,2.783179998397827,2.7667126655578613,0.7454766631126404,sub-05,20260826,ses-04,ERP,2.785611629486084
2.737417221069336,0.08438301831483841,15.78561019897461,0,2.7961766719818115,2.8049416542053223,0.7705771327018738,sub-05,20260826,ses-02,SSVEP,3.170208215713501
2.7167112827301025,0.10424406081438065,14.269270896911621,0,3.011280059814453,2.9952125549316406,1.0066579580307007,sub-02,20260826,ses-03,SSVEP,2.8851780891418457
2.6449661254882812,0.1094622015953064,2.1331958770751953,0,2.702390670776367,2.840359926223755,0.8187809586524963,sub-02,20260826,ses-04,ERP,2.6886510848999023
2.541236400604248,0.14092673361301422,1.938346266746521,0,2.806082010269165,2.7824432849884033,1.0222070217132568,sub-02,20260826,ses-02,SSVEP,2.745880365371704
2.364997148513794,0.19225789606571198,6.153324127197266,0,2.752772569656372,2.7324576377868652,1.9294331073760986,sub-03,20260826,ses-02,SSVEP,2.7003824710845947
2.741490364074707,0.09117209911346436,14.303604125976562,0,2.6565096378326416,2.680764675140381,0.8779547214508057,sub-03,20260826,ses-03,SSVEP,3.004168748855591
2.5662312507629395,0.20351402461528778,7.648052215576172,0,2.7405309677124023,2.661144495010376,0.7164669632911682,sub-02,20260826,ses-03,ERP,2.8203392028808594
2.7380123138427734,0.08316616714000702,1.8177804946899414,0,2.7830491065979004,2.7896149158477783,0.7793512344360352,sub-05,20260826,ses-02,SSVEP,2.8006670475006104
2.7004337310791016,0.09031809121370316,2.052509069442749,0,2.7539947032928467,2.7833423614501953,0.7257115840911865,sub-03,20260826,ses-02,ERP,2.8034403324127197
2.5659027099609375,0.1608913689851761,2.36842942237854,0,2.7487642765045166,2.671578884124756,0.6906495094299316,sub-02,20260826,ses-03,ERP,2.699247121810913
2.7234649658203125,0.08745880424976349,2.358499050140381,0,2.7717525959014893,2.737481117248535,0.8160544633865356,sub-05,20260826,ses-04,SSVEP,2.8301432132720947
2.7044970989227295,0.08817457407712936,1.0938242673873901,0,2.764106035232544,2.731365442276001,0.8067894577980042,sub-05,20260826,ses-04,SSVEP,2.75919246673584
2.7090744972229004,0.09260687977075577,1.1711360216140747,0,2.7658090591430664,2.7269091606140137,0.5058464407920837,sub-05,20260826,ses-03,SSVEP,2.772550106048584
2.716639757156372,0.08577140420675278,1.3012889623641968,0,2.7389163970947266,2.769721746444702,0.7113823294639587,sub-03,20260826,ses-02,ERP,2.764944553375244
2.5726864337921143,0.1579892337322235,1.8775076866149902,0,2.812342643737793,2.791459798812866,1.0206459760665894,sub-02,20260826,ses-02,SSVEP,2.754376173019409
2.719252586364746,0.1059487983584404,0.8826950788497925,0,2.734940528869629,2.7434897422790527,0.49851298332214355,sub-05,20260826,ses-03,ERP,2.7284603118896484
2.5210201740264893,0.24977649748325348,4.832316875457764,0,2.816274642944336,2.8509151935577393,0.9542511701583862,sub-03,20260826,ses-04,ERP,2.776191234588623
2.6570091247558594,0.12699860334396362,4.609687805175781,0,2.93908429145813,2.966109037399292,1.0121088027954102,sub-02,20260826,ses-04,SSVEP,2.8580992221832275
2.5642733573913574,0.17460660636425018,3.7845876216888428,0,2.7907867431640625,2.8267323970794678,0.9579340815544128,sub-03,20260826,ses-04,SSVEP,2.7293145656585693
2.7251319885253906,0.10200496762990952,1.9003593921661377,0,2.8055102825164795,2.8011605739593506,0.9591278433799744,sub-03,20260826,ses-04,ERP,2.756394386291504
2.704129219055176,0.1191781684756279,15.232843399047852,0,3.0691635608673096,3.045736074447632,1.0057659149169922,sub-02,20260826,ses-03,SSVEP,2.72383451461792
2.549388885498047,0.14625117182731628,2.838116407394409,0,2.7639026641845703,2.6941781044006348,0.7540878653526306,sub-02,20260826,ses-03,ERP,2.7414615154266357
2.549529552459717,0.14709776639938354,6.233662128448486,0,2.745556354522705,2.7307541370391846,2.038137912750244,sub-03,20260826,ses-02,SSVEP,2.7046937942504883
2.7259092330932617,0.08682071417570114,1.5882421731948853,0,2.7799558639526367,2.7952020168304443,0.6998304724693298,sub-05,20260826,ses-02,SSVEP,2.7814152240753174
2.7305614948272705,0.10746598988771439,2.811675786972046,0,2.7407684326171875,2.756958484649658,0.5217464566230774,sub-05,20260826,ses-03,ERP,2.770794153213501
2.636183738708496,0.11542773246765137,1.7351104021072388,0,2.7211763858795166,2.8478736877441406,0.8261351585388184,sub-02,20260826,ses-04,ERP,2.7132437229156494
2.749797821044922,0.07972809672355652,1.7965160608291626,0,2.7862958908081055,2.7939577102661133,0.8382035493850708,sub-05,20260826,ses-02,SSVEP,2.8065474033355713
2.673546314239502,0.11283989250659943,1.5901296138763428,0,2.757213592529297,2.695101022720337,0.6351872682571411,sub-02,20260826,ses-02,ERP,2.7888970375061035
2.728921890258789,0.08759932219982147,15.518155097961426,0,2.7913055419921875,2.7907536029815674,0.8160244226455688,sub-05,20260826,ses-02,SSVEP,3.172189474105835
2.5444629192352295,0.1588207185268402,2.8156869411468506,0,2.753736972808838,2.6628193855285645,0.7212188243865967,sub-02,20260826,ses-03,ERP,2.700162887573242
2.5319838523864746,0.21213948726654053,3.716850996017456,0,2.7463085651397705,2.67026686668396,0.6866245269775391,sub-02,20260826,ses-03,ERP,2.7467565536499023
2.6227385997772217,0.11588173359632492,3.063385248184204,0,2.717278242111206,2.846418619155884,0.8197365403175354,sub-02,20260826,ses-04,ERP,2.7661259174346924
2.7059993743896484,0.09081415086984634,5.100983619689941,0,2.7655751705169678,2.7118446826934814,0.48172426223754883,sub-05,20260826,ses-03,SSVEP,2.924287796020508
2.7028088569641113,0.08692274987697601,1.6937817335128784,0,2.6373186111450195,2.663344144821167,0.8641576766967773,sub-03,20260826,ses-03,SSVEP,2.647062063217163
2.7067017555236816,0.098487488925457,2.947361946105957,0,2.93046498298645,2.9510462284088135,0.9017007946968079,sub-02,20260826,ses-04,SSVEP,2.8850815296173096
2.6752805709838867,0.11619393527507782,1.4464625120162964,0,2.660353422164917,2.7077441215515137,0.5096022486686707,sub-03,20260826,ses-03,ERP,2.706174850463867
2.660003185272217,0.10872248560190201,1.4005155563354492,0,2.746009349822998,2.697122573852539,0.60176020860672,sub-02,20260826,ses-02,ERP,2.775972366333008
2.658823013305664,0.09631320834159851,1.8838481903076172,0,2.7395081520080566,2.696669340133667,0.5651938319206238,sub-02,20260826,ses-02,ERP,2.778308153152466
2.6922783851623535,0.09338399767875671,2.565777063369751,0,2.661283254623413,2.7142841815948486,0.5749241709709167,sub-03,20260826,ses-03,ERP,2.715017080307007
2.7160584926605225,0.09103517979383469,5.911146640777588,0,2.7835803031921387,2.7966396808624268,0.7196307182312012,sub-05,20260826,ses-02,SSVEP,2.7983617782592773
2.710836887359619,0.10420096665620804,3.145597457885742,0,2.927332878112793,2.9424822330474854,0.8612539768218994,sub-02,20260826,ses-04,SSVEP,2.8346567153930664
2.712557077407837,0.08549780398607254,1.0572086572647095,0,2.7673423290252686,2.7350234985351562,0.8195581436157227,sub-05,20260826,ses-04,SSVEP,2.7884604930877686
2.7439475059509277,0.07818659394979477,1.4125845432281494,0,2.767393112182617,2.7295615673065186,0.5422210693359375,sub-05,20260826,ses-03,SSVEP,2.7744078636169434
2.7118124961853027,0.10908081382513046,10.205061912536621,0,2.8039300441741943,2.7936148643493652,0.9665102958679199,sub-03,20260826,ses-04,ERP,2.7760910987854004
2.7068557739257812,0.08627957105636597,3.1860673427581787,0,2.732511043548584,2.8540356159210205,0.8191510438919067,sub-02,20260826,ses-04,ERP,2.6676487922668457
2.4836974143981934,0.1514059454202652,2.5016677379608154,0,2.762826919555664,2.693206787109375,0.7626116871833801,sub-02,20260826,ses-03,ERP,2.689673900604248
2.7346882820129395,0.09766005724668503,13.580596923828125,0,3.087299108505249,3.0613820552825928,1.0055136680603027,sub-02,20260826,ses-03,SSVEP,2.7174408435821533
2.7379894256591797,0.09879390895366669,2.3782832622528076,0,2.7324140071868896,2.742295026779175,0.5238326787948608,sub-05,20260826,ses-03,ERP,2.7648813724517822
2.7257869243621826,0.09526936709880829,2.0267038345336914,0,2.781445026397705,2.7906739711761475,0.7614638209342957,sub-05,20260826,ses-02,SSVEP,2.7971293926239014
2.702204942703247,0.12226580828428268,1.9248524904251099,0,2.7031266689300537,2.7148711681365967,0.8545570969581604,sub-03,20260826,ses-03,SSVEP,2.6206414699554443
2.694535255432129,0.09790197014808655,2.0047240257263184,0,2.746107339859009,2.66879940032959,0.5728154182434082,sub-02,20260826,ses-02,ERP,2.7657153606414795
2.700507640838623,0.0992789939045906,5.608710765838623,0,2.8142614364624023,2.7723300457000732,1.0069100856781006,sub-02,20260826,ses-02,SSVEP,2.7881455421447754
2.3833587169647217,0.21936869621276855,5.715526103973389,0,2.7550907135009766,2.74129581451416,1.9720255136489868,sub-03,20260826,ses-02,SSVEP,2.7264554500579834
2.7225780487060547,0.08778294175863266,7.8934712409973145,0,2.7592649459838867,2.700577974319458,0.5051258206367493,sub-05,20260826,ses-03,SSVEP,2.9899256229400635
2.495148181915283,0.2434394508600235,2.5952789783477783,0,2.7535312175750732,2.6843857765197754,0.7413474321365356,sub-02,20260826,ses-03,ERP,2.6977479457855225
2.7299437522888184,0.08632569760084152,8.911857604980469,0,2.760232925415039,2.7132086753845215,0.4949358105659485,sub-05,20260826,ses-03,SSVEP,3.0055084228515625
2.732107400894165,0.09686170518398285,1.572708249092102,0,2.8226592540740967,2.8265082836151123,0.9765419960021973,sub-03,20260826,ses-04,ERP,2.8622288703918457
2.7347207069396973,0.08513180166482925,1.4876759052276611,0,2.7730655670166016,2.7522778511047363,0.5321400165557861,sub-05,20260826,ses-03,SSVEP,2.76424241065979
2.7506985664367676,0.0940667986869812,2.645961284637451,0,2.7958638668060303,2.8040571212768555,0.9423343539237976,sub-03,20260826,ses-04,ERP,2.787536382675171
2.7312004566192627,0.10131771862506866,13.633044242858887,0,3.0633742809295654,3.027686357498169,1.0057823657989502,sub-02,20260826,ses-03,SSVEP,2.868072509765625
2.6606764793395996,0.13255725800991058,2.0638725757598877,0,2.7616124153137207,2.735715627670288,1.0097343921661377,sub-02,20260826,ses-02,SSVEP,2.8206427097320557
2.7593026161193848,0.08303984254598618,8.073984146118164,0,2.762824058532715,2.7063775062561035,0.5314150452613831,sub-05,20260826,ses-03,SSVEP,2.9960556030273438
2.656142234802246,0.12891483306884766,7.717794418334961,0,2.757711887359619,2.6993136405944824,0.7462406158447266,sub-02,20260826,ses-03,ERP,2.8337724208831787
2.741528034210205,0.10584861785173416,15.307453155517578,0,3.076291799545288,3.057307004928589,1.0051904916763306,sub-02,20260826,ses-03,SSVEP,2.7487261295318604
2.6950926780700684,0.10762471705675125,3.272463798522949,0,2.7243237495422363,2.6794910430908203,0.5382950305938721,sub-02,20260826,ses-02,ERP,2.791821002960205
2.723613739013672,0.07978552579879761,1.8275202512741089,0,2.646343231201172,2.6738178730010986,0.9021298885345459,sub-03,20260826,ses-03,SSVEP,2.6492762565612793
2.7257943153381348,0.08248597383499146,1.4784483909606934,0,2.844674825668335,2.866232395172119,0.7364405393600464,sub-02,20260827,ses-03,ERP,2.845503091812134
2.7339589595794678,0.08779460936784744,1.2671926021575928,0,2.8186986446380615,2.871448278427124,1.2046422958374023,sub-05,20260827,ses-02,ERP,2.8123390674591064
2.7572946548461914,0.07381649315357208,1.5076149702072144,0,2.7935233116149902,2.7761082649230957,0.8286449909210205,sub-05,20260827,ses-04,SSVEP,2.832115650177002
2.768444776535034,0.06839647889137268,1.9993349313735962,0,2.976999282836914,2.97711443901062,0.8753388524055481,sub-03,20260827,ses-04,SSVEP,2.9522933959960938
2.640361785888672,0.1230667233467102,12.625589370727539,0,3.211540460586548,3.245351791381836,1.003828525543213,sub-02,20260827,ses-03,SSVEP,2.882056474685669
2.7416107654571533,0.08454255014657974,2.045903205871582,0,2.8247132301330566,2.8448188304901123,0.7816947102546692,sub-03,20260827,ses-02,ERP,2.793081283569336
2.7174649238586426,0.08138979971408844,1.9109301567077637,0,2.7960495948791504,2.860589027404785,0.8797611594200134,sub-05,20260827,ses-02,SSVEP,2.8298966884613037
2.7160720825195312,0.09624044597148895,1.34621000289917,0,2.833425760269165,2.8929479122161865,1.3520532846450806,sub-05,20260827,ses-02,ERP,2.7970633506774902
2.7099757194519043,0.08770874887704849,2.4906296730041504,0,2.8117241859436035,2.841370105743408,0.8702738881111145,sub-05,20260827,ses-02,SSVEP,2.688776731491089
2.725337505340576,0.09025677293539047,1.0450364351272583,0,2.8018062114715576,2.8598809242248535,0.6030886769294739,sub-02,20260827,ses-02,ERP,2.857612371444702
2.7415764331817627,0.07977976649999619,1.0009113550186157,0,2.823552370071411,2.845778703689575,0.7887555956840515,sub-03,20260827,ses-02,ERP,2.845623016357422
2.7385003566741943,0.08091608434915543,2.4247822761535645,0,2.882434129714966,2.917065143585205,0.8497903943061829,sub-03,20260827,ses-04,ERP,2.9076123237609863
2.7198970317840576,0.08489513397216797,2.1740760803222656,0,2.81571888923645,2.8383655548095703,0.9131444692611694,sub-05,20260827,ses-02,SSVEP,2.8237264156341553
2.7396116256713867,0.08070868253707886,6.06038761138916,0,2.825193405151367,2.8489577770233154,0.6214542984962463,sub-05,20260827,ses-03,SSVEP,2.853888988494873
2.7267045974731445,0.07796809077262878,0.625856339931488,0,2.8066983222961426,2.8623239994049072,0.5963449478149414,sub-02,20260827,ses-02,ERP,2.8495640754699707
2.7670555114746094,0.07303463667631149,1.6457468271255493,0,2.9731526374816895,2.977036714553833,0.869199275970459,sub-03,20260827,ses-04,SSVEP,2.9906556606292725
2.7529640197753906,0.07504711300134659,1.6911906003952026,0,2.8948326110839844,2.9139041900634766,0.9299492239952087,sub-02,20260827,ses-04,ERP,2.8191616535186768
2.747997283935547,0.07562953978776932,1.3379895687103271,0,2.8054041862487793,2.836764097213745,0.7658305764198303,sub-03,20260827,ses-02,ERP,2.8196003437042236
2.738649368286133,0.08427786827087402,2.469214677810669,0,2.83235239982605,2.864990472793579,0.7372356057167053,sub-02,20260827,ses-03,ERP,2.7474098205566406
2.7480695247650146,0.07818415015935898,2.189011573791504,0,2.9436891078948975,2.9623003005981445,1.0021328926086426,sub-02,20260827,ses-04,SSVEP,2.9019525051116943
2.755800724029541,0.07465001940727234,3.059981346130371,0,2.8537356853485107,2.867187976837158,0.6680305600166321,sub-03,20260827,ses-03,ERP,2.782313346862793
2.7533936500549316,0.09367886185646057,1.9925769567489624,0,2.936382293701172,2.934328556060791,0.5829888582229614,sub-05,20260827,ses-03,ERP,2.9221739768981934
2.6744327545166016,0.11288715898990631,2.017194986343384,0,2.8521814346313477,2.842153310775757,1.0545108318328857,sub-02,20260827,ses-02,SSVEP,2.831632614135742
2.7021074295043945,0.09042683243751526,0.9568120837211609,0,2.8659701347351074,2.8945462703704834,0.6013572812080383,sub-03,20260827,ses-03,ERP,2.858444929122925
2.673252582550049,0.0951385572552681,1.6497944593429565,0,2.824030637741089,2.8064332008361816,1.0321284532546997,sub-02,20260827,ses-02,SSVEP,2.848858118057251
2.7668604850769043,0.07317332178354263,5.2376251220703125,0,2.7982466220855713,2.795461893081665,0.870182991027832,sub-05,20260827,ses-04,SSVEP,3.0726375579833984
2.74601411819458,0.09313225001096725,1.7141878604888916,0,2.929776668548584,2.9249322414398193,0.5488101243972778,sub-05,20260827,ses-03,ERP,2.8922061920166016
2.650724411010742,0.10792066901922226,8.82750415802002,0,2.854801654815674,2.81025767326355,1.0322848558425903,sub-02,20260827,ses-02,SSVEP,3.0325279235839844
2.5743844509124756,0.15801499783992767,13.474263191223145,0,3.2040960788726807,3.2328972816467285,1.003579020500183,sub-02,20260827,ses-03,SSVEP,2.9236936569213867
2.588517189025879,0.14670351147651672,14.278515815734863,0,3.1976280212402344,3.2272801399230957,1.00260329246521,sub-02,20260827,ses-03,SSVEP,2.9302730560302734
2.753751754760742,0.07487288117408752,1.4205552339553833,0,2.872173309326172,2.900522470474243,0.9304347634315491,sub-02,20260827,ses-04,ERP,2.837968111038208
2.764768123626709,0.07230525463819504,2.543053150177002,0,2.811511516571045,2.868069887161255,0.9685747623443604,sub-03,20260827,ses-03,SSVEP,2.9257824420928955
2.72929310798645,0.08425962924957275,1.1644246578216553,0,2.8095548152923584,2.8572115898132324,0.8234776854515076,sub-05,20260827,ses-02,SSVEP,2.791766881942749
2.630361557006836,0.12227985262870789,13.730999946594238,0,3.1731677055358887,3.1959478855133057,1.004568338394165,sub-02,20260827,ses-03,SSVEP,2.925753355026245
2.761385917663574,0.07206995040178299,1.4608441591262817,0,2.8418498039245605,2.859077215194702,1.082413911819458,sub-03,20260827,ses-02,SSVEP,2.835193634033203
2.713252067565918,0.10280099511146545,0.8622387647628784,0,2.812593698501587,2.8845717906951904,1.3044604063034058,sub-05,20260827,ses-02,ERP,2.8212430477142334
2.7638633251190186,0.07229717075824738,1.2553223371505737,0,2.823733329772949,2.847538471221924,0.8085612654685974,sub-03,20260827,ses-02,ERP,2.829758405685425
2.7358603477478027,0.08379891514778137,1.0343892574310303,0,2.7974417209625244,2.863868474960327,0.5853389501571655,sub-02,20260827,ses-02,ERP,2.869569778442383
2.6396915912628174,0.15472182631492615,14.233678817749023,0,3.2043516635894775,3.2244622707366943,1.0046039819717407,sub-02,20260827,ses-03,SSVEP,2.8752074241638184
2.7627954483032227,0.07247182726860046,1.2567400932312012,0,2.881305694580078,2.9100465774536133,0.9242861270904541,sub-02,20260827,ses-04,ERP,2.871501922607422
2.7458419799804688,0.08293620496988297,5.050363063812256,0,2.939073324203491,2.9786171913146973,0.9943064451217651,sub-02,20260827,ses-04,SSVEP,3.080427885055542
2.747089385986328,0.07786037027835846,1.465145468711853,0,2.8189914226531982,2.8303022384643555,0.5972033739089966,sub-05,20260827,ses-03,SSVEP,2.8335952758789062
2.744676351547241,0.07816466689109802,1.928295373916626,0,2.8549304008483887,2.8890841007232666,0.866233229637146,sub-03,20260827,ses-04,ERP,2.86848783493042
2.736990451812744,0.0942036360502243,1.5186498165130615,0,2.9361789226531982,2.9309771060943604,0.5394594073295593,sub-05,20260827,ses-03,ERP,2.895670175552368
2.7522897720336914,0.07900220155715942,6.677674293518066,0,2.879685163497925,2.9260833263397217,0.8539302349090576,sub-03,20260827,ses-04,ERP,2.835817337036133
2.73850417137146,0.09628593921661377,1.4849872589111328,0,2.947631359100342,2.9396607875823975,0.5826652646064758,sub-05,20260827,ses-03,ERP,2.911252737045288
2.767087459564209,0.07358137518167496,13.061034202575684,0,2.976729154586792,2.97505521774292,0.8715589642524719,sub-03,20260827,ses-04,SSVEP,3.1495327949523926
2.7573885917663574,0.07815060764551163,1.6165152788162231,0,2.860485792160034,2.903872489929199,0.8752144575119019,sub-03,20260827,ses-04,ERP,2.876772403717041
2.7247395515441895,0.09822583943605423,2.0931012630462646,0,2.8408639430999756,2.8691020011901855,0.6756207346916199,sub-02,20260827,ses-02,ERP,2.838193655014038
2.7531304359436035,0.0718391090631485,4.954431056976318,0,2.8179068565368652,2.8356902599334717,0.6063260436058044,sub-05,20260827,ses-03,SSVEP,2.817870616912842
2.747072219848633,0.08866406977176666,2.3931236267089844,0,2.879528045654297,2.8658313751220703,0.7872224450111389,sub-05,20260827,ses-04,ERP,2.9213688373565674
2.6819143295288086,0.09455639868974686,2.6023478507995605,0,2.8323676586151123,2.8039286136627197,1.0442179441452026,sub-02,20260827,ses-02,SSVEP,2.8100152015686035
2.729431390762329,0.08304240554571152,2.254152536392212,0,2.7898247241973877,2.845322847366333,0.8613885045051575,sub-05,20260827,ses-02,SSVEP,2.7195167541503906
2.7316761016845703,0.08472181111574173,0.8386364579200745,0,2.8414008617401123,2.8776473999023438,0.7827032804489136,sub-02,20260827,ses-03,ERP,2.8187484741210938
2.764901638031006,0.07743632793426514,14.044819831848145,0,2.971562147140503,2.971461534500122,0.8665264248847961,sub-03,20260827,ses-04,SSVEP,3.1578733921051025
2.5612545013427734,0.15016543865203857,13.00383472442627,0,3.196340560913086,3.231189727783203,1.0032824277877808,sub-02,20260827,ses-03,SSVEP,2.889580011367798
2.751688003540039,0.0768255665898323,1.4181106090545654,0,2.8559730052948,2.8782598972320557,0.8761763572692871,sub-03,20260827,ses-03,SSVEP,2.9062883853912354
2.7356204986572266,0.09263826161623001,0.8363664746284485,0,2.923941135406494,2.9208526611328125,0.5570892095565796,sub-05,20260827,ses-03,ERP,2.9443352222442627
2.75820255279541,0.07409839332103729,5.007299900054932,0,2.7793703079223633,2.7713282108306885,0.8267613649368286,sub-05,20260827,ses-04,SSVEP,3.0635695457458496
2.7511372566223145,0.07623884826898575,0.9748556613922119,0,2.8360655307769775,2.887728214263916,0.8058344721794128,sub-02,20260827,ses-03,ERP,2.807166337966919
2.68442702293396,0.08791507035493851,2.589107036590576,0,2.807194948196411,2.8300013542175293,0.9821084141731262,sub-05,20260827,ses-02,SSVEP,2.682360887527466
2.7104852199554443,0.08907554298639297,2.113715171813965,0,2.8125059604644775,2.856398344039917,0.7879616022109985,sub-02,20260827,ses-03,ERP,2.8251640796661377
2.7066335678100586,0.09115896373987198,2.886134624481201,0,2.814950466156006,2.8483693599700928,0.9312892556190491,sub-05,20260827,ses-02,SSVEP,2.6969223022460938
2.7409002780914307,0.07929454743862152,0.9486062526702881,0,2.8172414302825928,2.849547863006592,0.7700996994972229,sub-03,20260827,ses-02,ERP,2.825040340423584
2.7502269744873047,0.08148457854986191,1.8802164793014526,0,2.828277111053467,2.861769914627075,0.7753986716270447,sub-03,20260827,ses-02,ERP,2.81575345993042
2.7547333240509033,0.07478446513414383,1.564318299293518,0,2.819249153137207,2.8416426181793213,0.7920429706573486,sub-03,20260827,ses-02,ERP,2.8379671573638916
2.7209510803222656,0.10101498663425446,2.3934285640716553,0,2.8305084705352783,2.862029552459717,0.6602218151092529,sub-02,20260827,ses-02,ERP,2.7846591472625732
2.7492008209228516,0.094680055975914,1.7472543716430664,0,2.9425015449523926,2.9346630573272705,0.581639289855957,sub-05,20260827,ses-03,ERP,2.926330327987671
2.7182397842407227,0.08896858990192413,0.9020763039588928,0,2.8124492168426514,2.8860409259796143,1.2296943664550781,sub-05,20260827,ses-02,ERP,2.8267786502838135
2.7617063522338867,0.07552256435155869,1.185802698135376,0,2.8609721660614014,2.9023208618164062,0.8751911520957947,sub-03,20260827,ses-04,ERP,2.859511137008667
2.699063777923584,0.09838133305311203,1.3222923278808594,0,2.811951160430908,2.8479771614074707,0.6298953890800476,sub-02,20260827,ses-02,ERP,2.8439605236053467
2.7516183853149414,0.07775445282459259,1.5333210229873657,0,2.8183696269989014,2.840343713760376,0.6156120896339417,sub-05,20260827,ses-03,SSVEP,2.888293504714966
2.744609832763672,0.07816020399332047,3.347541332244873,0,2.8605616092681885,2.8935065269470215,0.6181061267852783,sub-03,20260827,ses-03,ERP,2.879274845123291
2.7599034309387207,0.07399210333824158,10.048954010009766,0,2.779792547225952,2.7725133895874023,0.8170458674430847,sub-05,20260827,ses-04,SSVEP,3.0109059810638428
2.69256591796875,0.10771486908197403,1.9816539287567139,0,2.831503391265869,2.8700273036956787,0.6333312392234802,sub-02,20260827,ses-02,ERP,2.829138994216919
2.7187371253967285,0.08470988273620605,2.091759443283081,0,2.8539605140686035,2.8786327838897705,0.5917233824729919,sub-03,20260827,ses-03,ERP,2.789552927017212
2.5562429428100586,0.1310739815235138,13.587427139282227,0,3.2079286575317383,3.233020544052124,1.0034383535385132,sub-02,20260827,ses-03,SSVEP,2.945068120956421
2.742819309234619,0.08133365958929062,1.1475000381469727,0,2.8656904697418213,2.857215404510498,0.8095802068710327,sub-05,20260827,ses-04,ERP,2.860947847366333
2.731797695159912,0.08826940506696701,2.0354018211364746,0,2.8228933811187744,2.883589744567871,1.193108081817627,sub-05,20260827,ses-02,ERP,2.8158063888549805
2.74082088470459,0.08702518045902252,1.2104047536849976,0,2.8237335681915283,2.865168571472168,0.7424526810646057,sub-02,20260827,ses-03,ERP,2.818161964416504
2.6894030570983887,0.09825433790683746,2.5885043144226074,0,2.822934627532959,2.8380637168884277,0.9698041081428528,sub-05,20260827,ses-02,SSVEP,2.6824820041656494
2.7500391006469727,0.07622278481721878,1.6528964042663574,0,2.881483793258667,2.901115655899048,0.9158747792243958,sub-02,20260827,ses-04,ERP,2.8583052158355713
2.7636258602142334,0.07470808178186417,1.98762845993042,0,2.7991890907287598,2.8580503463745117,0.9679882526397705,sub-03,20260827,ses-03,SSVEP,2.913984537124634
2.7425975799560547,0.08005351573228836,1.2248142957687378,0,2.8619017601013184,2.8906331062316895,0.6292110681533813,sub-03,20260827,ses-03,ERP,2.82908296585083
2.5368003845214844,0.14246492087841034,12.959263801574707,0,3.2309012413024902,3.2609620094299316,1.002820372581482,sub-02,20260827,ses-03,SSVEP,2.8720386028289795
2.719167947769165,0.09294061362743378,1.0749348402023315,0,2.831848621368408,2.8899171352386475,1.3098373413085938,sub-05,20260827,ses-02,ERP,2.783360004425049
2.758150815963745,0.07396513968706131,1.85673987865448,0,2.8754653930664062,2.912663698196411,0.9315577745437622,sub-02,20260827,ses-04,ERP,2.8901922702789307
2.7506823539733887,0.07763732224702835,0.7468782663345337,0,2.867349863052368,2.8948662281036377,0.8833279609680176,sub-03,20260827,ses-03,SSVEP,2.8695638179779053
2.7653231620788574,0.07647637277841568,9.568452835083008,0,2.966156482696533,2.9649908542633057,0.8510274291038513,sub-03,20260827,ses-04,SSVEP,2.9519331455230713
2.7680232524871826,0.07806012034416199,8.117528915405273,0,2.8951518535614014,2.9025163650512695,0.936485767364502,sub-02,20260827,ses-04,ERP,2.8930208683013916
2.711219310760498,0.09602365642786026,1.9551905393600464,0,2.810523748397827,2.8576388359069824,0.8829455375671387,sub-05,20260827,ses-02,SSVEP,2.7313969135284424
2.7318525314331055,0.07914247363805771,1.0428814888000488,0,2.858661413192749,2.8829543590545654,0.6205722689628601,sub-03,20260827,ses-03,ERP,2.8627097606658936
2.7405593395233154,0.07797414064407349,1.4524946212768555,0,2.867976188659668,2.8932275772094727,0.6271748542785645,sub-03,20260827,ses-03,ERP,2.7952206134796143
2.732314109802246,0.09011661261320114,0.9287675023078918,0,2.931652307510376,2.9256441593170166,0.5527981519699097,sub-05,20260827,ses-03,ERP,2.90877103805542
2.686659336090088,0.10102114081382751,0.9780690670013428,0,2.8415040969848633,2.8320882320404053,1.0489670038223267,sub-02,20260827,ses-02,SSVEP,2.840818166732788
2.7639060020446777,0.07246587425470352,10.976909637451172,0,2.790316104888916,2.7900688648223877,0.8629080653190613,sub-05,20260827,ses-04,SSVEP,3.027162790298462
2.7551639080047607,0.07150420546531677,1.6887623071670532,0,2.827000141143799,2.864269733428955,0.8062655329704285,sub-03,20260827,ses-02,ERP,2.8161377906799316
2.764005184173584,0.0735914409160614,3.5155303478240967,0,2.7756552696228027,2.767270088195801,0.8328768014907837,sub-05,20260827,ses-04,SSVEP,2.821315050125122
2.746070384979248,0.07808130234479904,2.406259059906006,0,2.870105266571045,2.8972060680389404,0.6735327839851379,sub-03,20260827,ses-03,ERP,2.784550428390503
2.7328295707702637,0.08178374171257019,1.6106007099151611,0,2.80839204788208,2.8675661087036133,1.131531834602356,sub-05,20260827,ses-02,ERP,2.8148903846740723
2.7406907081604004,0.08210134506225586,2.8937041759490967,0,2.8037686347961426,2.8598833084106445,1.1904597282409668,sub-05,20260827,ses-02,ERP,2.7887349128723145
2.762665271759033,0.07449265569448471,0.8258263468742371,0,2.8211050033569336,2.859259605407715,0.8039869070053101,sub-03,20260827,ses-02,ERP,2.820035934448242
2.7451376914978027,0.08174785226583481,0.9402327537536621,0,2.8579227924346924,2.850285530090332,0.8221662640571594,sub-05,20260827,ses-04,ERP,2.881309986114502
2.75099515914917,0.083070769906044,1.1609041690826416,0,2.856776237487793,2.8934412002563477,0.7876595854759216,sub-02,20260827,ses-03,ERP,2.8204660415649414
2.7272934913635254,0.08402781188488007,2.12945294380188,0,2.795182466506958,2.84889554977417,0.8543987274169922,sub-05,20260827,ses-02,SSVEP,2.7213943004608154
2.683685779571533,0.10510360449552536,1.651133418083191,0,2.8300139904022217,2.797903537750244,1.0365277528762817,sub-02,20260827,ses-02,SSVEP,2.890558958053589
2.7243478298187256,0.08667774498462677,1.9688092470169067,0,2.8213021755218506,2.8556203842163086,0.570545494556427,sub-02,20260827,ses-02,ERP,2.8469603061676025
2.7508773803710938,0.09197673946619034,1.024405837059021,0,2.947601079940796,2.9396514892578125,0.5599063038825989,sub-05,20260827,ses-03,ERP,2.903022527694702
2.745542049407959,0.08364936709403992,2.4156527519226074,0,2.8153412342071533,2.837679147720337,0.8259944319725037,sub-03,20260827,ses-02,ERP,2.850111722946167
2.7406578063964844,0.0779593288898468,1.9960113763809204,0,2.863257884979248,2.8573110103607178,0.8475768566131592,sub-05,20260827,ses-04,ERP,2.8978915214538574
2.764301300048828,0.07371727377176285,1.5006216764450073,0,2.889950752258301,2.920321226119995,0.9419283270835876,sub-02,20260827,ses-04,ERP,2.883524179458618
2.7326810359954834,0.0818781778216362,0.6948412656784058,0,2.814689874649048,2.880324363708496,1.183143973350525,sub-05,20260827,ses-02,ERP,2.816262722015381
2.710494041442871,0.09044244885444641,2.2629265785217285,0,2.940028667449951,3.008857250213623,1.0281426906585693,sub-02,20260827,ses-04,SSVEP,2.8904454708099365
2.746340751647949,0.08060704916715622,2.191185235977173,0,2.93973970413208,2.989936113357544,1.029171347618103,sub-02,20260827,ses-04,SSVEP,2.915269136428833
2.7299280166625977,0.07809548079967499,1.937198281288147,0,2.856468677520752,2.8794283866882324,0.6197609901428223,sub-03,20260827,ses-03,ERP,2.8597662448883057
2.7653613090515137,0.07248972356319427,1.2118093967437744,0,2.978403329849243,2.9769811630249023,0.8663987517356873,sub-03,20260827,ses-04,SSVEP,2.9660732746124268
2.717893362045288,0.0931248664855957,1.1561939716339111,0,2.814702272415161,2.8797786235809326,1.3021645545959473,sub-05,20260827,ses-02,ERP,2.8187997341156006
2.733531951904297,0.08268626034259796,1.726745843887329,0,2.8255014419555664,2.850412130355835,1.0960253477096558,sub-03,20260827,ses-02,SSVEP,2.767394542694092
2.7597365379333496,0.07504106312990189,1.3852657079696655,0,2.8354227542877197,2.855323553085327,0.5992637276649475,sub-05,20260827,ses-03,SSVEP,2.8571012020111084
2.722524642944336,0.0864313468337059,1.348807692527771,0,2.847630023956299,2.880971908569336,1.0212310552597046,sub-03,20260827,ses-02,SSVEP,2.803966522216797
2.7620043754577637,0.07550673186779022,10.158167839050293,0,2.923628807067871,2.952199697494507,0.9754325151443481,sub-02,20260827,ses-04,SSVEP,2.9481165409088135
2.5757322311401367,0.13904321193695068,12.474781036376953,0,3.2108826637268066,3.2452735900878906,1.002554178237915,sub-02,20260827,ses-03,SSVEP,2.8455376625061035
2.7470128536224365,0.08469122648239136,1.5635874271392822,0,2.953578472137451,2.94602632522583,0.5577073693275452,sub-05,20260827,ses-03,ERP,2.905939817428589
2.7570667266845703,0.07722608000040054,1.5824605226516724,0,2.975071430206299,2.958191156387329,0.8350375890731812,sub-03,20260827,ses-04,SSVEP,2.967817544937134
2.763202428817749,0.07367457449436188,1.8688722848892212,0,2.8639779090881348,2.90977144241333,0.8728454113006592,sub-03,20260827,ses-04,ERP,2.8706305027008057
2.7514259815216064,0.082480289041996,0.8909690976142883,0,2.8601129055023193,2.854755163192749,0.8338716626167297,sub-05,20260827,ses-04,ERP,2.8664605617523193
2.7488021850585938,0.08254891633987427,1.0102014541625977,0,2.8432579040527344,2.8548099994659424,0.5670644640922546,sub-05,20260827,ses-03,SSVEP,2.850700855255127
2.7650880813598633,0.07131713628768921,1.3809409141540527,0,2.8174901008605957,2.8500986099243164,0.8132273554801941,sub-03,20260827,ses-02,ERP,2.829896926879883
2.7154734134674072,0.08792642503976822,3.119967222213745,0,2.7951693534851074,2.831728935241699,0.91732257604599,sub-05,20260827,ses-02,SSVEP,2.869657039642334
2.763012170791626,0.07149132341146469,3.7493834495544434,0,2.831538438796997,2.847092628479004,0.6246246695518494,sub-05,20260827,ses-03,SSVEP,2.947431802749634
2.7215371131896973,0.08226906508207321,1.1706600189208984,0,2.788756847381592,2.833462953567505,0.9050383567810059,sub-05,20260827,ses-02,SSVEP,2.806307315826416
2.7591404914855957,0.07790323346853256,1.6515194177627563,0,2.870903968811035,2.865570545196533,0.8392853140830994,sub-05,20260827,ses-04,ERP,2.9018540382385254
2.760159969329834,0.07415072619915009,14.57425308227539,0,2.789879083633423,2.783216714859009,0.8479248881340027,sub-05,20260827,ses-04,SSVEP,3.196582555770874
2.7578043937683105,0.0774291455745697,1.8677934408187866,0,2.854522705078125,2.8795342445373535,0.6416381001472473,sub-03,20260827,ses-03,ERP,2.798628568649292
2.523320436477661,0.15144109725952148,12.619393348693848,0,3.176222562789917,3.2080514430999756,1.0028773546218872,sub-02,20260827,ses-03,SSVEP,2.9063613414764404
2.7646820545196533,0.07461991906166077,0.894294023513794,0,2.794922113418579,2.7862188816070557,0.838117241859436,sub-05,20260827,ses-04,SSVEP,2.7767884731292725
2.667548656463623,0.09402605146169662,0.8820602297782898,0,2.8465864658355713,2.802253246307373,1.0329617261886597,sub-02,20260827,ses-02,SSVEP,2.873695135116577
2.7536849975585938,0.07913404703140259,3.8406386375427246,0,2.8238558769226074,2.8610849380493164,0.769646942615509,sub-02,20260827,ses-03,ERP,2.8657710552215576
2.721994400024414,0.09486237168312073,0.8834319710731506,0,2.8097786903381348,2.8613369464874268,0.6029608249664307,sub-02,20260827,ses-02,ERP,2.8263235092163086
2.7264788150787354,0.08097817003726959,1.7370223999023438,0,2.7806243896484375,2.8295233249664307,0.7807911038398743,sub-03,20260827,ses-02,ERP,2.8258678913116455
2.7516093254089355,0.07595280557870865,1.6829620599746704,0,2.9016013145446777,2.919987678527832,0.9249293804168701,sub-02,20260827,ses-04,ERP,2.8220808506011963
2.7602922916412354,0.07658404856920242,3.2857120037078857,0,2.829052209854126,2.846748113632202,1.1564000844955444,sub-03,20260827,ses-02,SSVEP,2.81105899810791
2.6402342319488525,0.12149400264024734,1.8258640766143799,0,2.818810224533081,2.8020124435424805,1.0498862266540527,sub-02,20260827,ses-02,SSVEP,2.8991730213165283
2.738194465637207,0.08051100373268127,2.8558778762817383,0,2.9465744495391846,3.001282215118408,1.0082173347473145,sub-02,20260827,ses-04,SSVEP,2.8823294639587402
2.7657995223999023,0.07834258675575256,1.427439570426941,0,2.8832576274871826,2.9173028469085693,0.9391669631004333,sub-02,20260827,ses-04,ERP,2.875373363494873
2.7666916847229004,0.07239722460508347,1.3132915496826172,0,2.91853928565979,2.946822166442871,0.9817991256713867,sub-02,20260827,ses-04,SSVEP,2.907656192779541
2.718148708343506,0.08647724986076355,0.6971431374549866,0,2.8121652603149414,2.850515127182007,0.5965745449066162,sub-02,20260827,ses-02,ERP,2.834592342376709
2.762216567993164,0.07135803252458572,2.130488872528076,0,2.8659515380859375,2.886047124862671,0.933081865310669,sub-02,20260827,ses-04,ERP,2.8959057331085205
2.58213210105896,0.1567317247390747,13.203598976135254,0,3.2036993503570557,3.238804578781128,1.0041370391845703,sub-02,20260827,ses-03,SSVEP,2.877223253250122
2.7612829208374023,0.07412099838256836,1.3815454244613647,0,2.7892215251922607,2.7643508911132812,0.8157227635383606,sub-05,20260827,ses-04,SSVEP,2.8070173263549805
2.7486133575439453,0.0781189426779747,2.9868509769439697,0,2.822936773300171,2.8550336360931396,0.9860296845436096,sub-03,20260827,ses-02,SSVEP,2.8261988162994385
2.668001174926758,0.11408314853906631,11.839054107666016,0,3.228752851486206,3.2614829540252686,1.0044796466827393,sub-02,20260827,ses-03,SSVEP,2.921874523162842
2.730182409286499,0.08289952576160431,1.8788930177688599,0,2.944329023361206,2.973285675048828,1.0145779848098755,sub-02,20260827,ses-04,SSVEP,2.9275290966033936
2.73125958442688,0.07974451035261154,2.7479333877563477,0,2.854085922241211,2.8836171627044678,0.625860333442688,sub-03,20260827,ses-03,ERP,2.9106969833374023
2.723830223083496,0.09051473438739777,2.03702974319458,0,2.9441068172454834,3.005199432373047,1.0231441259384155,sub-02,20260827,ses-04,SSVEP,2.946437358856201
2.755028009414673,0.07958953827619553,1.5283665657043457,0,2.8873064517974854,2.874729633331299,0.7855199575424194,sub-05,20260827,ses-04,ERP,2.8418619632720947
2.7246978282928467,0.08031182736158371,3.6534600257873535,0,2.8630998134613037,2.834714412689209,0.5294213891029358,sub-05,20260827,ses-03,SSVEP,2.957338571548462
2.7216796875,0.08779395371675491,0.8577373623847961,0,2.812126636505127,2.878481864929199,1.2050141096115112,sub-05,20260827,ses-02,ERP,2.830244541168213
2.7627220153808594,0.07089785486459732,1.4272445440292358,0,2.784905195236206,2.778111457824707,0.8402044177055359,sub-05,20260827,ses-04,SSVEP,2.8009774684906006
2.739840507507324,0.09300579875707626,2.48050856590271,0,2.9431354999542236,2.9336390495300293,0.5852505564689636,sub-05,20260827,ses-03,ERP,2.879612922668457
2.5833334922790527,0.13434650003910065,14.477051734924316,0,3.191823720932007,3.219398021697998,1.0046616792678833,sub-02,20260827,ses-03,SSVEP,2.9219720363616943
2.7310590744018555,0.1022215187549591,1.344366192817688,0,2.940443515777588,2.931894540786743,0.5697108507156372,sub-05,20260827,ses-03,ERP,2.927889823913574
2.668844223022461,0.10847245901823044,3.0612258911132812,0,2.859464645385742,2.823343276977539,1.0400406122207642,sub-02,20260827,ses-02,SSVEP,2.9040534496307373
2.758035182952881,0.07694591581821442,1.7025985717773438,0,2.882996082305908,2.900998592376709,0.9212185740470886,sub-02,20260827,ses-04,ERP,2.8322436809539795
2.747920513153076,0.074612557888031,1.3617480993270874,0,2.8135855197906494,2.8716464042663574,1.1636505126953125,sub-05,20260827,ses-02,ERP,2.81242036819458
2.743486166000366,0.08209405094385147,1.2872090339660645,0,2.872525453567505,2.860502004623413,0.7989016175270081,sub-05,20260827,ses-04,ERP,2.8503823280334473
2.747683048248291,0.08211111277341843,1.7510991096496582,0,2.849910020828247,2.8434078693389893,0.8282057046890259,sub-05,20260827,ses-04,ERP,2.881101131439209
2.7572336196899414,0.07873551547527313,2.29460072517395,0,2.822322130203247,2.874180316925049,0.9582918286323547,sub-03,20260827,ses-03,SSVEP,2.8992810249328613
2.553842544555664,0.15239165723323822,11.878287315368652,0,3.218646287918091,3.251883029937744,1.0039921998977661,sub-02,20260827,ses-03,SSVEP,2.8935787677764893
2.7493696212768555,0.0823749527335167,1.4592894315719604,0,2.8749117851257324,2.864192008972168,0.7867653965950012,sub-05,20260827,ses-04,ERP,2.8601977825164795
2.679593563079834,0.10375795513391495,1.7252800464630127,0,2.8115036487579346,2.856966972351074,0.58680260181427,sub-02,20260827,ses-02,ERP,2.8375613689422607
2.7396745681762695,0.08159367740154266,1.1371066570281982,0,2.865219831466675,2.8946533203125,0.6263230443000793,sub-03,20260827,ses-03,ERP,2.8941380977630615
2.714895248413086,0.09042882919311523,1.104958415031433,0,2.8142216205596924,2.886425018310547,1.26891028881073,sub-05,20260827,ses-02,ERP,2.7702345848083496
2.7002153396606445,0.08624664694070816,0.941859781742096,0,2.8237082958221436,2.8509035110473633,0.9369973540306091,sub-05,20260827,ses-02,SSVEP,2.8186888694763184
2.7581939697265625,0.07716108858585358,1.411145806312561,0,2.8771705627441406,2.869908571243286,0.8228161334991455,sub-05,20260827,ses-04,ERP,2.857849597930908
2.7533316612243652,0.07943779230117798,1.1894123554229736,0,2.8945724964141846,2.914252519607544,0.9332813620567322,sub-02,20260827,ses-04,ERP,2.8680989742279053
2.725271701812744,0.08933430165052414,1.667819857597351,0,2.8143198490142822,2.858826160430908,0.6036920547485352,sub-02,20260827,ses-02,ERP,2.8510873317718506
2.7627153396606445,0.078359454870224,15.308730125427246,0,2.964085340499878,2.963085651397705,0.8591439127922058,sub-03,20260827,ses-04,SSVEP,3.119328022003174
2.7568247318267822,0.07719295471906662,1.7068006992340088,0,2.785832405090332,2.7657086849212646,0.803704023361206,sub-05,20260827,ses-04,SSVEP,2.8231139183044434
2.7459588050842285,0.07789992541074753,1.3729559183120728,0,2.8224949836730957,2.844726324081421,0.5695951581001282,sub-05,20260827,ses-03,SSVEP,2.876952886581421
2.7576467990875244,0.07763102650642395,1.4077093601226807,0,2.8661108016967773,2.9036266803741455,0.8609811663627625,sub-03,20260827,ses-04,ERP,2.8366663455963135
2.7639381885528564,0.07279092818498611,1.5586559772491455,0,2.8407042026519775,2.8782944679260254,0.8916586637496948,sub-03,20260827,ses-04,ERP,2.8771088123321533
2.761200428009033,0.08749782294034958,1.510533094406128,0,2.8908560276031494,2.903132677078247,0.9348469376564026,sub-02,20260827,ses-04,ERP,2.8399813175201416
2.763712167739868,0.07594560086727142,2.692166328430176,0,2.833113193511963,2.8748483657836914,0.9328973293304443,sub-03,20260827,ses-03,SSVEP,2.935969114303589
2.7495157718658447,0.07460502535104752,1.2834166288375854,0,2.828392744064331,2.8446755409240723,0.6103892922401428,sub-05,20260827,ses-03,SSVEP,2.886528730392456
2.755466938018799,0.07924533635377884,1.564405083656311,0,2.944122314453125,2.9665911197662354,0.9869146347045898,sub-02,20260827,ses-04,SSVEP,2.900885581970215
2.757990598678589,0.07796775549650192,1.3923282623291016,0,2.875579833984375,2.911522626876831,0.8472257256507874,sub-03,20260827,ses-04,ERP,2.871694803237915
2.7343244552612305,0.10262579470872879,1.7826975584030151,0,2.831129789352417,2.892603635787964,1.383198618888855,sub-05,20260827,ses-02,ERP,2.806072473526001
2.7561166286468506,0.08529028296470642,1.6208899021148682,0,2.9250900745391846,2.922961473464966,0.571911096572876,sub-05,20260827,ses-03,ERP,2.9150424003601074
2.702026844024658,0.10554321855306625,1.7556666135787964,0,2.8288135528564453,2.8433096408843994,0.6651335954666138,sub-02,20260827,ses-02,ERP,2.8322691917419434
2.7050530910491943,0.10112050920724869,3.2430825233459473,0,2.8288679122924805,2.799254894256592,1.0295852422714233,sub-02,20260827,ses-02,SSVEP,2.83496356010437
2.591703176498413,0.1632024645805359,12.73013973236084,0,3.2073607444763184,3.2439870834350586,1.0036022663116455,sub-02,20260827,ses-03,SSVEP,2.899091958999634
2.767133951187134,0.07582841068506241,1.0069785118103027,1,2.9112708568573,2.894756555557251,0.5670388340950012,sub-06,20260825,ses-04,ERP,2.9248900413513184
2.711163282394409,0.0895983949303627,1.836591124534607,1,2.841076374053955,2.77740478515625,1.4385887384414673,sub-09,20260825,ses-03,SSVEP,2.856102466583252
2.716465950012207,0.12067719548940659,6.893192291259766,1,2.8882181644439697,2.536257266998291,0.9066477417945862,sub-09,20260825,ses-02,SSVEP,3.0068678855895996
2.74039626121521,0.09108097851276398,2.521399736404419,1,2.787522792816162,2.7949016094207764,0.5415242314338684,sub-07,20260825,ses-03,ERP,2.7965104579925537
2.6972222328186035,0.11861445754766464,2.780604600906372,1,2.7890169620513916,2.7345011234283447,1.094974398612976,sub-09,20260825,ses-04,SSVEP,2.7954063415527344
2.7219934463500977,0.09260920435190201,0.9489259719848633,1,2.7756824493408203,2.7988028526306152,0.7375699281692505,sub-06,20260825,ses-02,SSVEP,2.7831127643585205
2.721135139465332,0.09155958145856857,1.5130938291549683,1,2.7560417652130127,2.788635730743408,0.6743472814559937,sub-06,20260825,ses-02,SSVEP,2.7769315242767334
2.7168705463409424,0.09722816199064255,1.3585482835769653,1,2.8230509757995605,2.774420738220215,0.568102240562439,sub-06,20260825,ses-02,ERP,2.824415445327759
2.765298366546631,0.08169908076524734,2.0024120807647705,1,2.8227741718292236,2.818819284439087,0.49270308017730713,sub-06,20260825,ses-03,ERP,2.7996532917022705
2.7522382736206055,0.09902118891477585,1.6278637647628784,1,2.860532522201538,2.8052847385406494,0.5488037467002869,sub-06,20260825,ses-03,SSVEP,2.8608510494232178
2.6634950637817383,0.11301429569721222,2.0901877880096436,1,2.7372496128082275,2.709563970565796,0.904789388179779,sub-07,20260825,ses-03,SSVEP,2.751723289489746
2.706143856048584,0.10634336620569229,1.3211369514465332,1,2.886869430541992,2.8175508975982666,1.00115966796875,sub-07,20260825,ses-02,ERP,2.8751108646392822
2.739569664001465,0.08978210389614105,1.090743899345398,1,2.8268518447875977,2.7765166759490967,0.550541341304779,sub-06,20260825,ses-02,ERP,2.8329057693481445
2.7667112350463867,0.07453997433185577,1.4161676168441772,1,2.819812536239624,2.8145346641540527,0.499795526266098,sub-06,20260825,ses-03,ERP,2.8188891410827637
2.7513022422790527,0.08604327589273453,1.2848695516586304,1,2.817018985748291,2.773660182952881,0.5267162322998047,sub-06,20260825,ses-02,ERP,2.835697650909424
2.7592697143554688,0.08752314746379852,1.3391083478927612,1,2.8210196495056152,2.818180561065674,0.4705100953578949,sub-06,20260825,ses-03,ERP,2.8081839084625244
2.724539041519165,0.09964396804571152,1.3875213861465454,1,2.7464189529418945,2.7120838165283203,0.7550706267356873,sub-07,20260825,ses-03,SSVEP,2.7511065006256104
2.7648048400878906,0.07355454564094543,2.0288143157958984,1,2.821720600128174,2.817481279373169,0.49274179339408875,sub-06,20260825,ses-03,ERP,2.8095896244049072
2.755931854248047,0.0958893895149231,16.277599334716797,1,2.8635096549987793,2.8081727027893066,0.5486494898796082,sub-06,20260825,ses-03,SSVEP,2.9563655853271484
2.7384958267211914,0.10709597170352936,1.2452921867370605,1,2.821291446685791,2.7719357013702393,0.5547865629196167,sub-06,20260825,ses-02,ERP,2.8379807472229004
2.642235040664673,0.14523769915103912,2.8486292362213135,1,2.7740025520324707,2.7175066471099854,1.104936957359314,sub-09,20260825,ses-04,SSVEP,2.7994964122772217
2.6850717067718506,0.10791636258363724,8.043131828308105,1,2.7820472717285156,2.725092649459839,1.104187250137329,sub-09,20260825,ses-04,SSVEP,2.9534494876861572
2.5514416694641113,0.18696124851703644,10.126991271972656,1,2.93306827545166,2.6913580894470215,0.8295788764953613,sub-09,20260825,ses-02,SSVEP,3.0040316581726074
2.7539258003234863,0.0957006961107254,16.679344177246094,1,2.8630192279815674,2.8075554370880127,0.5544205904006958,sub-06,20260825,ses-03,SSVEP,2.943561315536499
2.767233371734619,0.07144691050052643,4.294775485992432,1,2.9045228958129883,2.8338773250579834,0.8024436831474304,sub-06,20260825,ses-04,SSVEP,2.8895137310028076
2.748985767364502,0.09338822215795517,3.523369789123535,1,2.862309217453003,2.806804895401001,0.555613100528717,sub-06,20260825,ses-03,SSVEP,2.80143666267395
2.764646053314209,0.06972571462392807,10.303369522094727,1,2.9028499126434326,2.83303165435791,0.8040782809257507,sub-06,20260825,ses-04,SSVEP,3.0372889041900635
2.7547121047973633,0.078555166721344,0.6187173128128052,1,2.789384603500366,2.7954678535461426,0.5455787777900696,sub-07,20260825,ses-03,ERP,2.7929444313049316
2.6648919582366943,0.09555082023143768,2.2184362411499023,1,2.7763352394104004,2.842181444168091,1.354134202003479,sub-07,20260825,ses-02,SSVEP,2.8331127166748047
2.679062604904175,0.12395139783620834,2.1466102600097656,1,2.733369827270508,2.826707124710083,1.040901780128479,sub-09,20260825,ses-02,ERP,2.776669979095459
2.7662911415100098,0.07669267803430557,4.977292060852051,1,2.7929201126098633,2.63373064994812,1.0108363628387451,sub-09,20260825,ses-03,ERP,2.847860097885132
2.7645010948181152,0.07573933899402618,1.718963384628296,1,2.8973023891448975,2.829258441925049,0.8034346103668213,sub-06,20260825,ses-04,SSVEP,2.927556276321411
2.6619858741760254,0.10742263495922089,16.501720428466797,1,2.7550108432769775,2.7237391471862793,0.8657999038696289,sub-07,20260825,ses-03,SSVEP,2.91172456741333
2.765188217163086,0.07846265286207199,3.864649772644043,1,2.903545618057251,2.833671808242798,0.8052842020988464,sub-06,20260825,ses-04,SSVEP,2.8871283531188965
2.6475908756256104,0.12456461787223816,2.8546581268310547,1,2.7806568145751953,2.728086233139038,1.0245224237442017,sub-09,20260825,ses-04,SSVEP,2.768531084060669
2.709124803543091,0.11343266814947128,6.837336540222168,1,2.761445999145508,2.7901504039764404,0.7003291249275208,sub-06,20260825,ses-02,SSVEP,2.7299723625183105
2.635920763015747,0.15832509100437164,10.585951805114746,1,2.774139642715454,2.714589834213257,0.9802462458610535,sub-09,20260825,ses-04,SSVEP,2.990797281265259
2.7408957481384277,0.08235125988721848,0.9619520306587219,1,2.856801986694336,2.9655094146728516,1.103989839553833,sub-07,20260825,ses-04,ERP,2.8692753314971924
2.753206253051758,0.08598103374242783,1.360040307044983,1,2.8678505420684814,2.970745801925659,1.1185705661773682,sub-07,20260825,ses-04,ERP,2.8856537342071533
2.588118076324463,0.17709708213806152,6.823387622833252,1,2.8467414379119873,2.5595479011535645,0.8495613932609558,sub-09,20260825,ses-02,SSVEP,2.97987961769104
2.6113500595092773,0.16716529428958893,4.625166416168213,1,2.7970383167266846,2.817429304122925,2.168926954269409,sub-07,20260825,ses-04,SSVEP,2.8146932125091553
2.6718509197235107,0.10669948905706406,1.2098524570465088,1,2.7572033405303955,2.720355987548828,0.8134756088256836,sub-07,20260825,ses-03,SSVEP,2.752843141555786
2.573512077331543,0.17718924582004547,7.166120529174805,1,2.770188093185425,2.7990307807922363,1.8635700941085815,sub-07,20260825,ses-04,SSVEP,2.983048915863037
2.7319116592407227,0.08722882717847824,3.0149474143981934,1,2.7646894454956055,2.8038127422332764,0.6794778108596802,sub-06,20260825,ses-02,SSVEP,2.724487066268921
2.766063928604126,0.07345546036958694,1.4643802642822266,1,2.819798707962036,2.816540241241455,0.4910757541656494,sub-06,20260825,ses-03,ERP,2.822183132171631
2.752624988555908,0.07751227915287018,1.2477723360061646,1,2.9173061847686768,2.901909828186035,0.5633474588394165,sub-06,20260825,ses-04,ERP,2.9322218894958496
2.7532615661621094,0.07328072190284729,1.2646160125732422,1,2.9162700176239014,2.9016268253326416,0.5603052973747253,sub-06,20260825,ses-04,ERP,2.9266469478607178
2.6867241859436035,0.09857767075300217,1.4127025604248047,1,2.7702512741088867,2.8297853469848633,1.363476276397705,sub-07,20260825,ses-02,SSVEP,2.79069447517395
2.7671875953674316,0.07722699642181396,2.9724223613739014,1,2.914734363555908,2.9000895023345947,0.5545289516448975,sub-06,20260825,ses-04,ERP,2.895629644393921
2.564647912979126,0.14721854031085968,8.373950958251953,1,2.8831286430358887,2.624558687210083,0.8239704966545105,sub-09,20260825,ses-02,SSVEP,2.9882357120513916
2.68772554397583,0.1007562205195427,0.8164729475975037,1,2.89424467086792,2.814216375350952,0.8913862705230713,sub-07,20260825,ses-02,ERP,2.9070003032684326
2.6639833450317383,0.13388414680957794,1.9733033180236816,1,2.7819325923919678,2.7253851890563965,1.0268877744674683,sub-09,20260825,ses-04,SSVEP,2.7937393188476562
2.6181812286376953,0.09674204885959625,12.857986450195312,1,2.7795538902282715,2.8350229263305664,1.3809058666229248,sub-07,20260825,ses-02,SSVEP,2.992804527282715
2.768566608428955,0.07040689140558243,6.122268199920654,1,2.904881715774536,2.8350417613983154,0.8087521195411682,sub-06,20260825,ses-04,SSVEP,2.898613214492798
2.6693272590637207,0.10725290328264236,1.553767442703247,1,2.754944086074829,2.7101941108703613,0.8373913168907166,sub-07,20260825,ses-03,SSVEP,2.7478976249694824
2.675384998321533,0.11517183482646942,1.8049410581588745,1,2.7669029235839844,2.8570966720581055,1.0046178102493286,sub-09,20260825,ses-02,ERP,2.79787015914917
2.766280174255371,0.07391281425952911,2.454087972640991,1,2.911376476287842,2.8982300758361816,0.5704792141914368,sub-06,20260825,ses-04,ERP,2.92185640335083
2.7425718307495117,0.08128738403320312,1.292159914970398,1,2.8453948497772217,2.855067014694214,0.9964542984962463,sub-09,20260825,ses-04,ERP,2.8435561656951904
2.7382078170776367,0.12010864913463593,6.972393989562988,1,2.86684513092041,2.549752712249756,0.8596583604812622,sub-09,20260825,ses-02,SSVEP,2.989720106124878
2.7659518718719482,0.08039604127407074,0.8842936754226685,1,2.8572068214416504,2.8011178970336914,0.5458249449729919,sub-06,20260825,ses-03,SSVEP,2.8496134281158447
2.741147041320801,0.09874045103788376,1.3135203123092651,1,2.8268213272094727,2.776791572570801,0.5549015402793884,sub-06,20260825,ses-02,ERP,2.8301212787628174
2.7369749546051025,0.0957881286740303,1.2601776123046875,1,2.7727742195129395,2.8050668239593506,0.681135892868042,sub-06,20260825,ses-02,SSVEP,2.753600597381592
2.734314441680908,0.09859263151884079,0.5948042273521423,1,2.87809157371521,2.8253512382507324,0.9069634675979614,sub-07,20260825,ses-02,ERP,2.8750009536743164
2.690486431121826,0.11726734787225723,10.551837921142578,1,2.7758350372314453,2.7188968658447266,0.9984458088874817,sub-09,20260825,ses-04,SSVEP,2.990424156188965
2.6025571823120117,0.160096675157547,4.449671745300293,1,2.7227604389190674,2.748279094696045,1.588651418685913,sub-07,20260825,ses-04,SSVEP,2.864053964614868
2.7472922801971436,0.09049049764871597,1.6472680568695068,1,2.864474058151245,2.807687520980835,0.5646291971206665,sub-06,20260825,ses-03,SSVEP,2.8639628887176514
2.759219169616699,0.08049077540636063,5.777048587799072,1,2.8020546436309814,2.6429386138916016,1.0260488986968994,sub-09,20260825,ses-03,ERP,2.86220645904541
2.7213170528411865,0.08564818650484085,1.4478565454483032,1,2.8378806114196777,2.7676451206207275,1.277962327003479,sub-09,20260825,ses-03,SSVEP,2.8542070388793945
2.7087020874023438,0.09927263110876083,1.6554148197174072,1,2.766172409057617,2.852534055709839,1.0156573057174683,sub-09,20260825,ses-02,ERP,2.782055139541626
2.7575385570526123,0.07543907314538956,1.8105237483978271,1,2.850558042526245,2.856478452682495,0.9969460368156433,sub-09,20260825,ses-04,ERP,2.823125123977661
2.6005733013153076,0.15257112681865692,5.4283061027526855,1,2.7676877975463867,2.7839739322662354,1.775059461593628,sub-07,20260825,ses-04,SSVEP,2.8074045181274414
2.7336344718933105,0.08780369162559509,0.8653771877288818,1,2.8328471183776855,2.7818493843078613,0.5612396001815796,sub-06,20260825,ses-02,ERP,2.8339290618896484
2.7473692893981934,0.09024497121572495,1.5912996530532837,1,2.863659143447876,2.807304859161377,0.5790146589279175,sub-06,20260825,ses-03,SSVEP,2.88993763923645
2.682338237762451,0.10210879147052765,1.1306318044662476,1,2.7759947776794434,2.8622684478759766,0.9923221468925476,sub-09,20260825,ses-02,ERP,2.783188819885254
2.7430105209350586,0.09613669663667679,0.9178507328033447,1,2.8631091117858887,2.8071608543395996,0.5624313950538635,sub-06,20260825,ses-03,SSVEP,2.8710217475891113
2.7651894092559814,0.07599128782749176,4.787963390350342,1,2.9059817790985107,2.8368985652923584,0.8106500506401062,sub-06,20260825,ses-04,SSVEP,2.875481605529785
2.6834352016448975,0.09884592890739441,6.177106857299805,1,2.802135467529297,2.749558925628662,1.0574718713760376,sub-09,20260825,ses-04,SSVEP,2.686614751815796
2.7610414028167725,0.07827804237604141,3.8814995288848877,1,2.899874210357666,2.830503463745117,0.7980427145957947,sub-06,20260825,ses-04,SSVEP,2.8852956295013428
2.59910249710083,0.13722090423107147,3.1144847869873047,1,2.7920286655426025,2.8173272609710693,2.033681631088257,sub-07,20260825,ses-04,SSVEP,2.7531983852386475
2.7244489192962646,0.09421482682228088,1.0916743278503418,1,2.879599094390869,2.81994891166687,0.9771012663841248,sub-07,20260825,ses-02,ERP,2.859600305557251
2.728394031524658,0.09732747077941895,1.4203749895095825,1,2.788151264190674,2.78987193107605,0.5373370051383972,sub-07,20260825,ses-03,ERP,2.802194118499756
2.7068188190460205,0.10313688218593597,1.4587159156799316,1,2.8885021209716797,2.8085989952087402,0.9889577031135559,sub-07,20260825,ses-02,ERP,2.891298532485962
2.6456384658813477,0.2070896178483963,6.466660022735596,1,2.883899450302124,2.577991247177124,0.8740122318267822,sub-09,20260825,ses-02,SSVEP,3.00663685798645
2.758208990097046,0.0760083794593811,2.978482961654663,1,2.905789852142334,2.897373914718628,0.5835532546043396,sub-06,20260825,ses-04,ERP,2.8944485187530518
2.699648857116699,0.09785589575767517,1.5265944004058838,1,2.7675747871398926,2.8527705669403076,1.0066068172454834,sub-09,20260825,ses-02,ERP,2.791318416595459
2.7461347579956055,0.10086709260940552,1.2723222970962524,1,2.864536762237549,2.808424472808838,0.5535404086112976,sub-06,20260825,ses-03,SSVEP,2.8709449768066406
2.6545276641845703,0.1366422325372696,2.437965154647827,1,2.773646354675293,2.716266393661499,1.1023653745651245,sub-09,20260825,ses-04,SSVEP,2.7862536907196045
2.7573482990264893,0.08949307352304459,8.44793701171875,1,2.896422863006592,2.5651509761810303,0.811906099319458,sub-09,20260825,ses-02,SSVEP,2.9947383403778076
2.64884614944458,0.11480584740638733,2.0632553100585938,1,2.7455592155456543,2.7126026153564453,0.8743006587028503,sub-07,20260825,ses-03,SSVEP,2.7898855209350586
2.749668598175049,0.09998185187578201,2.5119194984436035,1,2.86242413520813,2.8066678047180176,0.5441089868545532,sub-06,20260825,ses-03,SSVEP,2.8525443077087402
2.6289100646972656,0.1217116266489029,1.4519990682601929,1,2.7462496757507324,2.723104476928711,0.9401912093162537,sub-07,20260825,ses-03,SSVEP,2.7615861892700195
2.7321741580963135,0.08728112280368805,1.295170783996582,1,2.821507215499878,2.762087821960449,1.2433409690856934,sub-09,20260825,ses-03,SSVEP,2.8512966632843018
2.69539475440979,0.09898655861616135,1.2410231828689575,1,2.7548129558563232,2.7149102687835693,0.7997333407402039,sub-07,20260825,ses-03,SSVEP,2.760380744934082
2.6872825622558594,0.10306243598461151,1.2057784795761108,1,2.7682952880859375,2.8592560291290283,1.0060145854949951,sub-09,20260825,ses-02,ERP,2.7847330570220947
2.7437307834625244,0.08021099865436554,1.8371291160583496,1,2.822587728500366,2.7645046710968018,1.2664234638214111,sub-09,20260825,ses-03,SSVEP,2.8506221771240234
2.7521581649780273,0.0884460061788559,6.300388336181641,1,2.808987855911255,2.6423962116241455,1.0283899307250977,sub-09,20260825,ses-03,ERP,2.8887648582458496
2.6724348068237305,0.12105336785316467,2.387470245361328,1,2.7767300605773926,2.7125067710876465,1.0206085443496704,sub-09,20260825,ses-04,SSVEP,2.7574446201324463
2.6537156105041504,0.1235005110502243,2.5010170936584473,1,2.7788197994232178,2.7277913093566895,1.0059431791305542,sub-09,20260825,ses-04,SSVEP,2.7881717681884766
2.7374653816223145,0.0916304662823677,3.651129961013794,1,2.7858548164367676,2.79402494430542,0.5424768328666687,sub-07,20260825,ses-03,ERP,2.7025153636932373
2.7630462646484375,0.08387252688407898,0.7066636681556702,1,2.91123628616333,2.8964345455169678,0.5580023527145386,sub-06,20260825,ses-04,ERP,2.912890672683716
2.730754852294922,0.08974325656890869,2.0651164054870605,1,2.788904905319214,2.798063039779663,0.5363057255744934,sub-07,20260825,ses-03,ERP,2.7966878414154053
2.743992805480957,0.08932917565107346,2.571913480758667,1,2.878723621368408,2.9829554557800293,1.0139867067337036,sub-07,20260825,ses-04,ERP,2.9021401405334473
2.671910047531128,0.15792615711688995,5.036745071411133,1,2.76106858253479,2.7677366733551025,1.5824729204177856,sub-07,20260825,ses-04,SSVEP,2.8124470710754395
2.6948790550231934,0.09010358899831772,1.6018891334533691,1,2.8370778560638428,2.7745862007141113,1.474653959274292,sub-09,20260825,ses-03,SSVEP,2.8427417278289795
2.7606706619262695,0.07800424844026566,2.659301280975342,1,2.856605291366577,2.960000991821289,1.1252187490463257,sub-07,20260825,ses-04,ERP,2.9019463062286377
2.7230911254882812,0.08794258534908295,0.6989114284515381,1,2.870718479156494,2.8168599605560303,0.8918376564979553,sub-07,20260825,ses-02,ERP,2.8621606826782227
2.7098569869995117,0.09518657624721527,1.1484078168869019,1,2.7629785537719727,2.727492570877075,0.786946713924408,sub-07,20260825,ses-03,SSVEP,2.755199909210205
2.6036312580108643,0.21909697353839874,10.079434394836426,1,2.78861403465271,2.8106446266174316,2.1027679443359375,sub-07,20260825,ses-04,SSVEP,3.0663018226623535
2.749797821044922,0.10161616653203964,2.6989388465881348,1,2.86511492729187,2.810169219970703,0.5432512164115906,sub-06,20260825,ses-03,SSVEP,2.843123435974121
2.72290301322937,0.10033244639635086,0.943488359451294,1,2.8720366954803467,2.8194241523742676,0.865678608417511,sub-07,20260825,ses-02,ERP,2.8889734745025635
2.638148307800293,0.10078137367963791,1.8809140920639038,1,2.7529914379119873,2.715812921524048,1.0178338289260864,sub-07,20260825,ses-03,SSVEP,2.824766159057617
2.566814422607422,0.17079471051692963,8.3313570022583,1,2.9070417881011963,2.6341848373413086,0.8415437340736389,sub-09,20260825,ses-02,SSVEP,3.017317056655884
2.669267416000366,0.10108543187379837,1.1870819330215454,1,2.7748429775238037,2.863436698913574,1.0009485483169556,sub-09,20260825,ses-02,ERP,2.79142165184021
2.7334437370300293,0.10535360127687454,1.587702989578247,1,2.8213744163513184,2.7722108364105225,0.5133979320526123,sub-06,20260825,ses-02,ERP,2.858577251434326
2.7567238807678223,0.0778091624379158,1.7963157892227173,1,2.8922882080078125,2.824298143386841,0.7991270422935486,sub-06,20260825,ses-04,SSVEP,2.9276318550109863
2.7518672943115234,0.09400586038827896,5.674778938293457,1,2.8208982944488525,2.82379150390625,0.47273069620132446,sub-06,20260825,ses-03,ERP,2.788940668106079
2.636296272277832,0.11176630854606628,1.7771384716033936,1,2.746168613433838,2.7203097343444824,0.8795260190963745,sub-07,20260825,ses-03,SSVEP,2.743621349334717
2.7000842094421387,0.10585029423236847,1.0664358139038086,1,2.8700544834136963,2.813220262527466,0.9149932861328125,sub-07,20260825,ses-02,ERP,2.885747194290161
2.7643983364105225,0.08016828447580338,5.906698703765869,1,2.822334051132202,2.8176333904266357,0.4943217635154724,sub-06,20260825,ses-03,ERP,2.7837109565734863
2.596917152404785,0.11204506456851959,1.6251646280288696,1,2.7428102493286133,2.7226080894470215,0.991553783416748,sub-07,20260825,ses-03,SSVEP,2.766725540161133
2.7232046127319336,0.0965820774435997,1.085286021232605,1,2.788600444793701,2.788318157196045,0.5359156727790833,sub-07,20260825,ses-03,ERP,2.804257869720459
2.753289222717285,0.08553315699100494,6.342440128326416,1,2.7784223556518555,2.633939266204834,1.0068678855895996,sub-09,20260825,ses-03,ERP,2.86470890045166
2.7325639724731445,0.09381908178329468,1.3778563737869263,1,2.7729592323303223,2.8042688369750977,0.6857131719589233,sub-06,20260825,ses-02,SSVEP,2.7415809631347656
2.749544143676758,0.08333200961351395,1.5227876901626587,1,2.787933349609375,2.786271333694458,0.5398159623146057,sub-07,20260825,ses-03,ERP,2.8081018924713135
2.759453296661377,0.07762032747268677,7.207695960998535,1,2.772266387939453,2.620410442352295,1.008272647857666,sub-09,20260825,ses-03,ERP,2.8442418575286865
2.764127492904663,0.0796724408864975,4.136477470397949,1,2.901952028274536,2.833233594894409,0.8053836822509766,sub-06,20260825,ses-04,SSVEP,2.882495880126953
2.754049062728882,0.09017089754343033,1.6537119150161743,1,2.8181731700897217,2.7703936100006104,0.5872454047203064,sub-06,20260825,ses-02,ERP,2.822964906692505
2.752931594848633,0.0836370587348938,5.680587291717529,1,2.805877685546875,2.6430835723876953,1.0247009992599487,sub-09,20260825,ses-03,ERP,2.8563339710235596
2.7575936317443848,0.08177715539932251,5.802517414093018,1,2.800022840499878,2.6216330528259277,1.0088396072387695,sub-09,20260825,ses-03,ERP,2.890350818634033
2.763927936553955,0.0768163874745369,6.05828857421875,1,2.872856616973877,2.804443597793579,0.8143575191497803,sub-06,20260825,ses-04,SSVEP,2.9766457080841064
2.7457756996154785,0.09629412740468979,1.525946021080017,1,2.8715927600860596,2.8240506649017334,0.8872565031051636,sub-07,20260825,ses-02,ERP,2.8869423866271973
2.7313175201416016,0.0865691527724266,2.6442482471466064,1,2.822714328765869,2.7639386653900146,1.304965615272522,sub-09,20260825,ses-03,SSVEP,2.8695051670074463
2.762338638305664,0.08034215867519379,1.817070722579956,1,2.912788152694702,2.898017406463623,0.5570070743560791,sub-06,20260825,ses-04,ERP,2.928673267364502
2.7636513710021973,0.07444710284471512,1.8164855241775513,1,2.801597833633423,2.646158218383789,1.0179533958435059,sub-09,20260825,ses-03,ERP,2.798100471496582
2.6116933822631836,0.12351769208908081,2.2866508960723877,1,2.7491841316223145,2.72637677192688,1.0042662620544434,sub-07,20260825,ses-03,SSVEP,2.7836756706237793
2.7628540992736816,0.07602609694004059,0.8902205228805542,1,2.8974647521972656,2.8277392387390137,0.8077182173728943,sub-06,20260825,ses-04,SSVEP,2.9136459827423096
2.7166619300842285,0.09066567569971085,1.769261121749878,1,2.8482818603515625,2.858525037765503,0.9975534677505493,sub-09,20260825,ses-04,ERP,2.8698768615722656
2.7593111991882324,0.08643768727779388,1.604845404624939,1,2.863201141357422,2.966249942779541,1.1441872119903564,sub-07,20260825,ses-04,ERP,2.874765634536743
2.63248872756958,0.13593634963035583,4.892205238342285,1,2.753068208694458,2.7631349563598633,1.6189872026443481,sub-07,20260825,ses-04,SSVEP,2.803964138031006
2.6896166801452637,0.12741175293922424,8.707910537719727,1,2.909104824066162,2.593533515930176,0.8220283389091492,sub-09,20260825,ses-02,SSVEP,2.9937124252319336
2.723684787750244,0.09891051054000854,1.239294409751892,1,2.7648561000823975,2.8522937297821045,1.0092767477035522,sub-09,20260825,ses-02,ERP,2.7879748344421387
2.615847110748291,0.13371150195598602,5.030416011810303,1,2.7758498191833496,2.7214102745056152,1.1288195848464966,sub-09,20260825,ses-04,SSVEP,2.776320457458496
2.7582602500915527,0.0870070606470108,1.4374184608459473,1,2.8177382946014404,2.817368268966675,0.4637399911880493,sub-06,20260825,ses-03,ERP,2.809753179550171
2.6853554248809814,0.1102185770869255,2.41746187210083,1,2.7848868370056152,2.7301812171936035,1.0157968997955322,sub-09,20260825,ses-04,SSVEP,2.808032989501953
2.764906167984009,0.07290027290582657,5.401308059692383,1,2.824784755706787,2.8164987564086914,0.510968804359436,sub-06,20260825,ses-03,ERP,2.7762794494628906
2.7381322383880615,0.08337537944316864,1.9325894117355347,1,2.840786933898926,2.85459566116333,0.996741771697998,sub-09,20260825,ses-04,ERP,2.832869291305542
2.7516891956329346,0.0836634710431099,2.027256488800049,1,2.86968994140625,2.9590675830841064,1.1437057256698608,sub-07,20260825,ses-04,ERP,2.8893721103668213
2.7476396560668945,0.0936524048447609,1.537043571472168,1,2.8623225688934326,2.9680657386779785,1.0937329530715942,sub-07,20260825,ses-04,ERP,2.8769664764404297
2.7668955326080322,0.08004932105541229,0.7398399710655212,1,2.9128668308258057,2.8989391326904297,0.5569670796394348,sub-06,20260825,ses-04,ERP,2.914628505706787
2.719789505004883,0.1083420068025589,1.3508167266845703,1,2.767653703689575,2.8534655570983887,1.012843132019043,sub-09,20260825,ses-02,ERP,2.7865521907806396
2.7625372409820557,0.07529816031455994,1.5331166982650757,1,2.865283250808716,2.7954108715057373,0.816827654838562,sub-06,20260825,ses-04,SSVEP,2.921349048614502
2.690046787261963,0.1161508560180664,1.273126482963562,1,2.744924783706665,2.7233870029449463,0.8976876139640808,sub-07,20260825,ses-03,SSVEP,2.742919445037842
2.7662758827209473,0.07910013943910599,6.175367832183838,1,2.9054605960845947,2.834801435470581,0.8089594841003418,sub-06,20260825,ses-04,SSVEP,2.9087538719177246
2.7607717514038086,0.087392158806324,1.6674168109893799,1,2.8208091259002686,2.8160557746887207,0.4651150107383728,sub-06,20260825,ses-03,ERP,2.81606388092041
2.763857126235962,0.08356953412294388,1.643029808998108,1,2.821493148803711,2.817732095718384,0.46977803111076355,sub-06,20260825,ses-03,ERP,2.8226468563079834
2.6009366512298584,0.17792746424674988,2.3670153617858887,1,2.757077217102051,2.7804782390594482,1.8466709852218628,sub-07,20260825,ses-04,SSVEP,2.733592987060547
2.753225326538086,0.0835513025522232,5.68326997756958,1,2.7929484844207764,2.639702081680298,1.0178937911987305,sub-09,20260825,ses-03,ERP,2.849790334701538
2.7611217498779297,0.08630859851837158,0.9701085686683655,1,2.869004964828491,2.9651458263397217,1.1218258142471313,sub-07,20260825,ses-04,ERP,2.880159854888916
2.6968517303466797,0.12058673799037933,15.228616714477539,1,2.78762149810791,2.7345128059387207,1.0455169677734375,sub-09,20260825,ses-04,SSVEP,2.8071162700653076
2.759521007537842,0.08254025131464005,3.882774591445923,1,2.9035770893096924,2.8316826820373535,0.8050433993339539,sub-06,20260825,ses-04,SSVEP,2.896880626678467
2.752211093902588,0.08811677992343903,2.2194976806640625,1,2.9115824699401855,2.8969290256500244,0.566693902015686,sub-06,20260825,ses-04,ERP,2.926926374435425
2.76101016998291,0.0809701532125473,5.562082290649414,1,2.7293038368225098,2.5933144092559814,0.9938949942588806,sub-09,20260825,ses-03,ERP,2.855710983276367
2.757122278213501,0.09937242418527603,0.9717794060707092,1,2.825225830078125,2.775932550430298,0.568841814994812,sub-06,20260825,ses-02,ERP,2.8025474548339844
2.7663960456848145,0.07750309258699417,1.0730470418930054,1,2.822141170501709,2.8161346912384033,0.4965517520904541,sub-06,20260825,ses-03,ERP,2.81255841255188
2.7246665954589844,0.08452858030796051,16.888248443603516,1,2.8451452255249023,2.7834115028381348,1.4304778575897217,sub-09,20260825,ses-03,SSVEP,2.9348862171173096
2.653902530670166,0.1000695675611496,9.183818817138672,1,2.778764247894287,2.831888198852539,1.2069951295852661,sub-07,20260825,ses-02,SSVEP,3.0113277435302734
2.770260810852051,0.06930889934301376,0.9834251999855042,1,2.901101589202881,2.8338515758514404,0.8072137832641602,sub-06,20260825,ses-04,SSVEP,2.920494794845581
2.6609725952148438,0.13070496916770935,2.365459442138672,1,2.782792091369629,2.727592706680298,1.037009835243225,sub-09,20260825,ses-04,SSVEP,2.793102979660034
2.7073278427124023,0.08741489052772522,1.7120280265808105,1,2.7766573429107666,2.8575665950775146,0.9942209720611572,sub-09,20260825,ses-02,ERP,2.784355401992798
2.75160813331604,0.089993417263031,3.0258288383483887,1,2.8651106357574463,2.8085596561431885,0.5704248547554016,sub-06,20260825,ses-03,SSVEP,2.7776644229888916
2.584359645843506,0.12305442243814468,2.134253978729248,1,2.7526323795318604,2.7354114055633545,1.0022889375686646,sub-07,20260825,ses-03,SSVEP,2.7520806789398193
2.7466659545898438,0.08700206130743027,2.460484504699707,1,2.8619375228881836,2.9679362773895264,1.0601357221603394,sub-07,20260825,ses-04,ERP,2.8917813301086426
2.739006519317627,0.09657439589500427,1.4855715036392212,1,2.863410234451294,2.807762384414673,0.563530683517456,sub-06,20260825,ses-03,SSVEP,2.8635847568511963
2.6121692657470703,0.12428878247737885,5.274568557739258,1,2.7644498348236084,2.7805328369140625,1.6546448469161987,sub-07,20260825,ses-04,SSVEP,2.793334484100342
2.7360458374023438,0.08736954629421234,0.9041966795921326,1,2.8730504512786865,2.8148841857910156,1.089017391204834,sub-07,20260825,ses-02,ERP,2.879340887069702
2.745042562484741,0.07365434616804123,1.671344518661499,1,2.8504133224487305,2.859511137008667,0.997087836265564,sub-09,20260825,ses-04,ERP,2.8404898643493652
2.6576452255249023,0.1053895503282547,16.827531814575195,1,2.751460313796997,2.722705841064453,0.8756079077720642,sub-07,20260825,ses-03,SSVEP,2.895610809326172
2.6594901084899902,0.10295090824365616,1.8024699687957764,1,2.748908519744873,2.7201175689697266,1.0735971927642822,sub-07,20260825,ses-03,SSVEP,2.7628610134124756
2.6742186546325684,0.1042262390255928,5.2883148193359375,1,2.7899699211120605,2.743135452270508,1.0977604389190674,sub-09,20260825,ses-04,SSVEP,2.693965435028076
2.7623891830444336,0.07075279206037521,5.113157749176025,1,2.7894504070281982,2.6212644577026367,1.0015414953231812,sub-09,20260825,ses-03,ERP,2.844358205795288
2.7567920684814453,0.08274037390947342,1.506131649017334,1,2.8633925914764404,2.9731829166412354,1.0732097625732422,sub-07,20260825,ses-04,ERP,2.890353202819824
2.7248899936676025,0.08346166461706161,2.188385009765625,1,2.847045421600342,2.8572349548339844,0.997820258140564,sub-09,20260825,ses-04,ERP,2.876283645629883
2.7470388412475586,0.08674483746290207,1.402908205986023,1,2.8242347240448,2.7730040550231934,0.5704042315483093,sub-06,20260825,ses-02,ERP,2.8376779556274414
2.7344613075256348,0.08722452819347382,1.4867489337921143,1,2.880694627761841,2.825007677078247,0.8652363419532776,sub-07,20260825,ses-02,ERP,2.875380039215088
2.750602960586548,0.08725607395172119,1.7758679389953613,1,2.8640127182006836,2.8086609840393066,0.558491051197052,sub-06,20260825,ses-03,SSVEP,2.8584375381469727
2.7410621643066406,0.09796587377786636,1.3188865184783936,1,2.827087163925171,2.776716470718384,0.5615782737731934,sub-06,20260825,ses-02,ERP,2.8382084369659424
2.5686612129211426,0.17436201870441437,3.7152585983276367,1,2.7911410331726074,2.8136234283447266,1.9760233163833618,sub-07,20260825,ses-04,SSVEP,2.879154682159424
2.7615416049957275,0.07335308939218521,0.8213503360748291,1,2.9104573726654053,2.8951690196990967,0.5702623128890991,sub-06,20260825,ses-04,ERP,2.90700101852417
2.6777615547180176,0.1437649428844452,2.78674054145813,1,2.7653274536132812,2.710297107696533,1.1638813018798828,sub-09,20260825,ses-04,SSVEP,2.7557783126831055
2.68973708152771,0.10348942875862122,3.514831066131592,1,2.7593233585357666,2.710496664047241,0.8711178302764893,sub-07,20260825,ses-03,SSVEP,2.776249647140503
2.714221715927124,0.09523355960845947,0.8423479795455933,1,2.7721822261810303,2.8560733795166016,1.006045937538147,sub-09,20260825,ses-02,ERP,2.7733123302459717
2.708129405975342,0.09735626727342606,1.7789708375930786,1,2.761591911315918,2.846842050552368,1.0127328634262085,sub-09,20260825,ses-02,ERP,2.764782428741455
2.7038798332214355,0.12673355638980865,6.962367534637451,1,2.8009140491485596,2.647020101547241,0.9483720064163208,sub-09,20260826,ses-02,SSVEP,2.963172197341919
2.688631057739258,0.10865934938192368,2.055152416229248,1,2.881301164627075,2.842802047729492,1.0717852115631104,sub-07,20260826,ses-02,ERP,2.895747184753418
2.6821069717407227,0.11642112582921982,1.8787158727645874,1,2.8769748210906982,2.831103563308716,0.9169074892997742,sub-07,20260826,ses-02,ERP,2.8839616775512695
2.7213048934936523,0.09575971961021423,2.8020660877227783,1,2.843309164047241,2.8147988319396973,0.5698690414428711,sub-07,20260826,ses-03,ERP,2.863727331161499
2.74798583984375,0.08581514656543732,3.13602614402771,1,2.9261698722839355,2.9519460201263428,1.0849316120147705,sub-07,20260826,ses-04,ERP,2.927079200744629
2.7379348278045654,0.08152760565280914,1.548768162727356,1,2.883763551712036,2.6462793350219727,0.9963518977165222,sub-09,20260826,ses-02,ERP,2.8577818870544434
2.7423744201660156,0.08240307867527008,6.086190700531006,1,2.8207762241363525,2.873065233230591,2.237675905227661,sub-07,20260826,ses-04,SSVEP,2.8123457431793213
2.7370481491088867,0.10155762732028961,4.756043434143066,1,2.7480621337890625,2.8029673099517822,0.6067783832550049,sub-06,20260826,ses-03,SSVEP,2.7329764366149902
2.7433011531829834,0.08159346878528595,3.6427764892578125,1,2.755640745162964,2.795527458190918,0.9943750500679016,sub-09,20260826,ses-04,ERP,2.6971657276153564
2.7683229446411133,0.08012840896844864,2.9939792156219482,1,2.8377554416656494,2.8827145099639893,0.6333469748497009,sub-06,20260826,ses-04,ERP,2.8727705478668213
2.7714157104492188,0.06810007244348526,4.630801200866699,1,2.839956521987915,2.8912196159362793,0.6372114419937134,sub-06,20260826,ses-04,ERP,2.8702352046966553
2.6860947608947754,0.10369707643985748,4.687132358551025,1,2.829784870147705,2.9010956287384033,2.172048568725586,sub-07,20260826,ses-02,SSVEP,2.8697643280029297
2.767561435699463,0.08416429162025452,4.098635196685791,1,2.8358941078186035,2.8763267993927,0.6523979902267456,sub-06,20260826,ses-04,ERP,2.8543646335601807
2.695028781890869,0.12075799703598022,6.278141975402832,1,2.8303072452545166,2.8769397735595703,2.703137159347534,sub-07,20260826,ses-04,SSVEP,2.809999942779541
2.720843553543091,0.10975547879934311,7.521238327026367,1,2.7648961544036865,2.613415241241455,0.8563302755355835,sub-09,20260826,ses-02,SSVEP,2.9796102046966553
2.721451759338379,0.09185487776994705,3.3426051139831543,1,2.7855870723724365,2.7653932571411133,0.7126363515853882,sub-06,20260826,ses-02,SSVEP,2.826361656188965
2.7447433471679688,0.08938227593898773,3.5391905307769775,1,2.753267765045166,2.807533025741577,0.603318452835083,sub-06,20260826,ses-03,SSVEP,2.7916383743286133
2.7350106239318848,0.09811849147081375,6.119022369384766,1,2.8803184032440186,2.7232515811920166,1.7853258848190308,sub-07,20260826,ses-03,SSVEP,2.8789854049682617
2.723141670227051,0.09492409974336624,7.223742961883545,1,2.792048215866089,2.8438057899475098,2.6070635318756104,sub-07,20260826,ses-04,SSVEP,2.802260398864746
2.663806200027466,0.10965076088905334,1.7977687120437622,1,2.8819727897644043,2.8408613204956055,1.0143100023269653,sub-07,20260826,ses-02,ERP,2.894176721572876
2.715427875518799,0.09604895114898682,12.358756065368652,1,2.7655508518218994,2.749077320098877,0.6274403929710388,sub-06,20260826,ses-02,SSVEP,2.875316858291626
2.3837170600891113,0.2493727207183838,13.829346656799316,1,2.5995190143585205,2.5628557205200195,2.3095014095306396,sub-09,20260826,ses-04,SSVEP,2.568124294281006
2.6517109870910645,0.12094638496637344,5.3434882164001465,1,2.709920644760132,2.6910400390625,1.303863763809204,sub-09,20260826,ses-04,SSVEP,2.6284830570220947
2.22452449798584,0.34054189920425415,10.805952072143555,1,2.8012819290161133,2.654478073120117,0.8153570890426636,sub-09,20260826,ses-02,SSVEP,2.9489569664001465
2.7714996337890625,0.06827153265476227,3.4701037406921387,1,2.845302104949951,2.902916669845581,0.673275887966156,sub-06,20260826,ses-04,ERP,2.848999500274658
2.7336924076080322,0.09306955337524414,8.47653865814209,1,2.8740553855895996,2.7377946376800537,1.9165632724761963,sub-07,20260826,ses-03,SSVEP,2.939323902130127
2.743939161300659,0.08445656299591064,1.483158826828003,1,2.929319381713867,2.94706392288208,1.0545434951782227,sub-07,20260826,ses-04,ERP,2.9408164024353027
2.741201877593994,0.08067668974399567,7.9120707511901855,1,2.804670810699463,2.853353500366211,2.5540807247161865,sub-07,20260826,ses-04,SSVEP,2.7955708503723145
2.7283501625061035,0.09111148118972778,6.360992908477783,1,2.7921082973480225,2.849360704421997,2.6543478965759277,sub-07,20260826,ses-04,SSVEP,2.801297426223755
2.6830248832702637,0.10796450823545456,2.6049821376800537,1,2.880601644515991,2.834193706512451,0.9649524688720703,sub-07,20260826,ses-02,ERP,2.9241833686828613
2.764413833618164,0.0860663577914238,1.763649344444275,1,2.754378318786621,2.807610034942627,0.6310136914253235,sub-06,20260826,ses-03,SSVEP,2.756080150604248
2.7252025604248047,0.09875597059726715,2.2998669147491455,1,2.7733120918273926,2.760605573654175,0.6969780921936035,sub-06,20260826,ses-02,SSVEP,2.7734029293060303
2.6481456756591797,0.11999795585870743,4.750761985778809,1,2.809857130050659,2.860177755355835,2.082289934158325,sub-07,20260826,ses-02,SSVEP,2.9082601070404053
2.7515573501586914,0.08214718848466873,6.962002754211426,1,2.8304762840270996,2.875833034515381,2.6711361408233643,sub-07,20260826,ses-04,SSVEP,2.805948495864868
2.5952062606811523,0.22795891761779785,8.195450782775879,1,2.7542989253997803,2.5923070907592773,0.8624671697616577,sub-09,20260826,ses-02,SSVEP,2.917680263519287
2.635148048400879,0.20401687920093536,8.707923889160156,1,2.822131872177124,2.76335072517395,1.7624610662460327,sub-09,20260826,ses-03,SSVEP,2.8371469974517822
2.7393112182617188,0.08878884464502335,2.5345420837402344,1,2.696260452270508,2.802229881286621,0.5667191743850708,sub-06,20260826,ses-02,ERP,2.7134323120117188
2.7524399757385254,0.08852063119411469,9.279046058654785,1,2.9286699295043945,2.9515979290008545,1.071967601776123,sub-07,20260826,ses-04,ERP,3.0011937618255615
2.7252511978149414,0.0965893417596817,7.206525802612305,1,2.8864853382110596,2.718665361404419,1.8341410160064697,sub-07,20260826,ses-03,SSVEP,2.8784637451171875
2.658027172088623,0.12685787677764893,3.561431407928467,1,2.815582036972046,2.868773937225342,2.1948227882385254,sub-07,20260826,ses-02,SSVEP,2.844985246658325
2.6691765785217285,0.1239323765039444,17.457460403442383,1,2.8111886978149414,2.8559188842773438,1.7794742584228516,sub-07,20260826,ses-02,SSVEP,3.015843629837036
2.7193093299865723,0.08934462070465088,1.758201241493225,1,2.8318636417388916,2.6085543632507324,0.9962742328643799,sub-09,20260826,ses-02,ERP,2.8366470336914062
2.7613487243652344,0.09414353966712952,1.7413498163223267,1,2.72359037399292,2.8007395267486572,0.4607562720775604,sub-06,20260826,ses-03,ERP,2.712747812271118
2.768286943435669,0.0760362520813942,3.2867283821105957,1,2.7542338371276855,2.811344861984253,0.6397054195404053,sub-06,20260826,ses-03,SSVEP,2.7438902854919434
2.7544240951538086,0.08598095178604126,1.254017949104309,1,2.9172661304473877,2.946622848510742,1.0737134218215942,sub-07,20260826,ses-04,ERP,2.9158337116241455
2.75002121925354,0.08770584315061569,3.166674852371216,1,2.841740131378174,2.824817180633545,0.52499920129776,sub-07,20260826,ses-03,ERP,2.8985159397125244
2.769315719604492,0.07168785482645035,4.547693252563477,1,2.730229139328003,2.812060594558716,0.48288699984550476,sub-06,20260826,ses-03,ERP,2.8158798217773438
2.7115375995635986,0.09772258251905441,17.776817321777344,1,2.7797718048095703,2.760944366455078,0.6544578075408936,sub-06,20260826,ses-02,SSVEP,2.8882408142089844
2.6974477767944336,0.10499309003353119,2.7813801765441895,1,2.8810036182403564,2.8426079750061035,1.094404697418213,sub-07,20260826,ses-02,ERP,2.9050815105438232
2.744903087615967,0.08386486768722534,11.238207817077637,1,2.787846803665161,2.8449013233184814,2.3256356716156006,sub-07,20260826,ses-04,SSVEP,3.060642957687378
2.7173829078674316,0.0883157029747963,3.78171706199646,1,2.766326904296875,2.7976837158203125,0.995377779006958,sub-09,20260826,ses-04,ERP,2.6943275928497314
2.7416625022888184,0.09453702718019485,1.5471895933151245,1,2.8185720443725586,2.7461369037628174,1.3268057107925415,sub-09,20260826,ses-03,SSVEP,2.8187716007232666
2.739912986755371,0.08773823082447052,3.0166890621185303,1,2.920687198638916,2.9415740966796875,1.0797419548034668,sub-07,20260826,ses-04,ERP,2.920215368270874
2.751966714859009,0.07879233360290527,3.6544551849365234,1,2.7685904502868652,2.802293300628662,0.9953383207321167,sub-09,20260826,ses-04,ERP,2.7466843128204346
2.767920970916748,0.0736427903175354,4.904353618621826,1,2.763209581375122,2.8135194778442383,0.6612176299095154,sub-06,20260826,ses-03,SSVEP,2.77178692817688
2.661365032196045,0.10431516170501709,2.439791679382324,1,2.8802459239959717,2.834714412689209,0.9269874691963196,sub-07,20260826,ses-02,ERP,2.9158594608306885
2.730780601501465,0.09342505782842636,4.671372890472412,1,2.845137596130371,2.8206427097320557,0.5011122822761536,sub-07,20260826,ses-03,ERP,2.8189971446990967
2.704392910003662,0.14464277029037476,8.415889739990234,1,2.803449869155884,2.742995500564575,1.241845965385437,sub-09,20260826,ses-03,SSVEP,2.8442835807800293
2.7483482360839844,0.09500520676374435,4.810410976409912,1,2.8214235305786133,2.7484347820281982,1.2380493879318237,sub-09,20260826,ses-03,SSVEP,2.8197824954986572
2.735774517059326,0.08429659903049469,3.44327712059021,1,2.818697929382324,2.7502291202545166,1.1512131690979004,sub-09,20260826,ses-03,SSVEP,2.8142223358154297
2.7395856380462646,0.08435529470443726,4.052974700927734,1,2.7755751609802246,2.8011765480041504,0.9940564036369324,sub-09,20260826,ses-04,ERP,2.726170301437378
2.723642110824585,0.10949911177158356,4.145587921142578,1,2.84401535987854,2.8165054321289062,0.5123929977416992,sub-07,20260826,ses-03,ERP,2.8224337100982666
2.6406779289245605,0.1260509192943573,2.3281400203704834,1,2.8784825801849365,2.836729049682617,1.0012043714523315,sub-07,20260826,ses-02,ERP,2.897273063659668
2.740574359893799,0.102044478058815,3.1280083656311035,1,2.8144030570983887,2.747159719467163,1.3951135873794556,sub-09,20260826,ses-03,SSVEP,2.812589645385742
2.4375972747802734,0.31699690222740173,10.091720581054688,1,2.7692208290100098,2.629772663116455,0.8209906816482544,sub-09,20260826,ses-02,SSVEP,2.9046037197113037
2.761155605316162,0.08571377396583557,3.5503859519958496,1,2.7521698474884033,2.8070826530456543,0.5872989892959595,sub-06,20260826,ses-03,SSVEP,2.7426156997680664
2.7397818565368652,0.106671042740345,1.577473759651184,1,2.7120633125305176,2.8113625049591064,0.6806986927986145,sub-06,20260826,ses-02,ERP,2.6885716915130615
2.7196621894836426,0.09614297747612,1.4594309329986572,1,2.7730462551116943,2.7516705989837646,0.6500734686851501,sub-06,20260826,ses-02,SSVEP,2.768418073654175
2.761735677719116,0.09040702879428864,2.0888829231262207,1,2.726663589477539,2.807255506515503,0.49718305468559265,sub-06,20260826,ses-03,ERP,2.7329013347625732
2.766777276992798,0.07865341007709503,3.5298190116882324,1,2.8483457565307617,2.8114771842956543,0.7548033595085144,sub-06,20260826,ses-04,SSVEP,2.8482747077941895
2.6735968589782715,0.10910819470882416,4.592235088348389,1,2.8793740272521973,2.841688632965088,1.0153474807739258,sub-07,20260826,ses-02,ERP,2.885133743286133
2.7340292930603027,0.09088011085987091,1.5866334438323975,1,2.84389066696167,2.8272593021392822,0.5002381205558777,sub-07,20260826,ses-03,ERP,2.840362787246704
2.7374391555786133,0.0846249908208847,1.8150126934051514,1,2.8036069869995117,2.787787914276123,0.7456235885620117,sub-06,20260826,ses-02,SSVEP,2.76430606842041
2.68751859664917,0.10507095605134964,1.263885498046875,1,2.8793818950653076,2.836509943008423,0.9748104810714722,sub-07,20260826,ses-02,ERP,2.87747859954834
2.657073974609375,0.1756667047739029,5.367145538330078,1,2.7324888706207275,2.5846192836761475,0.9597413539886475,sub-09,20260826,ses-03,ERP,2.824374198913574
2.715330123901367,0.08992741256952286,16.9823055267334,1,2.878652572631836,2.7082297801971436,1.484489917755127,sub-07,20260826,ses-03,SSVEP,2.9440317153930664
2.6554551124572754,0.1332840472459793,4.181934833526611,1,2.8797690868377686,2.849684238433838,1.0887080430984497,sub-07,20260826,ses-02,ERP,2.9234619140625
2.495100975036621,0.2586430013179779,6.3474602699279785,1,2.679967164993286,2.6475398540496826,1.3569772243499756,sub-09,20260826,ses-04,SSVEP,2.6122798919677734
2.767399549484253,0.07777201384305954,3.4590280055999756,1,2.7608509063720703,2.8138034343719482,0.6619787216186523,sub-06,20260826,ses-03,SSVEP,2.771160364151001
2.571406364440918,0.1851094514131546,11.4424467086792,1,2.7241578102111816,2.7013092041015625,1.3309353590011597,sub-09,20260826,ses-04,SSVEP,2.700045347213745
2.692739248275757,0.10575108230113983,4.214116096496582,1,2.828655481338501,2.8952105045318604,2.1729955673217773,sub-07,20260826,ses-02,SSVEP,2.845802068710327
2.742304563522339,0.08163329213857651,4.849569797515869,1,2.8881216049194336,2.7270748615264893,1.8016680479049683,sub-07,20260826,ses-03,SSVEP,2.8811564445495605
2.767050266265869,0.07648051530122757,1.3731367588043213,1,2.7286806106567383,2.805527687072754,0.4494780898094177,sub-06,20260826,ses-03,ERP,2.7088327407836914
2.6711902618408203,0.11449731141328812,10.004276275634766,1,2.6806697845458984,2.6503546237945557,1.3946951627731323,sub-09,20260826,ses-04,SSVEP,2.587322950363159
2.712596893310547,0.1054820641875267,10.810547828674316,1,2.762526273727417,2.7432961463928223,1.1051274538040161,sub-09,20260826,ses-04,SSVEP,2.551870822906494
2.698680877685547,0.11852725595235825,2.029660224914551,1,2.839573383331299,2.8202571868896484,0.4905748665332794,sub-07,20260826,ses-03,ERP,2.8327248096466064
2.769847869873047,0.07130523025989532,3.845747947692871,1,2.847583532333374,2.90305495262146,0.6754350662231445,sub-06,20260826,ses-04,ERP,2.881059169769287
2.659761428833008,0.14388348162174225,2.8383867740631104,1,2.8806312084198,2.837606430053711,0.9752960801124573,sub-07,20260826,ses-02,ERP,2.8804731369018555
2.7619354724884033,0.08086606115102768,7.371123790740967,1,2.723879337310791,2.8058395385742188,0.5133923292160034,sub-06,20260826,ses-03,ERP,2.854456663131714
2.7592055797576904,0.09038736671209335,3.1450307369232178,1,2.7223212718963623,2.802267551422119,0.47358739376068115,sub-06,20260826,ses-03,ERP,2.763524293899536
2.7439565658569336,0.0828801691532135,2.3183512687683105,1,2.76204514503479,2.7974798679351807,0.9953514933586121,sub-09,20260826,ses-04,ERP,2.724470853805542
2.7436201572418213,0.07614742964506149,10.330568313598633,1,2.8027448654174805,2.8540380001068115,2.4007742404937744,sub-07,20260826,ses-04,SSVEP,3.0457170009613037
2.720299482345581,0.09690038859844208,2.1414835453033447,1,2.8398640155792236,2.823246955871582,0.5046828389167786,sub-07,20260826,ses-03,ERP,2.8371968269348145
2.7597575187683105,0.08099265396595001,4.897481441497803,1,2.9184348583221436,2.9495275020599365,1.0992848873138428,sub-07,20260826,ses-04,ERP,2.866546154022217
2.7699856758117676,0.0703730508685112,4.621746063232422,1,2.85074520111084,2.9033987522125244,0.6841288805007935,sub-06,20260826,ses-04,ERP,2.870544672012329
2.486772060394287,0.1866481751203537,12.345134735107422,1,2.647212266921997,2.6122312545776367,1.549394130706787,sub-09,20260826,ses-04,SSVEP,2.575249195098877
2.7311248779296875,0.09491357952356339,5.612204551696777,1,2.816589832305908,2.7469394207000732,1.3836406469345093,sub-09,20260826,ses-03,SSVEP,2.8339896202087402
2.764941930770874,0.08699189871549606,2.207073211669922,1,2.842700242996216,2.8891210556030273,0.6284932494163513,sub-06,20260826,ses-04,ERP,2.851123094558716
2.5103707313537598,0.26730385422706604,15.115580558776855,1,2.6744658946990967,2.6465747356414795,1.396317958831787,sub-09,20260826,ses-04,SSVEP,2.5941944122314453
2.7687184810638428,0.0823344886302948,4.180783748626709,1,2.8281455039978027,2.8661890029907227,0.6445260643959045,sub-06,20260826,ses-04,ERP,2.8737599849700928
2.732611656188965,0.08350865542888641,2.559729814529419,1,2.8627889156341553,2.624445676803589,0.9964712858200073,sub-09,20260826,ses-02,ERP,2.8262383937835693
2.7652018070220947,0.08024931699037552,3.0936532020568848,1,2.7232983112335205,2.8064680099487305,0.4882356524467468,sub-06,20260826,ses-03,ERP,2.766676425933838
2.7537546157836914,0.0867684930562973,4.001833915710449,1,2.7507126331329346,2.8069231510162354,0.5999308824539185,sub-06,20260826,ses-03,SSVEP,2.751241683959961
2.6594369411468506,0.11726600676774979,3.2674977779388428,1,2.8220019340515137,2.8790206909179688,2.1931121349334717,sub-07,20260826,ses-02,SSVEP,2.8484737873077393
2.7016148567199707,0.11018124967813492,3.299053192138672,1,2.8232247829437256,2.891808271408081,2.2352378368377686,sub-07,20260826,ses-02,SSVEP,2.8005099296569824
2.766305923461914,0.07459992170333862,4.460799217224121,1,2.7229418754577637,2.8044064044952393,0.44971954822540283,sub-06,20260826,ses-03,ERP,2.7644803524017334
2.7456533908843994,0.11217581480741501,2.1447670459747314,1,2.717399835586548,2.815215826034546,0.7189875245094299,sub-06,20260826,ses-02,ERP,2.672375202178955
2.741499662399292,0.08151362836360931,3.840902090072632,1,2.755091667175293,2.796510934829712,0.9956619143486023,sub-09,20260826,ses-04,ERP,2.687380313873291
2.770678997039795,0.0709780678153038,10.738739967346191,1,2.8407840728759766,2.8061916828155518,0.7767382860183716,sub-06,20260826,ses-04,SSVEP,2.8591933250427246
2.685042381286621,0.10760457068681717,3.050262689590454,1,2.8828344345092773,2.8378777503967285,0.965219259262085,sub-07,20260826,ses-02,ERP,2.9116320610046387
2.742321491241455,0.08123045414686203,3.808549642562866,1,2.7597389221191406,2.795936107635498,0.9934467077255249,sub-09,20260826,ses-04,ERP,2.7259867191314697
2.7527217864990234,0.08374670892953873,5.288759231567383,1,2.7592921257019043,2.7980973720550537,0.9944438338279724,sub-09,20260826,ses-04,ERP,2.7878623008728027
2.7412824630737305,0.0913163349032402,8.249549865722656,1,2.8144402503967285,2.7473695278167725,1.3214423656463623,sub-09,20260826,ses-03,SSVEP,2.8457987308502197
2.7683157920837402,0.08152437955141068,10.253927230834961,1,2.841949939727783,2.805011034011841,0.7645477652549744,sub-06,20260826,ses-04,SSVEP,2.848740816116333
2.741668462753296,0.08561436086893082,1.8676260709762573,1,2.8409922122955322,2.8217554092407227,0.5050625801086426,sub-07,20260826,ses-03,ERP,2.8516361713409424
2.7272937297821045,0.08967233449220657,1.7718191146850586,1,2.8374037742614746,2.6102206707000732,0.9991114735603333,sub-09,20260826,ses-02,ERP,2.8077526092529297
2.7002248764038086,0.10359905660152435,11.00286865234375,1,2.8396973609924316,2.880897283554077,2.9610464572906494,sub-07,20260826,ses-04,SSVEP,3.0670621395111084
2.69085693359375,0.11835143715143204,1.7194733619689941,1,2.8772220611572266,2.82717227935791,0.9231073260307312,sub-07,20260826,ses-02,ERP,2.899080753326416
2.7671091556549072,0.07822736352682114,4.288044452667236,1,2.8462111949920654,2.8091158866882324,0.7403922080993652,sub-06,20260826,ses-04,SSVEP,2.8490500450134277
2.654385566711426,0.11804459989070892,2.8871138095855713,1,2.878950357437134,2.8318610191345215,0.9630918502807617,sub-07,20260826,ses-02,ERP,2.9083664417266846
2.768723487854004,0.07802276313304901,3.4326329231262207,1,2.843113660812378,2.80672287940979,0.7695801854133606,sub-06,20260826,ses-04,SSVEP,2.8474316596984863
2.7340774536132812,0.09655081480741501,6.136280536651611,1,2.893845319747925,2.761932373046875,2.1347548961639404,sub-07,20260826,ses-03,SSVEP,2.8770811557769775
2.749490261077881,0.08363279700279236,8.297809600830078,1,2.8168036937713623,2.7474420070648193,1.2005178928375244,sub-09,20260826,ses-03,SSVEP,2.8519561290740967
2.7607004642486572,0.08943347632884979,2.628816843032837,1,2.7203280925750732,2.8022725582122803,0.5060424208641052,sub-06,20260826,ses-03,ERP,2.7448878288269043
2.730794906616211,0.08864041417837143,2.0872507095336914,1,2.8667407035827637,2.629901885986328,1.0039986371994019,sub-09,20260826,ses-02,ERP,2.809396505355835
2.7504165172576904,0.08480823785066605,2.7747936248779297,1,2.7540671825408936,2.7928733825683594,0.9941883087158203,sub-09,20260826,ses-04,ERP,2.695951461791992
2.7382237911224365,0.09334821254014969,6.675092697143555,1,2.8435072898864746,2.8245294094085693,0.50569748878479,sub-07,20260826,ses-03,ERP,2.86641001701355
2.735869884490967,0.09987568855285645,12.995406150817871,1,2.805354118347168,2.7780604362487793,0.7547799944877625,sub-06,20260826,ses-02,SSVEP,2.9131722450256348
2.7162394523620605,0.09435324370861053,2.7507593631744385,1,2.7968316078186035,2.7714829444885254,0.809472918510437,sub-06,20260826,ses-02,SSVEP,2.7848119735717773
2.7701709270477295,0.07335196435451508,6.4815778732299805,1,2.832292318344116,2.7937893867492676,0.7639016509056091,sub-06,20260826,ses-04,SSVEP,2.795530319213867
2.6856112480163574,0.09824620932340622,2.2391467094421387,1,2.876417636871338,2.834996223449707,0.9549434781074524,sub-07,20260826,ses-02,ERP,2.911602020263672
2.7407000064849854,0.0810621976852417,3.7264084815979004,1,2.7505412101745605,2.789741039276123,0.9942477941513062,sub-09,20260826,ses-04,ERP,2.6936593055725098
2.7371153831481934,0.08527816087007523,2.5989255905151367,1,2.846865177154541,2.822981357574463,0.5495486855506897,sub-07,20260826,ses-03,ERP,2.846900701522827
2.7647042274475098,0.08699947595596313,5.297404766082764,1,2.7236878871917725,2.8044707775115967,0.5121362209320068,sub-06,20260826,ses-03,ERP,2.753042459487915
2.700070381164551,0.11185077577829361,2.268167018890381,1,2.878521680831909,2.842459201812744,0.9080091714859009,sub-07,20260826,ses-02,ERP,2.885014295578003
2.7193026542663574,0.08774754405021667,1.2217618227005005,1,2.7806594371795654,2.7689480781555176,0.7306013703346252,sub-06,20260826,ses-02,SSVEP,2.7676703929901123
2.7287533283233643,0.0999438613653183,5.457855701446533,1,2.8922300338745117,2.7534475326538086,1.9173874855041504,sub-07,20260826,ses-03,SSVEP,2.8861148357391357
2.696655750274658,0.11804111301898956,13.025137901306152,1,2.8540761470794678,2.906812906265259,2.4399256706237793,sub-07,20260826,ses-02,SSVEP,2.990905523300171
2.7554335594177246,0.10378608852624893,2.564984083175659,1,2.754371166229248,2.806809186935425,0.633231520652771,sub-06,20260826,ses-03,SSVEP,2.734093427658081
2.7486867904663086,0.07584764063358307,4.336195945739746,1,2.7799417972564697,2.8017311096191406,0.9937751293182373,sub-09,20260826,ses-04,ERP,2.6842241287231445
2.684020519256592,0.11109253764152527,1.5115418434143066,1,2.8814516067504883,2.8370420932769775,0.9438689351081848,sub-07,20260826,ses-02,ERP,2.8999226093292236
2.4787697792053223,0.2797405421733856,6.534422874450684,1,2.7178776264190674,2.5845987796783447,0.9335490465164185,sub-09,20260826,ses-03,ERP,2.865877628326416
2.749061107635498,0.09264329820871353,2.1744275093078613,1,2.7004218101501465,2.811232805252075,0.5835211277008057,sub-06,20260826,ses-02,ERP,2.6969406604766846
2.6151652336120605,0.12938827276229858,17.21453857421875,1,2.822378635406494,2.8691978454589844,2.0916073322296143,sub-07,20260826,ses-02,SSVEP,3.0234978199005127
2.7317471504211426,0.08496036380529404,11.758712768554688,1,2.86040997505188,2.9060134887695312,2.9779551029205322,sub-07,20260826,ses-04,SSVEP,3.04972243309021
2.7589221000671387,0.0806812196969986,4.570797920227051,1,2.923217296600342,2.944333553314209,1.0566688776016235,sub-07,20260826,ses-04,ERP,2.868748188018799
2.7699832916259766,0.06969878077507019,11.823561668395996,1,2.8348896503448486,2.8903141021728516,0.6287179589271545,sub-06,20260826,ses-04,ERP,2.942375421524048
2.570012331008911,0.21652692556381226,6.259461879730225,1,2.7219371795654297,2.581629514694214,0.9486210346221924,sub-09,20260826,ses-03,ERP,2.817337989807129
2.7616007328033447,0.07841982692480087,3.910773277282715,1,2.7243149280548096,2.803884744644165,0.45221617817878723,sub-06,20260826,ses-03,ERP,2.7421875
2.7368085384368896,0.09078647196292877,2.2493491172790527,1,2.8200480937957764,2.7473654747009277,1.2818351984024048,sub-09,20260826,ses-03,SSVEP,2.835758686065674
2.768860340118408,0.07351192086935043,11.357114791870117,1,2.8462252616882324,2.8097312450408936,0.7622610926628113,sub-06,20260826,ses-04,SSVEP,2.96158504486084
2.7614221572875977,0.0950121209025383,6.503369331359863,1,2.752865791320801,2.80887508392334,0.6286943554878235,sub-06,20260826,ses-03,SSVEP,2.748770236968994
2.7145278453826904,0.09254343062639236,1.9052778482437134,1,2.7674665451049805,2.7535276412963867,0.6130426526069641,sub-06,20260826,ses-02,SSVEP,2.7604422569274902
2.75868558883667,0.0876101478934288,2.6014506816864014,1,2.7234301567077637,2.8090150356292725,0.5135514736175537,sub-06,20260826,ses-03,ERP,2.7488112449645996
2.725327491760254,0.1050059124827385,4.769588470458984,1,2.8434860706329346,2.8233344554901123,0.5493474006652832,sub-07,20260826,ses-03,ERP,2.9212100505828857
2.586176872253418,0.22211232781410217,8.070448875427246,1,2.7188425064086914,2.709907293319702,1.1915873289108276,sub-09,20260826,ses-04,SSVEP,2.566612482070923
2.613384246826172,0.1353032886981964,2.518294334411621,1,2.808703660964966,2.855935573577881,1.662320613861084,sub-07,20260826,ses-02,SSVEP,2.8294031620025635
2.723015308380127,0.09101162105798721,5.317113876342773,1,2.7558557987213135,2.790778398513794,0.9928903579711914,sub-09,20260826,ses-04,ERP,2.875617504119873
2.746272087097168,0.0925581231713295,4.371584892272949,1,2.819317102432251,2.7461631298065186,1.4124407768249512,sub-09,20260826,ses-03,SSVEP,2.8221259117126465
2.768242835998535,0.08125624805688858,8.29662036895752,1,2.845210075378418,2.8103039264678955,0.7706801295280457,sub-06,20260826,ses-04,SSVEP,2.8432021141052246
2.7327308654785156,0.09001532196998596,1.6740708351135254,1,2.836683988571167,2.6091878414154053,1.0002106428146362,sub-09,20260826,ses-02,ERP,2.833646297454834
2.745232343673706,0.07961411029100418,3.6026322841644287,1,2.7658848762512207,2.794283628463745,0.9931719303131104,sub-09,20260826,ses-04,ERP,2.742072582244873
2.6915817260742188,0.10328498482704163,1.7893294095993042,1,2.8521673679351807,2.6174888610839844,1.0000712871551514,sub-09,20260826,ses-02,ERP,2.915045976638794
2.7131919860839844,0.11267475038766861,5.896128177642822,1,2.8522510528564453,2.907296657562256,2.9578380584716797,sub-07,20260826,ses-04,SSVEP,2.7904090881347656
2.7492504119873047,0.0900641456246376,4.459561347961426,1,2.926063060760498,2.9509270191192627,1.0560287237167358,sub-07,20260826,ses-04,ERP,2.982673168182373
2.7352466583251953,0.09897048026323318,5.669427871704102,1,2.851364850997925,2.928354501724243,1.6731441020965576,sub-07,20260826,ses-02,SSVEP,2.8953697681427
2.6918675899505615,0.0995967909693718,1.7014989852905273,1,2.8838038444519043,2.838411331176758,0.8864095211029053,sub-07,20260826,ses-02,ERP,2.903514862060547
2.7486572265625,0.08920291066169739,4.210724353790283,1,2.9245870113372803,2.9523158073425293,1.0765776634216309,sub-07,20260826,ses-04,ERP,2.9667696952819824
2.7632617950439453,0.08362643420696259,1.943651556968689,1,2.7510595321655273,2.808293581008911,0.5785647034645081,sub-06,20260826,ses-03,SSVEP,2.738072633743286
2.66658878326416,0.1140667051076889,2.6845545768737793,1,2.881431818008423,2.8341503143310547,1.0065163373947144,sub-07,20260826,ses-02,ERP,2.9175503253936768
2.537947177886963,0.18848086893558502,5.040968894958496,1,2.7178165912628174,2.7007174491882324,1.2917240858078003,sub-09,20260826,ses-04,SSVEP,2.581695079803467
2.724936008453369,0.08736920356750488,16.927568435668945,1,2.887500286102295,2.7350006103515625,1.813378930091858,sub-07,20260826,ses-03,SSVEP,2.9401235580444336
2.6474852561950684,0.16285808384418488,5.740521430969238,1,2.7428953647613525,2.6031086444854736,0.9756183624267578,sub-09,20260826,ses-03,ERP,2.8487589359283447
2.740102767944336,0.09071016311645508,1.370813250541687,1,2.8632500171661377,2.6310391426086426,1.0017658472061157,sub-09,20260826,ses-02,ERP,2.895479917526245
2.76564884185791,0.07383254170417786,3.63830828666687,1,2.7289276123046875,2.810473680496216,0.501861572265625,sub-06,20260826,ses-03,ERP,2.7862935066223145
2.602163791656494,0.17843009531497955,8.57437801361084,1,2.82635498046875,2.7728447914123535,2.383758544921875,sub-09,20260826,ses-03,SSVEP,2.850665330886841
2.7290256023406982,0.09480451047420502,5.44465446472168,1,2.8817410469055176,2.7103629112243652,1.5545467138290405,sub-07,20260826,ses-03,SSVEP,2.8895485401153564
2.7291436195373535,0.0907045304775238,3.4959075450897217,1,2.866717576980591,2.6304283142089844,1.002760648727417,sub-09,20260826,ses-02,ERP,2.955577850341797
2.7583322525024414,0.09391840547323227,3.9135704040527344,1,2.748058557510376,2.804042339324951,0.5692094564437866,sub-06,20260826,ses-03,SSVEP,2.7449214458465576
2.7707679271698,0.06941473484039307,9.990949630737305,1,2.836982250213623,2.7982230186462402,0.7652822136878967,sub-06,20260826,ses-04,SSVEP,2.919666290283203
2.6814076900482178,0.14217205345630646,7.631747722625732,1,2.7729640007019043,2.7482926845550537,1.121996283531189,sub-09,20260826,ses-04,SSVEP,2.566931962966919
2.4697704315185547,0.29765158891677856,6.7510666847229,1,2.688232421875,2.6655619144439697,1.484813928604126,sub-09,20260826,ses-04,SSVEP,2.558262825012207
2.748828887939453,0.08495283871889114,3.835979461669922,1,2.940922975540161,2.956291437149048,1.1724681854248047,sub-07,20260826,ses-04,ERP,2.9096758365631104
2.7449841499328613,0.1014401987195015,3.7053298950195312,1,2.7515316009521484,2.80914306640625,0.5815870761871338,sub-06,20260826,ses-03,SSVEP,2.7870333194732666
2.769670248031616,0.07076107710599899,3.178333044052124,1,2.8335893154144287,2.882746934890747,0.6179438829421997,sub-06,20260826,ses-04,ERP,2.8109538555145264
2.770108699798584,0.07286269962787628,3.9738709926605225,1,2.849975347518921,2.9052093029022217,0.6640868186950684,sub-06,20260826,ses-04,ERP,2.877329111099243
2.6067075729370117,0.21823205053806305,6.396939754486084,1,2.672762155532837,2.6396121978759766,1.4146331548690796,sub-09,20260826,ses-04,SSVEP,2.56301212310791
2.2582898139953613,0.3188818693161011,13.13234806060791,1,2.7860286235809326,2.687237024307251,0.832578182220459,sub-09,20260826,ses-02,SSVEP,2.9477624893188477
2.733044147491455,0.10119237005710602,1.8007721900939941,1,2.7116129398345947,2.8110384941101074,0.6677265763282776,sub-06,20260826,ses-02,ERP,2.693243980407715
2.674163818359375,0.11625717580318451,2.6247591972351074,1,2.883039712905884,2.847625732421875,1.02178156375885,sub-07,20260826,ses-02,ERP,2.8830485343933105
2.7434582710266113,0.0956060066819191,1.7884535789489746,1,2.7870407104492188,2.75921630859375,0.7965247631072998,sub-06,20260826,ses-02,SSVEP,2.752938985824585
2.753061294555664,0.08231303095817566,3.1681697368621826,1,2.686401605606079,2.8173933029174805,0.5709537267684937,sub-06,20260826,ses-02,ERP,2.7298262119293213
2.694769859313965,0.133818119764328,7.809176445007324,1,2.917344093322754,2.9536428451538086,1.4953855276107788,sub-07,20260827,ses-04,ERP,2.863517999649048
2.744234561920166,0.07538721710443497,10.50098705291748,1,2.693537950515747,2.5871591567993164,1.0041606426239014,sub-09,20260827,ses-02,ERP,2.9400644302368164
2.5431969165802,0.11424776166677475,4.9589715003967285,1,2.674553632736206,2.65777850151062,2.560246467590332,sub-07,20260827,ses-02,SSVEP,2.761274576187134
2.643866777420044,0.09359757602214813,5.316335678100586,1,2.6234614849090576,2.590327501296997,0.9983200430870056,sub-09,20260827,ses-04,ERP,2.63576602935791
2.475101947784424,0.1217227652668953,16.23981475830078,1,2.496828317642212,2.455784559249878,1.164323329925537,sub-09,20260827,ses-04,SSVEP,2.6332664489746094
2.603137493133545,0.15668703615665436,10.725394248962402,1,2.6248865127563477,2.3800482749938965,1.0550371408462524,sub-09,20260827,ses-03,ERP,2.6216986179351807
2.7147510051727295,0.09077053517103195,2.1314899921417236,1,2.553975820541382,2.638223886489868,0.7292305827140808,sub-06,20260827,ses-02,SSVEP,2.545508623123169
2.607860565185547,0.17754168808460236,9.709708213806152,1,2.7936861515045166,2.779339551925659,1.6739989519119263,sub-07,20260827,ses-03,SSVEP,2.714357852935791
2.6578261852264404,0.11042068153619766,10.091032981872559,1,2.635334014892578,2.693537712097168,0.6216564178466797,sub-06,20260827,ses-02,ERP,2.8480496406555176
2.5945053100585938,0.18080058693885803,7.9083943367004395,1,2.7550480365753174,2.738288164138794,1.6616239547729492,sub-07,20260827,ses-03,SSVEP,2.6534855365753174
2.601578712463379,0.10773571580648422,11.83701229095459,1,2.6198129653930664,2.5897395610809326,0.9983313083648682,sub-09,20260827,ses-04,ERP,2.6790521144866943
2.3570733070373535,0.13721148669719696,6.345044136047363,1,2.699014186859131,2.6897401809692383,3.430738925933838,sub-07,20260827,ses-02,SSVEP,2.745284080505371
2.7019591331481934,0.08500875532627106,2.538494825363159,1,2.751469612121582,2.6657016277313232,0.9007927775382996,sub-07,20260827,ses-02,ERP,2.756448268890381
2.6912670135498047,0.11668416857719421,5.377689361572266,1,2.666212797164917,2.6489615440368652,0.6039759516716003,sub-06,20260827,ses-04,ERP,2.7425947189331055
2.5924458503723145,0.11573230475187302,10.189565658569336,1,2.736830711364746,2.6657519340515137,1.1537654399871826,sub-07,20260827,ses-02,ERP,2.984787940979004
2.733123540878296,0.07941418886184692,4.613773822784424,1,2.7030413150787354,2.6984736919403076,0.7190589904785156,sub-07,20260827,ses-03,ERP,2.6511504650115967
2.7218399047851562,0.11018235236406326,8.544573783874512,1,2.896962881088257,2.9419472217559814,1.4492918252944946,sub-07,20260827,ses-04,ERP,2.7942559719085693
2.560708999633789,0.14206989109516144,12.345669746398926,1,2.7831127643585205,2.469731569290161,0.826474666595459,sub-09,20260827,ses-02,SSVEP,2.876361846923828
2.568429946899414,0.12726010382175446,11.485072135925293,1,2.7660605907440186,2.4657537937164307,0.8260688185691833,sub-09,20260827,ses-02,SSVEP,2.8733725547790527
2.6881089210510254,0.09029535949230194,2.0403854846954346,1,2.7048661708831787,2.6990137100219727,0.694153904914856,sub-07,20260827,ses-03,ERP,2.7006113529205322
2.598341941833496,0.1382148265838623,9.26292610168457,1,2.6151585578918457,2.3916897773742676,1.002314805984497,sub-09,20260827,ses-03,ERP,2.622572422027588
2.6276214122772217,0.15988962352275848,8.204708099365234,1,2.5545542240142822,2.6293745040893555,0.6485656499862671,sub-06,20260827,ses-03,SSVEP,2.5995259284973145
2.6851587295532227,0.11813712120056152,8.492168426513672,1,2.66422176361084,2.6348609924316406,0.6387596726417542,sub-06,20260827,ses-04,ERP,2.8653130531311035
2.703279495239258,0.0880538821220398,4.214120388031006,1,2.7946665287017822,2.6957783699035645,1.9158384799957275,sub-09,20260827,ses-03,SSVEP,2.806509494781494
2.615887403488159,0.13052679598331451,7.043008804321289,1,2.560136318206787,2.629227638244629,0.6937714219093323,sub-06,20260827,ses-03,SSVEP,2.6529293060302734
2.6931684017181396,0.0951354056596756,3.650003671646118,1,2.75134015083313,2.6773855686187744,1.1158409118652344,sub-07,20260827,ses-02,ERP,2.7409403324127197
2.6246461868286133,0.2047562301158905,7.4661736488342285,1,2.9140572547912598,2.934704542160034,1.4617741107940674,sub-07,20260827,ses-04,ERP,2.813957452774048
2.716156482696533,0.09500887244939804,3.410916328430176,1,2.6944384574890137,2.6920652389526367,0.6251932382583618,sub-07,20260827,ses-03,ERP,2.721237897872925
2.6929664611816406,0.10939623415470123,11.450855255126953,1,2.6740267276763916,2.6500840187072754,0.6028416752815247,sub-06,20260827,ses-04,ERP,2.770348310470581
2.5739972591400146,0.19385936856269836,9.973515510559082,1,2.628023862838745,2.3851876258850098,1.0014711618423462,sub-09,20260827,ses-03,ERP,2.6535959243774414
2.7099266052246094,0.08452990651130676,4.068827152252197,1,2.771366596221924,2.6941781044006348,3.579899787902832,sub-09,20260827,ses-03,SSVEP,2.7569565773010254
2.7370519638061523,0.08738409727811813,2.048915386199951,1,2.571486234664917,2.6590516567230225,0.7047061920166016,sub-06,20260827,ses-02,SSVEP,2.5706303119659424
2.7087502479553223,0.0854758769273758,2.330753803253174,1,2.649407148361206,2.5362508296966553,1.0706082582473755,sub-09,20260827,ses-02,ERP,2.6163852214813232
2.682591438293457,0.13714095950126648,6.878506183624268,1,2.9239723682403564,2.9444689750671387,1.4679524898529053,sub-07,20260827,ses-04,ERP,2.8765368461608887
2.6679775714874268,0.14924253523349762,4.405498504638672,1,2.633594036102295,2.6584668159484863,0.580726683139801,sub-06,20260827,ses-03,ERP,2.6185619831085205
2.539684295654297,0.13118807971477509,1.449169397354126,1,2.5654664039611816,2.6222198009490967,0.8108555674552917,sub-06,20260827,ses-03,SSVEP,2.5966556072235107
2.521972179412842,0.2043674737215042,8.964550971984863,1,2.749429702758789,2.724778175354004,2.1303930282592773,sub-07,20260827,ses-03,SSVEP,2.660900354385376
2.732226848602295,0.08935392647981644,3.0635461807250977,1,2.724897623062134,2.709974765777588,0.7811669111251831,sub-07,20260827,ses-03,ERP,2.680605173110962
2.4135851860046387,0.17705689370632172,11.259509086608887,1,2.5830750465393066,2.357175827026367,0.9318877458572388,sub-09,20260827,ses-03,ERP,2.6435229778289795
2.698312282562256,0.09042608737945557,4.210729122161865,1,2.744290828704834,2.6694095134735107,1.025495171546936,sub-07,20260827,ses-02,ERP,2.7592356204986572
2.2976725101470947,0.29342395067214966,9.897027969360352,1,2.7259554862976074,2.7152044773101807,1.9008922576904297,sub-07,20260827,ses-03,SSVEP,2.6802728176116943
2.7385010719299316,0.07969819009304047,1.830553412437439,1,2.561077356338501,2.6478867530822754,0.6283383965492249,sub-06,20260827,ses-02,SSVEP,2.5420126914978027
2.532667636871338,0.10956886410713196,7.271744251251221,1,2.640376567840576,2.5921435356140137,0.9935943484306335,sub-09,20260827,ses-04,ERP,2.67655086517334
2.6930980682373047,0.10052929818630219,6.5604352951049805,1,2.6704001426696777,2.6414425373077393,0.6102867722511292,sub-06,20260827,ses-04,ERP,2.688727617263794
2.6321663856506348,0.17134051024913788,13.003652572631836,1,2.9231834411621094,2.9462051391601562,1.4399640560150146,sub-07,20260827,ses-04,ERP,2.939321994781494
2.7186942100524902,0.08363828808069229,2.521923542022705,1,2.6822423934936523,2.559976100921631,1.0513924360275269,sub-09,20260827,ses-02,ERP,2.659142017364502
2.270419120788574,0.2766874432563782,11.383218765258789,1,2.8415377140045166,2.89312481880188,2.6580984592437744,sub-07,20260827,ses-04,SSVEP,2.6873815059661865
2.7082862854003906,0.09009202569723129,12.7009916305542,1,2.582068920135498,2.57987904548645,1.0069767236709595,sub-09,20260827,ses-04,ERP,2.7097606658935547
2.704594373703003,0.10009261220693588,2.7839081287384033,1,2.6985912322998047,2.6947290897369385,0.6929964423179626,sub-07,20260827,ses-03,ERP,2.7418954372406006
2.7085657119750977,0.10496404767036438,11.243159294128418,1,2.6223068237304688,2.659421443939209,0.6002474427223206,sub-06,20260827,ses-03,ERP,2.668921709060669
2.6717209815979004,0.14547190070152283,9.59798812866211,1,2.9320216178894043,2.9553170204162598,1.6969953775405884,sub-07,20260827,ses-04,ERP,2.8679134845733643
2.5368716716766357,0.12038591504096985,10.89997673034668,1,2.6144185066223145,2.580764055252075,1.0005818605422974,sub-09,20260827,ses-04,ERP,2.6273081302642822
2.76749587059021,0.06877204030752182,3.9436514377593994,1,2.714324474334717,2.6144728660583496,1.0191665887832642,sub-09,20260827,ses-02,ERP,2.6140458583831787
2.4908409118652344,0.1899493783712387,13.0725679397583,1,2.857520580291748,2.888261079788208,3.733459234237671,sub-07,20260827,ses-04,SSVEP,3.0208373069763184
2.7267885208129883,0.07945387065410614,1.4681847095489502,1,2.712536334991455,2.601752996444702,1.0139644145965576,sub-09,20260827,ses-02,ERP,2.7010982036590576
2.3993208408355713,0.291797012090683,7.777596473693848,1,2.7210543155670166,2.689333200454712,2.072659492492676,sub-07,20260827,ses-03,SSVEP,2.6778626441955566
2.6946587562561035,0.10080304741859436,10.88493824005127,1,2.6132314205169678,2.576918840408325,0.7804818749427795,sub-06,20260827,ses-04,SSVEP,2.754180669784546
2.493837833404541,0.19505895674228668,9.045332908630371,1,2.7353739738464355,2.726508855819702,1.9425806999206543,sub-07,20260827,ses-03,SSVEP,2.678576946258545
2.3912696838378906,0.17642156779766083,10.244300842285156,1,2.4627296924591064,2.426955461502075,1.1841161251068115,sub-09,20260827,ses-04,SSVEP,2.5778567790985107
2.524773120880127,0.16235050559043884,11.234562873840332,1,2.595900774002075,2.3538572788238525,0.958975076675415,sub-09,20260827,ses-03,ERP,2.6060471534729004
2.700699806213379,0.10740003734827042,16.98662757873535,1,2.6163103580474854,2.5739729404449463,0.7867967486381531,sub-06,20260827,ses-04,SSVEP,2.974400281906128
2.6496710777282715,0.10846689343452454,5.621891498565674,1,2.563593626022339,2.6423227787017822,0.9069175124168396,sub-06,20260827,ses-02,SSVEP,2.619734048843384
2.498983860015869,0.14259225130081177,11.161876678466797,1,2.780982494354248,2.472825050354004,0.8022180199623108,sub-09,20260827,ses-02,SSVEP,2.8498079776763916
2.6553189754486084,0.09419529885053635,3.8392817974090576,1,2.783142566680908,2.703643560409546,1.3586894273757935,sub-09,20260827,ses-03,SSVEP,2.8147435188293457
2.6461069583892822,0.12992827594280243,4.405173301696777,1,2.8000073432922363,2.8315913677215576,2.244683265686035,sub-07,20260827,ses-04,SSVEP,2.890933036804199
2.745785713195801,0.09073349088430405,11.343844413757324,1,2.6125457286834717,2.5747828483581543,0.7969452142715454,sub-06,20260827,ses-04,SSVEP,2.7639923095703125
2.75882625579834,0.07686478644609451,2.2402565479278564,1,2.6900572776794434,2.5888679027557373,1.0192586183547974,sub-09,20260827,ses-02,ERP,2.6875486373901367
2.7119991779327393,0.08599495142698288,4.508514404296875,1,2.7068536281585693,2.5854618549346924,0.9964695572853088,sub-09,20260827,ses-02,ERP,2.7610485553741455
2.6677680015563965,0.1025000587105751,10.029637336730957,1,2.7034478187561035,2.6969854831695557,0.6542459726333618,sub-07,20260827,ses-03,ERP,2.71012544631958
2.679291248321533,0.09371824562549591,2.080113410949707,1,2.7162492275238037,2.7056050300598145,0.6558817625045776,sub-07,20260827,ses-03,ERP,2.705766201019287
2.611509323120117,0.09150205552577972,7.084055423736572,1,2.76005482673645,2.689587354660034,1.8073781728744507,sub-09,20260827,ses-03,SSVEP,2.825040340423584
2.6335320472717285,0.10641228407621384,10.411210060119629,1,2.622272253036499,2.58829665184021,0.9991094470024109,sub-09,20260827,ses-04,ERP,2.6211514472961426
2.7246553897857666,0.11223053187131882,3.8375439643859863,1,2.6177420616149902,2.582602024078369,0.7642790079116821,sub-06,20260827,ses-04,SSVEP,2.615912914276123
2.6879937648773193,0.09888678044080734,4.147449493408203,1,2.712327480316162,2.7048935890197754,0.6969344615936279,sub-07,20260827,ses-03,ERP,2.6925230026245117
2.6362338066101074,0.14205734431743622,9.245330810546875,1,2.5942323207855225,2.356114387512207,0.9708311557769775,sub-09,20260827,ses-03,ERP,2.627201557159424
2.752467155456543,0.0750199407339096,2.2149851322174072,1,2.814085006713867,2.723869562149048,1.4715808629989624,sub-09,20260827,ses-03,SSVEP,2.806009292602539
2.685206890106201,0.08191771805286407,2.4789106845855713,1,2.731736421585083,2.6116433143615723,1.0007683038711548,sub-09,20260827,ses-02,ERP,2.6438424587249756
2.672588348388672,0.09111376106739044,1.895076870918274,1,2.555018901824951,2.6407864093780518,0.8856420516967773,sub-06,20260827,ses-02,SSVEP,2.547163963317871
2.717494249343872,0.09827810525894165,1.2728935480117798,1,2.698122262954712,2.6925597190856934,0.6533991694450378,sub-07,20260827,ses-03,ERP,2.684542655944824
2.659342050552368,0.091537706553936,5.284079551696777,1,2.6291518211364746,2.584505081176758,1.0004955530166626,sub-09,20260827,ses-04,ERP,2.5795493125915527
2.707679033279419,0.09565259516239166,2.919734239578247,1,2.6612167358398438,2.7099406719207764,0.6403368711471558,sub-06,20260827,ses-02,ERP,2.6449265480041504
2.715216636657715,0.08379073441028595,2.401365280151367,1,2.7121903896331787,2.590907096862793,0.9965892434120178,sub-09,20260827,ses-02,ERP,2.635396718978882
2.623472213745117,0.10290390998125076,2.752934217453003,1,2.7159347534179688,2.59443736076355,1.0030514001846313,sub-09,20260827,ses-02,ERP,2.6277682781219482
2.6257290840148926,0.1285097748041153,17.251712799072266,1,2.5497450828552246,2.6151320934295654,0.7440734505653381,sub-06,20260827,ses-03,SSVEP,2.8303005695343018
2.7118277549743652,0.10918581485748291,3.0654525756835938,1,2.6781163215637207,2.651435375213623,0.6015388369560242,sub-06,20260827,ses-04,ERP,2.6709022521972656
2.3425235748291016,0.22470298409461975,9.646105766296387,1,2.7456204891204834,2.712723731994629,1.8524422645568848,sub-07,20260827,ses-03,SSVEP,2.7334065437316895
2.7499032020568848,0.07794977724552155,7.848657608032227,1,2.8060903549194336,2.7024447917938232,1.6563173532485962,sub-09,20260827,ses-03,SSVEP,2.699540138244629
2.7000885009765625,0.08860225230455399,1.6003124713897705,1,2.7282235622406006,2.613874912261963,1.008675456047058,sub-09,20260827,ses-02,ERP,2.7147181034088135
2.731926202774048,0.08964787423610687,2.396003246307373,1,2.5641911029815674,2.6507253646850586,0.6575670838356018,sub-06,20260827,ses-02,SSVEP,2.559224843978882
2.599952220916748,0.13159598410129547,6.385960578918457,1,2.55497670173645,2.6249239444732666,0.697344183921814,sub-06,20260827,ses-03,SSVEP,2.510854959487915
2.6795687675476074,0.09966184198856354,2.8181495666503906,1,2.5526123046875,2.6450891494750977,0.6558847427368164,sub-06,20260827,ses-02,SSVEP,2.564744234085083
2.7054038047790527,0.103467658162117,2.953122138977051,1,2.679962396621704,2.6574740409851074,0.6442625522613525,sub-06,20260827,ses-04,ERP,2.6850907802581787
2.5965046882629395,0.10873443633317947,10.38119888305664,1,2.612332820892334,2.58402419090271,0.9977191090583801,sub-09,20260827,ses-04,ERP,2.6322786808013916
2.725893974304199,0.0899326428771019,10.409120559692383,1,2.653597593307495,2.7009334564208984,0.5565579533576965,sub-06,20260827,ses-02,ERP,2.8335933685302734
2.5862913131713867,0.1683308184146881,10.416483879089355,1,2.589056968688965,2.380178213119507,0.9832845330238342,sub-09,20260827,ses-03,ERP,2.612009286880493
2.5778207778930664,0.12761130928993225,3.45379638671875,1,2.57792329788208,2.644890546798706,0.7366347908973694,sub-06,20260827,ses-03,SSVEP,2.5934550762176514
2.743743419647217,0.08341675996780396,14.036412239074707,1,2.6178956031799316,2.5854668617248535,0.7637273669242859,sub-06,20260827,ses-04,SSVEP,2.837015151977539
2.383002758026123,0.14625486731529236,6.372905254364014,1,2.6615564823150635,2.668006181716919,2.951460599899292,sub-07,20260827,ses-02,SSVEP,2.7306277751922607
2.554577350616455,0.1355719268321991,10.842015266418457,1,2.780987501144409,2.4761321544647217,0.846861720085144,sub-09,20260827,ses-02,SSVEP,2.994166851043701
2.623114824295044,0.12334976345300674,8.351024627685547,1,2.560837984085083,2.62485408782959,0.7066256999969482,sub-06,20260827,ses-03,SSVEP,2.662973403930664
2.6974925994873047,0.1005287691950798,4.036484718322754,1,2.6985745429992676,2.6991257667541504,0.7794409990310669,sub-07,20260827,ses-03,ERP,2.721527338027954
2.664511203765869,0.11455317586660385,8.550616264343262,1,2.5677573680877686,2.6415951251983643,0.6399657726287842,sub-06,20260827,ses-03,SSVEP,2.7038793563842773
2.285686731338501,0.15806597471237183,6.097602367401123,1,2.6990535259246826,2.6921780109405518,3.536310911178589,sub-07,20260827,ses-02,SSVEP,2.7765603065490723
2.278233528137207,0.17529474198818207,6.579670429229736,1,2.6910183429718018,2.6536166667938232,2.3047332763671875,sub-07,20260827,ses-02,SSVEP,2.7452120780944824
2.647256374359131,0.08690328896045685,5.303613185882568,1,2.791684150695801,2.7027204036712646,1.3297938108444214,sub-09,20260827,ses-03,SSVEP,2.820492744445801
2.6202425956726074,0.1119370087981224,5.2703657150268555,1,2.5592730045318604,2.626551389694214,0.699134349822998,sub-06,20260827,ses-03,SSVEP,2.614358425140381
2.7413313388824463,0.08113045245409012,18.328006744384766,1,2.5645930767059326,2.6501989364624023,0.657096266746521,sub-06,20260827,ses-02,SSVEP,3.0334129333496094
2.287844657897949,0.17056654393672943,10.995684623718262,1,2.3881919384002686,2.3337624073028564,1.4742543697357178,sub-09,20260827,ses-04,SSVEP,2.5045409202575684
2.6015191078186035,0.18493030965328217,9.687963485717773,1,2.6225991249084473,2.398956060409546,1.001821517944336,sub-09,20260827,ses-03,ERP,2.676823377609253
2.703866958618164,0.12031350284814835,10.62070083618164,1,2.611021041870117,2.5703916549682617,0.7872079014778137,sub-06,20260827,ses-04,SSVEP,2.7532339096069336
2.6501522064208984,0.12169839441776276,4.139321327209473,1,2.679142951965332,2.646667957305908,0.5630131363868713,sub-06,20260827,ses-04,ERP,2.745375394821167
2.604046106338501,0.14025083184242249,10.068323135375977,1,2.636626958847046,2.424304962158203,1.027117133140564,sub-09,20260827,ses-03,ERP,2.709894895553589
2.703068971633911,0.10887952148914337,4.18317985534668,1,2.631460666656494,2.657806634902954,0.546756386756897,sub-06,20260827,ses-03,ERP,2.6226673126220703
2.465402126312256,0.15344135463237762,18.171916961669922,1,2.681403160095215,2.6660919189453125,2.622817277908325,sub-07,20260827,ses-02,SSVEP,2.9889934062957764
2.579524040222168,0.1287250965833664,2.152822256088257,1,2.5641839504241943,2.6265501976013184,0.7132062315940857,sub-06,20260827,ses-03,SSVEP,2.5520126819610596
2.6974661350250244,0.0949636921286583,3.5844576358795166,1,2.6238949298858643,2.653125047683716,0.5012614727020264,sub-06,20260827,ses-03,ERP,2.6231658458709717
2.4802989959716797,0.2496405690908432,7.163155555725098,1,2.852534532546997,2.867588996887207,3.5253477096557617,sub-07,20260827,ses-04,SSVEP,2.8965511322021484
2.694021701812744,0.09962429851293564,7.765316963195801,1,2.6097800731658936,2.5694079399108887,0.7626288533210754,sub-06,20260827,ses-04,SSVEP,2.7489848136901855
2.617450714111328,0.17549897730350494,7.544361591339111,1,2.918572187423706,2.9466187953948975,1.6540753841400146,sub-07,20260827,ses-04,ERP,2.8723042011260986
2.7580597400665283,0.07657057046890259,4.915894031524658,1,2.6280674934387207,2.6598615646362305,0.5273482203483582,sub-06,20260827,ses-03,ERP,2.609107255935669
2.615306854248047,0.11470566689968109,2.8910789489746094,1,2.6611216068267822,2.7051310539245605,0.704002857208252,sub-06,20260827,ses-02,ERP,2.659357786178589
2.6862335205078125,0.10658646374940872,2.690148115158081,1,2.64536190032959,2.6961474418640137,0.5591599345207214,sub-06,20260827,ses-02,ERP,2.6620240211486816
2.643752336502075,0.11208075284957886,2.476766586303711,1,2.5663530826568604,2.638227701187134,0.6637904047966003,sub-06,20260827,ses-03,SSVEP,2.5553340911865234
2.4943947792053223,0.14835792779922485,11.010603904724121,1,2.7675986289978027,2.4604640007019043,0.8114739060401917,sub-09,20260827,ses-02,SSVEP,2.861595869064331
2.6576271057128906,0.1054602637887001,6.184401035308838,1,2.66291880607605,2.624768018722534,0.6352198123931885,sub-06,20260827,ses-04,ERP,2.7460553646087646
2.6399619579315186,0.12312432378530502,6.068423748016357,1,2.617004632949829,2.656684160232544,0.565891444683075,sub-06,20260827,ses-03,ERP,2.612039566040039
2.6059980392456055,0.0976661741733551,6.129507541656494,1,2.775517463684082,2.697110891342163,2.088128089904785,sub-09,20260827,ses-03,SSVEP,2.792323589324951
2.674532890319824,0.09941055625677109,2.961028575897217,1,2.6635708808898926,2.7069711685180664,0.6455007791519165,sub-06,20260827,ses-02,ERP,2.6520121097564697
2.6589560508728027,0.13340389728546143,17.198551177978516,1,2.558429002761841,2.6311426162719727,0.6595866084098816,sub-06,20260827,ses-03,SSVEP,2.876232862472534
2.731811046600342,0.10466863214969635,13.045327186584473,1,2.673496961593628,2.6583025455474854,0.6542109847068787,sub-06,20260827,ses-04,ERP,2.77034854888916
2.6260037422180176,0.10051346570253372,12.319246292114258,1,2.635375738143921,2.6008315086364746,0.99367755651474,sub-09,20260827,ses-04,ERP,2.725067377090454
2.7177984714508057,0.08554679900407791,7.812070369720459,1,2.791055679321289,2.7029314041137695,1.5823192596435547,sub-09,20260827,ses-03,SSVEP,2.8441460132598877
2.5060782432556152,0.23562858998775482,9.142070770263672,1,2.7313830852508545,2.686659574508667,1.7974047660827637,sub-07,20260827,ses-03,SSVEP,2.698866367340088
2.645228862762451,0.09579947590827942,3.042412757873535,1,2.7959022521972656,2.7145559787750244,1.2440794706344604,sub-09,20260827,ses-03,SSVEP,2.730410099029541
2.6632492542266846,0.08565580099821091,17.209688186645508,1,2.753805637359619,2.682481050491333,1.3270981311798096,sub-09,20260827,ses-03,SSVEP,2.915123224258423
2.663605213165283,0.1215607225894928,7.945947170257568,1,2.91509747505188,2.94330096244812,1.600970983505249,sub-07,20260827,ses-04,ERP,2.803513765335083
2.6924686431884766,0.10273154079914093,9.585347175598145,1,2.6225779056549072,2.6556620597839355,0.5352426171302795,sub-06,20260827,ses-03,ERP,2.6700499057769775
2.431068181991577,0.2067459225654602,8.48675537109375,1,2.7608349323272705,2.723661422729492,1.8775618076324463,sub-07,20260827,ses-03,SSVEP,2.691267251968384
2.609659433364868,0.10642129182815552,3.6810879707336426,1,2.662193775177002,2.702779531478882,0.689179003238678,sub-06,20260827,ses-02,ERP,2.65071177482605
2.5180771350860596,0.14524683356285095,9.282155990600586,1,2.5619025230407715,2.624276638031006,0.7352007627487183,sub-06,20260827,ses-03,SSVEP,2.603266477584839
2.6388626098632812,0.15418371558189392,8.599522590637207,1,2.6218791007995605,2.6560089588165283,0.604023814201355,sub-06,20260827,ses-03,ERP,2.56240177154541
2.6093032360076904,0.10529372841119766,5.594020843505859,1,2.7518908977508545,2.6774520874023438,1.9629638195037842,sub-09,20260827,ses-03,SSVEP,2.8119146823883057
2.5600109100341797,0.14720448851585388,12.973710060119629,1,2.7882211208343506,2.5201897621154785,0.9385218620300293,sub-09,20260827,ses-02,SSVEP,2.9167819023132324
2.5823583602905273,0.22488422691822052,6.888774394989014,1,2.9152779579162598,2.9376766681671143,1.4651328325271606,sub-07,20260827,ses-04,ERP,2.8628549575805664
2.5514888763427734,0.13836920261383057,16.814743041992188,1,2.7991902828216553,2.5204780101776123,0.926002025604248,sub-09,20260827,ses-02,SSVEP,3.050680160522461
2.4692206382751465,0.18511810898780823,16.878746032714844,1,2.771681308746338,2.4826877117156982,0.868036687374115,sub-09,20260827,ses-02,SSVEP,3.04624080657959
2.6806485652923584,0.11733870953321457,2.749713182449341,1,2.7383124828338623,2.671781301498413,1.0348007678985596,sub-07,20260827,ses-02,ERP,2.7284722328186035
2.601381301879883,0.12129108607769012,17.26895523071289,1,2.5601630210876465,2.627941131591797,0.7265521287918091,sub-06,20260827,ses-03,SSVEP,2.8293020725250244
2.71929931640625,0.0809587836265564,3.6089932918548584,1,2.717505693435669,2.6027157306671143,1.0044457912445068,sub-09,20260827,ses-02,ERP,2.6197333335876465
2.5830368995666504,0.15005803108215332,8.339282035827637,1,2.722696304321289,2.6816420555114746,1.750008463859558,sub-07,20260827,ses-03,SSVEP,2.6757993698120117
2.5946388244628906,0.20596173405647278,9.638535499572754,1,2.8056747913360596,2.8604378700256348,2.38398814201355,sub-07,20260827,ses-04,SSVEP,2.6702418327331543
2.534377098083496,0.15994277596473694,14.266539573669434,1,2.7787222862243652,2.501502752304077,0.9538581371307373,sub-09,20260827,ses-02,SSVEP,2.8868050575256348
2.7135910987854004,0.12262150645256042,5.037131309509277,1,2.8337535858154297,2.8506362438201904,3.009037971496582,sub-07,20260827,ses-04,SSVEP,2.8938100337982178
2.3763885498046875,0.28067702054977417,9.826386451721191,1,2.853571891784668,2.89870023727417,3.043431282043457,sub-07,20260827,ses-04,SSVEP,2.8110311031341553
2.6194205284118652,0.12328419834375381,7.3757524490356445,1,2.5717270374298096,2.6443464756011963,0.682283341884613,sub-06,20260827,ses-03,SSVEP,2.551769256591797
2.7043795585632324,0.09559928625822067,7.254458904266357,1,2.5988688468933105,2.587938070297241,1.0054250955581665,sub-09,20260827,ses-04,ERP,2.7154085636138916
2.7455084323883057,0.08323364704847336,3.0494532585144043,1,2.705378770828247,2.69454288482666,0.6084107756614685,sub-07,20260827,ses-03,ERP,2.7368576526641846
2.6294946670532227,0.11563608795404434,5.044490814208984,1,2.5605366230010986,2.631711483001709,0.6803799271583557,sub-06,20260827,ses-03,SSVEP,2.609980344772339
2.617550849914551,0.1384541243314743,2.581390380859375,1,2.5492305755615234,2.615102767944336,0.6765082478523254,sub-06,20260827,ses-03,SSVEP,2.5475716590881348
2.68115234375,0.09613265842199326,2.549349546432495,1,2.688328981399536,2.6865766048431396,0.6917576193809509,sub-07,20260827,ses-03,ERP,2.659069299697876
2.6580328941345215,0.12445276230573654,3.3971869945526123,1,2.563950538635254,2.6190297603607178,0.7547933459281921,sub-06,20260827,ses-03,SSVEP,2.494248628616333
2.6852755546569824,0.09728822857141495,2.711275577545166,1,2.6698663234710693,2.6387240886688232,0.6051011681556702,sub-06,20260827,ses-04,ERP,2.696934938430786
2.6576783657073975,0.12170523405075073,2.655630111694336,1,2.735063076019287,2.6667158603668213,1.0744452476501465,sub-07,20260827,ses-02,ERP,2.763303279876709
2.704857349395752,0.10910528898239136,6.690809726715088,1,2.6201393604278564,2.5790255069732666,0.7578735947608948,sub-06,20260827,ses-04,SSVEP,2.7641708850860596
2.6469197273254395,0.10070328414440155,2.363715648651123,1,2.6608564853668213,2.6997601985931396,0.6499119400978088,sub-06,20260827,ses-02,ERP,2.6473140716552734
2.697831630706787,0.10299596935510635,11.413079261779785,1,2.660315752029419,2.635657548904419,0.6170204281806946,sub-06,20260827,ses-04,ERP,2.7526133060455322
2.756920099258423,0.07811090350151062,11.862883567810059,1,2.7211151123046875,2.708580255508423,0.758908212184906,sub-07,20260827,ses-03,ERP,2.75221586227417
2.2741339206695557,0.18202978372573853,11.248099327087402,1,2.434412717819214,2.3958756923675537,1.225358486175537,sub-09,20260827,ses-04,SSVEP,2.5002238750457764
2.6754374504089355,0.11530934274196625,9.880188941955566,1,2.913452625274658,2.941617250442505,1.4563524723052979,sub-07,20260827,ses-04,ERP,2.8626396656036377
2.7317326068878174,0.09075066447257996,10.425917625427246,1,2.6146292686462402,2.577869415283203,0.779069721698761,sub-06,20260827,ses-04,SSVEP,2.7547593116760254
2.6784753799438477,0.10791980475187302,3.0015649795532227,1,2.726547956466675,2.66286039352417,0.8859032988548279,sub-07,20260827,ses-02,ERP,2.7247068881988525
2.64633846282959,0.12140694260597229,2.416851282119751,1,2.6312918663024902,2.6604881286621094,0.6025744676589966,sub-06,20260827,ses-03,ERP,2.5893564224243164
2.721743106842041,0.10201733559370041,2.3073697090148926,1,2.55598521232605,2.642759084701538,0.7793241143226624,sub-06,20260827,ses-02,SSVEP,2.5686018466949463
2.6813783645629883,0.08283330500125885,6.027514457702637,1,2.669529914855957,2.567190647125244,1.0604205131530762,sub-09,20260827,ses-02,ERP,2.7691922187805176
2.704929828643799,0.0886932834982872,12.109609603881836,1,2.614565849304199,2.5895190238952637,1.004465103149414,sub-09,20260827,ses-04,ERP,2.6808483600616455
2.7021665573120117,0.10432896763086319,1.5125782489776611,1,2.6489224433898926,2.700688362121582,0.5576435923576355,sub-06,20260827,ses-02,ERP,2.654402494430542
2.6259398460388184,0.16194729506969452,7.004031181335449,1,2.9066660404205322,2.9356460571289062,1.4531890153884888,sub-07,20260827,ses-04,ERP,2.8721814155578613
2.5198495388031006,0.24776732921600342,11.15304946899414,1,2.859589099884033,2.890078067779541,3.240044116973877,sub-07,20260827,ses-04,SSVEP,2.813598155975342
2.625222682952881,0.10249875485897064,6.329113960266113,1,2.7537145614624023,2.6840388774871826,1.4915715456008911,sub-09,20260827,ses-03,SSVEP,2.7873454093933105
2.5710067749023438,0.15171316266059875,7.6176533699035645,1,2.5486912727355957,2.6192126274108887,0.6749475598335266,sub-06,20260827,ses-03,SSVEP,2.66839337348938
2.7003519535064697,0.09670154005289078,2.462482452392578,1,2.7172186374664307,2.7072134017944336,0.6832168698310852,sub-07,20260827,ses-03,ERP,2.6792333126068115
2.605125904083252,0.1268959939479828,10.751479148864746,1,2.8251616954803467,2.527928113937378,0.9212381839752197,sub-09,20260827,ses-02,SSVEP,2.8780951499938965
2.697519540786743,0.10079509764909744,5.095465660095215,1,2.5532562732696533,2.646132707595825,0.6347435116767883,sub-06,20260827,ses-02,SSVEP,2.624056100845337
2.677717685699463,0.11047647893428802,6.412466049194336,1,2.672760009765625,2.655376672744751,0.6081447005271912,sub-06,20260827,ses-04,ERP,2.7535665035247803
2.6735787391662598,0.09407216310501099,4.425595760345459,1,2.681231737136841,2.6589391231536865,0.5940459370613098,sub-06,20260827,ses-04,ERP,2.737502336502075
2.6776559352874756,0.14182783663272858,8.73484992980957,1,2.917234420776367,2.9518520832061768,1.4287772178649902,sub-07,20260827,ses-04,ERP,2.815175771713257
2.6210951805114746,0.15282316505908966,10.06431770324707,1,2.7998204231262207,2.8477237224578857,2.346682071685791,sub-07,20260827,ses-04,SSVEP,2.8011467456817627
2.6875617504119873,0.0896250382065773,3.4593863487243652,1,2.6530139446258545,2.6963582038879395,0.6263132691383362,sub-06,20260827,ses-02,ERP,2.645357131958008
2.6122355461120605,0.11320716142654419,4.741322040557861,1,2.6867494583129883,2.6513476371765137,2.366299629211426,sub-07,20260827,ses-02,SSVEP,2.7789688110351562
2.70526385307312,0.08807326853275299,2.2944633960723877,1,2.7499866485595703,2.670841693878174,0.9588770866394043,sub-07,20260827,ses-02,ERP,2.7642242908477783
2.2642974853515625,0.37879234552383423,11.823887825012207,1,2.8473129272460938,2.919581413269043,2.926955223083496,sub-07,20260827,ses-04,SSVEP,2.68155837059021
2.7145156860351562,0.11840324103832245,6.656080722808838,1,2.673330783843994,2.6456122398376465,0.572144091129303,sub-06,20260827,ses-04,ERP,2.6869475841522217
2.156301736831665,0.42131307721138,1.6839299201965332,2,2.6613309383392334,2.5965030193328857,0.7903401851654053,sub-12,20260825,ses-02,SSVEP,2.67061710357666
2.457705020904541,0.2262400984764099,3.061758041381836,2,2.654594898223877,2.681549310684204,0.7440605759620667,sub-11,20260825,ses-02,ERP,2.6761820316314697
2.5492539405822754,0.1455059051513672,2.7343387603759766,2,2.729109048843384,2.6208701133728027,0.7340715527534485,sub-12,20260825,ses-02,ERP,2.7158260345458984
2.689622640609741,0.11568111926317215,4.941966533660889,2,2.809572458267212,2.9107506275177,0.9076712131500244,sub-11,20260825,ses-04,ERP,2.781383991241455
2.6675753593444824,0.11455157399177551,2.3757386207580566,2,2.8160252571105957,2.913503646850586,0.9388186931610107,sub-11,20260825,ses-04,ERP,2.780086040496826
2.5522265434265137,0.14851796627044678,2.751736640930176,2,2.6338951587677,2.6943447589874268,0.8539232611656189,sub-12,20260825,ses-03,SSVEP,2.6134467124938965
2.6179275512695312,0.10470797121524811,5.466596603393555,2,2.5797901153564453,2.627089738845825,0.9131470322608948,sub-12,20260825,ses-04,ERP,2.589904546737671
2.6884210109710693,0.12168095260858536,3.270606517791748,2,2.678687334060669,2.7437310218811035,0.6879916787147522,sub-14,20260825,ses-03,SSVEP,2.709476947784424
2.6544301509857178,0.11325232684612274,2.744553327560425,2,2.5865161418914795,2.6268134117126465,0.9118101000785828,sub-12,20260825,ses-04,ERP,2.580946922302246
2.4589040279388428,0.23110826313495636,2.241478204727173,2,2.584446668624878,2.6139049530029297,0.9866369366645813,sub-14,20260825,ses-02,SSVEP,2.616266965866089
2.5516152381896973,0.1566321849822998,2.0367531776428223,2,2.658890724182129,2.7670633792877197,0.8245561718940735,sub-12,20260825,ses-03,ERP,2.6605260372161865
2.681849479675293,0.09331267327070236,3.573374032974243,2,2.675875663757324,2.6866703033447266,0.7321879863739014,sub-14,20260825,ses-02,ERP,2.6862905025482178
2.6416704654693604,0.12054670602083206,17.964744567871094,2,2.7530698776245117,2.7470521926879883,0.6660393476486206,sub-14,20260825,ses-03,ERP,2.8863768577575684
2.6622447967529297,0.08588436245918274,1.5669454336166382,2,2.6805131435394287,2.687443733215332,0.7921075224876404,sub-14,20260825,ses-02,ERP,2.6933226585388184
2.3815927505493164,0.29120856523513794,2.0546772480010986,2,2.723050594329834,2.608776330947876,0.7688733339309692,sub-12,20260825,ses-02,ERP,2.719383478164673
2.4766197204589844,0.21074315905570984,8.591278076171875,2,2.9694037437438965,2.934765577316284,1.0145227909088135,sub-11,20260825,ses-04,SSVEP,2.9925947189331055
2.5250673294067383,0.1868218332529068,3.719620704650879,2,2.7654213905334473,2.797410726547241,1.6473311185836792,sub-11,20260825,ses-02,SSVEP,2.8457818031311035
2.5503458976745605,0.1754300892353058,2.552438974380493,2,2.9846274852752686,2.9470667839050293,1.0158984661102295,sub-11,20260825,ses-04,SSVEP,2.9696106910705566
2.2226953506469727,0.20757341384887695,1.9382692575454712,2,2.669095516204834,2.609215497970581,0.7898433208465576,sub-12,20260825,ses-02,SSVEP,2.671025037765503
2.3632514476776123,0.16083122789859772,2.7334086894989014,2,2.665079355239868,2.6989176273345947,0.7752217054367065,sub-11,20260825,ses-02,ERP,2.650089979171753
2.241558790206909,0.2982499599456787,2.425271987915039,2,2.7157540321350098,2.618347406387329,0.7570843696594238,sub-12,20260825,ses-02,ERP,2.724083423614502
2.6217541694641113,0.13798262178897858,3.221444606781006,2,2.6494650840759277,2.666036367416382,0.9877113103866577,sub-12,20260825,ses-04,SSVEP,2.645136833190918
2.6402206420898438,0.12443102151155472,2.6001107692718506,2,2.5900187492370605,2.6281399726867676,0.9284389615058899,sub-12,20260825,ses-04,ERP,2.593031406402588
2.5307650566101074,0.15706253051757812,2.123871326446533,2,2.6766412258148193,2.7850492000579834,0.9230769276618958,sub-14,20260825,ses-04,ERP,2.729295015335083
2.700378656387329,0.09599218517541885,2.5498337745666504,2,2.668691873550415,2.732297658920288,0.6467018127441406,sub-14,20260825,ses-03,SSVEP,2.69669508934021
2.481245517730713,0.216859370470047,1.171461820602417,2,2.6666207313537598,2.604914665222168,0.8037421107292175,sub-12,20260825,ses-02,SSVEP,2.6623644828796387
2.7079739570617676,0.11215239763259888,5.793766021728516,2,2.819075345993042,2.9063429832458496,0.967257022857666,sub-11,20260825,ses-04,ERP,2.778489112854004
2.671342372894287,0.11978472769260406,2.097292423248291,2,2.6691629886627197,2.738753080368042,0.6818735599517822,sub-14,20260825,ses-03,SSVEP,2.693866014480591
2.4843742847442627,0.23399971425533295,1.4838508367538452,2,2.577223300933838,2.6261634826660156,0.9017646312713623,sub-12,20260825,ses-04,ERP,2.5920536518096924
2.435443878173828,0.2609725892543793,3.4331257343292236,2,2.5843753814697266,2.625455617904663,0.9179837703704834,sub-12,20260825,ses-04,ERP,2.592898368835449
2.415067434310913,0.20639263093471527,1.4482582807540894,2,2.720153570175171,2.613173007965088,0.7348284721374512,sub-12,20260825,ses-02,ERP,2.7226810455322266
2.69441556930542,0.12933465838432312,5.075908184051514,2,2.6735594272613525,2.6673176288604736,0.6749860644340515,sub-14,20260825,ses-04,SSVEP,2.7629342079162598
2.480161190032959,0.21131078898906708,3.765915632247925,2,2.9800350666046143,2.9438512325286865,1.0213837623596191,sub-11,20260825,ses-04,SSVEP,2.969012498855591
2.6517653465270996,0.12616883218288422,2.7478480339050293,2,2.6759254932403564,2.7361433506011963,0.6656078696250916,sub-14,20260825,ses-03,SSVEP,2.6992270946502686
2.487150192260742,0.20466315746307373,2.425377130508423,2,2.655153512954712,2.763178586959839,0.7992789149284363,sub-12,20260825,ses-03,ERP,2.6620633602142334
2.601353645324707,0.16349977254867554,2.8975989818573,2,2.6527175903320312,2.6687331199645996,0.9851671457290649,sub-12,20260825,ses-04,SSVEP,2.67834210395813
2.3645832538604736,0.3008207380771637,2.265981912612915,2,2.8071670532226562,2.7727510929107666,1.0093789100646973,sub-11,20260825,ses-03,SSVEP,2.826742172241211
2.2316291332244873,0.2565125823020935,2.0047225952148438,2,2.664198875427246,2.6140594482421875,0.8867032527923584,sub-12,20260825,ses-02,SSVEP,2.668466567993164
2.562565565109253,0.15313661098480225,1.2111010551452637,2,2.650341510772705,2.6885156631469727,0.769296407699585,sub-11,20260825,ses-02,ERP,2.6498258113861084
2.472830295562744,0.18726348876953125,1.3008538484573364,2,2.8420472145080566,2.8580191135406494,1.0222687721252441,sub-11,20260825,ses-03,ERP,2.8476836681365967
2.3787708282470703,0.16876506805419922,1.1497387886047363,2,2.669719696044922,2.687211751937866,0.7815056443214417,sub-11,20260825,ses-02,ERP,2.660848379135132
2.6414151191711426,0.10267014056444168,17.01679229736328,2,2.677035331726074,2.741603374481201,0.6760047674179077,sub-14,20260825,ses-03,SSVEP,2.9235243797302246
2.6445298194885254,0.12509147822856903,3.4401776790618896,2,2.5934946537017822,2.6241230964660645,0.9374942779541016,sub-12,20260825,ses-04,ERP,2.593226909637451
2.138195753097534,0.3032633364200592,2.0262463092803955,2,2.779181957244873,2.825958251953125,1.115041732788086,sub-11,20260825,ses-02,SSVEP,2.8027379512786865
2.269669532775879,0.25377264618873596,2.8511507511138916,2,2.801176071166992,2.7657973766326904,0.9750170111656189,sub-11,20260825,ses-03,SSVEP,2.843538284301758
2.735013008117676,0.09367509931325912,5.297414779663086,2,2.6610000133514404,2.6529319286346436,0.6629451513290405,sub-14,20260825,ses-04,SSVEP,2.7196524143218994
2.4876763820648193,0.19222453236579895,5.444602012634277,2,2.6582086086273193,2.766638994216919,0.8681951761245728,sub-12,20260825,ses-03,ERP,2.6764044761657715
2.694549322128296,0.10074574500322342,2.410191059112549,2,2.6736714839935303,2.73515248298645,0.6618977189064026,sub-14,20260825,ses-03,SSVEP,2.6971805095672607
2.503215789794922,0.15622803568840027,1.7355704307556152,2,2.684190511703491,2.792649745941162,0.9273319244384766,sub-14,20260825,ses-04,ERP,2.741086483001709
2.5514278411865234,0.13342872262001038,1.7136974334716797,2,2.6739468574523926,2.6857964992523193,0.7536454796791077,sub-14,20260825,ses-02,ERP,2.6702258586883545
2.6339778900146484,0.15656015276908875,2.9752585887908936,2,2.9720911979675293,2.9366462230682373,1.0191320180892944,sub-11,20260825,ses-04,SSVEP,2.9289472103118896
2.5780563354492188,0.16596418619155884,2.4801206588745117,2,2.682506799697876,2.7933313846588135,0.9400562047958374,sub-14,20260825,ses-04,ERP,2.7440974712371826
2.6528000831604004,0.09425564855337143,1.6888148784637451,2,2.6779580116271973,2.6868410110473633,0.7349259257316589,sub-14,20260825,ses-02,ERP,2.673950672149658
2.430119037628174,0.18259228765964508,2.3879830837249756,2,2.656095504760742,2.686469316482544,0.7691840529441833,sub-11,20260825,ses-02,ERP,2.64027738571167
2.673201084136963,0.15822941064834595,3.004542827606201,2,2.673146963119507,2.6650068759918213,0.6930508017539978,sub-14,20260825,ses-04,SSVEP,2.7057366371154785
2.5278091430664062,0.20184701681137085,1.4907774925231934,2,2.6494252681732178,2.6901378631591797,0.7528445720672607,sub-11,20260825,ses-02,ERP,2.634232759475708
2.4789435863494873,0.2567121982574463,2.1636855602264404,2,2.596698045730591,2.6207711696624756,1.0252765417099,sub-14,20260825,ses-02,SSVEP,2.595123767852783
2.5950310230255127,0.17936208844184875,3.2235662937164307,2,2.803924560546875,2.766611337661743,1.0261151790618896,sub-11,20260825,ses-03,SSVEP,2.8048386573791504
2.6304233074188232,0.10859010368585587,1.050238847732544,2,2.753952741622925,2.745554208755493,0.6923914551734924,sub-14,20260825,ses-03,ERP,2.7575721740722656
2.113098382949829,0.36438000202178955,2.4272799491882324,2,2.6640756130218506,2.6114861965179443,0.8065302968025208,sub-12,20260825,ses-02,SSVEP,2.6765341758728027
2.666506290435791,0.10355645418167114,1.633010745048523,2,2.751110792160034,2.7441012859344482,0.6426217555999756,sub-14,20260825,ses-03,ERP,2.7647879123687744
2.706718921661377,0.1231716200709343,1.9677340984344482,2,2.8018085956573486,2.766871213912964,1.012255072593689,sub-11,20260825,ses-03,SSVEP,2.819716691970825
2.506910800933838,0.17493605613708496,1.3180217742919922,2,2.663252830505371,2.7709319591522217,0.7729026675224304,sub-12,20260825,ses-03,ERP,2.653477668762207
2.2837531566619873,0.3136555850505829,2.8245396614074707,2,2.729626178741455,2.6173512935638428,0.8116558194160461,sub-12,20260825,ses-02,ERP,2.7214584350585938
2.662893772125244,0.12694047391414642,4.050650596618652,2,2.6716041564941406,2.7322208881378174,0.651221752166748,sub-14,20260825,ses-03,SSVEP,2.7021589279174805
2.4928338527679443,0.2208794355392456,2.03533935546875,2,2.5871920585632324,2.6246981620788574,0.9135896563529968,sub-12,20260825,ses-04,ERP,2.580500364303589
2.44976544380188,0.27340298891067505,1.3630238771438599,2,2.586344003677368,2.6068732738494873,0.9544157385826111,sub-14,20260825,ses-02,SSVEP,2.5851991176605225
2.685788154602051,0.12306147068738937,1.3223084211349487,2,2.675380229949951,2.7437543869018555,0.6957549452781677,sub-14,20260825,ses-03,SSVEP,2.7062759399414062
2.5918350219726562,0.16229023039340973,1.6742528676986694,2,2.651313304901123,2.769047260284424,0.8110402226448059,sub-12,20260825,ses-03,ERP,2.6551876068115234
2.363443613052368,0.1945536732673645,2.4310386180877686,2,2.663306951522827,2.5930185317993164,0.7790124416351318,sub-12,20260825,ses-02,SSVEP,2.682412624359131
2.45774507522583,0.1711522340774536,3.023930549621582,2,2.726022243499756,2.617896318435669,0.7358464598655701,sub-12,20260825,ses-02,ERP,2.6942591667175293
2.691680908203125,0.11068491637706757,3.118659734725952,2,2.671555995941162,2.73311185836792,0.658758819103241,sub-14,20260825,ses-03,SSVEP,2.687591075897217
2.719874143600464,0.11809021234512329,5.382331371307373,2,2.6661581993103027,2.6580257415771484,0.652065634727478,sub-14,20260825,ses-04,SSVEP,2.764420747756958
2.6970744132995605,0.11200016736984253,1.4795433282852173,2,2.816011428833008,2.9084012508392334,0.9353439807891846,sub-11,20260825,ses-04,ERP,2.79548978805542
2.6738781929016113,0.11055731773376465,3.074688196182251,2,2.6717209815979004,2.737097978591919,0.6566073298454285,sub-14,20260825,ses-03,SSVEP,2.6932926177978516
2.7109732627868652,0.109871506690979,5.749646186828613,2,2.8454132080078125,2.8702878952026367,1.2202489376068115,sub-11,20260825,ses-03,ERP,2.8306479454040527
2.6415791511535645,0.11619526892900467,2.605869770050049,2,2.5862951278686523,2.6220576763153076,0.9146266579627991,sub-12,20260825,ses-04,ERP,2.5916225910186768
2.4011590480804443,0.21955835819244385,2.4364514350891113,2,2.645252227783203,2.7002663612365723,0.8838606476783752,sub-12,20260825,ses-03,SSVEP,2.6211321353912354
2.4397623538970947,0.15211892127990723,17.65077018737793,2,2.8431718349456787,2.868393898010254,0.7821047306060791,sub-11,20260825,ses-03,ERP,2.8869404792785645
2.5926918983459473,0.1787576973438263,3.420482873916626,2,2.9767849445343018,2.9399688243865967,1.0140904188156128,sub-11,20260825,ses-04,SSVEP,2.9825522899627686
2.6949563026428223,0.10410337150096893,2.1771576404571533,2,2.752568244934082,2.747323513031006,0.6089556217193604,sub-14,20260825,ses-03,ERP,2.771106481552124
2.7005867958068848,0.11024824529886246,6.882204532623291,2,2.644045829772949,2.6607162952423096,0.9837453365325928,sub-12,20260825,ses-04,SSVEP,2.6883206367492676
2.634770631790161,0.11428842693567276,3.169785499572754,2,2.585026979446411,2.6117634773254395,0.8507392406463623,sub-14,20260825,ses-02,SSVEP,2.616790533065796
2.0220558643341064,0.40533754229545593,3.93881893157959,2,2.7921557426452637,2.822718620300293,1.427533745765686,sub-11,20260825,ses-02,SSVEP,2.8503615856170654
2.68849515914917,0.08824149519205093,3.6516928672790527,2,2.6497175693511963,2.664557933807373,0.9887680411338806,sub-12,20260825,ses-04,SSVEP,2.6752986907958984
2.6454195976257324,0.18376246094703674,2.6053004264831543,2,2.685781240463257,2.680075168609619,0.7055755853652954,sub-14,20260825,ses-04,SSVEP,2.7440202236175537
2.6740219593048096,0.11001557111740112,2.8470070362091064,2,2.6722195148468018,2.7384254932403564,0.6702434420585632,sub-14,20260825,ses-03,SSVEP,2.7042670249938965
2.6267924308776855,0.1359347105026245,5.021280288696289,2,2.6775996685028076,2.6973187923431396,0.5249100923538208,sub-14,20260825,ses-02,ERP,2.7015976905822754
2.4552249908447266,0.1568094789981842,1.6903666257858276,2,2.717207431793213,2.617232322692871,0.7432168126106262,sub-12,20260825,ses-02,ERP,2.713057041168213
2.4459547996520996,0.16760171949863434,1.0664432048797607,2,2.657151937484741,2.689985752105713,0.7969822883605957,sub-11,20260825,ses-02,ERP,2.645406484603882
2.6833572387695312,0.11611885577440262,1.973382592201233,2,2.589282751083374,2.6204607486724854,0.9464185237884521,sub-12,20260825,ses-04,ERP,2.586805820465088
2.6942081451416016,0.1198001503944397,4.2997589111328125,2,2.678788900375366,2.674058198928833,0.6585720777511597,sub-14,20260825,ses-04,SSVEP,2.7321012020111084
2.556889533996582,0.18295517563819885,3.1971445083618164,2,2.9767911434173584,2.9362597465515137,1.0190093517303467,sub-11,20260825,ses-04,SSVEP,2.986345052719116
2.412264823913574,0.21357722580432892,2.3637571334838867,2,2.6953537464141846,2.803116798400879,0.9157407879829407,sub-14,20260825,ses-04,ERP,2.732722043991089
2.5197503566741943,0.1977563202381134,2.230334520339966,2,2.8279707431793213,2.7958407402038574,1.0024001598358154,sub-11,20260825,ses-03,SSVEP,2.817500591278076
2.6414315700531006,0.13458417356014252,3.377005100250244,2,2.820683479309082,2.910299301147461,0.982038676738739,sub-11,20260825,ses-04,ERP,2.7738146781921387
2.7031688690185547,0.14046956598758698,4.654917240142822,2,2.6716320514678955,2.6645538806915283,0.6876250505447388,sub-14,20260825,ses-04,SSVEP,2.7571892738342285
2.296184539794922,0.2065669149160385,2.0955917835235596,2,2.671165943145752,2.6116485595703125,0.8490355610847473,sub-12,20260825,ses-02,SSVEP,2.6854374408721924
2.669560194015503,0.11390908807516098,1.4177463054656982,2,2.7532336711883545,2.7447729110717773,0.6396969556808472,sub-14,20260825,ses-03,ERP,2.765078544616699
2.4972314834594727,0.1387350857257843,1.4381992816925049,2,2.6874818801879883,2.7955923080444336,0.9211694002151489,sub-14,20260825,ses-04,ERP,2.714487075805664
2.6559910774230957,0.10124237835407257,1.9213100671768188,2,2.972834348678589,2.9360098838806152,1.012937307357788,sub-11,20260825,ses-04,SSVEP,2.957024097442627
2.3957252502441406,0.20515874028205872,1.3656628131866455,2,2.7208080291748047,2.618652582168579,0.7352579236030579,sub-12,20260825,ses-02,ERP,2.723123788833618
2.0294883251190186,0.4812600016593933,2.668607711791992,2,2.7784745693206787,2.7397093772888184,0.9897400140762329,sub-11,20260825,ses-03,SSVEP,2.8446264266967773
2.4056966304779053,0.27928757667541504,2.252141237258911,2,2.816887617111206,2.7814114093780518,1.016158103942871,sub-11,20260825,ses-03,SSVEP,2.8366141319274902
2.467994213104248,0.21159061789512634,1.8486111164093018,2,2.6371655464172363,2.696431875228882,0.8508577942848206,sub-12,20260825,ses-03,SSVEP,2.6378026008605957
2.305657386779785,0.2738077640533447,1.5567783117294312,2,2.6576602458953857,2.6901803016662598,0.7017002105712891,sub-11,20260825,ses-02,ERP,2.6490626335144043
2.3958475589752197,0.2867978513240814,3.446920156478882,2,2.5778305530548096,2.6247200965881348,0.9015477895736694,sub-12,20260825,ses-04,ERP,2.625257730484009
2.5566768646240234,0.1974983662366867,3.965121269226074,2,2.6280384063720703,2.694103956222534,0.8898840546607971,sub-12,20260825,ses-03,SSVEP,2.6742591857910156
2.674241065979004,0.10333483666181564,17.580089569091797,2,2.650071859359741,2.664231300354004,0.9820106029510498,sub-12,20260825,ses-04,SSVEP,2.8745293617248535
2.3193745613098145,0.21606063842773438,1.4891968965530396,2,2.637519121170044,2.696720838546753,0.8949300646781921,sub-12,20260825,ses-03,SSVEP,2.6340036392211914
2.4024524688720703,0.20938730239868164,1.1023310422897339,2,2.6357576847076416,2.693387031555176,0.8530078530311584,sub-12,20260825,ses-03,SSVEP,2.6334621906280518
2.5099802017211914,0.22448010742664337,1.6759308576583862,2,2.5926647186279297,2.6216795444488525,1.0886887311935425,sub-14,20260825,ses-02,SSVEP,2.602322578430176
2.218381404876709,0.2003849595785141,1.635172963142395,2,2.665377378463745,2.690938949584961,0.8342748284339905,sub-11,20260825,ses-02,ERP,2.6524770259857178
2.6624159812927246,0.1220414787530899,4.08154296875,2,2.7527852058410645,2.747082471847534,0.6172524094581604,sub-14,20260825,ses-03,ERP,2.7436349391937256
2.6362409591674805,0.11569894105195999,3.319241523742676,2,2.6721930503845215,2.7393810749053955,0.6664232611656189,sub-14,20260825,ses-03,SSVEP,2.704606294631958
2.3580751419067383,0.23009127378463745,1.2752506732940674,2,2.6716713905334473,2.6091978549957275,0.8202764987945557,sub-12,20260825,ses-02,SSVEP,2.667271852493286
2.4290971755981445,0.23100967705249786,17.83424186706543,2,2.653503894805908,2.7656328678131104,0.8833726644515991,sub-12,20260825,ses-03,ERP,2.8332931995391846
2.4286508560180664,0.17575104534626007,1.0985803604125977,2,2.715679407119751,2.6126396656036377,0.6976816058158875,sub-12,20260825,ses-02,ERP,2.7134077548980713
2.596783399581909,0.18151125311851501,1.8799550533294678,2,2.586153507232666,2.6238174438476562,0.9096903800964355,sub-12,20260825,ses-04,ERP,2.5700552463531494
2.6827871799468994,0.08824068307876587,1.2726601362228394,2,2.7486588954925537,2.7437145709991455,0.6224789023399353,sub-14,20260825,ses-03,ERP,2.7567336559295654
2.659538507461548,0.1511949896812439,5.8051276206970215,2,2.968357563018799,2.929903984069824,1.0100053548812866,sub-11,20260825,ses-04,SSVEP,2.949336051940918
2.4841957092285156,0.198731929063797,1.8626396656036377,2,2.8464603424072266,2.861659049987793,1.1062568426132202,sub-11,20260825,ses-03,ERP,2.8395133018493652
2.4117465019226074,0.25928905606269836,1.4138591289520264,2,2.6507351398468018,2.682354211807251,0.7825376987457275,sub-11,20260825,ses-02,ERP,2.676931142807007
2.6280994415283203,0.1257912814617157,4.760467052459717,2,2.69256854057312,2.798710584640503,0.9138810038566589,sub-14,20260825,ses-04,ERP,2.691126585006714
2.548874855041504,0.13847504556179047,2.336320161819458,2,2.57859468460083,2.6124274730682373,0.9979352951049805,sub-14,20260825,ses-02,SSVEP,2.614823579788208
2.6736323833465576,0.10718970745801926,17.430641174316406,2,2.751002073287964,2.7455801963806152,0.6222121715545654,sub-14,20260825,ses-03,ERP,2.962679862976074
2.6779227256774902,0.10049037635326385,1.047357439994812,2,2.756110191345215,2.749199867248535,0.6298346519470215,sub-14,20260825,ses-03,ERP,2.760479211807251
2.327876091003418,0.2609139382839203,7.956905364990234,2,2.959235668182373,2.924896001815796,1.0031182765960693,sub-11,20260825,ses-04,SSVEP,2.9852962493896484
2.243288516998291,0.3167012631893158,17.39354133605957,2,2.5922818183898926,2.6321845054626465,0.7594816088676453,sub-14,20260825,ses-02,SSVEP,2.7531750202178955
2.2387773990631104,0.3652554750442505,16.445556640625,2,2.791003465652466,2.8339920043945312,1.4350252151489258,sub-11,20260825,ses-02,SSVEP,2.9397644996643066
2.5788304805755615,0.1322665959596634,3.1348700523376465,2,2.5660665035247803,2.608715772628784,1.1758642196655273,sub-14,20260825,ses-02,SSVEP,2.626985788345337
2.2084169387817383,0.30457603931427,2.970721483230591,2,2.7715108394622803,2.8032760620117188,1.226692795753479,sub-11,20260825,ses-02,SSVEP,2.814948320388794
2.5080742835998535,0.16881315410137177,4.0936598777771,2,2.9727065563201904,2.939411163330078,1.0122781991958618,sub-11,20260825,ses-04,SSVEP,2.9296560287475586
2.398648262023926,0.2571401000022888,1.7066686153411865,2,2.723145008087158,2.610563039779663,0.7114455103874207,sub-12,20260825,ses-02,ERP,2.7262308597564697
2.464163303375244,0.1685781329870224,1.904666543006897,2,2.6909449100494385,2.800288438796997,0.9191567301750183,sub-14,20260825,ses-04,ERP,2.73150897026062
2.3336992263793945,0.19503071904182434,2.9284934997558594,2,2.772146463394165,2.8092923164367676,1.4427465200424194,sub-11,20260825,ses-02,SSVEP,2.759589910507202
2.653315782546997,0.11974439024925232,2.177741765975952,2,2.591019630432129,2.6238038539886475,0.9358565807342529,sub-12,20260825,ses-04,ERP,2.585975170135498
2.5352702140808105,0.17776398360729218,8.993966102600098,2,2.969672918319702,2.934281826019287,1.0159873962402344,sub-11,20260825,ses-04,SSVEP,2.995326280593872
2.688685894012451,0.0932159349322319,2.4174885749816895,2,2.679900646209717,2.690171480178833,0.7215117812156677,sub-14,20260825,ses-02,ERP,2.668449640274048
2.6068878173828125,0.13166239857673645,1.7262563705444336,2,2.576631784439087,2.6178669929504395,1.0674086809158325,sub-14,20260825,ses-02,SSVEP,2.6223199367523193
2.298250675201416,0.19375553727149963,1.3405349254608154,2,2.672285795211792,2.6807632446289062,0.8737486600875854,sub-11,20260825,ses-02,ERP,2.663813591003418
2.476156711578369,0.16041244566440582,2.5792319774627686,2,2.6810312271118164,2.796081066131592,0.9528244137763977,sub-14,20260825,ses-04,ERP,2.734387159347534
2.2147955894470215,0.37256374955177307,1.9182809591293335,2,2.667370319366455,2.613445997238159,0.8691509962081909,sub-12,20260825,ses-02,SSVEP,2.6726162433624268
2.471619129180908,0.1668369323015213,1.4546334743499756,2,2.6594173908233643,2.773016929626465,0.7874639630317688,sub-12,20260825,ses-03,ERP,2.6469738483428955
2.718503475189209,0.10915233194828033,2.8893885612487793,2,2.822711229324341,2.9101500511169434,1.0202138423919678,sub-11,20260825,ses-04,ERP,2.780606746673584
2.7143821716308594,0.09260646998882294,1.0928208827972412,2,2.7524521350860596,2.747523069381714,0.6370447278022766,sub-14,20260825,ses-03,ERP,2.7622344493865967
2.6293301582336426,0.13532669842243195,1.037756323814392,2,2.8427724838256836,2.854428768157959,1.095175862312317,sub-11,20260825,ses-03,ERP,2.822950601577759
2.6821041107177734,0.11155512183904648,2.5397114753723145,2,2.821643114089966,2.9135477542877197,0.9763297438621521,sub-11,20260825,ses-04,ERP,2.7826716899871826
2.314389228820801,0.35066235065460205,2.938807487487793,2,2.7634904384613037,2.7220120429992676,1.0060019493103027,sub-11,20260825,ses-03,SSVEP,2.858607053756714
2.696989059448242,0.09866337478160858,2.2634682655334473,2,2.6744630336761475,2.6689188480377197,0.6537052989006042,sub-14,20260825,ses-04,SSVEP,2.699394941329956
2.5338783264160156,0.11540728062391281,1.0990586280822754,2,2.6769533157348633,2.695735454559326,0.7060364484786987,sub-14,20260825,ses-02,ERP,2.6757826805114746
2.5589852333068848,0.12723293900489807,2.8532397747039795,2,2.8443801403045654,2.8552348613739014,1.1149133443832397,sub-11,20260825,ses-03,ERP,2.821998119354248
2.0443103313446045,0.3086743950843811,2.0081794261932373,2,2.7713277339935303,2.81784987449646,1.5169134140014648,sub-11,20260825,ses-02,SSVEP,2.7790982723236084
2.4326114654541016,0.19362621009349823,1.677937388420105,2,2.586364984512329,2.621690273284912,0.7832956910133362,sub-14,20260825,ses-02,SSVEP,2.6030771732330322
2.4838106632232666,0.14432406425476074,1.7633616924285889,2,2.8479957580566406,2.8617987632751465,0.9983681440353394,sub-11,20260825,ses-03,ERP,2.8324973583221436
2.564966917037964,0.13431036472320557,3.1439881324768066,2,2.6836600303649902,2.7901875972747803,0.9198808670043945,sub-14,20260825,ses-04,ERP,2.7600529193878174
2.739443302154541,0.09746161103248596,17.44891929626465,2,2.6477503776550293,2.6631052494049072,0.9853825569152832,sub-12,20260825,ses-04,SSVEP,2.9175901412963867
2.327662944793701,0.2110692709684372,2.261439085006714,2,2.6672608852386475,2.604621171951294,0.8055155277252197,sub-12,20260825,ses-02,SSVEP,2.6753594875335693
2.708223819732666,0.09337924420833588,5.867022514343262,2,2.594839096069336,2.6237998008728027,0.9469109177589417,sub-12,20260825,ses-04,ERP,2.5895423889160156
2.66542387008667,0.1085851788520813,2.896141529083252,2,2.6753666400909424,2.670959711074829,0.6717075705528259,sub-14,20260825,ses-04,SSVEP,2.7428250312805176
2.662266492843628,0.10825613141059875,2.347513437271118,2,2.6716177463531494,2.689831018447876,0.6651535034179688,sub-14,20260825,ses-02,ERP,2.679719924926758
2.527993679046631,0.1622244417667389,2.6325411796569824,2,2.7994184494018555,2.7640695571899414,1.0093116760253906,sub-11,20260825,ses-03,SSVEP,2.8356149196624756
2.6577601432800293,0.12400808185338974,1.5445913076400757,2,2.8470282554626465,2.8648295402526855,1.365127682685852,sub-11,20260825,ses-03,ERP,2.8343265056610107
2.64042067527771,0.1211211308836937,3.4293673038482666,2,2.679546356201172,2.740309715270996,0.6642618775367737,sub-14,20260825,ses-03,SSVEP,2.7106642723083496
2.5816707611083984,0.16412506997585297,3.621025562286377,2,2.9830236434936523,2.94514799118042,1.0201224088668823,sub-11,20260825,ses-04,SSVEP,3.005880355834961
2.5098876953125,0.1977168321609497,2.4609951972961426,2,2.971498727798462,2.9325387477874756,1.011163592338562,sub-11,20260825,ses-04,SSVEP,3.0002694129943848
2.5652732849121094,0.12360210716724396,1.3161216974258423,2,2.6618969440460205,2.685716390609741,0.7298263907432556,sub-11,20260825,ses-02,ERP,2.6824426651000977
2.4758665561676025,0.1507384032011032,5.248645305633545,2,2.8516898155212402,2.865896701812744,1.2341622114181519,sub-11,20260825,ses-03,ERP,2.851942539215088
2.691131591796875,0.09657976776361465,2.825721263885498,2,2.7453696727752686,2.7453701496124268,0.6020336747169495,sub-14,20260825,ses-03,ERP,2.7795958518981934
2.579108715057373,0.14750425517559052,1.1613478660583496,2,2.8450446128845215,2.85892915725708,1.1148154735565186,sub-11,20260825,ses-03,ERP,2.823308229446411
2.2230002880096436,0.26243993639945984,3.028531789779663,2,2.779294967651367,2.8104660511016846,1.7483975887298584,sub-11,20260825,ses-02,SSVEP,2.82418155670166
2.5968756675720215,0.10725017637014389,3.8847761154174805,2,2.6788978576660156,2.69219970703125,0.617585301399231,sub-14,20260825,ses-02,ERP,2.6932783126831055
2.584567070007324,0.1562451720237732,9.836751937866211,2,2.6552937030792236,2.685790777206421,0.7191773056983948,sub-11,20260825,ses-02,ERP,2.7629036903381348
2.4719936847686768,0.189681738615036,17.385005950927734,2,2.663151979446411,2.603914737701416,0.833366870880127,sub-12,20260825,ses-02,SSVEP,2.7657227516174316
2.7090001106262207,0.11466239392757416,3.4413931369781494,2,2.8172388076782227,2.909430980682373,0.9493656158447266,sub-11,20260825,ses-04,ERP,2.7745723724365234
2.475748062133789,0.18933668732643127,17.23594856262207,2,2.797173261642456,2.761343002319336,0.9908607006072998,sub-11,20260825,ses-03,SSVEP,2.9795265197753906
2.4591422080993652,0.2598654627799988,1.8842427730560303,2,2.605233907699585,2.6149773597717285,1.405547022819519,sub-14,20260825,ses-02,SSVEP,2.599465847015381
2.607717752456665,0.12872549891471863,2.1876556873321533,2,2.7585482597351074,2.7492220401763916,0.6940281987190247,sub-14,20260825,ses-03,ERP,2.7491748332977295
2.4471373558044434,0.16286173462867737,1.864983320236206,2,2.730935573577881,2.6190950870513916,0.7518967986106873,sub-12,20260825,ses-02,ERP,2.715740203857422
2.560849189758301,0.16582359373569489,1.5821647644042969,2,2.6570944786071777,2.7651383876800537,0.8079749941825867,sub-12,20260825,ses-03,ERP,2.658269166946411
2.6554956436157227,0.15331046283245087,4.063243865966797,2,2.7963640689849854,2.7642226219177246,0.9937252998352051,sub-11,20260825,ses-03,SSVEP,2.7582333087921143
2.690509796142578,0.10053064674139023,2.8131449222564697,2,2.670037269592285,2.7348248958587646,0.6761904954910278,sub-14,20260825,ses-03,SSVEP,2.7101070880889893
2.660022497177124,0.08557961136102676,3.0186080932617188,2,2.6781039237976074,2.6867339611053467,0.7595170736312866,sub-14,20260825,ses-02,ERP,2.680114269256592
2.6129534244537354,0.12442951649427414,0.7957255244255066,2,2.7561044692993164,2.748664379119873,0.6536392569541931,sub-14,20260825,ses-03,ERP,2.7579007148742676
2.472064971923828,0.20371806621551514,3.616917610168457,2,2.654787063598633,2.669552803039551,0.9814795255661011,sub-12,20260825,ses-04,SSVEP,2.6394236087799072
2.3630456924438477,0.20193500816822052,3.34365177154541,2,2.691901922225952,2.7995588779449463,0.9334994554519653,sub-14,20260825,ses-04,ERP,2.68105149269104
2.716263771057129,0.10596626251935959,5.1667585372924805,2,2.6718504428863525,2.664879560470581,0.6764985918998718,sub-14,20260825,ses-04,SSVEP,2.739586353302002
2.555758476257324,0.14566734433174133,2.041752576828003,2,2.6539275646209717,2.7705609798431396,0.8685509562492371,sub-12,20260825,ses-03,ERP,2.652412176132202
2.566803455352783,0.11935949325561523,1.7129592895507812,2,2.637740135192871,2.698577404022217,0.8733081817626953,sub-12,20260825,ses-03,SSVEP,2.6220028400421143
2.337421178817749,0.27530428767204285,1.0758548974990845,2,2.665172576904297,2.693979024887085,0.733362078666687,sub-11,20260825,ses-02,ERP,2.6585538387298584
2.715338706970215,0.12953756749629974,4.539188385009766,2,2.668030023574829,2.6596086025238037,0.6794804930686951,sub-14,20260825,ses-04,SSVEP,2.722787380218506
2.5267112255096436,0.19289688766002655,1.5233919620513916,2,2.6555423736572266,2.765805959701538,0.8330519199371338,sub-12,20260825,ses-03,ERP,2.656294822692871
2.6933887004852295,0.10430997610092163,2.2908401489257812,2,2.8878962993621826,2.9933664798736572,2.887490749359131,sub-11,20260826,ses-02,SSVEP,2.7827584743499756
2.7328574657440186,0.09267951548099518,2.4115116596221924,2,2.8150694370269775,2.800705909729004,0.8185137510299683,sub-12,20260826,ses-02,SSVEP,2.9605793952941895
2.743535280227661,0.08882039785385132,16.671751022338867,2,2.8259007930755615,2.8379199504852295,1.0184086561203003,sub-11,20260826,ses-03,SSVEP,3.1502819061279297
2.7494330406188965,0.08848145604133606,0.9581968784332275,2,2.8019585609436035,2.8153281211853027,0.7156092524528503,sub-12,20260826,ses-03,ERP,2.764907121658325
2.7458343505859375,0.08344278484582901,1.6576446294784546,2,2.852485179901123,2.880448579788208,0.6429728865623474,sub-11,20260826,ses-03,ERP,2.8402650356292725
2.759477376937866,0.0782698467373848,2.915968894958496,2,2.9698383808135986,2.9673571586608887,0.9847877025604248,sub-12,20260826,ses-04,SSVEP,3.0829172134399414
2.7559003829956055,0.08587028831243515,0.9711560010910034,2,2.892427921295166,2.923602342605591,0.8548686504364014,sub-11,20260826,ses-04,ERP,2.8773369789123535
2.7506983280181885,0.0779280960559845,1.2082386016845703,2,2.8423688411712646,2.8961925506591797,0.9057540893554688,sub-12,20260826,ses-04,ERP,2.787540912628174
2.7562074661254883,0.07733671367168427,1.0442581176757812,2,2.8347671031951904,2.8877649307250977,0.9005199074745178,sub-12,20260826,ses-04,ERP,2.8227922916412354
2.745720386505127,0.0833025872707367,0.6298316121101379,2,2.786672830581665,2.8465943336486816,0.751634955406189,sub-11,20260826,ses-02,ERP,2.8228919506073
2.7647833824157715,0.07378286123275757,2.6870381832122803,2,2.9517343044281006,2.953662872314453,0.9807466268539429,sub-12,20260826,ses-04,SSVEP,2.908879280090332
2.738680839538574,0.09346181899309158,1.8270244598388672,2,2.7896904945373535,2.8620493412017822,0.7184246778488159,sub-14,20260826,ses-03,SSVEP,2.7888662815093994
2.7435622215270996,0.08066663146018982,0.7661170363426208,2,2.812528610229492,2.8127379417419434,0.8348667025566101,sub-12,20260826,ses-02,SSVEP,2.822619915008545
2.7704508304595947,0.06984895467758179,0.9785922169685364,2,2.79403018951416,2.829655647277832,0.9130977988243103,sub-14,20260826,ses-04,ERP,2.8090498447418213
2.740267753601074,0.09681187570095062,0.9653676748275757,2,2.8444325923919678,2.8439581394195557,0.7961257696151733,sub-12,20260826,ses-03,SSVEP,2.8591620922088623
2.7654776573181152,0.07747284322977066,2.768878698348999,2,2.7901809215545654,2.863156318664551,0.7141222953796387,sub-14,20260826,ses-03,SSVEP,2.832313299179077
2.7586917877197266,0.08235277980566025,1.1521766185760498,2,2.838460683822632,2.8114075660705566,0.6514727473258972,sub-14,20260826,ses-03,ERP,2.8420560359954834
2.7629005908966064,0.08468624204397202,2.84018611907959,2,2.9029788970947266,2.9060215950012207,0.8279719948768616,sub-11,20260826,ses-04,ERP,2.9440410137176514
2.758347511291504,0.08134768158197403,2.419463872909546,2,2.77321195602417,2.8625223636627197,0.7008211016654968,sub-14,20260826,ses-03,SSVEP,2.907369613647461
2.747772693634033,0.08070160448551178,2.8688642978668213,2,2.9453930854797363,2.952052593231201,0.9805846214294434,sub-12,20260826,ses-04,SSVEP,3.054434061050415
2.7432336807250977,0.08280166983604431,1.4542429447174072,2,2.7585268020629883,2.79032039642334,0.7625805139541626,sub-12,20260826,ses-03,ERP,2.7919657230377197
2.768564462661743,0.06950324773788452,1.3084172010421753,2,2.865816116333008,2.7784388065338135,0.7376217246055603,sub-14,20260826,ses-02,ERP,2.897815704345703
2.7420566082000732,0.08822354674339294,1.8260244131088257,2,2.8228983879089355,2.8126766681671143,0.8093367218971252,sub-12,20260826,ses-02,SSVEP,2.927572250366211
2.7670750617980957,0.07238742709159851,0.9108096957206726,2,2.8889472484588623,2.9135046005249023,0.8493295907974243,sub-11,20260826,ses-04,ERP,2.8997066020965576
2.736300468444824,0.10054798424243927,1.0876410007476807,2,2.8440232276916504,2.8645498752593994,0.5922941565513611,sub-11,20260826,ses-03,ERP,2.8284831047058105
2.7650136947631836,0.07560957968235016,17.04823875427246,2,2.7676808834075928,2.8696916103363037,0.708817720413208,sub-14,20260826,ses-03,SSVEP,3.109872817993164
2.7506823539733887,0.08463876694440842,1.3483359813690186,2,2.8347785472869873,2.893153667449951,0.9046372771263123,sub-12,20260826,ses-04,ERP,2.8394033908843994
2.737497568130493,0.0867987722158432,1.2034308910369873,2,2.7989230155944824,2.8584864139556885,0.7518092393875122,sub-11,20260826,ses-02,ERP,2.8178420066833496
2.734630584716797,0.0951475277543068,1.8245362043380737,2,2.835836172103882,2.836047410964966,0.7899371385574341,sub-12,20260826,ses-03,SSVEP,2.848482131958008
2.756591796875,0.08005992323160172,1.553505778312683,2,2.8433618545532227,2.8236582279205322,0.6656009554862976,sub-14,20260826,ses-03,ERP,2.846177816390991
2.7654480934143066,0.074628546833992,1.697278380393982,2,2.839879274368286,2.8961777687072754,0.9301579594612122,sub-12,20260826,ses-04,ERP,2.788391351699829
2.7440273761749268,0.08474110811948776,1.3105981349945068,2,2.8599748611450195,2.882624864578247,1.0243993997573853,sub-11,20260826,ses-03,SSVEP,2.8205904960632324
2.761183738708496,0.08012000471353531,1.0624028444290161,2,2.8220150470733643,2.7993273735046387,0.6628175973892212,sub-14,20260826,ses-03,ERP,2.855149984359741
2.744047164916992,0.09010200947523117,2.5627386569976807,2,2.83345103263855,2.8610920906066895,0.5972880721092224,sub-11,20260826,ses-03,ERP,2.851010799407959
2.7542827129364014,0.0840127170085907,0.6966232657432556,2,2.856544017791748,2.7722690105438232,0.7014321088790894,sub-14,20260826,ses-02,ERP,2.862203359603882
2.7524099349975586,0.08743074536323547,1.7732648849487305,2,2.770414113998413,2.85766863822937,0.6956026554107666,sub-14,20260826,ses-03,SSVEP,2.815079927444458
2.746426820755005,0.0803539901971817,0.7811480760574341,2,2.823683261871338,2.8080191612243652,0.8354982137680054,sub-12,20260826,ses-02,SSVEP,2.8049795627593994
2.7417540550231934,0.08627911657094955,1.1686065196990967,2,2.8422675132751465,2.8456640243530273,0.8074984550476074,sub-12,20260826,ses-03,SSVEP,2.861955404281616
2.737217426300049,0.0868036150932312,1.1595139503479004,2,2.815732002258301,2.8712828159332275,0.7537000179290771,sub-11,20260826,ses-02,ERP,2.831362724304199
2.7650582790374756,0.07192233204841614,2.0486903190612793,2,2.7934093475341797,2.8396968841552734,0.9261928796768188,sub-14,20260826,ses-04,ERP,2.8097264766693115
2.7233786582946777,0.09319411963224411,1.346150517463684,2,2.8172078132629395,2.801842212677002,0.8293253183364868,sub-12,20260826,ses-02,SSVEP,2.8432023525238037
2.7321367263793945,0.10807688534259796,1.590786337852478,2,2.824434280395508,2.929851770401001,1.3497726917266846,sub-11,20260826,ses-02,SSVEP,2.774592399597168
2.7526955604553223,0.08331461995840073,0.9308135509490967,2,2.8956215381622314,2.9251444339752197,0.8448753952980042,sub-11,20260826,ses-04,ERP,2.91424298286438
2.744389057159424,0.08068280667066574,1.2739506959915161,2,2.8444266319274902,2.8798744678497314,0.6181229948997498,sub-11,20260826,ses-03,ERP,2.8398020267486572
2.764359474182129,0.07546363025903702,1.1049213409423828,2,3.004307985305786,2.948596477508545,1.012405514717102,sub-11,20260826,ses-04,SSVEP,2.9936530590057373
2.751281499862671,0.08705805987119675,1.3114910125732422,2,2.8513522148132324,2.9018211364746094,0.9311812520027161,sub-12,20260826,ses-04,ERP,2.797884464263916
2.70112943649292,0.10364773124456406,1.7585504055023193,2,2.7226204872131348,2.8575453758239746,0.8017303943634033,sub-12,20260826,ses-02,ERP,2.7565205097198486
2.7526140213012695,0.07792869955301285,16.97971534729004,2,2.83453369140625,2.842588424682617,0.8393502235412598,sub-12,20260826,ses-03,SSVEP,3.103536605834961
2.7545008659362793,0.08571945130825043,1.7224316596984863,2,2.8301665782928467,2.8121461868286133,0.6584830284118652,sub-14,20260826,ses-03,ERP,2.8508262634277344
2.7550854682922363,0.07935145497322083,0.9747611284255981,2,2.8305132389068604,2.8794403076171875,0.6416659951210022,sub-11,20260826,ses-03,ERP,2.8382108211517334
2.7578377723693848,0.08090998977422714,11.444060325622559,2,2.835381031036377,2.873824119567871,0.6135077476501465,sub-11,20260826,ses-03,ERP,3.062899589538574
2.765162467956543,0.07874814420938492,0.8603294491767883,2,2.802236318588257,2.7850100994110107,0.7697499394416809,sub-14,20260826,ses-04,SSVEP,2.8096976280212402
2.766942262649536,0.07493732869625092,1.79075026512146,2,2.7804906368255615,2.8081817626953125,0.9102289080619812,sub-14,20260826,ses-04,ERP,2.800558090209961
2.760589599609375,0.07862398773431778,1.5207828283309937,2,2.853087902069092,2.8802919387817383,1.040852427482605,sub-11,20260826,ses-03,SSVEP,2.8119702339172363
2.763967275619507,0.07205556333065033,1.9334875345230103,2,2.802443265914917,2.8487565517425537,0.9393214583396912,sub-14,20260826,ses-04,ERP,2.801046371459961
2.7488996982574463,0.08072831481695175,1.5754625797271729,2,2.834808111190796,2.894087076187134,0.9145509004592896,sub-12,20260826,ses-04,ERP,2.7930262088775635
2.7325568199157715,0.09482447803020477,2.2611725330352783,2,2.7414770126342773,2.8745620250701904,0.7632458806037903,sub-12,20260826,ses-02,ERP,2.764810085296631
2.739762306213379,0.08749757707118988,1.6537986993789673,2,2.805050849914551,2.9562137126922607,1.9132721424102783,sub-11,20260826,ses-02,SSVEP,2.8267478942871094
2.738640785217285,0.09382016211748123,0.8763958215713501,2,2.8157613277435303,2.7892251014709473,0.7716200947761536,sub-12,20260826,ses-02,SSVEP,2.806215286254883
2.752271890640259,0.09768329560756683,3.2699530124664307,2,2.7900125980377197,2.8568742275238037,0.7102648615837097,sub-14,20260826,ses-03,SSVEP,2.874683141708374
2.758805751800537,0.07631774246692657,0.9607551097869873,2,2.838829755783081,2.8179149627685547,0.659965991973877,sub-14,20260826,ses-03,ERP,2.8382184505462646
2.718200206756592,0.10670243948698044,10.101005554199219,2,2.831745147705078,2.9419760704040527,1.3511086702346802,sub-11,20260826,ses-02,SSVEP,2.971006155014038
2.750072479248047,0.08493036776781082,1.3259066343307495,2,2.8501973152160645,2.862354278564453,1.018815517425537,sub-11,20260826,ses-03,SSVEP,2.7974843978881836
2.737224578857422,0.09618944674730301,1.16456937789917,2,2.8527910709381104,2.879992723464966,0.6190747618675232,sub-11,20260826,ses-03,ERP,2.866330623626709
2.7424533367156982,0.09117511659860611,1.1374281644821167,2,2.7577528953552246,2.7902719974517822,0.7568095922470093,sub-14,20260826,ses-02,SSVEP,2.7692010402679443
2.7429518699645996,0.09324625879526138,1.7312660217285156,2,2.769460916519165,2.854588270187378,0.7129476070404053,sub-14,20260826,ses-03,SSVEP,2.7934811115264893
2.7661097049713135,0.07839245349168777,1.3899433612823486,2,2.893000364303589,2.908087968826294,0.8612545132637024,sub-11,20260826,ses-04,ERP,2.9054083824157715
2.762394428253174,0.07907084375619888,2.764026641845703,2,3.0029287338256836,2.940720558166504,1.0125577449798584,sub-11,20260826,ses-04,SSVEP,2.977903366088867
2.7471489906311035,0.09168900549411774,10.158187866210938,2,2.8479387760162354,2.8759496212005615,0.6220933198928833,sub-11,20260826,ses-03,ERP,3.0689783096313477
2.7589688301086426,0.07431772351264954,1.2449320554733276,2,2.8896961212158203,2.9079582691192627,0.8462402820587158,sub-11,20260826,ses-04,ERP,2.878589630126953
2.755080223083496,0.07820191234350204,2.971468925476074,2,2.9667296409606934,2.968022108078003,0.9821913242340088,sub-12,20260826,ses-04,SSVEP,3.0103862285614014
2.754863739013672,0.07770773768424988,4.8851237297058105,2,2.943715810775757,2.950096368789673,0.9802130460739136,sub-12,20260826,ses-04,SSVEP,3.1253504753112793
2.741359233856201,0.08833234757184982,1.0307754278182983,2,2.794079065322876,2.864734411239624,0.75815349817276,sub-11,20260826,ses-02,ERP,2.7896687984466553
2.741035223007202,0.08331945538520813,1.1556061506271362,2,2.813232898712158,2.778968334197998,0.787560760974884,sub-12,20260826,ses-02,SSVEP,2.88393235206604
2.75710129737854,0.0823298841714859,0.759332537651062,2,2.835805892944336,2.8231048583984375,0.6757028102874756,sub-14,20260826,ses-03,ERP,2.835827589035034
2.765869140625,0.07302527874708176,6.307024955749512,2,2.804544448852539,2.7830848693847656,0.7513262629508972,sub-14,20260826,ses-04,SSVEP,3.062249183654785
2.760042905807495,0.07649025321006775,2.8514621257781982,2,2.9535043239593506,2.9538562297821045,0.9788050055503845,sub-12,20260826,ses-04,SSVEP,3.0682859420776367
2.7267143726348877,0.09568743407726288,1.1254653930664062,2,2.779869318008423,2.8021774291992188,0.6536375284194946,sub-14,20260826,ses-02,SSVEP,2.783015012741089
2.7396674156188965,0.10607966035604477,0.8901981711387634,2,2.7709903717041016,2.811800956726074,0.6156946420669556,sub-14,20260826,ses-02,SSVEP,2.76712703704834
2.762871026992798,0.07413382083177567,1.1197906732559204,2,2.8845560550689697,2.9274938106536865,0.8838112354278564,sub-11,20260826,ses-04,ERP,2.9101595878601074
2.7580060958862305,0.07894077152013779,1.3376368284225464,2,2.7764699459075928,2.8722667694091797,0.7068818807601929,sub-14,20260826,ses-03,SSVEP,2.8311269283294678
2.7456178665161133,0.0838404968380928,1.1705344915390015,2,2.853853940963745,2.8787832260131836,1.0416244268417358,sub-11,20260826,ses-03,SSVEP,2.8141987323760986
2.745993137359619,0.0965421199798584,12.474567413330078,2,2.7657392024993896,2.7975306510925293,0.9399722814559937,sub-14,20260826,ses-02,SSVEP,2.9379687309265137
2.7603936195373535,0.08194658160209656,1.7697855234146118,2,2.787792205810547,2.868647813796997,0.7148334383964539,sub-14,20260826,ses-03,SSVEP,2.7621915340423584
2.76177978515625,0.07742585241794586,2.3692524433135986,2,2.8768951892852783,2.783815860748291,0.780254065990448,sub-14,20260826,ses-02,ERP,2.8351781368255615
2.7546896934509277,0.0814325138926506,2.316706418991089,2,2.961381196975708,2.9646377563476562,0.9810782670974731,sub-12,20260826,ses-04,SSVEP,2.9118151664733887
2.7604782581329346,0.08012283593416214,1.4573091268539429,2,2.839979887008667,2.818791151046753,0.6664390563964844,sub-14,20260826,ses-03,ERP,2.839515447616577
2.7513716220855713,0.10098817944526672,1.1984244585037231,2,2.8664028644561768,2.893151044845581,1.0378481149673462,sub-11,20260826,ses-03,SSVEP,2.813495635986328
2.7423856258392334,0.09346586465835571,2.288717269897461,2,2.7721810340881348,2.8041446208953857,0.7983958721160889,sub-14,20260826,ses-02,SSVEP,2.8601973056793213
2.7374277114868164,0.09286399185657501,0.9119741320610046,2,2.794874906539917,2.8238275051116943,0.7280277609825134,sub-12,20260826,ses-03,ERP,2.8182308673858643
2.721010446548462,0.10153815895318985,0.682434618473053,2,2.823721408843994,2.8668391704559326,0.7709274291992188,sub-11,20260826,ses-02,ERP,2.812821388244629
2.761214017868042,0.08941461890935898,1.9452366828918457,2,2.8692872524261475,2.79262638092041,0.855330228805542,sub-14,20260826,ses-02,ERP,2.891352415084839
2.7641940116882324,0.07462523132562637,2.6751348972320557,2,2.835986375808716,2.866438627243042,1.049623727798462,sub-11,20260826,ses-03,SSVEP,2.8178484439849854
2.7557568550109863,0.09445313364267349,0.9584140181541443,2,2.777554988861084,2.866255283355713,0.7053301930427551,sub-14,20260826,ses-03,SSVEP,2.786182403564453
2.75691294670105,0.08126883953809738,1.6625415086746216,2,2.85372257232666,2.904017210006714,0.9097900986671448,sub-12,20260826,ses-04,ERP,2.7925868034362793
2.7620201110839844,0.08579950779676437,1.4718095064163208,2,2.8152287006378174,2.8001890182495117,0.7795306444168091,sub-14,20260826,ses-04,SSVEP,2.8001108169555664
2.7631750106811523,0.07475319504737854,0.4630015790462494,2,3.000020980834961,2.9333465099334717,1.0090266466140747,sub-11,20260826,ses-04,SSVEP,2.996065855026245
2.756945848464966,0.07472212612628937,2.8481929302215576,2,2.8254268169403076,2.8817853927612305,0.902215301990509,sub-12,20260826,ses-04,ERP,2.877335786819458
2.7424001693725586,0.08568141609430313,0.9775403738021851,2,2.8438079357147217,2.8418281078338623,0.8226770758628845,sub-12,20260826,ses-03,SSVEP,2.8277173042297363
2.7693052291870117,0.07129567116498947,1.7439587116241455,2,2.8825323581695557,2.9398248195648193,0.8948186635971069,sub-11,20260826,ses-04,ERP,2.890570640563965
2.7281007766723633,0.0925217717885971,1.5187596082687378,2,2.858266830444336,2.8520638942718506,0.7960656881332397,sub-12,20260826,ses-03,SSVEP,2.8316969871520996
2.763225555419922,0.08184885233640671,3.467061996459961,2,2.787196636199951,2.7718794345855713,0.7497681975364685,sub-14,20260826,ses-04,SSVEP,2.978634834289551
2.7431445121765137,0.0806703045964241,1.4489152431488037,2,2.8049328327178955,2.852212429046631,0.752583920955658,sub-11,20260826,ses-02,ERP,2.8342931270599365
2.760885238647461,0.0752500668168068,1.792103886604309,2,2.954871416091919,2.9592602252960205,0.9818148016929626,sub-12,20260826,ses-04,SSVEP,2.9180002212524414
2.7488231658935547,0.08876751363277435,1.192705750465393,2,2.776196002960205,2.8065714836120605,0.7252860069274902,sub-14,20260826,ses-02,SSVEP,2.7796378135681152
2.7055866718292236,0.11654671281576157,1.2035330533981323,2,2.76999831199646,2.944636583328247,1.6175117492675781,sub-11,20260826,ses-02,SSVEP,2.7892932891845703
2.738128662109375,0.09023265540599823,0.8602180480957031,2,2.8263566493988037,2.7932159900665283,0.8067137002944946,sub-12,20260826,ses-02,SSVEP,2.814434766769409
2.759760856628418,0.09178873151540756,1.8655277490615845,2,2.802342653274536,2.778308391571045,0.751635730266571,sub-14,20260826,ses-04,SSVEP,2.8480401039123535
2.7428464889526367,0.09424048662185669,2.5266783237457275,2,2.813878297805786,2.8239247798919678,0.732032835483551,sub-12,20260826,ses-03,ERP,2.8284504413604736
2.7577576637268066,0.07654745876789093,1.764173984527588,2,2.8391051292419434,2.8772494792938232,0.6373952627182007,sub-11,20260826,ses-03,ERP,2.8358418941497803
2.749007225036621,0.09063704311847687,1.0371170043945312,2,2.8410768508911133,2.8173930644989014,0.8082684874534607,sub-12,20260826,ses-02,SSVEP,2.8195276260375977
2.7510650157928467,0.08853668719530106,1.0278080701828003,2,2.8605690002441406,2.8757190704345703,0.6783033013343811,sub-11,20260826,ses-03,ERP,2.8376121520996094
2.7358243465423584,0.08278527110815048,1.0715116262435913,2,2.8057444095611572,2.8593239784240723,0.7658504247665405,sub-11,20260826,ses-02,ERP,2.8120522499084473
2.756807327270508,0.08382751792669296,2.1999566555023193,2,2.871216058731079,2.780446767807007,0.7515568733215332,sub-14,20260826,ses-02,ERP,2.8583126068115234
2.75860333442688,0.08430895954370499,1.2325129508972168,2,2.8882851600646973,2.917375087738037,0.836300790309906,sub-11,20260826,ses-04,ERP,2.8992717266082764
2.7611169815063477,0.07760965824127197,6.038348197937012,2,2.7938039302825928,2.826545238494873,0.9317135810852051,sub-14,20260826,ses-04,ERP,2.9874088764190674
2.7508487701416016,0.07656516134738922,1.4696979522705078,2,2.831700563430786,2.8695743083953857,0.5931383371353149,sub-11,20260826,ses-03,ERP,2.817744731903076
2.7455692291259766,0.08168210834264755,0.7597578167915344,2,2.8466451168060303,2.8693230152130127,0.6070801019668579,sub-11,20260826,ses-03,ERP,2.8529889583587646
2.7585959434509277,0.07526817172765732,6.045706272125244,2,3.003593683242798,2.947547674179077,1.0114800930023193,sub-11,20260826,ses-04,SSVEP,3.1760056018829346
2.745675563812256,0.08349601179361343,3.277768611907959,2,2.8278567790985107,2.8834967613220215,0.9004933834075928,sub-12,20260826,ses-04,ERP,2.8895275592803955
2.7397654056549072,0.08945033699274063,1.5992152690887451,2,2.810978651046753,2.8447089195251465,0.7796910405158997,sub-11,20260826,ses-02,ERP,2.817830801010132
2.7646288871765137,0.0771133080124855,1.3058042526245117,2,2.8039944171905518,2.795048236846924,0.7327576875686646,sub-14,20260826,ses-04,SSVEP,2.792508840560913
2.7458364963531494,0.08306257426738739,1.076383352279663,2,2.7841458320617676,2.8071014881134033,0.7634491920471191,sub-12,20260826,ses-03,ERP,2.8344082832336426
2.7549867630004883,0.08611872792243958,0.8915510177612305,2,2.8353185653686523,2.847278356552124,1.0164837837219238,sub-11,20260826,ses-03,SSVEP,2.8035056591033936
2.760186195373535,0.08151337504386902,4.67864990234375,2,2.8081138134002686,2.7894155979156494,0.7561905384063721,sub-14,20260826,ses-04,SSVEP,2.9336142539978027
2.7324585914611816,0.09193157404661179,2.2737040519714355,2,2.7931764125823975,2.815737009048462,0.7349866032600403,sub-12,20260826,ses-03,ERP,2.8463759422302246
2.7083394527435303,0.11504092812538147,3.2106544971466064,2,2.7782928943634033,2.947845935821533,1.3937174081802368,sub-11,20260826,ses-02,SSVEP,2.907595157623291
2.7688326835632324,0.07483094930648804,2.4914462566375732,2,2.9654293060302734,2.9671175479888916,0.9833382964134216,sub-12,20260826,ses-04,SSVEP,2.918921709060669
2.745389461517334,0.08603769540786743,4.61315393447876,2,2.8467748165130615,2.9036948680877686,0.9056447744369507,sub-12,20260826,ses-04,ERP,2.9780657291412354
2.7279844284057617,0.08775753527879715,2.653517007827759,2,2.8150269985198975,2.808149814605713,0.8098927736282349,sub-12,20260826,ses-02,SSVEP,2.9193291664123535
2.7460148334503174,0.08671992272138596,0.8285189270973206,2,2.7967467308044434,2.8474106788635254,0.76812344789505,sub-11,20260826,ses-02,ERP,2.815619468688965
2.7588701248168945,0.07749804854393005,1.274354100227356,2,2.8320138454437256,2.8175101280212402,0.6621593832969666,sub-14,20260826,ses-03,ERP,2.8512208461761475
2.743211507797241,0.08535359054803848,2.015587568283081,2,2.9620213508605957,2.9702532291412354,0.9786055088043213,sub-12,20260826,ses-04,SSVEP,3.0065393447875977
2.760014772415161,0.08202727138996124,1.6903294324874878,2,2.8265647888183594,2.8370563983917236,1.020099401473999,sub-11,20260826,ses-03,SSVEP,2.829129695892334
2.7620134353637695,0.07453230768442154,1.3581299781799316,2,3.0027596950531006,2.9418156147003174,1.0111842155456543,sub-11,20260826,ses-04,SSVEP,3.025404691696167
2.7540392875671387,0.08504286408424377,1.6437636613845825,2,2.889864683151245,2.932722568511963,0.8100482821464539,sub-11,20260826,ses-04,ERP,2.8807027339935303
2.763679027557373,0.07983936369419098,2.388237237930298,2,2.87283992767334,2.777705669403076,0.7262378931045532,sub-14,20260826,ses-02,ERP,2.8905327320098877
2.741234302520752,0.09225643426179886,1.566186547279358,2,2.843099594116211,2.907986640930176,0.9165618419647217,sub-12,20260826,ses-04,ERP,2.813781976699829
2.7560713291168213,0.07501697540283203,0.6866334676742554,2,2.813235282897949,2.87618350982666,0.7480587959289551,sub-11,20260826,ses-02,ERP,2.790990114212036
2.760429620742798,0.07690265029668808,1.6497632265090942,2,2.806558132171631,2.839808225631714,0.9329721331596375,sub-14,20260826,ses-04,ERP,2.812316656112671
2.7237279415130615,0.08997999131679535,1.4697622060775757,2,2.740532636642456,2.8633389472961426,0.7107165455818176,sub-12,20260826,ses-02,ERP,2.7525551319122314
2.7575597763061523,0.09535005688667297,1.5690141916275024,2,2.7913923263549805,2.8630669116973877,0.7156855463981628,sub-14,20260826,ses-03,SSVEP,2.7821218967437744
2.7199878692626953,0.10106901824474335,2.3590104579925537,2,2.769960880279541,2.8666815757751465,0.7964921593666077,sub-12,20260826,ses-02,ERP,2.7754456996917725
2.748689651489258,0.09758910536766052,0.9772783517837524,2,2.7597758769989014,2.8608949184417725,0.705072283744812,sub-14,20260826,ses-03,SSVEP,2.7833268642425537
2.753864049911499,0.09022605419158936,1.120818853378296,2,2.8108959197998047,2.827636480331421,1.0253009796142578,sub-11,20260826,ses-03,SSVEP,2.830732822418213
2.763200521469116,0.07895559072494507,0.817080557346344,2,2.8258790969848633,2.8499186038970947,1.0298444032669067,sub-11,20260826,ses-03,SSVEP,2.800713539123535
2.761070489883423,0.07667866349220276,0.865379810333252,2,2.898648262023926,2.9190139770507812,0.8563363552093506,sub-11,20260826,ses-04,ERP,2.879875421524048
2.7376010417938232,0.0901499018073082,3.117255210876465,2,2.805379629135132,2.8221285343170166,0.7415714263916016,sub-12,20260826,ses-03,ERP,2.852426052093506
2.7620224952697754,0.07527200132608414,1.6784825325012207,2,3.004007339477539,2.9323296546936035,1.010256052017212,sub-11,20260826,ses-04,SSVEP,3.0240182876586914
2.744051933288574,0.08421602100133896,4.674591064453125,2,2.948284864425659,2.9570508003234863,0.9804472327232361,sub-12,20260826,ses-04,SSVEP,3.1171607971191406
2.7492830753326416,0.08325355499982834,1.339261531829834,2,2.8086419105529785,2.8003101348876953,0.8173486590385437,sub-12,20260826,ses-02,SSVEP,2.911918878555298
2.742051124572754,0.08472800254821777,1.9090991020202637,2,2.81394624710083,2.8690876960754395,0.7500724196434021,sub-11,20260826,ses-02,ERP,2.8351383209228516
2.7429025173187256,0.08371098339557648,0.9333475232124329,2,2.8099706172943115,2.8620309829711914,0.778785228729248,sub-11,20260826,ses-02,ERP,2.823293685913086
2.752561330795288,0.07922195643186569,1.9288302659988403,2,2.8319828510284424,2.879951238632202,0.9102933406829834,sub-12,20260826,ses-04,ERP,2.7793467044830322
2.7587931156158447,0.07802116870880127,2.388143301010132,2,2.8692402839660645,2.780174493789673,0.8241284489631653,sub-14,20260826,ses-02,ERP,2.9014976024627686
2.7500665187835693,0.08370450139045715,1.3446193933486938,2,2.7660434246063232,2.793186664581299,0.7276115417480469,sub-14,20260826,ses-02,SSVEP,2.7857069969177246
2.754434108734131,0.08185577392578125,1.1033282279968262,2,2.8351869583129883,2.887357711791992,0.8951410055160522,sub-12,20260826,ses-04,ERP,2.813544273376465
2.7451188564300537,0.07931580394506454,1.2078527212142944,2,2.844564437866211,2.860085964202881,1.0226502418518066,sub-11,20260826,ses-03,SSVEP,2.816709518432617
2.759272336959839,0.0901269018650055,0.6557179689407349,2,2.843961000442505,2.8217856884002686,0.6640910506248474,sub-14,20260826,ses-03,ERP,2.8471264839172363
2.7470498085021973,0.09715637564659119,1.1522459983825684,2,2.743180751800537,2.863445520401001,0.7002838850021362,sub-14,20260826,ses-03,SSVEP,2.796713352203369
2.7598767280578613,0.07742913067340851,0.9752936959266663,2,2.83691143989563,2.8519017696380615,1.0299410820007324,sub-11,20260826,ses-03,SSVEP,2.832660436630249
2.7576863765716553,0.07997234910726547,5.688549041748047,2,2.8298981189727783,2.805508613586426,0.6684252023696899,sub-14,20260826,ses-03,ERP,2.999481678009033
2.736398935317993,0.08842140436172485,1.003525733947754,2,2.8008873462677,2.854729175567627,0.735427737236023,sub-11,20260826,ses-02,ERP,2.8221054077148438
2.7064900398254395,0.11340830475091934,1.1438841819763184,2,2.7483036518096924,2.8661279678344727,0.6627473831176758,sub-12,20260826,ses-02,ERP,2.763305187225342
2.742424488067627,0.08564402908086777,7.790589332580566,2,2.800696611404419,2.8156824111938477,0.7524871826171875,sub-12,20260826,ses-03,ERP,3.0551042556762695
2.7627406120300293,0.0880143865942955,3.8761422634124756,2,2.804607391357422,2.7814323902130127,0.7629259824752808,sub-14,20260826,ses-04,SSVEP,2.9223365783691406
2.7266671657562256,0.08668448776006699,1.5912574529647827,2,2.807642936706543,2.8630568981170654,0.7677582502365112,sub-11,20260826,ses-02,ERP,2.8059802055358887
2.761159896850586,0.0729997381567955,2.3877952098846436,2,2.802687168121338,2.846968173980713,0.9354455471038818,sub-14,20260826,ses-04,ERP,2.7958948612213135
2.7590489387512207,0.08688648790121078,1.596789002418518,2,2.7713592052459717,2.8237526416778564,0.801017165184021,sub-14,20260826,ses-02,SSVEP,2.8079936504364014
2.7154064178466797,0.11117415875196457,2.151705741882324,2,2.746450185775757,2.843942880630493,0.8085551261901855,sub-12,20260826,ses-02,ERP,2.742978096008301
2.7469992637634277,0.08103306591510773,1.0040419101715088,2,2.829399824142456,2.8188998699188232,0.6894636750221252,sub-14,20260826,ses-03,ERP,2.81890606880188
2.768178939819336,0.07299348711967468,2.6029410362243652,2,2.877629041671753,2.7844862937927246,0.8022655248641968,sub-14,20260826,ses-02,ERP,2.889683961868286
2.7467753887176514,0.08238257467746735,1.258102297782898,2,2.8236842155456543,2.830082893371582,0.7879454493522644,sub-12,20260826,ses-03,SSVEP,2.832980155944824
2.7584242820739746,0.07964132726192474,1.3639458417892456,2,2.8676421642303467,2.8954355716705322,1.0183887481689453,sub-11,20260826,ses-03,SSVEP,2.8120169639587402
2.7366294860839844,0.09070378541946411,2.67183256149292,2,2.824498176574707,2.9522452354431152,1.3141517639160156,sub-11,20260826,ses-02,SSVEP,2.8940916061401367
2.710721969604492,0.09538584202528,1.011162281036377,2,2.7877371311187744,2.9265313148498535,1.205819845199585,sub-11,20260826,ses-02,SSVEP,2.7746071815490723
2.7322115898132324,0.0941033810377121,3.205131769180298,2,2.7635319232940674,2.860041618347168,0.8490594625473022,sub-12,20260826,ses-02,ERP,2.760387420654297
2.7294113636016846,0.09699777513742447,1.9538404941558838,2,2.752568483352661,2.8430473804473877,0.8298472762107849,sub-12,20260826,ses-02,ERP,2.7592787742614746
2.7450201511383057,0.08209308981895447,1.3223992586135864,2,2.8222134113311768,2.8012170791625977,0.8427816033363342,sub-12,20260826,ses-02,SSVEP,2.8279407024383545
2.7615442276000977,0.0765983834862709,11.034870147705078,2,2.8232080936431885,2.8386149406433105,0.6742326021194458,sub-11,20260826,ses-03,ERP,3.0685110092163086
2.7487683296203613,0.09007276594638824,16.734771728515625,2,2.769686222076416,2.8650660514831543,0.7088925838470459,sub-14,20260826,ses-03,SSVEP,3.0894293785095215
2.762143611907959,0.08081093430519104,2.0415024757385254,2,2.9718236923217773,2.97226619720459,0.9835188388824463,sub-12,20260826,ses-04,SSVEP,2.910602569580078
2.7512903213500977,0.09865649044513702,1.3494882583618164,2,2.7708146572113037,2.812405586242676,0.9439771771430969,sub-14,20260826,ses-02,SSVEP,2.786407232284546
2.709097385406494,0.1161859929561615,1.7610219717025757,2,2.7478559017181396,2.8461880683898926,0.7636580467224121,sub-12,20260826,ses-02,ERP,2.786766290664673
2.7593162059783936,0.08121880143880844,8.029547691345215,2,2.8289947509765625,2.810511827468872,0.6752979755401611,sub-14,20260826,ses-03,ERP,3.0636534690856934
2.7476887702941895,0.08382031321525574,2.4219486713409424,2,2.9425272941589355,2.948835849761963,0.9789736270904541,sub-12,20260826,ses-04,SSVEP,2.9288272857666016
2.7168166637420654,0.09420036524534225,1.247644066810608,2,2.748762607574463,2.870912790298462,0.8436131477355957,sub-12,20260826,ses-02,ERP,2.7327065467834473
2.7649168968200684,0.07047522813081741,2.7858285903930664,2,2.9987831115722656,2.9364309310913086,1.0108921527862549,sub-11,20260826,ses-04,SSVEP,3.0740604400634766
2.761416435241699,0.07197461277246475,5.072925090789795,2,2.9613735675811768,2.966691732406616,0.9821292757987976,sub-12,20260826,ses-04,SSVEP,3.137500286102295
2.7576751708984375,0.0873069316148758,4.5076422691345215,2,2.836909770965576,2.8118741512298584,0.6612004041671753,sub-14,20260826,ses-03,ERP,2.9330332279205322
2.7630138397216797,0.07436417788267136,1.2708845138549805,2,2.9611635208129883,2.9619944095611572,0.9854096174240112,sub-12,20260826,ses-04,SSVEP,2.945805788040161
2.7267982959747314,0.09236784279346466,1.674919605255127,2,2.8311004638671875,2.836479902267456,0.8009263277053833,sub-12,20260826,ses-03,SSVEP,2.920600414276123
2.2795400619506836,0.2132655531167984,2.0855751037597656,2,2.530015468597412,2.5914292335510254,0.6682410836219788,sub-14,20260827,ses-03,SSVEP,2.479069232940674
2.5952963829040527,0.1880044937133789,1.4334337711334229,2,2.6908905506134033,2.808058738708496,0.8028544187545776,sub-11,20260827,ses-04,ERP,2.7144322395324707
2.528240203857422,0.1465340256690979,1.4854525327682495,2,2.692094326019287,2.669301748275757,0.5992977023124695,sub-11,20260827,ses-03,ERP,2.681405782699585
2.4526290893554688,0.2397756278514862,2.5049989223480225,2,2.6662657260894775,2.610002279281616,0.6587849259376526,sub-14,20260827,ses-04,SSVEP,2.637829303741455
2.4364566802978516,0.1525973230600357,2.080855131149292,2,2.5976874828338623,2.614023447036743,0.9772362112998962,sub-12,20260827,ses-04,SSVEP,2.6314845085144043
2.6040728092193604,0.12864819169044495,2.1622297763824463,2,2.8518176078796387,2.7852602005004883,1.0260659456253052,sub-11,20260827,ses-04,SSVEP,2.8914079666137695
2.222256660461426,0.22899697721004486,3.479085922241211,2,2.5065414905548096,2.564037322998047,0.783348023891449,sub-12,20260827,ses-03,SSVEP,2.5418856143951416
2.3858723640441895,0.32506242394447327,4.226062774658203,2,2.6147539615631104,2.699836492538452,0.8902474641799927,sub-14,20260827,ses-04,ERP,2.5999557971954346
2.591949939727783,0.12032333761453629,5.1818156242370605,2,2.8546664714813232,2.77116322517395,1.0371164083480835,sub-11,20260827,ses-04,SSVEP,2.9024953842163086
2.4551806449890137,0.128341943025589,3.0223124027252197,2,2.496272563934326,2.560925245285034,0.8745350241661072,sub-12,20260827,ses-04,ERP,2.5362446308135986
2.4783711433410645,0.16043098270893097,3.9023568630218506,2,2.6006696224212646,2.6171319484710693,0.9710411429405212,sub-12,20260827,ses-04,SSVEP,2.648259401321411
2.6022305488586426,0.13525284826755524,3.9252872467041016,2,2.870497465133667,2.80464768409729,1.0314315557479858,sub-11,20260827,ses-04,SSVEP,2.8925414085388184
2.5599703788757324,0.1854705959558487,3.04068922996521,2,2.7063870429992676,2.7867844104766846,0.8009332418441772,sub-11,20260827,ses-04,ERP,2.7108426094055176
2.411024332046509,0.1948637068271637,2.092689275741577,2,2.520808219909668,2.4674458503723145,0.779401957988739,sub-12,20260827,ses-02,SSVEP,2.523386001586914
2.373441219329834,0.27261263132095337,4.533905029296875,2,2.6921937465667725,2.699371814727783,1.635489821434021,sub-11,20260827,ses-02,SSVEP,2.7266764640808105
2.452376127243042,0.22201882302761078,4.512062072753906,2,2.6055939197540283,2.590635299682617,0.6220035552978516,sub-14,20260827,ses-03,ERP,2.613851547241211
2.2748076915740967,0.311272531747818,2.897387742996216,2,2.6048765182495117,2.589102268218994,0.620652973651886,sub-14,20260827,ses-03,ERP,2.615600109100342
2.4223406314849854,0.3130471110343933,1.6979025602340698,2,2.541665554046631,2.581578493118286,0.659892201423645,sub-14,20260827,ses-03,SSVEP,2.505312919616699
2.4820337295532227,0.1366989016532898,2.5153090953826904,2,2.5041205883026123,2.454249620437622,0.7768701910972595,sub-12,20260827,ses-02,SSVEP,2.5561351776123047
2.448119640350342,0.16826492547988892,4.806760787963867,2,2.524994373321533,2.5651495456695557,0.9107881188392639,sub-12,20260827,ses-04,ERP,2.617323160171509
2.5835964679718018,0.13089370727539062,17.897714614868164,2,2.674177408218384,2.656315803527832,0.6075341701507568,sub-11,20260827,ses-03,ERP,2.7936503887176514
2.361687660217285,0.170029878616333,1.0847569704055786,2,2.5228371620178223,2.660822868347168,0.7417404055595398,sub-12,20260827,ses-03,ERP,2.545084238052368
2.6096458435058594,0.21305406093597412,1.9002374410629272,2,2.603872299194336,2.586548089981079,0.6222096681594849,sub-14,20260827,ses-03,ERP,2.6096110343933105
2.4558730125427246,0.2173168808221817,2.122694492340088,2,2.5370302200317383,2.5840816497802734,0.6613868474960327,sub-14,20260827,ses-03,SSVEP,2.539978504180908
2.3230223655700684,0.16277095675468445,3.1935272216796875,2,2.5209875106811523,2.64046049118042,0.7416359782218933,sub-12,20260827,ses-03,ERP,2.5578677654266357
2.6197922229766846,0.1376134604215622,2.2971749305725098,2,2.538989782333374,2.5290513038635254,0.5856316685676575,sub-14,20260827,ses-02,ERP,2.5515286922454834
2.4195969104766846,0.17197826504707336,1.8995007276535034,2,2.485391855239868,2.5624496936798096,0.8719341158866882,sub-12,20260827,ses-04,ERP,2.534324884414673
2.6466286182403564,0.18126891553401947,2.0343286991119385,2,2.6077992916107178,2.5927271842956543,0.6186966300010681,sub-14,20260827,ses-03,ERP,2.597137451171875
2.7148890495300293,0.13053300976753235,7.129580020904541,2,2.6476352214813232,2.591593027114868,0.6524767875671387,sub-14,20260827,ses-04,SSVEP,2.6472909450531006
2.5171520709991455,0.20878946781158447,1.9833955764770508,2,2.663794994354248,2.604180335998535,0.6625280380249023,sub-14,20260827,ses-04,SSVEP,2.641326427459717
2.4696168899536133,0.279317706823349,1.9017304182052612,2,2.5424163341522217,2.601884603500366,0.6588990688323975,sub-14,20260827,ses-03,SSVEP,2.5206000804901123
2.431734800338745,0.16252516210079193,1.8017117977142334,2,2.49556040763855,2.5398812294006348,0.7041856050491333,sub-11,20260827,ses-02,ERP,2.511432647705078
2.5919699668884277,0.20098137855529785,3.86499285697937,2,2.6369900703430176,2.709778070449829,0.885388195514679,sub-14,20260827,ses-04,ERP,2.604452133178711
2.5153908729553223,0.2828329801559448,1.556368350982666,2,2.6750967502593994,2.6122825145721436,0.6415197253227234,sub-14,20260827,ses-04,SSVEP,2.661332368850708
2.2857134342193604,0.21150705218315125,4.537059307098389,2,2.700430154800415,2.63407564163208,1.0645583868026733,sub-11,20260827,ses-03,SSVEP,2.7095179557800293
2.5650229454040527,0.11483951658010483,3.2123520374298096,2,2.7142536640167236,2.638371706008911,1.514532208442688,sub-11,20260827,ses-02,SSVEP,2.6818368434906006
2.5384743213653564,0.2640626132488251,1.5073165893554688,2,2.675525665283203,2.6133711338043213,0.639623761177063,sub-14,20260827,ses-04,SSVEP,2.6579089164733887
2.1959054470062256,0.2816321551799774,2.449467897415161,2,2.5303843021392822,2.6471078395843506,0.7432488203048706,sub-12,20260827,ses-03,ERP,2.5628294944763184
2.4941177368164062,0.2673194110393524,0.890553891658783,2,2.602299451828003,2.588646650314331,0.6149921417236328,sub-14,20260827,ses-03,ERP,2.5999109745025635
2.6459200382232666,0.17068806290626526,2.165553331375122,2,2.5509228706359863,2.571382761001587,0.6547194123268127,sub-14,20260827,ses-03,SSVEP,2.5236780643463135
2.331655502319336,0.20597508549690247,2.884030342102051,2,2.7173123359680176,2.6443464756011963,1.072100043296814,sub-11,20260827,ses-03,SSVEP,2.6773488521575928
2.216630458831787,0.24857580661773682,1.7406985759735107,2,2.569375514984131,2.515270471572876,0.6967995762825012,sub-12,20260827,ses-02,ERP,2.5886106491088867
2.5705294609069824,0.15972016751766205,1.4793428182601929,2,2.7163302898406982,2.673269510269165,0.5128448009490967,sub-11,20260827,ses-03,ERP,2.685229539871216
2.655611276626587,0.14257434010505676,1.7660142183303833,2,2.629789113998413,2.711366891860962,0.896040141582489,sub-14,20260827,ses-04,ERP,2.6205031871795654
2.5029969215393066,0.15448765456676483,4.296192169189453,2,2.700690507888794,2.637108325958252,1.0407849550247192,sub-11,20260827,ses-03,SSVEP,2.658640146255493
2.5013389587402344,0.1690700352191925,2.602402925491333,2,2.6754984855651855,2.670706272125244,0.6141456365585327,sub-11,20260827,ses-03,ERP,2.6964337825775146
2.765594005584717,0.07358722388744354,4.973033905029297,2,2.5448930263519287,2.541735887527466,0.6962130665779114,sub-14,20260827,ses-02,ERP,2.535123825073242
2.519792318344116,0.18048276007175446,16.811542510986328,2,2.6107239723205566,2.6264913082122803,0.971728503704071,sub-12,20260827,ses-04,SSVEP,2.6967835426330566
2.641651153564453,0.18807102739810944,18.257476806640625,2,2.663032293319702,2.598705768585205,0.6353284120559692,sub-14,20260827,ses-04,SSVEP,2.694443702697754
2.630943775177002,0.13760924339294434,4.335148811340332,2,2.7261407375335693,2.6494953632354736,1.665582299232483,sub-11,20260827,ses-02,SSVEP,2.7172462940216064
2.433948278427124,0.257621169090271,3.2190146446228027,2,2.696794271469116,2.6363437175750732,1.030092477798462,sub-11,20260827,ses-03,SSVEP,2.7023940086364746
2.517859935760498,0.20331323146820068,6.645294189453125,2,2.6081507205963135,2.6244256496429443,0.9709071516990662,sub-12,20260827,ses-04,SSVEP,2.709725856781006
2.358720064163208,0.18687477707862854,1.2338289022445679,2,2.4956023693084717,2.5692176818847656,0.7957010865211487,sub-12,20260827,ses-03,SSVEP,2.5124247074127197
2.646742820739746,0.15640628337860107,1.1144627332687378,2,2.8502888679504395,2.774878740310669,1.027893304824829,sub-11,20260827,ses-04,SSVEP,2.8508777618408203
2.165358304977417,0.44812530279159546,3.3015315532684326,2,2.6052162647247314,2.589434862136841,0.6078751087188721,sub-14,20260827,ses-03,ERP,2.603163003921509
2.4715042114257812,0.15699949860572815,1.5805375576019287,2,2.521611452102661,2.4595131874084473,0.7905071973800659,sub-12,20260827,ses-02,SSVEP,2.511584997177124
2.2704873085021973,0.23826049268245697,3.69694185256958,2,2.503840446472168,2.5438835620880127,0.6933386921882629,sub-11,20260827,ses-02,ERP,2.506537437438965
2.421438694000244,0.1649216264486313,1.3064534664154053,2,2.526083469390869,2.47222900390625,0.8208035230636597,sub-12,20260827,ses-02,SSVEP,2.509373903274536
2.530686378479004,0.20438748598098755,18.31696128845215,2,2.6711347103118896,2.610450506210327,0.6433310508728027,sub-14,20260827,ses-04,SSVEP,2.669630527496338
2.519214153289795,0.13090947270393372,2.718132972717285,2,2.693554162979126,2.6658499240875244,0.5838525295257568,sub-11,20260827,ses-03,ERP,2.6978108882904053
2.4722347259521484,0.31462979316711426,8.96929931640625,2,2.663386106491089,2.6027088165283203,0.6435158848762512,sub-14,20260827,ses-04,SSVEP,2.7120163440704346
2.4624686241149902,0.1940840631723404,1.0378689765930176,2,2.516613245010376,2.476881504058838,0.8611904382705688,sub-12,20260827,ses-02,SSVEP,2.5136139392852783
2.4235522747039795,0.22481103241443634,3.020474910736084,2,2.5990536212921143,2.586050271987915,0.6458213329315186,sub-14,20260827,ses-03,ERP,2.613201141357422
2.732800006866455,0.1333850473165512,4.458653926849365,2,2.5545332431793213,2.556849479675293,0.6623665690422058,sub-14,20260827,ses-03,SSVEP,2.463057041168213
2.6683168411254883,0.10173776745796204,2.020292043685913,2,2.8600125312805176,2.785731077194214,1.0336313247680664,sub-11,20260827,ses-04,SSVEP,2.890390157699585
2.373591184616089,0.19686062633991241,1.5009821653366089,2,2.5353779792785645,2.6561434268951416,0.7270244359970093,sub-12,20260827,ses-03,ERP,2.5527279376983643
2.753615379333496,0.09200955927371979,4.652168273925781,2,2.55476450920105,2.549129009246826,0.6574334502220154,sub-14,20260827,ses-03,SSVEP,2.448458671569824
2.496373176574707,0.21460695564746857,1.3925176858901978,2,2.60878586769104,2.5912458896636963,0.6556150913238525,sub-14,20260827,ses-03,ERP,2.5914032459259033
2.5893969535827637,0.15844914317131042,6.285999774932861,2,2.848013162612915,2.773674488067627,1.036062479019165,sub-11,20260827,ses-04,SSVEP,2.886342763900757
2.2750625610351562,0.2632003426551819,3.612060308456421,2,2.506760835647583,2.53417706489563,0.6727184653282166,sub-11,20260827,ses-02,ERP,2.5156161785125732
2.3646883964538574,0.18705011904239655,1.4241564273834229,2,2.5020220279693604,2.5699095726013184,0.7355623841285706,sub-11,20260827,ses-02,ERP,2.5111420154571533
2.513935089111328,0.13000880181789398,1.10164213180542,2,2.6822848320007324,2.684224843978882,0.6121671199798584,sub-11,20260827,ses-03,ERP,2.6689133644104004
2.481410026550293,0.13847149908542633,1.7574776411056519,2,2.501920700073242,2.5486762523651123,0.8807915449142456,sub-12,20260827,ses-04,ERP,2.5116493701934814
2.203441619873047,0.20150437951087952,3.5895137786865234,2,2.498955249786377,2.5350899696350098,0.7752826809883118,sub-11,20260827,ses-02,ERP,2.5138227939605713
2.6232352256774902,0.138408362865448,17.92133331298828,2,2.632097005844116,2.713033437728882,0.8955943584442139,sub-14,20260827,ses-04,ERP,2.752445697784424
2.770936965942383,0.06924302875995636,8.718554496765137,2,2.5485692024230957,2.5385472774505615,0.6834344267845154,sub-14,20260827,ses-02,ERP,2.583846092224121
2.7121357917785645,0.11945818364620209,3.7625038623809814,2,2.7139792442321777,2.803175449371338,0.832465648651123,sub-11,20260827,ses-04,ERP,2.693598508834839
2.554797887802124,0.24490495026111603,2.566734790802002,2,2.655890703201294,2.598071336746216,0.6371086835861206,sub-14,20260827,ses-04,SSVEP,2.6393611431121826
2.7618038654327393,0.07518122345209122,5.2201948165893555,2,2.645625114440918,2.593242645263672,0.6590227484703064,sub-14,20260827,ses-04,SSVEP,2.647446870803833
2.507809638977051,0.13598555326461792,2.2187001705169678,2,2.512923240661621,2.668368339538574,0.7527874708175659,sub-12,20260827,ses-03,ERP,2.565260887145996
2.65114164352417,0.20528236031532288,6.595090866088867,2,2.551496982574463,2.5550637245178223,0.6564812064170837,sub-14,20260827,ses-03,SSVEP,2.5260579586029053
2.525606155395508,0.15383665263652802,17.276185989379883,2,2.7323155403137207,2.6874001026153564,1.81935715675354,sub-11,20260827,ses-02,SSVEP,2.770867109298706
2.298880100250244,0.20276160538196564,0.6592944860458374,2,2.516348123550415,2.450518846511841,0.7605420351028442,sub-12,20260827,ses-02,SSVEP,2.514636278152466
2.468141555786133,0.12292588502168655,2.715636968612671,2,2.567626714706421,2.5214667320251465,0.7360286712646484,sub-12,20260827,ses-02,ERP,2.585528612136841
2.490929126739502,0.1344568282365799,5.31651496887207,2,2.8558709621429443,2.7884652614593506,1.0232175588607788,sub-11,20260827,ses-04,SSVEP,2.9340357780456543
2.6512627601623535,0.11963670700788498,1.9287608861923218,2,2.510704517364502,2.552616596221924,0.8898174166679382,sub-12,20260827,ses-04,ERP,2.543135166168213
2.7487947940826416,0.09956934303045273,5.894191741943359,2,2.5561928749084473,2.5492539405822754,0.6519811749458313,sub-14,20260827,ses-03,SSVEP,2.4849038124084473
2.4279980659484863,0.1483304500579834,1.1984065771102905,2,2.507457971572876,2.5564632415771484,0.8921327590942383,sub-12,20260827,ses-04,ERP,2.5304946899414062
2.3025588989257812,0.18023857474327087,17.638826370239258,2,2.7029197216033936,2.67410945892334,1.6755423545837402,sub-11,20260827,ses-02,SSVEP,2.73722505569458
2.5847434997558594,0.23160062730312347,9.018494606018066,2,2.674600839614868,2.610774517059326,0.632850706577301,sub-14,20260827,ses-04,SSVEP,2.7129273414611816
2.6760292053222656,0.17017020285129547,9.8505277633667,2,2.5423498153686523,2.5312912464141846,0.6106244325637817,sub-14,20260827,ses-02,ERP,2.6061935424804688
2.312098979949951,0.15896998345851898,1.2368946075439453,2,2.5262527465820312,2.6518261432647705,0.7401131987571716,sub-12,20260827,ses-03,ERP,2.552816867828369
2.6493141651153564,0.13939912617206573,1.4430134296417236,2,2.7020742893218994,2.7998194694519043,0.807529866695404,sub-11,20260827,ses-04,ERP,2.6843528747558594
2.5061371326446533,0.14032912254333496,4.210763454437256,2,2.5029754638671875,2.552809000015259,0.8865686655044556,sub-12,20260827,ses-04,ERP,2.543353796005249
2.4262771606445312,0.19202184677124023,1.1303468942642212,2,2.5046093463897705,2.5712573528289795,0.7844442129135132,sub-12,20260827,ses-03,SSVEP,2.486144542694092
2.2492637634277344,0.1718113124370575,1.7724286317825317,2,2.5062074661254883,2.5604286193847656,0.6854172348976135,sub-11,20260827,ses-02,ERP,2.496840238571167
2.5903077125549316,0.16442090272903442,5.4329986572265625,2,2.699185371398926,2.7965855598449707,0.8209777474403381,sub-11,20260827,ses-04,ERP,2.713275194168091
2.4992170333862305,0.2152562439441681,2.182936429977417,2,2.51959490776062,2.5055038928985596,0.7639433741569519,sub-14,20260827,ses-02,SSVEP,2.5083630084991455
2.2902991771698,0.19735097885131836,3.8986239433288574,2,2.579403877258301,2.5249030590057373,0.7720150351524353,sub-12,20260827,ses-02,ERP,2.5892395973205566
2.495582342147827,0.19350555539131165,1.7591968774795532,2,2.5303797721862793,2.517965316772461,0.7297338843345642,sub-14,20260827,ses-02,SSVEP,2.511888265609741
2.7673428058624268,0.07763612270355225,1.127456545829773,2,2.5511178970336914,2.5403733253479004,0.678783655166626,sub-14,20260827,ses-02,ERP,2.5712294578552246
2.41080379486084,0.19170799851417542,2.7150604724884033,2,2.5129852294921875,2.4681971073150635,0.8142545819282532,sub-12,20260827,ses-02,SSVEP,2.5189285278320312
2.5238142013549805,0.18228159844875336,2.7179694175720215,2,2.5144965648651123,2.4948322772979736,0.7099603414535522,sub-14,20260827,ses-02,SSVEP,2.444669008255005
2.6767802238464355,0.18832474946975708,6.817596912384033,2,2.550163507461548,2.5394599437713623,0.6597708463668823,sub-14,20260827,ses-02,ERP,2.570521116256714
2.6906023025512695,0.1053149402141571,6.9459733963012695,2,2.7079896926879883,2.806556463241577,0.827066957950592,sub-11,20260827,ses-04,ERP,2.661431074142456
2.5959386825561523,0.12408217042684555,17.409717559814453,2,2.5938382148742676,2.6091766357421875,0.9771722555160522,sub-12,20260827,ses-04,SSVEP,2.721923351287842
2.5466744899749756,0.15126055479049683,6.169137001037598,2,2.6069655418395996,2.6223905086517334,0.9702154994010925,sub-12,20260827,ses-04,SSVEP,2.705920934677124
2.464970827102661,0.2895186245441437,3.984717607498169,2,2.621485710144043,2.6990087032318115,0.8901609778404236,sub-14,20260827,ses-04,ERP,2.603297472000122
2.4955267906188965,0.19232536852359772,2.8494269847869873,2,2.692809581756592,2.6216378211975098,1.0376540422439575,sub-11,20260827,ses-03,SSVEP,2.6810362339019775
2.385854721069336,0.21172286570072174,0.9349120855331421,2,2.4982621669769287,2.566190242767334,0.8126156330108643,sub-12,20260827,ses-03,SSVEP,2.489830493927002
2.611337661743164,0.14731718599796295,6.332711219787598,2,2.599372148513794,2.615713596343994,0.9705266952514648,sub-12,20260827,ses-04,SSVEP,2.7125911712646484
2.591587781906128,0.11809717863798141,4.2399210929870605,2,2.7029051780700684,2.632176637649536,1.0483249425888062,sub-11,20260827,ses-03,SSVEP,2.6594009399414062
2.432497262954712,0.1467282772064209,3.2828173637390137,2,2.5785629749298096,2.5094730854034424,0.7878132462501526,sub-12,20260827,ses-02,ERP,2.5757319927215576
2.397250175476074,0.15276877582073212,2.2544174194335938,2,2.506537437438965,2.444302558898926,0.7903483510017395,sub-12,20260827,ses-02,SSVEP,2.542851448059082
2.360969066619873,0.14203889667987823,2.3192484378814697,2,2.520704746246338,2.4732468128204346,0.7729499340057373,sub-12,20260827,ses-02,SSVEP,2.5205156803131104
2.6577792167663574,0.13577599823474884,5.025088787078857,2,2.6896822452545166,2.8160111904144287,0.8714715838432312,sub-11,20260827,ses-04,ERP,2.823012590408325
2.5390896797180176,0.1328824907541275,1.437055230140686,2,2.704162836074829,2.6869590282440186,0.5820301175117493,sub-11,20260827,ses-03,ERP,2.646878480911255
2.1090660095214844,0.25499242544174194,1.4020805358886719,2,2.5120034217834473,2.6382336616516113,0.7193671464920044,sub-12,20260827,ses-03,ERP,2.545471668243408
2.4569921493530273,0.14920435845851898,3.379204750061035,2,2.589884042739868,2.605116128921509,0.9737304449081421,sub-12,20260827,ses-04,SSVEP,2.6294286251068115
2.2260165214538574,0.3460204005241394,2.242840528488159,2,2.5232465267181396,2.517674684524536,0.7041335701942444,sub-14,20260827,ses-02,SSVEP,2.451446056365967
2.4087440967559814,0.19732916355133057,3.4136195182800293,2,2.50697922706604,2.4511935710906982,0.7793956995010376,sub-12,20260827,ses-02,SSVEP,2.5219154357910156
2.3719892501831055,0.26710081100463867,2.0432400703430176,2,2.517763376235962,2.526765823364258,0.7567110657691956,sub-14,20260827,ses-02,SSVEP,2.4833624362945557
2.710707426071167,0.0979466661810875,6.854253768920898,2,2.854872465133667,2.782869338989258,1.0355504751205444,sub-11,20260827,ses-04,SSVEP,2.8667283058166504
2.488051652908325,0.1609295904636383,3.535412073135376,2,2.7000694274902344,2.6347784996032715,1.0610849857330322,sub-11,20260827,ses-03,SSVEP,2.7074215412139893
2.50277042388916,0.12869559228420258,5.46600866317749,2,2.7105939388275146,2.641857385635376,1.3110970258712769,sub-11,20260827,ses-02,SSVEP,2.7608535289764404
2.3907041549682617,0.21468421816825867,2.3333680629730225,2,2.691262722015381,2.6298668384552,1.0065929889678955,sub-11,20260827,ses-03,SSVEP,2.693476915359497
2.6868321895599365,0.08960980921983719,1.7011126279830933,2,2.6969854831695557,2.7923548221588135,0.8190523386001587,sub-11,20260827,ses-04,ERP,2.6814262866973877
2.4883873462677,0.20141935348510742,3.856846570968628,2,2.6071770191192627,2.5908005237579346,0.63266921043396,sub-14,20260827,ses-03,ERP,2.623655319213867
2.725551128387451,0.1475820392370224,3.0743095874786377,2,2.54719877243042,2.534884452819824,0.6424022316932678,sub-14,20260827,ses-02,ERP,2.52431321144104
2.7042288780212402,0.15487390756607056,4.846362113952637,2,2.541196823120117,2.530339002609253,0.6142210364341736,sub-14,20260827,ses-02,ERP,2.555000066757202
2.463794708251953,0.17558027803897858,3.170839548110962,2,2.717534303665161,2.6515746116638184,1.5017824172973633,sub-11,20260827,ses-02,SSVEP,2.6877381801605225
2.3745498657226562,0.20025372505187988,17.891008377075195,2,2.515507459640503,2.5540883541107178,0.8967623710632324,sub-12,20260827,ses-04,ERP,2.6526196002960205
2.4180312156677246,0.2695138454437256,4.426567077636719,2,2.8698489665985107,2.7961666584014893,1.0258886814117432,sub-11,20260827,ses-04,SSVEP,2.8730149269104004
2.54913067817688,0.19521468877792358,3.388115644454956,2,2.6324827671051025,2.7061052322387695,0.8884388208389282,sub-14,20260827,ses-04,ERP,2.6009974479675293
2.5483527183532715,0.1530010849237442,3.574962615966797,2,2.7380330562591553,2.6839442253112793,1.9350069761276245,sub-11,20260827,ses-02,SSVEP,2.707188844680786
2.3054699897766113,0.17282184958457947,3.174614429473877,2,2.4963979721069336,2.5348691940307617,0.6715603470802307,sub-11,20260827,ses-02,ERP,2.5055346488952637
2.755567789077759,0.08348846435546875,5.751619815826416,2,2.6447298526763916,2.5945792198181152,0.6570616364479065,sub-14,20260827,ses-04,SSVEP,2.645535707473755
2.2735960483551025,0.2150895595550537,4.399575710296631,2,2.716461181640625,2.704796552658081,1.9608149528503418,sub-11,20260827,ses-02,SSVEP,2.7080729007720947
2.4788856506347656,0.13510531187057495,4.080111980438232,2,2.5069096088409424,2.554208755493164,0.8843045234680176,sub-12,20260827,ses-04,ERP,2.5148050785064697
2.26399564743042,0.23893943428993225,3.323357105255127,2,2.6917238235473633,2.6325843334198,1.0279039144515991,sub-11,20260827,ses-03,SSVEP,2.704796314239502
2.2214488983154297,0.1984969973564148,1.3619725704193115,2,2.5188798904418945,2.4585115909576416,0.7812574505805969,sub-12,20260827,ses-02,SSVEP,2.512279748916626
2.5678465366363525,0.24025993049144745,1.778185248374939,2,2.606372594833374,2.591021776199341,0.6108461022377014,sub-14,20260827,ses-03,ERP,2.5882458686828613
2.2296762466430664,0.23072487115859985,4.002109527587891,2,2.578397512435913,2.5220558643341064,0.7418211698532104,sub-12,20260827,ses-02,ERP,2.5943500995635986
2.4447128772735596,0.15148715674877167,2.1880764961242676,2,2.4994635581970215,2.5572023391723633,0.8843629956245422,sub-12,20260827,ses-04,ERP,2.532499313354492
2.559703826904297,0.1201440691947937,1.4432775974273682,2,2.705186605453491,2.6413092613220215,1.0328168869018555,sub-11,20260827,ses-03,SSVEP,2.6739652156829834
2.767759323120117,0.06868688762187958,1.7193351984024048,2,2.5568737983703613,2.550274133682251,0.6576471328735352,sub-14,20260827,ses-03,SSVEP,2.5414419174194336
2.292496681213379,0.20452062785625458,2.751901388168335,2,2.5298874378204346,2.6449079513549805,0.747704803943634,sub-12,20260827,ses-03,ERP,2.5525431632995605
2.4698352813720703,0.2187061458826065,0.6332867741584778,2,2.6715404987335205,2.675015449523926,0.5821139812469482,sub-11,20260827,ses-03,ERP,2.6901707649230957
2.4910261631011963,0.14387372136116028,4.694298267364502,2,2.5120902061462402,2.5678699016571045,0.7860700488090515,sub-12,20260827,ses-03,SSVEP,2.5377230644226074
2.4988441467285156,0.2555428147315979,1.790924072265625,2,2.611114501953125,2.695735216140747,0.8742632865905762,sub-14,20260827,ses-04,ERP,2.5748889446258545
2.544442653656006,0.18808600306510925,1.8410789966583252,2,2.514017343521118,2.568668842315674,0.797854483127594,sub-12,20260827,ses-03,SSVEP,2.5392048358917236
2.6204020977020264,0.22805769741535187,1.5767563581466675,2,2.665924310684204,2.6016924381256104,0.6311794519424438,sub-14,20260827,ses-04,SSVEP,2.65553879737854
2.198606252670288,0.30392348766326904,1.2921124696731567,2,2.511054515838623,2.4291884899139404,0.8203206658363342,sub-12,20260827,ses-02,SSVEP,2.515650510787964
2.568957805633545,0.11889495700597763,4.3354644775390625,2,2.685203790664673,2.6702284812927246,0.5766767263412476,sub-11,20260827,ses-03,ERP,2.720883846282959
2.3590900897979736,0.1742447316646576,1.3304567337036133,2,2.496870517730713,2.575910806655884,0.7869328260421753,sub-12,20260827,ses-03,SSVEP,2.5129332542419434
2.601285696029663,0.12696965038776398,4.222977161407471,2,2.6731247901916504,2.6672403812408447,0.6024386286735535,sub-11,20260827,ses-03,ERP,2.671095371246338
2.606024742126465,0.1354302614927292,4.132688522338867,2,2.8452725410461426,2.7731871604919434,1.0248689651489258,sub-11,20260827,ses-04,SSVEP,2.905534029006958
2.440426826477051,0.16518250107765198,3.6653754711151123,2,2.4941153526306152,2.5631563663482666,0.8791442513465881,sub-12,20260827,ses-04,ERP,2.5526411533355713
2.4436697959899902,0.18403318524360657,5.635633945465088,2,2.6838479042053223,2.677677869796753,1.6339390277862549,sub-11,20260827,ses-02,SSVEP,2.734757423400879
2.474379777908325,0.13976816833019257,1.161307454109192,2,2.6662070751190186,2.682898998260498,0.5340124368667603,sub-11,20260827,ses-03,ERP,2.704118013381958
2.405947208404541,0.31198376417160034,2.985684871673584,2,2.6064958572387695,2.5911753177642822,0.6152551770210266,sub-14,20260827,ses-03,ERP,2.5895113945007324
2.2830190658569336,0.19270804524421692,4.685601234436035,2,2.528526782989502,2.560936450958252,0.9105567336082458,sub-12,20260827,ses-04,ERP,2.512744426727295
2.6023170948028564,0.23842456936836243,2.843273878097534,2,2.549056053161621,2.556985378265381,0.6588226556777954,sub-14,20260827,ses-03,SSVEP,2.4877164363861084
2.4760217666625977,0.15717290341854095,2.668656349182129,2,2.701136589050293,2.6385395526885986,1.043304443359375,sub-11,20260827,ses-03,SSVEP,2.67933988571167
2.128554344177246,0.31128332018852234,1.4825522899627686,2,2.5063095092773438,2.5660481452941895,0.7984268665313721,sub-12,20260827,ses-03,SSVEP,2.513500690460205
2.539895534515381,0.18369920551776886,6.78183650970459,2,2.8464701175689697,2.7758402824401855,1.0233229398727417,sub-11,20260827,ses-04,SSVEP,2.908839464187622
2.698228597640991,0.13511772453784943,7.468627452850342,2,2.61501145362854,2.6908605098724365,0.9162411689758301,sub-14,20260827,ses-04,ERP,2.677725315093994
2.646359920501709,0.1543695479631424,5.226934909820557,2,2.710291624069214,2.7925829887390137,0.781557559967041,sub-11,20260827,ses-04,ERP,2.66672420501709
2.1573352813720703,0.24805215001106262,0.5522406697273254,2,2.51224422454834,2.574585437774658,0.7440053820610046,sub-11,20260827,ses-02,ERP,2.513282299041748
2.605311870574951,0.17210771143436432,17.747207641601562,2,2.858830451965332,2.793084144592285,1.0373058319091797,sub-11,20260827,ses-04,SSVEP,2.927051305770874
2.5493507385253906,0.16396009922027588,2.3976006507873535,2,2.601900100708008,2.6183159351348877,0.9774342775344849,sub-12,20260827,ses-04,SSVEP,2.637144088745117
2.4052650928497314,0.16453132033348083,2.188046932220459,2,2.5649592876434326,2.5106124877929688,0.6793027520179749,sub-12,20260827,ses-02,ERP,2.5822219848632812
2.477313995361328,0.21902905404567719,1.8151675462722778,2,2.6094706058502197,2.69083571434021,0.8890448212623596,sub-14,20260827,ses-04,ERP,2.5844712257385254
2.4278039932250977,0.1528642475605011,3.7131032943725586,2,2.5211679935455322,2.5617916584014893,0.9077580571174622,sub-12,20260827,ses-04,ERP,2.5108115673065186
2.4358749389648438,0.17219603061676025,3.0359134674072266,2,2.5562119483947754,2.5182912349700928,0.6771996021270752,sub-12,20260827,ses-02,ERP,2.584409713745117
2.108908176422119,0.4703231751918793,3.903581142425537,2,2.668733596801758,2.6082406044006348,0.6480239033699036,sub-14,20260827,ses-04,SSVEP,2.645367383956909
2.034862995147705,0.2681084871292114,1.291581153869629,2,2.537706136703491,2.642352819442749,0.715768039226532,sub-12,20260827,ses-03,ERP,2.5394716262817383
2.7277960777282715,0.13197332620620728,4.444661617279053,2,2.559300184249878,2.5416531562805176,0.6465284824371338,sub-14,20260827,ses-02,ERP,2.53377366065979
2.553691864013672,0.2077384889125824,4.207400321960449,2,2.6128170490264893,2.6864612102508545,0.8783599138259888,sub-14,20260827,ses-04,ERP,2.6011791229248047
2.2879490852355957,0.19534353911876678,4.48927640914917,2,2.5900869369506836,2.5256683826446533,0.7895604968070984,sub-12,20260827,ses-02,ERP,2.5882673263549805
2.454554796218872,0.19417445361614227,2.852935314178467,2,2.606078624725342,2.5909836292266846,0.6360829472541809,sub-14,20260827,ses-03,ERP,2.6060774326324463
2.5398828983306885,0.14537280797958374,1.4363058805465698,2,2.523207902908325,2.5623741149902344,0.9132564663887024,sub-12,20260827,ses-04,ERP,2.5195765495300293
2.2214608192443848,0.23283718526363373,4.493364334106445,2,2.589616537094116,2.603989839553833,0.9706887602806091,sub-12,20260827,ses-04,SSVEP,2.6343607902526855
2.696514129638672,0.10889136046171188,3.9142186641693115,2,2.6101338863372803,2.594682455062866,0.6103489398956299,sub-14,20260827,ses-03,ERP,2.6134583950042725
2.512211561203003,0.1863842010498047,17.49892234802246,2,2.5099291801452637,2.5612571239471436,0.8932275176048279,sub-12,20260827,ses-04,ERP,2.6438684463500977
2.1976475715637207,0.19030432403087616,1.3920246362686157,2,2.5210423469543457,2.6397082805633545,0.7266320586204529,sub-12,20260827,ses-03,ERP,2.532062292098999
2.1351356506347656,0.22961868345737457,1.2845088243484497,2,2.5095934867858887,2.5581560134887695,0.7027475237846375,sub-11,20260827,ses-02,ERP,2.500272035598755
2.1673574447631836,0.2034522145986557,1.6996008157730103,2,2.5023951530456543,2.5506417751312256,0.7106688022613525,sub-11,20260827,ses-02,ERP,2.5104222297668457
2.6770286560058594,0.15085868537425995,6.872767925262451,2,2.6135122776031494,2.6936657428741455,0.9120979905128479,sub-14,20260827,ses-04,ERP,2.6845383644104004
2.6469337940216064,0.1453171968460083,1.5973795652389526,2,2.6190547943115234,2.6982202529907227,0.885898232460022,sub-14,20260827,ses-04,ERP,2.5971505641937256
2.4195396900177,0.2212362289428711,1.6890813112258911,2,2.5328378677368164,2.5236501693725586,0.8103236556053162,sub-14,20260827,ses-02,SSVEP,2.4946610927581787
2.5625576972961426,0.13526782393455505,4.318466663360596,2,2.7001874446868896,2.6354804039001465,1.0444837808609009,sub-11,20260827,ses-03,SSVEP,2.6711411476135254
2.479686737060547,0.1637035310268402,8.541074752807617,3,2.6776044368743896,2.5437002182006836,0.9203408360481262,sub-15,20260825,ses-04,SSVEP,2.628711223602295
2.511770486831665,0.15094786882400513,1.2761235237121582,3,2.4991183280944824,2.3856120109558105,0.8159458041191101,sub-17,20260825,ses-03,SSVEP,2.494499444961548
2.3140742778778076,0.1923718899488449,2.8761212825775146,3,2.53808856010437,2.939846992492676,0.8873744010925293,sub-17,20260825,ses-04,SSVEP,2.5430262088775635
2.4847192764282227,0.16042934358119965,0.9595882296562195,3,2.419670343399048,2.6118807792663574,0.7249482870101929,sub-15,20260825,ses-03,SSVEP,2.422419786453247
2.394341230392456,0.1597973108291626,8.629717826843262,3,2.4769468307495117,2.429973602294922,0.8330725431442261,sub-15,20260825,ses-02,ERP,2.4540648460388184
2.5776803493499756,0.12796741724014282,1.1459901332855225,3,2.3833529949188232,2.390164852142334,0.8039950728416443,sub-15,20260825,ses-03,ERP,2.3717222213745117
2.5694527626037598,0.15373019874095917,5.836448669433594,3,2.2835540771484375,2.2102670669555664,0.7963544130325317,sub-17,20260825,ses-03,ERP,2.2936596870422363
2.5978012084960938,0.12539996206760406,2.518242359161377,3,2.633756399154663,2.524167776107788,0.5736903548240662,sub-18,20260825,ses-04,ERP,2.6154284477233887
2.5276384353637695,0.1843814104795456,10.501313209533691,3,2.6581997871398926,2.5489566326141357,0.7176890969276428,sub-17,20260825,ses-04,ERP,2.5876848697662354
2.3036677837371826,0.1723417192697525,3.3199188709259033,3,2.669800043106079,2.657672166824341,1.6517550945281982,sub-18,20260825,ses-02,ERP,2.640890598297119
2.274594306945801,0.1899779736995697,1.6603038311004639,3,2.554403305053711,2.9399571418762207,0.8876733183860779,sub-17,20260825,ses-04,SSVEP,2.542670965194702
2.413181781768799,0.19001483917236328,8.180206298828125,3,2.414475917816162,2.6061811447143555,0.8766813278198242,sub-15,20260825,ses-03,SSVEP,2.439537525177002
2.5498368740081787,0.14259079098701477,1.5635554790496826,3,2.647366762161255,2.6453495025634766,1.2785158157348633,sub-18,20260825,ses-02,ERP,2.6292948722839355
2.519679069519043,0.14776493608951569,1.9773846864700317,3,2.674121856689453,2.6624600887298584,1.5416626930236816,sub-18,20260825,ses-02,ERP,2.6495957374572754
2.5418481826782227,0.1348368525505066,1.972129464149475,3,2.470362663269043,2.421494960784912,1.0150541067123413,sub-15,20260825,ses-02,ERP,2.468416452407837
2.4953863620758057,0.14257380366325378,17.391551971435547,3,2.4275002479553223,2.603853225708008,0.820208728313446,sub-15,20260825,ses-03,SSVEP,2.823111057281494
2.4515650272369385,0.13270285725593567,5.526225566864014,3,2.3924670219421387,2.2438747882843018,0.9923192858695984,sub-17,20260825,ses-02,ERP,2.3949129581451416
2.5040438175201416,0.15430809557437897,3.2742955684661865,3,2.664342164993286,2.5509400367736816,0.715952455997467,sub-17,20260825,ses-04,ERP,2.630248785018921
2.513096809387207,0.16026660799980164,17.748891830444336,3,2.6681439876556396,2.5514445304870605,0.9659208059310913,sub-15,20260825,ses-04,SSVEP,2.8524584770202637
2.4723281860351562,0.18346482515335083,1.9755505323410034,3,2.5894405841827393,2.525270700454712,0.9871426224708557,sub-15,20260825,ses-04,ERP,2.5809874534606934
2.6186795234680176,0.1162438839673996,1.9989904165267944,3,2.3784427642822266,2.380840539932251,0.7679014801979065,sub-15,20260825,ses-03,ERP,2.3726844787597656
2.5069313049316406,0.11439373344182968,2.8023035526275635,3,2.6525299549102783,2.650392532348633,1.312880516052246,sub-18,20260825,ses-02,ERP,2.637397527694702
2.231689929962158,0.3932941257953644,3.0156946182250977,3,2.516307830810547,2.931597948074341,0.8743582367897034,sub-17,20260825,ses-04,SSVEP,2.571460247039795
2.495663642883301,0.16419385373592377,2.9007081985473633,3,2.3123691082000732,2.2387077808380127,1.1670042276382446,sub-17,20260825,ses-03,ERP,2.269662618637085
2.3122973442077637,0.18366998434066772,2.4559383392333984,3,2.6664135456085205,2.656844139099121,1.4775668382644653,sub-18,20260825,ses-02,ERP,2.6515419483184814
2.5298471450805664,0.12164783477783203,1.2198607921600342,3,2.502068042755127,2.3844244480133057,0.773783266544342,sub-17,20260825,ses-03,SSVEP,2.4961092472076416
2.5013251304626465,0.12789513170719147,2.3135266304016113,3,2.653977632522583,2.6495516300201416,1.308099389076233,sub-18,20260825,ses-02,ERP,2.643706798553467
2.52209734916687,0.1256098747253418,5.033458709716797,3,2.4712934494018555,2.4201807975769043,1.127973198890686,sub-15,20260825,ses-02,ERP,2.4659268856048584
2.530759572982788,0.11008908599615097,2.9257357120513916,3,2.3939497470855713,2.2489142417907715,0.9822591543197632,sub-17,20260825,ses-02,ERP,2.4548795223236084
2.5905251502990723,0.1495567262172699,5.756253242492676,3,2.3095316886901855,2.230370283126831,0.9888510704040527,sub-17,20260825,ses-03,ERP,2.289865255355835
2.709336280822754,0.10507019609212875,7.714954853057861,3,2.508023262023926,2.5192489624023438,0.7750169038772583,sub-18,20260825,ses-03,SSVEP,2.5096681118011475
2.6246330738067627,0.11516349017620087,4.73871374130249,3,2.496837615966797,2.388458013534546,0.8492159843444824,sub-17,20260825,ses-03,SSVEP,2.53788423538208
2.246990203857422,0.2107217162847519,2.868924617767334,3,2.575761079788208,2.523249864578247,0.8747251033782959,sub-15,20260825,ses-04,ERP,2.600968837738037
2.3262128829956055,0.18106788396835327,4.773715019226074,3,2.552764892578125,2.9371886253356934,0.8999388813972473,sub-17,20260825,ses-04,SSVEP,2.6573753356933594
2.6662375926971436,0.12431393563747406,1.3944419622421265,3,2.4952139854431152,2.385202169418335,0.7942712306976318,sub-17,20260825,ses-03,SSVEP,2.529298782348633
2.1304030418395996,0.2578437924385071,12.640987396240234,3,2.542104721069336,2.938375949859619,0.9191109538078308,sub-17,20260825,ses-04,SSVEP,2.7504079341888428
2.524108409881592,0.13735614717006683,9.744668006896973,3,2.6314516067504883,2.521327495574951,0.5837185382843018,sub-18,20260825,ses-04,ERP,2.650470495223999
2.745685577392578,0.10726744681596756,17.763925552368164,3,2.7050020694732666,2.64601469039917,3.4813945293426514,sub-18,20260825,ses-04,SSVEP,2.3959221839904785
2.377424478530884,0.17855510115623474,8.197153091430664,3,2.579709768295288,2.5121662616729736,0.8939468860626221,sub-15,20260825,ses-04,ERP,2.6059067249298096
2.440929889678955,0.17755284905433655,4.276081085205078,3,2.5830397605895996,2.559307336807251,0.8762921094894409,sub-18,20260825,ses-02,SSVEP,2.584113597869873
2.3126609325408936,0.17249178886413574,4.934053897857666,3,2.3826205730438232,2.2389285564422607,1.0011266469955444,sub-17,20260825,ses-02,ERP,2.4069483280181885
2.4115102291107178,0.12714152038097382,2.102678060531616,3,2.3919992446899414,2.2421014308929443,0.9719951748847961,sub-17,20260825,ses-02,ERP,2.41611909866333
2.5786118507385254,0.1519058495759964,1.494246006011963,3,2.281867504119873,2.207454204559326,0.7492488622665405,sub-17,20260825,ses-03,ERP,2.2727303504943848
2.2646636962890625,0.3513905107975006,18.400434494018555,3,2.5484869480133057,2.539999008178711,0.8475679755210876,sub-18,20260825,ses-02,SSVEP,2.685791015625
2.6701114177703857,0.1444300264120102,4.089680194854736,3,2.509192943572998,2.521411895751953,0.8001232147216797,sub-18,20260825,ses-03,SSVEP,2.5255324840545654
2.6380162239074707,0.14918185770511627,2.6829826831817627,3,2.5523018836975098,2.5408732891082764,0.7109836935997009,sub-18,20260825,ses-03,ERP,2.5371572971343994
2.380197525024414,0.2594948709011078,2.2378900051116943,3,2.5683834552764893,2.536139488220215,0.8267437815666199,sub-18,20260825,ses-02,SSVEP,2.557363510131836
2.7269394397735596,0.09255920350551605,17.15360450744629,3,2.508031129837036,2.5197343826293945,0.7952554225921631,sub-18,20260825,ses-03,SSVEP,2.847839593887329
2.650615930557251,0.14505279064178467,11.679070472717285,3,2.6382482051849365,2.6854841709136963,1.4236828088760376,sub-15,20260825,ses-02,SSVEP,2.554527521133423
2.7042887210845947,0.11694397032260895,4.4966139793396,3,2.5081875324249268,2.527719736099243,0.7725203037261963,sub-18,20260825,ses-03,SSVEP,2.52767014503479
2.624630928039551,0.09983793646097183,6.696345329284668,3,2.471325635910034,2.4242899417877197,1.0105881690979004,sub-15,20260825,ses-02,ERP,2.504084825515747
2.6524126529693604,0.19634129106998444,4.581626892089844,3,2.5545742511749268,2.537803888320923,0.7083860635757446,sub-18,20260825,ses-03,ERP,2.523512363433838
2.6036953926086426,0.14722241461277008,0.6562482118606567,3,2.420612335205078,2.6084516048431396,0.6997062563896179,sub-15,20260825,ses-03,SSVEP,2.422213315963745
2.484713554382324,0.20741474628448486,1.9550564289093018,3,2.6501569747924805,2.5395400524139404,0.7187066078186035,sub-17,20260825,ses-04,ERP,2.62213134765625
2.225564956665039,0.21494823694229126,3.826517105102539,3,2.5842387676239014,2.5434677600860596,1.3399866819381714,sub-15,20260825,ses-04,ERP,2.589003324508667
2.5887680053710938,0.1355019062757492,9.521156311035156,3,2.4942843914031982,2.3863837718963623,0.7918767333030701,sub-17,20260825,ses-03,SSVEP,2.5063388347625732
2.7271382808685303,0.11782613396644592,17.74462890625,3,2.7053420543670654,2.648822784423828,3.427037000656128,sub-18,20260825,ses-04,SSVEP,2.4386367797851562
2.7107913494110107,0.12859469652175903,3.8362526893615723,3,2.556246519088745,2.5350382328033447,0.7107915878295898,sub-18,20260825,ses-03,ERP,2.536496877670288
2.4186198711395264,0.14779667556285858,2.751622200012207,3,2.3840200901031494,2.2486636638641357,0.9981517791748047,sub-17,20260825,ses-02,ERP,2.418351411819458
2.4362053871154785,0.14146237075328827,9.844654083251953,3,2.648482084274292,2.5436103343963623,0.7370346188545227,sub-17,20260825,ses-04,ERP,2.5961990356445312
2.71368670463562,0.1282399594783783,4.320384502410889,3,2.508145332336426,2.5245625972747803,0.7771527171134949,sub-18,20260825,ses-03,SSVEP,2.5315968990325928
2.452004909515381,0.18138372898101807,3.0268402099609375,3,2.30133318901062,2.22305965423584,1.028091549873352,sub-17,20260825,ses-03,ERP,2.2779664993286133
2.7412593364715576,0.112355075776577,17.50336265563965,3,2.693570613861084,2.637324571609497,3.440694570541382,sub-18,20260825,ses-04,SSVEP,2.4905662536621094
2.717214584350586,0.14583192765712738,17.572389602661133,3,2.7084178924560547,2.652024030685425,3.44661283493042,sub-18,20260825,ses-04,SSVEP,2.499589443206787
2.7075469493865967,0.1110052615404129,17.33563804626465,3,2.698740243911743,2.6404900550842285,3.3967113494873047,sub-18,20260825,ses-04,SSVEP,2.452333450317383
2.5641095638275146,0.12792135775089264,1.9537053108215332,3,2.419785976409912,2.6111481189727783,0.7829139828681946,sub-15,20260825,ses-03,SSVEP,2.4184982776641846
2.5446524620056152,0.13743440806865692,3.184514045715332,3,2.6280758380889893,2.5195088386535645,0.5827241539955139,sub-18,20260825,ses-04,ERP,2.6506946086883545
2.3853580951690674,0.15703894197940826,3.7434709072113037,3,2.622927665710449,2.513911485671997,0.6079308390617371,sub-18,20260825,ses-04,ERP,2.658560037612915
2.5731005668640137,0.12755528092384338,8.165840148925781,3,2.4966795444488525,2.382784366607666,0.8330826759338379,sub-17,20260825,ses-03,SSVEP,2.5045769214630127
2.7047834396362305,0.12902432680130005,10.622084617614746,3,2.5080111026763916,2.5265133380889893,0.7760189771652222,sub-18,20260825,ses-03,SSVEP,2.585651397705078
2.513429880142212,0.14274989068508148,1.7649143934249878,3,2.420478582382202,2.606840133666992,0.7318294644355774,sub-15,20260825,ses-03,SSVEP,2.4261858463287354
2.458181858062744,0.1252831369638443,1.2446738481521606,3,2.474353313446045,2.424312114715576,0.8917261362075806,sub-15,20260825,ses-02,ERP,2.4692797660827637
2.5466971397399902,0.14729954302310944,2.164702892303467,3,2.644374132156372,2.6432089805603027,1.3167510032653809,sub-18,20260825,ses-02,ERP,2.6625075340270996
2.1548662185668945,0.347683310508728,8.630525588989258,3,2.5603444576263428,2.8991994857788086,0.9604884386062622,sub-17,20260825,ses-04,SSVEP,2.5059430599212646
2.5881540775299072,0.11093809455633163,2.601797580718994,3,2.4666991233825684,2.414052724838257,1.2055859565734863,sub-15,20260825,ses-02,ERP,2.484769582748413
2.7505316734313965,0.08844108134508133,3.3834474086761475,3,2.5091357231140137,2.5273356437683105,0.7843643426895142,sub-18,20260825,ses-03,SSVEP,2.5177509784698486
2.7517428398132324,0.09432817250490189,17.59901237487793,3,2.711754322052002,2.6561832427978516,3.4551870822906494,sub-18,20260825,ses-04,SSVEP,2.4921014308929443
2.4257495403289795,0.18826057016849518,1.023877501487732,3,2.422022581100464,2.6055328845977783,0.6873834133148193,sub-15,20260825,ses-03,SSVEP,2.409916639328003
2.297069549560547,0.2070770561695099,2.8060200214385986,3,2.5631186962127686,2.9436397552490234,0.8890087604522705,sub-17,20260825,ses-04,SSVEP,2.530367612838745
2.4617764949798584,0.2288694977760315,0.979917585849762,3,2.405906915664673,2.6086585521698,0.7212372422218323,sub-15,20260825,ses-03,SSVEP,2.412522792816162
2.4679269790649414,0.17619425058364868,5.058454990386963,3,2.5489909648895264,2.543044328689575,0.7910297513008118,sub-18,20260825,ses-02,SSVEP,2.5833566188812256
2.398880958557129,0.17526550590991974,1.257572054862976,3,2.5017850399017334,2.3863418102264404,0.7443432211875916,sub-17,20260825,ses-03,SSVEP,2.493231773376465
2.2897090911865234,0.2965536117553711,6.136605739593506,3,2.607542037963867,2.5703301429748535,1.056213617324829,sub-18,20260825,ses-02,SSVEP,2.5882534980773926
2.455878257751465,0.17936284840106964,1.4806926250457764,3,2.4179954528808594,2.606920003890991,0.774959921836853,sub-15,20260825,ses-03,SSVEP,2.423570156097412
2.6060354709625244,0.12637841701507568,18.29964828491211,3,2.4067957401275635,2.2714481353759766,1.329100251197815,sub-17,20260825,ses-02,SSVEP,2.669053554534912
2.286144971847534,0.20495855808258057,2.8721792697906494,3,2.5395944118499756,2.5363781452178955,0.9171319007873535,sub-18,20260825,ses-02,SSVEP,2.552412986755371
2.4470551013946533,0.14397725462913513,7.513071537017822,3,2.6483407020568848,2.6440179347991943,1.2846989631652832,sub-18,20260825,ses-02,ERP,2.6809287071228027
2.445399284362793,0.19341632723808289,3.9054174423217773,3,2.631110906600952,2.525559186935425,0.8651172518730164,sub-15,20260825,ses-04,SSVEP,2.608848810195923
2.426584243774414,0.21207885444164276,1.301811695098877,3,2.370821714401245,2.3746049404144287,0.8863222599029541,sub-15,20260825,ses-03,ERP,2.3812317848205566
2.495943546295166,0.20959673821926117,3.5251615047454834,3,2.4212868213653564,2.606765031814575,0.7826257348060608,sub-15,20260825,ses-03,SSVEP,2.4309439659118652
2.611461639404297,0.12439834326505661,1.9438409805297852,3,2.4954702854156494,2.391791820526123,0.81566321849823,sub-17,20260825,ses-03,SSVEP,2.513418436050415
2.739157199859619,0.10790674388408661,17.81595230102539,3,2.7024834156036377,2.6498777866363525,3.4123787879943848,sub-18,20260825,ses-04,SSVEP,2.42594313621521
2.5477771759033203,0.14282308518886566,4.110037803649902,3,2.6253607273101807,2.5295581817626953,0.7092374563217163,sub-17,20260825,ses-04,ERP,2.5758392810821533
2.43245792388916,0.1766846477985382,5.442895889282227,3,2.5703630447387695,2.493373394012451,1.011246681213379,sub-15,20260825,ses-04,ERP,2.62070894241333
2.514056921005249,0.13212759792804718,1.51881742477417,3,2.67677903175354,2.6630825996398926,1.4755512475967407,sub-18,20260825,ses-02,ERP,2.647235631942749
2.562110424041748,0.18947207927703857,2.1201303005218506,3,2.4246065616607666,2.6022796630859375,0.7401478886604309,sub-15,20260825,ses-03,SSVEP,2.425360679626465
2.3947083950042725,0.3317466378211975,7.366128921508789,3,2.5123116970062256,2.547666072845459,1.293900728225708,sub-15,20260825,ses-02,SSVEP,2.5315825939178467
2.3470654487609863,0.23067502677440643,1.6594195365905762,3,2.3707852363586426,2.3745055198669434,0.8999144434928894,sub-15,20260825,ses-03,ERP,2.3825175762176514
2.5263328552246094,0.12267524749040604,4.7024664878845215,3,2.5125374794006348,2.389267921447754,0.7374430298805237,sub-17,20260825,ses-03,SSVEP,2.5429446697235107
2.616177558898926,0.11444947123527527,4.310558319091797,3,2.63315486907959,2.521839141845703,0.563262939453125,sub-18,20260825,ses-04,ERP,2.6005046367645264
2.611842155456543,0.1272260546684265,3.8753676414489746,3,2.634765386581421,2.5227768421173096,0.6065398454666138,sub-18,20260825,ses-04,ERP,2.6142666339874268
2.559051275253296,0.11600508540868759,1.6439094543457031,3,2.631455898284912,2.521984338760376,0.5770362615585327,sub-18,20260825,ses-04,ERP,2.643059492111206
2.703580379486084,0.1126706674695015,2.8554694652557373,3,2.507636785507202,2.517939805984497,0.7989479303359985,sub-18,20260825,ses-03,SSVEP,2.5003788471221924
2.46221923828125,0.14311115443706512,2.602546453475952,3,2.3860244750976562,2.2438199520111084,1.0033917427062988,sub-17,20260825,ses-02,ERP,2.437509298324585
2.488964080810547,0.15106715261936188,2.7085213661193848,3,2.6490416526794434,2.538417339324951,0.7047045826911926,sub-17,20260825,ses-04,ERP,2.5817551612854004
2.5486512184143066,0.12467117607593536,5.932535648345947,3,2.500372886657715,2.3868985176086426,0.7872883081436157,sub-17,20260825,ses-03,SSVEP,2.556718111038208
2.5456318855285645,0.13710185885429382,5.594601154327393,3,2.382493019104004,2.3886098861694336,0.708671510219574,sub-15,20260825,ses-03,ERP,2.397054672241211
2.5325772762298584,0.14516331255435944,1.9292443990707397,3,2.287065267562866,2.2242555618286133,0.8025034666061401,sub-17,20260825,ses-03,ERP,2.2809269428253174
2.7238540649414062,0.14117829501628876,16.481975555419922,3,2.704796552658081,2.645512580871582,3.484508752822876,sub-18,20260825,ses-04,SSVEP,2.8044254779815674
2.5522680282592773,0.1473301202058792,2.832794666290283,3,2.6478824615478516,2.526244640350342,0.8293555378913879,sub-15,20260825,ses-04,SSVEP,2.655299186706543
2.394298553466797,0.12314490228891373,2.757082462310791,3,2.3848655223846436,2.2421417236328125,0.9981756806373596,sub-17,20260825,ses-02,ERP,2.411224603652954
2.1527538299560547,0.20202113687992096,13.538082122802734,3,2.565359354019165,2.946920394897461,0.869674801826477,sub-17,20260825,ses-04,SSVEP,2.7876007556915283
2.5173187255859375,0.1343713253736496,18.077707290649414,3,2.40871262550354,2.273446798324585,1.1561771631240845,sub-17,20260825,ses-02,SSVEP,2.6351633071899414
2.5749616622924805,0.12084264308214188,2.9620299339294434,3,2.4718120098114014,2.4214060306549072,1.0576708316802979,sub-15,20260825,ses-02,ERP,2.483921527862549
2.6974856853485107,0.10456345975399017,10.155701637268066,3,2.571500539779663,2.6129567623138428,1.3247040510177612,sub-15,20260825,ses-02,SSVEP,2.5371384620666504
2.3758902549743652,0.19262687861919403,4.3370184898376465,3,2.641622304916382,2.531649112701416,0.8535771369934082,sub-15,20260825,ses-04,SSVEP,2.6543025970458984
2.546294689178467,0.14872244000434875,4.285464286804199,3,2.2794175148010254,2.20963191986084,0.6350838541984558,sub-17,20260825,ses-03,ERP,2.250375270843506
2.7218103408813477,0.10914545506238937,18.029163360595703,3,2.5548489093780518,2.5370452404022217,0.6972969770431519,sub-18,20260825,ses-03,ERP,2.8345112800598145
2.2720344066619873,0.2628840208053589,2.771090269088745,3,2.543086528778076,2.5351812839508057,0.8051732182502747,sub-18,20260825,ses-02,SSVEP,2.549344778060913
2.417468547821045,0.13691706955432892,4.674444675445557,3,2.3847496509552,2.242227077484131,1.00942063331604,sub-17,20260825,ses-02,ERP,2.418820381164551
2.5826494693756104,0.10745110362768173,4.710587024688721,3,2.47092342376709,2.4183335304260254,1.0533607006072998,sub-15,20260825,ses-02,ERP,2.4405322074890137
2.603505849838257,0.09913629293441772,2.8871846199035645,3,2.4749677181243896,2.4263851642608643,0.916885256767273,sub-15,20260825,ses-02,ERP,2.462286949157715
2.492448329925537,0.171916663646698,3.9518754482269287,3,2.5594351291656494,2.5330255031585693,0.857664167881012,sub-18,20260825,ses-02,SSVEP,2.5806212425231934
2.56666898727417,0.12729284167289734,4.70329475402832,3,2.627242088317871,2.518542766571045,0.579877495765686,sub-18,20260825,ses-04,ERP,2.597074270248413
2.741880416870117,0.09551430493593216,17.271663665771484,3,2.507431983947754,2.5276246070861816,0.780061662197113,sub-18,20260825,ses-03,SSVEP,2.865849494934082
2.6317172050476074,0.10108073800802231,3.832965612411499,3,2.4088826179504395,2.2741055488586426,1.1908544301986694,sub-17,20260825,ses-02,SSVEP,2.4294190406799316
2.4800233840942383,0.19168619811534882,17.394569396972656,3,2.5960352420806885,2.628413438796997,1.3386361598968506,sub-15,20260825,ses-02,SSVEP,2.700453281402588
2.575192928314209,0.10627158731222153,1.2873564958572388,3,2.387622117996216,2.2486352920532227,0.9855747818946838,sub-17,20260825,ses-02,ERP,2.413285493850708
2.7209665775299072,0.10022130608558655,6.620790481567383,3,2.415623664855957,2.284870147705078,1.4967761039733887,sub-17,20260825,ses-02,SSVEP,2.4497225284576416
2.7198715209960938,0.10204334557056427,5.020392417907715,3,2.5084595680236816,2.5185108184814453,0.7780250906944275,sub-18,20260825,ses-03,SSVEP,2.528200149536133
2.458817958831787,0.13051244616508484,3.727447748184204,3,2.5868008136749268,2.5346474647521973,0.9677706956863403,sub-15,20260825,ses-04,ERP,2.59859299659729
2.5014824867248535,0.13186456263065338,6.609467506408691,3,2.6295766830444336,2.5189404487609863,0.6001126766204834,sub-18,20260825,ses-04,ERP,2.6354236602783203
2.4716265201568604,0.14863793551921844,6.901420593261719,3,2.3900914192199707,2.244772434234619,0.9893485307693481,sub-17,20260825,ses-02,ERP,2.441575288772583
2.2849059104919434,0.2477554827928543,2.719280242919922,3,2.655839204788208,2.538383960723877,0.8805990219116211,sub-15,20260825,ses-04,SSVEP,2.5872623920440674
2.595367908477783,0.10794766992330551,3.539973020553589,3,2.5858442783355713,2.5276668071746826,0.9493087530136108,sub-15,20260825,ses-04,ERP,2.592806339263916
2.426846981048584,0.1414501816034317,1.6382416486740112,3,2.391550302505493,2.2464702129364014,0.987994909286499,sub-17,20260825,ses-02,ERP,2.4303274154663086
2.4146785736083984,0.13606448471546173,2.061511516571045,3,2.3905508518218994,2.2418556213378906,0.9953275918960571,sub-17,20260825,ses-02,ERP,2.4238312244415283
2.4198036193847656,0.1486182063817978,3.6380767822265625,3,2.5852882862091064,2.5259182453155518,1.0621179342269897,sub-15,20260825,ses-04,ERP,2.575328826904297
2.5243172645568848,0.130935937166214,0.7761258482933044,3,2.498086929321289,2.385167360305786,0.7404456734657288,sub-17,20260825,ses-03,SSVEP,2.498032331466675
2.228727340698242,0.39542150497436523,2.072744607925415,3,2.5289132595062256,2.929680109024048,0.9164531826972961,sub-17,20260825,ses-04,SSVEP,2.5505082607269287
2.6251726150512695,0.11893314868211746,7.562242031097412,3,2.497647285461426,2.3860971927642822,0.8324950933456421,sub-17,20260825,ses-03,SSVEP,2.511542320251465
2.690378189086914,0.1275065839290619,3.056550979614258,3,2.5089805126190186,2.522045850753784,0.7879913449287415,sub-18,20260825,ses-03,SSVEP,2.4973442554473877
2.5831713676452637,0.10811027884483337,2.57850980758667,3,2.473083257675171,2.422919750213623,0.957388699054718,sub-15,20260825,ses-02,ERP,2.457630157470703
2.282942771911621,0.3139544129371643,3.918358564376831,3,2.538074254989624,2.9347543716430664,0.8773862719535828,sub-17,20260825,ses-04,SSVEP,2.5808258056640625
2.681849479675293,0.12072248756885529,9.60373306274414,3,2.4092795848846436,2.2754058837890625,1.6708904504776,sub-17,20260825,ses-02,SSVEP,2.5339059829711914
2.435842514038086,0.20473945140838623,17.309511184692383,3,2.6635236740112305,2.525350570678711,0.858681857585907,sub-15,20260825,ses-04,SSVEP,2.8553833961486816
2.167914867401123,0.2022402435541153,3.3962435722351074,3,2.5724735260009766,2.9450199604034424,0.9044780731201172,sub-17,20260825,ses-04,SSVEP,2.547114610671997
2.5951333045959473,0.13181662559509277,3.113063097000122,3,2.664015293121338,2.550598621368408,0.8027995228767395,sub-17,20260825,ses-04,ERP,2.5816619396209717
2.502286911010742,0.14647354185581207,3.8925297260284424,3,2.6731505393981934,2.665517807006836,1.9017932415008545,sub-18,20260825,ses-02,ERP,2.6412508487701416
2.6281485557556152,0.12034747749567032,2.1742730140686035,3,2.667057991027832,2.5582239627838135,0.8035820126533508,sub-17,20260825,ses-04,ERP,2.66534423828125
2.4330320358276367,0.12278977036476135,4.161873817443848,3,2.3895599842071533,2.2462158203125,0.9890770316123962,sub-17,20260825,ses-02,ERP,2.3974475860595703
2.476086139678955,0.1621037870645523,5.211958885192871,3,2.5050811767578125,2.3810980319976807,0.757785975933075,sub-17,20260825,ses-03,SSVEP,2.551093339920044
2.5660698413848877,0.1118185892701149,0.9382454752922058,3,2.4786250591278076,2.4293673038482666,0.9922829270362854,sub-15,20260825,ses-02,ERP,2.470790386199951
2.653280258178711,0.14527663588523865,9.954976081848145,3,2.570751667022705,2.603654384613037,1.2868149280548096,sub-15,20260825,ses-02,SSVEP,2.6133370399475098
2.561429500579834,0.12748439610004425,3.3722400665283203,3,2.4716591835021973,2.4212000370025635,1.3242372274398804,sub-15,20260825,ses-02,ERP,2.4565634727478027
2.6299848556518555,0.12578469514846802,2.5220139026641846,3,2.4968984127044678,2.3852505683898926,0.7774712443351746,sub-17,20260825,ses-03,SSVEP,2.5340685844421387
2.6176562309265137,0.12658239901065826,17.41887664794922,3,2.574355363845825,2.6342928409576416,1.3309463262557983,sub-15,20260825,ses-02,SSVEP,2.6755292415618896
2.446744441986084,0.2219141572713852,4.271389961242676,3,2.5749495029449463,2.5531020164489746,0.9274150133132935,sub-18,20260825,ses-02,SSVEP,2.5929009914398193
2.4092793464660645,0.23556724190711975,10.708236694335938,3,2.5420422554016113,2.581437826156616,1.2983531951904297,sub-15,20260825,ses-02,SSVEP,2.571047067642212
2.5775294303894043,0.13047641515731812,5.376112937927246,3,2.282538414001465,2.206543207168579,0.8319432735443115,sub-17,20260825,ses-03,ERP,2.309609889984131
2.6883087158203125,0.10526372492313385,2.9540109634399414,3,2.4755330085754395,2.4307861328125,0.9252892136573792,sub-15,20260825,ses-02,ERP,2.457263469696045
2.2880284786224365,0.18030714988708496,6.140939712524414,3,2.548295497894287,2.9401378631591797,0.9136756062507629,sub-17,20260825,ses-04,SSVEP,2.5559072494506836
2.6928601264953613,0.14387254416942596,3.9039762020111084,3,2.5595245361328125,2.529966115951538,0.7096273303031921,sub-18,20260825,ses-03,ERP,2.549198627471924
2.317066192626953,0.20511455833911896,3.979268789291382,3,2.63670015335083,2.5289828777313232,0.8214452862739563,sub-15,20260825,ses-04,SSVEP,2.674574613571167
2.3666810989379883,0.1727907955646515,3.051811456680298,3,2.3821375370025635,2.2481677532196045,1.0185738801956177,sub-17,20260825,ses-02,ERP,2.4390385150909424
2.3695144653320312,0.1717548370361328,1.326426386833191,3,2.5068252086639404,2.382232904434204,0.7175184488296509,sub-17,20260825,ses-03,SSVEP,2.5274710655212402
2.2388672828674316,0.22147136926651,5.241907596588135,3,2.5362510681152344,2.535386562347412,0.8860458135604858,sub-18,20260825,ses-02,SSVEP,2.571199417114258
2.4033870697021484,0.2077675461769104,4.507352352142334,3,2.545257329940796,2.543360710144043,0.8708822727203369,sub-18,20260825,ses-02,SSVEP,2.5666449069976807
2.5423505306243896,0.16927790641784668,9.22790241241455,3,2.420450210571289,2.6055045127868652,0.8130812048912048,sub-15,20260825,ses-03,SSVEP,2.5173087120056152
2.6150171756744385,0.11720632016658783,1.8836710453033447,3,2.403820514678955,2.2698073387145996,1.437608242034912,sub-17,20260825,ses-02,SSVEP,2.4163014888763428
2.572716474533081,0.1350049078464508,1.6242049932479858,3,2.404754877090454,2.270941734313965,1.6874449253082275,sub-17,20260825,ses-02,SSVEP,2.4163825511932373
2.663684844970703,0.11242551356554031,8.012733459472656,3,2.4146311283111572,2.2847626209259033,1.2872724533081055,sub-17,20260825,ses-02,SSVEP,2.4550435543060303
2.569291114807129,0.14218871295452118,4.041873455047607,3,2.6318840980529785,2.5226891040802,0.6084886789321899,sub-18,20260825,ses-04,ERP,2.615323305130005
2.543045997619629,0.11338138580322266,4.239756107330322,3,2.4748125076293945,2.424673080444336,1.0877668857574463,sub-15,20260825,ses-02,ERP,2.4689524173736572
2.5836427211761475,0.11897527426481247,0.9453744292259216,3,2.645090341567993,2.645366668701172,1.1951055526733398,sub-18,20260825,ses-02,ERP,2.6466879844665527
2.496225357055664,0.14546790719032288,5.442582607269287,3,2.577225685119629,2.5009970664978027,0.9535672068595886,sub-15,20260825,ses-04,ERP,2.6039016246795654
2.5684826374053955,0.11102856695652008,10.544456481933594,3,2.402836799621582,2.264840602874756,1.5743544101715088,sub-17,20260825,ses-02,SSVEP,2.5544919967651367
2.2855634689331055,0.24497021734714508,1.1250518560409546,3,2.4207699298858643,2.6027889251708984,0.7925403714179993,sub-15,20260825,ses-03,SSVEP,2.4247543811798096
2.107743263244629,0.3295247256755829,6.456796646118164,3,2.543138027191162,2.9248690605163574,0.9147496819496155,sub-17,20260825,ses-04,SSVEP,2.5613629817962646
2.4372010231018066,0.16702313721179962,2.5625240802764893,3,2.644585371017456,2.533247470855713,0.8576038479804993,sub-15,20260825,ses-04,SSVEP,2.610302209854126
2.7167294025421143,0.12464156746864319,6.24822473526001,3,2.5572383403778076,2.5377397537231445,0.7205867171287537,sub-18,20260825,ses-03,ERP,2.506852865219116
2.6942362785339355,0.1036176085472107,2.6266496181488037,3,2.5115551948547363,2.529365301132202,0.7768576741218567,sub-18,20260825,ses-03,SSVEP,2.495548963546753
2.292558193206787,0.1874433308839798,16.276723861694336,3,2.574395179748535,2.5308926105499268,1.2109757661819458,sub-15,20260825,ses-04,ERP,2.82350492477417
2.563528060913086,0.15763595700263977,3.51151704788208,3,2.650055408477783,2.54854416847229,0.7634742259979248,sub-17,20260825,ses-04,ERP,2.6389119625091553
2.247924566268921,0.21104539930820465,12.275964736938477,3,2.6289782524108887,2.5327253341674805,0.8646174669265747,sub-15,20260825,ses-04,SSVEP,2.848318338394165
2.64644193649292,0.11167217046022415,1.8018264770507812,3,2.638256311416626,2.526726722717285,0.5796559453010559,sub-18,20260825,ses-04,ERP,2.626424789428711
2.6093382835388184,0.11807918548583984,1.9185584783554077,3,2.2802460193634033,2.207285165786743,0.7386637926101685,sub-17,20260825,ses-03,ERP,2.2789156436920166
2.466541290283203,0.14313572645187378,10.094371795654297,3,2.6707518100738525,2.66066837310791,1.475799798965454,sub-18,20260825,ses-02,ERP,2.703819751739502
2.658966064453125,0.09693747758865356,7.01882266998291,3,2.4785568714141846,2.4332845211029053,1.0016974210739136,sub-15,20260825,ses-02,ERP,2.5138134956359863
2.510906457901001,0.1028718426823616,6.9338860511779785,3,2.472499132156372,2.4233508110046387,1.1447640657424927,sub-15,20260825,ses-02,ERP,2.490340232849121
2.5444140434265137,0.12641113996505737,5.514797687530518,3,2.4918534755706787,2.3889083862304688,0.8169385194778442,sub-17,20260825,ses-03,SSVEP,2.5463709831237793
2.6264572143554688,0.10292144864797592,0.7228032946586609,3,2.4734737873077393,2.426671028137207,0.8505103588104248,sub-15,20260825,ses-02,ERP,2.4683854579925537
2.6777901649475098,0.0999721959233284,1.3293989896774292,3,2.574550151824951,2.479421377182007,0.5731146931648254,sub-18,20260826,ses-04,ERP,2.57399582862854
2.728585720062256,0.1287601888179779,3.5861833095550537,3,2.4843080043792725,2.548173189163208,0.7684939503669739,sub-18,20260826,ses-03,SSVEP,2.55165696144104
2.6093335151672363,0.13138103485107422,11.021778106689453,3,2.5045242309570312,2.5363729000091553,1.3224401473999023,sub-15,20260826,ses-02,SSVEP,2.615445137023926
2.6640920639038086,0.14626635611057281,18.054134368896484,3,2.3918473720550537,2.4584481716156006,0.748936116695404,sub-15,20260826,ses-03,ERP,2.7237133979797363
2.606473445892334,0.13025738298892975,3.0842247009277344,3,2.7172131538391113,2.655869245529175,1.1557258367538452,sub-18,20260826,ses-02,ERP,2.7280211448669434
2.614506483078003,0.14595858752727509,3.1440744400024414,3,2.6428184509277344,2.6150755882263184,1.1081931591033936,sub-18,20260826,ses-02,SSVEP,2.637063503265381
2.484889030456543,0.19620037078857422,3.5056867599487305,3,2.7220232486724854,2.65234637260437,1.212783694267273,sub-18,20260826,ses-02,ERP,2.683210849761963
2.58718204498291,0.11327127367258072,9.880791664123535,3,2.6903140544891357,2.6406948566436768,0.8065113425254822,sub-15,20260826,ses-04,ERP,2.64992356300354
2.67136287689209,0.13326309621334076,1.1520463228225708,3,2.5161325931549072,2.389132261276245,0.7830787301063538,sub-17,20260826,ses-03,SSVEP,2.5296754837036133
2.67094087600708,0.15023420751094818,3.7969770431518555,3,2.4867966175079346,2.353902578353882,1.2767513990402222,sub-17,20260826,ses-02,SSVEP,2.572296142578125
2.4953603744506836,0.16833987832069397,17.26522445678711,3,2.699384927749634,2.641589641571045,0.8818367719650269,sub-15,20260826,ses-04,ERP,2.6672914028167725
2.3823769092559814,0.2543785572052002,4.174703121185303,3,2.681950807571411,3.0184383392333984,1.0316191911697388,sub-17,20260826,ses-04,SSVEP,2.5367941856384277
2.73646879196167,0.08631455898284912,17.19976234436035,3,2.6433827877044678,2.5511412620544434,3.3445489406585693,sub-18,20260826,ses-04,SSVEP,2.3979806900024414
2.5138235092163086,0.2512117326259613,1.8790931701660156,3,2.5054385662078857,2.366694927215576,0.7654356360435486,sub-17,20260826,ses-03,SSVEP,2.535552501678467
2.6684765815734863,0.10822482407093048,4.0163140296936035,3,2.5389392375946045,2.4121742248535156,1.5107027292251587,sub-17,20260826,ses-02,SSVEP,2.463413715362549
2.646303653717041,0.10628315806388855,16.8908748626709,3,2.5757789611816406,2.477677345275879,0.5541252493858337,sub-18,20260826,ses-04,ERP,2.701476573944092
2.5471136569976807,0.17788611352443695,16.398822784423828,3,2.49554443359375,2.6780447959899902,0.7727832794189453,sub-15,20260826,ses-03,SSVEP,2.813035011291504
2.4219748973846436,0.1535917967557907,0.7809105515480042,3,2.5099570751190186,2.4535202980041504,1.13623046875,sub-15,20260826,ses-02,ERP,2.5137996673583984
2.6561973094940186,0.10781329870223999,2.6730759143829346,3,2.4160897731781006,2.476271152496338,0.8902826309204102,sub-15,20260826,ses-03,ERP,2.348067045211792
2.6518964767456055,0.11179254204034805,2.1324660778045654,3,2.5962328910827637,2.4925479888916016,0.5823760628700256,sub-18,20260826,ses-04,ERP,2.5598948001861572
2.63881254196167,0.12884683907032013,1.4272059202194214,3,2.4190561771392822,2.4751474857330322,0.7260913848876953,sub-15,20260826,ses-03,ERP,2.361778497695923
2.7633650302886963,0.07956888526678085,4.538925647735596,3,2.4949045181274414,2.546950578689575,0.7624496221542358,sub-18,20260826,ses-03,SSVEP,2.534710168838501
2.61519193649292,0.16307741403579712,13.635198593139648,3,2.4461605548858643,2.4924824237823486,1.4301146268844604,sub-15,20260826,ses-02,SSVEP,2.6212611198425293
2.4467296600341797,0.3031748831272125,3.9469237327575684,3,2.660872220993042,2.624720811843872,1.044222354888916,sub-18,20260826,ses-02,SSVEP,2.5758121013641357
2.5836055278778076,0.14562052488327026,12.293766021728516,3,2.4514386653900146,2.495009422302246,1.3959380388259888,sub-15,20260826,ses-02,SSVEP,2.628251314163208
2.7422678470611572,0.11078379303216934,2.4474740028381348,3,2.5236873626708984,2.5691070556640625,0.7031079530715942,sub-18,20260826,ses-03,ERP,2.4919016361236572
2.4048640727996826,0.28118130564689636,6.829043865203857,3,2.693223237991333,3.0547478199005127,0.9964500069618225,sub-17,20260826,ses-04,SSVEP,2.665537118911743
2.7189583778381348,0.1092645674943924,9.021400451660156,3,2.59328556060791,2.4968199729919434,0.5939265489578247,sub-18,20260826,ses-04,ERP,2.7024152278900146
2.528006076812744,0.23396940529346466,3.2109439373016357,3,2.4195497035980225,2.478362560272217,0.8365195989608765,sub-15,20260826,ses-03,ERP,2.3931891918182373
2.484031915664673,0.18917830288410187,3.4705426692962646,3,2.6028475761413574,2.9799859523773193,0.8604788780212402,sub-17,20260826,ses-04,SSVEP,2.5731008052825928
2.6573336124420166,0.13888335227966309,18.576950073242188,3,2.4987635612487793,2.532688617706299,1.376964807510376,sub-15,20260826,ses-02,SSVEP,2.9675629138946533
2.5222012996673584,0.2368517518043518,2.8588550090789795,3,2.6781420707702637,2.648627281188965,0.8138504028320312,sub-18,20260826,ses-02,SSVEP,2.619701862335205
2.63474178314209,0.1192924901843071,11.250754356384277,3,2.467991352081299,2.4297733306884766,1.0017510652542114,sub-17,20260826,ses-02,ERP,2.538576602935791
2.6491596698760986,0.16813556849956512,2.43806791305542,3,2.5194835662841797,2.3789432048797607,1.5487468242645264,sub-17,20260826,ses-02,SSVEP,2.476194143295288
2.516037940979004,0.1835348755121231,3.748286724090576,3,2.665828227996826,2.59293794631958,1.4389078617095947,sub-17,20260826,ses-04,ERP,2.6126251220703125
2.6345973014831543,0.14010274410247803,4.657956123352051,3,2.517387628555298,2.5620689392089844,0.7169400453567505,sub-18,20260826,ses-03,ERP,2.5081899166107178
2.536341667175293,0.15804250538349152,17.58930778503418,3,2.5841798782348633,2.5161080360412598,0.8059698939323425,sub-15,20260826,ses-04,SSVEP,2.812211036682129
2.627713918685913,0.16160725057125092,18.519071578979492,3,2.5439929962158203,2.414433479309082,1.772162675857544,sub-17,20260826,ses-02,SSVEP,2.8633391857147217
2.7106704711914062,0.10855329781770706,11.153600692749023,3,2.582227945327759,2.4833173751831055,0.5725155472755432,sub-18,20260826,ses-04,ERP,2.644599437713623
2.640462636947632,0.10867033153772354,3.1700034141540527,3,2.6150994300842285,2.514146327972412,0.6108710765838623,sub-18,20260826,ses-04,ERP,2.582367181777954
2.757239580154419,0.10197599232196808,11.40816593170166,3,2.488388776779175,2.5513768196105957,0.7620596289634705,sub-18,20260826,ses-03,SSVEP,2.6655633449554443
2.5204262733459473,0.1630091667175293,4.610140323638916,3,2.590700387954712,2.5211803913116455,0.8129264116287231,sub-15,20260826,ses-04,SSVEP,2.6140973567962646
2.577763557434082,0.14254571497440338,5.584884166717529,3,2.6808900833129883,2.6149163246154785,0.9591742753982544,sub-15,20260826,ses-04,ERP,2.6341464519500732
2.6212503910064697,0.11866338551044464,2.46205472946167,3,2.390134572982788,2.365535020828247,1.1080505847930908,sub-17,20260826,ses-03,ERP,2.3623642921447754
2.369689464569092,0.17379030585289001,2.5700814723968506,3,2.711824655532837,2.680196523666382,1.793097972869873,sub-18,20260826,ses-02,ERP,2.6856377124786377
2.533480644226074,0.15144580602645874,11.082684516906738,3,2.495915412902832,2.3631598949432373,0.7499452829360962,sub-17,20260826,ses-03,SSVEP,2.6081502437591553
2.5804030895233154,0.19957837462425232,17.927295684814453,3,2.527658462524414,2.572901487350464,0.7403024435043335,sub-18,20260826,ses-03,ERP,2.7931153774261475
2.459653377532959,0.1973945051431656,2.289762020111084,3,2.7032713890075684,2.6742162704467773,1.595079779624939,sub-18,20260826,ses-02,ERP,2.729893684387207
2.7341461181640625,0.09540359675884247,16.319551467895508,3,2.616917848587036,2.518627405166626,3.240234613418579,sub-18,20260826,ses-04,SSVEP,2.5037548542022705
2.674149990081787,0.1354653686285019,4.2544403076171875,3,2.534367322921753,2.4063494205474854,1.481995701789856,sub-17,20260826,ses-02,SSVEP,2.453791856765747
2.467996120452881,0.171813502907753,7.084856033325195,3,2.668079137802124,2.578836441040039,1.6354894638061523,sub-17,20260826,ses-04,ERP,2.556422472000122
2.3883440494537354,0.18474802374839783,7.300765514373779,3,2.6185126304626465,2.523421049118042,1.044447660446167,sub-17,20260826,ses-04,ERP,2.5515146255493164
2.5997018814086914,0.10779763013124466,10.699790000915527,3,2.5755903720855713,2.4824297428131104,0.5526637434959412,sub-18,20260826,ses-04,ERP,2.6576054096221924
2.474763870239258,0.18318653106689453,2.7213385105133057,3,2.4642019271850586,2.643310070037842,0.7283548712730408,sub-15,20260826,ses-03,SSVEP,2.4570724964141846
2.736487865447998,0.11058565229177475,12.588629722595215,3,2.730429172515869,2.6470305919647217,3.6203112602233887,sub-18,20260826,ses-04,SSVEP,2.543257474899292
2.5071098804473877,0.18045632541179657,3.9444892406463623,3,2.5807855129241943,2.498530149459839,0.8792703151702881,sub-15,20260826,ses-04,SSVEP,2.619248151779175
2.3553290367126465,0.34952589869499207,18.45130729675293,3,2.6674184799194336,2.6311256885528564,0.8088678121566772,sub-18,20260826,ses-02,SSVEP,2.888432264328003
2.6824803352355957,0.12532421946525574,2.367131471633911,3,2.6036078929901123,2.5001304149627686,0.5657266974449158,sub-18,20260826,ses-04,ERP,2.569399118423462
2.593716621398926,0.13403892517089844,2.9369277954101562,3,2.479679822921753,2.340620517730713,1.0697578191757202,sub-17,20260826,ses-02,SSVEP,2.5305089950561523
2.5047554969787598,0.1616636961698532,5.965173721313477,3,2.6747703552246094,3.0549845695495605,1.093689203262329,sub-17,20260826,ses-04,SSVEP,2.6081740856170654
2.356278896331787,0.18072733283042908,5.557799816131592,3,2.6226792335510254,2.510732889175415,1.3241084814071655,sub-17,20260826,ses-04,ERP,2.5797488689422607
2.683575391769409,0.14877364039421082,12.501940727233887,3,2.4786713123321533,2.5167384147644043,1.401023030281067,sub-15,20260826,ses-02,SSVEP,2.620441436767578
2.6495659351348877,0.14468207955360413,4.996455192565918,3,2.5294015407562256,2.3921306133270264,1.5322809219360352,sub-17,20260826,ses-02,SSVEP,2.5868284702301025
2.5026144981384277,0.16951383650302887,10.342989921569824,3,2.448399066925049,2.4416089057922363,1.013245940208435,sub-17,20260826,ses-02,ERP,2.5387651920318604
2.674010992050171,0.17458708584308624,5.794614791870117,3,2.5319204330444336,2.5754382610321045,0.7149638533592224,sub-18,20260826,ses-03,ERP,2.5209693908691406
2.6761980056762695,0.10493766516447067,11.182558059692383,3,2.464968204498291,2.6518023014068604,0.724815845489502,sub-15,20260826,ses-03,SSVEP,2.5290181636810303
2.3562421798706055,0.23115450143814087,3.4805514812469482,3,2.5079634189605713,2.4590377807617188,1.04413640499115,sub-17,20260826,ses-02,ERP,2.405491828918457
2.401883363723755,0.23610901832580566,2.9725699424743652,3,2.5209667682647705,2.397068977355957,0.6931740641593933,sub-17,20260826,ses-03,SSVEP,2.5217037200927734
2.6136083602905273,0.12268110364675522,2.5792348384857178,3,2.3479552268981934,2.304588794708252,0.7595710754394531,sub-17,20260826,ses-03,ERP,2.410461187362671
2.5545029640197754,0.12499454617500305,7.269326686859131,3,2.6759891510009766,2.628329038619995,0.8265694975852966,sub-15,20260826,ses-04,ERP,2.617734670639038
2.571722984313965,0.12542614340782166,4.353838920593262,3,2.4551398754119873,2.6405439376831055,0.7023791074752808,sub-15,20260826,ses-03,SSVEP,2.5383481979370117
2.578948497772217,0.17189545929431915,5.6504716873168945,3,2.597027540206909,2.5302202701568604,0.7960500121116638,sub-15,20260826,ses-04,SSVEP,2.675760507583618
2.086362838745117,0.4124469757080078,4.720240116119385,3,2.6691675186157227,2.6333601474761963,1.4923640489578247,sub-18,20260826,ses-02,SSVEP,2.6045291423797607
2.4834561347961426,0.2891196310520172,4.309719562530518,3,2.5258564949035645,2.57913875579834,0.735865592956543,sub-18,20260826,ses-03,ERP,2.51168155670166
2.495697021484375,0.16744112968444824,1.103714108467102,3,2.734389543533325,2.6582789421081543,1.2955785989761353,sub-18,20260826,ses-02,ERP,2.702756643295288
2.75946044921875,0.08310160785913467,17.885597229003906,3,2.737926959991455,2.651606321334839,3.6817052364349365,sub-18,20260826,ses-04,SSVEP,2.486760377883911
2.513178825378418,0.16027842462062836,7.475973606109619,3,2.7096452713012695,2.6588706970214844,0.8348888158798218,sub-15,20260826,ses-04,ERP,2.614696979522705
2.2831671237945557,0.23577964305877686,7.693931579589844,3,2.659999370574951,2.623729944229126,1.0935600996017456,sub-18,20260826,ses-02,SSVEP,2.6187093257904053
2.563866138458252,0.1317015141248703,3.1410975456237793,3,2.3793952465057373,2.3541228771209717,0.9241461157798767,sub-17,20260826,ses-03,ERP,2.375633478164673
2.55772066116333,0.16130249202251434,3.141552209854126,3,2.4691684246063232,2.3290646076202393,1.0164082050323486,sub-17,20260826,ses-02,SSVEP,2.529279947280884
2.439849376678467,0.1883426457643509,1.4196703433990479,3,2.746922731399536,2.683276653289795,1.106252670288086,sub-18,20260826,ses-02,ERP,2.7047195434570312
2.5250611305236816,0.152106374502182,1.6914525032043457,3,2.731099843978882,2.6520323753356934,1.321594476699829,sub-18,20260826,ses-02,ERP,2.716107130050659
2.399073600769043,0.1807405650615692,1.8625524044036865,3,2.4843273162841797,2.4433653354644775,0.8593809008598328,sub-15,20260826,ses-02,ERP,2.506847381591797
2.5697481632232666,0.11980921775102615,2.590345859527588,3,2.7046806812286377,2.6375529766082764,1.2112178802490234,sub-18,20260826,ses-02,ERP,2.685382843017578
2.559025287628174,0.14478275179862976,4.771488189697266,3,2.7085559368133545,2.661181688308716,0.8857837915420532,sub-15,20260826,ses-04,ERP,2.638625144958496
2.436673641204834,0.19772058725357056,8.779058456420898,3,2.5526726245880127,2.5532655715942383,1.2684803009033203,sub-15,20260826,ses-02,SSVEP,2.6393797397613525
2.6474156379699707,0.12732303142547607,18.34600067138672,3,2.500180959701538,2.3588216304779053,1.307979941368103,sub-17,20260826,ses-02,SSVEP,2.9542791843414307
2.6372592449188232,0.18486130237579346,16.326576232910156,3,2.60785174369812,2.980097532272339,0.8722559809684753,sub-17,20260826,ses-04,SSVEP,2.6903181076049805
2.661532163619995,0.11509309709072113,4.28383731842041,3,2.6371119022369385,2.5300133228302,0.5939984917640686,sub-18,20260826,ses-04,ERP,2.531189203262329
2.4810690879821777,0.1646687239408493,4.832648754119873,3,2.5915896892547607,2.5146355628967285,0.7737468481063843,sub-15,20260826,ses-04,SSVEP,2.6373820304870605
2.465784788131714,0.18912681937217712,1.005581259727478,3,2.7200980186462402,2.6380772590637207,1.1774145364761353,sub-18,20260826,ses-02,ERP,2.701275587081909
2.6468124389648438,0.1675540655851364,2.6163601875305176,3,2.518566846847534,2.569085121154785,0.7189537286758423,sub-18,20260826,ses-03,ERP,2.499244451522827
2.5795722007751465,0.12663580477237701,3.3800668716430664,3,2.3607189655303955,2.316643714904785,0.7060247659683228,sub-17,20260826,ses-03,ERP,2.363114833831787
2.7307045459747314,0.12328142672777176,16.992490768432617,3,2.6366801261901855,2.548236846923828,3.3265700340270996,sub-18,20260826,ses-04,SSVEP,2.408601999282837
2.571415424346924,0.20716941356658936,18.380491256713867,3,2.507949113845825,2.371751070022583,1.5465788841247559,sub-17,20260826,ses-02,SSVEP,2.938913106918335
2.730163335800171,0.11152081191539764,2.4044721126556396,3,2.5174882411956787,2.5712890625,0.7306168079376221,sub-18,20260826,ses-03,ERP,2.521827459335327
2.0187160968780518,0.4689929783344269,5.735245704650879,3,2.643203020095825,2.6093053817749023,1.607067346572876,sub-18,20260826,ses-02,SSVEP,2.6218934059143066
2.6736602783203125,0.10517627000808716,2.0820491313934326,3,2.6181981563568115,2.506174087524414,0.571654736995697,sub-18,20260826,ses-04,ERP,2.577812910079956
2.3099284172058105,0.18594802916049957,1.184253215789795,3,2.498699903488159,2.4456872940063477,1.1664069890975952,sub-15,20260826,ses-02,ERP,2.5055480003356934
2.523285150527954,0.12881077826023102,3.3846025466918945,3,2.3975656032562256,2.3727011680603027,1.1684353351593018,sub-17,20260826,ses-03,ERP,2.39253306388855
2.3406949043273926,0.23400366306304932,5.350985050201416,3,2.6559932231903076,3.0132172107696533,0.9590341448783875,sub-17,20260826,ses-04,SSVEP,2.5376808643341064
2.6508631706237793,0.11030422151088715,3.3656280040740967,3,2.7128896713256836,2.640500783920288,1.2077326774597168,sub-18,20260826,ses-02,ERP,2.7080962657928467
2.6332285404205322,0.14855796098709106,4.727717399597168,3,2.69140362739563,2.663069725036621,0.8726389408111572,sub-18,20260826,ses-02,SSVEP,2.641373634338379
2.619521141052246,0.1296505630016327,3.958563804626465,3,2.5761148929595947,2.478241443634033,0.5437444448471069,sub-18,20260826,ses-04,ERP,2.629744291305542
2.4296958446502686,0.172183558344841,2.794658899307251,3,2.583171844482422,2.489779472351074,0.8645524978637695,sub-17,20260826,ses-04,ERP,2.646885395050049
2.7212255001068115,0.09873444586992264,17.953317642211914,3,2.523693561553955,2.567509174346924,0.6986241936683655,sub-18,20260826,ses-03,ERP,2.805293321609497
2.4746923446655273,0.16898925602436066,12.3866605758667,3,2.6665732860565186,2.581169605255127,1.4734742641448975,sub-17,20260826,ses-04,ERP,2.63761830329895
2.7015700340270996,0.10437124967575073,16.279172897338867,3,2.614731550216675,2.505078077316284,0.569087028503418,sub-18,20260826,ses-04,ERP,2.693250894546509
2.537914752960205,0.2782362699508667,16.36751365661621,3,2.5476033687591553,2.4392640590667725,2.5711350440979004,sub-18,20260826,ses-04,SSVEP,2.5099143981933594
2.4673967361450195,0.1777079701423645,3.9539716243743896,3,2.7454586029052734,2.653031587600708,1.104851245880127,sub-18,20260826,ses-02,ERP,2.687526226043701
2.480973958969116,0.13741953670978546,7.100062370300293,3,2.6806728839874268,2.6224777698516846,0.8170405030250549,sub-15,20260826,ses-04,ERP,2.639204740524292
2.4964964389801025,0.2117014229297638,16.117965698242188,3,2.646602153778076,3.0054383277893066,1.016576886177063,sub-17,20260826,ses-04,SSVEP,2.78318190574646
2.3187320232391357,0.26768508553504944,9.412796974182129,3,2.5482001304626465,2.5719289779663086,1.2756794691085815,sub-15,20260826,ses-02,SSVEP,2.639498710632324
2.5381674766540527,0.14811226725578308,4.330962181091309,3,2.654155969619751,2.9907405376434326,1.0255415439605713,sub-17,20260826,ses-04,SSVEP,2.608898162841797
2.4643259048461914,0.2213834822177887,3.9915990829467773,3,2.597557544708252,2.520033597946167,0.8594192266464233,sub-15,20260826,ses-04,SSVEP,2.646463632583618
2.4494781494140625,0.14742934703826904,3.1320600509643555,3,2.48946213722229,2.4361581802368164,0.8396086692810059,sub-15,20260826,ses-02,ERP,2.4900472164154053
2.4069879055023193,0.2314700484275818,12.719953536987305,3,2.4994430541992188,2.342271327972412,0.6845812201499939,sub-17,20260826,ses-03,SSVEP,2.649387836456299
2.51717472076416,0.1387075036764145,3.0965352058410645,3,2.471639394760132,2.4408304691314697,1.762099266052246,sub-17,20260826,ses-03,ERP,2.3766751289367676
2.540785551071167,0.16000835597515106,3.0985145568847656,3,2.497793197631836,2.6788737773895264,0.7900060415267944,sub-15,20260826,ses-03,SSVEP,2.537492275238037
2.243023157119751,0.27649977803230286,5.899919033050537,3,2.6011784076690674,2.5155601501464844,1.1087743043899536,sub-17,20260826,ses-04,ERP,2.7051773071289062
2.5912415981292725,0.155737966299057,2.9078845977783203,3,2.394674301147461,2.365447759628296,1.0479443073272705,sub-17,20260826,ses-03,ERP,2.387939453125
2.5989677906036377,0.22168351709842682,1.6485997438430786,3,2.5215160846710205,2.568862199783325,0.7274394035339355,sub-18,20260826,ses-03,ERP,2.5139338970184326
2.686208724975586,0.14331774413585663,1.3652936220169067,3,2.497556447982788,2.5473215579986572,0.7715404033660889,sub-18,20260826,ses-03,SSVEP,2.500617742538452
2.5212981700897217,0.16171146929264069,5.6634368896484375,3,2.6149163246154785,2.5016534328460693,1.0907580852508545,sub-17,20260826,ses-04,ERP,2.5555624961853027
2.511697292327881,0.14569686353206635,2.9235475063323975,3,2.6259515285491943,2.5683765411376953,0.8210465312004089,sub-15,20260826,ses-04,ERP,2.638303518295288
2.739701747894287,0.09634238481521606,2.8009841442108154,3,2.515861988067627,2.569275379180908,0.7256385684013367,sub-18,20260826,ses-03,ERP,2.5170090198516846
2.5004849433898926,0.15789319574832916,5.306264877319336,3,2.504087209701538,2.3529727458953857,0.7053983807563782,sub-17,20260826,ses-03,SSVEP,2.533904552459717
2.4888601303100586,0.16984562575817108,3.313896656036377,3,2.5039591789245605,2.438300132751465,1.0183444023132324,sub-17,20260826,ses-02,ERP,2.4108541011810303
2.4967684745788574,0.18770569562911987,9.695847511291504,3,2.597367763519287,2.5245115756988525,0.8413891792297363,sub-15,20260826,ses-04,SSVEP,2.702998161315918
2.2923009395599365,0.2015971690416336,5.745946884155273,3,2.662468194961548,3.022218704223633,0.991391122341156,sub-17,20260826,ses-04,SSVEP,2.6608664989471436
2.724151611328125,0.13554520905017853,1.9570376873016357,3,2.502628803253174,2.5441982746124268,0.769294261932373,sub-18,20260826,ses-03,SSVEP,2.480226516723633
2.512763738632202,0.14479462802410126,9.621795654296875,3,2.605393648147583,2.497252941131592,1.0765572786331177,sub-17,20260826,ses-04,ERP,2.8162362575531006
2.536703586578369,0.17736773192882538,12.062748908996582,3,2.5112009048461914,2.5452332496643066,1.4418020248413086,sub-15,20260826,ses-02,SSVEP,2.63515043258667
2.747835397720337,0.10789988934993744,4.098878860473633,3,2.4864394664764404,2.54842472076416,0.7645720839500427,sub-18,20260826,ses-03,SSVEP,2.509056329727173
2.6552395820617676,0.15682868659496307,1.157740592956543,3,2.455803394317627,2.4891374111175537,0.762360692024231,sub-15,20260826,ses-03,ERP,2.4012129306793213
2.544477939605713,0.1171368733048439,6.722360134124756,3,2.496417999267578,2.4445981979370117,1.0154995918273926,sub-15,20260826,ses-02,ERP,2.5011212825775146
2.5942306518554688,0.2178386151790619,16.049495697021484,3,2.5531766414642334,2.4526865482330322,2.5426485538482666,sub-18,20260826,ses-04,SSVEP,2.4890592098236084
2.5242223739624023,0.22188721597194672,12.624741554260254,3,2.4727954864501953,2.3214755058288574,1.0235663652420044,sub-17,20260826,ses-02,SSVEP,2.578002691268921
2.629228115081787,0.16653475165367126,11.939515113830566,3,2.5164504051208496,2.3764007091522217,1.487412691116333,sub-17,20260826,ses-02,SSVEP,2.5516741275787354
2.5606162548065186,0.13098099827766418,0.7157624959945679,3,2.491487979888916,2.4393820762634277,1.002665400505066,sub-15,20260826,ses-02,ERP,2.4928557872772217
2.6530582904815674,0.15803924202919006,1.258912444114685,3,2.526585102081299,2.389286994934082,1.4075194597244263,sub-17,20260826,ses-02,SSVEP,2.472480058670044
2.579324722290039,0.17347219586372375,2.514451026916504,3,2.468187093734741,2.3243606090545654,1.0561957359313965,sub-17,20260826,ses-02,SSVEP,2.4575092792510986
2.3526370525360107,0.20076493918895721,6.219191074371338,3,2.6830408573150635,3.0434157848358154,1.0337516069412231,sub-17,20260826,ses-04,SSVEP,2.6847074031829834
2.520970106124878,0.14728516340255737,9.82348918914795,3,2.4936158657073975,2.675036907196045,0.7316538691520691,sub-15,20260826,ses-03,SSVEP,2.523473024368286
2.7380733489990234,0.09150844812393188,17.52177619934082,3,2.7272450923919678,2.641472816467285,3.6044294834136963,sub-18,20260826,ses-04,SSVEP,2.618175506591797
2.566754102706909,0.17676521837711334,4.0464091300964355,3,2.5954489707946777,2.530452013015747,0.798754870891571,sub-15,20260826,ses-04,SSVEP,2.6424524784088135
2.4375128746032715,0.1743992418050766,5.863641738891602,3,2.6220736503601074,2.578791379928589,0.9094917178153992,sub-15,20260826,ses-04,SSVEP,2.698019504547119
2.5668118000030518,0.1456848680973053,1.5439753532409668,3,2.5060110092163086,2.362191677093506,0.7496223449707031,sub-17,20260826,ses-03,SSVEP,2.5418853759765625
2.4742517471313477,0.16610905528068542,5.290417194366455,3,2.634510040283203,2.5373284816741943,1.1555532217025757,sub-17,20260826,ses-04,ERP,2.6110081672668457
2.49491024017334,0.1868363916873932,14.585196495056152,3,2.4939253330230713,2.5312702655792236,1.4409241676330566,sub-15,20260826,ses-02,SSVEP,2.6197807788848877
2.315337896347046,0.2020532786846161,5.057538032531738,3,2.6637322902679443,2.5498223304748535,1.3868838548660278,sub-17,20260826,ses-04,ERP,2.6163487434387207
2.593491554260254,0.12743301689624786,2.1493422985076904,3,2.436577320098877,2.4799811840057373,0.7485748529434204,sub-15,20260826,ses-03,ERP,2.3728384971618652
2.4650893211364746,0.20552773773670197,3.750753879547119,3,2.481710195541382,2.438887357711792,0.9868379831314087,sub-17,20260826,ses-02,ERP,2.411261796951294
2.567096471786499,0.16972565650939941,1.9419755935668945,3,2.378162145614624,2.3518197536468506,0.9460974335670471,sub-17,20260826,ses-03,ERP,2.37723708152771
2.531461715698242,0.17161962389945984,7.175670623779297,3,2.4948995113372803,2.4316251277923584,0.8745796084403992,sub-15,20260826,ses-02,ERP,2.525245189666748
2.6872098445892334,0.1093355119228363,3.9063007831573486,3,2.6099720001220703,2.511150360107422,0.5950939655303955,sub-18,20260826,ses-04,ERP,2.631328582763672
2.398221731185913,0.19406850636005402,12.674860000610352,3,2.481890916824341,2.5152547359466553,1.44804048538208,sub-15,20260826,ses-02,SSVEP,2.630204439163208
2.4722909927368164,0.16188058257102966,13.018514633178711,3,2.4932472705841064,2.3612818717956543,0.7523274421691895,sub-17,20260826,ses-03,SSVEP,2.6473207473754883
2.739824056625366,0.1170499175786972,5.1826090812683105,3,2.674821376800537,2.6657028198242188,1.0067049264907837,sub-18,20260826,ses-02,SSVEP,2.6184027194976807
2.467106819152832,0.2857513129711151,4.6076483726501465,3,2.4735991954803467,2.335590124130249,1.2236891984939575,sub-17,20260826,ses-02,SSVEP,2.4590649604797363
2.6429333686828613,0.10844508558511734,2.7254319190979004,3,2.6303861141204834,2.523909091949463,0.5835569500923157,sub-18,20260826,ses-04,ERP,2.55151104927063
2.5417227745056152,0.14174684882164001,17.993085861206055,3,2.4373414516448975,2.479308605194092,0.7155678868293762,sub-15,20260826,ses-03,ERP,2.7018051147460938
2.547207832336426,0.20405852794647217,2.1076273918151855,3,2.466895341873169,2.329258441925049,1.0624271631240845,sub-17,20260826,ses-02,SSVEP,2.47916579246521
2.521307945251465,0.1747414767742157,13.469189643859863,3,2.447733163833618,2.4847934246063232,1.3613113164901733,sub-15,20260826,ses-02,SSVEP,2.6105031967163086
2.5537662506103516,0.11538185924291611,6.827801704406738,3,2.6413064002990723,2.5917599201202393,0.8424824476242065,sub-15,20260826,ses-04,ERP,2.6264853477478027
2.333402395248413,0.3055129945278168,15.302927017211914,3,2.584981679916382,2.511033296585083,0.9153826832771301,sub-15,20260826,ses-04,SSVEP,2.8086798191070557
2.7252650260925293,0.10576727986335754,6.018311500549316,3,2.676168918609619,2.657905340194702,0.7998312711715698,sub-18,20260826,ses-02,SSVEP,2.611668825149536
2.481776714324951,0.17401595413684845,4.242897033691406,3,2.648560047149658,2.998513698577881,1.0349200963974,sub-17,20260826,ses-04,SSVEP,2.570350170135498
2.5534934997558594,0.18052706122398376,3.3539621829986572,3,2.6877973079681396,3.035280704498291,1.0854103565216064,sub-17,20260826,ses-04,SSVEP,2.566533088684082
2.4758033752441406,0.2080305963754654,10.243590354919434,3,2.585644483566284,2.5092859268188477,0.8424511551856995,sub-15,20260826,ses-04,SSVEP,2.703688383102417
2.548553466796875,0.1758880317211151,9.855100631713867,3,2.4587936401367188,2.653057098388672,0.7888554334640503,sub-15,20260826,ses-03,SSVEP,2.52602219581604
2.4616503715515137,0.1700376570224762,9.376193046569824,3,2.71589732170105,2.6727707386016846,0.8017916679382324,sub-15,20260826,ses-04,ERP,2.663774251937866
2.3975274562835693,0.2307388335466385,3.2056713104248047,3,2.7153780460357666,2.6343071460723877,1.172499656677246,sub-18,20260826,ses-02,ERP,2.7716550827026367
2.6957852840423584,0.10434538871049881,1.0700368881225586,3,2.6073968410491943,2.5037221908569336,0.5838057994842529,sub-18,20260826,ses-04,ERP,2.607802629470825
2.6000938415527344,0.21037834882736206,2.0524709224700928,3,2.520465612411499,2.564913511276245,0.7356613874435425,sub-18,20260826,ses-03,ERP,2.506693124771118
2.5246715545654297,0.15516158938407898,4.402031898498535,3,2.4746716022491455,2.652323007583618,0.7759366035461426,sub-15,20260826,ses-03,SSVEP,2.5072357654571533
2.7391481399536133,0.094154953956604,1.375544548034668,3,2.5318996906280518,2.5756876468658447,0.6977708339691162,sub-18,20260826,ses-03,ERP,2.5213704109191895
2.758972644805908,0.09676070511341095,2.3892321586608887,3,2.5050368309020996,2.548553943634033,0.7638809084892273,sub-18,20260826,ses-03,SSVEP,2.472721815109253
2.6216444969177246,0.17899762094020844,3.912700891494751,3,2.66690993309021,2.633319139480591,1.304317831993103,sub-18,20260826,ses-02,SSVEP,2.599616527557373
2.6007347106933594,0.14367063343524933,3.088710069656372,3,2.513556718826294,2.471356153488159,1.0272526741027832,sub-17,20260826,ses-02,ERP,2.4389522075653076
2.6270182132720947,0.1333404779434204,9.638224601745605,3,2.4858510494232178,2.6690735816955566,0.6992680430412292,sub-15,20260826,ses-03,SSVEP,2.5135440826416016
2.64591121673584,0.13149456679821014,3.874886989593506,3,2.5905704498291016,2.484637975692749,0.5662338137626648,sub-18,20260826,ses-04,ERP,2.531982660293579
2.54723858833313,0.1535208523273468,4.452311992645264,3,2.3793888092041016,2.3447518348693848,1.0350005626678467,sub-17,20260826,ses-03,ERP,2.443291664123535
2.504065990447998,0.17114600539207458,5.995667457580566,3,2.655010223388672,2.544100046157837,1.5222513675689697,sub-17,20260826,ses-04,ERP,2.6082358360290527
2.543079137802124,0.13896353542804718,8.550690650939941,3,2.4812633991241455,2.4223828315734863,0.8458724021911621,sub-15,20260826,ses-02,ERP,2.5478038787841797
2.476283311843872,0.13846859335899353,18.082429885864258,3,2.4334027767181396,2.4763102531433105,1.3572195768356323,sub-15,20260826,ses-02,SSVEP,2.903085231781006
2.45692777633667,0.17307515442371368,4.452086925506592,3,2.594770908355713,2.5266923904418945,0.8699343204498291,sub-15,20260826,ses-04,SSVEP,2.635251998901367
2.6417133808135986,0.14444544911384583,3.6258771419525146,3,2.5250775814056396,2.385254383087158,1.5485564470291138,sub-17,20260826,ses-02,SSVEP,2.5148420333862305
2.5032448768615723,0.13877446949481964,3.781022071838379,3,2.4922471046447754,2.4534990787506104,1.0174882411956787,sub-17,20260826,ses-02,ERP,2.4800755977630615
2.4087257385253906,0.18655502796173096,5.781007289886475,3,2.6794044971466064,3.055572748184204,1.0209096670150757,sub-17,20260826,ses-04,SSVEP,2.5403506755828857
2.7165145874023438,0.12863340973854065,1.9527482986450195,3,2.5337929725646973,2.5787763595581055,0.7160614728927612,sub-18,20260826,ses-03,ERP,2.53598690032959
2.5162487030029297,0.14869730174541473,3.3893682956695557,3,2.3419201374053955,2.3101460933685303,0.7255091071128845,sub-17,20260826,ses-03,ERP,2.3552026748657227
2.7654213905334473,0.07476925849914551,0.7750487327575684,3,2.9009182453155518,3.0275378227233887,0.8621220588684082,sub-18,20260827,ses-03,SSVEP,2.8955225944519043
2.761760950088501,0.07530765980482101,0.7416115999221802,3,3.0536911487579346,3.030153751373291,1.8909108638763428,sub-18,20260827,ses-02,ERP,3.056898832321167
2.748683452606201,0.07333874702453613,1.039879322052002,3,3.060408592224121,3.021894931793213,1.8502564430236816,sub-15,20260827,ses-02,ERP,3.055048942565918
2.7678894996643066,0.0771019384264946,1.0803121328353882,3,3.035592794418335,3.0190203189849854,0.8036701083183289,sub-18,20260827,ses-03,ERP,3.046191453933716
2.7658803462982178,0.07553638517856598,0.8088636994361877,3,2.9959452152252197,2.9789907932281494,0.9186499714851379,sub-17,20260827,ses-03,SSVEP,2.9809741973876953
2.764897108078003,0.08037559688091278,0.9751130938529968,3,3.0400638580322266,3.060861349105835,0.8833398222923279,sub-18,20260827,ses-02,SSVEP,3.030996799468994
2.7449920177459717,0.07396868616342545,0.8856056928634644,3,3.1198511123657227,3.0950756072998047,0.8615421652793884,sub-17,20260827,ses-04,ERP,3.1071228981018066
2.7663209438323975,0.07588834315538406,1.0576621294021606,3,3.058692455291748,3.0730793476104736,0.8771864771842957,sub-18,20260827,ses-02,SSVEP,3.0342347621917725
2.760312557220459,0.07403246313333511,1.118332028388977,3,3.0811197757720947,3.053459405899048,0.9376981854438782,sub-15,20260827,ses-04,SSVEP,3.0679688453674316
2.767711877822876,0.07088891416788101,0.8844505548477173,3,2.9945626258850098,2.9665632247924805,0.9190266132354736,sub-18,20260827,ses-04,ERP,2.990206480026245
2.7305493354797363,0.08092810213565826,1.5406218767166138,3,3.0973026752471924,3.0773983001708984,0.8621919751167297,sub-17,20260827,ses-04,ERP,3.119591474533081
2.613538980484009,0.10484950244426727,2.352602005004883,3,3.004659652709961,3.071765661239624,1.149695873260498,sub-17,20260827,ses-02,ERP,2.9570062160491943
2.7703633308410645,0.07484132796525955,1.2864307165145874,3,3.048752784729004,3.2000441551208496,0.9370652437210083,sub-17,20260827,ses-04,SSVEP,3.082407236099243
2.7399516105651855,0.08154844492673874,1.2839146852493286,3,3.0951104164123535,3.0828397274017334,0.8863940238952637,sub-17,20260827,ses-04,ERP,3.129887580871582
2.7634425163269043,0.07554066926240921,0.8403907418251038,3,2.8736891746520996,3.0329513549804688,0.8611770272254944,sub-18,20260827,ses-03,SSVEP,2.898042917251587
2.757730007171631,0.07970888167619705,4.528169631958008,3,3.0001168251037598,2.97833251953125,0.9193371534347534,sub-18,20260827,ses-04,ERP,2.971994400024414
2.7417054176330566,0.07727691531181335,2.2698476314544678,3,3.0658397674560547,3.1695640087127686,0.9481948614120483,sub-17,20260827,ses-04,SSVEP,3.066272258758545
2.7616395950317383,0.08681555837392807,1.07961905002594,3,3.0350871086120605,3.0510337352752686,0.8957279920578003,sub-18,20260827,ses-02,SSVEP,3.0304882526397705
2.7620434761047363,0.07744195312261581,8.513988494873047,3,2.9583115577697754,2.9353692531585693,1.564204216003418,sub-18,20260827,ses-04,SSVEP,2.910109043121338
2.7462334632873535,0.07685725390911102,1.2115734815597534,3,3.070460796356201,3.036672592163086,0.947650671005249,sub-15,20260827,ses-04,SSVEP,3.0842437744140625
2.7338850498199463,0.08175799995660782,5.91937780380249,3,3.0839271545410156,3.0826470851898193,1.02243173122406,sub-15,20260827,ses-02,SSVEP,2.9388325214385986
2.7473349571228027,0.08488453924655914,7.024351596832275,3,3.0737762451171875,3.104410409927368,1.014135479927063,sub-15,20260827,ses-02,SSVEP,3.149900436401367
2.763237953186035,0.07845771312713623,0.965877115726471,3,3.046691656112671,3.0519869327545166,0.8031432032585144,sub-18,20260827,ses-03,ERP,3.035226583480835
2.762165069580078,0.08221947401762009,0.8882666826248169,3,2.8942158222198486,3.03802752494812,0.8672677278518677,sub-18,20260827,ses-03,SSVEP,2.8827202320098877
2.7435567378997803,0.07409452646970749,0.9839915633201599,3,3.072739362716675,3.0433340072631836,1.7661106586456299,sub-15,20260827,ses-02,ERP,3.0474607944488525
2.7407290935516357,0.080946184694767,1.4018172025680542,3,3.084345579147339,3.0771546363830566,0.8594828248023987,sub-17,20260827,ses-04,ERP,3.1289408206939697
2.7618985176086426,0.0752808004617691,0.7629011273384094,3,3.0003483295440674,2.977475166320801,0.9133413434028625,sub-17,20260827,ses-03,SSVEP,2.9815659523010254
2.6723554134368896,0.09188830852508545,1.4795511960983276,3,2.9418911933898926,3.008871078491211,1.0620065927505493,sub-17,20260827,ses-02,ERP,2.9773905277252197
2.7606754302978516,0.07849463820457458,0.7459867000579834,3,3.0627710819244385,3.0516562461853027,0.9780885577201843,sub-15,20260827,ses-04,ERP,3.0480003356933594
2.7425503730773926,0.079271599650383,6.521340847015381,3,3.080416202545166,3.047320604324341,0.9449164867401123,sub-15,20260827,ses-04,SSVEP,3.1179254055023193
2.751250982284546,0.08361387252807617,1.2980637550354004,3,3.0520846843719482,3.067145347595215,0.9125126600265503,sub-18,20260827,ses-02,SSVEP,3.0041370391845703
2.717349052429199,0.08295430988073349,1.2839603424072266,3,2.9938409328460693,3.0033156871795654,1.1855721473693848,sub-17,20260827,ses-03,ERP,3.015692949295044
2.7319283485412598,0.08925219625234604,1.0316672325134277,3,2.9957616329193115,3.0077052116394043,1.0572237968444824,sub-17,20260827,ses-03,ERP,3.0012245178222656
2.7595677375793457,0.07472371309995651,1.1176605224609375,3,3.015442132949829,2.9846115112304688,0.9159096479415894,sub-18,20260827,ses-04,ERP,3.033506155014038
2.733219623565674,0.0891045406460762,0.9319384098052979,3,3.078731060028076,3.0559158325195312,0.9934248328208923,sub-15,20260827,ses-04,ERP,3.0584359169006348
2.72920298576355,0.08457691967487335,5.65239143371582,3,3.0509989261627197,3.079937696456909,1.012080430984497,sub-15,20260827,ses-02,SSVEP,2.987258195877075
2.7545382976531982,0.07494997978210449,1.6866720914840698,3,3.0769975185394287,3.049335479736328,0.936315655708313,sub-15,20260827,ses-04,SSVEP,3.0727930068969727
2.749584197998047,0.07456133514642715,1.17673659324646,3,3.0203847885131836,3.0370609760284424,1.001549482345581,sub-15,20260827,ses-03,SSVEP,2.9810361862182617
2.7368526458740234,0.08287415653467178,6.203731060028076,3,3.093676805496216,3.1007773876190186,1.0287415981292725,sub-15,20260827,ses-02,SSVEP,2.9567089080810547
2.7523488998413086,0.07591970264911652,1.3013299703598022,3,3.014685869216919,2.9833171367645264,0.9226091504096985,sub-18,20260827,ses-04,ERP,2.9920291900634766
2.7680158615112305,0.06984274089336395,0.623515248298645,3,2.998661756515503,2.9704785346984863,0.9143144488334656,sub-18,20260827,ses-04,ERP,3.00068998336792
2.761505365371704,0.07780448347330093,1.5019890069961548,3,3.072260618209839,3.0538558959960938,0.9389062523841858,sub-15,20260827,ses-04,SSVEP,3.0914740562438965
2.7540102005004883,0.08192875981330872,2.207770347595215,3,3.087679624557495,3.0734188556671143,0.9987263083457947,sub-15,20260827,ses-04,ERP,2.9908337593078613
2.74786114692688,0.07568688690662384,1.0574978590011597,3,2.886744260787964,2.9424781799316406,1.068938136100769,sub-15,20260827,ses-03,ERP,2.858267068862915
2.750675678253174,0.08430615067481995,10.761959075927734,3,2.9543795585632324,2.9332926273345947,1.5479414463043213,sub-18,20260827,ses-04,SSVEP,3.023893356323242
2.7553539276123047,0.07916092872619629,7.503297805786133,3,3.0657894611358643,3.205467462539673,0.9318227767944336,sub-17,20260827,ses-04,SSVEP,3.0831453800201416
2.754230499267578,0.08152671903371811,1.1442394256591797,3,3.021860361099243,3.0429630279541016,0.8945419192314148,sub-18,20260827,ses-02,SSVEP,3.044316530227661
2.7286572456359863,0.08836428076028824,0.8553761839866638,3,2.890131950378418,2.9409427642822266,1.08709716796875,sub-15,20260827,ses-03,ERP,2.8753092288970947
2.766340494155884,0.07969658076763153,6.224274635314941,3,3.0650570392608643,3.031975269317627,1.7503732442855835,sub-17,20260827,ses-02,SSVEP,3.0854203701019287
2.7365074157714844,0.08282480388879776,0.5812572836875916,3,2.882113456726074,2.9368085861206055,1.0930018424987793,sub-15,20260827,ses-03,ERP,2.8906900882720947
2.7480266094207764,0.08578774333000183,9.326552391052246,3,2.9554238319396973,2.933319330215454,1.5772548913955688,sub-18,20260827,ses-04,SSVEP,2.8145413398742676
2.6636219024658203,0.10014168918132782,2.1855661869049072,3,3.034614086151123,3.047041416168213,1.4716546535491943,sub-17,20260827,ses-03,ERP,2.983383893966675
2.7518815994262695,0.07604486495256424,1.2072596549987793,3,3.0211567878723145,2.9957354068756104,0.9429337382316589,sub-17,20260827,ses-03,SSVEP,2.9774765968322754
2.7435503005981445,0.07971037179231644,1.497467279434204,3,3.044738531112671,3.1633665561676025,0.945914626121521,sub-17,20260827,ses-04,SSVEP,3.0923144817352295
2.6661713123321533,0.09986457228660583,1.7276809215545654,3,2.9435203075408936,3.0393173694610596,1.0677275657653809,sub-17,20260827,ses-02,ERP,2.9479355812072754
2.764716148376465,0.07930392026901245,1.3590571880340576,3,2.887838363647461,3.042304515838623,0.8716582655906677,sub-18,20260827,ses-03,SSVEP,2.940260648727417
2.764660358428955,0.07009954005479813,1.2786004543304443,3,3.0073726177215576,2.9853599071502686,0.9204283952713013,sub-17,20260827,ses-03,SSVEP,2.9753100872039795
2.7678041458129883,0.07124654203653336,13.981934547424316,3,3.0018529891967773,2.9813852310180664,0.9195982813835144,sub-17,20260827,ses-03,SSVEP,3.1854588985443115
2.7704520225524902,0.06841308623552322,1.6623319387435913,3,3.0713298320770264,3.0300586223602295,1.7646900415420532,sub-17,20260827,ses-02,SSVEP,3.0716118812561035
2.7615036964416504,0.07362880557775497,1.007657766342163,3,3.079493761062622,3.047595262527466,0.9422158002853394,sub-15,20260827,ses-04,SSVEP,3.075289011001587
2.7356231212615967,0.09180900454521179,8.50132942199707,3,2.9442358016967773,2.9206161499023438,1.549686074256897,sub-18,20260827,ses-04,SSVEP,2.935378074645996
2.730266809463501,0.07914764434099197,1.2094199657440186,3,3.106372356414795,3.0801477432250977,0.8443956971168518,sub-17,20260827,ses-04,ERP,3.121973991394043
2.7668581008911133,0.07412316650152206,0.6188343167304993,3,2.8876211643218994,3.0320873260498047,0.8526244759559631,sub-18,20260827,ses-03,SSVEP,2.8706648349761963
2.7388155460357666,0.08147186785936356,1.0843042135238647,3,3.0631885528564453,3.03273606300354,1.8328876495361328,sub-17,20260827,ses-02,SSVEP,3.0444624423980713
2.747875928878784,0.07289315015077591,1.081249475479126,3,3.1148300170898438,3.0889437198638916,0.8691112995147705,sub-17,20260827,ses-04,ERP,3.10927414894104
2.7708420753479004,0.06922837346792221,0.5302349328994751,3,2.996243715286255,2.967791795730591,0.8976886868476868,sub-18,20260827,ses-04,ERP,2.9784700870513916
2.743915557861328,0.07642130553722382,1.9722541570663452,3,3.0661373138427734,3.18472957611084,0.9439048171043396,sub-17,20260827,ses-04,SSVEP,3.0537943840026855
2.7380263805389404,0.08314129710197449,1.3154125213623047,3,2.8764283657073975,2.9282784461975098,1.0777838230133057,sub-15,20260827,ses-03,ERP,2.902106285095215
2.76986026763916,0.07499813288450241,1.470767617225647,3,3.076401472091675,3.0325143337249756,1.7730844020843506,sub-17,20260827,ses-02,SSVEP,3.063441038131714
2.7508440017700195,0.07421586662530899,1.3977148532867432,3,3.068866491317749,3.0291428565979004,1.90961754322052,sub-17,20260827,ses-02,SSVEP,3.09511661529541
2.7565340995788574,0.08662714064121246,5.0373735427856445,3,3.0078840255737305,3.035510301589966,1.009549856185913,sub-15,20260827,ses-02,SSVEP,3.0179896354675293
2.7342400550842285,0.08273380249738693,0.9216840863227844,3,3.001100540161133,3.00948429107666,1.0818312168121338,sub-17,20260827,ses-03,ERP,2.982957363128662
2.761657476425171,0.07024354487657547,0.9211940169334412,3,3.119398593902588,3.096116542816162,0.8579439520835876,sub-17,20260827,ses-04,ERP,3.1191859245300293
2.7407243251800537,0.08384103327989578,0.9168139696121216,3,2.8733301162719727,2.9268388748168945,1.0844422578811646,sub-15,20260827,ses-03,ERP,2.9317049980163574
2.721898078918457,0.08530474454164505,7.238255023956299,3,3.1619081497192383,3.18324875831604,1.0356136560440063,sub-15,20260827,ses-02,SSVEP,3.015474796295166
2.75821590423584,0.07654042541980743,1.5342987775802612,3,3.0521180629730225,3.0370802879333496,1.9051333665847778,sub-18,20260827,ses-02,ERP,3.1004297733306885
2.7332956790924072,0.07584372907876968,0.8714748024940491,3,3.108142137527466,3.0868470668792725,0.8546916842460632,sub-17,20260827,ses-04,ERP,3.1100516319274902
2.726633071899414,0.08061961829662323,0.9104204773902893,3,2.943908929824829,3.0213003158569336,1.0449614524841309,sub-17,20260827,ses-02,ERP,2.968890428543091
2.672266960144043,0.08901108056306839,1.1832563877105713,3,2.958521604537964,3.0108890533447266,1.0624282360076904,sub-17,20260827,ses-02,ERP,2.9507529735565186
2.7461018562316895,0.07986576855182648,1.6057345867156982,3,3.089547634124756,3.0491859912872314,2.1268765926361084,sub-18,20260827,ses-02,ERP,3.0620572566986084
2.7133002281188965,0.08475365489721298,1.336044192314148,3,3.0203213691711426,3.0323307514190674,1.1652507781982422,sub-17,20260827,ses-03,ERP,2.971803665161133
2.7171080112457275,0.08718337118625641,1.2908881902694702,3,2.936906576156616,3.050224542617798,1.0601931810379028,sub-17,20260827,ses-02,ERP,2.9227144718170166
2.7571189403533936,0.08057933300733566,2.2662270069122314,3,3.0723955631256104,3.061819076538086,0.9809426665306091,sub-15,20260827,ses-04,ERP,2.9874725341796875
2.742978096008301,0.09394644945859909,8.262181282043457,3,2.9623196125030518,2.938941717147827,1.5227787494659424,sub-18,20260827,ses-04,SSVEP,2.9181861877441406
2.7172234058380127,0.09674922376871109,6.81361198425293,3,3.122014045715332,3.0969290733337402,1.0456159114837646,sub-15,20260827,ses-02,SSVEP,2.999509811401367
2.72537899017334,0.08628883957862854,2.329803705215454,3,3.0641696453094482,3.0304601192474365,2.5346791744232178,sub-18,20260827,ses-02,ERP,3.0785179138183594
2.7017860412597656,0.08016182482242584,1.3600943088531494,3,2.9288575649261475,3.0235397815704346,1.0611423254013062,sub-17,20260827,ses-02,ERP,2.976811647415161
2.7673592567443848,0.07293707877397537,1.0391367673873901,3,3.0422966480255127,3.047981023788452,0.8217177391052246,sub-18,20260827,ses-03,ERP,3.0326125621795654
2.7097387313842773,0.11644067615270615,9.185274124145508,3,3.02543568611145,3.0374584197998047,1.014623999595642,sub-15,20260827,ses-02,SSVEP,3.198789119720459
2.758711576461792,0.0849425345659256,1.1388940811157227,3,3.0505564212799072,3.0665781497955322,0.8828308582305908,sub-18,20260827,ses-02,SSVEP,3.0421671867370605
2.7656073570251465,0.07874300330877304,0.8771179914474487,3,3.0463991165161133,3.0349338054656982,0.8138133883476257,sub-18,20260827,ses-03,ERP,3.0499205589294434
2.7417097091674805,0.07925793528556824,7.158812999725342,3,3.0611026287078857,3.157602548599243,0.9602010250091553,sub-17,20260827,ses-04,SSVEP,3.19950270652771
2.76261305809021,0.07845895737409592,10.000884056091309,3,2.9479291439056396,2.9259514808654785,1.532841682434082,sub-18,20260827,ses-04,SSVEP,3.01290225982666
2.765784502029419,0.07035946100950241,1.039459466934204,3,2.8858301639556885,3.028372287750244,0.8560749292373657,sub-18,20260827,ses-03,SSVEP,2.911966323852539
2.769725799560547,0.06762275099754333,12.450851440429688,3,3.0711758136749268,3.028770923614502,1.7649223804473877,sub-17,20260827,ses-02,SSVEP,3.1971845626831055
2.7061944007873535,0.08293955773115158,1.265496015548706,3,2.959158182144165,3.040915012359619,1.067337989807129,sub-17,20260827,ses-02,ERP,2.9381489753723145
2.7592761516571045,0.08176571875810623,12.838241577148438,3,3.035010814666748,3.049628257751465,0.8900228142738342,sub-18,20260827,ses-02,SSVEP,3.183964490890503
2.7221107482910156,0.07877536863088608,1.3650667667388916,3,2.9607491493225098,3.015758991241455,1.0690913200378418,sub-17,20260827,ses-02,ERP,2.953108310699463
2.7697062492370605,0.0783771201968193,0.7701377868652344,3,3.068251609802246,3.0256364345550537,1.7641023397445679,sub-17,20260827,ses-02,SSVEP,3.0853240489959717
2.7695560455322266,0.07214325666427612,1.1406852006912231,3,3.0553717613220215,3.0424489974975586,0.8144789934158325,sub-18,20260827,ses-03,ERP,3.0310118198394775
2.758516788482666,0.07480499148368835,0.9796077013015747,3,3.072242021560669,3.048410415649414,0.9920984506607056,sub-15,20260827,ses-04,ERP,3.085540294647217
2.742842674255371,0.07852502167224884,1.2977925539016724,3,2.8915722370147705,2.942662239074707,1.0933908224105835,sub-15,20260827,ses-03,ERP,2.8660199642181396
2.7669835090637207,0.07569745928049088,0.40758684277534485,3,3.040729522705078,3.0276265144348145,0.8097137808799744,sub-18,20260827,ses-03,ERP,3.0374975204467773
2.717741012573242,0.08127973228693008,1.6006832122802734,3,2.9460198879241943,3.0491151809692383,1.0690548419952393,sub-17,20260827,ses-02,ERP,2.9452526569366455
2.7586846351623535,0.08346576243638992,0.8775709867477417,3,3.0283195972442627,3.047300338745117,0.8946060538291931,sub-18,20260827,ses-02,SSVEP,3.009613275527954
2.7701830863952637,0.0672510415315628,0.8296964168548584,3,2.998621940612793,2.973168134689331,0.911143958568573,sub-18,20260827,ses-04,ERP,2.96563458442688
2.74600887298584,0.07811473309993744,1.4446570873260498,3,3.075291872024536,3.0535025596618652,0.9367110729217529,sub-15,20260827,ses-04,SSVEP,3.030966281890869
2.733503818511963,0.08724337816238403,1.9032374620437622,3,3.0728442668914795,3.18516206741333,0.9404963254928589,sub-17,20260827,ses-04,SSVEP,3.076129674911499
2.7205419540405273,0.10007965564727783,5.757040500640869,3,3.0532548427581787,3.05088210105896,1.0273959636688232,sub-15,20260827,ses-02,SSVEP,2.9989442825317383
2.714299201965332,0.0813012644648552,3.9231836795806885,3,3.067559242248535,3.1821537017822266,0.9416778683662415,sub-17,20260827,ses-04,SSVEP,3.080479383468628
2.7090649604797363,0.07923654466867447,0.9407700300216675,3,3.0075180530548096,3.0233426094055176,1.0001131296157837,sub-15,20260827,ses-03,SSVEP,3.0020086765289307
2.742499351501465,0.0851782038807869,0.9827665686607361,3,3.0661134719848633,3.0533392429351807,0.9479285478591919,sub-15,20260827,ses-04,SSVEP,3.0570225715637207
2.7579822540283203,0.07507822662591934,1.1114094257354736,3,3.0512163639068604,3.049147367477417,0.9928076267242432,sub-15,20260827,ses-04,ERP,3.0733132362365723
2.7668631076812744,0.07045958191156387,2.4109280109405518,3,2.8882579803466797,3.033297061920166,0.8598364591598511,sub-18,20260827,ses-03,SSVEP,2.967376947402954
2.7554335594177246,0.0707520917057991,0.7487828135490417,3,3.0670077800750732,3.032837152481079,1.8044413328170776,sub-17,20260827,ses-02,SSVEP,3.075543165206909
2.7588093280792236,0.07083774358034134,0.9189658761024475,3,3.1253886222839355,3.098703384399414,0.8651714324951172,sub-17,20260827,ses-04,ERP,3.1244685649871826
2.740811824798584,0.0816391259431839,2.0071868896484375,3,3.076859712600708,3.1798949241638184,0.9549399018287659,sub-17,20260827,ses-04,SSVEP,3.077089786529541
2.7381529808044434,0.07914513349533081,1.2127248048782349,3,2.901550054550171,2.944700241088867,1.1410388946533203,sub-15,20260827,ses-03,ERP,2.8470354080200195
2.7129602432250977,0.08808901160955429,1.372488260269165,3,3.0857014656066895,3.0791499614715576,0.8802554607391357,sub-17,20260827,ses-04,ERP,3.046922445297241
2.7373557090759277,0.07982311397790909,1.7060409784317017,3,3.0687997341156006,3.031803846359253,1.7589846849441528,sub-15,20260827,ses-02,ERP,2.986997127532959
2.7568235397338867,0.07966561615467072,1.1843669414520264,3,3.0320076942443848,3.0510387420654297,0.8880228400230408,sub-18,20260827,ses-02,SSVEP,3.0457115173339844
2.756056785583496,0.07545175403356552,1.0402653217315674,3,3.1021409034729004,3.080821990966797,0.879374086856842,sub-17,20260827,ses-04,ERP,3.0989649295806885
2.753500461578369,0.08548450469970703,6.569342136383057,3,2.9209418296813965,2.8923938274383545,1.4565397500991821,sub-18,20260827,ses-04,SSVEP,2.918983221054077
2.7089734077453613,0.08243993669748306,0.9728261232376099,3,3.0167744159698486,3.0136547088623047,1.1379941701889038,sub-17,20260827,ses-03,ERP,3.001222610473633
2.7450711727142334,0.07976200431585312,5.205834865570068,3,3.0758373737335205,3.0523760318756104,0.9364239573478699,sub-15,20260827,ses-04,SSVEP,3.012817621231079
2.7484545707702637,0.07458100467920303,0.7349553108215332,3,3.061210870742798,3.024683713912964,1.800397276878357,sub-15,20260827,ses-02,ERP,3.0563089847564697
2.7283272743225098,0.07756640017032623,1.247588872909546,3,3.006704807281494,3.016418933868408,1.1140133142471313,sub-17,20260827,ses-03,ERP,2.9880995750427246
2.7716522216796875,0.06707517057657242,1.1969550848007202,3,3.081174612045288,3.0332024097442627,1.7580658197402954,sub-17,20260827,ses-02,SSVEP,3.058020830154419
2.758124828338623,0.07058005779981613,1.0997719764709473,3,3.075747013092041,3.0452146530151367,1.842234492301941,sub-17,20260827,ses-02,SSVEP,3.0675816535949707
2.7210702896118164,0.08271678537130356,2.4817185401916504,3,3.043511152267456,3.0744712352752686,1.7513091564178467,sub-17,20260827,ses-03,ERP,2.990159511566162
2.754912853240967,0.07785440236330032,2.77693772315979,3,2.877758264541626,2.9305241107940674,1.0614961385726929,sub-15,20260827,ses-03,ERP,2.950632095336914
2.760016441345215,0.07354827970266342,1.0982723236083984,3,3.088033437728882,3.067108631134033,0.9464941024780273,sub-15,20260827,ses-04,SSVEP,3.0594122409820557
2.7625176906585693,0.07028547674417496,1.446946382522583,3,3.079772472381592,3.044562339782715,1.753739595413208,sub-17,20260827,ses-02,SSVEP,3.0449984073638916
2.7470998764038086,0.07562173902988434,0.9224702715873718,3,3.013087272644043,3.030611753463745,0.9943824410438538,sub-15,20260827,ses-03,SSVEP,3.001373291015625
2.675328254699707,0.09013527631759644,2.50156569480896,3,3.021125078201294,3.029387950897217,1.5263235569000244,sub-17,20260827,ses-03,ERP,3.010572671890259
2.741450548171997,0.08563654869794846,0.9486246109008789,3,3.042555570602417,3.059699773788452,0.8786942958831787,sub-18,20260827,ses-02,SSVEP,3.0394325256347656
2.759214401245117,0.08257735520601273,0.7748103141784668,3,3.0367119312286377,3.050598621368408,0.8895444869995117,sub-18,20260827,ses-02,SSVEP,3.0333919525146484
2.750668525695801,0.08547195047140121,8.22663402557373,3,2.9625189304351807,2.939331293106079,1.5696252584457397,sub-18,20260827,ses-04,SSVEP,3.002296209335327
2.7696990966796875,0.06939809769392014,1.2023917436599731,3,3.0806944370269775,3.0365867614746094,1.780085563659668,sub-17,20260827,ses-02,SSVEP,3.0345115661621094
2.7462868690490723,0.07795944064855576,1.1797173023223877,3,2.8840506076812744,2.9390621185302734,1.107028841972351,sub-15,20260827,ses-03,ERP,2.9035916328430176
2.7618117332458496,0.07508912682533264,2.1317050457000732,3,2.874181032180786,3.029743194580078,0.8625720739364624,sub-18,20260827,ses-03,SSVEP,2.9820449352264404
2.7098140716552734,0.08776146918535233,1.3333693742752075,3,3.0956950187683105,3.069206476211548,0.8692017793655396,sub-17,20260827,ses-04,ERP,3.1064794063568115
2.7634451389312744,0.07403168827295303,1.165974736213684,3,3.045616865158081,3.030099630355835,1.9019854068756104,sub-18,20260827,ses-02,ERP,3.078374147415161
2.7704691886901855,0.06915560364723206,1.9499869346618652,3,3.072221040725708,3.028599977493286,1.751065969467163,sub-17,20260827,ses-02,SSVEP,3.0534610748291016
2.7642035484313965,0.0754401832818985,1.0992701053619385,3,3.0390851497650146,3.0498554706573486,0.8184109926223755,sub-18,20260827,ses-03,ERP,3.040024757385254
2.6995930671691895,0.08933667093515396,1.5465037822723389,3,2.9458885192871094,3.0195767879486084,1.0579842329025269,sub-17,20260827,ses-02,ERP,2.9570977687835693
2.750418186187744,0.07211817055940628,1.2781506776809692,3,3.0936226844787598,3.084348678588867,0.8669525384902954,sub-17,20260827,ses-04,ERP,3.0827102661132812
2.7067904472351074,0.08571522682905197,1.3716506958007812,3,2.94404673576355,3.0196774005889893,1.0599080324172974,sub-17,20260827,ses-02,ERP,2.916787624359131
2.766525983810425,0.07708601653575897,0.8031901717185974,3,2.892822027206421,3.036884307861328,0.8637510538101196,sub-18,20260827,ses-03,SSVEP,2.8899497985839844
2.7378902435302734,0.077247753739357,0.7905552983283997,3,3.1006381511688232,3.079984188079834,0.8555771708488464,sub-17,20260827,ses-04,ERP,3.0946905612945557
2.7638189792633057,0.07828071713447571,1.0563974380493164,3,2.9016387462615967,3.0430092811584473,0.8658738732337952,sub-18,20260827,ses-03,SSVEP,2.880821466445923
2.751116991043091,0.07709366083145142,1.0812556743621826,3,3.017868995666504,3.0004684925079346,0.9233179092407227,sub-17,20260827,ses-03,SSVEP,2.9863555431365967
2.6848459243774414,0.08688116073608398,1.894346833229065,3,2.937288999557495,3.0333566665649414,1.061268925666809,sub-17,20260827,ses-02,ERP,2.9992127418518066
2.7674202919006348,0.0687323659658432,0.8036110997200012,3,3.05698823928833,3.03373384475708,1.9220340251922607,sub-18,20260827,ses-02,ERP,3.0617058277130127
2.7124664783477783,0.0887628123164177,2.2787723541259766,3,3.0404863357543945,3.0747625827789307,1.837915062904358,sub-17,20260827,ses-03,ERP,3.0027918815612793
2.7672464847564697,0.07094365358352661,0.846267819404602,3,3.0023443698883057,2.972419261932373,0.8978602886199951,sub-18,20260827,ses-04,ERP,2.9990925788879395
2.7571001052856445,0.08188766986131668,0.9793034195899963,3,2.8810060024261475,3.018663167953491,0.8583042025566101,sub-18,20260827,ses-03,SSVEP,2.89372181892395
2.7557339668273926,0.07065293192863464,1.0030300617218018,3,3.013349771499634,3.0318472385406494,0.9988190531730652,sub-15,20260827,ses-03,SSVEP,3.0076887607574463
2.7649154663085938,0.07578786462545395,0.9007341265678406,3,3.0468342304229736,3.0419251918792725,0.8098012208938599,sub-18,20260827,ses-03,ERP,3.03012752532959
2.7635700702667236,0.07280804216861725,0.6307075619697571,3,2.8942623138427734,3.039311170578003,0.8620839715003967,sub-18,20260827,ses-03,SSVEP,2.863692283630371
2.7682793140411377,0.0757557675242424,1.2914601564407349,3,2.8890557289123535,3.0386111736297607,0.8674179315567017,sub-18,20260827,ses-03,SSVEP,2.904198169708252
2.761713743209839,0.07536674290895462,2.4372031688690186,3,2.9937326908111572,2.976428985595703,0.9105648994445801,sub-17,20260827,ses-03,SSVEP,2.9448869228363037
2.755545139312744,0.08268611878156662,8.449209213256836,3,2.93768048286438,2.909065008163452,1.5715107917785645,sub-18,20260827,ses-04,SSVEP,2.9207727909088135
2.7494254112243652,0.07500481605529785,0.9651709794998169,3,3.1150970458984375,3.0924506187438965,0.8600963950157166,sub-17,20260827,ses-04,ERP,3.0887699127197266
2.7686867713928223,0.06898672133684158,1.4470216035842896,3,3.0372743606567383,3.013289213180542,1.7332439422607422,sub-15,20260827,ses-02,ERP,3.012701988220215
2.7518677711486816,0.08272062242031097,1.3463574647903442,3,3.0286803245544434,3.0473990440368652,0.8809565901756287,sub-18,20260827,ses-02,SSVEP,3.053832530975342
2.724027395248413,0.08686310052871704,1.7582530975341797,3,3.076870918273926,3.0459229946136475,2.514507532119751,sub-18,20260827,ses-02,ERP,3.058833360671997
2.7221462726593018,0.08084854483604431,0.9850226044654846,3,2.9614224433898926,3.037367105484009,1.0697195529937744,sub-17,20260827,ses-02,ERP,2.953644037246704
2.7657957077026367,0.07208072394132614,1.0594961643218994,3,2.999192237854004,2.9711287021636963,0.9064028263092041,sub-18,20260827,ses-04,ERP,2.9643466472625732
2.7514986991882324,0.08460473269224167,10.617443084716797,3,2.9581894874572754,2.934020519256592,1.562235713005066,sub-18,20260827,ses-04,SSVEP,3.0265519618988037
2.7510180473327637,0.07783441245555878,0.8038920164108276,3,2.8890910148620605,2.9375908374786377,1.0697938203811646,sub-15,20260827,ses-03,ERP,2.8786585330963135
2.74957537651062,0.07868058234453201,0.791106641292572,3,2.8876497745513916,2.940967321395874,1.0753611326217651,sub-15,20260827,ses-03,ERP,2.833364963531494
2.7375712394714355,0.07492486387491226,0.9551510214805603,3,3.0709521770477295,3.0384066104888916,1.8694863319396973,sub-15,20260827,ses-02,ERP,3.0393364429473877
2.756279468536377,0.07520489394664764,1.1284165382385254,3,3.005359172821045,3.0173287391662598,1.052864670753479,sub-17,20260827,ses-03,ERP,2.995366334915161
2.7376580238342285,0.08244876563549042,0.8583165407180786,3,3.0245604515075684,3.026381731033325,0.9950720071792603,sub-15,20260827,ses-03,SSVEP,3.0318679809570312
2.7413744926452637,0.08698569238185883,1.373161792755127,3,3.061760902404785,3.0388882160186768,0.9931305646896362,sub-15,20260827,ses-04,ERP,3.0489656925201416
2.7062387466430664,0.09155118465423584,5.655579090118408,3,3.0599095821380615,3.071873903274536,1.0391112565994263,sub-15,20260827,ses-02,SSVEP,2.977957248687744
2.7420358657836914,0.08146512508392334,1.329406976699829,3,3.058290958404541,3.0327486991882324,0.9944899082183838,sub-15,20260827,ses-04,ERP,3.0690367221832275
2.7396011352539062,0.08448861539363861,1.9991896152496338,3,3.042806386947632,3.182656764984131,0.9604441523551941,sub-17,20260827,ses-04,SSVEP,3.0640125274658203
2.7147293090820312,0.08912791311740875,6.740133762359619,3,3.119243860244751,3.1041243076324463,1.0342731475830078,sub-15,20260827,ses-02,SSVEP,2.996763229370117
2.7304205894470215,0.10692369937896729,9.54948902130127,3,3.0330710411071777,3.0451059341430664,1.0052293539047241,sub-15,20260827,ses-02,SSVEP,3.1702558994293213
2.7392382621765137,0.08690457791090012,1.3680630922317505,3,3.064932346343994,3.044379472732544,0.9990901350975037,sub-15,20260827,ses-04,ERP,3.074408531188965
2.752584457397461,0.08656064420938492,13.070226669311523,3,3.058460235595703,3.0744690895080566,0.8739646077156067,sub-18,20260827,ses-02,SSVEP,3.2018637657165527
2.738663673400879,0.07929951697587967,0.6816657185554504,3,2.9951140880584717,2.9970343112945557,1.0484092235565186,sub-17,20260827,ses-03,ERP,3.020294189453125
2.763631582260132,0.08094833046197891,1.3900989294052124,3,2.883758068084717,3.0451557636260986,0.8567739725112915,sub-18,20260827,ses-03,SSVEP,2.9635467529296875
2.7563717365264893,0.0709015429019928,0.6511446833610535,3,3.0420761108398438,3.009556531906128,1.7627196311950684,sub-15,20260827,ses-02,ERP,3.067117691040039
2.730286121368408,0.07614993304014206,1.2930032014846802,3,3.0663866996765137,3.03891921043396,1.8523732423782349,sub-15,20260827,ses-02,ERP,3.0538599491119385
2.7381246089935303,0.07415822148323059,0.9606298208236694,3,3.0064032077789307,3.0372958183288574,0.9909084439277649,sub-15,20260827,ses-03,SSVEP,3.0087599754333496
2.768556594848633,0.0749192163348198,0.7374864220619202,3,3.0411200523376465,3.02134370803833,0.8115236759185791,sub-18,20260827,ses-03,ERP,3.0408661365509033
2.7218778133392334,0.07712447643280029,1.1527634859085083,3,3.0600883960723877,3.0149059295654297,1.7748452425003052,sub-15,20260827,ses-02,ERP,3.04776668548584
2.762112617492676,0.08405855298042297,7.911721229553223,3,2.954831600189209,2.932244300842285,1.5098190307617188,sub-18,20260827,ses-04,SSVEP,2.897724151611328
2.743626356124878,0.07890109717845917,1.4945957660675049,3,3.062455415725708,3.210542917251587,0.9341486096382141,sub-17,20260827,ses-04,SSVEP,3.0791914463043213
2.7623283863067627,0.08027166873216629,1.1146454811096191,4,3.1031460762023926,3.0934107303619385,0.8330937623977661,sub-19,20260825,ses-04,ERP,3.1142921447753906
2.727400302886963,0.09136471152305603,12.211663246154785,4,2.904569149017334,2.960444450378418,0.9328117370605469,sub-19,20260825,ses-04,SSVEP,3.0252387523651123
2.7269108295440674,0.08674555271863937,1.945778250694275,4,3.0739285945892334,3.0806827545166016,1.1710726022720337,sub-23,20260825,ses-02,SSVEP,3.107823133468628
2.7623212337493896,0.08573873341083527,6.705783843994141,4,3.0146238803863525,3.048527240753174,1.4000109434127808,sub-23,20260825,ses-04,ERP,3.11553692817688
2.7623331546783447,0.08049814403057098,0.7300857305526733,4,3.0421910285949707,3.0541558265686035,0.9139097332954407,sub-21,20260825,ses-03,SSVEP,3.044832944869995
2.76474666595459,0.08378704637289047,1.7035824060440063,4,3.114628553390503,3.0992379188537598,0.8345568776130676,sub-19,20260825,ses-04,ERP,3.133955717086792
2.7556076049804688,0.07706305384635925,0.9860759377479553,4,3.104003667831421,3.0894060134887695,0.832439661026001,sub-19,20260825,ses-04,ERP,3.0915415287017822
2.76143741607666,0.08138374239206314,1.7578538656234741,4,3.0578317642211914,3.033798933029175,0.8440681099891663,sub-19,20260825,ses-03,ERP,3.058783769607544
2.7403454780578613,0.07813939452171326,1.7540396451950073,4,3.0703437328338623,3.0797078609466553,1.2116115093231201,sub-23,20260825,ses-03,SSVEP,3.05299973487854
2.762996196746826,0.07575250416994095,1.1652783155441284,4,3.1147067546844482,3.1109588146209717,0.8427921533584595,sub-19,20260825,ses-04,ERP,3.122455358505249
2.765604019165039,0.0715118795633316,9.499218940734863,4,3.0711073875427246,3.082970142364502,1.3581058979034424,sub-23,20260825,ses-03,ERP,3.058769702911377
2.65604829788208,0.13276495039463043,9.932638168334961,4,2.8938682079315186,2.8707590103149414,1.3617225885391235,sub-21,20260825,ses-03,ERP,2.868314027786255
2.765072822570801,0.0741952434182167,1.620795726776123,4,3.011202096939087,3.0427939891815186,1.1052703857421875,sub-21,20260825,ses-02,SSVEP,3.03220272064209
2.7625041007995605,0.07806502282619476,1.1003855466842651,4,3.11306095123291,3.1175222396850586,0.8576645851135254,sub-19,20260825,ses-04,ERP,3.1203196048736572
2.765768051147461,0.07337241619825363,10.02939510345459,4,3.033015012741089,3.0322818756103516,0.8758597373962402,sub-19,20260825,ses-03,ERP,3.1842525005340576
2.7549638748168945,0.09896514564752579,6.553244590759277,4,2.973126173019409,2.9707422256469727,1.2318289279937744,sub-21,20260825,ses-04,ERP,2.9906437397003174
2.746279239654541,0.08345907926559448,2.8104825019836426,4,3.018975257873535,3.0838253498077393,0.9621174931526184,sub-19,20260825,ses-03,SSVEP,3.0695090293884277
2.768659830093384,0.07461045682430267,1.369763731956482,4,3.0287370681762695,3.0342345237731934,0.8606289625167847,sub-19,20260825,ses-03,ERP,3.001343011856079
2.745485782623291,0.10425275564193726,2.592439889907837,4,3.0949771404266357,3.095585823059082,1.2064303159713745,sub-23,20260825,ses-03,SSVEP,3.079223155975342
2.7402029037475586,0.08553872257471085,8.079924583435059,4,3.095386266708374,3.088564872741699,1.2292919158935547,sub-23,20260825,ses-02,SSVEP,3.194443941116333
2.7681972980499268,0.0751819759607315,2.197521686553955,4,3.0574586391448975,3.062161684036255,1.516748070716858,sub-23,20260825,ses-03,ERP,3.0877327919006348
2.669405460357666,0.12689076364040375,12.410873413085938,4,2.917405366897583,2.9087634086608887,0.9184182286262512,sub-19,20260825,ses-04,SSVEP,3.010817050933838
2.7333896160125732,0.10413625091314316,2.264333724975586,4,3.048797369003296,3.093574047088623,0.9581918716430664,sub-19,20260825,ses-03,SSVEP,3.0860791206359863
2.7533211708068848,0.08398938179016113,1.842211365699768,4,3.0516958236694336,3.071904182434082,0.9534487128257751,sub-19,20260825,ses-03,SSVEP,3.0877270698547363
2.7688910961151123,0.0681198388338089,0.89417964220047,4,3.0395641326904297,3.0710275173187256,1.3329957723617554,sub-23,20260825,ses-04,ERP,2.9913690090179443
2.7480239868164062,0.10968396067619324,7.3205037117004395,4,2.958913564682007,2.9588518142700195,1.2724493741989136,sub-21,20260825,ses-04,ERP,2.960230588912964
2.6758036613464355,0.12554319202899933,10.113228797912598,4,2.8930749893188477,2.873507499694824,1.3895663022994995,sub-21,20260825,ses-03,ERP,2.874091386795044
2.662508964538574,0.15188051760196686,9.358935356140137,4,2.9020447731018066,2.8899803161621094,1.3672043085098267,sub-21,20260825,ses-03,ERP,2.8684182167053223
2.7370944023132324,0.08077620714902878,1.9414552450180054,4,3.0283868312835693,3.0591704845428467,1.076608657836914,sub-19,20260825,ses-02,ERP,3.006875991821289
2.727998971939087,0.0941128209233284,2.122666835784912,4,3.071043014526367,3.0772979259490967,1.1792817115783691,sub-23,20260825,ses-02,SSVEP,3.1148438453674316
2.7040653228759766,0.09598054736852646,10.174790382385254,4,2.8827133178710938,2.861372947692871,1.428934097290039,sub-21,20260825,ses-03,ERP,2.86398983001709
2.763678550720215,0.07641241699457169,1.5285451412200928,4,2.9514334201812744,2.9975035190582275,1.031211495399475,sub-21,20260825,ses-02,ERP,2.9524800777435303
2.727848768234253,0.08195459842681885,2.082077741622925,4,3.0815999507904053,3.0820209980010986,1.190834403038025,sub-23,20260825,ses-02,SSVEP,3.0928006172180176
2.749697208404541,0.08622904121875763,5.738221645355225,4,2.9770596027374268,2.974071741104126,1.2236058712005615,sub-21,20260825,ses-04,ERP,3.003978729248047
2.7658143043518066,0.07263223081827164,2.0878705978393555,4,3.0639662742614746,3.090874671936035,0.9503470659255981,sub-21,20260825,ses-04,SSVEP,3.1055641174316406
2.766070604324341,0.07729852944612503,2.3793911933898926,4,3.039353847503662,3.042667865753174,1.223703145980835,sub-19,20260825,ses-02,SSVEP,3.0732507705688477
2.7705230712890625,0.07297209650278091,9.65133285522461,4,3.0580596923828125,3.0747501850128174,1.4506453275680542,sub-23,20260825,ses-03,ERP,3.082066297531128
2.7634496688842773,0.0784340500831604,3.9613380432128906,4,3.0462446212768555,3.080780506134033,0.9565501809120178,sub-21,20260825,ses-04,SSVEP,3.1480720043182373
2.641730785369873,0.1499783843755722,13.460515022277832,4,2.929799795150757,2.952059507369995,0.9216275811195374,sub-19,20260825,ses-04,SSVEP,3.035653829574585
2.724508047103882,0.09593276679515839,9.179126739501953,4,2.926051616668701,2.9163074493408203,1.335326075553894,sub-21,20260825,ses-03,ERP,2.851532220840454
2.754566192626953,0.09136322885751724,0.7902745604515076,4,2.9862756729125977,3.0039801597595215,1.0730146169662476,sub-21,20260825,ses-02,SSVEP,3.00502347946167
2.71802020072937,0.09723707288503647,9.407100677490234,4,2.9192371368408203,2.9338130950927734,0.9344329833984375,sub-19,20260825,ses-04,SSVEP,2.944533586502075
2.666138172149658,0.10314164310693741,12.010614395141602,4,2.8966410160064697,2.921719551086426,0.9227261543273926,sub-19,20260825,ses-04,SSVEP,2.976391077041626
2.759294033050537,0.08104632049798965,8.044264793395996,4,3.0120880603790283,3.033947229385376,1.0633223056793213,sub-21,20260825,ses-02,SSVEP,3.084479808807373
2.7619214057922363,0.07650399208068848,1.2692090272903442,4,2.94996976852417,3.0022006034851074,0.9877105951309204,sub-21,20260825,ses-02,ERP,2.9575753211975098
2.767430067062378,0.07509811967611313,0.825995683670044,4,2.953294277191162,3.0206298828125,0.9730693697929382,sub-21,20260825,ses-02,ERP,2.951207399368286
2.7561445236206055,0.08560696989297867,3.5972723960876465,4,3.081404209136963,3.115382432937622,1.6424968242645264,sub-19,20260825,ses-02,SSVEP,3.018399953842163
2.7656679153442383,0.07066526263952255,0.8568456768989563,4,3.0519587993621826,3.031907081604004,0.8452349305152893,sub-19,20260825,ses-03,ERP,3.051218271255493
2.754781723022461,0.088032066822052,6.195344924926758,4,2.956188678741455,2.9491217136383057,1.2231000661849976,sub-21,20260825,ses-04,ERP,2.9563329219818115
2.6665773391723633,0.11630786210298538,11.25777530670166,4,2.9235010147094727,2.93094801902771,0.922855019569397,sub-19,20260825,ses-04,SSVEP,2.977893352508545
2.7596771717071533,0.08842028677463531,1.4247441291809082,4,3.061965227127075,3.0839343070983887,1.4142911434173584,sub-23,20260825,ses-03,ERP,3.0451467037200928
2.763122081756592,0.07703270018100739,1.973284363746643,4,3.048267126083374,3.0758376121520996,0.9532586336135864,sub-21,20260825,ses-04,SSVEP,3.051013231277466
2.707911968231201,0.10735668987035751,12.051505088806152,4,2.914848804473877,2.942908525466919,0.9229358434677124,sub-19,20260825,ses-04,SSVEP,3.0836098194122314
2.752969741821289,0.08144712448120117,6.365908622741699,4,2.950655698776245,2.949401378631592,1.2444660663604736,sub-21,20260825,ses-04,ERP,2.9680802822113037
2.7619357109069824,0.07709501683712006,1.2846863269805908,4,3.111635446548462,3.091224431991577,0.8362792730331421,sub-19,20260825,ses-04,ERP,3.092421293258667
2.742767095565796,0.09503002464771271,5.512193202972412,4,2.9736249446868896,2.9733402729034424,1.2362004518508911,sub-21,20260825,ses-04,ERP,2.994250535964966
2.7662158012390137,0.07365080714225769,1.300006628036499,4,3.0739080905914307,3.043654441833496,0.8244001269340515,sub-19,20260825,ses-03,ERP,3.0511527061462402
2.7704944610595703,0.06835035234689713,0.7419300675392151,4,3.0413403511047363,3.0727620124816895,0.9616593718528748,sub-21,20260825,ses-04,SSVEP,3.0475003719329834
2.765636444091797,0.08892449736595154,2.438159704208374,4,3.030075788497925,3.063857078552246,1.3790102005004883,sub-23,20260825,ses-04,ERP,2.9797844886779785
2.7477493286132812,0.07828886806964874,1.3619283437728882,4,3.0277585983276367,3.0481109619140625,1.369701623916626,sub-23,20260825,ses-04,ERP,3.0491764545440674
2.7651567459106445,0.07242827862501144,1.3034645318984985,4,3.0561158657073975,3.0422518253326416,1.13428795337677,sub-23,20260825,ses-02,ERP,3.0650835037231445
2.762755870819092,0.07517414540052414,1.310747742652893,4,3.0885257720947266,3.0477540493011475,0.8385229706764221,sub-19,20260825,ses-03,ERP,3.0158770084381104
2.731381893157959,0.09959952533245087,1.90537428855896,4,3.0734996795654297,3.072403907775879,1.1728184223175049,sub-23,20260825,ses-02,SSVEP,3.065765142440796
2.7542965412139893,0.0794660821557045,1.2893062829971313,4,2.986933469772339,3.0134060382843018,1.1078680753707886,sub-21,20260825,ses-02,SSVEP,2.9929754734039307
2.7632689476013184,0.0786890760064125,1.973623275756836,4,3.019982099533081,3.071969509124756,1.1348594427108765,sub-23,20260825,ses-03,SSVEP,3.0781705379486084
2.7671875953674316,0.07487678527832031,0.556815505027771,4,3.0935018062591553,3.0476179122924805,0.8371150493621826,sub-19,20260825,ses-03,ERP,3.0754542350769043
2.7604434490203857,0.09033526480197906,1.4582897424697876,4,3.0516388416290283,3.0474958419799805,1.4424822330474854,sub-23,20260825,ses-03,ERP,3.0559823513031006
2.7376389503479004,0.09454169869422913,3.384718894958496,4,3.104126214981079,3.1262519359588623,1.2282309532165527,sub-23,20260825,ses-03,SSVEP,3.033144950866699
2.753385066986084,0.09133227169513702,1.3516508340835571,4,2.9909861087799072,3.0150158405303955,1.1004951000213623,sub-21,20260825,ses-02,SSVEP,3.0142223834991455
2.7498044967651367,0.08439981937408447,3.0139524936676025,4,3.1071741580963135,3.046457529067993,1.0994731187820435,sub-23,20260825,ses-04,SSVEP,3.160163164138794
2.7659006118774414,0.07132648676633835,2.195864677429199,4,3.058305025100708,3.0865988731384277,1.1499887704849243,sub-23,20260825,ses-03,SSVEP,3.091421365737915
2.768848419189453,0.07258529961109161,1.1187490224838257,4,3.04002046585083,3.05045747756958,0.901174783706665,sub-21,20260825,ses-03,SSVEP,3.0134408473968506
2.766075611114502,0.0800873413681984,0.685214102268219,4,3.038708209991455,3.052381753921509,0.9298088550567627,sub-21,20260825,ses-03,SSVEP,3.036550283432007
2.7654359340667725,0.07916338741779327,0.9505152702331543,4,3.0171523094177246,3.05260968208313,1.0366700887680054,sub-19,20260825,ses-02,ERP,3.0055651664733887
2.73604154586792,0.08617200702428818,2.500251531600952,4,3.0743472576141357,3.0798916816711426,1.179021954536438,sub-23,20260825,ses-02,SSVEP,3.1210570335388184
2.7649707794189453,0.07824735343456268,2.4991633892059326,4,3.044126033782959,3.0992746353149414,0.9603838920593262,sub-19,20260825,ses-03,SSVEP,3.103330373764038
2.7647221088409424,0.07569143176078796,0.7269724011421204,4,3.0025224685668945,3.0299594402313232,1.078536033630371,sub-21,20260825,ses-02,SSVEP,3.0064876079559326
2.7382214069366455,0.0944833979010582,6.612851619720459,4,2.967991352081299,2.9664361476898193,1.2452322244644165,sub-21,20260825,ses-04,ERP,2.988068103790283
2.7681920528411865,0.07460951805114746,2.4033706188201904,4,3.059664487838745,3.080911874771118,0.9476789832115173,sub-21,20260825,ses-04,SSVEP,3.037973403930664
2.7675442695617676,0.07440987229347229,1.2623460292816162,4,3.0348808765411377,3.048417091369629,0.9137628674507141,sub-21,20260825,ses-03,SSVEP,3.061570405960083
2.6943869590759277,0.10178105533123016,9.181711196899414,4,2.9178500175476074,2.9529190063476562,0.9282109141349792,sub-19,20260825,ses-04,SSVEP,2.962695837020874
2.741971015930176,0.08756659924983978,1.2158958911895752,4,3.0845189094543457,3.0867626667022705,1.1047333478927612,sub-23,20260825,ses-02,SSVEP,3.0829832553863525
2.7564616203308105,0.09243141114711761,1.3155871629714966,4,2.980989933013916,3.0020833015441895,1.0867446660995483,sub-21,20260825,ses-02,SSVEP,3.0069267749786377
2.7391576766967773,0.09951779991388321,3.0362002849578857,4,3.0847110748291016,3.028127431869507,1.072702169418335,sub-23,20260825,ses-04,SSVEP,3.119676351547241
2.7579922676086426,0.07894906401634216,1.5530059337615967,4,3.038707971572876,3.034233570098877,1.1800488233566284,sub-23,20260825,ses-02,ERP,3.047873020172119
2.6966052055358887,0.1647932529449463,3.2777581214904785,4,3.089380979537964,3.039280652999878,1.0761349201202393,sub-23,20260825,ses-04,SSVEP,3.0050814151763916
2.7669544219970703,0.07921742647886276,1.3501909971237183,4,3.0492236614227295,3.0601084232330322,0.9261881709098816,sub-21,20260825,ses-03,SSVEP,3.025188446044922
2.7312772274017334,0.10637801885604858,6.690426826477051,4,2.962275505065918,2.957284450531006,1.250381350517273,sub-21,20260825,ses-04,ERP,2.9778571128845215
2.7471914291381836,0.09475408494472504,3.6808416843414307,4,3.0973258018493652,3.122451066970825,1.2971140146255493,sub-23,20260825,ses-03,SSVEP,3.0914087295532227
2.767479181289673,0.07159484177827835,1.4579589366912842,4,3.0515308380126953,3.0862646102905273,0.9561528563499451,sub-21,20260825,ses-04,SSVEP,3.089097738265991
2.7663443088531494,0.07407441735267639,1.475283145904541,4,3.0549025535583496,3.073211908340454,1.3346760272979736,sub-23,20260825,ses-04,ERP,3.027493476867676
2.7500808238983154,0.08190813660621643,1.3580653667449951,4,3.0597450733184814,3.0393872261047363,1.1535354852676392,sub-23,20260825,ses-02,ERP,3.0781729221343994
2.758800506591797,0.0854351595044136,6.20017147064209,4,2.9627134799957275,2.9583961963653564,1.2366448640823364,sub-21,20260825,ses-04,ERP,2.955373525619507
2.7481541633605957,0.07753930985927582,1.5808285474777222,4,3.080094575881958,3.0789382457733154,1.173101544380188,sub-23,20260825,ses-02,SSVEP,3.0892176628112793
2.752689838409424,0.0859881266951561,2.6635146141052246,4,3.067422389984131,3.067190647125244,1.1640440225601196,sub-23,20260825,ses-03,SSVEP,3.0356738567352295
2.7529282569885254,0.10543413460254669,2.0017831325531006,4,3.037532091140747,3.1043038368225098,0.9507954716682434,sub-19,20260825,ses-03,SSVEP,3.0794625282287598
2.715799570083618,0.08386602997779846,1.7561237812042236,4,3.046992778778076,3.0578296184539795,1.3723700046539307,sub-23,20260825,ses-04,ERP,3.0302672386169434
2.7462563514709473,0.0983198955655098,7.868711471557617,4,2.977652072906494,2.9787001609802246,1.2694909572601318,sub-21,20260825,ses-04,ERP,2.974954605102539
2.7556138038635254,0.0842103362083435,3.0117990970611572,4,3.0668082237243652,3.1100313663482666,1.6363756656646729,sub-19,20260825,ses-02,SSVEP,3.0434060096740723
2.765674114227295,0.07616627216339111,1.5923374891281128,4,3.0429813861846924,3.070209264755249,0.959974467754364,sub-21,20260825,ses-04,SSVEP,3.0817184448242188
2.7400639057159424,0.08354159444570541,1.4813514947891235,4,3.0307087898254395,3.064892292022705,1.126029372215271,sub-19,20260825,ses-02,ERP,3.008225917816162
2.7131404876708984,0.11622877418994904,7.954592227935791,4,2.91519832611084,2.9012694358825684,1.3682860136032104,sub-21,20260825,ses-03,ERP,2.8839755058288574
2.765192747116089,0.0771285817027092,1.5013023614883423,4,3.0682506561279297,3.0842578411102295,1.4130804538726807,sub-23,20260825,ses-03,ERP,3.0569658279418945
2.7669878005981445,0.07534472644329071,3.931077003479004,4,3.0440104007720947,3.0706584453582764,0.956150233745575,sub-21,20260825,ses-04,SSVEP,3.132627487182617
2.662837505340576,0.09807407110929489,9.619194030761719,4,2.9017817974090576,2.92649507522583,0.9328811168670654,sub-19,20260825,ses-04,SSVEP,2.979121446609497
2.763868570327759,0.07768289744853973,12.041886329650879,4,3.054307460784912,3.078497886657715,0.9516853094100952,sub-21,20260825,ses-04,SSVEP,3.1506638526916504
2.745553970336914,0.08041103929281235,1.1970669031143188,4,3.0499308109283447,3.0439260005950928,1.1804287433624268,sub-23,20260825,ses-02,ERP,3.0595688819885254
2.7314677238464355,0.10197815299034119,9.591968536376953,4,2.9091053009033203,2.897183895111084,1.381479024887085,sub-21,20260825,ses-03,ERP,2.8421006202697754
2.7409701347351074,0.08646872639656067,1.5133808851242065,4,3.064682722091675,3.0910277366638184,0.9507193565368652,sub-19,20260825,ses-03,SSVEP,3.0968689918518066
2.7501220703125,0.07710287719964981,1.856137990951538,4,3.05108904838562,3.0737016201019287,1.1446105241775513,sub-23,20260825,ses-03,SSVEP,3.0235676765441895
2.7666311264038086,0.07802535593509674,6.711410999298096,4,3.1157326698303223,3.1250624656677246,0.8719531297683716,sub-19,20260825,ses-04,ERP,3.16477108001709
2.6947412490844727,0.1248009130358696,9.685976028442383,4,2.885617971420288,2.872978925704956,1.3761672973632812,sub-21,20260825,ses-03,ERP,2.8505256175994873
2.7389750480651855,0.08098578453063965,1.4353400468826294,4,3.0668728351593018,3.069410562515259,1.1468864679336548,sub-23,20260825,ses-02,SSVEP,3.077664613723755
2.7404232025146484,0.09126707166433334,2.377908229827881,4,3.0592784881591797,3.0710506439208984,1.1945106983184814,sub-23,20260825,ses-02,SSVEP,3.0874273777008057
2.7264022827148438,0.09672920405864716,8.660079002380371,4,2.919506549835205,2.912970781326294,1.301951289176941,sub-21,20260825,ses-03,ERP,2.882448434829712
2.768434524536133,0.07330801337957382,0.7970221638679504,4,2.952052116394043,3.0112767219543457,0.9970067739486694,sub-21,20260825,ses-02,ERP,2.94732928276062
2.7544825077056885,0.09221737086772919,2.209409475326538,4,3.059929609298706,3.067467451095581,0.9118350148200989,sub-21,20260825,ses-03,SSVEP,2.989995241165161
2.7645061016082764,0.08502330631017685,2.8075432777404785,4,3.0532021522521973,3.0588667392730713,1.5054905414581299,sub-23,20260825,ses-03,ERP,3.0512020587921143
2.7670722007751465,0.07489175349473953,1.8263548612594604,4,3.0473291873931885,3.0587313175201416,0.9117876887321472,sub-21,20260825,ses-03,SSVEP,2.9765710830688477
2.7583301067352295,0.07529165595769882,3.2317421436309814,4,3.05973744392395,3.0816752910614014,0.9513399600982666,sub-21,20260825,ses-04,SSVEP,3.1238229274749756
2.7177562713623047,0.1161089539527893,2.708702325820923,4,3.0394999980926514,3.1440536975860596,0.9634974598884583,sub-19,20260825,ses-03,SSVEP,3.07907772064209
2.7314541339874268,0.07587740570306778,1.3943617343902588,4,3.0580477714538574,3.0626349449157715,1.3761942386627197,sub-23,20260825,ses-04,ERP,3.007385730743408
2.7637104988098145,0.08305338025093079,1.1417020559310913,4,2.9421708583831787,2.9987778663635254,0.9827369451522827,sub-21,20260825,ses-02,ERP,2.96917724609375
2.7698638439178467,0.06898566335439682,0.9075099229812622,4,3.0692620277404785,3.090036392211914,1.440647840499878,sub-23,20260825,ses-03,ERP,3.0694539546966553
2.748051643371582,0.08916836977005005,1.6784963607788086,4,3.042468786239624,3.0820515155792236,0.9537278413772583,sub-19,20260825,ses-03,SSVEP,3.091521978378296
2.7481040954589844,0.0785612165927887,2.753199815750122,4,3.100116014480591,3.0266168117523193,1.0837458372116089,sub-23,20260825,ses-04,SSVEP,3.136075973510742
2.765493392944336,0.07710891962051392,2.604057788848877,4,3.0476834774017334,3.0915534496307373,0.9513248801231384,sub-19,20260825,ses-03,SSVEP,3.02533221244812
2.7499165534973145,0.08658139407634735,3.157878875732422,4,3.0498507022857666,3.076817750930786,1.6375974416732788,sub-19,20260825,ses-02,SSVEP,3.058791399002075
2.7611923217773438,0.07604631781578064,1.1960560083389282,4,3.112126111984253,3.1051557064056396,0.8525664210319519,sub-19,20260825,ses-04,ERP,3.114025115966797
2.7640380859375,0.07213179767131805,1.3222534656524658,4,3.043748617172241,3.035261392593384,1.1583163738250732,sub-23,20260825,ses-02,ERP,3.0341007709503174
2.7629475593566895,0.07446981966495514,11.59752082824707,4,3.039921283721924,3.077775239944458,0.9568852186203003,sub-21,20260825,ses-04,SSVEP,3.179060697555542
2.753692626953125,0.07644608616828918,2.686882734298706,4,3.0708842277526855,3.0763697624206543,1.2028995752334595,sub-23,20260825,ses-03,SSVEP,3.0314106941223145
2.769052743911743,0.07421410083770752,1.8044006824493408,4,3.050926685333252,3.0578055381774902,0.8981679677963257,sub-21,20260825,ses-03,SSVEP,3.004477024078369
2.728316068649292,0.09794452041387558,2.603994607925415,4,3.091693639755249,3.0980589389801025,1.1835122108459473,sub-23,20260825,ses-03,SSVEP,3.0697216987609863
2.6198155879974365,0.1162249743938446,12.48520565032959,4,2.945183515548706,2.9550442695617676,0.9246429204940796,sub-19,20260825,ses-04,SSVEP,3.005816698074341
2.763638973236084,0.07950837165117264,1.605399489402771,4,3.077622175216675,3.070309638977051,1.4123374223709106,sub-23,20260825,ses-03,ERP,3.066383123397827
2.7344207763671875,0.11823926866054535,2.8949317932128906,4,3.1014320850372314,3.0355658531188965,1.0840908288955688,sub-23,20260825,ses-04,SSVEP,3.102370262145996
2.765439987182617,0.07233449816703796,2.083723545074463,4,3.038634777069092,3.065413475036621,1.5710031986236572,sub-23,20260825,ses-03,ERP,3.0691843032836914
2.7570056915283203,0.08499639481306076,2.8131418228149414,4,3.002408504486084,3.031719446182251,1.0975120067596436,sub-21,20260825,ses-02,SSVEP,3.0277161598205566
2.750312566757202,0.08555366098880768,1.3887850046157837,4,2.9887421131134033,3.013866662979126,1.0851861238479614,sub-21,20260825,ses-02,SSVEP,3.0300214290618896
2.7176408767700195,0.10278300940990448,12.08896541595459,4,2.915947437286377,2.921001672744751,0.9287301301956177,sub-19,20260825,ses-04,SSVEP,3.042320966720581
2.7626848220825195,0.08171235769987106,0.8080325722694397,4,3.047032356262207,3.0430729389190674,0.8792810440063477,sub-19,20260825,ses-03,ERP,3.0290539264678955
2.7610321044921875,0.07842476665973663,1.9067999124526978,4,2.9827327728271484,3.007716178894043,1.1034692525863647,sub-21,20260825,ses-02,SSVEP,3.0165436267852783
2.750990867614746,0.09125325083732605,1.92666757106781,4,3.091747999191284,3.0866715908050537,1.1842182874679565,sub-23,20260825,ses-03,SSVEP,3.0857784748077393
2.7213521003723145,0.10570519417524338,8.9944486618042,4,2.905557632446289,2.9035205841064453,1.337043285369873,sub-21,20260825,ses-03,ERP,2.861159324645996
2.765934944152832,0.08022710680961609,0.9229039549827576,4,3.038114309310913,3.0500175952911377,0.9112468957901001,sub-21,20260825,ses-03,SSVEP,3.050442695617676
2.7451822757720947,0.08348386734724045,9.346986770629883,4,3.077714681625366,3.0834662914276123,1.105162262916565,sub-23,20260825,ses-02,SSVEP,3.1287479400634766
2.7648539543151855,0.07868409156799316,1.5482187271118164,4,3.0049734115600586,3.0363340377807617,1.0821815729141235,sub-21,20260825,ses-02,SSVEP,3.008765935897827
2.766091823577881,0.07837846875190735,0.9924302101135254,4,3.0425257682800293,3.0518887042999268,0.9014689326286316,sub-21,20260825,ses-03,SSVEP,3.0516421794891357
2.7680516242980957,0.0736764520406723,1.4907397031784058,4,3.0558743476867676,3.077770948410034,1.4108322858810425,sub-23,20260825,ses-03,ERP,3.061116933822632
2.7627124786376953,0.0818183571100235,1.4621858596801758,4,3.112356662750244,3.1056559085845947,0.8479637503623962,sub-19,20260825,ses-04,ERP,3.123659133911133
2.7404463291168213,0.08181395381689072,1.915946125984192,4,3.099036931991577,3.0849990844726562,1.1687434911727905,sub-23,20260825,ses-02,SSVEP,3.071518898010254
2.7596521377563477,0.07823295146226883,1.6699681282043457,4,3.032696485519409,3.062682628631592,1.3804296255111694,sub-23,20260825,ses-04,ERP,3.0699050426483154
2.768002986907959,0.07763141393661499,8.491863250732422,4,3.016993522644043,3.043966054916382,1.0825250148773193,sub-21,20260825,ses-02,SSVEP,3.1100330352783203
2.76579213142395,0.07269598543643951,0.8380477428436279,4,3.0603280067443848,3.0857458114624023,0.9446046948432922,sub-21,20260825,ses-04,SSVEP,3.0611355304718018
2.756711721420288,0.07659224420785904,1.7957403659820557,4,3.0894079208374023,3.037548065185547,1.1868293285369873,sub-23,20260825,ses-02,ERP,3.0261781215667725
2.745243787765503,0.08513369411230087,1.146321415901184,4,3.0158157348632812,3.054908275604248,1.0719634294509888,sub-19,20260825,ses-02,ERP,3.013063907623291
2.7599732875823975,0.07881086319684982,2.5937294960021973,4,3.0708858966827393,3.05989670753479,1.3707410097122192,sub-19,20260825,ses-02,SSVEP,3.0357601642608643
2.706360340118408,0.1581089049577713,2.516026735305786,4,3.115436315536499,3.0338134765625,1.0713828802108765,sub-23,20260825,ses-04,SSVEP,3.092235565185547
2.7465720176696777,0.08804282546043396,1.507155418395996,4,3.0182945728302,3.046583652496338,1.3973658084869385,sub-23,20260825,ses-04,ERP,3.0412278175354004
2.7572009563446045,0.07789146900177002,2.442843198776245,4,3.07806134223938,3.0813779830932617,1.0941959619522095,sub-23,20260825,ses-02,SSVEP,3.1136577129364014
2.7578678131103516,0.07613304257392883,1.1015552282333374,4,3.115673065185547,3.0981335639953613,0.8390060067176819,sub-19,20260825,ses-04,ERP,3.099273920059204
2.7671573162078857,0.07414830476045609,2.1552302837371826,4,2.942241907119751,2.9986894130706787,0.9961704015731812,sub-21,20260825,ses-02,ERP,2.9112393856048584
2.749875545501709,0.08741258829832077,1.1200673580169678,4,2.984351873397827,3.008976459503174,1.0595484972000122,sub-21,20260825,ses-02,SSVEP,3.003369092941284
2.765535593032837,0.0838034600019455,1.68583083152771,4,3.025362491607666,3.059936285018921,1.0305923223495483,sub-19,20260825,ses-02,ERP,3.0327308177948
2.763796806335449,0.0780840665102005,1.5650217533111572,4,3.1150097846984863,3.1161231994628906,0.8537953495979309,sub-19,20260825,ses-04,ERP,3.1039953231811523
2.6834354400634766,0.10848058015108109,11.013734817504883,4,2.9197189807891846,2.9538238048553467,0.9264175891876221,sub-19,20260825,ses-04,SSVEP,2.95127272605896
2.7680516242980957,0.07330064475536346,0.9916523694992065,4,2.9314520359039307,3.0082879066467285,0.9638890027999878,sub-21,20260825,ses-02,ERP,2.953378915786743
2.7513890266418457,0.08209708333015442,4.254549503326416,4,3.1094226837158203,3.070598602294922,1.1194413900375366,sub-23,20260825,ses-04,SSVEP,3.1709024906158447
2.769704818725586,0.06997223943471909,1.940058708190918,4,3.0201025009155273,3.0618197917938232,1.3865244388580322,sub-23,20260825,ses-04,ERP,2.987708568572998
2.765744209289551,0.07630191743373871,3.765085220336914,4,3.050037384033203,3.078994035720825,0.9520251154899597,sub-21,20260825,ses-04,SSVEP,3.0474116802215576
2.749056339263916,0.08797799050807953,10.507784843444824,4,3.1144583225250244,3.0545289516448975,1.0892654657363892,sub-23,20260825,ses-04,SSVEP,3.188645124435425
2.7651071548461914,0.07949253171682358,1.1844788789749146,4,3.0008466243743896,3.032258987426758,1.0882190465927124,sub-21,20260825,ses-02,SSVEP,3.0000712871551514
2.764000177383423,0.07353203743696213,1.1012742519378662,4,3.1059255599975586,3.1035547256469727,0.8486101627349854,sub-19,20260825,ses-04,ERP,3.0996387004852295
2.7691409587860107,0.0717102661728859,1.886123776435852,4,2.949518918991089,3.008600950241089,0.9817966818809509,sub-21,20260825,ses-02,ERP,2.9811630249023438
2.7564542293548584,0.08285701274871826,6.9882307052612305,4,2.9779815673828125,2.9816701412200928,1.258915662765503,sub-21,20260825,ses-04,ERP,2.96207332611084
2.7609243392944336,0.08047762513160706,1.6584646701812744,4,3.0503413677215576,3.0613152980804443,0.9062083959579468,sub-21,20260825,ses-03,SSVEP,3.022934675216675
2.7582149505615234,0.08918754756450653,1.7734086513519287,4,3.0417239665985107,3.077167510986328,0.9548764824867249,sub-19,20260825,ses-03,SSVEP,3.077131509780884
2.7639355659484863,0.0780399963259697,0.9187909960746765,4,3.0063066482543945,3.0441441535949707,1.039836049079895,sub-19,20260825,ses-02,ERP,3.025134563446045
2.76021671295166,0.07679121941328049,2.0186188220977783,4,3.1012513637542725,3.058539390563965,1.183945894241333,sub-23,20260825,ses-02,ERP,3.043829917907715
2.762917995452881,0.07626887410879135,1.9944666624069214,4,3.0458321571350098,3.044361114501953,1.1524097919464111,sub-23,20260825,ses-02,ERP,3.062349796295166
2.7593743801116943,0.08309919387102127,1.0868096351623535,4,3.112574338912964,3.1019208431243896,0.8423670530319214,sub-19,20260825,ses-04,ERP,3.1342806816101074
2.761324405670166,0.07302385568618774,2.1603314876556396,4,3.0683653354644775,3.035714626312256,1.2207770347595215,sub-23,20260825,ses-02,ERP,3.08978009223938
2.760706663131714,0.08073926717042923,3.2749383449554443,4,3.014930248260498,3.11133074760437,0.9636354446411133,sub-19,20260825,ses-03,SSVEP,3.106304168701172
2.7679519653320312,0.07206745445728302,9.21068286895752,4,3.0755717754364014,3.081505060195923,1.3855116367340088,sub-23,20260825,ses-03,ERP,3.0532970428466797
2.759338855743408,0.08719758689403534,1.0834041833877563,4,2.9900200366973877,3.0093982219696045,1.11124587059021,sub-21,20260825,ses-02,SSVEP,2.9997787475585938
2.760829210281372,0.07702789455652237,3.8553802967071533,4,3.0505597591400146,3.078731060028076,0.9580973982810974,sub-21,20260825,ses-04,SSVEP,3.0446908473968506
2.7678520679473877,0.07761194556951523,10.001713752746582,4,3.0495238304138184,3.0660924911499023,1.302278757095337,sub-19,20260825,ses-02,SSVEP,3.0374982357025146
2.7586121559143066,0.07970528304576874,2.5755062103271484,4,3.1147851943969727,3.047135353088379,1.0813170671463013,sub-23,20260825,ses-04,SSVEP,3.063885450363159
2.7665703296661377,0.06990359723567963,2.179495334625244,4,3.0818679332733154,3.092972993850708,1.1462857723236084,sub-23,20260825,ses-03,SSVEP,3.10695743560791
2.763160467147827,0.07520847022533417,0.924060583114624,4,2.948796272277832,2.9926817417144775,1.01842200756073,sub-21,20260825,ses-02,ERP,2.9626002311706543
2.7635583877563477,0.07329060882329941,1.550471544265747,4,3.1200735569000244,3.111349105834961,0.8481158018112183,sub-19,20260825,ses-04,ERP,3.100083589553833
2.727642059326172,0.08250076323747635,2.8357443809509277,4,3.11814022064209,3.146273612976074,1.3948214054107666,sub-23,20260826,ses-03,SSVEP,3.055083990097046
2.7623209953308105,0.07044203579425812,0.7067204117774963,4,3.0816895961761475,3.0733439922332764,1.2562400102615356,sub-19,20260826,ses-02,ERP,3.0756397247314453
2.7583675384521484,0.07140644639730453,1.2217137813568115,4,3.1202127933502197,3.130486011505127,1.3342877626419067,sub-23,20260826,ses-02,SSVEP,3.1295583248138428
2.75986385345459,0.08227436989545822,4.912287712097168,4,3.0828936100006104,3.1619508266448975,1.0641535520553589,sub-23,20260826,ses-04,SSVEP,3.0756490230560303
2.7708945274353027,0.06962677091360092,0.9123067855834961,4,2.9605753421783447,3.027797222137451,1.1285730600357056,sub-21,20260826,ses-02,ERP,2.9595513343811035
2.7318921089172363,0.0865006148815155,1.611126184463501,4,3.0909008979797363,3.09885573387146,0.9699106812477112,sub-19,20260826,ses-03,SSVEP,3.084071397781372
2.7629778385162354,0.07636465132236481,1.0647648572921753,4,3.067924737930298,3.06978178024292,1.247987151145935,sub-19,20260826,ses-02,ERP,3.0803356170654297
2.7688498497009277,0.06834696978330612,1.8611952066421509,4,3.136929988861084,3.12166428565979,1.3515219688415527,sub-21,20260826,ses-02,SSVEP,3.1263973712921143
2.7058539390563965,0.11767009645700455,8.515732765197754,4,3.095372200012207,3.0290887355804443,0.9280613660812378,sub-19,20260826,ses-04,SSVEP,3.093311071395874
2.7557640075683594,0.07540532201528549,1.5296732187271118,4,3.144089460372925,3.1302530765533447,1.355383276939392,sub-23,20260826,ses-02,SSVEP,3.1368649005889893
2.74320125579834,0.07953549176454544,1.9731426239013672,4,3.0979230403900146,3.1305277347564697,1.793049931526184,sub-23,20260826,ses-03,ERP,3.11179518699646
2.765442371368408,0.07027462869882584,6.962420463562012,4,3.1288392543792725,3.1016414165496826,1.610323429107666,sub-19,20260826,ses-02,SSVEP,3.166916847229004
2.770874500274658,0.06884393095970154,1.653661847114563,4,3.060107707977295,3.069432497024536,1.1150176525115967,sub-21,20260826,ses-03,SSVEP,3.067782402038574
2.743945360183716,0.07458381354808807,1.8785269260406494,4,3.1040127277374268,3.130035400390625,1.727331280708313,sub-23,20260826,ses-03,ERP,3.146740436553955
2.7616569995880127,0.07145197689533234,1.530409574508667,4,3.0964267253875732,3.1476781368255615,1.6882327795028687,sub-23,20260826,ses-03,ERP,3.0885775089263916
2.769561529159546,0.07162727415561676,1.9403804540634155,4,3.0870327949523926,3.0923967361450195,1.0055723190307617,sub-21,20260826,ses-04,SSVEP,3.056103229522705
2.7719004154205322,0.06688728928565979,7.434146881103516,4,3.083726644515991,3.063961982727051,1.070244312286377,sub-19,20260826,ses-03,ERP,3.146613836288452
2.770516872406006,0.06791190057992935,1.323676347732544,4,3.086994171142578,3.0840537548065186,1.0126668214797974,sub-21,20260826,ses-04,SSVEP,3.091649055480957
2.7646360397338867,0.07099362462759018,1.4673607349395752,4,3.1135737895965576,3.115417957305908,1.3844035863876343,sub-23,20260826,ses-02,ERP,3.1258227825164795
2.7678568363189697,0.07349584996700287,0.8583084344863892,4,3.1313602924346924,3.124563455581665,1.3405876159667969,sub-21,20260826,ses-02,SSVEP,3.142660617828369
2.7511298656463623,0.07532520592212677,2.058149814605713,4,3.1315035820007324,3.1255271434783936,1.3521784543991089,sub-23,20260826,ses-02,SSVEP,3.143946647644043
2.7717249393463135,0.06658070534467697,0.629249632358551,4,3.081652879714966,3.05977463722229,1.0565191507339478,sub-19,20260826,ses-03,ERP,3.078784704208374
2.739964246749878,0.07320287823677063,2.1660261154174805,4,3.1379716396331787,3.152122974395752,1.744354009628296,sub-23,20260826,ses-03,ERP,3.134617567062378
2.7644729614257812,0.07519389688968658,1.9849728345870972,4,3.1055498123168945,3.1239757537841797,1.2969696521759033,sub-23,20260826,ses-03,SSVEP,3.057704448699951
2.7598037719726562,0.07728861272335052,1.133974552154541,4,3.1076602935791016,3.121311902999878,1.3554670810699463,sub-23,20260826,ses-02,ERP,3.1094319820404053
2.75254225730896,0.07486817240715027,1.4886223077774048,4,3.1257481575012207,3.119614839553833,1.3855615854263306,sub-23,20260826,ses-02,ERP,3.101416826248169
2.7704479694366455,0.06751152873039246,1.613500714302063,4,3.133803367614746,3.123765468597412,1.338293433189392,sub-21,20260826,ses-02,SSVEP,3.1313047409057617
2.7126071453094482,0.11284773796796799,10.543871879577637,4,3.1195456981658936,3.073665142059326,0.9245381951332092,sub-19,20260826,ses-04,SSVEP,3.0573222637176514
2.709636688232422,0.10690104216337204,10.70449447631836,4,3.050428867340088,3.0248069763183594,0.9229356050491333,sub-19,20260826,ses-04,SSVEP,3.1055119037628174
2.770796060562134,0.06966537237167358,3.174393653869629,4,3.083170175552368,3.0926449298858643,0.9839503765106201,sub-21,20260826,ses-04,SSVEP,3.086641788482666
2.761983871459961,0.08012621104717255,1.0944087505340576,4,3.1068079471588135,3.0985727310180664,0.9812846779823303,sub-19,20260826,ses-04,ERP,3.104508399963379
2.769961357116699,0.07450411468744278,0.7151616811752319,4,3.0992825031280518,3.0893332958221436,0.9944603443145752,sub-19,20260826,ses-04,ERP,3.1142210960388184
2.7438361644744873,0.07170512527227402,2.1318581104278564,4,3.1559972763061523,3.159475326538086,1.5330491065979004,sub-23,20260826,ses-04,ERP,3.141357660293579
2.715715169906616,0.09935301542282104,7.597503185272217,4,3.005429983139038,3.0232932567596436,1.1898683309555054,sub-21,20260826,ses-03,ERP,2.9890189170837402
2.7716288566589355,0.06700745224952698,1.7757275104522705,4,3.0892064571380615,3.1143381595611572,1.6605664491653442,sub-23,20260826,ses-03,ERP,3.1512649059295654
2.7703380584716797,0.07202093303203583,1.0435919761657715,4,3.0904808044433594,3.089878559112549,1.0002293586730957,sub-21,20260826,ses-04,SSVEP,3.088158130645752
2.7434442043304443,0.07411744445562363,2.557710647583008,4,3.1007916927337646,3.1295361518859863,1.8200962543487549,sub-23,20260826,ses-03,ERP,3.1121861934661865
2.7696945667266846,0.06887735426425934,1.6788594722747803,4,3.0722904205322266,3.0807244777679443,1.1224603652954102,sub-21,20260826,ses-03,SSVEP,3.0649375915527344
2.703599452972412,0.1001143604516983,10.911782264709473,4,3.113185405731201,3.0653533935546875,0.927320659160614,sub-19,20260826,ses-04,SSVEP,3.1014950275421143
2.770131826400757,0.07109902799129486,1.2489042282104492,4,3.0726726055145264,3.0785484313964844,1.1173796653747559,sub-21,20260826,ses-03,SSVEP,3.077035665512085
2.71928071975708,0.0771302804350853,2.314185380935669,4,3.1199233531951904,3.0989649295806885,1.5933377742767334,sub-23,20260826,ses-04,ERP,3.125774621963501
2.7491018772125244,0.09778618067502975,1.1609474420547485,4,3.11775541305542,3.1231818199157715,1.346855640411377,sub-23,20260826,ses-02,SSVEP,3.110626220703125
2.770007610321045,0.07185730338096619,0.6376842856407166,4,2.944603204727173,3.025094985961914,1.1476924419403076,sub-21,20260826,ses-02,ERP,2.9461448192596436
2.7643821239471436,0.0690699890255928,1.1779087781906128,4,3.1089255809783936,3.1174702644348145,1.3682657480239868,sub-23,20260826,ses-02,ERP,3.103524684906006
2.679219961166382,0.12807072699069977,5.516826152801514,4,3.0745818614959717,3.045424461364746,0.9327683448791504,sub-19,20260826,ses-04,SSVEP,3.0649044513702393
2.7704999446868896,0.0699382796883583,1.0566524267196655,4,2.946143388748169,3.016761302947998,1.1403778791427612,sub-21,20260826,ses-02,ERP,2.9562506675720215
2.65946102142334,0.09918073564767838,1.9017679691314697,4,3.145840644836426,3.1075165271759033,0.9882073402404785,sub-19,20260826,ses-03,SSVEP,3.1194918155670166
2.76924729347229,0.07217022031545639,2.1022746562957764,4,3.0744941234588623,3.1173453330993652,1.3223744630813599,sub-23,20260826,ses-03,SSVEP,3.0593972206115723
2.7699191570281982,0.07232135534286499,2.836137056350708,4,3.0930848121643066,3.0889370441436768,1.011399745941162,sub-21,20260826,ses-04,SSVEP,3.0796737670898438
2.6896631717681885,0.09884143620729446,3.672755718231201,4,3.065375804901123,3.1561124324798584,1.142473578453064,sub-23,20260826,ses-04,SSVEP,3.0909616947174072
2.770577907562256,0.06915617734193802,1.1331889629364014,4,2.958416223526001,3.0421547889709473,1.1351609230041504,sub-21,20260826,ses-02,ERP,2.9423437118530273
2.732334613800049,0.08335927873849869,1.4581130743026733,4,3.109578847885132,3.077637195587158,1.668917179107666,sub-19,20260826,ses-02,SSVEP,3.141235589981079
2.768174409866333,0.06914731115102768,1.4900822639465332,4,3.124631643295288,3.083144187927246,1.5617785453796387,sub-19,20260826,ses-02,SSVEP,3.1200857162475586
2.7070717811584473,0.0942952036857605,3.4593770503997803,4,3.0613386631011963,3.1658504009246826,1.1300662755966187,sub-23,20260826,ses-04,SSVEP,3.100282907485962
2.754694938659668,0.08986078947782516,1.4584707021713257,4,3.1197428703308105,3.116440534591675,1.4093683958053589,sub-23,20260826,ses-02,SSVEP,3.123920202255249
2.7697365283966064,0.07273070514202118,2.5025887489318848,4,3.1104018688201904,3.086543321609497,1.6543028354644775,sub-19,20260826,ses-02,SSVEP,3.1192171573638916
2.76767635345459,0.07432865351438522,7.394155025482178,4,3.1344661712646484,3.1205625534057617,1.3357707262039185,sub-21,20260826,ses-02,SSVEP,3.0967893600463867
2.7585456371307373,0.07372105866670609,1.1876217126846313,4,3.130315065383911,3.121887445449829,1.3818750381469727,sub-23,20260826,ses-02,ERP,3.1277594566345215
2.7684807777404785,0.07604324072599411,1.3607637882232666,4,3.044736385345459,3.1029059886932373,0.9587838649749756,sub-19,20260826,ses-03,SSVEP,3.088817834854126
2.7626571655273438,0.07072191685438156,5.90257453918457,4,2.9301345348358154,2.943004608154297,1.2286796569824219,sub-21,20260826,ses-04,ERP,3.043168783187866
2.7654552459716797,0.07850687205791473,5.843426704406738,4,2.9408719539642334,2.95219087600708,1.2164500951766968,sub-21,20260826,ses-04,ERP,3.01084566116333
2.7625505924224854,0.07288432866334915,1.5229837894439697,4,3.1181092262268066,3.0960311889648438,1.6006536483764648,sub-19,20260826,ses-02,SSVEP,3.1082379817962646
2.734870433807373,0.10474280267953873,2.0071518421173096,4,3.1268248558044434,3.1267082691192627,1.5230356454849243,sub-23,20260826,ses-02,SSVEP,3.130023241043091
2.7551774978637695,0.070828378200531,1.9176393747329712,4,3.1051220893859863,3.1500368118286133,1.6700745820999146,sub-23,20260826,ses-03,ERP,3.092362880706787
2.7004387378692627,0.09555187821388245,2.890552043914795,4,3.0800304412841797,3.1544740200042725,1.1148351430892944,sub-23,20260826,ses-04,SSVEP,3.1251823902130127
2.7675209045410156,0.07566773891448975,1.396368145942688,4,2.947279691696167,3.0295369625091553,1.1207185983657837,sub-21,20260826,ses-02,ERP,2.968417167663574
2.7711310386657715,0.06875089555978775,0.9048575758934021,4,3.069225311279297,3.075535774230957,1.1368026733398438,sub-21,20260826,ses-03,SSVEP,3.0767550468444824
2.76894211769104,0.07025406509637833,1.3952277898788452,4,2.947915554046631,3.020833730697632,1.1415189504623413,sub-21,20260826,ses-02,ERP,2.9481961727142334
2.7372801303863525,0.0838012546300888,7.062998294830322,4,2.9799928665161133,3.004197597503662,1.16405189037323,sub-21,20260826,ses-03,ERP,3.0077407360076904
2.7359514236450195,0.11400308459997177,2.94952130317688,4,3.12752366065979,3.1200599670410156,1.481113076210022,sub-23,20260826,ses-02,SSVEP,3.1419408321380615
2.768679141998291,0.07446959614753723,6.2552618980407715,4,3.1326749324798584,3.117898941040039,1.3381152153015137,sub-21,20260826,ses-02,SSVEP,3.0960004329681396
2.7700743675231934,0.07072101533412933,1.278908610343933,4,3.1208102703094482,3.1113407611846924,1.370396614074707,sub-23,20260826,ses-02,ERP,3.098616600036621
2.7666194438934326,0.07178845256567001,1.3570122718811035,4,3.1011977195739746,3.0961875915527344,0.9873374700546265,sub-19,20260826,ses-04,ERP,3.109492540359497
2.7706799507141113,0.06803703308105469,1.9779272079467773,4,2.9528496265411377,3.028611421585083,1.1209384202957153,sub-21,20260826,ses-02,ERP,2.990041971206665
2.76987361907959,0.06983789056539536,1.2054312229156494,4,2.9542787075042725,3.0375311374664307,1.1172343492507935,sub-21,20260826,ses-02,ERP,2.9375791549682617
2.751100540161133,0.07696868479251862,5.423157691955566,4,2.946901798248291,2.9553887844085693,1.2570000886917114,sub-21,20260826,ses-04,ERP,3.0559885501861572
2.763458490371704,0.07504062354564667,2.050746202468872,4,3.1095192432403564,3.1033332347869873,0.9696891903877258,sub-19,20260826,ses-03,SSVEP,3.1033096313476562
2.76906156539917,0.07085158675909042,1.0680263042449951,4,3.0589237213134766,3.061939001083374,1.1308879852294922,sub-21,20260826,ses-03,SSVEP,3.0639004707336426
2.762704849243164,0.07208160310983658,1.6896778345108032,4,3.1451761722564697,3.1150288581848145,1.5857961177825928,sub-19,20260826,ses-02,SSVEP,3.128844738006592
2.736767292022705,0.09346127510070801,7.275378227233887,4,2.993198871612549,3.0052835941314697,1.206394910812378,sub-21,20260826,ses-03,ERP,3.05550217628479
2.7686734199523926,0.07216435670852661,1.7038695812225342,4,3.073269844055176,3.0770246982574463,1.1217209100723267,sub-21,20260826,ses-03,SSVEP,3.0833513736724854
2.771092176437378,0.06834427267313004,1.4463318586349487,4,3.101722002029419,3.095057249069214,0.9969363212585449,sub-19,20260826,ses-04,ERP,3.1142311096191406
2.7551450729370117,0.07657692581415176,2.099760055541992,4,3.1291589736938477,3.126356363296509,0.9578413963317871,sub-19,20260826,ses-03,SSVEP,3.073383092880249
2.770179271697998,0.0689726248383522,1.039794921875,4,2.947854995727539,3.023324966430664,1.1337246894836426,sub-21,20260826,ses-02,ERP,2.969858169555664
2.7183165550231934,0.09899357706308365,9.729735374450684,4,3.085658311843872,3.044847249984741,0.9257692098617554,sub-19,20260826,ses-04,SSVEP,3.063657522201538
2.741471290588379,0.0813569650053978,5.394454002380371,4,2.9558379650115967,2.9604570865631104,1.2321016788482666,sub-21,20260826,ses-04,ERP,3.036184549331665
2.7691330909729004,0.07737673819065094,1.0243281126022339,4,3.0917439460754395,3.092066764831543,1.0067942142486572,sub-21,20260826,ses-04,SSVEP,3.097567081451416
2.7407376766204834,0.07283208519220352,2.3789424896240234,4,3.1024065017700195,3.141049861907959,1.7799502611160278,sub-23,20260826,ses-03,ERP,3.0921401977539062
2.7707698345184326,0.07055152207612991,2.1891584396362305,4,3.143315315246582,3.13834547996521,1.3523073196411133,sub-21,20260826,ses-02,SSVEP,3.114518642425537
2.77140474319458,0.0681520476937294,2.4013266563415527,4,3.139841079711914,3.1310296058654785,1.3182473182678223,sub-21,20260826,ses-02,SSVEP,3.1153361797332764
2.7694268226623535,0.07138100266456604,1.981529712677002,4,3.075672149658203,3.0797533988952637,1.1300568580627441,sub-21,20260826,ses-03,SSVEP,3.08311128616333
2.771796703338623,0.0668613389134407,2.2702865600585938,4,3.0899360179901123,3.0852742195129395,1.0144590139389038,sub-21,20260826,ses-04,SSVEP,3.045555830001831
2.755012035369873,0.08770264685153961,1.9397103786468506,4,3.1239817142486572,3.12931227684021,0.9609229564666748,sub-19,20260826,ses-03,SSVEP,3.0356497764587402
2.751617431640625,0.07320041954517365,1.9229816198349,4,3.118075370788574,3.1123807430267334,1.3796277046203613,sub-23,20260826,ses-02,SSVEP,3.1419012546539307
2.769723892211914,0.06958755850791931,1.0835438966751099,4,2.9636669158935547,3.0500869750976562,1.1472477912902832,sub-21,20260826,ses-02,ERP,2.9537434577941895
2.755681276321411,0.07741127163171768,1.4639207124710083,4,3.121716022491455,3.124774694442749,1.3307316303253174,sub-23,20260826,ses-02,SSVEP,3.1357262134552
2.7644808292388916,0.07919725030660629,1.5581666231155396,4,3.0797722339630127,3.0982861518859863,0.9603113532066345,sub-19,20260826,ses-03,SSVEP,3.0513949394226074
2.7712998390197754,0.06721621751785278,1.1147277355194092,4,3.082613229751587,3.05783748626709,1.098441243171692,sub-19,20260826,ses-03,ERP,3.095381259918213
2.7543864250183105,0.09871821850538254,2.1935901641845703,4,3.1306753158569336,3.11464262008667,1.448853850364685,sub-23,20260826,ses-02,SSVEP,3.1377382278442383
2.7689566612243652,0.07660820335149765,0.9251734018325806,4,3.083477020263672,3.082355260848999,1.2536576986312866,sub-19,20260826,ses-02,ERP,3.0597972869873047
2.721151113510132,0.08015236258506775,2.545302629470825,4,3.1285641193389893,3.117499589920044,1.5810368061065674,sub-23,20260826,ses-04,ERP,3.1393892765045166
2.7699596881866455,0.07452457398176193,0.8940808176994324,4,3.127152681350708,3.1138651371002197,1.3632458448410034,sub-21,20260826,ses-02,SSVEP,3.136192560195923
2.7692761421203613,0.07003246247768402,2.0077104568481445,4,3.0840542316436768,3.1158974170684814,1.3024251461029053,sub-23,20260826,ses-03,SSVEP,3.0708131790161133
2.7466180324554443,0.07143652439117432,2.3560123443603516,4,3.1235501766204834,3.144569158554077,1.7211233377456665,sub-23,20260826,ses-03,ERP,3.1306588649749756
2.699557304382324,0.12079621106386185,9.720187187194824,4,3.0985066890716553,3.05122971534729,0.932898759841919,sub-19,20260826,ses-04,SSVEP,3.092538833618164
2.754528284072876,0.07091595977544785,1.8049167394638062,4,3.0641238689422607,3.1180191040039062,1.3262089490890503,sub-23,20260826,ses-03,SSVEP,3.0956881046295166
2.771010398864746,0.06995851546525955,0.8365151286125183,4,3.0821008682250977,3.0644278526306152,1.0466017723083496,sub-19,20260826,ses-03,ERP,3.093414068222046
2.7691969871520996,0.07035557925701141,5.738439559936523,4,3.093186855316162,3.0906012058258057,1.0050750970840454,sub-21,20260826,ses-04,SSVEP,3.0429770946502686
2.7643024921417236,0.07175207883119583,1.3560971021652222,4,3.1209723949432373,3.1007349491119385,1.6079379320144653,sub-19,20260826,ses-02,SSVEP,3.1227405071258545
2.766373872756958,0.07366423308849335,1.2415128946304321,4,3.0974738597869873,3.109107494354248,0.959250807762146,sub-19,20260826,ses-03,SSVEP,3.0954794883728027
2.721832752227783,0.10780026763677597,8.424251556396484,4,3.002182722091675,3.0099985599517822,1.2370587587356567,sub-21,20260826,ses-03,ERP,2.981954574584961
2.7436578273773193,0.08507032692432404,2.015282154083252,4,3.0797767639160156,3.116175413131714,0.9598888754844666,sub-19,20260826,ses-03,SSVEP,3.0717480182647705
2.673672914505005,0.09741977602243423,3.210801601409912,4,3.0326449871063232,3.1444075107574463,1.1366239786148071,sub-23,20260826,ses-04,SSVEP,3.0964794158935547
2.755397319793701,0.07242397218942642,2.334416389465332,4,3.099048376083374,3.114628553390503,1.3460361957550049,sub-23,20260826,ses-03,SSVEP,3.0541722774505615
2.700833320617676,0.12048304826021194,9.314497947692871,4,3.0952672958374023,3.051927328109741,0.9283190369606018,sub-19,20260826,ses-04,SSVEP,3.1038646697998047
2.75870943069458,0.07436183094978333,1.3966113328933716,4,3.146239995956421,3.1119542121887207,1.541488528251648,sub-23,20260826,ses-04,ERP,3.137714385986328
2.76094126701355,0.07343485206365585,2.594500780105591,4,3.1091959476470947,3.1432676315307617,1.3674381971359253,sub-23,20260826,ses-03,SSVEP,3.078336477279663
2.722679376602173,0.08911797404289246,3.2337448596954346,4,3.0526626110076904,3.1713030338287354,1.1192584037780762,sub-23,20260826,ses-04,SSVEP,3.0886480808258057
2.7504124641418457,0.07520484924316406,2.537656545639038,4,3.096930503845215,3.133784055709839,1.3479419946670532,sub-23,20260826,ses-03,SSVEP,3.074531316757202
2.765692949295044,0.06980003416538239,1.4607737064361572,4,3.0517921447753906,3.106358766555786,1.297043800354004,sub-23,20260826,ses-03,SSVEP,3.046858787536621
2.7707295417785645,0.07070650160312653,2.665433883666992,4,3.0867645740509033,3.0896921157836914,1.00336492061615,sub-21,20260826,ses-04,SSVEP,3.0572891235351562
2.7685508728027344,0.07609343528747559,5.536280632019043,4,3.1088366508483887,3.1015138626098633,0.9757936000823975,sub-19,20260826,ses-04,ERP,3.1295664310455322
2.7714240550994873,0.06764411926269531,1.1878845691680908,4,3.0856640338897705,3.067584991455078,1.1097490787506104,sub-19,20260826,ses-03,ERP,3.0882532596588135
2.770826816558838,0.06921373307704926,1.1192400455474854,4,3.0806803703308105,3.067842960357666,1.1052932739257812,sub-19,20260826,ses-03,ERP,3.0809855461120605
2.7501628398895264,0.07296186685562134,2.920806407928467,4,3.0946381092071533,3.1199212074279785,1.3639531135559082,sub-23,20260826,ses-03,SSVEP,3.0328004360198975
2.7673721313476562,0.07198283076286316,1.0145763158798218,4,3.1035408973693848,3.0952303409576416,0.9693308472633362,sub-19,20260826,ses-04,ERP,3.10554838180542
2.7701287269592285,0.07077708095312119,1.7312849760055542,4,3.073848009109497,3.068851947784424,1.243453025817871,sub-19,20260826,ses-02,ERP,3.103092670440674
2.7698185443878174,0.06924140453338623,1.9165899753570557,4,2.9558029174804688,3.044130563735962,1.1318039894104004,sub-21,20260826,ses-02,ERP,3.015507936477661
2.677487373352051,0.10986806452274323,7.658299446105957,4,3.113096237182617,3.0646486282348633,0.9336451292037964,sub-19,20260826,ses-04,SSVEP,3.0622172355651855
2.7577035427093506,0.07135839015245438,1.1736270189285278,4,3.084604263305664,3.0793864727020264,1.2501031160354614,sub-19,20260826,ses-02,ERP,3.0852601528167725
2.7562406063079834,0.07130280137062073,2.125014305114746,4,3.072864294052124,3.1403307914733887,1.3599309921264648,sub-23,20260826,ses-03,SSVEP,3.073563575744629
2.770031452178955,0.06984015554189682,0.9603511095046997,4,3.062786102294922,3.065317392349243,1.1194818019866943,sub-21,20260826,ses-03,SSVEP,3.0802628993988037
2.767185926437378,0.06966646015644073,1.9502129554748535,4,3.0851683616638184,3.1718690395355225,1.0790172815322876,sub-23,20260826,ses-04,SSVEP,3.0914318561553955
2.745595932006836,0.09192769974470139,5.808917045593262,4,2.947284460067749,2.9531638622283936,1.2459124326705933,sub-21,20260826,ses-04,ERP,2.9861900806427
2.7690682411193848,0.06800549477338791,2.307298183441162,4,3.094644546508789,3.0889968872070312,0.9839293956756592,sub-19,20260826,ses-04,ERP,3.131788492202759
2.7599596977233887,0.07081139832735062,0.9119097590446472,4,3.13039493560791,3.134631872177124,1.3158419132232666,sub-23,20260826,ses-02,SSVEP,3.1177263259887695
2.7301082611083984,0.0839637964963913,2.2797114849090576,4,3.112577438354492,3.1014955043792725,0.9756065011024475,sub-19,20260826,ses-03,SSVEP,3.017409324645996
2.759082794189453,0.07784126698970795,5.761082649230957,4,2.926992416381836,2.9364516735076904,1.2334985733032227,sub-21,20260826,ses-04,ERP,2.9854276180267334
2.7606420516967773,0.07092975080013275,1.6656370162963867,4,3.137369155883789,3.107009172439575,1.4900250434875488,sub-23,20260826,ses-04,ERP,3.1341464519500732
2.770578622817993,0.0702119693160057,1.2860583066940308,4,3.095785140991211,3.120866537094116,1.6360400915145874,sub-23,20260826,ses-03,ERP,3.126560926437378
2.759537696838379,0.08738978952169418,1.6171518564224243,4,3.090172529220581,3.106522560119629,0.9750268459320068,sub-19,20260826,ses-03,SSVEP,3.036194324493408
2.7500061988830566,0.07339096814393997,2.218942403793335,4,3.085681200027466,3.0794646739959717,1.2603598833084106,sub-19,20260826,ses-02,ERP,3.0824813842773438
2.7717959880828857,0.06562281399965286,5.903310298919678,4,3.0846974849700928,3.0810227394104004,1.019166111946106,sub-21,20260826,ses-04,SSVEP,3.0322089195251465
2.7706732749938965,0.0716528668999672,1.609151005744934,4,3.062162160873413,3.063992500305176,1.1147916316986084,sub-21,20260826,ses-03,SSVEP,3.058499336242676
2.7322731018066406,0.08591078221797943,2.038604497909546,4,3.1016602516174316,3.1210951805114746,0.961313784122467,sub-19,20260826,ses-03,SSVEP,3.0786685943603516
2.7691221237182617,0.07602845132350922,3.117476224899292,4,3.0862927436828613,3.091266632080078,1.0037873983383179,sub-21,20260826,ses-04,SSVEP,3.0789811611175537
2.751114845275879,0.07736549526453018,1.0637083053588867,4,3.08500075340271,3.077820301055908,1.2562323808670044,sub-19,20260826,ses-02,ERP,3.077908515930176
2.7593653202056885,0.07094725221395493,1.904848337173462,4,3.0668704509735107,3.120173454284668,1.3263663053512573,sub-23,20260826,ses-03,SSVEP,3.07694673538208
2.7607522010803223,0.0722649097442627,1.0852162837982178,4,3.1200737953186035,3.1217033863067627,1.345784306526184,sub-23,20260826,ses-02,ERP,3.1175875663757324
2.7707695960998535,0.06974377483129501,6.812473773956299,4,3.0856106281280518,3.0910372734069824,0.9981780648231506,sub-21,20260826,ses-04,SSVEP,3.0330212116241455
2.7720227241516113,0.06555624306201935,2.5308876037597656,4,3.130547046661377,3.110171318054199,1.3711847066879272,sub-21,20260826,ses-02,SSVEP,3.1128673553466797
2.7703404426574707,0.0727902352809906,1.1650869846343994,4,3.108074188232422,3.096604347229004,0.9776215553283691,sub-19,20260826,ses-04,ERP,3.1180741786956787
2.702028512954712,0.11341659724712372,9.668729782104492,4,3.0862414836883545,3.03989315032959,0.9262502789497375,sub-19,20260826,ses-04,SSVEP,3.067809820175171
2.761207103729248,0.07158516347408295,1.8945529460906982,4,3.117567300796509,3.11855149269104,1.3670063018798828,sub-23,20260826,ses-02,SSVEP,3.110417604446411
2.771726369857788,0.06932593882083893,1.8763197660446167,4,3.105405569076538,3.110909938812256,1.3660012483596802,sub-23,20260826,ses-02,ERP,3.1211841106414795
2.7444310188293457,0.08926424384117126,7.179563999176025,4,3.0028281211853027,3.021761178970337,1.2435873746871948,sub-21,20260826,ses-03,ERP,3.074718713760376
2.7475972175598145,0.08540043234825134,1.8525792360305786,4,3.1180758476257324,3.1278698444366455,1.3392770290374756,sub-23,20260826,ses-02,SSVEP,3.1326708793640137
2.766057252883911,0.07559212297201157,5.129671573638916,4,2.9429008960723877,2.95485258102417,1.2317415475845337,sub-21,20260826,ses-04,ERP,3.045123338699341
2.76997709274292,0.07063797116279602,1.4061354398727417,4,3.1077699661254883,3.097262144088745,0.9707313179969788,sub-19,20260826,ses-04,ERP,3.1275649070739746
2.767733335494995,0.0735083594918251,1.4101179838180542,4,3.0920228958129883,3.086635112762451,1.2190196514129639,sub-19,20260826,ses-02,ERP,3.118293285369873
2.748008966445923,0.07476760447025299,2.1076152324676514,4,3.0860204696655273,3.129936695098877,1.3372687101364136,sub-23,20260826,ses-03,SSVEP,3.059506416320801
2.7704758644104004,0.06919831782579422,1.2459715604782104,4,3.1382665634155273,3.131121873855591,1.3124146461486816,sub-21,20260826,ses-02,SSVEP,3.110316514968872
2.7709670066833496,0.06972695887088776,1.3055086135864258,4,3.085764169692993,3.088258981704712,1.001205563545227,sub-21,20260826,ses-04,SSVEP,3.1049232482910156
2.7706453800201416,0.0711597353219986,4.320639133453369,4,3.087740898132324,3.0878772735595703,1.008181095123291,sub-21,20260826,ses-04,SSVEP,3.078185558319092
2.7699739933013916,0.07012481242418289,1.4326205253601074,4,3.076266288757324,3.0796029567718506,1.10982346534729,sub-21,20260826,ses-03,SSVEP,3.075500726699829
2.746359348297119,0.07804014533758163,2.5668985843658447,4,3.0928142070770264,3.1185290813446045,1.3587696552276611,sub-23,20260826,ses-03,SSVEP,3.07348895072937
2.7664315700531006,0.07208605110645294,1.3516697883605957,4,3.1042654514312744,3.1023871898651123,0.9781301617622375,sub-19,20260826,ses-04,ERP,3.109586715698242
2.767855644226074,0.07102030515670776,1.7470426559448242,4,3.1409363746643066,3.1403396129608154,1.3117281198501587,sub-21,20260826,ses-02,SSVEP,3.1080942153930664
2.7247042655944824,0.07780851423740387,3.474999189376831,4,3.0532662868499756,3.156223773956299,1.1235374212265015,sub-23,20260826,ses-04,SSVEP,3.061100482940674
2.770916700363159,0.06863659620285034,1.0620158910751343,4,3.0811429023742676,3.0655529499053955,1.1052154302597046,sub-19,20260826,ses-03,ERP,3.080228805541992
2.767014980316162,0.07558014988899231,3.022939920425415,4,3.1064977645874023,3.1037611961364746,0.9912455081939697,sub-19,20260826,ses-04,ERP,2.9911627769470215
2.7698471546173096,0.06928534805774689,9.770133972167969,4,3.0889971256256104,3.0918354988098145,1.0004342794418335,sub-21,20260826,ses-04,SSVEP,3.1103973388671875
2.7617878913879395,0.06982903927564621,0.9546604156494141,4,3.0811257362365723,3.08121395111084,1.2300795316696167,sub-19,20260826,ses-02,ERP,3.090494155883789
2.7574257850646973,0.08397408574819565,1.0052731037139893,4,3.123148202896118,3.131010055541992,1.3224897384643555,sub-23,20260826,ses-02,SSVEP,3.123445510864258
2.7701542377471924,0.07179158180952072,1.7133177518844604,4,3.0684826374053955,3.0722198486328125,1.0967333316802979,sub-21,20260826,ses-03,SSVEP,3.107091188430786
2.7704219818115234,0.06869928538799286,1.8931918144226074,4,3.133622646331787,3.121943235397339,1.3388352394104004,sub-21,20260826,ses-02,SSVEP,3.1045823097229004
2.76497745513916,0.068149633705616,1.3624639511108398,4,3.0596609115600586,3.110456943511963,1.29414701461792,sub-23,20260826,ses-03,SSVEP,3.0651865005493164
2.687434673309326,0.10352032631635666,7.572973251342773,4,3.008117914199829,3.020901679992676,1.2156540155410767,sub-21,20260826,ses-03,ERP,3.000100612640381
2.752696990966797,0.07382696121931076,1.7020834684371948,4,3.160757541656494,3.162449836730957,1.5204291343688965,sub-23,20260826,ses-04,ERP,3.1485273838043213
2.733366012573242,0.09870847314596176,9.515630722045898,4,3.0459282398223877,3.0082767009735107,0.9278555512428284,sub-19,20260826,ses-04,SSVEP,3.0582923889160156
2.6945300102233887,0.10327594727277756,10.656786918640137,4,3.0860743522644043,3.0386695861816406,0.9256694316864014,sub-19,20260826,ses-04,SSVEP,3.033669948577881
2.7243845462799072,0.07808126509189606,2.343977451324463,4,3.142991304397583,3.116353750228882,1.588997721672058,sub-23,20260826,ses-04,ERP,3.1449084281921387
2.7701034545898438,0.07032667100429535,1.0595405101776123,4,3.0611214637756348,3.105177402496338,1.3171017169952393,sub-23,20260826,ses-03,SSVEP,3.0407750606536865
2.694225311279297,0.0850936621427536,2.780107259750366,4,3.11511492729187,3.1306254863739014,1.8098537921905518,sub-23,20260826,ses-03,ERP,3.084984540939331
2.7381744384765625,0.08939307183027267,2.1512858867645264,4,3.1330487728118896,3.1220030784606934,0.9665704965591431,sub-19,20260826,ses-03,SSVEP,3.1011250019073486
2.6878578662872314,0.09955829381942749,6.851025104522705,4,3.0029916763305664,3.0097875595092773,1.1879218816757202,sub-21,20260826,ses-03,ERP,3.0464675426483154
2.7499916553497314,0.08338087052106857,5.433685779571533,4,2.9463798999786377,2.9523754119873047,1.2215933799743652,sub-21,20260826,ses-04,ERP,2.995338201522827
2.769476890563965,0.06996255367994308,1.0420581102371216,4,3.103407382965088,3.096423864364624,0.9740744829177856,sub-19,20260826,ses-04,ERP,3.113048791885376
2.763864517211914,0.07370457798242569,1.7821385860443115,4,3.1045687198638916,3.116981029510498,1.3346905708312988,sub-23,20260826,ses-03,SSVEP,3.053215980529785
2.719202995300293,0.08928826451301575,6.578093528747559,4,3.0029757022857666,3.021390199661255,1.1714259386062622,sub-21,20260826,ses-03,ERP,3.0423836708068848
2.7643837928771973,0.07395902276039124,2.0432493686676025,4,3.13258695602417,3.1047475337982178,1.6331520080566406,sub-19,20260826,ses-02,SSVEP,3.1288483142852783
2.7683284282684326,0.07124263048171997,1.3725260496139526,4,3.1361441612243652,3.1324217319488525,1.30908203125,sub-21,20260826,ses-02,SSVEP,3.113036632537842
2.7348105907440186,0.10084003210067749,16.88612937927246,4,2.4388601779937744,2.4843053817749023,3.3207993507385254,sub-21,20260827,ses-04,ERP,2.5197341442108154
2.6515588760375977,0.11178610473871231,5.015682220458984,4,2.618265390396118,2.6157948970794678,0.5654325485229492,sub-21,20260827,ses-03,SSVEP,2.643190622329712
2.6586215496063232,0.11387506127357483,16.034311294555664,4,2.4144389629364014,2.5214505195617676,0.6729901432991028,sub-19,20260827,ses-04,SSVEP,2.9380531311035156
2.645418405532837,0.10374745726585388,3.297461986541748,4,2.5166404247283936,2.623029947280884,1.1210482120513916,sub-23,20260827,ses-02,ERP,2.50176739692688
2.650172710418701,0.10817266255617142,2.397808790206909,4,2.6087393760681152,2.6090316772460938,0.4627559781074524,sub-19,20260827,ses-04,ERP,2.5719051361083984
2.5797533988952637,0.11223290860652924,2.6441116333007812,4,2.5796048641204834,2.6369855403900146,1.493202567100525,sub-23,20260827,ses-03,ERP,2.5836353302001953
2.711087703704834,0.10810282826423645,1.4852006435394287,4,2.5996086597442627,2.5515389442443848,0.6610392928123474,sub-19,20260827,ses-03,ERP,2.6525800228118896
2.5514464378356934,0.13145220279693604,15.542646408081055,4,2.4187264442443848,2.509251356124878,0.6689949035644531,sub-19,20260827,ses-04,SSVEP,2.4463605880737305
2.72491455078125,0.09494169801473618,2.6426405906677246,4,2.632716417312622,2.561433792114258,0.6503291130065918,sub-19,20260827,ses-03,ERP,2.553679943084717
2.586083173751831,0.1282716542482376,15.627363204956055,4,2.4417357444763184,2.5406877994537354,0.6965299844741821,sub-19,20260827,ses-04,SSVEP,2.9216148853302
2.557154655456543,0.11858377605676651,9.174711227416992,4,2.6292450428009033,2.5405919551849365,0.681321918964386,sub-21,20260827,ses-02,SSVEP,2.51214599609375
2.6934025287628174,0.10601640492677689,2.698516368865967,4,2.605815887451172,2.5517773628234863,0.6037388443946838,sub-19,20260827,ses-03,ERP,2.6383285522460938
2.685957670211792,0.09498514980077744,8.681440353393555,4,2.5440001487731934,2.544403076171875,0.7803938984870911,sub-19,20260827,ses-02,ERP,2.5155861377716064
2.6615734100341797,0.10815972834825516,4.020823001861572,4,2.5749094486236572,2.6307413578033447,1.387619137763977,sub-23,20260827,ses-03,ERP,2.60310697555542
2.5161361694335938,0.13456644117832184,5.545938491821289,4,2.7446465492248535,2.5641846656799316,1.3387045860290527,sub-23,20260827,ses-03,SSVEP,2.789743661880493
2.525595188140869,0.12597720324993134,6.039888858795166,4,2.644695997238159,2.6021103858947754,0.9265055656433105,sub-19,20260827,ses-02,SSVEP,2.5285420417785645
2.6697652339935303,0.10529078543186188,2.2000036239624023,4,2.504089593887329,2.5121166706085205,0.7526670098304749,sub-19,20260827,ses-02,ERP,2.4845404624938965
2.6035892963409424,0.10307694226503372,2.9393398761749268,4,2.5873641967773438,2.6625664234161377,1.3753923177719116,sub-23,20260827,ses-03,ERP,2.5519964694976807
2.5681252479553223,0.15848307311534882,3.6941330432891846,4,2.5042123794555664,2.632258653640747,0.9608071446418762,sub-23,20260827,ses-02,ERP,2.572566032409668
2.566617965698242,0.1159551590681076,3.152134656906128,4,2.595038652420044,2.6635689735412598,1.4279919862747192,sub-23,20260827,ses-03,ERP,2.5918385982513428
2.7301437854766846,0.11327914893627167,17.059228897094727,4,2.4463553428649902,2.4911773204803467,3.3220672607421875,sub-21,20260827,ses-04,ERP,2.469158172607422
2.614837169647217,0.1025853231549263,3.165332078933716,4,2.5901718139648438,2.665760040283203,1.241123080253601,sub-23,20260827,ses-03,ERP,2.5929203033447266
2.7165236473083496,0.10079477727413177,2.569960594177246,4,2.601384401321411,2.5426371097564697,0.6171364188194275,sub-19,20260827,ses-03,ERP,2.655985116958618
2.5920519828796387,0.1319255828857422,15.155646324157715,4,2.4083290100097656,2.5109126567840576,0.6700571775436401,sub-19,20260827,ses-04,SSVEP,2.578624725341797
2.3271923065185547,0.13509568572044373,2.9580821990966797,4,2.6797525882720947,2.626415967941284,1.1145012378692627,sub-19,20260827,ses-02,SSVEP,2.5105769634246826
2.589911937713623,0.10537388920783997,3.2703006267547607,4,2.6250219345092773,2.542842388153076,0.7497566938400269,sub-21,20260827,ses-02,SSVEP,2.6636526584625244
2.620800495147705,0.0968031957745552,2.862717866897583,4,2.6842358112335205,2.7279961109161377,1.6163957118988037,sub-23,20260827,ses-04,ERP,2.7154414653778076
2.410342216491699,0.1480119228363037,2.6202261447906494,4,2.6368048191070557,2.5448851585388184,0.8474113941192627,sub-19,20260827,ses-02,SSVEP,2.5544540882110596
2.6132009029388428,0.10504519194364548,16.654827117919922,4,2.6751585006713867,2.7373363971710205,1.7514429092407227,sub-23,20260827,ses-04,ERP,2.706268310546875
2.660815715789795,0.13531261682510376,16.903831481933594,4,2.553487539291382,2.636791229248047,1.1455663442611694,sub-23,20260827,ses-03,ERP,2.4790356159210205
2.726170063018799,0.08800775557756424,2.7792420387268066,4,2.54890775680542,2.6229288578033447,1.1079775094985962,sub-23,20260827,ses-03,ERP,2.564256429672241
2.562832832336426,0.1630084216594696,8.551924705505371,4,2.763723373413086,2.805736541748047,0.9611636400222778,sub-21,20260827,ses-04,SSVEP,2.9354629516601562
2.740757465362549,0.09044598788022995,17.388774871826172,4,2.4525012969970703,2.496431350708008,3.331378936767578,sub-21,20260827,ses-04,ERP,2.4753944873809814
2.7110636234283447,0.0895976647734642,3.134624481201172,4,2.5798873901367188,2.6567819118499756,1.0132396221160889,sub-23,20260827,ses-03,ERP,2.5388970375061035
2.623373031616211,0.10439515113830566,2.682440757751465,4,2.550846576690674,2.5741350650787354,0.8882912397384644,sub-19,20260827,ses-03,SSVEP,2.5893921852111816
2.6578710079193115,0.11282265186309814,3.8669278621673584,4,2.6102943420410156,2.605313539505005,0.6101309657096863,sub-21,20260827,ses-03,SSVEP,2.6684343814849854
2.2677078247070312,0.16171015799045563,3.331562042236328,4,2.7104244232177734,2.654709577560425,1.0849858522415161,sub-19,20260827,ses-02,SSVEP,2.5290112495422363
2.6098527908325195,0.12810708582401276,1.782203197479248,4,2.3688595294952393,2.4457578659057617,0.8283076882362366,sub-21,20260827,ses-02,ERP,2.3846447467803955
2.6290669441223145,0.13068422675132751,3.378866672515869,4,2.624128818511963,2.625546455383301,0.5820209383964539,sub-21,20260827,ses-03,SSVEP,2.5635154247283936
2.564631938934326,0.13465715944766998,5.026963233947754,4,2.5089848041534424,2.626760244369507,1.0740684270858765,sub-23,20260827,ses-02,ERP,2.6949126720428467
2.3549299240112305,0.15630528330802917,2.706749200820923,4,2.627479314804077,2.5499730110168457,0.614107608795166,sub-21,20260827,ses-02,SSVEP,2.703526020050049
2.5795340538024902,0.11354873329401016,2.950058698654175,4,2.6522626876831055,2.5941708087921143,0.8780888915061951,sub-19,20260827,ses-02,SSVEP,2.6433515548706055
2.4261837005615234,0.12470105290412903,3.8522467613220215,4,2.634951114654541,2.549546957015991,1.0849072933197021,sub-19,20260827,ses-02,SSVEP,2.502967357635498
2.619276523590088,0.1302238404750824,3.8730623722076416,4,2.522101640701294,2.6117515563964844,1.0642286539077759,sub-23,20260827,ses-02,ERP,2.499840021133423
2.652021884918213,0.10887197405099869,8.132299423217773,4,2.9126203060150146,2.9506165981292725,1.6851341724395752,sub-23,20260827,ses-04,SSVEP,2.864591360092163
2.6834356784820557,0.09572387486696243,3.7105772495269775,4,2.6320908069610596,2.6286051273345947,0.5911697745323181,sub-21,20260827,ses-03,SSVEP,2.73052716255188
2.3058762550354004,0.1947363168001175,9.961091041564941,4,2.597263813018799,2.6245622634887695,0.9189708828926086,sub-19,20260827,ses-03,SSVEP,2.586888074874878
2.731016159057617,0.08624938875436783,1.7432799339294434,4,2.4880897998809814,2.501943826675415,0.7083531022071838,sub-19,20260827,ses-02,ERP,2.466895580291748
2.5168440341949463,0.14183224737644196,17.10707664489746,4,2.6937806606292725,2.7438910007476807,1.3909378051757812,sub-23,20260827,ses-04,ERP,2.7100391387939453
2.635028839111328,0.11784051358699799,1.6306270360946655,4,2.68759822845459,2.6247668266296387,0.6839134693145752,sub-19,20260827,ses-04,ERP,2.7187514305114746
2.417280673980713,0.11183620244264603,9.482650756835938,4,2.6219117641448975,2.5665929317474365,0.8828610777854919,sub-19,20260827,ses-02,SSVEP,2.561730146408081
2.629129409790039,0.14240701496601105,5.851970672607422,4,2.369678497314453,2.4614906311035156,0.8473621010780334,sub-21,20260827,ses-02,ERP,2.573932409286499
2.6935648918151855,0.08993576467037201,17.046857833862305,4,2.6151483058929443,2.556523561477661,0.6468707323074341,sub-19,20260827,ses-03,ERP,2.6561856269836426
2.633863687515259,0.11212064325809479,13.484439849853516,4,2.632512092590332,2.6327364444732666,0.5338221192359924,sub-19,20260827,ses-04,ERP,2.668092727661133
2.530038595199585,0.10729534924030304,3.428377866744995,4,2.516193151473999,2.5324244499206543,0.6727762222290039,sub-19,20260827,ses-02,ERP,2.4978859424591064
2.512986660003662,0.18020156025886536,7.451120853424072,4,2.7672314643859863,2.8257029056549072,0.9959375262260437,sub-21,20260827,ses-04,SSVEP,2.9337096214294434
2.492316484451294,0.17281991243362427,16.73996353149414,4,2.341559410095215,2.3515443801879883,3.8112709522247314,sub-21,20260827,ses-03,ERP,2.3355441093444824
2.4496841430664062,0.12454183399677277,1.6463884115219116,4,2.637485980987549,2.5480897426605225,0.7268662452697754,sub-21,20260827,ses-02,SSVEP,2.6113085746765137
2.6621246337890625,0.09989986568689346,1.7964377403259277,4,2.6070446968078613,2.601313829421997,0.513947069644928,sub-21,20260827,ses-03,SSVEP,2.615386962890625
2.6565160751342773,0.11152555793523788,6.095390319824219,4,2.366445541381836,2.4528820514678955,0.7939637899398804,sub-21,20260827,ses-02,ERP,2.448460817337036
2.5886664390563965,0.11031733453273773,4.181652069091797,4,2.6173863410949707,2.576054096221924,0.9048042297363281,sub-19,20260827,ses-02,ERP,2.4844236373901367
2.5943517684936523,0.11878327280282974,8.174429893493652,4,2.9271411895751953,2.951201915740967,1.6214635372161865,sub-23,20260827,ses-04,SSVEP,2.876540422439575
2.750242233276367,0.09501913189888,14.506744384765625,4,2.7062435150146484,2.735063314437866,1.540253758430481,sub-23,20260827,ses-04,ERP,2.756739377975464
2.558302164077759,0.22862567007541656,16.85538101196289,4,2.3262789249420166,2.3497633934020996,3.8257553577423096,sub-21,20260827,ses-03,ERP,2.3061697483062744
2.460644006729126,0.13049328327178955,4.3917317390441895,4,2.706836223602295,2.7171449661254883,0.9108733534812927,sub-23,20260827,ses-02,SSVEP,2.664710521697998
2.6086132526397705,0.10186371207237244,9.357397079467773,4,2.581807851791382,2.5701687335968018,0.7130173444747925,sub-19,20260827,ses-02,ERP,2.503307342529297
2.575491428375244,0.11786612868309021,16.751239776611328,4,2.6751060485839844,2.7133448123931885,0.8958263993263245,sub-23,20260827,ses-02,SSVEP,2.5779824256896973
2.471254825592041,0.1254502683877945,3.264054298400879,4,2.631117343902588,2.5598361492156982,0.6588887572288513,sub-21,20260827,ses-02,SSVEP,2.70306658744812
2.6226277351379395,0.12207803875207901,3.8831844329833984,4,2.5105040073394775,2.625178098678589,1.1589964628219604,sub-23,20260827,ses-02,ERP,2.5586001873016357
2.7223801612854004,0.09016082435846329,2.956453561782837,4,2.5630359649658203,2.627314805984497,1.4181146621704102,sub-23,20260827,ses-03,ERP,2.5492162704467773
2.688931465148926,0.088368721306324,3.229854106903076,4,2.5837807655334473,2.6474010944366455,1.26025390625,sub-23,20260827,ses-03,ERP,2.5516951084136963
2.6775472164154053,0.10169500857591629,2.8171002864837646,4,2.593376874923706,2.6304359436035156,1.512189269065857,sub-23,20260827,ses-03,ERP,2.61092209815979
2.6868276596069336,0.11351221054792404,2.8818540573120117,4,2.569391965866089,2.655872106552124,1.1100363731384277,sub-23,20260827,ses-03,ERP,2.596853733062744
2.311631202697754,0.15487049520015717,6.887063980102539,4,2.6765828132629395,2.574305772781372,1.114241600036621,sub-19,20260827,ses-02,SSVEP,2.669975519180298
2.4524712562561035,0.1421126127243042,3.9123852252960205,4,2.8690783977508545,2.7133302688598633,1.4033724069595337,sub-23,20260827,ses-03,SSVEP,2.7437849044799805
2.694481372833252,0.08567829430103302,1.5857442617416382,4,2.5038552284240723,2.5222067832946777,0.6758028268814087,sub-19,20260827,ses-02,ERP,2.4864542484283447
2.638385057449341,0.1078607439994812,1.844748616218567,4,2.601478099822998,2.6015191078186035,0.496011346578598,sub-19,20260827,ses-04,ERP,2.5873849391937256
2.5509884357452393,0.12350757420063019,3.813328266143799,4,2.7159690856933594,2.7247884273529053,0.8143279552459717,sub-23,20260827,ses-02,SSVEP,2.69490647315979
2.7005691528320312,0.09882411360740662,2.4475154876708984,4,2.3662989139556885,2.450214147567749,0.788036048412323,sub-21,20260827,ses-02,ERP,2.3895442485809326
2.4843387603759766,0.13000375032424927,2.5037384033203125,4,2.522178888320923,2.6384494304656982,1.0219634771347046,sub-23,20260827,ses-02,ERP,2.521329402923584
2.659397840499878,0.10531697422266006,9.251606941223145,4,2.9116597175598145,2.933011531829834,1.7579121589660645,sub-23,20260827,ses-04,SSVEP,2.839787721633911
2.7401280403137207,0.087831512093544,2.7643189430236816,4,2.5886528491973877,2.5347728729248047,0.5567105412483215,sub-19,20260827,ses-03,ERP,2.677244186401367
2.5985403060913086,0.13321103155612946,4.902960300445557,4,2.696164131164551,2.730087995529175,1.4665875434875488,sub-23,20260827,ses-04,ERP,2.7098374366760254
2.64699387550354,0.11678348481655121,2.1292312145233154,4,2.5075230598449707,2.6068429946899414,1.0498524904251099,sub-23,20260827,ses-02,ERP,2.531864881515503
2.478137969970703,0.11585871130228043,3.8744871616363525,4,2.6322708129882812,2.5480263233184814,0.6123719215393066,sub-21,20260827,ses-02,SSVEP,2.642228603363037
2.6307225227355957,0.10567110776901245,3.261366367340088,4,2.5725135803222656,2.5597918033599854,0.756201446056366,sub-19,20260827,ses-02,ERP,2.487168788909912
2.759549617767334,0.07712913304567337,11.14578628540039,4,2.4493331909179688,2.4930784702301025,3.3234755992889404,sub-21,20260827,ses-04,ERP,2.5211691856384277
2.624678134918213,0.14688757061958313,2.0004162788391113,4,2.772784948348999,2.8063414096832275,0.8014004230499268,sub-21,20260827,ses-04,SSVEP,2.746199607849121
2.6855406761169434,0.12038743495941162,12.909598350524902,4,2.602343797683716,2.6004209518432617,0.536037266254425,sub-19,20260827,ses-04,ERP,2.6152150630950928
2.7011055946350098,0.08999451249837875,1.435797095298767,4,2.4980387687683105,2.508237600326538,0.753113865852356,sub-19,20260827,ses-02,ERP,2.497075319290161
2.6129157543182373,0.10543975234031677,1.9388086795806885,4,2.6209352016448975,2.571767568588257,0.8529160022735596,sub-19,20260827,ses-02,SSVEP,2.5858073234558105
2.469841241836548,0.15698836743831635,2.3834002017974854,4,2.5341145992279053,2.5650622844696045,0.9112838506698608,sub-19,20260827,ses-03,SSVEP,2.545536518096924
2.641268730163574,0.10421732068061829,2.8266513347625732,4,2.5973899364471436,2.5946712493896484,0.487929105758667,sub-21,20260827,ses-03,SSVEP,2.5599329471588135
2.6606557369232178,0.10525457561016083,11.065470695495605,4,2.5758233070373535,2.5622823238372803,0.8525629043579102,sub-19,20260827,ses-02,ERP,2.53020977973938
2.7068145275115967,0.1006295457482338,3.03719162940979,4,2.588864803314209,2.5473690032958984,0.5949681401252747,sub-19,20260827,ses-03,ERP,2.643602132797241
2.481721878051758,0.10997172445058823,17.006507873535156,4,2.6348843574523926,2.5475974082946777,0.6988106966018677,sub-21,20260827,ses-02,SSVEP,2.569141387939453
2.5232949256896973,0.1299712210893631,10.23224925994873,4,2.822265386581421,2.6817612648010254,1.7592811584472656,sub-23,20260827,ses-03,SSVEP,2.7247700691223145
2.623457670211792,0.12387554347515106,10.995579719543457,4,2.5778677463531494,2.6369781494140625,1.5833793878555298,sub-23,20260827,ses-03,ERP,2.6419084072113037
2.673631191253662,0.14401979744434357,17.53307342529297,4,2.334973096847534,2.3539586067199707,3.8088338375091553,sub-21,20260827,ses-03,ERP,2.4052727222442627
2.5857062339782715,0.1365567445755005,5.4128642082214355,4,2.5654830932617188,2.608283758163452,0.8941987156867981,sub-19,20260827,ses-03,SSVEP,2.5620527267456055
2.7400612831115723,0.09399163722991943,0.7485003471374512,4,2.323106050491333,2.345735788345337,3.7693419456481934,sub-21,20260827,ses-03,ERP,2.3429672718048096
2.5945584774017334,0.11924576759338379,5.652947425842285,4,2.606685161590576,2.6302952766418457,0.8924217820167542,sub-19,20260827,ses-03,SSVEP,2.6424763202667236
2.684626579284668,0.10942608118057251,2.9689993858337402,4,2.382222890853882,2.460907459259033,0.8403069376945496,sub-21,20260827,ses-02,ERP,2.3764662742614746
2.7571239471435547,0.09562449157238007,17.126811981201172,4,2.4362244606018066,2.4818968772888184,3.320948600769043,sub-21,20260827,ses-04,ERP,2.431492805480957
2.5839250087738037,0.15278814733028412,16.874582290649414,4,2.433661460876465,2.5494937896728516,0.6531485319137573,sub-19,20260827,ses-04,SSVEP,2.743715286254883
2.6437082290649414,0.09821121394634247,2.0763235092163086,4,2.368413209915161,2.4531943798065186,0.8288842439651489,sub-21,20260827,ses-02,ERP,2.37365984916687
2.575342893600464,0.14042514562606812,8.1954927444458,4,2.771010398864746,2.809265613555908,0.8214787244796753,sub-21,20260827,ses-04,SSVEP,2.9094812870025635
2.509230613708496,0.10578937083482742,16.837148666381836,4,2.637007474899292,2.5497491359710693,0.8277791738510132,sub-21,20260827,ses-02,SSVEP,2.588719367980957
2.510704517364502,0.28815409541130066,16.586402893066406,4,2.449582576751709,2.494842290878296,3.203359842300415,sub-21,20260827,ses-04,ERP,2.4502646923065186
2.5513267517089844,0.11339662969112396,4.120759010314941,4,2.6422152519226074,2.585150718688965,0.9358169436454773,sub-19,20260827,ses-02,SSVEP,2.515270471572876
2.6899685859680176,0.11652298271656036,2.423431396484375,4,2.7076194286346436,2.7537808418273926,1.551479458808899,sub-23,20260827,ses-04,ERP,2.6896414756774902
2.6782262325286865,0.12486597150564194,2.391901731491089,4,2.3650927543640137,2.452971935272217,0.8396755456924438,sub-21,20260827,ses-02,ERP,2.368659019470215
2.5845115184783936,0.13475582003593445,2.6266021728515625,4,2.521970272064209,2.6337549686431885,1.1643540859222412,sub-23,20260827,ses-02,ERP,2.4857749938964844
2.6530933380126953,0.1077926978468895,3.0004944801330566,4,2.606391429901123,2.608508586883545,0.4914097487926483,sub-19,20260827,ses-04,ERP,2.59513783454895
2.5530595779418945,0.13687117397785187,6.641261100769043,4,2.800662040710449,2.6633408069610596,1.8487762212753296,sub-23,20260827,ses-03,SSVEP,2.71895432472229
2.5396668910980225,0.12670333683490753,15.84189510345459,4,2.4341211318969727,2.521327495574951,0.6734509468078613,sub-19,20260827,ses-04,SSVEP,2.9249441623687744
2.5709476470947266,0.10584047436714172,3.0376346111297607,4,2.6900150775909424,2.7214553356170654,0.7541406750679016,sub-23,20260827,ses-02,SSVEP,2.6527984142303467
2.589071035385132,0.09873759001493454,16.038877487182617,4,2.6145904064178467,2.536548137664795,0.6859244704246521,sub-21,20260827,ses-02,SSVEP,2.7706551551818848
2.716386318206787,0.09232127666473389,12.574291229248047,4,2.9350602626800537,2.9509851932525635,1.623340129852295,sub-23,20260827,ses-04,SSVEP,3.030749559402466
2.6422667503356934,0.12337808310985565,10.193100929260254,4,2.3704943656921387,2.462139129638672,0.88563472032547,sub-21,20260827,ses-02,ERP,2.4144606590270996
2.7185471057891846,0.09553703665733337,1.6999562978744507,4,2.366590738296509,2.450030565261841,0.779076337814331,sub-21,20260827,ses-02,ERP,2.3871943950653076
2.708395004272461,0.10346321761608124,17.187524795532227,4,2.451673984527588,2.495086908340454,3.3272171020507812,sub-21,20260827,ses-04,ERP,2.478281259536743
2.5846357345581055,0.118598572909832,2.2657296657562256,4,2.6037964820861816,2.657235622406006,1.4802305698394775,sub-23,20260827,ses-03,ERP,2.63163423538208
2.678457260131836,0.1059577614068985,2.677363395690918,4,2.5001041889190674,2.6050007343292236,1.0550525188446045,sub-23,20260827,ses-02,ERP,2.4757509231567383
2.620692253112793,0.11737272143363953,8.177139282226562,4,2.914062738418579,2.958336591720581,1.7705230712890625,sub-23,20260827,ses-04,SSVEP,2.8568875789642334
2.6640729904174805,0.11642418056726456,2.1959481239318848,4,2.4928343296051025,2.625988006591797,0.9198481440544128,sub-23,20260827,ses-02,ERP,2.483384132385254
2.66279935836792,0.12156093865633011,16.581588745117188,4,2.396028757095337,2.5100040435791016,0.6664523482322693,sub-19,20260827,ses-04,SSVEP,2.4561898708343506
2.3866915702819824,0.12162967771291733,3.478954315185547,4,2.637132406234741,2.5842511653900146,0.9909077286720276,sub-19,20260827,ses-02,SSVEP,2.5106201171875
2.698179244995117,0.12500782310962677,7.248659133911133,4,2.5033626556396484,2.6045446395874023,1.0260179042816162,sub-23,20260827,ses-02,ERP,2.4289774894714355
2.4095616340637207,0.2509653866291046,15.138723373413086,4,2.418081045150757,2.525480031967163,0.6803163886070251,sub-19,20260827,ses-04,SSVEP,2.4762864112854004
2.7428555488586426,0.10077521950006485,17.003173828125,4,2.4405951499938965,2.485837459564209,3.323720932006836,sub-21,20260827,ses-04,ERP,2.461472988128662
2.5586514472961426,0.11938311159610748,16.662107467651367,4,2.6026604175567627,2.6745123863220215,1.6326251029968262,sub-23,20260827,ses-03,ERP,2.4709129333496094
2.718738079071045,0.13273876905441284,16.888673782348633,4,2.442814350128174,2.486980676651001,3.309175491333008,sub-21,20260827,ses-04,ERP,2.4593770503997803
2.746490955352783,0.08773167431354523,2.916137218475342,4,2.561124324798584,2.628131628036499,1.141398310661316,sub-23,20260827,ses-03,ERP,2.567495346069336
2.6682024002075195,0.09026084840297699,4.958573341369629,4,2.701244592666626,2.7595620155334473,1.666382074356079,sub-23,20260827,ses-04,ERP,2.7388765811920166
2.691951274871826,0.09439735114574432,9.149134635925293,4,2.595771074295044,2.6508336067199707,1.2708022594451904,sub-23,20260827,ses-03,ERP,2.6219325065612793
2.6199445724487305,0.12334804981946945,3.2575278282165527,4,2.4961998462677,2.5863919258117676,0.9892210364341736,sub-23,20260827,ses-02,ERP,2.599776268005371
2.713474750518799,0.1019560694694519,3.638775110244751,4,2.4912173748016357,2.6145741939544678,0.9457697868347168,sub-23,20260827,ses-02,ERP,2.4584875106811523
2.6112282276153564,0.10076849162578583,2.9241020679473877,4,2.5045430660247803,2.600287437438965,0.956839919090271,sub-23,20260827,ses-02,ERP,2.474796772003174
2.714542865753174,0.09882500767707825,4.272663116455078,4,2.364454984664917,2.443352460861206,0.8122869729995728,sub-21,20260827,ses-02,ERP,2.4070844650268555
2.4700498580932617,0.18286816775798798,4.1732378005981445,4,2.661032199859619,2.6530258655548096,0.8792920708656311,sub-19,20260827,ses-03,SSVEP,2.5344369411468506
2.5677614212036133,0.1223696917295456,2.2206082344055176,4,2.515035629272461,2.6328351497650146,1.0424704551696777,sub-23,20260827,ses-02,ERP,2.5178940296173096
2.6236019134521484,0.10144136101007462,9.14635944366455,4,2.6123158931732178,2.5352840423583984,0.6096606850624084,sub-21,20260827,ses-02,SSVEP,2.5525577068328857
2.68552303314209,0.09639692306518555,2.641876220703125,4,2.4974963665008545,2.5053021907806396,0.7391517758369446,sub-19,20260827,ses-02,ERP,2.47121000289917
2.447460174560547,0.148622527718544,3.7110519409179688,4,2.5987746715545654,2.602409601211548,0.9153648018836975,sub-19,20260827,ses-03,SSVEP,2.5856101512908936
2.599372386932373,0.12240307778120041,2.83229660987854,4,2.644277334213257,2.6452889442443848,0.6182436943054199,sub-21,20260827,ses-03,SSVEP,2.588094472885132
2.6916983127593994,0.09839913249015808,5.003874778747559,4,2.694535970687866,2.7514407634735107,1.625007152557373,sub-23,20260827,ses-04,ERP,2.732422113418579
2.550771951675415,0.1471242755651474,17.617170333862305,4,2.3161568641662598,2.343172550201416,3.8299763202667236,sub-21,20260827,ses-03,ERP,2.3352622985839844
2.6665425300598145,0.10288364440202713,11.480130195617676,4,2.5083024501800537,2.6068387031555176,0.9619511365890503,sub-23,20260827,ses-02,ERP,2.5362582206726074
2.656651020050049,0.11583258956670761,1.2258580923080444,4,2.3689651489257812,2.4534316062927246,0.8281950950622559,sub-21,20260827,ses-02,ERP,2.380496025085449
2.5290515422821045,0.11491283029317856,3.954270362854004,4,2.5171115398406982,2.6361682415008545,1.216545820236206,sub-23,20260827,ses-02,ERP,2.544626235961914
2.7240068912506104,0.10355152189731598,10.517284393310547,4,2.624603033065796,2.551344394683838,0.6336284279823303,sub-19,20260827,ses-03,ERP,2.605893850326538
2.6886649131774902,0.09994971007108688,8.028316497802734,4,2.9462709426879883,2.948328733444214,1.7040661573410034,sub-23,20260827,ses-04,SSVEP,2.8283748626708984
2.661245584487915,0.09809547662734985,16.602258682250977,4,2.5465176105499268,2.5081491470336914,0.8119980692863464,sub-19,20260827,ses-02,SSVEP,2.555999279022217
2.606349468231201,0.13397254049777985,2.2303335666656494,4,2.500556230545044,2.610718011856079,0.9089285135269165,sub-23,20260827,ses-02,ERP,2.496549606323242
2.7108054161071777,0.12598617374897003,16.845035552978516,4,2.3313028812408447,2.349813938140869,3.80350661277771,sub-21,20260827,ses-03,ERP,2.3302340507507324
2.544419288635254,0.11578428745269775,2.871819496154785,4,2.6327574253082275,2.558849573135376,1.1106141805648804,sub-19,20260827,ses-02,SSVEP,2.6286237239837646
2.6889452934265137,0.12955239415168762,1.1595429182052612,4,2.5054783821105957,2.6213972568511963,0.9611339569091797,sub-23,20260827,ses-02,ERP,2.4910778999328613
2.6648287773132324,0.15141867101192474,0.8734799027442932,4,2.336357593536377,2.342811346054077,3.7680537700653076,sub-21,20260827,ses-03,ERP,2.344403028488159
2.6416780948638916,0.11353065818548203,17.027002334594727,4,2.60538649559021,2.6045994758605957,0.4959333539009094,sub-19,20260827,ses-04,ERP,2.6086928844451904
2.5304036140441895,0.13609735667705536,3.0397133827209473,4,2.5585360527038574,2.593782901763916,0.9191961884498596,sub-19,20260827,ses-03,SSVEP,2.5838451385498047
2.61515212059021,0.1013617217540741,7.67949914932251,4,2.5802574157714844,2.5652058124542236,0.8053381443023682,sub-19,20260827,ses-02,ERP,2.4979183673858643
2.575061321258545,0.1118764579296112,1.5195012092590332,4,2.5077881813049316,2.6433558464050293,0.8196693658828735,sub-23,20260827,ses-02,ERP,2.5035018920898438
2.689422130584717,0.1046283170580864,16.919435501098633,4,2.582988739013672,2.6385059356689453,1.2904473543167114,sub-23,20260827,ses-03,ERP,2.4593825340270996
2.649672269821167,0.1045575812458992,2.1435282230377197,4,2.4985787868499756,2.6037116050720215,0.9515596032142639,sub-23,20260827,ses-02,ERP,2.552778959274292
2.4841911792755127,0.1662122905254364,2.654756546020508,4,2.5747578144073486,2.5981736183166504,0.896142840385437,sub-19,20260827,ses-03,SSVEP,2.5387778282165527
2.7256581783294678,0.08707958459854126,17.062992095947266,4,2.605301856994629,2.541534662246704,0.5623054504394531,sub-19,20260827,ses-03,ERP,2.6962249279022217
2.2708640098571777,0.20333129167556763,4.848598957061768,4,2.6523919105529785,2.619744062423706,0.9509443044662476,sub-19,20260827,ses-03,SSVEP,2.632255792617798
2.666158676147461,0.11864084005355835,19.154741287231445,4,2.9138941764831543,2.9532182216644287,1.6179603338241577,sub-23,20260827,ses-04,SSVEP,2.9459388256073
2.4304208755493164,0.1145334541797638,2.9646403789520264,4,2.669147253036499,2.701918363571167,0.9141234755516052,sub-23,20260827,ses-02,SSVEP,2.6599855422973633
2.532254695892334,0.1678786426782608,4.090286731719971,4,2.773087739944458,2.8122355937957764,0.9082196354866028,sub-21,20260827,ses-04,SSVEP,2.7462244033813477
2.6348917484283447,0.14319132268428802,3.2408413887023926,4,2.3766608238220215,2.4669389724731445,0.8499981164932251,sub-21,20260827,ses-02,ERP,2.4533894062042236
2.524448871612549,0.1260031908750534,1.8417562246322632,4,2.618642807006836,2.5434165000915527,0.740825355052948,sub-21,20260827,ses-02,SSVEP,2.6465067863464355
2.655996799468994,0.11796409636735916,2.9700489044189453,4,2.693035840988159,2.738656759262085,1.6736823320388794,sub-23,20260827,ses-04,ERP,2.713557004928589
2.615464210510254,0.13267000019550323,16.596263885498047,4,2.573312520980835,2.6627795696258545,1.1613866090774536,sub-23,20260827,ses-03,ERP,2.4849939346313477
2.751589059829712,0.09353192895650864,17.006412506103516,4,2.437455415725708,2.4833362102508545,3.323655366897583,sub-21,20260827,ses-04,ERP,2.450035333633423
2.675664186477661,0.10476111620664597,16.919469833374023,4,2.5962307453155518,2.6013588905334473,0.5081790685653687,sub-19,20260827,ses-04,ERP,2.602346181869507
2.561523914337158,0.1307690143585205,16.878156661987305,4,2.418605327606201,2.527750015258789,0.666370689868927,sub-19,20260827,ses-04,SSVEP,2.682953119277954
2.7053892612457275,0.09504134953022003,9.249212265014648,4,2.7170324325561523,2.6594185829162598,0.7329462170600891,sub-19,20260827,ses-04,ERP,2.594564914703369
2.621677875518799,0.10573892295360565,2.3400323390960693,4,2.515763998031616,2.5295004844665527,0.6794920563697815,sub-19,20260827,ses-02,ERP,2.4798223972320557
2.71868896484375,0.09659942984580994,3.125540018081665,4,2.620375394821167,2.5505659580230713,0.6174706816673279,sub-19,20260827,ses-03,ERP,2.6424734592437744
2.427239418029785,0.18006744980812073,3.2270188331604004,4,2.5586037635803223,2.585789442062378,0.9268392324447632,sub-19,20260827,ses-03,SSVEP,2.5361998081207275
2.6608595848083496,0.1098332405090332,3.095876693725586,4,2.5990049839019775,2.595592737197876,0.5442403554916382,sub-21,20260827,ses-03,SSVEP,2.62911057472229
2.5666441917419434,0.16135528683662415,17.296035766601562,4,2.430666923522949,2.5349903106689453,0.669822633266449,sub-19,20260827,ses-04,SSVEP,2.4499456882476807
2.6526718139648438,0.14743265509605408,13.475892066955566,4,2.9378507137298584,2.9465887546539307,1.8509905338287354,sub-23,20260827,ses-04,SSVEP,3.029025077819824
2.575826644897461,0.10190659761428833,17.115406036376953,4,2.640509843826294,2.6005818843841553,0.913901150226593,sub-19,20260827,ses-02,SSVEP,2.5747830867767334
2.655980110168457,0.12386901676654816,2.9316837787628174,4,2.6038966178894043,2.6430306434631348,1.5504525899887085,sub-23,20260827,ses-03,ERP,2.607635021209717
2.5111680030822754,0.17560012638568878,3.8359851837158203,4,2.775033712387085,2.81303334236145,0.8907579779624939,sub-21,20260827,ses-04,SSVEP,2.785259962081909
2.6712400913238525,0.10142049193382263,7.057367324829102,4,2.562908887863159,2.5549535751342773,0.8155182600021362,sub-19,20260827,ses-02,ERP,2.5237698554992676
2.3312439918518066,0.27514442801475525,6.482542991638184,4,2.569758653640747,2.5947213172912598,0.9063315391540527,sub-19,20260827,ses-03,SSVEP,2.5676512718200684
2.5533535480499268,0.1136816218495369,4.397197246551514,4,2.652062177658081,2.710247278213501,0.9224532842636108,sub-23,20260827,ses-02,SSVEP,2.6668598651885986
2.51458477973938,0.10893040150403976,9.936973571777344,4,2.6096010208129883,2.5586018562316895,0.828777551651001,sub-19,20260827,ses-02,SSVEP,2.557788133621216
